0,1,2,3,4,5,6,7,8,9,10,11,12,13,14,15,16,17,18,19,20,21,22,23,24,25,26,27,28,29,30,31,32,33,34,35,36,37,38,39,40,41,42,43,44,45,46,47,48,49,50,51,52,53,54,55,56,57,58,59,60,61,62,63,64,65,66,67,68,69,70,71,72,73,74,75,76,77,78,79,80,81,82,83,84,85,86,87,88,89,90,91,92,93,94,95,96,97,98,99,100,101,102,103,104,105,106,107,108,109,110,111,112,113,114,115,116,117,118,119,120,121,122,123,124,125,126,127,128,129,130,131,132,133,134,135,136,137,138,139,140,141,142,143,144,145,146,147,148,149,150,151,152,153,154,155,156,157,158,159,160,161,162,163,164,165,166,167,168,169,170,171,172,173,174,175,176,177,178,179,180,181,182,183
0.0150774,0.0173208,0.0183533,0.0123458,0.0119388,0.015704,0.0154032,0.0185014,0.0168362,0.0134128,0.0139742,0.0199198,0.0154574,0.0157372,0.0160606,0.0149798,0.0150872,0.0180432,0.0155904,0.0165812,0.0114024,0.0125878,0.0148232,0.0189176,0.014367,0.0175216,0.014169,0.0124476,0.0108023,0.014353,0.0172132,0.0143966,0.0160734,0.0152106,0.0130996,0.0120838,0.0173488,0.0139124,0.0162962,0.0144206,0.0125274,0.0153598,0.0185318,0.0157798,0.01422,0.0139159,0.015037,0.01146,0.0158561,0.0154028,0.0163475,0.0124892,0.0144338,0.0139222,0.0172182,0.0156572,0.0176961,0.0160582,0.0137014,0.0140246,0.0198624,0.0150996,0.0185514,0.0185456,0.014051,0.0149536,0.0173408,0.0161293,0.0189428,0.0121286,0.012782,0.0140358,0.0181182,0.0142796,0.0171604,0.0166382,0.0136912,0.017663,0.0219842,0.0143032,0.0148028,0.0131702,0.0129318,0.012176,0.0189407,0.0154308,0.0152798,0.0167798,0.0137774,0.0131766,0.0211166,0.0151886,0.0178412,0.0109605,0.014197,0.0134554,0.0204146,0.0139256,0.0154562,0.0127958,0.0155598,0.0141675,0.015624,0.0167684,0.015051,0.0179642,0.0117442,0.0132312,0.0134512,0.0184452,0.0161162,0.0158178,0.0140872,0.0126318,0.0148932,0.0194726,0.0203968,0.0155726,0.0146578,0.01213,0.0137618,0.0142146,0.0189418,0.016014,0.0153286,0.0144504,0.0132102,0.0144402,0.0178092,0.0145668,0.0169378,0.0183004,0.0136698,0.0134372,0.0190366,0.0131144,0.0170514,0.0148568,0.012785,0.0117698,0.0225596,0.0147935,0.016448,0.0167568,0.0117932,0.0149378,0.0191384,0.01588,0.0170193,0.0131872,0.0108034,0.012839,0.0099678,0.0182648,0.0165982,0.0186502,0.0147286,0.0124269,0.0120789,0.0180532,0.0156716,0.0164456,0.0126884,0.0127592,0.0121332,0.0200334,0.0149021,0.015396,0.0105282,0.0156662,0.0149316,0.0203972,0.0158706,0.0151344,0.0152064,0.0152016,0.01629,0.0186188,0.016196,0.0163356,0.0136574,0.0127742,0.0119938,0.018303
0.0152762,0.018281,0.0191123,0.0128866,0.0123316,0.0188576,0.0152476,0.0192618,0.0188576,0.0133622,0.0158318,0.0224168,0.0159848,0.015703,0.0175891,0.0143004,0.016421,0.0213652,0.0155428,0.0184568,0.0131648,0.0120897,0.015723,0.0224414,0.016405,0.0178528,0.0159816,0.0135816,0.0109205,0.0153018,0.0215882,0.0141366,0.0174768,0.0193638,0.012675,0.0145834,0.0180968,0.0142154,0.0176458,0.0171014,0.0133642,0.0162649,0.0214724,0.015752,0.0156494,0.0148986,0.0158666,0.0132362,0.0182125,0.0152292,0.0170182,0.014394,0.0141432,0.0146774,0.020397,0.0148292,0.0179569,0.016941,0.0133138,0.015022,0.0205732,0.0152499,0.0196618,0.0195054,0.0141178,0.0168352,0.019888,0.0156155,0.019846,0.015196,0.0139942,0.0138552,0.0217912,0.0143394,0.0164576,0.018019,0.0138922,0.0191574,0.024502,0.0154548,0.017007,0.012423,0.0127724,0.0146418,0.0239005,0.0152002,0.0156808,0.0158848,0.0146388,0.0161852,0.0238636,0.0148648,0.0181562,0.0138169,0.0141018,0.0154188,0.0214546,0.0143376,0.0160638,0.0157464,0.017707,0.0137893,0.016476,0.0187716,0.0155494,0.0186806,0.0130986,0.012784,0.0137098,0.0217832,0.0178128,0.0167294,0.0178878,0.0127402,0.0153702,0.0218328,0.0226964,0.0158086,0.015116,0.0157834,0.0128986,0.014738,0.02406,0.016052,0.0164482,0.016231,0.0126548,0.0149492,0.019301,0.0149912,0.01711,0.018678,0.0141986,0.0141622,0.0212292,0.0139206,0.0179682,0.0151104,0.0139668,0.0134854,0.0241434,0.0146289,0.0175792,0.0177284,0.0119308,0.0174426,0.0210263,0.015789,0.0182488,0.0153754,0.0111992,0.0154102,0.0109094,0.0194036,0.0163414,0.0181608,0.0144704,0.0141121,0.0128779,0.0208222,0.0151504,0.0166594,0.0140334,0.0135688,0.0142934,0.0231066,0.0153453,0.0176374,0.0131974,0.0163118,0.0168946,0.0210996,0.016401,0.0162258,0.0155388,0.015769,0.0168256,0.020372,0.0167216,0.0178116,0.0160126,0.0134802,0.0126402,0.021552
0.0152148,0.0186592,0.021123,0.012896,0.0122728,0.0230396,0.0156666,0.0200756,0.0203332,0.0129228,0.0167142,0.0245352,0.0156902,0.0145672,0.0191932,0.0155834,0.017236,0.0240354,0.0165058,0.0185952,0.013533,0.012411,0.0169224,0.026001,0.0168046,0.0182124,0.017024,0.0140632,0.0132095,0.0157592,0.0239294,0.0133595,0.018339,0.0208644,0.0135068,0.0165584,0.019335,0.0146646,0.0184276,0.0202618,0.0149352,0.0174395,0.0237506,0.0152136,0.0159854,0.016441,0.0156201,0.013675,0.0205179,0.0152112,0.0176202,0.015049,0.0149984,0.016195,0.025074,0.0146996,0.0183791,0.017381,0.0136998,0.016245,0.0234866,0.0148979,0.0209972,0.0203984,0.0148458,0.0172866,0.0232804,0.0154211,0.0211866,0.0169776,0.0137462,0.0136806,0.0229096,0.014156,0.0174808,0.0196584,0.0140704,0.0209846,0.0285044,0.0147494,0.0189372,0.0144752,0.0129635,0.0139122,0.0265695,0.014986,0.0163832,0.0161226,0.0141937,0.01632,0.0250578,0.0143292,0.0189426,0.0155039,0.0144022,0.0153332,0.0229882,0.0142874,0.01658,0.0163576,0.0179274,0.0139289,0.016824,0.0211844,0.0153858,0.0185284,0.014671,0.0133652,0.0156484,0.0251574,0.0182604,0.0172452,0.0196284,0.0131134,0.016025,0.024022,0.0233342,0.0151176,0.0161038,0.0164094,0.0130548,0.0152806,0.027008,0.0150318,0.0162552,0.0192612,0.0129312,0.0166852,0.0196244,0.014861,0.0168916,0.0203246,0.0151646,0.0139422,0.0239194,0.015025,0.0188432,0.0166472,0.013625,0.0158248,0.0248136,0.0152117,0.0190016,0.0196624,0.0118454,0.0188562,0.0235489,0.0160038,0.0188406,0.015892,0.0118436,0.0177474,0.0116968,0.0218712,0.0173062,0.0185952,0.0180368,0.0133501,0.0140126,0.0250768,0.0155672,0.0170092,0.0150146,0.0135924,0.0152828,0.026677,0.0149459,0.0174152,0.0153684,0.016199,0.019972,0.0234352,0.0162428,0.0163486,0.0159016,0.0158228,0.0181204,0.023092,0.0164372,0.0199726,0.018456,0.0131768,0.0142658,0.0236566
0.0149512,0.019574,0.021446,0.0122442,0.014496,0.0266262,0.0155208,0.0205204,0.0218934,0.0129756,0.0178816,0.0287628,0.0158532,0.01521,0.019442,0.0157294,0.018761,0.0242582,0.016972,0.0182036,0.013753,0.012084,0.0189318,0.0287456,0.0161046,0.0176814,0.0187958,0.0134468,0.0135431,0.0168156,0.0258994,0.0138485,0.017665,0.020969,0.0133318,0.0178226,0.0215546,0.0142684,0.0182958,0.0213846,0.0151754,0.0202937,0.0261654,0.0164722,0.0170016,0.0179776,0.0147545,0.0144028,0.0227265,0.0162334,0.01917,0.0173976,0.0151714,0.016587,0.0276754,0.014335,0.0198377,0.0180046,0.0144264,0.01702,0.0257164,0.0159199,0.0219912,0.0207072,0.0147654,0.0177624,0.026824,0.0158325,0.021302,0.0198696,0.0145726,0.0159508,0.0251104,0.013955,0.018743,0.0203314,0.0152662,0.0210644,0.031226,0.0145722,0.017571,0.0167738,0.0128785,0.0142803,0.0289432,0.0151206,0.0168862,0.016361,0.0141249,0.0162698,0.0291986,0.0138294,0.0201868,0.0179317,0.0133168,0.0155074,0.0253448,0.0150958,0.0171604,0.017744,0.0208498,0.0139597,0.0178688,0.0251372,0.0153772,0.0191102,0.0160846,0.0143538,0.0173844,0.0292286,0.0178352,0.0173793,0.0201652,0.013162,0.0170896,0.0253844,0.0253604,0.0151308,0.017338,0.0186648,0.0133304,0.016024,0.0304474,0.014874,0.0165746,0.020308,0.0126604,0.0170744,0.0197532,0.0149294,0.0172678,0.0216528,0.0141432,0.0132412,0.025088,0.0143336,0.0190308,0.0181428,0.0129256,0.0172056,0.0271122,0.0155082,0.0192992,0.0218218,0.011366,0.0193888,0.0265697,0.0160266,0.0196756,0.0195955,0.0119816,0.0182168,0.0123728,0.0232836,0.016549,0.0191168,0.0189643,0.0138727,0.0156958,0.0294766,0.0150714,0.0178806,0.0166168,0.0144296,0.0165472,0.0290808,0.0152215,0.0176474,0.0166754,0.01658,0.0206654,0.0225884,0.0161953,0.0175168,0.0169664,0.0158746,0.020132,0.0264338,0.0155496,0.0205508,0.0199388,0.0130322,0.015658,0.0253638
0.0158666,0.0204478,0.0229888,0.012436,0.0147314,0.0283324,0.0155632,0.0220828,0.0232456,0.0131888,0.0183778,0.032422,0.0163998,0.015337,0.021664,0.0163124,0.01904,0.0258838,0.0168492,0.0196364,0.0163888,0.0129584,0.0193806,0.0316064,0.0168294,0.0183674,0.0204422,0.0133688,0.0159146,0.0164798,0.0272346,0.0149258,0.0186891,0.0225378,0.0131986,0.0178612,0.0230034,0.0151198,0.0182246,0.023439,0.0149628,0.0222363,0.027695,0.0171858,0.018425,0.0199296,0.0153393,0.015426,0.0247595,0.0163686,0.0190356,0.0180732,0.0154658,0.0184168,0.0311704,0.0144976,0.020238,0.0205356,0.0143136,0.0164174,0.0262374,0.0145465,0.0228734,0.0223376,0.0150602,0.0192304,0.0277196,0.0159651,0.0221064,0.0216644,0.0144704,0.0164186,0.028623,0.0135658,0.0202764,0.0210878,0.0153066,0.0215892,0.0348704,0.0146108,0.0188444,0.0188998,0.0133243,0.0152711,0.032151,0.0154806,0.0183872,0.0177744,0.0140213,0.0175788,0.0303716,0.0138974,0.0198456,0.0198417,0.0140664,0.0156318,0.0280604,0.0152158,0.017225,0.0192698,0.0232578,0.0145929,0.0191764,0.0264586,0.014986,0.0203584,0.0163698,0.013665,0.0184166,0.0318742,0.018136,0.0183512,0.0213228,0.0150328,0.018975,0.0301646,0.0254028,0.0150736,0.0174494,0.0199102,0.014095,0.0175504,0.0337988,0.0158116,0.0167768,0.0219214,0.0122084,0.0174098,0.0233598,0.0159144,0.018033,0.0214544,0.0142832,0.0137932,0.026279,0.0134512,0.0198678,0.0210981,0.0134352,0.018206,0.0277836,0.0157114,0.0199244,0.02319,0.0117206,0.02008,0.0297205,0.0161462,0.0201078,0.0200253,0.0125658,0.019467,0.0125404,0.0254988,0.0162214,0.0185214,0.0211415,0.0151603,0.017599,0.0318954,0.0148078,0.017561,0.0176762,0.015088,0.0170002,0.0329924,0.0156434,0.0176856,0.018247,0.0165856,0.0208346,0.024163,0.0162373,0.0172192,0.0169402,0.0153606,0.0237194,0.0270982,0.015089,0.0210274,0.0214246,0.0133308,0.01658,0.0265998
0.015761,0.0202758,0.0241538,0.012419,0.015362,0.0338278,0.0156962,0.0223478,0.0237234,0.012716,0.0205678,0.0359648,0.0156272,0.0167068,0.0215746,0.0158592,0.0182094,0.0283656,0.016935,0.0208146,0.0183196,0.013043,0.0207164,0.03567,0.0164088,0.0177416,0.0206766,0.0141192,0.0170554,0.0171922,0.0272872,0.0153786,0.0192746,0.0245634,0.0136008,0.0177684,0.0246268,0.0155782,0.0179836,0.0247012,0.0139408,0.0241879,0.0314496,0.0173908,0.0177248,0.0216054,0.0154461,0.0168298,0.024992,0.0164426,0.0200902,0.0206826,0.016195,0.0193167,0.0340836,0.015097,0.020481,0.022167,0.0151784,0.0166818,0.0281754,0.0150829,0.0237636,0.0243966,0.0165606,0.020803,0.029589,0.0166578,0.0229868,0.0220904,0.0144218,0.0168014,0.030145,0.0131402,0.0219298,0.0218348,0.0157112,0.0238366,0.0389802,0.0149842,0.0198308,0.0195206,0.0144536,0.0148196,0.0339196,0.0154234,0.0186308,0.0191072,0.0136065,0.0186138,0.0333852,0.0134612,0.0212649,0.0196762,0.0138478,0.0178532,0.0297426,0.0151178,0.0179533,0.0196628,0.0241952,0.0147236,0.0203628,0.0284894,0.0149514,0.020954,0.0187336,0.013568,0.0188918,0.0329676,0.01766,0.018676,0.0231016,0.0163708,0.0201756,0.032535,0.0276436,0.0155712,0.0179894,0.020096,0.0151626,0.0185396,0.0366606,0.0147732,0.0176552,0.0252918,0.0118902,0.0188194,0.0247714,0.0161582,0.0186242,0.0241106,0.0154196,0.0140612,0.027923,0.014142,0.0206274,0.0199594,0.01323,0.0196156,0.0306934,0.016689,0.0209896,0.0238408,0.0123018,0.0219204,0.0326104,0.0166734,0.0205772,0.021043,0.0127066,0.0204098,0.0133852,0.0282668,0.0168124,0.0181176,0.0231659,0.0148804,0.0194422,0.0338642,0.0152072,0.0175862,0.0185945,0.0152528,0.018762,0.0338434,0.0160404,0.0188468,0.019099,0.0169276,0.0228968,0.0278022,0.0153009,0.0187402,0.0168628,0.0150078,0.0255772,0.0297634,0.0150462,0.0228784,0.0220846,0.013883,0.0172156,0.0288508
0.0161744,0.0212972,0.0243412,0.0118728,0.017238,0.0360084,0.01569,0.021968,0.0241434,0.0131104,0.0211926,0.0379236,0.0159638,0.0180432,0.0232812,0.0158052,0.0189264,0.0296532,0.0167106,0.0210514,0.0202956,0.0130508,0.0224604,0.0373078,0.0165166,0.0192548,0.0209006,0.014,0.018779,0.0178452,0.027461,0.0151182,0.0209554,0.0252658,0.0140694,0.0187756,0.0282426,0.01507,0.019885,0.0266048,0.0148422,0.0248133,0.0351242,0.0177666,0.0184778,0.02247,0.016688,0.0175662,0.0238748,0.016679,0.02057,0.0221186,0.0156554,0.0194751,0.038305,0.015029,0.0205466,0.023019,0.0142782,0.0178772,0.0297458,0.0159597,0.024204,0.025658,0.0167524,0.0221126,0.032155,0.0164324,0.0231548,0.0248244,0.0151298,0.0176744,0.0335638,0.0142254,0.0223184,0.0242398,0.0155724,0.0242808,0.0411716,0.0160022,0.019494,0.0212888,0.0134592,0.0174346,0.0354738,0.0148908,0.0197226,0.0203858,0.0139109,0.0203672,0.0338538,0.0136048,0.0212772,0.0209788,0.0144552,0.0192624,0.0312492,0.0157266,0.0203215,0.0196112,0.027003,0.0149184,0.0204596,0.0304706,0.0159042,0.0209924,0.0202098,0.0154984,0.0200348,0.0369932,0.0177462,0.0191252,0.0244194,0.0157596,0.0201052,0.035635,0.02887,0.015349,0.0182574,0.0212174,0.0152002,0.0190074,0.03956,0.0142904,0.0182836,0.0261802,0.011604,0.0205372,0.02666,0.0166714,0.0192002,0.0251586,0.0155744,0.0161394,0.0295282,0.0146342,0.0211192,0.02214,0.0125622,0.0214198,0.032081,0.0174062,0.0217384,0.0255044,0.0121028,0.0235592,0.0349804,0.0169982,0.0197486,0.0239272,0.0133598,0.0215738,0.0144016,0.0289584,0.016341,0.02031,0.0255022,0.0151222,0.0205408,0.0396662,0.014928,0.0180502,0.0223663,0.0152768,0.0196054,0.036997,0.0166084,0.0198536,0.0196512,0.0168494,0.0224394,0.0291858,0.0162614,0.018939,0.017041,0.0160452,0.027819,0.0328866,0.015452,0.024312,0.0236726,0.014801,0.0195514,0.0339076
0.0163996,0.0232314,0.0247387,0.0122678,0.0176088,0.0385196,0.015707,0.023238,0.024671,0.0128188,0.0223628,0.0402292,0.016883,0.0180308,0.0236788,0.0153854,0.0193964,0.0315259,0.0161256,0.021583,0.0215685,0.0135274,0.0246904,0.040934,0.0168482,0.020941,0.0216504,0.0146794,0.0189064,0.017707,0.0284384,0.0154924,0.0208738,0.0273238,0.0134996,0.0204818,0.0302282,0.0148078,0.0207024,0.0282482,0.0157438,0.0244623,0.040231,0.0162774,0.0181367,0.0228244,0.0173152,0.017876,0.0236666,0.0166744,0.0211082,0.0254926,0.015542,0.0214258,0.0403526,0.0148588,0.0218602,0.0242776,0.014545,0.01831,0.0325478,0.0157729,0.0248474,0.0290902,0.0164706,0.0233624,0.0345658,0.0168292,0.0237122,0.0268224,0.0143568,0.019078,0.0359796,0.0144932,0.0238974,0.0248656,0.0146312,0.024781,0.0441616,0.015917,0.0207166,0.0228048,0.0134932,0.0179086,0.0383852,0.0157618,0.0196942,0.0217326,0.013958,0.0212248,0.033918,0.0138178,0.0226028,0.0219355,0.0149836,0.0197222,0.0325218,0.0157942,0.0206721,0.0192856,0.0270522,0.0151448,0.0215788,0.0334002,0.0160542,0.0207728,0.0210282,0.016152,0.021075,0.0394192,0.0171494,0.0209746,0.0267162,0.0160904,0.0215624,0.0403066,0.0316126,0.0155036,0.0177602,0.0226136,0.0161276,0.0199517,0.0450484,0.014139,0.0192086,0.0268516,0.0109008,0.0219462,0.0300608,0.0165146,0.0192152,0.0277514,0.0159158,0.0172156,0.0320034,0.0151898,0.0220254,0.0245248,0.0136144,0.0243078,0.0368956,0.0168458,0.0221114,0.0285138,0.0118474,0.0239702,0.0362128,0.0160474,0.0210574,0.0242406,0.0131858,0.0231802,0.0143974,0.031277,0.016291,0.0220204,0.0273918,0.0150634,0.0211544,0.0468656,0.0143508,0.0197804,0.0226455,0.0144194,0.019532,0.0387934,0.0164978,0.0200404,0.0207616,0.0175042,0.0224208,0.0326184,0.0164718,0.0194152,0.0196772,0.0156228,0.0299064,0.0356224,0.0161108,0.024287,0.024027,0.0155446,0.0208308,0.035147
0.0163136,0.0246046,0.027019,0.0118596,0.0180422,0.0426202,0.0159106,0.023664,0.026542,0.0131794,0.023913,0.045718,0.017013,0.017801,0.0266366,0.01541,0.0206136,0.0340623,0.0156962,0.022176,0.0255479,0.013638,0.0248034,0.0456038,0.0175922,0.0225406,0.0233166,0.013708,0.0191858,0.0182116,0.0315444,0.0155982,0.0230098,0.0288986,0.0132098,0.0221668,0.031028,0.0145284,0.0207294,0.0293224,0.0151744,0.02489,0.0436456,0.016754,0.0193851,0.0246474,0.0180212,0.0192132,0.0269036,0.0170722,0.0212508,0.0266786,0.0170838,0.0240878,0.0427224,0.0146412,0.0236506,0.0255322,0.0141382,0.0192474,0.0353204,0.0157913,0.0243252,0.0289456,0.0169136,0.023081,0.0367468,0.015978,0.0243198,0.0280112,0.0151508,0.021019,0.037982,0.0150046,0.0245176,0.0257062,0.0141024,0.0269522,0.0479478,0.0161228,0.0220376,0.0228812,0.0131668,0.018375,0.0436018,0.0162164,0.0208514,0.0238294,0.0148578,0.0221094,0.0347378,0.0135982,0.023171,0.0223783,0.0151034,0.021697,0.0345196,0.0158804,0.0224763,0.0195976,0.0313966,0.015722,0.0238032,0.0377204,0.0159572,0.0225508,0.0224754,0.0164708,0.0220762,0.0437774,0.0176988,0.0218302,0.029348,0.015072,0.0222412,0.0432142,0.033869,0.0148692,0.0176606,0.0228972,0.0165214,0.0221145,0.051185,0.0143142,0.0204202,0.0282604,0.0110082,0.0237196,0.0321554,0.0163572,0.020388,0.0295628,0.0165486,0.018683,0.0343756,0.015137,0.0223376,0.0258942,0.0139708,0.0254544,0.0405452,0.0166882,0.0225344,0.0301236,0.0129674,0.026955,0.0398922,0.0153808,0.022517,0.0239144,0.0139808,0.0254626,0.015216,0.0331708,0.017245,0.022665,0.0295604,0.0153802,0.02298,0.0536664,0.0146874,0.0191536,0.0232193,0.0143638,0.0216048,0.0422968,0.0172572,0.0199788,0.0215504,0.0172284,0.024088,0.0344058,0.0168878,0.0198088,0.0207822,0.015381,0.0313856,0.0375226,0.0155214,0.0258838,0.026049,0.016699,0.0221148,0.0374734
0.015818,0.0238104,0.0283764,0.0123262,0.0184436,0.047934,0.0158184,0.0226126,0.0290036,0.0122994,0.0252744,0.0511486,0.0175876,0.0193696,0.028264,0.0163708,0.0231086,0.037788,0.0155168,0.0235648,0.0264365,0.0138802,0.0267106,0.048669,0.0173936,0.0227788,0.0243056,0.0144156,0.0204992,0.0198914,0.0320912,0.0156988,0.02297,0.0307854,0.0142786,0.022985,0.0319808,0.014419,0.021794,0.0306848,0.0159062,0.0272602,0.0471424,0.0168228,0.0192316,0.026822,0.0184146,0.0208344,0.0302706,0.017683,0.022999,0.0290078,0.0182204,0.0278072,0.0474126,0.0144006,0.0245,0.0262062,0.0135656,0.0205554,0.0365804,0.015488,0.0258008,0.0291164,0.0170696,0.0249612,0.0407206,0.0156286,0.0229488,0.0278798,0.0152172,0.0207404,0.0395874,0.0149046,0.0258526,0.0286234,0.0143862,0.0270712,0.0512484,0.0157458,0.020918,0.0243012,0.0133594,0.0189308,0.0458496,0.015533,0.0214898,0.0236502,0.0140324,0.023331,0.0392178,0.0139444,0.0229776,0.0216698,0.0157354,0.023055,0.0379148,0.0159876,0.0233945,0.02227,0.033677,0.0161348,0.0238274,0.0395222,0.0158762,0.0226094,0.022368,0.0162368,0.0256272,0.0466894,0.016696,0.0232306,0.0308574,0.0154426,0.023196,0.0474839,0.034497,0.0149568,0.0186092,0.0237052,0.017354,0.0228371,0.055625,0.0151406,0.0208704,0.029202,0.011719,0.0251696,0.0346722,0.0163208,0.0202482,0.0316594,0.0165546,0.0195234,0.0375616,0.0158214,0.0229204,0.0259226,0.0141218,0.028198,0.0421898,0.0166532,0.023882,0.033986,0.0137676,0.0283992,0.0410768,0.0155262,0.0218052,0.025262,0.0146614,0.027394,0.0169818,0.0357382,0.017321,0.0233988,0.033366,0.0155824,0.0238824,0.0620002,0.0148044,0.0203762,0.0252247,0.0153858,0.0237786,0.0447628,0.01671,0.021376,0.0231252,0.0164862,0.026031,0.0383528,0.0170224,0.019774,0.0225698,0.0171638,0.0329974,0.04024,0.0146458,0.0279098,0.0271946,0.0165542,0.0227188,0.0397576
0.0158922,0.0239368,0.0293624,0.0111384,0.0207904,0.0507296,0.0167796,0.022933,0.0311914,0.0126916,0.027147,0.056263,0.0182584,0.0204868,0.030832,0.0169588,0.024693,0.0406764,0.0166756,0.023532,0.0283221,0.014257,0.0269716,0.0544068,0.0171564,0.022802,0.0260416,0.0143758,0.0211148,0.0197346,0.0341564,0.0154558,0.0235825,0.0337962,0.0138204,0.0241844,0.0375468,0.0146,0.0235786,0.033112,0.0158244,0.028096,0.0523114,0.0180418,0.0204068,0.0283887,0.0186576,0.0211064,0.033185,0.0176954,0.0222244,0.030029,0.0183954,0.028508,0.050197,0.0150668,0.024465,0.0285744,0.0145978,0.0222498,0.0397334,0.0152776,0.025395,0.0294562,0.0165664,0.0255868,0.04406,0.0158236,0.0237992,0.0300316,0.0157196,0.0211968,0.0394564,0.0152486,0.0263188,0.0307062,0.0136682,0.0273124,0.0553556,0.0152438,0.0216074,0.0242835,0.013054,0.0197374,0.0479168,0.0155238,0.0214578,0.0255358,0.0142236,0.024568,0.0397492,0.0139912,0.0230918,0.0246872,0.0157772,0.0240704,0.0403706,0.016068,0.0239595,0.0228594,0.0374898,0.015174,0.0252078,0.0413882,0.0147732,0.023939,0.022223,0.0169866,0.0280806,0.0501966,0.0171112,0.0243508,0.033207,0.015528,0.0234026,0.0524427,0.037076,0.0149062,0.0199237,0.023671,0.0170568,0.0245203,0.0561142,0.0153914,0.0206084,0.0290256,0.0119798,0.0254124,0.0372984,0.015956,0.0226822,0.0338328,0.0162876,0.020117,0.0390716,0.0160622,0.023974,0.0271414,0.0161704,0.0301538,0.0439968,0.0165878,0.026037,0.038308,0.0133746,0.0305104,0.0439892,0.0150866,0.02458,0.0267908,0.014556,0.0314492,0.0173058,0.0384344,0.0178916,0.0250174,0.0356044,0.0157146,0.024066,0.070459,0.015322,0.020925,0.0256825,0.0150588,0.023884,0.047279,0.017343,0.021673,0.0236048,0.017171,0.0259294,0.042401,0.0168184,0.0205118,0.0234524,0.0179818,0.0381124,0.0467438,0.0148788,0.0294706,0.0285294,0.016868,0.02267,0.0423458
0.0154392,0.0259698,0.0311678,0.011971,0.0214138,0.05538,0.0158452,0.0233816,0.0323134,0.0133734,0.0277718,0.0613368,0.0194516,0.0211158,0.0330608,0.017095,0.0244454,0.0421534,0.0172686,0.0248114,0.0305436,0.0147338,0.0288228,0.0586566,0.0173192,0.0234242,0.0286706,0.0146948,0.0235634,0.0206242,0.0358848,0.0157514,0.0234781,0.0346098,0.01424,0.0252294,0.0399392,0.0150366,0.0241176,0.0350194,0.0160276,0.0290506,0.0544558,0.0180978,0.0212504,0.0299544,0.0191524,0.0216952,0.0359864,0.017619,0.0225508,0.0329944,0.0188934,0.0312314,0.052317,0.015461,0.0259364,0.0287752,0.0147128,0.0233977,0.0434302,0.0154382,0.0251218,0.031119,0.0169474,0.026829,0.0465636,0.0175818,0.0256392,0.0308466,0.01619,0.0230072,0.041654,0.0162152,0.0263017,0.0308898,0.0137634,0.0297398,0.0605918,0.0157744,0.0217256,0.0247644,0.0138702,0.0217256,0.0515456,0.0152816,0.0221878,0.0263092,0.0143242,0.0251886,0.0444524,0.0147652,0.0243144,0.0255863,0.016737,0.0250816,0.0437626,0.016354,0.0245993,0.0240796,0.0391072,0.015518,0.0264342,0.0456234,0.014412,0.0260482,0.024391,0.016774,0.0311912,0.0517532,0.018674,0.0259464,0.0342462,0.0155974,0.0249028,0.0549415,0.039762,0.015817,0.0210843,0.0278142,0.0178808,0.0242557,0.059596,0.0159422,0.0210356,0.0286816,0.013067,0.028447,0.039684,0.0157536,0.0237662,0.0336916,0.0155882,0.0196436,0.042988,0.015901,0.0268024,0.028042,0.0167582,0.0351772,0.0491764,0.0166102,0.0286118,0.0411338,0.0135906,0.0325882,0.0469308,0.0154064,0.0247202,0.0262272,0.0145434,0.0311796,0.0173112,0.0401872,0.0180706,0.0250996,0.0376658,0.0160938,0.0255872,0.0786918,0.0150998,0.0227855,0.0273401,0.0152306,0.0245402,0.0481844,0.0173356,0.0222442,0.0256614,0.0172556,0.0282014,0.0459488,0.016518,0.0220231,0.0235552,0.0182676,0.0407006,0.0480634,0.015075,0.029353,0.0298238,0.0171644,0.0237938,0.0457476
0.0161092,0.028708,0.0324362,0.0131696,0.0224712,0.0594524,0.0162376,0.0241316,0.0357818,0.0131276,0.029465,0.0665876,0.0195256,0.021844,0.035783,0.017504,0.0258768,0.0469178,0.0163986,0.0260976,0.0315016,0.0139558,0.0302174,0.0609446,0.0169994,0.0240573,0.0302118,0.0145716,0.0234426,0.0203922,0.0382558,0.0165054,0.0248122,0.0366416,0.0143944,0.0257748,0.0426826,0.0147782,0.0253788,0.0362356,0.0165416,0.030629,0.0651762,0.0171006,0.021668,0.030579,0.0195163,0.0222782,0.0392948,0.0178164,0.0231842,0.0325358,0.0188344,0.0357458,0.0575524,0.0146806,0.0275592,0.0293976,0.0153724,0.0248859,0.0461712,0.0154778,0.0246442,0.0313028,0.0175802,0.0272712,0.0518692,0.017053,0.0248802,0.0330516,0.0164284,0.0256048,0.045033,0.0164184,0.0261497,0.0308446,0.0137368,0.0293644,0.0646902,0.0149456,0.0222364,0.0282214,0.014422,0.0222452,0.0538628,0.0155996,0.0226508,0.0274368,0.0144134,0.0247064,0.0477388,0.0159684,0.0252518,0.0282417,0.01659,0.0264574,0.0458966,0.016679,0.0259605,0.0258716,0.0413098,0.0163209,0.02728,0.0484746,0.0153746,0.0260394,0.02562,0.0165888,0.0346982,0.0567666,0.0195628,0.0265742,0.0364036,0.0150114,0.0259342,0.0589017,0.0421908,0.0161276,0.0219725,0.0292536,0.0185588,0.0256591,0.0660764,0.0152762,0.0221382,0.0313968,0.0138544,0.0277812,0.0422228,0.0158656,0.0255568,0.0344936,0.015744,0.0217302,0.045157,0.0160552,0.0299366,0.0288108,0.017449,0.0406002,0.0513886,0.0172438,0.0288968,0.0463884,0.0134338,0.0346042,0.0492762,0.015632,0.025213,0.029232,0.0144788,0.0338302,0.0179295,0.0429412,0.0176058,0.0251838,0.0412786,0.0165492,0.0276068,0.0827866,0.0145982,0.0256155,0.0297413,0.0155196,0.0259864,0.0505788,0.0174692,0.022503,0.0294404,0.0179252,0.029469,0.049574,0.0162556,0.0221401,0.0267064,0.018458,0.044153,0.0515956,0.0167528,0.0322416,0.0321874,0.0173758,0.0246508,0.0468552
0.0160424,0.0296246,0.0339368,0.0136264,0.0232078,0.0630002,0.0156458,0.025323,0.0357282,0.013715,0.031663,0.0722044,0.0190486,0.0215764,0.0384956,0.017368,0.0268998,0.0501102,0.0155966,0.025638,0.0330814,0.0137784,0.030509,0.0657026,0.0175456,0.0239717,0.0301144,0.015307,0.024043,0.0208002,0.0417108,0.0158366,0.0269569,0.0380482,0.0147742,0.0252856,0.0437678,0.0139546,0.025703,0.0384104,0.016255,0.0320906,0.074014,0.0175042,0.022704,0.0308876,0.0193579,0.0238214,0.0399996,0.017908,0.023059,0.0348798,0.019494,0.038013,0.0626904,0.015002,0.0289898,0.0293686,0.0158482,0.0246646,0.0496218,0.0156974,0.026499,0.031423,0.0170542,0.029565,0.0558048,0.0171554,0.0256248,0.0344818,0.0164112,0.0261348,0.0483032,0.0167764,0.0276117,0.0331316,0.0144838,0.0315858,0.0684618,0.0159144,0.0228068,0.0287602,0.014997,0.0243698,0.0575016,0.0143536,0.0228692,0.0288838,0.0142418,0.0254508,0.0498128,0.0143744,0.026179,0.0299861,0.0161434,0.0283182,0.0492654,0.0170232,0.0266368,0.0280956,0.0430196,0.0150939,0.0281606,0.0527326,0.0161128,0.0276882,0.0248194,0.0170444,0.0391906,0.0609186,0.0197138,0.0275014,0.0372748,0.0150306,0.027124,0.0638099,0.0447104,0.0161026,0.0228064,0.0303256,0.0186788,0.0261791,0.0736138,0.0155352,0.0229104,0.0314528,0.0140108,0.029367,0.0455454,0.0163692,0.0257778,0.0364084,0.0149818,0.0217298,0.0459938,0.0171536,0.0320522,0.0301002,0.0181412,0.0466176,0.0559795,0.0173522,0.029872,0.0518464,0.0139002,0.0354812,0.0530778,0.0160648,0.0261714,0.0288712,0.015423,0.0366258,0.0199515,0.0456466,0.0172012,0.0260278,0.0427614,0.0175682,0.0295069,0.092056,0.0145012,0.0263288,0.0340453,0.0158182,0.0288544,0.0563164,0.0173368,0.0229398,0.0324602,0.0190288,0.0310756,0.0522842,0.016014,0.0221469,0.028419,0.0193878,0.0467712,0.0566532,0.0167128,0.0333574,0.036029,0.017603,0.0259818,0.0498286
0.01622,0.0295308,0.034646,0.0142288,0.0243382,0.0664956,0.0156974,0.025626,0.0385222,0.013868,0.0319008,0.0777462,0.0193518,0.0233978,0.0398668,0.0172962,0.0274996,0.0542155,0.0154814,0.0270382,0.0350662,0.0142946,0.0302836,0.0684694,0.0185358,0.0264726,0.031867,0.0154258,0.0256614,0.0213624,0.0447972,0.0159764,0.0268999,0.0392106,0.0160104,0.027091,0.0482036,0.0140958,0.0269232,0.0396862,0.0164288,0.033046,0.0858662,0.0172146,0.0239628,0.0322594,0.0193291,0.0248398,0.0414124,0.0182474,0.0244362,0.03515,0.0197396,0.0421408,0.0682516,0.0127408,0.0304518,0.0301612,0.01603,0.0251808,0.054957,0.0161588,0.0260502,0.0322478,0.0177144,0.0291166,0.0637232,0.0166638,0.0261192,0.037962,0.0159398,0.027376,0.0494248,0.0167204,0.0273877,0.0339956,0.0140692,0.0332146,0.0726222,0.0157225,0.0233034,0.0314898,0.0142832,0.0262466,0.0571564,0.0142496,0.0235312,0.031222,0.0148944,0.0239788,0.0501898,0.0150593,0.0284396,0.0310455,0.0166962,0.0283024,0.0499088,0.016943,0.0280708,0.0282546,0.0451382,0.0137785,0.0272944,0.0549832,0.015696,0.0287016,0.027442,0.0172798,0.041734,0.0676834,0.018766,0.0275016,0.0395906,0.0158068,0.029027,0.0670709,0.0491554,0.0157624,0.0225618,0.030901,0.0190088,0.0272488,0.0809422,0.0155048,0.0243926,0.0302598,0.0143952,0.031924,0.0478714,0.0163718,0.027377,0.0383228,0.0142814,0.0234924,0.048444,0.0179528,0.0338824,0.0316726,0.0182652,0.0492166,0.0599814,0.0177552,0.0310708,0.0552956,0.0139114,0.0373564,0.0567262,0.0167052,0.0269548,0.030098,0.01691,0.039394,0.0216583,0.0475668,0.018174,0.0264098,0.044299,0.0180398,0.031008,0.1000018,0.0146864,0.0266504,0.0383353,0.0163328,0.0314656,0.060738,0.0180104,0.0241436,0.0376168,0.0194156,0.0328926,0.0536476,0.0166596,0.0219773,0.0316826,0.0191834,0.0501312,0.062932,0.0165876,0.0347414,0.0373322,0.0173538,0.026735,0.0508842
0.0172776,0.0306377,0.0362854,0.0149932,0.0252202,0.0718692,0.0152335,0.0254348,0.040044,0.0136476,0.0349922,0.085953,0.0195082,0.0234986,0.0400302,0.0175008,0.0288504,0.0577919,0.0156364,0.0289496,0.0370518,0.0146116,0.0326792,0.0712652,0.0180064,0.0269056,0.033009,0.0139578,0.0276556,0.0223386,0.0459448,0.0170256,0.0272017,0.0395686,0.0161864,0.0287062,0.0530404,0.0143934,0.028044,0.0412394,0.0157182,0.0331113,0.0959356,0.017698,0.0246146,0.0318212,0.0203608,0.0244216,0.0446347333333,0.0185508,0.023813,0.0379646,0.0197188,0.0459944,0.071867,0.0132968,0.0317752,0.0333298,0.0159648,0.0251904,0.0581332,0.0160348,0.0259534,0.0342538,0.0184096,0.0297202,0.0677146,0.0166852,0.027947,0.0390936,0.016336,0.0287386,0.0525788,0.0176948,0.0295921,0.0372658,0.0157628,0.0336656,0.0786596,0.0156501,0.0241334,0.0311026,0.0130134,0.028173,0.0614774,0.0155656,0.023378,0.0315472,0.0160562,0.0248296,0.052207,0.0154388,0.029831,0.0344201,0.0178888,0.0300258,0.0557974,0.0168144,0.0286262,0.0305616,0.0468788,0.0137501,0.027547,0.0580508,0.0152374,0.0290496,0.0288112,0.0174926,0.0452866,0.07001,0.0178802,0.0282078,0.040571,0.0159038,0.0295094,0.0707457,0.0494914,0.0151218,0.023334,0.0324104,0.0188078,0.027561,0.0848354,0.0152816,0.0237534,0.032415,0.0149682,0.0326634,0.0482576,0.017318,0.0294406,0.0408572,0.0150162,0.0247326,0.0512662,0.0181092,0.0369492,0.0343108,0.0199252,0.0543286,0.0629938,0.018283,0.0334898,0.0598994,0.0151418,0.038566,0.0613646,0.0169172,0.0264642,0.0336428,0.018068,0.0406362,0.024629,0.047292,0.0184084,0.0280476,0.044978,0.0171808,0.0311042,0.1062298,0.0150734,0.028614,0.0419331,0.0165422,0.0339562,0.0626564,0.0181854,0.0249114,0.0433628,0.0190174,0.0339032,0.0580994,0.0157822,0.0223307,0.0331346,0.0192354,0.0550234,0.0695922,0.0167924,0.036302,0.038599,0.0169462,0.0279054,0.0530094
0.017341,0.0314505,0.0365636,0.0158816,0.0244004,0.0760818,0.0150653,0.0269538,0.040557,0.013716,0.036019,0.0912704,0.0202788,0.0238206,0.043751,0.018682,0.0297466,0.0605389,0.0157889,0.0306456,0.038895,0.0157808,0.0339304,0.075927,0.0176808,0.0280974,0.0360016,0.0142732,0.0281484,0.0244534,0.047912,0.0172314,0.0288235,0.042654,0.0164642,0.0306084,0.0543688,0.0141608,0.0296228,0.0439954,0.0156674,0.0351223,0.1040424,0.017623,0.0253014,0.0327884,0.0212982,0.024508,0.0472598,0.018956,0.0247292,0.0405938,0.0199682,0.0499696,0.0762255,0.013049,0.0323692,0.0340622,0.016327,0.0271814,0.0599074,0.0161519,0.0265894,0.0367112,0.0189576,0.0296674,0.0708504,0.0167638,0.0285394,0.044391,0.0164316,0.029567,0.0543727,0.017774,0.0310345,0.0387898,0.0173442,0.034692,0.0827696,0.0159257,0.0257,0.032706,0.0135794,0.0312836,0.0606508,0.0159644,0.023882,0.0340382,0.0160872,0.025962,0.0541754,0.015161,0.0314416,0.0378991,0.0171998,0.030879,0.0618136,0.0164358,0.0300856,0.0305906,0.0485874,0.0143114,0.0304776,0.0610666,0.0149762,0.0298476,0.030171,0.0176092,0.0489678,0.0726618,0.0179154,0.0292726,0.042686,0.0167914,0.0296518,0.0775005,0.0528202,0.016586,0.022592,0.0346364,0.0195856,0.0281128,0.0919306,0.015521,0.0247464,0.0326654,0.0144168,0.0358328,0.050843,0.0174544,0.0310854,0.0434948,0.014625,0.0265356,0.0537208,0.0177824,0.03876,0.0350524,0.0213308,0.0600254,0.066334,0.017513,0.0347818,0.0659626,0.0159502,0.0412334,0.0634705,0.0159938,0.0264414,0.0345592,0.017909,0.0432656,0.0251734,0.0493846,0.0187136,0.0274704,0.0487834,0.0170446,0.033165,0.116515,0.0146168,0.0300294,0.0440713,0.016096,0.0369678,0.0699574,0.0185458,0.0262424,0.0476098,0.0199848,0.035231,0.065742,0.0164622,0.0237454,0.0346046,0.0189352,0.058413,0.0771398,0.0171846,0.038485,0.0398364,0.017662,0.030207,0.0559408
0.0174978,0.0328303,0.038394,0.015585,0.0248388,0.0849894,0.0153421,0.0279694,0.042537,0.0147726,0.0372932,0.096234,0.0200378,0.0249814,0.0477666,0.0191114,0.0310188,0.065659,0.017607,0.0303676,0.0393746,0.0161328,0.0350594,0.0845486,0.0177934,0.0293586,0.0368418,0.0139128,0.0300302,0.026798,0.0506926,0.0179278,0.0292677,0.0427348,0.017274,0.0315502,0.05793,0.0145418,0.030618,0.0447706,0.0168766,0.0371674,0.1137344,0.017598,0.0250294,0.0340334,0.0215256,0.0255232,0.0509655,0.0193822,0.0255742,0.0412936,0.0210738,0.0595454,0.0796302,0.0138268,0.0326362,0.0357068,0.0169862,0.027475,0.06626,0.0164237,0.0256708,0.0374002,0.0179856,0.030539,0.0795852,0.0163772,0.0285396,0.0485114,0.0157404,0.031047,0.0570926,0.0170554,0.0321062,0.0405362,0.0173028,0.0355358,0.0858076,0.0160347,0.0261998,0.035532,0.0141774,0.0350044,0.0624463,0.016553,0.0245486,0.0351586,0.0177816,0.0262114,0.0575664,0.0156184,0.0320602,0.0392717,0.0176716,0.031815,0.06385,0.016664,0.0295678,0.032394,0.0526352,0.0153326,0.0320394,0.0667332,0.015916,0.0319386,0.0323798,0.0172592,0.052801,0.0774618,0.0184488,0.0314794,0.0461716,0.0165146,0.0309728,0.0838981,0.0575182,0.015926,0.022922,0.0352646,0.0192692,0.0304822,0.0992248,0.0154712,0.026564,0.0342748,0.0153866,0.0382426,0.0543836,0.0166194,0.0326674,0.0435178,0.014707,0.0271934,0.0568904,0.0179242,0.0406592,0.034641,0.0228134,0.064817,0.0697368,0.0180126,0.0355614,0.0729046,0.0157926,0.045013,0.0694949,0.015989,0.0275748,0.0351044,0.0178946,0.0470302,0.02785,0.0505374,0.0189196,0.027529,0.0511288,0.0176798,0.0345008,0.126346,0.0147736,0.0318032,0.0446049,0.0167292,0.0399578,0.0723334,0.0176526,0.0274114,0.0576098,0.0205642,0.0366582,0.0713218,0.016618,0.0256006,0.0369296,0.0192904,0.0624882,0.0848194,0.0179006,0.0385872,0.041024,0.0177252,0.0307116,0.0582202
0.0183104,0.0341941,0.0399402,0.0168344,0.0283904,0.0897176,0.0158055,0.0279488,0.0452758,0.0155278,0.0391192,0.1026838,0.0194344,0.0251418,0.0480262,0.018848,0.031803,0.071502,0.0174306,0.0321918,0.0416762,0.0166924,0.0373728,0.0916278,0.0180384,0.0297214,0.0382538,0.01435,0.0319358,0.0270242,0.0504658,0.018484,0.0289865,0.0445474,0.0172792,0.032997,0.0594732,0.0145132,0.0319726,0.0469332,0.0176664,0.0375302,0.1229838,0.0182358,0.0248968,0.0355534,0.0224192,0.02617,0.052355,0.0208114,0.0265798,0.0438026,0.0212636,0.0691204,0.0840818,0.0138952,0.0358654,0.0381464,0.0174514,0.027885,0.0683934,0.0157858,0.0264606,0.0389902,0.017952,0.0307432,0.0851196,0.0170548,0.0289876,0.0502844,0.0159702,0.0317782,0.061075,0.0184266,0.0322749,0.0407016,0.0185286,0.0369572,0.090681,0.0150717,0.0275504,0.0380596,0.014338,0.0370394,0.0655953,0.0170442,0.0250384,0.035801,0.0182348,0.026471,0.0590754,0.016663,0.0329474,0.0403685,0.0193244,0.0340274,0.0688242,0.0168438,0.0300696,0.03351,0.056391,0.0140564,0.0329234,0.071104,0.0159444,0.0326878,0.0339,0.0174882,0.0563869,0.0791326,0.0188326,0.0326258,0.046392,0.017429,0.0320254,0.0915415,0.0638662,0.0164776,0.024329,0.035377,0.019246,0.0318676,0.1067258,0.015124,0.0275074,0.0339448,0.014484,0.0417888,0.0580994,0.017346,0.034473,0.045798,0.0175186,0.0283857,0.0617524,0.0178648,0.042776,0.0339742,0.0244006,0.0720912,0.0712334,0.0198212,0.0369218,0.0815684,0.0152218,0.0474884,0.0732083,0.0157858,0.0277332,0.0366778,0.0185666,0.0505492,0.0294824,0.0555136,0.0191496,0.0286828,0.0536966,0.0178626,0.0368466,0.1402236,0.0172158,0.0341527,0.0461399,0.0165988,0.0422356,0.0793706,0.0181486,0.0274476,0.0613684,0.0211956,0.0389274,0.0816462,0.0161064,0.0259006,0.0388054,0.018616,0.0679684,0.0877458,0.0181042,0.0397326,0.0426148,0.0186034,0.031543,0.0611822
0.018276,0.0339801,0.0396696,0.0169052,0.0285544,0.0965158,0.016051,0.0289198,0.045724,0.014974,0.0416928,0.1117924,0.0214364,0.025905,0.050221,0.01895,0.0308564,0.0780494,0.0174952,0.033442,0.0421838,0.0163836,0.0382798,0.0985328,0.0188322,0.030531,0.0392948,0.0141378,0.0318754,0.0298498,0.0518976,0.0189378,0.0287365,0.0462312,0.0170436,0.0354094,0.0652928,0.0153386,0.0328618,0.0510424,0.0184608,0.038951,0.131223,0.0182854,0.0254966,0.037188,0.0228024,0.0283774,0.0534492,0.0204078,0.0271888,0.0483998,0.0214402,0.0767816,0.090597,0.0139532,0.0369282,0.0405448,0.017546,0.0271386,0.0734272,0.014669,0.0285942,0.0384955,0.0186464,0.0307558,0.0927184,0.017058,0.0301006,0.0526532,0.0162142,0.0335898,0.0642144,0.0190288,0.0341213,0.0421506,0.0190176,0.037744,0.0956196,0.0153385,0.028434,0.0384282,0.0155448,0.0405496,0.0676679,0.0179534,0.0261876,0.036322,0.017292,0.0273256,0.059459,0.016581,0.0339378,0.0428069,0.0189266,0.0344818,0.0736908,0.0175318,0.0315964,0.0344292,0.0581166,0.0144254,0.032775,0.077521,0.0156526,0.033482,0.0350776,0.0173732,0.0621245,0.0841088,0.0190288,0.0335488,0.0491078,0.0169944,0.035186,0.0979307,0.0706794,0.0163126,0.026184,0.0355736,0.0192198,0.0344456,0.1193238,0.0160392,0.0288216,0.036515,0.0144808,0.0441154,0.0631314,0.0168066,0.0356396,0.0478206,0.0186332,0.0289132,0.0638434,0.0166822,0.0443108,0.0332098,0.0259872,0.0808372,0.0758366,0.0190658,0.03935,0.089521,0.0155286,0.048078,0.0796484,0.0157388,0.027893,0.0374506,0.0194242,0.0541904,0.032509,0.0599308,0.0191668,0.02976,0.057168,0.018726,0.0388578,0.1534594,0.017003,0.0339458,0.0483789,0.017954,0.0448174,0.0828918,0.0185216,0.0298186,0.0666688,0.022232,0.039961,0.0895206,0.0165292,0.0263116,0.039332,0.0182692,0.0740182,0.0924224,0.0175518,0.0422084,0.0449634,0.0192192,0.0347128,0.0639856
0.0188224,0.0345012,0.0405446,0.0171033,0.0303096,0.1050034,0.0158982,0.0288536,0.0453298,0.0169246,0.0432892,0.123293,0.02173,0.0266482,0.0535506,0.0199476,0.0315114,0.0822638,0.0175117,0.034461,0.0440718,0.016781,0.0394598,0.103592,0.0191756,0.0308002,0.040466,0.0145714,0.033419,0.0303866,0.0532502,0.0184452,0.0286034,0.0487228,0.0173108,0.0380074,0.0702038,0.0150815,0.033592,0.0557804,0.0190504,0.040379,0.1439116,0.0174486,0.0273816,0.0391462,0.0230276,0.0300496,0.0580928,0.0200714,0.0268052,0.048847,0.0209572,0.0891594,0.0955474,0.0138526,0.0388586,0.0415814,0.0184474,0.0282796,0.0781198,0.0151686,0.0299802,0.0404347,0.018525,0.0318992,0.1007874,0.0174138,0.0297378,0.0549416,0.0163224,0.0346948,0.0686026,0.0195678,0.0358148,0.0427314,0.0189098,0.0396418,0.1000266,0.0156347,0.0291834,0.040548,0.0164602,0.0450206,0.0714655,0.017804,0.0292776,0.0365314,0.0173066,0.0258178,0.0597622,0.01719,0.035883,0.0471782,0.0193906,0.0358076,0.0766216,0.0177656,0.0324732,0.0354312,0.0620754,0.0139666,0.0345744,0.0837316,0.0173426,0.0336046,0.0364266,0.017555,0.0697298,0.0874474,0.019588,0.0342424,0.051675,0.0172526,0.0349512,0.1045993,0.0761224,0.015613,0.0267692,0.039183,0.0189698,0.0387776,0.1272408,0.016292,0.0287564,0.0402024,0.0134182,0.0474864,0.0692666,0.0161624,0.0386564,0.0484964,0.0182366,0.029016,0.0667378,0.0168924,0.047402,0.0339236,0.0270598,0.0865448,0.080542,0.019454,0.039909,0.0971098,0.015722,0.0493678,0.0873264,0.0156092,0.0285884,0.0379876,0.0193318,0.0575652,0.035288,0.0627092,0.0189276,0.0301746,0.05985,0.0194822,0.0392348,0.1642174,0.0173588,0.034796,0.0499051,0.0193424,0.047883,0.084793,0.0192344,0.0294764,0.0795898,0.0215914,0.0427228,0.1017728,0.0174152,0.0264358,0.0435612,0.0178884,0.0782578,0.1028806,0.0178902,0.0431178,0.0459298,0.01924,0.036596,0.0669726
0.020095,0.0368674,0.0410526,0.0170191,0.0315022,0.1164748,0.0160652,0.0302156,0.0474222,0.016464,0.0440042,0.1283914,0.0215528,0.0287976,0.056063,0.0201574,0.0313798,0.0877534,0.0171001,0.036789,0.0489383,0.0168054,0.0418379,0.1118936,0.0189864,0.032166,0.0415228,0.0146276,0.033594,0.0304018,0.0551044,0.017736,0.0300592,0.0503404,0.0170612,0.0375948,0.073949,0.0149612,0.0341696,0.057796,0.0188746,0.0422924,0.1572714,0.017744,0.0279436,0.0396018,0.0236452,0.0324456,0.0619878,0.0210236,0.0268452,0.050878,0.0208274,0.100376,0.101361,0.0146726,0.0422548,0.0428332,0.0193846,0.029437,0.0814568,0.0149022,0.0307496,0.0416226,0.0177748,0.033184,0.111032,0.0168852,0.0309636,0.061371,0.016135,0.0344652,0.0713654,0.0194504,0.03639,0.0432842,0.0194886,0.0417948,0.1072712,0.0155347,0.0296778,0.0441732,0.0169238,0.0501666,0.0745784,0.017416,0.0292392,0.0393822,0.0163642,0.0272784,0.0596762,0.0173958,0.0383332,0.0487248,0.0196096,0.0378918,0.0844736,0.0185284,0.033241,0.0363206,0.065612,0.0153564,0.0357408,0.090873,0.017557,0.0351288,0.038772,0.0182606,0.0748372,0.0932623,0.0208312,0.035146,0.053898,0.0168018,0.0369732,0.1119217,0.0823346,0.0143858,0.0267928,0.0409242,0.0182782,0.0411874,0.1328722,0.0165316,0.0295406,0.0434474,0.0139334,0.0512596,0.0728328,0.0161036,0.0412474,0.051885,0.0180806,0.0299994,0.0714136,0.0181812,0.048719,0.034613,0.0298532,0.0913412,0.082725,0.0199764,0.042447,0.1015846,0.016875,0.0516188,0.0915266,0.015518,0.0296072,0.038775,0.0196148,0.0611638,0.0388369,0.0668434,0.0188414,0.0322942,0.0603516,0.0205828,0.042533,0.1748036,0.017741,0.0361182,0.0524197,0.0195882,0.0521138,0.0879722,0.0188278,0.0294268,0.089012,0.0236504,0.0437428,0.1159084,0.018044,0.0274524,0.0471894,0.0175472,0.0868376,0.1077892,0.0180404,0.045037,0.047149,0.0193318,0.0389446,0.0701684
0.0198286,0.0389688,0.0425008,0.0159795,0.0332596,0.1267752,0.0155458,0.0302284,0.0477828,0.0159362,0.044481,0.1382564,0.022133,0.0287504,0.0600056,0.0197268,0.035189,0.0941736,0.0180691,0.0366462,0.0497198,0.0173666,0.0435379,0.1210664,0.0180742,0.0330246,0.0425662,0.0149754,0.0334724,0.0318992,0.0565934,0.0173204,0.030318,0.0534038,0.0173494,0.0389114,0.0793386,0.0150306,0.03453,0.0605644,0.0196554,0.0442934,0.1700356,0.0178074,0.0289318,0.0409792,0.0228378,0.0348258,0.0651794,0.0208842,0.0272956,0.0517762,0.0211772,0.1156248,0.1085662,0.0153788,0.0445446,0.0439462,0.0196958,0.0303354,0.0871628,0.014799,0.0304994,0.0427832,0.0180966,0.0336744,0.1218578,0.0166256,0.032662,0.0639178,0.0167498,0.0369046,0.0763802,0.0198142,0.0369112,0.0438482,0.021025,0.0428706,0.1107014,0.0168687,0.0291192,0.0465664,0.0169294,0.05492,0.0753246,0.017863,0.0319002,0.0432824,0.0170966,0.027266,0.0626532,0.0178918,0.0413452,0.0517078,0.0196128,0.0386698,0.0911614,0.0183114,0.0333766,0.0396022,0.070359,0.016183,0.0382156,0.0964232,0.0189274,0.0371326,0.041255,0.0188416,0.0783888,0.1002331,0.0210322,0.0377382,0.0583202,0.0161412,0.0382464,0.1160043,0.091982,0.0159952,0.0270868,0.0421388,0.0193022,0.0439876,0.1394518,0.0170194,0.0314502,0.0455652,0.0154902,0.054746,0.0818202,0.0155042,0.0431154,0.0538288,0.0191718,0.0311634,0.075892,0.0179744,0.0539488,0.036232,0.0300338,0.0951498,0.0856612,0.0197592,0.0443906,0.1078192,0.0170418,0.0542478,0.094009,0.0162408,0.031231,0.0389186,0.0196002,0.0625368,0.0406367,0.0707768,0.0192312,0.032621,0.0644504,0.0220496,0.0459092,0.1900658,0.0167226,0.0371774,0.052707,0.0186639,0.0538322,0.0908816,0.0187648,0.0288688,0.1011994,0.0240912,0.0466526,0.1242792,0.0181838,0.0281414,0.0501612,0.0174922,0.0939228,0.1123336,0.0182824,0.0483102,0.048445,0.019788,0.0421022,0.0748378
0.020527,0.0399634,0.0445752,0.0159024,0.0342102,0.1376272,0.0157636,0.0318478,0.0485738,0.0171272,0.0479084,0.146789,0.021114,0.02911,0.0636626,0.022213,0.0374358,0.0977746,0.0186184,0.038501,0.0523402,0.0173564,0.0469033,0.1315114,0.0188382,0.0343034,0.0437792,0.0142896,0.0356422,0.0344372,0.0589944,0.0169964,0.0295022,0.0558446,0.0179058,0.0404222,0.0852764,0.0166496,0.0349442,0.0621152,0.0195964,0.0447724,0.1827504,0.0184702,0.030655,0.0443568,0.0242654,0.0369728,0.072583,0.0214114,0.0270898,0.0515426,0.0220702,0.1272052,0.1163098,0.0153512,0.04688,0.0446198,0.0221976,0.0341036,0.0912554,0.0144768,0.0311304,0.0430732,0.0186266,0.0346424,0.1301698,0.0165802,0.0344154,0.0663048,0.0161598,0.0408196,0.0796979,0.0187726,0.0379654,0.0447948,0.021013,0.0447366,0.11934,0.0164543,0.0318564,0.0486602,0.0170774,0.0595886,0.0769076,0.0182596,0.033287,0.0486354,0.0175408,0.0268358,0.0656232,0.017819,0.0423496,0.0548382,0.0195292,0.0412398,0.0932192,0.0182516,0.0334664,0.0417206,0.0771392,0.0162714,0.04305,0.1033036,0.0194098,0.0382772,0.0434676,0.0179426,0.0853156,0.1057549,0.0210884,0.0401328,0.059442,0.0153828,0.0398784,0.1267558,0.106382,0.0164474,0.0279242,0.0453922,0.0199734,0.047822,0.1454968,0.0168582,0.0327366,0.047568,0.0172968,0.0586698,0.0924716,0.0163544,0.044568,0.0554242,0.0197054,0.031955,0.0813732,0.0180278,0.059047,0.037164,0.0317426,0.1008382,0.090051,0.0196242,0.0479696,0.1105088,0.0170478,0.0578722,0.0970782,0.0164992,0.0324138,0.0424982,0.0196128,0.0676282,0.0435251,0.0757598,0.0186902,0.0326604,0.0676632,0.022473,0.048338,0.2006294,0.0156258,0.0380078,0.0540644,0.0186077,0.0573568,0.0959796,0.0182074,0.0297504,0.1111552,0.0239528,0.0491698,0.1351016,0.018041,0.0291928,0.0507456,0.017288,0.0986152,0.1175674,0.0179716,0.0503592,0.049626,0.0194034,0.0413914,0.079109
0.0202868,0.0407846,0.0459366,0.0164258,0.0353446,0.145273,0.0174078,0.0322894,0.0522128,0.0166478,0.0510112,0.1524392,0.0213966,0.032575,0.0652638,0.0230492,0.0388176,0.1033432,0.018133,0.0426976,0.0530646,0.017268,0.0473725,0.1399822,0.0193432,0.0344732,0.0440352,0.0137872,0.0374478,0.0359126,0.0622534,0.0167664,0.0308492,0.0580828,0.0183364,0.0433646,0.0876652,0.0167236,0.035658,0.0648666,0.0209434,0.0457042,0.1953798,0.0183872,0.0319704,0.0454874,0.024654,0.037195,0.0761162,0.022428,0.0283024,0.0541152,0.022324,0.1376894,0.1219328,0.0151446,0.0511552,0.047514,0.0225136,0.0354068,0.0962634,0.0158084,0.0326266,0.0442714,0.019799,0.0355116,0.1405776,0.01689,0.0346716,0.0730222,0.0161884,0.0419462,0.0858169,0.018771,0.0380806,0.0481762,0.0213748,0.0459624,0.1303564,0.0159703,0.0337458,0.0480468,0.0175558,0.0622848,0.07979,0.0180922,0.0352576,0.0513602,0.0184288,0.028738,0.070204,0.0184632,0.04297,0.0571716,0.0207078,0.0430418,0.101211,0.0184364,0.0355528,0.040355,0.0791368,0.0170402,0.045802,0.1120304,0.019841,0.0380894,0.049083,0.019036,0.093161,0.1152673,0.0211958,0.0422704,0.0622676,0.0151198,0.0416878,0.1338226,0.1137398,0.017547,0.0283424,0.047063,0.0202566,0.0504056,0.1552708,0.016546,0.033869,0.0506298,0.017232,0.065361,0.1066178,0.0164296,0.0460796,0.0566236,0.020722,0.0326244,0.085674,0.0180264,0.064521,0.0389732,0.0336338,0.109089,0.093741,0.02008,0.052693,0.1223112,0.0166718,0.0616442,0.100476,0.0168278,0.032863,0.0450932,0.0198602,0.071396,0.048208,0.0785856,0.019186,0.0334896,0.0709036,0.0233974,0.0503036,0.214016,0.0147016,0.040481,0.055676,0.0196545,0.0600702,0.1004344,0.0183488,0.0314718,0.1233438,0.0250488,0.0510214,0.1487782,0.0187728,0.0307646,0.0531382,0.0177428,0.1029584,0.1246136,0.0176388,0.0533942,0.0520384,0.0203514,0.0422846,0.0860552
0.019996,0.0431806,0.0477666,0.0150134,0.036137,0.1550992,0.0174492,0.0325326,0.0525962,0.018038,0.0543312,0.1568198,0.0210634,0.033197,0.0690114,0.023759,0.0387536,0.1054584,0.017766,0.0459286,0.0556796,0.0174202,0.0478969,0.1522126,0.0188756,0.0365016,0.045789,0.0141912,0.0373874,0.0392278,0.063566,0.0161564,0.032749,0.0610662,0.0179888,0.047082,0.0897722,0.0172104,0.0360338,0.0674068,0.021455,0.0469514,0.2072064,0.0188536,0.0335272,0.0468002,0.0252366,0.0390524,0.0848158,0.0225332,0.0282106,0.0547512,0.0220676,0.1517528,0.1288288,0.0153848,0.0565216,0.049131,0.0229826,0.0377197,0.0995368,0.016729,0.0346062,0.0466368,0.0204341,0.0352286,0.1544042,0.0175578,0.0348956,0.0795628,0.0165428,0.044345,0.0894447,0.0195152,0.0400542,0.0496602,0.0219068,0.048233,0.1363542,0.0166509,0.0340466,0.049695,0.0176266,0.066911,0.080468,0.0178702,0.036963,0.0553708,0.0178424,0.0295806,0.072865,0.0196818,0.04394,0.0601152,0.0205034,0.0452282,0.1081294,0.018913,0.0379266,0.042221,0.0822136,0.0177884,0.0496662,0.1197376,0.0193154,0.0393774,0.0502542,0.01939,0.0993414,0.1229919,0.0217806,0.0436042,0.0644066,0.0159674,0.044403,0.1432098,0.1249998,0.0190798,0.0284156,0.0480034,0.021881,0.0533226,0.163946,0.0166578,0.0370846,0.0517506,0.0177238,0.0716594,0.1180012,0.0165646,0.048654,0.0593106,0.0204428,0.03367,0.0904586,0.0182454,0.0680032,0.039421,0.0363104,0.1177432,0.097197,0.0200628,0.058055,0.132483,0.0160502,0.0676626,0.1063512,0.017249,0.0343666,0.0455006,0.0212446,0.0780994,0.0498566,0.0811868,0.0195826,0.034645,0.0750942,0.0248074,0.053207,0.2254264,0.0151308,0.04276,0.0566004,0.0193774,0.0633412,0.107342,0.016754,0.0316938,0.1347862,0.0257598,0.057683,0.1644258,0.0190272,0.0296384,0.053994,0.0158318,0.1097604,0.1309804,0.0185732,0.0563252,0.053601,0.0198778,0.0432352,0.0877782
0.0210822,0.0435878,0.049076,0.0149265,0.0382214,0.1619202,0.017445,0.033026,0.0521616,0.017764,0.0574968,0.1626942,0.0215374,0.0341782,0.0736842,0.0242292,0.0429114,0.1100046,0.018263,0.0479564,0.0556454,0.0174266,0.0491243,0.1612814,0.0188534,0.0383276,0.048322,0.0145618,0.0396188,0.0420318,0.0631638,0.0161552,0.0344486,0.0645618,0.018244,0.0477776,0.0950624,0.0174436,0.0374266,0.0696224,0.0215312,0.0508856,0.2175624,0.0193432,0.0331462,0.0485534,0.0259632,0.04101,0.0883009,0.0227046,0.0281246,0.0564152,0.0222082,0.1665492,0.1337504,0.016147,0.0599508,0.0493278,0.0243422,0.0398515,0.1053184,0.0167158,0.0347162,0.0470268,0.0206533,0.0353382,0.1597272,0.0179034,0.0336717,0.082688,0.0170254,0.0461356,0.098165,0.0188968,0.0416706,0.0510962,0.022473,0.051878,0.143256,0.0162705,0.0344836,0.051281,0.0182564,0.0719778,0.0813694,0.0176368,0.0379306,0.0598904,0.0182894,0.029476,0.077185,0.0198994,0.045135,0.0642868,0.0221363,0.0474074,0.112409,0.0199226,0.0399076,0.0436886,0.0852772,0.019133,0.052619,0.1296704,0.0199048,0.0399938,0.0530284,0.0185862,0.1056254,0.1321225,0.0212534,0.044044,0.0665368,0.016098,0.044884,0.1500746,0.1345794,0.01828,0.030126,0.0515724,0.022469,0.0554226,0.171338,0.016282,0.0364956,0.054436,0.017939,0.0785764,0.1263826,0.0160992,0.051052,0.060137,0.0198688,0.0336802,0.0922284,0.0187136,0.0742496,0.043419,0.0385088,0.1232454,0.103059,0.0192984,0.0590704,0.1429398,0.0169824,0.0705148,0.1117706,0.0182648,0.0362808,0.0472146,0.0216526,0.0853258,0.053,0.0835564,0.0199006,0.0358184,0.0767322,0.025616,0.054493,0.2400796,0.0157002,0.045322,0.0592044,0.018549,0.0657476,0.1139494,0.0174154,0.0337486,0.1476142,0.0258892,0.0617134,0.1755976,0.0196072,0.0320298,0.056665,0.0157552,0.1165586,0.1370834,0.0184572,0.0582706,0.0564908,0.0204978,0.0466204,0.0909862
0.0207916,0.0453844,0.0498712,0.0143935,0.0399114,0.1684668,0.0176812,0.0348328,0.056035,0.0181852,0.061271,0.1711096,0.0217668,0.0357938,0.0787814,0.0250672,0.0448084,0.1173392,0.0186624,0.0502164,0.0578876,0.0182044,0.0501283,0.1691102,0.0196844,0.0408332,0.0506988,0.0158732,0.040866,0.0447504,0.0660512,0.0171336,0.0347412,0.0674962,0.019905,0.0489224,0.1001904,0.0184008,0.0390696,0.072885,0.0218988,0.050619,0.228383,0.0193594,0.0334618,0.049889,0.0249406,0.0440756,0.0917481,0.0227896,0.0289476,0.0569074,0.021981,0.1806566,0.1375058,0.016201,0.0643918,0.0510952,0.0264872,0.0416087,0.1102368,0.0175426,0.03513,0.0485232,0.020897,0.0377708,0.16854,0.0185308,0.0344597,0.0874888,0.0183056,0.0464916,0.1060234,0.018773,0.042859,0.0537082,0.022914,0.0555158,0.148435,0.0163137,0.0360842,0.0567746,0.0181842,0.07477,0.083972,0.0185182,0.0400676,0.0617502,0.017128,0.031333,0.0816342,0.0195812,0.0479138,0.069468,0.0216055,0.0496002,0.1168346,0.020214,0.0407956,0.0442616,0.091533,0.0193682,0.053801,0.1342262,0.019728,0.0413802,0.0553322,0.0190366,0.1131408,0.1391374,0.0205994,0.0466612,0.0708328,0.015567,0.0476666,0.1623488,0.145801,0.017482,0.0300134,0.0553422,0.022657,0.0612118,0.1785024,0.0166806,0.0377606,0.056387,0.0187596,0.0854182,0.1363452,0.0159738,0.0527316,0.0624018,0.020819,0.0336886,0.0932316,0.019163,0.0796618,0.0445,0.0383666,0.1261052,0.1077676,0.0192444,0.0612928,0.1537772,0.0164916,0.0748246,0.1161664,0.0187942,0.0367814,0.0506644,0.021931,0.090758,0.0548438,0.08678,0.0196054,0.0356092,0.0813922,0.0271348,0.0577078,0.245739,0.0161171,0.0458988,0.0602928,0.0193466,0.0685626,0.1182076,0.0185838,0.0340734,0.1595026,0.028277,0.064735,0.1924664,0.0203796,0.033684,0.0588058,0.0158488,0.1218424,0.1450768,0.0188844,0.062529,0.058146,0.0215768,0.0471896,0.0946546
0.0205926,0.0468098,0.0529348,0.0137646,0.0417578,0.1775052,0.0182398,0.0354794,0.0587492,0.0182248,0.0699844,0.17917,0.0223582,0.036944,0.0785594,0.0264606,0.0473764,0.1219124,0.019683,0.0532512,0.061133,0.01868,0.0537309,0.1813274,0.0191898,0.0430752,0.053036,0.0159744,0.042264,0.0492576,0.0672532,0.0178502,0.0347532,0.0703576,0.0192704,0.0515292,0.1032224,0.0182796,0.0413556,0.074411,0.021867,0.0526292,0.2376302,0.01934,0.0349088,0.0530342,0.0244436,0.0442064,0.0994459,0.022589,0.0293872,0.0603868,0.0216976,0.2000224,0.1402098,0.016709,0.0673658,0.05237,0.0280264,0.0430829,0.1143818,0.0179296,0.035075,0.0488018,0.0215342,0.0386164,0.1820068,0.0190686,0.0360179,0.094544,0.0195932,0.0481352,0.1100772,0.0194698,0.0449276,0.0554812,0.0239322,0.0554592,0.1590854,0.0167575,0.0375214,0.0600004,0.0185402,0.0803356,0.0865172,0.0184534,0.0411514,0.0653868,0.018676,0.0321376,0.0851902,0.0193594,0.048649,0.073347,0.0214373,0.0503864,0.1240296,0.0209676,0.0420344,0.0451796,0.0948218,0.0191934,0.0550612,0.1381906,0.0200166,0.0431244,0.058843,0.0193826,0.1202135,0.1468898,0.0212682,0.0480408,0.0738442,0.0161998,0.0499032,0.1721792,0.1616966,0.0173708,0.030936,0.0618768,0.0242068,0.0647916,0.1851054,0.0165746,0.0386388,0.0587636,0.0190572,0.097257,0.1549226,0.0163392,0.053627,0.0626368,0.02067,0.0338422,0.0986724,0.0190318,0.081723,0.0459332,0.0399976,0.134779,0.111348,0.0201904,0.0627818,0.162522,0.0159556,0.0794276,0.1231636,0.018616,0.0364484,0.0501226,0.0211822,0.0943252,0.0586932,0.0922408,0.0195134,0.0365736,0.0822686,0.0289508,0.0609014,0.2515896,0.0180931,0.0486138,0.0633538,0.0190504,0.0709884,0.123526,0.0179024,0.0359878,0.1710136,0.0289682,0.066655,0.2066308,0.0203582,0.034756,0.0588662,0.0161962,0.130337,0.1505552,0.0191126,0.0638168,0.060774,0.022167,0.0492128,0.0993484
0.0210222,0.0473888,0.0558726,0.0149831,0.0424604,0.1839667,0.018542,0.0356318,0.061174,0.0186532,0.0742474,0.1888524,0.0220299,0.0378662,0.0809714,0.0281748,0.050062,0.127118,0.0196248,0.0556774,0.063974,0.0190482,0.056954,0.1900508,0.019642,0.044962,0.0558168,0.0154006,0.0439666,0.052386,0.0699714,0.0177564,0.0353,0.0717528,0.0190418,0.053123,0.1111186,0.0180643,0.0424806,0.0752468,0.0218726,0.0543124,0.2441572,0.0190966,0.0361244,0.056171,0.0247388,0.046843,0.1050283,0.0227326,0.0291476,0.063674,0.02198,0.2131658,0.1455606,0.0169796,0.0715818,0.0545418,0.0287992,0.0442449,0.1165676,0.0171108,0.0352834,0.0500106,0.0221962,0.0396848,0.1979356,0.0196288,0.0371263,0.0995948,0.019754,0.0499826,0.118088,0.0193014,0.0464908,0.057172,0.0239976,0.0581734,0.1672992,0.0180089,0.0382872,0.0635874,0.019191,0.0866116,0.0883824,0.0188169,0.0428004,0.069903,0.0178546,0.033119,0.0908446,0.0206796,0.0507084,0.0792998,0.0218901,0.0533264,0.1311684,0.0198828,0.0454006,0.0471114,0.0986588,0.0186264,0.059796,0.1440234,0.020918,0.043075,0.0620304,0.0193522,0.1297731,0.156906,0.0216098,0.0495094,0.0774428,0.0162463,0.0518904,0.1766518,0.1698918,0.0176942,0.0325578,0.0657996,0.0245744,0.0680918,0.1913258,0.0173378,0.0393448,0.061293,0.0196342,0.1015178,0.1701048,0.0169174,0.0550124,0.0646178,0.0214166,0.034382,0.1040314,0.020213,0.0845304,0.0474436,0.0414452,0.142894,0.1153692,0.019812,0.0663416,0.168191,0.0160622,0.0852428,0.12626,0.0188674,0.0390626,0.048964,0.0213404,0.1028172,0.0639776,0.097747,0.0197908,0.0383954,0.083241,0.029666,0.0636048,0.2601506,0.0178198,0.0513398,0.066196,0.018357,0.075977,0.1293298,0.0177998,0.037513,0.1798126,0.0306496,0.0724032,0.2191806,0.0195448,0.0351044,0.0618826,0.0159122,0.1352244,0.1544292,0.0193184,0.0679128,0.0614678,0.0236494,0.048962,0.1053124
0.0209124,0.0483476,0.0569576,0.0150425,0.044689,0.1913981,0.0185776,0.036659,0.0616896,0.019938,0.0795752,0.1954158,0.0230472,0.0421838,0.0842426,0.0293118,0.053954,0.1325862,0.0190206,0.0606016,0.0683614,0.019584,0.0581228,0.204547,0.0205218,0.0461774,0.060113,0.0165063,0.0440046,0.0560838,0.071877,0.0179542,0.0354632,0.0753506,0.0191096,0.0533836,0.1187154,0.0179154,0.0445984,0.0773348,0.022752,0.0545308,0.2499282,0.0190534,0.0378852,0.0570812,0.0247254,0.0482564,0.1112407,0.0230426,0.029182,0.0661588,0.0217956,0.2275154,0.149238,0.0173808,0.0776582,0.0537882,0.0327468,0.045758,0.1222342,0.0178016,0.0372408,0.0512004,0.023104,0.0404464,0.2105264,0.0203088,0.0395905,0.1088416,0.0201606,0.0524072,0.1265194,0.020368,0.0468702,0.059794,0.0241068,0.0614538,0.1745286,0.0174039,0.03807,0.0656626,0.0202036,0.0918366,0.0888588,0.0185881,0.044763,0.0740606,0.017563,0.0341564,0.0961314,0.0209624,0.0514114,0.0842482,0.0214698,0.054597,0.1370234,0.0207004,0.0483418,0.0478656,0.1040918,0.0183032,0.0605182,0.1489364,0.02077,0.0433354,0.0667598,0.020002,0.1318859,0.1618958,0.022245,0.0517118,0.0794782,0.0175807,0.0539008,0.1839954,0.1794568,0.0174566,0.0339794,0.0701448,0.0264156,0.0708742,0.1967362,0.018492,0.0410226,0.0653108,0.0197366,0.1079008,0.18844,0.0167984,0.0555226,0.0675764,0.0227598,0.0347216,0.1071604,0.0200228,0.090446,0.04821,0.0433892,0.1489126,0.1208434,0.020328,0.0708282,0.1718214,0.0159544,0.0882754,0.1300436,0.0181242,0.04025,0.0512308,0.0215946,0.1052738,0.0673242,0.1038266,0.0198796,0.0404404,0.0887316,0.032193,0.066512,0.2714304,0.019239,0.054066,0.0674216,0.0193362,0.077955,0.1339316,0.0176056,0.0391894,0.1876108,0.0318574,0.077594,0.2308806,0.0191212,0.0360284,0.0664108,0.01469,0.1410278,0.1642052,0.019483,0.071768,0.0635502,0.0244176,0.0500142,0.1086758
0.0218172,0.0495518,0.058623,0.0156307,0.0475662,0.1973895,0.0191044,0.0389894,0.0631278,0.0226472,0.0864928,0.2017112,0.0230191,0.0418034,0.0888752,0.0301702,0.05849,0.1372398,0.0184128,0.0636186,0.0705696,0.0202086,0.0597741,0.2161844,0.0196668,0.0467972,0.0613046,0.0170155,0.0452284,0.0608508,0.0746118,0.0171226,0.0371646,0.0793634,0.0204222,0.0551977,0.124879,0.0177844,0.0454114,0.082589,0.023734,0.0586962,0.2575664,0.0198374,0.0384378,0.0593744,0.0250914,0.0498102,0.1165855,0.0231838,0.0313036,0.0663954,0.0222048,0.2422104,0.15374,0.016754,0.0818334,0.0558704,0.0333988,0.0491098,0.1251108,0.0181012,0.0385488,0.052414,0.0222936,0.0405466,0.227232,0.0205006,0.0405645,0.1165614,0.021427,0.0544304,0.138504,0.020213,0.049435,0.0621936,0.0248942,0.0638514,0.1784722,0.01728,0.0410374,0.0672758,0.0195832,0.0982074,0.090275,0.0191387,0.0463382,0.0785482,0.018078,0.0348894,0.0967386,0.0211474,0.052781,0.0878128,0.0236694,0.058378,0.142689,0.0211468,0.0501424,0.0487186,0.1081582,0.018704,0.0613402,0.155235,0.0202952,0.0440962,0.0724074,0.021141,0.139774,0.1690322,0.0233896,0.0532572,0.0841644,0.0166415,0.0548542,0.1909592,0.186741,0.018877,0.0336604,0.0744138,0.0278412,0.0712508,0.2012888,0.0175954,0.0433736,0.0680084,0.019991,0.1114926,0.2021186,0.0179004,0.057342,0.0681998,0.023562,0.035594,0.1115842,0.020354,0.0968232,0.049349,0.044869,0.1529652,0.1256914,0.0214288,0.0733428,0.175035,0.0167282,0.0907778,0.133319,0.0211758,0.0433112,0.051446,0.0208556,0.1104566,0.0710032,0.1080128,0.020703,0.0432704,0.0911686,0.033227,0.0693532,0.2746032,0.0197996,0.0550358,0.0682318,0.0202266,0.0825912,0.1419988,0.0189066,0.040667,0.1914974,0.0333754,0.0827748,0.2386616,0.018229,0.0369068,0.0686124,0.0151232,0.1437874,0.172321,0.0205812,0.0770362,0.066097,0.0252424,0.0510114,0.1168446
0.021858,0.050491,0.0611138,0.0163627,0.0485596,0.2061913,0.0192586,0.0403716,0.0633762,0.0228406,0.0919924,0.2049118,0.0239066,0.0434484,0.0909678,0.0293508,0.0644088,0.1417464,0.0178828,0.070542,0.073662,0.0204964,0.0610096,0.2248744,0.02017,0.0498704,0.062466,0.0175255,0.0475738,0.0667086,0.0752938,0.0180576,0.0376724,0.084345,0.0197806,0.0577055,0.1277618,0.0170484,0.046773,0.0841086,0.0225774,0.0600786,0.2631702,0.0205898,0.0383962,0.0605514,0.024905,0.0519336,0.1233581,0.0236534,0.0328428,0.0671024,0.0231422,0.2527846,0.159359,0.0167016,0.0881236,0.05731,0.0379029,0.05115,0.1304944,0.017766,0.0393972,0.0533278,0.0225728,0.0406934,0.24406,0.0207228,0.0438693,0.1236042,0.0230188,0.0555532,0.1493992,0.0191968,0.0503924,0.063906,0.0251212,0.0637858,0.1874152,0.0171896,0.041781,0.0723634,0.018937,0.1006482,0.0923578,0.0196289,0.05069,0.0829608,0.0183422,0.0360472,0.1013906,0.021615,0.0538472,0.0899544,0.0246688,0.0621972,0.147875,0.0217916,0.0538682,0.0507968,0.1143522,0.020008,0.062991,0.1624016,0.0198918,0.0451452,0.0777166,0.022,0.1468138,0.1791928,0.0236572,0.0542414,0.0897234,0.019032,0.0571392,0.1981734,0.1995274,0.0183818,0.0357724,0.0764202,0.0284752,0.075325,0.2063436,0.0173824,0.045215,0.0709432,0.0201036,0.1190342,0.2114584,0.01821,0.0601962,0.0719102,0.0242856,0.035899,0.114595,0.019758,0.0997736,0.0512126,0.0480956,0.158016,0.129733,0.022389,0.0785926,0.1818318,0.0172468,0.0948124,0.138526,0.0212818,0.044425,0.053503,0.0230532,0.1169182,0.0752034,0.110628,0.020225,0.0439896,0.0930478,0.0348444,0.0739656,0.2829748,0.0196116,0.0557912,0.0697364,0.0204688,0.085657,0.1467226,0.0186426,0.0424656,0.2056694,0.035569,0.0870962,0.2486854,0.0177708,0.0391832,0.0709372,0.0148834,0.1497726,0.1781644,0.0210342,0.0796564,0.0683652,0.0252198,0.0526512,0.1202102
0.020814,0.0514424,0.0651336,0.0169737,0.054997,0.2137593,0.01954,0.042004,0.0663206,0.022351,0.0980646,0.2074864,0.0237444,0.04489,0.0939308,0.0308498,0.0681562,0.1429118,0.0171474,0.0738304,0.0769552,0.0204138,0.0639678,0.2389784,0.0205918,0.0520559,0.0643718,0.0167248,0.0506684,0.070412,0.0780636,0.0170734,0.039099,0.0883332,0.021136,0.0593896,0.1327212,0.016439,0.048421,0.084953,0.0245682,0.0629218,0.2742956,0.0215064,0.0406868,0.0618544,0.0251224,0.0558776,0.1291751,0.0237058,0.0330974,0.0690888,0.0233988,0.2619164,0.1662244,0.016389,0.0920026,0.0567578,0.0409687,0.0528584,0.1391436,0.017365,0.0392662,0.0545402,0.023409,0.0434036,0.264417,0.020857,0.0473746,0.129961,0.0239346,0.057372,0.1549126,0.0204068,0.0513588,0.0651104,0.0265138,0.0664886,0.192454,0.0169574,0.0433356,0.0747028,0.0183498,0.1049234,0.0915752,0.0192165,0.0531274,0.0853078,0.0188232,0.0362562,0.1045978,0.0226418,0.0567552,0.0924606,0.0256742,0.0623214,0.1534706,0.0215008,0.0563056,0.0526586,0.1250824,0.0203902,0.0653326,0.1690632,0.0212536,0.0466408,0.0831892,0.0221216,0.1504466,0.1843442,0.0238586,0.0552308,0.093328,0.0184318,0.061992,0.205752,0.2076236,0.0180972,0.0370834,0.0798924,0.0301084,0.0776102,0.2125484,0.0185736,0.0483038,0.0737742,0.0200658,0.1233674,0.224213,0.0181824,0.0625424,0.072379,0.0243728,0.0362094,0.1202098,0.0192908,0.1032246,0.0508154,0.050582,0.1604304,0.1327338,0.02323,0.0831446,0.1860918,0.0171778,0.0982464,0.1446444,0.0205784,0.0447026,0.055634,0.023292,0.1178956,0.079929,0.1162478,0.0203368,0.0463624,0.096621,0.0369354,0.079471,0.2898304,0.020553,0.0577,0.0724144,0.0215768,0.0895418,0.1523548,0.018608,0.0433258,0.213905,0.0367134,0.0930596,0.2628416,0.0170972,0.03939,0.0730502,0.0156628,0.1557624,0.183453,0.0212108,0.0840688,0.0716492,0.0259768,0.0543392,0.1244802
0.0215936,0.0533468,0.0680902,0.0166086,0.0583926,0.2182506,0.0194492,0.042977,0.0661276,0.0230182,0.1054166,0.2158338,0.0236868,0.0451188,0.099334,0.0321182,0.0725834,0.1488894,0.0175336,0.0775702,0.0799916,0.0204234,0.0657608,0.2531694,0.0208302,0.0531765,0.0686244,0.0167034,0.0517938,0.073884,0.0805056,0.0164208,0.0414638,0.093056,0.0218886,0.0609074,0.1414196,0.0162466,0.0507402,0.086721,0.0267876,0.0640478,0.2809196,0.0222192,0.041227,0.0659792,0.0247882,0.0577412,0.1343392,0.0237844,0.0340386,0.0686384,0.022501,0.2701106,0.1701468,0.016412,0.0956408,0.0587544,0.0433729,0.0540922,0.1411396,0.0193354,0.0410204,0.0565526,0.0251632,0.043845,0.2854958,0.0215732,0.0484904,0.1360508,0.0244322,0.059488,0.1643408,0.0200834,0.0521352,0.0687388,0.026732,0.0692736,0.1983616,0.0168764,0.0449726,0.0781458,0.0192134,0.108585,0.0934652,0.0197282,0.0574544,0.0905094,0.019377,0.0372468,0.109288,0.0233244,0.060531,0.0962724,0.0258266,0.0641178,0.1588958,0.0225462,0.059897,0.0543012,0.1304398,0.020584,0.067567,0.1743986,0.021847,0.0481346,0.0889548,0.022873,0.1569844,0.1885038,0.0235954,0.0573022,0.0963686,0.0182116,0.0642056,0.2144646,0.219292,0.019883,0.0374682,0.0853416,0.030707,0.081931,0.2156494,0.0187656,0.0499286,0.0761232,0.0203498,0.1300528,0.2403254,0.0173522,0.0636884,0.0750212,0.0238862,0.0379976,0.1242626,0.0193106,0.110579,0.0537948,0.0522406,0.1644936,0.1367782,0.0229136,0.0857064,0.1865858,0.0168202,0.1015932,0.1499342,0.019968,0.0479182,0.0571234,0.02293,0.1241912,0.0834362,0.1215032,0.0211886,0.0487712,0.0991378,0.0372048,0.0819268,0.2925922,0.0213568,0.059943,0.072478,0.0226366,0.0920934,0.1551702,0.0190148,0.045498,0.224936,0.0377656,0.100015,0.2753326,0.0182552,0.0413808,0.075578,0.0167762,0.1609184,0.1896772,0.0213962,0.0865928,0.071943,0.025528,0.0562542,0.1272718
0.022449,0.0555078,0.0701746,0.017107,0.059793,0.2255282,0.0194588,0.042812,0.0676238,0.0240356,0.110978,0.2207908,0.023737,0.0467556,0.1051796,0.0330528,0.0770532,0.1519364,0.0178972,0.0836618,0.0831262,0.0204464,0.0685652,0.266698,0.0201934,0.0555707,0.0709266,0.016492,0.0551234,0.0775318,0.0822374,0.0170526,0.0431566,0.0977302,0.021082,0.0627184,0.1484132,0.0162679,0.052576,0.0884818,0.0273236,0.0669162,0.2883182,0.0217358,0.042628,0.0670726,0.024779,0.062129,0.1401694,0.0235232,0.0354456,0.0706204,0.0219832,0.2832496,0.1733938,0.0148598,0.100015,0.0598098,0.0455331,0.0559982,0.145239,0.0191034,0.042105,0.0562604,0.0268978,0.0450338,0.3091138,0.0213712,0.051741,0.1455822,0.024103,0.0609814,0.1731964,0.0195342,0.0542624,0.0709378,0.02759,0.0734134,0.2026082,0.016372,0.04691,0.0788036,0.019112,0.1171242,0.0943278,0.0207024,0.0595052,0.0987248,0.0189918,0.0372524,0.1125408,0.0246074,0.06124,0.102129,0.0264626,0.0657236,0.1614402,0.0222082,0.0609012,0.0559404,0.1365656,0.0215328,0.0700792,0.1810658,0.0222772,0.0491264,0.0933478,0.0227372,0.1623004,0.1972448,0.0236314,0.0603316,0.0981448,0.01771,0.0689042,0.2204428,0.2243268,0.0206946,0.038226,0.0893278,0.0324334,0.0848632,0.2196812,0.019366,0.054781,0.0800418,0.0206594,0.1346626,0.2601596,0.0177728,0.0662156,0.077342,0.0242288,0.0404624,0.1293704,0.0199126,0.1154418,0.0541592,0.0558734,0.1671896,0.1394978,0.0233712,0.0897836,0.1898464,0.0172928,0.1066004,0.1542042,0.02143,0.0500976,0.0589974,0.0229676,0.128486,0.0896478,0.1274582,0.020848,0.051423,0.1018132,0.039364,0.0838274,0.297257,0.0206292,0.0624308,0.0750576,0.0233084,0.0957684,0.163317,0.0197344,0.0466756,0.2340644,0.0372816,0.1054594,0.281579,0.0176948,0.041561,0.0791296,0.0161544,0.166011,0.1941934,0.0212014,0.0921274,0.0735282,0.0271768,0.0586174,0.1326306
0.0234276,0.057893,0.0726562,0.0177064,0.0626336,0.2320316,0.0185514,0.0442568,0.070283,0.025529,0.1165208,0.2248402,0.024037,0.0488084,0.1047656,0.033312,0.0835052,0.1569686,0.0178688,0.0867936,0.0863632,0.0206836,0.0708278,0.2719818,0.02069,0.0579983,0.075888,0.0156738,0.0563814,0.079952,0.085703,0.015187,0.046237,0.0998678,0.0229674,0.0660992,0.1538808,0.0160634,0.0551974,0.092742,0.028305,0.0704312,0.2911923,0.0212752,0.0446432,0.0703536,0.0254112,0.06494,0.1444342,0.023275,0.0355966,0.0742084,0.0222102,0.2911572,0.1799556,0.0151432,0.1032386,0.0607458,0.0503999,0.0590712,0.1507668,0.019543,0.0419582,0.0579536,0.0267326,0.047119,0.3353442,0.0214986,0.05722,0.1541466,0.0255244,0.0627466,0.1810698,0.0197854,0.0547488,0.0740066,0.0275484,0.0773604,0.2049552,0.0159076,0.04877,0.0823508,0.018781,0.1221762,0.0962796,0.0212944,0.0631642,0.1033154,0.019447,0.039139,0.1125184,0.0247786,0.0641578,0.1048492,0.0266552,0.0686132,0.16614,0.0228548,0.0641986,0.0563458,0.1422368,0.0236432,0.0745992,0.1891946,0.021814,0.0521356,0.0980836,0.0234096,0.1641852,0.2025944,0.0232174,0.0643442,0.1001716,0.0171728,0.0741956,0.2267978,0.2304188,0.0210446,0.038171,0.0917798,0.0333596,0.0902862,0.2222994,0.0192664,0.0584006,0.084481,0.0206952,0.1388268,0.2710542,0.0180874,0.0700948,0.080029,0.0248798,0.0401284,0.1352716,0.0194224,0.1217998,0.0547352,0.0585222,0.1704956,0.1420088,0.0233412,0.0941206,0.1945824,0.017152,0.1105304,0.1575934,0.0209528,0.0523286,0.0601706,0.0224294,0.1349912,0.0934534,0.1290494,0.020196,0.0521518,0.1089618,0.041487,0.0858012,0.3003722,0.0205542,0.0646836,0.0777456,0.0235256,0.0991608,0.1718944,0.020132,0.0503704,0.2429806,0.037964,0.1138772,0.2847758,0.0179514,0.0416418,0.0794494,0.0153424,0.1714782,0.2013782,0.0219422,0.0946944,0.076394,0.0282262,0.0601266,0.1363272
0.0232004,0.0579804,0.0746664,0.0173828,0.065168,0.2386424,0.0181796,0.0455428,0.0708412,0.0255266,0.1221924,0.2285392,0.0242944,0.0523422,0.1105684,0.0346128,0.089592,0.1638532,0.0181714,0.0921084,0.094287,0.0203444,0.0716722,0.2757556,0.020823,0.0592193,0.0789486,0.0154948,0.0588996,0.0853902,0.087989,0.0150958,0.0481656,0.1035112,0.0236898,0.0672692,0.1640362,0.0163864,0.0569142,0.0963406,0.0301336,0.0750352,0.295788,0.0211512,0.0463856,0.0749292,0.0265508,0.0686678,0.1530693,0.0242116,0.0360386,0.0747926,0.0226862,0.294549,0.1852836,0.0162838,0.1073362,0.0634154,0.0542978,0.0602046,0.155874,0.0198384,0.0422138,0.0594736,0.0264012,0.0488524,0.3560316,0.0219492,0.0592506,0.1611634,0.0253152,0.0660012,0.1924628,0.0211292,0.0575888,0.075005,0.0286872,0.0806196,0.2071878,0.0160566,0.0502774,0.0835668,0.018546,0.1255706,0.0978178,0.020356,0.0660978,0.1078486,0.0201878,0.0425646,0.1179556,0.0256776,0.0650728,0.1085858,0.0269592,0.072149,0.1703196,0.0222998,0.0668546,0.0560932,0.1501118,0.0268848,0.0783772,0.1955696,0.0223584,0.0529516,0.104589,0.02348,0.170443,0.2052674,0.0240254,0.0659002,0.1033702,0.016961,0.0797944,0.2334088,0.2391234,0.0219976,0.0388176,0.0961328,0.0338844,0.0936132,0.2295462,0.0188958,0.060966,0.0866454,0.020313,0.1406168,0.2787288,0.0181732,0.0729652,0.0815924,0.024662,0.0416264,0.1406666,0.0195702,0.1252436,0.0552802,0.06083,0.1720306,0.1432308,0.023331,0.0974998,0.197915,0.0173294,0.1154712,0.1601514,0.0210996,0.05537,0.0609708,0.0235766,0.1386136,0.097645,0.1317924,0.0205008,0.0531206,0.1151856,0.0438138,0.087984,0.3038308,0.020646,0.0669198,0.0788582,0.0245086,0.0993542,0.1793862,0.0202006,0.0514546,0.2488532,0.0397978,0.1151596,0.2931524,0.0179774,0.043923,0.0815616,0.0164006,0.1763046,0.2059576,0.0226788,0.0994004,0.0761572,0.028899,0.0631934,0.1406056
0.0214486,0.0602104,0.07995,0.0188078,0.0697676,0.2420342,0.0196904,0.0471286,0.0736144,0.0265198,0.1311002,0.233829,0.0246974,0.05425,0.1122852,0.0365506,0.0965098,0.165191,0.0186682,0.0969436,0.0993358,0.0191924,0.0750496,0.2874824,0.0222086,0.0623878,0.081067,0.0168684,0.0580426,0.089995,0.090954,0.0162448,0.052531,0.1077714,0.0242448,0.0704944,0.1709454,0.016702,0.0587344,0.0971864,0.0314544,0.0789052,0.299395,0.021018,0.0471422,0.0771058,0.0271436,0.0722088,0.1577147,0.0237234,0.0369604,0.0748786,0.0231788,0.3010364,0.187852,0.017597,0.1121866,0.0637557,0.0546664,0.062681,0.1643206,0.020154,0.0436814,0.0614864,0.0263934,0.0502076,0.3725632,0.02285,0.0620682,0.1694944,0.0269304,0.0682802,0.2057912,0.0209088,0.0593862,0.0781027,0.0302342,0.0846942,0.2128478,0.0153876,0.0520592,0.0861822,0.0191208,0.1295436,0.098504,0.0212352,0.0691662,0.1126758,0.0198862,0.0447194,0.1193602,0.0253354,0.0665282,0.1132066,0.027298,0.0726262,0.1743286,0.0233714,0.068438,0.0562532,0.1547976,0.0273974,0.0826672,0.1984112,0.0232206,0.0553238,0.1113888,0.023168,0.1747468,0.2104822,0.024323,0.0667784,0.107392,0.0174076,0.0842352,0.2370872,0.2420112,0.02252,0.040276,0.0984854,0.033797,0.0946858,0.2325438,0.018499,0.0670588,0.0896142,0.0202174,0.1471266,0.2883254,0.0173806,0.075411,0.0843746,0.0253466,0.0430038,0.144518,0.0196612,0.129317,0.058918,0.0623666,0.1738306,0.1474866,0.0229764,0.1042084,0.1989898,0.0166366,0.11882,0.1655032,0.0211234,0.0585414,0.0605712,0.024752,0.1415394,0.1028156,0.1373486,0.0215352,0.0548252,0.1190638,0.0459756,0.0896276,0.3074102,0.0215176,0.0685572,0.0821054,0.0247314,0.1026774,0.186522,0.0203302,0.0528164,0.250163,0.04242,0.122739,0.295532,0.0173532,0.0453056,0.0841714,0.0169474,0.179932,0.2127816,0.0218998,0.1018662,0.0776028,0.030357,0.0665682,0.1488888
0.0217086,0.0622426,0.0821314,0.0191864,0.0715234,0.2475974,0.0192452,0.0488392,0.0767238,0.027314,0.1382182,0.2351926,0.0248778,0.057527,0.1162264,0.0369314,0.1041642,0.1707226,0.0189574,0.1036732,0.1045768,0.0187008,0.076831,0.2923876,0.0227878,0.0653708,0.0830136,0.0177276,0.0606944,0.0931998,0.0927426,0.0183362,0.0550426,0.1088738,0.0244816,0.072126,0.1731446,0.0174788,0.0597958,0.0995288,0.032522,0.080393,0.2986926,0.0218616,0.0476962,0.0808996,0.0262038,0.0769018,0.1638602,0.0242628,0.0382384,0.0772164,0.023566,0.3042312,0.1907046,0.017366,0.1160314,0.0646659,0.0585068,0.0651914,0.1678286,0.0197636,0.0440786,0.063966,0.0263042,0.0518952,0.3998614,0.0238824,0.0674268,0.180478,0.0270928,0.0692042,0.2125248,0.0216688,0.060841,0.0794669,0.0305956,0.0898106,0.215301,0.0151238,0.053048,0.0889668,0.0196586,0.1367128,0.0986354,0.0210088,0.0752664,0.1205842,0.0204304,0.045703,0.1237376,0.0252124,0.0686128,0.1156424,0.028501,0.0765508,0.1748808,0.0227222,0.0695412,0.0576836,0.1588528,0.0276624,0.0853984,0.2081418,0.0249864,0.0557128,0.1198582,0.0231494,0.1792662,0.2150096,0.023142,0.0674696,0.110708,0.0184778,0.0910968,0.242213,0.2467416,0.023089,0.0410734,0.1014052,0.0361102,0.099221,0.2343194,0.0187384,0.0698962,0.0901242,0.019979,0.1501752,0.2970822,0.0196938,0.0782202,0.0866856,0.025394,0.0441748,0.1492702,0.019209,0.1332354,0.0587864,0.0660886,0.1790704,0.150296,0.0243456,0.1069624,0.2016028,0.016937,0.1248078,0.166874,0.0226062,0.0615656,0.0623674,0.0257676,0.1472158,0.109919,0.1421514,0.022176,0.0556327,0.122605,0.0491644,0.0911784,0.3107516,0.0215906,0.0708902,0.084572,0.026104,0.1045072,0.1903242,0.0200646,0.0529384,0.250936,0.0433992,0.1307002,0.2970262,0.0181714,0.0474146,0.0873448,0.0189508,0.1826176,0.2117736,0.0208102,0.1054988,0.0795826,0.0309836,0.0687876,0.1573732
0.02186,0.0659238,0.0846542,0.0204766,0.073078,0.2515482,0.019445,0.0516862,0.0768744,0.03007,0.1491824,0.2398788,0.0247504,0.059667,0.1177156,0.0365916,0.1087894,0.1744058,0.0196184,0.1123156,0.1088192,0.0187584,0.0777964,0.295179,0.0228234,0.0681206,0.0884282,0.0170794,0.0626022,0.0970544,0.0947588,0.01777,0.0601782,0.1108886,0.0261914,0.0738192,0.180059,0.0169818,0.0611496,0.1012508,0.0356366,0.0829172,0.2965634,0.0219666,0.049875,0.0847394,0.0266714,0.0778388,0.1715108,0.0247544,0.0385734,0.077739,0.0237686,0.3035886,0.1942616,0.0175386,0.1206118,0.0666401,0.0613516,0.067581,0.1719294,0.0193072,0.0445842,0.0640058,0.0270304,0.0526504,0.4110704,0.023629,0.069694,0.1900528,0.0284714,0.0700548,0.2172416,0.0219898,0.063565,0.0798861,0.031708,0.0959728,0.216666,0.0153382,0.056297,0.0919132,0.0201558,0.1387658,0.0983224,0.0213542,0.0815654,0.126657,0.0216884,0.0466174,0.1252202,0.0250452,0.072028,0.1193478,0.0290324,0.0776094,0.1792688,0.0216208,0.0709452,0.0593208,0.1647456,0.029051,0.090923,0.2170068,0.024705,0.0565994,0.12706,0.0231908,0.1793854,0.2150382,0.0226296,0.06887,0.1134364,0.0200488,0.0945512,0.250951,0.2523954,0.0225712,0.0434794,0.105298,0.0365562,0.1026446,0.239788,0.0181484,0.0714832,0.0946198,0.0199664,0.1519836,0.3062076,0.020622,0.0811792,0.0901438,0.026075,0.0441506,0.1533,0.0189386,0.1373498,0.0605418,0.0681,0.1809172,0.1536924,0.0244846,0.1102596,0.203176,0.0177448,0.1276066,0.1677144,0.0232128,0.0636622,0.0630752,0.026539,0.1563328,0.1155528,0.1490576,0.0216056,0.0612991,0.12614,0.050865,0.0938184,0.3142976,0.0218462,0.0728908,0.0847172,0.0271998,0.1080122,0.1993826,0.0214672,0.054936,0.2560152,0.043911,0.1366264,0.305823,0.0200026,0.047748,0.0889706,0.019069,0.1863176,0.2148808,0.0219126,0.1092828,0.0812188,0.0321118,0.0697446,0.1647578
0.0224596,0.0672212,0.0870722,0.0210394,0.075535,0.2541678,0.019102,0.0529448,0.0796544,0.0308919,0.1559786,0.2421934,0.0250392,0.0605584,0.1190754,0.0370496,0.115341,0.1778538,0.0210507,0.1177394,0.1154804,0.0199102,0.0794496,0.3017518,0.0225942,0.070659,0.0904744,0.0172976,0.066031,0.0983052,0.0967824,0.018356,0.065114,0.1118996,0.0273526,0.0779534,0.184886,0.0176838,0.0634874,0.105157,0.0369644,0.0848904,0.2990696,0.0224254,0.051402,0.0860034,0.0284904,0.0815596,0.1808728,0.0246922,0.0387366,0.0772476,0.0239262,0.3019966,0.1972206,0.0176748,0.1243736,0.0692917,0.065628,0.0682922,0.1795916,0.0194596,0.0453324,0.0657446,0.0272062,0.0549048,0.4240682,0.0239576,0.0708854,0.197828,0.029812,0.0715132,0.2279358,0.023767,0.0648174,0.0836407,0.0327732,0.1027904,0.2219952,0.0153932,0.05876,0.0949824,0.0203152,0.145697,0.0994732,0.021087,0.0855854,0.1305854,0.0210244,0.0476706,0.1261276,0.0250764,0.0738894,0.1238088,0.0298038,0.0800182,0.1812822,0.0230936,0.072256,0.0620392,0.170628,0.0296982,0.0962632,0.2283128,0.0257588,0.0570908,0.1364766,0.0237022,0.1839678,0.2209044,0.0233946,0.072341,0.1144208,0.0202866,0.0971722,0.2545214,0.2583896,0.0232464,0.0437522,0.109634,0.037745,0.106033,0.240577,0.0178566,0.0744428,0.0977456,0.0198954,0.1539202,0.3132408,0.021488,0.083452,0.0930512,0.0262938,0.0427002,0.1546694,0.0194376,0.1440138,0.0623402,0.0694658,0.1843612,0.1571102,0.0235796,0.1140432,0.2082518,0.0177006,0.1295638,0.171662,0.0235494,0.0648248,0.0649686,0.0267218,0.161519,0.1248952,0.1560276,0.02178,0.0639561,0.1296276,0.0523766,0.0953254,0.316634,0.0215228,0.0742706,0.087416,0.0278578,0.110298,0.2072736,0.0211524,0.0584962,0.2570832,0.0457958,0.1408922,0.3082054,0.021361,0.0503164,0.0906326,0.0197838,0.1901034,0.2202236,0.0223888,0.1130868,0.0838734,0.032864,0.07213,0.1739272
0.0223188,0.069413,0.0900428,0.0218786,0.076969,0.2588756,0.0189358,0.0552182,0.0811546,0.0322163,0.162852,0.245982,0.0241764,0.0635998,0.1209618,0.0380284,0.1201002,0.1803542,0.0209943,0.1235442,0.1247218,0.0198656,0.0811264,0.3102634,0.0238918,0.07361,0.0936856,0.0152392,0.0683372,0.102436,0.0990382,0.0181329,0.0676838,0.1143236,0.0277364,0.081964,0.1912404,0.0179942,0.0648594,0.1070848,0.0380292,0.088643,0.3017638,0.0223096,0.0525624,0.0877702,0.028191,0.0859816,0.1862548,0.0238982,0.039636,0.0800266,0.0250822,0.308572,0.1988226,0.0183328,0.1266438,0.0684029,0.0667612,0.0711304,0.182325,0.019576,0.0453912,0.0658686,0.0284718,0.0558956,0.4367118,0.0243994,0.076226,0.2081542,0.0313816,0.0732102,0.2332206,0.0239636,0.0677376,0.0857105,0.0336298,0.1100288,0.222711,0.0161634,0.0606814,0.095895,0.0204634,0.1505932,0.1017046,0.0220826,0.0905806,0.136753,0.0228702,0.0488392,0.1283208,0.024704,0.0785656,0.1267482,0.031321,0.0828607,0.1825298,0.0234922,0.0742304,0.06173,0.1760168,0.0300044,0.1022912,0.2346698,0.0257042,0.0577942,0.1446562,0.0241682,0.1851204,0.2270278,0.0232306,0.0750778,0.1184858,0.0201572,0.0994348,0.2595566,0.26201,0.0236844,0.0455638,0.1112284,0.0390436,0.1111944,0.242532,0.0176976,0.0752446,0.100413,0.019029,0.1573026,0.3179564,0.0215748,0.086492,0.0953322,0.0260548,0.0456406,0.1609292,0.0189106,0.1451742,0.0645644,0.0751112,0.1882616,0.161419,0.0233832,0.1185786,0.2135414,0.018518,0.1345792,0.1730444,0.0234244,0.0669818,0.0658014,0.0274154,0.166147,0.132158,0.1619016,0.021776,0.0674657,0.1342644,0.055373,0.0983146,0.322165,0.022019,0.0758856,0.0877634,0.0277596,0.1138,0.2179792,0.0220532,0.0595752,0.2619758,0.046952,0.1487032,0.3140622,0.0215437,0.051767,0.0925568,0.020203,0.1943298,0.2253446,0.0221984,0.1153772,0.085371,0.0344144,0.0742352,0.1788187
0.0231388,0.073876,0.092097,0.021606,0.0782784,0.2626502,0.0179396,0.0572494,0.0825624,0.0337763,0.1672372,0.2458524,0.0233804,0.0648266,0.1230644,0.0401174,0.125715,0.1837384,0.0215942,0.1287356,0.1278448,0.021159,0.0853408,0.3196592,0.0234916,0.0771273,0.098946,0.0159676,0.0710808,0.106108,0.1007932,0.0203293,0.069528,0.116789,0.0281532,0.0836056,0.1962064,0.0178514,0.0675556,0.107967,0.03973,0.0906804,0.3024948,0.0227618,0.0554378,0.0897166,0.0281344,0.0868346,0.1952976,0.0242998,0.0402454,0.0810436,0.0251764,0.3122558,0.1975872,0.0188472,0.1290436,0.0689993,0.0693746,0.0728736,0.1868476,0.0191284,0.0461634,0.0673796,0.0289722,0.0576284,0.4570802,0.024511,0.0813402,0.2184504,0.0320096,0.0753042,0.2412258,0.0240542,0.0692132,0.0891064,0.0336914,0.1177624,0.2255832,0.015354,0.0634938,0.0962212,0.0210648,0.153702,0.104468,0.0227506,0.0968938,0.1447638,0.02323,0.049186,0.1299616,0.0256924,0.0802362,0.1290954,0.0312934,0.0869637,0.1871954,0.023057,0.0752396,0.0636242,0.1800924,0.0305808,0.103735,0.2402476,0.0257758,0.058815,0.1512366,0.0242288,0.1870008,0.2295558,0.0246348,0.077971,0.1218662,0.0201576,0.1051886,0.2643238,0.2657732,0.0238696,0.0468508,0.1147006,0.0408536,0.1141848,0.2475386,0.0177334,0.0791678,0.1026422,0.0193748,0.1615052,0.3228902,0.0216994,0.0893634,0.0953514,0.0269952,0.04816,0.1627418,0.018472,0.1478566,0.065108,0.0774914,0.1904934,0.1621432,0.0241608,0.123148,0.2160722,0.0182986,0.1358856,0.1757846,0.0244792,0.0697914,0.0663622,0.02945,0.167019,0.1355398,0.1643384,0.0231318,0.0700247,0.1327248,0.0558082,0.0999384,0.3243544,0.0214044,0.0786944,0.0890828,0.0283598,0.1140718,0.2225136,0.0222584,0.0622996,0.2608084,0.047825,0.1538776,0.3153204,0.0216665,0.053898,0.093451,0.0204182,0.1943348,0.2308762,0.0224154,0.1187396,0.0868178,0.0357074,0.0768468,0.1860834
0.0233478,0.076884,0.0952998,0.023102,0.0803658,0.2650162,0.0178494,0.0585462,0.0864076,0.0350366,0.1744848,0.2471032,0.023781,0.0676102,0.1254628,0.0410038,0.1314218,0.186225,0.0214542,0.1364602,0.1309592,0.0221088,0.0871632,0.3263798,0.0235816,0.07852,0.1006968,0.0142984,0.0726882,0.1093428,0.1031084,0.0202131,0.0695108,0.1191118,0.0299384,0.084234,0.2035518,0.0175564,0.0706838,0.1079838,0.0397902,0.092271,0.3053518,0.0232686,0.0602696,0.0903154,0.02849,0.088507,0.2018232,0.0252994,0.0420174,0.0830458,0.0257116,0.3140866,0.2003024,0.0180384,0.1308294,0.0696827,0.072592,0.075377,0.1903892,0.0207688,0.0467726,0.0673898,0.0302496,0.0598142,0.4638214,0.0247902,0.0845804,0.226739,0.0320246,0.0764324,0.2515342,0.0239864,0.0698804,0.0907886,0.0343516,0.1245982,0.2262028,0.0149742,0.0650546,0.101138,0.0213012,0.1591924,0.107335,0.0235266,0.1012236,0.1467278,0.0230732,0.05186,0.1297816,0.0257218,0.0819958,0.132005,0.0324358,0.0892012,0.190064,0.0232204,0.0769246,0.0642756,0.1854538,0.031981,0.108197,0.247541,0.0261536,0.059835,0.1577374,0.024443,0.1900152,0.2330654,0.0250624,0.078868,0.1244372,0.022659,0.113867,0.272586,0.2668758,0.0236424,0.0492868,0.11878,0.0414586,0.1180508,0.2497826,0.018247,0.081356,0.105453,0.0193424,0.163354,0.3243652,0.0231652,0.0913804,0.0963856,0.0267844,0.0503824,0.1672454,0.02013,0.151111,0.0654072,0.0787172,0.1924688,0.1653174,0.0240922,0.1246848,0.2176326,0.018043,0.1384496,0.176751,0.0239182,0.0730288,0.0686018,0.0295514,0.1737798,0.1405458,0.166856,0.0229766,0.072624,0.137568,0.0576666,0.1029116,0.3229754,0.0220374,0.081536,0.0912166,0.0295136,0.115923,0.2293178,0.0220278,0.066974,0.2641396,0.0489364,0.1595092,0.3159078,0.0213771,0.0559148,0.0947954,0.020391,0.1958668,0.2325684,0.0221964,0.1222868,0.0885042,0.0363794,0.0780776,0.19386
0.0237724,0.0804354,0.097423,0.0243878,0.0859964,0.2669218,0.0179654,0.060419,0.0879976,0.0371982,0.1837996,0.250425,0.0246342,0.0703656,0.1286228,0.041897,0.1367118,0.1881308,0.0211324,0.139574,0.1347604,0.0218754,0.0880702,0.3291584,0.024318,0.0827124,0.104811,0.0144296,0.0743744,0.1148784,0.1060334,0.0193863,0.0712888,0.1231804,0.0302354,0.084745,0.2069662,0.0169402,0.0722094,0.1100812,0.041287,0.0938766,0.305024,0.0226892,0.063201,0.0933734,0.0282936,0.092221,0.2048048,0.0253782,0.0416812,0.0836778,0.0268372,0.319482,0.1978302,0.0184444,0.1334876,0.0724233,0.0741324,0.0788516,0.1929644,0.0222392,0.0492936,0.0687444,0.0299714,0.0631482,0.4781222,0.025353,0.0891828,0.2419184,0.0336144,0.0781486,0.2655546,0.0240888,0.0723338,0.0933364,0.0352342,0.131256,0.2278944,0.0154898,0.067143,0.1054408,0.0215292,0.1635762,0.1084192,0.024339,0.104318,0.1516042,0.0222552,0.051951,0.1313196,0.0265908,0.0814918,0.1352674,0.0320326,0.0899722,0.190881,0.0235068,0.0788236,0.065895,0.1880786,0.0336924,0.1120062,0.2571042,0.0258904,0.0607386,0.1612896,0.025544,0.1927326,0.2350208,0.0246814,0.080626,0.123824,0.0237374,0.1209756,0.2819342,0.2691746,0.0237102,0.052068,0.1229116,0.0423122,0.1212394,0.2520236,0.0188782,0.0830736,0.111259,0.0194764,0.167443,0.3329788,0.0238168,0.0925768,0.0976716,0.0265188,0.0518008,0.1725322,0.0194662,0.1532074,0.0680186,0.0812166,0.1943116,0.1668896,0.0243216,0.1262966,0.2185494,0.019163,0.1406024,0.1773646,0.0234782,0.0757908,0.0693466,0.0298928,0.1747498,0.148205,0.1716218,0.0226452,0.0766162,0.1428156,0.060558,0.104563,0.329992,0.022575,0.0851076,0.093251,0.0296846,0.117322,0.235467,0.0217438,0.0716476,0.2667362,0.0508512,0.1653092,0.3160804,0.0213843,0.057817,0.0985256,0.020372,0.1988748,0.23731,0.0229688,0.125244,0.0904376,0.0374448,0.0800546,0.19845
0.0239334,0.0817804,0.0995436,0.0251554,0.0890942,0.2671912,0.0191722,0.062387,0.093263,0.0389606,0.1864674,0.2510644,0.0254616,0.0717756,0.131476,0.0423398,0.1422006,0.1890494,0.0218556,0.1473942,0.140297,0.0240614,0.0900796,0.326676,0.0246186,0.0854406,0.1089338,0.014298,0.0765866,0.117667,0.1087752,0.0203093,0.0732188,0.1260174,0.0303796,0.0871026,0.2143558,0.0163652,0.073719,0.1133718,0.0448758,0.0950104,0.307384,0.0228202,0.0637842,0.0953406,0.0290718,0.0971088,0.2086404,0.0255568,0.0424832,0.0848262,0.0270526,0.3232658,0.2012224,0.0188812,0.135562,0.0748597,0.0774784,0.0839996,0.195079,0.0227526,0.0508382,0.0697638,0.0295202,0.0652662,0.4880242,0.0255752,0.0943612,0.2508304,0.0336828,0.0801904,0.271625,0.0236388,0.0757368,0.0957008,0.0362626,0.1380903,0.2312354,0.017367,0.0709978,0.1079718,0.0222356,0.1678258,0.1095236,0.023774,0.1078328,0.1558226,0.0228198,0.0527916,0.1332304,0.0271154,0.082636,0.1404588,0.0328756,0.0896682,0.1950042,0.0233382,0.0805808,0.0657658,0.1911626,0.034051,0.116719,0.26313,0.0270012,0.0617172,0.1670704,0.025266,0.1929284,0.2354948,0.0245398,0.0853172,0.1274558,0.0235426,0.1268744,0.2867724,0.274004,0.023969,0.0541998,0.1262854,0.0430066,0.1233228,0.25357,0.019148,0.0882646,0.1150546,0.0195514,0.1683902,0.3345726,0.0240872,0.0948518,0.0998252,0.0277174,0.0519038,0.1760656,0.0197436,0.1558822,0.0718126,0.0837692,0.195301,0.1663896,0.0239168,0.1274004,0.2171876,0.0186724,0.1434256,0.1804152,0.0241858,0.08014,0.0716152,0.030369,0.1772376,0.1507278,0.174906,0.0236294,0.0814668,0.148728,0.0633354,0.107645,0.3321162,0.0228318,0.0861518,0.093964,0.0297118,0.1195492,0.243701,0.0218764,0.0744528,0.2683804,0.0537354,0.1691982,0.315883,0.0210049,0.0585774,0.1015238,0.020837,0.1976654,0.2399532,0.0241438,0.1277344,0.091079,0.037188,0.0795492,0.20419
0.0261398,0.0858476,0.102298,0.0256116,0.0918952,0.2697982,0.0195202,0.0649128,0.0952642,0.0402476,0.1895776,0.2502818,0.0248974,0.071393,0.1327478,0.0432802,0.1442096,0.1906342,0.0213922,0.1561452,0.1447448,0.0237412,0.0907064,0.3337578,0.0249554,0.0898348,0.1126978,0.0152382,0.0782746,0.1202498,0.1113992,0.0213971,0.078961,0.1282782,0.0306582,0.0892316,0.2190254,0.0175334,0.075725,0.1159024,0.0481444,0.0991368,0.3110306,0.0232408,0.06557,0.0991164,0.0300092,0.1015594,0.2112158,0.025329,0.0428098,0.0867374,0.0290906,0.3283832,0.201307,0.0188332,0.137829,0.0758581,0.0847536,0.0858,0.1981466,0.0233264,0.0520572,0.0718282,0.02965,0.066093,0.4932386,0.0259832,0.0968938,0.2605648,0.0341512,0.081357,0.2872862,0.0240664,0.0768784,0.0976158,0.037916,0.1460473,0.232903,0.0177678,0.0736374,0.1104698,0.0223122,0.1728102,0.1121904,0.0227434,0.1115758,0.1625074,0.0226102,0.055626,0.1353384,0.0285532,0.0829604,0.1456662,0.0342772,0.0889576,0.1958416,0.023416,0.0793628,0.0653724,0.1990236,0.0359008,0.121874,0.2655534,0.0270894,0.062843,0.1728308,0.024985,0.1925172,0.2365724,0.0246662,0.086408,0.1300764,0.0258974,0.1305602,0.2929578,0.2752802,0.024867,0.056476,0.1286996,0.0445196,0.1228672,0.256332,0.0191994,0.0915046,0.117873,0.0187692,0.1701872,0.3368434,0.0243916,0.0956262,0.1018078,0.0280198,0.0542832,0.179833,0.0195258,0.1593978,0.0737468,0.085776,0.1959444,0.1672758,0.023149,0.1309734,0.2192588,0.0179072,0.1478352,0.182184,0.0247214,0.0819648,0.0724686,0.030461,0.1830512,0.155218,0.180516,0.02379,0.0849706,0.1518478,0.06545,0.1088536,0.3354762,0.0226268,0.0889352,0.0968312,0.0291606,0.1205432,0.2547932,0.021174,0.07788,0.2709496,0.055392,0.1740718,0.3172948,0.0213461,0.061493,0.1040488,0.0205916,0.199336,0.2413934,0.0255986,0.1294956,0.093887,0.036854,0.0828938,0.2086802
0.0274092,0.0875612,0.1065756,0.0264828,0.092258,0.2713214,0.0188606,0.0667334,0.0981362,0.040549,0.193362,0.2520372,0.0252318,0.0722292,0.1338924,0.0452244,0.1495572,0.1921278,0.0216152,0.1591848,0.1483186,0.0224976,0.093224,0.33102,0.0248154,0.0935312,0.1178154,0.0149468,0.0792328,0.1239786,0.1120978,0.0214511,0.0810376,0.1296772,0.0319568,0.0918874,0.2230936,0.0179924,0.0785496,0.1166684,0.050545,0.0997856,0.312963,0.0236858,0.0684368,0.1026338,0.0304658,0.10477,0.2147088,0.0261706,0.0433538,0.0879384,0.0292644,0.3303966,0.2014684,0.0190992,0.140873,0.0778399,0.0907104,0.0884748,0.2007082,0.0234818,0.053038,0.0739008,0.0285536,0.06532,0.4930906,0.0264142,0.1020548,0.2667772,0.0342628,0.083228,0.295462,0.0256384,0.0804076,0.098392,0.0382862,0.1530178,0.2341384,0.0185064,0.0743542,0.114349,0.0230014,0.172339,0.1142056,0.0241492,0.115004,0.1668114,0.0229038,0.0557332,0.1377304,0.0293468,0.0824472,0.148584,0.0339326,0.089771,0.1967084,0.0242934,0.0808566,0.0661686,0.2014912,0.0364266,0.1283936,0.2659478,0.027039,0.0631558,0.177989,0.0254876,0.192876,0.2399006,0.024388,0.0880396,0.1308208,0.0261894,0.1338204,0.2952456,0.276675,0.024884,0.059416,0.1332518,0.0451396,0.1231068,0.2561288,0.0189534,0.0958294,0.1196462,0.0197916,0.1708538,0.339127,0.0252202,0.0974716,0.1048028,0.028077,0.0546568,0.184425,0.0207798,0.1616392,0.0749824,0.0869318,0.1961048,0.1699348,0.0238224,0.1329804,0.2200326,0.0178472,0.1508558,0.1875434,0.0254384,0.0868318,0.0735302,0.0306866,0.1859586,0.1605116,0.1837122,0.0234386,0.0870948,0.1559214,0.066471,0.1091154,0.3370314,0.0243362,0.0917932,0.096181,0.0297182,0.121776,0.2655334,0.0217196,0.081352,0.2717466,0.0566106,0.178416,0.3195082,0.0212357,0.0638896,0.1075088,0.0205692,0.200388,0.2486738,0.026256,0.1309034,0.1000374,0.0380514,0.0847078,0.2144868
0.0265034,0.0871084,0.110188,0.0258954,0.095456,0.274921,0.0184768,0.0686062,0.0989602,0.0413512,0.1985588,0.253219,0.0248594,0.0731684,0.1345302,0.0475444,0.1557192,0.1923236,0.021854,0.1628936,0.1485998,0.0222794,0.0953172,0.3340682,0.0238296,0.0972666,0.1201778,0.0153092,0.0812312,0.1248036,0.1137548,0.0220961,0.0850814,0.1303336,0.033253,0.096454,0.2254404,0.0179824,0.0813944,0.120264,0.0525208,0.1009036,0.3137384,0.0239376,0.0698766,0.1022704,0.0301254,0.1089586,0.2208496,0.0253462,0.045754,0.0904576,0.029937,0.3300662,0.204439,0.0190954,0.1415672,0.0792339,0.0942126,0.0919792,0.2069264,0.0240008,0.05567,0.075078,0.0290636,0.067509,0.4959632,0.0258384,0.1086398,0.2759656,0.036223,0.085932,0.3026178,0.0267496,0.0833414,0.1020874,0.0387778,0.1607496,0.2379408,0.0195898,0.0755708,0.1204584,0.0249922,0.1728982,0.115804,0.0237424,0.1186758,0.1731006,0.0233512,0.0581536,0.1416568,0.030249,0.0845902,0.1518852,0.0344948,0.092883,0.1973142,0.024316,0.0813046,0.0673898,0.2007898,0.038027,0.131202,0.2708804,0.0269368,0.065359,0.182864,0.0257948,0.1954722,0.2441038,0.025688,0.0910286,0.1341224,0.0277716,0.1407152,0.3039586,0.2813672,0.0240382,0.0618782,0.1374244,0.0469352,0.124654,0.2554232,0.0199336,0.1012116,0.124612,0.0203116,0.1723824,0.3416076,0.0257982,0.0985172,0.104843,0.0285218,0.0554872,0.187111,0.0211392,0.1613924,0.0765046,0.090235,0.198047,0.1733456,0.0242382,0.1356008,0.2189448,0.0188654,0.1547372,0.190156,0.0246056,0.089309,0.0744936,0.0310474,0.186793,0.1664956,0.1847946,0.023844,0.089209,0.157631,0.0680766,0.1110412,0.3363924,0.0238094,0.0934318,0.0979928,0.0300604,0.1213548,0.2719616,0.0220194,0.0840616,0.2716764,0.0590034,0.1885668,0.318609,0.0223075,0.0646808,0.107283,0.0203634,0.2013918,0.2498526,0.027906,0.1340568,0.1046956,0.038245,0.0881164,0.2212886
0.026791,0.0888892,0.1132626,0.026473,0.0972,0.2763632,0.019573,0.0714756,0.1025748,0.0425788,0.203744,0.2561882,0.0250198,0.0747724,0.1362986,0.0493036,0.160166,0.1942216,0.0209824,0.1661014,0.1568328,0.0226434,0.096142,0.336213,0.023404,0.0982062,0.1239154,0.0182854,0.0820372,0.1274554,0.1157138,0.0216131,0.0867312,0.1325918,0.0333174,0.0988428,0.2325986,0.0190656,0.0840924,0.1235848,0.0538202,0.103229,0.3124306,0.024031,0.0732836,0.1033994,0.030265,0.111225,0.2297162,0.0257,0.0469476,0.093267,0.0304622,0.3318534,0.205004,0.0192262,0.1434214,0.0829164,0.0969232,0.0950662,0.2101492,0.0240324,0.057193,0.078178,0.0292074,0.0686034,0.5028568,0.0258822,0.111943,0.2824182,0.0364356,0.08628,0.3154148,0.0263946,0.0865608,0.1035598,0.0389458,0.1653078,0.240067,0.0194926,0.0764614,0.1235804,0.0260886,0.173616,0.116926,0.0246888,0.1221634,0.1780218,0.0232502,0.058541,0.1461222,0.0301198,0.0854216,0.1562322,0.0343868,0.0957702,0.2014954,0.0236722,0.0833472,0.0690848,0.2029306,0.0381188,0.1357866,0.2741412,0.026985,0.066213,0.1864908,0.0267462,0.19529,0.244426,0.0258564,0.0922296,0.1365444,0.0284892,0.148032,0.3079388,0.2830752,0.0227544,0.0626014,0.1401938,0.0471204,0.12584,0.2579976,0.020437,0.1030382,0.1259726,0.0196506,0.1749172,0.3438402,0.025717,0.1004404,0.1055544,0.0280278,0.0581104,0.1924542,0.020174,0.162485,0.0782734,0.091088,0.1993808,0.1755106,0.0245342,0.1368028,0.2180646,0.0197444,0.1576972,0.1901328,0.0253222,0.0898276,0.0761098,0.0317394,0.1884372,0.1695138,0.1898458,0.0246795,0.0906468,0.156845,0.0705104,0.110524,0.3363622,0.0238662,0.0974622,0.0988054,0.0306664,0.12117,0.2837662,0.0210244,0.0858786,0.2720386,0.0601856,0.1986352,0.319127,0.0228705,0.065792,0.1085648,0.0194376,0.2015856,0.2506297,0.028398,0.1351432,0.105128,0.040092,0.0894824,0.2245042
0.0275168,0.0907998,0.1158658,0.0272504,0.0996286,0.2766026,0.0196782,0.0730964,0.1042924,0.0433262,0.2041452,0.2578002,0.025876,0.0760698,0.138287,0.0502808,0.1648006,0.1940578,0.0226512,0.1699666,0.162958,0.023815,0.0987128,0.3373536,0.023476,0.101317,0.1292138,0.0179162,0.085726,0.1306616,0.1180828,0.0212579,0.0889946,0.1364298,0.0347254,0.1008262,0.2378438,0.0269608,0.086926,0.1226572,0.0562612,0.1066498,0.3118924,0.0247618,0.0753674,0.1042388,0.0298794,0.113489,0.2356156,0.02617,0.0500634,0.0957744,0.0321282,0.3292862,0.2062484,0.0183116,0.1425272,0.0832728,0.1024614,0.0977884,0.216505,0.0234536,0.0597398,0.079775,0.029412,0.0711458,0.510634,0.0256178,0.1156092,0.2910887,0.0373554,0.0873052,0.3217756,0.0273838,0.0900344,0.104996,0.0396606,0.1708274,0.2406598,0.0204002,0.080263,0.1263454,0.0272832,0.1773744,0.1169568,0.0248942,0.1284798,0.1800286,0.0292268,0.0607836,0.1454554,0.0304008,0.0870154,0.1558666,0.035042,0.0977412,0.20258,0.0249438,0.08424,0.0711662,0.2046148,0.0394122,0.1389612,0.274196,0.028022,0.0691102,0.18908,0.028971,0.1957562,0.2453088,0.03236,0.0957012,0.137026,0.0298432,0.156347,0.3101816,0.2825202,0.0238758,0.065652,0.1444102,0.0468696,0.127788,0.2591526,0.020004,0.1050668,0.1306646,0.0271444,0.1764932,0.3476446,0.026536,0.100837,0.1065182,0.028053,0.0603634,0.1978012,0.0200356,0.166196,0.0791498,0.0928664,0.2015192,0.176855,0.0248296,0.138049,0.2190846,0.021104,0.1610178,0.1904758,0.0263056,0.0950534,0.0759964,0.0321016,0.189148,0.1711876,0.1924304,0.0263134,0.0920164,0.1599184,0.0712644,0.110649,0.3398828,0.0252206,0.0988308,0.1007398,0.030647,0.1231964,0.301072,0.0217008,0.0873962,0.2724006,0.0640088,0.208482,0.319774,0.0287984,0.0700898,0.112514,0.0200502,0.2024916,0.2557411,0.0284636,0.1380978,0.1042512,0.0401362,0.0914586,0.226831
0.0279344,0.0921038,0.1187108,0.028462,0.1035166,0.2795482,0.0197974,0.072785,0.1091436,0.043787,0.2065166,0.2584626,0.0256054,0.0781706,0.1385174,0.05216,0.1670744,0.1925682,0.0231184,0.1726878,0.1727638,0.023752,0.1017602,0.3366458,0.0248832,0.104659,0.1313092,0.017983,0.0887256,0.1342996,0.1178148,0.020618,0.0921424,0.139474,0.0363356,0.1039432,0.2403562,0.0264514,0.0910422,0.1228358,0.0593484,0.1086966,0.3131718,0.0244486,0.077321,0.1062206,0.030182,0.1176344,0.2439428,0.0266388,0.0511864,0.0955076,0.033293,0.3271456,0.2082812,0.0186842,0.1424308,0.086126,0.107667,0.0999016,0.224076,0.0247508,0.0616766,0.0804264,0.0290116,0.0724688,0.5130328,0.0261724,0.1182672,0.298389,0.0377568,0.0868732,0.3309846,0.0283322,0.094545,0.1044448,0.0415044,0.1747628,0.2419956,0.0199228,0.0805256,0.1289748,0.0274612,0.1787804,0.117719,0.0247216,0.1344238,0.1837196,0.0297682,0.0642104,0.1473732,0.0304766,0.0881412,0.1604002,0.0364164,0.101478,0.2034782,0.024746,0.0851886,0.071998,0.2060644,0.0411486,0.144008,0.2789008,0.0284012,0.0704748,0.1927978,0.029129,0.1957664,0.2457968,0.0332068,0.0977512,0.138464,0.0308562,0.1623008,0.3159696,0.2830026,0.02477,0.0659064,0.1472918,0.047412,0.1283646,0.2578524,0.0200318,0.1066152,0.1313688,0.0267656,0.1740642,0.3468684,0.0271876,0.1040128,0.108012,0.0295392,0.0605924,0.2014504,0.0204456,0.1664354,0.0821334,0.0964116,0.2041238,0.1758074,0.0249014,0.1385234,0.2211622,0.0216614,0.163524,0.192472,0.0261736,0.0978784,0.078737,0.032359,0.1886446,0.1760968,0.1936772,0.0263358,0.093206,0.161772,0.073127,0.1112632,0.3390412,0.0247128,0.1007118,0.1030938,0.0319316,0.1263752,0.3172382,0.0209382,0.0918708,0.2731372,0.0656558,0.216345,0.323229,0.0288146,0.0727838,0.1130448,0.0199956,0.2039372,0.2553837,0.0287264,0.1425958,0.1061102,0.0398774,0.0943692,0.2362428
0.0288368,0.0959214,0.121902,0.028357,0.1077582,0.2805382,0.0213556,0.0733804,0.1131474,0.0440512,0.2150704,0.2575586,0.0272458,0.0808072,0.1372618,0.052534,0.1692668,0.1933694,0.0231771,0.1740214,0.1762474,0.0241862,0.1016338,0.3336904,0.023843,0.1066686,0.1371268,0.0184154,0.0908122,0.1340918,0.1209372,0.0226802,0.0932272,0.1425274,0.0377804,0.1056986,0.2430208,0.0264288,0.0934706,0.126621,0.061569,0.1125488,0.3111346,0.0248216,0.082421,0.1081708,0.031523,0.1207114,0.2456078,0.026623,0.0518092,0.0956104,0.0329076,0.3278752,0.2085194,0.0207936,0.1453478,0.0880714,0.1101182,0.1007026,0.2256562,0.0244148,0.0632922,0.0816038,0.0286656,0.0744448,0.5141952,0.0265082,0.120954,0.3032388,0.0396226,0.0876848,0.3412138,0.029278,0.0984168,0.108649,0.0432966,0.1796102,0.2430138,0.020319,0.0825308,0.1323976,0.026931,0.1801532,0.118817,0.0260698,0.1398064,0.1851926,0.0297024,0.0658864,0.1473062,0.0312112,0.0901216,0.1606582,0.037117,0.1039302,0.2029548,0.0247652,0.0860396,0.072319,0.2090174,0.0413238,0.146545,0.2796188,0.0281966,0.0726462,0.197337,0.0313344,0.1971534,0.2470266,0.0326586,0.0995486,0.138611,0.031237,0.1680962,0.3218936,0.2840962,0.0248826,0.0677962,0.1505496,0.0493178,0.1283432,0.2595928,0.0208842,0.1117204,0.1348232,0.027439,0.1761562,0.3499546,0.0261884,0.1055522,0.108882,0.0301918,0.0619904,0.2037262,0.0214206,0.1664638,0.0838202,0.0964204,0.2043488,0.1790328,0.0236628,0.1393438,0.220599,0.0216224,0.164853,0.1934084,0.0267758,0.1021872,0.0798354,0.032394,0.1907756,0.1809848,0.1930672,0.0271194,0.0941148,0.163485,0.075431,0.1128794,0.3460546,0.0272788,0.1019842,0.103869,0.0319816,0.1283524,0.3346914,0.021134,0.0973782,0.2741204,0.0661126,0.2202314,0.3203992,0.0287106,0.0770932,0.1148524,0.019765,0.203145,0.2579092,0.0290358,0.144434,0.1066956,0.0397316,0.0975672,0.2417668
0.0333332,0.0965602,0.1263036,0.0285756,0.111379,0.284085,0.020906,0.077487,0.116735,0.045603,0.2170546,0.2552726,0.0270084,0.0814352,0.1379906,0.0538906,0.1735986,0.1944434,0.023343,0.1765914,0.1814492,0.0242202,0.1046406,0.3379898,0.0243428,0.1085576,0.1443596,0.0184738,0.0913722,0.1341394,0.1235202,0.0224852,0.0954658,0.1452172,0.0382246,0.1067332,0.2470598,0.0261808,0.0966016,0.1306014,0.0640308,0.115372,0.3103564,0.024408,0.0847012,0.1102148,0.0312594,0.1230616,0.2516308,0.0267322,0.0551844,0.0966826,0.0328032,0.3266178,0.2088282,0.0216146,0.147045,0.0897,0.112745,0.1024354,0.2288384,0.0244478,0.0660202,0.0830062,0.030707,0.0753174,0.5121898,0.0261188,0.1267958,0.308679,0.04075,0.0885478,0.3571526,0.029304,0.1004202,0.1125562,0.0451508,0.1816492,0.2414034,0.0200778,0.0847988,0.1345452,0.0289362,0.1806598,0.119507,0.0259712,0.1442946,0.1922904,0.0301296,0.0677954,0.1465114,0.033431,0.0927504,0.1607908,0.0399352,0.1052752,0.204655,0.0251396,0.0889174,0.073175,0.2088368,0.0422218,0.149517,0.2795514,0.029386,0.0761916,0.2025884,0.030704,0.1975594,0.247114,0.032606,0.1019032,0.141797,0.0313188,0.1760234,0.3206978,0.2851242,0.0246192,0.0695516,0.1547412,0.0504698,0.130102,0.2640328,0.0204922,0.1151158,0.1383332,0.0286086,0.1762588,0.3531936,0.0273298,0.1063604,0.1103148,0.0313474,0.064059,0.2097398,0.0216266,0.1664174,0.0874328,0.096616,0.2032984,0.1814972,0.022554,0.140468,0.222064,0.0290236,0.1670832,0.1944864,0.027102,0.1039576,0.0826146,0.0327876,0.191337,0.1828838,0.1942362,0.027786,0.0962848,0.1664248,0.0771118,0.1141658,0.34881,0.0275332,0.103714,0.1064498,0.0329522,0.1288892,0.3470064,0.0209666,0.1005418,0.2717992,0.0702558,0.2231466,0.31939,0.0283952,0.0790274,0.1157216,0.0197728,0.2046858,0.2600636,0.0295632,0.1441044,0.1084402,0.039122,0.1027794,0.246593
0.034968,0.0988928,0.1266068,0.0284324,0.1166764,0.2833334,0.021122,0.0797468,0.1190434,0.0471238,0.2184498,0.2552612,0.0261594,0.083826,0.1413898,0.0538184,0.1790646,0.1957792,0.0240162,0.1780058,0.1839798,0.025295,0.10457,0.3399556,0.023975,0.1097248,0.1478176,0.0188274,0.0943228,0.1354362,0.1288754,0.0283416,0.099096,0.1465928,0.0394542,0.1084038,0.252999,0.025778,0.0991964,0.1317058,0.065183,0.1172902,0.312727,0.0238554,0.086911,0.1114266,0.0311292,0.1259412,0.2552826,0.0265862,0.0566814,0.097755,0.0326442,0.3266076,0.2044472,0.0211862,0.1488418,0.0905126,0.1143226,0.1020402,0.2297886,0.0242482,0.0688938,0.08338,0.0308046,0.078192,0.5168546,0.0263822,0.1318512,0.3135844,0.0407934,0.0889062,0.3681024,0.0295066,0.1039956,0.1151894,0.0454062,0.188335,0.2409514,0.020219,0.0875416,0.136842,0.0291914,0.1814832,0.1200926,0.024995,0.1475614,0.194492,0.0311558,0.0690476,0.1495662,0.0337338,0.0940556,0.1615714,0.0408534,0.108124,0.2070278,0.025964,0.0905856,0.0723566,0.2107004,0.0440872,0.154203,0.2811926,0.0295176,0.0787132,0.2031798,0.0308908,0.197646,0.2486654,0.0320924,0.1036328,0.1429012,0.0375194,0.1838562,0.321952,0.2854568,0.0253274,0.0719156,0.159535,0.0524526,0.1300428,0.2653998,0.0209416,0.1183302,0.1396966,0.0285668,0.1778658,0.3539414,0.027199,0.1074204,0.1106766,0.0318462,0.067466,0.2124958,0.0216704,0.1669022,0.0886594,0.0980998,0.2047598,0.1844788,0.0229487,0.1427576,0.2199454,0.029565,0.1708634,0.1959022,0.0276702,0.1088822,0.0840034,0.0337026,0.1934324,0.1886536,0.1980342,0.027566,0.0980184,0.169483,0.079036,0.114183,0.3513572,0.027267,0.106487,0.107812,0.0336194,0.1308644,0.3601156,0.0225826,0.1046718,0.274464,0.071677,0.23182,0.3176954,0.029205,0.081545,0.1186888,0.0185698,0.205746,0.2599938,0.0300472,0.1440446,0.1104446,0.0404148,0.1073188,0.2491672
0.0344518,0.1009388,0.1292722,0.0276188,0.1175806,0.2850244,0.0209664,0.0793496,0.1204448,0.0489606,0.2193464,0.2554354,0.0308682,0.0844874,0.1431134,0.0548732,0.1798664,0.1962724,0.0242934,0.1809184,0.187649,0.0259568,0.1060654,0.3414358,0.0230892,0.1115274,0.1512692,0.0198132,0.0961444,0.1385978,0.130502,0.0289382,0.1031548,0.149131,0.041598,0.1100914,0.256572,0.0255934,0.0995998,0.1335904,0.067378,0.1209772,0.313573,0.0241204,0.08903,0.114299,0.0316414,0.1296986,0.2598922,0.0265798,0.0589434,0.0972616,0.033053,0.3262696,0.2059096,0.0218002,0.1503876,0.0917914,0.1186168,0.1032944,0.2314544,0.0237704,0.070822,0.0840924,0.0308736,0.081031,0.5219082,0.027519,0.137771,0.3195522,0.0424366,0.0911186,0.3776902,0.0291994,0.1069794,0.1173992,0.0486256,0.1930914,0.2436948,0.0198468,0.08914,0.1390402,0.029728,0.1857112,0.1198722,0.0245498,0.1504474,0.1966948,0.0312956,0.0722362,0.1506938,0.0346896,0.0956944,0.1629196,0.0412194,0.10962,0.2065622,0.0260232,0.0919386,0.071865,0.2118492,0.046625,0.1609614,0.2836386,0.0290228,0.0812836,0.205886,0.03104,0.2006418,0.2520328,0.032589,0.1052058,0.1444888,0.0391744,0.1881982,0.324242,0.2864766,0.0261528,0.0750146,0.1627122,0.0529932,0.1304288,0.2684734,0.0206748,0.1179996,0.1415144,0.0296716,0.176651,0.3543892,0.0290276,0.1092228,0.111278,0.0316486,0.0697742,0.2147094,0.0214124,0.1668172,0.0922896,0.099067,0.2054786,0.1869948,0.0232802,0.1451326,0.2192388,0.0299192,0.1722978,0.1946148,0.0285346,0.1131564,0.0833152,0.0330502,0.1936908,0.1902724,0.1971674,0.0278182,0.1006254,0.1699472,0.0807322,0.114601,0.350094,0.028698,0.1081264,0.1073114,0.033858,0.133422,0.3708314,0.023721,0.1097088,0.2754644,0.072179,0.2411148,0.318522,0.0287176,0.0837136,0.1196704,0.018543,0.2050302,0.2606688,0.0308964,0.1436532,0.1110734,0.0415798,0.1087418,0.2504754
0.0346938,0.1025498,0.1341438,0.0288446,0.1196484,0.28598,0.0212904,0.0822676,0.1255524,0.0502608,0.2205224,0.2579728,0.0303456,0.087352,0.1467058,0.0547826,0.178541,0.1964842,0.0252702,0.181913,0.192596,0.0266554,0.1077622,0.3442586,0.023729,0.1148098,0.1562356,0.0199748,0.0990226,0.1383602,0.130905,0.0292122,0.1047654,0.1531364,0.0438862,0.1128676,0.265391,0.0266154,0.1018572,0.1351276,0.0683422,0.1233298,0.3118384,0.0250006,0.0913818,0.1158754,0.032791,0.132514,0.2636518,0.0268138,0.0593698,0.1005062,0.0334376,0.3294368,0.208565,0.0222882,0.1506802,0.0921034,0.1215192,0.1061166,0.2338368,0.0237578,0.0734528,0.0846522,0.0304116,0.084885,0.5230684,0.0318572,0.1406208,0.3209064,0.0439732,0.0929648,0.384331,0.0293924,0.1101404,0.1194812,0.0490446,0.1957506,0.24292,0.0201408,0.0901694,0.1438616,0.0310346,0.1876014,0.12159,0.0249842,0.1534504,0.2011494,0.0317664,0.0736944,0.1563958,0.0361262,0.0965712,0.1659668,0.0441916,0.1111216,0.2060802,0.0262608,0.0936772,0.0730926,0.2143226,0.0479328,0.164986,0.2836538,0.0294486,0.0830824,0.208114,0.0310634,0.2021472,0.2552238,0.032593,0.1069316,0.1465256,0.041172,0.1927526,0.3233976,0.2851036,0.0260414,0.0765542,0.1651966,0.0537014,0.132337,0.2689144,0.0214052,0.1213754,0.145123,0.029894,0.1775728,0.35045,0.029709,0.1102808,0.1115624,0.0311606,0.0719958,0.2185774,0.021578,0.168215,0.096519,0.1018984,0.2075464,0.1885972,0.0239402,0.1444652,0.2190922,0.0304478,0.1751802,0.194795,0.029128,0.1174104,0.086669,0.0330642,0.1963772,0.1957442,0.1986308,0.0288894,0.1026344,0.1718384,0.084029,0.1152994,0.3489818,0.0282474,0.1119938,0.1071922,0.033687,0.1330794,0.381127,0.0233176,0.112762,0.2749914,0.0735564,0.2476506,0.3199122,0.0279636,0.085003,0.1221686,0.0177344,0.2046858,0.2651458,0.0318018,0.1451856,0.1146914,0.0421076,0.1143052,0.2554326
0.035297,0.1044846,0.137069,0.0285902,0.1236612,0.2864648,0.0208696,0.0841192,0.1294464,0.0514084,0.222928,0.25707,0.0306838,0.0899704,0.147255,0.0551534,0.1836804,0.196028,0.025837,0.1853558,0.1958668,0.0261858,0.1089942,0.345115,0.0234692,0.1168206,0.160929,0.0213846,0.1019844,0.139531,0.1315016,0.028608,0.1075226,0.1579892,0.0459294,0.1162328,0.2657342,0.0261036,0.1061228,0.1378644,0.07095,0.1265954,0.3098782,0.0256132,0.0920342,0.1183324,0.0335272,0.1318872,0.2683419,0.0292696,0.0587048,0.1011224,0.033638,0.3296442,0.2089072,0.0223584,0.1531816,0.0924956,0.1260924,0.1082996,0.235684,0.0237952,0.0784826,0.0871944,0.03024,0.0887822,0.5214638,0.0321858,0.1433246,0.3255536,0.0455078,0.0933844,0.394354,0.028952,0.1134626,0.1190824,0.052191,0.1997812,0.2451146,0.0219006,0.0934514,0.1458188,0.0326688,0.1877068,0.1250852,0.0254606,0.1583464,0.2080986,0.0317364,0.0772816,0.1575496,0.0375716,0.0977156,0.1638848,0.0446138,0.1112816,0.2060276,0.0270288,0.0935512,0.074395,0.21522,0.0475922,0.16743,0.2862874,0.0301374,0.0858564,0.210553,0.0316212,0.200982,0.255424,0.032814,0.1093522,0.1492456,0.0420012,0.1963886,0.3227206,0.285314,0.0252586,0.0781442,0.166193,0.0536024,0.1329288,0.2666396,0.0217364,0.1232762,0.1472504,0.0300962,0.1775444,0.34884,0.031306,0.1113168,0.1118414,0.0315834,0.0739026,0.22256,0.02401,0.1678208,0.0998958,0.101988,0.206596,0.19125,0.0235906,0.1488632,0.2177176,0.0303498,0.1772338,0.1965154,0.0290012,0.1234042,0.0879546,0.0336338,0.197774,0.198433,0.199486,0.0291766,0.1055404,0.1730156,0.0852306,0.1155606,0.3545376,0.0292286,0.1124478,0.1089016,0.0342166,0.1343562,0.3879624,0.0226554,0.1167648,0.2743942,0.0743732,0.2533856,0.319951,0.0276606,0.0878382,0.1226568,0.0183324,0.2043698,0.2657608,0.0329108,0.1463414,0.1129648,0.0430246,0.1211728,0.2601416
0.0355174,0.106385,0.1425808,0.0289338,0.127952,0.2862912,0.020473,0.0844774,0.1347398,0.053103,0.2242324,0.2539142,0.0313546,0.091257,0.1469178,0.0580442,0.1855132,0.195315,0.0269474,0.1878518,0.200722,0.0277086,0.1113578,0.3442338,0.0250574,0.1195498,0.163671,0.0207226,0.1041044,0.140698,0.1331384,0.0292156,0.1114518,0.16082,0.047397,0.119442,0.2674958,0.026413,0.1075524,0.1383494,0.072498,0.1303442,0.3067454,0.0270826,0.0925344,0.122338,0.033163,0.1353278,0.2733887,0.0287948,0.0621978,0.1019776,0.0331502,0.3269462,0.2099046,0.0215296,0.1525764,0.0918716,0.1283734,0.1086674,0.2443968,0.0247596,0.0820756,0.0884918,0.030292,0.0887974,0.521948,0.0322252,0.1464594,0.3278336,0.0462468,0.0932038,0.3974222,0.0296144,0.1147258,0.1218762,0.0537548,0.2022166,0.244265,0.0238162,0.0956242,0.148885,0.0327854,0.1873984,0.1243798,0.0279206,0.1605758,0.2110644,0.0318534,0.0794246,0.1592118,0.0389286,0.097961,0.164114,0.046749,0.1129456,0.2071992,0.0265718,0.0947782,0.0754384,0.2168776,0.0492464,0.1693764,0.2834348,0.0307382,0.0889878,0.211786,0.0327081,0.198899,0.256703,0.0336564,0.1106744,0.151213,0.045226,0.2007544,0.3249376,0.287213,0.025573,0.0795404,0.1674044,0.0548994,0.133753,0.2657794,0.021897,0.1251381,0.1485588,0.0303064,0.1771418,0.3489748,0.0328234,0.1118202,0.1123652,0.033275,0.0761918,0.2260682,0.0235262,0.1684748,0.1010566,0.1059318,0.2074602,0.1911246,0.026734,0.149787,0.219238,0.0304118,0.178797,0.1962202,0.0287946,0.1279272,0.0911294,0.0342652,0.1986146,0.2004552,0.201447,0.028563,0.1076162,0.1755702,0.0863652,0.1167162,0.3564346,0.0286726,0.1157898,0.1108074,0.0341292,0.1350536,0.4008552,0.0228234,0.1241908,0.2709264,0.0757222,0.2601482,0.320422,0.0283866,0.0893488,0.1251262,0.0186306,0.2049632,0.2740852,0.0331218,0.147946,0.1133664,0.045857,0.1282036,0.2646386
0.0363826,0.1073742,0.1426944,0.0299478,0.1333776,0.2859836,0.021891,0.0872262,0.1365926,0.0549098,0.2245966,0.2562676,0.0309064,0.091767,0.148596,0.0590706,0.1878768,0.1946678,0.0270776,0.1889344,0.2035336,0.0284236,0.1125564,0.3458808,0.026256,0.1218818,0.1662054,0.0217462,0.1042902,0.1432872,0.1337538,0.028826,0.1139364,0.1629242,0.0485478,0.1224682,0.2709396,0.0271272,0.1094056,0.1405824,0.0762746,0.1315834,0.3042228,0.0273836,0.0946716,0.1235948,0.0344032,0.138134,0.2742567,0.0290352,0.0629838,0.1015234,0.0334962,0.3267224,0.2120916,0.0212744,0.1527814,0.0924788,0.1293532,0.110925,0.2457842,0.0249658,0.0850584,0.0890052,0.0320104,0.0907652,0.5259904,0.0325316,0.149136,0.3263194,0.0479376,0.0941716,0.404506,0.0316798,0.1180172,0.1226,0.0558342,0.2051832,0.246547,0.0242998,0.1005398,0.1514274,0.0334996,0.1882868,0.1246388,0.030089,0.1623482,0.21693,0.0322734,0.0820084,0.1630642,0.0385306,0.1006308,0.167732,0.0475076,0.1126596,0.2107234,0.0273802,0.0961824,0.075903,0.2165858,0.0521168,0.1720702,0.2844944,0.0308006,0.0917492,0.2126466,0.0333781,0.1987502,0.2594738,0.0340656,0.112531,0.151788,0.0466408,0.2035666,0.3260654,0.2864026,0.0260646,0.0826702,0.1695358,0.0560932,0.1359212,0.2663342,0.0225954,0.1267945,0.1490128,0.0304434,0.175298,0.3495146,0.0330434,0.1123678,0.1145492,0.0343956,0.0777788,0.2288934,0.0323516,0.1690772,0.102274,0.1084898,0.2065632,0.1920166,0.0277278,0.1514934,0.2197772,0.0299936,0.180346,0.1972136,0.0286832,0.1307628,0.0932094,0.0346442,0.199849,0.2028098,0.2041272,0.0296682,0.1095338,0.1754184,0.0872384,0.1188072,0.355418,0.0297576,0.1158336,0.110107,0.0345788,0.1379148,0.4048266,0.0231998,0.1290074,0.2708994,0.0760712,0.2624126,0.3186378,0.0284878,0.0925588,0.1266366,0.0181734,0.2045662,0.2736862,0.0335682,0.1479904,0.115348,0.0467004,0.1332158,0.270628
0.0372244,0.1103444,0.1477858,0.0302548,0.137975,0.2846008,0.0227188,0.0884718,0.1387346,0.05847,0.2240246,0.2576008,0.0311736,0.091909,0.150111,0.0587014,0.189424,0.1961686,0.0266664,0.1904772,0.2080146,0.0282172,0.114377,0.3467004,0.027157,0.1249586,0.1659254,0.021884,0.1058948,0.1431896,0.1349362,0.0282114,0.1154486,0.1673948,0.0506774,0.1227712,0.270536,0.0270382,0.1132732,0.1435542,0.0781574,0.1313482,0.302777,0.0271752,0.0954386,0.1262254,0.0351812,0.14038,0.2747101,0.0294666,0.0658014,0.1008268,0.0348962,0.3250824,0.2135566,0.0205536,0.1515622,0.091928,0.1300008,0.1136236,0.2449974,0.0253408,0.0876574,0.0916072,0.0324738,0.0952296,0.5259198,0.0327316,0.1499548,0.330563,0.050249,0.0951756,0.40703,0.034354,0.1195598,0.123967,0.0583522,0.205796,0.2445592,0.024364,0.1030186,0.153349,0.0342144,0.1886994,0.1248292,0.029421,0.164837,0.2237848,0.0332618,0.0853488,0.1637208,0.0388018,0.1018472,0.167332,0.0477978,0.1120202,0.2108096,0.02695,0.0969806,0.0783782,0.215057,0.054364,0.1741484,0.2837642,0.0319166,0.0935432,0.2158786,0.0332028,0.1985024,0.2588518,0.0345622,0.1138988,0.1530574,0.048358,0.2095748,0.3256368,0.2861678,0.0266684,0.0842916,0.1729394,0.0573036,0.1372368,0.2660262,0.0233406,0.1264925,0.1534792,0.0302946,0.1748764,0.3481916,0.0334606,0.1133816,0.1144332,0.0348486,0.0805994,0.233392,0.0329092,0.1683052,0.1046638,0.1091266,0.205629,0.192298,0.0284422,0.1524598,0.2181686,0.0297558,0.1815886,0.1980128,0.02775,0.1353332,0.095987,0.0343218,0.1996106,0.202181,0.207757,0.0309766,0.1116846,0.1754424,0.088319,0.119396,0.3581722,0.0302404,0.1175824,0.108808,0.035894,0.1360156,0.4153864,0.0233298,0.134018,0.2704566,0.0774762,0.2671308,0.3173634,0.0283416,0.0967738,0.12819,0.0172366,0.2040558,0.2769012,0.0344514,0.1505638,0.1193124,0.0481458,0.138043,0.2725224
0.0374012,0.113104,0.1484578,0.0298846,0.1423488,0.2848302,0.0228396,0.0915046,0.141586,0.0609686,0.2248026,0.2574476,0.0313922,0.0942696,0.1517106,0.0590556,0.1906322,0.1964992,0.0266948,0.1906506,0.2097056,0.02838,0.114783,0.3468506,0.027436,0.1267826,0.1682828,0.021758,0.1073024,0.142756,0.1401076,0.0281646,0.1189252,0.16814,0.0534104,0.1244736,0.2733638,0.0272006,0.1143746,0.1443534,0.0811006,0.1321428,0.2987418,0.0278624,0.0976156,0.1275954,0.0362934,0.1443656,0.2806522,0.0293762,0.0665408,0.1008318,0.0372184,0.3222496,0.2126716,0.0206172,0.1527242,0.093625,0.1309288,0.1152318,0.2477588,0.0245886,0.0897152,0.0947844,0.033133,0.0984758,0.5283538,0.0334134,0.1528902,0.3334992,0.0505869,0.0967404,0.4137056,0.0358078,0.1238104,0.125024,0.060545,0.2054082,0.2450778,0.0239938,0.105932,0.1560416,0.0340378,0.1869996,0.1248562,0.0295614,0.1682694,0.2264504,0.033153,0.0868628,0.1669374,0.0402386,0.102958,0.1698068,0.04891,0.1143078,0.2100018,0.027412,0.0972514,0.0784818,0.2178414,0.05733,0.174612,0.2845594,0.0313246,0.0949124,0.2185956,0.0333784,0.1985712,0.2589706,0.0352148,0.1165082,0.1557442,0.0494822,0.2131284,0.3292282,0.2869088,0.0260904,0.0889884,0.1749944,0.0571712,0.1395484,0.262997,0.0234432,0.1282643,0.157401,0.030136,0.1751338,0.3477096,0.0338362,0.1123306,0.1158362,0.0366482,0.081841,0.2393658,0.0328374,0.1670826,0.1042392,0.1109452,0.203485,0.195858,0.0292972,0.151585,0.2196524,0.0316812,0.1813374,0.1973054,0.0340042,0.1404622,0.0976688,0.0357202,0.2001006,0.2044508,0.209166,0.0308034,0.1142026,0.1761774,0.0889356,0.118564,0.3614838,0.0308266,0.1176836,0.1111814,0.0354402,0.1343506,0.4265546,0.0233954,0.1411166,0.2686886,0.0771638,0.2719054,0.3201566,0.0299386,0.0997632,0.131816,0.0175376,0.2053638,0.277662,0.0342782,0.1525672,0.1207118,0.0489446,0.1413552,0.2740904
0.0367212,0.1136724,0.1496052,0.0302624,0.1465368,0.2843908,0.0223944,0.092296,0.142043,0.0634598,0.2260674,0.2557518,0.0318882,0.0943374,0.1517144,0.062368,0.1903438,0.1963322,0.02727,0.1915594,0.2111454,0.0281918,0.1165516,0.3440284,0.027975,0.1302872,0.1694528,0.0237028,0.1092286,0.142968,0.140544,0.0286758,0.120495,0.1696378,0.0577236,0.1269448,0.276759,0.0279624,0.1169328,0.144234,0.0820134,0.1333516,0.2973146,0.029025,0.1003928,0.1304242,0.036292,0.1460218,0.28166,0.0305292,0.068768,0.100788,0.0388722,0.3203062,0.2135094,0.0197572,0.1531354,0.095399,0.1343228,0.1165596,0.2470522,0.0255226,0.0935496,0.0961594,0.0337484,0.1037606,0.5285616,0.0333382,0.1530648,0.335175,0.0533828,0.0955734,0.4218028,0.0360452,0.1260042,0.125563,0.066153,0.2071034,0.2458604,0.0245282,0.106851,0.1601336,0.0314042,0.187987,0.1235382,0.0285612,0.1705886,0.2328304,0.033706,0.088772,0.1679258,0.0404102,0.1035442,0.1705464,0.049905,0.1159248,0.2103412,0.0288816,0.099308,0.078225,0.2183486,0.0598822,0.1770584,0.2857652,0.032852,0.1001934,0.2198302,0.0338462,0.1984124,0.2584642,0.0360454,0.1168388,0.156349,0.0503456,0.2162008,0.329378,0.2884344,0.0265048,0.0940606,0.1759192,0.0591138,0.1420002,0.2601478,0.0238338,0.1300159,0.1604724,0.031063,0.1774986,0.3459124,0.0349216,0.112804,0.1171804,0.0385196,0.0839136,0.23978,0.0327898,0.1656732,0.1088074,0.1123294,0.2044534,0.1978926,0.0298244,0.1524104,0.2209532,0.032541,0.1794118,0.1975636,0.034678,0.1450248,0.0987944,0.037503,0.1998634,0.2080164,0.2118168,0.0313704,0.115416,0.1743064,0.0901086,0.1191566,0.3587258,0.0347544,0.1186496,0.112336,0.0359048,0.1346358,0.4347854,0.023612,0.1467458,0.267425,0.0776436,0.2762802,0.3188994,0.0292266,0.1007236,0.1332248,0.0183816,0.2028256,0.2770446,0.0338004,0.1537364,0.122871,0.0505296,0.148988,0.277391
0.038469,0.113861,0.152801,0.0318612,0.1511364,0.2852038,0.0230246,0.0946046,0.144407,0.0660734,0.2273152,0.2548894,0.031975,0.0963346,0.1521278,0.0655646,0.1927636,0.1986368,0.0273552,0.1915242,0.2115832,0.0279468,0.1176394,0.3439402,0.0272652,0.1318254,0.1709042,0.0246556,0.1127652,0.1432286,0.141879,0.0285368,0.1220082,0.1708508,0.0596128,0.1300174,0.2762892,0.0285652,0.1193238,0.1448848,0.0840092,0.1323298,0.2952846,0.0287956,0.1018246,0.131754,0.0367236,0.1490744,0.2837352,0.0304726,0.0694606,0.103571,0.0404888,0.3195438,0.2158286,0.018972,0.1533216,0.097302,0.1366056,0.118255,0.2497178,0.0253064,0.0963196,0.0987746,0.0367252,0.1070786,0.5325822,0.0333524,0.1565812,0.3358144,0.0541404,0.0957716,0.4270866,0.0359522,0.1274078,0.1271322,0.0691618,0.2093668,0.2433386,0.025615,0.1110246,0.1625996,0.0331158,0.1866498,0.1227348,0.0297596,0.1704046,0.2390136,0.0330164,0.0912392,0.1689096,0.0411698,0.1035608,0.1747774,0.0485624,0.116087,0.2103212,0.0293362,0.09938,0.0802662,0.21805,0.0608294,0.1788886,0.2867908,0.0346052,0.1022902,0.2240654,0.0351604,0.1997796,0.2573078,0.0363024,0.119776,0.1549524,0.0530462,0.2188524,0.3337958,0.289748,0.0265504,0.0968916,0.1790894,0.0602836,0.1456322,0.2606872,0.0237848,0.1316433,0.1623274,0.0308706,0.1782608,0.3444712,0.0357466,0.112872,0.1185116,0.0392908,0.0864476,0.2403456,0.0333214,0.1665906,0.1126184,0.1147762,0.2025314,0.2003412,0.0292532,0.1536798,0.2192288,0.0330502,0.1809224,0.1969638,0.0357426,0.1481628,0.0998652,0.0378898,0.2005076,0.2087178,0.2114244,0.030702,0.1161432,0.1793044,0.0904128,0.118569,0.3559916,0.0363214,0.116905,0.116536,0.0377846,0.1382954,0.4395996,0.0252812,0.1589124,0.268883,0.0787444,0.279661,0.3170922,0.0303156,0.1038084,0.1343514,0.0213156,0.2048162,0.2786848,0.0340838,0.155863,0.1254996,0.0516502,0.1546998,0.2781308
0.0387404,0.1160266,0.1562154,0.031625,0.1548592,0.288141,0.0225988,0.0951578,0.1491254,0.066205,0.2274462,0.2544272,0.0323154,0.0974784,0.1528776,0.0673212,0.1911094,0.1969518,0.0280054,0.1913856,0.2119514,0.028535,0.120686,0.3408478,0.027303,0.1325246,0.173892,0.0242446,0.1153498,0.1440142,0.1439404,0.0293688,0.1236086,0.1723938,0.0621238,0.1304344,0.2769374,0.0290652,0.1198386,0.1450194,0.0862218,0.1328376,0.2938876,0.0292762,0.1038718,0.1344354,0.0369458,0.1514192,0.2878268,0.0304912,0.071628,0.105239,0.0416456,0.316971,0.2164054,0.018911,0.1503126,0.0982022,0.1409122,0.1206994,0.2501894,0.025237,0.0993664,0.0991224,0.036335,0.1111402,0.532566,0.033985,0.159957,0.3364426,0.0550744,0.09592,0.4188106,0.037011,0.1320506,0.1275624,0.0736674,0.2124988,0.2445142,0.0256502,0.1122616,0.1659,0.0327448,0.1850792,0.125071,0.0314982,0.1711742,0.2466288,0.033133,0.0926122,0.1692428,0.040258,0.106229,0.1767426,0.0497478,0.1164006,0.2101304,0.0298046,0.0996026,0.0839874,0.2223304,0.0623462,0.179726,0.2883126,0.0350174,0.1032252,0.2263924,0.0363876,0.1998418,0.2567922,0.036091,0.1220112,0.154273,0.0548874,0.2203094,0.336899,0.2900528,0.0271202,0.1020696,0.1823962,0.0600764,0.1462284,0.2612626,0.0239928,0.1324676,0.1637204,0.029999,0.1773898,0.3429634,0.0359312,0.1126988,0.1185044,0.0404576,0.0878726,0.238732,0.0330326,0.1669726,0.114648,0.1150754,0.202528,0.1980232,0.0317046,0.1530318,0.2174448,0.0330878,0.1803188,0.1991366,0.035697,0.150606,0.1018906,0.0410782,0.1999392,0.2110572,0.2101228,0.030471,0.1190554,0.1804794,0.0907406,0.1186916,0.3539534,0.0363726,0.1190154,0.1177708,0.0380924,0.1401186,0.4460622,0.0262608,0.165995,0.2701698,0.078817,0.2826046,0.3149522,0.0304072,0.1045228,0.1376586,0.0216328,0.205285,0.2782174,0.0339002,0.1550682,0.1263742,0.0513084,0.1601134,0.278726
0.0397572,0.1194316,0.1594824,0.0319348,0.1594686,0.289474,0.021639,0.0971034,0.1525876,0.068457,0.2285186,0.2561274,0.0334734,0.0985182,0.1536192,0.068213,0.1948148,0.1984188,0.0289204,0.19251,0.2138158,0.0281782,0.1218576,0.3409148,0.0272656,0.1336472,0.1760234,0.025441,0.1156682,0.144568,0.1469076,0.0295476,0.1249632,0.17518,0.0652424,0.1334808,0.2773248,0.029531,0.1203412,0.1454928,0.0868978,0.1342196,0.2944434,0.0289698,0.1066694,0.1357868,0.0375104,0.1531102,0.2890522,0.0308216,0.0739552,0.105357,0.0425146,0.315803,0.2214034,0.0189484,0.1497616,0.09917,0.1426826,0.1223938,0.2491134,0.0252102,0.1022474,0.099738,0.0368781,0.119726,0.5311348,0.034264,0.1619546,0.3375042,0.0566334,0.09829,0.418463,0.0365902,0.133477,0.1284498,0.0768146,0.2136092,0.2469854,0.0249462,0.1133732,0.1661128,0.0331622,0.1856898,0.1252082,0.033456,0.1711752,0.2550054,0.0329232,0.0943552,0.1677938,0.0440292,0.1077004,0.1788134,0.0494832,0.1187288,0.2098526,0.0303788,0.1001796,0.0849062,0.2236218,0.0645056,0.1804392,0.2886556,0.035526,0.1071564,0.227328,0.0374076,0.200366,0.255563,0.0364136,0.1233748,0.1548232,0.0581718,0.2233192,0.3355472,0.289493,0.026643,0.1024478,0.1860418,0.061357,0.1462226,0.2609432,0.0233828,0.1344504,0.1652326,0.029529,0.175559,0.3398012,0.0376396,0.1117488,0.1186596,0.040701,0.0914742,0.242372,0.0336808,0.1666746,0.1203532,0.1160928,0.2029708,0.1989236,0.0305776,0.1527812,0.2183014,0.0327462,0.1795626,0.198861,0.0357294,0.1534454,0.104102,0.0419854,0.2004442,0.2105026,0.2110856,0.0302602,0.1200012,0.1809112,0.0907522,0.1194212,0.3514382,0.0373674,0.1183514,0.1195536,0.0391456,0.1395506,0.4536576,0.0258836,0.1755242,0.2688296,0.0799492,0.2868604,0.3167292,0.0322356,0.1080578,0.1397596,0.0217134,0.2061136,0.2738604,0.0341938,0.1586344,0.1278304,0.0517356,0.166304,0.2768946
0.041359,0.122701,0.1623494,0.0316518,0.1638826,0.2890676,0.0226376,0.0975006,0.1588492,0.0696746,0.2308038,0.2550938,0.0340076,0.0988474,0.1561272,0.067666,0.1981072,0.196982,0.0293986,0.1936196,0.2131762,0.028512,0.1199154,0.3370848,0.0353154,0.137529,0.1766918,0.0262242,0.1164554,0.1443282,0.149056,0.0298402,0.126115,0.1763662,0.0682558,0.1353002,0.2786298,0.0298776,0.12248,0.1468544,0.0867488,0.1348864,0.2934606,0.02933,0.1061354,0.1355098,0.0374524,0.1533118,0.2933516,0.0312202,0.076683,0.109644,0.042938,0.3122544,0.2218172,0.0272598,0.149939,0.1022734,0.1440374,0.123491,0.254542,0.0262256,0.1070346,0.1004458,0.0371767,0.1261896,0.5312316,0.0340992,0.1648272,0.34112,0.0597184,0.0990636,0.419516,0.0371848,0.1381284,0.1288608,0.0797686,0.2117432,0.2464434,0.0257332,0.1154424,0.1659792,0.0344538,0.1849262,0.1269662,0.0336534,0.1727724,0.2609192,0.0336322,0.0954602,0.1719068,0.0453674,0.1076676,0.178158,0.0495938,0.1178128,0.2108176,0.0309292,0.1010312,0.0858944,0.2218862,0.066795,0.1816674,0.2897576,0.0352256,0.110053,0.2279932,0.037774,0.2005718,0.2546814,0.0362384,0.1244224,0.1577706,0.0601756,0.22547,0.3360384,0.2891346,0.0277616,0.1027582,0.1870138,0.0614188,0.1471808,0.2601818,0.0228352,0.1361628,0.166122,0.0303854,0.1773664,0.3408666,0.0383644,0.1123602,0.1188446,0.0412326,0.0936852,0.2468372,0.0337714,0.1674936,0.1242554,0.1173972,0.2022384,0.2012356,0.0328372,0.1529992,0.218596,0.0328904,0.181681,0.1979516,0.0358834,0.155003,0.1041788,0.0416654,0.199272,0.2131172,0.2106474,0.0306592,0.121283,0.1816636,0.0910328,0.1196,0.3496748,0.0365844,0.118704,0.118631,0.0421354,0.1412942,0.4595346,0.026124,0.182939,0.2687092,0.0815562,0.289545,0.3176294,0.0324304,0.1093884,0.1406956,0.0230342,0.2069558,0.2743332,0.0348524,0.159393,0.129976,0.0526286,0.1764806,0.2797544
0.0416298,0.1240794,0.1629234,0.0319668,0.1688046,0.2898466,0.0243898,0.0975134,0.159123,0.072737,0.2326902,0.254394,0.034645,0.1010822,0.1584174,0.0691478,0.2006448,0.1957994,0.029328,0.1926762,0.2143538,0.029104,0.1206346,0.338608,0.0352652,0.1397258,0.1772894,0.0326426,0.1169266,0.1443708,0.1532414,0.0307692,0.1262278,0.1769386,0.0729946,0.1366038,0.2806932,0.0297032,0.1251978,0.1479948,0.087607,0.1350708,0.293035,0.0296934,0.1054154,0.1372508,0.0375198,0.1541762,0.2943276,0.033969,0.0786748,0.1104866,0.0427286,0.3127212,0.2214764,0.0267156,0.1495122,0.1022024,0.1461374,0.1241582,0.256212,0.0259134,0.111635,0.1021726,0.037553,0.135497,0.5268626,0.0339688,0.1663244,0.3441698,0.0617382,0.0997934,0.4220324,0.0384362,0.1410574,0.1302876,0.082383,0.2129888,0.24377,0.0249008,0.1172434,0.1674842,0.0349098,0.1874178,0.125698,0.0330926,0.173282,0.271398,0.033838,0.0964656,0.171862,0.04707,0.1107366,0.1815828,0.0498228,0.1165672,0.210082,0.0308894,0.100486,0.08964,0.2231924,0.0699406,0.1842326,0.2888578,0.035306,0.1104742,0.2296874,0.0392118,0.2007552,0.2540278,0.0363648,0.1239534,0.1598494,0.0632522,0.2266342,0.335269,0.289495,0.0289464,0.1068476,0.1898136,0.061998,0.1469928,0.261001,0.0236414,0.1367748,0.1681784,0.030031,0.1762924,0.3402368,0.039348,0.1124104,0.1206128,0.0428776,0.0953518,0.2511696,0.0342398,0.1666102,0.1271362,0.1185574,0.202091,0.2014518,0.0336128,0.1526154,0.2206676,0.032947,0.1867072,0.2015248,0.0358442,0.1572342,0.1066658,0.0427558,0.200328,0.2110812,0.2126154,0.0306306,0.1233984,0.1802392,0.09204,0.1186808,0.351183,0.0373562,0.119872,0.1190504,0.0421382,0.1412692,0.459631,0.0250434,0.1925008,0.2685,0.0807766,0.2952682,0.3133854,0.0331044,0.1128722,0.1407318,0.0228226,0.207379,0.2736484,0.0354766,0.158758,0.1327302,0.053429,0.1819192,0.2825838
0.0428346,0.126303,0.1640794,0.031881,0.171956,0.2886036,0.024909,0.0974686,0.1606712,0.0747934,0.2357264,0.254676,0.0352216,0.1019846,0.1579378,0.0698878,0.2004542,0.1972848,0.0294544,0.1939638,0.2154968,0.0292688,0.1216186,0.3343042,0.0355886,0.14303,0.1822484,0.0335296,0.1171188,0.1447332,0.1553654,0.031622,0.1283684,0.1782352,0.0760276,0.13983,0.2815626,0.0301546,0.1281488,0.148371,0.0884794,0.138825,0.2906288,0.0300652,0.1071056,0.13888,0.0382612,0.158225,0.2964546,0.0341108,0.0796868,0.1096908,0.0424338,0.30872,0.223738,0.0273922,0.1496654,0.100853,0.1482342,0.1263578,0.2552886,0.0268018,0.1156764,0.1030856,0.0384838,0.138503,0.529595,0.0339778,0.167569,0.3418186,0.0636518,0.100586,0.4279912,0.0391782,0.1458902,0.132287,0.0845784,0.2139196,0.2432084,0.0246472,0.1191888,0.170806,0.0360674,0.1881472,0.1256432,0.0329764,0.1739894,0.2755758,0.0343576,0.1004398,0.1752102,0.0481462,0.1123908,0.1834028,0.0511332,0.1160144,0.210639,0.0305908,0.101354,0.0905328,0.2223712,0.0706842,0.1832724,0.2888084,0.034769,0.1143894,0.2311238,0.0409904,0.1984716,0.2534198,0.0374888,0.1233838,0.1625982,0.0655548,0.2281078,0.3370912,0.2867148,0.0301476,0.109731,0.1918482,0.0637242,0.1463158,0.2623458,0.02359,0.1364012,0.1684408,0.0314514,0.17625,0.339982,0.0407178,0.1128148,0.1212174,0.0452712,0.0996592,0.2527302,0.0350436,0.167281,0.131138,0.1212238,0.2013516,0.1981218,0.035731,0.151403,0.220457,0.033531,0.1870498,0.2015872,0.0352628,0.1572478,0.1097272,0.0429022,0.1985206,0.2131572,0.2121034,0.0303704,0.1226004,0.1828428,0.0913926,0.1202596,0.3540166,0.0390462,0.1200406,0.1207012,0.041381,0.1425174,0.4643934,0.0268868,0.197454,0.2646134,0.0808412,0.2972246,0.3126304,0.0330682,0.1141302,0.1432362,0.023543,0.2068262,0.2703142,0.0353942,0.157782,0.1343104,0.053807,0.1859532,0.2800958
0.042796,0.1263252,0.163975,0.0315838,0.1758682,0.2910446,0.0329108,0.0983222,0.1639734,0.0797768,0.2368514,0.2534106,0.035644,0.1021132,0.1597214,0.0709454,0.202192,0.1965184,0.0289796,0.1946796,0.218496,0.0302632,0.122824,0.3346208,0.0357328,0.1454034,0.1854552,0.0340874,0.1194648,0.1466586,0.1588694,0.0314404,0.12863,0.1804072,0.078052,0.1404832,0.2791454,0.0299648,0.129133,0.1502334,0.08867,0.1412682,0.2881736,0.0300364,0.107068,0.1392656,0.0389404,0.1601552,0.2974464,0.0346312,0.0826644,0.1120156,0.0441606,0.3073394,0.2247844,0.027518,0.1482648,0.101707,0.1477352,0.1273674,0.2576494,0.0325696,0.119513,0.1021842,0.0395034,0.1431122,0.5264798,0.0334356,0.1678538,0.338763,0.0654956,0.1012754,0.4305664,0.0401602,0.1479946,0.1327754,0.0893738,0.2130078,0.2447754,0.0248224,0.1218382,0.1722044,0.0379192,0.1866466,0.1268302,0.032834,0.1750768,0.2842428,0.0348064,0.1033612,0.1788478,0.0502146,0.1123148,0.1872898,0.0527034,0.1169158,0.210428,0.0307264,0.1013836,0.0890994,0.220647,0.073111,0.1867978,0.2869346,0.0349568,0.1194332,0.23397,0.0407814,0.1969126,0.2533426,0.0376512,0.1220802,0.163663,0.0690388,0.2320202,0.3367862,0.2859928,0.0308818,0.1138068,0.1948564,0.0652404,0.1488378,0.262558,0.0244398,0.1376258,0.1690894,0.0323444,0.1762258,0.3402544,0.041272,0.1123406,0.1209722,0.0474712,0.1013422,0.2537832,0.0358078,0.167545,0.1353582,0.1195426,0.203818,0.198427,0.0361712,0.1528854,0.221244,0.0338874,0.1866178,0.203861,0.0359836,0.1592314,0.1130242,0.044482,0.1985748,0.214396,0.2087006,0.0300636,0.1229006,0.182915,0.0928552,0.1219266,0.3560788,0.041933,0.1220612,0.1228994,0.0416176,0.1399028,0.466127,0.027561,0.2041892,0.2628818,0.0812426,0.2960272,0.3133606,0.032853,0.1188818,0.1449426,0.0238262,0.2059236,0.270126,0.0370444,0.1582582,0.1339292,0.0526808,0.1900364,0.2803958
0.0431814,0.1289004,0.1656666,0.0324256,0.1795404,0.2891286,0.0345712,0.1005344,0.1662754,0.0810674,0.2355804,0.2552598,0.0357764,0.1044562,0.1609818,0.07094,0.2051748,0.1968418,0.0294218,0.1958714,0.2193706,0.0310078,0.1257658,0.3370696,0.0364286,0.1477674,0.188532,0.0343302,0.121223,0.1462628,0.1617074,0.0313336,0.1298234,0.1816752,0.0812952,0.1411318,0.2802538,0.0310492,0.1304276,0.1504728,0.0888324,0.1434996,0.2857982,0.0309864,0.1073658,0.1398952,0.0397662,0.1614172,0.2989248,0.0342322,0.0850502,0.1127596,0.0443668,0.3082446,0.224289,0.0271236,0.149133,0.103696,0.1477536,0.1289544,0.2622888,0.032263,0.1237258,0.1037441,0.0399562,0.1501604,0.531489,0.0340016,0.1694028,0.3377438,0.0662626,0.1009966,0.426159,0.0402808,0.1528452,0.1340052,0.0910052,0.2109876,0.243743,0.0251686,0.123251,0.1745882,0.0395206,0.1851698,0.127871,0.03285,0.1752382,0.2923286,0.0345538,0.1051252,0.1799244,0.0508964,0.1121006,0.1881354,0.055829,0.1174352,0.2089516,0.0330012,0.1023182,0.0883516,0.2210686,0.0760584,0.1878634,0.2873122,0.0357514,0.1255026,0.2323446,0.0414334,0.1964762,0.254065,0.0378332,0.1222464,0.1666678,0.0731076,0.2378572,0.338124,0.2856786,0.0310352,0.1143878,0.1977266,0.0673688,0.1481288,0.264342,0.0246088,0.1379242,0.1683568,0.0329028,0.1758386,0.3396776,0.0425634,0.1132282,0.1197464,0.0491426,0.103795,0.2589816,0.0355958,0.1675836,0.1393488,0.117495,0.2042914,0.1982402,0.0362504,0.1533212,0.2189846,0.0336516,0.1867554,0.201475,0.0355396,0.161096,0.114185,0.0465866,0.1986796,0.2127138,0.2116904,0.0311888,0.124,0.182371,0.0940574,0.1239432,0.358301,0.0430014,0.1221228,0.1240504,0.0429332,0.1408758,0.4725654,0.028229,0.2075572,0.259576,0.0815532,0.2978294,0.3115804,0.031852,0.12219,0.1461188,0.0250736,0.20514,0.268801,0.0376788,0.1591466,0.1344342,0.0532678,0.1922694,0.2827622
0.042798,0.129867,0.1656968,0.0330024,0.1838108,0.2893294,0.034175,0.1016002,0.1684788,0.081935,0.2354034,0.2576374,0.034794,0.1056672,0.1616448,0.0726124,0.2053098,0.1963732,0.0306126,0.196002,0.2223264,0.0313306,0.1288652,0.3384638,0.0367794,0.1525066,0.191517,0.0345336,0.123073,0.146713,0.1649646,0.0329154,0.1317838,0.1833716,0.0845986,0.1426154,0.2846296,0.0317046,0.1339468,0.1525178,0.09007,0.1431908,0.2855512,0.0316748,0.1087056,0.140741,0.0402806,0.1616354,0.2991138,0.034902,0.0870326,0.1126896,0.0448828,0.3083274,0.2228874,0.0273308,0.1481756,0.1021852,0.1483766,0.1302478,0.2627216,0.0319936,0.1296932,0.1048151,0.040497,0.1581878,0.5310488,0.0340804,0.1689706,0.3426684,0.0669544,0.1020496,0.4276696,0.040529,0.15689,0.1360734,0.0925034,0.211844,0.2438672,0.0248032,0.1225212,0.1773764,0.0410166,0.1868572,0.1280356,0.0329932,0.1747678,0.2951792,0.0351974,0.1058866,0.1787658,0.0515902,0.112413,0.1873498,0.0570734,0.117727,0.2079072,0.0326144,0.103634,0.0916406,0.2187918,0.0771048,0.188859,0.2863292,0.0367358,0.130402,0.229937,0.0417234,0.1978724,0.2524506,0.0373426,0.1224692,0.1686662,0.0748174,0.2386086,0.3359312,0.2846628,0.032012,0.1153938,0.2025588,0.0676184,0.1470808,0.265145,0.0253416,0.1396394,0.171214,0.0328368,0.1770704,0.3382176,0.0443318,0.1132358,0.1215946,0.0497912,0.108251,0.2574926,0.0358476,0.1689156,0.144054,0.1157068,0.2025748,0.1984886,0.0349744,0.1544954,0.2175636,0.0333246,0.186595,0.2015966,0.0359572,0.1623732,0.1136938,0.0474376,0.1997168,0.2135238,0.2112582,0.032735,0.1245018,0.1820556,0.0943692,0.1245086,0.3587698,0.044655,0.1227524,0.1229668,0.043929,0.1403716,0.470549,0.0278668,0.2097684,0.2595542,0.082225,0.3000022,0.3100742,0.0331138,0.1247594,0.146946,0.0259956,0.2051426,0.2656982,0.0382702,0.1601806,0.1352298,0.0543732,0.1982142,0.2860076
0.0433854,0.1330516,0.1695264,0.0341006,0.185929,0.290365,0.0349438,0.1028324,0.1703676,0.0843126,0.236499,0.258286,0.0352214,0.106256,0.1616868,0.0739102,0.2073656,0.1958748,0.0321416,0.19993,0.223226,0.0323668,0.1273446,0.3411094,0.0374408,0.1551716,0.194025,0.0345166,0.1231348,0.1429332,0.1707526,0.0333414,0.1307454,0.1845098,0.0866254,0.1448976,0.2856152,0.031621,0.136978,0.154132,0.0912986,0.1431926,0.2838286,0.0316708,0.1103612,0.1395142,0.0406108,0.1632422,0.3014576,0.0352056,0.0894524,0.112445,0.0449126,0.307421,0.2239878,0.0275094,0.1477876,0.1043228,0.1502482,0.1278548,0.2644868,0.0328686,0.1366512,0.1057681,0.0419358,0.1629294,0.5285406,0.034506,0.1694036,0.3468748,0.0693924,0.1025884,0.4270338,0.0406428,0.1581154,0.1383296,0.0950086,0.2123544,0.2447124,0.0271206,0.1236342,0.1856204,0.041107,0.1874246,0.131112,0.0336312,0.1755606,0.2972028,0.0358826,0.10781,0.180892,0.0518366,0.1114266,0.1898236,0.0576872,0.1167916,0.2102678,0.0323422,0.1043442,0.092799,0.218567,0.0781418,0.1883136,0.284863,0.0364676,0.1342428,0.2318922,0.0428816,0.1980586,0.2521274,0.0376422,0.1232388,0.1722434,0.0782152,0.2368224,0.3317648,0.2857328,0.032739,0.1173684,0.2058896,0.0684918,0.1474912,0.264279,0.025398,0.1395284,0.1720508,0.0336532,0.174901,0.337804,0.044921,0.1145098,0.1217046,0.0514112,0.1107,0.2589362,0.0366232,0.1692858,0.145542,0.1185654,0.2025852,0.1998002,0.0356738,0.1541546,0.2170806,0.0334788,0.1863008,0.2018636,0.037131,0.1660638,0.1137628,0.0493134,0.1984658,0.2144668,0.211092,0.0330104,0.1253056,0.1826084,0.0946,0.1247246,0.3601496,0.044076,0.1244394,0.1247288,0.0443498,0.1423192,0.472441,0.0289332,0.215998,0.2565348,0.0833352,0.3007698,0.3125462,0.0329502,0.1277438,0.1494686,0.0326254,0.2041102,0.2697398,0.0397156,0.1594566,0.1359282,0.05484,0.1990346,0.2871824
0.0431522,0.1350552,0.1729364,0.0349922,0.190352,0.287897,0.0351866,0.1046572,0.1727274,0.085372,0.237131,0.2611278,0.035844,0.105603,0.1643958,0.0747126,0.2078732,0.1970856,0.0333102,0.2033348,0.220832,0.032901,0.128054,0.3431698,0.0361166,0.1552668,0.1981166,0.0342702,0.1247902,0.1440098,0.1757888,0.0321402,0.1322836,0.1850058,0.0900118,0.1447488,0.2816866,0.0319396,0.1391712,0.15395,0.0905152,0.143584,0.2818004,0.0316578,0.1095238,0.1400876,0.0425812,0.164767,0.2997072,0.035504,0.0931622,0.1145678,0.0457268,0.3062226,0.2236058,0.0273778,0.1483102,0.106584,0.1508426,0.129176,0.2666284,0.0332992,0.1408098,0.1061401,0.043403,0.1686902,0.5271834,0.0341062,0.1713146,0.3485016,0.069882,0.1032652,0.4280546,0.0430244,0.1602004,0.1394342,0.0967494,0.2132952,0.2473072,0.0270372,0.1249774,0.1858082,0.042297,0.187992,0.1321334,0.0360292,0.1755458,0.3003202,0.0374482,0.1140582,0.1823116,0.0526798,0.11133,0.1937602,0.06028,0.119332,0.2098504,0.0338438,0.1044532,0.0967284,0.2197718,0.0794636,0.1888898,0.2849002,0.0366072,0.1379734,0.2319474,0.0432184,0.2007744,0.2526004,0.0383784,0.1250056,0.174891,0.0809752,0.239191,0.3344374,0.2841546,0.0328046,0.1190966,0.2094074,0.0694484,0.1487638,0.263913,0.0266522,0.140529,0.1723904,0.033008,0.1754228,0.3362574,0.0438314,0.1147092,0.1229462,0.051657,0.1135216,0.259135,0.0371756,0.1669602,0.1497376,0.1196188,0.2033162,0.1999378,0.0379108,0.1529708,0.2139762,0.0345182,0.1870952,0.2030992,0.0372296,0.1678864,0.1145534,0.0496764,0.1991784,0.215143,0.211153,0.0330804,0.1273956,0.1840914,0.0943918,0.1248976,0.3592342,0.0462614,0.125154,0.124714,0.0457774,0.1433034,0.475022,0.028648,0.2180148,0.254933,0.0847508,0.2994114,0.3131934,0.0331212,0.1288026,0.1500502,0.0325214,0.2026202,0.2725076,0.0387276,0.1599676,0.1375546,0.055964,0.2020972,0.284693
0.044369,0.1347062,0.1748504,0.035654,0.1931356,0.2860518,0.0350874,0.1054078,0.1755532,0.0894894,0.2358764,0.264449,0.0367948,0.1061818,0.1645878,0.0764448,0.2094502,0.1955434,0.0330008,0.2048442,0.2231276,0.033689,0.126632,0.3447402,0.0358462,0.157603,0.1981072,0.0355098,0.126814,0.1435918,0.17939,0.031878,0.1347052,0.1887286,0.09322,0.1459138,0.2812724,0.0329364,0.1396858,0.1546408,0.0921722,0.1434754,0.2824814,0.0312942,0.1104038,0.1402838,0.0422156,0.1659386,0.2996186,0.0364422,0.0946146,0.1144988,0.046527,0.3082338,0.221752,0.027816,0.1476528,0.1075508,0.1514012,0.1315894,0.265209,0.0331358,0.146652,0.1071121,0.043549,0.175957,0.5261098,0.0344746,0.1724892,0.3513182,0.0723206,0.103921,0.428002,0.0445714,0.162972,0.141826,0.0997024,0.2110716,0.2493246,0.0274618,0.1265248,0.1889242,0.0427054,0.1880128,0.1305912,0.037582,0.173364,0.3022584,0.0382548,0.1174108,0.1823894,0.053351,0.1113588,0.1938778,0.0592236,0.1205164,0.2100944,0.0340796,0.1044868,0.0971218,0.2193526,0.0808156,0.1889112,0.284044,0.0366386,0.1428228,0.2312148,0.0434,0.2004946,0.252303,0.0379186,0.1256648,0.1766048,0.0826972,0.2378904,0.3392092,0.2843174,0.0341906,0.1214038,0.2143902,0.0698974,0.1484698,0.2654062,0.027179,0.138383,0.1732984,0.0331534,0.1730486,0.3370262,0.0462754,0.1148988,0.1266912,0.0530724,0.115885,0.2575946,0.0364308,0.1663072,0.1532568,0.1195924,0.2028756,0.1988128,0.0383442,0.1513106,0.2123686,0.0350206,0.1870224,0.2042956,0.0369482,0.1700104,0.1155436,0.0505884,0.1975754,0.2152594,0.2123742,0.0333046,0.12792,0.1825664,0.094785,0.125929,0.3591688,0.0484104,0.124839,0.1245302,0.0462476,0.1443802,0.4791402,0.0290334,0.2206592,0.2544062,0.0863856,0.3028712,0.3117084,0.0331496,0.129077,0.1519074,0.0329224,0.2008734,0.272248,0.0395352,0.1610552,0.1381776,0.0565954,0.2029184,0.287369
0.0467378,0.1364268,0.1765372,0.0376982,0.1978162,0.2897492,0.0354702,0.106752,0.1763548,0.0902976,0.2363064,0.270291,0.0375636,0.1073192,0.1664852,0.0785772,0.2108304,0.195699,0.0332252,0.204327,0.225214,0.0343856,0.1254902,0.3449022,0.0367608,0.1586336,0.2008434,0.0353668,0.1282953,0.145406,0.1842546,0.0319522,0.1343182,0.1937622,0.0974348,0.1470298,0.2821288,0.0337588,0.1447886,0.1561616,0.0923396,0.1440218,0.282369,0.032322,0.1112546,0.1415226,0.0431296,0.1684312,0.3022624,0.0373142,0.0946134,0.1152374,0.0462126,0.3110768,0.2246694,0.0289472,0.1491298,0.1077288,0.1525084,0.1330664,0.2661016,0.0342162,0.1526216,0.1091511,0.044445,0.1824794,0.5280652,0.0340248,0.1720954,0.3529488,0.0737132,0.1036952,0.4283108,0.0442458,0.16293,0.1418622,0.1034028,0.2130566,0.251082,0.0272746,0.1276112,0.188234,0.044382,0.1879342,0.1320482,0.038467,0.1738614,0.3071552,0.0383974,0.1198942,0.1833976,0.053035,0.1117188,0.1954676,0.0586736,0.120824,0.208985,0.0355232,0.105134,0.0975942,0.2187504,0.081344,0.1891772,0.2848126,0.0368704,0.147896,0.2312886,0.0448622,0.2004912,0.2514584,0.0378088,0.1260576,0.1763014,0.0847116,0.2408646,0.334362,0.2814426,0.034055,0.1220234,0.21763,0.071168,0.1496574,0.2662856,0.0272606,0.1386534,0.1720578,0.0344656,0.17314,0.3345328,0.047868,0.1135008,0.1294556,0.0556872,0.1174892,0.258154,0.0377602,0.1681308,0.1559304,0.1201262,0.205899,0.201246,0.039093,0.151893,0.21385,0.0352582,0.1887464,0.2011226,0.0368224,0.1711746,0.1158848,0.0511646,0.1995386,0.214224,0.2120646,0.034828,0.1292264,0.1840876,0.0951204,0.126896,0.3616186,0.0518222,0.1262132,0.1279042,0.0468404,0.1442952,0.479893,0.0293648,0.2212112,0.2534818,0.0866,0.2989468,0.3154496,0.0330978,0.1317924,0.1530524,0.0325416,0.2004398,0.278432,0.0398512,0.1610754,0.1379254,0.060195,0.2051602,0.2867894
0.0483224,0.1389768,0.180142,0.038759,0.19949,0.2905278,0.0361182,0.1075206,0.1814148,0.0910026,0.238337,0.2671932,0.038548,0.1078932,0.166722,0.078963,0.2124922,0.1950386,0.0345922,0.2043728,0.224824,0.0335526,0.125676,0.3437168,0.0370608,0.1632062,0.201685,0.0354706,0.1291241,0.1480212,0.1869688,0.0328786,0.135386,0.1942408,0.1002362,0.1514564,0.2839044,0.033597,0.1479028,0.156318,0.0932712,0.1459296,0.2818478,0.032632,0.111309,0.1410734,0.043328,0.1681216,0.3010522,0.0377606,0.0983094,0.1163464,0.0466918,0.3123106,0.2259856,0.0298634,0.1488332,0.110463,0.1526566,0.1333792,0.2679236,0.0335818,0.157525,0.1093278,0.0447978,0.1869672,0.5288184,0.0344746,0.1719676,0.3528382,0.0771852,0.1028656,0.4301888,0.0439018,0.1650914,0.1417962,0.1053376,0.2143138,0.2504538,0.0272242,0.1297448,0.1850742,0.0448485333333,0.1884918,0.1319714,0.0390416,0.1741228,0.3049036,0.0377534,0.122687,0.1853774,0.0529704,0.111987,0.1966322,0.0597688,0.1213968,0.2094608,0.0361858,0.1054424,0.0977354,0.2174724,0.0819936,0.1896844,0.285695,0.0378546,0.151239,0.232257,0.0458924,0.198588,0.2511104,0.0382268,0.127222,0.17644,0.0877506,0.2428144,0.3343562,0.279938,0.0341918,0.12305,0.2223174,0.0723884,0.1516162,0.2648464,0.0287898,0.1381486,0.174248,0.0349144,0.1731714,0.3355036,0.0478572,0.1136328,0.1294256,0.0567812,0.1203262,0.2603532,0.0384262,0.165758,0.1565652,0.123739,0.2061302,0.1997424,0.0403074,0.1496034,0.2125318,0.0357894,0.1892608,0.2013168,0.0381802,0.1719598,0.1147148,0.0518884,0.2020756,0.2132878,0.2109532,0.03535,0.1304242,0.1825286,0.0936338,0.1253502,0.364504,0.05308,0.126948,0.1274158,0.0486684,0.14308,0.4785786,0.0298156,0.2195162,0.25142,0.088104,0.2970184,0.3131774,0.0332538,0.1337722,0.1562008,0.032235,0.200986,0.2782842,0.0403098,0.1623316,0.1396936,0.061576,0.2076084,0.2848798
0.0488382,0.1402748,0.1833854,0.0392484,0.2030746,0.2903832,0.0368298,0.1078166,0.1806654,0.0944192,0.2373804,0.2764024,0.0391514,0.1088586,0.1673118,0.0790548,0.2132244,0.1935662,0.0353426,0.2076182,0.224716,0.0354006,0.1271162,0.3456572,0.0368086,0.1634844,0.1996904,0.03627,0.1294865,0.1477778,0.1909876,0.0325736,0.1372222,0.1965144,0.1027548,0.1519308,0.2806494,0.0346014,0.1498556,0.1574704,0.0956278,0.146597,0.2815906,0.0335294,0.1129782,0.1425486,0.0444352,0.1687724,0.301636,0.0392658,0.1013004,0.117708,0.0495822,0.3137502,0.226939,0.029937,0.1491241,0.109787,0.156058,0.1342736,0.2665788,0.0330178,0.1615814,0.1130766,0.0462694,0.1931808,0.527607,0.0336956,0.1713284,0.348662,0.0788582,0.1024994,0.4315856,0.045634,0.164962,0.1414878,0.1074866,0.2137098,0.2501904,0.0282082,0.130461,0.1865444,0.0463389333333,0.1899436,0.1348426,0.0393768,0.1746752,0.3065754,0.037847,0.1255866,0.1858126,0.053574,0.1136262,0.1992144,0.0615096,0.1211608,0.208563,0.0356676,0.1063914,0.100869,0.2172738,0.083871,0.1913228,0.2823796,0.0388678,0.1552362,0.2300954,0.0465708,0.1981312,0.2482004,0.0388184,0.127512,0.1797384,0.0903994,0.2424816,0.3297442,0.2787984,0.0339386,0.1256306,0.2286002,0.0725458,0.1514486,0.2644332,0.029235,0.1378924,0.172768,0.0362272,0.173347,0.335467,0.047806,0.1125016,0.1304282,0.0588726,0.1243376,0.259817,0.0391914,0.1655288,0.1581552,0.1240162,0.2051104,0.200747,0.0408762,0.1492062,0.2120618,0.0358852,0.1898652,0.2015746,0.0381658,0.1714026,0.1148576,0.0518818,0.2020102,0.2131154,0.2110112,0.0356768,0.1332586,0.1840988,0.092894,0.1262592,0.3635018,0.0548142,0.1260992,0.127031,0.0483252,0.1433598,0.482555,0.0297058,0.2214392,0.2503296,0.0877568,0.2977998,0.3127558,0.0336572,0.1342104,0.1567952,0.0328106,0.200038,0.2812096,0.0422864,0.161602,0.1427278,0.0608784,0.2094924,0.2850438
0.0497716,0.1399718,0.1858256,0.0400488,0.2054788,0.2917734,0.0374416,0.1085956,0.1805822,0.0969944,0.2357096,0.2788904,0.03947,0.1084674,0.1691364,0.0790974,0.2165612,0.1932566,0.0353238,0.2094014,0.2253796,0.035335,0.1274342,0.3430752,0.0369564,0.1638572,0.1991236,0.0359738,0.1310483,0.14679,0.1937108,0.033888,0.1392398,0.2002548,0.107574,0.155388,0.2815814,0.034464,0.1514014,0.1604988,0.0980812,0.1449282,0.280179,0.0337562,0.1131148,0.143546,0.0446228,0.1670806,0.3015196,0.0401154,0.102419,0.117129,0.0509226,0.3119982,0.2281594,0.0302724,0.1484834,0.1097094,0.1553478,0.1352054,0.2685124,0.0333132,0.1652264,0.1133766,0.0468092,0.1979878,0.5275082,0.0337668,0.1699394,0.3521966,0.079996,0.103849,0.4245314,0.0446992,0.1638458,0.1439984,0.1112354,0.2160756,0.250344,0.0286506,0.1330694,0.1907898,0.0473517333333,0.188838,0.1343342,0.040275,0.1742972,0.3064328,0.037675,0.1273818,0.1892464,0.0535494,0.1156446,0.1986676,0.0625616,0.121529,0.2058224,0.0366694,0.1063458,0.1014674,0.216263,0.0845586,0.1904636,0.2808724,0.0384108,0.1587944,0.2299766,0.0477366,0.1983642,0.2470818,0.0394978,0.1259912,0.181577,0.0931316,0.2434236,0.3282584,0.2781786,0.0334244,0.1270464,0.2340226,0.0729388,0.1508536,0.2639164,0.0289274,0.13864,0.1746882,0.0364306,0.1736315,0.3314404,0.048071,0.1133498,0.1294528,0.0607558,0.1257178,0.2610334,0.0393106,0.1645006,0.1629074,0.1239108,0.2048818,0.2029134,0.041367,0.1499748,0.2115522,0.0355376,0.1894906,0.1981644,0.03829,0.1733612,0.1165174,0.053679,0.2037298,0.213467,0.213473,0.0351826,0.1335684,0.1827934,0.092246,0.1260238,0.3635534,0.0555486,0.1277456,0.1282396,0.0501724,0.1420518,0.4826182,0.0309524,0.2229888,0.2460484,0.0882218,0.2974434,0.3124028,0.0350002,0.1359922,0.1597284,0.0327796,0.1996526,0.2814732,0.0422262,0.1591162,0.1455018,0.0620498,0.210878,0.2823188
0.0516604,0.1434,0.1899572,0.0407232,0.2076242,0.290158,0.0374728,0.1104822,0.1807554,0.0984756,0.2365206,0.2833408,0.0396844,0.10912,0.169809,0.0800094,0.2162608,0.1937254,0.0347666,0.2109328,0.2234976,0.0351924,0.127987,0.3410674,0.0371896,0.1630594,0.201885,0.0366982,0.1316347,0.1497856,0.1992252,0.0353508,0.1411036,0.2019884,0.1104404,0.1571948,0.278085,0.0341678,0.1533676,0.1634006,0.0972188,0.144954,0.2813924,0.0339474,0.1143162,0.142556,0.0442914,0.1660048,0.3052058,0.039502,0.103435,0.1212982,0.050792,0.3134216,0.2303386,0.030773,0.1477448,0.109189,0.1547228,0.1346754,0.2675062,0.033414,0.1695854,0.1142912,0.0467608,0.203067,0.5333952,0.035079,0.1714992,0.3547194,0.0826616,0.1031748,0.4292174,0.0452338,0.1650494,0.145921,0.111473,0.2146338,0.2518962,0.0309266,0.1350994,0.1921454,0.0487259333333,0.1892494,0.1333212,0.0414326,0.1756524,0.3083186,0.038741,0.1328544,0.1874106,0.0545584,0.1153392,0.199298,0.0644846,0.1211258,0.2069572,0.0365152,0.1049628,0.1033116,0.2175172,0.0843566,0.1917432,0.2804716,0.0385618,0.1629888,0.2324634,0.0486978,0.1985118,0.2476404,0.039989,0.1251446,0.1829158,0.0950844,0.2464762,0.3310052,0.2777114,0.0346388,0.128485,0.240307,0.0730782,0.1507288,0.2622458,0.0311596,0.1391096,0.1752098,0.0372504,0.173353,0.3293702,0.049135,0.1128402,0.1298062,0.0625862,0.1258158,0.2609116,0.0401388,0.1639336,0.1653356,0.12264,0.202979,0.203658,0.0418094,0.150302,0.2112076,0.036305,0.1876606,0.1979996,0.0390944,0.1739784,0.1155322,0.0567932,0.2049864,0.2124538,0.2115138,0.0357438,0.1356444,0.1824332,0.0918064,0.1257992,0.3669636,0.0583256,0.1279534,0.128429,0.0503442,0.1424928,0.4814336,0.0319118,0.2236836,0.2450704,0.0878984,0.2960198,0.3137396,0.037104,0.1373862,0.161796,0.0330592,0.1979652,0.2785444,0.0432026,0.1594434,0.146811,0.0629066,0.210863,0.286964
0.052288,0.144161,0.191986,0.0412216,0.2104794,0.2898884,0.0372488,0.1097206,0.182915,0.0995282,0.2359838,0.286371,0.0410584,0.1094324,0.1735196,0.080842,0.214389,0.1954608,0.0346496,0.213276,0.2220832,0.0361238,0.1284674,0.3407206,0.0372454,0.1631088,0.2025874,0.0372332,0.1294005,0.1492124,0.2054098,0.035267,0.1424758,0.205998,0.113759,0.1573066,0.2794416,0.0345854,0.1553496,0.1644142,0.0997224,0.1437214,0.280689,0.0362126,0.1148784,0.1414324,0.044503,0.1651188,0.307799,0.0402228,0.1051396,0.121974,0.0514384,0.312373,0.229947,0.030408,0.1477242,0.109578,0.1550662,0.1346542,0.2697916,0.033124,0.1762732,0.1141958,0.0464902,0.207596,0.535609,0.0357562,0.1706548,0.3484572,0.0852458,0.1021998,0.4252464,0.0460074,0.163881,0.1464962,0.112531,0.2143718,0.250941,0.0314192,0.139423,0.1940348,0.0481980666667,0.1872836,0.1347398,0.042776,0.174658,0.3069098,0.038787,0.138592,0.1897834,0.0547008,0.1182846,0.201034,0.064024,0.1206526,0.2075176,0.0358468,0.104242,0.1052704,0.2176542,0.0871118,0.1914578,0.2810046,0.038708,0.166011,0.2314636,0.0509246,0.1976094,0.248405,0.0409244,0.125135,0.1864916,0.0999472,0.2482384,0.3328088,0.279432,0.0343978,0.130112,0.2454184,0.0734946,0.1501864,0.261958,0.0308892,0.1397594,0.1747672,0.03594,0.1713824,0.327154,0.0498134,0.1132766,0.1315638,0.0639352,0.12945,0.2592288,0.0402734,0.1629984,0.1692304,0.123185,0.2023486,0.2041826,0.0426482,0.1499852,0.2109098,0.0366196,0.1876008,0.1975496,0.0393232,0.1738482,0.1154006,0.0571814,0.2039672,0.211922,0.2119706,0.0370198,0.1353924,0.1817796,0.0918416,0.1252098,0.3646086,0.0593976,0.1271842,0.1287546,0.0498594,0.1414346,0.483667,0.0322466,0.2264458,0.2432482,0.0880196,0.2964432,0.3107838,0.0374666,0.1396052,0.1601424,0.0333536,0.1972804,0.2783064,0.043322,0.1583226,0.147289,0.0631524,0.2130066,0.2883222
0.054118,0.144683,0.194418,0.0422574,0.2126968,0.2873468,0.0379332,0.1109778,0.1849358,0.1044096,0.2375568,0.295171,0.0408502,0.1095946,0.1747656,0.0818992,0.2146046,0.1952382,0.0344368,0.2162206,0.2212216,0.0366566,0.128156,0.3386368,0.0378638,0.1662408,0.2026408,0.037959,0.1290667,0.1512676,0.2082598,0.0364032,0.1421662,0.2083394,0.1177036,0.1573984,0.281684,0.0356174,0.1569442,0.1633848,0.098917,0.144244,0.2790914,0.0364124,0.1172636,0.1423176,0.0449458,0.1646152,0.3078752,0.0411722,0.1070608,0.1226728,0.0526628,0.311952,0.2307492,0.0307228,0.1476926,0.1090003,0.1534206,0.1343018,0.2696828,0.0331278,0.1800858,0.1138204,0.0465258,0.2121208,0.5307016,0.0360666,0.1700522,0.3486038,0.0878972,0.105653,0.4293918,0.0470942,0.1650344,0.1452692,0.11313,0.2129172,0.2537392,0.031405,0.1427458,0.1947556,0.0507692,0.187849,0.1343692,0.0438818,0.1727222,0.3109234,0.0388424,0.1419566,0.1907274,0.0551216,0.1173522,0.2017396,0.0644884,0.1220414,0.2097036,0.036691,0.1040682,0.1071196,0.2187514,0.0871032,0.1924942,0.28133,0.0388742,0.1683274,0.2343812,0.0516376,0.1988032,0.2474626,0.0420764,0.1260474,0.189757,0.1052098,0.2484922,0.3358066,0.2788218,0.0339158,0.1303952,0.2496228,0.0741684,0.1508064,0.2595676,0.0311346,0.1393224,0.1756874,0.0348648,0.1722552,0.3256834,0.0505448,0.1135076,0.1322404,0.0651008,0.1320476,0.263309,0.0402104,0.1641912,0.1709518,0.1261426,0.201327,0.2061054,0.0454392,0.148864,0.2105878,0.0365268,0.1880592,0.1977118,0.0394888,0.1752384,0.116347,0.0571048,0.2031748,0.2115138,0.2113642,0.0388486,0.1348362,0.181347,0.0923668,0.125382,0.3655994,0.0589334,0.1284428,0.1287002,0.0511704,0.1407918,0.4868266,0.032513,0.225829,0.2442814,0.0872892,0.297125,0.312926,0.0372022,0.1401212,0.1621744,0.032555,0.1983744,0.2771852,0.0433528,0.1579658,0.1455488,0.0650922,0.2148888,0.2888764
0.053716,0.1445064,0.194187,0.0423212,0.214829,0.2907766,0.0382086,0.1122576,0.1849772,0.1064084,0.237323,0.3038864,0.0411636,0.1086354,0.1770636,0.0821424,0.2173118,0.1979186,0.0350306,0.216176,0.2233612,0.0375384,0.128524,0.337049,0.038401,0.1676704,0.2054224,0.0380244,0.1301984,0.151513,0.210597,0.036424,0.1431496,0.2120038,0.1228464,0.1564584,0.2828748,0.0355694,0.1589996,0.1643364,0.0994436,0.144111,0.279844,0.036001,0.1177534,0.1409566,0.0456118,0.1672972,0.3081206,0.0413544,0.109473,0.123605,0.0533524,0.3086352,0.2287932,0.0304138,0.1492936,0.1085358,0.152791,0.1337888,0.2705144,0.0334222,0.1847424,0.113663,0.0460618,0.2160852,0.5286596,0.0382018,0.1702154,0.3488506,0.0880962,0.104365,0.429198,0.0475708,0.1642716,0.1455216,0.1165468,0.2123936,0.2542114,0.030934,0.1442856,0.197477,0.0505736,0.1865,0.1337362,0.0446492,0.1710978,0.3112944,0.0389958,0.1492722,0.1905616,0.056581,0.1170962,0.2017288,0.0657376,0.1225328,0.208314,0.0371914,0.1038466,0.1078034,0.2174932,0.0881284,0.1925362,0.2809604,0.038662,0.1730274,0.2325256,0.0533926,0.1987646,0.2481456,0.042969,0.1262638,0.1929698,0.107981,0.2496522,0.3383484,0.278622,0.0348848,0.1313268,0.2589108,0.0748032,0.1501404,0.2593768,0.0312124,0.1395966,0.1747786,0.0356158,0.1711886,0.321642,0.0510736,0.115349,0.1320024,0.0644284,0.1353042,0.2645766,0.040319,0.1638108,0.175427,0.1281062,0.2013504,0.2072158,0.0454556,0.1485814,0.2080806,0.0371808,0.1865258,0.196128,0.0391976,0.1751614,0.1183466,0.0576984,0.202985,0.2107482,0.2111816,0.0396208,0.1343444,0.181297,0.0922929,0.1247278,0.3652348,0.0601596,0.1293624,0.1292162,0.0526794,0.1402698,0.4869734,0.0339608,0.2255474,0.2428426,0.0878652,0.296666,0.3131368,0.0375458,0.1403754,0.1633964,0.032653,0.199108,0.275514,0.0438278,0.1576086,0.1440538,0.0657944,0.21422,0.291435
0.0535722,0.145469,0.1984192,0.0431446,0.2157278,0.2900004,0.0389084,0.1140384,0.1860452,0.1087554,0.2357758,0.3085642,0.0405062,0.1124872,0.1761176,0.0832716,0.2178016,0.1973822,0.0343602,0.2188726,0.2222708,0.0378884,0.1282774,0.3352408,0.0388232,0.1675488,0.2102002,0.0380428,0.1297336,0.1504544,0.2110308,0.0369966,0.1450782,0.2111004,0.1261318,0.1581232,0.28341,0.0355346,0.1588084,0.167761,0.1003924,0.14477,0.277679,0.0359336,0.1180442,0.1401006,0.046949,0.1677466,0.308813,0.0413678,0.110303,0.123562,0.0536016,0.308056,0.229817,0.0316252,0.1486742,0.1097699,0.15324,0.1344858,0.2697322,0.0337648,0.1848754,0.1135182,0.0470256,0.216597,0.5238654,0.0379536,0.1705786,0.3499564,0.0893808,0.1046364,0.4302106,0.0553264,0.166175,0.1467044,0.118498,0.2109394,0.2515302,0.0317964,0.1482558,0.198967,0.0512104,0.1847176,0.1316516,0.044053,0.1707822,0.3132946,0.0385708,0.154786,0.1924278,0.0569346,0.1187884,0.2021726,0.065544,0.1233928,0.2090768,0.0376306,0.1050716,0.1082968,0.2174588,0.0907332,0.1916312,0.2805188,0.039374,0.177064,0.2316836,0.0548942,0.1962186,0.2446436,0.0445654,0.1263778,0.1967242,0.1110476,0.25128,0.337174,0.2763998,0.034585,0.1326568,0.2645382,0.0748512,0.1525476,0.2607686,0.0313818,0.1400514,0.1754418,0.0365512,0.1715508,0.3202536,0.0517384,0.1141578,0.1313996,0.0660192,0.136528,0.2683604,0.0416394,0.1643266,0.1776912,0.1283898,0.2014046,0.207737,0.046231,0.1482894,0.2051034,0.037985,0.1844696,0.1964346,0.0392276,0.174309,0.1204236,0.0587376,0.2021886,0.2115352,0.2100858,0.0402454,0.1332804,0.1830222,0.0925821,0.1252578,0.365262,0.062129,0.1290454,0.1283456,0.0537604,0.1421982,0.4816054,0.034415,0.2265808,0.2421282,0.088247,0.293951,0.3098494,0.0390692,0.1430296,0.1651564,0.0323518,0.1982192,0.2738496,0.0447044,0.1565222,0.1467808,0.067201,0.2156318,0.289119
0.0545686,0.1481524,0.1991224,0.044157,0.2166038,0.2914234,0.0388938,0.1151844,0.1853244,0.1102022,0.2368598,0.3153942,0.0403244,0.1113778,0.1770366,0.0839396,0.2186456,0.1959716,0.034932,0.2202382,0.2203164,0.038606,0.1281016,0.3378502,0.0400988,0.167422,0.2100446,0.036943,0.1293522,0.1501748,0.2189416,0.0360872,0.1449816,0.2103386,0.1283708,0.1606124,0.2832748,0.0352086,0.1601258,0.1670762,0.1001134,0.1453726,0.2782992,0.0364866,0.117564,0.1393066,0.047015,0.1689872,0.3094206,0.0433252,0.1104524,0.1231892,0.0542456,0.307917,0.2311952,0.031713,0.1469588,0.1118215,0.1529604,0.1340618,0.2713504,0.0342364,0.186615,0.1133218,0.0489594,0.2176086,0.5264302,0.0381514,0.1693994,0.3528478,0.0898126,0.1043358,0.4266644,0.0553638,0.1695228,0.1476042,0.1199384,0.2116946,0.249318,0.0323006,0.1493054,0.1986438,0.0519594,0.1858766,0.1328308,0.0431758,0.1708356,0.3131032,0.0374372,0.1584508,0.1925884,0.0577004,0.1189166,0.20024,0.0668184,0.1242128,0.2077638,0.03881,0.1048628,0.110419,0.217644,0.0928176,0.1940022,0.277994,0.039545,0.182544,0.2343788,0.0538922,0.1930138,0.2438488,0.0454422,0.126072,0.1981402,0.1127384,0.2524966,0.3375046,0.275992,0.0346826,0.1335642,0.2707266,0.0753774,0.1504426,0.2602208,0.0320688,0.1394638,0.1764816,0.0366744,0.1715226,0.3214794,0.0509138,0.1138474,0.1314652,0.0661672,0.137109,0.271091,0.0423188,0.1639072,0.180971,0.1292732,0.2013164,0.2097528,0.0470998,0.1478746,0.2047906,0.0388054,0.1844918,0.1970902,0.0407538,0.1752312,0.121178,0.0593032,0.2011268,0.2112808,0.213777,0.0406828,0.134191,0.1842226,0.0937196,0.1237856,0.3644838,0.062477,0.1282262,0.1289404,0.053966,0.1428002,0.482002,0.0349744,0.2275224,0.2405604,0.0881134,0.2951876,0.3086624,0.0397934,0.1416458,0.1669116,0.0328418,0.1963112,0.2782996,0.0460884,0.1564074,0.1476208,0.0666248,0.2154336,0.2893622
0.0545602,0.1496448,0.1999492,0.0441498,0.2176524,0.2908074,0.0393446,0.11486,0.1846112,0.111393,0.235455,0.3191324,0.0407622,0.1110568,0.1783458,0.0826186,0.2210134,0.1916154,0.035662,0.2243732,0.2181924,0.0381238,0.1278172,0.3386086,0.0403846,0.169034,0.2099544,0.0378068,0.1285808,0.1509146,0.222091,0.0363186,0.1476046,0.211338,0.1310886,0.162211,0.2845784,0.0355506,0.1622048,0.1680014,0.0997578,0.1456528,0.2796606,0.0364442,0.1177748,0.1388874,0.0473476,0.1705068,0.3105832,0.0466584,0.1123888,0.1249852,0.0547978,0.306145,0.230817,0.0321894,0.1446938,0.1123367,0.1518202,0.1340406,0.2713176,0.0342844,0.190221,0.1144146,0.0489428,0.2194484,0.5281814,0.0378666,0.170948,0.3536372,0.0907866,0.1057066,0.4274086,0.0561478,0.1717644,0.150327,0.1233534,0.2126324,0.2529078,0.0320952,0.1513562,0.2034688,0.0525882,0.1864724,0.1320764,0.043344,0.1719048,0.3134292,0.0375296,0.1646774,0.192314,0.0574448,0.1222862,0.1984496,0.0675844,0.1227802,0.205525,0.0394822,0.1066192,0.1118276,0.2175958,0.0935686,0.1931192,0.2796458,0.0407548,0.1844166,0.2334458,0.0538056,0.1933668,0.2417922,0.0460394,0.1258332,0.1993148,0.1147656,0.2510882,0.3429916,0.2740194,0.0368582,0.1335906,0.2763478,0.0763718,0.1493044,0.259282,0.0327798,0.1406072,0.1747704,0.0367758,0.1719194,0.3201506,0.0524914,0.1150222,0.131597,0.0673754,0.1380194,0.2726772,0.042724,0.1643994,0.1846056,0.1303458,0.2004446,0.2077614,0.0456162,0.1494572,0.203679,0.0394014,0.1854568,0.1965482,0.041868,0.1787666,0.1226294,0.0600508,0.1987046,0.209817,0.2133644,0.0420106,0.1338568,0.1839044,0.0931308,0.1230552,0.3646298,0.0627402,0.129421,0.1307936,0.0562434,0.1433854,0.4831976,0.03518,0.2293952,0.2393254,0.0882514,0.2956098,0.3064738,0.0403318,0.1413082,0.1694662,0.0324096,0.1957508,0.2769456,0.0472812,0.1571694,0.1482678,0.0675792,0.2153696,0.289137
0.0558352,0.1496556,0.2000602,0.0442062,0.2172858,0.2892052,0.0392096,0.1142914,0.1865238,0.113364,0.2345332,0.3268974,0.0406292,0.1104398,0.179368,0.0827762,0.2227612,0.1921494,0.0361176,0.2299456,0.220373,0.040473,0.1274646,0.336619,0.0404785,0.1694024,0.2113268,0.0387666,0.128619,0.1518134,0.2279538,0.0359934,0.1488138,0.2148594,0.1323856,0.1634022,0.282804,0.0357908,0.1619828,0.1674206,0.099282,0.1445808,0.277397,0.0372098,0.1198122,0.1381866,0.0476172,0.1701772,0.313502,0.047115,0.1135858,0.1258038,0.0535766,0.3010204,0.2302956,0.032448,0.1440688,0.1144243,0.15186,0.1340432,0.2693646,0.0344984,0.194606,0.1169876,0.0494582,0.2221468,0.53061,0.0370318,0.1706952,0.3529368,0.0913788,0.10548,0.4294604,0.0555314,0.1696092,0.150638,0.1229814,0.2116136,0.2510392,0.0315,0.1535836,0.2065428,0.0531412,0.1848122,0.1309056,0.0438936,0.1711734,0.3097764,0.0380656,0.1717676,0.195997,0.057879,0.1215058,0.1994142,0.0689252,0.1232738,0.2075744,0.039031,0.1088222,0.1118812,0.2171924,0.094129,0.1924238,0.2804242,0.042039,0.184858,0.2316966,0.0547386,0.1932102,0.2419186,0.0464576,0.1262972,0.1997982,0.1153146,0.2515442,0.3407998,0.2738082,0.0365994,0.1343976,0.2808258,0.0765764,0.1490318,0.2598428,0.0324614,0.1409806,0.1766066,0.0390578,0.1717984,0.3208148,0.0538764,0.1161444,0.131309,0.0682918,0.1386944,0.2771618,0.0433786,0.1647774,0.1875828,0.1324258,0.1977228,0.2088254,0.0457246,0.1503988,0.2044436,0.0393852,0.186368,0.1965922,0.0424478,0.1809242,0.1219826,0.0607666,0.1996028,0.208937,0.211931,0.042622,0.1334474,0.182962,0.0940111,0.1233052,0.3627684,0.0632114,0.1284654,0.1313364,0.0562504,0.1429494,0.4858024,0.0354708,0.229434,0.2395738,0.088136,0.2942638,0.3073058,0.0413604,0.1425024,0.1689792,0.0322858,0.1945672,0.2760882,0.048751,0.1565526,0.1486034,0.0675622,0.2165954,0.2880216
0.0565678,0.152101,0.202263,0.0441516,0.2189526,0.2894108,0.0391326,0.1155536,0.1864472,0.1153726,0.2342706,0.326125,0.0412964,0.1113746,0.1820566,0.083896,0.2227754,0.1924796,0.0367356,0.2296372,0.2207932,0.0412652,0.1272102,0.3375336,0.0415051,0.1684332,0.2140402,0.0388316,0.1296028,0.1522794,0.2327038,0.0379154,0.1489562,0.2152758,0.1343658,0.1654146,0.2822318,0.035947,0.1618086,0.1665702,0.0989406,0.1443034,0.2765662,0.0379902,0.12031,0.1379772,0.0482916,0.1716648,0.3114022,0.0481216,0.1153638,0.1271872,0.0545312,0.3015072,0.2314132,0.0332096,0.1443576,0.113429,0.1525212,0.132827,0.2682846,0.0341858,0.196841,0.1206044,0.0502376,0.226153,0.5316628,0.036305,0.1690168,0.3535022,0.0929046,0.1062368,0.4319186,0.056898,0.1697952,0.1506414,0.1254618,0.2110474,0.2531108,0.0319918,0.1548512,0.205704,0.0544864,0.1851012,0.1300714,0.043549,0.1709438,0.3131916,0.0384692,0.1768866,0.1970122,0.0585428,0.121889,0.1999866,0.0692484,0.1215702,0.2105132,0.039502,0.1095372,0.1131324,0.2174158,0.0965876,0.1926298,0.2790836,0.0431454,0.1882156,0.231656,0.0554248,0.1940448,0.2419224,0.0473058,0.1255022,0.2006242,0.1187562,0.2518376,0.3446608,0.2723342,0.0372922,0.1337596,0.2817,0.0771232,0.148698,0.2595726,0.0329638,0.1412346,0.1767906,0.0406918,0.1724694,0.3181712,0.055513,0.1153124,0.1309624,0.0697502,0.1407538,0.27674,0.0435406,0.165697,0.190772,0.1316534,0.1971296,0.2107504,0.0455512,0.151186,0.2044054,0.0402258,0.186935,0.1980696,0.0420574,0.1846864,0.1245374,0.0608002,0.1988618,0.2075556,0.2115134,0.0419892,0.1348518,0.181813,0.0947675,0.1253704,0.3609534,0.0632656,0.1284196,0.1323668,0.0571582,0.141334,0.488213,0.037566,0.230415,0.2394794,0.0883024,0.2943428,0.3060214,0.0416496,0.1415072,0.170257,0.033479,0.1949856,0.273805,0.049262,0.155364,0.1506114,0.0679568,0.2162832,0.287658
0.0583056,0.154981,0.2043298,0.044738,0.2175706,0.2895822,0.0399456,0.1161992,0.1868356,0.1183636,0.2320074,0.333271,0.0413002,0.1127442,0.1850706,0.0839072,0.2226842,0.192478,0.036871,0.2273912,0.2212326,0.0414546,0.1254446,0.3345184,0.0418955,0.1652644,0.2146272,0.0398872,0.1314366,0.1487358,0.238729,0.0380204,0.1471828,0.2155762,0.1348092,0.1653678,0.281723,0.0355118,0.1642878,0.1694284,0.0987358,0.1450528,0.2747434,0.0375904,0.1223874,0.1383918,0.048842,0.1707022,0.311314,0.0479964,0.117701,0.1299118,0.0548872,0.2978718,0.2303184,0.0331582,0.1456708,0.1144854,0.1515902,0.1326224,0.2691432,0.034367,0.1989614,0.1221848,0.0502228,0.228384,0.5334602,0.0356644,0.1693952,0.3595814,0.0941526,0.106626,0.4294372,0.0570056,0.171275,0.151539,0.1286284,0.2118424,0.2525114,0.0321812,0.1573868,0.2062074,0.0564576,0.18366,0.1321642,0.045161,0.1693728,0.3145482,0.038892,0.1829272,0.199342,0.058608,0.1218994,0.2007046,0.0701194,0.122202,0.210175,0.0392216,0.110361,0.1136978,0.2158674,0.0972896,0.1927884,0.277042,0.0432812,0.1895966,0.2325868,0.0559736,0.1941802,0.2430612,0.048199,0.126595,0.2053324,0.122607,0.251047,0.3385192,0.2711218,0.0386616,0.1337272,0.2863678,0.0766824,0.1472446,0.2579802,0.0324914,0.1410914,0.177778,0.04107,0.171645,0.3155484,0.0559452,0.1149214,0.1307618,0.0714934,0.1439512,0.2778376,0.04582,0.1659838,0.195145,0.1311736,0.1957748,0.2108126,0.0458414,0.1511454,0.2043582,0.0401822,0.1870664,0.1978756,0.0429946,0.1905294,0.1245478,0.0612818,0.1997616,0.2055078,0.2151304,0.0427968,0.1326848,0.1828268,0.0946263,0.124627,0.3620416,0.0648004,0.1296948,0.132594,0.0587478,0.1403318,0.491871,0.0379348,0.2304786,0.2370686,0.0883708,0.2944724,0.3055068,0.0423576,0.1413534,0.168983,0.0328564,0.193614,0.2745664,0.0500374,0.1557542,0.1512156,0.0682738,0.2189138,0.2865958
0.058363,0.1546848,0.2072474,0.0462306,0.2173478,0.2877389,0.0402866,0.1159232,0.1847898,0.1189846,0.2298816,0.3418974,0.0420128,0.1124574,0.1876404,0.0841604,0.2231072,0.1903038,0.0368506,0.2288248,0.2200104,0.0431026,0.1264406,0.3342056,0.0421461,0.1660742,0.2148176,0.0394668,0.1318822,0.1481538,0.2427648,0.0389926,0.1472272,0.2169954,0.134462,0.1641914,0.2838198,0.0392938,0.1668182,0.1682856,0.1003034,0.1455054,0.2729834,0.0371278,0.1226442,0.1382066,0.0485534,0.171722,0.310112,0.0482548,0.1178004,0.1302972,0.0551464,0.2997264,0.2302232,0.0340728,0.1445606,0.1155274,0.1501074,0.1329078,0.2734778,0.0340724,0.202085,0.1223688,0.051965,0.2280778,0.5336094,0.0370512,0.1669058,0.3552386,0.0940464,0.106279,0.4259804,0.057565,0.1724414,0.1518004,0.130932,0.2101168,0.2524672,0.0327004,0.1591234,0.2057172,0.0586148,0.1833552,0.1328858,0.0455274,0.1697294,0.3143304,0.0394956,0.1879248,0.2007408,0.0598868,0.1223062,0.2022444,0.0721562,0.1235002,0.2099702,0.0405826,0.1118116,0.1137376,0.2169102,0.0961696,0.192345,0.2762646,0.0431178,0.1939188,0.2329972,0.0566532,0.1945392,0.2444934,0.0475788,0.127015,0.2101078,0.1241466,0.252042,0.3351482,0.2689246,0.0391248,0.1338082,0.2904806,0.07671,0.1481378,0.2575302,0.0328176,0.1407514,0.1791978,0.042631,0.1739046,0.3144168,0.057691,0.1147722,0.1301092,0.0737318,0.148899,0.2777652,0.045924,0.1659696,0.1950064,0.131632,0.1947356,0.211444,0.0467266,0.1513634,0.2041232,0.0409952,0.1863642,0.1989328,0.0437596,0.1948432,0.1241172,0.0629674,0.2004954,0.2069576,0.217443,0.0432836,0.1317688,0.1839128,0.095883,0.124005,0.3628942,0.0666186,0.1304026,0.135989,0.0593168,0.139508,0.4871764,0.0372948,0.2283158,0.2376802,0.0874724,0.2952276,0.3040646,0.0416346,0.1398974,0.1693232,0.0331558,0.1942384,0.2773114,0.0502516,0.1549934,0.1502968,0.0694096,0.219057,0.2840026
0.0592134,0.154507,0.2086514,0.0464418,0.2185018,0.2883447,0.0414536,0.1186706,0.187787,0.1201912,0.2289266,0.3444258,0.0434444,0.1135466,0.1903394,0.0839056,0.2238032,0.1892244,0.0378672,0.2326666,0.2190454,0.0429706,0.1265268,0.3302916,0.0426274,0.166584,0.2169458,0.0406458,0.1326576,0.1483036,0.2426842,0.039184,0.147858,0.2173182,0.135396,0.1659572,0.2819194,0.0393648,0.1684944,0.168387,0.1012922,0.1442252,0.2717336,0.0363448,0.12365,0.1386286,0.0489548,0.1711992,0.309325,0.0487166,0.119294,0.1307386,0.0556696,0.296655,0.2287424,0.0338562,0.1436708,0.1159334,0.1510238,0.1331584,0.2746412,0.032797,0.2044746,0.120965,0.0532574,0.2284126,0.5295204,0.0386344,0.166325,0.3566234,0.0938766,0.1057684,0.4250858,0.0580934,0.173655,0.1516306,0.1310326,0.210386,0.2521294,0.0334836,0.1612068,0.2074664,0.0598448,0.183198,0.132267,0.0448162,0.1694902,0.310498,0.0389192,0.191474,0.2022794,0.0587466,0.123598,0.2007146,0.0717834,0.1226392,0.2099054,0.0416838,0.1113222,0.1153108,0.2130136,0.0977146,0.19339,0.2757928,0.043373,0.1956812,0.2320682,0.0610914,0.194663,0.2455254,0.0486022,0.1272534,0.2105356,0.1278666,0.2493196,0.3332002,0.2691404,0.0458422,0.1335094,0.2918044,0.0769996,0.148033,0.257835,0.0326716,0.1404898,0.1784684,0.0421652,0.1735554,0.3150752,0.0578842,0.11329,0.1296038,0.0747392,0.1502932,0.2804208,0.0461006,0.1664262,0.1950228,0.1313804,0.1924008,0.2073994,0.0469436,0.151274,0.2007,0.0404274,0.1870898,0.200384,0.0443946,0.1988754,0.1225222,0.0633632,0.2022138,0.205596,0.2179072,0.0438068,0.1316468,0.1812426,0.0964128,0.1243572,0.360168,0.0680292,0.1319316,0.1366336,0.0593876,0.1397874,0.4893554,0.0376608,0.2287322,0.2359896,0.0881894,0.2942598,0.3013544,0.041622,0.1413076,0.1716096,0.033654,0.1945792,0.2797774,0.0509834,0.1538526,0.15154,0.0691182,0.2216956,0.2883548
0.0604448,0.1560164,0.2079486,0.0469516,0.2171784,0.2869223,0.0413848,0.1169038,0.1886716,0.1222618,0.2309694,0.3488574,0.04359,0.1152354,0.1920632,0.0840346,0.2245544,0.1887634,0.0376912,0.2317532,0.2190496,0.0442962,0.12666,0.3299406,0.0421568,0.1674582,0.2142604,0.0430242,0.134079,0.147349,0.247074,0.0384028,0.1481882,0.220312,0.1369258,0.1649344,0.2810558,0.038769,0.1689256,0.1690576,0.1015472,0.1451726,0.2698788,0.0372156,0.1262462,0.1375878,0.0485364,0.1699704,0.305727,0.0475236,0.1196894,0.1302348,0.0572476,0.2965592,0.2289276,0.0341126,0.1428292,0.1140354,0.1508706,0.133846,0.2732688,0.0337584,0.206543,0.1216396,0.054494,0.2308784,0.5291988,0.0389668,0.1659762,0.36052,0.0938112,0.1051504,0.4248874,0.0593684,0.1731288,0.1528134,0.1312204,0.2085958,0.2508208,0.0349148,0.1621394,0.2062532,0.0597518,0.1831614,0.134038,0.0459486,0.1684262,0.3097754,0.038057,0.1957352,0.2021602,0.0595168,0.1236654,0.1994358,0.0715698,0.1227184,0.2081398,0.0415348,0.1106238,0.1148244,0.2134084,0.0987236,0.1922984,0.2764326,0.0428964,0.1967962,0.2315778,0.0640408,0.1916624,0.2448966,0.0484582,0.1276842,0.211456,0.1286766,0.2499402,0.3361768,0.2682786,0.0465994,0.1342704,0.2948842,0.077076,0.147991,0.2564892,0.0318402,0.1406002,0.179918,0.0424886,0.173036,0.3132864,0.057926,0.1123796,0.1303796,0.0761862,0.149819,0.2821728,0.0457172,0.1655688,0.196772,0.1289402,0.193101,0.2098994,0.0465158,0.1500992,0.198707,0.0419994,0.1865312,0.2003926,0.0454596,0.202914,0.1214002,0.062752,0.2008414,0.2065774,0.2155484,0.0444524,0.13022,0.1833314,0.0956288,0.124899,0.3600388,0.067833,0.1331824,0.1364762,0.0609284,0.1415272,0.4920658,0.0374474,0.2289074,0.2361786,0.08779,0.2932668,0.2995252,0.0415014,0.1397134,0.1736628,0.0330892,0.1943576,0.2789028,0.0509636,0.154673,0.1550934,0.0696536,0.2204366,0.2877214
0.0604986,0.15497,0.207951,0.0476642,0.2191188,0.2845113,0.0416286,0.1188226,0.1876926,0.124718,0.2310104,0.353969,0.0435456,0.1154906,0.1925668,0.0840788,0.2227492,0.1861286,0.0371706,0.2317978,0.2185372,0.0465338,0.12574,0.330337,0.0424306,0.167635,0.2135214,0.0433616,0.1365484,0.1471594,0.251398,0.039437,0.1481234,0.2210064,0.1391662,0.165022,0.2776054,0.0403528,0.1678708,0.1692184,0.1012886,0.1441574,0.2686006,0.0382904,0.1275968,0.1379542,0.0498796,0.1715536,0.3054576,0.0475818,0.1197162,0.1303254,0.0590276,0.2953878,0.229297,0.0339676,0.1421884,0.113075,0.1522168,0.132443,0.2728866,0.0341848,0.2092554,0.1216964,0.0548404,0.2323016,0.5345404,0.0395074,0.1652236,0.3571182,0.0933304,0.1047534,0.4297828,0.0603534,0.1734928,0.1534076,0.1326188,0.2091756,0.2525658,0.0352898,0.163728,0.2077744,0.06184,0.184726,0.134969,0.0462394,0.168288,0.3106012,0.0387906,0.2030716,0.202712,0.0612238,0.1229284,0.2004496,0.0716429,0.1245796,0.2082344,0.0413274,0.1108736,0.1164964,0.2121438,0.0995518,0.1910838,0.2760548,0.0444274,0.1993762,0.2299362,0.0650908,0.1912256,0.246652,0.0484068,0.1266492,0.2122798,0.1311074,0.2501214,0.3363994,0.268667,0.0468718,0.1357768,0.296979,0.077125,0.1479678,0.2534674,0.0314674,0.1408758,0.1813216,0.0432786,0.1735238,0.3112692,0.0572286,0.1126804,0.1312808,0.0780802,0.1519842,0.2824594,0.0454706,0.1641828,0.1963696,0.1302636,0.1922482,0.2090298,0.045391,0.1509992,0.1972136,0.0420274,0.186357,0.2011308,0.0462524,0.2072304,0.1227758,0.0636446,0.1989668,0.2069408,0.213429,0.0460854,0.1296352,0.1835766,0.0947976,0.1244542,0.3574688,0.0690864,0.1340758,0.1374266,0.061814,0.1414912,0.4900816,0.038923,0.2301898,0.2349894,0.0868454,0.2938842,0.2997258,0.0438638,0.1391362,0.1745786,0.03363,0.1919566,0.2783372,0.0494882,0.1535564,0.156108,0.0704278,0.2230594,0.2862532
0.060243,0.1553566,0.2077036,0.048354,0.2204434,0.2834169,0.0420004,0.1190124,0.1908884,0.1255136,0.2302784,0.3534244,0.0432246,0.1154892,0.1927286,0.0846264,0.2219186,0.1873732,0.0372268,0.2314154,0.2179912,0.0464896,0.1257368,0.328575,0.0429392,0.1682576,0.2133072,0.0435558,0.1376766,0.1467332,0.2548234,0.040463,0.1478288,0.223852,0.1401396,0.1650182,0.2777486,0.0405562,0.1701748,0.169757,0.1009126,0.144756,0.2694596,0.0372576,0.1296586,0.1371428,0.0514368,0.1708216,0.3082924,0.0496122,0.1197404,0.1316006,0.0584776,0.2951132,0.2273684,0.0343474,0.1406084,0.1139212,0.1502582,0.1330414,0.2724226,0.033948,0.2122426,0.12434,0.056732,0.2366056,0.5354922,0.041738,0.1663064,0.3602384,0.095245,0.1047368,0.4285906,0.062264,0.1740534,0.154997,0.1337748,0.2076288,0.2538984,0.0359422,0.1662346,0.2063818,0.0628744,0.1840306,0.1339378,0.046001,0.1673326,0.31008,0.0385468,0.205811,0.2036462,0.0625474,0.1225514,0.2021104,0.0730862,0.123619,0.2077798,0.041953,0.1110078,0.1175706,0.2112374,0.101273,0.1903784,0.274029,0.0445624,0.201177,0.230974,0.0672142,0.1909828,0.2448746,0.0488934,0.1280026,0.2171088,0.1335066,0.2479788,0.3327204,0.2672922,0.046937,0.1356564,0.3037811,0.0772876,0.1484848,0.2512382,0.032397,0.1411992,0.179923,0.0435278,0.1734336,0.3080056,0.0592916,0.1122924,0.131179,0.0782352,0.1539728,0.2784874,0.0471684,0.1641692,0.1983148,0.129522,0.1894614,0.2104944,0.0473142,0.1505846,0.1980726,0.0414764,0.1863656,0.2024984,0.0465284,0.2097518,0.1236548,0.0642194,0.1976925,0.2066062,0.2143284,0.0480734,0.1302702,0.1840592,0.0948946,0.1267596,0.3582088,0.0693136,0.1351396,0.13822,0.0634064,0.1424342,0.4879504,0.038647,0.2310542,0.2353218,0.0853436,0.2921426,0.297705,0.0431902,0.1404194,0.1741808,0.03382,0.1916248,0.2773008,0.0504102,0.153773,0.1559602,0.0708904,0.2251256,0.2849668
0.061987,0.156893,0.2081496,0.0484426,0.2203834,0.2835912,0.0425012,0.1199282,0.1926456,0.1278694,0.2288528,0.3546834,0.0431396,0.1136618,0.1960518,0.0854588,0.221871,0.1863758,0.0377637,0.2309762,0.218137,0.046152,0.1261994,0.3310144,0.0434584,0.1715626,0.214789,0.0449772,0.1396988,0.1444636,0.2576888,0.042622,0.1488794,0.2204502,0.1410642,0.1644382,0.2771646,0.040142,0.1694118,0.1709564,0.100971,0.1430818,0.2689712,0.0385602,0.1307552,0.1396106,0.0523204,0.1694818,0.3089308,0.0493904,0.1221562,0.1333942,0.0602438,0.2958956,0.2272142,0.0347722,0.1420446,0.1133742,0.1507782,0.1318098,0.2699384,0.0343308,0.2122168,0.1257222,0.0572248,0.2368774,0.5394498,0.0413902,0.1661836,0.3572212,0.0944464,0.1069664,0.4343348,0.0616968,0.1739716,0.1541752,0.135887,0.2052744,0.2544032,0.0368548,0.1666636,0.2029516,0.0643172,0.1825932,0.1359238,0.0457812,0.1668808,0.3062638,0.0390976,0.2100248,0.2057984,0.062316,0.1222628,0.2016562,0.0739018,0.1236564,0.205377,0.0428804,0.1095308,0.1184436,0.2141456,0.1018836,0.1911496,0.2755264,0.0445128,0.1996598,0.228127,0.0678456,0.1914632,0.2430032,0.0491012,0.126343,0.2168774,0.1365682,0.2478654,0.337153,0.2651496,0.0465742,0.1356766,0.3084643,0.0778804,0.148958,0.250583,0.0323784,0.1410698,0.1792614,0.0443096,0.1720954,0.3060852,0.0606848,0.112617,0.131675,0.0790924,0.1585542,0.2811464,0.046535,0.1643254,0.201179,0.1300494,0.1885676,0.211977,0.0480086,0.1514848,0.196491,0.0419042,0.1845122,0.203626,0.0459496,0.212841,0.1217252,0.0658234,0.1959275,0.2066642,0.2143846,0.0483212,0.1301816,0.183216,0.0932122,0.1257746,0.3613188,0.0698028,0.1361004,0.1397098,0.0640886,0.1427112,0.4877794,0.0386152,0.2308454,0.236932,0.0854786,0.2923058,0.2949398,0.0436974,0.1405094,0.1740286,0.0345628,0.1926804,0.276613,0.0503166,0.152576,0.1583336,0.0727036,0.2244938,0.2845796
0.0628382,0.1558382,0.2091444,0.0490238,0.2197966,0.2835796,0.0420878,0.1203878,0.1963446,0.1276472,0.229292,0.357222,0.043194,0.1123158,0.2007632,0.0852038,0.2217556,0.1864598,0.0381985,0.2319034,0.2161902,0.046933,0.1256842,0.3331262,0.0440218,0.1710622,0.21372,0.0461778,0.1411698,0.143212,0.2612044,0.042902,0.1495348,0.224128,0.1417342,0.1640078,0.2767744,0.0401546,0.1725258,0.173031,0.1027518,0.1436704,0.2652652,0.0381614,0.1320488,0.1391828,0.0527668,0.172762,0.308873,0.0494386,0.1229298,0.1353208,0.0612216,0.2933344,0.2262426,0.035847,0.1418298,0.1133834,0.1500078,0.1324478,0.2704524,0.034459,0.2144358,0.126459,0.0593026,0.2402454,0.5343928,0.0413604,0.1654542,0.3524394,0.0963128,0.106603,0.4304964,0.0623298,0.1743104,0.1545702,0.1373502,0.2058746,0.2525362,0.0371504,0.1661194,0.2030316,0.0644916,0.1823944,0.136965,0.0454036,0.1658098,0.3066438,0.0392684,0.2163064,0.206088,0.0624064,0.1208452,0.1995814,0.0752072,0.123316,0.2055864,0.04429,0.1100096,0.1206404,0.214032,0.1022056,0.1903328,0.2712562,0.0452078,0.2025208,0.2301558,0.0706334,0.1913036,0.2432352,0.0504966,0.1267528,0.2183126,0.1372452,0.2495536,0.3401736,0.2650126,0.0468962,0.1354004,0.3078415,0.0771536,0.1486534,0.248454,0.0327546,0.1403026,0.1805796,0.0447226,0.171535,0.3051132,0.0603776,0.1122408,0.132822,0.0800802,0.1601,0.2811146,0.0483508,0.1622066,0.2019584,0.1289866,0.1894648,0.212095,0.0477156,0.1527908,0.1976396,0.0418136,0.1842554,0.204605,0.046422,0.2151242,0.1222378,0.0653214,0.1978361,0.2069266,0.2189268,0.0501828,0.130865,0.1795792,0.093566,0.1243722,0.3616048,0.0695378,0.1362936,0.1384162,0.0653204,0.142233,0.4913736,0.039139,0.2325082,0.2363494,0.0855616,0.2923692,0.2926164,0.0443974,0.1390884,0.1730368,0.034754,0.1903036,0.27613,0.0501354,0.153433,0.1589634,0.0728782,0.2246454,0.284447
0.0638566,0.15597,0.208583,0.050333,0.2191998,0.2819842,0.0416828,0.1199392,0.1957602,0.1285612,0.2297328,0.3611298,0.0437276,0.1125958,0.2013864,0.0862078,0.222352,0.1843806,0.0376451,0.2321856,0.2148178,0.048142,0.126089,0.3307606,0.0439264,0.171381,0.2133494,0.0464688,0.1421068,0.141449,0.2634806,0.0441382,0.1499814,0.2247782,0.1441206,0.1634166,0.2772326,0.0401214,0.1711102,0.1731026,0.102999,0.1427398,0.2663056,0.0382682,0.1348934,0.138629,0.053557,0.1734776,0.3065778,0.0514386,0.1240274,0.1343762,0.0614034,0.292783,0.224512,0.0361696,0.1430358,0.1124364,0.1486486,0.1317428,0.2701328,0.0352868,0.2144114,0.1267388,0.0596116,0.23842,0.5332622,0.04187,0.1650944,0.3526598,0.0966858,0.1052458,0.4280796,0.0627238,0.1728174,0.1550598,0.1380862,0.2043853,0.2502446,0.0372032,0.1650718,0.2010906,0.0653224,0.1821368,0.1378332,0.0452088,0.1676626,0.3044184,0.041193,0.2181804,0.2053438,0.0628498,0.1197532,0.197543,0.0750192,0.1240636,0.2056572,0.0452116,0.1091756,0.1234546,0.2123552,0.1017264,0.1901002,0.268194,0.045334,0.2022206,0.2289818,0.07339,0.1913592,0.2414596,0.0499692,0.1251036,0.2219184,0.1369704,0.2503796,0.3400298,0.2654898,0.046955,0.1354238,0.3090333,0.0771356,0.149633,0.2475162,0.0331856,0.1399088,0.1821382,0.0455904,0.1712868,0.3053368,0.0605328,0.1120982,0.134166,0.081509,0.1610614,0.2830206,0.0492572,0.1601766,0.2018566,0.1277122,0.1905842,0.2126276,0.0483042,0.154316,0.1952412,0.0422292,0.1847264,0.2061242,0.0466976,0.2176828,0.1237428,0.0665692,0.1991457,0.2068698,0.2176762,0.051803,0.1306064,0.1801996,0.0936364,0.1235218,0.3588514,0.0713568,0.1373774,0.1394192,0.0663314,0.1428382,0.494156,0.0391608,0.2308436,0.2388352,0.085218,0.2891446,0.2882118,0.0443514,0.13738,0.174308,0.03529,0.188519,0.2754964,0.051159,0.1530326,0.1596352,0.0734232,0.2242612,0.2827416
0.0633448,0.156683,0.2145564,0.0498038,0.220498,0.2800336,0.0418338,0.1200232,0.198881,0.1297188,0.230212,0.3589602,0.0443846,0.1121296,0.2016668,0.086049,0.2209832,0.1833708,0.0396498,0.2350742,0.2141832,0.0493972,0.1252352,0.324571,0.0438762,0.171191,0.214305,0.0478998,0.1437838,0.1409922,0.2670818,0.0433764,0.1496294,0.224546,0.1451038,0.1636958,0.2788364,0.040331,0.1714594,0.1731714,0.1050406,0.1422636,0.263083,0.037127,0.1331376,0.137857,0.0529396,0.1729628,0.30498,0.0511994,0.1258598,0.1355926,0.0611856,0.2921884,0.2244588,0.0362506,0.1421068,0.1129298,0.148432,0.1305208,0.2702734,0.0364956,0.2153948,0.127854,0.0605704,0.2387256,0.5399336,0.0429,0.164164,0.3582084,0.0981208,0.1053852,0.4280858,0.0634648,0.1732316,0.1553312,0.1376352,0.2032177,0.2494634,0.0390612,0.1648536,0.1976336,0.0673666,0.1835788,0.1388566,0.0465916,0.1670888,0.3054128,0.0417112,0.2218842,0.2049396,0.0633706,0.120286,0.1984264,0.0764528,0.1242568,0.2070258,0.0454826,0.1085638,0.1245554,0.2119378,0.1019014,0.1894992,0.2702202,0.0453868,0.2036382,0.2282482,0.0737924,0.1920374,0.2403466,0.050289,0.1244216,0.2228932,0.1370794,0.2489418,0.3390958,0.2654812,0.0468748,0.1351402,0.3140177,0.0781286,0.1499204,0.2493804,0.0341148,0.1394306,0.1826802,0.0458506,0.1698682,0.3048806,0.06247,0.1128112,0.132738,0.0840358,0.1606204,0.2837546,0.0495868,0.1604014,0.2022442,0.1298562,0.191217,0.210686,0.047384,0.1540262,0.1976188,0.0433678,0.1847302,0.204371,0.046623,0.2164636,0.1229764,0.0667166,0.1992705,0.2087506,0.2172996,0.053605,0.1308756,0.1797556,0.095605,0.125029,0.360702,0.0732806,0.1370558,0.1393732,0.0674484,0.143838,0.4905214,0.0397794,0.2308558,0.2404536,0.0846898,0.2886908,0.2867448,0.0444698,0.1382174,0.1767867,0.0354518,0.1882302,0.271914,0.0522312,0.1536146,0.1593716,0.0734364,0.2218852,0.281217
0.0643872,0.1576376,0.2177446,0.0498552,0.2187454,0.278444,0.0422066,0.1190384,0.2010048,0.12893,0.2303434,0.3609866,0.0454696,0.1114022,0.2019458,0.085911,0.21983,0.182693,0.0401826,0.2340878,0.2132056,0.0508764,0.1252634,0.327254,0.043994,0.1703474,0.2137004,0.0477742,0.14356,0.142403,0.2641516,0.0420334,0.1511544,0.223965,0.14505,0.1642266,0.2771326,0.0404148,0.1718582,0.172339,0.105914,0.1423766,0.2632792,0.0379818,0.1345228,0.1370196,0.0551138,0.1737054,0.3002418,0.0511388,0.1258318,0.1347678,0.060987,0.2923328,0.2200854,0.03559,0.1425482,0.1131466,0.1475482,0.1300586,0.2689564,0.0360678,0.216896,0.1309916,0.0612032,0.2390976,0.548885,0.0434692,0.1630756,0.3544266,0.0984046,0.105529,0.4290148,0.0641522,0.1730668,0.1550326,0.1372596,0.2029433,0.2482256,0.0400058,0.1651636,0.197507,0.0669678,0.1850122,0.1367666,0.0469734,0.1656318,0.3061612,0.0415564,0.2234526,0.2029334,0.0636244,0.1215592,0.1990132,0.0786486,0.1246476,0.2076314,0.0473478,0.1086624,0.1257422,0.212773,0.102939,0.189649,0.2679572,0.0463976,0.2033858,0.2282324,0.0780678,0.1908104,0.2418808,0.0518152,0.1242148,0.2264596,0.138586,0.2454132,0.3423082,0.2621486,0.048227,0.1361024,0.3128439,0.0796264,0.148557,0.2499296,0.0337746,0.1397404,0.1818546,0.0465346,0.1687322,0.3031518,0.0624372,0.111268,0.1313022,0.085417,0.159016,0.2872456,0.0495454,0.1598506,0.2017558,0.1297156,0.189848,0.2103934,0.0482524,0.1556328,0.1967878,0.0437678,0.184162,0.2058962,0.048328,0.2196598,0.1212816,0.0665806,0.1969977,0.2078508,0.217432,0.0537478,0.132276,0.1805318,0.0961118,0.1254174,0.3604122,0.0736468,0.1370226,0.1392186,0.0680242,0.1442134,0.49383,0.0401928,0.227975,0.2407994,0.0867686,0.284478,0.2845834,0.044473,0.1376732,0.1761865,0.0353808,0.1891234,0.2699452,0.0537996,0.1528052,0.1594628,0.0737402,0.2204972,0.282564
0.0648074,0.1576204,0.2201528,0.0507212,0.2184344,0.2775962,0.042274,0.1185082,0.2000434,0.1309722,0.2298918,0.36554,0.0456176,0.1120786,0.204234,0.0865764,0.2193274,0.183465,0.0404276,0.234483,0.2135764,0.0514713,0.1252554,0.3276056,0.0431394,0.171986,0.2126018,0.049058,0.1427176,0.1426684,0.2648456,0.0429202,0.1504488,0.2232532,0.1471924,0.1624068,0.274204,0.0405846,0.1743092,0.1721292,0.1051536,0.1406806,0.262047,0.0383682,0.134697,0.135685,0.0559344,0.1733334,0.2975296,0.0512518,0.125106,0.1352782,0.0631376,0.2927152,0.2198928,0.035679,0.1424582,0.114054,0.145698,0.1295634,0.2696188,0.0360348,0.2181294,0.1293314,0.0631672,0.2393922,0.5526726,0.0446122,0.1636904,0.3537572,0.0999434,0.1077566,0.4321592,0.0627216,0.1724314,0.1554026,0.1359038,0.2039565,0.2490444,0.039801,0.1649968,0.1979916,0.0671118,0.1857614,0.1369668,0.0467406,0.165261,0.3015184,0.0414656,0.2273408,0.204715,0.0636168,0.1220612,0.1965748,0.0790894,0.1239362,0.20719,0.0475448,0.108898,0.127797,0.210876,0.1033932,0.1919392,0.2711442,0.0469702,0.2043126,0.2279174,0.0816742,0.1919566,0.2407132,0.0521172,0.1233802,0.226686,0.1385432,0.246896,0.3414172,0.258525,0.048433,0.135252,0.3140045,0.0802074,0.146865,0.2506906,0.034599,0.13972,0.1824734,0.0486948,0.1686672,0.3034354,0.0622208,0.1121222,0.1312844,0.0859624,0.1603684,0.2893634,0.0512088,0.1595372,0.2023582,0.13076,0.1895974,0.2123326,0.048573,0.1571534,0.1950866,0.0436286,0.1828424,0.2063608,0.0482706,0.2202816,0.120662,0.0672402,0.1945921,0.2046692,0.2158362,0.0575022,0.1323822,0.180099,0.0957628,0.1265328,0.3558434,0.0741234,0.1370394,0.1390372,0.0694254,0.1437648,0.4896602,0.0412384,0.2304884,0.2406656,0.0878594,0.2857354,0.2858716,0.0472754,0.1387196,0.1729685,0.0351932,0.1861122,0.27282,0.0537882,0.1530082,0.1596648,0.074973,0.2199496,0.2820308
0.064942,0.1582702,0.2190092,0.0513482,0.2180452,0.276248,0.0432428,0.1187558,0.1999166,0.130072,0.2267902,0.3686592,0.0475964,0.112462,0.2031976,0.0872218,0.218199,0.1820706,0.0403764,0.2354566,0.2152638,0.0531727,0.1256572,0.3284294,0.0432298,0.170554,0.2125738,0.0492262,0.1455084,0.1420862,0.2674196,0.0429714,0.1525784,0.2251742,0.1479742,0.1608628,0.2723864,0.0416458,0.1735228,0.170546,0.1062806,0.1425336,0.2641872,0.039394,0.1343356,0.134979,0.0570136,0.1739264,0.2934798,0.0515806,0.1269218,0.1364318,0.0637142,0.2926408,0.2195586,0.0363582,0.1413102,0.1131748,0.1444188,0.130284,0.26934,0.035864,0.2202206,0.1298306,0.06388,0.2379236,0.5590608,0.0445172,0.1618812,0.3554074,0.1023774,0.1073444,0.4358088,0.0639932,0.1728798,0.1554424,0.1383458,0.2028091,0.2476868,0.045158,0.1637652,0.19534,0.0687854,0.1834616,0.1383818,0.0475566,0.1639432,0.3009128,0.0415292,0.2301908,0.2022894,0.0638784,0.1227188,0.1962888,0.0797028,0.1251738,0.2088498,0.0473086,0.107889,0.1294156,0.207847,0.1033018,0.190674,0.270497,0.0466864,0.2043672,0.2305238,0.085994,0.1900654,0.2380374,0.052177,0.1226594,0.2263026,0.141729,0.2456288,0.339809,0.2581922,0.048425,0.136783,0.3164011,0.080747,0.1461032,0.2491672,0.0347462,0.1402198,0.1810774,0.0506646,0.16805,0.3045584,0.0621942,0.1147638,0.1325554,0.0864898,0.1622166,0.2905838,0.0522772,0.1593452,0.2025368,0.1302332,0.1878878,0.2126508,0.0486986,0.1570844,0.195257,0.044021,0.184348,0.2047586,0.0483526,0.2198442,0.1218366,0.068722,0.1960493,0.2028208,0.2163594,0.0586276,0.1310682,0.1800972,0.0954906,0.125859,0.3575144,0.0755318,0.1388636,0.1394818,0.0704972,0.1414584,0.495513,0.0403178,0.2309972,0.2379834,0.0876828,0.2821526,0.2814986,0.0480778,0.1379116,0.1734376,0.0365332,0.1838116,0.272874,0.0539978,0.1522644,0.1592086,0.0750122,0.2178954,0.2809774
0.0649588,0.1610926,0.2243024,0.0528712,0.2187312,0.276533,0.0424128,0.1198056,0.1997776,0.1334122,0.228349,0.3658354,0.0474478,0.11122,0.2020588,0.087234,0.218561,0.1804896,0.0428258,0.2358494,0.2153604,0.0558804,0.1261476,0.3247442,0.0430422,0.1708946,0.2131318,0.0497028,0.146495,0.1429194,0.2660502,0.0439146,0.1539854,0.2283394,0.1487138,0.1603598,0.2767506,0.040978,0.174446,0.1709296,0.106117,0.1401092,0.2633028,0.0398808,0.1353364,0.134318,0.057797,0.1752356,0.2942898,0.0511754,0.128741,0.1379094,0.0633856,0.289125,0.217257,0.0366866,0.141972,0.1146,0.1428438,0.1308278,0.2697696,0.0366926,0.2227916,0.1302042,0.0633844,0.2353554,0.5604398,0.0449792,0.1604286,0.355615,0.1033248,0.1067414,0.437603,0.0640446,0.1725186,0.1543726,0.139442,0.2009912,0.248262,0.04589,0.1609596,0.198977,0.0718238,0.1848844,0.1387134,0.0483466,0.1620766,0.3009726,0.0423762,0.2330312,0.204726,0.0648178,0.12348,0.1942074,0.0798176,0.125407,0.210688,0.0485206,0.109545,0.1295092,0.2076868,0.10229,0.1904646,0.2692756,0.0468898,0.2038286,0.2293684,0.0904512,0.191495,0.2374638,0.0531902,0.1208736,0.2305858,0.1431308,0.2464768,0.3452654,0.2576398,0.0492898,0.1366296,0.3203053,0.0801418,0.1467062,0.248903,0.0349668,0.1403836,0.1822672,0.0512754,0.16653,0.301225,0.060998,0.1149056,0.1331288,0.0867882,0.1621222,0.2906356,0.0519998,0.1587736,0.2003638,0.1297096,0.1882852,0.2097626,0.048473,0.1574928,0.1962346,0.0440516,0.1832954,0.2067568,0.0480154,0.221304,0.1216314,0.0688378,0.1951107,0.2029208,0.2184136,0.0595784,0.1299236,0.1806856,0.0958126,0.125695,0.3548442,0.0771734,0.137746,0.1379428,0.0734378,0.1395204,0.4888844,0.039984,0.2306498,0.2383236,0.088688,0.2789648,0.2792912,0.0552482,0.1379402,0.1762068,0.035942,0.1841698,0.2726693,0.0540152,0.1531042,0.158075,0.075688,0.218681,0.2807862
0.06388,0.1620462,0.2267394,0.0543044,0.2181134,0.2756474,0.0429502,0.1209942,0.2002882,0.1341536,0.2294068,0.3605714,0.0477032,0.1100986,0.201254,0.086624,0.2187696,0.1782286,0.0410138,0.2384192,0.2170244,0.055859,0.1249222,0.326862,0.0424642,0.1696274,0.214808,0.0507508,0.1459984,0.1433514,0.2642286,0.044758,0.1552046,0.2291368,0.1499778,0.1612988,0.2777234,0.0419898,0.1758968,0.1706588,0.1053882,0.1412322,0.2629334,0.0397776,0.1354308,0.1323818,0.0581852,0.1747272,0.2940992,0.0505226,0.129987,0.1374468,0.064733,0.2850656,0.2176224,0.0371612,0.1411958,0.1140682,0.1416018,0.1294388,0.2687012,0.0370188,0.2243196,0.128852,0.0629626,0.2377336,0.5638524,0.0475312,0.1610172,0.3563276,0.1038148,0.105508,0.4364898,0.0639284,0.174295,0.153218,0.1373344,0.1992816,0.2499808,0.0458204,0.1641984,0.2027298,0.0728136,0.1840016,0.1393774,0.04829,0.1627076,0.2998196,0.0432604,0.2331814,0.2025044,0.0649552,0.1238896,0.1952798,0.0799704,0.1244586,0.2091634,0.0495984,0.10859,0.1307148,0.2092468,0.1024362,0.1898436,0.2670918,0.0471962,0.2056832,0.2310876,0.094556,0.1929194,0.2377502,0.053614,0.1198644,0.2316762,0.1430202,0.246368,0.342709,0.2592906,0.0494678,0.1369554,0.3247151,0.0806192,0.1486486,0.2470134,0.0352614,0.1392714,0.1801058,0.0513334,0.1679484,0.3034324,0.0600134,0.1130078,0.1316098,0.0872072,0.1643084,0.2924488,0.0518734,0.158375,0.200797,0.1291158,0.1888244,0.2091688,0.05096,0.1567496,0.1958936,0.0436658,0.1820542,0.209615,0.0504268,0.223559,0.1214762,0.0690016,0.1938071,0.200064,0.2198022,0.0608544,0.1284056,0.1797868,0.0966162,0.1268954,0.3599776,0.0779066,0.1367876,0.1402694,0.073757,0.1390216,0.4951476,0.0401102,0.2295532,0.2358724,0.0898718,0.2791876,0.281138,0.0560736,0.1364736,0.1771402,0.0359694,0.1835114,0.2719469,0.0547052,0.1536528,0.1606052,0.0765464,0.218012,0.277308
0.0642082,0.1614448,0.2296268,0.0541946,0.2167518,0.27365,0.0436328,0.121302,0.2004314,0.1355902,0.2287886,0.3581456,0.0484632,0.1116858,0.2043796,0.0857736,0.2177902,0.1767744,0.0436338,0.2380686,0.2168378,0.0572404,0.124321,0.326803,0.0425738,0.1689,0.2130648,0.0518914,0.1477772,0.143087,0.2645982,0.0458402,0.1552442,0.2286158,0.1509238,0.1618446,0.2815066,0.0428312,0.1764918,0.1720534,0.104385,0.1406042,0.262197,0.0397138,0.136647,0.1311558,0.059248,0.173003,0.2963734,0.0511396,0.1322142,0.1400858,0.0642798,0.2841774,0.2171514,0.0379444,0.1436102,0.1132074,0.1417366,0.1303754,0.2692546,0.0378228,0.2246306,0.1305274,0.0629098,0.2398304,0.5610462,0.0499998,0.1623078,0.357198,0.104059,0.1065842,0.4418772,0.0645512,0.174064,0.153912,0.1368696,0.1978932,0.2517734,0.0457012,0.1676934,0.2037142,0.0726462,0.1835396,0.1394426,0.0482552,0.1622532,0.2976448,0.0428644,0.2330554,0.2013546,0.0657364,0.1230908,0.1947976,0.0815194,0.1248462,0.2096826,0.0512186,0.109474,0.1322374,0.2055796,0.1025096,0.1906656,0.2669884,0.047265,0.2070898,0.229925,0.0969374,0.191269,0.237539,0.0535328,0.1201054,0.2316458,0.1427364,0.245753,0.3460168,0.2570688,0.049162,0.1388038,0.3252237,0.080917,0.1489956,0.2474218,0.035468,0.1399942,0.182166,0.0529186,0.1695034,0.3011424,0.0603776,0.1124124,0.132024,0.0881488,0.1638388,0.2925618,0.0526412,0.1567642,0.200789,0.1303616,0.1883742,0.2109392,0.0512134,0.15846,0.195879,0.0436766,0.1813482,0.2119968,0.051683,0.2259058,0.1218708,0.0687304,0.1953164,0.1990332,0.2178766,0.062739,0.1289468,0.179419,0.0964578,0.1265204,0.355985,0.0781406,0.1356336,0.1407474,0.0746538,0.1395756,0.4921366,0.0418444,0.2297296,0.2367396,0.0907588,0.2765248,0.2825686,0.0566436,0.1371512,0.176698,0.0362318,0.1814618,0.2709077,0.054122,0.1529744,0.1589324,0.0773144,0.2177874,0.2752792
0.0640922,0.161321,0.229907,0.0545624,0.2166164,0.2713248,0.0444734,0.1221752,0.1999186,0.1355348,0.229746,0.3623836,0.0473702,0.1114066,0.2057792,0.085528,0.2175706,0.1742914,0.0441534,0.2378196,0.2183178,0.0582158,0.1256008,0.3261334,0.0432284,0.1691466,0.2126476,0.052837,0.1474898,0.1413786,0.2653542,0.0454842,0.15763,0.2294058,0.1499712,0.1620588,0.2833288,0.0431882,0.1764752,0.1721106,0.1049976,0.1405336,0.2623908,0.0406592,0.1364948,0.1312814,0.0594686,0.1732534,0.2950592,0.0525796,0.1325708,0.1430076,0.0651128,0.2833198,0.2155626,0.0383558,0.1422036,0.1155456,0.1408504,0.131176,0.2704806,0.0370436,0.2218312,0.1297004,0.0635218,0.240983,0.56079,0.05069,0.1601298,0.3551864,0.1043466,0.105589,0.4392014,0.0644842,0.1726688,0.1545198,0.1362454,0.1988396,0.2523622,0.0468044,0.1659594,0.2059038,0.0737598,0.183049,0.138605,0.0493244,0.1625146,0.2912564,0.0429278,0.2367654,0.202152,0.0663736,0.1235734,0.1941142,0.0826724,0.1243338,0.2103826,0.0513316,0.1110526,0.1329142,0.2065348,0.1016654,0.1910798,0.2644884,0.0480552,0.2065026,0.2298904,0.1018787,0.191152,0.2364124,0.0527468,0.1194306,0.232547,0.1424752,0.2454494,0.3425528,0.255687,0.0496524,0.1394158,0.3299239,0.0812822,0.1489582,0.2477146,0.0362808,0.1402786,0.1814762,0.0535858,0.1694592,0.295272,0.0602926,0.1130904,0.1312868,0.0884632,0.1663462,0.2891442,0.054316,0.1565482,0.2003472,0.1321344,0.188692,0.2108712,0.0518134,0.1592134,0.1937656,0.0438748,0.1819992,0.2132588,0.0515218,0.2252242,0.1232806,0.0682674,0.1941858,0.1986436,0.2182646,0.064554,0.1296886,0.1777756,0.0962586,0.127234,0.3538574,0.077566,0.1369124,0.141623,0.0758956,0.1406518,0.4940546,0.0429376,0.2306088,0.2362066,0.091434,0.2741886,0.284632,0.0568924,0.1386836,0.177982,0.0366728,0.181492,0.2692657,0.0553522,0.1540488,0.157999,0.0775398,0.2194166,0.2748778
0.0638906,0.1616458,0.2278752,0.0563186,0.2174654,0.2706668,0.0439364,0.1233504,0.1994042,0.1356978,0.2300602,0.3589074,0.0479772,0.1104566,0.2060134,0.0872168,0.2175088,0.1742438,0.0437332,0.24089,0.218325,0.0609458,0.1247036,0.3279746,0.044568,0.1693414,0.21222,0.054319,0.1481244,0.141064,0.2673998,0.0512348,0.1571978,0.2252732,0.1512816,0.1641136,0.2822896,0.042385,0.178332,0.1710788,0.1043546,0.1429024,0.2596362,0.041001,0.1370762,0.1307716,0.0606336,0.1732018,0.2953538,0.0528148,0.1312264,0.1423928,0.0644648,0.2818616,0.2167986,0.038312,0.142752,0.1169274,0.1425476,0.131111,0.2720966,0.0366922,0.2200694,0.1292414,0.0644548,0.242158,0.5610222,0.0507526,0.1605122,0.3580286,0.104555,0.1059094,0.434195,0.0649772,0.17178,0.156115,0.1389056,0.1989982,0.251747,0.046573,0.1661776,0.205109,0.0741146,0.183316,0.1382221,0.0501896,0.1611288,0.2936534,0.0424218,0.2370942,0.2010554,0.06789,0.124041,0.1935294,0.082277,0.1236882,0.2114094,0.0508046,0.1120594,0.1345938,0.2059656,0.1016148,0.1912738,0.261423,0.0493968,0.208421,0.2281856,0.1032366,0.1890944,0.2367624,0.0528676,0.1182726,0.2359202,0.1431022,0.2464986,0.3524212,0.2545008,0.0492248,0.1378194,0.3298885,0.0819072,0.148536,0.2446382,0.0360218,0.1396024,0.1809168,0.0549752,0.1698046,0.296328,0.059264,0.1116458,0.1330742,0.0897814,0.1693384,0.2885104,0.0543262,0.1548982,0.2006434,0.1325248,0.1868074,0.211293,0.0515762,0.160304,0.1942472,0.0451956,0.183973,0.2156564,0.0517278,0.2256878,0.122302,0.0687126,0.19463,0.1982804,0.2164806,0.065135,0.1302136,0.1775374,0.0971658,0.126642,0.3530576,0.0771716,0.137288,0.1424964,0.0775148,0.1404684,0.4971372,0.0439564,0.2309068,0.235496,0.0918964,0.2757622,0.2830464,0.0564604,0.1380556,0.1800724,0.0368286,0.1812316,0.2676531,0.0554036,0.1550766,0.1589938,0.0790262,0.2181962,0.273575
0.0631866,0.1615286,0.2299684,0.0567726,0.2166726,0.270871,0.0439812,0.1237762,0.1998632,0.1366824,0.2298128,0.35882,0.0524466,0.1103856,0.2060154,0.0878764,0.2168942,0.1724766,0.0435236,0.2411852,0.2184224,0.063418,0.1242669,0.3279766,0.045011,0.1689896,0.209931,0.0552404,0.1472468,0.139805,0.2680904,0.0528356,0.1573122,0.2275766,0.1509612,0.1655642,0.2804744,0.0422406,0.1784446,0.169984,0.1042816,0.1413088,0.2597264,0.041154,0.1373466,0.132268,0.0632408,0.1738904,0.2922378,0.0531392,0.1306646,0.1420136,0.0669566,0.2766664,0.2163898,0.0393416,0.1419872,0.1170666,0.1430182,0.1307898,0.27187,0.0363882,0.2168396,0.128853,0.0657934,0.240264,0.568997,0.0506862,0.1615944,0.3618364,0.1053456,0.1062934,0.4347534,0.0646222,0.1710952,0.1549076,0.138762,0.2003444,0.250763,0.0475798,0.167317,0.203744,0.0732474,0.1833342,0.1365427,0.0500982,0.162705,0.2907886,0.043552,0.2390238,0.2020458,0.0685808,0.124827,0.1930294,0.0828636,0.1234652,0.211122,0.051479,0.1134292,0.1360034,0.2042566,0.1007538,0.1926702,0.2602634,0.0497116,0.2093938,0.228748,0.103745,0.191474,0.2361032,0.0530184,0.1201834,0.236707,0.142291,0.2441786,0.3526822,0.2519554,0.0489456,0.1393518,0.3300765,0.0828102,0.1498336,0.243864,0.0363046,0.1391808,0.1793558,0.05461,0.1685492,0.2951538,0.059199,0.11218,0.1331638,0.0897132,0.168965,0.2904122,0.0544078,0.1546616,0.2020902,0.1310736,0.1860606,0.2119558,0.0517786,0.1611738,0.1923762,0.0447606,0.1830994,0.2190894,0.0519702,0.2255374,0.1238026,0.0684802,0.193674,0.1937514,0.2165358,0.0667228,0.1306916,0.1765438,0.0963278,0.125668,0.3527282,0.0776478,0.138088,0.1413094,0.0792164,0.1429678,0.49534,0.0435742,0.2317118,0.2336898,0.091723,0.2738728,0.2802664,0.0582474,0.1373596,0.1801567,0.0365052,0.1809182,0.2717241,0.0550014,0.1547066,0.159246,0.0798022,0.2178186,0.2739894
0.0637316,0.16065,0.2305612,0.0574444,0.2148506,0.268924,0.044387,0.1236448,0.2012832,0.137475,0.2298598,0.3601252,0.0520034,0.110242,0.2073156,0.0880448,0.2167906,0.1730434,0.042648,0.2370716,0.2178162,0.0660792,0.1234913,0.3228584,0.0456686,0.1674522,0.2090214,0.056073,0.1503384,0.1375156,0.2678254,0.0527418,0.158662,0.2268286,0.1523104,0.1639326,0.2798114,0.0416882,0.1772438,0.1702932,0.1043376,0.1420506,0.2576744,0.0415454,0.1372066,0.1336802,0.0643824,0.1739266,0.287391,0.0538198,0.1300146,0.1436136,0.0670292,0.277775,0.215384,0.039394,0.1418594,0.1171492,0.1420062,0.1321612,0.2722488,0.0360278,0.2182818,0.129667,0.0657882,0.2406382,0.561407,0.0519428,0.16025,0.3594302,0.1058224,0.1078342,0.432555,0.0647952,0.1731144,0.1558348,0.140082,0.1986948,0.2510992,0.0476676,0.1682314,0.2040966,0.074361,0.182117,0.1363113,0.0510114,0.1623544,0.2931146,0.0438758,0.238847,0.2025372,0.0690926,0.1253694,0.1952076,0.0847214,0.1232586,0.2111474,0.0517354,0.1129562,0.138077,0.2058392,0.0994158,0.1935598,0.259646,0.049656,0.2082776,0.2272476,0.1061996,0.1902036,0.2384498,0.0535516,0.120686,0.2370012,0.1414006,0.2432784,0.3546556,0.2495864,0.0489574,0.1395116,0.3296933,0.0820324,0.148834,0.2415368,0.0363748,0.1386606,0.1810112,0.0548636,0.1658798,0.296273,0.060892,0.1133258,0.1332334,0.0922172,0.1707056,0.290136,0.0558938,0.155062,0.202282,0.1310228,0.1846676,0.210695,0.0516816,0.1613992,0.1936916,0.0449074,0.1826428,0.2213826,0.0521476,0.2261266,0.125032,0.069775,0.1935208,0.194345,0.2166836,0.0694436,0.1289178,0.1754856,0.0960987,0.1247586,0.3545366,0.0770656,0.1378918,0.1427058,0.081281,0.1442352,0.495664,0.0463834,0.2321994,0.2316268,0.0912128,0.272548,0.2784914,0.058988,0.1374802,0.1779721,0.0356658,0.179203,0.2694551,0.0560168,0.1539806,0.1602798,0.0785378,0.214889,0.2744948
0.0637006,0.160054,0.233535,0.0585026,0.2135044,0.2685132,0.044634,0.1240616,0.1996464,0.1372186,0.228347,0.3630294,0.051628,0.1100284,0.2055372,0.089781,0.2150512,0.17228,0.0427714,0.2370472,0.2174968,0.0697104,0.1229157,0.3229654,0.0455046,0.1679818,0.2117458,0.0580812,0.1519976,0.1394022,0.2676984,0.0525742,0.1586292,0.2281198,0.1520174,0.164821,0.279325,0.0429502,0.1779504,0.1709674,0.1038406,0.141027,0.2568728,0.043638,0.1380838,0.1335894,0.0645772,0.1733036,0.2867034,0.0555376,0.1314048,0.1455052,0.0680064,0.2764,0.2129118,0.0397148,0.1415888,0.1175416,0.1422018,0.1324136,0.2694824,0.0349906,0.219761,0.1296664,0.0664634,0.2389368,0.5627336,0.0530902,0.159066,0.3548046,0.1065572,0.107776,0.4370102,0.0650168,0.1737676,0.1561126,0.1412848,0.2014932,0.2497758,0.0482656,0.1697754,0.2029886,0.0761118,0.1813788,0.1354545,0.0519758,0.1608252,0.288994,0.0437256,0.2368594,0.200434,0.0697054,0.1248344,0.1937316,0.0847374,0.123773,0.2111892,0.0517012,0.1146934,0.1397324,0.2044144,0.099799,0.1918442,0.262255,0.0507166,0.206655,0.2270522,0.1111904,0.189413,0.2372204,0.0525026,0.1220334,0.2386182,0.1422346,0.2434242,0.3551878,0.2495884,0.050084,0.1386314,0.3264943,0.0817682,0.1489338,0.240292,0.0363618,0.1363536,0.18239,0.0550462,0.1656962,0.2947388,0.0615004,0.1137768,0.1327124,0.0921866,0.1731908,0.2892418,0.0564968,0.1544374,0.2009394,0.1292152,0.1856554,0.211859,0.0515484,0.1627698,0.1919356,0.0467876,0.1829166,0.220564,0.0518256,0.227167,0.1256064,0.069476,0.192092,0.1939052,0.2172926,0.0689698,0.1302926,0.1763092,0.0950213,0.1248284,0.3523644,0.0771308,0.1372608,0.1430385,0.0821454,0.1474606,0.500273,0.0462248,0.2324724,0.2288304,0.0908314,0.2721864,0.279666,0.058867,0.1378974,0.1793047,0.0363956,0.1780184,0.26994,0.0556408,0.1535686,0.1612728,0.0786168,0.2140352,0.2736012
0.0641562,0.1592478,0.2342856,0.0584872,0.2129366,0.2685158,0.044963,0.1237998,0.1975968,0.1370672,0.2284902,0.3647498,0.0516752,0.110827,0.2060628,0.0897256,0.2143408,0.1731606,0.0428966,0.2345782,0.2151896,0.0711858,0.1251317,0.3210956,0.0456644,0.169004,0.2137698,0.0578542,0.1534868,0.1399904,0.2707756,0.0533332,0.1594112,0.2290012,0.1522144,0.1647074,0.2816222,0.0443242,0.1790288,0.1699104,0.1034658,0.1393174,0.2575116,0.0437336,0.1381056,0.1320076,0.0660684,0.1729256,0.2872766,0.0566568,0.1317604,0.146119,0.067945,0.2738618,0.2136408,0.038931,0.140747,0.116617,0.140971,0.1318514,0.2690826,0.0348552,0.2219538,0.1301624,0.0680544,0.2400002,0.5616734,0.0548062,0.1585584,0.3575972,0.106147,0.1069466,0.4379164,0.0650076,0.1743478,0.1553284,0.1421318,0.2037792,0.2479778,0.0487662,0.1713522,0.2027008,0.0776718,0.1805818,0.1358219,0.0519628,0.1596712,0.2885672,0.0444706,0.235347,0.2025946,0.0711844,0.126673,0.192333,0.0873372,0.1233842,0.2126248,0.051756,0.1138662,0.141817,0.204276,0.0993078,0.1914002,0.2581678,0.0504588,0.2081448,0.225753,0.1155276,0.1880626,0.2362612,0.0528916,0.1223472,0.2387878,0.1426908,0.2425558,0.3557762,0.251997,0.0508776,0.138544,0.3295812,0.0819032,0.1499076,0.2392984,0.0359502,0.1368988,0.1830754,0.0538752,0.164587,0.2941648,0.0618944,0.1135036,0.1324914,0.0928784,0.1738684,0.2891828,0.0572564,0.156916,0.1997098,0.129955,0.1835386,0.211536,0.0517906,0.1633418,0.1914976,0.0473034,0.1822226,0.2195652,0.0519648,0.2267116,0.1264204,0.07027,0.1935464,0.1946944,0.216824,0.0695882,0.130691,0.176716,0.0938643,0.1244318,0.3504254,0.0769152,0.1377026,0.143068,0.0824918,0.1476872,0.4998566,0.047423,0.2319484,0.2287024,0.0916642,0.271185,0.2793378,0.0594218,0.1396018,0.1789163,0.036932,0.1770408,0.2715512,0.0556432,0.1534232,0.1626344,0.078921,0.2134696,0.2705648
0.0641884,0.1586162,0.2361064,0.0591352,0.2141724,0.2666912,0.0456466,0.1237464,0.1959548,0.1368106,0.228228,0.362792,0.052561,0.1101376,0.2077304,0.0902602,0.213388,0.1742117,0.0442722,0.2374274,0.2154382,0.0734924,0.125463,0.3211166,0.047008,0.1696492,0.2137798,0.0589806,0.1535758,0.14127,0.2667374,0.0539304,0.1590608,0.2331032,0.1533594,0.1647578,0.2775842,0.045273,0.1804292,0.171311,0.1045268,0.1384338,0.2565004,0.0449332,0.1393264,0.131143,0.0706598,0.1741192,0.2866426,0.0559078,0.1296284,0.1447916,0.068615,0.2736476,0.2127462,0.0391662,0.1400346,0.116771,0.1403336,0.1308614,0.2704392,0.0351354,0.2211568,0.1288485,0.0700142,0.243079,0.5603758,0.055193,0.1580016,0.3557546,0.1054308,0.1072484,0.4339794,0.0655432,0.1738524,0.1552798,0.1431744,0.2016298,0.2474712,0.0483441,0.171086,0.203852,0.0782668,0.1816916,0.1356109,0.0523846,0.1578968,0.2862812,0.0443602,0.2389198,0.2040162,0.0712976,0.1266118,0.1975672,0.0883606,0.1240132,0.2119752,0.0510544,0.118093,0.1434414,0.2036092,0.099632,0.1887994,0.2592468,0.0505794,0.2079442,0.224953,0.1176458,0.189187,0.235367,0.0529234,0.1228554,0.2378874,0.1444998,0.2441404,0.3609858,0.2541942,0.0501234,0.1381124,0.3290978,0.0817276,0.1498584,0.2399008,0.0355224,0.1351848,0.1828834,0.053492,0.1636582,0.292863,0.063676,0.114067,0.1321708,0.0930166,0.1754706,0.2878426,0.0589476,0.1566318,0.199734,0.1299388,0.1837034,0.2094028,0.051288,0.1644596,0.1918234,0.0478998,0.183415,0.2198152,0.0525388,0.2261008,0.1275026,0.069335,0.1915626,0.1974508,0.2175746,0.0701458,0.1324432,0.1760728,0.0940397,0.1251946,0.354685,0.0788836,0.1375716,0.1447586,0.083157,0.1471038,0.5016346,0.048812,0.2322242,0.2279406,0.0922648,0.2691054,0.2803606,0.0594648,0.1393856,0.1811069,0.0366948,0.1766446,0.2704456,0.055602,0.1519116,0.1619516,0.0792554,0.2118814,0.2705496
0.0644394,0.1579884,0.233659,0.0591618,0.21322,0.2658798,0.0456302,0.1244426,0.196319,0.1366,0.2305148,0.362826,0.0523872,0.1100036,0.2093154,0.089983,0.2127886,0.1753975,0.045275,0.2368214,0.2149258,0.076251,0.1238514,0.3205032,0.0467252,0.168749,0.2133632,0.0585914,0.1553852,0.1406406,0.2693046,0.0543792,0.1597174,0.2326122,0.153491,0.1636794,0.274736,0.0456344,0.180826,0.1712922,0.1042008,0.1399118,0.2555318,0.0461958,0.1392246,0.130783,0.0725328,0.1743992,0.2856352,0.0564796,0.1301988,0.1460954,0.0707112,0.2716372,0.2106892,0.0396782,0.1399026,0.117165,0.140394,0.1306284,0.270128,0.0361652,0.2206662,0.1313301,0.0706972,0.2446538,0.5617826,0.055618,0.1570468,0.3564268,0.106535,0.1067558,0.4365294,0.065222,0.173556,0.1552166,0.1421624,0.2003526,0.246861,0.0488525,0.169447,0.2037058,0.0779566,0.1826154,0.137644,0.0518492,0.1567006,0.2881716,0.0446108,0.2403898,0.2079246,0.072157,0.1267198,0.1946388,0.0875412,0.1241622,0.210708,0.0513406,0.1186772,0.146977,0.2034114,0.1004566,0.1900266,0.2560448,0.0499588,0.209027,0.2215404,0.1179666,0.18814,0.2343734,0.0533296,0.1219412,0.2355678,0.1428072,0.2438758,0.365068,0.2539544,0.050078,0.139322,0.3301656,0.083539,0.1492758,0.239103,0.035101,0.133997,0.1806334,0.0550598,0.1638262,0.2923594,0.0622508,0.1142108,0.132059,0.0925864,0.1747286,0.2885764,0.0580134,0.157733,0.1996292,0.1312748,0.184335,0.2078504,0.0505486,0.1639,0.1902588,0.047785,0.1827166,0.2207994,0.053472,0.227641,0.1268684,0.0687074,0.1914398,0.1964552,0.2168104,0.0712282,0.131526,0.1750384,0.0951549,0.125309,0.3563116,0.0775194,0.1376764,0.1446988,0.0837118,0.147099,0.4998622,0.0486812,0.2324834,0.2266366,0.0932408,0.2697168,0.2770312,0.059976,0.1387768,0.1803622,0.0369154,0.1749906,0.2700742,0.054694,0.1531614,0.1650774,0.0798918,0.212964,0.2680006
0.0644409,0.1565426,0.2351574,0.059452,0.2129932,0.2658962,0.0458624,0.1233002,0.1969602,0.1367324,0.2298336,0.3621722,0.0525634,0.1141318,0.211132,0.0903732,0.212413,0.1730316,0.0466278,0.232887,0.2132896,0.0778534,0.124311,0.317102,0.047374,0.1680822,0.212274,0.0602174,0.1560206,0.1413424,0.2706058,0.0545268,0.1625062,0.232681,0.1530998,0.164167,0.27564,0.0462002,0.180816,0.169098,0.1043718,0.14041,0.2548606,0.0493242,0.139765,0.1301872,0.0723194,0.1721636,0.2878142,0.0562064,0.1302312,0.1489748,0.070957,0.2697256,0.2101146,0.0403578,0.1406208,0.1152124,0.1406774,0.130567,0.2687934,0.0367696,0.2195876,0.1300143,0.0716626,0.2433312,0.562164,0.0553802,0.1565322,0.3552116,0.1066406,0.1067376,0.4318834,0.065271,0.175004,0.1562154,0.1408298,0.1988314,0.2456718,0.0479834,0.1693748,0.2032212,0.0779148,0.1812708,0.1377008,0.0506254,0.1564498,0.289243,0.0448118,0.2422294,0.2089062,0.0724316,0.127076,0.1942122,0.0889016,0.1228994,0.210034,0.0521592,0.1187836,0.1464242,0.2024688,0.0999452,0.1882598,0.2571226,0.0506168,0.2100448,0.2221024,0.1204354,0.1883276,0.2313308,0.0545254,0.1244106,0.2357182,0.14392,0.2460522,0.3652988,0.2506978,0.0504734,0.139326,0.3313504,0.0841006,0.1497372,0.2393608,0.0363054,0.1342122,0.1808966,0.0575292,0.163632,0.2890548,0.0623892,0.1154484,0.1315272,0.090996,0.1767642,0.2870198,0.058414,0.1593508,0.2007892,0.13037,0.1813872,0.206545,0.0508782,0.1658334,0.1881496,0.0486662,0.1828208,0.2215662,0.0530316,0.227975,0.1275544,0.0701152,0.191938,0.1959844,0.2166968,0.0714992,0.1310996,0.1741068,0.0945514,0.1254558,0.3538808,0.0788552,0.1360508,0.144325,0.0842534,0.1474856,0.4825766,0.0482052,0.2314832,0.224612,0.0935514,0.2700284,0.2780662,0.0609672,0.1404654,0.1831722,0.0372788,0.1739382,0.2687392,0.0554448,0.1524682,0.164303,0.0810596,0.2120588,0.2699354
0.0640999,0.1565142,0.2386358,0.0602696,0.2143574,0.266867,0.0455568,0.1223432,0.1948276,0.135956,0.228743,0.3626004,0.0521918,0.113829,0.2104768,0.0902458,0.2107044,0.1725234,0.046951,0.2354146,0.2132246,0.0794968,0.1239123,0.3159164,0.0477646,0.1686528,0.2107984,0.0607684,0.158337,0.140631,0.272363,0.0556422,0.1627216,0.2313202,0.1546048,0.1620138,0.2753838,0.0467838,0.1804822,0.1658706,0.1037864,0.1412644,0.252724,0.0502396,0.1390036,0.131828,0.074921,0.1710822,0.2865862,0.0565984,0.1306474,0.1504086,0.0710916,0.2681454,0.2093062,0.0408928,0.1404759,0.1156473,0.1399416,0.1305508,0.268289,0.0363974,0.2174694,0.1287461,0.0713726,0.24503,0.5614006,0.0560686,0.1552294,0.3528852,0.1067892,0.105452,0.4346912,0.0660558,0.1755418,0.1559948,0.1394882,0.199302,0.2429832,0.0477862,0.1706578,0.2032784,0.0800332,0.1816658,0.1391394,0.0524676,0.1554324,0.2902512,0.0461114,0.2421528,0.2093104,0.072739,0.1249008,0.1940324,0.0895536,0.1243362,0.2121826,0.0520168,0.1181952,0.1507512,0.2026668,0.0989722,0.1870836,0.258754,0.0506354,0.2093162,0.2214816,0.1218228,0.187287,0.231428,0.0546252,0.1225238,0.2381348,0.1449604,0.2466342,0.3683384,0.2518878,0.0504848,0.1379246,0.3316076,0.0853226,0.1491146,0.2391678,0.0375688,0.133526,0.1826446,0.0583664,0.1615254,0.2862014,0.0623796,0.1145106,0.1321062,0.0910932,0.1774026,0.2899766,0.0587098,0.1592186,0.1984934,0.1311732,0.1818108,0.2057948,0.0520556,0.1671496,0.1885728,0.0491086,0.1838562,0.2219916,0.0526974,0.2268514,0.1266188,0.070422,0.1918606,0.193785,0.21593,0.073904,0.1315622,0.1752784,0.0945976,0.1253676,0.3509326,0.0805284,0.1375192,0.1445802,0.0855108,0.1485182,0.4840086,0.0480886,0.230473,0.221032,0.0925808,0.2682294,0.2773424,0.0613944,0.1397328,0.1832932,0.0385202,0.17386,0.2645014,0.0553522,0.1512026,0.164607,0.081569,0.2105746,0.2680398
0.0642155,0.1557036,0.2385438,0.0605074,0.2144792,0.2658626,0.0455606,0.1242964,0.1933868,0.1362342,0.2290598,0.3644994,0.05303,0.1156262,0.2079464,0.089599,0.2094626,0.1742338,0.0492056,0.233904,0.2139854,0.0807924,0.1236351,0.31146,0.049212,0.1678384,0.2112768,0.0615614,0.1577808,0.1408328,0.2718394,0.0561056,0.1631418,0.2314528,0.1557278,0.1614272,0.274787,0.0466932,0.1828988,0.1641622,0.1039448,0.1425154,0.2497706,0.0506734,0.1374676,0.1290282,0.0737942,0.170622,0.2874644,0.056736,0.1324918,0.1520528,0.0715764,0.2685842,0.2107932,0.0410494,0.1400965,0.1172739,0.139119,0.1325504,0.268463,0.036646,0.2167032,0.1297015,0.0729366,0.2446856,0.5585444,0.0572226,0.1562104,0.354941,0.107106,0.1064338,0.439111,0.0676446,0.1767828,0.155446,0.1418408,0.2005606,0.2422786,0.0487344,0.1709842,0.2001614,0.0809552,0.1812586,0.1404458,0.0519678,0.1545326,0.2861204,0.0474038,0.2403956,0.2083538,0.0728614,0.1256872,0.1928568,0.0910872,0.1237008,0.2116512,0.0527854,0.1186474,0.1538812,0.2008002,0.098858,0.1871168,0.2568858,0.050225,0.2088574,0.2225402,0.1238992,0.186481,0.2322724,0.0545416,0.1198966,0.2354758,0.1453984,0.2445928,0.3676872,0.2500318,0.0507276,0.1400228,0.3247238,0.0856354,0.1479744,0.2409514,0.0381562,0.1338148,0.1827008,0.059842,0.1599602,0.282769,0.0665422,0.1145872,0.1347126,0.0910796,0.1761948,0.2901896,0.059742,0.1595428,0.1988006,0.1338814,0.1802312,0.206275,0.0521868,0.1682596,0.1846612,0.0502936,0.185506,0.2211418,0.0530132,0.226113,0.1257742,0.07014,0.191119,0.1920476,0.2157706,0.0749432,0.1329118,0.1741982,0.0930872,0.1270578,0.3506528,0.0806772,0.1361756,0.1448738,0.0848538,0.1499682,0.4921022,0.048171,0.2304226,0.2203048,0.093054,0.2684034,0.2762356,0.0610266,0.1398246,0.1844177,0.0383072,0.1737472,0.2669102,0.0557328,0.1508076,0.1648664,0.081206,0.206954,0.2656898
0.0624061,0.1558422,0.2362792,0.0610662,0.2149794,0.265906,0.0469984,0.1234644,0.1936054,0.1364644,0.230555,0.3616506,0.0527928,0.1151466,0.2094908,0.089786,0.2092672,0.1734558,0.05045,0.2341104,0.215187,0.081802,0.1235977,0.309612,0.0486546,0.168178,0.2086688,0.0634202,0.1562216,0.1396776,0.2740046,0.056699,0.1631494,0.2344636,0.15572,0.1612806,0.2704106,0.0466252,0.182326,0.165492,0.1028594,0.14083,0.2506774,0.0515766,0.1382972,0.1308362,0.0763256,0.1692256,0.2872378,0.0565446,0.132845,0.1527976,0.0721552,0.270933,0.2111374,0.0421484,0.1414031,0.1187851,0.1385818,0.131092,0.2723522,0.0358404,0.2171858,0.1309829,0.0748428,0.2440352,0.5585882,0.058008,0.1554206,0.3609038,0.1104308,0.106843,0.4377938,0.0681334,0.1766244,0.1561016,0.1434816,0.1982484,0.2412656,0.0485534,0.1703672,0.1982772,0.0808324,0.1809772,0.1393714,0.0520292,0.1543652,0.2855188,0.0473938,0.241525,0.209014,0.0750228,0.1244626,0.1916314,0.091102,0.124681,0.210653,0.0533092,0.1189832,0.1563876,0.2036726,0.098264,0.1878982,0.2543776,0.0502206,0.2085182,0.219652,0.1239466,0.1859816,0.2310594,0.0537452,0.120931,0.2380436,0.1457856,0.243671,0.363728,0.2470988,0.0505422,0.1406716,0.3261406,0.0870782,0.148446,0.2403648,0.0371872,0.1337568,0.1811008,0.0596788,0.157714,0.277294,0.0672712,0.1146862,0.134066,0.0902816,0.1744056,0.2886218,0.060277,0.1581798,0.1978742,0.134133,0.1818326,0.2060164,0.0535586,0.1692048,0.1864998,0.0505514,0.1868568,0.2240876,0.0551604,0.2257528,0.1259744,0.070184,0.1909416,0.1899676,0.214275,0.0764954,0.132699,0.1741596,0.0926916,0.1268464,0.3513406,0.0809834,0.1353236,0.145002,0.083842,0.1507152,0.4989178,0.0490296,0.2290834,0.2188162,0.0932788,0.2649486,0.2743162,0.061793,0.1396226,0.1849937,0.0379408,0.1735456,0.2663674,0.0563644,0.1494116,0.1626306,0.0814604,0.2063394,0.2650636
0.0613773,0.1546362,0.2383198,0.0611928,0.2147782,0.264038,0.0462494,0.1239136,0.1912824,0.1360656,0.2285696,0.3609618,0.0519574,0.1144278,0.2120536,0.0887108,0.2078108,0.1740028,0.0512748,0.2352158,0.2147832,0.0832292,0.1244857,0.3078588,0.048968,0.1651202,0.2086938,0.064592,0.1581206,0.1384224,0.274651,0.0576574,0.1627022,0.2340966,0.156717,0.1606822,0.2741984,0.0448422,0.1842662,0.1634902,0.1028226,0.1397206,0.2494368,0.0521292,0.13757,0.1313534,0.077644,0.1673834,0.2836824,0.057601,0.1332534,0.151149,0.071986,0.2720952,0.2090198,0.0425742,0.1405659,0.1191047,0.1378358,0.131432,0.2712768,0.0365948,0.2171962,0.1324079,0.0756554,0.245289,0.5625576,0.0590114,0.1555798,0.3643822,0.1107674,0.1064092,0.436755,0.0676238,0.1763628,0.1561314,0.1418096,0.2001046,0.2410638,0.0488918,0.1714524,0.1998616,0.0802802,0.1816134,0.1416262,0.05285,0.1534276,0.2849226,0.0486806,0.2427522,0.2075884,0.0746448,0.1248994,0.190746,0.09273,0.1238262,0.2092958,0.0542508,0.1183274,0.1581796,0.2008674,0.0977738,0.1905746,0.2567022,0.051034,0.2074334,0.21694,0.1226354,0.1848772,0.2316058,0.0530876,0.1200122,0.2378172,0.1466532,0.2439642,0.3648558,0.249201,0.0505184,0.1396824,0.3271616,0.0874332,0.1470404,0.242344,0.0364062,0.1332164,0.1809422,0.0599704,0.1576168,0.2773756,0.0675338,0.1146206,0.1341328,0.092072,0.1746744,0.2913468,0.0606054,0.1591626,0.1967594,0.1351724,0.1817886,0.2060918,0.0544616,0.1679534,0.1829678,0.0513324,0.1840712,0.2249174,0.0564254,0.2263446,0.1262184,0.0696548,0.1895146,0.1880502,0.214163,0.0786026,0.133082,0.172414,0.0936592,0.126065,0.3500962,0.080511,0.135996,0.1437044,0.085798,0.1518284,0.5025292,0.0498336,0.2266494,0.217416,0.0936942,0.2649188,0.2742388,0.0622348,0.1387042,0.1857469,0.0378102,0.1759474,0.2650688,0.0566818,0.1508058,0.1641138,0.0815248,0.2060824,0.2629406
0.0627641,0.1544048,0.239559,0.0622344,0.2151546,0.262743,0.046407,0.1241918,0.191991,0.1359698,0.2280322,0.3618012,0.052491,0.1135502,0.213795,0.0899288,0.206021,0.1725644,0.0513336,0.2326576,0.213785,0.0866702,0.1243964,0.3039106,0.0523988,0.1636794,0.2076668,0.0657398,0.1567654,0.1386908,0.2761558,0.0573726,0.1634556,0.2322202,0.1567804,0.1605234,0.271997,0.0455262,0.1865984,0.1651236,0.1025584,0.1404304,0.2468602,0.051949,0.1384464,0.13264,0.0778368,0.1702634,0.2820724,0.0572428,0.133818,0.1499712,0.0710262,0.2688352,0.2095182,0.0425318,0.1402259,0.1191017,0.1375614,0.1317178,0.267699,0.0372198,0.2152954,0.1322831,0.0764678,0.243906,0.5639706,0.0593448,0.1568826,0.3701922,0.1114274,0.1075562,0.4368128,0.0674812,0.1756632,0.1560244,0.1415718,0.201292,0.2408398,0.0498544,0.1706052,0.1997248,0.082397,0.181098,0.1426274,0.05149,0.1528214,0.2823934,0.0496246,0.2407162,0.2077464,0.0749152,0.125939,0.1919098,0.0931208,0.1230694,0.2112702,0.0555372,0.1188494,0.162157,0.1980396,0.0979752,0.1902136,0.2557772,0.051376,0.206822,0.2139638,0.1237568,0.1814862,0.2299364,0.0518372,0.1199688,0.2376698,0.14886,0.243933,0.371347,0.24817,0.050436,0.1398894,0.330965,0.087615,0.1475968,0.2406748,0.036696,0.1345288,0.1810054,0.0602532,0.157723,0.2769168,0.06787,0.113679,0.1332068,0.0919108,0.1760474,0.289678,0.0615202,0.1582016,0.196018,0.1347434,0.1820338,0.2062882,0.0539412,0.1691706,0.1917094,0.052287,0.1824742,0.2256956,0.0582016,0.2268078,0.1256686,0.070938,0.1881558,0.1883952,0.2152188,0.0821816,0.1313596,0.1724728,0.0931852,0.1249308,0.3468928,0.0798818,0.1383014,0.1429408,0.085565,0.1525556,0.5054048,0.0511262,0.2250908,0.2168474,0.0934314,0.2631184,0.276792,0.0633076,0.137991,0.1863421,0.0369346,0.1755216,0.2634756,0.0580066,0.1502024,0.164922,0.080934,0.2051394,0.2613746
0.0627683,0.1540878,0.2403876,0.0623396,0.2146956,0.2618224,0.0471446,0.12321,0.191485,0.1356444,0.2285718,0.36192,0.0522218,0.1147438,0.2188504,0.0898598,0.2049502,0.171913,0.0515064,0.23228,0.2136872,0.08918,0.1251074,0.3048842,0.0526484,0.1619368,0.2057674,0.0662288,0.15835,0.1377808,0.2770308,0.0584526,0.165222,0.23317,0.156125,0.1610162,0.2694402,0.0463492,0.1857014,0.1654658,0.101607,0.1401682,0.2483304,0.0517998,0.138391,0.1324556,0.078479,0.169542,0.286652,0.0573198,0.134968,0.1501508,0.0720912,0.2707164,0.210072,0.0424456,0.1377997,0.1172854,0.1362652,0.129214,0.2684502,0.0376598,0.214981,0.1321807,0.077821,0.243167,0.5645556,0.0598554,0.156812,0.3738416,0.1105726,0.107657,0.4337848,0.0675788,0.1745284,0.1558698,0.1430714,0.201529,0.2418044,0.0499064,0.171177,0.1989016,0.0817624,0.179396,0.142326,0.0514186,0.1537876,0.280776,0.0507268,0.2414372,0.2078054,0.0754282,0.1263448,0.1913566,0.093693,0.1237076,0.2141424,0.0553486,0.1203614,0.1646154,0.1976406,0.0992368,0.1909222,0.2574912,0.05116,0.2052172,0.2130218,0.1263636,0.182325,0.2279596,0.0512052,0.118567,0.236854,0.1493434,0.2452728,0.3735448,0.2474442,0.0509398,0.14006,0.3321226,0.0890436,0.1483806,0.239274,0.0368364,0.1335812,0.1821108,0.0612466,0.1587146,0.2781922,0.066573,0.1139778,0.1346774,0.0920764,0.1768534,0.2921722,0.0617236,0.1584586,0.1954496,0.137039,0.18053,0.2089318,0.0549258,0.169556,0.1878078,0.0531152,0.1830158,0.2238624,0.059153,0.2286398,0.124395,0.0700998,0.1889044,0.1880648,0.2148794,0.0857218,0.1294006,0.1728918,0.0937124,0.124605,0.3513136,0.0793842,0.1380218,0.1413376,0.0863706,0.1517006,0.502519,0.051241,0.2246048,0.2149126,0.0924018,0.2634426,0.2774918,0.0634606,0.1377444,0.1878628,0.0372432,0.1751174,0.2614132,0.06093,0.1494868,0.1633218,0.0816406,0.2052614,0.2588696
0.0620421,0.1554526,0.241097,0.0630224,0.2124562,0.259127,0.0473892,0.1239374,0.1920288,0.1349942,0.2267166,0.3601998,0.0523748,0.1160324,0.2212216,0.0898428,0.2031632,0.1722274,0.0519166,0.231593,0.2106166,0.0922938,0.1246698,0.3043026,0.0530716,0.1617738,0.2054728,0.067131,0.1591626,0.1374096,0.2809604,0.058175,0.1656168,0.236665,0.1564414,0.161279,0.2728936,0.046557,0.1870488,0.1656496,0.1017782,0.1404702,0.2462506,0.0518976,0.1372544,0.1339554,0.0788824,0.1678892,0.286037,0.0583334,0.1365342,0.1528568,0.0721592,0.270822,0.2073768,0.0442572,0.1379452,0.118297,0.1364888,0.1282148,0.2678888,0.0384078,0.2111974,0.1321417,0.080004,0.2449612,0.559984,0.0610208,0.1576,0.3760596,0.1115598,0.1073702,0.433118,0.0672442,0.1756602,0.1555124,0.142051,0.2021044,0.2413316,0.0499812,0.172612,0.19773,0.0820186,0.1789278,0.145759,0.0513176,0.1535548,0.2787246,0.052137,0.240184,0.207609,0.0769334,0.1260992,0.1923026,0.0926464,0.1245534,0.2147028,0.0555946,0.1197726,0.1643064,0.1957858,0.0978006,0.1896834,0.256584,0.0514684,0.206656,0.2116866,0.1280656,0.180915,0.2255276,0.0513382,0.1184482,0.2340714,0.1493622,0.24433,0.3721638,0.2477116,0.0517692,0.13858,0.3306108,0.0884614,0.1464776,0.2401162,0.037375,0.1338658,0.1808486,0.0619462,0.1567852,0.2791296,0.0669112,0.1153568,0.1352538,0.0927314,0.1773332,0.2951612,0.0625208,0.1593048,0.1956034,0.137618,0.1807086,0.2087362,0.0547346,0.1703566,0.188155,0.0540308,0.1811984,0.2244396,0.0597052,0.2295242,0.1261572,0.0702176,0.187185,0.187213,0.2171114,0.0867496,0.1307844,0.172543,0.0936073,0.1246548,0.353306,0.0797942,0.1383438,0.1408778,0.0881236,0.1513892,0.5039234,0.050738,0.2268244,0.2134392,0.0918058,0.2605016,0.2759738,0.0629422,0.1394816,0.1853312,0.0381424,0.1762184,0.262892,0.0614184,0.1497372,0.1640214,0.0824474,0.2043436,0.2586712
0.0631821,0.1555972,0.240676,0.0627734,0.2106,0.2579346,0.0475966,0.1246696,0.1924498,0.1357262,0.2283306,0.356849,0.053004,0.114269,0.2240604,0.0903056,0.2036288,0.1712057,0.051446,0.2314442,0.2106982,0.0927604,0.1246684,0.3014354,0.0535118,0.1618018,0.2045544,0.068161,0.1589646,0.139108,0.2807796,0.0585686,0.166674,0.235716,0.1568894,0.1606574,0.2714532,0.0463866,0.184147,0.1660472,0.1018812,0.140488,0.2449586,0.051877,0.1369062,0.1359824,0.0803368,0.1689532,0.2862064,0.0587302,0.1358874,0.1526668,0.0715648,0.2735352,0.2086198,0.0443896,0.1367654,0.117867,0.136275,0.1283492,0.266944,0.039746,0.21047,0.1337242,0.0810082,0.2429914,0.5645922,0.0628444,0.1560254,0.3768884,0.1123072,0.1065344,0.432391,0.0667008,0.176338,0.1552388,0.1444598,0.2038958,0.2374048,0.0499762,0.1736348,0.1956782,0.0819776,0.1795434,0.1457896,0.0521772,0.1522676,0.2779256,0.0532408,0.241446,0.2098428,0.076836,0.1283506,0.1901386,0.0928296,0.1245496,0.2130454,0.0555652,0.1203734,0.164938,0.193171,0.0979488,0.1898594,0.253866,0.0518896,0.2066932,0.2124802,0.1293824,0.1801542,0.2251128,0.0511746,0.1196644,0.2349814,0.1516174,0.2437174,0.3778278,0.2472246,0.0520142,0.1400488,0.3317768,0.0870764,0.1453884,0.2396704,0.037436,0.1341642,0.179189,0.0621476,0.1552506,0.2791044,0.0670794,0.1151358,0.1342994,0.095348,0.1754654,0.2971718,0.06148,0.1565136,0.195132,0.1363814,0.1797316,0.207852,0.055555,0.1717154,0.1872426,0.0536564,0.1805316,0.2269546,0.0609996,0.2293696,0.1277348,0.0691334,0.1864554,0.1862248,0.215454,0.0883862,0.1314634,0.1740438,0.0939334,0.1247166,0.351224,0.0790484,0.1384558,0.1427356,0.089087,0.1518636,0.5081486,0.0509046,0.2301028,0.2129108,0.0928914,0.258511,0.274855,0.0633676,0.1400464,0.1820217,0.0380526,0.1743448,0.2583998,0.0631668,0.1481482,0.1648286,0.0828252,0.2047226,0.2579588
0.0627767,0.1537814,0.2398832,0.0630826,0.2113362,0.2597628,0.0479024,0.124132,0.1909642,0.1354514,0.2262928,0.357654,0.0532532,0.1148604,0.223094,0.09572,0.2031854,0.1743617,0.0527368,0.2327614,0.211859,0.0955716,0.1250262,0.2968632,0.0532014,0.1617536,0.204729,0.0706722,0.1575696,0.1381768,0.2831918,0.0591478,0.1658636,0.2356124,0.1573266,0.1611102,0.2686534,0.0459146,0.184291,0.166092,0.1017624,0.1395066,0.2450738,0.0524982,0.1372658,0.1371336,0.0810462,0.1675588,0.2864834,0.0587902,0.136516,0.1522348,0.0713624,0.2748078,0.2102748,0.0445904,0.1362338,0.1193504,0.1352284,0.1279474,0.2668068,0.0396964,0.2091554,0.1340616,0.0833736,0.2400822,0.5629984,0.0626802,0.1553432,0.38189,0.111615,0.1072752,0.4358778,0.0676392,0.1764774,0.1548388,0.1415226,0.2027902,0.2372066,0.0513332,0.1732102,0.1969564,0.081891,0.1796468,0.1453484,0.0514014,0.1503258,0.2774364,0.0530056,0.242078,0.2127324,0.0771762,0.1277918,0.1910342,0.0927766,0.1241868,0.2137794,0.0550094,0.1211594,0.165593,0.1913866,0.0986408,0.1885948,0.2551174,0.051854,0.2068588,0.2130124,0.1288916,0.1785362,0.2226184,0.0510364,0.118819,0.2332334,0.1505164,0.244034,0.3747032,0.2455888,0.052551,0.139008,0.3316236,0.0865964,0.1451516,0.2401068,0.037862,0.1337994,0.1798392,0.0630366,0.1544956,0.273893,0.0676264,0.114169,0.1352024,0.0953894,0.1770236,0.2953126,0.0617606,0.1566518,0.1953516,0.1389448,0.1784666,0.2070236,0.0560964,0.1724864,0.1880448,0.0540048,0.1826384,0.2287436,0.0606844,0.231979,0.127434,0.071403,0.187858,0.1849956,0.2158204,0.090911,0.1302686,0.1744368,0.0947129,0.1240808,0.3509162,0.0774672,0.139394,0.141083,0.0884336,0.1511534,0.5059606,0.0510922,0.2307434,0.2184,0.0928086,0.2575434,0.2680256,0.0629368,0.1381656,0.1819285,0.038088,0.1745726,0.2595916,0.0632464,0.1488052,0.1639642,0.0828348,0.2059294,0.2598458
0.0639511,0.1531416,0.237817,0.0640146,0.2106404,0.259845,0.0481814,0.1262974,0.1927468,0.1345416,0.2254152,0.3565664,0.053504,0.1148464,0.2223246,0.096109,0.2044806,0.1775005,0.0524416,0.2327574,0.2105966,0.097371,0.12611,0.2939932,0.0531192,0.1615294,0.2045594,0.0729256,0.1584538,0.1389658,0.2763974,0.0582386,0.1664092,0.2349586,0.1566606,0.1602412,0.2696702,0.0462422,0.1842202,0.167656,0.102712,0.1406474,0.2441782,0.0522514,0.1365458,0.136602,0.0836138,0.1684412,0.2863854,0.0591612,0.1347366,0.1507212,0.072095,0.2761378,0.2122252,0.0444604,0.1343972,0.1197292,0.1369166,0.1272018,0.2651274,0.0444458,0.2095284,0.1340222,0.0829194,0.2393034,0.5675196,0.0629594,0.1543898,0.3807452,0.1118506,0.1064362,0.43878,0.0675286,0.1756436,0.1546212,0.1417838,0.203179,0.2357414,0.0516694,0.172569,0.1975142,0.0843542,0.178747,0.1454838,0.0522532,0.151473,0.2751262,0.053244,0.2409316,0.210164,0.0775942,0.1289982,0.190175,0.0938378,0.1228502,0.2138664,0.055523,0.121247,0.164435,0.1911168,0.0991944,0.189687,0.252058,0.0517816,0.207692,0.2127794,0.1293198,0.17737,0.221297,0.0508818,0.1183086,0.2331368,0.1502934,0.2420568,0.3727876,0.2476826,0.0536202,0.137846,0.327967,0.0866894,0.1434482,0.2380986,0.0374216,0.1344866,0.1797534,0.0642102,0.1551568,0.2689138,0.0662464,0.114743,0.1340032,0.0953208,0.1785992,0.2964888,0.0629408,0.1565872,0.1947234,0.1392836,0.1778128,0.2058576,0.056087,0.1735804,0.1879692,0.0542046,0.1823708,0.22903,0.0614242,0.2291252,0.128729,0.0726578,0.188236,0.1854322,0.2181157,0.0927508,0.1319892,0.1731212,0.0936575,0.123827,0.355321,0.0762972,0.1395392,0.1424766,0.0876494,0.1500532,0.5015442,0.0517608,0.2308712,0.2158378,0.0939362,0.2586016,0.2686876,0.0631186,0.1366926,0.1812819,0.0384596,0.1737412,0.260407,0.0633712,0.1488512,0.1643306,0.0828644,0.2063538,0.2579722
0.0708712,0.1550362,0.2416394,0.0652548,0.2088334,0.2593612,0.049374,0.127542,0.1915982,0.1339316,0.2253524,0.3546508,0.0536586,0.1155426,0.2223288,0.0971184,0.2032692,0.1780611,0.052581,0.232203,0.2093352,0.098355,0.1268366,0.2935688,0.0539612,0.1625934,0.2029078,0.0741332,0.1586332,0.141424,0.2745382,0.0589176,0.1674462,0.2337168,0.1577422,0.1610134,0.2676818,0.0461632,0.185228,0.1671134,0.1028034,0.1427538,0.2431616,0.0522662,0.1352412,0.1355059,0.0848064,0.1695536,0.2875514,0.0584644,0.1360496,0.150932,0.0723206,0.2743082,0.2118342,0.044324,0.1354494,0.120683,0.1373468,0.1272244,0.2625638,0.0443368,0.2080406,0.1320184,0.0845124,0.2396354,0.5713428,0.0625704,0.1536772,0.375616,0.1111006,0.1059896,0.4379392,0.0681736,0.1763216,0.1537934,0.1411276,0.2023638,0.236826,0.051976,0.1724436,0.1990148,0.0847858,0.1783962,0.1457817,0.0527592,0.152483,0.2712496,0.0531804,0.2397208,0.2120996,0.0773406,0.129253,0.1903104,0.0947296,0.1222018,0.2134668,0.0568496,0.1220834,0.1623506,0.1910904,0.0964044,0.1890088,0.253013,0.0524638,0.2077858,0.2134726,0.1303062,0.1784642,0.2204384,0.0540846,0.11725,0.2322664,0.1518522,0.2418112,0.3814954,0.2464506,0.0536406,0.1370454,0.325747,0.086449,0.1419812,0.2403548,0.03735,0.133959,0.177743,0.0653526,0.1563272,0.2629398,0.06756,0.1128998,0.1343636,0.0948868,0.1775322,0.296607,0.0650662,0.1574364,0.1945794,0.1410238,0.1768708,0.2050206,0.0556436,0.1732142,0.18703,0.0544574,0.1821498,0.2304198,0.0624588,0.2285468,0.1306376,0.0727392,0.1881338,0.1850326,0.2198513,0.0948892,0.1321782,0.1711142,0.0945782,0.1251462,0.3627328,0.077395,0.1393042,0.141061,0.0878192,0.150503,0.5026222,0.0513704,0.2296744,0.2161256,0.0947754,0.2602186,0.2667028,0.0632062,0.1346158,0.183546,0.038023,0.1730886,0.2610572,0.0636818,0.147919,0.1629556,0.0836722,0.2036702,0.2577376
0.071058,0.1562652,0.2405902,0.066045,0.2116088,0.2579008,0.0491846,0.1286592,0.1917302,0.13477,0.2262428,0.3555628,0.0539282,0.1143574,0.2226884,0.0972744,0.2010334,0.1793036,0.0530752,0.2331118,0.2087766,0.1007182,0.1287314,0.2946648,0.0533296,0.1621416,0.2032304,0.0748494,0.160143,0.1405674,0.2801328,0.0590954,0.1668786,0.2357168,0.15777,0.1588438,0.2644276,0.046285,0.18558,0.1664462,0.1034588,0.1423062,0.2414162,0.0515956,0.1366698,0.1370837,0.0854532,0.1689394,0.2864968,0.0595568,0.1355252,0.1510468,0.0717718,0.2752414,0.2101952,0.0440538,0.1352598,0.1213258,0.1355318,0.1264182,0.263841,0.0447756,0.2086106,0.1311848,0.085516,0.2392938,0.5703024,0.0653772,0.1539086,0.3776292,0.1111196,0.1054974,0.4366342,0.0694498,0.1756786,0.155282,0.13886,0.2020126,0.2357294,0.0524392,0.172807,0.2016386,0.0863028,0.1774394,0.1457659,0.0534186,0.1509372,0.2741006,0.0542578,0.2396048,0.2108326,0.0788864,0.1291684,0.18769,0.0946148,0.1225706,0.2134292,0.0567596,0.1219486,0.1646786,0.1900056,0.0962958,0.1875164,0.2539388,0.053553,0.2070788,0.2130656,0.1291506,0.1768706,0.2208724,0.055117,0.1168486,0.2317578,0.1501716,0.2436034,0.382306,0.2441986,0.0538464,0.138377,0.3264092,0.0873608,0.1406812,0.24088,0.0378266,0.1326248,0.1751634,0.0667788,0.1537488,0.260368,0.0670016,0.1122794,0.1324328,0.0945546,0.1779222,0.2956506,0.0647058,0.1584094,0.1956106,0.1413672,0.1776956,0.2026468,0.056,0.1737846,0.189079,0.0547646,0.181094,0.23206,0.0636128,0.2297764,0.1317486,0.0721108,0.1860504,0.184921,0.2189217,0.096455,0.131327,0.1698442,0.0956092,0.1259714,0.3651396,0.0787362,0.1396002,0.1405222,0.0883204,0.1492094,0.5021954,0.050899,0.2304486,0.2160116,0.0950804,0.257997,0.2646888,0.0630518,0.134475,0.1823552,0.0406778,0.1737254,0.2652466,0.063382,0.1494144,0.162791,0.0838414,0.2022386,0.2577558
0.0713304,0.1548054,0.2447386,0.0659226,0.2121832,0.2594172,0.050389,0.1298304,0.1920436,0.1345962,0.2257218,0.3512594,0.0547172,0.1153912,0.2242942,0.097277,0.2003626,0.1772314,0.0541802,0.2330996,0.2099226,0.1008458,0.1286544,0.2960938,0.0540616,0.1639984,0.2023514,0.0747666,0.160592,0.1402228,0.2792228,0.0602874,0.166439,0.2340258,0.159719,0.1578128,0.2610144,0.0465174,0.1861992,0.1664106,0.1051174,0.1436742,0.241439,0.0501062,0.1369816,0.1370241,0.0862178,0.168344,0.286999,0.0588322,0.1350908,0.1521452,0.0718932,0.2745864,0.2084776,0.0438378,0.1341308,0.121048,0.136827,0.126271,0.2652208,0.0440622,0.2078862,0.1337718,0.0867676,0.2414018,0.5657402,0.0653888,0.1571848,0.3829042,0.1107788,0.1065966,0.43057,0.0695778,0.1770704,0.154177,0.1405072,0.2008402,0.235491,0.0524818,0.172084,0.202336,0.0861702,0.178513,0.1437741,0.0532582,0.1500194,0.2734614,0.054453,0.238081,0.2084874,0.0792706,0.1311206,0.189645,0.0947174,0.1218162,0.2136218,0.0568588,0.1225738,0.1633886,0.1906066,0.0966598,0.1874664,0.2546668,0.0539758,0.2067512,0.2112794,0.1297334,0.177446,0.224423,0.0553104,0.117722,0.2313098,0.1505058,0.242946,0.3901628,0.2447298,0.0550182,0.1389868,0.3278198,0.087256,0.1399936,0.2393374,0.0383824,0.1335668,0.1755804,0.0683924,0.1525586,0.2607178,0.0681298,0.112446,0.1350108,0.094266,0.1781994,0.2941412,0.064783,0.1584968,0.1994452,0.1398626,0.1766112,0.2022614,0.0562858,0.17284,0.1885098,0.0550148,0.1826316,0.2340262,0.0641852,0.2272234,0.1324166,0.0719508,0.1852142,0.1850022,0.2189346,0.0982442,0.1301248,0.170006,0.0939932,0.1256738,0.3674784,0.0781078,0.1405988,0.1425918,0.0889538,0.1475062,0.5022152,0.0509556,0.2283684,0.2179082,0.0948884,0.258737,0.2625272,0.0643544,0.1347692,0.1843286,0.0410774,0.1754836,0.2636551,0.0626908,0.1503144,0.1631588,0.082802,0.200985,0.2556974
0.071279,0.1524394,0.24233,0.0675842,0.2101462,0.2550738,0.0509698,0.1313154,0.1905058,0.1337344,0.2251874,0.3499126,0.0541238,0.1132784,0.228062,0.0973702,0.1997312,0.1784976,0.0543198,0.2294368,0.2071892,0.1021288,0.1285192,0.2942176,0.0543668,0.1643176,0.2009522,0.07501,0.1614566,0.139838,0.2773224,0.0608398,0.166538,0.2329264,0.1577826,0.1590392,0.260775,0.0460836,0.1863316,0.164889,0.1048532,0.1442498,0.2400528,0.049639,0.1373744,0.1368454,0.0870352,0.1702026,0.2856628,0.059268,0.1348658,0.1511624,0.0717624,0.2728166,0.2113614,0.045218,0.132616,0.1207374,0.136263,0.1260928,0.2653036,0.0440184,0.2080466,0.1340232,0.0882312,0.2411174,0.5615574,0.0665424,0.1559366,0.3834512,0.110489,0.1068274,0.4406076,0.0707268,0.1756274,0.1540862,0.1410734,0.2029054,0.234861,0.0529244,0.1713574,0.2021868,0.086813,0.17957,0.1462503,0.0555902,0.1526002,0.2680156,0.0544496,0.2382326,0.2107932,0.0789108,0.1315988,0.188288,0.094025,0.1221218,0.212623,0.0574604,0.122672,0.1643588,0.1892652,0.095838,0.1887552,0.2563275,0.0549068,0.2080854,0.2102104,0.1324322,0.1769896,0.2235248,0.0546254,0.1191508,0.232797,0.15105,0.2398484,0.3962538,0.2421402,0.0554408,0.1394426,0.328048,0.0855838,0.1391434,0.2417162,0.0389284,0.1316458,0.1742322,0.0688744,0.152223,0.2591184,0.0690962,0.1128536,0.1332756,0.0945696,0.1761874,0.290463,0.065888,0.1592006,0.199578,0.137385,0.1769864,0.2003094,0.0566604,0.1699836,0.1864642,0.0555522,0.180365,0.2359664,0.0652444,0.2305046,0.1328258,0.0720144,0.1866732,0.183785,0.2191394,0.1007046,0.1295074,0.1698618,0.093017,0.1262236,0.3675394,0.0780434,0.1400964,0.1430174,0.08821,0.14755,0.505295,0.0517776,0.2292296,0.2162674,0.0949322,0.2560592,0.2635302,0.0641486,0.1362264,0.1845272,0.040303,0.1761514,0.2630935,0.0642272,0.149208,0.1618132,0.081614,0.1994208,0.253372
0.0711812,0.150104,0.2458252,0.0692354,0.2083028,0.2566834,0.0509596,0.1322018,0.1904804,0.1330592,0.2228834,0.3528076,0.0547574,0.113196,0.2272736,0.0976734,0.1982162,0.1776746,0.0537734,0.2274042,0.2055136,0.1032688,0.1275144,0.2924614,0.0539802,0.1615598,0.1976324,0.0765284,0.1600292,0.1395942,0.2767626,0.0614262,0.1696414,0.230808,0.1560992,0.1594636,0.2603024,0.0450984,0.1861714,0.1663964,0.104939,0.1446046,0.2387924,0.0481676,0.135621,0.1363742,0.0857692,0.170427,0.2846746,0.0593308,0.1354504,0.1511402,0.0728516,0.2756768,0.2124856,0.04593,0.1336404,0.120689,0.1370084,0.1266772,0.2629528,0.0426616,0.2083914,0.1337946,0.0906586,0.2398324,0.55948,0.0674728,0.1555804,0.3806626,0.1111532,0.106626,0.4403292,0.0719138,0.1753714,0.1539844,0.1417742,0.2030438,0.2364978,0.055119,0.1713714,0.1981642,0.0876578,0.1786124,0.1463611,0.0559318,0.1524512,0.2701166,0.0550462,0.2379636,0.209496,0.0790002,0.1319032,0.1885328,0.0924396,0.121337,0.2136422,0.0583792,0.122207,0.163977,0.1846108,0.0946404,0.1887508,0.2545785,0.0559322,0.2076978,0.2106158,0.1335544,0.1785556,0.2214512,0.0542794,0.1179312,0.2324416,0.1499274,0.2379906,0.4035322,0.2400722,0.0546398,0.1401348,0.327174,0.0851028,0.138004,0.2418028,0.0391938,0.130148,0.1750358,0.0688106,0.1531438,0.2583332,0.0685032,0.1151942,0.1341714,0.094947,0.1778974,0.2944044,0.0656036,0.1580446,0.197983,0.136497,0.1763908,0.2017496,0.0573312,0.1686822,0.1848826,0.055376,0.1813352,0.2356372,0.066248,0.2321422,0.1326086,0.0718434,0.1849748,0.1847234,0.219122,0.1028324,0.1290674,0.1688428,0.0920572,0.1256746,0.3728926,0.0774038,0.140232,0.1419996,0.0901346,0.147566,0.504347,0.0509682,0.2281064,0.2156336,0.094244,0.254606,0.2645614,0.0649158,0.1355952,0.184427,0.0403108,0.1771078,0.2613699,0.0648586,0.1478192,0.1619092,0.0811722,0.1977512,0.251346
0.071014,0.1501582,0.2501396,0.0690246,0.2077634,0.258454,0.050467,0.1329706,0.1928462,0.1326024,0.2228586,0.3535934,0.0557348,0.1125082,0.231191,0.0978274,0.1981878,0.17855,0.0541462,0.229462,0.2041424,0.1038352,0.1263722,0.2936216,0.0546968,0.1612046,0.1982458,0.0785868,0.1590476,0.1396164,0.2735596,0.0623426,0.170585,0.2315684,0.1587652,0.1578084,0.258621,0.0448606,0.186105,0.1667172,0.1050542,0.1456688,0.2391122,0.0474918,0.1359382,0.1373184,0.0870036,0.1689846,0.2862944,0.0607882,0.1346348,0.1526214,0.0743474,0.2716456,0.2120066,0.0477786,0.1310584,0.1205168,0.1362398,0.1272222,0.2610268,0.0431084,0.2085416,0.1340656,0.0914644,0.2402748,0.5633432,0.0674548,0.1548066,0.382269,0.1109128,0.1072604,0.4402852,0.0715452,0.1750626,0.1534252,0.1397124,0.2018186,0.2360724,0.0547442,0.172359,0.1996856,0.0871158,0.1795432,0.1466705,0.0558262,0.151188,0.271006,0.05397,0.2386506,0.2105162,0.0797518,0.1323906,0.1903406,0.0938556,0.1201086,0.2127198,0.0592984,0.1233008,0.1653234,0.1828274,0.09462,0.1875348,0.2520973,0.0561546,0.2074126,0.2091722,0.133538,0.1795966,0.2216162,0.0538724,0.117964,0.233915,0.1507932,0.237169,0.4141682,0.2369738,0.0563834,0.1402594,0.329899,0.0845674,0.1388502,0.241893,0.0394186,0.132663,0.1778956,0.0681928,0.1534936,0.2567248,0.0679802,0.1160872,0.1347192,0.094204,0.178028,0.2987216,0.0656444,0.1574776,0.1974906,0.1356428,0.1746818,0.2013212,0.0581276,0.169038,0.1824576,0.0560118,0.1813416,0.2367686,0.06731,0.2311138,0.1326586,0.0720388,0.1857138,0.1822106,0.2204946,0.1042226,0.1278988,0.1696418,0.0915582,0.1246302,0.3773004,0.077597,0.1408632,0.143571,0.088043,0.1478638,0.502338,0.0527708,0.2283316,0.2153508,0.0938298,0.2557343,0.264588,0.0662702,0.1345792,0.1848674,0.0395012,0.1773486,0.2563238,0.0643424,0.1484586,0.1630742,0.0810482,0.1972274,0.2489708
0.0701092,0.1498446,0.254117,0.0692044,0.2053136,0.25672,0.0498738,0.1347114,0.1925654,0.13288,0.2214136,0.3518936,0.0562468,0.1126876,0.2311126,0.0978326,0.1968604,0.1795014,0.0546862,0.2295212,0.2029766,0.104472,0.126499,0.2911006,0.0544158,0.1622938,0.1991522,0.0803512,0.1582606,0.1406896,0.2769858,0.0636804,0.1711876,0.2303886,0.1584052,0.1566364,0.2571234,0.0451674,0.1864686,0.167898,0.1058536,0.1464292,0.2383184,0.0484556,0.136122,0.1390552,0.0888992,0.1693186,0.287754,0.0610382,0.1337288,0.1545114,0.0738512,0.2729442,0.2130878,0.0483018,0.1310724,0.1189174,0.135631,0.12694,0.2599804,0.0429288,0.2085478,0.1338514,0.09152,0.239796,0.5564014,0.0679722,0.1553344,0.3850318,0.113052,0.1075122,0.4359816,0.071788,0.1758072,0.153441,0.1392392,0.2024894,0.2392954,0.0543448,0.1722444,0.201447,0.0866498,0.1806164,0.1481847,0.0561364,0.1506626,0.2687674,0.0541278,0.2411868,0.2107164,0.0809072,0.1322102,0.1903946,0.0949562,0.1202672,0.209845,0.058867,0.1246054,0.164157,0.1829484,0.0949844,0.1865492,0.2495347,0.0555592,0.2079048,0.2100968,0.1327402,0.1787902,0.2230924,0.0576338,0.1176204,0.2330848,0.151962,0.2390514,0.4247256,0.2357132,0.0568942,0.1393088,0.3308514,0.0844892,0.140842,0.2403978,0.039637,0.1327734,0.177533,0.0679842,0.1524068,0.2551804,0.068178,0.1144166,0.135025,0.0946862,0.1791168,0.3018182,0.0655744,0.158129,0.1985412,0.1380812,0.174694,0.2022904,0.057082,0.1691358,0.1833866,0.0569746,0.1822166,0.2381522,0.0679278,0.2327388,0.1320266,0.0719286,0.1839904,0.183506,0.2207552,0.1050176,0.1274752,0.1719614,0.0910428,0.1225468,0.3771354,0.0769274,0.1410696,0.1445934,0.0874904,0.1462034,0.5071466,0.0528636,0.2298788,0.2161044,0.0943098,0.2564497,0.2670552,0.0675862,0.134233,0.1871276,0.0395818,0.1774674,0.2540474,0.0637624,0.1494214,0.1642422,0.0817206,0.1958592,0.2463986
0.0702854,0.151447,0.2569892,0.0707426,0.20519,0.2560464,0.0502792,0.13498,0.1939558,0.1316408,0.221691,0.3496954,0.057016,0.1124256,0.2304708,0.0959106,0.1967744,0.1803374,0.054093,0.2277432,0.2012806,0.1051398,0.126825,0.2900522,0.0542314,0.1610062,0.1977694,0.0807214,0.1584488,0.1434634,0.276005,0.0633246,0.1713464,0.232071,0.1583896,0.157824,0.25754,0.0463434,0.1885934,0.168627,0.1075382,0.146125,0.237178,0.0486054,0.1353388,0.14026,0.0895972,0.1686848,0.2863822,0.0603152,0.1332042,0.1543718,0.0739342,0.2717684,0.2102322,0.0494118,0.1311194,0.118651,0.1356712,0.1277794,0.2619256,0.0428498,0.2076536,0.132091,0.0920608,0.2408544,0.561367,0.0675296,0.1546102,0.3835496,0.1138178,0.1065484,0.432968,0.0709598,0.1750518,0.1544396,0.1402318,0.2027662,0.2376574,0.0557602,0.171059,0.1992392,0.0858518,0.180407,0.1473256,0.0610414,0.1500298,0.2663398,0.0537158,0.2422614,0.20939,0.0824328,0.1320244,0.1886974,0.095008,0.1207636,0.2113346,0.0591866,0.126112,0.1626304,0.1887904,0.0939136,0.1849972,0.2491872,0.0551954,0.206065,0.2095526,0.1355004,0.1776664,0.2224328,0.0569304,0.1176014,0.2330078,0.1515132,0.238723,0.4256734,0.237587,0.0568198,0.1391016,0.3291864,0.0881776,0.141005,0.2390108,0.0392716,0.1316278,0.1765256,0.069245,0.1520272,0.25303,0.0687076,0.1144322,0.13523,0.094237,0.1798712,0.299788,0.0651142,0.1592208,0.1992906,0.1380466,0.17648,0.2020826,0.0565702,0.1684484,0.1824334,0.057225,0.1800482,0.2418896,0.069115,0.2333698,0.1304668,0.0703934,0.1834364,0.1840438,0.2194532,0.1056754,0.1274942,0.1709754,0.0905764,0.1237466,0.3815242,0.0773348,0.141548,0.1461682,0.0871342,0.1478306,0.507277,0.0535924,0.230941,0.2152756,0.0940534,0.2546973,0.2666432,0.0681438,0.1331544,0.1868142,0.0396656,0.1763522,0.2588492,0.0644052,0.1481062,0.1644146,0.0814894,0.194297,0.246873
0.0707296,0.1498556,0.2610054,0.0707188,0.2058906,0.254479,0.0507532,0.1370412,0.1940504,0.1309568,0.2200322,0.3509998,0.05702,0.112958,0.2294,0.096993,0.195477,0.1825694,0.0539904,0.2298966,0.2007298,0.1063936,0.1267026,0.2898126,0.0541334,0.160091,0.19696,0.082191,0.1589032,0.1433642,0.2749838,0.062886,0.1723528,0.2350174,0.157746,0.1569456,0.2567258,0.046013,0.1888596,0.1692662,0.1080512,0.1455294,0.2364162,0.0470058,0.1353622,0.139761,0.0907002,0.1673226,0.2850622,0.0603858,0.1344694,0.1560952,0.0735314,0.2716348,0.2105868,0.0497604,0.1306196,0.1174474,0.1361896,0.1275262,0.2622616,0.0432622,0.2079188,0.1328094,0.0927876,0.2418816,0.5638112,0.0683202,0.1552718,0.3799092,0.1147996,0.1087924,0.4342624,0.0714278,0.1751558,0.1544618,0.1396612,0.2029918,0.2361998,0.0570312,0.1694952,0.200141,0.0865948,0.1798312,0.1478614,0.060268,0.147925,0.2647568,0.0541274,0.2404916,0.2123154,0.0827584,0.1322574,0.1875472,0.0952928,0.1205084,0.2104912,0.0580104,0.1263576,0.163505,0.191259,0.09477,0.1855974,0.248971,0.0576976,0.2064176,0.206995,0.1347928,0.1776474,0.2210514,0.0576,0.1167522,0.2335006,0.151202,0.2362856,0.4389584,0.2381422,0.0562822,0.137941,0.3285424,0.0881284,0.1410064,0.2387534,0.0441826,0.1303732,0.1767152,0.0716716,0.1538804,0.2508646,0.0689286,0.1135734,0.1380538,0.0934568,0.1788822,0.302697,0.0662158,0.158138,0.2006482,0.1378822,0.1782762,0.2015404,0.0557784,0.1663212,0.1818256,0.0580332,0.1808214,0.2407756,0.0707644,0.233461,0.1314818,0.069044,0.184094,0.1835652,0.2207324,0.1055132,0.1276348,0.169141,0.0939122,0.1246614,0.3830242,0.0772568,0.1427496,0.1469494,0.0870708,0.14612,0.505952,0.053504,0.2305564,0.2143966,0.0930108,0.2530803,0.2681546,0.0683686,0.132875,0.187627,0.0400618,0.1751644,0.2566668,0.0642406,0.1487628,0.1636836,0.0828264,0.1943142,0.2454252
0.0707514,0.1493134,0.2636908,0.0695096,0.2030958,0.2525886,0.0500128,0.1370502,0.1925576,0.1306892,0.2191836,0.3501348,0.0583102,0.1139768,0.2321804,0.0968018,0.1957162,0.18031,0.053935,0.2326742,0.202859,0.107174,0.1255778,0.2887482,0.0543524,0.1578712,0.1966074,0.0845976,0.1583946,0.1433126,0.273648,0.0634444,0.1726858,0.23607,0.157628,0.157078,0.2567318,0.0491876,0.188849,0.1688708,0.1071926,0.1459054,0.2349088,0.0466194,0.135324,0.140593,0.0912686,0.1643804,0.2855821,0.0606154,0.1339866,0.1556808,0.0731508,0.2716628,0.2138322,0.0501528,0.129615,0.117709,0.1366474,0.1266226,0.2594498,0.043496,0.2064338,0.1348476,0.0931148,0.2407208,0.5604882,0.0688706,0.1551006,0.3798116,0.1165514,0.1089516,0.4296158,0.0715222,0.1734876,0.1542988,0.140885,0.2012752,0.2346114,0.0578976,0.1697402,0.2014606,0.0866674,0.1797658,0.1481108,0.0599158,0.1468596,0.2664504,0.0549476,0.2378178,0.2100412,0.0827216,0.1342234,0.187228,0.095899,0.119074,0.2117594,0.0570592,0.1269416,0.1664106,0.189653,0.0953178,0.1861408,0.2485142,0.058331,0.207899,0.2083972,0.1379702,0.1777274,0.2215172,0.058233,0.1172874,0.234722,0.1507612,0.2362206,0.4421372,0.2387744,0.0560978,0.1365284,0.3321884,0.0881892,0.1391402,0.2408172,0.0449694,0.1312336,0.1756718,0.0731364,0.1529688,0.2532572,0.0688506,0.1131388,0.139016,0.0937812,0.1769576,0.3040626,0.0677664,0.1578224,0.1996386,0.1344324,0.1788204,0.2024398,0.0563738,0.1659916,0.1799788,0.058543,0.1801002,0.24334,0.0729724,0.233332,0.1308628,0.0701758,0.1822884,0.1823798,0.2190998,0.106397,0.1272892,0.1681508,0.0924138,0.1246442,0.383183,0.0780426,0.1432196,0.1457268,0.087734,0.1465116,0.5040474,0.0535896,0.2276096,0.2153128,0.0927326,0.2550072,0.2683072,0.0685422,0.132925,0.1865152,0.0408084,0.17559,0.2613717,0.0651032,0.1481906,0.1607476,0.082224,0.1964912,0.2428346
0.0705092,0.1497504,0.2661512,0.070581,0.2032416,0.2502452,0.0509354,0.1387916,0.1940232,0.1335016,0.2204724,0.348956,0.0582662,0.1138896,0.2293624,0.0959122,0.1948852,0.1797024,0.0535286,0.2341284,0.2006738,0.107987,0.1246718,0.290267,0.054188,0.156594,0.1951668,0.085685,0.16164,0.1420738,0.2757424,0.064185,0.171706,0.2342694,0.1575768,0.1581926,0.2561316,0.0482558,0.189573,0.1691406,0.106042,0.1447652,0.234715,0.0456798,0.1346538,0.1408556,0.0912778,0.1648352,0.2818587,0.0614142,0.1351454,0.1566916,0.0725668,0.2720102,0.2138256,0.0508482,0.1294378,0.1184128,0.1355428,0.1284524,0.2579758,0.0435876,0.2055422,0.1343184,0.096418,0.2413716,0.5605482,0.0724214,0.1550088,0.3787572,0.1175528,0.1101178,0.430685,0.0712408,0.17241,0.1528044,0.1414572,0.2021768,0.2343562,0.0585042,0.1696846,0.2046576,0.088937,0.1814552,0.1486764,0.0606986,0.147742,0.2631774,0.0545874,0.2373594,0.2100348,0.0829208,0.133206,0.1873356,0.0964322,0.1173564,0.2104132,0.057811,0.1268124,0.16659,0.1878846,0.0965174,0.1857098,0.247478,0.0589796,0.208864,0.206699,0.1375574,0.1781814,0.2212808,0.0585658,0.1171702,0.233076,0.1516518,0.2353702,0.452135,0.238347,0.0552044,0.1359106,0.3317106,0.0880642,0.1389006,0.23986,0.0450304,0.131036,0.1754766,0.0745636,0.151352,0.2523556,0.0682764,0.1132568,0.1396458,0.0933342,0.1775516,0.3062445,0.0679346,0.1592158,0.1983402,0.1359442,0.1823004,0.1993712,0.0562404,0.1656,0.17765,0.061175,0.182034,0.2431064,0.0734818,0.233178,0.1311624,0.0713968,0.1827634,0.1830332,0.2196132,0.1069312,0.1271382,0.1669282,0.0912112,0.1242464,0.3811172,0.0761914,0.1440132,0.1453018,0.0881938,0.1465392,0.5009342,0.0526584,0.2290452,0.215341,0.091655,0.2524644,0.2697986,0.0691386,0.1325082,0.1878352,0.0420828,0.1752806,0.2615055,0.0650664,0.1488458,0.1621026,0.0823196,0.195252,0.2469254
0.0711816,0.153162,0.2680206,0.0701754,0.2023854,0.2502294,0.0511576,0.140748,0.1943178,0.1338504,0.2195116,0.35055,0.0585608,0.114299,0.2271132,0.0952168,0.1935758,0.1789388,0.0533346,0.230465,0.200415,0.1102052,0.123522,0.2906656,0.0538102,0.1573712,0.192776,0.0868456,0.1618098,0.143138,0.274046,0.0652766,0.1747282,0.2334804,0.1560498,0.1591504,0.2574762,0.0477296,0.187601,0.1673238,0.105752,0.1442882,0.2357508,0.0463182,0.1336306,0.1407006,0.091707,0.1681826,0.2822416,0.0606392,0.1348568,0.1574522,0.073575,0.2720144,0.2169788,0.0505362,0.1278616,0.1173816,0.1341174,0.128301,0.2557008,0.043912,0.2058842,0.1322254,0.0977808,0.2392974,0.5657654,0.0733942,0.1538354,0.378871,0.1165148,0.109068,0.4283098,0.0735252,0.1713874,0.1520912,0.1447736,0.2012044,0.2354972,0.0591812,0.1699012,0.2053938,0.0905312,0.1806752,0.1467346,0.0613598,0.147206,0.2622798,0.0538794,0.2368636,0.211229,0.0828134,0.1360922,0.1883512,0.0959804,0.1186104,0.2101214,0.0578972,0.1255502,0.1659758,0.185536,0.096811,0.1864426,0.2447654,0.05852,0.2096862,0.2063376,0.13853,0.1767228,0.2221586,0.0576322,0.1180366,0.233962,0.1524558,0.234249,0.456435,0.239162,0.0553506,0.1350778,0.329174,0.0882138,0.1364842,0.238173,0.0442224,0.1308618,0.1756256,0.075505,0.1488152,0.2492836,0.0675632,0.1128796,0.1404258,0.093527,0.177021,0.3037683,0.0682442,0.1599252,0.1971642,0.1361614,0.181384,0.1990702,0.0560666,0.1676872,0.1784302,0.0613692,0.1824252,0.2401638,0.0749216,0.2360674,0.1309004,0.0714062,0.1823544,0.1838038,0.2197364,0.1078116,0.1274728,0.1688522,0.0909234,0.1253294,0.3790232,0.0762926,0.1442018,0.1449756,0.0886144,0.1468084,0.5012838,0.054297,0.2285274,0.2137934,0.0917126,0.2524212,0.2692254,0.0694602,0.1324066,0.1884948,0.0423578,0.1752378,0.2576988,0.0652466,0.1485692,0.1621686,0.0842622,0.196787,0.2486978
0.0722768,0.155426,0.2702256,0.069218,0.2015786,0.2496854,0.0517902,0.1419104,0.1919374,0.1339944,0.2184148,0.3476588,0.0588296,0.1141906,0.2273218,0.0944568,0.1930092,0.1794988,0.0538788,0.2296906,0.20139,0.1105528,0.125792,0.2898472,0.054556,0.1559896,0.1909572,0.089714,0.1622016,0.1408738,0.2744438,0.065394,0.1750928,0.2357218,0.155281,0.1585558,0.2556276,0.0483584,0.1885168,0.1657904,0.1059818,0.143947,0.2366982,0.0475994,0.135826,0.1395976,0.0926248,0.1680906,0.2820546,0.0597758,0.1344864,0.1571554,0.0729188,0.2728488,0.2177834,0.0540398,0.1307262,0.1166046,0.134957,0.1270894,0.2569658,0.043935,0.2054612,0.1331088,0.0970626,0.2377168,0.5649972,0.0758582,0.1512386,0.3800838,0.1169416,0.108517,0.4275654,0.0723742,0.1724874,0.1512364,0.1506434,0.2023292,0.2349152,0.0583622,0.1722124,0.2053962,0.0908514,0.1805888,0.1456854,0.061867,0.1476918,0.2620984,0.0541986,0.2377906,0.2119834,0.082626,0.1375022,0.1872826,0.095732,0.1183464,0.2122994,0.058488,0.1241302,0.164897,0.1843844,0.0970832,0.1854344,0.2448338,0.0590438,0.207162,0.2074686,0.134897,0.1781892,0.2193356,0.0577234,0.1179902,0.2348004,0.1512672,0.235632,0.4573918,0.236093,0.05613,0.135243,0.3280404,0.0877594,0.1349908,0.2377636,0.0445032,0.1324212,0.175712,0.0761962,0.146721,0.2456052,0.0684654,0.1148224,0.1403192,0.0949054,0.1788858,0.3023437,0.068726,0.1592044,0.198668,0.135105,0.180155,0.198569,0.055777,0.1663598,0.177093,0.061696,0.1818206,0.2388194,0.0759934,0.2370648,0.1316348,0.0727904,0.1823636,0.1850878,0.2193264,0.1090722,0.1268666,0.1727744,0.0914256,0.1261488,0.3863444,0.076246,0.1426564,0.142124,0.0893738,0.1480838,0.5023392,0.053707,0.2301382,0.212365,0.0911388,0.2501716,0.268248,0.069839,0.1321404,0.1884306,0.043117,0.1771134,0.2591784,0.0662344,0.1503816,0.1632308,0.0849146,0.195672,0.2473986
0.0715804,0.1554354,0.2705434,0.0691104,0.2009624,0.2469792,0.0517108,0.1404096,0.1903882,0.1346786,0.2196538,0.3447066,0.058469,0.1131246,0.2280042,0.0949548,0.192152,0.1814882,0.0549498,0.2310524,0.1998096,0.1126036,0.1261372,0.2896914,0.054354,0.1566442,0.1949312,0.0906828,0.1638562,0.139318,0.2756012,0.065786,0.1736894,0.2331006,0.156441,0.1560788,0.2552548,0.0493528,0.1894434,0.1653694,0.1061326,0.1454818,0.235869,0.0476648,0.1360542,0.140845,0.0945526,0.1677388,0.2842256,0.0601996,0.135467,0.1564872,0.073199,0.271123,0.2170728,0.0539784,0.1314618,0.1172398,0.1351666,0.1250042,0.2574814,0.045078,0.205966,0.1346296,0.0974572,0.2380654,0.5676812,0.0775224,0.1523114,0.3783474,0.1190262,0.1073192,0.4270884,0.0726068,0.1728368,0.1510642,0.151386,0.2046728,0.234316,0.057071,0.1741858,0.2066324,0.0918712,0.1815728,0.1428816,0.0612106,0.1461364,0.2644848,0.0545116,0.2391162,0.2119144,0.0828316,0.1382428,0.1889884,0.0950948,0.1187156,0.2113232,0.0583116,0.1238802,0.1638578,0.1836172,0.0970492,0.1860068,0.24264,0.0587301,0.2066906,0.2052168,0.136599,0.1762922,0.2205082,0.0575574,0.1164652,0.233958,0.1501708,0.2351504,0.4654938,0.237239,0.0557,0.13607,0.3276396,0.0878098,0.1344636,0.2350072,0.0447006,0.1329872,0.1762966,0.0762016,0.1454088,0.2443042,0.0674016,0.1134556,0.1445474,0.094105,0.1793394,0.303022,0.0692224,0.1587896,0.1995334,0.136396,0.179538,0.1968036,0.0570456,0.1679562,0.1753964,0.0614686,0.1812472,0.2375402,0.077931,0.237013,0.1302692,0.073315,0.1804956,0.183606,0.2183468,0.1091032,0.1266434,0.1720456,0.0916068,0.1257744,0.3831638,0.0759702,0.143488,0.1411722,0.0892956,0.1483084,0.5012492,0.0537904,0.227838,0.2125242,0.0912668,0.249682,0.2672266,0.0706116,0.1328598,0.1858006,0.0427886,0.1757602,0.2614192,0.0666044,0.1490462,0.1651704,0.0840576,0.1938854,0.2458466
0.0725344,0.1547282,0.26872,0.0699412,0.20094,0.2451998,0.0516816,0.1406464,0.189314,0.134321,0.2163784,0.3481404,0.059317,0.1121872,0.2278712,0.0943092,0.1918018,0.1805694,0.0564878,0.2351794,0.1999098,0.1136674,0.1258634,0.2865536,0.0542374,0.1563046,0.1956324,0.0924532,0.166164,0.1388776,0.2724092,0.0666316,0.1731106,0.2338156,0.1575712,0.1551542,0.2568256,0.0497682,0.1903454,0.1635818,0.1062892,0.1435824,0.2353602,0.0470962,0.1356784,0.1413548,0.0963384,0.1657104,0.282877,0.0601744,0.1346316,0.1554424,0.0746054,0.2717072,0.2193464,0.0538124,0.1323612,0.1177432,0.1328728,0.1259764,0.2577,0.0455466,0.205474,0.1349758,0.0980082,0.2388336,0.5653108,0.0791104,0.1502278,0.376356,0.1174054,0.107827,0.4273408,0.0720802,0.1730442,0.149867,0.1515116,0.2046404,0.2332024,0.057448,0.1740414,0.2095044,0.0957876,0.1806294,0.1474402,0.0621646,0.1457904,0.2617678,0.0547576,0.238918,0.2126006,0.0825684,0.139711,0.1901072,0.0953534,0.11911,0.2112244,0.0587706,0.124152,0.1655854,0.183538,0.0966014,0.1880878,0.2439064,0.0599248,0.208063,0.206977,0.137475,0.1774242,0.2208436,0.0572536,0.1164196,0.2346762,0.1476462,0.2337062,0.46406,0.2362998,0.0556446,0.134238,0.3272276,0.0875202,0.1344378,0.2346306,0.0451308,0.1329928,0.1730494,0.0762558,0.1448064,0.2430834,0.0682268,0.1140854,0.145638,0.0942892,0.179377,0.3037227,0.0710734,0.1569226,0.198896,0.1376426,0.1780798,0.1988756,0.0572244,0.1686348,0.1761474,0.0632688,0.1822866,0.2404324,0.0777382,0.236024,0.130088,0.0720278,0.1806664,0.1833326,0.2191738,0.1097194,0.12683,0.1712338,0.0915156,0.123455,0.3837334,0.0753286,0.1429548,0.1447582,0.0890366,0.1480712,0.5042556,0.0585102,0.2307502,0.2127428,0.091967,0.250017,0.2657928,0.0709198,0.1320246,0.1857842,0.0434346,0.1760672,0.2619462,0.0677518,0.1496426,0.1654788,0.0837172,0.1922382,0.2476624
0.0737238,0.1550608,0.2723642,0.0739222,0.2004084,0.2416254,0.0516218,0.1414004,0.1928508,0.1346398,0.2153316,0.3467426,0.0600544,0.113033,0.2284094,0.0949306,0.1918038,0.1799546,0.0567466,0.2321364,0.1973262,0.1148112,0.1260546,0.2840908,0.0539196,0.1562612,0.1953496,0.094894,0.1664582,0.1413518,0.2717064,0.0664068,0.172223,0.2309142,0.1589224,0.1538834,0.2566992,0.0495126,0.1899374,0.16223,0.1065008,0.1430288,0.2349784,0.0456186,0.1377706,0.1422018,0.0972226,0.1658438,0.2833088,0.0606308,0.1356614,0.1538186,0.0750918,0.2698368,0.2176874,0.0542284,0.1315028,0.11757,0.131903,0.1273432,0.2595132,0.0454236,0.206231,0.1357526,0.0978438,0.2369054,0.5607132,0.0808586,0.1491094,0.377972,0.1176338,0.107579,0.430585,0.0712498,0.171671,0.1503326,0.1521534,0.203508,0.234195,0.05735,0.1748368,0.2116818,0.0974596,0.1809228,0.148014,0.0622274,0.1454416,0.2589126,0.055623,0.2378314,0.2174228,0.0849016,0.1404472,0.191453,0.0962158,0.1193148,0.2087512,0.0587262,0.123109,0.165991,0.1843966,0.0964598,0.1890294,0.2422842,0.0596596,0.2097054,0.2064094,0.1383934,0.1758188,0.2184968,0.0568248,0.116285,0.2339626,0.1479112,0.2333504,0.468168,0.2386406,0.0557384,0.1347014,0.3290238,0.0872468,0.1336876,0.2346516,0.045201,0.132335,0.1727588,0.0770912,0.1457188,0.244684,0.0685778,0.1144142,0.1446076,0.0945272,0.1795254,0.3058101,0.0720574,0.1579962,0.1978534,0.138867,0.1749432,0.2009298,0.0569914,0.1683554,0.1755734,0.0633432,0.18196,0.2396746,0.0781532,0.234181,0.1303986,0.073107,0.1816062,0.1802372,0.2198078,0.1110532,0.1262586,0.1738178,0.0906062,0.1242368,0.3834604,0.0745572,0.1429822,0.1443328,0.0891682,0.147406,0.4999894,0.0604698,0.2293798,0.2120224,0.0916976,0.2514706,0.2655692,0.0702998,0.1306164,0.184103,0.045196,0.1786002,0.2644716,0.0677344,0.149014,0.1657806,0.083268,0.1909066,0.2488466
0.0732866,0.153478,0.2718996,0.073513,0.2001238,0.2408816,0.051978,0.1406126,0.1943574,0.134675,0.2137824,0.347449,0.06126,0.1133996,0.2295968,0.0945488,0.1910108,0.1802456,0.055952,0.2326616,0.1965474,0.1167084,0.1257112,0.2833606,0.0533696,0.1544468,0.1926898,0.0968612,0.1673036,0.141116,0.2705044,0.067939,0.1718204,0.2292228,0.1585126,0.1536646,0.2533218,0.0497922,0.1910338,0.163327,0.1066708,0.1431428,0.2333782,0.046915,0.1367448,0.1429784,0.0974644,0.165829,0.284278,0.0585514,0.134839,0.1514572,0.0753058,0.2713466,0.2151854,0.0543298,0.1329312,0.1183968,0.131345,0.1273136,0.2577186,0.045649,0.207678,0.1350808,0.0967446,0.2363728,0.5649694,0.0839358,0.1492838,0.3826648,0.117037,0.10767,0.4324546,0.0708782,0.1722136,0.1504574,0.153695,0.204354,0.2341176,0.0578228,0.1730386,0.209973,0.0980012,0.1827106,0.1516506,0.0620566,0.1455816,0.2603018,0.0583696,0.2371294,0.217871,0.0845076,0.141007,0.188947,0.0962272,0.1187656,0.2100326,0.0592014,0.1223014,0.167056,0.1839676,0.096314,0.1904208,0.2430428,0.0588582,0.2104314,0.2071922,0.1425538,0.1765482,0.2192284,0.0570268,0.1159894,0.2317732,0.1481526,0.235115,0.4696284,0.2389628,0.0561904,0.1343382,0.3259272,0.0865736,0.1330278,0.2315698,0.0450752,0.1325682,0.1744838,0.0788006,0.146024,0.2433424,0.0691236,0.115077,0.1456044,0.0944722,0.1774248,0.3087805,0.0749538,0.1599232,0.1976604,0.135885,0.1734584,0.203076,0.0569042,0.1686722,0.1769454,0.0631366,0.1825032,0.2398784,0.079812,0.2325846,0.1298824,0.074438,0.1819926,0.1785352,0.2196814,0.110672,0.1253392,0.1733872,0.0908846,0.1238952,0.379753,0.0739784,0.1435374,0.1442376,0.0883134,0.147797,0.5014858,0.060697,0.2281356,0.210706,0.0903132,0.2531228,0.2645088,0.0708644,0.1305446,0.1854976,0.0443728,0.177118,0.2664754,0.0688704,0.1486634,0.1664152,0.0838482,0.190844,0.2454382
0.0742424,0.1565232,0.2708806,0.073847,0.2011318,0.2396016,0.0513106,0.142342,0.1950664,0.1338724,0.214084,0.3485634,0.0620558,0.1138976,0.2298144,0.0946766,0.1896684,0.1795742,0.0553862,0.23184,0.1954006,0.1161968,0.1248752,0.283903,0.052766,0.154258,0.1932792,0.0985736,0.1673088,0.1417456,0.2692692,0.0697996,0.1721836,0.2294102,0.158196,0.1536832,0.2543072,0.0506222,0.1909814,0.1643534,0.1066018,0.141487,0.2340442,0.0472654,0.1356866,0.1413122,0.0993344,0.1647932,0.2847014,0.0621364,0.13427,0.1517306,0.0747068,0.2692106,0.216671,0.0540252,0.131051,0.117591,0.1321204,0.1257238,0.2585294,0.046472,0.207588,0.1352592,0.0961114,0.2346838,0.5605912,0.0859956,0.1508928,0.3802066,0.1163208,0.1092546,0.4342242,0.0717642,0.1708626,0.150049,0.154652,0.20224,0.2310098,0.0581288,0.1732792,0.2080142,0.0987508,0.1816486,0.1507168,0.0620822,0.144896,0.260171,0.058869,0.236908,0.2199838,0.0849034,0.1429332,0.1876036,0.0959642,0.118395,0.2101702,0.0591772,0.1227216,0.167453,0.1831,0.0962792,0.1910336,0.2427964,0.0586654,0.209931,0.2090638,0.1432626,0.176389,0.2197086,0.0571506,0.1162932,0.233276,0.1478084,0.2366786,0.4654514,0.237864,0.05646,0.132526,0.3277138,0.0867536,0.13466,0.2302838,0.0454262,0.1310666,0.1761474,0.080856,0.146954,0.2453074,0.068932,0.1143012,0.145527,0.0934992,0.1745506,0.3096494,0.075501,0.1573826,0.19649,0.1363904,0.1742284,0.203149,0.0571582,0.1690088,0.1760736,0.0636506,0.1811592,0.2398728,0.0813012,0.2334834,0.1315574,0.0747816,0.1827574,0.1802482,0.2217798,0.1101214,0.1252756,0.1720308,0.0899088,0.1235726,0.3803598,0.0734796,0.1435644,0.144492,0.0893624,0.1471664,0.5018864,0.0604964,0.2274052,0.2107248,0.0909486,0.2545238,0.2616206,0.0709136,0.1315104,0.1863786,0.0449508,0.1773352,0.2681444,0.0695996,0.1484016,0.1649846,0.0848866,0.1919634,0.2468476
0.0747906,0.1577612,0.26894,0.075597,0.2000962,0.2398576,0.052905,0.1421114,0.1952846,0.134175,0.2138722,0.344028,0.0624702,0.1145174,0.2294062,0.0939198,0.1898166,0.1792418,0.0561654,0.2319822,0.194705,0.1157628,0.1231474,0.282064,0.0531712,0.1546362,0.1924708,0.1013882,0.1674176,0.1417634,0.2715318,0.0704566,0.1718542,0.2307428,0.1588532,0.1543312,0.2607824,0.0512398,0.1919066,0.164055,0.1090798,0.1408592,0.2347984,0.0478932,0.136047,0.142029,0.1000014,0.1643686,0.2866838,0.0625444,0.1360996,0.1523868,0.0739776,0.269591,0.2168168,0.0546586,0.1303838,0.1177024,0.1310176,0.1266268,0.259648,0.0470444,0.2064508,0.1354918,0.0972126,0.237815,0.5613494,0.0885462,0.1513016,0.3772688,0.1176152,0.1094262,0.438782,0.0731218,0.1708546,0.1515212,0.1566282,0.2045922,0.2303956,0.0589218,0.1733914,0.2117918,0.1002426,0.1793204,0.1521338,0.0613038,0.14569,0.2608832,0.0585264,0.236936,0.2219606,0.0860474,0.1427088,0.1868212,0.0936876,0.1194904,0.20956,0.05996,0.1227952,0.1672098,0.185201,0.0962184,0.1887682,0.243278,0.0615246,0.209925,0.20971,0.1434814,0.1749372,0.2233262,0.0564384,0.1166116,0.2315134,0.147287,0.2352236,0.4658752,0.2389924,0.0578656,0.1336356,0.3289664,0.0863994,0.1329354,0.2313816,0.046453,0.1318918,0.17604,0.0820924,0.146475,0.245941,0.068629,0.115526,0.1471264,0.0939186,0.175075,0.3108704,0.076402,0.157283,0.199494,0.1396354,0.1745518,0.2037722,0.0575342,0.1685906,0.1743586,0.0638932,0.1801506,0.2418968,0.0820758,0.2313738,0.1335474,0.0754186,0.1839142,0.1807766,0.223149,0.111048,0.1254876,0.171138,0.0899166,0.123043,0.3832456,0.0725778,0.1436866,0.1423136,0.089115,0.1467028,0.5049216,0.0604966,0.2309694,0.2109112,0.0915088,0.2538176,0.2606744,0.071378,0.1306338,0.1852262,0.04554,0.1768022,0.2694862,0.0698198,0.1486294,0.1649874,0.0850382,0.1923502,0.2502568
0.074716,0.1572436,0.2717842,0.0757562,0.200263,0.240571,0.0557426,0.1434764,0.1922412,0.1352824,0.213654,0.3466064,0.0624648,0.113091,0.2308914,0.0943774,0.1895924,0.1771717,0.0574666,0.2306048,0.193689,0.116107,0.1232314,0.2807504,0.0530456,0.1527476,0.189709,0.1020158,0.1671912,0.142974,0.2687208,0.0708214,0.1708506,0.228,0.1581222,0.1560852,0.2617726,0.050914,0.193301,0.1646706,0.1088528,0.1391778,0.2323306,0.0479384,0.1360158,0.142872,0.1002406,0.1669074,0.2885728,0.062098,0.1347974,0.1511356,0.0731986,0.2716276,0.2149116,0.05606,0.1282598,0.1175108,0.1303268,0.1274032,0.2647274,0.0470824,0.2046892,0.1346788,0.0959964,0.2387906,0.5642016,0.0901922,0.1510172,0.3799484,0.1183806,0.109526,0.4354204,0.0725552,0.1698498,0.1512574,0.1574678,0.2036756,0.2266442,0.0589484,0.174547,0.2122746,0.1023988,0.17741,0.1539918,0.0613466,0.1439328,0.2642344,0.0585734,0.2350404,0.2221006,0.0866222,0.1440762,0.1837874,0.0927982,0.1234116,0.2080492,0.0607888,0.1219548,0.168221,0.1863336,0.0957184,0.1908692,0.2442574,0.0612686,0.2110164,0.2086993,0.146963,0.1737264,0.2241204,0.056148,0.1175776,0.23102,0.1472956,0.2351196,0.4631936,0.237938,0.0578974,0.1360128,0.3283232,0.0854756,0.1317574,0.2306966,0.0465668,0.1321582,0.1734478,0.08452,0.1465076,0.2445434,0.0697614,0.1152592,0.1471814,0.0938292,0.174958,0.3118469,0.0760606,0.155878,0.2020104,0.1411048,0.1726488,0.2042453,0.0572362,0.1678104,0.1732378,0.063571,0.1792446,0.2400672,0.0828134,0.229842,0.1337534,0.0742824,0.1829098,0.1804162,0.2263098,0.110745,0.1242812,0.170321,0.0906784,0.1225776,0.380605,0.0722664,0.1434588,0.142232,0.0885646,0.1468304,0.500378,0.0618486,0.2319454,0.2107908,0.091913,0.2528176,0.26128,0.0722222,0.1298034,0.1844664,0.0444768,0.1772944,0.2661588,0.0704656,0.149603,0.16539,0.0842572,0.1903206,0.2500364
0.0742104,0.1590592,0.2776444,0.0759588,0.2013916,0.2420564,0.0566598,0.1438748,0.19077,0.134666,0.2139814,0.3497274,0.0631246,0.112815,0.2289904,0.0938128,0.1897494,0.1760189,0.055972,0.230318,0.192458,0.116437,0.1225808,0.2802662,0.0517944,0.1534488,0.1885914,0.1038998,0.1673496,0.1466186,0.2666076,0.0700046,0.1699712,0.2280164,0.1579518,0.155474,0.2594594,0.0511018,0.1925344,0.1645222,0.1092732,0.140818,0.2303738,0.0487966,0.1347058,0.1421198,0.1007304,0.1678736,0.2897952,0.062297,0.1358352,0.1491936,0.0738826,0.270823,0.2152784,0.0561658,0.1283734,0.1178148,0.1299166,0.127074,0.2703906,0.0468214,0.2033512,0.134101,0.0969878,0.2389188,0.5579914,0.0918894,0.150648,0.3803414,0.1169168,0.109756,0.432774,0.0735536,0.1697486,0.1498732,0.1584186,0.2073336,0.2271152,0.059261,0.1746884,0.213334,0.1010252,0.1769638,0.1541566,0.0612412,0.1419858,0.2616192,0.0592734,0.2332304,0.2225614,0.0879666,0.1427122,0.182498,0.0927934,0.1233486,0.2064686,0.0621046,0.1227594,0.1658978,0.1878562,0.0950058,0.1897324,0.2414266,0.0614418,0.2109998,0.2101573,0.1502188,0.1732832,0.2266206,0.0568048,0.1167124,0.232235,0.149248,0.2351594,0.4618483,0.2366634,0.0576266,0.1353436,0.3318648,0.0863474,0.1315704,0.2304272,0.047088,0.1307904,0.1708262,0.0860958,0.1486442,0.2455574,0.070203,0.1160152,0.1463686,0.0935362,0.174608,0.3105996,0.075608,0.156234,0.2023872,0.1408138,0.1743348,0.2044933,0.0569756,0.1659804,0.1742562,0.0643384,0.1788214,0.2388098,0.0815416,0.2306768,0.132834,0.0745634,0.182188,0.1802296,0.2264608,0.1113684,0.12323,0.170099,0.0899896,0.1230558,0.3782692,0.0720318,0.1435782,0.1430654,0.088611,0.1459348,0.5053556,0.0623284,0.2297644,0.2080278,0.092604,0.2539814,0.2592052,0.0717094,0.129596,0.1862364,0.04469,0.1764378,0.2633152,0.0706476,0.1477912,0.1663026,0.085831,0.1906732,0.2452782
0.0737608,0.1606422,0.2750804,0.0761478,0.2026406,0.2421414,0.0574896,0.1450852,0.1916014,0.1359354,0.213893,0.352765,0.0636144,0.1133242,0.229185,0.095908,0.1884192,0.1758183,0.0567964,0.2310908,0.1930128,0.1183904,0.122209,0.2800504,0.0514476,0.1530542,0.1856638,0.1043868,0.1658126,0.145038,0.2625362,0.0705182,0.1691752,0.2273304,0.1589686,0.155453,0.2593796,0.0501442,0.1941886,0.1638246,0.1082528,0.1423714,0.2302352,0.0496568,0.1341412,0.1429412,0.1030228,0.1685316,0.2874238,0.0624038,0.1350168,0.147957,0.0735436,0.2702808,0.2120846,0.0565408,0.126797,0.1160272,0.129536,0.1263522,0.271038,0.0469608,0.202311,0.134497,0.096098,0.2373434,0.5659772,0.0934958,0.1512762,0.3786558,0.1176158,0.1096724,0.4358234,0.0736012,0.1691516,0.1495722,0.1593006,0.2074492,0.2258306,0.0585016,0.177489,0.213807,0.102168,0.1760258,0.1573138,0.061641,0.1412632,0.2664352,0.0593982,0.2313458,0.2249956,0.0888508,0.1418546,0.1806854,0.0936214,0.1233884,0.2065198,0.0620226,0.1226508,0.1653186,0.1873414,0.0938178,0.1900472,0.2407574,0.0624484,0.2112594,0.2093525,0.1507,0.172494,0.2252242,0.0565932,0.1162918,0.2290844,0.1508334,0.2325768,0.4659591,0.2350518,0.0581618,0.1349944,0.3324302,0.0853328,0.1302016,0.2301708,0.0467398,0.1310332,0.1712472,0.086473,0.1490052,0.2443492,0.0701706,0.118122,0.1455562,0.0940194,0.1737156,0.3112568,0.0769148,0.15696,0.200925,0.1390884,0.1737756,0.2040733,0.0568324,0.1672768,0.1694806,0.064313,0.1767034,0.2394258,0.0810896,0.228491,0.133684,0.0746524,0.1822468,0.1796322,0.2287006,0.111945,0.1241428,0.1703092,0.0895946,0.121613,0.3842256,0.072278,0.143333,0.1424172,0.0884582,0.1444414,0.5035482,0.0618992,0.2303076,0.2057406,0.093916,0.2531464,0.2574662,0.070663,0.1286628,0.1863574,0.0447088,0.1739452,0.261861,0.071433,0.1465234,0.1643104,0.0859832,0.1904812,0.248539
0.0732816,0.1618234,0.2698426,0.0777686,0.2042454,0.2419056,0.0571702,0.144896,0.1922992,0.136713,0.2132682,0.3543182,0.0638538,0.1130528,0.2311768,0.0966818,0.1882374,0.1757841,0.0555914,0.2309076,0.1925366,0.1178302,0.1227578,0.2804092,0.0515578,0.1528292,0.1850752,0.1049576,0.1632676,0.1464198,0.2622538,0.0711144,0.1709494,0.2272564,0.1591772,0.1551622,0.2598944,0.0509502,0.1938948,0.1623416,0.1072328,0.14334,0.2277474,0.0496248,0.1340056,0.1431606,0.1046,0.1674352,0.2859538,0.0640456,0.1362772,0.1475724,0.073862,0.2698478,0.2113906,0.0563534,0.1272738,0.1164396,0.1289702,0.12562,0.274624,0.0472292,0.2022092,0.1346278,0.0957172,0.2360332,0.558996,0.0947602,0.1509254,0.3832036,0.1172144,0.109689,0.4306376,0.0735792,0.1691576,0.1486262,0.1577772,0.2069736,0.22541,0.059786,0.175873,0.2157452,0.1020382,0.173972,0.157604,0.0629698,0.1412768,0.265714,0.0598876,0.2319004,0.2259644,0.0894114,0.1427952,0.1814682,0.0935448,0.124367,0.2045246,0.061203,0.1237838,0.168354,0.1869102,0.094232,0.1890572,0.238531,0.0629234,0.2103404,0.2088779,0.148979,0.1730224,0.227058,0.0607192,0.1156562,0.2272836,0.1516144,0.232517,0.4610691,0.233941,0.0583568,0.1339674,0.331874,0.0854758,0.1295674,0.2308184,0.0470756,0.1305716,0.1699144,0.0872728,0.1495966,0.2461682,0.070072,0.1181044,0.14382,0.0931674,0.1734492,0.3096508,0.0778704,0.1573814,0.1998536,0.1383516,0.1732602,0.2040305,0.0557256,0.1667268,0.1691286,0.0640326,0.1760674,0.242079,0.0803716,0.2273808,0.132369,0.0744216,0.180439,0.1827518,0.2267322,0.111597,0.1246612,0.1707272,0.0900338,0.1201048,0.383572,0.0720886,0.1450122,0.143741,0.0893608,0.1448604,0.5026332,0.0629968,0.2298548,0.206765,0.0933332,0.2543384,0.2586032,0.0705742,0.1287212,0.187987,0.0443468,0.1733636,0.2604216,0.072266,0.1452906,0.1647472,0.0872802,0.1904842,0.250032
0.0731602,0.1617584,0.2717672,0.0775736,0.2037086,0.2434726,0.057939,0.1458856,0.1910314,0.1367944,0.2124628,0.3557982,0.0650108,0.1130114,0.2318106,0.095649,0.1884196,0.1779117,0.0571128,0.2300584,0.1923906,0.1193338,0.1227356,0.2806846,0.051809,0.1517408,0.1841882,0.105258,0.1623712,0.1503324,0.2622504,0.0713898,0.1699464,0.2286138,0.160685,0.1527532,0.2561414,0.0498728,0.1952328,0.1612756,0.1076786,0.1437908,0.2279392,0.0485774,0.133914,0.1420404,0.1057872,0.1675924,0.2865184,0.0642582,0.1365444,0.1474936,0.0737032,0.2685546,0.2097754,0.056846,0.1270878,0.117661,0.1275126,0.1258358,0.2767938,0.047033,0.2018604,0.1345374,0.094897,0.2333388,0.5584808,0.0970708,0.1504052,0.3877398,0.1164216,0.111057,0.4293824,0.0729304,0.1698646,0.1512686,0.159501,0.2062534,0.22326,0.0598602,0.1748404,0.215198,0.1033436,0.1735366,0.1590306,0.0630076,0.1414752,0.2652398,0.0602128,0.2290462,0.2252304,0.0911186,0.1424446,0.1794684,0.093979,0.1244892,0.2032486,0.0616104,0.1234144,0.1671284,0.1869624,0.097158,0.1908668,0.2372926,0.0623124,0.2111788,0.2082863,0.1538966,0.1725436,0.2263396,0.0605338,0.1153588,0.22778,0.1499944,0.2306712,0.4654811,0.2322502,0.0589098,0.1350936,0.3334074,0.085619,0.1293056,0.2311898,0.0473918,0.1314676,0.171105,0.0877956,0.1483746,0.2449306,0.069869,0.1179586,0.1453198,0.0941398,0.1727562,0.3091144,0.0776246,0.1574374,0.1998058,0.139579,0.1741462,0.2042011,0.0556824,0.165852,0.169176,0.0639938,0.17451,0.2396982,0.083218,0.2253312,0.1319762,0.075042,0.1804902,0.1783148,0.2290648,0.112297,0.1244864,0.1701782,0.0905012,0.1194348,0.3829444,0.0728246,0.1454212,0.1436856,0.0900506,0.1447472,0.5041136,0.0639026,0.2293546,0.2076744,0.0923754,0.2537598,0.2592628,0.070665,0.1281532,0.1869742,0.0442236,0.17322,0.2592588,0.073521,0.1472024,0.1622144,0.0863748,0.1916466,0.2474366
0.0735702,0.1599532,0.2734556,0.0770724,0.2040892,0.242145,0.0595354,0.146543,0.1899,0.135047,0.2098014,0.3568678,0.0655024,0.1130508,0.2314576,0.0949896,0.187393,0.1766115,0.0576642,0.2296564,0.1918656,0.1207036,0.12321,0.281737,0.0525674,0.1508846,0.1836416,0.1054842,0.1622376,0.1507992,0.2643984,0.070726,0.1676264,0.229435,0.1618694,0.1523278,0.2537958,0.0504722,0.1941596,0.1599454,0.1071498,0.1440072,0.226849,0.0488928,0.1344298,0.1419128,0.1074922,0.1664482,0.2873438,0.0645338,0.1369754,0.1475154,0.0733912,0.2690264,0.2090622,0.0578486,0.1260416,0.1191332,0.1256788,0.1251042,0.2764522,0.0461448,0.2000732,0.13536,0.0957918,0.233373,0.5587152,0.0989952,0.151751,0.3906028,0.117763,0.1109758,0.4346474,0.0733348,0.1698008,0.1507643,0.159453,0.2036614,0.2216272,0.0601844,0.1761724,0.2143368,0.1040926,0.172587,0.1600502,0.062419,0.143802,0.2642838,0.0599096,0.2292558,0.2258328,0.0916694,0.1442808,0.1812306,0.0943256,0.124342,0.2023592,0.0604154,0.1250514,0.167666,0.187831,0.0970152,0.1898948,0.237281,0.062335,0.2102234,0.2077133,0.1521178,0.1737508,0.2264984,0.0602232,0.1147568,0.228776,0.1491916,0.2339146,0.4650385,0.2316834,0.059102,0.1360634,0.3314126,0.0856196,0.1286536,0.2297496,0.0475968,0.1311994,0.1694992,0.0869564,0.147256,0.2412432,0.0699704,0.1183046,0.1472294,0.0966612,0.1737976,0.3075112,0.0796412,0.1585266,0.1977886,0.1425304,0.1734816,0.2038245,0.0539586,0.1675548,0.167988,0.063621,0.1742708,0.2389138,0.0833852,0.2273362,0.131279,0.07564,0.1804736,0.1786634,0.2277796,0.113688,0.1238064,0.1704996,0.0900118,0.1186602,0.3826192,0.0732882,0.1444686,0.1433134,0.0901852,0.1451616,0.4962668,0.062769,0.229891,0.2069088,0.0927154,0.251731,0.2598304,0.0714706,0.128332,0.1871576,0.04377,0.1736736,0.2609886,0.0747282,0.1474838,0.163779,0.0859112,0.1881516,0.2453506
0.072644,0.1605744,0.2750398,0.0766966,0.2025672,0.2410112,0.0594824,0.1468446,0.1896892,0.135086,0.2102884,0.3600806,0.0660892,0.1129542,0.2317838,0.0949366,0.1873188,0.1770902,0.0582184,0.2321544,0.1914006,0.1196926,0.1230966,0.283134,0.052801,0.1510796,0.1812164,0.1066896,0.1625904,0.1497738,0.2613032,0.072592,0.166976,0.2294436,0.1611362,0.152387,0.2524636,0.050683,0.1961638,0.1591646,0.1061798,0.1447842,0.2270872,0.0493766,0.1345304,0.1402376,0.1071858,0.1642258,0.2891974,0.065288,0.1365904,0.14807,0.0730496,0.267304,0.2068868,0.0574932,0.1251314,0.1195348,0.126742,0.1235922,0.2707696,0.0465508,0.1996798,0.1356468,0.0959284,0.233934,0.564204,0.0990972,0.1525594,0.3904078,0.1171032,0.1112814,0.4354648,0.074518,0.1688352,0.1499667,0.1624926,0.2008808,0.2194568,0.06052,0.1733868,0.2140074,0.1031988,0.1726544,0.1617946,0.0645758,0.1438516,0.2648492,0.0594216,0.2281452,0.2250206,0.0917074,0.1446582,0.1820976,0.0939838,0.1242226,0.2022134,0.0612726,0.1249306,0.1688688,0.186641,0.096815,0.18882,0.2366646,0.0628552,0.2092308,0.2062071,0.154518,0.1730616,0.2229092,0.0610264,0.1137754,0.2282774,0.1479172,0.2330538,0.4694099,0.2303564,0.0596958,0.1354562,0.3340882,0.0866386,0.1268004,0.23142,0.0476698,0.1301754,0.1712354,0.0863904,0.1477108,0.2486704,0.0708448,0.1184946,0.1478888,0.0961984,0.173362,0.30329,0.0818862,0.1588128,0.1985018,0.143041,0.171869,0.2029825,0.054963,0.167747,0.1686798,0.0644292,0.1779756,0.2417688,0.082947,0.2265874,0.1328852,0.07643,0.1810066,0.1782668,0.2307042,0.1142692,0.1241946,0.1698434,0.0894834,0.1203724,0.3810262,0.0732322,0.1447776,0.1436334,0.090151,0.1443308,0.4974862,0.0640954,0.2293262,0.2116566,0.0925102,0.2504492,0.2591548,0.0721526,0.1277214,0.1906266,0.0445278,0.1729754,0.26316,0.0743412,0.1469588,0.1629676,0.084527,0.1881268,0.245693
0.072093,0.1610812,0.2770054,0.07709,0.200305,0.2453356,0.0598458,0.1476262,0.1902034,0.134949,0.2090228,0.3635302,0.066745,0.112508,0.2319828,0.0939798,0.1864932,0.1747074,0.0581742,0.2287582,0.1912204,0.1204924,0.122368,0.2847468,0.0531058,0.1521432,0.1789798,0.106857,0.1621166,0.1488508,0.2614698,0.0733318,0.1654724,0.2319854,0.16249,0.1523658,0.2528892,0.0510918,0.1966352,0.1585414,0.1058894,0.144834,0.2290614,0.0494548,0.1355642,0.142735,0.1081184,0.1660428,0.2841722,0.0660108,0.1370588,0.1470484,0.0720926,0.2672826,0.207206,0.057031,0.1254144,0.1195358,0.1257092,0.1240266,0.2707084,0.0467794,0.1992486,0.1339556,0.0979692,0.232487,0.565912,0.1004166,0.1519448,0.38531,0.1166486,0.1111554,0.434667,0.074674,0.168791,0.149257,0.1633164,0.201852,0.2190834,0.0602806,0.1733524,0.2162628,0.1050542,0.171016,0.164639,0.0648522,0.1426304,0.2637854,0.0595398,0.2284552,0.2260692,0.0934642,0.1459106,0.182165,0.0955404,0.1248756,0.202396,0.0622738,0.1252594,0.1712142,0.1855846,0.096817,0.1887528,0.233819,0.0632956,0.2104606,0.2054425,0.1558584,0.1732312,0.2241878,0.0611988,0.1178908,0.2265372,0.1474724,0.230231,0.4714461,0.2298798,0.0589362,0.1359648,0.3368798,0.0872156,0.1255232,0.2312398,0.0474278,0.1298406,0.1709336,0.0868784,0.1479716,0.2459552,0.0707796,0.11839,0.1455668,0.0961042,0.1733696,0.3035358,0.0823648,0.1581384,0.197076,0.1421592,0.1718304,0.2045281,0.0547152,0.1658964,0.1682732,0.0650372,0.1776132,0.2428052,0.0829664,0.2240678,0.1330594,0.0763178,0.1809492,0.1773222,0.230556,0.1161226,0.1223148,0.1703926,0.089663,0.1206588,0.3809062,0.0727036,0.142884,0.1422324,0.0888408,0.145403,0.5029486,0.065071,0.2297802,0.2103008,0.0927088,0.249126,0.2568066,0.0738642,0.126476,0.1909216,0.0447892,0.1725278,0.261704,0.0752678,0.1455042,0.162298,0.0838742,0.1880036,0.242327
0.0732398,0.1610152,0.2778918,0.0780658,0.2005088,0.2454694,0.0602668,0.1464168,0.1909996,0.1349508,0.209901,0.3635212,0.0674542,0.1113214,0.2302606,0.092987,0.1863492,0.1729078,0.0566704,0.2306278,0.1910122,0.1201418,0.121835,0.2852528,0.053334,0.1514296,0.1805842,0.1081116,0.1622368,0.1497318,0.2595098,0.0743696,0.1669996,0.2314724,0.1618298,0.1509886,0.2546406,0.0514466,0.1983714,0.1601422,0.1061422,0.1445778,0.22946,0.0492936,0.1337486,0.1419954,0.1081468,0.166352,0.2870186,0.0668602,0.1368778,0.14775,0.0718676,0.2667192,0.2079566,0.0565554,0.124639,0.1207944,0.1241544,0.1251606,0.2703632,0.047351,0.1992986,0.1346784,0.0993872,0.2329546,0.5638288,0.1003984,0.149877,0.3833568,0.1175864,0.112663,0.4388464,0.0750884,0.1693808,0.1475226,0.160417,0.2019866,0.2161488,0.0603398,0.17396,0.215769,0.1063242,0.1713082,0.1649954,0.0642736,0.142368,0.2646226,0.0591992,0.2267532,0.2258062,0.0931866,0.1467326,0.183317,0.0957016,0.124298,0.202126,0.0629636,0.124994,0.1704495,0.1854436,0.098258,0.1873198,0.2365924,0.063814,0.2097036,0.2040783,0.1545116,0.1746622,0.2236244,0.061172,0.1185452,0.2266074,0.148291,0.2320318,0.4695664,0.2285542,0.0578876,0.1358168,0.3338076,0.087439,0.1247628,0.2305926,0.048018,0.1307616,0.168827,0.086337,0.146501,0.2445432,0.0711824,0.118004,0.144615,0.0966514,0.1726812,0.3018082,0.0819212,0.1569614,0.19635,0.143564,0.1707092,0.2027945,0.0545114,0.1673068,0.1687572,0.0649892,0.1787318,0.2417864,0.0840498,0.224472,0.1333358,0.0753466,0.1796922,0.176429,0.2278326,0.115488,0.1205882,0.16805,0.0883292,0.1204716,0.3762596,0.0727704,0.1430394,0.142122,0.0890584,0.1478698,0.508524,0.0654982,0.230022,0.2099654,0.0934152,0.2517786,0.2552742,0.0739846,0.1271882,0.1896788,0.0450342,0.172968,0.2629054,0.075041,0.1455358,0.1603986,0.0840082,0.1876356,0.2417994
0.0735588,0.1620386,0.2759654,0.0785774,0.2009528,0.2432394,0.0605492,0.1483648,0.1910798,0.1355898,0.2093004,0.3642532,0.067255,0.110913,0.2307458,0.0927672,0.1850598,0.1752051,0.05664,0.2259094,0.191937,0.121147,0.1210998,0.2857336,0.0529466,0.1517822,0.1806744,0.1073718,0.1614674,0.1484674,0.2585162,0.0745912,0.1671308,0.2313342,0.1624192,0.1495466,0.2569078,0.0506922,0.1976836,0.1624246,0.10605,0.14449,0.2275612,0.049498,0.1345278,0.1414818,0.1084656,0.1669382,0.28437,0.0672902,0.1370068,0.149026,0.071511,0.2661692,0.20944,0.057049,0.1248914,0.1212874,0.1234946,0.1264504,0.271091,0.0482832,0.2013888,0.1346214,0.099376,0.2298924,0.5619194,0.1006744,0.147506,0.3823756,0.116499,0.1111868,0.438596,0.0750074,0.1683226,0.1487674,0.1615498,0.200359,0.2139288,0.0605808,0.174478,0.2164946,0.106195,0.1710514,0.1652904,0.0641664,0.1414314,0.2634432,0.0589564,0.2258074,0.2279596,0.0917538,0.145473,0.1845162,0.095444,0.1250244,0.201586,0.061848,0.1255136,0.1697319,0.182326,0.0981934,0.1866038,0.2359158,0.0638016,0.2112748,0.2044681,0.158347,0.1721662,0.222987,0.060914,0.117616,0.2259052,0.1488856,0.2324536,0.4650052,0.226629,0.0576934,0.1355374,0.3361288,0.0875216,0.1239884,0.23129,0.0481858,0.129757,0.166349,0.0863848,0.1466478,0.2415742,0.0729138,0.1189258,0.147449,0.0989806,0.1718618,0.3035944,0.0812394,0.157543,0.1971688,0.1426644,0.1716224,0.2045021,0.0582234,0.166407,0.1695586,0.0646022,0.1794898,0.2408688,0.0853886,0.2217772,0.1337736,0.075417,0.1795494,0.1776282,0.228438,0.1165732,0.1217212,0.1694582,0.0879182,0.120253,0.372402,0.0743186,0.1437388,0.1439124,0.0881664,0.1471777,0.5067576,0.0655562,0.2325274,0.2070888,0.0947156,0.2487548,0.2552226,0.0739486,0.1273956,0.1886438,0.045077,0.1731306,0.2625882,0.0749118,0.143934,0.1603634,0.0879814,0.1884954,0.242032
0.0745536,0.1621338,0.2727344,0.079398,0.2012082,0.2443346,0.0612102,0.1484334,0.192202,0.1340488,0.2079704,0.3629156,0.0669482,0.1107682,0.2313558,0.094468,0.1839982,0.1776312,0.0564246,0.227046,0.1915504,0.1205068,0.1209698,0.283948,0.0521822,0.149861,0.1809726,0.108431,0.1644168,0.1482704,0.258468,0.0739548,0.1651672,0.233433,0.162446,0.149613,0.2597056,0.0501258,0.1983144,0.1643382,0.106606,0.1441164,0.2267404,0.048687,0.1324488,0.1427026,0.1089324,0.1679168,0.2854636,0.0685506,0.1355956,0.1522074,0.0721684,0.2648484,0.2081678,0.0582436,0.1254352,0.1207332,0.1243298,0.128055,0.2718366,0.0482046,0.2022112,0.1359524,0.1001246,0.2302992,0.5599604,0.1002894,0.1466236,0.3772852,0.1171428,0.1109424,0.4327252,0.074655,0.1696914,0.1488438,0.1600294,0.2005868,0.210554,0.0608738,0.1733172,0.213803,0.106892,0.1710596,0.1649362,0.0648506,0.1392776,0.2619342,0.0595422,0.225712,0.2298136,0.09158,0.1469546,0.1846596,0.095694,0.1247798,0.2020182,0.0623268,0.1241312,0.1707325,0.1811592,0.0988622,0.1886076,0.2367354,0.0641882,0.2112742,0.2045733,0.1582846,0.173993,0.2241266,0.0604638,0.1169832,0.2246132,0.1471554,0.2315392,0.4625946,0.2265522,0.0575,0.1345284,0.3330428,0.0873506,0.1230536,0.2339688,0.0482282,0.1299674,0.1638532,0.0863,0.1475862,0.2420958,0.0732206,0.1182664,0.145836,0.099365,0.173036,0.3022744,0.0807604,0.1578148,0.1980782,0.1409738,0.1733784,0.2022045,0.058695,0.166153,0.1690564,0.0657492,0.179416,0.2420068,0.0846742,0.2256506,0.131618,0.0750688,0.1774238,0.1767192,0.2289052,0.1167732,0.1206676,0.1686558,0.0889316,0.12102,0.3754642,0.0736872,0.1434108,0.144612,0.0881244,0.1488748,0.5064882,0.0665354,0.2312146,0.2069854,0.0938488,0.2487486,0.2556274,0.073205,0.1268062,0.1870714,0.044653,0.1748106,0.2585696,0.0748638,0.145027,0.161719,0.0884918,0.1885318,0.2422512
0.0742852,0.162772,0.275252,0.0806888,0.1977858,0.2437526,0.0627652,0.1502104,0.190463,0.1326044,0.2090734,0.3656494,0.0680048,0.1091002,0.2324784,0.0937284,0.1838634,0.1774024,0.0563322,0.22969,0.1900368,0.121975,0.1200166,0.2859786,0.0526146,0.1491688,0.1790774,0.1099786,0.164898,0.1482648,0.2582574,0.0736274,0.164517,0.2320394,0.162674,0.1509792,0.2621458,0.0492,0.1983382,0.163777,0.1070064,0.1430916,0.225221,0.048796,0.133748,0.1412514,0.1119158,0.1671144,0.283732,0.069112,0.1358986,0.1517522,0.0705626,0.2597238,0.2091556,0.0586584,0.1250842,0.1205894,0.1242576,0.125682,0.273468,0.0492566,0.2036746,0.1362294,0.0998092,0.230276,0.5652264,0.0998594,0.1464264,0.3855382,0.1163762,0.1123534,0.437064,0.0745516,0.169766,0.1488352,0.1592582,0.199339,0.2107216,0.0621474,0.1716112,0.211392,0.1068016,0.1738768,0.1664228,0.0648356,0.1421188,0.2634318,0.0605856,0.2261814,0.2310208,0.0944116,0.1482004,0.187137,0.0961378,0.1242794,0.2036816,0.0630096,0.1223732,0.170297,0.1822766,0.0995222,0.1871716,0.237883,0.0643862,0.2104794,0.2038083,0.1600078,0.1740354,0.2239468,0.060571,0.1163978,0.2223578,0.146566,0.2308148,0.4615532,0.2245374,0.0578794,0.135613,0.3333696,0.0865572,0.1212992,0.2334592,0.0479998,0.1302442,0.1639474,0.0865508,0.1475902,0.242196,0.0725012,0.1186872,0.1479584,0.0983552,0.170624,0.2977812,0.0821106,0.1572846,0.1979324,0.141697,0.1710064,0.2008527,0.0586312,0.1664328,0.1691084,0.0655856,0.1784908,0.2412356,0.0849028,0.224458,0.1324254,0.076052,0.1742416,0.1780252,0.2295088,0.1174438,0.1201694,0.1673356,0.0884656,0.1206876,0.3749568,0.07466,0.1418816,0.1446528,0.0882378,0.1504054,0.5026974,0.0676086,0.2310968,0.2048242,0.0936524,0.2475978,0.2556476,0.0726208,0.1256942,0.1853558,0.0447072,0.1746784,0.2572572,0.075348,0.1458642,0.1621738,0.0893692,0.1906122,0.2414434
0.0755016,0.1634,0.2785756,0.0817914,0.1980832,0.2440876,0.0625672,0.1505118,0.1911278,0.1328056,0.208433,0.359738,0.0673642,0.1084592,0.2331828,0.093599,0.1847656,0.1771056,0.0560242,0.2288404,0.189792,0.121818,0.119632,0.288581,0.0528828,0.1493976,0.1781946,0.1116914,0.1661316,0.1469122,0.255268,0.0744538,0.163316,0.2335866,0.165171,0.14995,0.2622978,0.0487942,0.2003242,0.165465,0.1070622,0.1419394,0.222432,0.0490126,0.13447,0.1385248,0.1126104,0.1668178,0.279787,0.0677884,0.1369266,0.150769,0.0703142,0.2570252,0.2082764,0.0591946,0.1277656,0.1211564,0.1234614,0.126214,0.2779792,0.049224,0.2034678,0.1361824,0.1006838,0.2295258,0.5410448,0.1018634,0.1472398,0.3860454,0.1161514,0.1122258,0.4391468,0.0756148,0.1699746,0.148025,0.1590568,0.2004186,0.212089,0.0622816,0.1713408,0.2145644,0.1085338,0.175232,0.1667734,0.066515,0.1425894,0.2616234,0.0599702,0.2273656,0.2309538,0.0947954,0.149572,0.1869194,0.0955712,0.1231848,0.202968,0.0632942,0.1249064,0.1719852,0.1797262,0.099286,0.1872654,0.2381418,0.0646164,0.2106582,0.2054117,0.161223,0.172939,0.224402,0.060702,0.1178006,0.2208356,0.1442102,0.2331206,0.4592582,0.222628,0.0584386,0.1351688,0.32995,0.086812,0.1199834,0.2328706,0.0482682,0.130271,0.162351,0.0868262,0.146872,0.2413626,0.072059,0.120023,0.1473508,0.0978216,0.1712362,0.2977973,0.0808706,0.1567268,0.1977986,0.1406468,0.1705632,0.2005775,0.0583084,0.1661862,0.1694692,0.0647438,0.1780664,0.2390132,0.0862214,0.2262636,0.1315624,0.076065,0.1754186,0.1776092,0.230096,0.1180504,0.1208426,0.167248,0.0883426,0.1203476,0.3716714,0.0756,0.1428636,0.14579,0.087993,0.1496824,0.500337,0.067848,0.2299332,0.206406,0.094135,0.24748,0.2534936,0.0733312,0.127728,0.1862456,0.0470916,0.1724174,0.2618562,0.0758614,0.1458326,0.160807,0.0897928,0.1889364,0.2411416
0.0748932,0.1610478,0.2761772,0.0816852,0.1987202,0.245775,0.0632652,0.148796,0.1914018,0.1320474,0.204813,0.3540988,0.0679794,0.1076982,0.232592,0.0941352,0.1831072,0.179347,0.055114,0.2270898,0.1871188,0.1226928,0.12021,0.2858992,0.052157,0.1487902,0.179638,0.1131314,0.1653652,0.1458136,0.2583334,0.074423,0.1635898,0.2338328,0.1668592,0.1510142,0.262558,0.0488822,0.1999138,0.166205,0.106806,0.143003,0.2229296,0.0483058,0.1363012,0.1385806,0.1124432,0.1665382,0.2828016,0.0688716,0.1372578,0.151622,0.0700542,0.256127,0.2079236,0.0596968,0.1268848,0.1205596,0.1232566,0.1253422,0.2800962,0.0489224,0.2021226,0.1364186,0.0994568,0.230642,0.5436958,0.1022168,0.1469544,0.3850974,0.116083,0.1127566,0.4385914,0.0761824,0.1692932,0.1468044,0.1589214,0.2006838,0.2120538,0.0620268,0.1716348,0.213087,0.107844,0.1748664,0.1689142,0.0675966,0.1428392,0.2562012,0.0611386,0.2278772,0.2306058,0.0945136,0.1502848,0.1864248,0.09593,0.1237986,0.2038616,0.0632716,0.1248364,0.1727002,0.1781182,0.0989284,0.1859752,0.2369744,0.0645612,0.2106366,0.2049274,0.1613774,0.1709042,0.222986,0.0606242,0.1168794,0.2187192,0.1448858,0.230015,0.4566274,0.2208212,0.0581386,0.1335502,0.3338514,0.0865484,0.1187016,0.2332964,0.0486386,0.1295108,0.1603666,0.0856428,0.1479322,0.237247,0.0719088,0.1191804,0.1479714,0.0974688,0.1694546,0.2981769,0.082652,0.1557102,0.1968096,0.1384084,0.1694986,0.2019881,0.0591342,0.167169,0.1689586,0.065262,0.1792796,0.240088,0.0863728,0.2263472,0.1308104,0.0750214,0.1725412,0.1782584,0.2313164,0.1172916,0.1205942,0.1666072,0.0878964,0.1193872,0.371955,0.075475,0.1436146,0.1493862,0.088538,0.1494424,0.5032306,0.0688148,0.2303254,0.2073236,0.0969322,0.248191,0.2516166,0.0739744,0.1259562,0.1858504,0.0468516,0.1729938,0.2592336,0.0767914,0.1444878,0.1617536,0.0910412,0.1864832,0.2426188
0.0747586,0.1608744,0.2778306,0.0817496,0.1984138,0.2416324,0.0634916,0.1505534,0.1923406,0.133338,0.2061536,0.3557572,0.0685078,0.107984,0.2346758,0.0952204,0.1839526,0.177907,0.0553102,0.2272666,0.188281,0.1224262,0.1185706,0.2852982,0.052792,0.148709,0.1792274,0.1149848,0.1665006,0.148616,0.2577872,0.0760126,0.1642568,0.2377764,0.1684174,0.15066,0.2657866,0.0492382,0.1997896,0.1653704,0.1070078,0.1451446,0.2225016,0.048411,0.1362108,0.1366358,0.1142176,0.1665392,0.2856492,0.069248,0.1359434,0.1509418,0.0698358,0.2533944,0.2093574,0.0593176,0.1271154,0.1199754,0.1252994,0.1240496,0.2832182,0.0489898,0.2033542,0.1345872,0.099346,0.2290044,0.553731,0.1022862,0.147798,0.3847744,0.1151804,0.1113142,0.4337118,0.0764102,0.1699648,0.1442864,0.1602336,0.1985014,0.2141916,0.0622372,0.171259,0.2117,0.1081658,0.1756328,0.1725644,0.0678386,0.1421114,0.253543,0.0609272,0.2226122,0.2313142,0.0968236,0.150575,0.1876824,0.0944142,0.1236362,0.2042642,0.0634938,0.125028,0.1722228,0.1778686,0.099209,0.1862608,0.2375152,0.0642974,0.2100388,0.2050214,0.162108,0.1695192,0.2244298,0.061336,0.117412,0.2178758,0.1447734,0.2306464,0.4572214,0.217049,0.0580988,0.1341158,0.3335234,0.0861426,0.119157,0.2337644,0.0485758,0.1313712,0.160779,0.0844986,0.1480182,0.234738,0.072561,0.1195332,0.1467148,0.097042,0.1693362,0.2987515,0.0833606,0.156145,0.1972196,0.1394298,0.1696146,0.2017695,0.0603778,0.1658282,0.1671088,0.0651074,0.1813132,0.2388784,0.0892128,0.223675,0.1303892,0.0742844,0.1723682,0.1765902,0.2316334,0.1176666,0.12014,0.1657032,0.0872734,0.1188528,0.3713978,0.0755196,0.1436446,0.1517264,0.088977,0.149304,0.505507,0.0697698,0.2302004,0.2069906,0.0963588,0.2484672,0.2504504,0.0737,0.1257466,0.1858736,0.0455416,0.1734934,0.258852,0.0770414,0.1446552,0.1602928,0.0911708,0.1864948,0.2440682
0.0754772,0.1613972,0.2819942,0.0824948,0.1961038,0.2427564,0.0643564,0.150218,0.1913232,0.1334162,0.208013,0.3571004,0.0682448,0.108498,0.2364152,0.093859,0.1833528,0.1760196,0.0540482,0.2264004,0.1878992,0.1225962,0.119186,0.2866782,0.0524772,0.1508858,0.1779728,0.1157292,0.167615,0.1510036,0.258233,0.0765682,0.1648402,0.2357662,0.1699834,0.1506938,0.267945,0.0495514,0.2006694,0.165423,0.1070906,0.147015,0.2208054,0.0489196,0.1366938,0.1397912,0.1160028,0.1657684,0.2864394,0.0690684,0.1354478,0.1528558,0.0690988,0.2531446,0.203237,0.0593114,0.1272292,0.119994,0.1243238,0.1235678,0.2827132,0.0492496,0.2003702,0.1338364,0.0998046,0.2291884,0.5661928,0.1006744,0.1468094,0.385419,0.1160284,0.1120074,0.4354224,0.076154,0.1690496,0.146316,0.1586482,0.1970192,0.2135958,0.0621364,0.1692396,0.2141638,0.1084054,0.1747084,0.174244,0.0683774,0.1415546,0.2488734,0.0605956,0.2219782,0.2315362,0.0978802,0.1509626,0.185418,0.0947284,0.1227792,0.2029276,0.064687,0.126564,0.1714938,0.1786956,0.098751,0.1888028,0.2372506,0.0641796,0.2117486,0.2032786,0.1642132,0.170882,0.2230672,0.061176,0.1161188,0.217053,0.1460558,0.233057,0.4543346,0.2157706,0.0576206,0.134555,0.3370098,0.0872366,0.1183272,0.2327412,0.0470778,0.1325636,0.1621096,0.0839908,0.1515626,0.2353874,0.0727686,0.11941,0.1451524,0.096826,0.1696716,0.294692,0.0837566,0.155746,0.1955036,0.1387222,0.171882,0.1982121,0.0608716,0.1642598,0.1687729,0.0674148,0.1811736,0.2366352,0.090584,0.2227838,0.1303582,0.0741266,0.17093,0.1752302,0.2353178,0.1185498,0.1205142,0.1643452,0.086465,0.1192476,0.374997,0.0761664,0.1422422,0.1522766,0.0902534,0.1532168,0.5008028,0.0709608,0.2301322,0.2065372,0.0964224,0.250834,0.2526762,0.0747528,0.125715,0.1862806,0.044777,0.174016,0.2586702,0.077048,0.1435686,0.159292,0.0911454,0.1858152,0.2429878
0.0757288,0.1624384,0.2831396,0.0825324,0.1977076,0.2446182,0.0639196,0.1494588,0.1928156,0.1334122,0.2072558,0.36418,0.0690906,0.1072348,0.2377418,0.0938936,0.1831006,0.1770379,0.0548482,0.2270446,0.1875002,0.1212976,0.1182736,0.2865398,0.0520782,0.1505264,0.1785194,0.1156732,0.1688464,0.1529332,0.256547,0.075788,0.1647202,0.235662,0.1710632,0.1487102,0.268147,0.0488334,0.1991956,0.165675,0.1080152,0.1460664,0.2195338,0.0481668,0.1351478,0.13845,0.1160286,0.1663344,0.2835352,0.0688908,0.1360094,0.1550258,0.071831,0.253925,0.2033127,0.0595662,0.1261766,0.1209166,0.1244724,0.1227762,0.2818316,0.0498452,0.2002038,0.134348,0.0990212,0.2297764,0.571491,0.102144,0.1457574,0.3823696,0.1161602,0.112903,0.4384738,0.0760408,0.1692002,0.1465818,0.16057,0.1968374,0.2145508,0.062942,0.1689884,0.2124666,0.1080566,0.1747236,0.1739762,0.068394,0.1415164,0.248677,0.0612922,0.2206088,0.2326344,0.0981178,0.1526382,0.1871408,0.09444,0.1228592,0.2039086,0.0644734,0.128083,0.170964,0.176161,0.0986836,0.1879592,0.234315,0.0642888,0.21162,0.2042372,0.1627494,0.1720738,0.2215152,0.0613412,0.115871,0.2143946,0.1452264,0.2298886,0.4537588,0.2145808,0.057502,0.133841,0.3347498,0.0875274,0.118783,0.2349294,0.0473366,0.1324654,0.1634938,0.0841352,0.1525232,0.234729,0.0726138,0.1205496,0.1480716,0.0964848,0.1699654,0.2970818,0.0844504,0.155938,0.1935744,0.1392634,0.1723504,0.1979751,0.0605066,0.1631376,0.1704263,0.0679198,0.1813718,0.2373886,0.0919492,0.2228488,0.128751,0.0742336,0.1701796,0.1730774,0.23738,0.1201674,0.1196138,0.163062,0.0864226,0.1190236,0.3718972,0.075459,0.1431652,0.1510574,0.091053,0.150132,0.5032644,0.0718804,0.2287332,0.2055638,0.0966024,0.2491082,0.2513556,0.0744884,0.1262446,0.1846092,0.0444602,0.1757088,0.2527814,0.076434,0.1431114,0.1584306,0.0912522,0.1855344,0.2459432
0.0759788,0.1621852,0.2841858,0.0837868,0.1952606,0.2426582,0.0639994,0.1490608,0.1914786,0.1323658,0.2057078,0.3599202,0.0691834,0.1097714,0.2361738,0.093848,0.1816528,0.1782735,0.055776,0.2279874,0.1867946,0.1213938,0.1179782,0.2843762,0.0517022,0.1519368,0.1790426,0.1151898,0.1675776,0.1530154,0.2559096,0.0757764,0.1648568,0.2319168,0.1715032,0.1475404,0.2668306,0.0507554,0.2000838,0.1648016,0.107442,0.1459422,0.2170434,0.048046,0.1365104,0.1399478,0.1162588,0.1645878,0.2833701,0.0679256,0.136358,0.1555628,0.070424,0.2539002,0.2063995,0.0598994,0.1267086,0.1202712,0.1239884,0.1231532,0.2810702,0.0495936,0.2015146,0.1354686,0.0995278,0.2285406,0.572331,0.1023486,0.1481254,0.384296,0.1177172,0.1117366,0.437419,0.0760186,0.1691272,0.1454304,0.1604636,0.196736,0.2152802,0.0645718,0.1690164,0.2140418,0.1092624,0.174128,0.176484,0.0688502,0.140365,0.2476676,0.0625046,0.2195538,0.2315534,0.0978168,0.152449,0.1880188,0.0952888,0.1216606,0.2026534,0.063548,0.1282976,0.1700558,0.1746648,0.097521,0.187127,0.2356102,0.0642612,0.2110112,0.2060878,0.1661204,0.1727936,0.2230986,0.0612844,0.1144472,0.2127124,0.1436828,0.228903,0.4563898,0.2118328,0.056868,0.134224,0.3331462,0.087211,0.118034,0.2357524,0.0477378,0.1333706,0.1644586,0.0835108,0.1530534,0.2323068,0.0735942,0.1199842,0.1467436,0.0972764,0.1703468,0.2969344,0.0850326,0.1554698,0.1923578,0.1400692,0.1705396,0.1956559,0.0601394,0.163513,0.1708263,0.0694268,0.1805842,0.2347784,0.092602,0.2223966,0.1300024,0.0729526,0.1662256,0.1723736,0.2352874,0.1200708,0.1222948,0.1633032,0.08767,0.1194398,0.3696402,0.0749054,0.144303,0.1524256,0.0904494,0.1479312,0.5035522,0.0721316,0.2309836,0.2051594,0.0986596,0.2488182,0.2504612,0.074371,0.1248192,0.1848192,0.0447926,0.1741618,0.2540054,0.0763948,0.1439632,0.1581912,0.0917784,0.1854726,0.2477046
0.0767168,0.160042,0.2826512,0.0838626,0.1946372,0.2404974,0.0644854,0.1482374,0.1909234,0.13264,0.2049218,0.3582838,0.0698666,0.1095702,0.2374254,0.0937698,0.1827106,0.1757426,0.0554302,0.2307778,0.1859084,0.1211122,0.117938,0.2820514,0.0527614,0.1518562,0.1773962,0.1148354,0.1674084,0.1518158,0.2545698,0.0758434,0.1629698,0.2292066,0.171748,0.1489786,0.2664174,0.0508146,0.199351,0.1647966,0.1061278,0.144897,0.2190914,0.0474036,0.136555,0.139976,0.117082,0.1635584,0.2824331,0.0695918,0.136728,0.1566006,0.0707956,0.253947,0.2082004,0.060599,0.1274254,0.1198244,0.1225898,0.1218658,0.282083,0.0498372,0.200506,0.1350258,0.099248,0.2265592,0.5745194,0.1030272,0.1482794,0.3857272,0.118081,0.1109684,0.4389648,0.0767784,0.1682346,0.1461638,0.15544,0.1961954,0.2145626,0.0649538,0.1714356,0.2164058,0.1086832,0.1726582,0.1792342,0.068591,0.1414534,0.2505554,0.063423,0.2184302,0.2315138,0.0970602,0.1508722,0.1882112,0.0959782,0.1222524,0.205864,0.063201,0.129334,0.1694134,0.1748138,0.0979072,0.1862318,0.2362628,0.0636868,0.209681,0.2066416,0.1658892,0.1732388,0.221515,0.061909,0.115568,0.2148182,0.142493,0.2292314,0.4567832,0.2076322,0.0570412,0.134086,0.3354456,0.087629,0.1200132,0.2356738,0.0480902,0.1354688,0.1636756,0.0848738,0.154419,0.2343714,0.0738844,0.1190928,0.1487664,0.0969842,0.1701552,0.29487,0.0847206,0.1563922,0.1937778,0.139264,0.1720236,0.1945307,0.0599204,0.1661886,0.1730895,0.070749,0.1808746,0.236917,0.0922228,0.2225946,0.1295376,0.0727006,0.165856,0.1732036,0.2327512,0.1191094,0.1202542,0.1630606,0.0878236,0.1198848,0.3707484,0.0761664,0.143471,0.1539382,0.0911076,0.1476982,0.5041332,0.0715354,0.229088,0.203572,0.0974968,0.2492762,0.2495598,0.075397,0.1218782,0.1813066,0.0451322,0.1741214,0.2529538,0.0769936,0.1447218,0.1580036,0.09258,0.1845574,0.2505618
0.0763252,0.1600004,0.281399,0.0849304,0.1942628,0.2377482,0.064272,0.1494318,0.1900124,0.1327242,0.2070754,0.3589996,0.0690824,0.1100786,0.236525,0.094354,0.1806072,0.1767026,0.05542,0.229496,0.1847858,0.1222076,0.1172684,0.2768702,0.0534956,0.1499394,0.1764394,0.1163832,0.1648286,0.1504612,0.2556216,0.0758438,0.165652,0.2314544,0.1733542,0.149008,0.2672438,0.0508906,0.200957,0.162796,0.10472,0.1454536,0.217663,0.046886,0.1382292,0.1392388,0.1165344,0.1627576,0.2810313,0.0695824,0.1369462,0.1561416,0.070405,0.2553398,0.207174,0.061064,0.1274944,0.1176932,0.122671,0.121589,0.2832636,0.0504388,0.2034586,0.1346484,0.1001824,0.224097,0.5716242,0.1031576,0.1482278,0.3811256,0.1211432,0.1110756,0.441512,0.0769672,0.1689962,0.1456376,0.1555122,0.195764,0.2123416,0.0655586,0.1699686,0.2150896,0.1094922,0.1723898,0.1817578,0.0682934,0.1425354,0.2495918,0.0637384,0.2191102,0.2325518,0.0976416,0.1497656,0.1869928,0.0959658,0.1229262,0.208189,0.0636506,0.1280504,0.1681676,0.1735662,0.0974094,0.1864232,0.2344138,0.063055,0.2070852,0.206841,0.166162,0.1748232,0.2237528,0.0618284,0.1152118,0.2105262,0.1418218,0.2304434,0.4584436,0.2102182,0.0569434,0.135275,0.3334764,0.0876908,0.1194192,0.234913,0.0485234,0.1337022,0.1623352,0.0851234,0.1561868,0.2331296,0.073541,0.1191154,0.1493604,0.0978968,0.1699144,0.297088,0.0860462,0.154751,0.1932516,0.1391634,0.1739634,0.1934889,0.0606398,0.1675548,0.1721047,0.0730084,0.1787536,0.2374496,0.0929562,0.2223896,0.1297616,0.0718448,0.1666722,0.1742326,0.2326162,0.1194982,0.1212134,0.1621912,0.0881478,0.1208362,0.3718708,0.0768262,0.1425222,0.1556528,0.0907504,0.1481274,0.5081152,0.0726906,0.2291914,0.2044754,0.0971304,0.249141,0.2513198,0.0752028,0.1213444,0.180877,0.0448296,0.173309,0.2525828,0.077976,0.1453676,0.1594272,0.0934108,0.1848118,0.2515452
0.0762848,0.1585586,0.2798206,0.0842146,0.194758,0.2368512,0.0654524,0.148711,0.1912218,0.132031,0.204962,0.3570522,0.0695402,0.1105146,0.2343784,0.093881,0.1819182,0.1748714,0.0552808,0.2301978,0.182947,0.1224414,0.117067,0.2771606,0.0530704,0.1531526,0.176466,0.1153258,0.1645576,0.1496822,0.2557276,0.076618,0.1629686,0.2334984,0.1736154,0.1476786,0.2682758,0.0538108,0.2005552,0.1620141,0.1052936,0.144543,0.2158054,0.0466208,0.1382872,0.141662,0.1165918,0.160564,0.278001,0.0703292,0.1380794,0.1580426,0.070619,0.2548804,0.2073128,0.0618338,0.1266174,0.1179528,0.1246038,0.1219322,0.2829078,0.051256,0.2035566,0.1350058,0.099359,0.2228836,0.5703248,0.102924,0.1478388,0.3775454,0.120887,0.1093616,0.4382094,0.0777484,0.1693482,0.1450946,0.1570376,0.1938562,0.214328,0.0664972,0.1692736,0.2151238,0.1087686,0.1738342,0.1817262,0.0680608,0.1407172,0.2462626,0.0634264,0.2184996,0.2342148,0.0981146,0.1500614,0.1879934,0.0981942,0.1234854,0.2114968,0.0646686,0.1280498,0.166344,0.1739,0.0963088,0.1850494,0.237577,0.0626586,0.2071808,0.2066568,0.1650818,0.17499,0.2229848,0.0617772,0.1161152,0.2112112,0.1410206,0.228538,0.4532882,0.2114296,0.0571734,0.1360934,0.3333812,0.089317,0.1207244,0.2373132,0.0483468,0.1340692,0.1632518,0.0849034,0.1579988,0.228492,0.0731926,0.1183196,0.14952,0.0980224,0.1682294,0.2980998,0.0867926,0.1550482,0.1923996,0.1396894,0.1757322,0.1947085,0.0609284,0.1676364,0.172336,0.0761354,0.1795118,0.2366022,0.094286,0.2244086,0.1314726,0.0711322,0.1655006,0.1736446,0.2291866,0.119272,0.1219738,0.1614076,0.0873892,0.119988,0.3666294,0.07589,0.1443046,0.1555864,0.0911882,0.1492214,0.506957,0.0739206,0.2287772,0.2038754,0.097764,0.2476984,0.2523212,0.0747588,0.1212624,0.1776268,0.0454104,0.175002,0.252309,0.0780218,0.1458652,0.1601528,0.0927988,0.1840798,0.251601
0.0751838,0.1587278,0.2807326,0.084594,0.1939666,0.236122,0.0663002,0.149695,0.1923998,0.1324482,0.203539,0.3570288,0.068823,0.1137216,0.2344564,0.0941032,0.182054,0.1748199,0.0571708,0.2298448,0.1799876,0.1235602,0.1170658,0.2757434,0.0534184,0.1533272,0.1768846,0.1155412,0.1651662,0.149138,0.2548274,0.0785244,0.16186,0.2326766,0.1739362,0.1452562,0.268668,0.0545338,0.2000052,0.1617143,0.1057332,0.1444518,0.2151536,0.0470476,0.1400722,0.1412454,0.1165564,0.1608182,0.2746696,0.0708292,0.1391248,0.1583294,0.0710464,0.2521706,0.2074538,0.0617026,0.126614,0.1201374,0.124259,0.1208148,0.2763598,0.051374,0.2013712,0.1344002,0.0992216,0.223549,0.567699,0.1033926,0.1467462,0.3737472,0.119185,0.111601,0.4411264,0.076288,0.1691164,0.1462376,0.156405,0.1926458,0.2144332,0.0662936,0.1672216,0.2178702,0.1107984,0.1742638,0.186858,0.067701,0.141846,0.249884,0.0632992,0.2184338,0.2352352,0.0983214,0.1496148,0.1865694,0.098743,0.123152,0.210329,0.0649084,0.1267356,0.1675828,0.1739146,0.0962762,0.1849874,0.2329498,0.0639344,0.207312,0.2068726,0.1642054,0.175919,0.2233094,0.0614814,0.1155958,0.2105766,0.1406346,0.2283742,0.4481892,0.2113648,0.0578192,0.1372738,0.3295768,0.0903426,0.1225008,0.236745,0.0492688,0.1342294,0.1625682,0.0851892,0.1567686,0.2272436,0.073785,0.1182712,0.1493384,0.097466,0.1667098,0.2961308,0.0885082,0.154708,0.1910084,0.138462,0.1779558,0.1939825,0.0605128,0.166838,0.1717599,0.0798126,0.1787218,0.2374054,0.0931942,0.224142,0.1314916,0.0724972,0.164505,0.1757074,0.229568,0.1191618,0.121139,0.1626002,0.0853118,0.1188916,0.3660412,0.0758752,0.1435558,0.156548,0.0927316,0.151999,0.4855148,0.073805,0.2266862,0.2029036,0.098465,0.2449024,0.2527014,0.0742356,0.1225188,0.1754448,0.0459546,0.176315,0.251213,0.0799588,0.1473668,0.1583436,0.0927804,0.1840884,0.2524788
0.0746082,0.1615538,0.2832484,0.0846434,0.1940568,0.2350956,0.0666166,0.1503418,0.1913182,0.1323132,0.201693,0.3562834,0.0687638,0.1131174,0.2332516,0.0938912,0.1828626,0.1765193,0.0575998,0.2283964,0.180556,0.1224228,0.118304,0.2756806,0.0531344,0.153821,0.177315,0.114293,0.1662154,0.151159,0.2554082,0.0791748,0.1622954,0.229719,0.1731108,0.1448872,0.2711654,0.0537126,0.198877,0.1618839,0.1055376,0.146167,0.216535,0.047238,0.1413786,0.1417242,0.1159114,0.1590068,0.2765308,0.0712762,0.1403368,0.1576152,0.0708168,0.2536776,0.2064944,0.0615202,0.1257752,0.1218774,0.1239916,0.122063,0.2758302,0.0507582,0.2023172,0.1360738,0.0994986,0.2215214,0.5662556,0.103901,0.1446958,0.3760882,0.119986,0.1116672,0.4373096,0.0767102,0.1709102,0.145008,0.157212,0.1942094,0.2149056,0.0658608,0.1680812,0.2194534,0.1116242,0.175083,0.1894002,0.0670554,0.141887,0.2481052,0.0636942,0.2215622,0.2359712,0.097791,0.1497326,0.1854514,0.0986804,0.1224722,0.2079142,0.0648156,0.1264338,0.1671262,0.1757944,0.0953304,0.1857794,0.2315502,0.0637938,0.2058488,0.2057706,0.1665192,0.1752454,0.224684,0.0619028,0.116832,0.2091646,0.1394292,0.2281604,0.4486096,0.2132208,0.0571174,0.1367916,0.3321528,0.0892984,0.1215954,0.2351706,0.0489102,0.1330828,0.1638066,0.084183,0.156938,0.2265908,0.072952,0.1180794,0.1495986,0.0969994,0.1662876,0.3005074,0.087633,0.1549338,0.1909778,0.1390832,0.1784926,0.1913108,0.0606426,0.166817,0.1695046,0.0833786,0.1766755,0.2392972,0.0938942,0.2226368,0.1305448,0.0743904,0.1653444,0.1756072,0.2329824,0.1186854,0.12245,0.1621132,0.0842104,0.120298,0.362296,0.0750838,0.1436312,0.158074,0.0928018,0.1537088,0.4926324,0.0739792,0.225844,0.2033022,0.0992512,0.2432136,0.250819,0.074079,0.121847,0.1745626,0.045323,0.1775861,0.248988,0.080369,0.1452166,0.1569164,0.0933582,0.1845618,0.2501104
0.0751986,0.1620764,0.2766268,0.0859212,0.1932182,0.2334604,0.0681612,0.1515038,0.191948,0.1324812,0.2000922,0.3537864,0.0687742,0.1124284,0.2323902,0.0942094,0.1829742,0.1751453,0.0576312,0.2263342,0.1792552,0.1228618,0.1174808,0.2734474,0.0528892,0.1524606,0.1772654,0.1138322,0.1658642,0.152233,0.255853,0.0807602,0.1633976,0.2294728,0.1746542,0.1446084,0.2708486,0.0545362,0.201025,0.1623925,0.1049014,0.1472982,0.2143502,0.0474298,0.1426038,0.1400646,0.1185946,0.1591744,0.2769308,0.0705668,0.138526,0.1598902,0.0711318,0.2504456,0.2049976,0.0613124,0.124351,0.1211052,0.1248248,0.1219306,0.278223,0.0508242,0.2014686,0.1351112,0.0996658,0.218235,0.5657352,0.1043576,0.1459342,0.37651,0.119282,0.111759,0.4391374,0.0770998,0.1703024,0.1453392,0.157415,0.1933162,0.2142328,0.065847,0.1670932,0.221774,0.1119528,0.1738396,0.191868,0.068254,0.1411698,0.2473276,0.0635414,0.2220036,0.2365316,0.0976726,0.1490068,0.1806082,0.0992952,0.1246488,0.208261,0.0653564,0.125385,0.1688028,0.1732006,0.0956556,0.1857164,0.2325078,0.0630042,0.2068644,0.2055612,0.1667574,0.177629,0.225597,0.0606778,0.115717,0.2094988,0.1387758,0.2278596,0.4427118,0.2109612,0.0576394,0.137753,0.3329898,0.0891124,0.1216602,0.2339384,0.049216,0.1332056,0.1624752,0.08306,0.157137,0.226216,0.075169,0.1175078,0.1511294,0.0977462,0.1653998,0.3026306,0.0893682,0.154008,0.1928132,0.1378568,0.1772508,0.1909775,0.061157,0.1666734,0.1688112,0.0879804,0.1746401,0.2404196,0.0932622,0.2215568,0.129818,0.0735698,0.1669528,0.1754322,0.2299112,0.118428,0.122542,0.1617252,0.0834996,0.1205484,0.3631486,0.0757138,0.1429672,0.1594154,0.0926246,0.154511,0.4974718,0.073257,0.225261,0.203129,0.0989212,0.2413448,0.2505826,0.0750574,0.1225,0.1760158,0.0459202,0.1792479,0.2483472,0.080638,0.145134,0.1574462,0.093876,0.1840928,0.2487398
0.0752608,0.1623084,0.2782596,0.0865574,0.1939944,0.2352212,0.069278,0.151252,0.1926902,0.131145,0.200724,0.3576642,0.0692366,0.1129682,0.2316274,0.0942748,0.1854644,0.1768497,0.0572544,0.2266742,0.1798622,0.1225502,0.1187896,0.2693932,0.0520594,0.152361,0.1790766,0.1140306,0.1675428,0.1526336,0.2570336,0.0813782,0.1630306,0.231568,0.1735382,0.1453108,0.2717716,0.0549676,0.2003904,0.1639983,0.1049926,0.147743,0.211689,0.04737,0.1416922,0.1378778,0.1188642,0.1588862,0.2750772,0.070479,0.137839,0.1570738,0.0708816,0.2475988,0.2027854,0.0614736,0.1234284,0.1202314,0.1250806,0.1218214,0.2777416,0.0513458,0.2024902,0.13653,0.099354,0.2178358,0.5649732,0.1031654,0.1470676,0.3730178,0.1189728,0.1118726,0.4372106,0.0780158,0.1696592,0.1438246,0.1545992,0.1922862,0.2138958,0.0652684,0.1688418,0.2187528,0.112105,0.174175,0.1944414,0.0686558,0.141163,0.2432052,0.0648082,0.2200748,0.2367756,0.0979976,0.1480712,0.1806942,0.0995916,0.1247108,0.2072662,0.0643714,0.1244228,0.1685264,0.1734238,0.0958382,0.1859322,0.2325852,0.0631776,0.2049018,0.2034376,0.1666528,0.1811456,0.2264106,0.0609134,0.1169382,0.2087484,0.1430768,0.2293072,0.4427194,0.2104904,0.0582076,0.1377814,0.3349274,0.0895772,0.121916,0.2339212,0.0492434,0.1344226,0.1625246,0.082532,0.1613274,0.2265772,0.0756196,0.1166114,0.1511388,0.0982864,0.1644468,0.301873,0.0894592,0.153363,0.1919088,0.1372184,0.1770256,0.1914309,0.061749,0.165545,0.1684784,0.091493,0.1741002,0.2408938,0.0932438,0.2202682,0.1303614,0.0745924,0.1649672,0.1751282,0.227976,0.1181444,0.1223552,0.1633114,0.0830558,0.120245,0.3584774,0.0757394,0.1418438,0.1624696,0.0928522,0.1555372,0.501197,0.0747,0.2247102,0.1999332,0.0992992,0.2399986,0.2485044,0.0753102,0.1229528,0.1761008,0.0473868,0.1795039,0.2494922,0.0801916,0.1446212,0.1568018,0.093307,0.1856694,0.2495558
0.0745222,0.1625912,0.2848458,0.0871512,0.1933448,0.2340296,0.0690466,0.1518406,0.1943124,0.1301058,0.2000414,0.3558154,0.069276,0.1121194,0.2298052,0.0934254,0.1860942,0.1756371,0.057089,0.2273074,0.1797872,0.1215028,0.1185088,0.2660524,0.0533162,0.1535906,0.1792792,0.1141432,0.1677016,0.1521816,0.2588238,0.0807044,0.1609626,0.231403,0.176265,0.144936,0.27386,0.054161,0.2012934,0.1602133,0.1051294,0.1455082,0.2120614,0.047855,0.140967,0.1363,0.1183274,0.1583644,0.2733192,0.0697904,0.1389648,0.1581678,0.069104,0.2463864,0.2011278,0.0601384,0.1233944,0.1197704,0.124831,0.121586,0.274515,0.0505164,0.203068,0.1375864,0.0997394,0.2188094,0.5625918,0.1038218,0.1472524,0.3769354,0.1179178,0.1122708,0.4371698,0.0769758,0.1701244,0.1440034,0.1539662,0.1926798,0.2120556,0.0672444,0.1675706,0.2160436,0.111984,0.1742896,0.1941836,0.0701732,0.1416764,0.2439426,0.0662672,0.2190232,0.2369764,0.0980192,0.146077,0.1803598,0.0980828,0.1251724,0.2057054,0.0649876,0.1248238,0.16764,0.174778,0.096064,0.187257,0.2300882,0.0641266,0.2046304,0.205128,0.1664854,0.181645,0.2271508,0.0605526,0.1165886,0.209013,0.144941,0.2288902,0.4452022,0.210467,0.0582676,0.1351986,0.3365934,0.089369,0.1204914,0.2352232,0.0487942,0.134322,0.1600528,0.0810478,0.1628872,0.2279078,0.0749546,0.1168016,0.1519128,0.0981036,0.1658854,0.299486,0.0891988,0.1531914,0.1940008,0.1364116,0.1764906,0.190571966667,0.061319,0.1645118,0.1698648,0.0954834,0.1744983,0.2396578,0.094191,0.2193992,0.1288868,0.075924,0.1642862,0.1756494,0.23232,0.1183378,0.1228208,0.1607464,0.082054,0.1192814,0.3599952,0.0755514,0.1400156,0.1619394,0.092275,0.154862,0.5041326,0.0748068,0.224276,0.2001118,0.1003698,0.2418086,0.246809,0.075844,0.1247794,0.1750572,0.048358,0.1796187,0.2482468,0.0813826,0.1435232,0.1567718,0.0936464,0.18581,0.24989
0.0743202,0.1626694,0.2821106,0.0875804,0.1925058,0.2310684,0.069377,0.151133,0.1926606,0.1301562,0.1997682,0.3567326,0.0701522,0.1121988,0.2317008,0.0917728,0.1850186,0.1763583,0.0582274,0.2308432,0.1777434,0.1228196,0.1187764,0.2654062,0.0525428,0.1547622,0.1808824,0.114359,0.1681502,0.1509652,0.2607872,0.0818738,0.1602238,0.2298488,0.1773092,0.1456634,0.2728334,0.0528382,0.2002976,0.1598192,0.1048908,0.1438792,0.2111656,0.0495908,0.142252,0.1365998,0.117749,0.1579424,0.2771406,0.0700844,0.138953,0.1604118,0.068061,0.2458142,0.1979536,0.060211,0.122519,0.1195528,0.1247042,0.1214084,0.2780084,0.0514574,0.2037262,0.1379916,0.1002298,0.2194834,0.5697026,0.106104,0.1466184,0.3778176,0.1189308,0.1128416,0.4352424,0.0764406,0.1708128,0.1455412,0.1544744,0.1919628,0.21175,0.0678818,0.1667532,0.2154778,0.1132032,0.17368,0.1943484,0.0702934,0.1412126,0.245121,0.0679978,0.2207146,0.2366928,0.0979544,0.145261,0.1807238,0.099216,0.1243164,0.2057086,0.0645652,0.1245086,0.1700452,0.1745632,0.0967346,0.1886092,0.227754,0.0648436,0.2029532,0.2063098,0.16735,0.1836126,0.227726,0.0600686,0.1159894,0.209074,0.1453262,0.2292436,0.4425038,0.2092054,0.0593312,0.1349452,0.3411242,0.0903882,0.1204312,0.236185,0.0501482,0.133137,0.1629098,0.0811162,0.1657572,0.2272322,0.0753734,0.1155894,0.1522422,0.098343,0.1654722,0.3008764,0.0895388,0.1534366,0.1919144,0.1371784,0.1751078,0.190961166667,0.0620708,0.1634072,0.177024,0.1030692,0.174846,0.24216,0.095253,0.2180236,0.1288156,0.0758554,0.162844,0.1750756,0.232718,0.1184268,0.1250434,0.160092,0.0825822,0.1198828,0.360938,0.0762805,0.139371,0.1611972,0.093703,0.153489,0.5003624,0.076272,0.223903,0.1993886,0.100711,0.2446012,0.2474514,0.0753992,0.1238226,0.174394,0.0479596,0.1783171,0.2473194,0.0819218,0.1429706,0.1547924,0.094919,0.1831964,0.2508074
0.0735644,0.1629468,0.2787226,0.088434,0.191272,0.231476,0.0688356,0.1507396,0.1922746,0.1301306,0.1990622,0.3552004,0.0700534,0.1113428,0.2342928,0.09202,0.1848736,0.1755818,0.0573496,0.2301308,0.1772056,0.1224048,0.1180844,0.2682044,0.0526008,0.154879,0.1786806,0.1135182,0.167133,0.1506118,0.2626192,0.0814986,0.1602222,0.2295936,0.1767346,0.1462014,0.2714642,0.0539806,0.1987006,0.1581672,0.1038214,0.1447048,0.211533,0.0490294,0.1413336,0.1370836,0.1193158,0.1578134,0.274923,0.0711698,0.140202,0.1622556,0.067953,0.2466692,0.1980776,0.0606572,0.1239756,0.1200672,0.1234282,0.1212236,0.2768242,0.0509946,0.20781,0.1379284,0.1007464,0.2181242,0.5723176,0.1057982,0.1467936,0.38366,0.1187288,0.1126534,0.4367484,0.0753366,0.172005,0.1441624,0.1547598,0.192546,0.2112892,0.0674094,0.165652,0.2139216,0.1136298,0.1744256,0.1960332,0.0716454,0.1410952,0.2439774,0.0692732,0.2211418,0.2341578,0.0990044,0.1458192,0.179839,0.099786,0.1248432,0.2038194,0.063517,0.124379,0.1699802,0.1730114,0.0984326,0.188827,0.228942,0.0643776,0.202565,0.206668,0.1666786,0.1820614,0.2266676,0.0608852,0.115883,0.206277,0.1477816,0.2291136,0.441093,0.2066344,0.0579904,0.1324824,0.336564,0.0895996,0.121168,0.2353462,0.0506404,0.1332224,0.1633776,0.0812256,0.1671312,0.2272698,0.0757496,0.1160036,0.151648,0.101089,0.165455,0.302387,0.0893468,0.1542698,0.1919076,0.138181,0.1779852,0.191396766667,0.0611396,0.1626374,0.1761082,0.105178,0.1757076,0.2448996,0.095672,0.2167582,0.128667,0.0765168,0.1617918,0.173045,0.2332124,0.1192692,0.1233934,0.1591396,0.0819224,0.1204554,0.3594198,0.0761759,0.1399004,0.1650112,0.0927218,0.1524822,0.504157,0.0778802,0.2230896,0.2001784,0.1002774,0.2418664,0.2473296,0.0763514,0.1231996,0.172547,0.0483864,0.1790833,0.2459068,0.08191,0.1436628,0.1538424,0.0951966,0.1822462,0.2477626
0.0738554,0.1630016,0.2798776,0.0901438,0.1900574,0.230757,0.071213,0.1511206,0.1880396,0.1295062,0.198526,0.3579404,0.0701892,0.1109204,0.2393264,0.0927382,0.1850738,0.174266,0.0574656,0.2293212,0.1761518,0.1215604,0.1173206,0.2702356,0.0541946,0.1550424,0.1784446,0.115523,0.1672062,0.1497792,0.2625588,0.0814084,0.1605742,0.2281868,0.1752034,0.1457806,0.271272,0.053317,0.1974928,0.1635428,0.102077,0.142877,0.2109024,0.0493628,0.1425576,0.136175,0.1201724,0.15771,0.2742908,0.070733,0.1389356,0.1647206,0.0672586,0.24807,0.1970566,0.06135,0.1242928,0.1201102,0.1222904,0.1210804,0.2741758,0.051522,0.2112582,0.1376454,0.1019742,0.2192868,0.5735438,0.1063136,0.1467244,0.380009,0.1189782,0.1120992,0.4440086,0.0760584,0.170916,0.1450274,0.1533004,0.1906976,0.2096274,0.0689714,0.1677434,0.215144,0.1130614,0.1734294,0.1981606,0.071016,0.1408746,0.2496238,0.0706124,0.2198938,0.2354096,0.0988638,0.1447092,0.1793114,0.0990228,0.1244488,0.2056734,0.063333,0.1242098,0.1696918,0.1714114,0.098357,0.1869936,0.2274956,0.0652138,0.2022532,0.2040082,0.1646408,0.1833988,0.2257656,0.0612652,0.1154484,0.2061064,0.1474258,0.2310988,0.438306,0.2044406,0.0578954,0.1329024,0.3369786,0.0891264,0.1212646,0.233176,0.0496672,0.1321544,0.162527,0.080302,0.167634,0.2244466,0.075851,0.1165976,0.1518126,0.1021226,0.1640786,0.298839,0.0904162,0.152864,0.1902222,0.1377354,0.178559,0.1912541,0.0612522,0.1631376,0.1752684,0.1109506,0.171506,0.243274,0.0949466,0.214296,0.1311774,0.0771154,0.1620784,0.1721284,0.2314298,0.119038,0.1237688,0.155349,0.0828478,0.1206896,0.3600406,0.0761845,0.1400592,0.1650112,0.090933,0.1523288,0.5118374,0.0779494,0.2217258,0.1998806,0.1017176,0.2455602,0.247859,0.0762816,0.1240992,0.1732284,0.0482504,0.1798756,0.2451684,0.082622,0.1441778,0.1532488,0.0959846,0.1802912,0.245885
0.073777,0.1625828,0.280962,0.090328,0.1886712,0.228532,0.0723634,0.1513766,0.188943,0.1280156,0.2000778,0.3561658,0.0708308,0.1119724,0.2394928,0.0928218,0.18473,0.1730268,0.0570244,0.2296004,0.17581,0.1232108,0.1173498,0.2690738,0.0542246,0.1536748,0.17763,0.1156064,0.1673884,0.1491312,0.2618642,0.081734,0.1605466,0.2303116,0.1736298,0.1451442,0.2732968,0.0527536,0.1966936,0.1631074,0.1027524,0.144084,0.2081774,0.049585,0.1445142,0.1354418,0.1185964,0.157536,0.2741388,0.07101,0.1371512,0.165036,0.0674176,0.2486532,0.1958946,0.0616214,0.1243688,0.1196986,0.120648,0.1204584,0.2741772,0.0518284,0.2097596,0.136979,0.1013892,0.219562,0.5672598,0.1055164,0.147742,0.3817246,0.118051,0.1126332,0.4432438,0.0757086,0.1712454,0.1464158,0.1543812,0.1901482,0.2100976,0.0690968,0.1663078,0.2156588,0.1139262,0.1744936,0.2006196,0.0715126,0.1386396,0.248591,0.0708298,0.2182634,0.2350156,0.098452,0.1449646,0.1786566,0.0990478,0.1260322,0.2049022,0.0636766,0.1249906,0.1689924,0.1689254,0.0972064,0.1875644,0.2267478,0.0662554,0.202944,0.2046842,0.1606402,0.1852996,0.2263108,0.0619004,0.1159992,0.206194,0.149418,0.230666,0.4380017,0.2031826,0.0581656,0.135657,0.3328876,0.0897086,0.1219662,0.233806,0.049367,0.1335108,0.1628266,0.0811496,0.166929,0.2220736,0.0760348,0.115839,0.153566,0.101557,0.1648856,0.2969208,0.090802,0.1522004,0.1890998,0.1374966,0.1795794,0.1938989,0.0605656,0.1638366,0.173858,0.1163842,0.1707454,0.2435152,0.0973096,0.2153598,0.1299414,0.0779894,0.1623358,0.1710398,0.2303776,0.1191236,0.1257438,0.1557794,0.0847814,0.1211976,0.3566082,0.0742726,0.1404464,0.165371,0.0911764,0.1533722,0.5113454,0.079003,0.2203742,0.198209,0.1025788,0.2437072,0.248337,0.0773702,0.129276,0.1739786,0.0496864,0.1805292,0.2470416,0.0825032,0.1443438,0.1549268,0.0963906,0.1772854,0.2497762
0.0739476,0.161245,0.284348,0.092303,0.1880678,0.2286442,0.0733326,0.151378,0.188732,0.1272508,0.2013756,0.3549358,0.0697938,0.111454,0.2410476,0.0949096,0.184797,0.1734736,0.0567472,0.2303156,0.1754232,0.1231764,0.1181818,0.2672948,0.05502,0.1537942,0.1788804,0.1153638,0.1675176,0.1508562,0.2631048,0.0830924,0.16153,0.2286486,0.1731606,0.1455208,0.2745812,0.0585322,0.1969256,0.1643698,0.1044912,0.1444028,0.2094272,0.0491448,0.145562,0.1341644,0.1179958,0.156474,0.2721412,0.0708942,0.1353516,0.1650796,0.0674282,0.2476964,0.1974804,0.0610158,0.1222668,0.1205854,0.119875,0.1208036,0.2723316,0.0525318,0.2094952,0.137185,0.101667,0.2182526,0.5611608,0.1048558,0.14738,0.3866006,0.1177674,0.1126998,0.4431116,0.0749974,0.172521,0.1468586,0.1534866,0.1888826,0.2100224,0.069555,0.1669256,0.2147834,0.112812,0.171892,0.2058288,0.0708942,0.1392414,0.2448392,0.0714512,0.2186962,0.236773,0.097685,0.1460826,0.178708,0.0981974,0.1259378,0.2034222,0.0645306,0.1245866,0.1683998,0.1670908,0.0967594,0.1880406,0.2254174,0.0671882,0.2045528,0.2045846,0.1611328,0.182211,0.2236298,0.0617876,0.1153228,0.2052764,0.151136,0.2311256,0.4328441,0.2008454,0.0577482,0.1354916,0.3305948,0.0894642,0.1209744,0.2343318,0.04991,0.132961,0.1607134,0.081436,0.1695992,0.2230722,0.0769746,0.1178462,0.1526116,0.1008582,0.1660654,0.2945326,0.0899084,0.1528698,0.1899558,0.1387944,0.1788798,0.1923123,0.0607536,0.1634894,0.1729764,0.1210404,0.1696206,0.2422798,0.0970146,0.2140158,0.1295016,0.077192,0.1622676,0.1710408,0.229654,0.1198518,0.1262298,0.1558658,0.0851408,0.1195102,0.3552586,0.0737826,0.140799,0.1645234,0.0910038,0.1530058,0.5034726,0.0795562,0.224909,0.1963614,0.1023522,0.2420816,0.248557,0.077076,0.1275188,0.174493,0.050168,0.1807694,0.2449668,0.083569,0.1448288,0.152292,0.096575,0.177905,0.2499452
0.0740048,0.1627084,0.2798338,0.0942664,0.1868196,0.230848,0.0732528,0.1484982,0.1874086,0.127054,0.2010936,0.3526638,0.0703448,0.109807,0.2394076,0.0946542,0.1846962,0.1712722,0.0565462,0.2326594,0.175037,0.1232754,0.11996,0.2654166,0.0553216,0.1550566,0.17854,0.1148992,0.168165,0.152885,0.2608748,0.0817246,0.1620188,0.2270646,0.1743662,0.1434254,0.2750494,0.0581062,0.1968596,0.1642682,0.1041458,0.1437476,0.2113438,0.0503434,0.1457784,0.1338844,0.1192608,0.1546694,0.2727398,0.0704734,0.1352582,0.1635718,0.0674028,0.2462424,0.1980414,0.0608778,0.1211216,0.1195024,0.1197874,0.1190862,0.2697544,0.0551652,0.209124,0.1384154,0.1002038,0.214081,0.559702,0.1052862,0.1463362,0.3853934,0.1162214,0.1126446,0.4463728,0.0749636,0.1736742,0.1470894,0.150352,0.1910656,0.2114185,0.0706172,0.169268,0.2142908,0.1134532,0.173611,0.2076334,0.071301,0.1390698,0.243848,0.0707414,0.2176496,0.2353472,0.0978728,0.1465596,0.1779844,0.098607,0.1265736,0.2020804,0.0647628,0.124882,0.1700106,0.16801,0.0964348,0.1897596,0.2262428,0.0670214,0.2036996,0.205246,0.1630506,0.1837842,0.2222254,0.0623148,0.1145432,0.2035734,0.1488488,0.231862,0.4283333,0.2011284,0.0578004,0.1349198,0.3315412,0.0881392,0.1208768,0.235917,0.050207,0.1354184,0.1605872,0.081684,0.1718772,0.2186642,0.0780342,0.118269,0.153306,0.1007946,0.1667224,0.2922578,0.0891426,0.1529672,0.1872486,0.1390658,0.1797988,0.1920297,0.061179,0.1628908,0.172801,0.1307104,0.170276,0.2405604,0.0981126,0.2138754,0.131263,0.076167,0.1620422,0.1713782,0.228559,0.1187294,0.1260146,0.1547658,0.0865472,0.1205112,0.3568136,0.0750984,0.1391684,0.1668662,0.0907552,0.1546162,0.5065364,0.0791418,0.2261622,0.1948592,0.1027258,0.2436274,0.2497308,0.077777,0.1279436,0.1755858,0.0501496,0.1795936,0.2470978,0.0843146,0.1463378,0.1537982,0.0976886,0.177351,0.2511628
0.0789932,0.1604932,0.2855106,0.094419,0.1878278,0.2304088,0.0746092,0.1500574,0.1880018,0.1255936,0.2003984,0.350448,0.0693494,0.109876,0.2390894,0.0943218,0.1829668,0.1703898,0.0562892,0.232804,0.1752586,0.1244698,0.1204426,0.2662446,0.0550852,0.15565,0.178362,0.1142288,0.1694806,0.1513176,0.2615502,0.0813452,0.1609674,0.2268362,0.1746778,0.1419476,0.2750602,0.0583818,0.198008,0.1636718,0.1049374,0.14438,0.2123858,0.0513526,0.147427,0.1351148,0.1181632,0.1541492,0.2739086,0.0693574,0.135379,0.1645156,0.0679688,0.2482994,0.200209,0.0612566,0.1202426,0.1192066,0.1192216,0.1181496,0.2710724,0.0549938,0.212224,0.1381854,0.0999386,0.2141344,0.5632744,0.1045294,0.1475774,0.383741,0.116402,0.112319,0.4394798,0.0753668,0.1749442,0.145721,0.153543,0.1926428,0.2121714,0.0712346,0.1679708,0.2147756,0.113934,0.1724402,0.2106186,0.070784,0.1399378,0.2462798,0.0713184,0.2167172,0.2347228,0.097852,0.1453666,0.178532,0.1001572,0.1276968,0.2015084,0.064044,0.1241624,0.1687826,0.1649182,0.0968712,0.1887762,0.2241034,0.0665214,0.2036606,0.204443,0.1630936,0.1862678,0.2226894,0.0620042,0.1155076,0.2042998,0.1493018,0.2296696,0.4378909,0.2015744,0.0579158,0.134496,0.3300406,0.0875838,0.1213264,0.2363222,0.0503142,0.1355994,0.1592674,0.0802708,0.1741944,0.2197102,0.0790476,0.1178558,0.1545048,0.100258,0.1642292,0.289909,0.0891156,0.1520718,0.1863938,0.1396448,0.1798958,0.1903135,0.06062,0.1645376,0.169921,0.1352302,0.168716,0.2365894,0.0980626,0.213943,0.1297846,0.0768008,0.1613198,0.1696048,0.2298822,0.1195794,0.1261326,0.1549982,0.0862762,0.1215046,0.3547974,0.0754908,0.1416852,0.168598,0.0908216,0.1535862,0.5059072,0.0796986,0.225471,0.1943318,0.1022908,0.2425064,0.2538802,0.0775286,0.1268256,0.1740904,0.049309,0.1777924,0.2485258,0.0835148,0.145626,0.1535488,0.0983946,0.1736906,0.2529466
0.079032,0.1609118,0.2813552,0.0941236,0.185725,0.2300354,0.0738896,0.1533718,0.1891114,0.1257122,0.1993262,0.3548498,0.0698574,0.1096868,0.2399584,0.094242,0.1813376,0.171419,0.0570694,0.2342122,0.17762,0.1239232,0.1198652,0.2664388,0.0552016,0.1531838,0.1799202,0.1141552,0.1688428,0.1524086,0.261844,0.0821164,0.1610354,0.2265196,0.1756464,0.1411574,0.2722422,0.0585186,0.19974,0.1638836,0.1062666,0.1439914,0.2128014,0.0497224,0.1482128,0.1347554,0.1164324,0.1547774,0.2700692,0.0688922,0.1362108,0.1639146,0.0684114,0.2490264,0.2008148,0.0603196,0.1189172,0.120591,0.1201006,0.117854,0.2697358,0.055429,0.2145812,0.1373722,0.0997168,0.211334,0.564169,0.1046136,0.149042,0.3842786,0.117896,0.1130132,0.4443872,0.075503,0.1743966,0.144318,0.1524228,0.1928214,0.2126198,0.0708354,0.1691026,0.2134664,0.1136952,0.1729286,0.2113756,0.070995,0.1398728,0.2465942,0.0714048,0.2178778,0.2343558,0.0965064,0.1455686,0.1777732,0.0996012,0.12899,0.2017282,0.0645624,0.1258146,0.1686434,0.1638642,0.0996916,0.1903996,0.2310152,0.0670092,0.2054572,0.2048332,0.1639684,0.1858718,0.2216452,0.0618766,0.1153322,0.2036138,0.1517926,0.2277128,0.4352445,0.1995656,0.0587018,0.1351246,0.3302628,0.0892874,0.1209902,0.2366534,0.0503926,0.1360066,0.1581938,0.0807198,0.1777632,0.2178844,0.0789316,0.1172212,0.1563738,0.1007744,0.1651712,0.2908628,0.0893386,0.1501642,0.1873478,0.13864,0.1797864,0.1886663,0.0618496,0.1620884,0.171012,0.1386224,0.1678306,0.235791,0.0990864,0.2141952,0.1313164,0.0774668,0.159303,0.1682198,0.2313474,0.1190086,0.129343,0.1549264,0.0851188,0.119656,0.3539944,0.0762468,0.1422098,0.170812,0.090042,0.1533584,0.5100246,0.0796888,0.2253368,0.1924366,0.1026152,0.2440952,0.2496442,0.0775268,0.124999,0.1739086,0.048862,0.1775998,0.2486522,0.0831744,0.145131,0.1547058,0.0990032,0.1751846,0.2527123
0.0792744,0.1622664,0.2801426,0.0949604,0.1842874,0.2298132,0.0739758,0.1540922,0.1880146,0.125619,0.1987328,0.356958,0.0705964,0.1100048,0.2417606,0.093891,0.1817054,0.1715906,0.0565916,0.2317322,0.1769406,0.1234096,0.1204672,0.2659304,0.0544688,0.1508676,0.179253,0.113595,0.1686152,0.1508428,0.2642918,0.0831186,0.1613286,0.2236678,0.1760306,0.1393832,0.2712838,0.0587784,0.1996664,0.164668,0.1076074,0.145557,0.2126826,0.0502836,0.148164,0.1346108,0.1168094,0.1552776,0.2658226,0.0689532,0.1365294,0.1650196,0.0679024,0.249229,0.2022796,0.061169,0.1204142,0.1196092,0.118955,0.1179664,0.2699838,0.055357,0.214989,0.1376068,0.1002388,0.2121694,0.5655966,0.1039346,0.1509622,0.3859796,0.1184666,0.1120484,0.4442116,0.0755858,0.1736096,0.1439132,0.1526372,0.1932462,0.2111196,0.0704078,0.1689442,0.2131202,0.1132964,0.1723858,0.2132834,0.071498,0.139983,0.2528306,0.0714496,0.2182932,0.2333992,0.0964634,0.146896,0.1788854,0.100841,0.1287302,0.1997706,0.0646884,0.1249662,0.1707638,0.1637222,0.1010022,0.191126,0.2309308,0.0674656,0.2033922,0.207052,0.1615734,0.184104,0.2204806,0.0627136,0.1149334,0.2029206,0.1520432,0.2268642,0.4325599,0.1975594,0.0582498,0.1367112,0.3296028,0.0907224,0.1222394,0.2387114,0.0499592,0.135048,0.1561726,0.0812636,0.178669,0.2202344,0.079243,0.1183348,0.1559954,0.1015606,0.164698,0.289607,0.0898774,0.15003,0.1892092,0.138615,0.1804384,0.1878831,0.0613396,0.162499,0.1706646,0.1437482,0.165009,0.2366064,0.1000644,0.216072,0.1303526,0.0775972,0.1600368,0.1640426,0.2334522,0.1190836,0.1279112,0.1545312,0.0842218,0.1182714,0.3550914,0.0758214,0.143892,0.1722588,0.0895272,0.1535948,0.504996,0.0795608,0.2254118,0.1927666,0.1022002,0.2435152,0.248069,0.077418,0.1237204,0.1759406,0.0485782,0.1779792,0.2474324,0.0842234,0.1439834,0.1535208,0.0988818,0.1753518,0.2524524
0.0782554,0.1639216,0.2789912,0.095022,0.1845218,0.2320234,0.0753092,0.1549076,0.1890102,0.1246634,0.1979402,0.3595246,0.0705104,0.1116838,0.2393592,0.0947968,0.1801154,0.172757,0.057204,0.2289256,0.1779548,0.1237782,0.1202032,0.2686106,0.0546144,0.1494512,0.178786,0.1143846,0.1681842,0.1514104,0.2633018,0.0815294,0.1608052,0.2232098,0.175413,0.1381,0.2679612,0.058667,0.1983126,0.1623386,0.1081514,0.1460464,0.2133508,0.0501346,0.1479574,0.133747,0.116079,0.155405,0.2661764,0.0691476,0.1360502,0.1661904,0.0679384,0.2491292,0.2029056,0.0612968,0.1219598,0.1195524,0.1182712,0.11884,0.2707464,0.0552242,0.2158382,0.1382034,0.1002276,0.2123172,0.5651072,0.1042736,0.1508642,0.3858418,0.1200266,0.1114924,0.4408162,0.074618,0.1726186,0.1468048,0.1522978,0.1926962,0.2102098,0.0707758,0.1684392,0.217748,0.1141552,0.1716554,0.2180044,0.071938,0.1391428,0.253422,0.0726876,0.217864,0.2326414,0.0957248,0.1459124,0.1790084,0.1000758,0.1265534,0.2005524,0.0641704,0.1254564,0.1691326,0.1611236,0.102305,0.1919662,0.2298212,0.0668058,0.2053408,0.2056096,0.1619838,0.1842084,0.2196352,0.0631252,0.1149936,0.2046764,0.1532218,0.2267882,0.4291575,0.1987606,0.0583122,0.1370592,0.330856,0.0896378,0.1203866,0.236182,0.04918,0.136726,0.1568122,0.0813196,0.1791296,0.2231094,0.0801516,0.1173146,0.1560498,0.1012572,0.1641778,0.2870954,0.0901584,0.1486842,0.1898338,0.13998,0.1800244,0.1865355,0.0608266,0.1606306,0.1745896,0.1470888,0.1650904,0.23394,0.0994518,0.2158076,0.128669,0.0773884,0.1651378,0.164358,0.2336804,0.1189312,0.1290746,0.1536052,0.085221,0.1191506,0.3577798,0.0761603,0.1452852,0.1733852,0.0890254,0.153447,0.5036636,0.0800516,0.2249214,0.1920944,0.1014694,0.2419502,0.2504518,0.0777038,0.124059,0.1758086,0.0497804,0.1769754,0.2496148,0.0847632,0.1443088,0.154638,0.099617,0.1739916,0.2509698
0.0788158,0.1623622,0.2778874,0.095305,0.1836616,0.2340452,0.0773954,0.1557504,0.1898714,0.1250506,0.1968264,0.3589598,0.0707188,0.112708,0.2412326,0.0941686,0.1782494,0.1727128,0.0621398,0.229732,0.1761884,0.1253558,0.119455,0.2697676,0.0546286,0.14813,0.1786372,0.1151348,0.169,0.151879,0.2613992,0.08275,0.161152,0.2222206,0.1766474,0.1382772,0.2654164,0.0580026,0.1980636,0.1633416,0.1083336,0.1467116,0.2148924,0.049817,0.1481104,0.1315418,0.1184774,0.154043,0.2690638,0.068655,0.1347496,0.1627168,0.0687522,0.2470144,0.2036466,0.0616424,0.12266,0.1196076,0.117856,0.1207162,0.269537,0.0552678,0.2144504,0.138567,0.1003534,0.2104998,0.5693738,0.1051486,0.1500924,0.3817056,0.1192874,0.1111744,0.4393684,0.075027,0.1732366,0.1460726,0.1491098,0.1929214,0.2083728,0.07095,0.1686954,0.217227,0.1152936,0.1718166,0.2203214,0.0725052,0.1398632,0.2508366,0.0736256,0.218008,0.2328802,0.0952384,0.1438814,0.1779662,0.0992236,0.1264778,0.199597,0.0639168,0.12499,0.1711706,0.163833,0.1027108,0.190661,0.2288598,0.0670724,0.2049694,0.2044526,0.1623598,0.1834462,0.2225338,0.0625888,0.1146414,0.201959,0.1525704,0.2265856,0.4290057,0.1987782,0.0586848,0.139219,0.3261902,0.0895034,0.120444,0.2354442,0.048914,0.1361906,0.1550506,0.0819936,0.1809412,0.2244084,0.0802684,0.1170304,0.1555276,0.1003712,0.1628824,0.2857254,0.09064,0.1488834,0.1897412,0.1406904,0.180339,0.1865579,0.0614958,0.1604858,0.1751898,0.1496066,0.1647332,0.236007,0.1006562,0.214892,0.1282024,0.077435,0.1656008,0.1612584,0.2320926,0.1196136,0.1279146,0.1541774,0.084857,0.1180824,0.3610962,0.0763387,0.145555,0.1752068,0.0890502,0.1532852,0.508761,0.0798182,0.224694,0.1892156,0.1021468,0.2432246,0.2529642,0.077844,0.1222716,0.1739272,0.0493722,0.175637,0.2489414,0.0840018,0.143237,0.1553588,0.098969,0.1730924,0.2505954
0.078924,0.1626008,0.280325,0.0942352,0.1860822,0.2384458,0.0778526,0.1547134,0.1885572,0.1258832,0.1953094,0.3558664,0.071032,0.1128556,0.2410944,0.0928502,0.175999,0.1753274,0.0623436,0.2284498,0.1741112,0.1229836,0.1193176,0.271276,0.0538876,0.1460838,0.17857,0.1139238,0.1687582,0.1502876,0.2630814,0.0837878,0.1642166,0.2221192,0.175575,0.1371794,0.2648234,0.0580426,0.19878,0.1640242,0.1071638,0.1459914,0.2124358,0.049535,0.1452616,0.13235,0.1176964,0.1550658,0.2655048,0.0681848,0.1351682,0.164296,0.0684968,0.2492182,0.2026474,0.0617594,0.1215766,0.1193812,0.117146,0.1199986,0.2727056,0.0549348,0.2127998,0.1382386,0.0998448,0.2125712,0.5729558,0.105667,0.1499284,0.3813174,0.118605,0.1127644,0.436563,0.0755862,0.173351,0.1469566,0.151685,0.1928786,0.20716,0.0727708,0.1721396,0.2195898,0.1169972,0.173856,0.2206538,0.0722336,0.1411072,0.247756,0.0738202,0.2188426,0.233904,0.0955924,0.1432718,0.1784922,0.0999758,0.1289262,0.2000506,0.0637934,0.124461,0.1694838,0.1624008,0.1028634,0.1900096,0.2252128,0.0677606,0.2044186,0.203531,0.1653838,0.1829848,0.2192886,0.0620068,0.1141418,0.2034388,0.1514894,0.2261898,0.4249109,0.2018974,0.0595634,0.1378444,0.3341376,0.0894212,0.1210612,0.2355246,0.0476944,0.1359294,0.1535022,0.0821614,0.1820906,0.2214634,0.0807066,0.1182188,0.155032,0.1002312,0.1619884,0.2871978,0.0911182,0.1477462,0.1884736,0.1424248,0.1807486,0.1864171,0.0612486,0.1601772,0.1751498,0.1524496,0.1641094,0.2402514,0.1015822,0.2148292,0.128486,0.0789226,0.1653876,0.1615176,0.2329618,0.1199764,0.127944,0.1551752,0.0855058,0.1159988,0.3583316,0.0756819,0.1465692,0.1745102,0.0887538,0.1533506,0.50669,0.0809248,0.2257442,0.1934664,0.1021928,0.2446836,0.2556786,0.0776364,0.1224056,0.1741624,0.0506814,0.1761592,0.2459086,0.0830674,0.1444994,0.1568724,0.098759,0.1734014,0.2471954
0.0790878,0.1620106,0.28173,0.0942558,0.1844602,0.238091,0.0795682,0.1556156,0.1892422,0.1246834,0.1935632,0.3560232,0.0709012,0.1133204,0.2431426,0.0937666,0.1787522,0.177922,0.0622946,0.2278514,0.1751724,0.1234796,0.1189578,0.270216,0.0544678,0.1462938,0.1799306,0.113155,0.1686106,0.1505004,0.2588322,0.0835748,0.1628106,0.22104,0.174656,0.1383104,0.2643158,0.0575228,0.2002946,0.1668762,0.1072332,0.1466218,0.210821,0.0503352,0.1442936,0.1309478,0.1172846,0.1562216,0.265927,0.0695566,0.1356068,0.1650658,0.0732448,0.249622,0.2002044,0.062116,0.1203804,0.1202574,0.1170688,0.1194174,0.2743904,0.055571,0.2128784,0.1384348,0.099162,0.2115898,0.5697712,0.1059028,0.1500222,0.3826776,0.1204654,0.1116102,0.4364216,0.075436,0.173615,0.1464558,0.1518984,0.1913712,0.2089194,0.0729842,0.1705952,0.2212738,0.1169624,0.1720394,0.2250028,0.0713032,0.1417026,0.2496238,0.074385,0.21701,0.2358358,0.0943356,0.1432956,0.1792086,0.0998862,0.1283076,0.1997002,0.0644012,0.1236162,0.16794,0.1623818,0.1027872,0.1898904,0.2246596,0.0688136,0.2045734,0.200305,0.164417,0.1845032,0.2195754,0.062715,0.1138032,0.2004886,0.1516342,0.2245654,0.4205971,0.204543,0.0601428,0.1379988,0.3388242,0.0896734,0.1204484,0.233592,0.0485426,0.1346578,0.153218,0.0824112,0.1842098,0.2220612,0.08033,0.1177024,0.1559952,0.1003038,0.164211,0.2809382,0.0907508,0.1475606,0.1874492,0.1404758,0.1810662,0.1863679,0.061976,0.1607384,0.1765772,0.153339,0.164323,0.2400858,0.1000336,0.2138416,0.126944,0.0796036,0.1637272,0.1603776,0.231265,0.1209148,0.1278654,0.1562382,0.0853712,0.1153412,0.3536682,0.0757901,0.1456748,0.1794684,0.0883262,0.1543602,0.5105048,0.0810482,0.22448,0.194202,0.1026482,0.2424776,0.2553264,0.077549,0.1242338,0.1740158,0.0515,0.174793,0.2455536,0.0824598,0.1457548,0.1562994,0.0994846,0.1746332,0.2464016
0.0794042,0.1606774,0.2826772,0.0936616,0.1834864,0.2374088,0.080481,0.155791,0.1909782,0.124366,0.192164,0.3554542,0.0710776,0.1130254,0.2434638,0.094505,0.177346,0.176432,0.0623542,0.2296844,0.1722858,0.1219124,0.1185724,0.270724,0.0561938,0.147324,0.1797872,0.1117084,0.1679662,0.150107,0.2590514,0.0844964,0.1630894,0.2207276,0.1744562,0.1388174,0.266197,0.0582754,0.1992544,0.165335,0.1065454,0.1465574,0.206835,0.0497754,0.1440342,0.1355124,0.116888,0.1559774,0.2663734,0.068587,0.1351784,0.1663408,0.0727472,0.2489536,0.2048574,0.0615112,0.1204616,0.1211828,0.115537,0.1212852,0.273545,0.056785,0.212257,0.1369758,0.0990304,0.211814,0.5657524,0.1058688,0.1500306,0.3823664,0.119319,0.1115646,0.4298458,0.0762288,0.1723768,0.149173,0.1535336,0.1916544,0.2110954,0.0725164,0.1695002,0.219751,0.1171586,0.1709932,0.2280904,0.071462,0.141431,0.250814,0.0746752,0.2149766,0.2366954,0.0942408,0.1435306,0.1783204,0.1008874,0.1293172,0.200538,0.0646446,0.123601,0.1681158,0.167036,0.1020828,0.1912366,0.2267084,0.0689562,0.2055254,0.1995824,0.1640624,0.183715,0.2187178,0.062771,0.1144976,0.1992118,0.1530738,0.2234282,0.4162508,0.2023746,0.0602016,0.136854,0.346963,0.0926482,0.1208154,0.2294508,0.0487378,0.1360114,0.1542115,0.0826394,0.1843296,0.2251212,0.08101,0.1189382,0.1544856,0.1008868,0.1637644,0.2826354,0.0909988,0.1485326,0.1864606,0.1411356,0.181126,0.1847765,0.061847,0.160332,0.174546,0.152762,0.1627146,0.2405892,0.1020458,0.2132682,0.1274442,0.0790458,0.164277,0.1593494,0.2328098,0.1219128,0.127046,0.1564164,0.0848318,0.115332,0.3557596,0.0763006,0.145023,0.1794808,0.0880096,0.1538274,0.5092432,0.0806468,0.2203804,0.1939302,0.1033338,0.242481,0.2566928,0.0782702,0.1252698,0.1751544,0.0516722,0.1747946,0.2460606,0.0821094,0.144593,0.1565078,0.1000094,0.1728648,0.2447274
0.0782626,0.1608768,0.2890266,0.0950952,0.1818094,0.237286,0.0798548,0.1577826,0.1926262,0.1225514,0.1906264,0.3537106,0.0716392,0.113011,0.244494,0.0956204,0.178208,0.1772104,0.0624166,0.2301192,0.1716826,0.1237972,0.11814,0.2707026,0.0560038,0.1461288,0.18056,0.1106124,0.1674528,0.1494584,0.2552356,0.0843232,0.1632248,0.2178574,0.1745748,0.1405552,0.2678328,0.0583966,0.199872,0.1656474,0.1081548,0.1456516,0.206865,0.0498462,0.147887,0.13529,0.1181168,0.156559,0.2638298,0.0693056,0.1369794,0.166376,0.072344,0.2494114,0.2069186,0.0618624,0.1199774,0.122073,0.1158304,0.1206738,0.2705176,0.0573916,0.2115762,0.1391846,0.099599,0.2085058,0.5661834,0.1065422,0.1516626,0.3783978,0.1173738,0.1123624,0.4388078,0.0762718,0.1705044,0.1495074,0.1524834,0.1950234,0.2094096,0.0722682,0.1689932,0.2234406,0.1178894,0.1726014,0.2286996,0.0718982,0.1413788,0.2505476,0.0753028,0.213565,0.235706,0.0950742,0.1422852,0.1764256,0.1001002,0.128678,0.2004468,0.0654424,0.1219862,0.1698946,0.1663106,0.1025868,0.1912376,0.2222462,0.0691384,0.2042002,0.1996478,0.1663366,0.1814168,0.2191936,0.0633534,0.1142182,0.1997342,0.1516378,0.2211232,0.4131801,0.2024092,0.0603482,0.1390348,0.3507558,0.0940714,0.1198648,0.228522,0.0524174,0.1365976,0.1540569,0.0829336,0.1838968,0.220791,0.0804686,0.1194412,0.1555182,0.1002866,0.1642662,0.2811946,0.0911806,0.1507248,0.1871666,0.1419848,0.1814288,0.1852463,0.0651736,0.161616,0.1722596,0.154763,0.1617576,0.2395994,0.1022424,0.216322,0.1256058,0.0791914,0.1633524,0.1586674,0.2361372,0.1223372,0.1267122,0.155642,0.0892516,0.11562,0.355372,0.075544,0.1448938,0.1826826,0.0886592,0.15125,0.5076588,0.0809454,0.2219782,0.1951444,0.102867,0.2421502,0.2562162,0.0787196,0.1261618,0.1738506,0.051127,0.1751286,0.2452152,0.0821274,0.1444826,0.1570304,0.100789,0.1714276,0.243871
0.0786156,0.1617886,0.2918358,0.096095,0.1824522,0.2377096,0.0795764,0.159282,0.1952576,0.1224994,0.1896578,0.3528804,0.0715726,0.1131106,0.2447264,0.095931,0.1775836,0.1772726,0.0624438,0.2289962,0.1736456,0.1235942,0.1181224,0.2711976,0.055936,0.1445286,0.176392,0.1122672,0.16664,0.1468938,0.253204,0.0839628,0.161432,0.2171592,0.174746,0.1399976,0.2671914,0.0585392,0.2015702,0.1651436,0.1072918,0.1457612,0.207491,0.049539,0.1477446,0.1372146,0.1181634,0.1582082,0.2649308,0.067941,0.1376908,0.1655444,0.0728586,0.248369,0.2038468,0.0620478,0.1207466,0.1215212,0.1151066,0.1210556,0.2688636,0.056131,0.2115808,0.1380726,0.0991364,0.2080602,0.5690832,0.1062952,0.1522416,0.3746402,0.1166238,0.1124176,0.4388512,0.0763776,0.1688016,0.1492976,0.1536494,0.1971922,0.20837,0.0723456,0.1698256,0.2223972,0.1184276,0.1718936,0.228024,0.0709762,0.1408798,0.2494412,0.0750054,0.2136804,0.2347818,0.0959156,0.1418516,0.174673,0.100604,0.128267,0.1984178,0.0647852,0.1232012,0.1699696,0.1636504,0.1023254,0.190416,0.2191016,0.0696014,0.2044416,0.1985982,0.1641572,0.1820946,0.21945,0.0638214,0.1139052,0.2005186,0.1504368,0.2207408,0.4109074,0.200366,0.0597092,0.139541,0.3506392,0.0940876,0.118475,0.2271998,0.0522806,0.1365006,0.1526913,0.082538,0.1820904,0.2204756,0.0799596,0.118597,0.1554836,0.1002596,0.1638868,0.2810837,0.0903668,0.1501984,0.1877564,0.1390706,0.1812464,0.1878719,0.0655978,0.1625562,0.1742034,0.1578108,0.1617646,0.2394536,0.1046346,0.2166228,0.1247588,0.0787222,0.1614182,0.1575728,0.2384942,0.12179,0.126522,0.1555396,0.0890662,0.1151394,0.3571152,0.0765874,0.1446504,0.183681,0.0880056,0.1507724,0.5063238,0.0815912,0.2239302,0.1939018,0.1031336,0.2424682,0.255488,0.0828308,0.125503,0.1721782,0.0516638,0.1749918,0.2440242,0.0818824,0.1440626,0.1560542,0.100146,0.172151,0.2430824
0.0785044,0.1621024,0.2947932,0.096587,0.1822224,0.2373908,0.0805074,0.1615646,0.1944444,0.1223644,0.1907216,0.350767,0.0724414,0.1132702,0.2456392,0.0947888,0.1793866,0.1763984,0.0634442,0.2278336,0.172675,0.1246706,0.1178766,0.2674708,0.0578502,0.1449312,0.1790802,0.1110264,0.1667938,0.1459464,0.2491292,0.0848612,0.1609842,0.2184188,0.1745164,0.1400098,0.2652162,0.0588554,0.199137,0.167343,0.1071158,0.1441274,0.2029182,0.0491392,0.1481426,0.1380892,0.1185768,0.1577446,0.2664458,0.0700486,0.137195,0.163491,0.0722826,0.2532122,0.2039924,0.062202,0.1209394,0.1228906,0.1143932,0.1214546,0.2691806,0.0564786,0.211144,0.137134,0.0987998,0.2081274,0.574268,0.1058814,0.152729,0.3808694,0.1173236,0.1119728,0.4440038,0.0753302,0.169647,0.1489852,0.1529548,0.1960974,0.2100364,0.072412,0.169749,0.2243676,0.1192276,0.170545,0.2288184,0.0708994,0.1401876,0.2481164,0.0754264,0.2149582,0.2326526,0.0959032,0.1415052,0.1732422,0.1000442,0.1300832,0.1987506,0.0649262,0.1211546,0.1688558,0.1631298,0.101942,0.189774,0.2206136,0.0693722,0.2047368,0.1983724,0.165682,0.1889424,0.220923,0.0627232,0.112947,0.1980738,0.1509266,0.218704,0.4125468,0.2080768,0.0596326,0.1423594,0.3515954,0.094829,0.1183758,0.2282506,0.0521764,0.1364708,0.1502651,0.0818692,0.182745,0.2181434,0.080493,0.117105,0.1550028,0.1017398,0.16307,0.2848126,0.0901518,0.1504522,0.1861928,0.1418512,0.1827874,0.187984,0.066234,0.1604816,0.1748026,0.1572512,0.1621806,0.2422292,0.103327,0.2175974,0.123928,0.080171,0.1611056,0.1625896,0.2393604,0.1218972,0.127624,0.1550022,0.0891028,0.115508,0.3555758,0.0755,0.1446168,0.1839332,0.0879262,0.1506382,0.5105578,0.0821638,0.2258206,0.1934262,0.1036694,0.2417708,0.2523576,0.0829902,0.126745,0.1734,0.0518798,0.175358,0.242485,0.082748,0.1446106,0.1560272,0.0992714,0.171716,0.2464614
0.0782092,0.162372,0.2924876,0.0974414,0.1796034,0.2350268,0.0803876,0.1612854,0.1938098,0.1218748,0.1912342,0.3501778,0.0728,0.1114548,0.2444874,0.0951918,0.1786012,0.1751012,0.0635938,0.2265736,0.1728578,0.1251918,0.1185006,0.2731382,0.0580582,0.1454726,0.1824706,0.1101746,0.1666208,0.1456926,0.2457512,0.084214,0.1618522,0.2206466,0.1749866,0.1406152,0.2628106,0.0587798,0.201963,0.1668652,0.106761,0.1427712,0.2032314,0.054877,0.1486872,0.138076,0.1215036,0.1553404,0.263216,0.0717572,0.1365538,0.1642138,0.0714548,0.2552272,0.202024,0.0623912,0.1199966,0.12319,0.1149848,0.1212532,0.2694812,0.0568364,0.2090462,0.1359354,0.098933,0.2082454,0.5759156,0.1075218,0.1521928,0.3792652,0.1171594,0.1108974,0.4458702,0.0773826,0.1682922,0.1490204,0.152097,0.1969468,0.2067394,0.0737124,0.170165,0.2255764,0.1169962,0.1671028,0.2282734,0.0718194,0.139307,0.2509524,0.0753354,0.214951,0.2320508,0.0960774,0.1415846,0.1737288,0.1000376,0.1317248,0.199042,0.065192,0.1221514,0.1694082,0.162602,0.103176,0.1891162,0.2229884,0.069533,0.2042728,0.1997832,0.164811,0.1880532,0.2201362,0.0639214,0.1118502,0.196974,0.1502508,0.2195054,0.41352,0.2074023,0.0600192,0.1421368,0.3562996,0.0958836,0.1161304,0.2273832,0.0523302,0.1361384,0.1482435,0.0802952,0.1847596,0.2162858,0.0810804,0.1179622,0.1553176,0.1014016,0.1623942,0.2859942,0.089684,0.1506682,0.1862256,0.1410792,0.1827646,0.1851934,0.0670788,0.161731,0.1735286,0.160897,0.1621472,0.2418576,0.1033184,0.216647,0.1232588,0.080676,0.1597482,0.1614858,0.2375038,0.1223908,0.126088,0.1532546,0.0888872,0.115716,0.3541622,0.0752316,0.1447352,0.1857392,0.0878388,0.1484636,0.5144112,0.0827528,0.2297044,0.1972524,0.1044852,0.242047,0.2576828,0.0833306,0.1279726,0.1717722,0.0520204,0.1759898,0.2426818,0.08247,0.1444478,0.1570314,0.0997564,0.1734944,0.2472938
0.0790906,0.1614604,0.2968248,0.097913,0.17917,0.2369378,0.0809308,0.1629392,0.19547,0.1218778,0.1926094,0.3486362,0.0719462,0.1111958,0.2451112,0.0952336,0.179478,0.1788312,0.0630464,0.2273756,0.172341,0.124891,0.118483,0.270707,0.0575646,0.1447384,0.1852372,0.1123554,0.166892,0.1443654,0.2436528,0.0835784,0.163041,0.2148856,0.1733508,0.1410668,0.2642456,0.0583048,0.201548,0.1666388,0.1057284,0.1425884,0.206315,0.0551772,0.1491136,0.1387288,0.1196104,0.155103,0.2636934,0.0716952,0.1355172,0.1667318,0.0711034,0.2542572,0.2009524,0.0663762,0.1201138,0.12299,0.1149054,0.1205454,0.2660208,0.0566408,0.2108598,0.1364448,0.0998014,0.2064514,0.572558,0.1102344,0.151159,0.3789748,0.1164616,0.1103936,0.4404776,0.077299,0.1689582,0.1484854,0.149719,0.1979332,0.2076406,0.0741932,0.1710604,0.2270168,0.1161812,0.164904,0.230012,0.0716182,0.138146,0.2560248,0.0751298,0.2168318,0.2343064,0.0951062,0.1413584,0.172861,0.0992504,0.132402,0.1980178,0.0656994,0.1231132,0.1714902,0.1622832,0.1041052,0.1895924,0.2224652,0.0688996,0.2048624,0.199389,0.1637632,0.1884582,0.220788,0.0637186,0.1115494,0.196617,0.151494,0.220765,0.4088992,0.2052913,0.0589154,0.1429434,0.3562142,0.0968176,0.1185562,0.2264332,0.0526366,0.136111,0.1492271,0.0815266,0.185003,0.2210942,0.0812626,0.1183634,0.1542598,0.100384,0.1606124,0.2850302,0.0900752,0.15205,0.1883226,0.1423892,0.181691,0.1852114,0.0668442,0.1601764,0.1724434,0.1621958,0.1614576,0.2441968,0.102134,0.2202932,0.1250382,0.0815436,0.1599046,0.1600498,0.2357568,0.1229464,0.1257384,0.1536902,0.0879616,0.1149502,0.3609586,0.0758606,0.1445622,0.1874046,0.0879112,0.1486604,0.508372,0.0833196,0.2295956,0.1984258,0.1041746,0.239326,0.2569782,0.0840676,0.1264914,0.1721132,0.0515422,0.1766624,0.2421064,0.0832408,0.1434032,0.1567828,0.1001732,0.1713984,0.2522624
0.0795776,0.16001,0.2996994,0.0979922,0.1782048,0.2371208,0.0817902,0.159965,0.1952504,0.1202934,0.1933826,0.3448486,0.0722688,0.1113142,0.2454792,0.0955674,0.18029,0.178069,0.063752,0.226397,0.1738506,0.1245598,0.1179096,0.2716778,0.0573856,0.1433628,0.1855324,0.112549,0.166895,0.1447634,0.2439424,0.0846556,0.164212,0.2119952,0.1721222,0.1424604,0.261532,0.0580342,0.201,0.1671674,0.1076426,0.1419094,0.2048932,0.0547782,0.149017,0.141732,0.119904,0.1554208,0.2643636,0.0714222,0.1358708,0.164517,0.0712264,0.2540858,0.1997104,0.0662418,0.1202166,0.123859,0.1149606,0.1213164,0.2660838,0.0564692,0.2125354,0.1373396,0.1008282,0.2057352,0.5706134,0.1090186,0.151507,0.380398,0.1161442,0.1092986,0.4352358,0.076828,0.1672812,0.1469806,0.151125,0.2005228,0.2065532,0.0748494,0.1690428,0.227098,0.1173674,0.1630014,0.2342032,0.0725156,0.1379716,0.2552114,0.0752622,0.218707,0.232984,0.095531,0.1413606,0.1724848,0.1010572,0.1320558,0.2004766,0.0655192,0.120575,0.1694804,0.1616708,0.1041748,0.1882668,0.2257036,0.0682862,0.205092,0.1996064,0.1653354,0.1882668,0.2208922,0.0636288,0.1126798,0.195107,0.1519636,0.2196388,0.4117932,0.2027325,0.0575518,0.143754,0.3538828,0.0973424,0.1188688,0.224668,0.0523182,0.134571,0.1472393,0.081769,0.1869566,0.2211418,0.081362,0.1184642,0.1550242,0.101564,0.1602422,0.2853266,0.0899796,0.1510786,0.1856634,0.1413018,0.1816524,0.1845608,0.066487,0.1591012,0.1723254,0.1616588,0.1604916,0.2426094,0.1039508,0.2218832,0.1247982,0.0824516,0.1591366,0.1593406,0.2370454,0.1235066,0.125198,0.1535566,0.0882194,0.1163964,0.3667886,0.0761566,0.144661,0.186962,0.08849,0.1498018,0.5053104,0.083849,0.2280698,0.1977352,0.1032708,0.2411528,0.2556752,0.0853282,0.1280926,0.17227,0.0523778,0.1760362,0.2421282,0.0828404,0.1431812,0.1550778,0.1011088,0.1730946,0.2534306
0.0786744,0.1599006,0.30259,0.0979888,0.177966,0.238932,0.0815124,0.15841,0.193846,0.120454,0.193064,0.3406206,0.0731378,0.1130896,0.242769,0.0959846,0.1794062,0.1810358,0.0638678,0.22925,0.1733382,0.1235022,0.1165394,0.2746076,0.0573592,0.1431062,0.1848394,0.111655,0.164957,0.1433242,0.2436492,0.0846938,0.164252,0.211248,0.1735294,0.14007,0.262833,0.0586974,0.2010446,0.169492,0.1088298,0.1421056,0.2044892,0.0556054,0.1504112,0.1419052,0.1195238,0.1556664,0.2629688,0.0708592,0.1359544,0.164776,0.0715656,0.252665,0.2021232,0.0664728,0.118573,0.126241,0.1144064,0.121697,0.2669526,0.0562876,0.2102254,0.1357768,0.1014148,0.204838,0.5721324,0.1093732,0.1521164,0.377563,0.1150902,0.111239,0.4393276,0.0770326,0.1661694,0.1455122,0.1503494,0.2009076,0.2065962,0.0764984,0.1683384,0.2271746,0.118358,0.1631738,0.2347606,0.0733738,0.1375288,0.2617534,0.0754876,0.2184556,0.2346944,0.0955784,0.1401622,0.1726616,0.1014896,0.1317304,0.201189,0.066455,0.1208754,0.1688734,0.1600386,0.1033018,0.188271,0.228259,0.0685114,0.2049482,0.1980102,0.1663668,0.188889,0.2202308,0.063544,0.1125694,0.1936622,0.1517102,0.21892,0.4079412,0.2033909,0.0573912,0.1436676,0.354423,0.0987166,0.1191146,0.2251844,0.0527802,0.1355316,0.1458391,0.0837952,0.1865688,0.226088,0.080755,0.117167,0.1569962,0.1020094,0.1586396,0.2883994,0.0912454,0.1512704,0.1853902,0.1404222,0.179273,0.1841419,0.0665716,0.1601768,0.1724448,0.1632428,0.1617514,0.2428986,0.1036062,0.2236294,0.124312,0.0818546,0.1569424,0.1587512,0.2358412,0.1226936,0.1245248,0.154155,0.0880106,0.1141398,0.370695,0.0770158,0.145633,0.190754,0.0885424,0.1514992,0.502779,0.0865026,0.2278504,0.196619,0.103162,0.2408554,0.257224,0.08491,0.1282942,0.172964,0.0525298,0.1770426,0.2385858,0.0812072,0.1447578,0.1554856,0.0997892,0.1735842,0.2555122
0.0794934,0.158779,0.3021872,0.0995953,0.1756194,0.2366942,0.079945,0.1579958,0.1940028,0.1210658,0.192439,0.3367404,0.0732346,0.1139964,0.241611,0.0977222,0.1768722,0.1841316,0.0635254,0.2313,0.1731644,0.1237862,0.1167946,0.2748132,0.0564004,0.1416524,0.1846728,0.111117,0.1656386,0.1419756,0.241324,0.0846596,0.1631548,0.2114056,0.1728284,0.1408684,0.260837,0.0580156,0.199429,0.1682954,0.1089422,0.14138,0.2074084,0.055538,0.1511638,0.141914,0.1188592,0.154465,0.2625558,0.0706118,0.1369004,0.1634698,0.0719308,0.2511926,0.1996564,0.0661382,0.1188106,0.124205,0.1153386,0.1220678,0.2681472,0.0567808,0.2119162,0.135716,0.101123,0.203095,0.5725428,0.1096354,0.1524293,0.3798548,0.115622,0.1097574,0.4352936,0.0769898,0.1652584,0.14569,0.1487994,0.201388,0.2074475,0.0770764,0.1699134,0.225862,0.1196326,0.162838,0.2367132,0.0738672,0.1363952,0.2630018,0.0764306,0.2179786,0.2302526,0.094376,0.1397552,0.1732022,0.1029332,0.1323396,0.201175,0.0663592,0.1198574,0.1705462,0.1605426,0.1035926,0.1887774,0.2301452,0.0696622,0.2064574,0.1977986,0.1661898,0.1884162,0.2213534,0.0632298,0.1116118,0.1933494,0.1523196,0.2195994,0.4084115,0.2007715,0.0571982,0.1439552,0.3597268,0.0989396,0.1164844,0.2258104,0.0524718,0.1348114,0.1454843,0.08427,0.187528,0.2265454,0.0807966,0.1156048,0.158097,0.1005898,0.1603996,0.2840124,0.0920716,0.151543,0.1866882,0.1404212,0.178655,0.1830237,0.0663664,0.1592708,0.173452,0.1622536,0.1592012,0.2437206,0.1042868,0.2261618,0.1248518,0.0824564,0.1574942,0.158128,0.2329594,0.1228088,0.1231434,0.1533658,0.0884252,0.1139288,0.3706162,0.0766264,0.1439738,0.1929064,0.0888108,0.1532976,0.5117208,0.0868412,0.2279226,0.1971669,0.1024212,0.2432206,0.2577598,0.0855378,0.1278082,0.1729882,0.0535784,0.1784366,0.2398888,0.0819242,0.1436432,0.1571542,0.1013606,0.174249,0.256022
0.0797932,0.1570622,0.303687,0.1005411,0.1751136,0.2374606,0.080485,0.1567924,0.1959202,0.1219292,0.1925364,0.3345488,0.0743492,0.1127048,0.243685,0.0971978,0.1753212,0.182844,0.0634606,0.2286664,0.1740878,0.1232284,0.117792,0.2752876,0.0569604,0.1421776,0.1828376,0.1105024,0.166698,0.1407218,0.2418348,0.08496,0.1654306,0.2094424,0.174009,0.14358,0.2588574,0.0589998,0.1987598,0.167378,0.107965,0.1400136,0.2092484,0.0544684,0.1492482,0.1406106,0.1188682,0.1544628,0.2613822,0.0700556,0.1368216,0.1627882,0.0714654,0.2510418,0.202352,0.0658292,0.1195304,0.1241992,0.1129944,0.123053,0.2686764,0.056183,0.2113356,0.1358344,0.1013956,0.2022112,0.5741724,0.1111486,0.1508458,0.3793406,0.116055,0.1100856,0.4343222,0.0768882,0.1651652,0.1449876,0.1469,0.2013336,0.2058913,0.0786894,0.1708744,0.2262194,0.1226822,0.16299,0.2356237,0.0733056,0.1364206,0.264657,0.0768494,0.2169314,0.2297936,0.0940206,0.1389134,0.1735026,0.1022644,0.1323004,0.2002712,0.0671892,0.1203058,0.1707452,0.1630558,0.1041158,0.1872452,0.2299094,0.0684618,0.2069396,0.1984292,0.164844,0.1890902,0.218827,0.0641992,0.1139018,0.1917488,0.152006,0.21777,0.4093737,0.1988925,0.0572338,0.1450228,0.3581506,0.0992272,0.1159824,0.2237478,0.0517338,0.135378,0.1462954,0.085739,0.1895228,0.2292016,0.0819188,0.1170218,0.1586466,0.100338,0.1595028,0.2861372,0.091936,0.1502502,0.1876008,0.1420792,0.1801506,0.1827777,0.0665478,0.160013,0.1735158,0.164097,0.1587618,0.2445336,0.1045896,0.2260972,0.1262018,0.0818656,0.1570248,0.1561706,0.2313744,0.1219656,0.1232776,0.1533768,0.0881134,0.1135782,0.3709644,0.076403,0.1430762,0.1969358,0.0895348,0.1509902,0.5069602,0.0870398,0.2275358,0.1984782,0.1020394,0.241437,0.2564544,0.0866338,0.1291412,0.1749704,0.0549368,0.17874,0.2405734,0.0839668,0.1434528,0.1595296,0.1017072,0.1734278,0.2541226
0.0806258,0.1558154,0.3022964,0.1022996,0.175128,0.2370792,0.0810456,0.156143,0.197321,0.1212914,0.194488,0.3339428,0.0772466,0.1126456,0.242835,0.0974472,0.173253,0.1811702,0.063249,0.2272152,0.1743536,0.1233186,0.117895,0.2756148,0.057164,0.141736,0.1821404,0.109109,0.1671082,0.1404728,0.2413036,0.0848418,0.1654432,0.2103394,0.1732926,0.1460918,0.2569353,0.059507,0.1995942,0.1673824,0.1075286,0.1390402,0.2111078,0.0551932,0.1497816,0.1391388,0.1206492,0.1531458,0.260086,0.0690026,0.137443,0.1610768,0.0727812,0.2464884,0.200545,0.0656224,0.1195866,0.1242426,0.1132388,0.121761,0.267734,0.0568208,0.2117208,0.135581,0.1019218,0.2035596,0.5753176,0.1106588,0.151007,0.382047,0.1139306,0.1095922,0.4321048,0.0754076,0.1642258,0.1464908,0.1499656,0.2001108,0.2035036,0.0794676,0.1700764,0.2264632,0.1241838,0.1627368,0.2355805,0.073776,0.136209,0.2628136,0.078636,0.216509,0.22878,0.093504,0.1377956,0.1726616,0.1011944,0.1326504,0.1982008,0.0669186,0.1203454,0.1703162,0.1609394,0.1037416,0.1871252,0.2283266,0.0696876,0.207006,0.1980572,0.1643406,0.1881806,0.2155736,0.0631096,0.112384,0.1932658,0.1525794,0.21647,0.4126895,0.1996433,0.0559882,0.1464684,0.3607644,0.0997906,0.1162644,0.2224594,0.0528252,0.1350626,0.145307,0.086946,0.1909466,0.2308484,0.0817802,0.1193734,0.1602404,0.1007474,0.1592678,0.2851671,0.0910722,0.1513268,0.1893706,0.1418194,0.1795258,0.1817447,0.0670324,0.1593842,0.1727464,0.1653522,0.156993,0.2456632,0.1038224,0.2307278,0.1257696,0.0830364,0.155234,0.1572158,0.2312914,0.1214016,0.1221948,0.152856,0.0876704,0.1130314,0.3698632,0.0754973,0.142039,0.2011866,0.0898124,0.1474204,0.5045654,0.0879642,0.2292208,0.1974432,0.1037672,0.2408062,0.2565704,0.087615,0.129179,0.1737246,0.0542144,0.1810116,0.237633,0.0832056,0.1430058,0.1609248,0.1019332,0.1730228,0.2506412
0.0802826,0.1547152,0.303407,0.1027268,0.1783326,0.2383738,0.0809876,0.1537432,0.199229,0.1197192,0.1914796,0.332141,0.0779986,0.1138434,0.2430734,0.0965932,0.1732676,0.1819988,0.0629964,0.2283644,0.1743594,0.1230512,0.119065,0.2759432,0.0568702,0.1396606,0.1823924,0.1091232,0.1659502,0.1418664,0.2406778,0.085429,0.1657424,0.210876,0.1715432,0.1458842,0.2543979,0.0596754,0.1987284,0.1688806,0.1078104,0.1372344,0.2103026,0.055437,0.1497568,0.1387976,0.1211622,0.1517626,0.259995,0.0711144,0.1388116,0.1590178,0.0718692,0.2467888,0.1988452,0.0657466,0.1212106,0.1238572,0.1117566,0.1216896,0.264895,0.0567048,0.2123542,0.135895,0.102045,0.2017922,0.572243,0.1111296,0.152255,0.37979,0.1135222,0.1111306,0.42891,0.0743212,0.1638068,0.1457864,0.1503292,0.2015434,0.2035212,0.0802814,0.1705712,0.2237674,0.1231748,0.1619978,0.2334703,0.0733156,0.1371618,0.2637604,0.0780628,0.2165728,0.2294,0.0920536,0.1383222,0.1741242,0.1017422,0.1319098,0.1977444,0.0672116,0.119863,0.1688368,0.1606548,0.1045534,0.1867654,0.2266798,0.073267,0.2068888,0.1979608,0.1634872,0.1893916,0.2159284,0.0626658,0.1131048,0.192583,0.1528348,0.2193578,0.4118709,0.199043,0.0556932,0.1470364,0.36653,0.1012962,0.116501,0.2202548,0.05354,0.1355458,0.1435134,0.084942,0.192483,0.2292358,0.081933,0.1192712,0.160036,0.101883,0.160063,0.2818483,0.0916684,0.1522172,0.1907856,0.1405878,0.1798606,0.1859053,0.0668208,0.1585852,0.1700798,0.1668106,0.1568448,0.2471392,0.1038894,0.2314672,0.1247808,0.0822272,0.1542928,0.1559768,0.2320948,0.121078,0.1237662,0.1524836,0.0859798,0.1127784,0.3733892,0.0750903,0.1409446,0.205064,0.0895538,0.1493576,0.5002908,0.0881484,0.2254492,0.19888,0.1044558,0.240843,0.2561483,0.0884626,0.1294016,0.1766794,0.0546568,0.1798446,0.236115,0.0832406,0.1421288,0.1616534,0.101776,0.1744702,0.248719
0.0802496,0.154669,0.3025298,0.1035488,0.177271,0.2352234,0.0809286,0.1538942,0.1969388,0.1193332,0.1895412,0.334242,0.0781432,0.1149416,0.2438158,0.097131,0.1739852,0.1843562,0.0628076,0.2263198,0.1733462,0.123051,0.1189324,0.2774014,0.0566858,0.1391948,0.1800016,0.1092842,0.167347,0.1425394,0.2411166,0.0860152,0.1672272,0.2084268,0.1707124,0.1458812,0.2516257,0.059923,0.1996686,0.171087,0.1083198,0.1379748,0.2075582,0.0554984,0.1495408,0.1419658,0.1204252,0.1509032,0.2617548,0.0713952,0.1387242,0.1570612,0.0708266,0.2470208,0.1979448,0.0655984,0.1207378,0.1236296,0.113738,0.1222574,0.2635294,0.0553764,0.2093018,0.1337278,0.1008694,0.201695,0.575185,0.1132326,0.1507978,0.375823,0.1130226,0.1143564,0.426237,0.0743328,0.164148,0.1465738,0.1516948,0.2016796,0.2032094,0.0798336,0.1709778,0.223865,0.1250614,0.162475,0.2358675,0.073091,0.1359886,0.2643242,0.0780762,0.2163962,0.2268382,0.0929386,0.138943,0.171774,0.100708,0.1316168,0.197304,0.067353,0.1209166,0.1689678,0.158509,0.1044194,0.1869658,0.2259394,0.0733374,0.2057768,0.2013128,0.162042,0.1890864,0.2160812,0.0623712,0.1125292,0.1920502,0.1511878,0.2191534,0.4117901,0.2005068,0.0565258,0.1479688,0.3616042,0.1003242,0.1171546,0.2202168,0.0534034,0.134587,0.1432364,0.0851196,0.1935354,0.2286738,0.082657,0.1207788,0.1614202,0.1012312,0.1578758,0.2791648,0.09166,0.1509342,0.190112,0.140223,0.179468,0.1841291,0.0666504,0.1588202,0.1722452,0.1670006,0.1574256,0.2474846,0.10387,0.2313514,0.1236216,0.0819696,0.1541662,0.1560292,0.2322144,0.1219776,0.1247724,0.1557764,0.0854936,0.114861,0.374419,0.0734498,0.141147,0.2081102,0.0897478,0.1485116,0.5053548,0.0890904,0.2278694,0.1972284,0.1036566,0.2404648,0.2553658,0.0886584,0.129355,0.1780166,0.058489,0.1781112,0.239475,0.0823652,0.1433138,0.1600092,0.1014086,0.173817,0.2475186
0.0805216,0.156503,0.3016512,0.1048292,0.177451,0.2371436,0.0813054,0.1541568,0.1966446,0.117845,0.1885132,0.335298,0.0779936,0.1141602,0.2448972,0.0965818,0.1725104,0.1824626,0.0626184,0.2266498,0.1732288,0.1219602,0.1189098,0.2770264,0.0565194,0.1416164,0.1787856,0.1097772,0.167474,0.1427872,0.2419062,0.0861894,0.1670286,0.2089686,0.1715392,0.1451862,0.2512954,0.0605026,0.199318,0.1699072,0.107466,0.1403024,0.2082398,0.0547546,0.1499538,0.140773,0.12037,0.149315,0.2601282,0.07159,0.1383898,0.157427,0.0706262,0.2480346,0.1964146,0.0656146,0.1194214,0.1231044,0.1131368,0.1211048,0.2630864,0.0554956,0.210784,0.1340882,0.1014058,0.2020808,0.5724782,0.1126136,0.1492352,0.377932,0.1124362,0.114923,0.4338202,0.0743278,0.1641854,0.1453798,0.1522924,0.1992666,0.203472,0.0802748,0.169888,0.2230622,0.1244484,0.161575,0.2389547,0.0728396,0.1328106,0.2605108,0.0778564,0.2178596,0.22783,0.0923566,0.1383084,0.171332,0.1004292,0.1327272,0.196352,0.0671066,0.1207576,0.170207,0.1568772,0.1052532,0.1879422,0.2237404,0.073696,0.2069594,0.2005748,0.1643232,0.1883034,0.2130706,0.0618736,0.1124132,0.1917486,0.1490382,0.2195916,0.4102363,0.2001072,0.0566984,0.148158,0.3640116,0.1014924,0.1167872,0.220832,0.0541456,0.1356592,0.1452678,0.0850572,0.194911,0.2312766,0.0839232,0.1205492,0.1617864,0.1017086,0.1596006,0.2835022,0.0914328,0.1513552,0.1900934,0.1393304,0.1801578,0.1835733,0.0668282,0.1595078,0.170034,0.1672858,0.1564314,0.2463066,0.1036604,0.2320958,0.122593,0.0841016,0.153945,0.1543496,0.2289995,0.1219212,0.1246994,0.153673,0.086163,0.1134644,0.3767094,0.0733728,0.1416832,0.209196,0.0901068,0.1485156,0.5109978,0.0894828,0.2268372,0.1970224,0.1042248,0.2418906,0.2548393,0.0885684,0.1299328,0.1792556,0.056721,0.1786008,0.239679,0.0821154,0.1430436,0.159181,0.1009332,0.1730046,0.2462238
0.0809414,0.159194,0.3049076,0.107324,0.1777742,0.2364686,0.0821438,0.1578032,0.200223,0.1182914,0.1893566,0.336735,0.0773286,0.1139544,0.2450602,0.0972454,0.1732592,0.1830262,0.0620926,0.2282152,0.1737772,0.1211836,0.1190496,0.2788618,0.055017,0.141851,0.1779542,0.1086022,0.1672144,0.1408816,0.2443232,0.0855328,0.1679096,0.2089142,0.1719682,0.1451282,0.2521619,0.060343,0.1981462,0.1701438,0.1077816,0.1408178,0.2092042,0.0550772,0.1499222,0.1408026,0.1229752,0.1498544,0.260327,0.0731856,0.1391748,0.1567386,0.0713032,0.2460598,0.2004664,0.0654462,0.1200188,0.1239362,0.1139806,0.1198978,0.2625214,0.0559882,0.2105164,0.133911,0.0997128,0.2018284,0.5709528,0.1139802,0.1501602,0.382432,0.1125366,0.1143488,0.427662,0.0743918,0.164935,0.1448006,0.154103,0.1987182,0.2029566,0.0814272,0.1691808,0.2258872,0.124303,0.1616722,0.2384319,0.0729602,0.1328534,0.263034,0.0786406,0.2155744,0.2308618,0.0918196,0.138906,0.1757234,0.1007558,0.1316526,0.197229,0.066753,0.1232816,0.167862,0.1539196,0.1060268,0.1866666,0.2231778,0.0734938,0.2071646,0.1989128,0.1643586,0.1875414,0.2132334,0.0607374,0.112632,0.1896192,0.1494278,0.2163824,0.4064231,0.2008694,0.0573906,0.1506818,0.3675556,0.101597,0.117223,0.22187,0.0544084,0.136342,0.148102,0.0868304,0.198281,0.2299808,0.0834792,0.1203952,0.164258,0.1023032,0.1586098,0.2845776,0.0921544,0.1520418,0.1907004,0.1407968,0.1792746,0.1827551,0.067061,0.159624,0.1714056,0.1654698,0.1575144,0.2459812,0.103317,0.2328532,0.1240268,0.084533,0.1528218,0.1531444,0.2302305,0.1220632,0.125033,0.1524896,0.0855606,0.1137634,0.3743092,0.0733024,0.141399,0.2120412,0.0891278,0.1475748,0.5112172,0.0892386,0.2267076,0.1977384,0.104921,0.240368,0.2552173,0.0892044,0.1292328,0.1786304,0.0563268,0.1779696,0.2402162,0.083197,0.143763,0.1592904,0.1016194,0.172642,0.2449868
0.0806192,0.1578604,0.3040552,0.108266,0.1750716,0.2378458,0.0821522,0.15792,0.1981154,0.1176972,0.1866144,0.3335028,0.0780026,0.1145908,0.245228,0.0970122,0.1742216,0.185235,0.0626454,0.226333,0.1701898,0.1204392,0.117944,0.2808528,0.0557824,0.1424382,0.1777606,0.1089814,0.1658028,0.1391634,0.2443672,0.0870204,0.168506,0.208479,0.1731386,0.1460726,0.2541242,0.061098,0.2000514,0.1702062,0.1074584,0.140572,0.2075754,0.0554882,0.1491834,0.1424506,0.1230456,0.1502738,0.26409,0.0737246,0.1381828,0.1578988,0.0702756,0.2463768,0.2055368,0.0658318,0.1206312,0.124263,0.1161128,0.1202824,0.2653218,0.0552876,0.2100546,0.1334476,0.0992652,0.200964,0.5721024,0.113742,0.1497892,0.3812982,0.1134714,0.1134574,0.426799,0.0750086,0.1647304,0.1450982,0.1527334,0.1972284,0.202228,0.0810746,0.1708266,0.2249296,0.122545,0.1611796,0.2374463,0.072841,0.1328136,0.2619834,0.0802662,0.2145122,0.2298932,0.091597,0.1381982,0.176247,0.099778,0.1313178,0.1955666,0.0666212,0.1230634,0.1684646,0.154337,0.1057012,0.1866954,0.2239984,0.073424,0.2069082,0.198223,0.1655848,0.1876378,0.2162758,0.0606962,0.1126092,0.1921004,0.1485016,0.2157242,0.4110421,0.1992914,0.0616632,0.1490948,0.3664246,0.1031814,0.1177066,0.2209688,0.0549684,0.1376642,0.1489042,0.0875286,0.198282,0.2296418,0.0829292,0.1208328,0.1642084,0.1023344,0.1556784,0.284084,0.0911942,0.1523366,0.1903126,0.139371,0.1808464,0.1840981,0.0663446,0.1604986,0.1712222,0.1653984,0.1583916,0.2470028,0.1030324,0.2297242,0.1221496,0.0848406,0.1540116,0.1548734,0.2304291,0.1226712,0.1251344,0.1521418,0.085253,0.1130272,0.3745636,0.0740086,0.142655,0.2157346,0.0884448,0.1465836,0.512575,0.0894896,0.228887,0.1965706,0.1043292,0.2405104,0.2538469,0.0888384,0.1299646,0.180224,0.0568004,0.1770912,0.2329252,0.0831658,0.1441994,0.1572736,0.1005654,0.173959,0.243654
0.0808334,0.1582262,0.3025964,0.1077208,0.1752726,0.2383702,0.0828256,0.1559224,0.1951946,0.116769,0.1876072,0.338662,0.0782264,0.113517,0.2457426,0.0970714,0.1718442,0.1861904,0.0620122,0.2222146,0.1691426,0.121014,0.1187068,0.2803164,0.056455,0.1422418,0.1791758,0.1089398,0.1648398,0.1385542,0.2441,0.086979,0.1684252,0.210458,0.174356,0.1454822,0.2501752,0.0607734,0.196613,0.171588,0.1081234,0.140616,0.2098672,0.0549912,0.1486244,0.143543,0.1235388,0.1485558,0.2641294,0.073827,0.140474,0.1576422,0.0704814,0.2428954,0.2038288,0.0648278,0.121522,0.1252532,0.1173868,0.120434,0.2639568,0.0558432,0.2089692,0.1343152,0.0993502,0.199085,0.5740284,0.1126922,0.1491744,0.363176,0.1134456,0.1147748,0.4342338,0.0751492,0.1663368,0.1466656,0.153565,0.1968432,0.2033312,0.0807656,0.1709712,0.226393,0.1230006,0.1595542,0.2370963,0.0739052,0.1332168,0.2601924,0.0827206,0.2160582,0.2301492,0.091388,0.137645,0.1751254,0.100128,0.1297202,0.19499,0.0657282,0.120921,0.1674946,0.1552042,0.1045314,0.186569,0.2245622,0.0741476,0.2080524,0.19634,0.163814,0.1854306,0.2158058,0.0600368,0.1129452,0.1898962,0.1484916,0.218657,0.4071755,0.2004684,0.061343,0.1514742,0.3620534,0.1043166,0.1170982,0.2203648,0.0538302,0.1375526,0.1490696,0.0874046,0.1984452,0.2262504,0.083576,0.1222102,0.1644852,0.101841,0.1584054,0.280678,0.0920286,0.153338,0.1898878,0.1406192,0.1801522,0.1846597,0.0659792,0.160337,0.1711198,0.1656462,0.157967,0.248253,0.1026316,0.2315256,0.123617,0.0845318,0.154122,0.1549196,0.2260926,0.1219966,0.1263928,0.1504656,0.0857794,0.1115778,0.3765338,0.0746662,0.1420576,0.2200824,0.0888434,0.1482036,0.5119368,0.0908738,0.2327108,0.1977254,0.1046056,0.2394268,0.2520525,0.0887282,0.1296382,0.179558,0.0564998,0.1770398,0.231344,0.083095,0.1439986,0.156956,0.1008508,0.1730002,0.2411874
0.0807258,0.1589772,0.302412,0.108452,0.1770422,0.2367686,0.0829054,0.156419,0.1940006,0.1163558,0.1864894,0.3370082,0.0784918,0.1139786,0.2440528,0.0958774,0.1693158,0.1892038,0.0621694,0.2207148,0.1678584,0.120198,0.11859,0.2792218,0.0560886,0.142815,0.1775202,0.10895,0.1638228,0.1394478,0.2446694,0.0869698,0.1677548,0.209884,0.1734104,0.1472174,0.2487446,0.0605426,0.1973548,0.1707496,0.1077378,0.1401078,0.2113314,0.0541628,0.1485318,0.1424626,0.12502,0.1483742,0.263946,0.0744832,0.1414172,0.1596558,0.070599,0.2410066,0.2052944,0.0651864,0.122478,0.1227236,0.1177096,0.1211872,0.2643526,0.056017,0.2090104,0.1343924,0.099725,0.1996254,0.5737982,0.1132474,0.148571,0.3714646,0.1133622,0.1150058,0.4335658,0.0757586,0.164599,0.146239,0.153403,0.1955866,0.2042698,0.0804336,0.1695584,0.22669,0.1223004,0.1588668,0.2341921,0.0739672,0.1333336,0.262709,0.0825784,0.2152724,0.2305118,0.0912342,0.1380192,0.172778,0.1005608,0.1309356,0.194772,0.0674962,0.1214512,0.1671458,0.1565004,0.1029298,0.1866126,0.2250976,0.07374,0.2045382,0.1949428,0.1630388,0.1864966,0.215519,0.0608628,0.1117762,0.1881002,0.14782,0.2175872,0.4066831,0.2007836,0.061132,0.1522716,0.3611036,0.1032642,0.115566,0.219494,0.0536672,0.1378422,0.152129,0.0871564,0.199203,0.2266118,0.0841058,0.1213028,0.1637214,0.1054622,0.1589218,0.2827562,0.0920422,0.1525496,0.1890666,0.139623,0.1794272,0.1825463,0.0660912,0.160343,0.1688048,0.1652698,0.161386,0.2485818,0.1029714,0.2311108,0.1228274,0.0841584,0.1523556,0.1565422,0.2292174,0.1213954,0.1262848,0.1505818,0.085019,0.1119216,0.3747518,0.0736874,0.1403612,0.2188634,0.0883894,0.1473872,0.5119722,0.090204,0.2375102,0.1965084,0.1057824,0.238777,0.2524163,0.0894138,0.1300606,0.1793844,0.0567216,0.177267,0.2329056,0.083089,0.144791,0.157255,0.1015136,0.1729308,0.2361806
0.081029,0.1580972,0.3022156,0.1096708,0.1780034,0.2376046,0.0846378,0.1573502,0.1944158,0.1146072,0.1857586,0.3376092,0.0787764,0.1133268,0.242693,0.0963342,0.169344,0.1874992,0.0621852,0.2221442,0.1688056,0.1213364,0.1188116,0.2797668,0.057248,0.1432688,0.1759918,0.1090206,0.164405,0.1395628,0.244568,0.0864468,0.1683832,0.2082708,0.1736532,0.1486856,0.2518775,0.0609674,0.197325,0.1684994,0.1082252,0.1385322,0.2080272,0.0551688,0.1486428,0.1417588,0.1276998,0.1487758,0.2634928,0.0746624,0.1414574,0.1608166,0.070477,0.2423524,0.203138,0.0641812,0.1215712,0.1229086,0.116268,0.1216658,0.2622846,0.0561534,0.209351,0.1338936,0.0999144,0.1976436,0.5768608,0.1135912,0.1478858,0.3680866,0.112829,0.1167362,0.4332336,0.0755902,0.1633854,0.146263,0.1534086,0.1941422,0.2058076,0.0809482,0.1698532,0.2262352,0.122671,0.1604116,0.234033,0.073924,0.1344936,0.2605698,0.0837854,0.2168704,0.2308524,0.09574,0.1375056,0.1737458,0.1016692,0.130107,0.1969908,0.0668164,0.121603,0.169155,0.1562358,0.1038962,0.185221,0.2248454,0.0741694,0.204233,0.1967948,0.1627266,0.1882518,0.2155514,0.0609738,0.1107772,0.1889726,0.1458666,0.2160522,0.4128711,0.2004336,0.0613744,0.152449,0.3622516,0.1052958,0.116193,0.219331,0.0534482,0.1388696,0.1512648,0.0874736,0.201119,0.2269237,0.0839222,0.1235372,0.1649268,0.1051032,0.159891,0.2825014,0.0924106,0.151497,0.1881746,0.1385604,0.1790666,0.1797613,0.0655292,0.160914,0.1682278,0.16408,0.1615792,0.247682,0.1030524,0.2312948,0.1229888,0.0838204,0.1531934,0.1552098,0.230824,0.1203378,0.1263166,0.150606,0.0840406,0.1126776,0.375116,0.0733922,0.1395564,0.219411,0.089319,0.1479658,0.503931,0.091022,0.2388972,0.1954338,0.1047682,0.2403888,0.2514712,0.0892406,0.1298024,0.177962,0.0573528,0.1765784,0.2336624,0.0839424,0.1445994,0.1572942,0.1029858,0.1712834,0.2384488
0.0807492,0.1595718,0.3031996,0.1092884,0.178426,0.238133,0.0850354,0.1563322,0.1927478,0.1138126,0.1895224,0.3354102,0.080649,0.1136842,0.2449902,0.0962812,0.1712984,0.1923379,0.0635816,0.2250814,0.1690532,0.1228434,0.1209014,0.2803378,0.0571398,0.1416242,0.176642,0.1090846,0.165281,0.1400736,0.2420894,0.0860516,0.1671858,0.206004,0.1747668,0.148456,0.2526686,0.0607132,0.1966296,0.1676666,0.1088604,0.139344,0.2087388,0.0551334,0.1482656,0.144987,0.1258496,0.1492944,0.2605684,0.073149,0.1416646,0.1589828,0.0711094,0.2409936,0.2008536,0.0629968,0.1219086,0.1216206,0.1164722,0.1215184,0.2604302,0.0563896,0.2075702,0.1344334,0.0997718,0.1968238,0.5741396,0.113545,0.1490656,0.376403,0.1123034,0.1170434,0.4318002,0.0759515,0.1643336,0.145438,0.1527132,0.1948994,0.2046714,0.0805278,0.1694824,0.2286572,0.1227028,0.1619962,0.236707,0.0735228,0.1327732,0.2621042,0.084252,0.2179672,0.2309496,0.0962846,0.1373816,0.1745382,0.1015442,0.1303888,0.1963192,0.0654856,0.120867,0.1704364,0.1565488,0.1061778,0.1838464,0.2274916,0.0742972,0.2057678,0.1956468,0.1607688,0.1861502,0.2148064,0.0605222,0.1146798,0.1885316,0.1439824,0.2159556,0.4085893,0.1985626,0.0604746,0.1522694,0.3558928,0.1057526,0.1158002,0.2168558,0.0533446,0.140183,0.1520454,0.087631,0.200707,0.2273107,0.0847034,0.123808,0.1651372,0.10459,0.159683,0.2807652,0.0910362,0.1502758,0.190233,0.1386604,0.1774364,0.1780979,0.0650456,0.1607096,0.167791,0.1639866,0.1594402,0.2474168,0.1027746,0.230245,0.121838,0.0833792,0.1521208,0.1531,0.2312462,0.1203008,0.1268282,0.1521637,0.0844612,0.1119326,0.3721176,0.0735376,0.13866,0.2199282,0.089712,0.1488782,0.5072312,0.0915802,0.2393984,0.194707,0.1037708,0.2398418,0.2532692,0.091333,0.129356,0.178012,0.0570714,0.1763546,0.2365428,0.0828884,0.1446718,0.1562858,0.1027716,0.1693724,0.2382092
0.0806758,0.161209,0.3015524,0.1116462,0.1763682,0.2375454,0.0845924,0.1575552,0.192982,0.1129382,0.1905136,0.3406214,0.0814762,0.1143406,0.2438432,0.0971206,0.1718276,0.1929709,0.0647256,0.2257346,0.1686126,0.12198,0.1197844,0.2811744,0.0574462,0.1402476,0.174961,0.1078568,0.1626288,0.1378126,0.244132,0.0840648,0.167226,0.207481,0.1756188,0.14955,0.2512596,0.0613824,0.1969826,0.1655512,0.1097746,0.1393604,0.2088504,0.0550124,0.146449,0.1460244,0.1272628,0.1483534,0.2612708,0.0740242,0.1408086,0.1596002,0.0714084,0.2402944,0.2009066,0.0624408,0.1228078,0.1210472,0.1162536,0.121442,0.2591318,0.056994,0.2051768,0.1340008,0.1005578,0.197195,0.5744842,0.1138654,0.148669,0.375987,0.114175,0.1183536,0.4311972,0.0756921,0.1635714,0.1470444,0.151735,0.1969048,0.2059306,0.0806664,0.1673532,0.2293432,0.1240964,0.1623276,0.238842,0.0732618,0.132855,0.2594458,0.0840702,0.2155412,0.2320846,0.0974842,0.1352616,0.173615,0.1028978,0.1288136,0.1967312,0.0654948,0.1206486,0.1725168,0.1573174,0.106166,0.1823738,0.2278058,0.0729814,0.2051868,0.1954686,0.1630536,0.1861186,0.2153082,0.0607774,0.1136842,0.189065,0.1456464,0.21482,0.4035801,0.1995662,0.06012,0.152285,0.3563124,0.1054004,0.1146752,0.2156106,0.053686,0.1379646,0.1526874,0.0869374,0.2007198,0.2253863,0.084241,0.1225042,0.1631938,0.1040452,0.1584694,0.278762,0.0912306,0.1515356,0.1908272,0.1385028,0.1777148,0.1802519,0.0644496,0.160056,0.165214,0.1654298,0.1590466,0.2496324,0.102611,0.2304458,0.1220652,0.0837732,0.1513066,0.1518318,0.2325306,0.1189194,0.1276278,0.1528019,0.0832014,0.1106626,0.3722488,0.072968,0.1381658,0.2180674,0.0899596,0.1493926,0.5090022,0.0918608,0.2416092,0.1931038,0.1036666,0.2399024,0.2514046,0.0915772,0.127401,0.18001,0.057426,0.1764282,0.2332812,0.0836202,0.1452744,0.1548524,0.1028134,0.1692492,0.2353858
0.080882,0.1616908,0.299899,0.1132478,0.1751178,0.235986,0.0851048,0.1585712,0.194464,0.1131188,0.1902444,0.3435694,0.0806244,0.1151604,0.2425072,0.096787,0.1689392,0.1930136,0.065011,0.2246794,0.1670642,0.121692,0.1195506,0.2784936,0.0579268,0.1408092,0.1769746,0.1077626,0.1604714,0.1369062,0.2465894,0.084405,0.1688248,0.2078798,0.1762096,0.150582,0.2526546,0.061366,0.1950048,0.1668338,0.109458,0.1397682,0.2099738,0.0541268,0.1449552,0.1466828,0.1264328,0.1469578,0.26005,0.074008,0.1390678,0.1586088,0.0717828,0.2397634,0.202806,0.0638866,0.1247388,0.1231174,0.1169556,0.1203132,0.2577962,0.057633,0.2061434,0.1333168,0.0995598,0.1961188,0.5708996,0.1131956,0.149111,0.3732318,0.114629,0.1171212,0.4345972,0.0758581,0.1652092,0.1470754,0.1484772,0.1961634,0.2062644,0.0812814,0.1677552,0.2277272,0.125736,0.163458,0.2413356,0.074787,0.1335678,0.259577,0.085059,0.2146926,0.2336332,0.0969478,0.135687,0.1720876,0.1040884,0.1282958,0.1959246,0.066723,0.121132,0.1714968,0.157468,0.1061854,0.1828194,0.2274322,0.071751,0.2060238,0.1954788,0.1654974,0.1856012,0.2167058,0.0603312,0.11414,0.1892874,0.1458216,0.2124982,0.4016177,0.2012128,0.0597742,0.1518712,0.353402,0.1050202,0.1157794,0.2193542,0.0542226,0.1380778,0.1517502,0.0871728,0.2017878,0.2277077,0.084368,0.1228178,0.1621824,0.105143,0.1563494,0.2780334,0.0919342,0.1504302,0.1913076,0.1397624,0.1762576,0.1797275,0.0640108,0.1592172,0.1655868,0.1642534,0.1575714,0.2498138,0.1026614,0.2296522,0.1244404,0.0831944,0.1522054,0.1511834,0.2319926,0.11881,0.1278214,0.1532085,0.0828374,0.1088074,0.3696996,0.0737252,0.1375554,0.218287,0.0906962,0.1482788,0.5065172,0.0920854,0.2431268,0.1921258,0.104196,0.23572,0.2516408,0.0911994,0.1289286,0.1809866,0.0585678,0.1758972,0.2363628,0.0842358,0.1459442,0.1549554,0.1010164,0.1694656,0.2361448
0.081161,0.1624418,0.2985386,0.1132692,0.1761662,0.2347032,0.0844394,0.1597404,0.1937814,0.1121692,0.1899514,0.3399514,0.0801268,0.1143346,0.2386628,0.0965776,0.1704718,0.1894028,0.0654818,0.2273936,0.166532,0.1219788,0.1202082,0.2781716,0.0588952,0.1413004,0.178217,0.1075434,0.159589,0.1353574,0.242561,0.084952,0.1679334,0.2052986,0.175216,0.1527092,0.2523269,0.0623574,0.1973124,0.167241,0.1102368,0.1404892,0.208559,0.054926,0.1453504,0.146633,0.1260666,0.1464484,0.25728,0.0743718,0.139645,0.1583218,0.0716242,0.2377206,0.1980466,0.0636918,0.1245438,0.1221966,0.1160648,0.1203036,0.2593774,0.0570804,0.2060782,0.135112,0.0999278,0.1961914,0.5698668,0.1140164,0.1483662,0.3748538,0.1143424,0.1164404,0.4375376,0.0753661,0.165633,0.147742,0.1506498,0.1942768,0.205628,0.0818008,0.1674814,0.2300196,0.127787,0.1624258,0.2419666,0.0731718,0.133053,0.2558962,0.0847296,0.2153906,0.2335894,0.097021,0.1351888,0.1713534,0.1046124,0.126896,0.1944064,0.0673724,0.1214082,0.1724364,0.158003,0.1061574,0.1836074,0.2258024,0.0712802,0.2071976,0.1962072,0.1629956,0.187103,0.2166438,0.0603258,0.1145424,0.188312,0.1460184,0.2142168,0.4001857,0.1991268,0.0597116,0.1505012,0.3544478,0.1064312,0.1160772,0.2197014,0.05461,0.1377186,0.1517506,0.0875482,0.2023684,0.2266211,0.084334,0.1239268,0.1630122,0.1055214,0.1573034,0.275652,0.0918936,0.1490456,0.1932334,0.1416886,0.1751864,0.1789839,0.0645214,0.1579174,0.164857,0.1630952,0.157952,0.250938,0.102111,0.229428,0.123921,0.0826372,0.1536962,0.1487622,0.2330062,0.1195968,0.1270906,0.1550899,0.082239,0.1077554,0.3735424,0.0746212,0.1402034,0.2191116,0.0895222,0.1474188,0.5080014,0.0921812,0.244012,0.1919874,0.1040762,0.2367008,0.2497801,0.0917052,0.1283916,0.1784202,0.0592714,0.1747924,0.2364344,0.0852634,0.1449722,0.1557114,0.1030026,0.1686502,0.2359448
0.0811874,0.160743,0.3014638,0.1131382,0.1776354,0.2349726,0.0851318,0.162575,0.193503,0.1103588,0.1894888,0.341527,0.0802996,0.1137646,0.2377392,0.0972666,0.1693644,0.1896566,0.0651074,0.2279498,0.1664056,0.1216364,0.118998,0.2773146,0.059016,0.1410754,0.1779698,0.1078088,0.1594242,0.1335358,0.2416384,0.0853454,0.1676456,0.2057046,0.1759056,0.1530432,0.2517325,0.0627352,0.197044,0.1682362,0.1105614,0.1388596,0.2076928,0.0546042,0.144831,0.1475278,0.1265612,0.1517888,0.256478,0.0731082,0.1405842,0.1569478,0.0715948,0.2368254,0.1983608,0.063102,0.1245838,0.1240268,0.1158386,0.1201178,0.2595334,0.0570086,0.2074628,0.1337916,0.1002952,0.195501,0.570154,0.1140796,0.1504256,0.3749758,0.114432,0.1170986,0.4345534,0.076488,0.1655672,0.1481328,0.151392,0.1925842,0.2061578,0.0819252,0.1664342,0.2332356,0.1282276,0.1602342,0.2436668,0.073121,0.1320394,0.2544678,0.0852166,0.2148714,0.2336322,0.09748,0.1357438,0.170494,0.1038664,0.125186,0.1949534,0.068075,0.1205684,0.1718098,0.1579776,0.1049798,0.1846614,0.229777,0.0724478,0.2061308,0.1950934,0.164468,0.1870856,0.2165276,0.0604006,0.1140304,0.188159,0.1455838,0.2143638,0.3967573,0.1986092,0.059304,0.1516274,0.354179,0.1061624,0.1163648,0.2231514,0.0536454,0.134431,0.15095,0.0884364,0.2013098,0.2243975,0.0848582,0.1239774,0.1616902,0.1046628,0.1545528,0.2745678,0.0917076,0.1489508,0.1957966,0.1379608,0.174802,0.1781513,0.064234,0.157104,0.1632842,0.1620068,0.1569136,0.2473994,0.104244,0.2285736,0.1246824,0.0818554,0.15361,0.1503954,0.2365602,0.1210506,0.125581,0.1529157,0.0824446,0.1092426,0.3731998,0.0740472,0.1413176,0.220831,0.0895966,0.149757,0.505461,0.0918914,0.2443546,0.1933686,0.1043622,0.2360424,0.2493109,0.0909786,0.129354,0.1767512,0.0594308,0.1763352,0.2342218,0.0849688,0.1454014,0.156168,0.1035068,0.1679726,0.2376706
0.0802386,0.1640992,0.2966346,0.1132524,0.1789792,0.2345272,0.0855866,0.1606376,0.1930312,0.1098756,0.1925974,0.3437596,0.0808828,0.1146392,0.2369586,0.0969478,0.168881,0.1908196,0.0650918,0.2284842,0.1697396,0.1209758,0.1190634,0.2764962,0.0597596,0.1406256,0.1787372,0.1070198,0.1612652,0.1346148,0.2390956,0.0863818,0.168635,0.2056904,0.1717804,0.152783,0.2514509,0.0616538,0.1980138,0.1698042,0.1088754,0.1386642,0.208771,0.0545682,0.1449514,0.147126,0.123806,0.1515464,0.25801,0.0725398,0.1402928,0.158195,0.0723714,0.2370232,0.1976674,0.062771,0.127991,0.1248704,0.1151194,0.1201274,0.2591348,0.057368,0.209583,0.1338812,0.1005368,0.1948274,0.5472808,0.1159644,0.149617,0.3762498,0.114172,0.1181856,0.435696,0.0767952,0.1661028,0.1499256,0.1519758,0.1932348,0.2053286,0.0815478,0.166504,0.2349328,0.1268026,0.1600968,0.2449282,0.0732494,0.1325626,0.2573204,0.0848852,0.2128796,0.2347056,0.0979208,0.1347108,0.1698762,0.1027048,0.1238916,0.1935524,0.0685722,0.1189456,0.1744234,0.1584646,0.1064036,0.1859324,0.2286766,0.0720088,0.205594,0.1942192,0.1670204,0.1868518,0.2172898,0.0610658,0.1132264,0.1865716,0.1456622,0.2145604,0.3935605,0.1993368,0.059506,0.1528948,0.3585738,0.10639,0.1156838,0.222682,0.0538958,0.1348322,0.1504044,0.0883764,0.2012428,0.2246713,0.0848206,0.1244754,0.1604202,0.1048694,0.155102,0.2742706,0.091745,0.1490744,0.1965368,0.1398138,0.1752232,0.1795097,0.0636882,0.156417,0.1611522,0.162157,0.1573976,0.2472136,0.1029534,0.2303198,0.1234076,0.081688,0.1526606,0.1505242,0.2365192,0.1207164,0.125945,0.1515523,0.0824348,0.1113272,0.3721808,0.0743874,0.1393648,0.2258326,0.0894884,0.1501948,0.5060058,0.0912328,0.2459922,0.1963756,0.1044636,0.2358524,0.2496747,0.0916036,0.1291046,0.175104,0.0602198,0.17528,0.2290646,0.0858788,0.1439228,0.1600036,0.104228,0.1672752,0.2391858
0.0803984,0.1628442,0.2997244,0.1159942,0.1791108,0.2339626,0.0851052,0.1614874,0.192893,0.1105242,0.194192,0.3452758,0.080174,0.1160722,0.2377118,0.0970258,0.1661548,0.1927458,0.0648446,0.2288764,0.1693898,0.1205204,0.11986,0.2783356,0.0608882,0.1426062,0.1785172,0.107587,0.1595242,0.1354094,0.2426246,0.086492,0.1696596,0.2040856,0.1745264,0.1534546,0.2492375,0.061567,0.1973754,0.1703484,0.1084668,0.1385024,0.206733,0.0536696,0.1434874,0.1485676,0.1245674,0.1504046,0.2584298,0.0736094,0.1387692,0.1545716,0.0721828,0.2368932,0.1992348,0.0630366,0.1284202,0.1269472,0.1146726,0.1208906,0.2598084,0.0573418,0.2079502,0.1351432,0.0997106,0.1952496,0.552606,0.1165138,0.1502244,0.379691,0.1145292,0.1167256,0.4344392,0.0764004,0.1653376,0.1485444,0.153173,0.1919482,0.2020834,0.0820976,0.16645,0.2382768,0.1265092,0.1592698,0.245744,0.0733642,0.1311984,0.2588354,0.0852422,0.2113716,0.2334972,0.0983558,0.1343324,0.16941,0.103121,0.1249158,0.1945498,0.0690264,0.118844,0.1762888,0.1588562,0.1073036,0.1844626,0.2253664,0.0736796,0.2057138,0.194142,0.1645964,0.1835566,0.2193432,0.059813,0.113809,0.184719,0.1452648,0.2173698,0.3910528,0.2004458,0.059008,0.1522216,0.3590676,0.1070878,0.116965,0.221044,0.0537906,0.1332534,0.1497902,0.0880242,0.2006302,0.2278612,0.0842514,0.1247292,0.1600572,0.105234,0.1548904,0.275508,0.0925608,0.150048,0.1968156,0.1427632,0.1750936,0.1796731,0.0636496,0.1563862,0.162392,0.1620548,0.1559354,0.2475632,0.1024662,0.2305716,0.1241618,0.0844078,0.153379,0.1508216,0.2375628,0.120916,0.1248408,0.1523091,0.081431,0.1123318,0.367837,0.0757446,0.1386358,0.2273208,0.0887382,0.15097,0.5056598,0.091069,0.2460666,0.1965414,0.1043384,0.2343252,0.2519595,0.0907604,0.1278588,0.1766908,0.0626398,0.1736424,0.229949,0.0853362,0.1434832,0.1595706,0.104036,0.1675672,0.2345284
0.0804494,0.163317,0.301207,0.1164436,0.178815,0.234211,0.0846022,0.1642128,0.194598,0.1113818,0.1926624,0.3455728,0.0798864,0.116373,0.2385016,0.0977634,0.1663436,0.1943827,0.0645682,0.230227,0.1701212,0.1188334,0.1190406,0.2771102,0.0628186,0.1398302,0.177807,0.1071186,0.1599154,0.1363682,0.24251,0.086364,0.1708154,0.205628,0.1753686,0.15127,0.2497657,0.061385,0.197257,0.1689,0.1078982,0.1398142,0.2085918,0.0541362,0.1463102,0.146598,0.1249656,0.1513156,0.258844,0.0741238,0.1382278,0.1550068,0.0731884,0.2373264,0.1974698,0.0634094,0.1287538,0.1261282,0.1178182,0.1194342,0.258926,0.0569998,0.2076132,0.1345078,0.0991716,0.2001346,0.5601214,0.1160206,0.1499258,0.3825952,0.1154802,0.1160666,0.4345214,0.0766616,0.1655032,0.1479862,0.1524156,0.1918908,0.2022452,0.08262,0.1639998,0.2431564,0.1279468,0.1594774,0.2430106,0.073933,0.1352562,0.2590514,0.085386,0.2101378,0.2339124,0.0982736,0.132942,0.1704044,0.101501,0.1258194,0.195524,0.0691144,0.1206974,0.17577,0.159691,0.1075014,0.18403,0.2275022,0.0734768,0.204394,0.194211,0.1652462,0.1823622,0.2190956,0.06009,0.1140384,0.1846124,0.14457,0.2175924,0.3943495,0.2001752,0.0585472,0.1524772,0.357703,0.1072806,0.1144376,0.220702,0.0537488,0.1378638,0.1524182,0.087331,0.1993816,0.230209,0.0848668,0.1253034,0.1601928,0.1045732,0.1546664,0.2729412,0.0928366,0.148798,0.1964358,0.1436898,0.174032,0.1797637,0.0639436,0.1544752,0.1634184,0.1621922,0.153706,0.2490136,0.102761,0.2273746,0.1245594,0.085323,0.1524242,0.1524768,0.2379178,0.1211844,0.1263692,0.1504181,0.0813944,0.1133816,0.3684938,0.0764578,0.1375736,0.2264028,0.0881402,0.1516658,0.5062256,0.0901004,0.246029,0.195899,0.1041124,0.232377,0.2520467,0.0915234,0.1282684,0.176078,0.0627068,0.1723368,0.2292094,0.0860466,0.1438126,0.160705,0.1044518,0.1662694,0.2339384
0.0806648,0.1617494,0.3041782,0.11532,0.1789402,0.2339486,0.0857448,0.1645308,0.1944702,0.111728,0.1928552,0.3455508,0.0796658,0.1168182,0.236657,0.0984908,0.1664718,0.1953429,0.0640646,0.226937,0.1697438,0.120818,0.1194544,0.2773244,0.0617272,0.1402236,0.1766748,0.106995,0.1589066,0.1367036,0.2414428,0.0869554,0.1706518,0.2055784,0.1753382,0.1510704,0.2483512,0.0607536,0.1989898,0.1699356,0.1091758,0.1400114,0.2115314,0.054616,0.1457726,0.1466336,0.1256946,0.1536004,0.2558872,0.0748484,0.1380966,0.1549104,0.0724846,0.2361812,0.1977316,0.0642298,0.1299374,0.126061,0.117302,0.1206524,0.2578544,0.0575928,0.2068948,0.1349114,0.09936,0.198682,0.5655042,0.1156242,0.1489736,0.382286,0.1158794,0.1170242,0.4373694,0.076993,0.1662088,0.1487952,0.1503882,0.19123,0.2018256,0.0819612,0.1628104,0.246997,0.1273252,0.1652856,0.241266,0.0740082,0.1351258,0.2582278,0.0855302,0.2094894,0.2351058,0.0977108,0.1324366,0.1708724,0.1012598,0.125554,0.1964662,0.0689504,0.1216562,0.175792,0.1605636,0.1089602,0.185641,0.2277482,0.0736694,0.2052804,0.1961336,0.1629852,0.1831178,0.2170542,0.0597104,0.1128362,0.1844408,0.1440014,0.2152794,0.3947479,0.1987684,0.0588976,0.153351,0.3558672,0.1077164,0.1165596,0.2199118,0.0529254,0.1389998,0.1517244,0.087556,0.198805,0.2285962,0.0856914,0.126273,0.158589,0.1049182,0.1548556,0.2695176,0.091771,0.1498062,0.1982066,0.142437,0.1746508,0.1786905,0.063141,0.15604,0.162678,0.1589138,0.1521502,0.2511926,0.1033696,0.2272304,0.1246644,0.0860836,0.1525106,0.1512904,0.2405628,0.120384,0.125589,0.1500447,0.081164,0.1136898,0.369094,0.0773658,0.1378278,0.222806,0.0874486,0.1509028,0.507651,0.0900964,0.2465572,0.194228,0.1041402,0.2311431,0.2483961,0.0925966,0.1288298,0.1772428,0.0628158,0.173175,0.2273902,0.086784,0.1435432,0.1601914,0.1045304,0.1666382,0.235314
0.0808532,0.161379,0.3004772,0.1146986,0.1796154,0.2329148,0.0855444,0.1682202,0.1948244,0.1105582,0.1942622,0.345609,0.0790504,0.1171612,0.2369922,0.0990308,0.167541,0.1946264,0.06389,0.2271784,0.1677192,0.1179612,0.1185058,0.2781344,0.0622614,0.1400944,0.1750446,0.1064498,0.1579682,0.1377104,0.2404984,0.08617,0.1726492,0.2055404,0.1756446,0.1514584,0.248284,0.0602916,0.1996832,0.169931,0.1091978,0.1395162,0.2085872,0.0556982,0.1457354,0.148724,0.126755,0.1525396,0.2554232,0.0732216,0.1381268,0.1552118,0.0725164,0.2375882,0.196853,0.0642904,0.1312252,0.1261412,0.1169942,0.120599,0.2602416,0.057193,0.209103,0.1353502,0.0996816,0.1950232,0.5610702,0.1163048,0.1492814,0.3870228,0.116103,0.116763,0.434459,0.075832,0.1658592,0.1491568,0.1526724,0.1922926,0.2003374,0.0815728,0.160118,0.2458782,0.1262788,0.1655698,0.2464066,0.0751316,0.1347088,0.2559874,0.0859994,0.2094458,0.2359008,0.09718,0.1303904,0.1710852,0.101792,0.1276842,0.1965454,0.0699774,0.121156,0.17422,0.161351,0.1107362,0.1847806,0.2276474,0.0737554,0.2056134,0.1953932,0.1627522,0.1823134,0.2153222,0.0589196,0.114648,0.183838,0.143468,0.2158154,0.3949335,0.1977708,0.0587592,0.1551128,0.3594004,0.107592,0.1174704,0.2200106,0.0528738,0.1389792,0.152174,0.0872978,0.1997836,0.2270104,0.0856064,0.1267214,0.1590676,0.1031734,0.1534762,0.2701264,0.0920672,0.1489324,0.1992296,0.1422234,0.1737404,0.1806013,0.0635538,0.1538094,0.1628634,0.1571634,0.1523508,0.2525788,0.1025548,0.226846,0.1250924,0.0872294,0.1511428,0.15138,0.2365052,0.1203646,0.1256476,0.1544883,0.081002,0.112809,0.3676108,0.0770298,0.1399462,0.2190692,0.0858432,0.1509062,0.5047748,0.0898388,0.2449612,0.193339,0.103262,0.2336907,0.2466757,0.0928366,0.1281208,0.1794516,0.0632884,0.1729254,0.2236528,0.0869824,0.1441994,0.1607026,0.1048004,0.165104,0.2389934
0.081009,0.1603286,0.3008556,0.1149172,0.1788446,0.2338638,0.0862454,0.1707524,0.193637,0.1117108,0.193449,0.3452224,0.0781346,0.1171432,0.2366044,0.1001906,0.167325,0.1957652,0.0636258,0.2283348,0.1656052,0.1207264,0.1198152,0.2793158,0.063492,0.1403144,0.1743652,0.1062698,0.157647,0.1366608,0.2414004,0.0854506,0.1723746,0.2017704,0.1763648,0.1506374,0.2493134,0.0601142,0.2001564,0.1708524,0.108667,0.1397514,0.2085792,0.0547118,0.1443356,0.1486574,0.1260358,0.152809,0.2534532,0.0734268,0.1369246,0.1564954,0.0732972,0.2370838,0.1955772,0.0641886,0.1302998,0.1274846,0.1170084,0.120199,0.2599244,0.0575594,0.2088524,0.135611,0.0990934,0.195563,0.5622308,0.1172124,0.149243,0.3874776,0.1157286,0.1171144,0.4363154,0.0761012,0.1671696,0.1460418,0.1544044,0.1923028,0.1998334,0.0818352,0.1587024,0.245656,0.12588,0.1661996,0.2490698,0.0757518,0.1336328,0.2575014,0.087029,0.2089372,0.2355932,0.097207,0.1314372,0.1721302,0.1010272,0.1274706,0.1960594,0.0697224,0.121139,0.1726462,0.1611294,0.1125746,0.1845546,0.22888,0.073891,0.2049896,0.1932892,0.1616064,0.181957,0.214788,0.0579824,0.1157074,0.1848938,0.1423296,0.218265,0.392316,0.1992308,0.060142,0.1550684,0.3599552,0.1094564,0.1172436,0.2221558,0.0538738,0.1390426,0.1527826,0.0875524,0.201703,0.2302736,0.0862628,0.1252716,0.1592174,0.1031434,0.1534764,0.2716446,0.0925646,0.1497138,0.1983158,0.1405204,0.1730326,0.1811077,0.0636546,0.1538926,0.1635748,0.1561188,0.1513848,0.2530194,0.1027728,0.2274062,0.1255792,0.0878522,0.1502076,0.1508144,0.2360524,0.1231588,0.1249582,0.1553747,0.0813692,0.1126938,0.369996,0.0777422,0.1385362,0.220957,0.0857252,0.151785,0.5063136,0.0896024,0.2450932,0.1951826,0.102745,0.2344391,0.2459469,0.093274,0.1265142,0.1760058,0.0625852,0.172517,0.2202938,0.087451,0.1442382,0.1604614,0.1047926,0.1640946,0.237541
0.0800564,0.1600576,0.306259,0.1155596,0.1798156,0.2355014,0.086735,0.1702244,0.1947174,0.1122616,0.1913638,0.3416658,0.0784968,0.1165896,0.2369926,0.1015272,0.1684556,0.1989352,0.0643376,0.232756,0.165681,0.1198914,0.120764,0.2782294,0.0635608,0.1391706,0.1755606,0.1096324,0.1587454,0.1359802,0.241506,0.0851088,0.1719278,0.2009157,0.1761538,0.1516746,0.2492807,0.0600186,0.2017948,0.1701448,0.1082436,0.1382686,0.2082048,0.0550012,0.142039,0.1477808,0.1257418,0.1519376,0.2520264,0.0741854,0.137265,0.1561322,0.0733198,0.2363034,0.1949878,0.0642768,0.130599,0.126996,0.1174094,0.1196992,0.2598176,0.0571669,0.2090152,0.1352392,0.100035,0.193463,0.558562,0.1167052,0.1498348,0.3858352,0.1157634,0.1185062,0.4387388,0.0754538,0.1654982,0.1458514,0.1542862,0.1918802,0.2007962,0.0814114,0.15862,0.2427918,0.1263846,0.1633664,0.2496962,0.075526,0.1332604,0.2580832,0.0864666,0.2094092,0.235398,0.0964566,0.1315276,0.1734712,0.1023816,0.1266884,0.1953994,0.0694978,0.1219406,0.171309,0.1584974,0.1126906,0.183636,0.2278178,0.0734434,0.2039578,0.1906686,0.1633696,0.1801034,0.2134974,0.0579242,0.1161332,0.1839752,0.1401478,0.217329,0.391012,0.1996658,0.0600822,0.1571412,0.357901,0.1096522,0.117604,0.2234952,0.0538838,0.1385412,0.1530966,0.087432,0.2018342,0.232334,0.0870212,0.1254302,0.160355,0.1036354,0.1517406,0.2748489,0.0921716,0.1497518,0.1989364,0.139684,0.174678,0.1803497,0.0626848,0.156098,0.1644458,0.156028,0.1504312,0.2531762,0.1021448,0.2248944,0.1254522,0.0880878,0.1488686,0.1502666,0.2390936,0.125067,0.1238196,0.1523517,0.0812156,0.1129062,0.367315,0.0770344,0.1385416,0.2167138,0.0871666,0.1515753,0.508343,0.0905834,0.2496278,0.1929114,0.1033662,0.2370593,0.2456213,0.0929734,0.125412,0.1748082,0.0631398,0.1723358,0.2259174,0.0871114,0.145041,0.1612312,0.1036764,0.1626706,0.237145
0.0795328,0.1631024,0.3038188,0.1159906,0.179769,0.2320978,0.0871206,0.1710888,0.193149,0.1116814,0.1905106,0.3401278,0.0800424,0.1167482,0.2354176,0.1019188,0.1693482,0.1973518,0.0649312,0.232934,0.166843,0.1188704,0.1203928,0.2769276,0.062902,0.1397732,0.1782122,0.1094372,0.1587002,0.1390154,0.2399441,0.0854642,0.1722622,0.1989453,0.1772526,0.1525942,0.2505941,0.0609312,0.2014058,0.1685956,0.1080922,0.140116,0.2070432,0.0555536,0.1414874,0.1494494,0.1287152,0.1516444,0.253089,0.0735234,0.1382286,0.155107,0.073227,0.234055,0.195009,0.0636218,0.1292022,0.125126,0.1178908,0.1182764,0.2611582,0.0573263,0.206813,0.1338676,0.1004282,0.1923154,0.5679674,0.1166312,0.149197,0.3848446,0.1178794,0.1187984,0.4354948,0.0751896,0.1652202,0.1442114,0.1548762,0.1899768,0.2000584,0.081126,0.1600504,0.2435352,0.1277744,0.1624228,0.2494678,0.075146,0.1327208,0.2525184,0.0881332,0.2105038,0.2327494,0.096153,0.1316584,0.172923,0.1022542,0.1265656,0.1979074,0.0696948,0.1221434,0.1727954,0.1553076,0.1126736,0.1844682,0.2312826,0.072568,0.20274,0.1904994,0.162786,0.177068,0.210823,0.0575742,0.1187014,0.1837766,0.1400194,0.216727,0.3911362,0.1997248,0.0607704,0.1604032,0.3553344,0.109971,0.118919,0.2235258,0.053658,0.13831,0.1527196,0.088269,0.2011678,0.2314178,0.0866426,0.128099,0.1597118,0.1047546,0.1515062,0.2744761,0.092864,0.149374,0.197844,0.1413122,0.1762604,0.1766901,0.0626094,0.1538906,0.1636546,0.1551658,0.1558224,0.2550998,0.1020992,0.2235608,0.1257192,0.0871682,0.1482564,0.1493418,0.2423284,0.124638,0.126667,0.1514517,0.081882,0.1132048,0.3675496,0.0757294,0.1384192,0.218879,0.085384,0.1504135,0.5048182,0.0909636,0.2478438,0.1943678,0.1041722,0.2361954,0.2453814,0.0930278,0.1237538,0.1737682,0.06229,0.1713204,0.2246956,0.0871702,0.14396,0.1612388,0.1039258,0.1655252,0.2377762
0.0808552,0.1619556,0.300629,0.1163032,0.1788962,0.2300408,0.0870946,0.172637,0.19582,0.112661,0.1908322,0.3373306,0.079371,0.1162772,0.2375942,0.1025968,0.1691384,0.1952434,0.0636658,0.2324628,0.1676736,0.119952,0.119182,0.2794084,0.0633428,0.1386182,0.1776324,0.1087812,0.1584006,0.1399296,0.2403369,0.0844046,0.173781,0.1995187,0.1783968,0.152006,0.2521764,0.0610942,0.2004356,0.1677032,0.1067372,0.1397312,0.2064928,0.0558524,0.1406006,0.1481996,0.1281042,0.1520472,0.2523435,0.073881,0.1376856,0.1561198,0.0733004,0.2343248,0.1932736,0.0625278,0.1288288,0.1241485,0.118634,0.1183748,0.2589998,0.0574793,0.2089498,0.1343704,0.0996218,0.191163,0.5648134,0.1162792,0.14865,0.3827708,0.1186156,0.1195204,0.4315634,0.0742762,0.1657542,0.1435866,0.1545784,0.187753,0.1961878,0.0815468,0.1591388,0.2441024,0.1281496,0.162759,0.2493178,0.0749646,0.1307724,0.255772,0.0883114,0.2072396,0.2354214,0.0960898,0.132981,0.1736234,0.1027888,0.1273921,0.1977928,0.0693214,0.1229814,0.1722352,0.154361,0.1119154,0.1826724,0.2318112,0.0717982,0.2021622,0.189819,0.1610798,0.1765528,0.2108958,0.0586084,0.120101,0.1839508,0.1399786,0.2153292,0.3849706,0.1991508,0.0602118,0.1608262,0.3580104,0.1097004,0.118801,0.225155,0.05433,0.1367252,0.1521402,0.0885662,0.2019222,0.2323002,0.0866056,0.1299346,0.1590674,0.1048588,0.1500562,0.2716893,0.0933162,0.1485268,0.1972104,0.1425228,0.1769922,0.1774629,0.0624978,0.1544614,0.1631362,0.1547176,0.1573224,0.252748,0.1022668,0.2253788,0.1256884,0.0858172,0.1482784,0.1481774,0.2422954,0.1254972,0.1263686,0.1496986,0.0821492,0.112494,0.3654694,0.081152,0.1388876,0.2171326,0.0851202,0.1511369,0.5038074,0.0906704,0.2488486,0.1931712,0.1039706,0.2369892,0.2473982,0.0924584,0.1215276,0.1749674,0.0625942,0.1702956,0.2238614,0.0868112,0.1424948,0.1627496,0.104537,0.1643952,0.2370926
0.081048,0.160731,0.3015974,0.1169834,0.1767516,0.230251,0.0885608,0.1750006,0.1971524,0.1140914,0.1898152,0.3383124,0.0797128,0.1199618,0.237001,0.102121,0.1690524,0.194205,0.06482,0.2314026,0.1690002,0.1205968,0.1193792,0.279999,0.0634682,0.1380086,0.1776858,0.1098444,0.1576254,0.1387744,0.2416517,0.0837546,0.1723756,0.1982645,0.1791152,0.1511286,0.250875,0.0614252,0.1994588,0.166296,0.107485,0.1390206,0.2065552,0.0558092,0.1407814,0.1461148,0.1283992,0.1521154,0.2516019,0.0754478,0.1390156,0.1564676,0.073675,0.232525,0.1908406,0.0624954,0.1298518,0.1235765,0.1173796,0.1183452,0.2583848,0.0571089,0.2068266,0.1334032,0.0992438,0.1930238,0.5646074,0.1169378,0.1493824,0.3805934,0.1201,0.1207302,0.4347394,0.0760076,0.1660202,0.142938,0.1517656,0.1849192,0.1980848,0.0813448,0.1583098,0.2397934,0.1276716,0.162792,0.2505742,0.0750164,0.1297388,0.2567132,0.0895474,0.2065458,0.2409112,0.0966982,0.1328222,0.1726494,0.1023166,0.1295318,0.1956894,0.070953,0.1229002,0.1731054,0.1543948,0.1118824,0.1827432,0.2317726,0.0709128,0.2022104,0.1882788,0.162298,0.1766766,0.2096834,0.0585132,0.1199244,0.1835238,0.1395698,0.2152228,0.3847238,0.2005218,0.0597844,0.1594694,0.3589304,0.1100122,0.1196218,0.2219914,0.0539104,0.1370054,0.154979,0.0887904,0.2026188,0.2298604,0.0876574,0.1300992,0.159314,0.1065778,0.1508098,0.2692879,0.093168,0.1463418,0.1989666,0.141973,0.1783,0.1809453,0.0629296,0.1528416,0.1616328,0.1531814,0.1554098,0.2489886,0.1017106,0.2267928,0.1288738,0.0859024,0.1465526,0.1476006,0.2444412,0.1255542,0.1256832,0.147672,0.0812124,0.1154388,0.3628054,0.0802124,0.1396806,0.2180534,0.0842608,0.1508805,0.4991948,0.0913568,0.2487886,0.1905786,0.1041058,0.237626,0.2489502,0.092913,0.1215806,0.1765942,0.0628246,0.1701466,0.2248238,0.0867374,0.1425984,0.1628492,0.1057242,0.1634064,0.2370092
0.081399,0.1608324,0.3030444,0.1167852,0.1758764,0.2282168,0.088956,0.1776124,0.195976,0.114738,0.1893466,0.3379162,0.0800294,0.1192952,0.2379522,0.102157,0.1691588,0.1938798,0.0654596,0.2323342,0.169834,0.1197438,0.119004,0.2785874,0.0648366,0.1363278,0.179579,0.1092848,0.1576856,0.1381182,0.2395012,0.0859924,0.1743844,0.2009225,0.1780238,0.1491566,0.2502852,0.0612118,0.1974284,0.1654804,0.1063494,0.1402266,0.2049572,0.0555004,0.14105,0.1433432,0.128665,0.1510296,0.2491901,0.0766492,0.1388866,0.1590856,0.0730868,0.2343168,0.1932452,0.0636524,0.1287256,0.1255649,0.1173916,0.1189578,0.256995,0.0579198,0.2044488,0.1316972,0.0991334,0.1932384,0.5631282,0.117462,0.1502424,0.3784822,0.1211372,0.1214774,0.434954,0.076313,0.1659416,0.1435332,0.1514258,0.1853374,0.1990932,0.0819794,0.158593,0.2394202,0.1251712,0.164587,0.2498354,0.0753688,0.1301296,0.2547758,0.0900824,0.2086342,0.24053,0.0953906,0.1324472,0.1722308,0.1011318,0.1292003,0.1971382,0.0715674,0.124421,0.1736924,0.1548768,0.1136678,0.1827232,0.2298252,0.0699724,0.203961,0.188216,0.1621936,0.174825,0.206488,0.0582326,0.1198524,0.182785,0.1392318,0.213981,0.3843547,0.201004,0.0599668,0.1609734,0.3573872,0.1109544,0.1201966,0.223874,0.0541892,0.1356084,0.1561192,0.0882944,0.2046862,0.229083,0.0874662,0.1285996,0.1575802,0.108206,0.1504036,0.2721491,0.0934358,0.1469314,0.1979994,0.1413338,0.1770296,0.1791085,0.0630266,0.1526566,0.1630508,0.1542236,0.1543346,0.2507426,0.1010088,0.2242928,0.127206,0.0864424,0.1477996,0.1475848,0.247062,0.1270608,0.1258964,0.149753,0.0818478,0.1172458,0.3682312,0.080584,0.1401894,0.2161712,0.08363,0.152007,0.5039876,0.091865,0.2517788,0.1905848,0.1034922,0.2360808,0.2466524,0.093183,0.1204306,0.176078,0.0629038,0.1691448,0.2279914,0.0866272,0.1420786,0.1649896,0.106122,0.1626008,0.2372012
0.0815682,0.1586662,0.3035642,0.1163716,0.1751544,0.2265258,0.0896696,0.1828674,0.1970046,0.11378,0.1880544,0.3394628,0.0818668,0.1191766,0.2378858,0.1021482,0.1698854,0.1923248,0.0652944,0.229322,0.1683854,0.1203884,0.1179496,0.2802944,0.0655478,0.1371446,0.1797506,0.1098736,0.158869,0.1378948,0.2380884,0.0855662,0.1726312,0.1994085,0.1775364,0.1524944,0.254792,0.061504,0.197091,0.1658364,0.1060166,0.1410282,0.2060254,0.0549694,0.1399648,0.1447088,0.1319658,0.1489336,0.2516157,0.07773,0.1384696,0.1579,0.0731662,0.233327,0.1922876,0.0633292,0.129973,0.1250093,0.116153,0.119642,0.2556036,0.0585812,0.2030996,0.1316032,0.1001094,0.1930162,0.5658426,0.1175356,0.1500734,0.3823666,0.1204222,0.1223414,0.4356218,0.0752526,0.1659516,0.1447606,0.153295,0.1854114,0.2013164,0.0823414,0.1565452,0.239922,0.1261398,0.1663972,0.2486704,0.0757628,0.1310536,0.2524576,0.0909072,0.2087762,0.2410244,0.0953924,0.1325702,0.1705246,0.1006768,0.1308995,0.1948266,0.0708594,0.1235502,0.1753204,0.1556628,0.1148398,0.181795,0.23139,0.0711046,0.20252,0.1885682,0.1640242,0.1748618,0.2041606,0.0584268,0.1201432,0.180588,0.142863,0.2122894,0.384884,0.1996786,0.060744,0.1632888,0.362712,0.1113592,0.1195034,0.2233514,0.0535588,0.1361872,0.155134,0.0877142,0.2031078,0.2313014,0.0888576,0.1287484,0.1588136,0.1087848,0.1506328,0.2733651,0.093053,0.148684,0.1967172,0.1403234,0.1771324,0.1782171,0.0632318,0.1515298,0.160466,0.1525928,0.1528194,0.2525024,0.100946,0.2242274,0.125009,0.0860758,0.1480836,0.1505068,0.247449,0.1286386,0.125253,0.1475922,0.0819682,0.1177018,0.3637836,0.080042,0.1402434,0.2175966,0.0825496,0.153289,0.5007288,0.0920226,0.2521376,0.192651,0.1020032,0.235282,0.2474246,0.0925352,0.119104,0.1754762,0.0636646,0.169056,0.2262592,0.0864272,0.1400744,0.164023,0.1059502,0.1612774,0.2375484
0.0821312,0.157372,0.3005396,0.1165406,0.1740266,0.2272526,0.0896566,0.1869438,0.1958592,0.1115298,0.1870034,0.3393558,0.0830528,0.1193404,0.236609,0.101496,0.1730648,0.1922922,0.0651592,0.2284434,0.16771,0.1195956,0.1175934,0.2809204,0.065188,0.1360112,0.1780602,0.1085014,0.159643,0.1380166,0.235841,0.0854644,0.1734356,0.2025523,0.179672,0.1544908,0.2532954,0.0611142,0.1954504,0.164255,0.106433,0.142545,0.2110626,0.0553754,0.1398628,0.145225,0.130998,0.1480712,0.2518207,0.0766116,0.137477,0.1578146,0.0729472,0.230943,0.1948256,0.0626542,0.1311122,0.1278178,0.1156772,0.1181078,0.2570104,0.0601636,0.2014346,0.1312188,0.0998574,0.1907426,0.569127,0.1188312,0.150351,0.3860282,0.1183028,0.1221286,0.4366548,0.0748942,0.165635,0.145808,0.1556654,0.1851406,0.1998404,0.0821538,0.1571398,0.2394666,0.1254936,0.169114,0.2459068,0.0756554,0.1292496,0.2541288,0.0909494,0.2101936,0.2397408,0.0952182,0.1322402,0.1704516,0.1007388,0.1326657,0.1942226,0.0701644,0.1234262,0.175527,0.1549514,0.1161094,0.1805172,0.230639,0.072291,0.2014824,0.1887058,0.1640304,0.1716964,0.2041944,0.0585854,0.1190616,0.1801952,0.1410362,0.2122156,0.3890207,0.2020024,0.060841,0.1629362,0.3648024,0.1136694,0.11843,0.2230814,0.0534576,0.1362788,0.1556362,0.0878032,0.204752,0.2334338,0.0890406,0.1300992,0.1602738,0.1090862,0.1510046,0.2735901,0.093207,0.1467592,0.1983622,0.1420818,0.1763344,0.1773861,0.063835,0.1533128,0.1613042,0.1526182,0.1543734,0.2506792,0.1040158,0.2258936,0.1241336,0.0858132,0.1479788,0.1508708,0.2477388,0.1280562,0.125162,0.150012,0.0815052,0.116076,0.3628616,0.0800218,0.1404254,0.2163558,0.0820646,0.1532778,0.5029714,0.0919052,0.249709,0.1963604,0.1033478,0.2337352,0.2443628,0.0926196,0.1198396,0.1763968,0.0631644,0.169373,0.2286986,0.0873048,0.141161,0.1621636,0.1050098,0.1617226,0.2353194
0.0827808,0.160051,0.3005214,0.1158932,0.1743304,0.22577,0.0909414,0.187728,0.1976736,0.1117628,0.1856958,0.3419644,0.0838472,0.1195664,0.2327128,0.100764,0.1710224,0.1929798,0.064179,0.2307028,0.1670682,0.1205294,0.1169826,0.2810876,0.0665318,0.135893,0.175458,0.1099444,0.160314,0.1389248,0.2361634,0.0845616,0.1716588,0.2030881,0.1785798,0.1542672,0.2553218,0.061292,0.1989424,0.1652046,0.1065472,0.1424248,0.2098148,0.0553622,0.1391282,0.146988,0.1326648,0.1472004,0.2507295,0.0765076,0.1366436,0.1582974,0.0736392,0.2279238,0.1946834,0.0626696,0.1336478,0.1275288,0.116399,0.1186638,0.2544902,0.0619382,0.2027798,0.1304798,0.0991696,0.1905272,0.568056,0.1180994,0.1506074,0.3865054,0.1195488,0.1215506,0.4363316,0.0746882,0.1645364,0.1448366,0.1564468,0.1835778,0.1985342,0.0832586,0.1579388,0.235658,0.1263848,0.1680436,0.2487516,0.0753424,0.1290992,0.2584772,0.0911328,0.2079916,0.2421202,0.0966608,0.1310958,0.168999,0.101443,0.1334291,0.1957258,0.0708172,0.1227362,0.1730362,0.1546656,0.1174608,0.1819444,0.2320248,0.0714556,0.2015496,0.1894514,0.1624048,0.1730012,0.2038672,0.0577276,0.1172716,0.1798798,0.1393626,0.2146972,0.3901778,0.1991868,0.060817,0.1627484,0.3659954,0.1134618,0.1164794,0.2247984,0.053538,0.1357208,0.154622,0.0868702,0.2055086,0.2331688,0.0897192,0.130666,0.1598748,0.1110664,0.1529824,0.2707098,0.0946108,0.1459168,0.1984276,0.142758,0.1775932,0.1788441,0.064295,0.152864,0.1615996,0.1526558,0.154684,0.2514588,0.1042902,0.223556,0.1240544,0.086843,0.1476162,0.1512218,0.2489814,0.127318,0.1260436,0.1486886,0.0815046,0.1173994,0.359974,0.0801404,0.1389108,0.2177684,0.0817064,0.1538034,0.5078626,0.092423,0.2488536,0.1953198,0.104282,0.2341152,0.2485746,0.0913458,0.120327,0.1771818,0.0633326,0.1683966,0.2243788,0.0877954,0.140074,0.1621966,0.1048272,0.1625706,0.2374672
0.0820542,0.157977,0.3051522,0.117607,0.174701,0.225377,0.0907576,0.1898336,0.1971096,0.1114098,0.1878842,0.3358628,0.0846582,0.1186102,0.2353554,0.1008282,0.172357,0.1926926,0.0643696,0.2303946,0.1656036,0.1212742,0.1166672,0.2811292,0.0679704,0.1359782,0.1747418,0.10969,0.160508,0.1385524,0.2345926,0.084599,0.1712144,0.2042961,0.1792978,0.1549988,0.2574022,0.0610162,0.198528,0.164234,0.1057538,0.140784,0.209918,0.0551126,0.1393156,0.147702,0.1326208,0.1432202,0.2498655,0.0759598,0.1373912,0.1590968,0.0738628,0.226551,0.1957372,0.0618654,0.1316214,0.1264328,0.1163848,0.119174,0.2530933,0.0624942,0.2067278,0.1315502,0.098239,0.1932984,0.5706034,0.119045,0.1497202,0.3861464,0.118896,0.1216792,0.4338254,0.0748942,0.1631998,0.1448992,0.1554184,0.1839896,0.2006392,0.0836468,0.1556064,0.2359036,0.126534,0.1676922,0.2486736,0.075708,0.128295,0.255835,0.0907256,0.2114308,0.2463098,0.096938,0.128698,0.1716804,0.1003238,0.1315016,0.1958362,0.0701272,0.124217,0.1751192,0.155538,0.116674,0.1825988,0.2301568,0.071152,0.2007416,0.1920836,0.1621436,0.1715134,0.2046866,0.0578286,0.1176064,0.1787036,0.1390024,0.2155158,0.386904,0.1968466,0.0607172,0.1622212,0.3612676,0.1135916,0.116056,0.226963,0.0542178,0.1368042,0.1532552,0.0866492,0.206188,0.2307692,0.0901684,0.1315448,0.159586,0.1100978,0.1550002,0.2724834,0.0948662,0.1465052,0.196372,0.1406166,0.1752056,0.1770447,0.0648558,0.1531234,0.1656876,0.1526966,0.1560486,0.2508598,0.1044328,0.2232586,0.1240384,0.0865496,0.1477538,0.1509684,0.2509188,0.128429,0.1266002,0.1478302,0.0821686,0.1175742,0.357466,0.079662,0.1383726,0.2185784,0.0817716,0.1521838,0.5061964,0.0930108,0.2501668,0.1937042,0.1040208,0.2333268,0.2490514,0.091075,0.1201442,0.1774004,0.0638384,0.167928,0.2253058,0.0876956,0.1400218,0.1636392,0.104205,0.1620458,0.2373364
0.082199,0.1570946,0.3042854,0.1181652,0.1762858,0.2223718,0.0904214,0.1927634,0.1954096,0.1117302,0.1877274,0.3399628,0.0847078,0.1189368,0.2355228,0.1005432,0.1739298,0.1948566,0.0651496,0.228141,0.1663576,0.1191836,0.1167844,0.2801352,0.0700376,0.135675,0.1754578,0.109365,0.1628772,0.1364132,0.2355428,0.0847818,0.171216,0.2056696,0.1781158,0.1540886,0.2558358,0.0605658,0.1987838,0.1635244,0.1040796,0.1426406,0.2091422,0.0558866,0.1391724,0.1494758,0.1345502,0.1419386,0.2528689,0.0756196,0.135302,0.1567424,0.074009,0.2267526,0.1955352,0.0617174,0.1310314,0.126153,0.1163348,0.1188438,0.2511227,0.0621188,0.2073304,0.1334152,0.09838,0.1928972,0.5668868,0.118931,0.1501954,0.3872658,0.1180454,0.1225152,0.438931,0.0750248,0.1633072,0.1442786,0.1532138,0.1852796,0.199959,0.0839332,0.1575814,0.2406496,0.1268184,0.166996,0.2493834,0.0759048,0.127327,0.2549952,0.0901604,0.2101894,0.2470922,0.0963054,0.1295162,0.169986,0.1017026,0.1307526,0.1953592,0.070032,0.1240542,0.1743316,0.1556624,0.1167706,0.1815762,0.2312914,0.0711126,0.1995376,0.1931146,0.1643594,0.170622,0.201934,0.0581152,0.1167782,0.1767144,0.1393652,0.2141672,0.3857102,0.1982236,0.0604724,0.1637314,0.3542574,0.1142276,0.1185284,0.229831,0.0549944,0.1364148,0.1524498,0.086703,0.2067654,0.2323446,0.0893434,0.132585,0.158395,0.1094934,0.1544518,0.2724094,0.0959356,0.145485,0.1955662,0.1416176,0.1750646,0.1760255,0.0652948,0.1521102,0.1643134,0.151796,0.156678,0.2513328,0.1045718,0.224229,0.124076,0.0869356,0.1493322,0.1501924,0.252061,0.1293674,0.1278188,0.1503366,0.081376,0.1171722,0.3540126,0.079353,0.137809,0.2212234,0.0822156,0.1520326,0.5054588,0.0932752,0.2484854,0.1938472,0.1043226,0.2343084,0.2523526,0.0899832,0.1197698,0.1765634,0.0630892,0.1687702,0.2237572,0.0878372,0.1408192,0.1646318,0.1030438,0.1595288,0.2407968
0.0817864,0.156446,0.3082026,0.1180934,0.1756244,0.2218336,0.0912436,0.1950768,0.1942884,0.111072,0.1870338,0.3364148,0.084542,0.1183038,0.2373384,0.1013752,0.1733724,0.194955,0.0647658,0.2268522,0.1655036,0.1178752,0.1172446,0.2827536,0.0712042,0.1354726,0.1739562,0.1081458,0.162049,0.1380336,0.2311426,0.0849196,0.1718446,0.2057534,0.1779954,0.1565858,0.2573728,0.0600958,0.1997826,0.162332,0.103175,0.1446532,0.209576,0.056406,0.1393736,0.1495798,0.1346374,0.1425166,0.252774,0.075881,0.1368842,0.157721,0.0736932,0.2246744,0.198691,0.0635426,0.1306536,0.1258386,0.1161778,0.1190182,0.2527941,0.0614196,0.2085894,0.1347008,0.0975908,0.1922312,0.569044,0.1186052,0.1502472,0.3806076,0.1197608,0.120516,0.4358298,0.07478,0.162064,0.1436332,0.1523238,0.1857034,0.199113,0.0823724,0.1562834,0.2429832,0.1275706,0.1656928,0.2471418,0.0762858,0.1286208,0.2530306,0.089411,0.210611,0.2471038,0.0962458,0.1290952,0.1680716,0.1023962,0.1315024,0.1966192,0.0697144,0.124249,0.1709506,0.155142,0.1195964,0.1817774,0.2329782,0.0719158,0.1997882,0.1920394,0.1659462,0.1694924,0.20036,0.0587172,0.1177274,0.1759248,0.1386786,0.2170288,0.3843032,0.1959898,0.0607558,0.1638154,0.3540146,0.1150038,0.117723,0.2313998,0.0553408,0.1351008,0.1507626,0.0856708,0.2054194,0.2318008,0.089841,0.1338076,0.1621934,0.1088022,0.1544298,0.2714342,0.095262,0.1446338,0.1939378,0.1401716,0.1734344,0.1738687,0.0653602,0.1528102,0.1632422,0.151533,0.1566282,0.2498312,0.1054872,0.2240124,0.1245664,0.0866272,0.1478068,0.151124,0.251375,0.1303546,0.1273022,0.1510498,0.0806232,0.1168084,0.3560984,0.0792902,0.1357534,0.2177642,0.082423,0.1524896,0.5034678,0.0926112,0.2496294,0.1942454,0.1061122,0.23501,0.254225,0.090407,0.1199206,0.1753886,0.0639298,0.1669124,0.2227602,0.0887412,0.1395514,0.1660028,0.1028216,0.1590428,0.2394344
0.0828024,0.1562478,0.3094258,0.11836,0.175728,0.220095,0.0914728,0.1970266,0.1930378,0.111251,0.1868996,0.337201,0.084452,0.1191772,0.2392884,0.1015142,0.1758452,0.1936356,0.0640918,0.2270734,0.1656002,0.119973,0.1164188,0.2829128,0.070685,0.1362708,0.1758582,0.107661,0.1620212,0.1379816,0.2307228,0.084475,0.1711814,0.2106094,0.1772706,0.1562988,0.2568508,0.0606168,0.200092,0.1594186,0.10316,0.1482914,0.207999,0.055415,0.139243,0.149604,0.137946,0.1428126,0.2509254,0.076156,0.1355438,0.1595394,0.072171,0.2251874,0.1998962,0.0648684,0.1302668,0.128408,0.1149116,0.1187742,0.2546659,0.060639,0.2096286,0.1345578,0.0969994,0.1929647,0.564049,0.1196226,0.1480542,0.3805336,0.1196634,0.1212264,0.433211,0.0755258,0.1608898,0.1431784,0.152943,0.1850638,0.2003494,0.0829368,0.1565058,0.2442666,0.1274432,0.1646244,0.2480836,0.076406,0.1298952,0.2532212,0.0897662,0.2096164,0.2451484,0.0972852,0.1296572,0.1677714,0.1026536,0.1315042,0.1958774,0.0711484,0.1235544,0.1710748,0.1554052,0.1200322,0.1821438,0.2351446,0.0714694,0.2011532,0.1975398,0.1667728,0.1677322,0.2007456,0.0576322,0.1173676,0.1752168,0.1385006,0.215112,0.3782239,0.1923564,0.061551,0.1674394,0.3574064,0.1157184,0.1192278,0.2301524,0.0555088,0.1350408,0.15106,0.0853444,0.207261,0.2341278,0.0895274,0.1335168,0.1624216,0.1089058,0.1560134,0.2741024,0.0942814,0.1444656,0.1955538,0.1405276,0.1748648,0.1748305,0.0655884,0.1521578,0.1635778,0.1511264,0.1569102,0.250345,0.106546,0.2254558,0.1245152,0.0855862,0.1479492,0.1510016,0.2489194,0.1303728,0.1270914,0.1504016,0.080435,0.1172096,0.351776,0.0791218,0.1355476,0.2175848,0.0818654,0.1547308,0.5032084,0.0928604,0.248805,0.1930676,0.1083504,0.2329978,0.2581582,0.0923022,0.1217144,0.1741636,0.0641506,0.1660908,0.2228352,0.0879774,0.1374332,0.166929,0.1019634,0.15924,0.2403242
0.08206,0.1565008,0.308564,0.1177002,0.1737638,0.2186244,0.0922612,0.1963646,0.1938442,0.1105542,0.1856726,0.3395776,0.0846826,0.1191886,0.2422862,0.100752,0.1753436,0.1935912,0.0646152,0.2252976,0.1632676,0.1200366,0.116074,0.2846784,0.0717922,0.1378038,0.1750038,0.1079732,0.1615348,0.1379028,0.230252,0.0833366,0.1706942,0.2127242,0.1762288,0.1557558,0.2578598,0.0605316,0.1993812,0.1591704,0.1022306,0.1486562,0.2088016,0.0550028,0.1380852,0.148139,0.1382358,0.1418946,0.2499328,0.0755634,0.1356292,0.1581282,0.074067,0.2221744,0.199916,0.0651536,0.1289604,0.128738,0.115724,0.1189668,0.2548309,0.0606602,0.2075556,0.1335556,0.09626,0.1916919,0.5647372,0.1183636,0.148599,0.383932,0.1199628,0.1210058,0.4341676,0.0750434,0.1605028,0.1417068,0.1552102,0.1834244,0.200128,0.0823992,0.1561684,0.2428422,0.1276874,0.1635406,0.245877,0.0763174,0.1283666,0.2546732,0.0894426,0.2099166,0.243935,0.0978206,0.1302542,0.1677128,0.1024114,0.1303628,0.1981172,0.0715578,0.1238568,0.1762742,0.1531046,0.12145,0.1807522,0.2346776,0.0715236,0.2020702,0.1964298,0.1675092,0.1675056,0.1996022,0.0573954,0.1178744,0.1774992,0.1369846,0.2149098,0.3784493,0.1916854,0.0619852,0.167184,0.358535,0.1160014,0.1204728,0.2321556,0.0554826,0.1348164,0.151442,0.0851802,0.2098092,0.2310466,0.0907374,0.1333466,0.161993,0.1092278,0.1550492,0.2775126,0.0947662,0.1447186,0.1932452,0.1396792,0.1745392,0.1737645,0.0659268,0.1516266,0.1635068,0.1496576,0.1568032,0.2517234,0.1063768,0.2231892,0.1250266,0.0858176,0.1445908,0.1522986,0.2501386,0.129771,0.1264204,0.1498672,0.0817462,0.1173666,0.3525956,0.079073,0.1356146,0.2145178,0.0810498,0.153571,0.5065398,0.0932104,0.2478458,0.1927568,0.1067438,0.2326872,0.260688,0.0915942,0.121055,0.1721698,0.0642638,0.1677856,0.2227998,0.0880942,0.1385892,0.165454,0.1022802,0.1590762,0.2404438
0.0807376,0.1557564,0.3132146,0.1181446,0.1705226,0.2199684,0.0925372,0.1965234,0.193321,0.1112312,0.185163,0.3371358,0.084726,0.1198564,0.2423288,0.1005496,0.1745448,0.1926596,0.064784,0.2273656,0.1665878,0.1204788,0.118494,0.284234,0.0725286,0.1375304,0.1729942,0.1094926,0.1613414,0.1383088,0.2321892,0.0836504,0.1724636,0.2110538,0.1765804,0.1540812,0.2547392,0.0594436,0.1997188,0.1572432,0.0990796,0.1474754,0.2077694,0.0548122,0.1394512,0.1469404,0.1348648,0.1411528,0.2473744,0.0752132,0.1348546,0.1597452,0.073036,0.223116,0.1988282,0.0657378,0.1295798,0.1287224,0.1174404,0.1184592,0.2545539,0.0602954,0.208548,0.1348972,0.0959122,0.1906276,0.5644442,0.1194184,0.1496784,0.3842098,0.1217268,0.1213692,0.4363564,0.075596,0.1595452,0.1415386,0.1560436,0.1833544,0.1976504,0.0833438,0.1558308,0.2454942,0.1276624,0.1648746,0.2465264,0.075848,0.1274302,0.2555658,0.0894476,0.2106566,0.2428246,0.0987106,0.1291274,0.1664214,0.1022746,0.1296984,0.1988696,0.0718204,0.1237468,0.1753076,0.1550874,0.1213328,0.1816066,0.2356324,0.0719728,0.2022406,0.1959426,0.1647864,0.1694294,0.2006618,0.0583274,0.1175944,0.1775022,0.1371032,0.2142838,0.3788716,0.1887808,0.062327,0.1677786,0.3574542,0.1154726,0.121461,0.2288652,0.0543464,0.1343154,0.1510512,0.0846256,0.2108438,0.2310996,0.0914116,0.1345446,0.1616978,0.1089576,0.1548608,0.2790273,0.0942304,0.1463464,0.1929652,0.1400356,0.174013,0.1752015,0.06688,0.1526302,0.163984,0.1489946,0.1577012,0.2503322,0.1076422,0.2234416,0.1264352,0.0868022,0.1431812,0.1509182,0.2529246,0.1313088,0.1257118,0.1495408,0.0803392,0.1179676,0.3526984,0.0787484,0.1348526,0.2159866,0.0813066,0.15304,0.5049368,0.093985,0.2514118,0.1915592,0.1057986,0.2331536,0.259737,0.0914344,0.1225808,0.1698196,0.0654436,0.1680768,0.2226524,0.0879092,0.1384304,0.1664728,0.1031598,0.158624,0.2434898
0.0838654,0.1575308,0.3086436,0.1189104,0.1693946,0.2196896,0.092172,0.1959462,0.1906592,0.1120342,0.1860906,0.3337592,0.0843004,0.1195114,0.2426372,0.1011744,0.17338,0.1963284,0.0641226,0.2278742,0.1653984,0.1197698,0.1176,0.2873212,0.0739864,0.1386156,0.1729236,0.1108232,0.1617744,0.137212,0.2319968,0.08255,0.1734922,0.2131932,0.1762636,0.1561668,0.2545402,0.0595016,0.2006954,0.157409,0.0988128,0.1490182,0.2089468,0.0543338,0.1391666,0.1479926,0.1348432,0.139015,0.247888,0.0746234,0.1334462,0.1595584,0.0736898,0.2241468,0.1963706,0.0658218,0.1291852,0.1290252,0.1163342,0.1193524,0.2530383,0.0612022,0.2107686,0.1342188,0.095297,0.1877178,0.5639434,0.1187172,0.150766,0.3853916,0.1211378,0.1216338,0.4339346,0.0770212,0.1577102,0.1418238,0.1576252,0.1816046,0.1997331,0.083197,0.1573024,0.2454302,0.1262806,0.1647786,0.2442812,0.0763712,0.1261116,0.2551518,0.0906956,0.2101956,0.2467802,0.0984652,0.1284056,0.1660772,0.1028656,0.1293548,0.1989584,0.0728574,0.12455,0.173259,0.1522062,0.1215248,0.1809346,0.2382866,0.0710526,0.201637,0.1955826,0.1663704,0.1695924,0.198802,0.058559,0.1170622,0.177993,0.136843,0.2133512,0.3804298,0.1872888,0.0625948,0.1673766,0.3566724,0.1156578,0.1214158,0.2283926,0.0542834,0.1345266,0.1539346,0.0840954,0.210713,0.229223,0.0908938,0.1342476,0.1608584,0.1101324,0.1524228,0.2789415,0.0939232,0.1463164,0.1918918,0.1390498,0.174291,0.1768191,0.0671554,0.152521,0.1655232,0.1478096,0.1567516,0.2495334,0.1073306,0.2219188,0.126496,0.087515,0.1426464,0.1537224,0.252522,0.1308818,0.1265624,0.1533198,0.0798328,0.116215,0.3544308,0.079315,0.1331112,0.2148926,0.0817758,0.1535698,0.501944,0.0943366,0.2513798,0.1904682,0.1052672,0.2350458,0.25753,0.0921566,0.1219698,0.1696576,0.065302,0.1672582,0.220546,0.0876838,0.1383662,0.1661092,0.1022692,0.157933,0.2402896
0.0844372,0.1552038,0.3064072,0.117838,0.1681996,0.2193918,0.0922492,0.1959016,0.189585,0.1118972,0.1873988,0.3353254,0.0843242,0.1206096,0.2426066,0.1014068,0.1715804,0.197809,0.0639366,0.2272228,0.167109,0.1195418,0.1171676,0.2869324,0.0759832,0.1384216,0.1725962,0.110054,0.1611274,0.1372054,0.2312072,0.083467,0.172416,0.213809,0.1763556,0.1558728,0.2533584,0.061894,0.1990594,0.1569262,0.0994468,0.1495492,0.2076178,0.0550132,0.1403076,0.149092,0.1364232,0.141682,0.2449586,0.0732128,0.1342146,0.15833,0.0736028,0.2235158,0.1971646,0.0654096,0.1289892,0.1298566,0.1169748,0.1206328,0.2549759,0.060578,0.2092886,0.1328712,0.0951266,0.186496,0.5627396,0.1177184,0.1500142,0.3875482,0.119977,0.12266,0.4383698,0.0762972,0.157478,0.141177,0.1552958,0.1810422,0.1970446,0.084264,0.1583694,0.244101,0.1247326,0.1636826,0.2447674,0.0752566,0.1269748,0.2521774,0.0904104,0.210146,0.2467182,0.0977894,0.127617,0.1670814,0.1022484,0.1292578,0.1987278,0.0724858,0.1242128,0.172359,0.1504624,0.1218092,0.1816826,0.2377688,0.0707316,0.1996354,0.1965024,0.166262,0.16959,0.1980484,0.05816,0.1166928,0.180489,0.1365952,0.2123018,0.376339,0.1863296,0.0625614,0.1687176,0.3509394,0.1158316,0.1225418,0.2285818,0.0536242,0.136508,0.1565222,0.0839594,0.2112486,0.2255356,0.0924102,0.1331386,0.1603092,0.111337,0.151587,0.2789559,0.094056,0.1469206,0.1919242,0.1392516,0.1746506,0.1773546,0.0669024,0.152796,0.1655534,0.1478066,0.1556968,0.2497924,0.1075136,0.2205688,0.126699,0.087996,0.143505,0.151313,0.2511992,0.1326546,0.126952,0.1531778,0.0785954,0.1164236,0.3532906,0.0798088,0.132882,0.2150384,0.0841012,0.1526842,0.5051592,0.0935016,0.250124,0.1909928,0.1082926,0.2341676,0.253677,0.0932312,0.1214652,0.1706188,0.0655968,0.1670336,0.2208228,0.0877048,0.1369892,0.1652284,0.1023902,0.1592068,0.2423992
0.0843728,0.1547976,0.3070682,0.1175468,0.1662788,0.2178312,0.092551,0.1964572,0.1885128,0.111939,0.1867018,0.3329732,0.084736,0.1216126,0.2412962,0.1020284,0.171021,0.1974812,0.0641068,0.225604,0.1664682,0.1197144,0.1166214,0.2828018,0.0779072,0.1390958,0.1712484,0.1086334,0.1599272,0.138807,0.2323954,0.0839782,0.1728658,0.2163798,0.1769798,0.1552334,0.2514656,0.0620516,0.2002252,0.158619,0.1019258,0.1514162,0.2046094,0.0557072,0.1404314,0.1467106,0.134099,0.1429736,0.2443734,0.0724258,0.1352348,0.1573034,0.072961,0.2214816,0.1939382,0.065113,0.1298136,0.1302934,0.1172174,0.1191768,0.2567644,0.0613224,0.2071148,0.1308764,0.0957124,0.1862578,0.5661348,0.1184858,0.150954,0.3835442,0.12086,0.122306,0.4336448,0.0761438,0.1585348,0.1399452,0.1564206,0.1813222,0.1952074,0.0840682,0.1556576,0.2429272,0.1256366,0.1630764,0.2446112,0.077637,0.1279536,0.2488604,0.092123,0.2096728,0.2464392,0.0979926,0.1285828,0.1656526,0.102902,0.128975,0.1972274,0.0745606,0.12478,0.1737712,0.1483582,0.1240536,0.1811828,0.2397618,0.0703298,0.1992484,0.1960156,0.1691138,0.1697276,0.1978766,0.058319,0.1178168,0.1797598,0.1372042,0.2130678,0.3763014,0.184381,0.0621464,0.1692776,0.350225,0.1172056,0.1244758,0.2284198,0.0540954,0.1354782,0.1589782,0.0831094,0.21156,0.2225294,0.0937316,0.1334476,0.1614594,0.1122692,0.1506454,0.2814739,0.094413,0.1457488,0.1920338,0.1359916,0.172304,0.1757323,0.066177,0.1511866,0.165683,0.147824,0.1559534,0.2494316,0.1070558,0.2196948,0.1268086,0.0877114,0.1430972,0.151636,0.2529278,0.1333112,0.1255384,0.1540284,0.0794264,0.1153932,0.3483004,0.0797202,0.1328482,0.214268,0.0843582,0.1534812,0.5091928,0.0942058,0.2494132,0.1910542,0.1074862,0.2335436,0.253806,0.0944556,0.1220198,0.170783,0.0657684,0.1652722,0.2209804,0.0876936,0.137659,0.1657934,0.103919,0.1587022,0.242176
0.0840166,0.1557834,0.3075938,0.1180236,0.1669662,0.2187352,0.0929598,0.196674,0.1883548,0.112153,0.1849632,0.3306842,0.0842984,0.1221186,0.2417042,0.104106,0.171048,0.1962482,0.0640266,0.2299012,0.1660204,0.1209116,0.1150072,0.2830414,0.0794036,0.1375052,0.1704196,0.1093284,0.1601416,0.1398404,0.2290814,0.0839408,0.172088,0.2157886,0.1761722,0.155655,0.2527088,0.063474,0.1998878,0.1608752,0.1018132,0.1499666,0.2040292,0.0551196,0.1414332,0.1467574,0.1344734,0.1417816,0.2459606,0.0736218,0.1336454,0.1578786,0.07351,0.2209632,0.1906874,0.0655944,0.1297516,0.1338096,0.1176582,0.1188482,0.2566046,0.0614074,0.206665,0.1316644,0.0955868,0.1854898,0.5643016,0.1175948,0.1510812,0.3888402,0.1185602,0.123221,0.4328596,0.075138,0.1589698,0.138622,0.1563754,0.1798726,0.1965334,0.0834366,0.154155,0.2405878,0.1282594,0.163541,0.2449556,0.0772616,0.127486,0.2506874,0.0929052,0.2075844,0.2427976,0.0977764,0.1297128,0.1662944,0.1032258,0.1274274,0.1957212,0.073556,0.1246938,0.174565,0.1486212,0.1245472,0.1800844,0.2404664,0.0710016,0.1977994,0.1984198,0.1681754,0.1705018,0.199049,0.0604474,0.1162784,0.1801772,0.1353152,0.2120758,0.3757867,0.1836346,0.062302,0.1684874,0.34634,0.1162226,0.1253986,0.2264414,0.0548524,0.1349276,0.1600966,0.0834038,0.209923,0.2211116,0.0936166,0.1331186,0.1614702,0.1119766,0.1507332,0.2821093,0.0943212,0.145202,0.190621,0.1383326,0.1728154,0.1764461,0.067376,0.1513926,0.1634624,0.1479668,0.1561364,0.2510946,0.1051214,0.2181382,0.1253506,0.0872086,0.1495442,0.1521154,0.2519578,0.1329442,0.1265084,0.1558358,0.0784054,0.1137418,0.3500384,0.0829054,0.134544,0.215382,0.0857472,0.154665,0.5067792,0.0932348,0.2494766,0.1895598,0.1073376,0.231919,0.2528762,0.0959306,0.1213332,0.1698864,0.0648078,0.167772,0.2219382,0.0877686,0.1391992,0.166513,0.1034292,0.1584148,0.2444384
0.08373,0.157082,0.3075232,0.1178536,0.1664822,0.2211354,0.0945022,0.1971574,0.1889542,0.112835,0.1839278,0.330033,0.0851972,0.1225066,0.2428208,0.1045552,0.1704426,0.1978498,0.0661274,0.229982,0.166532,0.1232056,0.1137602,0.2825842,0.0804738,0.1346692,0.1717314,0.110421,0.1622708,0.1389754,0.2277668,0.0843394,0.1703556,0.2178098,0.1759882,0.15379,0.2548572,0.0633494,0.200044,0.1613222,0.1026468,0.1500368,0.2042978,0.0552344,0.1404436,0.1463688,0.135795,0.1411526,0.2459982,0.0741264,0.1326112,0.1579482,0.073382,0.2196404,0.1909312,0.0646424,0.1306544,0.1325642,0.1190836,0.1216024,0.2544308,0.0614602,0.206823,0.1305582,0.0947682,0.1835716,0.5654814,0.1177386,0.1496144,0.386378,0.1189186,0.1229982,0.437366,0.0757316,0.1581266,0.139564,0.156577,0.1822992,0.1986978,0.083086,0.1530766,0.2374458,0.1280976,0.1620984,0.2457046,0.0767506,0.1261762,0.2488082,0.0924382,0.2098102,0.24071,0.0974784,0.1309366,0.166617,0.1014768,0.1266248,0.1937126,0.0735488,0.1240218,0.1770604,0.1479292,0.1266468,0.1806122,0.2438662,0.0709856,0.1997482,0.1971346,0.166999,0.1719238,0.2029112,0.0605038,0.116776,0.1797112,0.1360678,0.2118336,0.3689165,0.1831768,0.0624388,0.1692748,0.3472636,0.116115,0.1273208,0.2246226,0.0552734,0.135557,0.1616732,0.0831646,0.2113438,0.2220382,0.0939788,0.1319926,0.1635206,0.1113212,0.1516632,0.2810526,0.0936438,0.1453342,0.1892624,0.1390618,0.1703988,0.1756053,0.0679224,0.1517812,0.1643286,0.1483464,0.1557544,0.2481904,0.104846,0.2163546,0.124703,0.0865676,0.1486444,0.1504756,0.25268,0.1328874,0.1257594,0.1554194,0.0780946,0.1146224,0.3511126,0.0834252,0.133253,0.2124176,0.0869236,0.1535048,0.5130446,0.0943206,0.2504854,0.1860486,0.1071122,0.2289326,0.2531996,0.096762,0.1213286,0.1701582,0.0649466,0.1689842,0.222134,0.0890466,0.1388234,0.1644724,0.1047382,0.1588088,0.2437658
0.0846688,0.1573254,0.3065726,0.1186442,0.1660106,0.2180492,0.0957572,0.1971246,0.1851832,0.1136684,0.1840559,0.3351674,0.0866668,0.1222484,0.2437998,0.1032382,0.1698158,0.1993393,0.0654854,0.2301936,0.1668226,0.1249262,0.1139178,0.2812286,0.0823432,0.1365756,0.1731356,0.1092992,0.1622532,0.1382642,0.2282644,0.0837584,0.1700664,0.2170914,0.1772202,0.1556018,0.2540438,0.0637036,0.2022218,0.1588754,0.1022922,0.1493662,0.2058096,0.0551126,0.1382688,0.1477026,0.1364914,0.1402914,0.2476036,0.0746582,0.1317966,0.1565262,0.0737758,0.219452,0.1914066,0.064442,0.129913,0.1335958,0.118629,0.1216694,0.2557944,0.0610232,0.2078856,0.1298166,0.0946184,0.1834076,0.5687712,0.1189392,0.1494406,0.3822096,0.1190198,0.123566,0.4378876,0.0775934,0.1567606,0.1408146,0.1573328,0.181076,0.1980344,0.0823974,0.1539104,0.23923,0.1269912,0.1616954,0.2473418,0.0758352,0.1259518,0.2521166,0.0927608,0.2101912,0.2421834,0.097594,0.1297254,0.1665438,0.1014286,0.1271682,0.1935228,0.0754696,0.1235356,0.1784556,0.1482268,0.1262612,0.1804174,0.2464854,0.0722088,0.2016122,0.1969502,0.1696992,0.1724876,0.2032934,0.0624176,0.1167854,0.180026,0.1358156,0.2114284,0.3720255,0.183486,0.06343,0.1707104,0.3467528,0.115564,0.127104,0.2253892,0.0557612,0.1348324,0.1626552,0.0825412,0.2097144,0.2245482,0.0940808,0.132063,0.1623104,0.1114624,0.1495296,0.2779637,0.0943592,0.1447704,0.1884654,0.1407904,0.1716326,0.1761401,0.0681958,0.1500846,0.1627846,0.1466498,0.1542834,0.243491,0.1053202,0.2149892,0.123876,0.086141,0.1494684,0.1506498,0.25446,0.1328908,0.125271,0.1562026,0.0793354,0.1151364,0.3494986,0.0836102,0.1334568,0.2132686,0.0873398,0.1530732,0.5068486,0.0944214,0.2480896,0.187644,0.1076742,0.2287094,0.2530418,0.0964528,0.1212934,0.1682598,0.0645852,0.1691588,0.2261588,0.0886804,0.1383106,0.1625802,0.104529,0.1602604,0.2424961
0.0852032,0.15785,0.3031172,0.1179882,0.1656784,0.2185068,0.0966554,0.1967754,0.1835958,0.1132372,0.1811715,0.338335,0.0871714,0.1212588,0.2420592,0.1035086,0.1719388,0.2010756,0.0661348,0.2302584,0.1654416,0.1233886,0.1152972,0.279263,0.084759,0.1367376,0.1725284,0.10953,0.1595582,0.138139,0.2275048,0.083301,0.1701428,0.2201126,0.1760458,0.1545648,0.2536842,0.063792,0.2003794,0.1574376,0.1018604,0.1519974,0.2057156,0.0553692,0.1391698,0.1494282,0.1370512,0.1419748,0.251051,0.0745356,0.1310636,0.1573716,0.0729614,0.2197082,0.1947064,0.0639536,0.1280798,0.1355964,0.1192998,0.1208938,0.2578028,0.0605348,0.2067112,0.130271,0.094415,0.1815496,0.5698332,0.119697,0.148711,0.3860814,0.1184976,0.122281,0.4357084,0.0774892,0.1565694,0.1402484,0.1550192,0.1803646,0.1982908,0.0828386,0.153693,0.240751,0.1271272,0.162525,0.247736,0.0763268,0.1267368,0.249538,0.0938864,0.2111494,0.2459628,0.097239,0.129508,0.1698706,0.1013768,0.128181,0.1934224,0.0758172,0.122799,0.1756268,0.1471404,0.1277982,0.1800498,0.2471448,0.0723104,0.2045596,0.197548,0.1717896,0.1731022,0.2051796,0.0618804,0.1170172,0.1813726,0.1349246,0.2114814,0.3714565,0.1809532,0.0641236,0.16988,0.3544462,0.1166666,0.129342,0.2234174,0.0560526,0.1357236,0.1637392,0.0823114,0.2097552,0.2275456,0.0951756,0.1325208,0.1626532,0.1116358,0.1478052,0.2752521,0.092962,0.1456836,0.1896382,0.139886,0.1723824,0.1759101,0.0678342,0.1509098,0.1622258,0.1458706,0.1542432,0.2454068,0.1063886,0.2131926,0.126106,0.086928,0.1507088,0.1504074,0.253662,0.133037,0.1259468,0.1565738,0.0812196,0.115859,0.3483358,0.083101,0.135015,0.2067974,0.0875382,0.1535784,0.5107418,0.0940856,0.2472768,0.1868126,0.107074,0.2306312,0.2487412,0.097565,0.1212728,0.1660586,0.0642376,0.1683776,0.2282462,0.0897034,0.1383448,0.1624422,0.1046738,0.1637534,0.2411931
0.085561,0.1587424,0.3037108,0.1175482,0.1650696,0.2189792,0.0956526,0.1966718,0.1849546,0.1132708,0.1794337,0.338384,0.0875834,0.120443,0.2429698,0.1037966,0.174091,0.1988536,0.065487,0.2316786,0.1650094,0.122759,0.1152778,0.2779336,0.0862068,0.135956,0.1750216,0.1097624,0.159401,0.1399032,0.2280736,0.0832472,0.1718334,0.2192922,0.1752072,0.1552014,0.252912,0.0644768,0.2016516,0.1567356,0.1016696,0.15175,0.2049928,0.0561216,0.140588,0.149733,0.1367772,0.1411292,0.2498658,0.0738736,0.1306684,0.1571222,0.0733744,0.22125,0.1966884,0.062293,0.1284458,0.1362014,0.11996,0.1208018,0.2574264,0.0601146,0.206887,0.1291812,0.0950804,0.1817364,0.5645486,0.1199856,0.14909,0.3808056,0.1183386,0.1204438,0.4279318,0.0787868,0.1569012,0.1402972,0.1532014,0.1810328,0.1982124,0.0831374,0.1520566,0.2369234,0.1284762,0.1628998,0.2479972,0.0766724,0.1260252,0.2502462,0.0947386,0.2129616,0.2440696,0.0976742,0.1292418,0.1708124,0.1005012,0.1283486,0.192756,0.0748178,0.1223978,0.1766442,0.1519058,0.1282058,0.1792334,0.2515464,0.071567,0.2069284,0.1969608,0.1673578,0.173663,0.2055342,0.062704,0.1163622,0.180981,0.1357856,0.211016,0.3712623,0.1808882,0.06403,0.1711518,0.3545102,0.1170554,0.1296958,0.2258166,0.0563668,0.135616,0.1624096,0.0831336,0.211229,0.2277264,0.0945214,0.1335352,0.1643224,0.1119166,0.1485574,0.2760571,0.0923202,0.1451646,0.1935478,0.139936,0.1732036,0.1745231,0.0681048,0.1505968,0.1592928,0.1448822,0.1533354,0.2465582,0.1067914,0.2139136,0.1255636,0.0857082,0.149772,0.152154,0.254893,0.1324334,0.1264144,0.1585114,0.0818534,0.1157256,0.3456771,0.082105,0.1344718,0.2092644,0.0863796,0.1542852,0.5076532,0.0940188,0.2471842,0.1853674,0.1055042,0.23125,0.2507081,0.0970572,0.1220298,0.1641656,0.0645086,0.1673778,0.227128,0.0896608,0.137003,0.1614304,0.1047638,0.1628624,0.2403137
0.085621,0.155834,0.3050506,0.1187614,0.1633418,0.2189484,0.0958868,0.1984622,0.185155,0.1126766,0.1789864,0.3425118,0.0873828,0.120278,0.2424866,0.1053662,0.1745834,0.200656,0.0651826,0.23481,0.166715,0.123024,0.1146572,0.277494,0.0882058,0.1357012,0.1744698,0.1103608,0.1601274,0.1419096,0.2292806,0.0820506,0.171764,0.2167416,0.1742042,0.1544664,0.2524352,0.0654772,0.2004488,0.1547426,0.1016826,0.150571,0.2032566,0.0562734,0.1398104,0.1483362,0.1379124,0.1420412,0.2471398,0.0743268,0.130071,0.155699,0.0727476,0.2235066,0.196916,0.0628932,0.1287084,0.13796,0.1198462,0.1220536,0.2574825,0.0600328,0.2070292,0.127666,0.095305,0.1802566,0.5680262,0.1204842,0.1474372,0.3820882,0.1194004,0.1197138,0.4328624,0.0778794,0.1571402,0.1389896,0.152984,0.1799506,0.1975996,0.0842164,0.1524018,0.2350708,0.1279154,0.1620986,0.2475446,0.0767046,0.1256564,0.2474402,0.0945614,0.2142768,0.2419882,0.0973014,0.1281458,0.1697412,0.1008892,0.1272554,0.191691,0.0747182,0.1225398,0.1772612,0.1518134,0.129326,0.1793168,0.2553714,0.071914,0.2087802,0.197003,0.1683432,0.1739706,0.2049244,0.0628272,0.1155324,0.183791,0.1373192,0.2119406,0.3680812,0.1810476,0.0629122,0.1709922,0.3583794,0.1173638,0.132186,0.2298846,0.0594678,0.1332146,0.163411,0.0822422,0.210732,0.2257868,0.0938612,0.131987,0.165636,0.1131004,0.1496468,0.2766311,0.0914284,0.1436396,0.1940612,0.1392652,0.1714054,0.1740431,0.0702264,0.1510822,0.1582262,0.1442726,0.1526506,0.2467728,0.1067178,0.2134712,0.1259486,0.0848882,0.1506734,0.150531,0.2551932,0.133738,0.1269718,0.1566156,0.0807256,0.1155986,0.3442871,0.0823918,0.1337406,0.209535,0.086424,0.1536448,0.5030658,0.09513,0.2490988,0.1838826,0.1049882,0.2299056,0.2479058,0.0969338,0.1211942,0.1644428,0.0655404,0.165532,0.2272014,0.0900134,0.1365202,0.1617442,0.1045878,0.1608048,0.2413307
0.0854694,0.1544892,0.3059308,0.1188542,0.1636598,0.218115,0.0954482,0.1966398,0.1834814,0.1125962,0.178578,0.3383932,0.0879388,0.1215624,0.2432192,0.1056998,0.176398,0.2028256,0.0651872,0.2333152,0.1665242,0.1208854,0.11415,0.2778992,0.0891642,0.1357512,0.170438,0.1095576,0.1605264,0.1427142,0.2285044,0.082575,0.1696982,0.2151966,0.1741524,0.1529834,0.2517656,0.0644944,0.2007468,0.1571734,0.1022972,0.1515822,0.2029636,0.0560664,0.1404024,0.1473502,0.1383658,0.143614,0.243646,0.0752168,0.1337704,0.1571152,0.0719006,0.2249914,0.1962045,0.0619426,0.1296856,0.1390052,0.1215542,0.1203838,0.2568207,0.0616048,0.2063854,0.1287658,0.0950734,0.1803206,0.570041,0.1213258,0.1461408,0.3815456,0.1180346,0.1202588,0.434162,0.077719,0.156512,0.1378226,0.15401,0.1810046,0.1981142,0.0837872,0.1534484,0.2356322,0.1280956,0.1623374,0.2476174,0.0765616,0.1255948,0.248129,0.0927072,0.2118338,0.2431352,0.0969728,0.1288476,0.1689278,0.1005248,0.1277866,0.1927162,0.0747808,0.1215728,0.178791,0.1512986,0.1316412,0.1803332,0.2545512,0.0725132,0.2103406,0.1966932,0.1708616,0.173673,0.2069774,0.0634904,0.1157472,0.1846724,0.1378982,0.2109412,0.3641332,0.181366,0.0628046,0.1712328,0.3612034,0.1182456,0.13541,0.226084,0.059285,0.13416,0.1636152,0.0816278,0.211532,0.2254022,0.0958692,0.1331194,0.166778,0.1133172,0.1502416,0.2817835,0.0922606,0.1441172,0.195576,0.1384202,0.1718406,0.1740663,0.069583,0.1504416,0.158622,0.1441738,0.1532316,0.2478696,0.1068662,0.2122316,0.1259666,0.084794,0.150145,0.1508912,0.256531,0.1328668,0.1266094,0.157153,0.0818442,0.116892,0.3448392,0.0831544,0.1337206,0.2082152,0.0860554,0.1541268,0.503613,0.0960122,0.2460132,0.1836592,0.1049684,0.2278934,0.2475046,0.0971504,0.1218184,0.162682,0.0649698,0.164524,0.223895,0.0899756,0.1362172,0.1607256,0.1055616,0.1612504,0.2406555
0.0861708,0.1536928,0.3041138,0.1198756,0.1629204,0.2169746,0.0961766,0.1945986,0.1826216,0.1144472,0.1781594,0.3393816,0.0884182,0.1209398,0.2426392,0.1049,0.1741556,0.2027734,0.0650624,0.2333256,0.1685614,0.121356,0.1163398,0.2788442,0.09149,0.1355788,0.1710676,0.1102724,0.1603364,0.1440372,0.2272396,0.0822664,0.168798,0.220225,0.1754164,0.151916,0.2519242,0.0635954,0.202216,0.1568154,0.101909,0.15236,0.2048944,0.0551068,0.1415078,0.1472028,0.1373614,0.144149,0.2442714,0.0758642,0.1344344,0.156862,0.0716948,0.2226346,0.1945377,0.0617478,0.1297434,0.1386066,0.1210786,0.119488,0.2567241,0.063612,0.2068446,0.1291885,0.0951246,0.1800226,0.5657312,0.121122,0.1442336,0.386037,0.1172598,0.1203516,0.431987,0.0780686,0.1564216,0.1385004,0.1552526,0.1812362,0.196017,0.0830572,0.1525304,0.2327,0.1268398,0.1620438,0.247474,0.076207,0.1265772,0.2510714,0.091805,0.213754,0.2384482,0.095598,0.1286934,0.1687408,0.0998308,0.1260724,0.1908714,0.0767998,0.1226878,0.178333,0.150805,0.1313088,0.181467,0.2572972,0.0733372,0.2115228,0.1951922,0.1712186,0.1737638,0.2073338,0.063664,0.1168364,0.1855558,0.13887,0.2097336,0.3627721,0.185399,0.0623908,0.1707804,0.3570006,0.1174766,0.137941,0.228604,0.0595126,0.1346048,0.162157,0.0813968,0.2107996,0.2231658,0.0962916,0.1334454,0.1672012,0.1125458,0.1508078,0.2835571,0.0927414,0.1436626,0.1946592,0.1382724,0.1727876,0.1750747,0.0703312,0.1477994,0.1569816,0.1429918,0.1549258,0.2472394,0.1072222,0.2095892,0.1248138,0.0837456,0.1526992,0.1507946,0.2579066,0.133586,0.1258178,0.1571818,0.081854,0.1169586,0.3441844,0.08316,0.1342876,0.2083822,0.0856792,0.1531564,0.5026222,0.0959408,0.2472484,0.1839178,0.1047146,0.2256462,0.2464206,0.0976628,0.1210144,0.164511,0.065309,0.1641034,0.2189554,0.0897514,0.1360246,0.1591496,0.1054644,0.160604,0.2366083
0.0858774,0.1534956,0.3045044,0.1187222,0.162851,0.2165638,0.095899,0.1944262,0.1843832,0.1136158,0.1793554,0.3423546,0.0897836,0.1212706,0.241664,0.106162,0.1751104,0.20398,0.0663632,0.2319918,0.1687312,0.1218004,0.1178106,0.2811242,0.0919102,0.1347612,0.1699178,0.1107238,0.160237,0.1425988,0.2297126,0.0825678,0.169351,0.2205364,0.1739566,0.15258,0.2511774,0.066547,0.2023952,0.1581096,0.1017808,0.1509244,0.2031988,0.055516,0.1419512,0.147847,0.1371952,0.1450442,0.2456268,0.0760756,0.1332826,0.15447,0.0729322,0.2219024,0.1957365,0.0612606,0.1294612,0.1388056,0.1210734,0.1189586,0.2545756,0.0643142,0.2071338,0.1287681,0.0943752,0.1772796,0.5685002,0.1183952,0.143769,0.3866516,0.1181248,0.1204302,0.4343912,0.077491,0.1559156,0.137135,0.1561304,0.1819606,0.1986038,0.083867,0.153672,0.2339494,0.1272556,0.1603778,0.2479522,0.0771094,0.1269224,0.2538294,0.091203,0.212022,0.23512,0.094599,0.127915,0.1695712,0.0996852,0.1233402,0.1903612,0.0775686,0.123913,0.1755504,0.1504182,0.1314964,0.1815294,0.2580402,0.0739658,0.213243,0.1965248,0.1677972,0.1729,0.2086404,0.0633772,0.1184956,0.1856384,0.1390914,0.2091296,0.3643719,0.1865162,0.0627608,0.1701534,0.3584666,0.1174658,0.140523,0.226408,0.0593442,0.1369962,0.160041,0.0805616,0.210365,0.22199,0.0963948,0.1343396,0.1690118,0.1137152,0.147485,0.2853112,0.0935262,0.14275,0.1937608,0.1370552,0.1734924,0.1744447,0.0702392,0.1489812,0.15676,0.1422602,0.153677,0.2459432,0.106701,0.2094702,0.1221778,0.0842974,0.1524386,0.1495954,0.258923,0.1323292,0.1259716,0.1577854,0.0830374,0.1171154,0.3462358,0.0824678,0.1342376,0.208893,0.0865876,0.1526682,0.5017104,0.096713,0.2482396,0.1830466,0.1045288,0.224301,0.247466,0.0987932,0.1207416,0.164891,0.0650914,0.1620914,0.2168195,0.0901224,0.1360042,0.1600322,0.105095,0.162426,0.2369571
0.085514,0.1537538,0.3047022,0.1197796,0.1613612,0.2183784,0.0965954,0.1938982,0.1852644,0.11235,0.1776076,0.342553,0.0894396,0.1208664,0.2424774,0.1059968,0.1754266,0.2048998,0.0671684,0.2336534,0.168707,0.1204654,0.1180452,0.2805532,0.092175,0.13195,0.1681362,0.111332,0.1596188,0.1428262,0.2260816,0.0818796,0.1689992,0.2173598,0.1741222,0.1512822,0.2514282,0.0666836,0.2025762,0.1592972,0.1017302,0.1514768,0.2034746,0.0559352,0.1422208,0.148766,0.136656,0.1446564,0.2443582,0.0745862,0.1342642,0.153755,0.0721168,0.2221132,0.1958291,0.0647374,0.1290512,0.1376792,0.1229594,0.1188742,0.251969,0.0650408,0.2055946,0.129614,0.0949894,0.1777518,0.5605346,0.1182994,0.1452006,0.3871204,0.1186728,0.1203332,0.4361314,0.0772492,0.1532964,0.1371268,0.1558132,0.1817808,0.1975646,0.084551,0.1545876,0.23179,0.12549,0.1608016,0.2492032,0.0770078,0.1287204,0.2561068,0.092486,0.2110958,0.2380474,0.0945582,0.1280962,0.1699032,0.0980356,0.124054,0.1908076,0.0785032,0.1248406,0.1749196,0.1503712,0.1347062,0.1839212,0.258317,0.0730762,0.21353,0.1956408,0.1695856,0.1730672,0.2062572,0.0630094,0.1178834,0.1846614,0.138712,0.208004,0.3635211,0.185563,0.0633092,0.171142,0.3625088,0.1174632,0.1454922,0.2277558,0.0588058,0.1352598,0.162244,0.0812966,0.2102254,0.2183994,0.0973152,0.134573,0.1676174,0.1134166,0.1465314,0.286152,0.0929746,0.1428994,0.1918932,0.135137,0.1725116,0.1753021,0.069811,0.1481028,0.1553952,0.1412236,0.1544538,0.2479036,0.107833,0.214848,0.122867,0.0844596,0.1504592,0.148277,0.2571334,0.1304198,0.125516,0.1585654,0.0830012,0.1169634,0.3515406,0.082064,0.134398,0.2081464,0.0879588,0.1508112,0.4989074,0.0963978,0.250039,0.1823084,0.1053922,0.2231198,0.2483572,0.0992632,0.1193364,0.165705,0.0636658,0.1626928,0.2151447,0.0890936,0.1346268,0.1595504,0.1050934,0.160995,0.2370956
0.0855258,0.155438,0.300991,0.120315,0.1648168,0.2182908,0.0974624,0.1947896,0.1854664,0.1124002,0.1768276,0.3398576,0.08992,0.1204512,0.2444422,0.1068712,0.1753878,0.2047216,0.0671052,0.2334074,0.1682618,0.1188952,0.1169118,0.2793108,0.0919528,0.1319414,0.1699776,0.1109392,0.1618798,0.1413058,0.2273822,0.0828172,0.1689576,0.217427,0.1740006,0.1504446,0.2512642,0.067069,0.2009816,0.1587896,0.1032332,0.1512902,0.2040112,0.056792,0.1427148,0.1488668,0.1352168,0.1444614,0.2447654,0.0730688,0.1327116,0.154463,0.0716066,0.2220724,0.1942219,0.0635478,0.127767,0.1374784,0.12256,0.120313,0.2542694,0.0646584,0.203768,0.1302434,0.0941552,0.1773386,0.5634696,0.1190428,0.1472708,0.3813726,0.1190866,0.1204576,0.4374734,0.0769272,0.1534494,0.1365322,0.1553126,0.1814556,0.1967732,0.0836964,0.1539602,0.2321656,0.1285806,0.16191,0.24723,0.0765704,0.1298198,0.2571624,0.09232,0.2077894,0.2405372,0.0940434,0.1283446,0.1710088,0.097053,0.124263,0.1904832,0.0784764,0.1258892,0.175261,0.1503678,0.1337198,0.1849782,0.2586406,0.0725644,0.2139718,0.1969288,0.1699814,0.1721724,0.2052616,0.0631948,0.1178096,0.186897,0.1392978,0.2063136,0.3619537,0.1830716,0.0633324,0.1716312,0.3583636,0.11667,0.1476106,0.2263348,0.0589826,0.1359752,0.1612454,0.081354,0.2109606,0.2147886,0.0972792,0.135039,0.1687028,0.112806,0.1467168,0.2871576,0.0938046,0.1418668,0.1893756,0.1346528,0.1735528,0.1758808,0.0693894,0.1474944,0.154945,0.138794,0.1553678,0.2497538,0.1074439,0.2144398,0.1224402,0.0854656,0.150922,0.1466462,0.258186,0.131028,0.1267072,0.1576822,0.0820266,0.1154514,0.3540682,0.0814801,0.1340882,0.2088978,0.0889504,0.150916,0.5027718,0.0960688,0.250322,0.183069,0.10479,0.2229466,0.2502972,0.0996042,0.1186734,0.1682654,0.0646306,0.1639564,0.2148429,0.0886544,0.1335758,0.1610204,0.1046586,0.1599762,0.2386566
0.0853214,0.1558072,0.3006588,0.120749,0.1657658,0.2169546,0.0974334,0.1947128,0.1852726,0.1116064,0.1750248,0.337409,0.0898736,0.119083,0.244008,0.1073216,0.174248,0.205297,0.0667526,0.2310806,0.1678634,0.1200124,0.1177836,0.2753984,0.092749,0.1345384,0.1704406,0.1116472,0.1602568,0.1403184,0.2255404,0.0819456,0.1673166,0.2169552,0.1748836,0.1494864,0.2522838,0.0672378,0.2017986,0.159138,0.1027458,0.1529944,0.2027942,0.0569594,0.1423702,0.148951,0.1352774,0.145705,0.2433486,0.073461,0.132337,0.1550808,0.0713134,0.2185172,0.1924687,0.0632394,0.1282486,0.1364926,0.1234898,0.1208482,0.254912,0.0651566,0.2052264,0.1292408,0.0936514,0.1755244,0.568418,0.1191642,0.147021,0.3840226,0.1171846,0.1206656,0.4335428,0.076488,0.154656,0.1359792,0.15343,0.1815906,0.1959892,0.0836116,0.154088,0.2280726,0.126487,0.1615124,0.246092,0.0771472,0.1305216,0.258073,0.0932284,0.2084918,0.2419146,0.0944714,0.1280016,0.1727516,0.1013386,0.1234206,0.191185,0.0783966,0.1266962,0.177968,0.149786,0.132909,0.1852258,0.263019,0.0720062,0.213685,0.1989314,0.1713704,0.1733096,0.2039784,0.0653824,0.1170702,0.1877562,0.139442,0.2056026,0.3613458,0.181936,0.0633162,0.1738604,0.3628798,0.1166152,0.152226,0.2245886,0.0586656,0.1366518,0.1614272,0.082734,0.2123078,0.212776,0.0974304,0.1344262,0.168959,0.1111928,0.1482234,0.2858576,0.0946062,0.1417642,0.1885314,0.1348266,0.1745408,0.1747498,0.0695668,0.1464616,0.153227,0.1392626,0.1536466,0.2491774,0.1075117,0.219588,0.1222864,0.0842346,0.150393,0.1454672,0.2557318,0.1304822,0.1253972,0.1596756,0.0823518,0.1164086,0.357037,0.0828129,0.132525,0.2084822,0.0891186,0.1509076,0.5025634,0.094474,0.2467468,0.1809344,0.1035238,0.22399,0.2490744,0.0990618,0.1174754,0.1681808,0.0646628,0.1637758,0.2166552,0.0885468,0.1339912,0.1600078,0.1050528,0.1586866,0.2368878
0.0861408,0.1586548,0.2989566,0.1213004,0.1642656,0.2166936,0.095814,0.1928052,0.1869986,0.111595,0.1760312,0.340951,0.0895044,0.1183162,0.2431886,0.106127,0.1733672,0.2063,0.0669282,0.229878,0.1677468,0.1225252,0.1163202,0.2755104,0.0934236,0.1330492,0.1718132,0.1094094,0.1594286,0.1404484,0.2235614,0.0823474,0.1675174,0.2163324,0.1746846,0.1511112,0.2500918,0.0672206,0.2001538,0.1609652,0.1024276,0.1511446,0.2031702,0.057305,0.1451044,0.1491032,0.1361058,0.1452636,0.245363,0.0738234,0.1323868,0.1527328,0.072404,0.2201594,0.1936892,0.0626838,0.1275094,0.1369318,0.1217122,0.1194092,0.2542816,0.0650002,0.2065262,0.1295104,0.0919978,0.1749092,0.559964,0.1182726,0.1476668,0.380912,0.1172166,0.1208132,0.4304904,0.0763688,0.1557002,0.1332746,0.1516286,0.1812092,0.1946484,0.0835874,0.1561536,0.2286414,0.126384,0.1631682,0.242125,0.0780816,0.1302148,0.263474,0.0941294,0.2068026,0.239128,0.0940412,0.12949,0.1724878,0.1008254,0.1234544,0.1906692,0.0836064,0.1253128,0.1760962,0.1503498,0.1333772,0.1844182,0.2622836,0.0720616,0.2123626,0.1972792,0.17,0.1744882,0.2034366,0.0659654,0.1173782,0.188107,0.1376662,0.2071312,0.3526096,0.1806066,0.0630244,0.1742892,0.36253,0.11823,0.153329,0.2272806,0.058455,0.1363182,0.1608256,0.0825868,0.2112274,0.2119604,0.0981698,0.1349506,0.168773,0.1112038,0.1473922,0.285605,0.0940178,0.1426488,0.1879986,0.1345078,0.174263,0.1721684,0.069555,0.14705,0.1521884,0.1378078,0.1539014,0.2485092,0.1073505,0.2206398,0.1238572,0.0832438,0.1501774,0.1458858,0.2568314,0.132746,0.1252796,0.1579324,0.0817276,0.1163806,0.3616014,0.0818762,0.1326997,0.2084126,0.0892098,0.14939,0.5065994,0.0951252,0.2479852,0.1789946,0.1037678,0.2221308,0.2486588,0.0995086,0.1177222,0.166572,0.065701,0.1633366,0.2161224,0.0869758,0.1350716,0.1594728,0.1048622,0.1568946,0.2363546
0.0863276,0.161334,0.300414,0.1212158,0.1619984,0.213538,0.0954864,0.1922654,0.187552,0.1125722,0.1738362,0.33937,0.088569,0.1174188,0.241169,0.1058492,0.1731836,0.2042753,0.0675112,0.2283554,0.1676654,0.1233414,0.1171762,0.272397,0.0942694,0.1310752,0.1713704,0.1090838,0.1574842,0.1397592,0.223525,0.0819194,0.1671732,0.2174558,0.1740204,0.15093,0.2487294,0.0665292,0.199708,0.1638218,0.1013968,0.1515262,0.2015108,0.0574656,0.1449768,0.1485276,0.134466,0.1466264,0.244663,0.0737498,0.1325574,0.151691,0.0723198,0.2196794,0.1955934,0.0623216,0.1273338,0.1380116,0.122177,0.1194842,0.2581792,0.0647376,0.2071884,0.1288452,0.0924762,0.1735802,0.5618986,0.119173,0.1471526,0.3819094,0.1171476,0.1194692,0.4312946,0.0766652,0.1550154,0.1345624,0.1510678,0.1828284,0.1920792,0.0833748,0.1568726,0.2299546,0.126428,0.1627424,0.2422036,0.077198,0.1308438,0.2639692,0.0952788,0.2073268,0.238875,0.0936186,0.128674,0.1714398,0.0997868,0.1245248,0.1897984,0.0839322,0.1248194,0.1753618,0.1525038,0.1343512,0.1842984,0.2581708,0.0718866,0.2137848,0.194404,0.1706676,0.1744454,0.2065974,0.0660542,0.1169748,0.1904406,0.1420512,0.203911,0.3522202,0.1807582,0.0616278,0.172834,0.3622644,0.1199056,0.158514,0.2278022,0.059108,0.1372364,0.160405,0.081732,0.2123204,0.2078432,0.0999302,0.1348408,0.1693304,0.1114134,0.149027,0.2844386,0.0926786,0.1422472,0.1892264,0.1330326,0.1718342,0.1736494,0.0698482,0.14885,0.1518086,0.136719,0.1516958,0.2460946,0.1080709,0.2216388,0.1231896,0.0836478,0.1515236,0.1437664,0.2525638,0.1317726,0.1244624,0.159896,0.0806488,0.1176042,0.3601792,0.0808574,0.1320494,0.2075002,0.0898664,0.1508456,0.5090052,0.095606,0.2498634,0.177675,0.1032976,0.2216294,0.2464448,0.1002986,0.1184836,0.1653382,0.0657056,0.1645896,0.2175168,0.0856428,0.1374664,0.158339,0.103214,0.1576758,0.2349976
0.0852656,0.1603254,0.297372,0.1233662,0.163005,0.215559,0.0966702,0.1915366,0.188224,0.1119274,0.1749948,0.3393106,0.0891618,0.1163814,0.2403902,0.1059418,0.175945,0.2060938,0.0673258,0.2324474,0.1667896,0.1230492,0.1176462,0.2733266,0.094964,0.1320316,0.1706156,0.1093272,0.1562316,0.1393494,0.2257192,0.0810688,0.1681582,0.2171016,0.1732706,0.1505936,0.249236,0.0673172,0.2002698,0.1653498,0.1009218,0.1511188,0.2003186,0.0573262,0.1451064,0.1486944,0.1348078,0.1466046,0.2461626,0.0741824,0.1324688,0.1502824,0.071397,0.217732,0.1942738,0.062634,0.126422,0.1387376,0.1227474,0.1214238,0.2580086,0.065574,0.2082552,0.128683,0.0921396,0.1733376,0.560415,0.1195836,0.1481328,0.3825128,0.1177136,0.119899,0.434421,0.0754792,0.154641,0.1343672,0.1521154,0.1818048,0.1924028,0.0834294,0.1565036,0.2368874,0.1267454,0.1615152,0.24236,0.0769766,0.1306818,0.2682516,0.095218,0.2108788,0.2407748,0.0937184,0.1295724,0.1696228,0.099687,0.124689,0.1886058,0.0847916,0.1258098,0.1758098,0.1512268,0.1324118,0.185241,0.2605182,0.0726266,0.2116984,0.1938242,0.1703192,0.1738576,0.2055154,0.0664882,0.116109,0.1890728,0.1427898,0.2033374,0.355109,0.1816302,0.0612826,0.1728948,0.3638508,0.1189918,0.1626262,0.2259648,0.0589262,0.1378696,0.159479,0.082252,0.2117486,0.2061282,0.0995396,0.134887,0.1682454,0.1118788,0.1475578,0.28397,0.0931836,0.141842,0.1891152,0.1329452,0.1727574,0.1718348,0.0698814,0.1487394,0.1514848,0.1372362,0.1515268,0.2467744,0.1081061,0.221635,0.1235456,0.084575,0.1517862,0.1459496,0.2523346,0.131456,0.1246476,0.1583102,0.0802746,0.1176052,0.3640648,0.0815656,0.1326144,0.211827,0.0894224,0.149444,0.5138794,0.0967958,0.2503648,0.1763306,0.1030946,0.221324,0.2483936,0.101616,0.120514,0.1632002,0.0663226,0.1628626,0.2195148,0.0851134,0.136452,0.1565528,0.1036432,0.157789,0.2340766
0.084837,0.1598398,0.2984308,0.1252746,0.1639716,0.2166384,0.0966206,0.1930964,0.1909062,0.1122452,0.1767814,0.3366858,0.0893044,0.1165468,0.241996,0.1057204,0.1758916,0.2064248,0.0673368,0.2314342,0.167914,0.1256114,0.1186138,0.2755284,0.0954898,0.1359934,0.169156,0.109496,0.156297,0.1387104,0.2236468,0.0814736,0.1675152,0.2188616,0.173605,0.1500626,0.2463362,0.0675708,0.2001968,0.1665056,0.1015136,0.152764,0.198878,0.0563252,0.1456088,0.1481456,0.1361786,0.146092,0.246099,0.0764618,0.133956,0.149725,0.0723348,0.2209554,0.1957312,0.0625386,0.1257802,0.1381858,0.122845,0.1207514,0.2589862,0.0663592,0.206848,0.1269536,0.0909412,0.1740034,0.5630174,0.121151,0.150193,0.3806704,0.1159286,0.1203404,0.432186,0.0743624,0.154007,0.1331658,0.1517184,0.1809304,0.190282,0.0841482,0.158249,0.237465,0.1271508,0.1621892,0.2423952,0.0772078,0.1323906,0.266346,0.0956334,0.2103978,0.240558,0.0927976,0.1277936,0.1738924,0.0995628,0.1248698,0.1886418,0.084935,0.1242014,0.1760554,0.1514404,0.1319432,0.1849772,0.260936,0.0753484,0.2105068,0.193836,0.1721106,0.173946,0.2044664,0.0664304,0.116436,0.1891972,0.14339,0.2003764,0.3557642,0.1797096,0.0621992,0.172033,0.3578098,0.1194106,0.1701446,0.2255212,0.0585258,0.136639,0.158907,0.08188,0.210366,0.206186,0.0985692,0.1352792,0.1667148,0.1122318,0.1456932,0.2823954,0.0952644,0.1409624,0.1883136,0.1289932,0.1731744,0.1692638,0.0696128,0.1484366,0.1533664,0.136271,0.1524964,0.2475366,0.1064453,0.221938,0.1221588,0.0851302,0.1508982,0.1452262,0.250606,0.1318038,0.1246002,0.158582,0.0813336,0.1172734,0.361912,0.0807296,0.132747,0.215859,0.0896774,0.1518196,0.513112,0.0966938,0.2498956,0.1749464,0.1038456,0.2214686,0.247523,0.1011986,0.1202946,0.162389,0.0665938,0.1633348,0.221904,0.0847402,0.135614,0.1571794,0.1030064,0.1575076,0.2361334
0.085689,0.158284,0.3004514,0.1267742,0.163838,0.212296,0.0969414,0.1922414,0.189731,0.112834,0.1752344,0.3379898,0.0891634,0.1170744,0.2443658,0.1065476,0.175302,0.2086634,0.0677742,0.2317938,0.1681988,0.127087,0.1192322,0.276192,0.094905,0.1363288,0.1710026,0.1094256,0.1558336,0.1375068,0.2243852,0.081686,0.1670408,0.217397,0.1753568,0.1500034,0.2496128,0.0680502,0.2015076,0.1666874,0.1005854,0.1540442,0.194603,0.0561888,0.1446086,0.149334,0.1347282,0.1452528,0.2474216,0.0751068,0.1346748,0.149094,0.0716998,0.223199,0.1961808,0.0631368,0.1261152,0.1390288,0.122436,0.1199804,0.2581516,0.0682328,0.2066988,0.1273076,0.0920306,0.1739624,0.5682938,0.1225374,0.1499374,0.3820806,0.1167148,0.1213524,0.4262444,0.07515,0.1519498,0.1322482,0.1500996,0.1798196,0.1907494,0.0838634,0.1566012,0.2384194,0.1266902,0.1611178,0.2415204,0.0779974,0.1324986,0.2680382,0.0952194,0.2125208,0.2414558,0.0929384,0.1280612,0.1737672,0.099084,0.1225138,0.1885744,0.0863814,0.1243628,0.1768454,0.1496008,0.1329556,0.1824914,0.2629436,0.0758024,0.2104602,0.1933052,0.1677722,0.1730592,0.2061544,0.0667228,0.1154152,0.1885762,0.1450386,0.20069,0.3463101,0.1806384,0.0623738,0.1709954,0.3622154,0.1179228,0.1777886,0.2251666,0.058099,0.137394,0.1585624,0.081152,0.2117132,0.206921,0.1024494,0.1352986,0.1649568,0.1118978,0.1452678,0.2815164,0.0943214,0.139684,0.187038,0.1318744,0.1715168,0.169771,0.0694564,0.148089,0.1531068,0.1365936,0.1524286,0.2466398,0.1067549,0.2214608,0.1238918,0.0850138,0.150755,0.1465728,0.2513906,0.132272,0.1236956,0.1599176,0.0815904,0.115486,0.3648202,0.0803848,0.1336964,0.2179192,0.0892644,0.1533186,0.5102636,0.096006,0.2500452,0.1758088,0.1045882,0.2229258,0.2474404,0.1011026,0.1222018,0.1629142,0.066675,0.162766,0.2257502,0.0838888,0.1345208,0.157228,0.1032074,0.1564912,0.2363874
0.08625,0.159277,0.3034796,0.1245226,0.1648168,0.2117652,0.0951596,0.1906716,0.1906532,0.1122822,0.1724022,0.3415404,0.088817,0.1169022,0.242983,0.1061484,0.1740862,0.2070094,0.068637,0.234663,0.168313,0.1291074,0.1176112,0.275092,0.095007,0.1368902,0.1718802,0.1094634,0.1536562,0.1379668,0.2249854,0.0816124,0.1706828,0.2177454,0.173825,0.149596,0.2502332,0.067823,0.2036704,0.1665886,0.101176,0.152968,0.192043,0.0562976,0.1427474,0.1494226,0.1358416,0.1466274,0.2470008,0.0751362,0.1352244,0.1480524,0.072596,0.2223418,0.19892,0.062304,0.1262652,0.1374212,0.1218944,0.1205072,0.2564508,0.0678666,0.2070876,0.1274648,0.091946,0.173551,0.5653446,0.120407,0.1496524,0.3798616,0.1151058,0.1226174,0.4306788,0.075412,0.1502708,0.1315322,0.1465596,0.178792,0.1874928,0.0839656,0.1566098,0.237226,0.1284162,0.1614222,0.2383812,0.0778836,0.1316388,0.2656236,0.0964194,0.2088902,0.2418698,0.0925618,0.1270348,0.1732508,0.0995232,0.121534,0.1916596,0.087321,0.1239994,0.1759766,0.1486202,0.13094,0.183032,0.2585822,0.0768684,0.2089526,0.1913072,0.1683648,0.1737272,0.2083676,0.0677192,0.1146406,0.1893024,0.1440432,0.2045426,0.3457394,0.1803548,0.0617272,0.1718796,0.3604924,0.1182712,0.1805264,0.226172,0.0586354,0.1369976,0.1575736,0.0810082,0.2145016,0.2071548,0.1017632,0.1356598,0.16511,0.1132302,0.1443072,0.2817144,0.0951132,0.1374024,0.1864658,0.131256,0.1699852,0.168998,0.0687784,0.1474736,0.151878,0.1348846,0.1519628,0.248365,0.1056022,0.2230634,0.1231502,0.085491,0.151044,0.1455122,0.2499114,0.1317328,0.1238596,0.1578846,0.0816254,0.1153844,0.3646564,0.0799912,0.1339968,0.2171132,0.090525,0.1545298,0.5081598,0.0966034,0.2495362,0.1743066,0.1059756,0.2215142,0.2467492,0.1014882,0.1219604,0.1640032,0.0675402,0.1633442,0.2241694,0.0836946,0.1329078,0.1566668,0.103433,0.1557808,0.233533
0.0864518,0.1582792,0.3063354,0.1238046,0.1638872,0.209096,0.0959706,0.1909884,0.1906676,0.1114302,0.170624,0.341375,0.0882036,0.1178622,0.2418292,0.106689,0.1729546,0.2055434,0.0692354,0.2332262,0.1665798,0.1306038,0.1191638,0.2742218,0.0945358,0.1356472,0.1725444,0.1086998,0.1519596,0.1370144,0.224647,0.0806872,0.1692468,0.2177226,0.1727864,0.1492204,0.2505744,0.0677654,0.2013172,0.1668766,0.101916,0.1549184,0.1899342,0.0563932,0.142248,0.1518832,0.1361706,0.1471134,0.2470594,0.0755352,0.1356492,0.1484854,0.0726472,0.2227372,0.1974764,0.0621296,0.1255028,0.1356502,0.122468,0.1202652,0.2547708,0.0683126,0.2065784,0.1259884,0.0934274,0.1727876,0.5634106,0.1199858,0.1478948,0.3782812,0.1143706,0.122139,0.4320234,0.0753216,0.1501108,0.1326008,0.1471998,0.177454,0.1871874,0.0840626,0.1559598,0.241583,0.1269564,0.1624674,0.2420436,0.0776778,0.1298968,0.262869,0.0964054,0.2091744,0.2401226,0.0918646,0.1269858,0.1718948,0.0995931,0.1222242,0.1922968,0.087967,0.1228366,0.1761932,0.148303,0.131115,0.1819798,0.2588244,0.0762756,0.2085636,0.1908154,0.1681676,0.1748722,0.206765,0.0685662,0.1144478,0.1898034,0.144083,0.2038076,0.3398782,0.1768074,0.062472,0.172226,0.3620562,0.1167324,0.1848774,0.2260168,0.0589822,0.1373054,0.1572382,0.0845178,0.2152564,0.2110168,0.1009916,0.1358998,0.1644056,0.1124788,0.1429846,0.2879974,0.0961214,0.1373768,0.188366,0.1313342,0.1690032,0.1700082,0.0692374,0.1465644,0.1534416,0.1327302,0.1542042,0.2500598,0.1056413,0.2214344,0.1232102,0.0860764,0.1478784,0.144515,0.2502436,0.1320824,0.1232244,0.1582574,0.082633,0.1150488,0.3647226,0.0798336,0.1349998,0.2205376,0.0903068,0.1558866,0.5041644,0.0965634,0.2482524,0.1745494,0.1052842,0.2219518,0.244824,0.1008364,0.1222372,0.1650914,0.0666978,0.1633726,0.2255378,0.083372,0.1344516,0.1567044,0.1034604,0.1573082,0.2370246
0.0865618,0.1580376,0.3139742,0.1244482,0.1610398,0.206299,0.0957358,0.189211,0.1901964,0.1120208,0.171965,0.3432998,0.0878408,0.1179744,0.2445656,0.1071968,0.174298,0.2071898,0.0692226,0.2339704,0.1659956,0.1314506,0.1202866,0.2745518,0.0956526,0.1350082,0.168531,0.1093652,0.153831,0.1385298,0.2214884,0.081972,0.1694422,0.2189166,0.1729954,0.1528578,0.2494352,0.067139,0.2027282,0.1668126,0.1016412,0.153838,0.1887306,0.0562968,0.1426346,0.149931,0.135599,0.1450434,0.2458982,0.0751148,0.1352772,0.149915,0.0731698,0.2210646,0.1961112,0.0616344,0.124617,0.1371046,0.1227482,0.1194824,0.256312,0.0674606,0.204952,0.1253872,0.0930196,0.1739902,0.5627288,0.121188,0.1475374,0.3800154,0.1133838,0.1218122,0.4360356,0.0759854,0.1490584,0.1337556,0.1507816,0.178183,0.1901574,0.0833936,0.1551766,0.240014,0.1259266,0.1614448,0.2426458,0.078798,0.129348,0.2668948,0.0976092,0.204761,0.2385402,0.0925414,0.1283444,0.1720822,0.0991851,0.1221388,0.191817,0.0891748,0.1254664,0.1743596,0.1479332,0.1324434,0.1791878,0.2595362,0.0756018,0.2083886,0.190146,0.1686344,0.176479,0.2050228,0.0686812,0.1123702,0.188991,0.144243,0.2022858,0.3421536,0.1793064,0.0663946,0.1733326,0.362236,0.1156878,0.1901978,0.22541,0.0597542,0.1353204,0.1578596,0.0840432,0.2173316,0.2114448,0.1006224,0.134217,0.1646478,0.1120528,0.1435682,0.2897958,0.0951066,0.1380792,0.1888516,0.1298454,0.1697088,0.1698676,0.0702074,0.1469186,0.155028,0.1311476,0.1545752,0.2542512,0.1072139,0.2251422,0.1229288,0.0865744,0.148657,0.1429736,0.2506302,0.1325016,0.123967,0.1599482,0.082765,0.1145276,0.3692666,0.079009,0.1339738,0.2208082,0.0893694,0.155223,0.5125772,0.0979664,0.2352856,0.1728976,0.1053756,0.2222642,0.2421774,0.1005964,0.1221224,0.1657142,0.0671846,0.1643468,0.2244886,0.0835232,0.1343728,0.1562144,0.1026448,0.1577846,0.2376004
0.0870638,0.1591762,0.3162702,0.124816,0.1618098,0.2061976,0.0957666,0.1895292,0.1893654,0.1112392,0.1699488,0.3431438,0.086975,0.1179888,0.2442002,0.1080406,0.1774182,0.2085998,0.0691604,0.2320406,0.165777,0.130597,0.1202246,0.2760192,0.0961878,0.1317178,0.166124,0.1097226,0.1547152,0.1417714,0.2208216,0.0816866,0.1672894,0.2203942,0.1732192,0.1547856,0.246284,0.0676454,0.1978952,0.1657978,0.1021986,0.1528506,0.188157,0.0566256,0.1412322,0.1499064,0.1348722,0.1441072,0.246437,0.0752038,0.1350472,0.1517726,0.0730872,0.222993,0.1966154,0.0607154,0.1259752,0.1413726,0.12366,0.1199702,0.2584102,0.0666638,0.2049016,0.1261388,0.0936514,0.1764262,0.5645214,0.122906,0.1482224,0.3643862,0.1146924,0.1222222,0.4374056,0.0765408,0.1498854,0.1327776,0.1505428,0.1769786,0.1906439,0.0846198,0.1548522,0.2401906,0.1247158,0.1602202,0.2388446,0.0778304,0.1296208,0.2676106,0.0975398,0.2037042,0.237573,0.0923918,0.1269106,0.1714448,0.0988861,0.1211716,0.192853,0.0896256,0.1251022,0.1734634,0.147674,0.1329818,0.1796684,0.2596894,0.0754166,0.2083836,0.1898556,0.1683812,0.1756878,0.2044742,0.0677552,0.1141958,0.1884212,0.1450296,0.1985098,0.3473221,0.178604,0.0662938,0.1698556,0.367064,0.115578,0.1919848,0.2239276,0.0599938,0.1356406,0.1568868,0.0833222,0.2163268,0.2112038,0.1000266,0.1330978,0.1650286,0.112169,0.1508682,0.2867826,0.0962942,0.1389412,0.1871494,0.1270628,0.167503,0.1695802,0.070087,0.145872,0.1558216,0.1298972,0.154763,0.258659,0.1065213,0.2257186,0.1228416,0.0854282,0.1493982,0.141547,0.2515678,0.1316348,0.1228854,0.1576262,0.082081,0.1142842,0.3698496,0.078813,0.133423,0.2186498,0.0895646,0.15394,0.5101574,0.0979568,0.2370524,0.1712556,0.1042978,0.2200322,0.2407826,0.0999796,0.12272,0.1641586,0.0670116,0.1640146,0.2254616,0.0837914,0.134349,0.1539588,0.1021668,0.1580494,0.2367774
0.0860524,0.1581084,0.3232054,0.1271698,0.1616296,0.20606,0.0951202,0.1873066,0.1883218,0.1127796,0.169001,0.346199,0.088207,0.1189476,0.2435782,0.1069378,0.176958,0.2083526,0.0683144,0.2310924,0.1662532,0.131235,0.1213536,0.280049,0.0979784,0.1295092,0.1655292,0.1082276,0.1573948,0.141093,0.2203664,0.0803008,0.165178,0.2211884,0.1736502,0.154797,0.245564,0.068478,0.2001708,0.164895,0.1016276,0.155723,0.189707,0.0569904,0.1419774,0.1486204,0.1340532,0.1490124,0.244851,0.0748528,0.134222,0.151774,0.073078,0.2249666,0.1986274,0.060777,0.1270156,0.1413724,0.1235254,0.1225178,0.25576,0.0655898,0.2038974,0.1251564,0.0940744,0.1762074,0.5727826,0.12105,0.1469496,0.368119,0.113672,0.1238878,0.4286968,0.0758902,0.149244,0.1335418,0.1492002,0.1760282,0.1919929,0.0854826,0.1553606,0.2431092,0.1259048,0.1606982,0.2397652,0.0784682,0.128868,0.2697418,0.0985764,0.205328,0.2365606,0.092,0.1270204,0.1715742,0.0968649,0.1208222,0.1912682,0.0900294,0.1247866,0.1720238,0.1476106,0.1340546,0.1821848,0.2594474,0.0750804,0.2106462,0.1901294,0.167282,0.1742356,0.2055826,0.0681876,0.113189,0.1886146,0.1459874,0.1996316,0.3448194,0.1787424,0.0668588,0.1711078,0.3661992,0.1156586,0.2027118,0.2231296,0.0594074,0.1356144,0.1568872,0.0826512,0.2140406,0.2081028,0.1009684,0.13292,0.1655306,0.111585,0.152158,0.286649,0.0965282,0.1387456,0.1889466,0.1301954,0.1696394,0.1705612,0.069304,0.1458592,0.156209,0.130442,0.15408,0.2620162,0.1065609,0.2239966,0.1230458,0.0856958,0.1509868,0.1423824,0.2496426,0.1321814,0.12484,0.1576664,0.0821494,0.1143034,0.3693006,0.0791072,0.1343498,0.2228412,0.0902546,0.1554372,0.506916,0.0990334,0.2391906,0.171315,0.1051152,0.2190932,0.2405442,0.1001368,0.1218652,0.163708,0.069557,0.1653624,0.2282428,0.0845986,0.1349324,0.1545244,0.1018136,0.1581446,0.2388632
0.086608,0.1562708,0.327272,0.1271434,0.159864,0.2040126,0.0958862,0.1877468,0.1891426,0.1143058,0.167822,0.3463622,0.0872174,0.1176586,0.2428064,0.107379,0.1782066,0.206819,0.0688314,0.2257772,0.1664482,0.131266,0.1211048,0.2802504,0.098023,0.1279052,0.165998,0.1092032,0.1593774,0.1398086,0.2185794,0.0799854,0.1642428,0.2208294,0.1716274,0.1554636,0.2464688,0.0684488,0.19991,0.1648874,0.1014574,0.1552556,0.1899196,0.0564928,0.1421978,0.1501994,0.133762,0.1478218,0.2416154,0.0743876,0.133228,0.1503584,0.0735636,0.222842,0.1978054,0.0609646,0.126578,0.1419106,0.124028,0.1222132,0.2603228,0.0658004,0.2039324,0.1256882,0.0930876,0.1762958,0.5685276,0.1215948,0.1467622,0.3720564,0.1132668,0.1248822,0.4324104,0.0763602,0.1482484,0.1334052,0.1496732,0.1764132,0.1925283,0.0862342,0.1554818,0.2400208,0.1277472,0.1593794,0.2418856,0.0771776,0.1285722,0.2692872,0.0980726,0.2074852,0.2392656,0.0936604,0.1265906,0.1702736,0.0966419,0.1208136,0.1924858,0.0915732,0.1251796,0.1716264,0.1463998,0.1336636,0.183351,0.2550008,0.076094,0.211375,0.1898986,0.168605,0.1736912,0.2030366,0.0685668,0.1146052,0.1876232,0.1467138,0.2007082,0.340119,0.1761824,0.0655014,0.1706372,0.3662418,0.1145974,0.2064478,0.2238894,0.0589506,0.1377156,0.1572152,0.082008,0.2145218,0.2152824,0.1030134,0.1333514,0.1660584,0.112705,0.1524536,0.2856702,0.095414,0.1392662,0.1883262,0.1283766,0.1706878,0.1715878,0.0694792,0.1480464,0.154484,0.129874,0.155021,0.2607702,0.1062921,0.2218394,0.1190362,0.0833238,0.1503766,0.1418118,0.2493944,0.1312098,0.1255032,0.1575806,0.0813282,0.1132836,0.3625062,0.0792758,0.1356438,0.2258654,0.0902966,0.153087,0.5016788,0.099024,0.24132,0.1684684,0.103182,0.2175998,0.2430162,0.1004932,0.1215644,0.1628048,0.069839,0.165558,0.224111,0.0843864,0.136434,0.1547192,0.1008124,0.1581634,0.2365754
0.0869856,0.1571946,0.3271396,0.12791,0.158969,0.2012932,0.0956902,0.1878326,0.1903868,0.1154854,0.1702392,0.3444594,0.0871792,0.118262,0.242098,0.1078354,0.1765098,0.2055372,0.0686812,0.2264462,0.1649726,0.1319408,0.1210648,0.2782466,0.0985398,0.126595,0.1641304,0.1077542,0.1601836,0.1380948,0.2141374,0.0798074,0.160552,0.220025,0.170777,0.1554838,0.2498456,0.0691892,0.2026096,0.166643,0.1007988,0.1536216,0.1898276,0.0563446,0.1427858,0.151831,0.1333678,0.1466902,0.2418646,0.0735624,0.1338556,0.1512694,0.0732214,0.2244334,0.1986212,0.0607894,0.12548,0.1413748,0.1235898,0.1223516,0.2566644,0.0668162,0.2019736,0.1267902,0.0925176,0.177007,0.5665258,0.122293,0.1452052,0.370004,0.1138582,0.1247572,0.433616,0.075069,0.1500216,0.1331054,0.1497738,0.1762266,0.1944677,0.0860406,0.1542908,0.2401866,0.1278246,0.1591906,0.2411866,0.0768986,0.1277338,0.2713568,0.0979628,0.2075382,0.2355664,0.0941902,0.1263176,0.1705994,0.0962571,0.1248094,0.1916058,0.091614,0.1241384,0.1724896,0.1461892,0.1330262,0.1809012,0.25414,0.0771462,0.2102,0.189221,0.167001,0.1764802,0.2053508,0.0681122,0.1183604,0.187355,0.1476822,0.200105,0.3376443,0.1756656,0.0655104,0.1703104,0.367997,0.1158544,0.2116134,0.2251562,0.0585544,0.1378294,0.1570112,0.0814532,0.2134602,0.2156222,0.1045734,0.1329268,0.164844,0.1130598,0.153101,0.2861366,0.0950336,0.1378968,0.1872476,0.1253954,0.1723388,0.1726174,0.0699416,0.1487868,0.1527868,0.129233,0.1557318,0.262371,0.1056317,0.222196,0.118647,0.0835234,0.1496852,0.1425562,0.2498592,0.1315704,0.1260036,0.159402,0.0817062,0.1112778,0.3617062,0.0805256,0.136212,0.2262852,0.0896584,0.1529404,0.498069,0.0990412,0.2438426,0.1683048,0.1037372,0.219952,0.244308,0.100078,0.1210958,0.1609852,0.0694756,0.167263,0.225845,0.0857056,0.1351918,0.154176,0.1003286,0.1564182,0.2354248
0.0870486,0.157327,0.330952,0.1283466,0.1602834,0.2010228,0.0959986,0.188019,0.1888078,0.1150698,0.1698334,0.3445172,0.0868274,0.119623,0.2412604,0.1073384,0.1790606,0.2021036,0.0679558,0.2256716,0.1664167,0.1332128,0.1204102,0.2790538,0.0970946,0.1247458,0.1665164,0.108261,0.1608688,0.1382454,0.2137528,0.0799428,0.161231,0.2162932,0.1693952,0.1557444,0.2526934,0.0689378,0.2000008,0.165952,0.0999842,0.1552918,0.1926234,0.0568438,0.1416916,0.1529668,0.1333436,0.1468394,0.2419272,0.0740048,0.1339392,0.149164,0.0726416,0.2281106,0.1941716,0.0598444,0.1258372,0.1424518,0.1222104,0.1221316,0.2586656,0.0676514,0.203824,0.126957,0.092507,0.1747042,0.5671528,0.1227594,0.1453462,0.3744508,0.1135692,0.126033,0.4341734,0.0743374,0.1494022,0.1322656,0.1493908,0.1757916,0.195568,0.0870148,0.1555066,0.2359794,0.1292824,0.1586744,0.2413258,0.0762656,0.127529,0.2706726,0.0963906,0.2064824,0.2351656,0.094366,0.1258338,0.1706446,0.0964801,0.1236662,0.1903064,0.0928502,0.1239318,0.1687216,0.1443016,0.1318384,0.1798926,0.2547468,0.0776832,0.2079954,0.1907436,0.1669404,0.1763916,0.2061624,0.067923,0.118284,0.1850686,0.1485942,0.2003388,0.337055,0.1778606,0.0646698,0.1699242,0.3708404,0.117356,0.214976,0.225967,0.0577812,0.1376418,0.1568014,0.0808952,0.2140454,0.2146842,0.104372,0.1338982,0.1648604,0.1139194,0.1523868,0.2832454,0.0957532,0.136268,0.1853576,0.127841,0.170741,0.1717804,0.069507,0.1465434,0.1511294,0.1289134,0.1554786,0.260458,0.1063413,0.2218596,0.1182144,0.084688,0.150043,0.1417318,0.247643,0.1307724,0.1276728,0.156556,0.081636,0.1106158,0.360402,0.0809966,0.1364728,0.2250324,0.0891382,0.1544696,0.4991044,0.0996536,0.243467,0.168736,0.1061546,0.2178252,0.24408,0.1016286,0.1204416,0.160642,0.0695972,0.1662332,0.2249316,0.085965,0.1366896,0.154254,0.10032,0.1552948,0.2353642
0.0876302,0.1579348,0.3292532,0.1290946,0.158994,0.2027906,0.094008,0.1878266,0.1898798,0.1173824,0.1692486,0.349138,0.0855672,0.1196102,0.2405698,0.1072486,0.1768728,0.2039714,0.0681204,0.2227584,0.1679019,0.1337684,0.1209842,0.2771424,0.0965584,0.123622,0.1654616,0.1072712,0.1602504,0.135998,0.2165692,0.0798054,0.162245,0.2183244,0.1704684,0.1569328,0.2546386,0.0688566,0.1993338,0.1654046,0.0996176,0.1555576,0.1924172,0.05736,0.1418674,0.1549436,0.1327652,0.1457604,0.2402098,0.073503,0.133943,0.1509906,0.07231,0.229881,0.1939896,0.0610198,0.1251138,0.1425108,0.1204496,0.1220514,0.2619832,0.0678296,0.2034064,0.1271198,0.0929038,0.172121,0.5660544,0.1211578,0.1470168,0.3790516,0.114276,0.1267968,0.4333364,0.0741108,0.1497456,0.1322896,0.1504464,0.1760036,0.1944722,0.086114,0.1552928,0.2358044,0.1295204,0.1578784,0.2402746,0.0780288,0.1319182,0.268845,0.096536,0.2041872,0.2362344,0.0942858,0.1258636,0.169221,0.0968637,0.1227928,0.1940792,0.0925528,0.1225452,0.1694286,0.1446566,0.1334906,0.1801314,0.2573512,0.0775522,0.2076232,0.1915778,0.1661188,0.1765744,0.2065866,0.0676574,0.119586,0.1835416,0.1489752,0.2008244,0.3426008,0.1786638,0.064675,0.1690848,0.3628284,0.1182246,0.2183648,0.2274802,0.0578718,0.1375164,0.1550842,0.0822096,0.2142136,0.212942,0.1056786,0.1349118,0.1652964,0.1152056,0.1512032,0.2836246,0.0954928,0.136753,0.1856152,0.1292984,0.1714794,0.1690838,0.0695426,0.1497386,0.1504372,0.129733,0.1554186,0.2632574,0.1063889,0.2236148,0.1192326,0.0849582,0.1503496,0.1411632,0.254637,0.130779,0.1273738,0.1562252,0.0816462,0.1094096,0.3624404,0.0800344,0.1350118,0.2279018,0.0886154,0.154228,0.499462,0.0997322,0.2428144,0.1684378,0.1060362,0.2188552,0.2451008,0.1020296,0.1202302,0.1603752,0.0700434,0.1650006,0.222841,0.0878506,0.1367878,0.1538024,0.1008206,0.155895,0.2336702
0.0878818,0.1566018,0.3291938,0.127836,0.1585972,0.2036288,0.0944136,0.1874266,0.1933312,0.117474,0.1687068,0.3459054,0.0852226,0.1188176,0.2412356,0.1070738,0.1758314,0.2038192,0.0695164,0.2264842,0.1685953,0.1329476,0.1211766,0.2785008,0.0962606,0.1212748,0.1661174,0.1073392,0.1627488,0.1356434,0.2177224,0.0800614,0.160454,0.2208708,0.1704872,0.1554364,0.2560842,0.0691794,0.199245,0.1652636,0.0994644,0.1554226,0.1943476,0.057565,0.1419146,0.1560118,0.132593,0.1451494,0.2403422,0.074422,0.1333194,0.1513812,0.0722322,0.232739,0.194844,0.0610494,0.1252872,0.1449806,0.1202074,0.1223056,0.2616484,0.069962,0.2004802,0.1278634,0.0932496,0.1704406,0.563689,0.121397,0.1471004,0.3806216,0.1132616,0.1264474,0.4342344,0.0758526,0.1490584,0.1316418,0.1512272,0.1752102,0.1927278,0.0851524,0.153324,0.2374346,0.129416,0.1586404,0.2390686,0.0799818,0.1322604,0.2695246,0.0959926,0.2020934,0.2329702,0.094371,0.1267746,0.1694064,0.0973403,0.123411,0.1943662,0.0925024,0.1237104,0.1674476,0.1448472,0.1329744,0.180978,0.2573112,0.0772604,0.2080872,0.1926398,0.1662186,0.176421,0.2049798,0.067087,0.1185728,0.1826684,0.14939,0.1999096,0.3414633,0.1795848,0.0639124,0.1690436,0.3602836,0.1191172,0.222597,0.2283782,0.0584768,0.1363698,0.1565342,0.0829458,0.2158016,0.2116026,0.106509,0.1355856,0.1677486,0.1162224,0.1499194,0.2824928,0.0954682,0.1365426,0.1860776,0.1286246,0.1705756,0.1679218,0.068165,0.1487606,0.149548,0.1280734,0.152729,0.2622356,0.1067251,0.224276,0.1183722,0.085601,0.1518822,0.1388394,0.257254,0.1298894,0.1272002,0.154589,0.0818454,0.1088124,0.3647348,0.0801028,0.1354722,0.2278678,0.0883922,0.1549658,0.5005972,0.1004798,0.2434384,0.168618,0.1051516,0.2160006,0.2450798,0.1018502,0.1201114,0.15757,0.0687468,0.1635622,0.2197848,0.0905506,0.1378506,0.1529314,0.1007424,0.1558066,0.2344902
0.0879596,0.1565798,0.3295684,0.1291268,0.1571186,0.2027708,0.0978644,0.187346,0.1954446,0.1154646,0.1670836,0.3439072,0.0861948,0.1181152,0.2392592,0.1070544,0.1764482,0.2065312,0.0687946,0.2258276,0.1690439,0.1334104,0.1224266,0.2819022,0.0979354,0.1228296,0.1646506,0.1071628,0.161432,0.1342052,0.2178106,0.0797302,0.1593982,0.2205198,0.1705016,0.1547638,0.2588554,0.07077,0.198605,0.1654726,0.0999846,0.1574652,0.1962118,0.0575044,0.1416192,0.156015,0.1328238,0.1462564,0.239914,0.0740528,0.131846,0.1528534,0.0722212,0.2331858,0.1963486,0.0607182,0.1244556,0.1447354,0.1209178,0.1208062,0.2598108,0.0699542,0.2013466,0.1277882,0.0929552,0.1688014,0.5642798,0.1226218,0.1471924,0.3828428,0.1136524,0.1261736,0.4400752,0.075332,0.1491372,0.1292164,0.1506138,0.1743566,0.195658,0.085429,0.1545594,0.2386824,0.1286756,0.1587052,0.2389556,0.0807614,0.1316874,0.26791,0.0954074,0.2027218,0.2355626,0.0937018,0.1256884,0.1660164,0.0965087,0.1218004,0.192798,0.0928112,0.1239018,0.1649812,0.1458374,0.1370442,0.1799764,0.2574196,0.077673,0.2084162,0.1930912,0.1680862,0.1766246,0.2071858,0.0685416,0.1191004,0.1852888,0.149805,0.2000846,0.336894,0.1779654,0.0641422,0.1672478,0.3546872,0.1184568,0.2269219,0.2302984,0.0578992,0.1383308,0.1569886,0.0831984,0.2163874,0.2109064,0.1058692,0.1366156,0.169633,0.1156958,0.1470996,0.2821728,0.0960244,0.1369102,0.1842166,0.1275198,0.1720146,0.168455,0.0676498,0.1490192,0.1499618,0.1281056,0.1542406,0.2608522,0.1061949,0.2223782,0.123379,0.0859098,0.1509308,0.1370538,0.2623096,0.1311678,0.1269798,0.1541704,0.0808966,0.1100426,0.3587142,0.0797224,0.1359916,0.2264208,0.0885336,0.1571718,0.5020232,0.100737,0.2478482,0.1693746,0.106976,0.2156286,0.2434868,0.1003964,0.1192548,0.1587058,0.0689032,0.1619404,0.2209484,0.0913786,0.1371958,0.1533252,0.1002854,0.1549008,0.2322652
0.0879636,0.1578696,0.3313496,0.128037,0.157144,0.2033796,0.0989758,0.1873438,0.1960516,0.1166948,0.1640958,0.3430076,0.0872566,0.117183,0.2402626,0.1075526,0.1752258,0.2068838,0.068804,0.2292284,0.1683733,0.1322856,0.123202,0.279144,0.098739,0.1210094,0.1651426,0.1073118,0.1629608,0.1336488,0.2161238,0.0788124,0.1572634,0.2183358,0.1665384,0.1554966,0.2584804,0.0705228,0.2009426,0.164691,0.1006466,0.1591144,0.192918,0.0567538,0.1422454,0.157366,0.1329878,0.1464508,0.2408658,0.074266,0.133197,0.1527774,0.0723498,0.2344698,0.1957374,0.0621368,0.125921,0.1455042,0.1213626,0.1199548,0.2610728,0.070236,0.198537,0.1267386,0.0927154,0.1698974,0.5640798,0.121771,0.146458,0.3841134,0.1121462,0.1269284,0.4456576,0.0755106,0.1493408,0.1284018,0.1514188,0.1740214,0.1927594,0.0858974,0.1558048,0.239211,0.1284466,0.1574654,0.2380968,0.0799944,0.132619,0.2624236,0.095516,0.2052848,0.2329942,0.0922262,0.1281268,0.1641928,0.0956388,0.1215696,0.189237,0.093541,0.1267808,0.1645506,0.1464694,0.1380704,0.1815854,0.2576382,0.0762902,0.209927,0.193213,0.1680692,0.1731502,0.2078128,0.067249,0.1192398,0.1868746,0.1507662,0.198406,0.3387394,0.179175,0.0642434,0.1674352,0.3612436,0.1195582,0.2309035,0.2328534,0.0577562,0.1379942,0.1587468,0.0821218,0.2148194,0.213422,0.1067084,0.1368152,0.1708966,0.1161158,0.147049,0.2815882,0.0958412,0.1370908,0.1841182,0.1289534,0.172116,0.1692346,0.0674024,0.149342,0.1483656,0.1272282,0.1539888,0.2578308,0.1064357,0.2223386,0.1233752,0.0852138,0.151001,0.1365306,0.264316,0.131543,0.1281984,0.153675,0.0821614,0.1095416,0.3601346,0.0791962,0.1345076,0.22374,0.0900268,0.1554618,0.5103522,0.1014016,0.2490498,0.1662274,0.1066908,0.2154088,0.2450824,0.101553,0.1202186,0.158761,0.0693474,0.163566,0.2224212,0.0914302,0.1369126,0.1511606,0.1011766,0.1544638,0.232521
0.0879172,0.1564066,0.330729,0.12904,0.157495,0.2033532,0.0991274,0.1872734,0.1966286,0.1153936,0.1645228,0.3434746,0.0870882,0.115998,0.2392074,0.1067956,0.173423,0.207409,0.0686718,0.2294096,0.1690043,0.1309768,0.1240366,0.2786522,0.099502,0.11947,0.1664814,0.107047,0.1621734,0.1334374,0.2157714,0.0798048,0.1570638,0.2173588,0.1690038,0.1560974,0.259565,0.0712768,0.2021324,0.1665194,0.1010794,0.1574606,0.1882816,0.0566794,0.1410074,0.157562,0.1313214,0.147472,0.2421982,0.0732864,0.1328686,0.1531628,0.07191,0.2334414,0.1944956,0.0618524,0.1258824,0.1443516,0.1232944,0.1192594,0.2603284,0.0717134,0.1983986,0.1250732,0.093553,0.1696162,0.5413236,0.1211782,0.146018,0.3836472,0.1136284,0.126402,0.4547094,0.0751696,0.1496054,0.128718,0.151205,0.1734996,0.1928198,0.0859966,0.1552568,0.2391957,0.1276796,0.156368,0.238536,0.0794214,0.1312868,0.2624488,0.095749,0.2058286,0.2315206,0.0910105,0.1272802,0.1634122,0.0960324,0.1210968,0.1896558,0.0930342,0.1258624,0.1644022,0.1467752,0.1394912,0.1809824,0.2582596,0.0764998,0.2093492,0.1934778,0.1683748,0.1707578,0.20619,0.0676902,0.1191508,0.1881126,0.1505336,0.1968798,0.3395633,0.179377,0.0642842,0.1668404,0.3656986,0.120674,0.2381675,0.2325886,0.0580462,0.1381324,0.1587594,0.0823196,0.2164408,0.213089,0.1083556,0.134834,0.1700288,0.1174306,0.145821,0.2834752,0.0955456,0.1362972,0.1849642,0.1270126,0.1718988,0.168782,0.0675446,0.1500104,0.1509358,0.1251824,0.1559852,0.2570012,0.1070829,0.2200798,0.1246152,0.0851108,0.1502268,0.1371304,0.2661442,0.1316354,0.1273116,0.1553708,0.0826016,0.1083148,0.3578854,0.0793954,0.1329706,0.22123,0.0891046,0.1564964,0.5084678,0.1011412,0.249059,0.1672964,0.1081454,0.2134792,0.2450784,0.1012948,0.1199432,0.1596942,0.071174,0.1652588,0.2218982,0.0920248,0.1378252,0.1530126,0.1018194,0.1536194,0.2340026
0.0880522,0.1564814,0.3294958,0.1295734,0.156732,0.2027538,0.0995776,0.1863968,0.1952486,0.1152492,0.163359,0.340657,0.0874654,0.1154014,0.2411062,0.109119,0.1712306,0.2086818,0.0683652,0.2286624,0.1700143,0.1302674,0.1229666,0.2774374,0.1002694,0.1219558,0.1666414,0.107608,0.16183,0.1346966,0.2165628,0.079971,0.1596962,0.2165648,0.1709546,0.1570528,0.2593544,0.0709482,0.2026132,0.1664886,0.100559,0.154339,0.1870122,0.0561986,0.141961,0.1578144,0.1302748,0.14786,0.2452722,0.073844,0.135157,0.1535564,0.0722268,0.2331824,0.1954788,0.0615538,0.1259542,0.1444568,0.1262924,0.1182388,0.2585912,0.0718882,0.198416,0.1247332,0.093135,0.173754,0.5506708,0.1206432,0.1479472,0.3824108,0.1133496,0.1265986,0.4573286,0.0750416,0.1506586,0.1295466,0.1528364,0.1746724,0.1921584,0.0862058,0.1562196,0.2393986,0.1264986,0.1574918,0.2374234,0.0793026,0.1318234,0.2638212,0.0950624,0.206122,0.2284944,0.0925862,0.1273776,0.1635392,0.0966704,0.1197054,0.189642,0.0945958,0.1264778,0.164336,0.1463806,0.139633,0.1817666,0.2574868,0.0759436,0.2100544,0.1922688,0.1675438,0.1709412,0.2083968,0.0677962,0.119922,0.1883886,0.1496048,0.1955392,0.3385193,0.1773976,0.0640816,0.1674642,0.3647996,0.122181,0.2407033,0.2323928,0.0581186,0.1417084,0.158576,0.0809266,0.2167596,0.212256,0.1084314,0.1346778,0.1703582,0.1171144,0.1433204,0.2866554,0.0950318,0.1365236,0.1840112,0.1271088,0.1707802,0.167384,0.0668728,0.1522774,0.1523098,0.1245918,0.1558478,0.2579052,0.1056081,0.2222424,0.1269238,0.0832926,0.1492906,0.136721,0.2668336,0.1316072,0.1272556,0.1553054,0.0831544,0.1082248,0.358094,0.0798196,0.1331454,0.2224206,0.0893598,0.1549488,0.5046624,0.100729,0.2475926,0.1654654,0.1084392,0.2144672,0.2454288,0.1002266,0.1205148,0.159825,0.072029,0.1660866,0.2246716,0.0920952,0.1388978,0.1572348,0.1020138,0.1532056,0.2313412
0.087764,0.1568434,0.3303472,0.1299262,0.158499,0.2045232,0.1001276,0.1837378,0.1941752,0.1149926,0.1624814,0.3415076,0.086653,0.1172406,0.2416484,0.1088608,0.170604,0.2090666,0.0683452,0.2287872,0.1710493,0.1312502,0.1225288,0.2754524,0.1013382,0.120141,0.1657954,0.1071692,0.1618926,0.1363494,0.2146446,0.0787556,0.160461,0.2166834,0.1712336,0.1568416,0.261442,0.07156,0.2005872,0.1672074,0.100517,0.1578552,0.1845534,0.0569004,0.1421856,0.1593554,0.130219,0.1483592,0.2438626,0.0734806,0.1352498,0.1525706,0.0721472,0.2306072,0.1944876,0.0614676,0.1255042,0.144516,0.1247578,0.117629,0.2576462,0.0728152,0.1969218,0.1243014,0.0932658,0.1727112,0.5575854,0.1215258,0.1472746,0.3825912,0.1132356,0.1263094,0.4526594,0.073635,0.1499876,0.1295376,0.1521236,0.1731998,0.192871,0.0867762,0.157436,0.2459438,0.1275886,0.158335,0.2378864,0.0797744,0.1337464,0.266014,0.094314,0.2053956,0.226816,0.093177,0.1267576,0.16381,0.0947734,0.1194486,0.1889114,0.095226,0.1262826,0.1648976,0.1456326,0.1379848,0.180534,0.2581018,0.0761108,0.2117066,0.193914,0.1650984,0.1687212,0.2072102,0.0681092,0.1194852,0.1861702,0.1491988,0.1961702,0.3368681,0.1766152,0.0641368,0.168987,0.3649656,0.1225768,0.2411883,0.231685,0.058509,0.1403812,0.157698,0.0827722,0.2176668,0.2115528,0.1088146,0.1342464,0.1690492,0.1176468,0.1420186,0.2903386,0.0959902,0.1367462,0.1855258,0.1266148,0.1716998,0.1692638,0.0671332,0.150273,0.1512794,0.12701,0.156292,0.25912,0.1066427,0.2215468,0.1276738,0.083224,0.1473206,0.1360038,0.2671784,0.1317074,0.1273746,0.1536016,0.0835958,0.1080738,0.3532268,0.0793548,0.1337256,0.221062,0.0892622,0.1551506,0.509152,0.1014806,0.2452338,0.161828,0.1080888,0.2149086,0.2445804,0.1013436,0.119891,0.1609034,0.0737754,0.1658444,0.2228022,0.0913598,0.140499,0.1560436,0.1023188,0.152247,0.2283315
0.0871594,0.1571942,0.3295536,0.1302816,0.1590494,0.2034176,0.1009638,0.1827534,0.1946606,0.115083,0.1619824,0.3409624,0.0878414,0.1159976,0.2397514,0.1083366,0.1725468,0.2080251,0.0681016,0.2302426,0.1701211,0.131256,0.1213782,0.2744396,0.1014176,0.1215656,0.1662288,0.1065698,0.1641778,0.1358866,0.2125384,0.0790014,0.1593966,0.2190572,0.1733142,0.1572798,0.262832,0.071744,0.200873,0.167271,0.101941,0.1572652,0.1814208,0.0574662,0.1421074,0.1603984,0.1305118,0.1467086,0.2414748,0.0738424,0.1351856,0.1532928,0.0726568,0.2304962,0.1966642,0.0609222,0.1252954,0.1472868,0.1258286,0.1178984,0.2546314,0.073268,0.1944146,0.124103,0.0934796,0.1728656,0.564063,0.1216314,0.14785,0.38218,0.1119282,0.1250548,0.458865,0.0737164,0.1505916,0.1274698,0.151599,0.173089,0.190465,0.086572,0.1549638,0.2440242,0.126606,0.158043,0.2430488,0.0794884,0.133286,0.265985,0.0955208,0.20325,0.225436,0.0935168,0.1265,0.1631854,0.0965496,0.1185822,0.1863276,0.0936766,0.1244656,0.1653006,0.1447276,0.138676,0.1799314,0.2554562,0.0762292,0.2110226,0.192121,0.1661324,0.1681182,0.205956,0.068294,0.1199028,0.1868344,0.1489858,0.1945102,0.3405295,0.1757878,0.0640718,0.1703906,0.3651706,0.1221894,0.2456897,0.2327232,0.0590856,0.1391544,0.1594694,0.0831396,0.217927,0.2114203,0.1115364,0.1323266,0.1673486,0.1170814,0.142175,0.2903576,0.0961116,0.1370528,0.1833894,0.1281642,0.1715818,0.1697448,0.0667646,0.1490502,0.1494086,0.1268292,0.1565624,0.2590504,0.1068239,0.2214486,0.1276724,0.0831836,0.1466062,0.136752,0.2705442,0.1323868,0.1274036,0.1526898,0.0827844,0.1084394,0.3562538,0.078456,0.1340492,0.2227672,0.0899058,0.1532968,0.5047592,0.100792,0.2470824,0.1618564,0.1081046,0.2168514,0.244127,0.1011894,0.1219488,0.1598876,0.0740028,0.1671478,0.2225108,0.0909884,0.1393654,0.1571856,0.1031546,0.150755,0.2242726
0.0867152,0.1577798,0.3286838,0.1314918,0.1602964,0.2056184,0.1006018,0.18172,0.1946498,0.1152866,0.1619492,0.3398916,0.0889798,0.1168842,0.2409824,0.1081508,0.1715736,0.2081667,0.0678944,0.2300438,0.1682323,0.1311918,0.1222974,0.2743858,0.0997492,0.1314324,0.1656344,0.1062252,0.1658582,0.1347668,0.2139218,0.0782482,0.159322,0.2175244,0.1752214,0.1583286,0.265649,0.0719742,0.2022362,0.1666778,0.1040002,0.1579702,0.1837522,0.0567286,0.1418798,0.1581354,0.1309362,0.1461844,0.2405039,0.074316,0.1342746,0.1534744,0.0717092,0.2328604,0.1970552,0.06084,0.125814,0.1499422,0.1274162,0.1186788,0.251923,0.0732868,0.1935786,0.1222084,0.0924176,0.1744296,0.566231,0.1231084,0.148815,0.3845692,0.1131652,0.1262986,0.4592734,0.0735502,0.1505152,0.1278006,0.1515686,0.1713138,0.1915784,0.086597,0.1548226,0.247256,0.1278452,0.158215,0.245065,0.079439,0.1328168,0.263906,0.0961072,0.2021042,0.2245736,0.0931698,0.1284288,0.16104,0.0959936,0.1175154,0.1851692,0.0946008,0.1241258,0.1645238,0.1464786,0.140764,0.1816736,0.2545586,0.0761916,0.2103774,0.19208,0.1652972,0.167208,0.204726,0.068693,0.1183426,0.1864944,0.1473136,0.1932644,0.3391805,0.1728616,0.0644048,0.1696998,0.3633982,0.1218646,0.2502027,0.2325546,0.0592052,0.1379778,0.1599322,0.0825158,0.2157492,0.2129075,0.1123214,0.1313082,0.1664072,0.1175272,0.143329,0.2916124,0.0957506,0.1369134,0.1811514,0.1264558,0.1731684,0.169297,0.0673998,0.1482806,0.1505224,0.1265426,0.1566392,0.2605724,0.1071479,0.2183306,0.128397,0.0823382,0.1455608,0.135831,0.274548,0.1324732,0.126184,0.152286,0.083072,0.108402,0.3591148,0.0780952,0.134958,0.2212818,0.0899566,0.1520422,0.5068648,0.1007006,0.2496884,0.1604422,0.1082012,0.2150102,0.2474002,0.1001376,0.1215356,0.1616868,0.0740602,0.1651834,0.2214264,0.090241,0.1391792,0.1563118,0.1024778,0.1494604,0.2249394
0.0870452,0.1574142,0.326693,0.1319522,0.1598656,0.2063028,0.1014662,0.1798002,0.1977872,0.1138136,0.1624264,0.3409016,0.0886088,0.1157482,0.2414714,0.1085314,0.1706682,0.2084834,0.0672442,0.229396,0.1663556,0.13081,0.1214116,0.273311,0.0992478,0.131555,0.1656934,0.1083464,0.1658376,0.1352592,0.2141188,0.0785114,0.1579816,0.2162354,0.1760642,0.1591128,0.2645342,0.0725006,0.202795,0.167618,0.1037718,0.1582088,0.1861096,0.0573686,0.142742,0.1589288,0.1293206,0.145604,0.2399831,0.0738844,0.1343232,0.1526306,0.071381,0.232302,0.1958226,0.0609648,0.123548,0.1507012,0.1285652,0.1187706,0.252605,0.0740278,0.195015,0.1227288,0.0929472,0.1754724,0.5665002,0.1221086,0.1493902,0.3788464,0.1141822,0.1279292,0.4650548,0.0726104,0.151332,0.13061,0.15087,0.1712738,0.192944,0.0869848,0.155236,0.2482924,0.1279188,0.1562916,0.2428576,0.0795278,0.1311826,0.2621834,0.0950396,0.2010798,0.224044,0.093059,0.1280248,0.1626832,0.0963008,0.1166006,0.1868704,0.094157,0.126035,0.1652532,0.1474918,0.1419878,0.1826924,0.253253,0.0766656,0.2095318,0.1947926,0.1670126,0.1688974,0.2018934,0.0690946,0.1204866,0.1856678,0.147256,0.1937652,0.339794,0.172911,0.0637906,0.1725422,0.3679364,0.1234928,0.2544208,0.2330926,0.0593338,0.1373088,0.162604,0.081942,0.2147792,0.2130527,0.1128612,0.1304794,0.1649196,0.1175554,0.1433612,0.2934454,0.0958928,0.1375706,0.182484,0.1267888,0.1744344,0.1681118,0.0667382,0.1490334,0.1513816,0.125679,0.1574182,0.2645478,0.1061819,0.2173204,0.129705,0.0823756,0.1433378,0.1341908,0.2744268,0.1318962,0.1247956,0.1518534,0.0880252,0.107406,0.3606208,0.0785252,0.1356698,0.2224892,0.0883334,0.1517082,0.5021976,0.1013784,0.2514806,0.16121,0.109415,0.2172462,0.2498354,0.100772,0.1216834,0.1631288,0.0734514,0.1646662,0.2269416,0.0907704,0.1408078,0.1558098,0.1027656,0.1505804,0.2240488
0.0871374,0.1583412,0.3271134,0.1315534,0.1599624,0.207691,0.1011324,0.1797118,0.1972954,0.1137394,0.161277,0.3414054,0.0874754,0.1161366,0.2408348,0.1077118,0.1704932,0.2092378,0.0671402,0.2276678,0.1669862,0.130101,0.1245254,0.274945,0.10007,0.13155,0.1646196,0.108279,0.1666016,0.1388862,0.2134132,0.0775922,0.1568634,0.2173562,0.177818,0.1578402,0.2640818,0.0712618,0.2014836,0.166653,0.1032736,0.1597982,0.1860392,0.0570312,0.1427274,0.1627546,0.1289828,0.1457896,0.2421261,0.0759424,0.136139,0.154099,0.0716736,0.2317084,0.1965926,0.0609068,0.1232496,0.1503984,0.12808,0.1180486,0.252852,0.0737332,0.1947822,0.1227568,0.093656,0.1747132,0.5672814,0.122566,0.1474924,0.3820184,0.114767,0.1275792,0.4616872,0.0715994,0.1503112,0.1281062,0.1539846,0.1721256,0.19102,0.0853572,0.156124,0.250097,0.1289334,0.1553706,0.242204,0.0793106,0.1304576,0.2594028,0.0973388,0.2004736,0.2269454,0.0936332,0.1266182,0.1609914,0.0964338,0.1148668,0.1845878,0.0948222,0.1252984,0.1646786,0.1476548,0.1444204,0.1834054,0.2525062,0.0763262,0.211592,0.1915562,0.166257,0.1676892,0.1991812,0.0693706,0.1205666,0.1881354,0.1470144,0.195838,0.3389548,0.1714296,0.0644336,0.1726818,0.3654082,0.122879,0.2533768,0.2351606,0.0599452,0.1370612,0.1617916,0.0826814,0.215834,0.2137472,0.112364,0.1309578,0.164656,0.117688,0.1440682,0.2902431,0.094726,0.1368448,0.182946,0.1284212,0.1732912,0.1691876,0.0665014,0.1495382,0.151836,0.1260332,0.1564898,0.2672108,0.1059183,0.2181386,0.129064,0.0828628,0.1420638,0.1352748,0.2753816,0.1318548,0.1252344,0.1499448,0.0878948,0.1081412,0.3557566,0.0792034,0.1353752,0.2238528,0.0877168,0.1532516,0.5023378,0.1019218,0.250245,0.1621766,0.109122,0.2171008,0.2490246,0.1006156,0.121871,0.162683,0.0747126,0.1654166,0.2299982,0.0903214,0.1392534,0.1545262,0.1035406,0.1504056,0.220828
0.0870508,0.1573802,0.332113,0.1305808,0.1595734,0.2067632,0.1022732,0.1766998,0.196167,0.1129876,0.1609762,0.3412116,0.0871572,0.117083,0.2388882,0.109112,0.1706298,0.21201,0.0677974,0.2302152,0.1658982,0.1310518,0.1251814,0.2757162,0.1002154,0.1325628,0.1620926,0.1084298,0.1660422,0.1401392,0.2136794,0.0772902,0.1575398,0.2171064,0.1767324,0.1581838,0.2636694,0.071715,0.2018438,0.166082,0.1024472,0.1599302,0.1864052,0.057436,0.142945,0.1629768,0.1285712,0.146673,0.2420102,0.0755268,0.135578,0.15332,0.0719112,0.2303282,0.1976854,0.0606344,0.1220942,0.1485868,0.1275494,0.1177384,0.2536474,0.0738796,0.1918632,0.1217964,0.0963688,0.1746818,0.5662102,0.1219992,0.1475738,0.3841572,0.115692,0.1266856,0.4598501,0.0739528,0.1499506,0.1289638,0.1556022,0.17298,0.191283,0.0851376,0.1554924,0.2518222,0.1305262,0.1569856,0.2437408,0.078898,0.1311508,0.2589432,0.09818,0.1983498,0.2252166,0.0931968,0.1254014,0.163968,0.09651,0.115592,0.18297,0.0955748,0.1265752,0.164967,0.1474966,0.1454136,0.184266,0.2506406,0.0769146,0.211963,0.1919038,0.16595,0.1680624,0.1994032,0.0693484,0.119807,0.1898534,0.14913,0.1934034,0.34037,0.1733196,0.0642134,0.170754,0.3639286,0.1224466,0.2570834,0.2349208,0.0600836,0.1362244,0.1608784,0.0823246,0.2142348,0.2137538,0.1121276,0.1317404,0.1650474,0.1183178,0.1463782,0.2908637,0.0950226,0.1368644,0.1820478,0.133516,0.1719772,0.1680186,0.06616,0.1499152,0.151695,0.1302812,0.1556046,0.2688374,0.1063449,0.2170196,0.1284476,0.0837564,0.142559,0.1352152,0.272085,0.129275,0.1253948,0.1492564,0.0886918,0.1080692,0.3574024,0.0808426,0.1355266,0.2188996,0.0888326,0.1526918,0.5058788,0.1015742,0.2489564,0.1608842,0.1098472,0.2153828,0.2485348,0.1008892,0.1231194,0.1631434,0.0755014,0.1668256,0.2330486,0.0905092,0.1377774,0.1564828,0.1047682,0.1495182,0.2164448
0.086672,0.1582168,0.3262038,0.1322736,0.1625602,0.2051792,0.1026558,0.1772378,0.1960832,0.1135086,0.1600064,0.3407986,0.0889878,0.1159256,0.2407868,0.1089628,0.1703488,0.2104082,0.0676578,0.2311134,0.1638352,0.132019,0.1252854,0.2743066,0.1010228,0.1330442,0.1614938,0.1072334,0.1655688,0.1385118,0.2134698,0.0773176,0.1553146,0.2190246,0.1760282,0.1572562,0.264748,0.0705528,0.1990484,0.165081,0.1019102,0.1595768,0.1833716,0.0566254,0.142227,0.1616076,0.1265268,0.1471778,0.242448,0.0738228,0.1359474,0.1529358,0.0716388,0.2292222,0.1967514,0.0601268,0.120334,0.1495472,0.12715,0.11667,0.2539206,0.0735896,0.1917208,0.1216346,0.0962238,0.1757658,0.5665744,0.1208112,0.147838,0.3864958,0.1141406,0.1288238,0.4579339,0.0737758,0.1503924,0.129195,0.1559244,0.172839,0.1935835,0.085329,0.1550284,0.25214,0.131178,0.1572408,0.2430824,0.0795584,0.1311282,0.2587184,0.0974386,0.194545,0.2242484,0.0940876,0.125844,0.165075,0.0968864,0.1171324,0.1841288,0.0964672,0.1277144,0.1637452,0.1456228,0.1432134,0.180741,0.2501272,0.0759996,0.2120506,0.1907462,0.1658178,0.1678516,0.2011616,0.0691966,0.1207148,0.1904444,0.1476116,0.193243,0.3397428,0.1724302,0.064325,0.1724618,0.3628552,0.121586,0.2575754,0.233297,0.0603012,0.1364736,0.1609226,0.0827304,0.2113552,0.2097426,0.113196,0.1319949,0.1631786,0.1178384,0.1474056,0.2937799,0.094408,0.1373024,0.1799638,0.131029,0.1708682,0.166983,0.0668782,0.1517014,0.1498774,0.1301974,0.1523296,0.2682492,0.1059823,0.2177436,0.1278508,0.0847306,0.1429162,0.1354376,0.2733234,0.128252,0.1252448,0.1480212,0.0887992,0.1083348,0.3572896,0.080242,0.1337744,0.2211472,0.0900608,0.1518106,0.50478,0.1027136,0.248055,0.1624658,0.1095034,0.2165816,0.2484538,0.1004082,0.1230334,0.1629656,0.0761872,0.167176,0.235124,0.091243,0.1366614,0.1539334,0.1046862,0.1486364,0.2164922
0.0868442,0.157258,0.3262484,0.1327406,0.1604962,0.209207,0.1032064,0.177551,0.195543,0.1146976,0.1609932,0.3412934,0.0911972,0.116439,0.2391926,0.1070012,0.1715852,0.2084994,0.0681034,0.2330702,0.1626288,0.1313652,0.1260984,0.272907,0.101113,0.1342324,0.1628552,0.1065394,0.165746,0.138529,0.215095,0.0770818,0.156003,0.221464,0.175725,0.1557444,0.2647954,0.0707856,0.1999998,0.1648674,0.1029826,0.1610742,0.1824168,0.0568804,0.1413434,0.1618044,0.127127,0.1453358,0.2427464,0.0742656,0.1374324,0.1538054,0.0711298,0.2287644,0.1939236,0.0600188,0.1197938,0.1485602,0.126955,0.1183448,0.2540456,0.0741894,0.1910728,0.1210276,0.096118,0.1779908,0.5680106,0.1219236,0.1475814,0.386469,0.1131146,0.1277556,0.4604845,0.0756726,0.1496178,0.1295766,0.156225,0.171598,0.1946627,0.0855628,0.1532038,0.2499106,0.131079,0.154881,0.241423,0.080365,0.1298326,0.2552014,0.0984896,0.1985518,0.2233476,0.0936932,0.1290376,0.1656998,0.0977792,0.1184854,0.1861212,0.0959014,0.127692,0.1656504,0.1454408,0.1445496,0.1827112,0.2526654,0.0773474,0.2119418,0.1907764,0.1637228,0.168293,0.2008126,0.0695194,0.1209892,0.1904994,0.147547,0.1932581,0.3373336,0.1725098,0.0646198,0.1729746,0.358156,0.1187186,0.2602358,0.2322902,0.059901,0.136346,0.1583976,0.0825602,0.2128498,0.2058826,0.1137882,0.1318407,0.1596936,0.1179048,0.1473686,0.2926056,0.0948466,0.1367776,0.1785744,0.1333328,0.169451,0.1683772,0.0659538,0.1506594,0.1515226,0.129088,0.1536432,0.2648154,0.1046929,0.2178748,0.1272406,0.083769,0.1437834,0.1378276,0.2735132,0.1296352,0.1253446,0.1453256,0.0893434,0.106063,0.354927,0.0793974,0.1354406,0.2214886,0.0899522,0.150569,0.5035516,0.1024166,0.247742,0.1634456,0.1093292,0.2165636,0.2444722,0.1008628,0.1228938,0.162507,0.0774562,0.166263,0.237872,0.0907108,0.1363394,0.154806,0.1039794,0.1482506,0.214588
0.0874822,0.1577368,0.3268768,0.1319126,0.1576898,0.209995,0.1029398,0.1752228,0.1943812,0.1158224,0.161063,0.3409852,0.0904266,0.1157026,0.2382028,0.1086412,0.1734352,0.2103754,0.069314,0.2300858,0.1594358,0.1312162,0.124804,0.2706726,0.1000928,0.1353914,0.163101,0.1056518,0.1657564,0.1368966,0.218042,0.0770928,0.1549606,0.218485,0.176539,0.1550524,0.2663964,0.0707376,0.201267,0.1643858,0.102308,0.1613912,0.1821752,0.0566872,0.141829,0.1633396,0.1264224,0.1451108,0.2421575,0.0749104,0.1380252,0.154135,0.0702356,0.226314,0.1950356,0.060269,0.1203674,0.1481946,0.1268988,0.1173104,0.2544268,0.0749562,0.1894614,0.1216304,0.0965458,0.1773038,0.5666356,0.1207512,0.1459604,0.3879984,0.1122464,0.1269496,0.4566065,0.0773272,0.1475078,0.127578,0.1547434,0.1697598,0.1954265,0.0850444,0.1528588,0.2519676,0.1294666,0.156331,0.244578,0.0791428,0.1295588,0.2556448,0.098219,0.197122,0.2241272,0.093429,0.1290114,0.1631878,0.097896,0.1177382,0.1846572,0.096562,0.1279738,0.1656068,0.1433804,0.1449778,0.1824548,0.2502852,0.0768258,0.2103978,0.1897208,0.1655574,0.168693,0.2003326,0.068749,0.1219946,0.191327,0.145741,0.1944103,0.342077,0.1736022,0.064721,0.175605,0.3600974,0.1181634,0.2604908,0.231962,0.059729,0.1360672,0.1597334,0.0816482,0.2148322,0.2069764,0.1149876,0.1318893,0.1617954,0.1172408,0.148546,0.2895707,0.0941902,0.1367292,0.1782518,0.1324998,0.1686968,0.1702828,0.065956,0.1493834,0.147608,0.1281808,0.1543238,0.263442,0.105383,0.2173386,0.1281406,0.082733,0.1441476,0.137182,0.272758,0.1307466,0.1248948,0.1450804,0.0900186,0.1068316,0.355655,0.079395,0.1342254,0.2250458,0.0914696,0.1491152,0.5053004,0.1019446,0.2496476,0.162877,0.109493,0.2153084,0.2502176,0.1004826,0.1216506,0.1604198,0.0774538,0.1651498,0.2370862,0.090678,0.1360492,0.155672,0.1052298,0.1482964,0.212611
0.0865614,0.1599402,0.3263964,0.1337508,0.1571028,0.208793,0.1037238,0.1768318,0.1934788,0.115496,0.1644646,0.3384504,0.0905586,0.1151058,0.2412324,0.1079378,0.173411,0.2103626,0.0685324,0.2305658,0.1573036,0.131675,0.1269938,0.2724458,0.0998616,0.1350106,0.1621754,0.1058412,0.1651184,0.1353396,0.2186434,0.077157,0.153574,0.2196324,0.1775864,0.1544646,0.2655616,0.0705574,0.20236,0.1659812,0.1015946,0.1617794,0.183067,0.0565016,0.1405128,0.1613014,0.1260826,0.1443974,0.2402701,0.0747092,0.1388738,0.1567778,0.070299,0.2272916,0.1952946,0.0603078,0.1200794,0.1488148,0.1262946,0.1166926,0.2553176,0.0746402,0.1888506,0.1207232,0.0961068,0.1764688,0.5721656,0.1214532,0.1451558,0.3907342,0.1120568,0.1278432,0.4621283,0.0773102,0.1478816,0.1263022,0.15306,0.1680722,0.1916601,0.0858982,0.152767,0.251407,0.129272,0.1566448,0.24748,0.0793196,0.129462,0.2512994,0.0987752,0.1980054,0.227509,0.0929248,0.1286124,0.1634472,0.0982218,0.118463,0.1837406,0.0974076,0.1280444,0.1673172,0.142877,0.1462196,0.1808046,0.249113,0.0763074,0.2110222,0.187865,0.1609744,0.1711862,0.2027212,0.067439,0.1210204,0.1891452,0.1449578,0.1932037,0.3449964,0.1749374,0.0649402,0.1753768,0.3628572,0.118351,0.263734,0.2305992,0.0596466,0.1357188,0.159778,0.0829214,0.2133328,0.2061488,0.1127554,0.1302651,0.161409,0.1163658,0.1493972,0.2945827,0.095739,0.1374022,0.178654,0.132839,0.1693166,0.1686498,0.0662902,0.1518956,0.1476008,0.127422,0.1557246,0.2613918,0.1054256,0.215637,0.1278556,0.0830952,0.1430706,0.1389272,0.27258,0.1307552,0.1242576,0.1477896,0.0889824,0.1064736,0.3539888,0.0797946,0.1333584,0.2243366,0.0908194,0.1502474,0.50861,0.101238,0.2486212,0.1618384,0.1111104,0.2129892,0.25092,0.1020242,0.1234134,0.160347,0.0794166,0.1636396,0.2359932,0.0905214,0.1363822,0.155013,0.1042304,0.1485628,0.2116752
0.0858452,0.1598222,0.3295634,0.1337756,0.1566118,0.2128602,0.1033152,0.1774298,0.1936766,0.1138592,0.1650794,0.3390736,0.0899592,0.1146438,0.2343006,0.1078054,0.17345,0.208859,0.0693974,0.2287932,0.1568854,0.1334298,0.1257822,0.2703824,0.0999728,0.135976,0.1623394,0.1065456,0.1653292,0.1327934,0.218831,0.076366,0.1541074,0.2178604,0.1769438,0.1529524,0.2625236,0.0716762,0.2019096,0.1654518,0.1032638,0.161142,0.184475,0.0567004,0.139185,0.1626196,0.126973,0.1446088,0.2432399,0.0748252,0.1409232,0.1563776,0.0685022,0.2267484,0.1939344,0.0609026,0.1197888,0.1476714,0.1269848,0.117729,0.255037,0.074196,0.1862172,0.122887,0.0968852,0.1747952,0.5702726,0.122026,0.1450464,0.3878564,0.112312,0.129769,0.4650213,0.076719,0.1473962,0.1280356,0.1528036,0.167816,0.1909048,0.0852688,0.1510358,0.2525596,0.1295318,0.1571752,0.2501406,0.0785164,0.131888,0.2506942,0.0986286,0.198426,0.2280542,0.0919126,0.1292956,0.1639444,0.0980996,0.119811,0.1820868,0.0975012,0.1297928,0.168774,0.1430196,0.1478606,0.180185,0.24973,0.0767686,0.2108042,0.1886686,0.1623008,0.172029,0.2031296,0.0672014,0.1215126,0.1883724,0.1459562,0.1907859,0.3476022,0.1792742,0.0651646,0.1750184,0.3618232,0.1172216,0.2695132,0.2314986,0.059752,0.136065,0.1604228,0.0831984,0.2141176,0.2071882,0.1144826,0.1300826,0.1614062,0.1175786,0.1498916,0.2929425,0.0965804,0.1370498,0.1809484,0.1322954,0.1678416,0.1674032,0.0668114,0.1518304,0.1480028,0.1274852,0.1541194,0.259421,0.1047854,0.2172364,0.1291388,0.0842554,0.1443202,0.136867,0.2752852,0.1306372,0.1244202,0.1464078,0.088426,0.1064624,0.3525776,0.0793436,0.1321992,0.219767,0.0907074,0.1505598,0.5082298,0.1011796,0.2512118,0.1612816,0.110767,0.2154274,0.2505084,0.1035114,0.1240204,0.1610896,0.0796742,0.1624508,0.2341302,0.092574,0.134675,0.1559218,0.1044188,0.1483662,0.2112108
0.0866618,0.1591156,0.3324336,0.133397,0.1534448,0.2130416,0.1025678,0.1777304,0.193851,0.1142788,0.1646024,0.3367848,0.0895762,0.1146646,0.2346372,0.1081568,0.1734582,0.2086334,0.0693398,0.2266886,0.1536314,0.1327368,0.1256926,0.2695272,0.1000582,0.1338232,0.162422,0.1056426,0.165782,0.134717,0.2158146,0.0764476,0.1538836,0.217158,0.1770388,0.1542598,0.2615626,0.0692892,0.2020424,0.1671586,0.1037182,0.1607872,0.1863988,0.0567768,0.1386698,0.1642916,0.1267086,0.1439858,0.2446428,0.075265,0.141499,0.1579404,0.0680034,0.2296206,0.1922002,0.0607758,0.118497,0.1465164,0.1264604,0.1180287,0.2556108,0.075423,0.1868768,0.1238418,0.0968918,0.1775596,0.5672044,0.1212878,0.1439972,0.3862702,0.1121114,0.1308604,0.4668147,0.0780476,0.1479844,0.1271596,0.1538132,0.1696694,0.1899524,0.0852938,0.1502782,0.2555424,0.1284948,0.1559488,0.2500078,0.0775422,0.1311344,0.252556,0.0980282,0.1991114,0.230317,0.0916574,0.130053,0.1627526,0.0986094,0.120593,0.1811012,0.0973286,0.1297966,0.169449,0.1425492,0.1482786,0.178795,0.247739,0.077079,0.2095526,0.1887248,0.1629672,0.1737886,0.2029062,0.0671288,0.1206502,0.188259,0.145293,0.1898107,0.3421818,0.1787474,0.0650502,0.1761012,0.3594354,0.1204082,0.274179,0.2298546,0.0591438,0.1364566,0.1578716,0.0839374,0.2119084,0.2044868,0.1150478,0.1292344,0.1601744,0.1161044,0.1491196,0.2966663,0.0973864,0.1364462,0.18333,0.1332116,0.165567,0.1674614,0.0669678,0.151699,0.1510346,0.1274952,0.1527048,0.2604178,0.1047578,0.219697,0.1302526,0.0855184,0.1438428,0.1364962,0.2731782,0.1315994,0.1255758,0.1480076,0.0892372,0.1065704,0.3489226,0.0791096,0.131297,0.2181586,0.0897216,0.1501986,0.5052638,0.1016168,0.248856,0.164916,0.1104612,0.213732,0.2517364,0.1027652,0.1253914,0.1612122,0.0805534,0.1606368,0.2345708,0.092372,0.1340802,0.1544868,0.104071,0.1488014,0.210366
0.0871736,0.1581342,0.3301934,0.1336956,0.154931,0.2136768,0.1023696,0.1770492,0.1937634,0.1144108,0.165438,0.3359754,0.090036,0.1145508,0.238304,0.1108246,0.174213,0.2069872,0.0692746,0.2288698,0.1544418,0.1324544,0.1253384,0.2705854,0.0995752,0.1340734,0.1601214,0.1042116,0.1643102,0.1360186,0.2179322,0.0765566,0.1527742,0.2174904,0.1769564,0.1550958,0.2621326,0.0691988,0.201923,0.1660538,0.104541,0.1600646,0.1864664,0.0561162,0.1392278,0.1671684,0.1266818,0.1429254,0.2423768,0.0753082,0.1424592,0.1579084,0.0686106,0.2299594,0.1937144,0.061089,0.1181534,0.145863,0.126994,0.115836,0.2571234,0.0758856,0.1859874,0.1224154,0.097759,0.1761866,0.5715614,0.1227454,0.1444758,0.3894622,0.1112934,0.1301008,0.4668593,0.0798126,0.1478454,0.128011,0.1555712,0.1709286,0.1876428,0.0847564,0.15022,0.2537492,0.1285138,0.154883,0.2537236,0.078458,0.1319332,0.2525656,0.0984204,0.1991736,0.231057,0.092509,0.128978,0.1628708,0.0984356,0.1214968,0.1830992,0.0960038,0.1292534,0.1698416,0.1427204,0.1474762,0.1776594,0.2492084,0.0765852,0.2099406,0.185993,0.1614218,0.1756552,0.1987974,0.0671216,0.1197978,0.1903548,0.1442412,0.1917196,0.3416496,0.1794374,0.0648346,0.1775024,0.3574394,0.1201494,0.272114,0.2307862,0.059032,0.1367522,0.1577024,0.0837522,0.212117,0.204595,0.1138658,0.1299762,0.161211,0.1163808,0.1504318,0.2995623,0.096687,0.1362928,0.1832114,0.1345034,0.1643086,0.1665532,0.067018,0.1531552,0.1500164,0.1291904,0.1532766,0.2603778,0.1058296,0.218265,0.1309406,0.0854208,0.142011,0.1385292,0.2738324,0.1317484,0.1252256,0.148189,0.0902792,0.1067196,0.3541742,0.079088,0.1300342,0.2161254,0.0900832,0.1502848,0.506335,0.1017126,0.2496978,0.165665,0.110512,0.2127524,0.2529126,0.1034916,0.124606,0.162773,0.0813142,0.1608306,0.2310242,0.0933928,0.1325944,0.155056,0.104235,0.1469774,0.2105434
0.086859,0.1565932,0.3291062,0.1316816,0.1517696,0.2147528,0.1023212,0.1770644,0.1936122,0.1140108,0.164523,0.3327138,0.090309,0.1146782,0.239804,0.1099532,0.1755294,0.207649,0.0687236,0.2271366,0.155445,0.1333476,0.12512,0.2720382,0.0990196,0.133738,0.1598626,0.1022424,0.1652468,0.1356272,0.2198998,0.0759716,0.1539552,0.2172732,0.1781236,0.153696,0.2625048,0.0691542,0.2028644,0.1683332,0.10317,0.158932,0.1855126,0.0557728,0.1381934,0.1671662,0.1236966,0.1419516,0.24364,0.0729038,0.1442704,0.1577448,0.068146,0.2284996,0.194726,0.0610436,0.1181924,0.1460368,0.127902,0.1160544,0.2569294,0.0760964,0.1843858,0.1208782,0.0978464,0.1777122,0.5730654,0.1238254,0.1432866,0.391507,0.1102098,0.1299528,0.4710819,0.0796458,0.1466142,0.1292408,0.1551664,0.1694908,0.1878452,0.0853414,0.1498732,0.2530124,0.1277962,0.1539096,0.2503652,0.0789878,0.13359,0.2514678,0.0986806,0.1995522,0.231357,0.0927492,0.1282846,0.1619846,0.0985934,0.1208352,0.184102,0.097879,0.1280496,0.1703424,0.1408816,0.14891,0.1767506,0.2498196,0.0774928,0.207246,0.1847782,0.1630192,0.17579,0.199085,0.067534,0.119322,0.1884666,0.1431232,0.1917504,0.339897,0.1789696,0.0646842,0.1778514,0.3580238,0.1178048,0.274877,0.236942,0.059212,0.1348168,0.158144,0.083226,0.2113028,0.2068174,0.1154878,0.1307854,0.1614982,0.1159976,0.149503,0.3024078,0.0963834,0.1382336,0.1819756,0.1340982,0.164041,0.1662276,0.0665756,0.1528142,0.1491764,0.1272542,0.1511124,0.2616606,0.1049872,0.216138,0.130615,0.085925,0.1364548,0.1398002,0.2737412,0.1317052,0.124246,0.1488126,0.0903218,0.1060916,0.352772,0.0796984,0.1300794,0.2172874,0.0900584,0.1495398,0.5064002,0.102064,0.2516362,0.166294,0.1104692,0.2171772,0.2551706,0.1035332,0.1247074,0.1623102,0.0831434,0.1601872,0.2317872,0.0935666,0.1317766,0.1538004,0.105195,0.1466056,0.2105872
0.086498,0.157703,0.3374738,0.1318754,0.1508776,0.2123706,0.1026242,0.1767366,0.1925276,0.1143672,0.1626828,0.3353758,0.090656,0.1167374,0.242782,0.109044,0.1751024,0.2090076,0.0686204,0.2286864,0.1550582,0.133221,0.1238612,0.2712832,0.0996584,0.131609,0.1602444,0.1041244,0.1662312,0.1328064,0.2203862,0.0758914,0.1534554,0.216267,0.1776018,0.1542904,0.2636848,0.068935,0.2080188,0.167707,0.1033632,0.1583616,0.1862708,0.0559214,0.1388698,0.1687716,0.1230738,0.14226,0.2433922,0.072291,0.1455576,0.1589168,0.0676996,0.2286146,0.1963054,0.0615098,0.1186196,0.1452218,0.1268832,0.1156319,0.2559446,0.075719,0.1830248,0.1217116,0.097838,0.1764238,0.567314,0.1222976,0.1448598,0.3894326,0.109481,0.128063,0.4643816,0.0783546,0.1460972,0.1287166,0.1552342,0.1704368,0.1889197,0.0855954,0.1495864,0.254889,0.1283862,0.1544006,0.2507064,0.0785346,0.133369,0.2496784,0.0986628,0.2001976,0.2309922,0.0925628,0.1276862,0.1600048,0.0984552,0.1217002,0.1837714,0.0970676,0.1288052,0.1714766,0.139991,0.1512938,0.1785796,0.2522304,0.0784388,0.2072248,0.1855576,0.164715,0.172604,0.2002664,0.0676444,0.1204918,0.1884844,0.1425642,0.1911524,0.3417234,0.17859,0.0637456,0.1770306,0.355476,0.1167116,0.2790418,0.237111,0.0595714,0.1335258,0.156692,0.083664,0.2085654,0.2068906,0.1156802,0.1315152,0.1619572,0.11618,0.1507016,0.3052068,0.0966496,0.1373896,0.1806834,0.1325922,0.1664514,0.1648876,0.067744,0.1512676,0.1495374,0.1278822,0.148857,0.2622912,0.1049772,0.2167562,0.1312518,0.0858614,0.1368512,0.1390492,0.2737724,0.1321326,0.1248256,0.1482202,0.0898926,0.106594,0.3520072,0.0803418,0.1303806,0.2141718,0.0914546,0.1493304,0.501291,0.1015766,0.2513076,0.1659563,0.1096962,0.2177436,0.253968,0.1041068,0.1264184,0.1625638,0.0841724,0.1606588,0.2314944,0.092121,0.133214,0.1534732,0.1052064,0.1461356,0.210494
0.086803,0.1575068,0.3393606,0.1345672,0.1512226,0.2110452,0.1020174,0.1753366,0.1944138,0.1141056,0.1621176,0.336059,0.0909332,0.1148546,0.240559,0.1099956,0.17534,0.2076412,0.0680196,0.2293156,0.1562136,0.1318824,0.123435,0.2721618,0.1001984,0.132385,0.1614308,0.1040338,0.1685844,0.1342058,0.2192602,0.0764102,0.1510528,0.213565,0.1774786,0.1551664,0.2602562,0.0688044,0.2101512,0.1665726,0.1030382,0.156932,0.1835568,0.0555574,0.1397118,0.1696724,0.126052,0.141777,0.2458236,0.0730542,0.148787,0.1591908,0.0675934,0.2272096,0.1981718,0.0624376,0.1200176,0.1475608,0.1260568,0.1147791,0.25656,0.0759412,0.183578,0.121177,0.097893,0.1746202,0.5670102,0.122091,0.1459612,0.3860624,0.1107342,0.128989,0.4658778,0.078087,0.1472914,0.1266582,0.1555158,0.167899,0.1872701,0.085449,0.1494646,0.2513874,0.1286064,0.1551954,0.250049,0.0787224,0.1358022,0.2437032,0.0986538,0.2001384,0.2315604,0.0926736,0.1286478,0.1581916,0.0979686,0.1225358,0.1842336,0.0974386,0.1294642,0.1721528,0.1384882,0.1518062,0.1813406,0.2519068,0.0777812,0.2076966,0.1860666,0.1681538,0.1742942,0.2003008,0.0673056,0.1200986,0.1890924,0.1412818,0.1901686,0.339394,0.1808848,0.063953,0.176685,0.3549576,0.1152948,0.281686,0.237896,0.05937,0.133879,0.1555936,0.083089,0.209604,0.207596,0.1173268,0.1306586,0.1609092,0.1156488,0.1499148,0.3048747,0.0959954,0.1361904,0.1785918,0.131529,0.165409,0.1648866,0.0680742,0.1504856,0.1478096,0.1274074,0.149145,0.2641874,0.1040844,0.2182628,0.1287554,0.0856752,0.138119,0.1407838,0.274216,0.1326226,0.1249646,0.1470208,0.0901244,0.1068382,0.3505936,0.0796636,0.1310364,0.216475,0.0918872,0.1504422,0.5054256,0.1024186,0.2522216,0.1651693,0.1114596,0.2188484,0.2548646,0.1042158,0.1256462,0.1620746,0.084146,0.1617792,0.2311286,0.0911084,0.1324412,0.1548756,0.1063602,0.1460674,0.2106782
0.0869202,0.1564604,0.3360536,0.1332328,0.152806,0.2111982,0.1024076,0.175027,0.1946746,0.1137026,0.1612158,0.334107,0.0904248,0.1159112,0.2407452,0.1092688,0.1748118,0.2072782,0.0679228,0.2294412,0.1562702,0.1330554,0.1238952,0.273743,0.1002848,0.1340402,0.1622014,0.1026638,0.1698452,0.133867,0.2188006,0.0777284,0.1512026,0.2125826,0.1772924,0.154286,0.2599006,0.0689524,0.2121022,0.1665362,0.1043218,0.1571616,0.183306,0.0558146,0.1407274,0.1699628,0.1262748,0.1415158,0.244849,0.0722884,0.1521954,0.1580394,0.068946,0.2275404,0.1973026,0.062073,0.1193472,0.1491122,0.1257604,0.1135677,0.2558932,0.075992,0.1818352,0.1228824,0.0985384,0.1744338,0.5665086,0.1222906,0.1459386,0.3852106,0.1103064,0.1282944,0.4691672,0.0773736,0.1468324,0.1271822,0.152494,0.1680862,0.1869183,0.0858586,0.1509768,0.2518316,0.129885,0.1553944,0.2505946,0.0786432,0.1357986,0.2455242,0.0981672,0.201935,0.230442,0.0929812,0.1293828,0.1573864,0.097865,0.1232206,0.1854286,0.097917,0.1275948,0.174835,0.1361018,0.1532732,0.1814244,0.2525082,0.0769838,0.2079904,0.187141,0.1677938,0.1751078,0.2019704,0.0668488,0.1206372,0.1887884,0.1410374,0.1884778,0.3411324,0.1814788,0.0636006,0.1780038,0.3593498,0.1154948,0.284557,0.2358186,0.0580666,0.1328222,0.156143,0.082669,0.2070206,0.2057224,0.1174088,0.129883,0.1615008,0.114723,0.1477976,0.3046065,0.0951916,0.1367304,0.178564,0.1332222,0.1656754,0.1664838,0.0691546,0.150348,0.1472278,0.127391,0.1470302,0.2612518,0.104081,0.2160818,0.1307042,0.084851,0.1387134,0.1416976,0.2709648,0.132831,0.1251678,0.1470928,0.0895166,0.1081978,0.3518218,0.0805586,0.1309624,0.2155204,0.0913412,0.1499386,0.4989264,0.1022842,0.2496614,0.165508,0.1112196,0.2191384,0.2536902,0.1042876,0.1243806,0.162492,0.0855384,0.163189,0.230221,0.0909686,0.1328098,0.1549098,0.1059888,0.1472904,0.2104994
0.0876126,0.15501,0.3361904,0.1350268,0.1545036,0.2103098,0.1028038,0.1749902,0.194969,0.1144042,0.1635726,0.334478,0.089715,0.1174078,0.2418434,0.1107706,0.1751858,0.2059056,0.0673898,0.2291084,0.157142,0.133042,0.1216808,0.2757818,0.101568,0.1335134,0.1620996,0.1029522,0.1677942,0.1313348,0.2167478,0.0772372,0.1522074,0.2112516,0.1763844,0.153294,0.259282,0.0694516,0.2112082,0.1653744,0.1034248,0.155019,0.1842312,0.0561234,0.1409214,0.1679904,0.1245804,0.1425148,0.2464048,0.072536,0.1562342,0.1566356,0.0706848,0.2239926,0.1965486,0.0620632,0.1172254,0.1506886,0.1259704,0.1149527,0.2561824,0.075789,0.183776,0.1222048,0.0979384,0.1730538,0.5657918,0.1214506,0.1450084,0.3836794,0.111472,0.128516,0.4693934,0.078307,0.1469812,0.1278834,0.1534412,0.16715,0.1882761,0.0856856,0.148828,0.2517484,0.1293534,0.153918,0.2503464,0.0790994,0.1352658,0.2477672,0.0991678,0.1993658,0.2280096,0.092918,0.1294718,0.1568076,0.0980356,0.1238594,0.1846724,0.0976636,0.1282022,0.1759912,0.1382698,0.152195,0.1814938,0.252864,0.0764248,0.2078008,0.1865958,0.1686974,0.1749888,0.2035244,0.0672486,0.1197902,0.1883654,0.1431132,0.1888242,0.3449173,0.181936,0.0639848,0.1765704,0.3543406,0.1172462,0.2829004,0.2353682,0.058369,0.1331592,0.1539226,0.0817216,0.2074272,0.2032488,0.1157124,0.1290314,0.1583178,0.1152072,0.1489054,0.3050635,0.0944138,0.1372744,0.1804844,0.1329546,0.164412,0.1648046,0.0691806,0.1514688,0.1463048,0.126927,0.1477796,0.26462,0.104833,0.2156934,0.130372,0.0855696,0.137623,0.1410122,0.2710984,0.1320424,0.1257068,0.1451148,0.0895404,0.1075182,0.351616,0.081056,0.1361488,0.2184088,0.091595,0.1495922,0.5069308,0.1018914,0.2492032,0.1639724,0.1108224,0.2206792,0.254798,0.1045326,0.123946,0.162396,0.0873254,0.1640266,0.2290168,0.0913694,0.1324592,0.153904,0.1053476,0.1477302,0.2090652
0.0877598,0.1550432,0.334163,0.1341376,0.1543632,0.2119168,0.1015774,0.1731086,0.1947862,0.1128604,0.1623062,0.3351466,0.0897576,0.1186448,0.2430088,0.1110718,0.1749518,0.204526,0.0674338,0.231406,0.1590022,0.1336586,0.1202766,0.2785474,0.1021626,0.133172,0.165848,0.1035552,0.1688288,0.1310578,0.22347,0.0778514,0.1523564,0.2091788,0.1749652,0.1510142,0.2592536,0.0688326,0.2128154,0.1660858,0.1018498,0.153498,0.1834264,0.0563324,0.1414608,0.1664344,0.1241594,0.1435132,0.2449665,0.0732096,0.1567772,0.1569102,0.071295,0.2237648,0.1967608,0.0619304,0.1180678,0.1490442,0.1248702,0.1160795,0.2577672,0.076267,0.1833556,0.1216868,0.0985612,0.1728832,0.5682534,0.1215724,0.14501,0.3841336,0.1103422,0.1269492,0.4697582,0.077884,0.1464722,0.1285298,0.1521684,0.1672354,0.1883493,0.0858948,0.1479828,0.2499992,0.1294984,0.154184,0.2473196,0.0791576,0.135856,0.2445574,0.0997206,0.2016862,0.2278144,0.0938694,0.1287874,0.1557664,0.0986792,0.125791,0.184395,0.0978008,0.1281758,0.1777974,0.1363662,0.1515138,0.1848914,0.2504978,0.0773028,0.2093476,0.188655,0.168378,0.1757658,0.203846,0.0671666,0.1200296,0.1884724,0.1435422,0.1885588,0.3446807,0.1823938,0.063766,0.1786164,0.351129,0.1158078,0.2836036,0.2345444,0.0582318,0.1318418,0.1533428,0.0831604,0.2078878,0.2054174,0.1150448,0.1287628,0.1584874,0.114558,0.1504904,0.3044226,0.0942856,0.1371556,0.1801664,0.1323118,0.1650652,0.1637624,0.0691902,0.1518958,0.1462356,0.1264786,0.1489444,0.2634046,0.1059036,0.2137418,0.1309104,0.0851082,0.1372768,0.1399682,0.2761882,0.1317182,0.1259982,0.1457588,0.0892352,0.1075954,0.3455332,0.0810116,0.1352668,0.2217144,0.0929112,0.1518352,0.5001488,0.1016788,0.2512328,0.1646596,0.1105712,0.2215976,0.2532772,0.103522,0.1231794,0.1618408,0.088226,0.164492,0.2309634,0.09224,0.1325702,0.1551266,0.1052066,0.1473158,0.209626
0.088916,0.1560086,0.3353618,0.1330656,0.1574248,0.2115654,0.101126,0.1724996,0.1972566,0.112273,0.16218,0.332447,0.0903394,0.118651,0.2417558,0.113863,0.175026,0.2040362,0.0672682,0.2312118,0.1575912,0.1342556,0.1195954,0.2803186,0.1015542,0.132721,0.1646268,0.1032492,0.1715222,0.1311488,0.2217864,0.0787934,0.1535584,0.2106914,0.174435,0.1503308,0.2583984,0.0701352,0.2133058,0.1664732,0.1030848,0.1519546,0.184674,0.0558862,0.1409118,0.1650804,0.1249878,0.1434318,0.2440985,0.073778,0.1588898,0.1565172,0.0705596,0.2208592,0.1955986,0.0624084,0.1191564,0.1493218,0.1241426,0.1157703,0.2584166,0.0761314,0.1830198,0.1208562,0.1000114,0.1739336,0.5669716,0.1214646,0.1452962,0.385679,0.1106054,0.1281708,0.4716342,0.0775616,0.1477352,0.1282,0.153096,0.1658748,0.1880567,0.0858346,0.1476146,0.2500656,0.1284188,0.1567594,0.2474032,0.0792224,0.135843,0.2459352,0.0996642,0.2021364,0.2262266,0.093391,0.128436,0.1570414,0.0991882,0.1259112,0.1800776,0.0973256,0.1279792,0.1786142,0.1356788,0.1491352,0.1860716,0.2537018,0.0778316,0.2089228,0.1894142,0.1671624,0.1775528,0.2033364,0.066808,0.1200272,0.1902086,0.143174,0.186828,0.3422633,0.1815614,0.063671,0.1798244,0.3521502,0.1162356,0.2897774,0.2351188,0.057401,0.1317466,0.1549048,0.0824596,0.204975,0.204454,0.1149874,0.1292984,0.1574574,0.1134434,0.1505232,0.307328,0.094762,0.1368656,0.180347,0.1317128,0.1649682,0.1621874,0.0689048,0.1529432,0.1464114,0.1259468,0.1496998,0.2625124,0.107189,0.2119948,0.1328792,0.08434,0.138431,0.1392824,0.2748168,0.1300218,0.1254004,0.144349,0.088853,0.1077096,0.3495229,0.0816448,0.1345958,0.221626,0.093853,0.1538592,0.5017002,0.1014934,0.2520984,0.163406,0.1095656,0.2209412,0.2551006,0.1027302,0.1244932,0.1610486,0.088894,0.1644336,0.2318596,0.0928538,0.1327622,0.1545856,0.105211,0.1474794,0.2095818
0.0886682,0.1546678,0.3343338,0.1355902,0.1570996,0.2106486,0.100186,0.1724592,0.1969686,0.1133516,0.162027,0.3315866,0.0902358,0.118899,0.2408758,0.1131314,0.176394,0.2045202,0.0675182,0.23219,0.157455,0.1352936,0.1209826,0.2829242,0.1009052,0.133779,0.1637046,0.1033686,0.1711528,0.1288972,0.2233146,0.0784164,0.1542924,0.2098346,0.1743264,0.1505514,0.2593568,0.0712888,0.213353,0.1665536,0.1023202,0.1532372,0.183832,0.0565626,0.1402096,0.164929,0.1235832,0.1424402,0.2445716,0.0730566,0.1617016,0.1547136,0.0716456,0.2204944,0.1940142,0.061862,0.1196166,0.1492248,0.125946,0.1158625,0.2636654,0.0766664,0.1863238,0.1200356,0.09986,0.1732696,0.5678258,0.1207916,0.1447072,0.3864334,0.111489,0.128481,0.4669471,0.0768404,0.1462826,0.1262214,0.1529698,0.1659234,0.1877381,0.0864554,0.1470638,0.2515802,0.1272054,0.155166,0.2477,0.080858,0.1346428,0.241545,0.099736,0.200041,0.2263336,0.0937128,0.1272912,0.1569884,0.098364,0.1236968,0.1797236,0.0964846,0.1289616,0.1757264,0.135545,0.1488308,0.1855916,0.2545408,0.0768628,0.2090798,0.1888618,0.1697754,0.1792476,0.2017484,0.0668976,0.1196946,0.190933,0.1427558,0.185711,0.3398319,0.181998,0.0646552,0.1805538,0.3514478,0.115631,0.2919188,0.2343748,0.0576062,0.1318464,0.1557902,0.0812252,0.2041596,0.202993,0.1146898,0.1320292,0.1587636,0.1128478,0.1508948,0.3143426,0.0968572,0.1368456,0.1801172,0.131979,0.1653644,0.163253,0.0686748,0.1531736,0.1471817,0.1275688,0.1495332,0.2637132,0.1067492,0.210254,0.1322784,0.0846842,0.1426758,0.1378054,0.2783404,0.131137,0.1241556,0.1454552,0.088867,0.1075912,0.3473477,0.0832982,0.1363836,0.218831,0.0944538,0.1537556,0.4991962,0.101683,0.2525492,0.1644765,0.1093128,0.2212542,0.2544326,0.1041242,0.1243118,0.1617974,0.090198,0.1632132,0.2301098,0.0931384,0.1322342,0.153975,0.1047886,0.1465044,0.2090434
0.088629,0.1563088,0.3356884,0.1355494,0.158985,0.2126442,0.0996108,0.171875,0.1953014,0.1139704,0.1634768,0.3327376,0.0901632,0.118178,0.2435274,0.1139772,0.1736668,0.2034876,0.069029,0.2312978,0.1576648,0.1350592,0.1213378,0.2838224,0.1008898,0.1337512,0.1654026,0.1021478,0.1718208,0.1317092,0.2249442,0.0774686,0.155818,0.2094416,0.1756454,0.152159,0.2596646,0.0710922,0.2134878,0.165588,0.1024452,0.1529124,0.1821616,0.0558772,0.1390616,0.165115,0.123241,0.1413776,0.2435642,0.0729424,0.1619848,0.1558194,0.0711316,0.2209064,0.1956324,0.0619794,0.1192442,0.1492338,0.1263362,0.1182061,0.2653344,0.076287,0.1852914,0.1246044,0.0992176,0.1712696,0.571146,0.120761,0.1449594,0.3861272,0.1093182,0.1280972,0.4619187,0.0764566,0.1508332,0.1272934,0.1498572,0.1693662,0.1891147,0.0856618,0.1468642,0.2504548,0.1285342,0.1557722,0.2477418,0.0818484,0.1349432,0.2422658,0.0988526,0.2001142,0.2268146,0.0936026,0.1286134,0.1591122,0.0976322,0.1242098,0.179563,0.0968124,0.1293092,0.1762318,0.135116,0.1515952,0.1876786,0.2565618,0.0768276,0.2053898,0.1902206,0.1677782,0.1787196,0.203031,0.0670778,0.1194626,0.1914804,0.1424296,0.1894472,0.3366083,0.1817848,0.064399,0.1814444,0.3458634,0.115337,0.2937094,0.2346566,0.0578462,0.130396,0.1558564,0.0823428,0.204334,0.2014548,0.11497,0.1320928,0.159851,0.1143306,0.150382,0.3122348,0.0957384,0.1371758,0.1816578,0.1321202,0.1658768,0.1629816,0.0686736,0.1519916,0.1465859,0.1256838,0.150566,0.2612908,0.1065952,0.209827,0.132413,0.0856508,0.1431814,0.1394186,0.275856,0.1310274,0.1238332,0.1464662,0.0884318,0.106808,0.3451993,0.0825978,0.1365614,0.2192674,0.0936152,0.1534494,0.4980866,0.1020308,0.2528036,0.1647524,0.1111954,0.2188724,0.255976,0.1037548,0.124799,0.16385,0.0903286,0.1630328,0.2275534,0.0952784,0.1313268,0.1558006,0.1047928,0.1451956,0.2093098
0.0886818,0.1569358,0.335534,0.1352014,0.1599522,0.2109608,0.0999868,0.1722298,0.1939666,0.1139092,0.164145,0.3313758,0.0902278,0.11764,0.2447722,0.1140808,0.172688,0.203748,0.068776,0.2331954,0.1577566,0.1327142,0.1216736,0.281502,0.1013088,0.1338142,0.1637394,0.1023822,0.1738862,0.1305696,0.2234774,0.0777274,0.1570512,0.206611,0.17568,0.1523228,0.2581456,0.070922,0.214727,0.1661042,0.101352,0.1512366,0.1827076,0.055716,0.1407882,0.16722,0.123608,0.1417934,0.244942,0.072093,0.1631864,0.1549458,0.0707452,0.2221452,0.1949186,0.0615832,0.1222686,0.1512066,0.1244894,0.1190776,0.2676098,0.0771468,0.1844518,0.1248624,0.0992176,0.1692378,0.5724476,0.1213868,0.1445794,0.3848814,0.1098214,0.129575,0.4627053,0.0762646,0.1497912,0.127833,0.1516424,0.1693508,0.1908402,0.085693,0.14779,0.2512062,0.1279386,0.1589798,0.2453064,0.0821334,0.1347468,0.2413288,0.0988652,0.1990451,0.2304478,0.0933714,0.1282344,0.1613506,0.0971684,0.1237338,0.1770832,0.0965108,0.1292096,0.1753086,0.1364536,0.1534984,0.188664,0.25329,0.0762082,0.2088548,0.1893566,0.1659832,0.179099,0.2030044,0.068278,0.1202338,0.1912634,0.1421496,0.1894522,0.3371197,0.182344,0.0651334,0.1810858,0.3471616,0.1163416,0.2963206,0.2344714,0.0584784,0.1320586,0.1527712,0.081016,0.20613,0.19945,0.1154694,0.1330282,0.1612114,0.1169816,0.1497028,0.3113644,0.097031,0.1385188,0.1835006,0.1339788,0.1663362,0.1620126,0.0687918,0.1515642,0.1464031,0.1257506,0.1475086,0.2611554,0.106581,0.2093636,0.1307518,0.0852094,0.1452474,0.1390088,0.2759358,0.1328014,0.124462,0.1460938,0.0893034,0.1071604,0.3461789,0.0823698,0.1354628,0.2177926,0.09421,0.1546284,0.5079612,0.1007316,0.2520178,0.1649442,0.1125616,0.219923,0.2526844,0.1045346,0.1245886,0.1635478,0.091562,0.1622068,0.2263664,0.0948914,0.131041,0.1555744,0.1034842,0.1472286,0.2084722
0.0886172,0.1584338,0.337789,0.1362848,0.1588226,0.2085494,0.0993272,0.170136,0.1922916,0.1154336,0.1635276,0.3275266,0.0893296,0.1191716,0.242439,0.1136254,0.1712322,0.2023632,0.0686556,0.2338888,0.1559648,0.1320088,0.1209638,0.2819446,0.1011422,0.1326624,0.1635462,0.102357,0.1739598,0.128774,0.222788,0.0769598,0.1556626,0.2028324,0.1760446,0.154648,0.2544866,0.0708394,0.2171154,0.1653242,0.100596,0.1514126,0.1832874,0.055188,0.1430676,0.1672974,0.1233002,0.1433962,0.2441216,0.071038,0.1660874,0.1556864,0.0708126,0.2217252,0.195109,0.061295,0.1231314,0.1497304,0.1248828,0.1188694,0.2677292,0.0774918,0.1852142,0.124236,0.0992046,0.1691572,0.5725466,0.1229398,0.1440888,0.3851284,0.1092906,0.130292,0.4615157,0.0764902,0.1488438,0.1289846,0.1516208,0.169236,0.1926502,0.085324,0.1487548,0.2549418,0.1297008,0.1583258,0.2396734,0.0819808,0.133952,0.236539,0.0991762,0.1990514,0.2326298,0.0946288,0.1277638,0.1617198,0.096319,0.1230058,0.1791324,0.0969424,0.1268978,0.1759312,0.1356946,0.1517742,0.1902698,0.2520582,0.075669,0.210936,0.1892486,0.1666894,0.1788574,0.2002466,0.0683986,0.120173,0.1937012,0.1393578,0.189179,0.3360697,0.1804658,0.0648824,0.1798572,0.3455646,0.116274,0.295993,0.2371762,0.0581556,0.1314322,0.1540666,0.0806712,0.2058098,0.1981212,0.115273,0.133022,0.1612078,0.1172844,0.1474774,0.3113514,0.0965228,0.1405428,0.1826936,0.1332088,0.1669678,0.1625074,0.0697674,0.1528012,0.1446911,0.125137,0.1478968,0.2602998,0.1060022,0.2083118,0.1322212,0.0853684,0.1446094,0.1396548,0.2747796,0.1303488,0.1247758,0.1429152,0.0889418,0.1055978,0.3438301,0.0820536,0.1358384,0.218416,0.0935386,0.1534918,0.507535,0.10105,0.2487062,0.1674136,0.112109,0.2166008,0.2496822,0.1034728,0.12579,0.1631818,0.09152,0.1619582,0.2219794,0.0951526,0.1310974,0.1541052,0.103817,0.145594,0.2103128
0.0893962,0.1577178,0.3379594,0.134816,0.1596918,0.215552,0.098944,0.1708892,0.1922756,0.1149932,0.1635116,0.3282004,0.0895244,0.1206822,0.2416102,0.1128406,0.171301,0.2018128,0.0692906,0.2327318,0.1569114,0.1314798,0.1197846,0.2821642,0.1010456,0.1311516,0.1638102,0.1030664,0.1735126,0.1290232,0.2221502,0.0771718,0.1543838,0.2016032,0.1766534,0.1541446,0.256261,0.0706118,0.2128546,0.1671952,0.1000336,0.1535236,0.1860516,0.0588622,0.143195,0.1692744,0.1219942,0.1444246,0.2433644,0.0719236,0.1677908,0.1531154,0.0707284,0.2212682,0.1934032,0.0608068,0.1226288,0.1507664,0.1243448,0.118112,0.2687642,0.0776086,0.1850334,0.1233714,0.0981378,0.1671622,0.576476,0.122358,0.1426828,0.3850928,0.1087694,0.129741,0.4630376,0.0769594,0.1475164,0.130443,0.1513466,0.1683344,0.1923682,0.0855054,0.1467982,0.2552526,0.1306282,0.1587904,0.2390956,0.0815748,0.1347978,0.2333614,0.098844,0.2002918,0.2328906,0.0935682,0.127035,0.160758,0.0964108,0.1241222,0.179926,0.0977014,0.1281086,0.174334,0.1356896,0.1512484,0.1890208,0.2539118,0.0762942,0.2142492,0.1896746,0.1673318,0.1771032,0.2004386,0.0673644,0.119952,0.193036,0.1407124,0.1906522,0.3407935,0.1792788,0.0649214,0.1786374,0.3510604,0.1180746,0.2955838,0.2340668,0.0578972,0.1310714,0.1531436,0.080634,0.2072514,0.1975492,0.115955,0.131302,0.1595698,0.1184456,0.1489166,0.3133438,0.0988502,0.1386972,0.1829288,0.133368,0.1652992,0.1590788,0.069484,0.1524178,0.1451327,0.1255612,0.1475722,0.2622538,0.1067714,0.2092478,0.1320606,0.0844366,0.1435794,0.1392086,0.277377,0.1296424,0.1249442,0.143223,0.0881222,0.1055034,0.3416708,0.082914,0.1357914,0.2191738,0.093474,0.1532996,0.5090494,0.1021758,0.250856,0.1712786,0.111141,0.2140294,0.2497386,0.1033718,0.1253298,0.1627112,0.0922984,0.1621336,0.220048,0.0946708,0.1289774,0.1541168,0.1039256,0.1445728,0.2114304
0.089035,0.1573954,0.3376744,0.1326672,0.1594732,0.2150502,0.0989134,0.1718108,0.1911346,0.1145168,0.1633888,0.3297366,0.0906096,0.1203094,0.2452846,0.113626,0.1701042,0.199078,0.0698356,0.2332536,0.1566768,0.132878,0.1206866,0.2812228,0.1007512,0.1313144,0.1640844,0.1027314,0.1745656,0.130302,0.2238238,0.0773674,0.1531498,0.2006122,0.1770344,0.1554426,0.2572006,0.0710826,0.2136804,0.1664554,0.0999932,0.1529846,0.1864424,0.0589424,0.1443994,0.1696618,0.11918,0.1464174,0.2429096,0.071837,0.1683684,0.1524024,0.071005,0.2199856,0.1960306,0.0598444,0.1219478,0.1520876,0.1247316,0.1173808,0.266037,0.0790856,0.1856744,0.123707,0.0980624,0.168052,0.5755052,0.1209754,0.1429552,0.3861494,0.1068594,0.130013,0.4670726,0.0762614,0.1473754,0.1308912,0.1513018,0.1696598,0.1916428,0.0857714,0.1508158,0.2560606,0.1290576,0.1590634,0.2428834,0.0817262,0.1330058,0.2369032,0.098924,0.198249,0.2331314,0.0953204,0.1264238,0.1600496,0.096005,0.1228726,0.1809586,0.097419,0.1300822,0.1726416,0.1353676,0.1521328,0.1881112,0.251774,0.0760594,0.214033,0.1885194,0.1665486,0.175689,0.2000314,0.0670522,0.120261,0.1929996,0.1396694,0.19247,0.3393063,0.1762916,0.0654632,0.1771804,0.3494432,0.1188706,0.2960928,0.2323526,0.0626538,0.1311678,0.155599,0.0796724,0.208696,0.196564,0.1162504,0.1307842,0.1595882,0.1169888,0.147139,0.312074,0.0998456,0.1384806,0.182328,0.1337986,0.165988,0.1563836,0.069387,0.1531488,0.1450116,0.1281054,0.1476484,0.2627226,0.1046994,0.2097388,0.1299622,0.0845162,0.1434278,0.1399264,0.274168,0.130354,0.1251268,0.1412756,0.0890094,0.1045646,0.342862,0.0825738,0.1351388,0.221451,0.0932164,0.1538778,0.5085446,0.1016416,0.2487692,0.1713528,0.1111268,0.2134672,0.2476612,0.102691,0.1250022,0.1646186,0.091189,0.1599936,0.2206644,0.0968942,0.1294446,0.1535584,0.1033752,0.1447384,0.2097064
0.0895274,0.1579622,0.3319068,0.1338046,0.1578412,0.2152874,0.098751,0.1713872,0.1920336,0.1127286,0.162054,0.3293566,0.091368,0.1214864,0.244739,0.113973,0.1684318,0.1993716,0.0697674,0.2346684,0.1576276,0.1329918,0.1210798,0.2814344,0.1034454,0.1340418,0.1651744,0.1026782,0.1734818,0.1307556,0.2221468,0.0779264,0.1511444,0.1993086,0.1765464,0.1557606,0.2560828,0.0692844,0.214617,0.1663348,0.1013602,0.153036,0.1858414,0.0588182,0.1431414,0.1695282,0.117514,0.1474464,0.243981,0.0706474,0.1712628,0.1535808,0.0709812,0.2183814,0.1955946,0.0593836,0.1221132,0.1518416,0.1240534,0.1172954,0.2700328,0.0791244,0.1850798,0.1232522,0.097782,0.1658194,0.569111,0.1218664,0.1448014,0.3819756,0.1070214,0.1312716,0.4622066,0.0769792,0.1473636,0.1313488,0.1517004,0.1689074,0.1914648,0.0861134,0.1526922,0.2538732,0.128669,0.159977,0.2416802,0.0819352,0.1320476,0.237584,0.0970946,0.1969074,0.2342788,0.0949238,0.1265708,0.1590804,0.093938,0.1224748,0.1803232,0.0990184,0.1313796,0.1730546,0.135562,0.1503666,0.19036,0.2518846,0.076149,0.2150894,0.1873114,0.1655734,0.1766746,0.199774,0.0656184,0.1211116,0.193254,0.1383374,0.1930644,0.3380913,0.1753998,0.0659736,0.1780706,0.3457656,0.1186216,0.2941042,0.231752,0.0607674,0.1314324,0.152334,0.0790316,0.2093092,0.1982112,0.1149524,0.1322688,0.160392,0.1166382,0.1444612,0.3125298,0.0999196,0.1384832,0.1810424,0.1314902,0.1656814,0.156499,0.0683564,0.1530048,0.14633,0.1286794,0.1455496,0.2620038,0.1039104,0.2103404,0.1300332,0.0840334,0.1419338,0.13931,0.2774054,0.1293396,0.125154,0.1433628,0.0901682,0.1039946,0.3454348,0.0819856,0.1342252,0.2197552,0.0927442,0.1540474,0.5133874,0.1006128,0.2474164,0.1712114,0.1112494,0.2143828,0.2474264,0.0983138,0.1235166,0.1635288,0.0923462,0.1579956,0.2200842,0.097115,0.1287098,0.1532156,0.1025754,0.1463764,0.2087354
0.0891998,0.1582578,0.3329212,0.1341672,0.1559988,0.2136832,0.0989146,0.1695794,0.1907326,0.1143668,0.1607686,0.3300132,0.0909684,0.1235004,0.2436888,0.113659,0.1695096,0.198838,0.0695004,0.2313702,0.1559442,0.1317078,0.1211218,0.2831726,0.103442,0.1343946,0.164817,0.102316,0.1759126,0.1317728,0.2215758,0.0774398,0.1480444,0.2003592,0.1752844,0.1581652,0.2559766,0.0687306,0.2158234,0.1645942,0.102157,0.1522414,0.1854238,0.058145,0.1428664,0.1690928,0.118812,0.1468486,0.2434442,0.0714248,0.1731536,0.1523358,0.0714624,0.2178262,0.1957852,0.0597126,0.1223582,0.152505,0.1240844,0.115393,0.267646,0.0793468,0.1881308,0.1244596,0.0975068,0.164034,0.5692738,0.1233418,0.1458752,0.3829402,0.1082546,0.1309532,0.4634302,0.0770344,0.1492078,0.1323364,0.1526916,0.1688746,0.1895124,0.085893,0.1531484,0.252558,0.1277156,0.1582494,0.2431248,0.0818848,0.1325278,0.2346538,0.0951064,0.197665,0.2363664,0.0950046,0.12668,0.1601354,0.0935676,0.1233536,0.1810298,0.098304,0.130814,0.1728292,0.134975,0.151759,0.1935334,0.2518076,0.0770116,0.2158684,0.1853708,0.1669088,0.1818564,0.1997648,0.0653158,0.1203342,0.1917224,0.138958,0.194343,0.3329741,0.1812446,0.0662652,0.1802568,0.3415588,0.1174412,0.2981886,0.2308166,0.0611172,0.1311214,0.15441,0.078348,0.210322,0.1993921,0.1151946,0.133008,0.1592196,0.1158602,0.1476332,0.3103064,0.1005902,0.1373122,0.1804586,0.1306714,0.1642764,0.159546,0.068998,0.152096,0.1489968,0.1275948,0.1477778,0.2614886,0.1043918,0.2144648,0.129179,0.0877976,0.143819,0.1372512,0.2789462,0.13146,0.1256342,0.1436888,0.0909874,0.1046748,0.3478434,0.082548,0.1356696,0.2193064,0.0924114,0.1546838,0.5107806,0.1008766,0.2500778,0.1737836,0.1121366,0.2148668,0.2463494,0.0989608,0.1248308,0.1645558,0.0929158,0.1568022,0.2210986,0.0962008,0.1285562,0.1529414,0.1010652,0.1478912,0.2075322
0.0894014,0.1595842,0.3317346,0.1358146,0.1543074,0.212954,0.0984952,0.1704138,0.1904398,0.1144096,0.161617,0.3312144,0.0918246,0.1241938,0.2443734,0.1141076,0.1705696,0.1963862,0.069779,0.2315398,0.1554012,0.1317658,0.122257,0.2836232,0.104374,0.1349868,0.1632458,0.1012034,0.1760546,0.1314424,0.2216188,0.0757516,0.150011,0.1982924,0.1767354,0.1595286,0.2562755,0.071702,0.2155536,0.1635592,0.1020182,0.1486664,0.184244,0.0578566,0.1428106,0.167975,0.1155566,0.1465316,0.2414696,0.0722018,0.1748248,0.1516972,0.0725096,0.2199258,0.1966028,0.060013,0.1219484,0.1519682,0.123846,0.1167282,0.269926,0.0797642,0.1888724,0.125242,0.0971526,0.1649104,0.5683464,0.1200968,0.144772,0.383249,0.108025,0.1301076,0.4600132,0.07649,0.1494508,0.1312928,0.1530008,0.1682868,0.1906968,0.0851692,0.15414,0.2514938,0.1278502,0.1575834,0.2465236,0.0823956,0.130064,0.2321128,0.095238,0.1963494,0.2353544,0.094808,0.1258864,0.1609054,0.0932266,0.1231334,0.1811754,0.1003898,0.1315226,0.1736208,0.1352392,0.1506962,0.194333,0.2488516,0.0794608,0.2182382,0.186371,0.1649808,0.1827452,0.1992998,0.065801,0.1214766,0.1924222,0.1373846,0.1953518,0.3303331,0.1802218,0.0655886,0.1816192,0.3431122,0.1174828,0.3009082,0.2308684,0.0611468,0.1313198,0.1558956,0.0788302,0.2088762,0.2010102,0.1163128,0.1336234,0.1617242,0.1162544,0.147331,0.3085486,0.1011788,0.137118,0.1828664,0.129701,0.1641724,0.158593,0.0689426,0.1508008,0.148199,0.126947,0.1505566,0.2566154,0.1041558,0.2126074,0.1290406,0.0895332,0.1438268,0.1355974,0.2742366,0.1305786,0.1251664,0.1432762,0.090832,0.1015134,0.3557782,0.0819646,0.1352786,0.2184042,0.094217,0.1516266,0.5089024,0.1014078,0.2490584,0.1725784,0.1121694,0.214051,0.2461584,0.1009453,0.125853,0.16491,0.0935102,0.1585506,0.220743,0.0951914,0.1283514,0.1554306,0.1017768,0.1487114,0.2066884
0.0898676,0.1581102,0.328787,0.1354734,0.1538122,0.2130788,0.0979396,0.1693158,0.1886246,0.1150382,0.1590144,0.3317288,0.0907542,0.1224614,0.2443772,0.112893,0.1723732,0.1950382,0.0692678,0.2319146,0.1539772,0.1311494,0.121763,0.2856922,0.1036624,0.1334274,0.1650006,0.1019502,0.1756698,0.13013,0.2201116,0.0753746,0.149462,0.199293,0.1778498,0.1592252,0.2557904,0.0716506,0.2153844,0.164888,0.1006452,0.1478862,0.1848452,0.0584712,0.142792,0.1687962,0.1152332,0.1456008,0.2409244,0.0720374,0.1762464,0.153112,0.0711812,0.2226886,0.1966762,0.0624986,0.12197,0.15318,0.1226016,0.1173886,0.2698666,0.0796466,0.1906286,0.1239076,0.097391,0.1657334,0.573418,0.1192324,0.1456266,0.3831044,0.108643,0.1299372,0.4568794,0.077329,0.150089,0.1321594,0.1506918,0.1696286,0.1884394,0.085405,0.1542118,0.2498422,0.1274188,0.1572354,0.2476676,0.0811724,0.1300252,0.22987,0.0950004,0.1964658,0.2351846,0.0951994,0.127446,0.1606026,0.09249,0.1238862,0.181797,0.0984508,0.1311104,0.1720432,0.137015,0.1506048,0.1927014,0.248669,0.0790132,0.218582,0.1848654,0.16492,0.1836736,0.2001682,0.065828,0.1210606,0.1918106,0.1367176,0.1938492,0.3252025,0.1787592,0.0648914,0.1838354,0.3447084,0.116924,0.3013004,0.2327316,0.0622086,0.1308348,0.1572742,0.078803,0.2076726,0.1988034,0.1168022,0.1327082,0.162243,0.1173638,0.1479358,0.3075803,0.102621,0.1411906,0.182871,0.1291106,0.163725,0.158569,0.0688332,0.1495118,0.1473692,0.1260992,0.149792,0.256341,0.1043012,0.2122638,0.1303752,0.0909956,0.1448072,0.1359306,0.2710726,0.130416,0.124836,0.144272,0.092046,0.101347,0.3610648,0.0828294,0.1360616,0.2169234,0.094419,0.153477,0.50685,0.1017612,0.249067,0.1735186,0.1113574,0.2166412,0.2427622,0.1005001,0.126313,0.1630496,0.0935414,0.1606648,0.2230222,0.0953836,0.127453,0.1540634,0.101865,0.1475854,0.2050964
0.08905,0.1602108,0.3323088,0.1351252,0.1533292,0.2147316,0.0974166,0.1688218,0.1871002,0.1148834,0.1578694,0.3326684,0.0903538,0.1214026,0.2433132,0.1127254,0.1716868,0.1967788,0.0694104,0.230534,0.1549436,0.1324134,0.1227064,0.2866828,0.1046996,0.133403,0.1637944,0.1014724,0.1750908,0.1285466,0.2183992,0.074971,0.1481382,0.1991924,0.176932,0.1596078,0.2549798,0.0728338,0.214136,0.1652904,0.1004624,0.1487856,0.1846694,0.0573792,0.1433742,0.1680058,0.1153982,0.145114,0.2446456,0.0710296,0.1799876,0.1531254,0.0716628,0.2212944,0.1968924,0.0613884,0.1206848,0.152508,0.1239306,0.1161708,0.2709168,0.0790594,0.1919322,0.1228738,0.0966458,0.165159,0.5722258,0.1197716,0.1451356,0.3783458,0.1088114,0.1284724,0.46541,0.076553,0.1505654,0.1322956,0.1516142,0.1694752,0.1881096,0.0852862,0.1553486,0.2498734,0.1272744,0.1561448,0.2452046,0.0805652,0.131691,0.2289107,0.094249,0.1962668,0.2345402,0.0953814,0.1273806,0.1602082,0.0919324,0.1228008,0.179809,0.0975034,0.1298666,0.1727498,0.1363142,0.1500374,0.1916382,0.2503012,0.0795382,0.2183994,0.1840482,0.163102,0.183168,0.2014144,0.0662188,0.1202214,0.1919492,0.1412812,0.1955956,0.3247049,0.1784594,0.064296,0.1815292,0.349284,0.117316,0.3021094,0.2307158,0.0619278,0.1312794,0.1567518,0.0778758,0.2092988,0.1996051,0.1160908,0.1308312,0.1616334,0.1159192,0.1510902,0.3079637,0.1019652,0.1404908,0.1831892,0.1270618,0.1624982,0.1602008,0.0684792,0.1494858,0.14568,0.1258216,0.150357,0.2578254,0.106326,0.2133838,0.1309932,0.0913374,0.1442094,0.1352026,0.2690758,0.1302758,0.1249658,0.146691,0.0915768,0.1020224,0.3605797,0.0814692,0.135861,0.2131354,0.0943612,0.1533194,0.507615,0.1014298,0.246292,0.17181,0.1097136,0.2193158,0.2398402,0.1010459,0.1251874,0.1642126,0.0942008,0.1594042,0.2212524,0.095444,0.1296912,0.152255,0.1013014,0.1453734,0.2058342
0.0895228,0.1608994,0.3278926,0.1352362,0.1524516,0.2133448,0.0974686,0.1684824,0.1851408,0.114943,0.154887,0.3311362,0.0913224,0.1217886,0.2448984,0.1135382,0.1720466,0.1971564,0.0694908,0.2282418,0.1541524,0.1309826,0.1227674,0.2871238,0.1053508,0.1330782,0.1630814,0.1014526,0.1750532,0.127498,0.21715,0.0755358,0.1480488,0.2012572,0.1755116,0.1601738,0.2526702,0.0725404,0.2143784,0.1650956,0.1027336,0.1459998,0.1853784,0.05753,0.1427436,0.1687144,0.1176174,0.1443814,0.2419208,0.071071,0.1809676,0.1534128,0.0717486,0.219547,0.1978534,0.0615728,0.1222588,0.1551468,0.1223042,0.1159864,0.2765532,0.0800376,0.1912872,0.123195,0.0961946,0.1636678,0.5724544,0.1198946,0.145317,0.3812354,0.1076102,0.1291106,0.465283,0.0762488,0.150658,0.1335056,0.1497122,0.1696052,0.1880926,0.08645,0.1541914,0.2486008,0.1220268,0.1574318,0.2488702,0.0808266,0.1309508,0.2286853,0.0958776,0.1957242,0.2354698,0.0954054,0.1272454,0.1601736,0.0951662,0.1239544,0.1782562,0.096626,0.1302156,0.1704494,0.1369914,0.1489138,0.192223,0.2492858,0.0799536,0.2181998,0.1832476,0.1641478,0.1830436,0.2032366,0.0657524,0.1192084,0.1947132,0.1411956,0.1954102,0.3218325,0.1773734,0.0643504,0.1821472,0.348357,0.1177542,0.3003892,0.2286266,0.060771,0.1323044,0.15601,0.0782308,0.2086284,0.1962949,0.1163434,0.131859,0.1610914,0.1172242,0.1500928,0.3078182,0.1032682,0.1420034,0.1835716,0.12655,0.1630366,0.1611316,0.0684256,0.1492592,0.1473774,0.1249166,0.1485096,0.2577362,0.1066884,0.2159812,0.1314016,0.0918322,0.146503,0.1344432,0.2661182,0.1328146,0.1255602,0.1455548,0.091271,0.1020836,0.3641742,0.0819844,0.1369372,0.2124704,0.0957246,0.1508968,0.5110336,0.0986178,0.2493458,0.170861,0.1090716,0.219357,0.2398598,0.1010785,0.1243538,0.1638856,0.0938342,0.1615164,0.2210822,0.0952924,0.128163,0.1530568,0.101205,0.1461076,0.2030016
0.0900222,0.1608558,0.3306266,0.1352288,0.153606,0.209218,0.0977448,0.1679108,0.1848608,0.1155384,0.1546914,0.332337,0.0904542,0.1227458,0.246177,0.1139076,0.1709274,0.1994264,0.069095,0.2287352,0.1567676,0.130953,0.1229434,0.2876944,0.1061256,0.1324884,0.161869,0.1004752,0.1756652,0.12908,0.2183744,0.0759636,0.1471816,0.2010632,0.1755942,0.1613936,0.2513952,0.0727388,0.2143112,0.1663634,0.103168,0.144774,0.186081,0.0578082,0.1445906,0.1698064,0.11764,0.1434768,0.2418518,0.0705554,0.1782192,0.1549432,0.0715574,0.217009,0.1999502,0.0610818,0.1218264,0.1558808,0.121499,0.117562,0.274548,0.081037,0.1955424,0.1214586,0.0963138,0.1647772,0.5694776,0.1206238,0.1481066,0.381307,0.106439,0.1286302,0.4704102,0.0760636,0.1501164,0.1324948,0.1506644,0.1735764,0.1854646,0.0880042,0.1530962,0.2462898,0.1201896,0.157263,0.253527,0.0815258,0.130093,0.2330171,0.0952988,0.1928938,0.235016,0.0953622,0.1266164,0.1609656,0.0942014,0.1247484,0.1777828,0.0999434,0.130588,0.1686146,0.1375346,0.1472216,0.1915518,0.247411,0.0800752,0.2179822,0.1823498,0.1635104,0.1804356,0.2044134,0.0655708,0.1192438,0.1930182,0.142335,0.1959154,0.3213465,0.176954,0.0646302,0.1805406,0.3503426,0.1195038,0.298133,0.2298496,0.059728,0.1314016,0.1561314,0.0779258,0.20744,0.1950855,0.1161814,0.1319128,0.1606986,0.116738,0.14915,0.3079222,0.1043992,0.1413142,0.1833126,0.1275362,0.165915,0.1618416,0.0684974,0.1493236,0.1489748,0.125193,0.146456,0.2566358,0.107043,0.2172066,0.1316014,0.0931584,0.1457526,0.1336358,0.2633508,0.1310714,0.1262154,0.1439096,0.0906138,0.1019556,0.3684938,0.0821266,0.1373884,0.211358,0.0950328,0.1497172,0.5061536,0.0976676,0.252596,0.1712188,0.1094316,0.2171278,0.2422178,0.1021347,0.1258072,0.1642572,0.0968726,0.1614788,0.2216954,0.097392,0.1280008,0.1523694,0.1006804,0.1474218,0.2051374
0.0901932,0.1609664,0.330958,0.136014,0.153903,0.209043,0.0971682,0.166855,0.183819,0.1146538,0.154873,0.3302608,0.090843,0.1232306,0.2440454,0.1150998,0.1704622,0.2008453,0.0692,0.2324788,0.1556348,0.1319344,0.1218178,0.2886862,0.1070424,0.1340332,0.1600472,0.1004162,0.1746018,0.130134,0.2152562,0.0754116,0.1472878,0.2003214,0.1764434,0.1620766,0.2508986,0.0721056,0.2159292,0.1682192,0.1033636,0.1447278,0.1867698,0.057952,0.1452116,0.1695462,0.1199496,0.1414848,0.2433448,0.0702706,0.1774106,0.1532606,0.0714702,0.2159812,0.2019488,0.060987,0.1221446,0.1556586,0.1200334,0.1170016,0.274165,0.0817668,0.1951028,0.121175,0.0977488,0.1660038,0.5648544,0.1214894,0.1480044,0.37902,0.1070594,0.13005,0.4624904,0.075186,0.1518894,0.1311782,0.1493362,0.1753544,0.1855328,0.0884862,0.1544874,0.2517076,0.1203676,0.1559544,0.2567324,0.081085,0.1301034,0.2324867,0.0956948,0.1941404,0.2354218,0.0946036,0.1282552,0.160005,0.0936554,0.1260012,0.1787026,0.101883,0.130238,0.1658838,0.1353322,0.1461254,0.1917042,0.24736,0.0820998,0.217636,0.1811454,0.1626712,0.1799744,0.2035488,0.0657318,0.118782,0.1963104,0.1426092,0.1954176,0.3160721,0.17497,0.0653402,0.1800936,0.3501372,0.1198502,0.298953,0.23117,0.0601038,0.1301598,0.1568162,0.0773596,0.2048284,0.1956691,0.1165898,0.133605,0.1609864,0.1155954,0.1511166,0.307019,0.1048604,0.1408678,0.1819798,0.1269532,0.1655306,0.1626984,0.0675548,0.151081,0.1498072,0.1245998,0.1479488,0.2535088,0.1071956,0.2184966,0.1323716,0.0929348,0.1440216,0.132677,0.2585486,0.1310704,0.125296,0.1426958,0.0897416,0.1005502,0.372747,0.0818454,0.1367752,0.2104642,0.096007,0.1507438,0.5061704,0.0983174,0.250461,0.1712488,0.1092118,0.2168244,0.240589,0.1014631,0.126095,0.1623162,0.0972058,0.1621488,0.2214448,0.0974302,0.1294276,0.151526,0.1024286,0.1461166,0.2039466
0.0899376,0.1601854,0.3336034,0.1359204,0.1537946,0.2119494,0.0968194,0.1634848,0.1833254,0.114305,0.1541416,0.3293906,0.0909358,0.124675,0.2431624,0.114473,0.170385,0.1992007,0.0692588,0.2323588,0.1556886,0.1333752,0.1216138,0.2874948,0.107331,0.1338418,0.1588422,0.1014436,0.1743164,0.130521,0.2129086,0.0753632,0.1468618,0.2016814,0.1781494,0.1604718,0.2496608,0.072208,0.218272,0.1704798,0.1025516,0.1449434,0.186339,0.0581406,0.144415,0.1704492,0.1195024,0.141833,0.2428702,0.070235,0.1790338,0.1532302,0.0719662,0.216854,0.202228,0.060056,0.1225424,0.1551368,0.1186704,0.1170598,0.2756218,0.0819044,0.1956108,0.1225646,0.0980588,0.1640116,0.5668388,0.1201522,0.1474814,0.3793896,0.1068976,0.1297242,0.4722937,0.0769956,0.1502956,0.129719,0.1491802,0.1753378,0.1846438,0.088308,0.156621,0.2529594,0.1224012,0.1559068,0.253269,0.081168,0.1300696,0.2358633,0.0956202,0.1950522,0.233936,0.0950552,0.1274166,0.1606194,0.0931076,0.1244004,0.1773848,0.101424,0.130931,0.1691574,0.136018,0.1457436,0.1921092,0.2489628,0.0814488,0.2171456,0.1821218,0.1660608,0.1794184,0.2015397,0.065179,0.118482,0.1922122,0.1416562,0.1971682,0.3122819,0.176014,0.063628,0.1801376,0.3509848,0.1197516,0.3016892,0.228354,0.0602274,0.1295108,0.1562034,0.0773022,0.2044922,0.1959407,0.115213,0.1328684,0.160554,0.1149116,0.150607,0.3012828,0.1047376,0.1405418,0.1825174,0.12926,0.167485,0.1625092,0.0684024,0.1516002,0.1469202,0.1250142,0.1467776,0.2502992,0.1067164,0.2200906,0.1335566,0.0934758,0.144209,0.1311096,0.2594628,0.1309504,0.1242276,0.142946,0.090587,0.100671,0.3731568,0.0831484,0.1374502,0.2094072,0.0965738,0.1506266,0.5055112,0.0976502,0.2487914,0.1715956,0.1102738,0.2184356,0.2400446,0.1013844,0.125728,0.1640088,0.097537,0.162271,0.217622,0.0984538,0.1289048,0.152212,0.102897,0.1453742,0.2038902
0.0906298,0.1584696,0.3225284,0.1357388,0.1546056,0.208429,0.0964014,0.1637726,0.184919,0.115134,0.152226,0.3256098,0.090582,0.1246734,0.2427272,0.1156706,0.1701176,0.1981431,0.0692514,0.233621,0.155163,0.1351884,0.1212956,0.2877846,0.1058458,0.1320528,0.1589904,0.0999058,0.1730116,0.1291574,0.2107692,0.0760566,0.1443178,0.2034708,0.1783366,0.1622988,0.2480514,0.0725072,0.2183928,0.1688114,0.1023018,0.1457376,0.1852178,0.057875,0.145249,0.1703426,0.1197498,0.1409188,0.2416666,0.0704372,0.1802006,0.1533652,0.072608,0.2175732,0.2029916,0.0594582,0.1222308,0.1565244,0.1170802,0.1167049,0.2753206,0.0806844,0.1970368,0.1223542,0.097318,0.1643172,0.567082,0.1194214,0.1475994,0.3837484,0.1054412,0.1291672,0.4688403,0.0765618,0.1508418,0.1304,0.1487066,0.1726,0.1863432,0.0872382,0.157243,0.2511692,0.121716,0.1550018,0.2541125,0.0815984,0.1315554,0.23867,0.0967446,0.1952196,0.2341839,0.0947668,0.129145,0.1617608,0.0941646,0.1253782,0.1761742,0.1018472,0.1336868,0.1694202,0.1339436,0.1458508,0.190998,0.2478642,0.082472,0.2157662,0.1810982,0.1632706,0.1784042,0.2027823,0.0648936,0.1178192,0.1908894,0.1418982,0.1959662,0.3086897,0.1755922,0.0632384,0.1789876,0.3505962,0.1190852,0.299223,0.2283898,0.0612922,0.1284282,0.1552592,0.076797,0.2069062,0.1930458,0.1164604,0.131294,0.1626162,0.1135022,0.1502702,0.2989508,0.1041008,0.1399818,0.184514,0.1280454,0.1662896,0.1621462,0.0682092,0.1525754,0.1475302,0.1258014,0.1471942,0.2496778,0.1077574,0.2214424,0.1312076,0.0930936,0.1436032,0.1296348,0.25698,0.1314572,0.1233058,0.143888,0.0904012,0.1006084,0.3723186,0.081934,0.135855,0.207482,0.0963336,0.1513816,0.507472,0.099254,0.250282,0.1695793,0.110039,0.2175346,0.236058,0.1017908,0.1276374,0.164887,0.0974388,0.1627908,0.2192108,0.097217,0.1286498,0.1522766,0.1029256,0.1453034,0.204246
0.0906212,0.1580966,0.32044,0.1359898,0.1537056,0.207274,0.0960158,0.1616126,0.1846734,0.1145156,0.1498166,0.3247408,0.0917676,0.1254078,0.2429006,0.1173228,0.1702432,0.1953549,0.0688948,0.2329688,0.1570698,0.1367682,0.123151,0.2854706,0.1063922,0.1306042,0.1623458,0.0972586,0.1721338,0.1290806,0.2115034,0.0756108,0.1499492,0.201423,0.1768764,0.1623324,0.2461394,0.0718704,0.217932,0.170028,0.101696,0.1460226,0.1868532,0.0571362,0.144223,0.172127,0.121178,0.1405848,0.2453844,0.0702538,0.179794,0.1529274,0.0721778,0.2190338,0.203363,0.0600756,0.121688,0.1578334,0.1166008,0.1160078,0.2746042,0.079816,0.1961478,0.1232678,0.0981532,0.164562,0.567065,0.1187614,0.1468878,0.3831604,0.1069202,0.1286696,0.4679021,0.0773236,0.149872,0.1299484,0.1495404,0.1716382,0.1883992,0.087565,0.1575414,0.2537888,0.1216574,0.1567378,0.2528109,0.0813928,0.1340538,0.2397764,0.0968748,0.1941468,0.2362143,0.094374,0.12874,0.160399,0.0936456,0.1244546,0.1767526,0.1016904,0.1344086,0.1714486,0.1330008,0.1454602,0.1909976,0.244619,0.0821604,0.2153374,0.180334,0.166278,0.180096,0.2026334,0.0663046,0.1187912,0.1926464,0.1427798,0.1951174,0.3118235,0.1747576,0.0649758,0.1782616,0.3535794,0.1191372,0.3036052,0.2286518,0.061792,0.1292418,0.153524,0.07722,0.2066312,0.191782,0.1135402,0.1320206,0.1648382,0.1136934,0.1494912,0.298662,0.1044344,0.1397698,0.1839904,0.1284984,0.1655484,0.162966,0.067605,0.1529508,0.1488414,0.123432,0.1471934,0.2488904,0.1073578,0.2238644,0.1306586,0.0933056,0.1442866,0.1326918,0.2596786,0.1322598,0.122243,0.1455704,0.0894178,0.1022518,0.3746916,0.0808834,0.1364266,0.2091644,0.0959848,0.152235,0.500112,0.099072,0.2536432,0.1709369,0.1097036,0.2195956,0.2362454,0.1017614,0.1281456,0.1643042,0.0983172,0.1635324,0.2182772,0.0971832,0.1277232,0.1511066,0.1038572,0.1456902,0.2049406
0.09026,0.1583952,0.3234114,0.1349194,0.1566646,0.2074664,0.0945488,0.1614662,0.1840592,0.115216,0.1481908,0.3247674,0.0918,0.1252488,0.2456192,0.1171438,0.1708252,0.1986377,0.0693254,0.234348,0.1560708,0.136669,0.1222148,0.287378,0.1064486,0.129845,0.1605034,0.1025196,0.1710518,0.1301112,0.2111216,0.0750626,0.148613,0.2002052,0.1780206,0.1639092,0.2459686,0.0709546,0.2178442,0.1698154,0.1015204,0.146851,0.1831602,0.0576872,0.1442864,0.1730156,0.1213818,0.1396188,0.2429414,0.07058,0.1802518,0.1519656,0.072795,0.2155556,0.20521,0.0603818,0.1223994,0.1571872,0.1166218,0.1152384,0.2744076,0.0800044,0.196718,0.121571,0.0979422,0.164867,0.5714754,0.1211468,0.1474884,0.3858988,0.1072464,0.1287978,0.471035,0.0767184,0.1511494,0.1308806,0.1488062,0.1725414,0.187823,0.088017,0.1581512,0.2528096,0.1213902,0.158589,0.2524026,0.0820266,0.1345178,0.2399706,0.097512,0.1921246,0.2365585,0.0933924,0.1299954,0.1633174,0.0940618,0.1240358,0.1795168,0.1021966,0.1336304,0.1707864,0.1334696,0.1452078,0.1916506,0.244092,0.082051,0.2141932,0.178623,0.1662502,0.1784678,0.2025816,0.0649242,0.1178482,0.1945972,0.1416082,0.1959068,0.3107849,0.1726608,0.0641968,0.1786736,0.359609,0.1187162,0.3058616,0.2287314,0.06175,0.1296192,0.1551506,0.076289,0.2066528,0.1900688,0.1151914,0.1329158,0.1635465,0.1136384,0.1500496,0.2986132,0.104403,0.1403356,0.1841776,0.1285388,0.1674172,0.1643462,0.067493,0.1529484,0.1488776,0.1229574,0.149702,0.2478064,0.1088728,0.2212858,0.1303094,0.0933172,0.1436868,0.13197,0.260294,0.132268,0.1207762,0.143514,0.0907038,0.102002,0.3706328,0.0810542,0.1386948,0.2096238,0.0957548,0.151436,0.5031926,0.1002092,0.2541614,0.1703005,0.1100202,0.2182118,0.238767,0.1017162,0.128313,0.1642638,0.0990616,0.164341,0.2181666,0.0967662,0.1272978,0.1518498,0.1030966,0.1462222,0.2030742
0.090339,0.1605596,0.3252654,0.1345468,0.1593374,0.2068896,0.0927506,0.1615264,0.1841468,0.1151018,0.150365,0.3229028,0.0912116,0.1260002,0.2438986,0.1164664,0.1702724,0.1977457,0.069757,0.236714,0.155448,0.1365392,0.1230054,0.285397,0.1070006,0.131047,0.1596808,0.1010514,0.1708176,0.1281684,0.2097496,0.0753104,0.1474702,0.200554,0.1768002,0.1636422,0.246009,0.070206,0.2185798,0.169256,0.1001702,0.1458492,0.1820762,0.0573826,0.1437882,0.1700056,0.121374,0.138137,0.2432822,0.0719126,0.1795334,0.1509248,0.0735242,0.2136894,0.2060702,0.0603454,0.1216814,0.156896,0.1163434,0.1142222,0.2736576,0.081259,0.1987312,0.1208974,0.0976846,0.1638246,0.5709066,0.1227606,0.1468976,0.384477,0.105817,0.1282154,0.4723758,0.0769738,0.1498712,0.1322586,0.148443,0.1735232,0.1881616,0.0892168,0.158675,0.2560354,0.1203442,0.1579038,0.2541974,0.0819488,0.136159,0.240765,0.095342,0.1897024,0.2347097,0.0936884,0.1298784,0.163674,0.093179,0.124257,0.180551,0.1028434,0.1321358,0.168905,0.1341108,0.1455154,0.1928276,0.2442908,0.0823606,0.213852,0.178876,0.166414,0.1773762,0.2028394,0.0642536,0.1171734,0.1936008,0.141359,0.196511,0.3100342,0.1745662,0.0645868,0.1786344,0.3673238,0.1187762,0.3017232,0.2275726,0.0612698,0.130076,0.1544644,0.0785406,0.207302,0.188552,0.114983,0.1316936,0.1628753,0.112813,0.1510576,0.2993758,0.1043948,0.141915,0.18208,0.1285944,0.1669016,0.1657396,0.066849,0.1527754,0.1480738,0.123425,0.149364,0.2482904,0.1098678,0.2214652,0.131016,0.0937164,0.1454552,0.1300856,0.2585388,0.131169,0.1219034,0.1394582,0.0905446,0.1021792,0.3727206,0.0813726,0.1380136,0.2089164,0.0964104,0.1536784,0.5048864,0.1000056,0.2516536,0.1699475,0.1093772,0.2138644,0.2391362,0.1027536,0.128387,0.1637096,0.0982894,0.1640232,0.2168496,0.0958058,0.1294486,0.1519626,0.1037518,0.145229,0.20551
0.0902474,0.1594884,0.332119,0.1342722,0.1604088,0.2094536,0.0918516,0.1599166,0.1820558,0.114549,0.1502286,0.3274532,0.091431,0.1271968,0.242742,0.1167968,0.1697612,0.1961762,0.0691024,0.2369138,0.156378,0.1388348,0.1234126,0.2849784,0.1065192,0.130267,0.1598936,0.100013,0.1706018,0.1271038,0.2091984,0.0747442,0.1464572,0.2007378,0.1758096,0.1662414,0.2458246,0.0696674,0.2189774,0.1694666,0.1010838,0.146185,0.1820896,0.0572784,0.1433628,0.1696296,0.1216426,0.1390758,0.2427302,0.07177,0.1788766,0.1493502,0.0730642,0.2125872,0.208347,0.061004,0.12128,0.1573448,0.1143668,0.115787,0.2742012,0.0815394,0.1987764,0.1214328,0.0982556,0.1645298,0.5721316,0.1218422,0.147337,0.3849642,0.1048726,0.1301826,0.475673,0.0763144,0.1500542,0.131551,0.149291,0.1709358,0.188465,0.0877818,0.1584834,0.256895,0.1207454,0.1569648,0.2557552,0.0820074,0.1366104,0.2417282,0.0959196,0.1934504,0.2359433,0.0937836,0.128752,0.164707,0.0937434,0.1260484,0.1801596,0.1006108,0.1320234,0.1696364,0.1365526,0.1449992,0.1929482,0.24385,0.0829926,0.214253,0.1775086,0.1663568,0.1769366,0.2024098,0.0637458,0.116937,0.1947348,0.1428814,0.1952746,0.3071482,0.1726426,0.065989,0.1768574,0.3652096,0.1181984,0.301135,0.229995,0.0619826,0.1291796,0.1553202,0.0765868,0.2089072,0.1864168,0.1145036,0.1338994,0.1613699,0.1112164,0.149056,0.298445,0.1044828,0.140713,0.1820726,0.1286282,0.1674212,0.1647811,0.0673118,0.1521216,0.1469152,0.122694,0.1495412,0.2493974,0.1107336,0.2234332,0.1319354,0.0945174,0.1451878,0.1310276,0.25715,0.1318758,0.1218916,0.140246,0.0911498,0.1025662,0.3742356,0.0810268,0.1369384,0.2058822,0.0970058,0.1538214,0.5055126,0.0997938,0.2430466,0.1710554,0.1093198,0.2132738,0.2391164,0.1013952,0.1276064,0.1643768,0.0984526,0.1618848,0.2173574,0.095892,0.1305482,0.1526198,0.1029522,0.1454318,0.2032042
0.0900474,0.1597296,0.3317896,0.1359232,0.1594872,0.2092466,0.0937494,0.1587906,0.1827638,0.1161576,0.150738,0.326831,0.09194,0.1276364,0.2465414,0.116733,0.171081,0.1970098,0.0697794,0.2344252,0.1554,0.1398132,0.1240128,0.2871288,0.1067164,0.1299748,0.1596502,0.1008942,0.1710556,0.1279584,0.207889,0.0742058,0.1452906,0.1981968,0.1753636,0.1636004,0.2463006,0.0699406,0.2200196,0.1682586,0.1017312,0.145705,0.180325,0.0565842,0.1421866,0.1683406,0.1194078,0.139608,0.2443426,0.0720538,0.1805504,0.149416,0.0735582,0.2097302,0.2082676,0.0615688,0.1219904,0.1563898,0.1144278,0.1154626,0.2719126,0.082743,0.1981208,0.1206356,0.0983216,0.1654828,0.5713568,0.1209744,0.1472588,0.3632104,0.1036402,0.129215,0.4696024,0.07444,0.1483216,0.1302376,0.1486532,0.1699136,0.18571,0.0882048,0.1570744,0.2568454,0.1227646,0.1576172,0.2572898,0.0822962,0.1355322,0.2404448,0.0966772,0.1912702,0.2354083,0.0939652,0.1282084,0.1630088,0.0950222,0.1251552,0.176874,0.102115,0.133113,0.16994,0.1381924,0.1436844,0.1923766,0.241169,0.082918,0.213107,0.179437,0.1644102,0.1770852,0.2007596,0.0632542,0.1169008,0.1959196,0.1429526,0.1931098,0.3065638,0.174438,0.0660248,0.1749948,0.3711152,0.1179536,0.2986782,0.2286544,0.0623026,0.1285912,0.154634,0.0764612,0.2096084,0.1908794,0.1141372,0.133124,0.159337,0.1114518,0.1471128,0.2995475,0.1053056,0.1400034,0.1828832,0.1287226,0.1676964,0.1646334,0.067148,0.152585,0.1469806,0.1227728,0.150447,0.2490866,0.1110842,0.222243,0.1327974,0.0951468,0.1440056,0.1318264,0.2577546,0.1321386,0.12216,0.1402923,0.0914744,0.1013338,0.3741334,0.0798706,0.1392982,0.2050458,0.0966362,0.1546002,0.5014242,0.101195,0.2451182,0.1710368,0.108082,0.2131558,0.2368474,0.1009376,0.1271984,0.164035,0.0983158,0.1609472,0.2185738,0.0952798,0.132101,0.1507142,0.1027594,0.1434468,0.2043544
0.0899672,0.1602856,0.3310034,0.1351716,0.1605436,0.207874,0.093559,0.158111,0.1821504,0.114349,0.1527416,0.3235246,0.0915038,0.1280318,0.2433594,0.117096,0.1758312,0.2009666,0.0697772,0.2380322,0.1565494,0.140206,0.1254968,0.2881526,0.1068794,0.1303178,0.158835,0.1026162,0.1740262,0.1281954,0.208291,0.0742782,0.1453536,0.1970838,0.1754028,0.1659973,0.2451266,0.0699332,0.2211356,0.1684136,0.1011386,0.1467886,0.1775398,0.057165,0.1402272,0.169247,0.1216356,0.1386576,0.2425816,0.0707312,0.1789222,0.1486166,0.0765756,0.2100578,0.2082858,0.0621846,0.1218412,0.1576606,0.1135276,0.1165256,0.2731714,0.0829098,0.1977758,0.1197646,0.0991032,0.1644376,0.57174,0.1202972,0.1484854,0.371309,0.1028586,0.1280852,0.469207,0.0734952,0.1490676,0.1302318,0.1500624,0.1681958,0.1862822,0.0890158,0.1553464,0.2548304,0.1251668,0.1587662,0.260247,0.0823002,0.135872,0.2405988,0.096958,0.192066,0.23644,0.0939364,0.126385,0.1634246,0.0944162,0.1241954,0.1777124,0.102659,0.13343,0.1710488,0.1381544,0.1443878,0.1916526,0.2449614,0.082499,0.2139248,0.1796726,0.1622916,0.1790212,0.1994504,0.062226,0.1158596,0.1944302,0.14143,0.1909546,0.3046856,0.1736778,0.0658104,0.1753902,0.3741252,0.118026,0.2987432,0.2320678,0.0627234,0.128532,0.1549824,0.075456,0.2093326,0.1927598,0.1142196,0.1331292,0.1593264,0.11281,0.1470118,0.2974985,0.1055906,0.1368852,0.1836068,0.127158,0.1677824,0.1651268,0.066618,0.153675,0.1486252,0.1221068,0.1485442,0.2467562,0.111465,0.222821,0.1322652,0.094883,0.144501,0.1333626,0.259246,0.130849,0.1225934,0.1400715,0.0906536,0.1007758,0.373945,0.0801076,0.136849,0.206247,0.096262,0.1547386,0.5012162,0.1012044,0.24614,0.1697516,0.1082114,0.2113386,0.2349374,0.1010442,0.1279252,0.1650568,0.0982136,0.1600692,0.2160946,0.095057,0.1324518,0.1527772,0.1022864,0.143795,0.2027862
0.0905868,0.1611138,0.3331438,0.1358252,0.159337,0.2054964,0.0932874,0.1589938,0.181503,0.1133996,0.1532036,0.322542,0.0906806,0.1284228,0.24556,0.1178434,0.1754352,0.1995252,0.069145,0.2321016,0.1544902,0.1393762,0.1260222,0.2894526,0.106812,0.1283684,0.1583644,0.1028508,0.1755986,0.1285582,0.2075968,0.0745348,0.1452124,0.1971492,0.1757804,0.1659019,0.242724,0.0701984,0.2202718,0.170936,0.1012554,0.1461302,0.1773572,0.057322,0.1403122,0.1724262,0.122378,0.1382156,0.243193,0.070979,0.178773,0.1479376,0.0762274,0.2067268,0.207993,0.0619216,0.1210066,0.1578526,0.1157534,0.1155808,0.273204,0.0829994,0.195335,0.1193986,0.0992446,0.1622672,0.5687624,0.1217478,0.1479772,0.3753018,0.1028212,0.1290108,0.4702502,0.0740516,0.1491198,0.1309734,0.148021,0.170255,0.1873518,0.090018,0.1545176,0.256238,0.1265096,0.1616458,0.2616994,0.082303,0.1369048,0.241407,0.0952784,0.1922434,0.237979,0.0930662,0.1263712,0.1641192,0.0951636,0.1258412,0.175723,0.103044,0.1313118,0.1730662,0.1371088,0.1452048,0.1920482,0.2427354,0.0831122,0.212992,0.1807026,0.1636906,0.1789856,0.2005916,0.0615074,0.1149966,0.1931516,0.1411288,0.190443,0.3032134,0.1722234,0.0659306,0.1743672,0.3763566,0.1194238,0.2992728,0.233669,0.062995,0.12808,0.154818,0.0754228,0.2080874,0.1979292,0.1137126,0.1336184,0.1611476,0.113743,0.1451116,0.2947533,0.1050112,0.137874,0.1841168,0.1277122,0.1663818,0.1664662,0.0668704,0.1517246,0.1482002,0.1201936,0.1493256,0.2460266,0.112099,0.2223154,0.1334358,0.0959144,0.1426662,0.132492,0.2573766,0.1323164,0.1209778,0.1379953,0.0911352,0.1007512,0.3716458,0.0818282,0.1373202,0.2039184,0.095581,0.1533374,0.5073592,0.1021176,0.2513484,0.1699936,0.1076376,0.2104962,0.2368604,0.100577,0.1258234,0.166986,0.0977684,0.1615752,0.2166886,0.0964418,0.1328162,0.1525786,0.1027626,0.1449406,0.2046402
0.0907448,0.1614594,0.3333276,0.1349366,0.159659,0.205217,0.092519,0.1590058,0.1796052,0.1135828,0.1537308,0.318758,0.0927846,0.1271554,0.244753,0.1176388,0.1741058,0.2004158,0.0690954,0.2327284,0.1534264,0.1408684,0.1261734,0.2897986,0.1080946,0.1286632,0.1586092,0.1032284,0.177864,0.1293794,0.205765,0.074813,0.1442768,0.1988936,0.1757428,0.1658069,0.24346,0.0699914,0.2197586,0.1695808,0.1010978,0.1446136,0.1753094,0.057563,0.144201,0.173331,0.1208404,0.1376542,0.2419624,0.0706594,0.1780478,0.1465424,0.0764582,0.206098,0.2088012,0.0610646,0.1197908,0.156904,0.1144336,0.1143678,0.2737354,0.0820044,0.195016,0.1216422,0.0979568,0.1640156,0.5734254,0.1208796,0.1482668,0.3784226,0.1024124,0.1278348,0.4662908,0.0742772,0.150444,0.1317052,0.1482792,0.1702308,0.1878114,0.089909,0.1556294,0.258814,0.1272114,0.1611914,0.2635328,0.0823356,0.135893,0.2464596,0.0944778,0.1914614,0.2391576,0.093116,0.1258712,0.1675216,0.0942472,0.1263872,0.1761696,0.103409,0.1309178,0.1755352,0.137828,0.1462268,0.1919276,0.2425648,0.0835438,0.2144266,0.1812336,0.1624162,0.1804996,0.2022338,0.0610586,0.117375,0.1925388,0.1405478,0.1893974,0.3036928,0.1709768,0.0669162,0.1748768,0.379119,0.1190588,0.2991214,0.2310764,0.0633038,0.1289562,0.1549714,0.0761356,0.208247,0.1979028,0.1127552,0.1361302,0.1616376,0.1133696,0.1463976,0.2959365,0.1048928,0.1382094,0.185103,0.1267098,0.167869,0.168846,0.0689036,0.1519604,0.1491912,0.120713,0.1495834,0.2462244,0.1121192,0.2220782,0.1337576,0.0961678,0.1410168,0.131589,0.2599256,0.1322766,0.1206944,0.1390919,0.0907208,0.100714,0.373782,0.0821634,0.1363842,0.2065402,0.0949804,0.152778,0.5041436,0.1016974,0.2505116,0.1695246,0.1071058,0.211139,0.237803,0.1011812,0.1260614,0.167236,0.0982696,0.1639936,0.214067,0.0969374,0.132311,0.1515906,0.1025194,0.145129,0.2042212
0.0910826,0.1596542,0.3346236,0.1337276,0.1594364,0.2079644,0.0921544,0.1605988,0.1789288,0.1149998,0.1566532,0.3189248,0.0935032,0.1279238,0.2437528,0.1178724,0.1730976,0.1998008,0.0692966,0.2311974,0.1542462,0.1411424,0.1258874,0.2896196,0.1079542,0.1279038,0.1593204,0.1027506,0.1790434,0.1290654,0.2056876,0.0742306,0.1440832,0.1982152,0.1753898,0.1653939,0.2448248,0.0691,0.2195886,0.1686048,0.1032026,0.1444362,0.1747488,0.0571672,0.1438918,0.1763864,0.1206964,0.1379236,0.2401072,0.0713266,0.176539,0.145869,0.0758548,0.207566,0.2063174,0.0618812,0.1200504,0.1570892,0.1132844,0.1126054,0.2731618,0.0817762,0.1962572,0.1216402,0.0978282,0.1645948,0.5715998,0.119504,0.1495774,0.379571,0.1024894,0.1297566,0.4667808,0.0753686,0.1509248,0.1326006,0.1476856,0.1701968,0.1865844,0.0897846,0.1574154,0.2560704,0.1280494,0.162149,0.2632434,0.0828422,0.1355674,0.2443908,0.0946328,0.1926884,0.2407406,0.0932464,0.124587,0.1667788,0.0935524,0.1281296,0.1747124,0.1039156,0.1298772,0.1778276,0.1398688,0.145769,0.194071,0.2426784,0.0835718,0.2133122,0.1793914,0.1636222,0.180885,0.2017834,0.0613096,0.1171804,0.1920894,0.1407426,0.1877144,0.3040518,0.1705498,0.066566,0.174217,0.379403,0.1188862,0.2969234,0.229927,0.0635418,0.1282126,0.155103,0.0770838,0.2082004,0.1988492,0.1142762,0.1363092,0.1616062,0.1138198,0.1479184,0.2970635,0.1057536,0.138535,0.1796418,0.124712,0.1675104,0.1682406,0.0683856,0.1523036,0.1481304,0.1201236,0.1478918,0.244662,0.1120016,0.2212696,0.133387,0.0970824,0.1423604,0.1307478,0.2604834,0.1323164,0.122744,0.1367719,0.092803,0.1012772,0.3733382,0.0812836,0.135892,0.2114098,0.0948034,0.1535606,0.5039202,0.1004474,0.2506612,0.1689392,0.1074716,0.2095486,0.238373,0.1026168,0.1263992,0.1665152,0.0980018,0.1641408,0.2175854,0.0965724,0.1326284,0.150734,0.1024344,0.1459508,0.2043636
0.0911556,0.1588638,0.3354664,0.1347888,0.1596652,0.2053142,0.0915622,0.1602586,0.1781306,0.1141956,0.1564588,0.3205172,0.093942,0.1268282,0.24319,0.1182804,0.173759,0.2030276,0.0689752,0.2311256,0.1536198,0.140921,0.1249322,0.289071,0.1093712,0.1310204,0.1607868,0.1026094,0.179428,0.131194,0.2071074,0.0735504,0.1427464,0.1980553,0.1745492,0.1647875,0.2451606,0.0701166,0.2175264,0.1677982,0.1025924,0.1435452,0.1738654,0.057612,0.142609,0.1727034,0.1218726,0.1383158,0.2420698,0.071228,0.1767804,0.145788,0.0751798,0.2111988,0.2081898,0.0620248,0.1187702,0.1567222,0.1123914,0.1127954,0.2766178,0.0814286,0.1972226,0.1206112,0.0978422,0.1640876,0.5720086,0.1200872,0.1494366,0.3821202,0.101831,0.1303766,0.4677628,0.0769434,0.1491242,0.131953,0.146342,0.1668186,0.1864888,0.0893986,0.15732,0.2577712,0.1287668,0.1629896,0.2641554,0.0830956,0.140101,0.2454068,0.0944498,0.192883,0.2406248,0.0925784,0.12518,0.1654512,0.094771,0.130316,0.1734382,0.1033648,0.129796,0.1760494,0.1398092,0.1452298,0.1949502,0.244137,0.0823278,0.2133172,0.1822642,0.1632402,0.183864,0.2018804,0.0609578,0.1180478,0.1906466,0.1394878,0.1867534,0.2992396,0.1699396,0.0669858,0.1757674,0.3854354,0.1185212,0.2964096,0.2266,0.0631894,0.1281912,0.1560646,0.0766662,0.2079642,0.195866,0.1149384,0.1376608,0.163333,0.1135154,0.146742,0.2967861,0.104921,0.1380362,0.180152,0.1220112,0.1686312,0.16853,0.0687894,0.1515594,0.1513718,0.1187652,0.146563,0.2450068,0.110274,0.2216018,0.1334458,0.0966208,0.141888,0.1277618,0.267492,0.1319154,0.1225778,0.1357148,0.0922414,0.102995,0.3701246,0.0803546,0.1360186,0.2103444,0.0937354,0.1535036,0.5040034,0.0995278,0.250347,0.170785,0.107427,0.208074,0.235307,0.1019712,0.1261096,0.1677466,0.0974938,0.1658388,0.2161748,0.096936,0.133194,0.1507924,0.100917,0.1460428,0.2011376
0.0906646,0.1581968,0.336295,0.1344776,0.1593264,0.2063274,0.0903706,0.1584386,0.1750668,0.1142014,0.1566498,0.3198802,0.0943324,0.1268296,0.2421654,0.1172804,0.1762988,0.2001386,0.068891,0.2332252,0.1555516,0.1424166,0.1252348,0.2895636,0.1109988,0.1317356,0.1582622,0.1019202,0.178797,0.1320988,0.2083856,0.073579,0.1430374,0.1982635,0.1752056,0.1647556,0.2485136,0.0707634,0.217636,0.1663734,0.1019238,0.1450184,0.17547,0.0573358,0.1435382,0.1718154,0.1182796,0.1379294,0.2406974,0.0708114,0.1768336,0.1458224,0.0756654,0.209076,0.2077146,0.0608726,0.1190722,0.158237,0.1118986,0.1151528,0.2790716,0.0808674,0.2000004,0.1201446,0.0987826,0.1644758,0.5711852,0.1205564,0.1498302,0.3861512,0.1014314,0.1298078,0.4466544,0.0763314,0.148911,0.13137,0.145301,0.1679294,0.1872246,0.0891468,0.1556752,0.2580958,0.129607,0.1655498,0.2630472,0.0833554,0.140644,0.2458904,0.0949114,0.1909166,0.2423622,0.0918742,0.1251366,0.1632534,0.0953092,0.1268266,0.1733018,0.1039134,0.129497,0.1771796,0.1391368,0.1449734,0.1919466,0.243074,0.0816968,0.2135072,0.1809572,0.1627742,0.1813946,0.2038381,0.059915,0.1175104,0.1923794,0.1400472,0.1868728,0.2991517,0.1677456,0.0669442,0.1760798,0.382033,0.117101,0.2976722,0.2275228,0.0633792,0.1294604,0.1557772,0.0763352,0.2074794,0.198292,0.117477,0.1380416,0.164017,0.1146258,0.146001,0.2976118,0.1041402,0.137343,0.181936,0.1238468,0.167939,0.1712438,0.0685462,0.1522268,0.1517784,0.1172618,0.1473336,0.2451532,0.1101456,0.2200258,0.1343996,0.097186,0.1394524,0.128023,0.2704268,0.1337046,0.1220062,0.1358902,0.0909646,0.1014422,0.3667638,0.0807982,0.1365004,0.2084124,0.0930928,0.1512898,0.50733,0.10068,0.2513688,0.1707148,0.1069728,0.2074868,0.2361692,0.1012672,0.1268998,0.1677194,0.0985438,0.1651122,0.2176595,0.097888,0.134595,0.1529514,0.1021392,0.1434154,0.1988734
0.0898044,0.1566542,0.337413,0.1331762,0.1583932,0.2060694,0.0919174,0.1579038,0.1734044,0.1160892,0.1586704,0.31811,0.0933208,0.1263244,0.2420402,0.11588,0.1757502,0.2027518,0.0672888,0.2357802,0.1551946,0.14319,0.126455,0.2906788,0.110596,0.1305192,0.1558796,0.102952,0.177568,0.1309568,0.2057884,0.0748688,0.1426692,0.1964463,0.174761,0.1649202,0.2530616,0.0711434,0.2193556,0.1635906,0.1052954,0.1442468,0.1752176,0.0572558,0.1443396,0.1691258,0.1179552,0.137014,0.2395662,0.0692104,0.1772862,0.1465846,0.0757664,0.2079352,0.2058168,0.0608886,0.1217236,0.1599688,0.1126958,0.1152076,0.2801688,0.0814226,0.1998348,0.1223978,0.0984538,0.1634544,0.5712788,0.1205108,0.1485094,0.3844984,0.100327,0.1293876,0.4483592,0.0776008,0.1501624,0.1313136,0.1473252,0.1667302,0.1889444,0.0884472,0.156074,0.2627518,0.1291576,0.166375,0.262135,0.0838082,0.14159,0.244796,0.0958986,0.1901922,0.2427356,0.0919544,0.1254772,0.1630386,0.0942354,0.126927,0.1738824,0.1036762,0.1303638,0.1775924,0.1397444,0.1440438,0.1898376,0.243398,0.0804568,0.2114272,0.181565,0.1613328,0.1824574,0.2035242,0.0606146,0.1186916,0.1916277,0.1397244,0.1880326,0.302131,0.169865,0.067442,0.1759486,0.3787054,0.1167182,0.297217,0.2278588,0.064988,0.1293826,0.1552076,0.0760748,0.2093516,0.1963322,0.1165952,0.1388598,0.1642884,0.1142182,0.1457168,0.2956184,0.1041868,0.1378672,0.1810244,0.1241234,0.1673756,0.171878,0.0685452,0.1529892,0.1499728,0.115805,0.1479108,0.2450556,0.1097426,0.2191752,0.133834,0.0976832,0.1408232,0.1292656,0.2696196,0.1346694,0.1229216,0.1367034,0.0908322,0.1014188,0.3663816,0.0805776,0.13606,0.207904,0.093191,0.1528882,0.5084956,0.101748,0.249975,0.169909,0.106505,0.2063952,0.2387832,0.102788,0.1285332,0.1667058,0.0988602,0.1654562,0.2177505,0.0974362,0.135659,0.1537852,0.1016574,0.144037,0.198743
0.0896474,0.155126,0.3348854,0.1345284,0.160765,0.2063818,0.0912152,0.157615,0.1732048,0.1165004,0.1578774,0.3201786,0.0945244,0.1260886,0.2431644,0.1155894,0.175847,0.201346,0.067555,0.238428,0.1567702,0.1405418,0.1252566,0.290232,0.1099628,0.1304334,0.15609,0.1023608,0.1790948,0.1306114,0.2063482,0.0747398,0.1446796,0.1964923,0.1715254,0.164242,0.2528648,0.070669,0.2180452,0.164367,0.1055736,0.1448204,0.1750572,0.0573616,0.1461982,0.1712884,0.117401,0.1360076,0.2363162,0.0695388,0.1735268,0.1463756,0.0766356,0.2086822,0.204212,0.0608336,0.1266518,0.1592254,0.1127362,0.113757,0.2792104,0.081412,0.1975828,0.1223072,0.097806,0.1635682,0.5679374,0.1223508,0.148554,0.3866722,0.0987976,0.1285996,0.453494,0.0764918,0.1523332,0.1307078,0.1488456,0.1659878,0.1915614,0.0884056,0.155406,0.2640034,0.1284904,0.1664432,0.2579733,0.0834418,0.1414732,0.24334,0.0957848,0.1894312,0.2430668,0.0929754,0.1251168,0.1616714,0.0943702,0.126487,0.1759026,0.1036612,0.129392,0.1776008,0.141063,0.1438324,0.1894972,0.2405214,0.0807744,0.2131344,0.1808198,0.1615152,0.1825854,0.203417,0.0596418,0.1176706,0.1916756,0.1411148,0.1866952,0.3013012,0.1697582,0.0668244,0.1760108,0.3772702,0.1153884,0.2982272,0.2267704,0.0666324,0.1283538,0.1538906,0.0766066,0.20836,0.1935448,0.115922,0.1392374,0.164389,0.1151914,0.1447652,0.2952537,0.1057738,0.1385668,0.1805828,0.1240878,0.1665432,0.1695082,0.0691908,0.1526368,0.1505966,0.1152906,0.1469298,0.2418614,0.1095908,0.2198892,0.1323624,0.0986598,0.1407696,0.128833,0.2722302,0.134191,0.1214428,0.1355148,0.0911784,0.1023434,0.3594372,0.0818042,0.1362666,0.2076304,0.0935778,0.1528022,0.509443,0.1005542,0.2485624,0.1702062,0.1066284,0.2073416,0.2372454,0.1021978,0.128578,0.1657108,0.0987922,0.166345,0.2199934,0.0974696,0.1340728,0.1534304,0.1019388,0.1429824,0.1967868
0.0901176,0.153322,0.3378424,0.1344672,0.1617756,0.2069168,0.0917778,0.156641,0.1726422,0.1147496,0.1566286,0.317933,0.0953292,0.1258288,0.2423468,0.1152376,0.1752854,0.2006868,0.068683,0.238867,0.1577556,0.1418076,0.1244738,0.2903688,0.1095946,0.1324902,0.1577618,0.101885,0.178187,0.1301884,0.2061396,0.07496,0.1440872,0.1952766,0.1729508,0.16608,0.2551012,0.0712554,0.220543,0.1641018,0.1052508,0.1465974,0.175062,0.056935,0.1468514,0.1736208,0.1182282,0.1357378,0.2367811,0.069782,0.1748136,0.1475096,0.0774166,0.2086584,0.207127,0.0612826,0.125321,0.1567714,0.1113486,0.112059,0.2769954,0.0806486,0.1982398,0.1224724,0.0984144,0.163408,0.5386342,0.121039,0.15017,0.3890328,0.10792,0.130718,0.4530202,0.0764792,0.1490448,0.1308496,0.1482526,0.1651582,0.1928798,0.0889574,0.1533056,0.2650918,0.1299298,0.1649526,0.2597301,0.0835652,0.1421812,0.2440204,0.0956158,0.1910024,0.242348,0.0928428,0.1241562,0.1601874,0.0940254,0.1287878,0.1753172,0.104329,0.129435,0.1759554,0.1404676,0.1441416,0.1889666,0.2418418,0.080796,0.2137932,0.1791764,0.1630836,0.1800664,0.2023928,0.0610978,0.1168348,0.1882302,0.1426578,0.1842266,0.2989892,0.170168,0.066548,0.1754074,0.3725172,0.114565,0.2952914,0.226234,0.066952,0.129947,0.1552438,0.0757422,0.2061512,0.1940278,0.1171948,0.1388298,0.16391,0.1164874,0.1443892,0.2906123,0.106242,0.1381946,0.1803254,0.1233246,0.1682846,0.1695728,0.0693854,0.1524066,0.1483568,0.1149772,0.1470716,0.2400524,0.1103644,0.2196206,0.1327918,0.0990364,0.1402666,0.1294564,0.2733624,0.1335096,0.1205604,0.1354694,0.0918412,0.1022114,0.3622066,0.0813918,0.1363323,0.2037618,0.0932194,0.152097,0.5044056,0.101534,0.2494476,0.1695212,0.10678,0.207025,0.235214,0.102912,0.1284114,0.165272,0.099755,0.1657908,0.2171167,0.0979832,0.1346044,0.1539268,0.1003354,0.1437616,0.1980916
0.0908784,0.1539744,0.3422364,0.1352654,0.1624212,0.202612,0.0927292,0.1539216,0.1736936,0.113817,0.1519044,0.3174918,0.0938072,0.126436,0.2416572,0.114744,0.1746688,0.2009464,0.0694388,0.235957,0.1563738,0.1414284,0.1244756,0.290219,0.1095632,0.1338522,0.1578494,0.1016028,0.1781508,0.1309726,0.2028774,0.0747864,0.1439236,0.1983606,0.1752856,0.1679694,0.2555134,0.0721238,0.2214358,0.163587,0.1055416,0.1459086,0.1761922,0.0559944,0.1452986,0.1724488,0.1183958,0.1352024,0.2347717,0.0691724,0.1731632,0.1465552,0.0784576,0.2090986,0.2082884,0.0613094,0.1252552,0.1566368,0.116715,0.1121972,0.2771386,0.08059,0.195145,0.123012,0.0987808,0.1676602,0.5435636,0.1215368,0.1492636,0.385669,0.1075092,0.1299956,0.4576086,0.0770688,0.1488208,0.1303564,0.1478486,0.1657988,0.19305,0.0889296,0.1541348,0.2634258,0.1302164,0.1637518,0.2585261,0.0827276,0.141727,0.2453938,0.095386,0.1893354,0.242539,0.0940016,0.1249108,0.1615438,0.0950268,0.1290464,0.175057,0.104375,0.130158,0.174585,0.1419698,0.143246,0.1890086,0.242357,0.081197,0.2133118,0.1792664,0.1603328,0.1813452,0.2016784,0.061503,0.1162694,0.189363,0.1429664,0.1835596,0.2983828,0.1685092,0.0659742,0.1778972,0.3738372,0.1142712,0.2946268,0.2273288,0.0682596,0.131903,0.1564912,0.0747102,0.2062942,0.1924064,0.116035,0.1393824,0.162234,0.1147482,0.1442016,0.2889068,0.1065284,0.1379054,0.1790824,0.1235862,0.1675662,0.168639,0.0697484,0.1514,0.1470128,0.115987,0.1487818,0.240277,0.1093892,0.2202962,0.1332238,0.0990508,0.1386994,0.1304298,0.274067,0.1346052,0.1210864,0.1370118,0.0922196,0.1033588,0.3613386,0.0823114,0.1351569,0.2047768,0.0931306,0.1530866,0.506948,0.1016626,0.2471962,0.170192,0.1071022,0.2085762,0.2351254,0.102264,0.128388,0.1660134,0.0993916,0.1656682,0.2162375,0.099592,0.134556,0.1529988,0.0992052,0.1431162,0.1964132
0.0906444,0.1534576,0.3432802,0.1362682,0.1635656,0.2041872,0.0939508,0.155135,0.1776634,0.1126404,0.151799,0.3183788,0.0929316,0.1250562,0.2426744,0.1157128,0.1742948,0.2027992,0.0696064,0.2363366,0.1561204,0.1419158,0.1249304,0.2926284,0.1094076,0.1333646,0.158327,0.102298,0.1773,0.1301562,0.2047788,0.0738262,0.1445168,0.2007658,0.1763748,0.168618,0.2570298,0.0725226,0.2215998,0.1636122,0.1060536,0.1465038,0.1753012,0.0560368,0.1443036,0.174793,0.1179594,0.1347368,0.2329963,0.0688502,0.1738526,0.1477072,0.079061,0.2073614,0.2103422,0.0606736,0.1249974,0.15627,0.1157336,0.114273,0.2767204,0.0801474,0.1941078,0.1229408,0.0988272,0.1671674,0.5529432,0.1226712,0.1467164,0.3881526,0.1068136,0.1293604,0.4579248,0.0766826,0.150126,0.1317144,0.149665,0.1673938,0.194915,0.0885354,0.1536552,0.2652368,0.1309544,0.164497,0.2589318,0.0825238,0.143807,0.2459034,0.0945442,0.1887994,0.2421514,0.0947092,0.126138,0.1615298,0.0950258,0.1298198,0.1773986,0.1039778,0.129568,0.1746496,0.1432904,0.1411642,0.1877644,0.2382824,0.0812034,0.2125514,0.17825,0.161058,0.184139,0.2022042,0.0606898,0.116784,0.1897752,0.1428164,0.1797186,0.2950848,0.169767,0.0660348,0.1766032,0.3752316,0.114909,0.2934582,0.2247036,0.0699458,0.1326156,0.1542864,0.0749254,0.2062338,0.1909672,0.1159568,0.1406354,0.1616102,0.116536,0.144532,0.287459,0.1059138,0.139938,0.1798988,0.1223446,0.1667812,0.1714946,0.0703806,0.1485886,0.1480052,0.1156628,0.1480546,0.2384158,0.1098034,0.2193542,0.1337158,0.09802,0.1392646,0.1315464,0.275609,0.1330782,0.12033,0.133622,0.0926962,0.1045342,0.3604244,0.082693,0.137248,0.2040734,0.0936316,0.1526396,0.5058454,0.1013536,0.2510854,0.1686084,0.106593,0.210592,0.2334554,0.103075,0.1278716,0.1641682,0.0992986,0.1679078,0.2145215,0.099694,0.1353208,0.1533202,0.0998118,0.1430006,0.1965758
0.090006,0.1543254,0.3407412,0.1364978,0.1626898,0.204041,0.0947292,0.1551162,0.1792246,0.1123266,0.150693,0.3198602,0.0936182,0.1250672,0.2414768,0.1162262,0.172345,0.204,0.069052,0.2371296,0.1555768,0.1439618,0.124799,0.2896352,0.1104804,0.1319468,0.1583524,0.1012538,0.1766062,0.129506,0.2031394,0.0737712,0.1442728,0.2003144,0.1769176,0.1667878,0.256641,0.0729504,0.2200802,0.1641358,0.1054234,0.1476086,0.1778172,0.0571862,0.144158,0.1773692,0.1195578,0.1340944,0.2334003,0.0692038,0.1718848,0.1469678,0.0783572,0.2027388,0.2108818,0.0605504,0.1254664,0.1569712,0.1160752,0.1139474,0.2783854,0.079833,0.1941806,0.1223614,0.1002502,0.1681406,0.5526404,0.1211272,0.1461976,0.3874952,0.1061468,0.1294048,0.463568,0.0769426,0.1508806,0.133762,0.1488968,0.1681616,0.1953812,0.0885018,0.154767,0.2683522,0.1310042,0.1648362,0.2594822,0.080627,0.1442666,0.2456054,0.0937852,0.1902482,0.2434424,0.0944088,0.1245118,0.1596214,0.0951138,0.1287896,0.1759512,0.1042232,0.1271176,0.1736954,0.142476,0.1406876,0.1881276,0.2396998,0.0810078,0.2127716,0.1787438,0.1596236,0.187432,0.2005836,0.0607504,0.1169292,0.1898144,0.140863,0.177557,0.2938388,0.1672476,0.0659188,0.1767896,0.3792228,0.1151944,0.290228,0.2239348,0.0705666,0.1317452,0.151744,0.0747422,0.205677,0.1899246,0.1170108,0.140012,0.163361,0.1151588,0.1436788,0.2900892,0.1053942,0.138976,0.1772082,0.1225286,0.1683444,0.1722978,0.0701342,0.1491204,0.1473048,0.1167356,0.147592,0.2389768,0.1102738,0.216905,0.1332248,0.0979108,0.1380476,0.1309062,0.2773816,0.1341696,0.1213578,0.1331998,0.092117,0.1034476,0.35842,0.0836858,0.1376622,0.2046404,0.0936636,0.1522484,0.5029134,0.1007984,0.2519386,0.1679608,0.107927,0.2097734,0.2324544,0.1029898,0.1294096,0.164784,0.099166,0.1673424,0.2160779,0.1005498,0.1355424,0.154069,0.0997212,0.1424084,0.1960296
0.0906992,0.1544516,0.3387608,0.1347428,0.1624744,0.2025398,0.0938242,0.1550784,0.1790452,0.1141234,0.1527688,0.320575,0.0931174,0.1247994,0.240226,0.1169512,0.1723824,0.2044288,0.0688438,0.236863,0.1548062,0.1425538,0.12493,0.286792,0.1109972,0.134323,0.1564404,0.1018234,0.1774942,0.1293914,0.202582,0.0728844,0.1433658,0.1967858,0.1757814,0.1690042,0.2538952,0.072118,0.2174294,0.164921,0.1052768,0.1467518,0.1771492,0.0565302,0.1438094,0.1748438,0.118471,0.132955,0.2339447,0.0684046,0.1700248,0.1473524,0.077143,0.2049162,0.2070788,0.0609812,0.1250566,0.1551388,0.115747,0.1122174,0.2765236,0.078597,0.192404,0.1210764,0.0989728,0.1694538,0.5569642,0.1220344,0.1491204,0.3835562,0.1057792,0.1303228,0.462929,0.0765578,0.15113,0.1339094,0.1493272,0.1701408,0.193669,0.089163,0.1553306,0.2679548,0.1294178,0.1633066,0.2580062,0.0800862,0.1436316,0.2449456,0.0963714,0.1871624,0.2417446,0.0938652,0.1240562,0.1593146,0.0945416,0.1287118,0.1736334,0.1036746,0.126258,0.1738284,0.1450374,0.1412088,0.1884207,0.237725,0.0806536,0.2161598,0.1801778,0.1613456,0.1858336,0.198046,0.061267,0.1174412,0.1875128,0.1407166,0.1770852,0.293323,0.1673208,0.066627,0.176479,0.381073,0.1157014,0.2882608,0.2247338,0.0714318,0.130808,0.150958,0.0771172,0.205642,0.1892798,0.1171316,0.1419864,0.1616564,0.1142382,0.142458,0.2894463,0.1055936,0.1394426,0.1796372,0.1215126,0.1684734,0.1726922,0.0699936,0.1487354,0.1483446,0.1160212,0.147047,0.2379026,0.1108138,0.2169446,0.1348648,0.0979076,0.1394986,0.1308594,0.276937,0.1337048,0.1220112,0.1317782,0.0914944,0.1036574,0.3555862,0.0837556,0.1361836,0.2028526,0.0947676,0.1538422,0.5033624,0.1009188,0.252351,0.1671892,0.1077818,0.2097158,0.2293568,0.103886,0.1286412,0.1632832,0.0991748,0.1684448,0.2143197,0.1009986,0.1355622,0.1536156,0.1010188,0.1407392,0.1951096
0.0912122,0.155212,0.3361292,0.1353716,0.1615834,0.2031866,0.0942094,0.153758,0.1810019,0.114061,0.1526794,0.320803,0.091371,0.1240874,0.2432928,0.1174416,0.1706542,0.207108,0.0682372,0.2380676,0.1540034,0.1421216,0.1258978,0.2858276,0.1135056,0.1358604,0.1558238,0.105511,0.175096,0.1288372,0.2019132,0.071802,0.1420114,0.197512,0.1779894,0.1680432,0.2541708,0.072403,0.2179164,0.164828,0.105952,0.1491186,0.176771,0.0569532,0.142824,0.1753616,0.1173286,0.1325234,0.2308979,0.0689862,0.171788,0.1462076,0.076956,0.2036946,0.2054036,0.060433,0.1247156,0.1570224,0.116498,0.1109268,0.2760108,0.078232,0.1941736,0.1212122,0.0993024,0.169948,0.5643912,0.121676,0.15072,0.3828588,0.105444,0.1309524,0.4651626,0.0765576,0.1512374,0.133737,0.1478666,0.1709492,0.1935152,0.0890538,0.155334,0.270063,0.129029,0.163734,0.2576692,0.0809314,0.1420664,0.2466406,0.0962018,0.1843604,0.2416694,0.0937122,0.1251878,0.1588466,0.0957944,0.1279978,0.1738806,0.1045498,0.1276304,0.1728446,0.1445268,0.1390694,0.1887371,0.2375546,0.0798274,0.2163294,0.1788402,0.1610542,0.1882484,0.1990088,0.0607124,0.1189082,0.1888168,0.1409686,0.1781855,0.2917442,0.1682032,0.0674194,0.1747806,0.3787838,0.1158066,0.2885888,0.22813,0.071363,0.1311082,0.1509032,0.077094,0.2067404,0.1902216,0.117827,0.1441418,0.1621104,0.113959,0.1440584,0.2902434,0.1043656,0.1398358,0.178592,0.1214074,0.1676346,0.1724108,0.0699814,0.14972,0.14841,0.1153868,0.1462746,0.2393818,0.1131534,0.2178186,0.132718,0.0978742,0.1375426,0.131384,0.2802938,0.1327452,0.1234654,0.129647,0.093155,0.1021732,0.3579376,0.083311,0.1354823,0.2024288,0.0934436,0.1541796,0.5071218,0.1017028,0.2513846,0.1658794,0.1087288,0.208774,0.2289046,0.1022352,0.1283792,0.1640358,0.0979492,0.1679048,0.2164966,0.1000272,0.1350112,0.1553354,0.1000946,0.1414518,0.1953398
0.0916018,0.1543168,0.334259,0.1356992,0.1611,0.2020668,0.0951154,0.1519194,0.1794792,0.1144396,0.152858,0.3226548,0.091775,0.1230718,0.2445844,0.1177076,0.1694534,0.2090208,0.0675862,0.2349266,0.1541254,0.1427384,0.1288062,0.2856682,0.1144214,0.1349764,0.1543948,0.1057162,0.1767694,0.129238,0.2030968,0.0723888,0.1427258,0.196314,0.1778706,0.1680514,0.2537568,0.071687,0.2182218,0.1639792,0.1060906,0.148622,0.1746858,0.0576166,0.1420536,0.1760918,0.1178986,0.1321,0.2320209,0.0685734,0.172207,0.14592,0.0762976,0.2025804,0.2055618,0.0604144,0.1272368,0.1560294,0.118016,0.1117516,0.2747432,0.0787518,0.194727,0.1228556,0.0987766,0.16874,0.5691882,0.1219386,0.149982,0.385379,0.1063098,0.132336,0.4680248,0.0765234,0.1503294,0.135,0.1472502,0.1693966,0.1924752,0.0891512,0.154378,0.2704362,0.128769,0.1647272,0.25615,0.0809078,0.1427188,0.2444476,0.0961738,0.1869982,0.2396098,0.093184,0.1252782,0.1594554,0.0960566,0.127977,0.1740078,0.1042974,0.1278054,0.173177,0.1422952,0.137822,0.1860893,0.2384358,0.079867,0.2137768,0.17862,0.1602464,0.1882984,0.1963332,0.0603426,0.117649,0.1878824,0.1394366,0.1791882,0.2934568,0.1708122,0.0676776,0.1753126,0.3744568,0.1151864,0.2879302,0.2285662,0.0706844,0.131753,0.1569372,0.077266,0.2069376,0.1894588,0.1180428,0.1433236,0.1597724,0.112506,0.1445814,0.292702,0.1038738,0.1392494,0.1775898,0.1209466,0.1659642,0.1716518,0.0701292,0.1507196,0.1498786,0.1147552,0.150763,0.2424708,0.1129374,0.217183,0.1313768,0.0983192,0.1374026,0.1315546,0.2818032,0.133885,0.1239354,0.1304742,0.0928388,0.1018092,0.3592498,0.0844522,0.1333247,0.2023246,0.0935408,0.154271,0.506971,0.1024618,0.2501946,0.1660642,0.1077758,0.2118034,0.2299678,0.1018724,0.1289556,0.1640708,0.0977216,0.171325,0.2165206,0.1001384,0.1361918,0.155555,0.0990832,0.1420912,0.1925228
0.091332,0.1557972,0.3320864,0.1357038,0.1611238,0.2001454,0.0949148,0.1509604,0.1819842,0.1133368,0.152954,0.321825,0.0916194,0.1235344,0.2442292,0.1171504,0.169856,0.2095172,0.0673726,0.2350274,0.1530952,0.143372,0.1290544,0.2863544,0.1147228,0.135544,0.1513382,0.103607,0.1771226,0.1282988,0.2007486,0.073809,0.1437918,0.1961358,0.1762002,0.168646,0.2561134,0.072616,0.217393,0.1633434,0.10648,0.1477124,0.176052,0.0576348,0.143257,0.17632,0.11997,0.1311622,0.2323416,0.0689792,0.1707344,0.1449484,0.076074,0.202077,0.203642,0.0599286,0.127213,0.1545864,0.1174794,0.1124426,0.2758776,0.0801636,0.1955154,0.1252626,0.0995154,0.1687352,0.5636214,0.12159,0.1500906,0.3887084,0.1068084,0.13252,0.4663456,0.0765584,0.1513638,0.1356958,0.1464714,0.1672254,0.1912522,0.0887278,0.152984,0.2688754,0.1305476,0.1633794,0.2586782,0.0815486,0.1439102,0.2430846,0.0961258,0.1889724,0.2417818,0.0921676,0.125928,0.159694,0.095048,0.1279372,0.175708,0.1045774,0.1292568,0.1719614,0.144126,0.1365872,0.1851941,0.2375704,0.0798598,0.2135252,0.1776374,0.1619516,0.1898602,0.1977756,0.060319,0.1176704,0.1858616,0.1399002,0.1803058,0.295081,0.1710256,0.0682756,0.175189,0.3819976,0.1155232,0.2890776,0.2283174,0.0713094,0.1313882,0.1566722,0.0766544,0.2105448,0.1908894,0.117589,0.1427608,0.1588294,0.1129774,0.1435048,0.2900311,0.1041852,0.1405008,0.1768484,0.1290878,0.1663162,0.1707002,0.0691746,0.1517852,0.1518914,0.1192858,0.1494166,0.2391894,0.1130524,0.2196388,0.1319444,0.0970714,0.1383152,0.1314918,0.2818992,0.1307768,0.1237558,0.1312852,0.0941344,0.1011984,0.3566264,0.0848142,0.1360899,0.204189,0.0953034,0.1556734,0.5046314,0.1027944,0.2499266,0.1673252,0.1076874,0.2112766,0.2349128,0.1015374,0.130167,0.1648798,0.0977626,0.1702562,0.2167884,0.100056,0.135048,0.1575068,0.1002572,0.1420174,0.1930128
0.0909428,0.1563206,0.3345518,0.1349286,0.1606258,0.1993554,0.0944318,0.1490582,0.1804402,0.1134208,0.1518968,0.3199592,0.0918674,0.1248308,0.2438632,0.117104,0.1685804,0.2114804,0.0674032,0.2359094,0.1528782,0.1449468,0.1290554,0.2867856,0.1141542,0.1353912,0.1524746,0.103809,0.176656,0.1283972,0.199939,0.0731922,0.1446332,0.1956846,0.1768586,0.1680334,0.2551756,0.072372,0.2180506,0.1629642,0.1056762,0.14791,0.1752898,0.056556,0.1429626,0.1786996,0.1212654,0.1320618,0.2274578,0.0695608,0.1685052,0.145151,0.0764756,0.2037632,0.2018528,0.0607726,0.12762,0.1563682,0.1170184,0.1119336,0.2737942,0.0795904,0.1964728,0.1230822,0.0993996,0.166871,0.5687146,0.1202108,0.1487746,0.3857334,0.1077972,0.1334118,0.4606388,0.0756806,0.1495146,0.1342318,0.1460542,0.1691234,0.1901084,0.0874894,0.1528342,0.269995,0.1300192,0.161633,0.2558862,0.0822324,0.1440764,0.2485656,0.0952666,0.1898098,0.2426316,0.0925584,0.1273406,0.1601392,0.0946354,0.1297106,0.175004,0.1036946,0.1285762,0.1692598,0.142963,0.136692,0.1860895,0.236866,0.0794456,0.2130348,0.1764106,0.1608322,0.190004,0.2005062,0.062451,0.1172268,0.1852104,0.1423468,0.1806344,0.294261,0.1697972,0.0675666,0.1773884,0.3834336,0.1148636,0.2880124,0.230075,0.0718126,0.1324704,0.158458,0.0750502,0.2114424,0.1927852,0.1163312,0.1414268,0.1597716,0.1131786,0.1435688,0.2882401,0.1037074,0.1399242,0.1783196,0.126888,0.165625,0.1710052,0.0687532,0.1526586,0.1530742,0.119601,0.1504148,0.2366898,0.1129238,0.2179676,0.1309358,0.0982718,0.1377172,0.1316962,0.2806862,0.1316932,0.1232722,0.131357,0.0936408,0.1014456,0.354292,0.0842204,0.1344404,0.2028228,0.094992,0.1531884,0.5028106,0.1029668,0.2484172,0.1683432,0.1071866,0.2122768,0.2362366,0.1032826,0.129681,0.1638234,0.0987512,0.1711088,0.2154362,0.099967,0.1337444,0.157896,0.0999916,0.14328,0.1924986
0.090512,0.1547608,0.3389514,0.1363326,0.1600698,0.2025452,0.0947172,0.1467714,0.1830428,0.1113378,0.1511398,0.3183402,0.0931668,0.1244646,0.2422392,0.1176044,0.169518,0.2124676,0.0667956,0.2374436,0.152969,0.1433124,0.1304246,0.2832958,0.114572,0.1360666,0.1527646,0.103907,0.1783348,0.1267314,0.1982346,0.0734238,0.1439958,0.195489,0.1773642,0.1656094,0.2557716,0.0726574,0.2162246,0.163222,0.1051956,0.1489146,0.1771506,0.0570964,0.1424754,0.1770416,0.1229378,0.132328,0.2271532,0.0691058,0.1686852,0.1442942,0.0761666,0.2020524,0.1987186,0.0607446,0.1273242,0.1549154,0.117307,0.1133778,0.270336,0.0795462,0.1937414,0.1229226,0.0999486,0.1656276,0.5679726,0.1205266,0.1480018,0.385116,0.1077164,0.1338355,0.4628928,0.0761836,0.1493474,0.1343304,0.1473534,0.1700398,0.1934594,0.0887788,0.1522814,0.2721752,0.1305732,0.1618446,0.2552832,0.0826568,0.1485842,0.2488378,0.0963132,0.1955356,0.2424936,0.0925034,0.1280284,0.1611484,0.0948376,0.129833,0.173531,0.1055604,0.1294072,0.1677336,0.1443142,0.1372862,0.1846729,0.23799,0.0786252,0.2140252,0.1747044,0.1611676,0.1894196,0.198748,0.0620344,0.117452,0.186452,0.1413622,0.1783908,0.2931056,0.1725456,0.0683966,0.1777938,0.3780836,0.1154358,0.2867592,0.231992,0.0720068,0.130997,0.1582788,0.0747246,0.2117328,0.1883098,0.1165228,0.1387374,0.1576132,0.1120414,0.1439932,0.2865174,0.1041302,0.1395654,0.1780334,0.1275626,0.1650394,0.169879,0.0686888,0.152109,0.1518908,0.1200166,0.1518474,0.2363054,0.1133146,0.2186468,0.1312096,0.096984,0.1383096,0.1314526,0.2782248,0.1310916,0.1237314,0.1330772,0.0941594,0.1036614,0.3572186,0.0845208,0.1332448,0.2006286,0.094793,0.1547808,0.5056328,0.1022202,0.251414,0.1676576,0.1062372,0.2121216,0.2370978,0.1046312,0.1297628,0.164197,0.099345,0.1706202,0.2145196,0.101752,0.133229,0.1565432,0.0993342,0.1436434,0.1935228
0.0908994,0.1547708,0.3424636,0.136928,0.161847,0.2049213,0.0954242,0.1506982,0.183526,0.1113914,0.152121,0.3153502,0.0925248,0.12297,0.2435054,0.1171436,0.1694374,0.2119368,0.0670132,0.2380006,0.1528322,0.1428508,0.1294404,0.2796454,0.1156346,0.1350614,0.1547492,0.1031804,0.176891,0.1261766,0.1995432,0.0727402,0.1439418,0.194998,0.1760766,0.166688,0.258253,0.072534,0.215303,0.1628474,0.1074674,0.148063,0.178292,0.0574396,0.140866,0.1781574,0.1235944,0.1319316,0.2308808,0.0704236,0.1682894,0.144871,0.0756128,0.2069044,0.1970442,0.0603328,0.1279742,0.1553908,0.1176096,0.1139322,0.270616,0.078424,0.1949624,0.1220568,0.1009668,0.1660792,0.569875,0.1208342,0.1484124,0.382271,0.1087252,0.1334115,0.4687406,0.0750862,0.1494678,0.1366498,0.1477466,0.1696204,0.1906654,0.0894118,0.150625,0.2727608,0.1294948,0.1623402,0.2530768,0.0829316,0.1485074,0.2499812,0.0971508,0.1947598,0.2430144,0.0919804,0.1289318,0.1593876,0.0945384,0.1290668,0.1689098,0.1058532,0.1304824,0.165624,0.1456736,0.1369598,0.1838869,0.2375902,0.0790322,0.2138706,0.1747312,0.1600592,0.1884984,0.1976014,0.0668544,0.1177356,0.188219,0.139934,0.1804176,0.2926054,0.171286,0.0688868,0.1787098,0.3708892,0.1156168,0.2878732,0.2307568,0.0713602,0.13102,0.1571052,0.0726324,0.2112204,0.190641,0.1173048,0.139294,0.1583594,0.1122252,0.1434722,0.2857958,0.1044282,0.1406328,0.1764304,0.129129,0.1633354,0.1713458,0.0682946,0.1519378,0.1520764,0.1187372,0.1515872,0.2366014,0.1121624,0.2164892,0.1323634,0.0958878,0.1386842,0.1302124,0.2804722,0.1348,0.1230642,0.1317778,0.0955724,0.1037084,0.354207,0.0841092,0.1326529,0.2025892,0.094152,0.154093,0.5051676,0.1025594,0.2533966,0.1656788,0.105321,0.2097666,0.2361282,0.1037494,0.1308776,0.1646722,0.0993406,0.1709642,0.2176846,0.1015754,0.134097,0.1571348,0.100398,0.1449224,0.191363
0.0917548,0.1540438,0.3419208,0.1354012,0.161612,0.2056685,0.0952302,0.1508172,0.1827154,0.1112598,0.1520052,0.3093294,0.0935534,0.1223826,0.243129,0.1181816,0.171982,0.2141302,0.068828,0.2371304,0.1542164,0.1431842,0.1290384,0.2785402,0.1146472,0.1352546,0.1556692,0.103633,0.1770002,0.125841,0.199528,0.0722196,0.1437162,0.1958042,0.1751234,0.1688522,0.258283,0.073688,0.2147628,0.1613208,0.1071032,0.1504912,0.1792958,0.057363,0.143741,0.1776004,0.123441,0.1332748,0.2288358,0.0692618,0.166944,0.1448046,0.076245,0.2077634,0.1964874,0.0595304,0.1286628,0.1559766,0.1172104,0.1139974,0.271542,0.0788234,0.1923548,0.1222362,0.0999776,0.1636346,0.5672134,0.1218434,0.148457,0.3837724,0.1085584,0.1342051,0.4696302,0.0748564,0.1498172,0.1373534,0.1474946,0.1703766,0.1886834,0.0896542,0.1496658,0.2708494,0.1286828,0.1637832,0.2516176,0.0804794,0.1495314,0.2489552,0.0968128,0.1943008,0.2458988,0.0923666,0.1287094,0.1591824,0.0939154,0.127948,0.1674436,0.1056344,0.1316994,0.1663814,0.143901,0.135572,0.1830997,0.2383102,0.0802018,0.2119024,0.174649,0.1587184,0.1895624,0.1968894,0.0671548,0.118309,0.1883122,0.1391804,0.1814774,0.2949614,0.1683228,0.0686072,0.178408,0.36837,0.1172428,0.286072,0.231596,0.0723408,0.129987,0.1570512,0.0716238,0.2105268,0.1909198,0.1167244,0.1401126,0.15788,0.1102178,0.1449476,0.2874838,0.1039446,0.1412806,0.17492,0.1287768,0.1645176,0.1722654,0.0679112,0.153449,0.15255,0.118362,0.1520058,0.2365818,0.110509,0.2134434,0.1301596,0.09598,0.1380546,0.1302336,0.2800098,0.134982,0.1216678,0.1309574,0.096468,0.1044034,0.3554658,0.0834334,0.1323427,0.2022038,0.095158,0.153441,0.510037,0.1027964,0.2538506,0.1654262,0.1058042,0.2093266,0.2391138,0.1034832,0.130617,0.1645202,0.1010294,0.1714786,0.2191828,0.100512,0.1353122,0.1570514,0.1005194,0.1443668,0.1937524
0.0917354,0.1537138,0.3387462,0.135384,0.1612972,0.2015705,0.0960148,0.1500888,0.1799442,0.11047,0.1538404,0.301685,0.0946574,0.1201674,0.2334666,0.1174,0.1734044,0.213543,0.0688986,0.237308,0.1557418,0.1420198,0.1295804,0.280225,0.1144856,0.1341508,0.1549646,0.1044322,0.1767548,0.1264788,0.1991612,0.072904,0.143791,0.1947784,0.1764382,0.1682162,0.2559468,0.0740628,0.2137822,0.161383,0.1061246,0.148684,0.1792032,0.0574894,0.1456188,0.177588,0.1219772,0.1316663,0.231364,0.0693612,0.1674882,0.1460312,0.076502,0.207352,0.1979048,0.058917,0.1307026,0.1568674,0.1176658,0.1148764,0.269122,0.0799068,0.193323,0.1214734,0.1003276,0.162948,0.5712274,0.123181,0.1465594,0.3891544,0.1076096,0.1343073,0.4662146,0.0737478,0.1505018,0.1372392,0.1466334,0.1730248,0.1892734,0.0887378,0.150377,0.2689206,0.1289104,0.1641212,0.250223,0.0807556,0.1487246,0.2531124,0.095647,0.1929516,0.2469648,0.0919868,0.1292758,0.1591878,0.0936026,0.12668,0.16713,0.105608,0.1313686,0.1644666,0.1425766,0.1362618,0.1830117,0.2393424,0.079799,0.2129378,0.172779,0.1583338,0.190552,0.1967606,0.0671372,0.119185,0.1879602,0.1404182,0.181463,0.2970972,0.1674442,0.0690082,0.1771602,0.3733452,0.11722,0.287919,0.2296794,0.0727604,0.1287564,0.1562796,0.0722938,0.2090562,0.1909708,0.116563,0.1403748,0.1594884,0.1096818,0.1446506,0.2883082,0.1040592,0.1406364,0.1751838,0.1277748,0.1649958,0.171319,0.0675048,0.1545792,0.1517146,0.1194598,0.1502122,0.2382354,0.1102276,0.2172554,0.1293286,0.0966032,0.1382522,0.128209,0.2825836,0.1367502,0.1231454,0.1309468,0.0963182,0.1056042,0.3566368,0.0823204,0.1325679,0.198368,0.0950578,0.154322,0.5078054,0.1030028,0.2529152,0.1662828,0.1049434,0.209138,0.2389386,0.1036902,0.1321434,0.1635672,0.1022742,0.1709972,0.2203296,0.1006558,0.135597,0.1548356,0.1005154,0.143228,0.1934964
0.0921642,0.1529164,0.339599,0.1346956,0.1607366,0.1998112,0.0953736,0.1492848,0.1809858,0.110686,0.1536454,0.3003962,0.093061,0.1222528,0.2346216,0.1163512,0.173939,0.2112832,0.0680546,0.2362916,0.1580858,0.1414526,0.130147,0.2792702,0.1145756,0.132134,0.1562804,0.1037406,0.176783,0.1254736,0.197322,0.072152,0.1462386,0.1960104,0.1752566,0.168628,0.2543708,0.0731116,0.204244,0.1607508,0.1064106,0.1484016,0.1790664,0.0579182,0.144695,0.176091,0.1227274,0.132932,0.2297354,0.07108,0.1658074,0.1464554,0.0773314,0.2064882,0.1964762,0.0590314,0.131383,0.1569204,0.1161424,0.1167744,0.269336,0.0794862,0.1943648,0.1213134,0.0999566,0.1613936,0.5727432,0.1222882,0.146637,0.386883,0.1074646,0.1337041,0.4650448,0.073737,0.149105,0.1369554,0.1475042,0.1732198,0.1918,0.0895148,0.1480046,0.2683428,0.12867,0.1613844,0.248032,0.080971,0.1492516,0.2528696,0.0963446,0.1927434,0.2457386,0.0918556,0.1290974,0.1599506,0.093108,0.1273476,0.1656678,0.1044084,0.1323438,0.1637002,0.140895,0.1359942,0.1807919,0.2383042,0.0788888,0.2116418,0.1719988,0.1585836,0.1895706,0.1955376,0.067868,0.1194568,0.1877602,0.1390144,0.181966,0.2984066,0.167532,0.0688722,0.1774662,0.3757304,0.1168102,0.2873978,0.2311164,0.0722856,0.1293884,0.1582692,0.0717512,0.2102036,0.1923528,0.1177086,0.139724,0.1591326,0.10987,0.1437112,0.2849344,0.106176,0.1416482,0.176331,0.1277858,0.1654466,0.1721398,0.0672068,0.154845,0.154911,0.1194136,0.1507098,0.2379636,0.1094772,0.2187888,0.1300356,0.0966162,0.1377358,0.1279808,0.2828698,0.1366956,0.1240738,0.1306556,0.096646,0.1039014,0.3557822,0.0825016,0.1338937,0.1993726,0.0931938,0.1535218,0.506514,0.10226,0.2529968,0.173781,0.1037118,0.207527,0.2397894,0.1039016,0.1331084,0.1623536,0.1023596,0.1709346,0.2193398,0.1019688,0.13597,0.1538596,0.1019936,0.14368,0.195011
0.0915778,0.1533524,0.3377048,0.1344716,0.1595998,0.198567,0.0957604,0.1490724,0.1833596,0.1118634,0.154928,0.3020202,0.0921124,0.12215,0.239665,0.1163318,0.1739782,0.2108496,0.0673414,0.2365862,0.1580756,0.1413196,0.1301042,0.2789554,0.1124738,0.1312608,0.1590622,0.1053756,0.1771182,0.1244358,0.1961368,0.0719324,0.1484302,0.1956224,0.1758624,0.1685622,0.254259,0.0733588,0.2047502,0.1611608,0.107228,0.1466866,0.1778934,0.0584176,0.1455842,0.1748412,0.1217044,0.1336288,0.2278846,0.0701242,0.1665066,0.1476662,0.0773512,0.2043136,0.1966372,0.059013,0.1323862,0.1571524,0.1158768,0.1161284,0.2703312,0.0800338,0.1943206,0.1209954,0.0995308,0.160367,0.5745942,0.1229138,0.1452132,0.3868336,0.1065264,0.1333237,0.463609,0.0747472,0.1487188,0.1359278,0.1474574,0.1737556,0.1912866,0.0913512,0.1478498,0.2704228,0.1305238,0.1624016,0.2507418,0.0810128,0.148571,0.2498306,0.0952594,0.1917012,0.2472588,0.0917434,0.1301092,0.160784,0.092002,0.1264672,0.1653936,0.1039828,0.1323542,0.165772,0.1412856,0.1352278,0.1814877,0.2382448,0.0781044,0.2103854,0.172145,0.1621412,0.189953,0.1953818,0.0675018,0.1183384,0.1889266,0.1405972,0.1794754,0.2973168,0.169001,0.0697094,0.1779376,0.374013,0.1169704,0.2879454,0.2326368,0.0729474,0.1298166,0.1571622,0.0704562,0.208263,0.195135,0.1162088,0.1402856,0.159764,0.1107564,0.1411396,0.287522,0.1041394,0.1425698,0.1773142,0.1280096,0.16392,0.1725106,0.06793,0.1547402,0.1549868,0.1189756,0.152601,0.2379638,0.1093038,0.2202976,0.129666,0.0966642,0.1370992,0.1297922,0.2849312,0.134587,0.1250924,0.1300066,0.0962002,0.1037428,0.3536956,0.082883,0.134189,0.2022642,0.0929088,0.1537604,0.5067446,0.1022094,0.253404,0.1740568,0.104271,0.208804,0.240398,0.1040828,0.1331124,0.1643872,0.102365,0.1722646,0.2172146,0.1024584,0.1357262,0.154146,0.1004252,0.1451182,0.1936562
0.091806,0.1533088,0.336072,0.1322446,0.1590034,0.1978476,0.0966276,0.1509878,0.1838146,0.1109546,0.1565962,0.2998284,0.091688,0.121316,0.2395066,0.1158452,0.174791,0.2133252,0.0675336,0.2374262,0.1573082,0.1422004,0.1296218,0.2798968,0.1130548,0.1323772,0.157057,0.1057516,0.177395,0.123998,0.1959988,0.0730554,0.146334,0.1961622,0.1758532,0.169058,0.2554016,0.0735814,0.2066648,0.1631552,0.1062008,0.1452338,0.1796416,0.0588752,0.1470034,0.1779734,0.1230372,0.1328498,0.2272476,0.0698884,0.164028,0.1479066,0.076124,0.2048446,0.1959924,0.0591796,0.132867,0.1557848,0.1147896,0.1151646,0.2718532,0.0800892,0.193168,0.1215178,0.0998658,0.1593388,0.5673496,0.1222572,0.1458388,0.3870764,0.1062852,0.1320421,0.4606184,0.0742132,0.148229,0.1370882,0.1476424,0.17695,0.190474,0.0897364,0.1483964,0.2693106,0.1291902,0.1648268,0.2507106,0.081374,0.1485522,0.2496958,0.095583,0.1914052,0.2461818,0.0913806,0.128495,0.1615602,0.0914734,0.1265714,0.1641452,0.1043954,0.1313662,0.1649672,0.1389056,0.1360286,0.1816007,0.2357148,0.0771632,0.2096572,0.1723178,0.1629652,0.1904688,0.1963524,0.067371,0.1163716,0.189943,0.1389036,0.1813258,0.2997012,0.1702862,0.069899,0.1783802,0.3711974,0.1165928,0.2858698,0.2326404,0.07264,0.1324114,0.1573864,0.0704042,0.208309,0.195192,0.1165796,0.140876,0.1602358,0.1108904,0.142687,0.2871732,0.1027296,0.145056,0.1759412,0.1280528,0.165591,0.1728788,0.0675232,0.1554214,0.1564106,0.1198018,0.1525892,0.2396862,0.1108438,0.2173,0.1293772,0.0969994,0.1374768,0.129518,0.2845514,0.1335554,0.1255046,0.1280064,0.0962916,0.1034778,0.348456,0.0826838,0.1352858,0.2036926,0.0909302,0.154801,0.5040732,0.1019442,0.2527448,0.1741928,0.1048174,0.2121036,0.2404934,0.102907,0.134791,0.164386,0.1031528,0.1717242,0.2162458,0.101676,0.1357532,0.1538048,0.1010608,0.1454654,0.1963362
0.0923948,0.1534856,0.3362578,0.13329,0.1595598,0.1975394,0.0958764,0.1491356,0.183854,0.111076,0.1562292,0.2991938,0.0916542,0.1207946,0.2394164,0.1150144,0.173122,0.212885,0.0669656,0.23575,0.1572474,0.1415734,0.1278334,0.28043,0.114895,0.1330874,0.1573418,0.106863,0.1773742,0.1247044,0.1960496,0.0741408,0.1451242,0.1984606,0.178011,0.1694762,0.2562828,0.0736312,0.2109226,0.1636114,0.1062106,0.144151,0.1806306,0.0593476,0.1475384,0.1779664,0.1187818,0.1338351,0.227225,0.0697198,0.1616648,0.1462104,0.075929,0.2045602,0.1972492,0.058649,0.1333752,0.1555296,0.1147822,0.1152462,0.2726974,0.0801926,0.1931802,0.1206432,0.100183,0.1590058,0.5675482,0.1224962,0.1448812,0.3879458,0.1053988,0.132335,0.4630626,0.074202,0.1503724,0.1377332,0.1449738,0.1746938,0.1875334,0.0897862,0.1491644,0.2679624,0.1291886,0.1651828,0.2493002,0.0820212,0.150926,0.250262,0.0941792,0.1912706,0.2475954,0.0918136,0.1282486,0.1614862,0.0913022,0.1262174,0.1636926,0.1046088,0.1307596,0.1664394,0.1368812,0.1350254,0.1805668,0.237477,0.0771572,0.209097,0.1715474,0.1650724,0.1889482,0.1980002,0.0682404,0.1148066,0.1898152,0.139485,0.1830936,0.299225,0.1708088,0.0705044,0.1777348,0.3748966,0.1165256,0.2834604,0.2331942,0.0722108,0.1348488,0.1577332,0.0713032,0.2059042,0.1938402,0.1171326,0.1407468,0.1604498,0.114127,0.1430774,0.29044,0.1035738,0.1447434,0.1772758,0.1295492,0.16511,0.1745642,0.0666328,0.1550248,0.1545902,0.118941,0.1549116,0.239855,0.1103364,0.2184784,0.1280854,0.0974288,0.1357376,0.1286328,0.2817804,0.133584,0.1248054,0.1271392,0.0953208,0.1026768,0.3494822,0.0824306,0.1344798,0.2035568,0.0908804,0.1546662,0.5023948,0.1018672,0.2546256,0.1734834,0.1045552,0.2116724,0.2375924,0.103021,0.1345608,0.163436,0.1031768,0.1704966,0.2160732,0.1019556,0.13726,0.1514806,0.1019562,0.1450236,0.1983288
0.0923884,0.1511076,0.340159,0.1338986,0.1593444,0.1976314,0.096189,0.148027,0.1858116,0.1104416,0.1548904,0.2961654,0.092996,0.1201344,0.2422742,0.1142564,0.173681,0.212456,0.0661056,0.2366778,0.1542012,0.1402726,0.1267618,0.2820014,0.1147786,0.1323892,0.1576524,0.1075272,0.1770078,0.1247668,0.1961442,0.0735782,0.1440454,0.1961708,0.1788018,0.168021,0.2583778,0.0732978,0.2100296,0.1656812,0.105437,0.1445056,0.1802248,0.0599038,0.1476538,0.1760348,0.119996,0.1348441,0.230216,0.0692352,0.1606984,0.145597,0.0765504,0.2064792,0.1986656,0.059684,0.1342542,0.1544322,0.1137492,0.1132274,0.2745682,0.0808412,0.1922994,0.1207172,0.0998644,0.1593394,0.5662654,0.1228102,0.1449518,0.3889334,0.1050514,0.1329012,0.460901,0.073409,0.1505542,0.13783,0.1426044,0.1735646,0.1867576,0.0901278,0.1491488,0.2679488,0.130656,0.165704,0.2479548,0.0819164,0.1499222,0.2482612,0.0931738,0.1914498,0.2474846,0.0926404,0.1295736,0.1600924,0.09076,0.1273108,0.164558,0.1038002,0.1312936,0.1672488,0.1367884,0.1341622,0.1786702,0.2442684,0.0777318,0.2088054,0.1716332,0.1662038,0.189244,0.1963592,0.067813,0.1154808,0.189084,0.14241,0.1791448,0.29815,0.1710276,0.0703366,0.1784812,0.3756264,0.117115,0.2864204,0.2327518,0.0729264,0.1362164,0.159174,0.070153,0.206153,0.191271,0.1165156,0.1417062,0.160774,0.114243,0.1401434,0.2939406,0.1037064,0.146578,0.1747728,0.128142,0.1628294,0.1742054,0.065815,0.153068,0.1522168,0.1190546,0.1542518,0.2430302,0.1130352,0.2195168,0.1279502,0.0977594,0.1345688,0.12766,0.2861638,0.1344928,0.1247298,0.1267528,0.095226,0.1027336,0.3537632,0.082377,0.1354326,0.2050296,0.0922146,0.1553382,0.5008728,0.1029266,0.2520188,0.1747996,0.1046862,0.211589,0.235535,0.1029294,0.1350664,0.1618272,0.104315,0.1682438,0.215091,0.1003806,0.1377532,0.1508616,0.1015242,0.1450576,0.1961578
0.0915698,0.151299,0.3436946,0.1358614,0.1583808,0.197337,0.0968092,0.1466306,0.183359,0.1099808,0.1559714,0.2962236,0.0941764,0.1205152,0.242552,0.1137154,0.1756286,0.2103378,0.066624,0.2383772,0.1545476,0.1410856,0.1267918,0.278546,0.1154728,0.1320714,0.1574216,0.107846,0.1778262,0.125795,0.1949784,0.0740924,0.1464352,0.1970608,0.1775078,0.1651496,0.2579966,0.0742192,0.2119348,0.1648042,0.1059122,0.1427566,0.17998,0.0602852,0.148272,0.1747686,0.1204506,0.1357391,0.229759,0.0699328,0.1611622,0.143823,0.0766622,0.2086434,0.1956066,0.0584362,0.1349688,0.1576137,0.1141594,0.1141908,0.2757992,0.0792464,0.1911054,0.1207364,0.0990194,0.1604098,0.5655928,0.1213482,0.1455084,0.3902772,0.1054074,0.1326804,0.4631266,0.0736102,0.149603,0.1385506,0.142393,0.1739382,0.1864438,0.0901694,0.1490572,0.2671474,0.1303092,0.167617,0.247139,0.0823484,0.1505964,0.249909,0.0933818,0.1925262,0.2470016,0.0934538,0.1285096,0.1592774,0.0916864,0.1290116,0.1648202,0.104694,0.1331994,0.1659682,0.1370082,0.1330932,0.176883,0.2439532,0.0780328,0.2078572,0.1705876,0.165701,0.1900774,0.1929958,0.0679912,0.1152096,0.1889048,0.1405442,0.1780354,0.2945574,0.1693454,0.0701918,0.1782828,0.3750686,0.1165218,0.2881272,0.2328328,0.073984,0.1370268,0.1593612,0.0691274,0.2043172,0.1892854,0.1160124,0.1410222,0.1603898,0.1152338,0.1400914,0.298336,0.1031318,0.145561,0.1765022,0.1276132,0.1642026,0.1723802,0.0661164,0.1527352,0.1532048,0.1195014,0.152169,0.2450482,0.112064,0.222171,0.1267756,0.099958,0.1336452,0.1266554,0.2881832,0.1343908,0.1246392,0.1238712,0.096867,0.10375,0.3541092,0.0819332,0.1360318,0.2047808,0.0915658,0.1579894,0.4801326,0.1036072,0.250982,0.1773238,0.1044014,0.2139222,0.236637,0.1029462,0.1349746,0.1617756,0.1027002,0.1685118,0.2155378,0.1013978,0.1376436,0.1497474,0.1020668,0.1439436,0.2003214
0.0911476,0.1513606,0.340616,0.1363668,0.1570968,0.1955608,0.0963452,0.1470468,0.1828542,0.110305,0.155393,0.2982406,0.0944074,0.1199676,0.240901,0.1136386,0.176603,0.2121588,0.0668088,0.2378274,0.1544622,0.1418904,0.1253154,0.2753856,0.1151174,0.1310138,0.1553176,0.1072586,0.1776726,0.1258666,0.1946156,0.0741942,0.1461048,0.1954622,0.1755832,0.1661902,0.2574364,0.0739984,0.214345,0.1648502,0.1069174,0.144035,0.180285,0.060164,0.1489742,0.1734036,0.1204072,0.1359791,0.228946,0.072023,0.160867,0.1421062,0.0769406,0.2096106,0.1961272,0.0582908,0.1353678,0.1571289,0.1147162,0.1149878,0.276253,0.0799842,0.1914232,0.1203716,0.0995794,0.159665,0.568592,0.1209594,0.1460338,0.3902608,0.1052682,0.1324216,0.4636016,0.0736922,0.1501664,0.137316,0.1427372,0.1731124,0.1886534,0.0893304,0.1509998,0.2632708,0.1305976,0.1686282,0.248595,0.0820636,0.1496156,0.2471502,0.0927528,0.1924798,0.2465354,0.0932988,0.1274206,0.1616834,0.091682,0.1303552,0.1665246,0.104307,0.1336728,0.1660792,0.1370524,0.1310502,0.1788434,0.2437544,0.0798438,0.2088076,0.1725578,0.1678942,0.1892498,0.190244,0.0682408,0.1152044,0.1874674,0.140906,0.179522,0.2919818,0.1687286,0.0709812,0.1775162,0.3703064,0.1158686,0.2874252,0.2304922,0.073855,0.1363798,0.1629196,0.068954,0.2063308,0.1908192,0.1174342,0.142563,0.1576028,0.1155584,0.1400632,0.3010154,0.1027436,0.146652,0.175848,0.1259808,0.1637352,0.170419,0.0659684,0.1536178,0.1515734,0.1199506,0.1523906,0.2450416,0.1117542,0.219833,0.126839,0.0999262,0.1323894,0.125995,0.2875824,0.1354978,0.1242544,0.1255716,0.0955304,0.1039238,0.352305,0.0816016,0.137221,0.2054176,0.092143,0.1559124,0.4774178,0.103774,0.2504024,0.1769242,0.1045336,0.2121964,0.2405046,0.1045044,0.1352328,0.1591974,0.1032204,0.1679582,0.2151062,0.1006752,0.1366776,0.1495654,0.1014718,0.1448838,0.2016814
0.0915916,0.1519014,0.339054,0.136255,0.1566148,0.1942278,0.0964352,0.147563,0.1807064,0.1121046,0.1547642,0.3000796,0.092507,0.119024,0.240915,0.1143554,0.176243,0.210369,0.0674222,0.2367592,0.1546832,0.1407868,0.1254218,0.2773162,0.1147254,0.131953,0.155971,0.1071284,0.1777192,0.1240206,0.1928544,0.0728074,0.148312,0.1964898,0.175569,0.1668878,0.2588226,0.0742384,0.2153828,0.1655328,0.1053952,0.14458,0.1803368,0.060893,0.1491946,0.17454,0.122921,0.1367159,0.2285282,0.0722574,0.1606624,0.143876,0.0761852,0.2095092,0.1971112,0.0597358,0.1356166,0.1588445,0.1140276,0.113438,0.2758556,0.0799288,0.1927204,0.1219608,0.0989428,0.1572018,0.5655588,0.1223078,0.1455166,0.3884078,0.1025028,0.1323112,0.4646206,0.073785,0.149718,0.1379994,0.1412266,0.172501,0.1883828,0.0899552,0.1503142,0.262835,0.12921,0.1678336,0.249354,0.0828416,0.1488982,0.2481982,0.0936742,0.1948326,0.245988,0.0934764,0.1269242,0.159712,0.0921334,0.1309742,0.166321,0.1039622,0.1334944,0.1676258,0.1366708,0.1319074,0.1781392,0.2473404,0.0792358,0.2077612,0.172038,0.164929,0.188207,0.1904636,0.0682744,0.116221,0.1913674,0.1414748,0.1768022,0.2932872,0.167318,0.0714314,0.176765,0.3669812,0.1165756,0.2876862,0.23004,0.0742918,0.1364982,0.1619544,0.0686478,0.2072424,0.1921372,0.1172846,0.1414518,0.1572152,0.1163984,0.1408932,0.2997219,0.1022218,0.1465432,0.1743298,0.1251292,0.1628988,0.1703884,0.0654058,0.1559288,0.1523574,0.1204844,0.1511648,0.2474986,0.1120574,0.220225,0.1266632,0.0994238,0.1316246,0.1254778,0.2873922,0.1341208,0.1245318,0.124682,0.096531,0.104609,0.3472858,0.0817194,0.1389396,0.2092318,0.0959842,0.1562092,0.4823312,0.1040722,0.2499344,0.176155,0.1047234,0.2121304,0.2408194,0.1044978,0.1357314,0.1588918,0.103658,0.1678248,0.2140024,0.100691,0.1361084,0.149032,0.1029188,0.1451118,0.2028604
0.0910924,0.1536918,0.3389542,0.1352778,0.156795,0.1938054,0.0960502,0.1466624,0.180782,0.1116522,0.1544182,0.3006996,0.0927842,0.1193886,0.2403738,0.1141862,0.1762056,0.2122672,0.0677628,0.2358566,0.1535268,0.1417724,0.1267164,0.2775582,0.1150544,0.1326714,0.1564736,0.1067378,0.180595,0.1258026,0.1897144,0.072859,0.1462298,0.1948184,0.1754796,0.167071,0.2580402,0.0751208,0.2172216,0.1648912,0.1064627,0.1455532,0.1779686,0.0593014,0.1502362,0.173222,0.1246854,0.1367111,0.2288744,0.0721442,0.1604688,0.1429282,0.0746362,0.2084166,0.1947116,0.0600952,0.1375432,0.1582333,0.1141888,0.1149232,0.2768344,0.0800452,0.1906846,0.1221522,0.100333,0.1577088,0.5653906,0.1219088,0.1459458,0.3866792,0.1010892,0.1306172,0.4632518,0.0731844,0.1501196,0.1375696,0.1393548,0.1746194,0.189261,0.0895662,0.149456,0.2631706,0.1286218,0.1674346,0.2494546,0.08296,0.150104,0.2500412,0.091624,0.1915604,0.2437182,0.0930518,0.125837,0.1589864,0.0917314,0.129878,0.1659142,0.1040544,0.1334324,0.166813,0.1369002,0.132251,0.1791288,0.249599,0.0780894,0.207888,0.1707952,0.1683158,0.1883072,0.1917952,0.0678642,0.1167408,0.1906038,0.139933,0.1753438,0.2924242,0.172537,0.0722654,0.1764874,0.364253,0.1155336,0.2902752,0.2299452,0.0744564,0.1360918,0.1633034,0.0688744,0.207535,0.1932724,0.1174724,0.1411558,0.1579396,0.1170888,0.1398826,0.3023393,0.101242,0.1475516,0.1751174,0.125123,0.1650148,0.1701932,0.0662104,0.1560084,0.150624,0.1205144,0.153236,0.2504474,0.1102508,0.2184442,0.1263118,0.0986984,0.1312488,0.1231728,0.2865238,0.1325556,0.1231738,0.1239944,0.0967102,0.1048638,0.355225,0.082186,0.1394614,0.2102508,0.0957426,0.1581346,0.4898864,0.1035436,0.2529138,0.1777206,0.1049872,0.2110306,0.2422832,0.103681,0.1363448,0.1578906,0.1028492,0.1680868,0.2145982,0.1010026,0.136589,0.149617,0.1019308,0.1457414,0.2032048
0.0930126,0.1539988,0.3384834,0.1353586,0.1564212,0.1932438,0.096469,0.1455706,0.184829,0.1115154,0.1521724,0.3022754,0.0922548,0.1198658,0.2407836,0.1147622,0.178352,0.2121942,0.0670238,0.2372732,0.1524026,0.1410656,0.126844,0.275457,0.1148858,0.1325798,0.1552972,0.1073194,0.1832006,0.1258042,0.1890365,0.0722056,0.1463852,0.1983186,0.1752522,0.166153,0.2585296,0.0746342,0.2149912,0.1627812,0.1066059,0.143876,0.1759422,0.0581208,0.1492728,0.171737,0.1239988,0.1352177,0.2270124,0.0719866,0.1601728,0.1415578,0.0742872,0.2076978,0.1950108,0.059839,0.1367358,0.1602813,0.1143108,0.1146434,0.272531,0.0801862,0.187932,0.1216996,0.1008466,0.1587508,0.5701022,0.121775,0.14728,0.3843286,0.1010222,0.1304236,0.4663524,0.0738088,0.1509892,0.1364476,0.1394792,0.17405,0.1927186,0.0892024,0.149329,0.2652782,0.1269996,0.1673564,0.2519982,0.0837172,0.1501376,0.249036,0.0923598,0.1910278,0.2446482,0.0928258,0.1263968,0.1618678,0.0916792,0.1286614,0.1660614,0.104415,0.1323228,0.16504,0.1381952,0.1332018,0.1794556,0.2487032,0.078483,0.207378,0.1703536,0.1663812,0.1870864,0.1908478,0.0679214,0.1163882,0.1900314,0.1411434,0.1744526,0.2953176,0.1752716,0.0728996,0.1767362,0.3725348,0.1149872,0.29,0.2290398,0.073557,0.1346564,0.167365,0.0685132,0.2061248,0.1936352,0.1187836,0.1443176,0.1580578,0.1181444,0.1422494,0.3015094,0.101985,0.1460946,0.1744288,0.1265834,0.1640218,0.1706034,0.0665992,0.1549484,0.151589,0.1199208,0.1519648,0.2518866,0.1109744,0.2185302,0.1276684,0.0997268,0.1301852,0.1231494,0.2873844,0.1326842,0.1250104,0.1229908,0.0967612,0.1055272,0.356961,0.0825718,0.1397886,0.2139342,0.0947938,0.157927,0.4945686,0.10428,0.2534492,0.1759838,0.1051252,0.2105748,0.2414638,0.1040054,0.1348182,0.1554634,0.1024252,0.1677748,0.2146998,0.100488,0.1361468,0.1492848,0.1025568,0.1438416,0.2010828
0.0930426,0.1560696,0.3384252,0.1363846,0.1564826,0.1965372,0.0963028,0.1470342,0.1886726,0.1121426,0.1518666,0.2991166,0.0937038,0.119216,0.241938,0.1149116,0.1772208,0.2125576,0.0688572,0.2373162,0.1518438,0.1428078,0.1258928,0.2725014,0.1152136,0.1327618,0.1545836,0.1074556,0.1814432,0.1256248,0.1894953,0.0724944,0.1449054,0.1993744,0.1782802,0.165131,0.2550628,0.0736364,0.2144266,0.1615828,0.1056866,0.1434712,0.175379,0.058416,0.148891,0.1701548,0.1209464,0.1349435,0.2262744,0.0726,0.159637,0.143101,0.0737808,0.2079442,0.194283,0.0596904,0.1373798,0.1605329,0.1136586,0.1161516,0.2731888,0.0821356,0.186037,0.1216308,0.1011352,0.1580368,0.5663128,0.1217072,0.1468006,0.386812,0.101088,0.1300966,0.4693688,0.0733618,0.150628,0.137744,0.1397128,0.175216,0.1941262,0.0891998,0.1473424,0.2642408,0.1312884,0.1675352,0.2509218,0.0831336,0.1495258,0.2458656,0.093039,0.1905052,0.2431306,0.0935502,0.1261376,0.1619628,0.0914824,0.1276042,0.1708518,0.1056144,0.1320542,0.1652004,0.1387114,0.1326034,0.1769652,0.2492104,0.0783358,0.2026856,0.1713268,0.166645,0.1892564,0.190647,0.068355,0.1173144,0.1922696,0.1394688,0.1756034,0.2932768,0.1750642,0.0727338,0.1752214,0.3766602,0.1147414,0.2876554,0.2293372,0.0735282,0.1341566,0.167511,0.0685128,0.2049742,0.1941468,0.1166124,0.1436486,0.155676,0.1186092,0.1435914,0.3044696,0.1006496,0.1460514,0.176931,0.126355,0.1639176,0.1691096,0.0667278,0.1545546,0.1498984,0.1199634,0.1515612,0.2543388,0.110658,0.2186374,0.1287512,0.1004578,0.1320468,0.1259344,0.2853938,0.1321978,0.125104,0.1221122,0.0968418,0.1060658,0.3559092,0.0833738,0.1390824,0.213589,0.0928286,0.1549452,0.495791,0.1037228,0.2567846,0.1760044,0.106547,0.2107854,0.2408792,0.1022338,0.1348052,0.1558386,0.1019734,0.1682958,0.2153692,0.10108,0.134853,0.1502394,0.102058,0.1421378,0.2037426
0.094104,0.1561768,0.3350908,0.1361192,0.1557142,0.194757,0.0967432,0.1469652,0.1901316,0.1119942,0.15187,0.2956088,0.0935284,0.1200928,0.2464528,0.114678,0.1749394,0.2143108,0.068828,0.2357298,0.1507522,0.143204,0.1273878,0.2708654,0.1144186,0.1333318,0.1532312,0.107933,0.1818648,0.1236608,0.1894993,0.0719728,0.1445286,0.1988954,0.1769598,0.164167,0.2543048,0.073984,0.212666,0.1618088,0.1044556,0.1448454,0.1772214,0.0596164,0.149563,0.1704232,0.122762,0.1358601,0.2258056,0.0731506,0.16038,0.1437466,0.073694,0.2077702,0.1963242,0.0596198,0.1362112,0.1611654,0.113623,0.1150104,0.2718464,0.0805552,0.183871,0.1208276,0.101812,0.1583692,0.5689698,0.1222152,0.1484612,0.3849296,0.101638,0.129182,0.4671558,0.071662,0.150391,0.1368932,0.1403632,0.1754756,0.1954898,0.0891326,0.14545,0.2637802,0.13268,0.1684196,0.2478728,0.0829472,0.1495084,0.2414284,0.0927568,0.190527,0.2447916,0.0935486,0.1280128,0.1612986,0.092233,0.1278782,0.1728234,0.104002,0.1322754,0.1634216,0.137356,0.131157,0.1787868,0.2480446,0.0802544,0.2050078,0.171068,0.1670958,0.1868288,0.1905412,0.0685014,0.116198,0.1915756,0.139355,0.176891,0.2945456,0.174113,0.0733446,0.1748204,0.3813402,0.1149782,0.288988,0.2302046,0.0721682,0.134642,0.1652902,0.0681186,0.2046428,0.1930326,0.1174614,0.1436558,0.1554336,0.1182122,0.143164,0.3050128,0.1012252,0.1470874,0.1762434,0.125784,0.1633362,0.1679704,0.0669814,0.154721,0.1486416,0.1193604,0.1533776,0.254717,0.1110074,0.2151778,0.128543,0.0999628,0.1324722,0.1243378,0.2857418,0.1336938,0.1255296,0.123036,0.0967732,0.103825,0.3567918,0.0829544,0.1395224,0.2165172,0.0913674,0.1548398,0.5033898,0.104365,0.25799,0.172535,0.1069534,0.2114078,0.2402296,0.102735,0.1344966,0.1558574,0.1019462,0.1666912,0.2144758,0.1005818,0.1356942,0.1492388,0.1026856,0.1418814,0.2021188
0.0948572,0.156604,0.3379604,0.1366594,0.1567464,0.192682,0.0961312,0.1460768,0.1896982,0.1132512,0.1518888,0.2975578,0.0927548,0.1202422,0.2457442,0.1155144,0.172162,0.2148296,0.0683638,0.2347322,0.1494452,0.1411642,0.1267326,0.2688738,0.1138522,0.1329754,0.1547604,0.1086546,0.1832474,0.1228726,0.1882826,0.0733414,0.1446994,0.2063452,0.1771898,0.1643846,0.2523778,0.0738142,0.2163858,0.164181,0.103448,0.1449584,0.1764302,0.059835,0.1478486,0.1708782,0.1227382,0.1363801,0.2225142,0.0726752,0.1597368,0.1437404,0.074012,0.2079022,0.1968994,0.059828,0.1371904,0.1591584,0.1129982,0.114676,0.2718058,0.0805654,0.1838314,0.120572,0.1022208,0.1608152,0.5634298,0.1227256,0.1489456,0.3859842,0.100107,0.1288138,0.4684788,0.0703418,0.1511222,0.135655,0.1412218,0.1759234,0.1960742,0.0885964,0.1449642,0.2619602,0.1292742,0.1681362,0.2482712,0.0826966,0.148018,0.2406268,0.0928072,0.1912494,0.2455564,0.0935296,0.1280916,0.1642392,0.0920452,0.1278568,0.1725084,0.104081,0.1317944,0.1661604,0.1377842,0.1311572,0.1787628,0.2493826,0.0800296,0.207947,0.1730986,0.1668794,0.1859772,0.1874222,0.067809,0.116191,0.190883,0.1387786,0.1773232,0.2928844,0.1716896,0.0730352,0.1754262,0.3850874,0.1141772,0.2867632,0.2294864,0.073487,0.134334,0.1651036,0.0684668,0.2050022,0.1928224,0.1182878,0.1445496,0.153629,0.1180252,0.1425392,0.3054708,0.1022072,0.1470334,0.1763088,0.1247564,0.1627272,0.1681248,0.0667096,0.1536466,0.1470888,0.119153,0.1534998,0.2567204,0.1111558,0.2154136,0.1268158,0.1011934,0.1317496,0.1248966,0.2814286,0.1329382,0.1254644,0.123733,0.0967176,0.1043046,0.3545862,0.082942,0.13994,0.2168488,0.0912338,0.155069,0.504459,0.104829,0.2541264,0.1739046,0.1066462,0.2111348,0.238218,0.1035858,0.1351086,0.156573,0.1018424,0.1661256,0.209966,0.099325,0.1366938,0.148667,0.103774,0.1402944,0.2018332
0.0948076,0.156921,0.335699,0.1384248,0.1557812,0.1950436,0.0954734,0.1454198,0.1910656,0.1131594,0.1533396,0.2927778,0.0932814,0.1209654,0.2470182,0.115474,0.1732388,0.2148636,0.0679202,0.2352762,0.149436,0.1419814,0.1294396,0.2692196,0.1144286,0.134264,0.153752,0.1095538,0.1848014,0.122578,0.1891036,0.0732082,0.1441932,0.2061326,0.1766054,0.1654182,0.2526952,0.0735178,0.215598,0.1643904,0.105561,0.1455172,0.1765922,0.062888,0.146999,0.171935,0.1239898,0.1355759,0.2219138,0.0709382,0.1609584,0.1422428,0.074456,0.2069434,0.1985484,0.0601186,0.1357438,0.1571126,0.1141804,0.115159,0.2752282,0.0810458,0.1828304,0.1199592,0.1022404,0.1589428,0.5660766,0.1229342,0.1495498,0.3891268,0.1002204,0.1282308,0.4678992,0.0692512,0.1505052,0.1358252,0.1406444,0.1755218,0.1966578,0.0888226,0.1452534,0.2603252,0.1294142,0.167113,0.2478232,0.0828866,0.1463288,0.240233,0.0938756,0.1908236,0.244258,0.0939912,0.1279894,0.1652474,0.0921398,0.1263156,0.1733574,0.105482,0.1317526,0.1670094,0.1386442,0.1312052,0.1788772,0.2527376,0.0794908,0.2111302,0.1713774,0.169955,0.1855702,0.1878916,0.0675974,0.1156096,0.1913942,0.137059,0.1773468,0.2911518,0.1727518,0.0730962,0.1767834,0.3858114,0.1178844,0.285588,0.2287498,0.0728706,0.1329818,0.1644594,0.0679012,0.2037414,0.1936446,0.1204306,0.1445276,0.1547098,0.1183504,0.1413216,0.303388,0.1001566,0.147508,0.1759154,0.1256766,0.1616258,0.1694514,0.0682226,0.1541936,0.1470196,0.11872,0.1556684,0.258167,0.1114654,0.2136436,0.1269338,0.1022924,0.1310978,0.12339,0.286187,0.1332038,0.1254224,0.1247894,0.0965364,0.1032766,0.3529492,0.0836184,0.139661,0.2152226,0.0911428,0.1556938,0.5109882,0.1036396,0.2522046,0.1747232,0.1064696,0.2098438,0.2360594,0.1045724,0.1349736,0.1564492,0.1019552,0.1641894,0.2127768,0.0993818,0.1336338,0.1487414,0.1035702,0.1394398,0.2012432
0.0946552,0.1564524,0.3344856,0.1328176,0.1572932,0.1956504,0.095576,0.14498,0.1894482,0.1117364,0.1526386,0.2911184,0.0936842,0.121033,0.246047,0.1176446,0.1726262,0.2159782,0.0666478,0.2342514,0.1473328,0.1424598,0.1298472,0.2667152,0.1147022,0.1337914,0.1536774,0.1109914,0.18463,0.1252806,0.1914908,0.0730574,0.1444224,0.2085268,0.1766178,0.1639748,0.25195,0.0749378,0.2176278,0.165712,0.1063318,0.1464764,0.1761,0.0617404,0.1455888,0.1721482,0.1228002,0.1359519,0.2219034,0.0718628,0.159838,0.143547,0.0750418,0.2053958,0.2015456,0.0616992,0.134684,0.1558566,0.1138204,0.1147172,0.271822,0.0816146,0.1827598,0.1192264,0.1027198,0.1595284,0.5691886,0.1215636,0.1486834,0.3845706,0.0989408,0.1281762,0.4664208,0.0683416,0.1499564,0.136329,0.1406798,0.1753484,0.1974046,0.0891172,0.1493238,0.2613504,0.1285752,0.1666146,0.2476686,0.0829136,0.1460746,0.2449014,0.0938016,0.190127,0.246256,0.0937668,0.1278742,0.1654888,0.0918954,0.127046,0.1721812,0.1042046,0.1327392,0.1687202,0.1377502,0.132273,0.179358,0.2549186,0.0802892,0.2104514,0.1708616,0.1686286,0.1867268,0.1896822,0.0674158,0.1151564,0.1909064,0.1386582,0.1768312,0.2853492,0.1718866,0.0725116,0.1751738,0.3798796,0.118197,0.2834266,0.229319,0.0714802,0.1328456,0.1630876,0.0675748,0.2014898,0.1938606,0.1208906,0.1446884,0.153309,0.118308,0.1390392,0.3016942,0.1019922,0.14814,0.17667,0.1257336,0.1621294,0.170216,0.0675458,0.1580012,0.147296,0.1187224,0.153908,0.2577142,0.1130686,0.2153954,0.1261654,0.1034188,0.1316934,0.1211922,0.2878176,0.1334578,0.1254118,0.1242394,0.096388,0.1034464,0.3518048,0.0832852,0.1391502,0.2207194,0.0909012,0.1546978,0.5080058,0.103916,0.2537986,0.1730876,0.1071696,0.2057962,0.233473,0.103252,0.1348508,0.155066,0.1014704,0.1648764,0.2142268,0.0990022,0.1347768,0.1494712,0.1042532,0.138422,0.2011936
0.0949538,0.1556298,0.3396404,0.13245,0.1576824,0.1952356,0.0947778,0.144829,0.1907584,0.1108978,0.1542736,0.2890084,0.0942336,0.1197846,0.2432398,0.1181194,0.1711694,0.216031,0.0662768,0.2328282,0.1464932,0.1430362,0.1317356,0.2664632,0.1134094,0.134362,0.1515944,0.110435,0.1845392,0.126079,0.1918994,0.0757986,0.145406,0.2080732,0.1767696,0.1632254,0.2525298,0.0746326,0.2166042,0.165452,0.1064002,0.1446346,0.1751252,0.0621788,0.1458784,0.1713138,0.1229476,0.1360388,0.2198462,0.0725214,0.161054,0.1421802,0.073434,0.2055556,0.1997226,0.0605922,0.1348858,0.1568832,0.1142506,0.1146888,0.2695852,0.0815248,0.1837992,0.1195296,0.1026508,0.160578,0.5724726,0.120405,0.1503576,0.3878184,0.1009248,0.130271,0.4678782,0.0690208,0.1496956,0.1369272,0.1408978,0.1744424,0.1979788,0.0902138,0.1499288,0.2627474,0.1282398,0.1656378,0.2459698,0.0822876,0.1467984,0.2456676,0.0937068,0.190296,0.2441102,0.0946476,0.1268842,0.163434,0.0924258,0.1281656,0.175468,0.104382,0.1315262,0.1730604,0.1378648,0.1333564,0.1791168,0.2548812,0.0796052,0.2122546,0.171587,0.168302,0.1857828,0.187074,0.0673314,0.1158146,0.1902544,0.1395918,0.1774278,0.2848998,0.17207,0.0731754,0.1743564,0.3788032,0.1183662,0.2810818,0.227715,0.0712754,0.1328684,0.16317,0.067619,0.2016866,0.1973678,0.1217268,0.1444132,0.1515816,0.1196264,0.138415,0.3037057,0.1015806,0.1461428,0.1759902,0.1266504,0.1611368,0.1710548,0.0669896,0.1599708,0.1472728,0.1182812,0.152876,0.2600712,0.1122054,0.21564,0.1271236,0.1015954,0.1293206,0.1203324,0.2890468,0.1350498,0.1239864,0.1258838,0.09707,0.1042824,0.3516708,0.0837648,0.1404468,0.2176404,0.0909788,0.15567,0.5109636,0.10402,0.2538046,0.1756254,0.1064576,0.2051256,0.2334518,0.0987066,0.13478,0.15615,0.1021594,0.1662898,0.214724,0.100072,0.1355226,0.1496888,0.1036742,0.1383604,0.202194
0.0941732,0.1559432,0.3366734,0.1332212,0.1562654,0.1951136,0.0942062,0.1457662,0.1893912,0.1112934,0.1533606,0.2868744,0.0939834,0.1200718,0.2439242,0.1186822,0.171003,0.2168114,0.0673956,0.2312984,0.147703,0.1430232,0.1319614,0.2666486,0.1144008,0.1327096,0.1521652,0.1103478,0.1848296,0.1249038,0.1935828,0.0750078,0.1448852,0.2082578,0.1764718,0.1635918,0.2549764,0.0747166,0.2158332,0.168627,0.1054792,0.1446824,0.174734,0.062704,0.1454672,0.1703542,0.122402,0.136904,0.2194256,0.0729896,0.1610798,0.1423168,0.0740548,0.2073218,0.1986216,0.0609998,0.1354752,0.1585208,0.1132024,0.115865,0.270447,0.0821686,0.184686,0.1203052,0.1016606,0.1594424,0.574647,0.1199072,0.1489688,0.386059,0.0996178,0.1297122,0.4673284,0.0693972,0.1515204,0.1370062,0.1414438,0.1734394,0.1952856,0.0902734,0.150023,0.2638834,0.1306284,0.1650346,0.2475556,0.0815352,0.1463948,0.2444198,0.0938092,0.190441,0.2440489,0.0943014,0.1268576,0.1661972,0.0918864,0.1299518,0.176191,0.1045464,0.1308314,0.1722072,0.1379812,0.1351352,0.177288,0.255845,0.0805226,0.210825,0.170325,0.1668556,0.18454,0.186878,0.0673998,0.1155786,0.1922352,0.13924,0.1782576,0.2835068,0.177424,0.073519,0.1733198,0.3765792,0.1177934,0.2820076,0.2282,0.0711288,0.1333102,0.1641108,0.0672876,0.2014002,0.1962662,0.1209872,0.1455924,0.1503144,0.1213132,0.1397826,0.3023844,0.1003298,0.1466868,0.1757262,0.1272416,0.1588616,0.1725644,0.0670702,0.1603428,0.1471396,0.1186524,0.1527532,0.2581064,0.1118764,0.2136662,0.1273452,0.1036158,0.1282826,0.1234976,0.2880392,0.135268,0.1249348,0.1256198,0.0961488,0.102837,0.3503084,0.0833648,0.139744,0.217711,0.0903314,0.1571982,0.5081986,0.1057398,0.2514668,0.17589,0.1060626,0.2023156,0.2358126,0.097628,0.1337626,0.156155,0.1027036,0.1678918,0.2131228,0.1000124,0.1347446,0.1485764,0.1026744,0.1407126,0.2032886
0.0945134,0.1566324,0.3368042,0.1336978,0.1548418,0.196554,0.0941612,0.1445226,0.18998,0.1118208,0.1528108,0.282585,0.0948384,0.119376,0.2459652,0.1183932,0.1709818,0.2197088,0.0678852,0.2313788,0.147984,0.1433394,0.132193,0.2683974,0.1143288,0.1332266,0.1513538,0.1104272,0.1851234,0.1253144,0.1931286,0.0743898,0.1430334,0.2076748,0.1764852,0.1627446,0.2528034,0.0745134,0.2184208,0.1666848,0.1056764,0.142908,0.1758222,0.0621148,0.14401,0.1717082,0.1235662,0.135439,0.2188298,0.0726836,0.1616568,0.1407768,0.0740448,0.2069484,0.1992478,0.060812,0.1352246,0.159099,0.1135054,0.1157852,0.2725428,0.081241,0.1833422,0.1205436,0.101696,0.1595984,0.5708734,0.1167984,0.150505,0.385699,0.0994914,0.1308096,0.4613316,0.0694886,0.1523426,0.135957,0.1400038,0.173033,0.1970276,0.0894186,0.1504002,0.2625784,0.1310664,0.1662154,0.249773,0.0817852,0.143714,0.242988,0.0945098,0.187551,0.2452641,0.0951904,0.1266178,0.1655552,0.0928244,0.12966,0.1769371,0.1031898,0.1300302,0.1718648,0.1369468,0.1346354,0.177653,0.2516012,0.079787,0.212767,0.1690552,0.1687552,0.1839356,0.1866462,0.0681506,0.1163302,0.1907814,0.1406224,0.1772738,0.2814184,0.1780252,0.073265,0.174885,0.376885,0.1174372,0.278631,0.2300692,0.0711306,0.1317464,0.1621708,0.067209,0.19739,0.1964596,0.122253,0.1456662,0.1502656,0.1205798,0.1404938,0.3048276,0.1004528,0.1469288,0.1746014,0.1299938,0.1580126,0.1711876,0.0670746,0.1615756,0.1488824,0.119588,0.1526074,0.2621538,0.1109034,0.2163136,0.1270604,0.104618,0.1265504,0.1218058,0.2871124,0.1348174,0.1243556,0.1255452,0.0969854,0.105932,0.3547676,0.0821964,0.1411036,0.2187644,0.0910578,0.1566234,0.509636,0.1054426,0.2535756,0.1774506,0.1066664,0.2012792,0.2348636,0.0972922,0.134422,0.1567836,0.1033514,0.167098,0.2150026,0.0999274,0.1337862,0.149876,0.102841,0.1411028,0.2020722
0.0947654,0.154727,0.3368754,0.135042,0.1554562,0.1957676,0.0947428,0.1452672,0.188873,0.1121356,0.1548776,0.2803058,0.0937842,0.1185714,0.2430524,0.1172062,0.1725614,0.2194786,0.0669336,0.2300352,0.149081,0.1422338,0.1322348,0.2680816,0.1133174,0.13353,0.1514742,0.1104344,0.1872816,0.124427,0.1926914,0.0747626,0.1420852,0.211712,0.175917,0.1614056,0.2529328,0.0745888,0.2180846,0.1675002,0.1061184,0.1431054,0.1768986,0.0606402,0.144989,0.1731618,0.1263378,0.1348382,0.2225284,0.074087,0.1636568,0.1409834,0.072876,0.2055276,0.2003766,0.063344,0.1342028,0.157986,0.1150046,0.1168176,0.275059,0.0804252,0.1817612,0.1210462,0.1011894,0.1598762,0.5725692,0.1168098,0.1502302,0.3908696,0.1011578,0.1291978,0.4663992,0.069081,0.1517974,0.1355268,0.1403622,0.1741758,0.1985694,0.0886302,0.1502648,0.2616652,0.1318864,0.1665284,0.249,0.0810292,0.145187,0.2437596,0.0934666,0.186042,0.2461395,0.094996,0.1266388,0.166861,0.0924326,0.1297222,0.1768689,0.1038416,0.1297116,0.172546,0.1377252,0.1323604,0.1806814,0.2536438,0.0796154,0.2107418,0.1686314,0.1695062,0.1821996,0.1861012,0.0672596,0.1160048,0.189426,0.1418564,0.1791774,0.2781254,0.1782828,0.0735538,0.1761258,0.3699168,0.1166502,0.2791374,0.2257712,0.0716866,0.1330112,0.1613534,0.0677662,0.1965132,0.1967798,0.1246218,0.145588,0.150856,0.1202192,0.1409664,0.3040834,0.100902,0.1486494,0.1728902,0.1295628,0.15656,0.1724986,0.0669588,0.1619468,0.1492864,0.119977,0.1521136,0.261959,0.1122074,0.2139634,0.126396,0.1043498,0.1277482,0.121845,0.283955,0.134676,0.124266,0.1234474,0.0965922,0.1044408,0.3587878,0.08163,0.142303,0.2198022,0.0908548,0.1557084,0.508825,0.1044922,0.2532208,0.1774334,0.1077888,0.2002682,0.2336628,0.0975856,0.1343408,0.1570618,0.1036146,0.1668446,0.2173182,0.1006912,0.133356,0.1503572,0.1010186,0.1417968,0.201767
0.0944152,0.152422,0.3350662,0.1330942,0.1562166,0.1952116,0.0940044,0.1446294,0.1913086,0.1111714,0.1552588,0.2775504,0.0941284,0.117798,0.2469132,0.117548,0.1727006,0.2184456,0.066563,0.2322356,0.1485384,0.1424266,0.131827,0.2698662,0.1129728,0.1339754,0.1506688,0.1101952,0.185986,0.1238066,0.1940026,0.0739712,0.1417556,0.2118016,0.1744388,0.160881,0.2531572,0.074096,0.217503,0.1684408,0.1054676,0.1432852,0.179655,0.060899,0.145779,0.1713952,0.1260302,0.1341166,0.2238048,0.0734566,0.161688,0.14018,0.0719164,0.2022246,0.1983696,0.062893,0.1339134,0.1570382,0.1152478,0.1163764,0.2709958,0.0808032,0.17885,0.1209288,0.1008888,0.1615182,0.5740818,0.118196,0.151507,0.3897734,0.0998432,0.129443,0.4618368,0.0693624,0.1523106,0.1354552,0.142505,0.1761138,0.1990792,0.0887028,0.1505108,0.2614658,0.1306832,0.1651284,0.2474556,0.0822176,0.144605,0.24202,0.0928024,0.1860356,0.2451699,0.094969,0.1261442,0.1700996,0.0921436,0.129912,0.1746391,0.104947,0.1278864,0.1729764,0.1381908,0.134146,0.1825332,0.2523224,0.0791822,0.2097526,0.1692628,0.1686718,0.1818576,0.1861792,0.0676872,0.1141288,0.1912876,0.1430926,0.179531,0.281388,0.1776364,0.0734332,0.176088,0.365123,0.1162176,0.2786144,0.2270358,0.0725438,0.1327868,0.1613054,0.066434,0.19753,0.1979398,0.125903,0.1463264,0.1495304,0.1200968,0.1416883,0.3035329,0.0987484,0.1482316,0.1707442,0.1282798,0.1601102,0.1743596,0.0678726,0.1625132,0.148661,0.1192736,0.153682,0.2569794,0.1097572,0.2158846,0.1294532,0.1049504,0.127678,0.12172,0.282655,0.1359772,0.1228952,0.1248772,0.0966336,0.1035108,0.3613088,0.0811284,0.1426528,0.2225034,0.091824,0.1558088,0.5086434,0.104061,0.254429,0.1789966,0.108275,0.2036664,0.233794,0.097693,0.1347972,0.1569088,0.1029894,0.1668832,0.2190708,0.1017034,0.133937,0.15045,0.1022432,0.1402448,0.2029972
0.0951612,0.1525606,0.3377574,0.1330514,0.1550296,0.1923626,0.0940374,0.1441534,0.1916078,0.112247,0.1562366,0.2774872,0.094395,0.1178804,0.2464054,0.1166576,0.1730172,0.2161944,0.0662968,0.2317004,0.1494868,0.14234,0.1294746,0.2680692,0.112138,0.135134,0.1495704,0.1106256,0.1843768,0.123195,0.193585,0.074108,0.1417354,0.2134966,0.174962,0.1626192,0.2536376,0.0724942,0.2171538,0.1669996,0.10559,0.1443436,0.1799606,0.0610188,0.1452978,0.1699036,0.1252996,0.1343546,0.2226226,0.0783806,0.1624148,0.1416652,0.0709992,0.2006726,0.2019052,0.0632682,0.1331838,0.1559264,0.115434,0.1170548,0.275449,0.0826434,0.1789916,0.1198106,0.1000484,0.1628712,0.5756952,0.116757,0.1521582,0.3881784,0.1009114,0.128811,0.4625658,0.0687304,0.1516708,0.1345454,0.1422198,0.1768622,0.1978418,0.0875094,0.148297,0.260467,0.1280766,0.1659588,0.2504988,0.0830244,0.1451634,0.2433124,0.0926098,0.1879078,0.2430389,0.0946998,0.1251304,0.1693258,0.092723,0.1286122,0.1757531,0.1043042,0.127776,0.1718842,0.1367872,0.130973,0.1816908,0.2503014,0.0799368,0.2087536,0.169704,0.1675512,0.182157,0.1837936,0.067185,0.1129056,0.192591,0.143222,0.179368,0.2787262,0.1785356,0.0735722,0.1753912,0.3661464,0.115213,0.2780454,0.2280614,0.0729218,0.1326964,0.1618934,0.0661838,0.1972222,0.1947024,0.1244086,0.1458142,0.1497652,0.1193814,0.1424461,0.3046949,0.1003266,0.147295,0.1692238,0.1289698,0.1596244,0.1755052,0.0685438,0.1625084,0.146932,0.1185072,0.1516574,0.2558336,0.1092688,0.2152812,0.1285,0.106077,0.126292,0.1219964,0.2853584,0.1368376,0.1232172,0.1264696,0.0957686,0.1025064,0.3651686,0.081417,0.1435648,0.221497,0.091415,0.1562534,0.510822,0.0997686,0.2531092,0.1777274,0.1089178,0.2031728,0.2351152,0.0986784,0.1344074,0.1561046,0.102889,0.1674536,0.2194754,0.1020462,0.1340162,0.1511744,0.1027746,0.138154,0.2020094
0.0952654,0.1545452,0.3374604,0.1347462,0.154877,0.190975,0.0942236,0.1454408,0.1902762,0.1134132,0.15536,0.2767878,0.0940424,0.1174056,0.2441856,0.1168508,0.173566,0.2179584,0.0665722,0.2308192,0.1506304,0.138812,0.127751,0.2675704,0.1121742,0.1340036,0.1478074,0.109468,0.184263,0.1228922,0.1926256,0.0735252,0.138846,0.2103448,0.17625,0.1641032,0.2551114,0.0724994,0.2169722,0.1688836,0.10474,0.1448998,0.1820364,0.0607194,0.1451062,0.170818,0.1257616,0.1351168,0.2202424,0.0780012,0.1603654,0.1415366,0.0715982,0.202359,0.2031308,0.0627446,0.1333262,0.1555068,0.1149966,0.1160692,0.2761338,0.0838156,0.1785484,0.120195,0.0995132,0.162895,0.569247,0.1184318,0.151344,0.3860668,0.1021388,0.1299658,0.4599616,0.068027,0.1515122,0.1331464,0.1414048,0.176493,0.1989906,0.0885366,0.1485436,0.2580502,0.1255824,0.1657222,0.2512362,0.0828336,0.14588,0.24524,0.093246,0.1852604,0.2411562,0.094916,0.123636,0.168144,0.0922328,0.1283836,0.1759986,0.1054026,0.1272122,0.1710234,0.1385206,0.130922,0.1804322,0.2513686,0.0785298,0.2103428,0.170492,0.1685208,0.1820008,0.184539,0.0672624,0.1121334,0.1915522,0.1427838,0.1814456,0.279115,0.1782538,0.0737266,0.1772024,0.362358,0.1144968,0.2755082,0.2273022,0.0727758,0.1330836,0.162745,0.0658326,0.1971848,0.1932688,0.1245094,0.145079,0.1508382,0.117982,0.1431721,0.3053006,0.0998792,0.1473196,0.1715296,0.1293752,0.1591486,0.1757176,0.068228,0.1631782,0.146671,0.1188276,0.1510188,0.2550506,0.1097208,0.2149402,0.1269958,0.1065434,0.1264844,0.1245481,0.2845476,0.135887,0.1243216,0.1275868,0.0967078,0.1028808,0.366596,0.0809006,0.1415466,0.222287,0.090386,0.1557716,0.5087412,0.1005592,0.253191,0.1784418,0.107986,0.2041978,0.2345476,0.0991816,0.134032,0.1544684,0.1034132,0.1683224,0.2197156,0.101921,0.133482,0.1516616,0.105044,0.13694,0.2031638
0.0949438,0.1564674,0.3370288,0.1349726,0.1547534,0.1926968,0.0938722,0.1439494,0.1899694,0.1131488,0.1535922,0.2733972,0.0961994,0.1157478,0.244378,0.1164496,0.1746538,0.21832,0.066998,0.2317834,0.1514958,0.1409984,0.12642,0.2686316,0.11068,0.1338972,0.1472424,0.1101332,0.1854444,0.124585,0.1927546,0.0736134,0.138064,0.2111594,0.1760344,0.1653862,0.2530068,0.0739692,0.2161476,0.1706446,0.1075368,0.1455614,0.1805826,0.0605714,0.145205,0.170553,0.1297146,0.1325308,0.2175062,0.076376,0.158199,0.1425068,0.0710548,0.2044164,0.2052342,0.0624772,0.1338932,0.1555698,0.1159924,0.1166868,0.2795572,0.0828944,0.1773936,0.1203346,0.0988468,0.1614214,0.571032,0.1189236,0.1533032,0.3854122,0.1016472,0.1285378,0.46403,0.067011,0.1504666,0.1343664,0.1420472,0.1761646,0.1999822,0.089308,0.148813,0.2604598,0.1260786,0.1651976,0.2517026,0.0835204,0.1443906,0.2429168,0.0947136,0.1842552,0.2419766,0.0946406,0.1238458,0.1684966,0.0914296,0.1285946,0.175626,0.1050372,0.1285146,0.1713048,0.137214,0.1309536,0.178985,0.2533282,0.0784702,0.2119822,0.1685252,0.1697442,0.182927,0.1859498,0.066414,0.1117088,0.1914672,0.143935,0.1829166,0.2804246,0.1775722,0.073321,0.1780446,0.3627962,0.1135556,0.2750146,0.2251806,0.072307,0.1331826,0.1649228,0.0654184,0.196098,0.1916364,0.1243842,0.1451904,0.1505544,0.1172974,0.1418654,0.3039934,0.0989968,0.1476712,0.1731822,0.1292496,0.1611184,0.1756292,0.0684682,0.1651786,0.1482378,0.119209,0.1499522,0.2539266,0.1101384,0.2140072,0.1259404,0.105704,0.1265124,0.1252232,0.2859186,0.1365002,0.1239562,0.1269888,0.0968788,0.1034954,0.3656178,0.0795722,0.1410738,0.2213088,0.0890844,0.1560094,0.508914,0.1000254,0.2537104,0.1786036,0.1074976,0.202604,0.2327714,0.0987512,0.1332008,0.1535202,0.1035626,0.168508,0.2189694,0.1014372,0.133218,0.1510404,0.1048878,0.1366046,0.204425
0.095848,0.1571988,0.3354212,0.1365884,0.1528112,0.1924898,0.092915,0.1433668,0.1896158,0.1145188,0.1547616,0.2737732,0.0951566,0.1156172,0.244233,0.1150126,0.1734402,0.2171336,0.0669648,0.2318968,0.1520854,0.14207,0.1264618,0.268373,0.1111542,0.134193,0.1477186,0.1095974,0.1869204,0.1250518,0.193139,0.0720234,0.1400172,0.2120368,0.1756506,0.1658936,0.250834,0.0740722,0.2147944,0.1696884,0.1078024,0.1447494,0.179785,0.0603046,0.145903,0.1712478,0.1311558,0.131885,0.2184656,0.078221,0.1566864,0.1426086,0.0701924,0.2033838,0.2042454,0.0623246,0.1339598,0.154501,0.1150724,0.1165814,0.278791,0.0826404,0.1775702,0.11826,0.0988886,0.161451,0.5665376,0.1190368,0.1538954,0.3852924,0.1026718,0.13056,0.4593348,0.0663654,0.1512338,0.1339614,0.1410256,0.1765318,0.201441,0.089709,0.148292,0.2606274,0.125428,0.1662738,0.2510786,0.0833838,0.1438964,0.243749,0.0958002,0.1832486,0.2409558,0.0944688,0.1242448,0.1692326,0.0922906,0.1272514,0.1765516,0.1064272,0.1274416,0.1706074,0.1365364,0.131715,0.1790956,0.2535006,0.0782898,0.2090352,0.1677338,0.1676958,0.1833166,0.1847702,0.065984,0.1109372,0.1941874,0.1437338,0.1839006,0.2775382,0.1786002,0.072314,0.1764522,0.3577934,0.1139088,0.2755912,0.224148,0.0722082,0.133744,0.1667448,0.0644442,0.1928886,0.1919574,0.1242988,0.1473676,0.152683,0.1179742,0.1415058,0.2977058,0.10083,0.1459112,0.1744928,0.1299848,0.1607564,0.1739812,0.0673638,0.1648942,0.147305,0.1213432,0.1487704,0.2543722,0.110304,0.2138746,0.1270326,0.1082224,0.126219,0.1238278,0.288194,0.1365318,0.1242458,0.1292352,0.0965674,0.1030286,0.3695106,0.0811062,0.1410828,0.2211812,0.0884882,0.1560438,0.5045122,0.1019592,0.2522146,0.1791134,0.1070506,0.1986074,0.2323296,0.0994364,0.1329334,0.1530886,0.1030488,0.1670926,0.2188438,0.100842,0.1337644,0.1520026,0.103631,0.1367778,0.2038232
0.0952384,0.155786,0.3365662,0.1365482,0.1513108,0.1899892,0.0915716,0.1440598,0.1884464,0.1142452,0.1543288,0.273691,0.0942856,0.1152292,0.2425626,0.1150726,0.1739468,0.2156916,0.0663232,0.2309974,0.1526684,0.1421242,0.1262448,0.26839,0.1119918,0.1341354,0.14907,0.110731,0.1850634,0.123709,0.1929722,0.0727758,0.1408952,0.2130366,0.1771638,0.1683558,0.2483324,0.075311,0.2160864,0.1712514,0.1070944,0.1461536,0.1806586,0.0602094,0.1458094,0.1742934,0.1312144,0.1319678,0.2206524,0.0774246,0.1568002,0.1388196,0.0692286,0.2046786,0.2026978,0.0623572,0.133753,0.1551798,0.1149814,0.1154982,0.2812592,0.0834488,0.17758,0.1187698,0.0991288,0.1623772,0.5684772,0.1207438,0.152098,0.3855366,0.1007414,0.1295014,0.4591306,0.0664072,0.1523864,0.1340236,0.1379126,0.1758732,0.199854,0.0907518,0.1477508,0.261951,0.1254994,0.1662198,0.24947,0.0841382,0.144335,0.2462924,0.0961844,0.183688,0.2427964,0.0946656,0.1231398,0.169468,0.0910148,0.1268912,0.1774858,0.106266,0.1281456,0.1710596,0.1371694,0.1294916,0.1787818,0.2565542,0.0783082,0.2095734,0.166559,0.17011,0.184059,0.1854098,0.0663628,0.110018,0.1909696,0.1441394,0.1825692,0.274453,0.1780004,0.0720436,0.1767816,0.363668,0.1146034,0.2727736,0.2223754,0.0717728,0.1324244,0.1664806,0.0651276,0.190471,0.192518,0.1229506,0.1473244,0.1510492,0.1174574,0.1417388,0.298506,0.0988664,0.1465704,0.1763968,0.1291382,0.1624532,0.1728206,0.0664374,0.163667,0.1459794,0.122082,0.151422,0.2545402,0.1112002,0.2141224,0.1267026,0.1100304,0.1253242,0.1246876,0.2853676,0.1381162,0.123884,0.1289998,0.0967726,0.1028784,0.3695406,0.0813724,0.141112,0.2230322,0.0889576,0.1549416,0.5056626,0.1025596,0.2535118,0.1774774,0.106091,0.1987128,0.2326216,0.0996438,0.132435,0.1525114,0.1050836,0.1668546,0.2171686,0.0996404,0.1319476,0.1518378,0.1035722,0.138918,0.2053096
0.094573,0.1553086,0.3366864,0.136783,0.1506246,0.1874034,0.0914188,0.1432054,0.1866884,0.1146342,0.1542104,0.2735394,0.0935468,0.1158272,0.2411234,0.1152634,0.1723468,0.21745,0.0663056,0.2284084,0.1523214,0.1424356,0.1258836,0.266788,0.1117154,0.1347154,0.1510258,0.1094198,0.18435,0.1249722,0.193763,0.072636,0.1496968,0.2172644,0.1782858,0.1670172,0.2499092,0.0757338,0.2163356,0.1707194,0.1074352,0.144132,0.1808072,0.059877,0.1460062,0.1727328,0.129018,0.131603,0.2180988,0.0763128,0.1551282,0.138128,0.0681496,0.2035728,0.2021802,0.0634542,0.1355302,0.1545896,0.1141692,0.1167744,0.282048,0.0829534,0.1773574,0.1186116,0.0985556,0.1614556,0.5703994,0.120821,0.1521328,0.3855184,0.100294,0.1281536,0.4655074,0.0671412,0.1509938,0.1348632,0.1352718,0.1757044,0.1985356,0.0910686,0.147516,0.263596,0.1266268,0.1684228,0.2488942,0.085217,0.1432946,0.2443968,0.0956108,0.1819416,0.2405822,0.0946736,0.1230678,0.1688306,0.0909314,0.1272586,0.1810186,0.1053544,0.1287484,0.170071,0.137809,0.1313788,0.1796934,0.255254,0.0781668,0.2085544,0.1657308,0.165325,0.1823048,0.1827206,0.0659474,0.1111962,0.1909226,0.1444434,0.1812732,0.27333,0.1781442,0.0721778,0.1782032,0.3626412,0.1136664,0.2719518,0.2206056,0.0709888,0.1335836,0.1656166,0.0653148,0.1903824,0.1913334,0.1235974,0.146206,0.1502292,0.1187712,0.1390436,0.2993914,0.0993792,0.1474324,0.1751256,0.1300788,0.160958,0.173144,0.0661324,0.1637462,0.1448954,0.1231428,0.152213,0.253526,0.110644,0.210049,0.1278068,0.1096724,0.1248136,0.1236436,0.2861892,0.1363284,0.122704,0.1275842,0.0966214,0.103401,0.370081,0.0813258,0.1413378,0.2213348,0.0879432,0.1527656,0.5080998,0.101902,0.2545444,0.1788892,0.1059798,0.1995022,0.2336528,0.0993354,0.1321354,0.1524434,0.103036,0.1655074,0.2183426,0.0984602,0.131623,0.1506394,0.102773,0.1387894,0.2039124
0.0944696,0.1557356,0.3406622,0.1364726,0.1510386,0.1865942,0.0918314,0.1439394,0.186835,0.1129316,0.154768,0.2774434,0.0933442,0.117804,0.2411738,0.1145184,0.1727722,0.2173216,0.065913,0.2262466,0.1515174,0.143578,0.1248692,0.2658184,0.1129426,0.1348106,0.1501702,0.1096478,0.1838662,0.1239086,0.1942224,0.0719706,0.1493536,0.218755,0.1767754,0.16813,0.249471,0.0742944,0.2162392,0.1696684,0.1063802,0.1433486,0.1788504,0.060213,0.1467622,0.1720914,0.1306664,0.1329538,0.2172716,0.0762972,0.154582,0.139433,0.067749,0.2035152,0.2063628,0.063894,0.136936,0.1524902,0.1151386,0.117272,0.2812752,0.0818964,0.1796066,0.1205966,0.0978738,0.1601462,0.5711032,0.1219348,0.1530078,0.3782154,0.1005552,0.1284522,0.4619344,0.0669124,0.1507926,0.1357898,0.1345618,0.174583,0.1981724,0.0907016,0.147384,0.2624268,0.1261432,0.1685794,0.2464654,0.0841986,0.142768,0.239995,0.0946256,0.1811626,0.2388418,0.0939764,0.1215586,0.1692602,0.0896462,0.1272062,0.1815536,0.1061442,0.1289758,0.1714494,0.1375986,0.131229,0.1778474,0.2549188,0.0762802,0.2091998,0.1651798,0.1675614,0.1823904,0.1785068,0.0667128,0.1111414,0.1920488,0.1454106,0.1809014,0.2714782,0.1776058,0.0718608,0.1786992,0.365301,0.112953,0.2728392,0.2192788,0.0716952,0.1330362,0.164987,0.0646402,0.1925872,0.1907072,0.1237146,0.1444706,0.1494848,0.1177286,0.1410482,0.3025184,0.1001616,0.1458722,0.1754388,0.1301958,0.160311,0.1735204,0.0669186,0.1658788,0.1484724,0.1244444,0.1514926,0.255494,0.1099998,0.2110158,0.126932,0.1093054,0.1226312,0.1251046,0.2859676,0.1380274,0.1236504,0.128944,0.0966218,0.1034232,0.368022,0.081417,0.140684,0.2182732,0.0877008,0.1519444,0.5089318,0.1026236,0.2528752,0.17985,0.1061076,0.1990026,0.2333528,0.0991856,0.1330018,0.1550538,0.1043926,0.1644424,0.2175936,0.0972052,0.1314368,0.1489352,0.1033156,0.1396192,0.2030936
0.0944336,0.1558238,0.3460222,0.1351286,0.1530196,0.1850786,0.0918034,0.1420418,0.1858176,0.110327,0.153256,0.2800772,0.0947182,0.116257,0.243669,0.1139846,0.1719724,0.217329,0.0660584,0.2262358,0.1532722,0.1431248,0.123206,0.2679394,0.1135796,0.1361568,0.150274,0.110376,0.1845784,0.1229708,0.1918928,0.0712978,0.1480904,0.2208396,0.1770094,0.1677244,0.2489108,0.073802,0.2164238,0.1700112,0.106401,0.143205,0.1776454,0.0604412,0.1476738,0.1734806,0.1295094,0.1331052,0.214569,0.0772606,0.1558508,0.1393764,0.0689212,0.203074,0.2056162,0.0630826,0.1383732,0.1525318,0.1162932,0.1170768,0.2788336,0.0815058,0.1783976,0.1200988,0.0993086,0.161999,0.5723482,0.120591,0.1543942,0.3808748,0.1000124,0.1293642,0.457178,0.0662668,0.1511014,0.136073,0.134389,0.1774134,0.1985576,0.0910256,0.1469882,0.2631592,0.1273562,0.1671806,0.2474838,0.0839674,0.1443532,0.2414658,0.093484,0.1811016,0.2399156,0.0932646,0.1220726,0.169316,0.0885366,0.1268374,0.1797766,0.1060384,0.1285256,0.1705642,0.138645,0.1315876,0.1791316,0.255537,0.076329,0.2099132,0.1675512,0.167884,0.1828778,0.1762158,0.0664442,0.1122776,0.1898698,0.1436314,0.1790746,0.2713206,0.1772716,0.071508,0.177534,0.3760086,0.1140404,0.277265,0.2188972,0.0716624,0.131662,0.164336,0.0695702,0.1926025,0.1885264,0.125819,0.1463258,0.149203,0.1182138,0.1400556,0.3013528,0.1003372,0.1473524,0.1738036,0.1280418,0.1592938,0.1687728,0.0672118,0.165295,0.1490594,0.1309728,0.1502256,0.2552326,0.1109466,0.2125928,0.126709,0.1091248,0.1229108,0.1266596,0.2867592,0.1374034,0.1240318,0.1277432,0.0959626,0.1031732,0.362625,0.0809686,0.1409958,0.2153626,0.0879068,0.1499542,0.5053828,0.1029604,0.2549766,0.1785686,0.1065012,0.200113,0.232327,0.1014962,0.1347696,0.1561434,0.1063166,0.1634596,0.217074,0.0979932,0.1290812,0.1480768,0.1032952,0.1413464,0.202086
0.0943812,0.1574602,0.3433174,0.1370232,0.1545252,0.1823766,0.0920568,0.1423856,0.184506,0.11116,0.1530706,0.279527,0.094253,0.1166674,0.2433498,0.1147014,0.1718564,0.2149466,0.0652756,0.2255834,0.1540964,0.14373,0.1230158,0.2662958,0.1143522,0.1369498,0.150927,0.1093818,0.1836748,0.1243512,0.1917888,0.0723106,0.1497964,0.2218812,0.1772104,0.1678074,0.2492926,0.0736206,0.2157902,0.1693398,0.1066056,0.1426416,0.1781586,0.0610634,0.1467536,0.1737452,0.1295936,0.1325004,0.2166402,0.0768564,0.1574894,0.1385516,0.0692172,0.2019102,0.2056708,0.0632102,0.1381484,0.153297,0.11655,0.117837,0.278924,0.0819836,0.178773,0.1184974,0.098463,0.1613866,0.5734768,0.1212612,0.1540006,0.3848962,0.1003568,0.1306148,0.4597724,0.067608,0.151004,0.1373412,0.1343394,0.1785036,0.1985112,0.0908704,0.1466952,0.2677576,0.1288496,0.167461,0.2464136,0.085588,0.1445562,0.2436412,0.0940888,0.1798052,0.2402572,0.0930854,0.1222124,0.1708628,0.088097,0.126256,0.1778498,0.1070266,0.1268126,0.1689822,0.13684,0.1314854,0.1807374,0.2572016,0.0768514,0.2099464,0.1684038,0.1683198,0.181375,0.1776242,0.0659996,0.1134294,0.187479,0.1426852,0.1779168,0.2713034,0.1778954,0.0726116,0.17692,0.3750244,0.1133052,0.2770408,0.2176936,0.0713476,0.1314594,0.164821,0.0703348,0.1933625,0.1873456,0.125288,0.146771,0.1492432,0.1176378,0.1388034,0.3038494,0.0994038,0.147153,0.1715906,0.129448,0.1580012,0.169012,0.068087,0.1661028,0.1495414,0.1327336,0.1507072,0.2542528,0.1128784,0.2123096,0.1270312,0.1094178,0.1196724,0.1265842,0.2870824,0.136861,0.1206738,0.1267392,0.0957386,0.1023646,0.3630926,0.0803114,0.1414594,0.2152452,0.0873372,0.150317,0.5062886,0.1036378,0.2391584,0.1790322,0.1070966,0.201214,0.2294858,0.102315,0.1336452,0.1552042,0.1070298,0.1638322,0.2174212,0.0986682,0.131227,0.1474426,0.1039158,0.140606,0.204454
0.0946324,0.156116,0.3385372,0.1362212,0.1540102,0.1808414,0.0931634,0.142218,0.1859772,0.1111384,0.1536828,0.2768428,0.0943322,0.1164568,0.2403834,0.1148424,0.172873,0.2138664,0.0642638,0.2255174,0.1537304,0.1431476,0.1232158,0.2666072,0.114279,0.1375184,0.1530856,0.109791,0.1827126,0.1233036,0.1890522,0.0721398,0.1517376,0.2221114,0.1756942,0.1663184,0.2495484,0.0748476,0.2173848,0.1691194,0.1069702,0.1407958,0.177289,0.0615854,0.1463842,0.1759942,0.1304376,0.131829,0.214711,0.077605,0.1582418,0.1383652,0.0694992,0.1997062,0.2053484,0.0637532,0.1394482,0.1532726,0.1165252,0.1161536,0.2799118,0.0831828,0.1796382,0.1187502,0.099555,0.160987,0.570955,0.120289,0.152484,0.3616014,0.101655,0.1286368,0.4614444,0.0674618,0.1498024,0.1367936,0.1324692,0.1787582,0.1963842,0.0905182,0.1453418,0.2643572,0.1302354,0.1658916,0.2463016,0.0861886,0.1447976,0.2460532,0.0932024,0.1827514,0.243361,0.092995,0.1228176,0.1699232,0.0911946,0.1281782,0.178098,0.106126,0.1256638,0.1678726,0.137591,0.1301384,0.1817718,0.2564362,0.0765652,0.209788,0.1675424,0.1687862,0.1814184,0.1787258,0.0649872,0.1153848,0.1890986,0.1442804,0.1767172,0.2687902,0.177766,0.0726506,0.1790726,0.3783146,0.1136866,0.275407,0.2176352,0.0720588,0.1332656,0.1637168,0.0698208,0.1947071,0.18781,0.1254506,0.1454448,0.1487768,0.117854,0.1375434,0.3019488,0.0997178,0.1473446,0.1716528,0.1308922,0.159033,0.1682896,0.0678076,0.1650214,0.1500852,0.1391462,0.1497018,0.2550614,0.112116,0.2119872,0.1266374,0.1083612,0.1188318,0.126522,0.2860592,0.1368102,0.1194796,0.1302176,0.0955606,0.1020156,0.3631446,0.0814788,0.1426038,0.2190102,0.0877552,0.1485204,0.5047518,0.1039206,0.2421082,0.179462,0.1070698,0.2008702,0.228153,0.1020684,0.1329534,0.155292,0.1077142,0.1645212,0.2182744,0.0996146,0.1309572,0.1485356,0.103365,0.1417212,0.2037735
0.0944836,0.1565242,0.3405134,0.1388528,0.1526764,0.179402,0.0925994,0.1431114,0.1852186,0.1107006,0.1526554,0.2800366,0.0943042,0.1171604,0.2420504,0.1142994,0.172077,0.2146504,0.0640756,0.2252664,0.152638,0.1422988,0.122652,0.2658464,0.113553,0.1364138,0.1524932,0.109126,0.1818668,0.1217428,0.1886516,0.0720574,0.1528964,0.2210396,0.1742192,0.1653964,0.2513418,0.0750966,0.21789,0.1674846,0.1065096,0.1405746,0.1767944,0.0608454,0.1460948,0.1752826,0.1316506,0.1327456,0.2123348,0.0780792,0.1585578,0.1382092,0.0737642,0.1981498,0.2049984,0.0631624,0.139577,0.1517934,0.1157796,0.1168406,0.2773348,0.0834742,0.1788858,0.119454,0.1008886,0.162423,0.5695066,0.119802,0.1502126,0.3717472,0.1006668,0.1307174,0.4544548,0.067944,0.149134,0.1371071,0.1331572,0.1793422,0.1995274,0.0908562,0.1469578,0.2675556,0.1304506,0.1649664,0.2485368,0.0867822,0.1439166,0.244522,0.0918566,0.1812854,0.2427844,0.093758,0.1223658,0.1690238,0.0912798,0.1285086,0.1781043,0.1058056,0.1269782,0.1673406,0.1355286,0.1314074,0.180014,0.2541622,0.0761678,0.2089652,0.168756,0.169059,0.1795586,0.1786138,0.0651172,0.1148904,0.1915854,0.1422962,0.1761718,0.2686552,0.1766886,0.0740834,0.1781462,0.3817542,0.1134806,0.2767608,0.2172572,0.0723914,0.132847,0.1632312,0.0687676,0.1951661,0.1872018,0.1262292,0.1465108,0.1472814,0.1176106,0.1376424,0.3006284,0.1003206,0.1475062,0.1706418,0.130485,0.1589148,0.170055,0.0683002,0.1646664,0.1495496,0.1438654,0.1495968,0.2556056,0.1128032,0.2109466,0.1288658,0.1096768,0.1224162,0.1263264,0.2878074,0.1380288,0.118319,0.1296984,0.0947504,0.1019454,0.3623328,0.0812066,0.1439312,0.219008,0.0866142,0.1508822,0.5094906,0.1047402,0.2444994,0.1796014,0.1066376,0.2000194,0.2318331,0.101769,0.1344138,0.1560322,0.1087762,0.1656694,0.2169208,0.1015022,0.1322328,0.1501042,0.1031832,0.1403692,0.2042855
0.0950974,0.1557268,0.3389688,0.1371344,0.1514142,0.1793078,0.0924064,0.1431488,0.184843,0.1107198,0.1509936,0.2815306,0.0955428,0.1171854,0.2421406,0.1147082,0.171671,0.2130644,0.0644806,0.2208444,0.1509138,0.1435722,0.1219294,0.262691,0.1127092,0.137851,0.15126,0.1086066,0.1808098,0.1218844,0.1872898,0.0721064,0.1528476,0.219841,0.1750922,0.1675978,0.2500012,0.0753822,0.2180036,0.1690904,0.10733,0.1396166,0.1734626,0.0610322,0.144754,0.1772484,0.132492,0.1335876,0.212372,0.0786342,0.1580634,0.1397002,0.074208,0.1979108,0.2069478,0.0631102,0.138184,0.1499754,0.115409,0.1173244,0.2748186,0.082908,0.1772814,0.1200374,0.1013826,0.161965,0.568284,0.1193972,0.1511294,0.3774434,0.0991006,0.1305216,0.4551366,0.0680456,0.1498712,0.1370635,0.1335494,0.1772026,0.1986562,0.0908986,0.1464152,0.2687632,0.1280664,0.1658438,0.247596,0.0880592,0.1440778,0.2491428,0.0912552,0.1786972,0.2399266,0.0932856,0.1215454,0.1696994,0.0912116,0.1279084,0.1778893,0.1060474,0.1258948,0.1691154,0.134525,0.1325084,0.1805226,0.2531498,0.0750364,0.208543,0.1681832,0.1684774,0.1796324,0.1793466,0.0645416,0.1143454,0.1888156,0.141109,0.1759288,0.2666726,0.1737928,0.0732412,0.176717,0.3821988,0.1146128,0.272021,0.217644,0.07221,0.1326462,0.1606446,0.068576,0.1953001,0.1895824,0.1262712,0.1457602,0.1475426,0.118808,0.1376102,0.2967316,0.1006342,0.1459008,0.1716376,0.130547,0.1603428,0.1718542,0.0674812,0.1646602,0.1504408,0.149104,0.149751,0.2524826,0.1137102,0.2085764,0.1263956,0.1086888,0.1206234,0.1269788,0.2885838,0.1372946,0.1181006,0.1289204,0.0942496,0.1010494,0.365151,0.080871,0.1446652,0.2192254,0.0855234,0.150228,0.5044492,0.1058026,0.2425872,0.180897,0.105341,0.1975516,0.2297251,0.1013284,0.1345952,0.1533532,0.1096216,0.1665632,0.2147726,0.100772,0.133973,0.1489284,0.103202,0.1391226,0.2077771
0.0956982,0.1573112,0.3401512,0.1381538,0.1514634,0.1804786,0.0916232,0.1431376,0.1843988,0.1096868,0.1527124,0.2822366,0.0964502,0.1159298,0.2408202,0.1151296,0.1731454,0.2163634,0.0642012,0.221601,0.1510632,0.144362,0.122871,0.2648242,0.1095248,0.1364232,0.1517106,0.1072804,0.1843184,0.1202258,0.1880276,0.0709982,0.1535198,0.220258,0.1747878,0.1689356,0.250708,0.0747362,0.2179276,0.1701708,0.1068556,0.1396344,0.1730344,0.0606918,0.143722,0.1775472,0.1320314,0.1318624,0.2119694,0.0803822,0.1563514,0.1391522,0.0740252,0.1977796,0.203903,0.062904,0.1387894,0.1534672,0.1156042,0.1170788,0.2736362,0.0830238,0.1780826,0.1204054,0.1012946,0.1613142,0.5659344,0.1214234,0.1506356,0.3786946,0.0997098,0.1286264,0.4558478,0.0689422,0.1497574,0.1390561,0.1373674,0.178955,0.1995366,0.0917732,0.146326,0.268164,0.12795,0.164067,0.2497798,0.0881308,0.1439528,0.250895,0.0914902,0.179354,0.239682,0.092571,0.1213108,0.1690362,0.0909378,0.1273928,0.1780901,0.1061648,0.1250528,0.1682068,0.1348524,0.1344204,0.179337,0.253887,0.0741808,0.2078968,0.1650082,0.1676076,0.1794944,0.1786696,0.0644494,0.1145968,0.1897206,0.140698,0.1759584,0.2633172,0.1732212,0.0732266,0.1761922,0.3831138,0.114246,0.2713978,0.2167998,0.072027,0.1321964,0.1618738,0.0686024,0.1954305,0.187673,0.1265862,0.145736,0.1482792,0.1198496,0.136282,0.295147,0.100382,0.1467782,0.1730242,0.1326744,0.1593662,0.1708182,0.0727616,0.164404,0.1498492,0.155562,0.1525292,0.2523056,0.1134584,0.2091096,0.1265692,0.1097466,0.1200054,0.1265534,0.2897348,0.1382468,0.1169544,0.1281962,0.0944464,0.1005626,0.3685694,0.080032,0.1451134,0.2147514,0.0859376,0.1500918,0.5092894,0.1050414,0.2448192,0.18189,0.107347,0.1957782,0.2291701,0.1018264,0.133718,0.156801,0.1099196,0.165709,0.2195678,0.1015358,0.133494,0.1489922,0.1020134,0.1405958,0.2052507
0.0958382,0.157521,0.3371576,0.1368214,0.148508,0.1814732,0.0910892,0.1425016,0.184537,0.1102484,0.1520598,0.2821064,0.0957862,0.1158526,0.2426918,0.1162314,0.1745024,0.2167816,0.0643918,0.2207782,0.1497802,0.1448628,0.1232294,0.2644288,0.1098302,0.1362024,0.151539,0.1072958,0.1826056,0.1201616,0.1913268,0.0704218,0.1526106,0.219141,0.1749862,0.1690704,0.2511356,0.075439,0.2186868,0.17318,0.106659,0.1397244,0.172113,0.061259,0.142615,0.1793534,0.1304992,0.1325338,0.2125502,0.0792044,0.1574206,0.1361614,0.0728654,0.2004184,0.2040608,0.0625022,0.1392212,0.1546522,0.1154968,0.1159724,0.2780284,0.0832478,0.1801624,0.1213682,0.1007232,0.1615928,0.5640078,0.1199088,0.1500886,0.3810926,0.0995582,0.130092,0.4569366,0.068809,0.1511462,0.1408183,0.136771,0.1787178,0.1985426,0.0917812,0.1462788,0.2620722,0.12635,0.163737,0.2510272,0.0879248,0.1426206,0.2526352,0.0907446,0.1804462,0.2393442,0.0920208,0.1216994,0.1674524,0.0909524,0.127068,0.1834329,0.1055204,0.126109,0.1673044,0.1332744,0.134299,0.1795606,0.2526174,0.0738612,0.2074498,0.164561,0.170328,0.1776334,0.1769952,0.0653904,0.114665,0.1885788,0.1413478,0.1755326,0.262021,0.1718436,0.0730718,0.1762538,0.3798066,0.1149912,0.269043,0.2170942,0.0714742,0.1300826,0.1604934,0.0684908,0.1948477,0.1871052,0.1252334,0.1457588,0.1499518,0.12034,0.1368632,0.2933608,0.1015574,0.1467547,0.1740478,0.131974,0.1602026,0.1698782,0.0718062,0.1646728,0.1506212,0.1621672,0.150888,0.2492756,0.1139954,0.2081396,0.1250748,0.108696,0.1200356,0.1289192,0.291721,0.1379418,0.1182764,0.1290344,0.0941202,0.1003516,0.3670428,0.0803408,0.1464988,0.2190122,0.0858852,0.151933,0.5074062,0.1054146,0.2468566,0.1810614,0.106165,0.1957958,0.2283135,0.102077,0.1340372,0.1566904,0.1104746,0.1636396,0.2196962,0.1018928,0.1341504,0.1497142,0.102802,0.1418534,0.2072591
0.0970698,0.1534936,0.3410582,0.1361638,0.1484684,0.1833746,0.091439,0.1425826,0.182428,0.1114626,0.1518836,0.2864082,0.0953586,0.1173492,0.2415666,0.1164232,0.1748504,0.2182108,0.0642172,0.2230078,0.150809,0.1453628,0.1239592,0.2622628,0.1092836,0.1361206,0.1503842,0.1063942,0.1810772,0.120821,0.1922154,0.0705736,0.1533318,0.2206468,0.1750878,0.169509,0.2540744,0.0756682,0.2178056,0.1735448,0.1061324,0.1395982,0.1725022,0.061458,0.1424822,0.1790724,0.132063,0.132212,0.212563,0.079996,0.155864,0.1363326,0.0735648,0.1992968,0.2014283,0.062256,0.1380182,0.1548538,0.1150246,0.1144278,0.2763986,0.0835006,0.1814226,0.1212268,0.0999848,0.1618764,0.5630194,0.118239,0.1494132,0.3840484,0.0994332,0.130118,0.4635904,0.0684206,0.151781,0.1391111,0.1355096,0.1796002,0.198606,0.0910272,0.1466642,0.2626232,0.1282992,0.1625826,0.2501596,0.0882544,0.1462596,0.2504786,0.0910922,0.1799112,0.2444746,0.0919842,0.120578,0.1677086,0.0918492,0.1255704,0.1857705,0.1051498,0.1256534,0.1671556,0.1320596,0.1349998,0.1808936,0.2542888,0.0735208,0.2081334,0.1631842,0.1681452,0.1749168,0.1767138,0.0655412,0.1134884,0.1866118,0.1406332,0.174603,0.2633402,0.1700582,0.0723142,0.1785392,0.3812982,0.1149954,0.2665772,0.2161132,0.0702656,0.1309918,0.1611147,0.0682776,0.1935729,0.1880272,0.1259618,0.145915,0.1494154,0.1211222,0.1376604,0.2963484,0.100688,0.1484635,0.1726688,0.13154,0.1589718,0.1683986,0.072143,0.1645518,0.1524294,0.1665682,0.1514488,0.250117,0.1136102,0.2090072,0.1255818,0.108594,0.1201926,0.129309,0.29946,0.1374746,0.1187398,0.127413,0.0948464,0.1010394,0.365846,0.0795276,0.146941,0.220843,0.0864206,0.1520392,0.5046922,0.1047088,0.2501232,0.1815566,0.1060962,0.1955416,0.2311565,0.1018048,0.1357848,0.1574108,0.1110626,0.1623684,0.2191688,0.1016428,0.1335158,0.15028,0.1051852,0.1427098,0.2044165
0.0970766,0.152173,0.344029,0.1375122,0.1503946,0.1808512,0.0917706,0.1417636,0.183302,0.111209,0.1525124,0.286288,0.0944824,0.1183978,0.2411958,0.119386,0.1738874,0.2192296,0.0632688,0.223859,0.1518988,0.1457274,0.1243614,0.2579974,0.1093392,0.1368242,0.1535898,0.1073526,0.1803454,0.1202618,0.1923054,0.069684,0.154343,0.2165738,0.1742458,0.1728576,0.2518948,0.0757714,0.217928,0.1744182,0.1065192,0.1385098,0.173646,0.0612442,0.1434388,0.1806654,0.1308712,0.1314812,0.2141346,0.0795686,0.1564872,0.1377736,0.0741334,0.1995664,0.2005197,0.0625558,0.1376558,0.1546424,0.1145154,0.1141826,0.2795926,0.083768,0.18257,0.1208402,0.0998494,0.1608482,0.5627864,0.1208514,0.1490446,0.382453,0.0992482,0.1307094,0.4410292,0.068353,0.1512824,0.138535,0.1361158,0.178145,0.1986164,0.091318,0.1456162,0.2602634,0.126868,0.163365,0.2497268,0.0889272,0.145319,0.251402,0.0923074,0.179985,0.2451766,0.0927492,0.1207956,0.167977,0.093533,0.1261336,0.1875173,0.1064882,0.1263664,0.16646,0.1309604,0.135417,0.179296,0.255369,0.0740938,0.2078956,0.1639308,0.1707342,0.172969,0.1778192,0.06602,0.1108452,0.1860714,0.1404874,0.1726476,0.2635936,0.1711482,0.0721878,0.178719,0.3794734,0.1139302,0.2654996,0.216155,0.0697364,0.129451,0.1568108,0.0676944,0.1920664,0.1885596,0.1249806,0.1456068,0.1498822,0.1212248,0.1357596,0.2987781,0.1011514,0.1493157,0.1707092,0.1311768,0.1578126,0.168972,0.0712446,0.1629618,0.153082,0.1726798,0.1502406,0.2509868,0.1142924,0.2084136,0.1273406,0.1094684,0.1189054,0.1300262,0.3057038,0.137006,0.118551,0.1281442,0.0942992,0.1006728,0.3635626,0.0790162,0.1455528,0.2218434,0.085859,0.153244,0.5078414,0.105062,0.2507884,0.1825146,0.1062862,0.1982106,0.2289655,0.10087,0.1378388,0.1572164,0.1110088,0.161684,0.2178396,0.1027902,0.1330526,0.1498874,0.1050368,0.1441012,0.2053399
0.0973762,0.1520474,0.3459754,0.136928,0.153592,0.1818658,0.0917868,0.1417278,0.1807496,0.1122438,0.1512496,0.2850326,0.0955938,0.1193072,0.2424342,0.1192796,0.173428,0.2189452,0.0629404,0.2254458,0.1527596,0.1446688,0.1237936,0.2577102,0.1091012,0.136121,0.1542306,0.1068078,0.1799478,0.1204418,0.1919164,0.0704784,0.1552804,0.217705,0.177053,0.1732628,0.254616,0.0761624,0.2186002,0.1753408,0.1076266,0.1371144,0.1729068,0.0614318,0.1426906,0.1777742,0.1311062,0.133764,0.2123974,0.0809886,0.1548124,0.1375671,0.073117,0.2005812,0.2056955,0.0618222,0.137076,0.1543758,0.1131832,0.1131566,0.2813664,0.083363,0.1806246,0.1198552,0.0999096,0.1597196,0.5697776,0.1209536,0.1510416,0.3804128,0.0986624,0.1302856,0.4468,0.070065,0.1530836,0.1386521,0.137411,0.1780542,0.1976304,0.0913474,0.146312,0.259481,0.1268224,0.1637712,0.2490716,0.0886892,0.1461768,0.2498072,0.0902338,0.1800772,0.2417804,0.0932418,0.1206504,0.1676178,0.0938346,0.12615,0.1875305,0.1074234,0.125778,0.1661844,0.1320116,0.1350884,0.1806098,0.253126,0.074135,0.2068672,0.1652972,0.1679344,0.1718298,0.1771004,0.0668018,0.111486,0.1866366,0.1425568,0.1733478,0.2581058,0.1716608,0.0728672,0.1805432,0.3792962,0.1141402,0.2649286,0.215699,0.0709482,0.1284586,0.1562412,0.0681302,0.1906602,0.1882294,0.1253484,0.1474272,0.1512132,0.1192512,0.136047,0.2976988,0.1028074,0.1492728,0.171687,0.1320976,0.1584832,0.1715644,0.0712248,0.1622224,0.1534398,0.175559,0.150621,0.2520696,0.1146844,0.2080328,0.128806,0.1097096,0.118741,0.1293864,0.3103162,0.137288,0.1173992,0.1287574,0.093109,0.1004242,0.3669128,0.0784886,0.1447636,0.223235,0.0882564,0.1530644,0.506088,0.1039208,0.2511984,0.1840828,0.106013,0.1984066,0.2312977,0.101002,0.138159,0.1578632,0.1110946,0.1625438,0.2162676,0.1033862,0.1326186,0.1484234,0.1051014,0.1446446,0.2043197
0.0972894,0.1517388,0.3488774,0.136758,0.153035,0.1831514,0.0922968,0.1401482,0.1792544,0.1120034,0.1509268,0.2842084,0.0968976,0.1180042,0.2403054,0.1178202,0.175853,0.2175412,0.0623492,0.2234014,0.1522488,0.1459882,0.1234208,0.2562656,0.1093272,0.1353664,0.1538712,0.1075336,0.1793628,0.119215,0.1916528,0.0700014,0.1567962,0.2180434,0.1725926,0.1761974,0.2566154,0.0760442,0.2201484,0.1734736,0.1066024,0.1361122,0.1748538,0.0623922,0.1437366,0.1769418,0.1308326,0.1342166,0.2107326,0.0817386,0.1536242,0.1358221,0.0722934,0.2017332,0.2077182,0.0621344,0.1393884,0.1552942,0.1124006,0.1132832,0.281067,0.082948,0.1777954,0.1213332,0.1002968,0.1594668,0.5741532,0.1206888,0.1535346,0.3805144,0.098627,0.130372,0.446753,0.0690482,0.1527604,0.1394538,0.1417714,0.1793,0.1985466,0.0914574,0.1470436,0.2616864,0.1276926,0.1629364,0.2473516,0.0872078,0.1448596,0.2487048,0.0897964,0.1782204,0.2424062,0.093637,0.1202606,0.1663092,0.0935234,0.1254722,0.1886947,0.1063298,0.1265038,0.1678622,0.1329608,0.135315,0.1806922,0.2528238,0.0752392,0.2071294,0.1671224,0.169328,0.1721478,0.176195,0.0671386,0.1124648,0.1850174,0.1424144,0.1747278,0.2564454,0.171299,0.0718304,0.1798098,0.3761372,0.1135888,0.26575,0.2124652,0.0704614,0.127796,0.1567758,0.067967,0.1895718,0.1866636,0.1261408,0.1484476,0.1521978,0.1191496,0.1355872,0.2978264,0.1035738,0.148364,0.1702032,0.1295674,0.161105,0.1706782,0.071267,0.1628686,0.154002,0.1822784,0.1511764,0.2541742,0.1148562,0.2086426,0.126655,0.1081672,0.1187158,0.1268312,0.3089178,0.1376716,0.1153048,0.128086,0.093736,0.099602,0.370044,0.0791138,0.1442826,0.2258978,0.0866876,0.152348,0.5078198,0.1034786,0.2504904,0.1852456,0.1064342,0.1968188,0.2302935,0.1002122,0.137014,0.1561812,0.1116916,0.161617,0.2138176,0.1055012,0.1305664,0.1496376,0.1053494,0.1425708,0.2056723
0.0973568,0.1509596,0.3426632,0.1363348,0.1526882,0.1860372,0.0918024,0.1409356,0.179306,0.1110026,0.1504202,0.2845352,0.0954042,0.1168622,0.2417174,0.1175288,0.1763538,0.2165092,0.0622106,0.2255124,0.150922,0.1442638,0.1232056,0.2591722,0.1092134,0.1340178,0.1550862,0.107798,0.1798564,0.1177396,0.194448,0.069626,0.1589192,0.2174082,0.1752266,0.1760408,0.2541654,0.0768682,0.2206506,0.1751442,0.106767,0.1375044,0.1734472,0.062489,0.1453236,0.1774912,0.1318048,0.1331794,0.2106716,0.0813234,0.1543692,0.1399992,0.0724422,0.2030366,0.2106506,0.0626884,0.1414598,0.1549748,0.1126428,0.1128442,0.28221,0.0835386,0.1738954,0.1222164,0.1007966,0.1610108,0.5378288,0.1205586,0.1535452,0.3802444,0.1036062,0.1308322,0.4478292,0.0697192,0.1537252,0.1401102,0.1432216,0.1778464,0.1954046,0.090879,0.1466188,0.2613848,0.1293142,0.1630818,0.248649,0.086536,0.1445332,0.2494684,0.0908722,0.1771844,0.2390404,0.0932518,0.1188402,0.1650224,0.0941672,0.1285398,0.190154,0.1073694,0.1255676,0.1668698,0.1337484,0.134429,0.1818648,0.2519798,0.0747446,0.205762,0.166084,0.1696428,0.1721278,0.1743926,0.0666466,0.1124346,0.1848464,0.1420208,0.1737572,0.2543254,0.170319,0.0716852,0.1793834,0.3744634,0.1134354,0.2667552,0.2142396,0.069772,0.127992,0.1568794,0.0676044,0.1914674,0.1883458,0.1251224,0.149957,0.1519092,0.1188038,0.136052,0.2960986,0.1032094,0.149324,0.1688186,0.1287902,0.161201,0.1709066,0.0710034,0.1641964,0.1531736,0.1832538,0.1507066,0.2522256,0.1157232,0.2059768,0.1293936,0.1084676,0.1204926,0.1288916,0.3127402,0.1377056,0.1166726,0.129249,0.0938714,0.099644,0.3691964,0.0809638,0.1442606,0.2274382,0.0866282,0.1526668,0.5128844,0.1048518,0.2493014,0.1848618,0.1058568,0.1966938,0.230732,0.1009188,0.1365816,0.1546306,0.1126182,0.1618098,0.2119124,0.1052856,0.1301588,0.1479,0.106207,0.1427502,0.2029417
0.097175,0.1513656,0.3420542,0.13725,0.1548012,0.1833166,0.0917386,0.141378,0.1805242,0.1116866,0.1498394,0.2855372,0.0953896,0.1171514,0.2424034,0.1175646,0.1770094,0.2145644,0.062831,0.2285656,0.149341,0.1458918,0.1228396,0.2633792,0.1094078,0.1319126,0.155101,0.1066336,0.1799834,0.1179178,0.194783,0.0693126,0.159975,0.2205464,0.1770642,0.1737976,0.2562324,0.0767464,0.2180522,0.176593,0.1068,0.1372612,0.171157,0.0626876,0.1443786,0.1772152,0.1313996,0.1333102,0.2085714,0.0827436,0.1534478,0.1415884,0.0712262,0.2013734,0.2104086,0.0620112,0.14297,0.1553006,0.118375,0.1122472,0.2807292,0.0831876,0.1749234,0.122562,0.1015784,0.1622004,0.54702,0.1206752,0.153453,0.3817632,0.1041598,0.128893,0.4497686,0.0711222,0.1537214,0.1420744,0.1446494,0.1791938,0.1968366,0.0912136,0.1461408,0.2631448,0.128377,0.162799,0.2469552,0.0865284,0.144269,0.2524582,0.0903216,0.177257,0.241067,0.0927842,0.1192644,0.1655942,0.0944002,0.1280536,0.1887602,0.107528,0.1254228,0.1653316,0.1331536,0.1336326,0.1828662,0.2550204,0.073794,0.205175,0.1655514,0.1701106,0.1727218,0.1748692,0.0667408,0.1112956,0.1834458,0.1420052,0.1731184,0.255038,0.1721356,0.0718104,0.1791338,0.3730374,0.1142184,0.2670694,0.2123664,0.070287,0.1276582,0.1548978,0.067914,0.1913164,0.1891788,0.125978,0.1486464,0.1514316,0.118655,0.1343886,0.2957714,0.1036988,0.1477366,0.1711606,0.1292568,0.1614406,0.1709898,0.0706394,0.1645742,0.1528548,0.1832868,0.149311,0.249012,0.1151736,0.2032176,0.127001,0.1095296,0.1205254,0.1278052,0.3105912,0.1374136,0.1160002,0.1280336,0.0926942,0.099949,0.3671556,0.08167,0.1446954,0.2263054,0.0864774,0.151973,0.5098406,0.1051606,0.250582,0.1838972,0.1049606,0.1959046,0.230164,0.1010684,0.1377166,0.1561644,0.1121062,0.1603218,0.213271,0.1047304,0.1292144,0.149497,0.1064082,0.1434386,0.2023009
0.095912,0.1519256,0.3396206,0.136815,0.156332,0.1834014,0.0919504,0.1397408,0.1802332,0.111682,0.1496272,0.2805292,0.0964586,0.1180672,0.2416932,0.1177992,0.1770162,0.2095482,0.0635692,0.2303628,0.1515318,0.1453044,0.1239142,0.2626884,0.1096622,0.1308542,0.1541742,0.1055592,0.1801224,0.1170726,0.1976712,0.0690826,0.1600054,0.2174748,0.178424,0.1740102,0.2567136,0.075643,0.2183054,0.1767026,0.1070936,0.1375574,0.1723428,0.0627378,0.1447238,0.1762194,0.130022,0.1350838,0.2076398,0.081879,0.1529262,0.1432426,0.0717328,0.2005946,0.2097968,0.0615898,0.1426636,0.1565294,0.1186786,0.1122174,0.2800326,0.083128,0.1729758,0.1213696,0.1025194,0.1628034,0.5480652,0.120754,0.151916,0.384361,0.103118,0.1285462,0.4552224,0.0715938,0.15442,0.1440014,0.145756,0.1814494,0.1954394,0.090375,0.1474738,0.2646272,0.1299142,0.1645662,0.2441094,0.0857266,0.1443144,0.2529566,0.0908104,0.1747264,0.242652,0.0914882,0.11945,0.165445,0.0943468,0.1291204,0.1869334,0.1078002,0.1272904,0.1627786,0.131749,0.1348576,0.1821578,0.2523014,0.0744228,0.2057428,0.1634124,0.1687436,0.1738358,0.180931,0.0673582,0.1106002,0.1812234,0.142562,0.1725068,0.2557794,0.1701436,0.071654,0.1805024,0.373445,0.1145858,0.2650202,0.2120658,0.0705476,0.1274654,0.1550708,0.0670104,0.1915106,0.1894234,0.1256466,0.1484438,0.1530978,0.1183144,0.1334488,0.2926382,0.1040017,0.148452,0.1712952,0.1300156,0.1627232,0.1702016,0.0723038,0.1666782,0.1534926,0.1851214,0.1494432,0.2491392,0.1147876,0.2039504,0.1261498,0.1094232,0.1199654,0.128923,0.311285,0.138167,0.1159942,0.1294854,0.0926666,0.1046288,0.3692286,0.0812768,0.1442366,0.2281642,0.0870082,0.152057,0.5069768,0.1049236,0.251874,0.1806168,0.1045142,0.1985536,0.2331468,0.1009242,0.1378568,0.1574892,0.1134548,0.160225,0.2139172,0.1058522,0.128664,0.1485894,0.1053096,0.1430666,0.2047746
0.0958902,0.1501382,0.3428924,0.138512,0.1566126,0.1807684,0.0925054,0.1413252,0.181341,0.1112036,0.1501558,0.2799756,0.0963438,0.1179528,0.2408132,0.1180662,0.178505,0.2120248,0.0643784,0.230696,0.153031,0.1448592,0.1233488,0.262547,0.1097038,0.1317952,0.1537402,0.1045526,0.181881,0.1155238,0.196132,0.068316,0.1583682,0.2197156,0.1796326,0.174374,0.2594456,0.0743114,0.2166902,0.1765266,0.106005,0.1400064,0.1719446,0.0623726,0.1451594,0.1771292,0.1286582,0.1346226,0.2067072,0.0804642,0.1546344,0.1421448,0.0711302,0.1991942,0.2082672,0.0618496,0.139786,0.1564914,0.117495,0.112069,0.2799696,0.083154,0.1780076,0.1199038,0.1036992,0.1627608,0.5524204,0.1205294,0.1541096,0.3820946,0.1034408,0.1272088,0.4539678,0.0714478,0.1556456,0.1441712,0.146863,0.1808512,0.1962996,0.0904586,0.1471014,0.2653782,0.1318504,0.1628512,0.2426012,0.085096,0.142586,0.2525754,0.0932138,0.1750894,0.2412624,0.0921058,0.1190806,0.1652868,0.094096,0.1317946,0.1863532,0.1065882,0.1275766,0.1621548,0.1310942,0.1349126,0.1813692,0.2519506,0.074141,0.2054072,0.163627,0.1684356,0.1740564,0.1803664,0.0684586,0.1100212,0.1840594,0.1415734,0.1725382,0.2545956,0.1690058,0.0717408,0.1819332,0.3780858,0.1129512,0.2638196,0.2114684,0.0703624,0.1283282,0.1555776,0.0673512,0.1912774,0.1907902,0.1252296,0.1481076,0.1534978,0.1180582,0.1335662,0.290156,0.1047063,0.149664,0.170546,0.1300936,0.1622636,0.1702852,0.0729148,0.165811,0.155227,0.1889576,0.149078,0.2485958,0.1154644,0.2037328,0.125639,0.1097232,0.1187662,0.1292156,0.3097858,0.1386006,0.1155708,0.1310054,0.0924532,0.1035848,0.3635802,0.0816904,0.1454372,0.2272566,0.0891014,0.15087,0.5057618,0.1046936,0.2531034,0.1819588,0.1041676,0.1995018,0.232956,0.100537,0.1388954,0.1580844,0.1119056,0.1609956,0.2131898,0.1053238,0.1290728,0.1478456,0.1049176,0.1439972,0.2050408
0.096563,0.1499442,0.342324,0.1399766,0.1564124,0.1810314,0.0918386,0.141124,0.1796988,0.1105548,0.1502922,0.2799604,0.096235,0.118774,0.2371636,0.118579,0.1764876,0.2160858,0.0651166,0.229409,0.1534668,0.1434932,0.1242538,0.263442,0.1096574,0.1361912,0.1557796,0.1056906,0.1810498,0.1169158,0.1959012,0.069194,0.1618378,0.218556,0.179284,0.1761416,0.2589084,0.0751612,0.219769,0.1769866,0.105447,0.1404318,0.171043,0.0623092,0.1463392,0.1777472,0.1276404,0.1337096,0.203596,0.0795924,0.154201,0.142825,0.070364,0.1967574,0.208328,0.0629042,0.1393866,0.1537348,0.1169402,0.112532,0.2822054,0.084748,0.1771064,0.1193094,0.104097,0.1600368,0.5572182,0.121725,0.1557634,0.3832946,0.1021244,0.1279672,0.4561962,0.0713212,0.1565672,0.1450238,0.145976,0.1778184,0.1975676,0.0900602,0.1466356,0.2650794,0.1311576,0.1620226,0.2392606,0.0851708,0.1404438,0.2531698,0.0935112,0.1760296,0.2415204,0.091034,0.1200646,0.1674452,0.0937238,0.1314134,0.1856251,0.1067258,0.127859,0.1614294,0.1313146,0.133379,0.1824506,0.2510898,0.0743672,0.2082766,0.163541,0.1666348,0.172776,0.1785544,0.0682674,0.1106932,0.1836842,0.139136,0.1714144,0.2576688,0.1686562,0.0718156,0.1801732,0.3781632,0.1126624,0.2623966,0.2109458,0.0703708,0.1291644,0.1563262,0.0666922,0.190669,0.1899416,0.1254288,0.1485824,0.1527982,0.1181852,0.1363402,0.2880898,0.1046577,0.1497476,0.1683408,0.1293538,0.1625344,0.169174,0.0727998,0.166594,0.1559792,0.1911422,0.148085,0.248473,0.1157086,0.2024392,0.1239644,0.1089548,0.1198196,0.1279092,0.3110628,0.1384236,0.116126,0.1298058,0.0920896,0.1035254,0.3663106,0.0817952,0.1456404,0.2267536,0.0892796,0.1497422,0.506246,0.1058368,0.2547,0.1806684,0.1037318,0.1981636,0.233026,0.101891,0.1389366,0.1585006,0.1117226,0.1610552,0.2126706,0.1053794,0.13079,0.1501216,0.104922,0.146138,0.2038532
0.0960026,0.1530942,0.339183,0.1394668,0.156385,0.1811612,0.0921666,0.1411348,0.1829862,0.1109312,0.1503088,0.2794238,0.094631,0.1203084,0.2381472,0.1180518,0.1737836,0.2146416,0.065168,0.2277188,0.1555046,0.1444942,0.1231126,0.2624792,0.111353,0.1366156,0.1558836,0.1070818,0.1808994,0.1162236,0.196943,0.0688382,0.1612172,0.2181644,0.17999,0.1770848,0.2584834,0.0756962,0.2211344,0.179044,0.105395,0.1400498,0.1694378,0.0621888,0.145855,0.1792498,0.1289606,0.1327574,0.203081,0.0796982,0.1537652,0.1423726,0.0720568,0.1958146,0.2084448,0.0624786,0.1402444,0.1543866,0.1165724,0.1118352,0.2817296,0.0846334,0.1780076,0.1183874,0.1040454,0.159819,0.562457,0.1217092,0.1552652,0.3812972,0.1034298,0.1284498,0.4511602,0.0710178,0.1578642,0.1454804,0.1506036,0.1796526,0.1980868,0.090244,0.148064,0.264199,0.1307054,0.1623492,0.2407572,0.083592,0.1404394,0.2517254,0.0931202,0.1745184,0.2428716,0.0906558,0.1195546,0.167605,0.092567,0.1321106,0.1830667,0.1081728,0.1278614,0.1617634,0.1293948,0.1326738,0.183186,0.249217,0.0749766,0.2089322,0.1609718,0.1659378,0.1728564,0.177542,0.068855,0.111498,0.1825454,0.14111,0.1699048,0.2594148,0.170482,0.071958,0.1792936,0.3734956,0.1149094,0.2631654,0.214804,0.0701148,0.1283044,0.1583526,0.0667798,0.1894534,0.1927896,0.1249732,0.149848,0.1534188,0.11833,0.1369614,0.2877368,0.1057844,0.1507942,0.1703854,0.1298614,0.159271,0.1671302,0.0722742,0.167734,0.155701,0.1915254,0.1459678,0.2517444,0.116322,0.203653,0.1247576,0.1081386,0.1214668,0.1289386,0.3158772,0.1375586,0.1156812,0.1305406,0.0937922,0.1043888,0.3727116,0.0816164,0.1463048,0.227408,0.0898732,0.1517302,0.5002854,0.1049784,0.2534056,0.1801084,0.1050652,0.197202,0.2342502,0.1008546,0.139687,0.1594794,0.11118,0.1621086,0.2149374,0.1051946,0.1294516,0.1495912,0.104073,0.1479084,0.2050578
0.0950954,0.1536772,0.3378396,0.1399926,0.1562558,0.1813246,0.09189,0.141211,0.1800392,0.1107434,0.1513348,0.2808592,0.095101,0.1211404,0.2396584,0.1165146,0.17199,0.211995,0.065445,0.2287894,0.1526118,0.143962,0.1223614,0.2635336,0.1122688,0.1357622,0.155916,0.1053382,0.1815524,0.1175754,0.199519,0.0693504,0.1629442,0.2165184,0.1791796,0.1778104,0.2604052,0.0748648,0.2204268,0.1773724,0.1052688,0.141251,0.169369,0.0621542,0.1445238,0.1809202,0.127781,0.13115,0.2035958,0.07988,0.153956,0.1413,0.0727652,0.195231,0.2093696,0.0632254,0.1399622,0.1532656,0.1159812,0.1112724,0.281458,0.0841054,0.1787248,0.1217318,0.10365,0.160671,0.5600484,0.1211144,0.1537972,0.387388,0.102506,0.1255262,0.45169,0.0725582,0.1569508,0.1444154,0.150504,0.1791326,0.1982982,0.090164,0.1487586,0.2643556,0.1319544,0.1619944,0.2405692,0.084079,0.1425916,0.2512672,0.092414,0.1742606,0.2454934,0.0902608,0.1186116,0.1676426,0.0932172,0.1325796,0.1837593,0.1090042,0.1276482,0.1623408,0.1289596,0.1319028,0.1836286,0.249653,0.076526,0.2079684,0.1604272,0.1664888,0.1745562,0.1757006,0.0693558,0.1107982,0.1815808,0.1413302,0.1755306,0.2611546,0.1707716,0.0714408,0.1787646,0.370663,0.1149528,0.261545,0.2145112,0.0701658,0.1263496,0.1609254,0.066526,0.1875214,0.1919812,0.124529,0.1531578,0.154585,0.1184578,0.135126,0.2847094,0.1052666,0.151114,0.1700534,0.1298974,0.1579978,0.1666644,0.0726288,0.1671898,0.1551266,0.1903972,0.1477178,0.2528798,0.1178506,0.2027724,0.126686,0.1096528,0.1198942,0.1296388,0.3187348,0.1373834,0.1162654,0.1307806,0.0943112,0.1050276,0.36955,0.082192,0.1463972,0.2284552,0.0893938,0.150836,0.5044234,0.1044792,0.2510752,0.1802906,0.1040106,0.1958166,0.2334664,0.1009204,0.1412272,0.1577552,0.1113028,0.1617314,0.2152572,0.1046166,0.1304364,0.150185,0.1038376,0.1482284,0.2038872
0.0957678,0.1553604,0.3345756,0.1393626,0.155784,0.1807062,0.092179,0.1421262,0.1837902,0.1111378,0.151325,0.2814848,0.0951308,0.1222684,0.2388982,0.1172246,0.1700938,0.2150054,0.065535,0.230867,0.154192,0.143583,0.119809,0.2644164,0.1126726,0.1351992,0.1566234,0.1050544,0.1816678,0.1174896,0.1986318,0.0687778,0.1617212,0.216987,0.179301,0.1786936,0.2612346,0.0741576,0.218873,0.1791768,0.106299,0.1408368,0.1702706,0.0617018,0.1433534,0.1840572,0.1283016,0.1317684,0.2069572,0.078987,0.1550684,0.1428766,0.0728872,0.1971264,0.2085102,0.0632468,0.1405358,0.1560462,0.1170904,0.1105496,0.2818568,0.0842572,0.1784276,0.121718,0.1034864,0.1600914,0.5683016,0.1212974,0.151951,0.3866836,0.103171,0.1254292,0.4511108,0.0704636,0.158421,0.1440566,0.150991,0.179259,0.196079,0.0895736,0.1492966,0.2638882,0.1305698,0.161894,0.2411886,0.0845544,0.141326,0.2517224,0.0916376,0.1747674,0.2450352,0.0923914,0.1192902,0.165864,0.092544,0.1343252,0.1825607,0.1091014,0.1274406,0.1650882,0.1292208,0.1322404,0.1847834,0.2506432,0.075595,0.2076998,0.1601884,0.1649574,0.1740966,0.1762814,0.0688578,0.1093254,0.1810904,0.1404174,0.1767044,0.2614788,0.169685,0.0716894,0.1797284,0.3680108,0.1153178,0.2610076,0.2136558,0.0692556,0.1258112,0.161269,0.0662556,0.1873886,0.1919338,0.1232676,0.1525656,0.1539812,0.1186316,0.1349022,0.2824022,0.1034732,0.1489336,0.1718084,0.1311184,0.1561492,0.1652196,0.0719338,0.1669078,0.1552106,0.1934204,0.1480834,0.2538588,0.117049,0.1990752,0.1249336,0.1103044,0.1220466,0.1292346,0.319297,0.1331312,0.1151692,0.1314466,0.0949966,0.1042724,0.3702286,0.083245,0.1466794,0.2275498,0.0906634,0.1514488,0.5075702,0.104986,0.2531418,0.1797988,0.104323,0.1951336,0.2323758,0.0994264,0.1397672,0.1560796,0.1103,0.1624708,0.216112,0.1047626,0.1327432,0.1512902,0.1040114,0.148074,0.200169
0.09686,0.1534822,0.33719,0.1379676,0.1539854,0.181357,0.0923956,0.1415986,0.1849112,0.1105616,0.1536484,0.2795092,0.0948258,0.1226402,0.2411592,0.1169924,0.1700992,0.2178244,0.0648796,0.23168,0.153399,0.1441848,0.1206532,0.2642758,0.1118728,0.1355746,0.155416,0.1050368,0.1831098,0.1182436,0.197936,0.068648,0.1611,0.2147886,0.1796624,0.1760444,0.261113,0.0746918,0.218917,0.1781074,0.1052472,0.1398836,0.1706102,0.0611214,0.1439022,0.1825568,0.1284468,0.1325054,0.2082962,0.078724,0.1546806,0.1427532,0.0733494,0.1957228,0.2059422,0.0634836,0.1415478,0.1542992,0.116867,0.1099286,0.2796022,0.084772,0.1760654,0.1202074,0.104677,0.1606202,0.5669918,0.1205152,0.1537978,0.3910652,0.1026308,0.124417,0.4479464,0.0708942,0.1580702,0.1431318,0.1518776,0.1798354,0.1975728,0.0892066,0.1491774,0.2642676,0.1300152,0.1616238,0.242038,0.0843482,0.1409846,0.2528,0.0921426,0.17581,0.2424268,0.0921316,0.1187016,0.1651416,0.0918254,0.1363326,0.1843873,0.1080796,0.127888,0.1628478,0.1283828,0.131436,0.183797,0.2489406,0.074108,0.2065818,0.1579736,0.1625748,0.1747066,0.176994,0.0701726,0.1112882,0.1833518,0.1395194,0.1771068,0.2632376,0.1694648,0.0712012,0.1800464,0.3626478,0.1166138,0.2581664,0.2138658,0.0689712,0.126626,0.1613676,0.0654422,0.1893414,0.1894864,0.1249146,0.1536214,0.1546654,0.1193698,0.135144,0.2823163,0.1038506,0.1497102,0.1723466,0.1297976,0.1568876,0.1665058,0.0716122,0.1669506,0.1578738,0.1940552,0.1499052,0.2517044,0.1167328,0.1963204,0.1240732,0.1087846,0.1222984,0.1276498,0.3198154,0.1339088,0.1139842,0.1298482,0.095007,0.1039252,0.3703218,0.0831064,0.146995,0.22645,0.0920796,0.153327,0.5088826,0.1048488,0.2541038,0.178807,0.1044066,0.1957182,0.2364184,0.100375,0.1397252,0.1557732,0.1094586,0.1618622,0.2144224,0.105703,0.1336194,0.1525428,0.1023456,0.1491942,0.1997004
0.0964576,0.1514762,0.3368896,0.1368262,0.154087,0.1857298,0.0916858,0.1409924,0.1842652,0.1109986,0.1537548,0.2784962,0.0949988,0.1218672,0.2438944,0.1171008,0.1703674,0.2153702,0.0636864,0.2304976,0.1527826,0.1451882,0.1210054,0.2654426,0.111999,0.1342594,0.155923,0.1041622,0.181671,0.1166764,0.1976656,0.0679008,0.1590236,0.2135406,0.181207,0.1756794,0.2630842,0.0756872,0.2195228,0.1786028,0.1044778,0.1408374,0.169497,0.0601106,0.1448262,0.1812376,0.1280312,0.132145,0.2123524,0.0782184,0.1542158,0.1435114,0.0733506,0.1964858,0.2081204,0.0639158,0.1435416,0.1549034,0.1167036,0.1093508,0.2814342,0.0845032,0.1761798,0.1207156,0.104299,0.1604592,0.5693084,0.1205062,0.1542478,0.3861044,0.1030868,0.1235416,0.4520704,0.0711254,0.1564698,0.1425888,0.1524898,0.1799112,0.1959684,0.0899422,0.1493428,0.2659168,0.1301444,0.1639704,0.2436646,0.0843528,0.1405402,0.2558874,0.0932566,0.1778778,0.2450728,0.0923636,0.1241552,0.1627658,0.0919694,0.1368866,0.1852387,0.1078302,0.1274384,0.1615418,0.1289154,0.1303856,0.1829822,0.2490062,0.0738196,0.2043508,0.1600704,0.162164,0.1737444,0.1767322,0.0698886,0.1109374,0.182056,0.137988,0.1770796,0.2649352,0.1702296,0.071885,0.178947,0.368784,0.1172378,0.2569146,0.2110888,0.0705208,0.1266634,0.1613598,0.06576,0.1896276,0.1939308,0.1257682,0.1545176,0.155303,0.1184056,0.1350258,0.2814073,0.104169,0.1497164,0.1705818,0.1300672,0.1562384,0.166039,0.07171,0.1702662,0.160196,0.1931736,0.1492636,0.2488816,0.1176176,0.1944504,0.1232022,0.1082582,0.121642,0.1257506,0.3194832,0.1335662,0.1138344,0.1284694,0.0955836,0.1045164,0.3660872,0.0826288,0.146318,0.221417,0.0919696,0.1524172,0.505485,0.1056544,0.2544582,0.1794608,0.1041556,0.1984708,0.23246,0.102123,0.1404986,0.1546434,0.1102996,0.160677,0.213856,0.1050386,0.1366588,0.152287,0.1019644,0.1477618,0.2004306
0.0958396,0.1529962,0.3334684,0.134517,0.1499126,0.1850376,0.0919532,0.1428004,0.1879682,0.1112434,0.1532118,0.2793006,0.094337,0.1241248,0.2408436,0.1173834,0.1697658,0.2134726,0.0636766,0.2280408,0.1544046,0.145024,0.1197102,0.2664892,0.1117108,0.1354522,0.1539878,0.104181,0.1810562,0.1159254,0.196449,0.0687814,0.1617014,0.210365,0.1812192,0.175869,0.2601174,0.0751556,0.2204848,0.1781446,0.1048938,0.1400964,0.167844,0.060609,0.1451484,0.1819844,0.128398,0.1316586,0.2154712,0.077966,0.1541232,0.1439166,0.0725756,0.1979536,0.2067152,0.06419,0.143828,0.1557384,0.116633,0.1090092,0.279796,0.084697,0.1752896,0.120369,0.1037024,0.1613036,0.5686432,0.1206658,0.1539314,0.3869732,0.104555,0.123263,0.4506418,0.0708598,0.1593136,0.1431,0.1517098,0.182092,0.1954378,0.089835,0.1509228,0.2674542,0.131053,0.161251,0.2429036,0.0841864,0.1401678,0.2548338,0.0917686,0.1770225,0.2446514,0.0923996,0.1235704,0.1641068,0.0926038,0.1384532,0.1836145,0.106384,0.1272164,0.159449,0.1291632,0.130601,0.1835418,0.2471946,0.0732766,0.2054512,0.1595114,0.1635748,0.1708344,0.176247,0.070181,0.1107422,0.183046,0.1377722,0.178339,0.2632354,0.169875,0.0727066,0.18044,0.3678308,0.1177726,0.2570602,0.2093316,0.070731,0.1279054,0.1627434,0.0653228,0.192043,0.196983,0.1240022,0.1559098,0.156487,0.117167,0.1349726,0.2793094,0.104554,0.1512926,0.1703022,0.1295616,0.154572,0.1661314,0.07116,0.1701532,0.162202,0.1945606,0.1479216,0.24864,0.1183114,0.1932462,0.1249812,0.1103274,0.120935,0.126865,0.3168714,0.1326594,0.1142538,0.1282092,0.0948844,0.105648,0.3649916,0.0827412,0.148125,0.2206436,0.0932772,0.1525868,0.509965,0.1055498,0.2534668,0.180107,0.1042534,0.1972316,0.2336286,0.1014226,0.1394084,0.1526382,0.110064,0.1592248,0.2160774,0.104161,0.1360352,0.1519048,0.1026818,0.1467032,0.2013358
0.0957812,0.1531522,0.3338278,0.1370172,0.1507592,0.1872134,0.0915724,0.143772,0.186361,0.110892,0.1546162,0.2814434,0.0933584,0.1234372,0.2413638,0.1176496,0.1723788,0.2125598,0.063644,0.227886,0.1546362,0.145732,0.1180088,0.267517,0.1120754,0.1350272,0.1544906,0.1029864,0.1806366,0.1162498,0.1965912,0.0677266,0.1634126,0.2133556,0.1802788,0.1738996,0.2618996,0.0747508,0.2206262,0.177754,0.1037704,0.1413172,0.1706776,0.0607726,0.1445726,0.179471,0.1274666,0.1297434,0.2144814,0.0773844,0.1520332,0.1449384,0.0720296,0.19896,0.205831,0.062647,0.1429264,0.1562212,0.1173844,0.107348,0.2802766,0.0845058,0.1787312,0.1180418,0.1031058,0.1593382,0.5668414,0.1198662,0.1538798,0.3831892,0.1035058,0.1259858,0.455843,0.0698676,0.1585282,0.1426096,0.1502952,0.1822014,0.1975946,0.0895628,0.1540114,0.270207,0.128568,0.1599114,0.2402914,0.086041,0.1396212,0.2543196,0.0918988,0.1745126,0.244773,0.092069,0.1223142,0.1621428,0.092448,0.1361148,0.1831197,0.106303,0.126046,0.1625642,0.1292628,0.132304,0.1833128,0.2463562,0.0737384,0.2063858,0.1599368,0.159422,0.1698116,0.1783778,0.0699344,0.1103406,0.1819396,0.1393374,0.1792128,0.2639312,0.1704586,0.0725604,0.1780408,0.370129,0.1176732,0.2571476,0.213128,0.0702598,0.1290222,0.1631292,0.065674,0.1912202,0.1942606,0.124434,0.1580548,0.1552302,0.1173426,0.1340632,0.2790764,0.1051338,0.1498972,0.1701926,0.130129,0.1551814,0.1694538,0.0718306,0.1699626,0.1590388,0.1990422,0.148498,0.2496136,0.1174948,0.1914396,0.1270212,0.1087076,0.1208886,0.1254964,0.3139962,0.1333234,0.1147832,0.1286812,0.09403,0.1063346,0.3666574,0.0820172,0.148367,0.2241188,0.0921758,0.1549804,0.509974,0.1060044,0.253556,0.1806978,0.103209,0.1958364,0.2318816,0.1011216,0.1381738,0.1518312,0.1089866,0.1608282,0.2132166,0.1048412,0.1355962,0.151429,0.1034126,0.1466428,0.2010002
0.0955128,0.155646,0.3295956,0.1372676,0.1532692,0.1876406,0.090336,0.142126,0.1855846,0.1113782,0.1556916,0.2818436,0.0942164,0.1218706,0.2301488,0.118321,0.1699608,0.2104734,0.0638664,0.228336,0.1537776,0.1448794,0.1172906,0.2695098,0.1125038,0.1341842,0.1530616,0.1022392,0.1791328,0.1188712,0.1970468,0.0671998,0.162839,0.2113842,0.1798642,0.172833,0.2619586,0.0741814,0.2213704,0.1782256,0.1040832,0.1412572,0.1714104,0.0607984,0.1455388,0.1796342,0.126372,0.1290902,0.215271,0.0780182,0.1513838,0.1437304,0.072499,0.2015908,0.203315,0.0627746,0.1445532,0.154412,0.1167114,0.108672,0.2802608,0.084935,0.1770954,0.1191,0.1029476,0.1581486,0.5629596,0.1208672,0.1555578,0.3841658,0.104206,0.128325,0.459475,0.0705982,0.1576432,0.1411026,0.1501514,0.1825814,0.1957498,0.0891422,0.1556452,0.2681084,0.129065,0.1588796,0.240877,0.0853472,0.1383932,0.2509266,0.0916306,0.1740818,0.2422302,0.0924354,0.123608,0.1629102,0.0925322,0.1330646,0.1865106,0.1068964,0.1260044,0.1607366,0.129469,0.1333258,0.1840244,0.2457716,0.0735338,0.2065786,0.1603924,0.1606,0.1695804,0.17752,0.0697392,0.1106624,0.1811548,0.1405204,0.181182,0.2648824,0.1696646,0.0720547,0.1807106,0.3696712,0.1182252,0.253674,0.2139542,0.0696428,0.128378,0.1621828,0.0652486,0.1905934,0.1959904,0.1243256,0.1607018,0.1536114,0.1169686,0.1349488,0.2815372,0.1048642,0.1481822,0.1710964,0.1281666,0.1580098,0.170073,0.0723462,0.169722,0.1606114,0.199448,0.1498378,0.251023,0.1159652,0.1946616,0.1254276,0.1097618,0.1188764,0.1268364,0.314007,0.1346836,0.1138856,0.12781,0.0940016,0.1064266,0.3647178,0.0812174,0.1484782,0.2216628,0.0934426,0.1546278,0.5121888,0.1044472,0.2522762,0.1807794,0.102462,0.1960378,0.2321885,0.1010668,0.1379772,0.153762,0.10982,0.1625602,0.215665,0.1045944,0.13593,0.153219,0.10292,0.1471112,0.202235
0.0949088,0.1546186,0.3246368,0.137584,0.1520012,0.1864346,0.0904534,0.141834,0.1825282,0.1109882,0.1544812,0.2864112,0.0938392,0.1232366,0.234824,0.1187334,0.168346,0.2081518,0.0639178,0.2296682,0.1524008,0.1443548,0.1181546,0.268685,0.111612,0.1334192,0.150901,0.1017962,0.1806366,0.117241,0.1951332,0.0670578,0.162567,0.2080872,0.1790426,0.1735406,0.2632262,0.0746292,0.2224324,0.1781688,0.1037938,0.1413182,0.1708768,0.061535,0.1477966,0.1803132,0.1253272,0.1287456,0.2133922,0.0782026,0.1509374,0.1426698,0.0732572,0.2005336,0.20184,0.0627684,0.1450284,0.1527078,0.1173038,0.109651,0.2797478,0.084322,0.176638,0.1182882,0.102697,0.157914,0.5619852,0.1210268,0.155572,0.385787,0.103941,0.1275218,0.4611462,0.0718186,0.1589718,0.1407314,0.1503524,0.1814028,0.1968346,0.0883294,0.1564748,0.2650444,0.1299772,0.1597978,0.2398708,0.0857644,0.1398972,0.2533176,0.0917542,0.1762434,0.24527,0.0921686,0.1238706,0.1630164,0.0910054,0.1322884,0.1885766,0.1074258,0.1264424,0.1623866,0.1302476,0.1340556,0.1848906,0.2435102,0.0734472,0.205946,0.1605256,0.1611278,0.1676176,0.1776704,0.0698944,0.1115472,0.1820874,0.1399696,0.1816912,0.2650992,0.1697006,0.0722458,0.182087,0.3685628,0.1189252,0.2554686,0.2172782,0.0697358,0.1301082,0.1624806,0.0642694,0.1918758,0.1969862,0.1244322,0.162161,0.154058,0.1171882,0.134791,0.2833096,0.1063236,0.1474708,0.1712342,0.1276216,0.1576006,0.171938,0.0725352,0.1735048,0.1601636,0.2023276,0.149629,0.253734,0.1138534,0.196862,0.1246176,0.1096288,0.1194592,0.1284314,0.3130996,0.134311,0.1120694,0.1269404,0.0929188,0.1057846,0.3630716,0.0817772,0.1484404,0.2237868,0.0932836,0.1521124,0.5103358,0.1041126,0.2511388,0.182082,0.1032754,0.1929922,0.2323789,0.1004504,0.1381542,0.1551232,0.1090906,0.1590856,0.2141728,0.1050038,0.1355768,0.152347,0.1024052,0.1448288,0.200787
0.0957018,0.1550222,0.3244308,0.138652,0.151417,0.1885304,0.0908904,0.1409924,0.1848064,0.1106218,0.1550478,0.288493,0.0945214,0.1245088,0.2386942,0.1198178,0.1698488,0.2069876,0.0639258,0.2319212,0.154004,0.1460794,0.1192176,0.2725064,0.1108234,0.1320622,0.15046,0.1038826,0.1815818,0.1161272,0.2007996,0.0669654,0.1614862,0.209435,0.1787548,0.172139,0.2600746,0.0751686,0.2220142,0.1778946,0.103732,0.1415016,0.1688382,0.0617252,0.1483796,0.1795466,0.1256274,0.1292291,0.2110894,0.078843,0.1498376,0.142188,0.0738772,0.1985116,0.2033736,0.0641484,0.1457828,0.1527486,0.1177206,0.107584,0.2800198,0.085314,0.177495,0.117681,0.1021026,0.1600316,0.5606942,0.1208304,0.153899,0.3852908,0.1009706,0.1303542,0.4630496,0.0708748,0.1582054,0.1414284,0.1487062,0.1807466,0.1964246,0.0888176,0.15737,0.2701314,0.1317736,0.1595552,0.2369454,0.0848826,0.1397222,0.251715,0.091881,0.1764904,0.246486,0.0929804,0.1250212,0.1623936,0.091642,0.1314226,0.1882028,0.1054294,0.1259334,0.1607868,0.130643,0.133566,0.1885388,0.2412616,0.0734342,0.204082,0.1597472,0.1587726,0.1679046,0.1781484,0.0695654,0.1109978,0.1810908,0.1392496,0.1800966,0.2612485,0.1726278,0.0719236,0.1792148,0.3709256,0.1193472,0.2535044,0.2136864,0.0693656,0.1285116,0.162607,0.06553,0.1925222,0.1999926,0.1280964,0.1643028,0.156914,0.1169368,0.1334924,0.2859662,0.105809,0.1498228,0.173324,0.1295618,0.1587652,0.1727,0.071294,0.1744104,0.1577848,0.2031114,0.1483216,0.2571656,0.1149592,0.1969026,0.124687,0.1083774,0.1209872,0.130588,0.3157616,0.1341722,0.1126246,0.1275532,0.0923514,0.1055138,0.3615144,0.0816816,0.1472306,0.2233608,0.0942184,0.1527986,0.5097728,0.1046942,0.2549246,0.1822948,0.1032006,0.1915506,0.2314155,0.1000836,0.1368116,0.154895,0.1096234,0.1591998,0.213738,0.1048808,0.1357318,0.1519582,0.1017976,0.145636,0.202941
0.096321,0.155792,0.3305806,0.1389992,0.1493046,0.1864292,0.0915064,0.138975,0.1851254,0.1105952,0.1560032,0.287434,0.0941622,0.1247586,0.239721,0.1199896,0.1698334,0.2043868,0.0637318,0.230713,0.1525988,0.145338,0.119217,0.2725034,0.1101292,0.1312498,0.1497106,0.103694,0.182769,0.117135,0.2009068,0.065974,0.1607088,0.21199,0.1793012,0.1719154,0.2582484,0.0763966,0.222683,0.179578,0.1039566,0.1399442,0.1700032,0.062558,0.150048,0.1798958,0.1265128,0.1283533,0.2122832,0.0779614,0.148911,0.1424978,0.074839,0.1969468,0.205612,0.0641202,0.1449288,0.1534966,0.1167592,0.1072528,0.2787952,0.0841626,0.1775968,0.1193944,0.1025846,0.1592246,0.5607014,0.1193728,0.1549368,0.3845242,0.1007464,0.131617,0.4617536,0.0710634,0.1586118,0.1421044,0.1494456,0.1828868,0.1967002,0.0888546,0.1582178,0.2737426,0.13316,0.1610982,0.2335844,0.085794,0.1400458,0.2538672,0.0914208,0.1769134,0.2508278,0.0933684,0.1256104,0.1642958,0.0921534,0.1299312,0.1914154,0.1047822,0.1279432,0.1603348,0.1295246,0.133781,0.1888774,0.2401736,0.0727616,0.2026162,0.1582146,0.1609818,0.1657428,0.1792514,0.0693664,0.1113256,0.1794586,0.1397972,0.1796744,0.2601201,0.1729742,0.0725948,0.1772734,0.371588,0.1192682,0.254404,0.214647,0.0693654,0.1280494,0.1602972,0.0652096,0.1920154,0.1975038,0.1272318,0.1657574,0.1571264,0.1167768,0.1334774,0.287759,0.1055564,0.1509102,0.1733494,0.128383,0.1579798,0.1714244,0.0721134,0.17426,0.1584808,0.2036342,0.1478994,0.2556054,0.1142572,0.194907,0.1237232,0.1076804,0.1213794,0.1311152,0.3166114,0.133176,0.1112212,0.1281802,0.0920342,0.103779,0.3637718,0.0820042,0.1469504,0.225504,0.0950602,0.1529856,0.506545,0.1041448,0.2524974,0.183257,0.1005384,0.1933762,0.2282583,0.0996084,0.1377438,0.1542724,0.1086634,0.1589374,0.216668,0.1056746,0.13565,0.1524194,0.1023064,0.1443046,0.202329
0.0960886,0.155507,0.333072,0.1396134,0.151865,0.18444,0.0913376,0.137597,0.1848194,0.1090298,0.1568429,0.2875776,0.0951052,0.1237998,0.241398,0.1211312,0.1728816,0.2031798,0.0640732,0.2320838,0.1510726,0.1431146,0.1186824,0.2724024,0.110217,0.129244,0.1502004,0.103561,0.1811878,0.1160044,0.1994908,0.0652906,0.1609246,0.214887,0.1787656,0.174281,0.2580226,0.0756026,0.222842,0.1835822,0.1030122,0.1390662,0.1730794,0.0624436,0.1496014,0.1843622,0.1233738,0.1272902,0.211472,0.0775826,0.1482554,0.1409372,0.074998,0.1990024,0.2049422,0.064186,0.144153,0.152751,0.1179708,0.1076282,0.2789304,0.084015,0.1776516,0.119448,0.1027142,0.1584796,0.5620178,0.1209826,0.1544238,0.3899682,0.1017754,0.1318662,0.4591514,0.07063,0.1581662,0.1414876,0.1495774,0.1823252,0.1993958,0.0888032,0.1592158,0.2718326,0.1319332,0.159559,0.2335382,0.0857066,0.137963,0.2562872,0.0887118,0.1754594,0.2519472,0.094232,0.1273454,0.1623588,0.0917698,0.1329508,0.1901352,0.1061498,0.1268744,0.1614022,0.1284062,0.132171,0.1891046,0.2422236,0.0730326,0.2035344,0.1609618,0.1636922,0.1647618,0.1778076,0.0693894,0.1119826,0.1789338,0.1392574,0.1795626,0.2620699,0.1707906,0.0718472,0.1792644,0.371778,0.1199172,0.2551436,0.2166116,0.0705614,0.1278004,0.1627274,0.0648946,0.1922812,0.1939136,0.1283884,0.1660802,0.1567382,0.116312,0.1341302,0.2893456,0.1068002,0.1504872,0.1753516,0.129025,0.156485,0.1692804,0.0716983,0.172814,0.1602958,0.2002408,0.147621,0.2566346,0.1155118,0.19472,0.122893,0.107711,0.1212206,0.1302066,0.3175528,0.1331306,0.110581,0.1274016,0.0918566,0.1028126,0.3607652,0.0824832,0.1467638,0.2255614,0.0952638,0.1538798,0.5067694,0.1033972,0.2541536,0.1829996,0.1017604,0.192811,0.2272607,0.0993258,0.1380786,0.152601,0.1077094,0.160155,0.2140368,0.105943,0.1364984,0.1515752,0.1021592,0.1454746,0.2027624
0.095618,0.1541178,0.3367706,0.1379718,0.1531324,0.1860092,0.0905812,0.1364994,0.1844722,0.1083558,0.1600464,0.2885736,0.0945764,0.1245792,0.239921,0.121438,0.171259,0.1986478,0.064463,0.233553,0.1507638,0.1449158,0.1176476,0.272325,0.110354,0.1290334,0.150283,0.1028992,0.180249,0.117294,0.2021662,0.066204,0.160788,0.218873,0.1811152,0.1766374,0.2575584,0.0764002,0.2252174,0.1837514,0.103604,0.1407062,0.1733464,0.0625504,0.1505084,0.1847216,0.124206,0.126295,0.2138476,0.0765574,0.1480036,0.1416614,0.075166,0.1980936,0.2043902,0.065275,0.1448954,0.1540206,0.1166298,0.106964,0.2775074,0.083709,0.176071,0.1193234,0.1028594,0.158175,0.5665126,0.1223648,0.1558142,0.3948604,0.1004088,0.1311448,0.4618618,0.0712526,0.1578778,0.141541,0.149888,0.1833872,0.1986666,0.0876024,0.161858,0.274588,0.1312836,0.1572376,0.2348634,0.085041,0.138118,0.2541346,0.0898628,0.1749166,0.2487198,0.0945736,0.1278896,0.1618222,0.091909,0.1334984,0.1906576,0.106203,0.1266206,0.1617602,0.131147,0.1320786,0.1872621,0.2462192,0.0728516,0.204863,0.1594798,0.1645236,0.1630672,0.1751786,0.0685032,0.1109742,0.1769756,0.1385298,0.1795892,0.2660011,0.1708794,0.0719307,0.1782838,0.3752724,0.1198568,0.2546558,0.2144482,0.0700186,0.1277244,0.1611718,0.0642182,0.1937888,0.1935916,0.125689,0.1681068,0.1548096,0.1168928,0.1352642,0.2943534,0.1064786,0.1505956,0.1774,0.1283642,0.1576702,0.1691338,0.0716949,0.1741862,0.1598982,0.2011706,0.146576,0.2595776,0.1155382,0.1948682,0.122933,0.1083434,0.1204302,0.1295362,0.319341,0.134486,0.1101318,0.1269252,0.0922486,0.1017794,0.352958,0.0826054,0.1475318,0.2235058,0.0948188,0.1538862,0.503197,0.1042292,0.253158,0.1828308,0.1019138,0.192408,0.2272413,0.0996804,0.1369014,0.1523082,0.1097464,0.1563122,0.2130788,0.106924,0.138236,0.1509206,0.1020388,0.148973,0.2015638
0.0958034,0.1542314,0.334968,0.1381442,0.1518844,0.1883382,0.0907192,0.1376018,0.1885174,0.1071498,0.1603254,0.2834794,0.0957384,0.1239356,0.2403292,0.122257,0.172915,0.1986362,0.0639578,0.2321468,0.1525772,0.1449486,0.11816,0.2758528,0.1104892,0.1286834,0.1499634,0.1035548,0.179678,0.1171448,0.2029456,0.0674914,0.16204,0.2202332,0.180945,0.1773444,0.2548586,0.0769284,0.2230308,0.1862954,0.1034014,0.1396548,0.1741382,0.0624992,0.1506264,0.1835766,0.1244536,0.1274092,0.2124754,0.0775324,0.1492032,0.1420166,0.075008,0.1978418,0.203818,0.0659042,0.1446916,0.1539738,0.115534,0.1076604,0.2793694,0.0832562,0.1760986,0.1200284,0.1041284,0.1591028,0.5660616,0.1226298,0.1546268,0.3957624,0.1026754,0.1306006,0.4586554,0.0720894,0.1569958,0.139669,0.1491454,0.181138,0.1981624,0.0880504,0.1663184,0.2723718,0.1304448,0.1575382,0.2338292,0.0869396,0.1379742,0.2565622,0.0881852,0.1750366,0.250377,0.0948578,0.1288526,0.1623322,0.0927796,0.1320658,0.1907718,0.1069556,0.1264766,0.1625958,0.1310418,0.1328038,0.1873772,0.2454708,0.0730574,0.2049438,0.1604726,0.1630976,0.1620566,0.173881,0.069116,0.1110408,0.1789198,0.139159,0.1816968,0.2664053,0.170469,0.0725439,0.1804132,0.3760262,0.1209878,0.2559238,0.213984,0.0687412,0.1273482,0.162667,0.0645656,0.194732,0.1935194,0.1262428,0.1688658,0.1546138,0.1180666,0.1312856,0.294334,0.1056088,0.1473202,0.1764954,0.1286306,0.1592368,0.1703478,0.0719903,0.1743162,0.1588896,0.2021718,0.1477832,0.260507,0.1160726,0.1951074,0.1234544,0.108127,0.1204672,0.130265,0.3190908,0.1347518,0.1110996,0.1265512,0.0916338,0.1022598,0.3563498,0.0819828,0.1464932,0.2220494,0.094726,0.1523528,0.4761296,0.1040728,0.2530432,0.1832434,0.1030876,0.1920334,0.2263817,0.100782,0.136313,0.1534246,0.1100056,0.1546056,0.2132114,0.107081,0.1385948,0.15083,0.1018096,0.1497826,0.2000772
0.09368,0.1561348,0.3381416,0.1404476,0.1533876,0.1886178,0.0919694,0.137339,0.1908612,0.1091882,0.1608152,0.2807648,0.0954324,0.1221662,0.2414974,0.1225718,0.1716884,0.1973534,0.0636938,0.2317528,0.1528268,0.1450466,0.1181504,0.2754548,0.1098536,0.1307448,0.151622,0.1026954,0.1785974,0.11651,0.202038,0.0663824,0.1636276,0.2214167,0.1814784,0.1783236,0.2529486,0.0775384,0.223133,0.1868558,0.102794,0.1399534,0.1757678,0.0630824,0.1499536,0.1816518,0.1238662,0.1262476,0.2125566,0.0785478,0.1500352,0.145396,0.0749226,0.1999102,0.2050012,0.066861,0.1440054,0.153943,0.1157744,0.1078198,0.2786884,0.0836346,0.1762678,0.1182026,0.1026478,0.1582112,0.5659618,0.121455,0.1544398,0.3903732,0.1040104,0.130984,0.4563152,0.0725146,0.1584454,0.1381944,0.1493782,0.1799286,0.1999898,0.0879076,0.1666314,0.2735774,0.130589,0.1577292,0.2326938,0.0871732,0.1384402,0.2603626,0.0881918,0.1762648,0.2537712,0.0944948,0.127652,0.1616198,0.0929888,0.1331374,0.1927696,0.1052852,0.127009,0.1630052,0.1316006,0.1321332,0.1896726,0.2455634,0.0739806,0.2053982,0.1616116,0.1643844,0.1578438,0.1708768,0.0702194,0.1114578,0.1758454,0.1391636,0.1822956,0.2615947,0.171263,0.0720231,0.1803026,0.3813506,0.120266,0.2556184,0.2125266,0.0725488,0.1282172,0.16133,0.0639918,0.1946214,0.195811,0.126229,0.168074,0.1543076,0.117357,0.1300582,0.2957306,0.1069658,0.1465224,0.1756036,0.1288718,0.1606422,0.1688664,0.0725972,0.174581,0.1581322,0.2026326,0.1478692,0.2598758,0.1149084,0.1932416,0.1242934,0.1088636,0.1199316,0.1320212,0.3146582,0.1343854,0.1126784,0.125258,0.0912668,0.1019616,0.3546504,0.0818856,0.1468837,0.2259676,0.0953176,0.1515634,0.4872278,0.1053174,0.2570352,0.1815012,0.1031986,0.1933452,0.2263341,0.1011718,0.1347946,0.1552184,0.1105734,0.1537822,0.2106876,0.1074626,0.1382066,0.150892,0.101823,0.149196,0.2014486
0.0935862,0.1578978,0.3428312,0.1412166,0.1550532,0.188889,0.0917336,0.1373406,0.1910416,0.1078694,0.1603436,0.280727,0.0960336,0.1242344,0.2406596,0.1227644,0.1725206,0.1986452,0.0641364,0.233704,0.1522214,0.1451182,0.117874,0.275797,0.1102128,0.1289356,0.1504802,0.1025358,0.1790822,0.116339,0.1991828,0.0669614,0.164351,0.2200577,0.1812248,0.1817042,0.2575932,0.0777252,0.2224584,0.1865656,0.1029708,0.1403714,0.1757258,0.0626264,0.1497532,0.1843268,0.120711,0.1263074,0.2133546,0.0793224,0.149468,0.1442484,0.0750312,0.1985034,0.2031642,0.0668514,0.1440792,0.1547438,0.1144384,0.1079782,0.2826516,0.0840474,0.1800834,0.118955,0.1020332,0.1561596,0.5629032,0.1223366,0.1551988,0.3917064,0.1016702,0.1317692,0.4561446,0.0712124,0.15736,0.1409978,0.1487954,0.1779138,0.2014334,0.0878204,0.1665314,0.2722488,0.1289414,0.1556416,0.2323892,0.086853,0.1397034,0.261981,0.0885882,0.1757118,0.2522542,0.093573,0.128313,0.1618616,0.093114,0.1323244,0.1926636,0.1042138,0.1271732,0.163647,0.1300826,0.1287224,0.190248,0.2476218,0.0744266,0.2045088,0.161995,0.1658186,0.1571934,0.170745,0.0707814,0.1113212,0.1811126,0.1395438,0.1802278,0.2595351,0.1710672,0.0719078,0.180395,0.377111,0.1184368,0.2526224,0.2145362,0.0733396,0.1277274,0.1607458,0.0630596,0.19412,0.194708,0.1257692,0.1691516,0.1543728,0.1170348,0.130868,0.2936522,0.1060502,0.1461044,0.175966,0.1296934,0.1599086,0.167918,0.072593,0.1757748,0.1577676,0.2042264,0.148947,0.2586422,0.1157386,0.1968396,0.122852,0.1095022,0.1206664,0.1323642,0.3171322,0.1350714,0.1151036,0.1251058,0.0912474,0.10191,0.3556992,0.0827096,0.1468562,0.2251162,0.0998518,0.1521228,0.490527,0.1055968,0.255307,0.184312,0.1052102,0.195712,0.2261944,0.10248,0.1337712,0.15574,0.1111976,0.153079,0.2095146,0.107652,0.1384762,0.153147,0.1011866,0.150675,0.199705
0.0929298,0.1597516,0.3462462,0.1399094,0.1525756,0.1879306,0.091422,0.136182,0.191184,0.1076966,0.1588272,0.2780072,0.0961652,0.1246342,0.2434514,0.1234724,0.1719174,0.1976652,0.0631716,0.2324162,0.1515852,0.144341,0.117635,0.2766052,0.1105276,0.1288916,0.1487532,0.102497,0.1796476,0.1161972,0.2001378,0.067334,0.1633352,0.2181891,0.1810396,0.178887,0.2584782,0.0792164,0.2214366,0.1911138,0.1034752,0.1392206,0.1758056,0.0627156,0.1498974,0.1868646,0.120242,0.1274902,0.2127568,0.0791308,0.1477756,0.1427948,0.0750654,0.200875,0.2035344,0.0664014,0.1439974,0.1544858,0.1154074,0.109431,0.2818608,0.0837938,0.180708,0.1191086,0.1010268,0.1538658,0.561092,0.1219976,0.1568832,0.3913556,0.1037016,0.131878,0.452571,0.0719546,0.157168,0.1421888,0.1506348,0.1776802,0.2018472,0.0887936,0.1679084,0.2672234,0.130013,0.1553038,0.2299636,0.0865866,0.1389824,0.2620524,0.0885256,0.1762128,0.251821,0.0930812,0.13002,0.1605108,0.0933612,0.1332996,0.193097,0.1052474,0.1257106,0.1611454,0.1318874,0.1291334,0.1899592,0.2489144,0.0748588,0.2059068,0.1644888,0.1644902,0.1595072,0.1704104,0.0707016,0.1115374,0.1807634,0.1419424,0.1810158,0.2581093,0.171263,0.0713502,0.1807038,0.3788782,0.1181034,0.2519336,0.217555,0.0740146,0.126724,0.1603996,0.0622812,0.1946694,0.1939854,0.1259842,0.169899,0.152819,0.1186554,0.1315804,0.2910902,0.106231,0.1456246,0.1748184,0.1284344,0.162751,0.1667376,0.0727168,0.1757738,0.1566756,0.2021526,0.148565,0.2588114,0.1151882,0.1985484,0.1256178,0.1082364,0.1216236,0.1322962,0.3111036,0.1338294,0.1150468,0.1266442,0.0917482,0.102936,0.3527474,0.0834508,0.1462215,0.2238988,0.098499,0.1556274,0.4937988,0.1050618,0.2549074,0.1855302,0.1048462,0.1926202,0.2235774,0.1017848,0.133846,0.1575524,0.1092668,0.1533854,0.212758,0.1075402,0.1392066,0.1520118,0.1017556,0.1511088,0.1982766
0.0936126,0.1601982,0.3483406,0.1414112,0.1519016,0.1900908,0.090408,0.1370322,0.192725,0.1071786,0.1575546,0.2775154,0.0945484,0.1232698,0.24248,0.1228782,0.1708484,0.1978942,0.0625984,0.230572,0.149981,0.1437894,0.1169306,0.2786462,0.1100736,0.1292262,0.1502638,0.1024282,0.1788988,0.1165052,0.1999662,0.0668084,0.1611674,0.2170812,0.1816986,0.178277,0.25575,0.0783006,0.2225616,0.1930806,0.1037444,0.140336,0.175164,0.0625308,0.1513462,0.1848274,0.1199204,0.1285258,0.2103074,0.07821,0.1487796,0.1431982,0.0742472,0.1998406,0.2043712,0.065804,0.1459088,0.153901,0.114761,0.1095158,0.2841476,0.0845584,0.1777724,0.1186746,0.1012264,0.1563586,0.5632352,0.1224754,0.1561292,0.387326,0.103528,0.1310212,0.4504624,0.0724344,0.1568918,0.141907,0.1502366,0.1785672,0.2016542,0.089172,0.1681508,0.2640732,0.1292166,0.1547388,0.2295098,0.0864856,0.1396664,0.262945,0.0877608,0.1763288,0.2496268,0.0933824,0.13054,0.1609532,0.0915984,0.1359164,0.1939884,0.1035706,0.1247452,0.1625366,0.1331756,0.1269914,0.1907142,0.2480642,0.0742562,0.2058318,0.1640312,0.1637946,0.1583372,0.1689098,0.0717398,0.1118406,0.1803346,0.139584,0.1796902,0.2603701,0.170482,0.0716454,0.178872,0.3799066,0.116721,0.2525192,0.2175686,0.0742746,0.129063,0.1616696,0.06292,0.1944324,0.1930016,0.126341,0.1721094,0.1524818,0.1198826,0.1351938,0.2921662,0.1057036,0.1455946,0.1742146,0.1280522,0.162433,0.165972,0.0725372,0.1743398,0.155923,0.201208,0.150227,0.2602653,0.1156646,0.1994278,0.1257492,0.1085334,0.1208928,0.1304854,0.311521,0.1341934,0.1145084,0.1279206,0.0912352,0.1033134,0.3530566,0.0824594,0.1470113,0.2256086,0.0979596,0.1548366,0.493422,0.1047356,0.2569994,0.1839214,0.1050408,0.1929018,0.223293,0.1009112,0.1352198,0.157432,0.1092636,0.1536846,0.2112798,0.1081762,0.13658,0.1530354,0.100041,0.1510002,0.1968408
0.093626,0.162188,0.350078,0.1403618,0.152712,0.1879062,0.0899098,0.1356168,0.1934242,0.1075142,0.1550328,0.2740962,0.095927,0.1221548,0.2431084,0.123801,0.1705112,0.1982408,0.0651454,0.2345532,0.1493244,0.1448086,0.1157548,0.2776708,0.1096174,0.1284582,0.149605,0.1013692,0.179254,0.1166662,0.1970742,0.0667646,0.1597548,0.217977,0.1818014,0.1782034,0.257918,0.0791156,0.2234812,0.195134,0.1023324,0.1405302,0.1744246,0.0614516,0.1530076,0.1862856,0.1204528,0.1290128,0.2104568,0.0772944,0.1480538,0.1438248,0.0725964,0.2002384,0.2046772,0.0654236,0.14812,0.1528942,0.115694,0.1125214,0.2890756,0.085262,0.176303,0.1187494,0.1014694,0.155369,0.563112,0.1221992,0.1556968,0.3881748,0.103698,0.1307834,0.456167,0.072578,0.156369,0.1400046,0.1509568,0.179748,0.1996206,0.0890138,0.1695856,0.2618692,0.12863,0.1543434,0.22793,0.0861902,0.13834,0.2623454,0.0879792,0.1749734,0.252135,0.0931842,0.1297692,0.1614348,0.0913724,0.1349806,0.193756,0.1028774,0.1240816,0.163181,0.1333416,0.127207,0.1918562,0.249424,0.073991,0.2054688,0.1645622,0.1677218,0.158219,0.1688226,0.0718376,0.113377,0.1812264,0.1388336,0.175889,0.2604272,0.1697004,0.0710252,0.1790386,0.378592,0.1158978,0.2547824,0.218,0.0737414,0.129637,0.1626122,0.063584,0.1947734,0.194643,0.12005,0.170448,0.1521896,0.120002,0.1361076,0.2958534,0.1059668,0.1472286,0.1705824,0.125468,0.1621734,0.1664578,0.0727916,0.1749608,0.157057,0.200034,0.1518406,0.2632285,0.1154268,0.1981384,0.1250632,0.1090418,0.11969,0.135605,0.312296,0.1341596,0.11511,0.1254876,0.0915834,0.1028432,0.35139,0.0833176,0.1460545,0.2276712,0.0973414,0.15418,0.4925476,0.103989,0.2590764,0.1845178,0.105702,0.1918956,0.2252774,0.1013216,0.1351434,0.1574412,0.109005,0.1538722,0.2107614,0.106927,0.1386928,0.1531154,0.100302,0.1497014,0.197228
0.0943586,0.1604866,0.3442862,0.1397864,0.1519714,0.1878182,0.0898416,0.1349774,0.1935108,0.1070024,0.1563224,0.2720974,0.0967856,0.1206976,0.2406254,0.1237456,0.168703,0.1988912,0.0651518,0.2359786,0.1504552,0.1449192,0.115679,0.2764566,0.1103412,0.1301076,0.1491868,0.099592,0.179222,0.1177952,0.1956688,0.0659264,0.1611492,0.2150214,0.1810604,0.1771482,0.2587648,0.0774832,0.2200786,0.1953316,0.1027948,0.1390154,0.174991,0.0623728,0.1526658,0.1857866,0.1231818,0.1282824,0.2149846,0.0758276,0.1478416,0.1451886,0.0726968,0.2007226,0.2058696,0.0658214,0.1490846,0.1532352,0.1157758,0.1134822,0.2906982,0.0848872,0.1757664,0.1185778,0.0997654,0.1565108,0.5596146,0.1220424,0.1562332,0.3872636,0.104637,0.1312898,0.4556486,0.0718588,0.1551528,0.138232,0.1508076,0.179776,0.2005943,0.0885002,0.1684902,0.2587434,0.131361,0.1549034,0.231211,0.086546,0.138532,0.2608114,0.0874734,0.17525,0.2533236,0.0924876,0.1292062,0.1620266,0.090008,0.134831,0.195236,0.1036528,0.1241284,0.1619554,0.1348568,0.126443,0.19063,0.2496372,0.075866,0.2071526,0.1644232,0.1682634,0.1566434,0.1693612,0.0714988,0.1131486,0.180337,0.1384626,0.1733244,0.2656158,0.1699152,0.0708498,0.177567,0.3754696,0.1160244,0.2521648,0.2126636,0.0736948,0.1288656,0.1624442,0.0623004,0.1955326,0.1950896,0.1199068,0.1728594,0.1533942,0.11961,0.1372304,0.2941606,0.107905,0.146505,0.1714258,0.1267124,0.162716,0.1648284,0.072534,0.1739062,0.1588344,0.2001422,0.1506872,0.2675326,0.1168232,0.198709,0.124095,0.1096874,0.1193786,0.1342644,0.308734,0.1351722,0.1134726,0.1239834,0.0918378,0.1012238,0.3548572,0.0834264,0.1461743,0.2264128,0.097927,0.151044,0.491859,0.1050902,0.2588522,0.1853434,0.1052336,0.1930858,0.2248166,0.1010244,0.1344786,0.1592548,0.1097872,0.1544796,0.2110696,0.1077458,0.1382608,0.1544106,0.10055,0.1505576,0.1987358
0.0939868,0.160804,0.3462936,0.1401598,0.1503138,0.1876334,0.0897962,0.1364808,0.1910916,0.1064754,0.1561866,0.275612,0.0971144,0.1212276,0.243419,0.123621,0.1714714,0.1977638,0.0644636,0.2364364,0.1506646,0.1458798,0.1167044,0.278585,0.1087182,0.1301534,0.1499418,0.1011288,0.1777022,0.1152784,0.1961468,0.0659482,0.1599404,0.2114602,0.1805344,0.1766916,0.259793,0.0788866,0.2174302,0.1953002,0.1024176,0.1381874,0.1731198,0.0626548,0.1548688,0.1875458,0.124837,0.1285516,0.2146264,0.0753644,0.1493738,0.1451714,0.072644,0.2020328,0.2045864,0.0653224,0.1487444,0.1533296,0.1166974,0.1130904,0.292199,0.0838736,0.1755282,0.1172122,0.0993192,0.1555842,0.5653522,0.1211572,0.1543976,0.3863424,0.104121,0.129579,0.455543,0.0709866,0.1548412,0.1384278,0.1507764,0.1802232,0.1989598,0.0884506,0.1685394,0.2589384,0.130814,0.1528796,0.2303214,0.086995,0.138782,0.2597146,0.087699,0.1746402,0.2540964,0.0930602,0.129697,0.1634942,0.0898796,0.1336028,0.196152,0.1050396,0.125135,0.1599106,0.1344644,0.1265648,0.1883966,0.249334,0.0751154,0.2072372,0.1617644,0.1680384,0.1560276,0.169116,0.0715584,0.1136456,0.1774674,0.1377008,0.1759306,0.2664518,0.1684452,0.0698586,0.1768406,0.374849,0.116937,0.2507574,0.212394,0.0724964,0.1321848,0.161779,0.0621564,0.1962114,0.1959848,0.1194648,0.1714392,0.1541154,0.1210202,0.1376008,0.2961714,0.1069494,0.1469822,0.170025,0.1275794,0.1632178,0.164328,0.072464,0.175358,0.1575048,0.1983394,0.1515724,0.2652982,0.1170754,0.197501,0.1243724,0.107949,0.11779,0.1332746,0.3053522,0.1358744,0.1123538,0.1233019,0.0918344,0.1013466,0.3501066,0.0827588,0.1455389,0.227135,0.0967394,0.1510764,0.4983102,0.1048644,0.258239,0.1859128,0.1043398,0.190938,0.2239532,0.1012762,0.133699,0.1598648,0.1076942,0.1549034,0.2096568,0.1072722,0.1376556,0.1553716,0.0998972,0.1510392,0.1997252
0.0932614,0.161206,0.3479332,0.138705,0.1510318,0.1882292,0.0892924,0.1346536,0.190742,0.1067924,0.1571016,0.276346,0.09597,0.1214192,0.2439154,0.1236744,0.1703922,0.1976956,0.0644212,0.2333636,0.1499332,0.1448618,0.1157466,0.2796726,0.1090126,0.1297654,0.152315,0.1006948,0.1808706,0.1141926,0.195739,0.0653346,0.1595852,0.215076,0.1805598,0.1783176,0.2610484,0.0785834,0.2160662,0.195176,0.102195,0.1391668,0.175528,0.0635122,0.155664,0.1896874,0.127436,0.1271622,0.2152786,0.0758974,0.1484382,0.1451416,0.07172,0.202582,0.2073176,0.064729,0.1482924,0.1528412,0.1149282,0.1118104,0.2908,0.08382,0.1734458,0.1180552,0.0984672,0.1553202,0.563469,0.1211012,0.1558884,0.3835898,0.1035558,0.128996,0.4590612,0.0708208,0.1541204,0.139402,0.1512004,0.1786526,0.1967886,0.0886662,0.170266,0.2664556,0.1306162,0.152669,0.230395,0.0878614,0.1383036,0.2576824,0.0927138,0.1735128,0.2539154,0.093407,0.1303472,0.1658586,0.090348,0.1372108,0.1931814,0.104807,0.1259492,0.1575452,0.1387194,0.1270154,0.1881546,0.252459,0.0755756,0.2081808,0.1613354,0.1695478,0.1562974,0.1701902,0.0702886,0.113203,0.1773512,0.1371586,0.1755452,0.265891,0.1687564,0.0694054,0.1775012,0.3755562,0.1188502,0.2512318,0.2107488,0.072565,0.1323064,0.1614986,0.0623802,0.195281,0.1957022,0.1196776,0.1721122,0.1541882,0.121067,0.1376324,0.2966368,0.1076996,0.1471262,0.1712306,0.1280948,0.161876,0.1639064,0.0725902,0.1788152,0.1568386,0.2027404,0.1504688,0.2648604,0.1173756,0.1985714,0.1252684,0.1076486,0.1182644,0.1341086,0.3072626,0.1362506,0.1131416,0.1247155,0.0928986,0.103141,0.3456008,0.0833796,0.1443984,0.228211,0.0967184,0.1526906,0.50084,0.1044532,0.2579,0.1863446,0.1049402,0.1914302,0.2245532,0.1017018,0.1327172,0.1588038,0.1078894,0.1538826,0.2098924,0.1075132,0.1385358,0.1545534,0.1014914,0.1524386,0.1998876
0.093017,0.161257,0.3426486,0.1378174,0.148911,0.1872456,0.0887224,0.1340512,0.1927848,0.1058602,0.1571236,0.279774,0.0973294,0.1205944,0.242531,0.1224476,0.1721494,0.1957254,0.0643124,0.2334474,0.1476084,0.1440638,0.116041,0.2797228,0.1084198,0.1310512,0.1513112,0.1008978,0.180089,0.117925,0.1977568,0.064579,0.159697,0.2163276,0.1806264,0.1769666,0.262339,0.0765462,0.2169384,0.1963308,0.1015046,0.1408416,0.1745984,0.0631072,0.155218,0.1905994,0.1286708,0.1283326,0.2154166,0.0740774,0.1457852,0.1446574,0.0721448,0.2011178,0.2047966,0.0643608,0.1506092,0.1529976,0.1151506,0.111919,0.2896422,0.0852346,0.1748926,0.1190288,0.0989622,0.1558378,0.5635014,0.1214242,0.1572288,0.3840548,0.1031622,0.1301422,0.4524482,0.0713536,0.1559946,0.1408452,0.151172,0.178098,0.196975,0.0881346,0.1700442,0.2678364,0.1317932,0.1524806,0.2319758,0.0878726,0.1386918,0.2558572,0.0929594,0.1733146,0.2547096,0.0936832,0.131076,0.1660688,0.0897762,0.137068,0.1920766,0.105018,0.1248122,0.1584964,0.1375308,0.1264394,0.1885134,0.2521056,0.0755136,0.2092226,0.1606038,0.1700554,0.1561492,0.1715338,0.0706338,0.1129512,0.177406,0.136657,0.1769084,0.2641798,0.1671366,0.069086,0.1777482,0.3757828,0.1188958,0.2497964,0.2093146,0.0719982,0.1308468,0.159597,0.06216,0.1965918,0.1964866,0.1194794,0.1727594,0.1503354,0.120209,0.138594,0.2948314,0.1067144,0.1469356,0.17169,0.126281,0.163706,0.1621284,0.0727078,0.1786166,0.1572296,0.204546,0.1501632,0.2658942,0.1165478,0.1999894,0.1253812,0.1075794,0.1187744,0.1347888,0.3056716,0.135393,0.1134222,0.1245721,0.092297,0.1030298,0.3448874,0.0834962,0.1440838,0.2308826,0.0958896,0.153324,0.5003988,0.1046608,0.2560246,0.1864742,0.104654,0.191991,0.2231342,0.1015478,0.133328,0.157407,0.1086472,0.1530362,0.2101878,0.1077052,0.136882,0.154341,0.1016684,0.152766,0.1993244
0.093515,0.161608,0.3410932,0.1399378,0.1468808,0.185818,0.0885424,0.1334432,0.1921224,0.1057936,0.1568886,0.2787554,0.0975842,0.1231202,0.2451674,0.1213606,0.1721978,0.1942306,0.0650002,0.2327528,0.1471348,0.1451212,0.1153692,0.2788706,0.1084652,0.1306688,0.1516408,0.099926,0.1792292,0.1179214,0.1989232,0.0692696,0.1612786,0.2145867,0.1806292,0.1748886,0.26071,0.0771348,0.219253,0.1980746,0.1018192,0.1403496,0.1740792,0.0630272,0.1541524,0.1917998,0.1276744,0.127608,0.217367,0.0755716,0.1473308,0.1433762,0.073752,0.2000396,0.2061488,0.0647128,0.1507394,0.1501816,0.1148084,0.1130618,0.2907082,0.0851442,0.1749302,0.118859,0.0996262,0.153253,0.5596722,0.1206762,0.1569814,0.3881614,0.1031656,0.1311206,0.4506514,0.0711834,0.1535754,0.140186,0.1515246,0.1758838,0.1991308,0.087365,0.1717122,0.264961,0.1293978,0.1523436,0.2326204,0.0873836,0.138075,0.2554744,0.0915622,0.1756592,0.252201,0.0928696,0.1308928,0.169745,0.0901278,0.138197,0.1879224,0.105626,0.1249518,0.1602708,0.1374666,0.1270652,0.1880212,0.2513008,0.0761074,0.2091576,0.1616182,0.1699252,0.1591128,0.1732794,0.070435,0.1121144,0.1760948,0.136875,0.1762796,0.2669078,0.1661506,0.0698566,0.175923,0.3755846,0.1190984,0.2464722,0.2098508,0.0715466,0.1320802,0.1598772,0.0618274,0.1983422,0.197379,0.1201336,0.1726548,0.1513816,0.120829,0.1411986,0.2926295,0.1066804,0.1463708,0.1701924,0.125009,0.1652556,0.1631352,0.072935,0.179601,0.1564804,0.2045568,0.149366,0.2668104,0.1164526,0.197693,0.1252654,0.1089558,0.1180774,0.1351288,0.3072086,0.1367398,0.1136304,0.1243167,0.0920676,0.1022502,0.3450856,0.0838944,0.1419146,0.2284548,0.0953948,0.1542346,0.4922128,0.1047496,0.2552434,0.1855018,0.1049952,0.1944128,0.2243192,0.1007892,0.1312594,0.1574406,0.1076728,0.1536284,0.209385,0.1082156,0.1375342,0.1524914,0.1023108,0.153406,0.1970118
0.0937946,0.1627242,0.344945,0.1408104,0.1467366,0.1873202,0.087982,0.1321692,0.1905208,0.1067586,0.1560544,0.2800696,0.0975826,0.1249818,0.244511,0.121998,0.1707938,0.1925422,0.0648624,0.233323,0.14648,0.1455198,0.1164454,0.278425,0.1083508,0.1309692,0.1526502,0.1002416,0.1796598,0.1172978,0.198897,0.0697158,0.1613698,0.2174383,0.180077,0.1754458,0.2635954,0.0768762,0.218092,0.1976298,0.1028088,0.1406806,0.1759962,0.0628562,0.1541314,0.194852,0.126615,0.1280876,0.2175446,0.0746852,0.146016,0.1426474,0.0740074,0.2014996,0.2057958,0.0646402,0.1499964,0.1510102,0.1139236,0.112959,0.2896848,0.0851326,0.1731556,0.1187664,0.0991678,0.1538506,0.5582676,0.1208638,0.1574718,0.3867632,0.103074,0.1306426,0.4494206,0.0717774,0.1551036,0.1382332,0.1524092,0.174701,0.1986952,0.0880852,0.1708252,0.2633206,0.130519,0.1558486,0.2293024,0.087163,0.1372038,0.256183,0.0919186,0.1769004,0.2544468,0.0927986,0.129778,0.167423,0.0897136,0.139402,0.1857366,0.1073856,0.1245192,0.1594428,0.1369602,0.1254722,0.1898086,0.2508506,0.0752878,0.209306,0.1622588,0.1690468,0.1568407,0.1749914,0.069913,0.1117172,0.175302,0.1369822,0.175154,0.2659584,0.1711192,0.0700544,0.1764418,0.380244,0.1182138,0.246274,0.205576,0.0714172,0.1338312,0.1592494,0.0608028,0.1969738,0.1959238,0.1199272,0.174423,0.1536734,0.1200666,0.1406382,0.2940801,0.1067048,0.1461294,0.1716114,0.1241404,0.1636016,0.164411,0.0742238,0.1810154,0.1558406,0.2039942,0.1495686,0.2654588,0.1162498,0.198513,0.1250324,0.1104814,0.1171408,0.1358016,0.305152,0.1386924,0.1122798,0.1260341,0.0905016,0.1029902,0.3432564,0.0840802,0.1433956,0.2313638,0.095435,0.1541572,0.4974658,0.1041286,0.2563022,0.1856106,0.106553,0.19568,0.2244086,0.1008114,0.1313388,0.1605472,0.1087686,0.1520672,0.2105902,0.1079712,0.1382374,0.1517042,0.1020348,0.1571026,0.1955608
0.0940154,0.1652746,0.3442982,0.1427152,0.1470146,0.1881874,0.088011,0.1302704,0.188901,0.1076726,0.1564696,0.2762928,0.0974178,0.1242056,0.244394,0.1210174,0.16988,0.1948432,0.064554,0.2319078,0.1462914,0.1455446,0.1168554,0.278577,0.1091488,0.1322224,0.1525808,0.0994638,0.1833474,0.1176092,0.1995404,0.0697528,0.1606568,0.2160128,0.1814298,0.1735456,0.2645064,0.0767332,0.2176066,0.1964872,0.1026914,0.1416584,0.1773118,0.0633304,0.1541874,0.1954868,0.1263272,0.129649,0.2175506,0.074439,0.1445184,0.1418098,0.073778,0.2005216,0.2048,0.0641348,0.150518,0.1489984,0.1134204,0.1125016,0.289385,0.0853874,0.1735572,0.1183798,0.099044,0.1555178,0.5585756,0.116509,0.1569462,0.3887534,0.10318,0.1314662,0.4501066,0.0713624,0.1553624,0.1378316,0.1516954,0.1734362,0.199923,0.0883322,0.1723756,0.2663154,0.130535,0.1571792,0.2274512,0.0876436,0.136763,0.2558468,0.091907,0.1765228,0.255225,0.0927454,0.1278204,0.1652266,0.0901438,0.1384396,0.1849548,0.1065064,0.123243,0.1618158,0.1342184,0.1253262,0.1930876,0.2502786,0.0758914,0.2092196,0.163809,0.170021,0.1569363,0.1770172,0.068883,0.1111614,0.175228,0.1374592,0.1741544,0.265896,0.171359,0.070066,0.174711,0.3766482,0.1174434,0.2483808,0.2060494,0.0705146,0.135396,0.1607962,0.0611808,0.199187,0.196295,0.1208688,0.1750088,0.1549414,0.1196846,0.1401866,0.2949518,0.105939,0.1473808,0.1712112,0.1281288,0.1623838,0.1639662,0.074614,0.1811558,0.1552474,0.2042574,0.1496014,0.264128,0.1165138,0.2010904,0.1253134,0.1087406,0.1166304,0.1368532,0.303753,0.1380862,0.1120036,0.1254361,0.0899542,0.1018722,0.3446936,0.0829006,0.142465,0.2317536,0.0962546,0.153644,0.500342,0.1044414,0.2560138,0.187368,0.1069072,0.1963076,0.2280262,0.1001128,0.1318078,0.1608444,0.108626,0.1515952,0.2105592,0.1087866,0.1383998,0.1534336,0.101468,0.156392,0.1929056
0.0942698,0.1675152,0.3452164,0.1398408,0.1468794,0.1914028,0.0882524,0.1308858,0.191146,0.1080548,0.1566482,0.2793694,0.096556,0.1240606,0.246407,0.1208286,0.1682532,0.1954962,0.0651072,0.2325158,0.146884,0.1473498,0.1164104,0.2752414,0.1090288,0.1327398,0.1540344,0.1001704,0.181135,0.1164892,0.2000844,0.0690524,0.1610762,0.21782,0.1809948,0.1745012,0.2634646,0.0760528,0.2189774,0.1961254,0.1021904,0.1430558,0.178512,0.0641796,0.1529918,0.1976848,0.12677,0.1285558,0.2147864,0.0752808,0.1428314,0.1403818,0.0727772,0.1994212,0.2052026,0.0679922,0.1513126,0.1490122,0.1134536,0.1135146,0.2878588,0.0844954,0.1732072,0.1192052,0.0999902,0.1548816,0.5618996,0.116261,0.156887,0.3883162,0.1016486,0.1314404,0.4536576,0.0704642,0.1544694,0.1391502,0.1520366,0.1743456,0.2009168,0.0882302,0.1725046,0.2660692,0.131542,0.1575496,0.227443,0.0882988,0.1370752,0.2585838,0.092231,0.1771182,0.2564252,0.0929002,0.127959,0.1682018,0.089763,0.138953,0.1839672,0.1054528,0.1239516,0.1621646,0.1335996,0.1231716,0.1925932,0.2463582,0.0757488,0.2087284,0.1621024,0.1724776,0.1557161,0.1772884,0.0681638,0.111631,0.1744684,0.137942,0.1749772,0.2658604,0.172081,0.069932,0.1752614,0.3770848,0.1167322,0.247507,0.205258,0.0699132,0.1339892,0.1616974,0.0607082,0.2001576,0.1982496,0.1214508,0.1738646,0.1533444,0.1208118,0.1391832,0.2908676,0.1048634,0.1508868,0.1690016,0.127519,0.162555,0.1652288,0.074051,0.1811804,0.1551458,0.204127,0.1496082,0.2670634,0.1146512,0.2052552,0.1249772,0.1090416,0.1168554,0.1371824,0.3052944,0.136877,0.1117486,0.1238933,0.0889096,0.1012772,0.3464938,0.0824448,0.1428004,0.2307338,0.0951772,0.15388,0.4937178,0.1059948,0.2539804,0.1892598,0.1060268,0.1968898,0.227287,0.1004066,0.132609,0.1608404,0.108653,0.1512496,0.2115916,0.1082178,0.1388,0.1530498,0.1014594,0.1565534,0.1937338
0.0940314,0.1666672,0.3467694,0.13819,0.148775,0.1928492,0.0873798,0.1311414,0.192967,0.1083296,0.1559866,0.2777954,0.0966026,0.1230262,0.2456758,0.120634,0.1677468,0.1935566,0.0652994,0.2285162,0.146805,0.1462164,0.1166982,0.2782466,0.1070692,0.1314262,0.155224,0.0989256,0.179689,0.1186508,0.1995582,0.068672,0.16148,0.2195154,0.18048,0.1748346,0.2653474,0.0758098,0.2178246,0.197813,0.1033282,0.1421066,0.175329,0.0627914,0.1533284,0.2006862,0.1252876,0.1281382,0.2150864,0.0752446,0.1412188,0.1401282,0.0716542,0.2001104,0.2065604,0.067895,0.1505692,0.1479132,0.113055,0.1150904,0.2863288,0.0849204,0.171644,0.120976,0.100669,0.1540716,0.5609842,0.1175806,0.1556448,0.3856816,0.101443,0.1311852,0.4538886,0.0710398,0.1541174,0.1387724,0.1512376,0.1767564,0.2020244,0.0881958,0.1730352,0.263946,0.1315036,0.1579296,0.2304334,0.0890762,0.136826,0.2562328,0.0893394,0.1793094,0.255706,0.0923582,0.127593,0.1667738,0.0895784,0.1398646,0.1855124,0.1067884,0.122173,0.1596488,0.1356438,0.1229708,0.1943738,0.2448308,0.0756944,0.2086628,0.1621534,0.1717088,0.155466,0.1776338,0.0676562,0.1111088,0.1749746,0.1435146,0.1745816,0.2650936,0.1700746,0.0698636,0.1746868,0.376857,0.1154794,0.2462976,0.2036777,0.0690368,0.1352324,0.1596108,0.0606182,0.2020122,0.2000228,0.1221238,0.1736958,0.1533512,0.1205128,0.1407686,0.29322,0.1048458,0.1500786,0.167605,0.1281902,0.1649006,0.16436,0.0742126,0.182058,0.1555506,0.2057404,0.1510786,0.266192,0.1144528,0.2055502,0.1248402,0.1079086,0.1174034,0.1377006,0.3098602,0.1353198,0.111761,0.1259463,0.0904662,0.1011464,0.350836,0.0819618,0.1420002,0.2303185,0.0961,0.1545196,0.495963,0.1045166,0.2560446,0.188276,0.105451,0.1958236,0.2294344,0.0999956,0.1338134,0.158179,0.109123,0.1518322,0.2126116,0.1092112,0.1375122,0.1530566,0.1015718,0.1570334,0.193955
0.0951174,0.1650342,0.3435504,0.137483,0.1490088,0.1909492,0.0871636,0.1320824,0.1924672,0.1086172,0.1552798,0.2765396,0.0960104,0.122184,0.2448474,0.1216284,0.1675398,0.1933488,0.0653926,0.2291354,0.1452502,0.1460968,0.1162012,0.2803032,0.1073064,0.1311038,0.1560546,0.0988396,0.1795014,0.118098,0.2019788,0.0680628,0.1627462,0.2178182,0.1801224,0.1752868,0.2674884,0.0752986,0.2160798,0.1979876,0.1035016,0.1397592,0.1741284,0.0638882,0.1547806,0.2032882,0.1262928,0.127791,0.214457,0.0755106,0.1409494,0.1405162,0.0717048,0.2006518,0.2058132,0.0687362,0.1492216,0.150583,0.1120798,0.1143118,0.2911212,0.0855158,0.1718674,0.1190874,0.1001796,0.1546688,0.5605956,0.11974,0.1552072,0.3887284,0.1020088,0.1317082,0.4548294,0.0710582,0.1544018,0.1387058,0.1490468,0.175534,0.2014918,0.088225,0.1729366,0.2643806,0.126481,0.1563606,0.2312362,0.0889746,0.1374738,0.2536388,0.0898232,0.180071,0.2542278,0.0923166,0.1272928,0.1682534,0.0912728,0.142088,0.1847904,0.1065832,0.1222934,0.1612298,0.1351442,0.1233186,0.1956188,0.2451456,0.076439,0.207896,0.1618216,0.1700214,0.1549602,0.178265,0.071225,0.1118602,0.1745622,0.1433578,0.1755606,0.269341,0.1702776,0.0708304,0.1754674,0.3738898,0.1155468,0.247202,0.2035871,0.0687332,0.134677,0.1614196,0.0609624,0.2003636,0.199451,0.1237708,0.1734288,0.1544472,0.1199776,0.1407208,0.2946772,0.1050028,0.1511302,0.167391,0.1288132,0.1646886,0.1637336,0.0741202,0.1818504,0.1550678,0.2050148,0.152525,0.2660654,0.1119888,0.2074952,0.1260086,0.1088372,0.1175084,0.136444,0.3061546,0.1366144,0.1108536,0.1260719,0.0890232,0.1018698,0.3542468,0.081703,0.1421972,0.2308869,0.0957614,0.1530482,0.4914162,0.1004702,0.2570586,0.189428,0.1048416,0.1938518,0.2296908,0.0998768,0.1329662,0.1575476,0.1087662,0.1498468,0.2117332,0.10878,0.138276,0.1532716,0.1025336,0.1553614,0.1917146
0.0956178,0.1671278,0.347044,0.139597,0.1489182,0.1916464,0.0877594,0.1331668,0.1915688,0.1083498,0.1544094,0.2764728,0.0963398,0.120321,0.2443518,0.1207624,0.1660582,0.193265,0.0651026,0.2298716,0.1445594,0.1424594,0.1152408,0.2782182,0.1071054,0.132108,0.15676,0.099257,0.1804854,0.118506,0.2026726,0.0680712,0.1615308,0.219799,0.179526,0.1757286,0.266466,0.0753696,0.217104,0.1969042,0.1035532,0.1402394,0.1732918,0.0641444,0.1533332,0.2035388,0.124724,0.127529,0.2154228,0.0740466,0.1426698,0.1400432,0.0717256,0.2029448,0.2051798,0.0685296,0.1488634,0.150777,0.110508,0.1158504,0.2920298,0.0851426,0.1705598,0.1191398,0.0999558,0.1541552,0.5624618,0.1200188,0.1551594,0.3904006,0.1004126,0.1302822,0.4515044,0.070415,0.153308,0.1380296,0.148592,0.173716,0.2015888,0.0891266,0.1735552,0.261059,0.1266752,0.1553816,0.2291536,0.0889904,0.1356374,0.2544368,0.0897234,0.1820524,0.2548818,0.0923738,0.1272394,0.168171,0.092002,0.1428062,0.183871,0.1084116,0.1236412,0.160046,0.1336788,0.1230742,0.1963364,0.2424894,0.0758176,0.2073066,0.1634266,0.169995,0.1540324,0.1781788,0.070753,0.1114256,0.1747206,0.1429054,0.1752196,0.263983,0.1669874,0.0708636,0.1742892,0.3791386,0.1162966,0.2453218,0.2046896,0.067737,0.1355806,0.162889,0.0609542,0.1991154,0.199372,0.1237846,0.1742584,0.1545384,0.1197204,0.1398532,0.2933992,0.106267,0.152039,0.1649802,0.1260952,0.1634648,0.164952,0.0739126,0.1817626,0.155068,0.2039238,0.1543026,0.2648638,0.1131584,0.2078404,0.1240446,0.1116914,0.1165288,0.136485,0.3016462,0.1360896,0.1110106,0.1269624,0.0893434,0.1018726,0.3581636,0.0813074,0.1428718,0.232895,0.096185,0.1524774,0.494833,0.1007698,0.2571404,0.1907016,0.1053762,0.1930352,0.2292386,0.1004558,0.132037,0.1584844,0.1084746,0.1491572,0.2101084,0.1079766,0.1388598,0.154943,0.1034898,0.1575236,0.1906992
0.094716,0.1679744,0.3434798,0.140289,0.1473205,0.191146,0.0882094,0.1313828,0.1889366,0.1092248,0.1530692,0.2772,0.0963944,0.1203536,0.2453984,0.1208204,0.1657222,0.1911688,0.064747,0.2299878,0.14426,0.1415608,0.115225,0.2766788,0.1067314,0.1295724,0.1558874,0.0986686,0.181262,0.1173118,0.2000396,0.0691216,0.163177,0.2178644,0.1802458,0.174502,0.267757,0.0753114,0.2080088,0.1984684,0.1046008,0.1400356,0.1715668,0.063528,0.1530304,0.2046676,0.1297222,0.126127,0.2171518,0.0760308,0.1404764,0.1403502,0.0719248,0.2041558,0.202892,0.0692842,0.148126,0.148942,0.1114436,0.1164494,0.2905296,0.0849286,0.1727358,0.1220534,0.1019984,0.1538108,0.56228,0.1200418,0.1552432,0.3891742,0.0993724,0.132565,0.4554534,0.0708492,0.1544588,0.138044,0.147471,0.1739382,0.2008398,0.0888926,0.1726314,0.2581224,0.1250608,0.1540444,0.230535,0.088717,0.1350206,0.2520492,0.090359,0.1810576,0.2540632,0.09304,0.1272358,0.1670994,0.092065,0.1418188,0.1855848,0.1078588,0.124719,0.158189,0.1342182,0.123548,0.197273,0.2415876,0.075788,0.2074308,0.1625642,0.1697378,0.1526084,0.1787728,0.07048,0.1110682,0.1766174,0.1432928,0.1759626,0.2630044,0.165946,0.0701896,0.177095,0.3779764,0.1166284,0.2439578,0.2067498,0.067255,0.1363714,0.1608782,0.0604744,0.1985316,0.1986282,0.1239466,0.1769862,0.1550406,0.1182844,0.1390512,0.2959616,0.1063672,0.151695,0.1645582,0.1267782,0.1631498,0.1631512,0.0741484,0.1803552,0.1535632,0.2058588,0.154919,0.2630766,0.1144206,0.2064184,0.1229666,0.1136496,0.1183792,0.1366698,0.3066074,0.1369312,0.111512,0.1254694,0.090165,0.1005196,0.3589638,0.0805004,0.1428974,0.2343114,0.0965882,0.1498744,0.4944236,0.0998116,0.2566014,0.1894854,0.1060992,0.1924472,0.2291744,0.0996456,0.1311992,0.159338,0.1095084,0.1492188,0.212558,0.1082402,0.1397036,0.154311,0.1030954,0.1563936,0.1914054
0.0951206,0.1702038,0.3438754,0.1400146,0.1497157,0.188818,0.0891644,0.131293,0.1904468,0.1087612,0.1537746,0.275031,0.096455,0.1204598,0.2445194,0.1214276,0.1665988,0.1924935,0.0637488,0.2287074,0.1423676,0.1423578,0.1173402,0.2760146,0.1057124,0.1304874,0.1548956,0.0976286,0.1801256,0.117591,0.1993498,0.0682754,0.1636688,0.2196306,0.1798984,0.1728208,0.2651807,0.0763204,0.2075148,0.1975902,0.1048176,0.1400872,0.173591,0.0634412,0.1515696,0.2065474,0.1296456,0.1278572,0.2178792,0.0740748,0.1414262,0.1418094,0.0710866,0.2031654,0.201404,0.0692866,0.1475562,0.1498916,0.1110418,0.11649,0.291891,0.0849362,0.1714062,0.12152,0.1010952,0.1542556,0.5615898,0.1206922,0.1560604,0.3878946,0.0993814,0.1327318,0.4550516,0.070142,0.156438,0.1388972,0.1477738,0.1730848,0.2006706,0.0882308,0.1728034,0.2580464,0.1238514,0.157485,0.2258002,0.0890212,0.134622,0.2548808,0.0895896,0.1818266,0.255579,0.0929456,0.1285816,0.166952,0.0918866,0.1416088,0.1850484,0.1084098,0.1246004,0.158955,0.1339364,0.1228218,0.1970302,0.239227,0.076199,0.2052378,0.1584078,0.1671082,0.1534462,0.1785802,0.0698268,0.1121038,0.1753112,0.143023,0.1748102,0.2609358,0.167628,0.0705052,0.1769922,0.3783594,0.1176266,0.2470938,0.20841,0.068156,0.1364794,0.1607144,0.0598656,0.1994316,0.1977326,0.1246298,0.1770766,0.1538044,0.1187566,0.138556,0.2975934,0.1065058,0.1508326,0.1660126,0.1278142,0.1648044,0.1628044,0.0742514,0.1791624,0.1533114,0.20403,0.152734,0.2623986,0.1144982,0.2090176,0.1214096,0.1130646,0.1185808,0.1396586,0.3067168,0.1370884,0.1123536,0.1235466,0.0902066,0.1014104,0.3642184,0.0811266,0.1435338,0.2327612,0.0984578,0.1491472,0.494426,0.100441,0.2567736,0.189214,0.1049974,0.1932682,0.2316116,0.0993974,0.1289624,0.1588334,0.1081804,0.1476632,0.2122718,0.1080434,0.1384998,0.154767,0.1036474,0.1565414,0.193368
0.0955956,0.1689618,0.3438844,0.1396894,0.1539574,0.1895078,0.09021,0.1307478,0.1889836,0.1088798,0.154146,0.2705354,0.0965094,0.1209272,0.2449248,0.120775,0.1649622,0.1912647,0.0631936,0.2284848,0.1407454,0.1441212,0.1198196,0.2771882,0.105719,0.1328576,0.1540454,0.0968878,0.1788922,0.119029,0.1974148,0.0687616,0.1613876,0.2217808,0.1795574,0.1726698,0.2647665,0.0752212,0.209659,0.198686,0.1045494,0.1419402,0.1754682,0.0635634,0.1553284,0.2052656,0.1308544,0.1283758,0.2178504,0.0740104,0.1428466,0.1411396,0.0706422,0.1992116,0.200073,0.0678462,0.1484604,0.1495282,0.111174,0.1170418,0.291678,0.0848918,0.1755336,0.1212956,0.100882,0.1529764,0.5592534,0.1223388,0.155609,0.3850346,0.0994918,0.1315546,0.4524758,0.0702082,0.1553484,0.1409684,0.1496458,0.1734308,0.201295,0.088008,0.1728688,0.258527,0.1236118,0.1568902,0.2245514,0.0874916,0.1344824,0.253399,0.0902644,0.183507,0.255842,0.0922764,0.1289544,0.1681238,0.0908828,0.1409738,0.1847746,0.109196,0.1252682,0.1577632,0.1345902,0.1227568,0.1993218,0.2369226,0.0755944,0.2059034,0.1571306,0.1674586,0.1527416,0.178408,0.069574,0.111146,0.1772504,0.143738,0.17445,0.2589452,0.1680714,0.0706596,0.1757062,0.3759928,0.1180048,0.2474984,0.2079908,0.0675462,0.1352256,0.1621424,0.0584706,0.1986296,0.1990266,0.1235068,0.176574,0.1572028,0.1185814,0.1364278,0.295171,0.1039384,0.1510878,0.167156,0.12732,0.1649748,0.1631668,0.0740598,0.1798242,0.1516214,0.2053856,0.1520942,0.2647916,0.1147952,0.2099648,0.1220462,0.1157044,0.1180232,0.1376688,0.3057134,0.1368494,0.1129506,0.122932,0.0900946,0.0994674,0.3657462,0.0812262,0.1423846,0.2311206,0.097443,0.150437,0.4975674,0.1003806,0.2559958,0.186753,0.1043452,0.1918312,0.2342092,0.099105,0.1317584,0.1591556,0.109111,0.1475984,0.2124234,0.108291,0.1393748,0.15329,0.1023376,0.1570476,0.191498
0.0959762,0.169813,0.3377876,0.1397136,0.1518818,0.1912308,0.0904568,0.1315138,0.1889584,0.1094498,0.1562768,0.2777184,0.0952618,0.1216396,0.24713,0.1206224,0.1644984,0.1947846,0.062598,0.2253468,0.1408132,0.1449116,0.1202636,0.2751962,0.1052596,0.1335488,0.153583,0.0973004,0.1804136,0.1182506,0.194898,0.0675862,0.1614014,0.2214982,0.17904,0.1717162,0.2644429,0.0756112,0.210258,0.1986018,0.1054476,0.141939,0.1755922,0.0644194,0.15584,0.2048522,0.1316862,0.129705,0.2153404,0.072353,0.1425488,0.139444,0.0711852,0.19934,0.1989594,0.0676136,0.1482308,0.149522,0.1105502,0.1171254,0.2940238,0.0853782,0.1742144,0.1215346,0.1008246,0.1533892,0.5601298,0.1216252,0.1556176,0.3835136,0.0994698,0.1335788,0.4544272,0.0706082,0.1547526,0.1413728,0.149573,0.17145,0.2043048,0.0883118,0.1722068,0.2639222,0.1243,0.1581919,0.223218,0.0871882,0.1346538,0.2517678,0.0899886,0.1833682,0.25796,0.09193,0.1293982,0.1698552,0.0907724,0.1422992,0.18568,0.1107328,0.1237624,0.1579812,0.134016,0.1248582,0.1997248,0.2353442,0.076073,0.2075578,0.1555478,0.1686964,0.1522848,0.1787728,0.0685096,0.1099468,0.1768974,0.1445086,0.1738808,0.2579294,0.1677554,0.0708592,0.1770288,0.3706956,0.1190278,0.2462614,0.207593,0.0664624,0.1343028,0.163055,0.0575894,0.1978082,0.1987572,0.124559,0.1768376,0.1561042,0.1190362,0.1385996,0.2953314,0.1055692,0.1525132,0.1673726,0.127916,0.1629616,0.1637906,0.0740674,0.179306,0.1537402,0.2048226,0.1513824,0.2629106,0.115283,0.2091252,0.1237434,0.1144456,0.1175204,0.1395602,0.304795,0.1372284,0.1134572,0.1237136,0.0912558,0.0993424,0.3669994,0.0812752,0.1423906,0.230891,0.0974194,0.1504036,0.494867,0.1001188,0.2573556,0.184651,0.1044572,0.1912162,0.2337084,0.1005102,0.1322578,0.1590618,0.1088604,0.146135,0.2081476,0.1081714,0.1397396,0.1522736,0.103429,0.155282,0.1904428
0.0952922,0.1734652,0.3373398,0.1411278,0.1526636,0.1916704,0.090759,0.129348,0.1883854,0.1093386,0.1562826,0.2752818,0.0950712,0.121823,0.245347,0.119859,0.162272,0.199358,0.061797,0.2266888,0.1406892,0.1439638,0.1195544,0.2735462,0.1045352,0.133657,0.1527688,0.0970478,0.1806462,0.1190184,0.196176,0.0687586,0.16195,0.2234374,0.1778212,0.1742416,0.2674534,0.0750352,0.214052,0.1988916,0.1045262,0.1411944,0.174766,0.0640274,0.1557742,0.2066032,0.130598,0.131113,0.2136826,0.0725368,0.1404574,0.1382066,0.0706776,0.19861,0.1983394,0.0675518,0.1494456,0.1489934,0.111689,0.1163274,0.2945096,0.0851336,0.1731428,0.1224634,0.101176,0.1554656,0.5644288,0.1200914,0.1542044,0.3870018,0.0996472,0.1328644,0.4577496,0.070474,0.1551108,0.141429,0.149507,0.1698744,0.2053928,0.08845,0.1707808,0.2665908,0.1254412,0.1579856,0.2220046,0.0866876,0.1354716,0.2500228,0.0900492,0.1826396,0.2567084,0.0915632,0.1296772,0.1708106,0.0903924,0.1431514,0.1883378,0.1098576,0.1250034,0.1573194,0.1344346,0.1257948,0.1998328,0.2326802,0.07492,0.2064326,0.1550792,0.1689232,0.1538468,0.1789352,0.0690824,0.1166648,0.177218,0.145704,0.1741596,0.2609536,0.1686244,0.0702286,0.1781252,0.379267,0.1181216,0.2468606,0.2053528,0.0664584,0.1334686,0.1634756,0.0569596,0.1977556,0.1961086,0.12497,0.1769188,0.160411,0.1200044,0.1389214,0.2958422,0.104793,0.150758,0.1670442,0.1273442,0.162643,0.1622074,0.0731622,0.1796434,0.1530902,0.2071586,0.1515724,0.2631858,0.113372,0.212712,0.1236906,0.1137056,0.1176148,0.1387502,0.3058328,0.1378078,0.1146736,0.1230802,0.0917228,0.0985618,0.369092,0.0817154,0.142575,0.235421,0.0976562,0.1490716,0.4918164,0.100228,0.2569974,0.1862124,0.1050702,0.1917052,0.2336432,0.1012104,0.1310334,0.1578248,0.1087296,0.147297,0.2082238,0.108586,0.1401314,0.1501724,0.102101,0.1542488,0.1871218
