0,1,2,3,4,5,6,7,8,9,10,11,12,13,14,15,16,17,18,19,20,21,22,23,24,25,26,27,28,29,30,31,32,33,34,35,36,37,38,39,40,41,42,43,44,45,46,47,48,49,50,51,52,53,54,55,56,57,58,59,60,61,62,63,64,65,66,67,68,69,70,71,72,73,74,75,76,77,78,79,80,81,82,83,84,85,86,87,88,89,90
0.0184031,0.0283264,0.0113742,0.01945,0.0146948,0.0092545,0.0295992,0.0278709,0.0127948,0.0185922,0.0267221,0.0151777,0.022355,0.0299531,0.0179006,0.0190435,0.0388767,0.0031398,0.0237701,0.0261786,0.0122996,0.0190714,0.0335164,0.0180861,0.0322938,0.0209956,0.009379,0.0094225,0.0341955,0.0148177,0.0268347,0.0234618,0.0069118,0.0185308,0.0398759,0.0062494,0.0099197,0.0289528,0.0165452,0.028454,0.0295216,0.0119107,0.027917,0.0248398,0.0073225,0.0115225,0.0301574,0.0145692,0.0186652,0.0230876,0.0169151,0.0334554,0.0296864,0.0110024,0.0225304,0.019533,0.011551,0.0219619,0.0334832,0.0122671,0.0250085,0.0255426,0.0079386,0.0247446,0.0433706,0.0208284,0.0147102,0.0187272,0.0137417,0.0231423666667,0.0406328,0.0075189,0.0138975,0.0242427,0.0198411,0.011613,0.017585,0.0280399,0.0115026,0.019048,0.0316274,0.0094229,0.0191416,0.0251603,0.014797,0.0313152,0.0220651,0.0122263,0.025267,0.0263599,0.0151579
0.028407,0.0403552,0.0185958,0.033217,0.0248042,0.0172944,0.0414774,0.0371945,0.0223392,0.0302072,0.0423183,0.021085,0.0346634,0.0398417,0.0230056,0.0291775,0.0468728,0.0193002,0.0325019,0.0346442,0.017756,0.0343766,0.0468552,0.0219139,0.0394896,0.0355921,0.0169526,0.0224969,0.0466178,0.0222342,0.0420619,0.0368714,0.0141916,0.0243891,0.0498574,0.0163542,0.0255059,0.0463574,0.0194627,0.0404844,0.0374256,0.0191808,0.0368389,0.0386828,0.0159642,0.0258434,0.0373,0.021008,0.0374884,0.0340814,0.0260167,0.0454722,0.0419586,0.0154582,0.0356452,0.0391156,0.0148142,0.0359039,0.044745,0.0203344,0.0324441,0.0367976,0.0221118,0.0382558,0.0531736,0.0252248,0.036064,0.0302124,0.0206657,0.0338589333333,0.0599348,0.0134377,0.02991,0.0290769,0.031823,0.0147644,0.0249428,0.0393406,0.0226984,0.0295748,0.0394456,0.0165956,0.0295406,0.0380196666667,0.019238,0.0452434,0.0390463,0.0156722,0.0384865,0.0373051,0.0217953
0.038254,0.05244,0.0227238,0.0419424,0.035212,0.0197694,0.0465705,0.0557533,0.0250714,0.036678,0.0482119,0.0234052,0.0420998,0.0467686,0.0249026,0.0418263,0.054667,0.0227862,0.0378713,0.042629,0.0238078,0.0437348,0.056777,0.0250176,0.0492459,0.0448016,0.0216856,0.0307231,0.0603843,0.0255686,0.0484381,0.0472826,0.0205618,0.0355755,0.057637,0.022774,0.0337636,0.057563,0.0199101,0.0494352,0.050694,0.0213398,0.0496684,0.0452522,0.0201528,0.0352922,0.0466728,0.0230462,0.0471178,0.0470158,0.0274795,0.0502932,0.0514858,0.0190284,0.0486722,0.052423,0.018664,0.0401682,0.0506802,0.0268532,0.042897,0.0492084,0.0254879,0.044524,0.0592952,0.026062,0.041198,0.0397582,0.0264386,0.0433697333333,0.0673248,0.020769,0.039354,0.0438455,0.0414936,0.0189798,0.0288918,0.053168,0.0255674,0.0363024,0.0527536,0.0222676,0.047042,0.0463826666667,0.0232398,0.0519166,0.0492799,0.0195382,0.0473627,0.0454926,0.0247107
0.0525472,0.0632214,0.025208,0.0537188,0.0442476,0.0266924,0.0504143,0.0631577,0.0275004,0.0478772,0.0612395,0.0267764,0.0456542,0.059349,0.0279828,0.0493726,0.0617826,0.026634,0.0456033,0.0490682,0.026368,0.0521506,0.0658066,0.0273468,0.0564207,0.0544232,0.0250076,0.0383031,0.0693215,0.028625,0.0570027,0.0619984,0.0217378,0.043718,0.0616033,0.0269024,0.0379906,0.0755712,0.0238561,0.0557528,0.0610266,0.0246264,0.0567362,0.052085,0.0240046,0.0471346,0.0525159,0.0244188,0.0525038,0.0530536,0.0289053,0.0598816,0.0575836,0.021185,0.061156,0.0644542,0.0232162,0.0485824,0.057017,0.0293992,0.0500698,0.0593076,0.0282064,0.0511794,0.07365,0.0285422,0.0517246,0.0486976,0.030333,0.0528355333333,0.0725294,0.0247582,0.0510309,0.0534045,0.0485372,0.0213532,0.033713,0.0668794,0.0320312,0.0434042,0.0615646,0.0236958,0.056151,0.0523899666667,0.0253486,0.0633466,0.059252,0.022211,0.0636667,0.053451,0.0285105
0.0604804,0.0753793,0.0304852,0.0665608,0.0551448,0.0291374,0.0623567,0.0753747,0.0302544,0.0527834,0.0658073,0.0285028,0.0543476,0.0672984,0.0285654,0.0561446,0.069131,0.0280618,0.0534792,0.0572162,0.0276958,0.0601456,0.069903,0.0304816,0.0621605,0.0659432,0.0303596,0.0454309,0.0829109,0.0300044,0.0642471,0.0751398,0.0256378,0.0499544,0.0684591,0.026615,0.0440708,0.0869986,0.025723,0.0636918,0.0701396,0.0266674,0.0630132,0.0607352,0.0289854,0.0566634,0.0593055,0.0253584,0.0588826,0.0615598,0.0305395,0.0709552,0.0656718,0.0266418,0.071031,0.074736,0.0242162,0.0641374,0.0630514,0.030512,0.0624126,0.074378,0.0296,0.0603,0.082937,0.0315426,0.0588792,0.0589886,0.032109,0.0605440666667,0.081228,0.0273116,0.0660966,0.0721858,0.0620204,0.024324,0.0362284,0.0806392,0.0348508,0.04895,0.0762378,0.0269462,0.064771,0.0620316666667,0.028145,0.071353,0.070457,0.0236962,0.0679637,0.0618354,0.0326434
0.0689468,0.0865922,0.0334402,0.0791948,0.0690744,0.03022,0.0695685,0.0808461,0.0315562,0.05962,0.077988,0.0299672,0.0597812,0.0744114,0.032208,0.0618242,0.0815792,0.0289896,0.0611768,0.0641304,0.0290034,0.0675218,0.0747328,0.0329292,0.0718203,0.0719204,0.031936,0.053856,0.0976637,0.0324624,0.0729457,0.0895464,0.0296188,0.0567978,0.0761178,0.0288314,0.0496646,0.1058868,0.0292902,0.0734492,0.0793266,0.0290008,0.0759102,0.0704124,0.0304278,0.0672918,0.0702697,0.0290004,0.0677538,0.0722442,0.0313486,0.0800474,0.0803844,0.0318198,0.079254,0.0856636,0.0257154,0.0704704,0.0717128,0.0323902,0.0679814,0.081287,0.0305258,0.0742542,0.1028686,0.0328819,0.0654096,0.0670898,0.034166,0.0681880666667,0.0958468,0.0312508,0.0767492,0.0897076,0.0755788,0.0266514,0.0413802,0.094159,0.0374122,0.0583092,0.0837416,0.0305758,0.070382,0.0718869666667,0.0316334,0.077765,0.08136,0.0254078,0.078769,0.0675798,0.034044
0.0826486,0.102962,0.0352376,0.0947008,0.0816404,0.0317306,0.0795327,0.0890126,0.0333162,0.068815,0.0886108,0.0320859,0.0682994,0.0882428,0.0354028,0.0697086,0.0900386,0.0308754,0.0698902,0.077051,0.0330226,0.0738076,0.0813678,0.0358098,0.0803163,0.0792532,0.0339512,0.058551,0.1117719,0.0336158,0.0862078,0.1090218,0.0307246,0.0634942,0.0825658,0.0304174,0.056127,0.1212284,0.0295314,0.083384,0.0937576,0.0385418,0.0869874,0.0756746,0.0321348,0.0833314,0.0790001,0.0313642,0.0746964,0.0795172,0.0331142,0.089441,0.0949378,0.0334262,0.0934278,0.0963312,0.0288102,0.0795346,0.0854258,0.033952,0.080782,0.0949742,0.031962,0.0887964,0.1272954,0.0336185,0.0750666,0.0834154,0.0353562,0.0767111,0.1053272,0.0351136,0.086635,0.1086132,0.0856528,0.0313126,0.0472982,0.108914,0.040389,0.0672442,0.091914,0.0327074,0.0795512,0.0791239666667,0.0335566,0.0862046,0.0945342,0.0268497,0.0879884,0.077318,0.0351092
0.0928142,0.120779,0.0360174,0.1120458,0.0910548,0.033567,0.0888586,0.102199,0.0367618,0.0784316,0.1040764,0.0342275,0.0748488,0.1106114,0.0371012,0.0785552,0.102566,0.0331698,0.0762166,0.0918654,0.0344016,0.0825832,0.0916104,0.038217,0.0915765,0.0877424,0.0362226,0.067476,0.1307273,0.0351677,0.093804,0.131899,0.0325932,0.0675464,0.0896602,0.0330144,0.0646696,0.1391246,0.0298634,0.0912004,0.1042672,0.0397756,0.100538,0.0857464,0.0342006,0.0933078,0.0877298,0.033499,0.0844488,0.090792,0.0344164,0.0948888,0.1040212,0.0350768,0.1038774,0.111419,0.0325194,0.0949052,0.0955368,0.039236,0.0934298,0.1053518,0.0343882,0.1029888,0.1475226,0.0347525,0.0881162,0.0935598,0.0364904,0.0874553,0.1119258,0.0387762,0.1046532,0.1191042,0.0967542,0.0331534,0.0538568,0.1253606,0.045322,0.0751752,0.1054712,0.0360566,0.0924582,0.0941679666667,0.0354898,0.0965846,0.1060432,0.0287486,0.0945642,0.0923706,0.0361644
0.09975,0.1334612,0.0374386,0.1287666,0.1071146,0.0354982,0.1028142,0.1191072,0.0392968,0.0890454,0.1259076,0.0358328,0.0844084,0.1210368,0.0380246,0.0900142,0.118775,0.0336734,0.0857674,0.1039178,0.035364,0.0897602,0.098709,0.0403062,0.0990763,0.0930208,0.0378078,0.0738202,0.1431457,0.0369545,0.1085962,0.150983,0.0351882,0.0719528,0.1041572,0.0344832,0.069976,0.1661414,0.0313478,0.1026318,0.1192874,0.040954,0.1109714,0.0987272,0.0367458,0.1027022,0.098108,0.0361234,0.0965528,0.0976924,0.0354936,0.1035624,0.115493,0.037303,0.1235154,0.1309034,0.0343528,0.105308,0.1052294,0.0422176,0.1040444,0.1174302,0.0372802,0.1163684,0.172465,0.0352179,0.0966554,0.1018776,0.0401598,0.0983547,0.1251134,0.0410538,0.1223834,0.1300778,0.1107322,0.0359572,0.0611718,0.1408184,0.0504894,0.0845514,0.1171532,0.0368904,0.0980444,0.1078527,0.0375236,0.105833,0.1154632,0.0350948,0.1081184,0.1006914,0.037557
0.1073164,0.151172,0.0393992,0.144467,0.1230004,0.0374912,0.1159658,0.1267428,0.0422566,0.1006918,0.13951,0.0381808,0.0930946,0.1318184,0.0394818,0.1027985,0.128089,0.0347684,0.0976872,0.1129204,0.0390128,0.0973688,0.1102468,0.043732,0.1134841,0.0974236,0.0394294,0.0786474,0.1640245,0.0399727,0.1226582,0.1883034,0.03779,0.0771868,0.1117628,0.0375482,0.0777152,0.1834236,0.0332696,0.1143908,0.1364744,0.0432472,0.12528,0.1099152,0.0387724,0.111936,0.106119,0.0385212,0.1081114,0.1111172,0.036373,0.112033,0.1291272,0.0414184,0.1456342,0.1452686,0.0349856,0.1169648,0.1138438,0.0446928,0.1164602,0.1372558,0.0378706,0.1351134,0.2031446,0.0371103,0.101171,0.1173248,0.0416798,0.1080422,0.1417802,0.04324,0.1436012,0.150941,0.1258986,0.0373604,0.0632504,0.1569402,0.0555232,0.0923764,0.1332842,0.0385038,0.1112092,0.1176808,0.0404882,0.114099,0.1276698,0.0369966,0.1195912,0.1134562,0.0386764
0.1206586,0.1719888,0.0417302,0.1650146,0.1382988,0.0403778,0.1341532,0.1431272,0.0466464,0.1138064,0.1622368,0.039283,0.1064146,0.1449419,0.0429546,0.1109273,0.151174,0.037229,0.1044346,0.129833,0.0399324,0.1083738,0.1240448,0.045952,0.1231403,0.1099208,0.0405308,0.0850228,0.1872755,0.0410877,0.1381216,0.2113468,0.03915,0.0878176,0.1191938,0.0404894,0.0844034,0.210713,0.0344918,0.1259338,0.1550234,0.0462326,0.139247,0.1247134,0.0417664,0.1269912,0.1169544,0.0420008,0.1204858,0.1315738,0.037654,0.1225668,0.1475336,0.044505,0.162988,0.1687554,0.0373368,0.1359254,0.1226124,0.0495518,0.1319772,0.1554268,0.0404766,0.1510436,0.234966,0.0388086,0.1093832,0.1341716,0.0438476,0.117955,0.1682248,0.0447668,0.1626528,0.1735074,0.1496988,0.0393202,0.0709316,0.1801774,0.061909,0.1073832,0.15106,0.040804,0.1201508,0.1368468,0.042826,0.1248092,0.1461294,0.0400808,0.1365954,0.1262272,0.0412448
0.1334182,0.19694,0.0432506,0.1823198,0.1574216,0.0433676,0.1603846,0.166303,0.0504966,0.1318152,0.1824766,0.0453894,0.1207244,0.1617892,0.0441802,0.1271811,0.1745106,0.038672,0.1157116,0.1425076,0.0430136,0.1208414,0.1380552,0.0498516,0.1344442,0.1243576,0.0428662,0.098328,0.2168731,0.0420141,0.1585038,0.2437274,0.0399026,0.0968688,0.129322,0.0416164,0.091708,0.2409258,0.035597,0.1374438,0.1772762,0.0484466,0.1558658,0.1353056,0.0449232,0.1385262,0.133167,0.0450956,0.1352406,0.1495308,0.0408762,0.1352554,0.16679,0.048999,0.182423,0.1865726,0.0393998,0.1498376,0.1358088,0.054714,0.142279,0.1759242,0.0445322,0.1653862,0.2730846,0.0412826,0.119392,0.1533182,0.0467614,0.129821,0.1923737,0.0463498,0.1842628,0.198195,0.1694152,0.0409668,0.0788196,0.2047738,0.0683534,0.1217126,0.166865,0.0425488,0.1273952,0.1594746,0.0443342,0.1334228,0.1630484,0.0442772,0.151306,0.1471824,0.0428984
0.1502706,0.2211074,0.0447618,0.2034346,0.1808724,0.0472202,0.1723972,0.1834704,0.05437,0.143969,0.216899,0.0473514,0.129592,0.1805454,0.0494114,0.1335428,0.2029892,0.0407134,0.1300914,0.1637122,0.0445276,0.135752,0.1612592,0.0531732,0.1478846,0.138999,0.043904,0.109478,0.2426656,0.0452925,0.1855736,0.27612,0.0414376,0.1101284,0.141297,0.0444376,0.1024428,0.2745064,0.0374434,0.1571124,0.1904816,0.052573,0.168106,0.160092,0.050797,0.1547712,0.1559768,0.0478584,0.1448932,0.1656598,0.0422574,0.150456,0.1889074,0.0541838,0.2025902,0.2032688,0.0413116,0.1632822,0.1511318,0.058729,0.1544412,0.1952772,0.046879,0.1812476,0.3300776,0.0470276,0.1293342,0.176209,0.0471908,0.1450984,0.2202715,0.0463534,0.2082686,0.228919,0.1961894,0.0432032,0.0836878,0.22839,0.075404,0.1350126,0.1812914,0.0445734,0.136887,0.1778368,0.0476724,0.1465794,0.1886216,0.0460104,0.1683056,0.156727,0.045002
0.1667648,0.2609882,0.0472668,0.2241924,0.2055294,0.0493826,0.1892586,0.2028578,0.0574096,0.1586372,0.239745,0.0519408,0.1428406,0.2079028,0.0515016,0.1480146,0.2317676,0.0409638,0.1430956,0.1842194,0.0462288,0.1461412,0.1870044,0.0565356,0.1618494,0.1505436,0.044746,0.12069,0.2717704,0.0468515,0.2004344,0.3073254,0.046029,0.1212688,0.1551624,0.0478688,0.1116126,0.3083792,0.038643,0.172809,0.2121308,0.0545038,0.1792278,0.1832888,0.0553332,0.1698296,0.1681512,0.050904,0.1575462,0.1835592,0.0455088,0.1665544,0.2050614,0.0575406,0.2172026,0.2270916,0.0445958,0.1718338,0.1637422,0.063816,0.1618394,0.2032552,0.0494104,0.2016936,0.372778,0.0518776,0.1425422,0.1938586,0.0488808,0.1612384,0.2534895,0.0493254,0.2328916,0.2572674,0.2179492,0.044783,0.0946624,0.2602502,0.081772,0.1508954,0.1995424,0.048553,0.1481858,0.2070454,0.0501544,0.1560578,0.2090274,0.0476158,0.1888444,0.1773136,0.0477316
0.1843968,0.2968946,0.0495624,0.2457326,0.2338752,0.0528094,0.2088204,0.2285271,0.061193,0.1746226,0.2716486,0.0541762,0.1560508,0.223894,0.0534392,0.169046,0.2598018,0.0425298,0.1580378,0.2066284,0.0486324,0.1546472,0.2128298,0.0618054,0.177303,0.159982,0.0494236,0.14354,0.30792,0.0495159,0.2284324,0.3487898,0.0488492,0.1307212,0.16854,0.0497034,0.1203828,0.3548878,0.040409,0.1889526,0.2317258,0.0577098,0.1958108,0.2060674,0.060205,0.1896654,0.1877524,0.0546522,0.1723718,0.1936176,0.0471986,0.174226,0.2276238,0.0599188,0.235915,0.2548438,0.0486624,0.18866,0.1741778,0.0669034,0.168947,0.2244638,0.0534576,0.2124052,0.4196856,0.0534878,0.1566294,0.2121494,0.0522174,0.1762282,0.2810591,0.0515324,0.2601246,0.2888894,0.2356602,0.0468594,0.0995274,0.2903644,0.088168,0.1670106,0.2209958,0.0514634,0.1572746,0.2223788,0.053144,0.16622,0.2380132,0.049774,0.206496,0.1946526,0.0506134
0.2030578,0.3299596,0.0520936,0.2701514,0.2562878,0.0564932,0.2265598,0.2493926,0.064811,0.1890228,0.2984754,0.0581884,0.170742,0.2525542,0.0575608,0.1863624,0.29259,0.0439974,0.166521,0.2192384,0.051753,0.168438,0.238474,0.0657134,0.1929914,0.1729552,0.053203,0.1530574,0.3402232,0.0514399,0.25193,0.3844568,0.0513282,0.1424108,0.1852254,0.0517144,0.130453,0.3919656,0.040945,0.2035688,0.2443276,0.0603828,0.2183196,0.221793,0.0667562,0.2125538,0.204227,0.0574844,0.1910382,0.2047294,0.0493794,0.1933184,0.2601202,0.0632174,0.2515858,0.2920754,0.0508986,0.2014618,0.187059,0.0700044,0.1853988,0.2474134,0.0577794,0.2253416,0.4575842,0.0552716,0.1738752,0.2289856,0.056519,0.2027826,0.3072206,0.052333,0.2834436,0.3199456,0.263013,0.0484404,0.1099744,0.3230734,0.0954068,0.1838922,0.2533524,0.0559396,0.1738794,0.2515252,0.0575264,0.1806356,0.2570426,0.0515982,0.2299898,0.2127852,0.0536042
0.2179972,0.3680956,0.0544146,0.2999994,0.2811314,0.0594048,0.2479296,0.2785868,0.0678326,0.2065786,0.3412172,0.0637616,0.1864138,0.276015,0.0610466,0.2060586,0.3080296,0.0474946,0.1810233,0.2468042,0.0539102,0.182906,0.263093,0.0704408,0.2099808,0.1903956,0.0570338,0.1639986,0.369487,0.0552668,0.2685972,0.4110296,0.054677,0.1542776,0.2076544,0.0543776,0.1435308,0.4263718,0.0431534,0.2194636,0.2635376,0.0620462,0.2351638,0.2366888,0.0745628,0.2317708,0.2237268,0.059356,0.2051966,0.2292792,0.0505748,0.2032234,0.2895278,0.0680932,0.2669196,0.3254444,0.0550604,0.2174718,0.207012,0.0727576,0.2021646,0.2736804,0.0621572,0.2478049,0.489666,0.0608972,0.1878276,0.2453014,0.059912,0.2274412,0.331917,0.055317,0.3045344,0.3548936,0.2932916,0.0501,0.1189414,0.3614892,0.1011142,0.1994116,0.2739056,0.06119,0.1841486,0.26761,0.0610716,0.187539,0.2775498,0.0552952,0.2636064,0.2364444,0.0554454
0.2316842,0.3994822,0.058012,0.340634,0.3043102,0.0623324,0.2697228,0.3112748,0.069786,0.2205846,0.3713612,0.0674654,0.2048112,0.3013286,0.0638844,0.226756,0.3377798,0.0492562,0.1971806,0.269328,0.0566234,0.1895708,0.2908424,0.0761036,0.2276868,0.206515,0.0608926,0.1773836,0.4069978,0.0588558,0.286282,0.4374068,0.0580096,0.1595784,0.2292572,0.0571404,0.1576792,0.4608816,0.0456296,0.236816,0.2869232,0.0653144,0.2625052,0.2753032,0.0780238,0.2588168,0.2457504,0.062161,0.2214236,0.2472604,0.0532516,0.2147072,0.31908,0.074416,0.291067,0.3496558,0.0597838,0.2307258,0.2227544,0.077955,0.2144394,0.2991706,0.0652804,0.2670029,0.5217888,0.0658468,0.1988432,0.2692188,0.0649448,0.2472106,0.3603026,0.0583318,0.3336866,0.384394,0.3213914,0.0531296,0.1289224,0.398319,0.1089818,0.2186572,0.2994432,0.0662482,0.2044644,0.2955876,0.0648382,0.1947896,0.301496,0.0587624,0.2852044,0.2555144,0.0563424
0.2481288,0.4385548,0.0604518,0.3733402,0.3252342,0.0685174,0.2841968,0.3419136,0.0740752,0.245425,0.409319,0.071693,0.2102452,0.327215,0.0674348,0.2521012,0.3649786,0.053321,0.2124758,0.289811,0.058495,0.2055758,0.3231414,0.082932,0.2401068,0.2192488,0.0628296,0.1941876,0.4405322,0.0640842,0.3099094,0.458387,0.0600188,0.1752324,0.2398718,0.0597104,0.166972,0.4881238,0.0470566,0.2618098,0.3173782,0.068777,0.2866116,0.2972396,0.0849344,0.285675,0.2729666,0.0650228,0.2285618,0.2711576,0.0549682,0.2216274,0.3466952,0.0782944,0.3058908,0.3867926,0.063472,0.2432366,0.242529,0.083578,0.2267558,0.324821,0.06925,0.2831401,0.5453554,0.0700128,0.2106482,0.2988988,0.0699566,0.26686,0.379445,0.0619144,0.3609956,0.4166354,0.3508288,0.0552248,0.1367302,0.4234062,0.1135454,0.2356794,0.327818,0.0714288,0.219325,0.32025,0.0663194,0.2039634,0.3228448,0.060449,0.3055042,0.2700836,0.057148
0.2699706,0.4760994,0.065943,0.3965118,0.349317,0.0715344,0.2997244,0.3600974,0.0766792,0.2594254,0.4401832,0.0756002,0.2231524,0.351306,0.0711872,0.2689706,0.398943,0.0573222,0.225153,0.3162804,0.0614426,0.2202358,0.3565774,0.0900316,0.2532518,0.22789,0.0663638,0.210359,0.4643608,0.0669832,0.3368066,0.4745268,0.062235,0.1855868,0.2583548,0.0641082,0.1825464,0.5215198,0.0490984,0.2887676,0.339876,0.074213,0.3053236,0.3226676,0.0930692,0.3096206,0.2975502,0.0692292,0.2421318,0.2976552,0.0574716,0.2401208,0.3744724,0.085615,0.3174006,0.41243,0.0687768,0.2571288,0.264643,0.0911008,0.2427354,0.340705,0.0710086,0.3062233,0.5659672,0.0726348,0.2252178,0.3207608,0.0724282,0.2912312,0.4092888,0.0659052,0.379612,0.4532414,0.3866552,0.0574728,0.1485566,0.4619788,0.1225392,0.258207,0.349862,0.0759418,0.2323458,0.351414,0.074101,0.2166874,0.3440926,0.0623092,0.3262542,0.2875068,0.0594986
0.2794218,0.5128192,0.0677046,0.4329126,0.368661,0.0744406,0.3211502,0.3812816,0.0806516,0.27826,0.4746846,0.083642,0.2411282,0.3670564,0.0763398,0.2868318,0.4253286,0.0605238,0.2396972,0.339534,0.0648532,0.226684,0.3881744,0.0974464,0.2658736,0.2370172,0.0703006,0.2247462,0.4816838,0.070438,0.359516,0.485674,0.0664184,0.197662,0.2851478,0.0668406,0.1949038,0.5513276,0.050847,0.3103786,0.3693456,0.0762386,0.319857,0.350165,0.0994432,0.3306614,0.3191352,0.0734816,0.2546556,0.3192466,0.0590538,0.2585564,0.394523,0.0922992,0.329299,0.4569418,0.074865,0.2763094,0.288858,0.096368,0.2620258,0.362861,0.074553,0.3226124,0.582444,0.0771758,0.2388694,0.3488308,0.0743534,0.3077054,0.432872,0.0675722,0.405538,0.478493,0.4165872,0.0605496,0.15901,0.4866672,0.1273548,0.2838386,0.3776566,0.083617,0.2438916,0.3850188,0.0807178,0.219414,0.372453,0.0686206,0.3430394,0.311507,0.0619012
0.2875622,0.5420676,0.0716956,0.4601304,0.3892234,0.0810892,0.3354536,0.4156902,0.08614,0.2924504,0.5042248,0.0925434,0.25575,0.3905426,0.0814608,0.2998244,0.4565136,0.0631404,0.2528126,0.3613434,0.067097,0.2332782,0.4202032,0.1031518,0.2785712,0.2478252,0.073832,0.2382232,0.5114142,0.0759532,0.3796542,0.5079036,0.0695868,0.2082504,0.3185238,0.068481,0.2099286,0.5741588,0.0545162,0.3300388,0.3891884,0.0799066,0.3328954,0.3765918,0.1039374,0.3467486,0.3406658,0.0775304,0.2689642,0.3410558,0.0639324,0.2702198,0.4258698,0.0987774,0.3376064,0.48178,0.080346,0.2945138,0.306946,0.1041344,0.2739438,0.3825536,0.0806106,0.3337684,0.5937722,0.0831132,0.253937,0.3756934,0.0750476,0.3273236,0.4587014,0.0697636,0.4201354,0.5084866,0.4336486,0.0656392,0.173888,0.5210036,0.1333206,0.3041192,0.4007958,0.0870298,0.2601058,0.4051432,0.0874432,0.22592,0.3996772,0.0716202,0.3581288,0.3354972,0.064856
0.3050572,0.5657488,0.0759912,0.489736,0.4061734,0.085542,0.3478942,0.445849,0.090368,0.307825,0.5318916,0.1003952,0.26671,0.4080662,0.0843342,0.3179254,0.4913042,0.0687482,0.2584754,0.3773014,0.0709552,0.2448308,0.4577882,0.1090144,0.2902646,0.2587146,0.0794594,0.2572782,0.5300264,0.0789118,0.4000124,0.5233034,0.0734178,0.22382,0.343106,0.0705246,0.2244736,0.597703,0.057516,0.3536772,0.41889,0.0842812,0.3492422,0.392673,0.1102296,0.361849,0.3633554,0.0787712,0.2800424,0.3658696,0.0662302,0.2874472,0.4490116,0.1044712,0.3553498,0.507577,0.0859004,0.3103014,0.3391602,0.1125892,0.2821178,0.3996158,0.0861066,0.357472,0.608202,0.0874278,0.2617894,0.404244,0.0772196,0.3540472,0.4813462,0.072479,0.4434372,0.527115,0.4636684,0.0677746,0.18672,0.5440622,0.1391696,0.323759,0.4206774,0.0934334,0.2715202,0.4221214,0.09325,0.2427964,0.4283206,0.0768866,0.3746732,0.353858,0.0669432
0.3196028,0.5855974,0.0825046,0.5193126,0.4108348,0.0914562,0.3726474,0.4712276,0.0964756,0.3293096,0.560039,0.1056798,0.2942592,0.4234884,0.08942,0.3352168,0.519619,0.0719818,0.274061,0.4046572,0.074443,0.2579416,0.4885682,0.1174174,0.306387,0.2767822,0.0825794,0.2721194,0.5478196,0.082393,0.4178686,0.5388616,0.0758366,0.2360184,0.3672908,0.0744388,0.243745,0.6137054,0.0585406,0.3702524,0.4427356,0.0872476,0.3609618,0.4179562,0.1150528,0.3836298,0.3815978,0.0850834,0.2943172,0.3847996,0.0671754,0.3073894,0.47686,0.1124678,0.370626,0.5296168,0.0922368,0.3242164,0.3591632,0.1191956,0.2941998,0.4168756,0.090826,0.3709254,0.6135952,0.0933498,0.2669296,0.4272478,0.0812562,0.380029,0.5005988,0.077376,0.4645924,0.5423468,0.4843508,0.0711234,0.1956176,0.5642618,0.1442616,0.3432048,0.4452202,0.097298,0.284077,0.4363948,0.098085,0.2517096,0.461267,0.0781768,0.3887942,0.372425,0.0718854
0.3335232,0.6006226,0.087939,0.5537666,0.4222432,0.0943976,0.3923516,0.4904944,0.0975778,0.3421832,0.5859542,0.1131924,0.3027956,0.4400976,0.0953684,0.3471002,0.5400594,0.0748296,0.2889916,0.4212384,0.0778084,0.2676434,0.513138,0.1230834,0.3184514,0.2907974,0.0849534,0.2883238,0.5607744,0.0875812,0.429098,0.550571,0.0801032,0.249661,0.3859116,0.076771,0.2605364,0.6279534,0.0626574,0.3915826,0.4684058,0.0913744,0.3812538,0.45029,0.1230108,0.405062,0.3965608,0.0886716,0.308718,0.397285,0.068995,0.3238996,0.4998086,0.1161882,0.3835762,0.5574474,0.098408,0.3438956,0.3819072,0.1267672,0.3066604,0.4378962,0.0974298,0.3870726,0.6126528,0.0984974,0.2753936,0.448724,0.0846658,0.3995096,0.5204444,0.0813562,0.4833174,0.557376,0.5046366,0.074294,0.2074312,0.5846152,0.1523638,0.3552842,0.4644682,0.0999328,0.2937658,0.4573922,0.1040494,0.2586146,0.4932542,0.080593,0.4023512,0.396416,0.0766298
0.3477264,0.6249312,0.093015,0.5802458,0.4401136,0.098202,0.401199,0.500774,0.104393,0.3613038,0.6191178,0.1199756,0.3237436,0.452454,0.1034714,0.3561398,0.5599196,0.0763908,0.291903,0.4410486,0.0822302,0.2822542,0.5437812,0.1306416,0.3294144,0.3093372,0.08914,0.3036858,0.5740006,0.0919606,0.4427814,0.5596304,0.0840738,0.261232,0.4010388,0.0789398,0.2733008,0.639512,0.0678002,0.4142372,0.493764,0.0964856,0.4043,0.4687134,0.1311372,0.420966,0.4150156,0.0920722,0.3247284,0.4202998,0.0704532,0.3355702,0.533732,0.1192262,0.3934966,0.5822478,0.1030922,0.3526362,0.4053752,0.1307232,0.3176592,0.4501414,0.1040466,0.4076232,0.624627,0.1028038,0.2920702,0.473179,0.0891448,0.4214486,0.5383878,0.086176,0.4991226,0.5812446,0.5183292,0.0765574,0.2195006,0.596851,0.1566666,0.375226,0.4863464,0.1075414,0.307137,0.4844002,0.1116482,0.2754044,0.5180544,0.0841432,0.4127922,0.4205762,0.0807882
0.3488232,0.6430594,0.095196,0.602766,0.4536584,0.1063508,0.4136396,0.5158618,0.1134008,0.3748536,0.6399358,0.12807,0.333936,0.4716332,0.1121476,0.3635978,0.5782666,0.079339,0.3044444,0.4563658,0.0867482,0.2930178,0.5575412,0.1352626,0.3369832,0.3294212,0.0952624,0.3173362,0.5760304,0.0989182,0.4611492,0.5644728,0.0870174,0.2720508,0.428687,0.0828372,0.2802104,0.6535998,0.070424,0.425966,0.507829,0.1010782,0.4213664,0.4910226,0.1380186,0.4357322,0.4329058,0.0982526,0.3356738,0.4409348,0.0717474,0.3465826,0.5510296,0.1246754,0.401725,0.6057728,0.1057356,0.3689554,0.4269474,0.1341182,0.3285264,0.4584732,0.1107184,0.4220616,0.6277494,0.1052582,0.3028864,0.4973796,0.094661,0.4607398,0.5569468,0.0894968,0.5132152,0.5955574,0.5324594,0.0807108,0.2276894,0.610949,0.1661126,0.3948578,0.5031114,0.1128004,0.318988,0.5029934,0.1169134,0.287192,0.5380512,0.0895362,0.4276092,0.4421194,0.0883202
0.3535058,0.6527852,0.1016614,0.6266022,0.468672,0.114776,0.4200412,0.532366,0.1194406,0.3967212,0.6499696,0.1364076,0.3496482,0.4928152,0.1170442,0.3754098,0.5973596,0.083013,0.3144348,0.471017,0.0903476,0.2997966,0.5762596,0.1403976,0.34928,0.3483968,0.099926,0.3309326,0.586968,0.1025356,0.4779066,0.5824754,0.0900908,0.282772,0.4507666,0.084663,0.304159,0.6612692,0.07348,0.446991,0.520587,0.105568,0.4373854,0.5120676,0.1481578,0.4498436,0.448007,0.1066416,0.3500458,0.4611208,0.0739114,0.3681174,0.5603724,0.1313864,0.4083746,0.6140706,0.1099022,0.3814588,0.4466218,0.1394338,0.3393318,0.4710966,0.1169576,0.4384916,0.634934,0.110271,0.3154186,0.5079776,0.0984446,0.4813218,0.5714516,0.0956016,0.5293206,0.604573,0.5432224,0.0848402,0.231384,0.6264308,0.1729998,0.4114382,0.5136286,0.120204,0.328597,0.5161742,0.1266264,0.3011626,0.5611964,0.0919704,0.4446462,0.463137,0.0903648
0.3722756,0.6567508,0.1045506,0.6517066,0.485168,0.1200068,0.4286788,0.5396162,0.1247536,0.416102,0.6642288,0.1432738,0.3578572,0.502096,0.120304,0.3810598,0.6083946,0.0880048,0.3262846,0.480111,0.0966042,0.3102708,0.5803316,0.1465284,0.3552236,0.3673144,0.1042218,0.3458588,0.5958414,0.106208,0.4887984,0.5901574,0.0958582,0.2917748,0.4771124,0.089572,0.3234258,0.6687082,0.0780372,0.4678162,0.5327866,0.1095216,0.451075,0.5349334,0.1552558,0.4576354,0.466694,0.111666,0.361507,0.4764662,0.0760706,0.384997,0.5713356,0.1359096,0.413233,0.6236518,0.1154134,0.3978502,0.4693036,0.1437692,0.3508874,0.4844594,0.1238818,0.445409,0.6298252,0.1163522,0.3312452,0.529707,0.10562,0.5136802,0.5804438,0.1001728,0.5372818,0.6177282,0.5573148,0.0896244,0.2457868,0.6359522,0.1743464,0.4259842,0.5359244,0.1279502,0.3434582,0.5306232,0.1317676,0.3050876,0.5798504,0.0952692,0.4712006,0.4843824,0.095006
0.3751438,0.6634704,0.1104386,0.6658808,0.4882968,0.1280148,0.4361088,0.5450516,0.1307522,0.4314184,0.6781924,0.1537348,0.367659,0.5214572,0.1245078,0.3918038,0.6198396,0.0914656,0.3411802,0.4858222,0.1011758,0.3167548,0.5904126,0.1523156,0.3611512,0.3866236,0.1072884,0.3518138,0.6000332,0.1094186,0.5058652,0.5885672,0.1017052,0.2967286,0.4896692,0.0937064,0.3532568,0.6774406,0.0840516,0.486955,0.5517334,0.1145894,0.4633906,0.5502378,0.1613528,0.4660988,0.4955956,0.1160616,0.3674714,0.4969976,0.0795408,0.3918864,0.5889272,0.1403292,0.4183966,0.639558,0.1210638,0.4133832,0.4838844,0.1482398,0.3623648,0.4903412,0.1313146,0.4589798,0.6391774,0.1232584,0.3457348,0.5503026,0.109915,0.5412114,0.5888018,0.1057112,0.556452,0.6283624,0.5715884,0.0942854,0.2573746,0.640624,0.1795162,0.4428764,0.5598452,0.1317806,0.3540282,0.547402,0.1422314,0.3115984,0.6000248,0.097634,0.4877782,0.504659,0.0974794
0.3821212,0.6693614,0.1156316,0.6846554,0.5081682,0.1371128,0.4532612,0.5574702,0.1375056,0.4387626,0.6894034,0.1584364,0.379141,0.5355844,0.1293814,0.4033114,0.627709,0.0956338,0.3455354,0.5032536,0.1036416,0.3253978,0.6041084,0.1593044,0.3716664,0.4058042,0.1110236,0.3681904,0.6114746,0.1155972,0.5179078,0.5968826,0.1062632,0.3117108,0.5141156,0.0996408,0.3781162,0.6886976,0.0891224,0.5027184,0.5672486,0.1183444,0.4742352,0.5559002,0.166125,0.4742288,0.5126444,0.1232172,0.3810492,0.5142344,0.083161,0.4036232,0.597896,0.1444676,0.4270692,0.646108,0.1253816,0.422945,0.5079862,0.1527282,0.376104,0.5018976,0.1365158,0.4798516,0.6480252,0.125765,0.3529956,0.5641608,0.1141156,0.5663292,0.5950566,0.1114086,0.5717128,0.6365552,0.5742624,0.0976572,0.2660218,0.6464858,0.1808566,0.4670796,0.5664682,0.1411654,0.3723776,0.5606486,0.1496762,0.3200034,0.6071108,0.1045022,0.5004476,0.5276052,0.0988044
0.395785,0.6784492,0.1228424,0.6978402,0.5115166,0.142547,0.4665794,0.5612038,0.1429992,0.4494496,0.7024948,0.1674416,0.396962,0.5388198,0.1336574,0.4134694,0.6369898,0.0997066,0.3623498,0.5199,0.109038,0.3378896,0.6173898,0.1652424,0.381032,0.4282024,0.117218,0.3873476,0.6185152,0.122758,0.5225062,0.604279,0.110746,0.3194758,0.5345204,0.1027252,0.395347,0.6977384,0.0929426,0.5213438,0.5794334,0.1227354,0.4722974,0.5653288,0.1706358,0.4879644,0.5303568,0.1280278,0.3991316,0.5258834,0.0858278,0.4220616,0.6038036,0.1470668,0.4322172,0.6526656,0.132292,0.4367846,0.5277046,0.158014,0.3911268,0.5020154,0.1419058,0.4994268,0.6522952,0.1312432,0.3634688,0.5737858,0.1193952,0.5773388,0.6055566,0.1178928,0.5785186,0.643538,0.582861,0.10384,0.2722876,0.6572154,0.1820742,0.4803882,0.579687,0.1469988,0.384198,0.5665188,0.1569106,0.3259836,0.6156816,0.110842,0.5190802,0.5451234,0.1040766
0.4088358,0.690153,0.1270704,0.7078708,0.5226696,0.148432,0.4709966,0.5631756,0.1465598,0.4705134,0.7066714,0.1724,0.4158642,0.538891,0.1383692,0.4233746,0.6417986,0.1042186,0.3769794,0.5302022,0.1138044,0.350397,0.6279958,0.1677288,0.3920786,0.4438972,0.120859,0.3946278,0.6282216,0.129735,0.518984,0.605533,0.1174936,0.3355604,0.5544624,0.1062866,0.4172428,0.7041132,0.0984018,0.533515,0.5924508,0.123262,0.4835192,0.5719818,0.175491,0.4954568,0.5451024,0.1341312,0.4013302,0.538196,0.0893584,0.4371172,0.6259126,0.1520202,0.4426318,0.6613406,0.1377192,0.4418822,0.5467928,0.1613886,0.401926,0.513012,0.1471388,0.5091514,0.653377,0.135658,0.364203,0.5867824,0.1259546,0.616575,0.6101806,0.1187806,0.5976634,0.646111,0.5895094,0.1096426,0.2824731,0.6601666,0.1848494,0.4970802,0.5969866,0.151523,0.3984248,0.5713198,0.1643264,0.3282594,0.6252864,0.1146922,0.5364998,0.5553902,0.1078818
0.423879,0.6963626,0.131658,0.7150638,0.5232486,0.1536582,0.4864592,0.5727826,0.149965,0.4877688,0.7106356,0.1760322,0.4186538,0.5469336,0.143255,0.428836,0.649838,0.1065114,0.3892408,0.538606,0.1216828,0.3621614,0.633516,0.1738002,0.3969763,0.4514852,0.124891,0.401481,0.6319974,0.1342966,0.5334896,0.6050234,0.1219436,0.3442728,0.5662986,0.1088802,0.436531,0.6993446,0.1033172,0.54414,0.596741,0.1276078,0.4912996,0.5823556,0.1802454,0.5138582,0.5606216,0.1388134,0.4118544,0.5566964,0.0935892,0.4569516,0.629792,0.155995,0.4385546,0.6605622,0.1420434,0.458918,0.5573956,0.1641354,0.410465,0.5135814,0.1523934,0.5226708,0.6451202,0.1389068,0.370717,0.6018058,0.1275744,0.6284508,0.6090254,0.1243822,0.6088756,0.6468556,0.5951738,0.1135136,0.2937225,0.655988,0.1887646,0.5187514,0.607512,0.1583484,0.4115456,0.5773734,0.1685558,0.3376384,0.6372754,0.1161188,0.5534406,0.5714206,0.1144948
0.43558,0.6980766,0.1365466,0.725674,0.5350864,0.1607264,0.4949938,0.5752808,0.1541556,0.4955826,0.712214,0.1837924,0.4392386,0.5587574,0.1477676,0.4305088,0.6663132,0.1086382,0.3985878,0.5485272,0.1290936,0.3712532,0.6331608,0.1776294,0.4014146,0.4762632,0.1299492,0.416281,0.6373832,0.1393818,0.5423676,0.6119022,0.1293456,0.3488654,0.5783824,0.1088266,0.4580408,0.7022576,0.1106716,0.5541858,0.5968424,0.1316526,0.5002636,0.6010706,0.1840474,0.5102528,0.5655126,0.1447634,0.4175416,0.5773048,0.0963576,0.4754986,0.6398126,0.1590382,0.44201,0.670008,0.1480366,0.471548,0.5786802,0.168365,0.4203394,0.5240222,0.1567504,0.5236436,0.6531704,0.1456546,0.3720802,0.5994686,0.1325902,0.6493048,0.6159314,0.1292222,0.6188128,0.6563392,0.5961934,0.1191572,0.3043365,0.6601238,0.1917478,0.5309786,0.6206706,0.1605686,0.4271706,0.58268,0.1710134,0.3422124,0.6372142,0.1212394,0.5698666,0.5839528,0.12067
0.4354308,0.7046758,0.1429296,0.726665,0.5327444,0.1689478,0.4902132,0.5774348,0.1582396,0.5041442,0.7115204,0.1891904,0.4524134,0.5648874,0.1519438,0.435547,0.6606836,0.1123824,0.410634,0.5610034,0.1330344,0.3794004,0.6429008,0.1828684,0.4102814,0.4971374,0.1360026,0.4207486,0.6424526,0.1442608,0.5467402,0.6159632,0.1337098,0.3584604,0.5905368,0.1131502,0.4830322,0.7093632,0.1151258,0.556702,0.61251,0.1366428,0.5008018,0.609998,0.1861826,0.5285116,0.5746668,0.150477,0.4190204,0.5830082,0.0993798,0.4839662,0.6447272,0.1624154,0.4410874,0.674945,0.151415,0.4762902,0.589425,0.1709424,0.4299816,0.5364206,0.1624644,0.5406638,0.6583942,0.1518098,0.3762436,0.6027644,0.1394568,0.6586834,0.6279786,0.134413,0.6292852,0.6681274,0.595085,0.1228404,0.3123795,0.670466,0.1932202,0.5436858,0.6305208,0.1641288,0.4383476,0.5949076,0.1735766,0.3494338,0.6505564,0.1233278,0.5917424,0.5977174,0.1270702
0.4424046,0.7085192,0.147438,0.7338602,0.53832,0.1772206,0.4984766,0.5716238,0.1613626,0.5107702,0.72019,0.1896904,0.4589344,0.5696904,0.1555162,0.4432288,0.6627518,0.118843,0.425721,0.568879,0.1395454,0.3901144,0.6411644,0.1856372,0.4140648,0.5146542,0.1405474,0.4341536,0.6487678,0.148662,0.5609066,0.6129944,0.1384086,0.3702178,0.5984096,0.1177342,0.500206,0.7115058,0.1201862,0.5783336,0.6252828,0.1395974,0.5120532,0.6134176,0.1873496,0.5482274,0.5817664,0.1553248,0.437744,0.593979,0.1026238,0.4897174,0.6560042,0.163481,0.4400462,0.683788,0.1555814,0.477119,0.6037718,0.1730988,0.4321108,0.5387314,0.168039,0.5511166,0.6580076,0.1566512,0.3874616,0.6063266,0.144069,0.6691326,0.6326318,0.136862,0.6278728,0.6733436,0.5969392,0.1261608,0.3205908,0.663796,0.1967538,0.5633878,0.63575,0.16656,0.4568092,0.6012642,0.1783214,0.348949,0.6580964,0.1257374,0.6269882,0.6120044,0.1342254
0.4464488,0.708557,0.152561,0.7319344,0.5372156,0.1833858,0.4917606,0.580027,0.1643344,0.5259298,0.7210688,0.1932842,0.4717438,0.58038,0.1569918,0.4452814,0.6658122,0.1220124,0.4296104,0.5642872,0.145223,0.4024362,0.644254,0.1886596,0.4168456,0.5239638,0.14735,0.447114,0.6536534,0.1525374,0.5684606,0.6225904,0.1421842,0.3780206,0.597393,0.1205466,0.5135338,0.7214284,0.1239312,0.5881426,0.6252866,0.1422296,0.5229978,0.6199416,0.1878416,0.5581066,0.5944552,0.1615198,0.4524412,0.6008218,0.1041296,0.4945956,0.6593626,0.1672322,0.4462388,0.6865632,0.1585812,0.4876226,0.6171364,0.1740348,0.4411274,0.5471332,0.1713202,0.5562742,0.6489176,0.1579708,0.3959832,0.6060462,0.146186,0.6899698,0.641803,0.1400658,0.6361534,0.6802476,0.6015896,0.1321126,0.3322882,0.6694752,0.1985276,0.5752064,0.6403324,0.1711442,0.4708666,0.6097446,0.183684,0.3548132,0.6667986,0.1297508,0.642489,0.6248344,0.1391556
0.451437,0.7183264,0.1577844,0.7295056,0.5390064,0.1864256,0.5013308,0.581602,0.1672062,0.5312624,0.7171018,0.195961,0.4860638,0.5863646,0.1599772,0.4515706,0.6655878,0.126165,0.4301398,0.5810976,0.1485948,0.415924,0.643259,0.1924218,0.4252416,0.5377046,0.1499898,0.4609024,0.654592,0.157023,0.5725786,0.620171,0.147203,0.3828076,0.6083478,0.124395,0.5223514,0.7241446,0.1305336,0.6065134,0.6305546,0.1452316,0.5282762,0.6253946,0.1883664,0.5583172,0.6008374,0.1671516,0.4614646,0.606785,0.1055864,0.508791,0.6590706,0.1699044,0.448357,0.6880236,0.162522,0.4950734,0.6217592,0.1737412,0.452116,0.5520696,0.1754714,0.5666398,0.6455704,0.1597278,0.4046556,0.6165476,0.1481618,0.7074306,0.6449822,0.1443584,0.64823,0.6859392,0.6014544,0.1382854,0.340097,0.66953,0.2009764,0.5815314,0.6479316,0.1760056,0.4866372,0.6173398,0.1869846,0.349461,0.6735746,0.1351038,0.6627548,0.6403566,0.1468508
0.4555072,0.7199336,0.1644674,0.7285366,0.5443058,0.1904868,0.4991284,0.5843514,0.168097,0.5393676,0.720549,0.1990718,0.4993054,0.5845586,0.1621476,0.4543192,0.673289,0.1299642,0.4354526,0.5858546,0.152134,0.433619,0.6511118,0.1939526,0.4281168,0.5440452,0.1512424,0.4755726,0.656688,0.1604718,0.5785748,0.6218042,0.149465,0.3957608,0.6173232,0.1281638,0.5425636,0.721794,0.1381342,0.6083158,0.6392688,0.1493624,0.5351152,0.630937,0.1911352,0.5675654,0.6091868,0.1726306,0.472481,0.609937,0.1093686,0.5164078,0.6648448,0.1719846,0.4520736,0.6907842,0.1677746,0.4931894,0.621831,0.1748998,0.4574466,0.5581614,0.1796164,0.5656598,0.6480784,0.1623726,0.4095444,0.6234942,0.150715,0.7021104,0.647552,0.1469738,0.6549592,0.6895632,0.6121624,0.1416024,0.3479708,0.662582,0.2016204,0.5989504,0.6488068,0.1777684,0.4935934,0.6232654,0.1894168,0.3560562,0.6732536,0.1379234,0.6795028,0.6440124,0.15417
0.4668452,0.7180494,0.1648222,0.7362284,0.5495308,0.1954036,0.5186598,0.5920756,0.1703686,0.5513508,0.7139052,0.2025506,0.5080054,0.5923274,0.1654796,0.4652706,0.674717,0.1348054,0.4496472,0.58768,0.159841,0.4542062,0.64971,0.1940746,0.4355348,0.551297,0.1562456,0.4929678,0.6640606,0.1640718,0.5763302,0.6235524,0.153223,0.4008664,0.6229532,0.129806,0.563266,0.7227164,0.142218,0.6076796,0.6349538,0.1545426,0.5430978,0.6317464,0.1926442,0.5692924,0.6090904,0.177469,0.475218,0.6073658,0.1131546,0.5234156,0.6672892,0.1739266,0.4543584,0.6882972,0.170773,0.4970752,0.629682,0.1755794,0.464314,0.5653836,0.184434,0.5718352,0.6473556,0.1652996,0.4150244,0.6286324,0.1546788,0.719315,0.6521222,0.1486624,0.6555826,0.6925002,0.620387,0.146593,0.3557938,0.6717636,0.200735,0.6159404,0.6430044,0.1811612,0.497488,0.6274698,0.19048,0.359652,0.675236,0.1436428,0.7040402,0.6487124,0.157924
0.47148,0.7188578,0.1688148,0.7405604,0.5541392,0.1968494,0.5162814,0.5868042,0.1727426,0.5561602,0.7186692,0.2042504,0.5109658,0.5878124,0.1684644,0.4728386,0.6811938,0.1389322,0.4581786,0.5868686,0.1647116,0.469494,0.6517704,0.1949008,0.4403862,0.5632988,0.1583264,0.5054838,0.6666386,0.1666394,0.5921866,0.6287604,0.1571476,0.4104036,0.62722,0.1339732,0.5658482,0.719617,0.1492242,0.6064202,0.642337,0.1570948,0.546562,0.6364208,0.1940108,0.571313,0.6179594,0.1785602,0.48085,0.6158818,0.115302,0.5279848,0.6654234,0.1783326,0.459582,0.6939666,0.1750692,0.501216,0.6300854,0.1753184,0.4649878,0.5710994,0.18782,0.5786898,0.6451368,0.1659332,0.4280548,0.6341228,0.1571364,0.7234954,0.6543714,0.1508142,0.6521074,0.6926804,0.6247006,0.152543,0.3657442,0.6703824,0.2018456,0.630159,0.6497372,0.18264,0.5054166,0.6304468,0.1927494,0.3685144,0.682005,0.1457642,0.7117542,0.6529328,0.1613174
0.4824262,0.7227502,0.1714698,0.7426996,0.550937,0.2007008,0.5147168,0.5917344,0.1752678,0.5672944,0.7152612,0.2042864,0.5126116,0.586811,0.1720254,0.4748582,0.6795262,0.1430328,0.466774,0.5857502,0.166833,0.477985,0.6499914,0.1965162,0.4405126,0.570572,0.162527,0.5179098,0.6685696,0.1694398,0.6039122,0.6338488,0.1570134,0.4221294,0.6349614,0.1361464,0.574516,0.7243656,0.1516888,0.6127046,0.641483,0.1625562,0.5597192,0.6390278,0.1971494,0.5805176,0.6274538,0.1815886,0.4896062,0.6233484,0.1201298,0.5315406,0.6664776,0.1806418,0.4614366,0.694242,0.1786046,0.5042996,0.6296594,0.1751048,0.465281,0.5712298,0.1905704,0.5874616,0.6427904,0.1691714,0.4328154,0.6254958,0.162824,0.7408748,0.653078,0.1513182,0.6505538,0.6999172,0.6279496,0.158516,0.3805914,0.6675262,0.2000572,0.6376778,0.6600954,0.1846368,0.5128944,0.6372386,0.194746,0.3722354,0.6825236,0.1484578,0.7283522,0.6632814,0.1652974
0.484143,0.7240174,0.1754818,0.747829,0.5527976,0.2062102,0.5234938,0.594823,0.1764292,0.5736328,0.7188406,0.2045524,0.5254906,0.5891252,0.1721126,0.4812768,0.6815252,0.1473326,0.4763398,0.5927614,0.1696474,0.4931692,0.6522918,0.196981,0.4478174,0.582916,0.1637676,0.5337006,0.6663122,0.172923,0.605393,0.6371704,0.160705,0.424105,0.6362494,0.1392006,0.5842082,0.7290838,0.154314,0.6108028,0.6500032,0.1662162,0.564543,0.6451664,0.1969446,0.587014,0.63698,0.1848784,0.500816,0.6304638,0.1237062,0.5272034,0.6689008,0.1830788,0.4688458,0.6952228,0.1814002,0.5086084,0.6437062,0.175902,0.4658686,0.5759254,0.193806,0.5956302,0.6316298,0.1713204,0.4464132,0.6268068,0.1649758,0.7414664,0.6503306,0.1534926,0.6463862,0.696045,0.6321158,0.1615394,0.3890574,0.665524,0.200817,0.6512648,0.6673624,0.1880646,0.5127228,0.638885,0.194249,0.3721324,0.6808102,0.151423,0.728856,0.6674858,0.1683092
0.488489,0.7257,0.178111,0.7540552,0.5514158,0.2076184,0.527957,0.5935918,0.1788678,0.5786026,0.7188614,0.2065254,0.5273912,0.5890908,0.1748958,0.4869328,0.681093,0.1516686,0.4891034,0.5922566,0.1693386,0.496522,0.6566054,0.1965296,0.4535912,0.598065,0.1674104,0.5488548,0.6685166,0.1751102,0.6032144,0.6411152,0.161867,0.4294398,0.6388316,0.1455814,0.5975232,0.7288606,0.160402,0.620173,0.6544434,0.1679662,0.5661078,0.6461584,0.197461,0.589462,0.6392004,0.187927,0.5063498,0.6335276,0.1322236,0.534169,0.6699866,0.1839694,0.4669778,0.6961732,0.1846636,0.520175,0.642847,0.1786462,0.46755,0.5756196,0.1953274,0.5956104,0.6362602,0.1731192,0.4557232,0.630801,0.1665728,0.7524344,0.656434,0.1576604,0.64341,0.6995114,0.6334772,0.1652156,0.400586,0.6697196,0.2026772,0.6648664,0.6649544,0.190672,0.5167834,0.6427672,0.1951158,0.3727468,0.6841042,0.1543226,0.7442882,0.6696496,0.173339
0.4976558,0.7235236,0.1795314,0.7501256,0.554524,0.2101526,0.5392768,0.5934572,0.181907,0.584226,0.7167918,0.2063122,0.5308676,0.588062,0.1766714,0.4951892,0.6782404,0.1555732,0.493995,0.5920106,0.171784,0.5163222,0.6552444,0.1975298,0.4586326,0.6006832,0.1692622,0.5657162,0.6729804,0.177288,0.6165702,0.6400342,0.1615976,0.4422492,0.6399372,0.1480694,0.6124888,0.7325986,0.1649896,0.6269472,0.6593966,0.1695796,0.576387,0.6415742,0.1958688,0.5968712,0.6413264,0.1904538,0.5133658,0.6362476,0.1362184,0.5447974,0.670625,0.1839064,0.4709454,0.6930652,0.188185,0.528306,0.6438234,0.1798168,0.4687516,0.5754282,0.1967618,0.6002098,0.6383984,0.1752268,0.4741048,0.6353468,0.1702892,0.7615878,0.6637278,0.1601496,0.6476352,0.7011844,0.6378222,0.168798,0.4069284,0.6723722,0.2034908,0.6803712,0.665334,0.194356,0.5321872,0.6453722,0.196941,0.3752936,0.6854366,0.1586594,0.7494028,0.6697468,0.1753048
0.507938,0.7239066,0.181865,0.7604592,0.5578626,0.2112562,0.5398718,0.596109,0.1830136,0.5981124,0.715646,0.2084872,0.5355148,0.5852624,0.1763764,0.4976076,0.6704584,0.1602422,0.500985,0.5965524,0.1753668,0.5248128,0.6585142,0.197794,0.4684416,0.5964566,0.168794,0.5648416,0.673566,0.179566,0.6192266,0.6404392,0.1642016,0.4487098,0.6423706,0.1503756,0.6148744,0.7299232,0.1666772,0.625149,0.6597454,0.1697566,0.584722,0.6472462,0.1973492,0.5984862,0.6514728,0.1902212,0.5166576,0.6401738,0.138026,0.554571,0.6652444,0.1831784,0.4755962,0.69264,0.1895798,0.531774,0.6474092,0.180136,0.47153,0.5811002,0.1951514,0.6050306,0.6357962,0.1749722,0.4712928,0.63801,0.173299,0.7560084,0.6694938,0.162511,0.6499566,0.7070124,0.6406208,0.1714304,0.4181632,0.6765038,0.201862,0.6803852,0.6695326,0.1975828,0.5362964,0.6517722,0.1954908,0.3808792,0.6794652,0.1616916,0.7586514,0.66989,0.1780212
0.506653,0.7194174,0.1837764,0.750641,0.5509402,0.2116128,0.5394572,0.5934016,0.1832262,0.6027916,0.716618,0.2092638,0.5429194,0.5823542,0.1770278,0.496345,0.6701716,0.1632632,0.5048112,0.5976736,0.1761596,0.5315118,0.6626078,0.1952408,0.4756258,0.6035976,0.170136,0.5747498,0.6787846,0.1823306,0.6338966,0.640231,0.1664458,0.4515634,0.6504776,0.155275,0.6166576,0.7318286,0.1695864,0.6334184,0.6561444,0.1693204,0.583756,0.6401692,0.1975198,0.6056522,0.6537996,0.1909496,0.5270564,0.6470454,0.1418722,0.5608962,0.665648,0.1843788,0.4765488,0.6928124,0.190748,0.5391318,0.6545288,0.1801452,0.4804178,0.5826094,0.1966828,0.6174412,0.6328034,0.1764964,0.4810406,0.640105,0.1754692,0.7607762,0.6658058,0.1642564,0.6404434,0.7056744,0.6410906,0.1744988,0.4237444,0.6745918,0.2061812,0.6731028,0.6694532,0.2000858,0.5415934,0.6527848,0.1964012,0.3777966,0.6791404,0.164016,0.7586722,0.6664358,0.179588
0.5188092,0.7195434,0.186287,0.747054,0.5493516,0.2140232,0.5401624,0.592133,0.1840112,0.6063576,0.7180972,0.2106358,0.5525354,0.5800866,0.179085,0.5025166,0.6730878,0.166719,0.506537,0.5917696,0.182078,0.5379274,0.6704706,0.1979218,0.4835966,0.6176412,0.1713712,0.591579,0.681207,0.1862404,0.6418482,0.6396772,0.1664148,0.4609616,0.6529378,0.1548074,0.6278978,0.736716,0.175842,0.6255416,0.660652,0.1698962,0.5894764,0.6399866,0.1979604,0.6074146,0.6579336,0.1915976,0.5298856,0.6560066,0.1425916,0.5609796,0.6671344,0.1853602,0.482185,0.696295,0.19084,0.5412096,0.6579088,0.1824626,0.4802534,0.5857404,0.1976666,0.619385,0.631161,0.177531,0.4936004,0.6405062,0.1793098,0.7615442,0.6667714,0.1677892,0.6381632,0.7056106,0.642291,0.176199,0.4250076,0.6689232,0.2083762,0.6783848,0.6661292,0.200449,0.5477356,0.6578134,0.1984916,0.3794638,0.6847994,0.1652524,0.7658898,0.6705572,0.181841
0.5226232,0.7222418,0.1881876,0.7484766,0.5489776,0.2152502,0.5457208,0.5893086,0.1862446,0.5972672,0.7144856,0.2112784,0.5634616,0.5870426,0.1825638,0.5110414,0.6705692,0.1687338,0.5043724,0.590227,0.1839406,0.5445036,0.67377,0.2021868,0.4889276,0.6153442,0.1745158,0.5966636,0.681434,0.1905734,0.639586,0.641866,0.1686194,0.4682674,0.6548244,0.1575626,0.6296216,0.7350992,0.1777346,0.6238474,0.670358,0.171613,0.601396,0.6467626,0.198088,0.61498,0.665005,0.192953,0.534911,0.657832,0.144702,0.5630692,0.6684934,0.1878576,0.4839224,0.6906634,0.1941792,0.5442918,0.6581184,0.1840808,0.4904568,0.5877694,0.198488,0.6310226,0.6223752,0.1765798,0.5024902,0.639045,0.1801956,0.7739656,0.6733522,0.1698014,0.6463208,0.7034952,0.6507838,0.1776808,0.4327304,0.6759696,0.2080672,0.692825,0.6637324,0.2011182,0.5484486,0.6618382,0.1991908,0.3844096,0.6814648,0.1659384,0.7717382,0.6718246,0.1853488
0.5268722,0.7213998,0.1889286,0.75769,0.5513186,0.2162674,0.5497804,0.585508,0.1864208,0.6182406,0.711429,0.2121032,0.5697452,0.594821,0.1834582,0.5162304,0.6726566,0.172582,0.5066244,0.585241,0.1854746,0.5427124,0.6726848,0.2036746,0.4935748,0.6107756,0.1754104,0.6038518,0.6884564,0.191701,0.6457862,0.640636,0.1665014,0.4747372,0.6536506,0.1606666,0.6385394,0.7328788,0.1801382,0.633594,0.6687724,0.1707576,0.5994326,0.6513982,0.1979878,0.6207318,0.6681222,0.1924086,0.5409624,0.6584892,0.1462522,0.5595066,0.6761884,0.1866644,0.4930372,0.6907996,0.1953898,0.5501168,0.6614956,0.1830344,0.5012174,0.58741,0.1984424,0.625741,0.6259724,0.1788256,0.5159648,0.6331506,0.1816968,0.766145,0.680307,0.1717896,0.6516732,0.7024848,0.6488148,0.1809552,0.4329208,0.666462,0.207642,0.694337,0.6622044,0.2036516,0.5567786,0.6665984,0.1981136,0.3852856,0.6760692,0.1672508,0.7723098,0.6774196,0.1881298
0.5253952,0.7249382,0.1884672,0.7641054,0.5465542,0.2169662,0.548759,0.5904648,0.1874608,0.6150784,0.70939,0.2130194,0.5685988,0.595827,0.184758,0.5202462,0.6779162,0.1749438,0.5167716,0.5773964,0.189608,0.5590862,0.6766936,0.2030342,0.4881326,0.6209184,0.1789042,0.6139574,0.6890452,0.1961922,0.6510394,0.6411172,0.1668868,0.4772118,0.654127,0.1623342,0.6285932,0.7306726,0.1832128,0.6398686,0.6703844,0.1705186,0.615306,0.6477464,0.198012,0.6199154,0.675424,0.194105,0.5381094,0.6643406,0.148489,0.563188,0.6758524,0.187666,0.4961728,0.6938118,0.1953704,0.5488872,0.6729888,0.183463,0.504463,0.58654,0.1983012,0.6279442,0.6251516,0.1796936,0.5193036,0.6332732,0.1833342,0.768693,0.6759506,0.1737186,0.6423212,0.6992424,0.6501818,0.183489,0.4372966,0.668163,0.206928,0.69418,0.6680458,0.204524,0.5620828,0.6608644,0.1991988,0.3825134,0.6781778,0.1700882,0.7815258,0.6752304,0.1889172
0.5238756,0.7274886,0.1917494,0.7628356,0.5461154,0.214271,0.5596878,0.5910572,0.1864872,0.62314,0.7087738,0.2124944,0.5751244,0.6025772,0.1846116,0.5199478,0.6758078,0.1766102,0.5142492,0.5797714,0.190227,0.5716764,0.6775926,0.2034036,0.49138,0.6215552,0.1800364,0.6267902,0.6854564,0.1967234,0.6493614,0.6464768,0.1702174,0.4797434,0.6562592,0.1636326,0.6388666,0.7299678,0.185115,0.644852,0.6693956,0.1720532,0.6242236,0.6480172,0.1983046,0.6298764,0.6842266,0.194422,0.5434536,0.6694208,0.1502416,0.5742058,0.6767562,0.1883892,0.4935554,0.6919934,0.1962668,0.5564282,0.6692946,0.1837334,0.5103548,0.5897048,0.1987386,0.6314846,0.617648,0.1808866,0.5223752,0.6369516,0.1854476,0.7597398,0.6802194,0.1725894,0.65066,0.7037596,0.6458776,0.1840834,0.442158,0.6704892,0.2068736,0.7004744,0.6668898,0.2060254,0.5689982,0.6638116,0.1988056,0.384116,0.6731878,0.1697578,0.7844882,0.679736,0.1892464
0.5284258,0.7255858,0.194739,0.756793,0.5435582,0.2139448,0.555909,0.5915416,0.1859682,0.6289282,0.7107032,0.21201,0.5794568,0.6008698,0.1866484,0.5233024,0.6700828,0.1783918,0.520455,0.5829708,0.1937702,0.586625,0.6790316,0.2045802,0.4929342,0.6279948,0.1813672,0.6442798,0.6834576,0.1980876,0.6643472,0.643764,0.172936,0.4828292,0.6567992,0.1640544,0.6390836,0.7281376,0.185828,0.6431252,0.6726486,0.1747438,0.6291408,0.6527686,0.1975724,0.6270108,0.6844074,0.1960636,0.5493296,0.6712016,0.152931,0.5762108,0.6798384,0.1894246,0.5004668,0.6914616,0.1991344,0.5585374,0.6740364,0.1842576,0.5110678,0.5868944,0.1978416,0.6357542,0.6189156,0.1816548,0.522729,0.634241,0.1869742,0.7658534,0.6893948,0.1734884,0.6487626,0.7021112,0.6523336,0.1851966,0.4473004,0.6758694,0.2046316,0.698498,0.6633588,0.206256,0.5821596,0.6673762,0.199705,0.3850192,0.6657116,0.1703006,0.7793504,0.6789278,0.1909772
0.5343896,0.7278162,0.1987738,0.7627816,0.5445714,0.215879,0.5637992,0.5896738,0.1873368,0.6324703,0.7086724,0.2117266,0.5806044,0.6024486,0.1882724,0.5337866,0.6737298,0.1796694,0.5240774,0.5867716,0.1965274,0.5879404,0.6756708,0.2037554,0.504078,0.6313086,0.183752,0.639995,0.6835538,0.1993102,0.661588,0.6417732,0.1739946,0.4957864,0.6508916,0.1652118,0.6324328,0.7242002,0.1863396,0.6446852,0.6723348,0.176102,0.6301944,0.651327,0.196444,0.6288356,0.6858812,0.196699,0.5662342,0.670535,0.154789,0.579225,0.6747212,0.1893688,0.500837,0.685209,0.1988938,0.5607398,0.6815244,0.1836216,0.5130194,0.5874056,0.1981264,0.6391694,0.6162048,0.1831936,0.5395346,0.6274906,0.186868,0.7694504,0.6882002,0.1737454,0.6511462,0.6994662,0.6536744,0.1882946,0.4483886,0.6773356,0.2039008,0.6981282,0.6636396,0.2057806,0.5905764,0.66916,0.1996304,0.3802992,0.6680092,0.1704358,0.7735456,0.680139,0.1945816
0.5358756,0.719637,0.1983836,0.7693106,0.5472454,0.2155156,0.5755624,0.5910402,0.187325,0.642726,0.7055926,0.2142944,0.568349,0.603911,0.1887538,0.5315596,0.6774456,0.1808544,0.5310762,0.5787048,0.1964086,0.592871,0.6778744,0.2050916,0.505739,0.634119,0.1828928,0.6497786,0.6850378,0.1981374,0.6533788,0.6407438,0.175108,0.4976478,0.6517966,0.1681836,0.6294098,0.7249916,0.1855368,0.6350872,0.675528,0.1784664,0.6412354,0.6434216,0.1960816,0.6334344,0.6936258,0.1980906,0.5673828,0.6740306,0.1566132,0.576527,0.6745322,0.1890594,0.5036054,0.6837132,0.2014458,0.5661418,0.6848218,0.18443,0.5170364,0.5828462,0.1982058,0.6408214,0.6110806,0.183208,0.5473952,0.6330746,0.187749,0.76081,0.6874304,0.176474,0.6608694,0.691778,0.6489362,0.1895648,0.4536898,0.6786966,0.2020946,0.6998838,0.659653,0.2079148,0.6012504,0.6709392,0.199637,0.3799646,0.664177,0.170392,0.7914526,0.678116,0.1983552
0.5373276,0.725564,0.201927,0.7813998,0.5456252,0.216525,0.575822,0.5899686,0.1878764,0.6461864,0.7052908,0.2141982,0.5767962,0.5962276,0.1892898,0.5304164,0.6801878,0.181987,0.530471,0.5779052,0.1960782,0.5996142,0.6755312,0.2076842,0.5160268,0.6333214,0.1856286,0.6474426,0.6845668,0.198383,0.6661032,0.6373406,0.1780308,0.5069316,0.6539348,0.1675018,0.6314582,0.7243848,0.1860996,0.625196,0.679419,0.1800426,0.652488,0.6417196,0.1977282,0.633532,0.7017302,0.1998008,0.5754568,0.6729088,0.1569564,0.5703934,0.671601,0.190547,0.5003486,0.688356,0.2012384,0.5689532,0.682034,0.18496,0.5206958,0.5896154,0.1997642,0.6456038,0.610378,0.1844838,0.5564754,0.6320304,0.1888994,0.7759256,0.6955026,0.1771952,0.6498826,0.688444,0.6536324,0.192416,0.4597876,0.6805184,0.2026124,0.6994472,0.6584108,0.2100836,0.6089896,0.6815826,0.2008292,0.3837682,0.6621342,0.169962,0.7834936,0.6769162,0.2002078
0.5394844,0.7255964,0.2042868,0.7740602,0.5423286,0.2193882,0.5699294,0.5844352,0.1878856,0.6333492,0.7053754,0.2160894,0.5766386,0.5949262,0.1897446,0.5327346,0.6802248,0.1809388,0.5347576,0.5827426,0.1963994,0.6002726,0.6842226,0.2082514,0.5227572,0.6412472,0.1863174,0.6570316,0.680386,0.1998136,0.660522,0.6436268,0.1777252,0.5101034,0.6531666,0.1677458,0.6383278,0.7277586,0.185532,0.6376936,0.679392,0.1795892,0.6540234,0.6401906,0.1969308,0.6348234,0.7020164,0.2010172,0.5880922,0.678469,0.1586482,0.5805148,0.6686524,0.1914538,0.5123868,0.6856794,0.200017,0.576186,0.6844606,0.1852682,0.5219302,0.5932914,0.2023502,0.6433666,0.6084372,0.1859726,0.5626178,0.630743,0.1929484,0.7810876,0.6911954,0.1784922,0.6641376,0.685859,0.6491736,0.1921618,0.4573894,0.6741568,0.2030644,0.702854,0.6567584,0.2093216,0.6065978,0.6790316,0.1996386,0.38738,0.6640546,0.17131,0.782255,0.6743492,0.1996374
0.5417502,0.7248306,0.2061804,0.7720996,0.5347702,0.2188962,0.5614706,0.5837888,0.1882556,0.6411896,0.703336,0.216628,0.58439,0.5968228,0.1885438,0.5319546,0.6780574,0.1811324,0.5333496,0.579894,0.1973964,0.599777,0.6818804,0.207659,0.5250194,0.6416984,0.1874362,0.6693728,0.6773084,0.2016406,0.66183,0.6374002,0.1782896,0.5081094,0.648179,0.1692126,0.6494448,0.7239562,0.1873982,0.6411082,0.6859544,0.1797408,0.6592886,0.6434076,0.197381,0.6399968,0.7060232,0.2018166,0.5985044,0.678165,0.1581574,0.5817568,0.6647148,0.1904614,0.5084936,0.6900348,0.2013802,0.5700528,0.6867842,0.1860092,0.5276044,0.5935404,0.2034356,0.6377728,0.6051342,0.1882018,0.565715,0.6261778,0.1929272,0.7786388,0.6928192,0.1807982,0.6521858,0.6863844,0.6489814,0.1916406,0.4597436,0.67251,0.2034102,0.7094866,0.6485402,0.2095316,0.6157302,0.6837022,0.1985676,0.3940468,0.6565288,0.1713238,0.786983,0.672345,0.2016748
0.5470242,0.7230674,0.2049602,0.7751422,0.535399,0.218673,0.5566382,0.5836724,0.1894878,0.6464572,0.698931,0.2157986,0.5921646,0.598493,0.1862766,0.5341406,0.6797422,0.1830648,0.5334828,0.579352,0.197498,0.6044376,0.6785448,0.2078048,0.524718,0.642352,0.1868192,0.6766078,0.6816218,0.2026178,0.6512178,0.6391496,0.1778016,0.5041088,0.6476098,0.1712716,0.6361396,0.7202396,0.1888774,0.6521614,0.6837696,0.178653,0.6647064,0.6421582,0.1957234,0.6381482,0.7163786,0.2033062,0.592528,0.6754374,0.1592986,0.5829832,0.6649708,0.1917456,0.5032983,0.6877312,0.2031824,0.5772482,0.6831424,0.185894,0.5378588,0.593579,0.2039426,0.639076,0.597258,0.1884958,0.571642,0.6262802,0.1950992,0.7768442,0.6925602,0.1803848,0.6553744,0.6841874,0.6504308,0.1941566,0.4630394,0.6700354,0.20473,0.7075494,0.644947,0.209226,0.6208998,0.6840836,0.1985488,0.3929116,0.6503868,0.1733482,0.7891114,0.670102,0.203894
0.550435,0.7182918,0.204338,0.7702212,0.5348908,0.2186788,0.5663278,0.5834034,0.1915736,0.654335,0.6981564,0.216468,0.5904694,0.5951896,0.1867648,0.542272,0.678166,0.1829784,0.5365118,0.5740418,0.1990854,0.6060526,0.6800656,0.2093348,0.5241538,0.6377566,0.1892048,0.6779154,0.6752828,0.2040158,0.6723328,0.639103,0.1777448,0.507318,0.6468892,0.1724968,0.6341356,0.7159934,0.189532,0.6466994,0.6847024,0.1795704,0.6725882,0.6389108,0.1972196,0.6405908,0.7141324,0.202311,0.5844546,0.6648346,0.1617538,0.578564,0.6648342,0.1913668,0.5114512,0.6851534,0.203967,0.5856036,0.6804512,0.1850698,0.54472,0.5915114,0.205047,0.6375202,0.599036,0.1884222,0.5745816,0.6189068,0.195832,0.7679452,0.6974084,0.181571,0.6570206,0.6863238,0.6549398,0.1954228,0.462047,0.665712,0.20449,0.717265,0.6447556,0.2097846,0.6305656,0.6862896,0.1989652,0.3862446,0.647526,0.172825,0.7957884,0.6721456,0.2074412
0.5459972,0.7127828,0.2048262,0.7738644,0.5398528,0.2188848,0.5699634,0.5843116,0.1915004,0.6563704,0.6946616,0.21555,0.5927688,0.5906082,0.1878938,0.5399326,0.6738392,0.18478,0.5379668,0.5729914,0.1979008,0.604824,0.6761388,0.2109622,0.5243126,0.6426148,0.1888398,0.6724016,0.673182,0.2057164,0.67226,0.641562,0.1789972,0.5137956,0.6417016,0.1725748,0.6341898,0.714247,0.1880488,0.6521276,0.6813588,0.1797778,0.6709736,0.6382674,0.1963348,0.6460184,0.7152134,0.202459,0.5936258,0.6745794,0.162461,0.5806602,0.6610622,0.1910404,0.5163454,0.6803282,0.202151,0.5804302,0.6830692,0.1858406,0.5481036,0.597278,0.2033418,0.6427336,0.5930194,0.1894668,0.587725,0.6203368,0.1991682,0.762206,0.6964078,0.1843336,0.6587862,0.683057,0.6525896,0.195486,0.4604832,0.6650108,0.2038364,0.7151672,0.6438028,0.2112154,0.641557,0.6902318,0.1976768,0.3903698,0.6523376,0.1738346,0.7893514,0.673472,0.2080704
0.5476656,0.709325,0.205488,0.7767938,0.5372572,0.221238,0.5731232,0.5891166,0.1926602,0.6596346,0.689408,0.214427,0.5925424,0.592215,0.1884002,0.543562,0.674543,0.1867514,0.5459392,0.57301,0.2012374,0.605394,0.6723604,0.2117656,0.5295247,0.6440414,0.1892494,0.67892,0.6713496,0.2083372,0.6740524,0.6408344,0.1804552,0.5138484,0.6397654,0.1734916,0.6498324,0.7103552,0.1871266,0.6454182,0.6867666,0.1799654,0.6830658,0.6395388,0.1968144,0.6488596,0.716351,0.2024138,0.6088456,0.6735442,0.1647848,0.5919256,0.6631818,0.1913446,0.5168414,0.6770186,0.2029336,0.5811308,0.6858788,0.1858346,0.5513212,0.6041676,0.2039202,0.6493818,0.5953342,0.1899094,0.5791998,0.6185108,0.1976786,0.7694202,0.6975482,0.1834958,0.6581804,0.6846922,0.6502386,0.1961438,0.457909,0.6651994,0.2034094,0.7037778,0.6418402,0.2089986,0.6429146,0.6903944,0.1948794,0.3874478,0.6501884,0.1733518,0.7972744,0.6685232,0.2075608
0.5550104,0.7078956,0.2053624,0.7785446,0.5374662,0.2204282,0.5761242,0.5921524,0.1937152,0.6683956,0.689204,0.2140188,0.5843494,0.588397,0.188064,0.5486408,0.6725794,0.1879468,0.5506862,0.5759078,0.201986,0.5972538,0.6810846,0.210162,0.5378139,0.6451818,0.1883532,0.6879946,0.669012,0.2085788,0.6644566,0.64046,0.1798342,0.5127536,0.6378004,0.1710618,0.6550026,0.7084458,0.1885044,0.6546364,0.684037,0.1806302,0.6788548,0.6341924,0.1971788,0.6559742,0.716344,0.202902,0.6053068,0.6734394,0.1659172,0.5885252,0.6553992,0.1905552,0.5215632,0.680961,0.2037602,0.5858836,0.68556,0.1860124,0.5510172,0.6064404,0.203876,0.6412738,0.5955236,0.1869894,0.5788482,0.6146204,0.201328,0.7652754,0.7001826,0.1829586,0.6665154,0.6817424,0.6600862,0.1971548,0.4581992,0.6661932,0.2037702,0.7120926,0.639768,0.210485,0.6404518,0.691563,0.1948642,0.3894348,0.6467506,0.1731806,0.793829,0.667001,0.2093694
0.5552322,0.7048058,0.2055068,0.7767636,0.5450472,0.2191404,0.5753402,0.5900946,0.1919642,0.6747188,0.682866,0.2108596,0.5898798,0.5872046,0.1899588,0.5487828,0.667191,0.187232,0.5399112,0.5717246,0.2039588,0.6104008,0.6742376,0.2080206,0.5392981,0.6474732,0.1885968,0.6893134,0.6660564,0.2076528,0.67262,0.6434132,0.18074,0.5120196,0.6317828,0.1738886,0.6455422,0.7073172,0.1883346,0.6466974,0.6832038,0.1803618,0.677863,0.6322296,0.1973174,0.6500994,0.7175168,0.2023396,0.6095586,0.6744112,0.1666094,0.5856206,0.6490568,0.1912332,0.5249208,0.6779858,0.2021146,0.5767084,0.6912468,0.1852856,0.5611892,0.6035142,0.2036784,0.6394616,0.5927946,0.1869648,0.58272,0.6122106,0.2022086,0.789821,0.7080246,0.183459,0.669804,0.6790318,0.6626214,0.1978674,0.4618672,0.662437,0.203382,0.7103408,0.6347778,0.210977,0.6468562,0.6933006,0.1934362,0.3884416,0.6461008,0.1730334,0.803526,0.6704346,0.2076334
0.55865,0.7043846,0.205478,0.7733188,0.5500272,0.2186236,0.5790646,0.5883234,0.1922746,0.6784558,0.6829788,0.212955,0.5812878,0.5885104,0.1898694,0.5531124,0.6656382,0.1878538,0.553242,0.5675866,0.204843,0.6169372,0.6743908,0.2095082,0.5392631,0.6488558,0.1892532,0.6940328,0.662176,0.208603,0.679,0.6397834,0.1790748,0.5052042,0.6268942,0.1741404,0.6389824,0.7047972,0.188687,0.641564,0.6840168,0.1807,0.6756656,0.6276536,0.1958728,0.6538116,0.7250794,0.2010758,0.6131502,0.675685,0.1665716,0.5841168,0.6431488,0.1918384,0.5313306,0.6776482,0.2011954,0.5809604,0.6906694,0.1861426,0.5586754,0.6021426,0.2025926,0.636189,0.5930464,0.1859918,0.5891206,0.611865,0.2023064,0.7808018,0.7064198,0.1861294,0.6751086,0.6787998,0.6642594,0.197828,0.4591702,0.6628116,0.2018606,0.7111878,0.6378504,0.2124464,0.651748,0.6994996,0.1904992,0.3900828,0.6429742,0.1728128,0.80224,0.6700862,0.206971
0.5598872,0.6986862,0.208627,0.7830646,0.5448286,0.2180832,0.5802062,0.5922946,0.191304,0.6785756,0.6758136,0.2096346,0.5854868,0.5837256,0.190968,0.5564152,0.6631318,0.1888,0.5539374,0.565405,0.2071478,0.6229772,0.6724654,0.2084276,0.5373475,0.646753,0.189649,0.6973768,0.662785,0.208688,0.6815762,0.6365674,0.1792592,0.5160144,0.6258958,0.17574,0.6321526,0.7073602,0.1880992,0.6489294,0.6855726,0.180442,0.6730732,0.6338046,0.196686,0.654038,0.724678,0.200834,0.612246,0.667359,0.1675922,0.5846622,0.646542,0.1924222,0.5278148,0.6775386,0.2009202,0.5762996,0.6946368,0.1864362,0.5590678,0.6030794,0.202451,0.6436422,0.5903226,0.1865414,0.5728924,0.6127708,0.204486,0.789442,0.7060718,0.1859834,0.6765984,0.678372,0.6647948,0.197722,0.459336,0.6608684,0.2018606,0.7160328,0.6361782,0.2135542,0.6512762,0.7012886,0.1916824,0.3913212,0.6330468,0.17463,0.8006884,0.6695818,0.2064434
0.5585732,0.7013888,0.2116766,0.7908556,0.551325,0.2174214,0.5833696,0.5892326,0.1913428,0.6721562,0.6799766,0.2114672,0.59945,0.5832058,0.1896218,0.5538964,0.6649248,0.1890878,0.5584552,0.563741,0.2075168,0.6130464,0.668057,0.206119,0.5340932,0.6471194,0.1903686,0.695165,0.6640638,0.2111508,0.6936038,0.6387298,0.179844,0.514838,0.6246732,0.1755334,0.6252732,0.706356,0.1881272,0.6482792,0.6816892,0.1801626,0.679555,0.630746,0.1962766,0.6486138,0.7216762,0.2006798,0.6187856,0.6787478,0.1683992,0.5833062,0.649877,0.1947384,0.5353554,0.6752356,0.2020894,0.5833016,0.689824,0.1845664,0.5668536,0.6026792,0.203382,0.6582234,0.5889576,0.1856756,0.5676432,0.611137,0.2016132,0.7803768,0.7053984,0.1854364,0.66558,0.6768196,0.6638424,0.1974558,0.4595176,0.6568968,0.2032404,0.710093,0.63061,0.2131676,0.6714406,0.7016698,0.189544,0.386611,0.63151,0.176224,0.8051434,0.6700914,0.2076086
0.562146,0.6970508,0.2113968,0.7719464,0.5526042,0.216297,0.5903362,0.5861436,0.1911882,0.665319,0.67482,0.210868,0.5944092,0.5800548,0.1892654,0.547419,0.655759,0.1889406,0.5560906,0.5650864,0.2080404,0.6081662,0.675553,0.2063566,0.545886,0.6471342,0.1908428,0.6915486,0.6659238,0.2125964,0.7064778,0.6420088,0.1795384,0.5149082,0.6232554,0.1756384,0.6337038,0.7032044,0.189497,0.6535878,0.6816234,0.179344,0.6843248,0.629562,0.197878,0.6415366,0.7218214,0.2017994,0.6190036,0.6737964,0.1697036,0.5845792,0.6457738,0.1983906,0.5369596,0.6713274,0.2010302,0.5763706,0.6920054,0.1836802,0.5775126,0.6023422,0.2027284,0.6513464,0.5827174,0.1857872,0.5822974,0.6130234,0.1994054,0.7793796,0.707973,0.187112,0.656482,0.6728882,0.6709172,0.197861,0.461398,0.6589784,0.20316,0.7263834,0.630564,0.2144034,0.6564172,0.707157,0.1892182,0.3884382,0.6292088,0.1768424,0.7932234,0.6718512,0.2081078
0.5631,0.6965194,0.2091934,0.7730294,0.55277,0.2176928,0.5898486,0.5832184,0.1907538,0.682345,0.6757736,0.207709,0.5971816,0.5762942,0.1887856,0.5462984,0.6550128,0.1902604,0.5525264,0.5638962,0.206747,0.6127622,0.6697576,0.2077298,0.5443934,0.6558628,0.1915468,0.6793378,0.6619648,0.2136576,0.699162,0.6431176,0.1792324,0.5156696,0.619226,0.1748244,0.6391158,0.7008102,0.186706,0.6572976,0.684403,0.1793466,0.6956282,0.628042,0.1991008,0.6435346,0.7184194,0.2016476,0.616758,0.6712896,0.1709858,0.589148,0.6441454,0.1989098,0.5360752,0.675113,0.1989626,0.5773044,0.6942884,0.1835618,0.5863846,0.5995176,0.2024326,0.6435982,0.5757816,0.1850202,0.5829276,0.6069476,0.2042584,0.7817272,0.708285,0.1851818,0.664006,0.676083,0.6741642,0.1961938,0.4632802,0.6544602,0.202743,0.7242274,0.6262898,0.213662,0.6654668,0.7028912,0.1886986,0.3889562,0.6226992,0.175426,0.8023992,0.664501,0.209632
0.5618818,0.7018574,0.2098322,0.7780094,0.552814,0.2173556,0.588333,0.5813948,0.1889012,0.6747072,0.6768218,0.2101858,0.6020568,0.5707742,0.1880606,0.5419858,0.6479642,0.1906598,0.5511406,0.5640318,0.2054468,0.6179554,0.6652652,0.2080548,0.5389334,0.6557538,0.1900886,0.6737368,0.6641158,0.2133284,0.6992888,0.639275,0.1804654,0.5183378,0.6181446,0.1735336,0.6480544,0.7032014,0.1845846,0.6482766,0.6904408,0.1800438,0.694123,0.6319442,0.1991048,0.6439654,0.7175756,0.2022738,0.6069808,0.670925,0.1692578,0.589726,0.6437932,0.1994288,0.537219,0.6795302,0.1989868,0.5859208,0.699215,0.1820642,0.5873354,0.6018416,0.2022904,0.6371922,0.5756936,0.1843472,0.5926388,0.6045494,0.203337,0.7867748,0.708066,0.1843072,0.664529,0.6741776,0.6791864,0.19587,0.4651326,0.6497818,0.201302,0.717619,0.6275934,0.2137744,0.6689956,0.7008296,0.18688,0.388836,0.6182716,0.174109,0.797564,0.6638968,0.2101304
0.5647292,0.7034284,0.2080692,0.7717308,0.5535086,0.2173768,0.5870012,0.5865728,0.1890678,0.676322,0.6705886,0.210034,0.6089368,0.5705108,0.1886276,0.5514078,0.6496756,0.19046,0.563374,0.5575588,0.2063398,0.618111,0.6755644,0.2075252,0.540491,0.6576816,0.1889556,0.6770312,0.6615828,0.214956,0.7027122,0.640665,0.1815724,0.5223034,0.6111348,0.1749652,0.6358466,0.6983124,0.1846412,0.657654,0.691301,0.1798164,0.6969878,0.6324266,0.1985278,0.6437012,0.7170656,0.20193,0.6088884,0.671253,0.1716148,0.5909096,0.6447206,0.200653,0.537436,0.6757638,0.1988202,0.5872796,0.6967018,0.1816388,0.590322,0.6017654,0.20162,0.6385114,0.5766664,0.1861144,0.5890852,0.6103708,0.2027226,0.784139,0.7111256,0.1839492,0.666975,0.670358,0.67429,0.1943594,0.4683264,0.648578,0.200375,0.7183956,0.6242668,0.2127964,0.6680856,0.7102158,0.1855982,0.389174,0.617931,0.1750692,0.7988246,0.6651256,0.2103392
0.5569002,0.7011244,0.209517,0.7710756,0.554011,0.217626,0.5792872,0.5922234,0.189992,0.6811254,0.6668064,0.2124568,0.60745,0.5727452,0.1915148,0.5607796,0.6468432,0.1901672,0.5584482,0.5550958,0.206128,0.6191592,0.6828796,0.207648,0.5437406,0.6566018,0.1874172,0.6733954,0.6590932,0.215827,0.6998166,0.6384364,0.1810828,0.5266276,0.610492,0.1768926,0.6294264,0.6980288,0.1826028,0.6530686,0.6882746,0.1804814,0.7044288,0.629409,0.1986754,0.646521,0.7188104,0.2031448,0.6048858,0.6695442,0.1730374,0.5959688,0.6481824,0.2018418,0.5383814,0.6746082,0.1992814,0.583582,0.7036816,0.1816906,0.5894428,0.6045628,0.1991034,0.6397974,0.576604,0.1858962,0.5941382,0.6113166,0.2032306,0.7701352,0.7134258,0.1855294,0.6687192,0.6680094,0.6764028,0.1926774,0.4625094,0.6524036,0.2029836,0.7178872,0.6219466,0.212136,0.662802,0.7089554,0.1869374,0.3855882,0.6187486,0.1764024,0.8058242,0.6658356,0.2115508
0.5576378,0.7033126,0.2102538,0.772949,0.5520884,0.2178698,0.591751,0.5886574,0.188611,0.6778834,0.6691136,0.2118968,0.5961994,0.5737238,0.1906246,0.5597062,0.6415226,0.190521,0.5604512,0.5574354,0.2052876,0.6028176,0.6777194,0.2096002,0.5410008,0.657994,0.186434,0.6784392,0.6589086,0.2165928,0.69795,0.6408902,0.1800368,0.528848,0.607584,0.177595,0.644509,0.7025002,0.1830726,0.6553476,0.6886512,0.1793258,0.7119888,0.6318382,0.1980318,0.6484414,0.720058,0.20282,0.6147444,0.6697932,0.17163,0.5956178,0.6478454,0.2013258,0.5409448,0.6755532,0.1972488,0.580144,0.7036284,0.1789684,0.5869272,0.6067942,0.198899,0.642701,0.568596,0.1843676,0.6007872,0.6071582,0.205292,0.7789482,0.7069112,0.1850458,0.6750172,0.663082,0.6707782,0.1903498,0.4637228,0.6496032,0.2021486,0.7231232,0.6184276,0.213485,0.66403,0.7040306,0.1858988,0.3813818,0.6163376,0.1767094,0.8015934,0.666802,0.2124774
0.563558,0.7138034,0.2104456,0.7741372,0.5511678,0.2159842,0.5887202,0.5887706,0.1890818,0.672531,0.6673028,0.2136036,0.606546,0.5694912,0.190025,0.5648982,0.6364788,0.1909974,0.5579856,0.5587626,0.205314,0.6149136,0.6743406,0.2077442,0.5410802,0.6584742,0.1846508,0.6895046,0.6560912,0.2138336,0.7045624,0.6410382,0.1790724,0.5341626,0.6005048,0.178197,0.6493604,0.709628,0.1815948,0.6609978,0.6925988,0.1783078,0.7029468,0.6278724,0.1983964,0.6554638,0.7219196,0.203635,0.615259,0.6688508,0.1724998,0.5972008,0.6521554,0.2028128,0.534675,0.668242,0.1953082,0.5862364,0.698926,0.1784888,0.5895398,0.6074258,0.1968438,0.6506442,0.5620994,0.186003,0.5897694,0.5991526,0.2068012,0.7828052,0.7071514,0.1844844,0.7093394,0.6658616,0.6754602,0.1887746,0.4581234,0.6461564,0.2007264,0.7205044,0.6161572,0.2146762,0.6762684,0.7091056,0.1843714,0.3790078,0.6190864,0.176405,0.807308,0.662656,0.2143394
0.5653006,0.7150194,0.2091626,0.7707724,0.5470582,0.21745,0.5950618,0.586905,0.1888086,0.6730708,0.663673,0.2112638,0.6080156,0.5663574,0.1885836,0.5686416,0.637472,0.190437,0.566892,0.555146,0.2066726,0.618747,0.6678482,0.207672,0.5406926,0.6535358,0.1843134,0.680957,0.655621,0.214113,0.7146978,0.6370014,0.178223,0.5367796,0.6013598,0.1787304,0.6420094,0.7091512,0.1809722,0.6565174,0.6838168,0.1786458,0.698244,0.622444,0.1976978,0.661465,0.719317,0.20376,0.6099812,0.6673702,0.175133,0.601661,0.65355,0.2022392,0.5470556,0.6622944,0.1945238,0.5852482,0.6991232,0.179588,0.5971232,0.608088,0.196427,0.6483758,0.5640028,0.184151,0.6004956,0.6039002,0.2080444,0.7753436,0.7161204,0.184551,0.7066904,0.6671432,0.6727388,0.1904608,0.4599686,0.6426706,0.1998398,0.7190072,0.611035,0.2156746,0.6778792,0.7125068,0.1840194,0.3797286,0.6193494,0.1756834,0.798271,0.6624212,0.2119866
0.5672324,0.715735,0.2082116,0.7915566,0.5436008,0.2174946,0.5916908,0.5910258,0.188582,0.6660996,0.6532074,0.2130242,0.6035596,0.565601,0.1893268,0.5706468,0.6318754,0.1900234,0.564306,0.5538014,0.2084912,0.6119942,0.6800052,0.2103174,0.539334,0.6497974,0.1848108,0.6922074,0.6502858,0.213258,0.7086118,0.6336546,0.1793042,0.5383904,0.5967022,0.1776086,0.6317308,0.7137064,0.1808414,0.667186,0.6871444,0.1798588,0.7090758,0.6200334,0.1976478,0.6637292,0.7210838,0.2038574,0.6018738,0.6688348,0.1750886,0.6040534,0.6420692,0.2007324,0.5407562,0.662719,0.1943234,0.5878046,0.7043178,0.1803416,0.6111114,0.6010472,0.1940054,0.645616,0.5656102,0.183508,0.602708,0.6035844,0.2080106,0.7849168,0.7162386,0.1857668,0.714875,0.6634284,0.6674556,0.1901876,0.4625964,0.6439804,0.2006278,0.727954,0.6095366,0.2161146,0.6771298,0.715131,0.184499,0.3828532,0.6189448,0.1812538,0.8037404,0.6595212,0.2111566
0.561465,0.7193998,0.2085956,0.7893434,0.5414062,0.2170086,0.5964922,0.5912606,0.1885052,0.6807538,0.6512694,0.2101016,0.6065018,0.5624764,0.1878896,0.5687364,0.6289794,0.1885698,0.5737474,0.5487844,0.209328,0.6053468,0.684661,0.2147988,0.5482026,0.6475432,0.1844286,0.6931398,0.6498096,0.2146326,0.7155402,0.6336804,0.1770488,0.541034,0.5978614,0.178492,0.6297562,0.7174822,0.1804232,0.664857,0.684611,0.1808712,0.7111782,0.617058,0.1950006,0.6640292,0.723841,0.2040694,0.5941364,0.6596542,0.17606,0.6026542,0.6411488,0.1996722,0.5413092,0.6595742,0.1963018,0.5865428,0.7019464,0.1794898,0.5989966,0.6049934,0.1947872,0.652513,0.5652044,0.1824778,0.6022688,0.6017084,0.2083558,0.7834238,0.7138984,0.1858236,0.7212582,0.6615732,0.6649076,0.1897012,0.4629896,0.6437642,0.2013548,0.7242952,0.6095016,0.2174022,0.680709,0.7131982,0.1838266,0.3784186,0.6228794,0.1817006,0.7950374,0.6538044,0.2112888
0.5654418,0.7220208,0.2086882,0.797884,0.5417312,0.2155034,0.5962916,0.5875728,0.187059,0.68305,0.6437596,0.2178384,0.6076042,0.5649412,0.1870374,0.5654122,0.624295,0.1888124,0.5661042,0.5442864,0.2098422,0.6150598,0.6815002,0.2153296,0.5442338,0.6416004,0.1832686,0.6856502,0.645387,0.2139546,0.7237266,0.626045,0.1753808,0.547398,0.595748,0.1795012,0.6383954,0.713059,0.1794202,0.6577488,0.68097,0.180452,0.707403,0.6173356,0.1930022,0.6660898,0.7250846,0.2040906,0.6088454,0.661718,0.17419,0.6019242,0.6435454,0.1991172,0.5350144,0.6552982,0.1971228,0.5765766,0.699701,0.1786758,0.6000572,0.6012214,0.1955574,0.6472902,0.5599704,0.1820144,0.606859,0.5984438,0.2074436,0.7716508,0.7167486,0.1846976,0.7206838,0.6627396,0.669633,0.1895738,0.4629152,0.6377538,0.2034428,0.7257354,0.6063784,0.2168138,0.695224,0.7060206,0.1819322,0.3817764,0.6283522,0.181459,0.7910144,0.6467148,0.2112884
0.565955,0.724813,0.2090832,0.8108898,0.5423012,0.2175322,0.5962324,0.5884568,0.189424,0.6860396,0.6444878,0.2167746,0.6092614,0.5616546,0.1862808,0.5680922,0.626734,0.190433,0.566272,0.5484878,0.2076552,0.6118032,0.678166,0.2143176,0.546272,0.6418322,0.1819346,0.6743682,0.6425602,0.2149196,0.7177662,0.6222164,0.1769926,0.5452978,0.5878142,0.1810514,0.6396022,0.7196576,0.1801962,0.6608714,0.6809662,0.1786426,0.7054748,0.6198168,0.1928432,0.6530632,0.7204192,0.2044058,0.605657,0.6587656,0.174544,0.5999598,0.6438284,0.1990378,0.5371022,0.6575966,0.1994848,0.579145,0.702353,0.1800792,0.5875464,0.6028958,0.1974494,0.6480298,0.5604328,0.1812454,0.6100734,0.594482,0.2079202,0.7789778,0.713669,0.184246,0.7407372,0.6639312,0.6675574,0.1893252,0.4656318,0.6384934,0.2029608,0.721329,0.604177,0.2162354,0.7005044,0.7077298,0.181436,0.383216,0.6271232,0.1826014,0.7981574,0.6469366,0.2099216
0.5709104,0.7244488,0.2105326,0.8171232,0.5412588,0.217464,0.598231,0.5865532,0.1890816,0.6959652,0.646974,0.2166654,0.6034408,0.5584284,0.1875852,0.5704702,0.624812,0.1908988,0.5694456,0.5562458,0.2072288,0.6161734,0.6753096,0.2139536,0.540939,0.6391646,0.1813062,0.6631824,0.64464,0.2144546,0.6989892,0.6247586,0.1756724,0.551223,0.587628,0.1808898,0.6325188,0.7183122,0.1826352,0.6592944,0.6808918,0.1786268,0.7107162,0.6153312,0.1924384,0.6503172,0.71721,0.2042922,0.608599,0.660652,0.1737844,0.5969116,0.6501972,0.1982404,0.5403074,0.6598468,0.2021532,0.5909176,0.7047436,0.1807064,0.5733274,0.6039258,0.1966366,0.6471984,0.5622058,0.1816468,0.6053488,0.5938116,0.2077444,0.7811548,0.7037086,0.1831894,0.7428958,0.657873,0.6693918,0.1876124,0.4667184,0.6395096,0.2060012,0.722633,0.6026036,0.2160418,0.7058404,0.7042126,0.1816094,0.3830784,0.631191,0.1824472,0.7999566,0.6468488,0.2088378
0.5640326,0.7272578,0.2124332,0.8240136,0.5386608,0.2161792,0.6004836,0.583432,0.188241,0.6906308,0.6412478,0.2251394,0.5994756,0.5535496,0.1880168,0.5669718,0.6203072,0.192591,0.566235,0.5545932,0.2076974,0.6159076,0.6716672,0.2158146,0.537978,0.63979,0.1821386,0.6652828,0.6498264,0.2170822,0.7099346,0.6278518,0.1754996,0.5565078,0.584657,0.1798476,0.6326818,0.7243084,0.1810424,0.6596012,0.6775098,0.1776448,0.7089234,0.6153258,0.1926682,0.6361678,0.717307,0.2044214,0.6114112,0.6664196,0.1723508,0.6011034,0.65333,0.1983794,0.5446974,0.6594158,0.2005444,0.5892646,0.7075602,0.1829726,0.5863824,0.5998622,0.1971958,0.6505688,0.563657,0.181786,0.6100598,0.5909682,0.2080968,0.7770148,0.712067,0.18106,0.7348256,0.6543216,0.6692372,0.1885314,0.4611132,0.6355826,0.2068846,0.7241232,0.5939648,0.2170574,0.70601,0.709781,0.1811918,0.3830178,0.628818,0.1833372,0.7977122,0.6474776,0.2088244
0.5642356,0.7263158,0.2115134,0.8422394,0.534985,0.2145154,0.609999,0.585965,0.1893098,0.6871092,0.6415988,0.2269716,0.6026454,0.5548962,0.1866262,0.5633158,0.6182116,0.1942474,0.5641036,0.555996,0.2076454,0.6126784,0.6769054,0.2154598,0.5398014,0.6336444,0.181667,0.6818002,0.6525554,0.2160746,0.7107566,0.6272388,0.1746818,0.5564302,0.5859642,0.1804234,0.6305846,0.7266738,0.1841574,0.6444792,0.6736808,0.1769272,0.7173698,0.6115288,0.192513,0.6409342,0.7184532,0.2050772,0.6065296,0.664697,0.173403,0.5975828,0.6572004,0.1989692,0.5532674,0.6619662,0.2022138,0.5814236,0.7043396,0.1835596,0.5838103,0.603708,0.2008612,0.6613272,0.569435,0.1827974,0.613072,0.5885816,0.2050926,0.7826972,0.7171152,0.1811656,0.7408866,0.6576798,0.6670922,0.1877286,0.4585232,0.6369478,0.2072262,0.7225566,0.5916726,0.2168506,0.7136852,0.7088022,0.1802862,0.3809974,0.6222638,0.182849,0.7976466,0.6446134,0.2093096
0.5570826,0.7226466,0.2104468,0.8522282,0.5325264,0.2163934,0.6197366,0.5809396,0.1898362,0.688163,0.6396146,0.2285144,0.600105,0.5526938,0.187175,0.5589388,0.6176456,0.193826,0.5678096,0.547824,0.206366,0.6174778,0.6770386,0.2144188,0.538564,0.6313676,0.1799826,0.6923684,0.6548652,0.2148314,0.722201,0.6284252,0.1752454,0.5532784,0.578741,0.1799548,0.624404,0.7263574,0.1851686,0.6454684,0.6733046,0.1774482,0.7154764,0.60909,0.1899728,0.6560442,0.7170178,0.203273,0.6127682,0.660895,0.1736642,0.5968434,0.6617232,0.1982768,0.5509188,0.6609206,0.2030444,0.585626,0.7015834,0.1832462,0.5897711,0.6038182,0.202279,0.6618696,0.5695746,0.18309,0.6114456,0.5869146,0.20567,0.7811562,0.722255,0.1826418,0.7452856,0.6556106,0.6656832,0.1875306,0.4605648,0.6327072,0.2069664,0.7327244,0.5863726,0.2163006,0.7024536,0.7065306,0.180193,0.377478,0.6226986,0.1845332,0.8035634,0.6405452,0.2084242
0.5615072,0.7217148,0.2098922,0.849255,0.537664,0.2139808,0.6058894,0.5801572,0.1911298,0.6872696,0.6407016,0.2263816,0.594297,0.555157,0.1868424,0.5564306,0.6139762,0.1931526,0.5683124,0.5482782,0.2052716,0.6159796,0.6798796,0.2195124,0.5294704,0.6243828,0.1804832,0.688127,0.662129,0.214456,0.709111,0.6242208,0.1770472,0.555769,0.5767096,0.1820628,0.6196222,0.7230152,0.1848656,0.6531298,0.6724278,0.177697,0.7193144,0.6031324,0.189543,0.6688914,0.7123344,0.2028326,0.6123776,0.6592546,0.1739816,0.5948188,0.6725928,0.2001878,0.550924,0.6579808,0.201583,0.5878394,0.7053398,0.185525,0.5889575,0.6065952,0.20385,0.6579808,0.5752338,0.1832844,0.611367,0.5836606,0.2061996,0.7785902,0.7174364,0.1824836,0.742956,0.648818,0.6696816,0.1872808,0.4597448,0.6268902,0.210368,0.7324666,0.5859478,0.2178006,0.701149,0.7064374,0.1799872,0.3758508,0.6220706,0.1875732,0.79492,0.6421132,0.2068502
0.5658308,0.719928,0.2102144,0.853576,0.5385182,0.2139628,0.6115752,0.5786622,0.1888838,0.6838708,0.638397,0.2274112,0.6058018,0.5520982,0.1863988,0.5582102,0.6160068,0.1932038,0.5820266,0.550459,0.2079654,0.6154966,0.6744664,0.2215936,0.5391328,0.6254826,0.1820352,0.6902428,0.6656654,0.2168278,0.7276402,0.6291752,0.1745664,0.5535504,0.5731076,0.1821584,0.622914,0.7258558,0.1837578,0.6383986,0.675051,0.17751,0.7293186,0.603595,0.1887868,0.6619968,0.7121036,0.2032834,0.6030038,0.6568424,0.1719216,0.5939598,0.6758914,0.200009,0.5497726,0.662019,0.2043186,0.58407,0.7053444,0.1854972,0.5820977,0.601034,0.2021588,0.6522576,0.5787962,0.1830276,0.6100902,0.5785994,0.2071376,0.7907988,0.720834,0.181824,0.7452446,0.645831,0.6690406,0.1861716,0.4613618,0.6189994,0.211445,0.7408696,0.5819894,0.2160554,0.7026854,0.7089514,0.1793794,0.3771756,0.6204502,0.1866812,0.801809,0.6365064,0.205214
0.5544008,0.7164164,0.2096994,0.8543386,0.5407502,0.2158952,0.6017168,0.5689516,0.1876748,0.6882172,0.6338304,0.224622,0.6019506,0.5504602,0.1846746,0.5557688,0.6141136,0.1931594,0.5743146,0.5487132,0.2071762,0.6053328,0.6801828,0.2257196,0.5399444,0.6221324,0.1810462,0.7056452,0.6690098,0.2166134,0.7487118,0.63456,0.174055,0.5516878,0.5700302,0.1804144,0.6161858,0.7228202,0.1823468,0.6338122,0.668951,0.1750486,0.719421,0.6022614,0.1898274,0.6687892,0.7148682,0.2028468,0.6103228,0.6538562,0.1728748,0.6040178,0.6780078,0.1989808,0.548436,0.6580612,0.2048826,0.5789658,0.7055648,0.1851358,0.5853619,0.6009332,0.2013908,0.6515422,0.5778642,0.1833142,0.6154092,0.5742104,0.2079522,0.7985482,0.7202498,0.181837,0.7446714,0.6430898,0.6684534,0.1858012,0.4550718,0.614527,0.2124604,0.7565526,0.5817686,0.2159284,0.7042236,0.7113978,0.1772802,0.377652,0.6195566,0.18583,0.807037,0.6328048,0.2048688
0.5558458,0.7147352,0.209806,0.8620942,0.5420826,0.2161992,0.5991408,0.5724328,0.1866128,0.6773334,0.6302446,0.2259212,0.5987984,0.554405,0.1851648,0.5586338,0.6110196,0.192373,0.5786458,0.5482278,0.2060388,0.618113,0.6773192,0.2239986,0.5372116,0.6213724,0.1802806,0.7034612,0.6701622,0.2168506,0.7596086,0.6308128,0.1738562,0.54711,0.5663688,0.1807504,0.6242574,0.7247996,0.1836562,0.6346026,0.6628502,0.1755592,0.7091794,0.5971548,0.1901446,0.662835,0.713566,0.2027968,0.603907,0.651919,0.1744664,0.6008012,0.6741148,0.198669,0.5549072,0.6588518,0.2031272,0.5780966,0.6970358,0.187113,0.5793013,0.6072674,0.2030312,0.6453632,0.5778756,0.1820348,0.6056238,0.5735184,0.2072838,0.7876738,0.7182076,0.1821464,0.7395862,0.641062,0.665506,0.1845562,0.45402,0.6119676,0.2130412,0.7675218,0.581756,0.2145968,0.7175892,0.7110072,0.1770602,0.3760424,0.61937,0.1893056,0.8014514,0.6321724,0.2041338
0.5560806,0.7081572,0.2088136,0.8652194,0.5362854,0.217442,0.6020578,0.5700304,0.1866076,0.6801662,0.626958,0.227273,0.5950498,0.55282,0.1845076,0.5602354,0.612889,0.1923574,0.5696884,0.54876,0.206274,0.6095062,0.6763566,0.227519,0.5344076,0.6215336,0.178863,0.704647,0.6724592,0.2163268,0.7638482,0.6292088,0.171763,0.5554204,0.565176,0.1786504,0.6272012,0.7266516,0.1861356,0.62939,0.6651152,0.1753348,0.720627,0.5953618,0.1886052,0.6711576,0.7129008,0.202307,0.5948132,0.6543454,0.1744568,0.5910294,0.676555,0.1984128,0.5581948,0.661242,0.2027956,0.581967,0.7031988,0.1873362,0.5831956,0.6019338,0.2028064,0.6568588,0.5779974,0.1810584,0.615896,0.572689,0.204515,0.775546,0.717184,0.1818808,0.7312572,0.6398438,0.6639278,0.1853546,0.455493,0.6098222,0.2127986,0.7735846,0.5803168,0.2145394,0.7092252,0.7097136,0.1760394,0.3768962,0.6193458,0.1896312,0.7958692,0.6309706,0.2038708
0.5560516,0.7020404,0.2090004,0.857722,0.5386438,0.2181436,0.6011704,0.5679954,0.1864016,0.6899518,0.619208,0.2292992,0.5903858,0.5592232,0.1833286,0.5580202,0.6067382,0.1912086,0.5674428,0.5470452,0.20421,0.6135066,0.6713698,0.2311584,0.5373928,0.6207064,0.1780942,0.693936,0.6742412,0.2172164,0.786149,0.630384,0.1722806,0.5513156,0.568376,0.1789284,0.6341326,0.726784,0.1875354,0.635833,0.6754142,0.1742586,0.7251894,0.5947094,0.1867798,0.672652,0.716004,0.2045644,0.5921434,0.6507616,0.1733486,0.5883466,0.6817092,0.1982384,0.5536216,0.6606084,0.2012738,0.5926484,0.6982982,0.187121,0.5823152,0.6036884,0.202502,0.6437284,0.5769302,0.1821044,0.618234,0.5698778,0.2043184,0.7766908,0.716889,0.1801166,0.723434,0.6391478,0.6646356,0.183279,0.4550694,0.611558,0.210664,0.796172,0.579236,0.2144748,0.7102962,0.7080414,0.1750178,0.3758474,0.6098862,0.1902824,0.803248,0.6314454,0.2024858
0.550782,0.7022088,0.2087576,0.8643104,0.5345762,0.2164738,0.6045352,0.564043,0.1855886,0.6966324,0.6159634,0.2260806,0.6026782,0.5635382,0.1812066,0.5616902,0.6045784,0.1901482,0.5652218,0.5510602,0.20474,0.62305,0.6753264,0.2335804,0.5375424,0.6190748,0.1775268,0.6961692,0.6775226,0.2166962,0.7901098,0.6276458,0.1719324,0.5495498,0.5712416,0.1786334,0.6306002,0.7293174,0.187577,0.6429884,0.691843,0.1739628,0.7195124,0.59096,0.1865748,0.6792884,0.7114178,0.2011728,0.6061668,0.6697762,0.1738064,0.5859408,0.680769,0.197822,0.5531046,0.653394,0.2005998,0.5842036,0.6949816,0.1880936,0.5738708,0.6017838,0.2029956,0.6544166,0.5833598,0.1798542,0.6076898,0.5684542,0.2064104,0.7809038,0.7176508,0.1798304,0.7223276,0.636056,0.658029,0.182975,0.4552856,0.6087588,0.2104614,0.7894478,0.5793306,0.2161654,0.6968596,0.705548,0.1742166,0.377331,0.6073514,0.1904956,0.8014432,0.6318528,0.2023992
0.55347,0.698974,0.2097566,0.8596678,0.534827,0.2174074,0.601216,0.5618016,0.1855508,0.6982076,0.611349,0.2259052,0.6051654,0.563281,0.1797748,0.5552564,0.5996644,0.1900458,0.5608602,0.5549654,0.2062238,0.6208892,0.6594854,0.2350276,0.5447932,0.617529,0.1781074,0.6950978,0.6756446,0.2174466,0.787821,0.6251412,0.1713064,0.5521534,0.568205,0.1776632,0.6256206,0.7274504,0.1872018,0.6445676,0.69654,0.1728534,0.7258512,0.5876218,0.1868798,0.6773188,0.7147056,0.201387,0.6033368,0.6771254,0.1740986,0.5845378,0.680607,0.1971908,0.5486568,0.6517798,0.2004138,0.587549,0.697892,0.188359,0.5653834,0.603656,0.2032736,0.6594576,0.5815478,0.1801336,0.6115886,0.5633318,0.2080564,0.7846374,0.7240058,0.1791578,0.7278762,0.6380132,0.6547216,0.1826244,0.4564118,0.6032356,0.209441,0.7968212,0.5796834,0.214946,0.7109716,0.705476,0.1727506,0.3801966,0.6073518,0.189845,0.8047624,0.6291834,0.2036508
0.5510836,0.6934252,0.2131428,0.8557674,0.5292108,0.2159052,0.6042248,0.5582854,0.1842428,0.6953924,0.6098284,0.2246648,0.6009876,0.5611002,0.1798056,0.561625,0.6015856,0.188773,0.5629299,0.5520626,0.2038928,0.6198218,0.656955,0.23532,0.5389344,0.6191224,0.1798276,0.6968682,0.6788532,0.2166042,0.796905,0.624516,0.1705652,0.5427628,0.5702408,0.178183,0.6299418,0.7272372,0.186683,0.650437,0.7008522,0.1720316,0.7222878,0.5881392,0.1840046,0.681502,0.7147862,0.2026522,0.5976686,0.6850802,0.172695,0.587946,0.6796618,0.1957404,0.5460194,0.6453398,0.2009884,0.5787034,0.69278,0.1886986,0.5681414,0.6002952,0.2014844,0.675167,0.5805008,0.1809018,0.6197784,0.5616368,0.208084,0.7800714,0.7188124,0.179409,0.7272052,0.6379812,0.6509652,0.1818918,0.4533222,0.59907,0.209585,0.8024968,0.5771768,0.2158492,0.7265644,0.7057004,0.1714914,0.3762308,0.6048082,0.1916046,0.8091282,0.6278976,0.2033488
0.542898,0.6946362,0.214996,0.8469694,0.5287982,0.2155362,0.5944182,0.5575912,0.1827626,0.7112238,0.6056202,0.22521,0.6064004,0.5622698,0.1835292,0.5624954,0.6032868,0.187839,0.5685908,0.5464728,0.203448,0.635962,0.6486506,0.2348562,0.543003,0.6230058,0.1785482,0.702097,0.673481,0.2168706,0.8056098,0.6206176,0.170957,0.5474174,0.5775378,0.1783092,0.617487,0.7283838,0.1891658,0.6480938,0.7051432,0.1722796,0.7320136,0.5888286,0.1842488,0.6747244,0.7109604,0.2031832,0.6024296,0.6970416,0.1716776,0.582088,0.6805158,0.1948308,0.5569248,0.6447978,0.2009924,0.5781904,0.6945034,0.1889506,0.577615,0.6045414,0.2013512,0.6634522,0.5811014,0.1805664,0.6177074,0.557619,0.2081104,0.7850626,0.7169142,0.177909,0.7342752,0.6383894,0.6427168,0.181539,0.455509,0.5963864,0.2087032,0.7990966,0.5690778,0.217148,0.7272802,0.7050018,0.1717222,0.3732966,0.6084112,0.1900168,0.8074716,0.6274824,0.2050874
0.5477082,0.690073,0.2176136,0.8502438,0.5304782,0.2159322,0.600165,0.5584472,0.1813884,0.6996534,0.5981918,0.2243912,0.6112806,0.5625166,0.1855306,0.5572816,0.597034,0.1861148,0.5725552,0.5460872,0.2015984,0.6382744,0.6557848,0.234443,0.534735,0.6166366,0.176801,0.7003404,0.6771674,0.217526,0.8121176,0.6199394,0.1710844,0.5477508,0.5798308,0.1784134,0.6229298,0.7250738,0.1890536,0.6414186,0.7055634,0.1706522,0.7237662,0.589476,0.1849144,0.6695586,0.711106,0.2054858,0.6000856,0.7053352,0.1721116,0.5832508,0.6758234,0.194552,0.559949,0.6423844,0.19981,0.5769706,0.6930014,0.1894902,0.5862396,0.6020504,0.2011488,0.6557902,0.5809996,0.1802696,0.6183096,0.5574578,0.207414,0.781207,0.7260596,0.1763986,0.7284046,0.6381212,0.6399868,0.1790226,0.4525882,0.5968984,0.2102576,0.8047768,0.5657082,0.2168304,0.7283594,0.7107554,0.1699834,0.3724512,0.6052686,0.1912094,0.8100482,0.627683,0.2045156
0.5523386,0.6948122,0.218475,0.8546254,0.5284318,0.2172928,0.6043544,0.5588068,0.1820074,0.7112218,0.6024886,0.2243452,0.6083056,0.56061,0.1869782,0.5541854,0.5933152,0.1854744,0.5818468,0.5423226,0.2024104,0.6519262,0.661547,0.235274,0.5342472,0.6186206,0.1788868,0.7076968,0.680945,0.2169782,0.8121646,0.6186642,0.1718534,0.5490732,0.5843292,0.177785,0.6182342,0.7245688,0.1872154,0.6432602,0.7176532,0.1700802,0.7222246,0.5855594,0.1853026,0.6721926,0.7137256,0.2037,0.6019254,0.7092522,0.1708196,0.5825174,0.6766272,0.1945808,0.5561682,0.639676,0.1993168,0.5832918,0.698103,0.1880376,0.5820262,0.606119,0.201252,0.6556636,0.5805482,0.1788558,0.6251786,0.5552892,0.2098374,0.7784102,0.7264988,0.1766154,0.7323364,0.6331708,0.63717,0.1785104,0.4560908,0.5984166,0.2115916,0.8106986,0.5581678,0.2180364,0.7479372,0.7085324,0.170177,0.371303,0.6052744,0.1894764,0.8011542,0.6271066,0.2031176
0.5501522,0.6914392,0.222026,0.8476008,0.5208594,0.2168654,0.6043616,0.5637912,0.1830116,0.708908,0.6065388,0.2255878,0.6055166,0.5582606,0.1890362,0.5563922,0.5936112,0.1856438,0.5908602,0.5434808,0.2017608,0.6623888,0.6574344,0.2362502,0.5454186,0.6203842,0.178688,0.7090252,0.6752894,0.2167808,0.8072498,0.6146216,0.1719248,0.5500292,0.586123,0.1773688,0.6156338,0.723774,0.1854734,0.651466,0.7198292,0.1698939,0.7201666,0.582091,0.1867188,0.6712042,0.7112558,0.2021738,0.5949152,0.7107914,0.1692124,0.5839888,0.6798758,0.193365,0.5544122,0.6338228,0.1994154,0.5897326,0.6976554,0.188792,0.5890752,0.6063982,0.2039474,0.6740122,0.5802568,0.1772748,0.621645,0.5596894,0.2087518,0.776742,0.723214,0.1785608,0.7384112,0.6311278,0.6317752,0.1769854,0.450742,0.6067974,0.2107996,0.8093026,0.559095,0.216551,0.751099,0.7138706,0.169013,0.3714462,0.6001488,0.1893008,0.800901,0.6216462,0.2027664
0.558043,0.6899558,0.223731,0.853992,0.523587,0.2184108,0.602704,0.5585294,0.1825156,0.7041234,0.6088556,0.2255126,0.5989274,0.5607082,0.1894708,0.5501508,0.591251,0.1863434,0.5899098,0.5432648,0.200508,0.6660702,0.6619988,0.2372478,0.5487548,0.6197494,0.1793586,0.6985172,0.6740254,0.2150328,0.8076486,0.6131364,0.171322,0.5568282,0.5922618,0.178169,0.621088,0.7249554,0.1865764,0.6388102,0.7236766,0.1707151,0.7254518,0.5779576,0.1889234,0.6698682,0.7142532,0.2032248,0.6000624,0.7176868,0.17048,0.5775944,0.6857382,0.194239,0.558891,0.6296146,0.2006988,0.5921968,0.6997574,0.1906436,0.5910996,0.6026528,0.2038162,0.68488,0.5766558,0.1781352,0.6159818,0.5558948,0.2062748,0.7768852,0.7281796,0.1770524,0.752016,0.635808,0.626851,0.1763872,0.4469218,0.6131466,0.2101592,0.8041436,0.5617994,0.2181752,0.76684,0.7164992,0.169041,0.3674188,0.6013158,0.1895702,0.789585,0.6173864,0.200151
0.5590206,0.689662,0.2257296,0.8521582,0.5223838,0.2173706,0.59459,0.551658,0.1814876,0.7021082,0.606307,0.2256154,0.604786,0.5597534,0.1900136,0.5528138,0.5839802,0.1845858,0.5981382,0.5467456,0.20255,0.6552874,0.6587916,0.237868,0.5462142,0.6253104,0.1796622,0.7058254,0.6719322,0.215829,0.8073822,0.6135518,0.173528,0.5479052,0.5890742,0.1797038,0.6194642,0.726632,0.1878512,0.637352,0.728618,0.1686657,0.7272136,0.579806,0.1895682,0.6611364,0.7123854,0.203129,0.6044022,0.7187792,0.169811,0.5837036,0.6894184,0.1940818,0.5487868,0.629949,0.1989496,0.5906934,0.703298,0.1895772,0.5915238,0.6021202,0.2033774,0.6943548,0.582373,0.1776914,0.6183846,0.5559478,0.2102286,0.7769578,0.7293542,0.1768756,0.743377,0.6352616,0.622946,0.1767656,0.4472466,0.6173056,0.2094798,0.8019596,0.5616538,0.2163818,0.7920916,0.711549,0.170424,0.3670716,0.5992074,0.1902986,0.7979378,0.6203122,0.202628
0.5481898,0.690023,0.2259568,0.8528118,0.5150904,0.218257,0.5994666,0.5521858,0.181291,0.6953752,0.6119086,0.2258208,0.6035262,0.5564644,0.191017,0.5524542,0.5846602,0.1866376,0.6022702,0.54276,0.20065,0.6579182,0.6555828,0.2378274,0.5480846,0.6247178,0.1799814,0.7189746,0.6625576,0.2178932,0.8076762,0.6091944,0.1738834,0.5437354,0.5872306,0.1801298,0.6240724,0.7278288,0.1891694,0.6372972,0.7307852,0.1699867,0.7185854,0.5817884,0.1892114,0.6545368,0.713365,0.204141,0.6004554,0.7173346,0.169994,0.5799302,0.6883816,0.1953444,0.563977,0.6276426,0.1978174,0.5899848,0.7070992,0.1895944,0.5849084,0.6061316,0.2028608,0.7150334,0.5791454,0.177246,0.6102896,0.5553586,0.2102826,0.7906304,0.7316506,0.177593,0.7385796,0.6355604,0.624303,0.1773314,0.4446136,0.6117212,0.2092084,0.8021308,0.5619584,0.2183858,0.7921182,0.7144548,0.1700932,0.3706766,0.5965918,0.1924554,0.806297,0.6174522,0.207198
0.545251,0.6862224,0.2268168,0.8606026,0.5191676,0.2167696,0.595523,0.5554336,0.1809352,0.7042508,0.6162878,0.2250356,0.5917466,0.550606,0.1912022,0.5517306,0.5844844,0.1848632,0.6027584,0.5451164,0.2006492,0.659956,0.661886,0.2389926,0.5458366,0.6259464,0.1803666,0.7066628,0.6615946,0.2183598,0.8184,0.6020932,0.1739534,0.5407514,0.5835098,0.1796176,0.6311708,0.7255468,0.1885476,0.6462168,0.7238296,0.1717511,0.710944,0.575225,0.190109,0.6610096,0.7311458,0.2022972,0.5970132,0.7183786,0.1702662,0.5738356,0.686822,0.1970846,0.5609624,0.6335634,0.19723,0.5948206,0.7069366,0.1879508,0.5837256,0.6013542,0.2021228,0.7208572,0.583748,0.1744604,0.6052418,0.5593232,0.2096732,0.7879868,0.7332356,0.1759518,0.7432518,0.6339358,0.617553,0.1756356,0.444015,0.6151626,0.2079072,0.8065596,0.5558992,0.2186082,0.797804,0.7208002,0.1697982,0.374451,0.5950642,0.1924256,0.7984108,0.6131982,0.2090628
0.546353,0.6886408,0.2267692,0.869581,0.5201838,0.2176978,0.6008006,0.5515106,0.181189,0.7061418,0.6166708,0.2242046,0.5917988,0.5491706,0.192287,0.5446216,0.5868726,0.185327,0.6077896,0.5418246,0.202612,0.6652812,0.6630752,0.2384906,0.5549472,0.6257946,0.1805798,0.7056154,0.6559558,0.2242298,0.806141,0.6001212,0.1752068,0.538912,0.5895346,0.1796982,0.6366756,0.7214414,0.1859958,0.6425076,0.723633,0.1734918,0.7163818,0.5724284,0.1893102,0.6605874,0.7506706,0.2049664,0.5926374,0.7175272,0.1689704,0.5746144,0.6890662,0.1972406,0.5523538,0.6298148,0.195309,0.5864182,0.7067532,0.1878506,0.5868344,0.5971174,0.2008036,0.725332,0.5759612,0.1747326,0.6119722,0.5661178,0.2139028,0.7775428,0.7394938,0.1755866,0.7311674,0.63143,0.6165102,0.175136,0.4408522,0.618323,0.2065178,0.8010308,0.558086,0.2167894,0.8009926,0.7168678,0.1686416,0.3706572,0.5954864,0.1922472,0.8014386,0.6120856,0.209092
0.5537976,0.683293,0.2268188,0.864024,0.5181628,0.2151748,0.5975946,0.5476324,0.1814868,0.7278056,0.6199082,0.2223758,0.6078522,0.5473336,0.1934916,0.548402,0.5830634,0.1862864,0.6160048,0.536305,0.2028854,0.6646868,0.6580058,0.2418144,0.5496921,0.6268358,0.1828846,0.7074896,0.6564586,0.226557,0.8121978,0.5980522,0.1749434,0.550832,0.5919978,0.178621,0.6403762,0.7203472,0.1855504,0.629585,0.7209068,0.1756316,0.7335906,0.571387,0.1887832,0.660639,0.7604514,0.205071,0.592439,0.7196956,0.1692706,0.5755352,0.6880418,0.1968146,0.5582668,0.6287458,0.1948854,0.5793042,0.7040986,0.1873538,0.5890706,0.5960198,0.1995764,0.722917,0.5795298,0.1732436,0.6120896,0.5672878,0.2114162,0.7725258,0.7663256,0.175678,0.730126,0.6333208,0.6149904,0.1743452,0.4353062,0.6221982,0.2047844,0.7929474,0.5520678,0.2171284,0.8076116,0.717986,0.1687038,0.370031,0.5920418,0.191665,0.8067078,0.6097304,0.2092488
0.5541792,0.6766348,0.2280944,0.8594068,0.516209,0.215818,0.5862614,0.5465662,0.182781,0.7416122,0.6213846,0.2231736,0.6075144,0.5508426,0.1929792,0.542496,0.5813404,0.1868508,0.6174088,0.5340002,0.2025196,0.665127,0.6553396,0.2400888,0.5577273,0.6279054,0.1844414,0.7048638,0.6553898,0.232744,0.8127496,0.609009,0.1748376,0.5510854,0.5970436,0.1793574,0.6473448,0.7199548,0.1859698,0.6393946,0.7201448,0.1731064,0.729437,0.5694316,0.1886168,0.6592994,0.7719868,0.203959,0.5866306,0.7185504,0.169143,0.5764634,0.6832176,0.1964256,0.5556846,0.6243776,0.193276,0.5788188,0.7061922,0.1856176,0.5863016,0.5929016,0.1998974,0.7242662,0.5803642,0.1733878,0.6160758,0.5666144,0.2133272,0.7824506,0.7776846,0.1734996,0.716618,0.625974,0.615568,0.1746674,0.4393952,0.6264568,0.2055634,0.7957208,0.5539372,0.217709,0.803531,0.721521,0.167673,0.3702178,0.5899314,0.1920706,0.806585,0.609096,0.209752
0.553883,0.6779574,0.2276554,0.8669824,0.5074206,0.2161238,0.6045124,0.5566872,0.1827318,0.7466594,0.6208216,0.2202904,0.6323284,0.5489898,0.1928582,0.5535798,0.5799056,0.187194,0.619651,0.5353192,0.2032524,0.6866236,0.6539824,0.2406918,0.5652931,0.6304492,0.1849134,0.7057086,0.6504438,0.234137,0.8125746,0.6183708,0.1762654,0.547881,0.596687,0.1774386,0.6444614,0.7224096,0.187533,0.633984,0.7175078,0.173686,0.7337052,0.5673098,0.1894408,0.6643012,0.7751398,0.2027366,0.6017196,0.7218372,0.1694646,0.5739224,0.682819,0.194332,0.55798,0.6267542,0.19273,0.5841386,0.7058086,0.18454,0.5856358,0.5981452,0.2003092,0.7157398,0.576688,0.1742064,0.6337914,0.5676776,0.2143814,0.7798336,0.7875014,0.1722718,0.7187976,0.6236776,0.6166854,0.1742672,0.4344256,0.6247586,0.205941,0.7996776,0.5486918,0.2159182,0.8158714,0.7219366,0.1674516,0.3663002,0.5954808,0.190726,0.8073306,0.6055462,0.2090846
0.5475966,0.67462,0.2269266,0.867388,0.5108278,0.2176584,0.6020018,0.5487612,0.18287,0.7501936,0.6254548,0.2216552,0.640598,0.5503894,0.1925098,0.5506616,0.5802886,0.1866692,0.6192432,0.5407884,0.200958,0.6710996,0.6565552,0.2402648,0.5737323,0.6297864,0.1852776,0.7132536,0.6531304,0.2361408,0.8127872,0.627958,0.1767434,0.5571654,0.5971424,0.178323,0.6518936,0.7180984,0.1853046,0.6265046,0.7194922,0.1747562,0.7431124,0.567313,0.1897698,0.6783828,0.7783168,0.203984,0.5999744,0.7179066,0.1659102,0.569272,0.6820648,0.1952222,0.566188,0.6216794,0.1919716,0.5819748,0.6969934,0.1857088,0.596086,0.5980964,0.2007942,0.7214488,0.5766188,0.1736388,0.6402356,0.569524,0.2150072,0.7704494,0.8036104,0.1716478,0.7163006,0.619806,0.6170648,0.1747892,0.4373032,0.6305066,0.20428,0.7975728,0.5437004,0.2175422,0.8142792,0.7163662,0.1656818,0.3676918,0.5945928,0.1900458,0.815984,0.6046892,0.210935
0.544186,0.6753032,0.229111,0.8632264,0.5117402,0.2168166,0.6083078,0.5565888,0.184102,0.7544676,0.6204668,0.2170522,0.644737,0.5483226,0.1908074,0.5433828,0.581219,0.1857718,0.6216716,0.5421848,0.2002278,0.6622286,0.6601244,0.2426554,0.5637779,0.6349586,0.1841382,0.7166352,0.6531072,0.2385928,0.8153712,0.631428,0.1773882,0.5512966,0.5967322,0.1784272,0.6486646,0.7159032,0.1846416,0.6250696,0.7148862,0.1747662,0.7334082,0.5685332,0.1892282,0.6752286,0.7873444,0.2016512,0.5926772,0.7269372,0.164639,0.564631,0.6796086,0.1945826,0.5649713,0.6175726,0.1931328,0.5721638,0.6976978,0.1842928,0.5905722,0.5918158,0.1992126,0.7252709,0.5770134,0.1732754,0.6460262,0.5684324,0.2115588,0.7715072,0.8080146,0.1712652,0.7230732,0.6248068,0.6147794,0.1754006,0.4380016,0.6280674,0.2028226,0.7961594,0.5442552,0.218845,0.8257946,0.7173692,0.165564,0.3691024,0.5909232,0.1902154,0.8406292,0.604995,0.2110102
0.5511472,0.6715622,0.2274924,0.8511712,0.5073382,0.2156468,0.6216562,0.5577256,0.1849573,0.7683732,0.6205568,0.2164536,0.641804,0.5443824,0.1908228,0.549208,0.5837702,0.1878644,0.6265394,0.5410424,0.1995782,0.6685062,0.6574886,0.2437386,0.5684511,0.6381278,0.1832064,0.7009262,0.6520264,0.2406742,0.8198918,0.6336526,0.1762624,0.559524,0.5980834,0.1768432,0.6532238,0.7124414,0.1848096,0.6303342,0.7202928,0.1743032,0.7528644,0.574083,0.1897398,0.6667468,0.7867836,0.200766,0.5988894,0.7284292,0.1660226,0.5805326,0.6786932,0.1952018,0.5636931,0.618997,0.1937444,0.5645116,0.6991396,0.1833294,0.585117,0.5952726,0.1979146,0.7247212,0.5709838,0.1730564,0.6549592,0.5663122,0.213449,0.7817374,0.8070122,0.1719648,0.7164232,0.6263634,0.6125942,0.1749474,0.4401838,0.6274232,0.2063042,0.7975202,0.5496858,0.219272,0.824643,0.718083,0.1655006,0.3709072,0.5903626,0.1902698,0.8517496,0.6019904,0.2117614
0.5683786,0.6733186,0.2272626,0.8657134,0.5091054,0.2145604,0.626892,0.5574068,0.1866921,0.7514138,0.6312956,0.215892,0.644326,0.5453056,0.1920318,0.5420764,0.580663,0.1903246,0.609951,0.538101,0.2001352,0.6763266,0.6589604,0.2460796,0.5657057,0.6360106,0.185954,0.706171,0.6513566,0.2423604,0.820142,0.63587,0.1767514,0.5733144,0.5952608,0.1778516,0.660764,0.7090204,0.184345,0.6433028,0.7173256,0.1749266,0.7651924,0.5761328,0.1892044,0.6779114,0.7934496,0.2010154,0.5846528,0.7250084,0.1681138,0.5826486,0.6787696,0.195682,0.559452,0.6127918,0.1936678,0.567177,0.6987368,0.183114,0.5825324,0.5966634,0.197064,0.7253042,0.5692378,0.1740636,0.670124,0.5718596,0.2132504,0.7756506,0.809444,0.1703732,0.7106492,0.6342002,0.6108406,0.1751408,0.4394592,0.6248514,0.2067402,0.8050732,0.551035,0.21786,0.8212682,0.7154704,0.16662,0.3760638,0.5883522,0.190117,0.8621416,0.6031174,0.2139442
0.5802752,0.6718868,0.2278108,0.857087,0.5030116,0.214769,0.6407674,0.5544778,0.1858603,0.7559862,0.6274396,0.2158412,0.652533,0.5473424,0.1909266,0.5449684,0.58355,0.1917806,0.6164843,0.5369588,0.1994682,0.6658498,0.6562042,0.2475102,0.5739452,0.6344998,0.1865512,0.7224618,0.647523,0.2412176,0.8206766,0.6393176,0.1768164,0.5778786,0.5947552,0.1770984,0.660266,0.7054212,0.183467,0.6310778,0.721008,0.1739798,0.7704422,0.5759932,0.189965,0.6757666,0.7977608,0.202032,0.5883352,0.7238118,0.1692616,0.598737,0.6761366,0.1955588,0.5580156,0.6091966,0.1923242,0.5662056,0.7067006,0.1834162,0.5845764,0.5942534,0.196665,0.7231242,0.569035,0.1741106,0.671741,0.5734222,0.2118478,0.7707766,0.8121182,0.170098,0.7288234,0.6361084,0.6118482,0.1751302,0.4375902,0.6229418,0.2075664,0.8001642,0.553171,0.2189024,0.833796,0.7166932,0.1684616,0.3773783,0.5843272,0.1893522,0.8620042,0.6010288,0.2140976
0.5781434,0.6680378,0.2271164,0.8427548,0.4989136,0.2144826,0.6400964,0.5459868,0.1859863,0.7599468,0.6234616,0.2150552,0.6580128,0.5452434,0.1910856,0.5453782,0.5821092,0.1904366,0.6210265,0.5309252,0.2006428,0.6713075,0.6529488,0.2479462,0.5771972,0.63533,0.1889152,0.7534536,0.6441222,0.2426314,0.8214024,0.6437792,0.1774298,0.5817878,0.5921106,0.178248,0.6627036,0.7005358,0.1847304,0.620654,0.7168338,0.1757098,0.7758218,0.5798782,0.1882518,0.6652252,0.7966754,0.201599,0.5853198,0.7198292,0.1701082,0.6082194,0.6811922,0.1945112,0.559344,0.6076394,0.1923336,0.5758828,0.6980178,0.1831592,0.5822324,0.5910068,0.197428,0.7233296,0.564208,0.1746734,0.6712348,0.5735202,0.2141526,0.7719416,0.814487,0.17085,0.7180118,0.638522,0.6133426,0.1750676,0.4366966,0.6202196,0.207614,0.8115024,0.551768,0.220377,0.8380608,0.7217796,0.1671478,0.3751604,0.5818964,0.1880756,0.8621232,0.6013532,0.2120332
0.579171,0.6649888,0.2257784,0.8504322,0.4970044,0.2143612,0.6417754,0.5425214,0.1879557,0.7493894,0.6220266,0.2156522,0.661534,0.5445078,0.1930408,0.5486728,0.5798798,0.1908344,0.6208621,0.5300186,0.2003632,0.6713694,0.6530572,0.2458226,0.5667162,0.6341078,0.1898088,0.7763114,0.642758,0.2443964,0.8134378,0.6475782,0.1774876,0.5836232,0.5945052,0.177472,0.6498194,0.6947276,0.1830334,0.636487,0.718302,0.1762526,0.7783964,0.5840162,0.1886672,0.668809,0.7930558,0.2017224,0.606324,0.7195936,0.1723268,0.6065992,0.6791412,0.1911998,0.564871,0.606714,0.1911958,0.5826536,0.699004,0.1810988,0.5719058,0.5946184,0.1960658,0.718325,0.5624182,0.1764684,0.6802278,0.5751164,0.2132842,0.7787158,0.8181212,0.1684592,0.7215858,0.6358874,0.6153374,0.1754942,0.4355086,0.6226872,0.2071962,0.8094274,0.5451556,0.2194278,0.8368554,0.7260092,0.165791,0.372747,0.5792094,0.1865422,0.865755,0.601927,0.2108214
0.5897718,0.6585386,0.2262212,0.8745174,0.4911266,0.2146848,0.6494528,0.5405898,0.1867923,0.7561622,0.620001,0.216386,0.6611832,0.5434846,0.1922836,0.5435616,0.576717,0.1908788,0.6115775,0.5312772,0.1989158,0.6767058,0.6519144,0.246337,0.56828,0.6384998,0.1889498,0.7867432,0.6404918,0.2445038,0.8204898,0.6460708,0.177533,0.5908264,0.5935468,0.1767178,0.6628008,0.6905362,0.1830764,0.6398046,0.7177922,0.176806,0.7838152,0.5853792,0.1870082,0.6537626,0.7872736,0.2005846,0.6042972,0.7153552,0.1739828,0.6141572,0.6776518,0.1905432,0.5592678,0.6102946,0.1909304,0.577908,0.6953616,0.1821948,0.5671864,0.5905634,0.1947936,0.7117864,0.5610068,0.1764072,0.6802776,0.5847894,0.2148644,0.7738978,0.820243,0.1675398,0.7159322,0.6345412,0.6121006,0.1740954,0.4348436,0.622278,0.20427,0.8143422,0.5413834,0.219034,0.8420326,0.7200282,0.1662078,0.370163,0.5787578,0.1857868,0.8667056,0.601647,0.2112072
0.5959814,0.6554644,0.2255972,0.8648124,0.491926,0.2135132,0.6601038,0.5411576,0.1863603,0.7475,0.6184332,0.2166248,0.6652698,0.5360092,0.190264,0.5324654,0.5744338,0.1925688,0.6171957,0.5314102,0.1988238,0.6884388,0.644683,0.2472488,0.5686878,0.6343378,0.1883476,0.7907004,0.6321116,0.2461204,0.8211542,0.6477706,0.1773706,0.601627,0.5922054,0.1775106,0.6685726,0.6854966,0.1817438,0.6444342,0.7169934,0.1774592,0.7853482,0.5877694,0.1877234,0.6523766,0.7893776,0.19966,0.590137,0.7179246,0.1755832,0.6210318,0.6783574,0.1895914,0.5672834,0.6075156,0.1902524,0.579009,0.7021968,0.180745,0.5627248,0.5921516,0.1937518,0.7224046,0.5648326,0.176587,0.6805566,0.5860034,0.2138752,0.7864274,0.8195348,0.1664904,0.7236806,0.6340494,0.6129628,0.1736938,0.4313126,0.6252824,0.2035012,0.8118048,0.5373646,0.2204826,0.8347136,0.7180424,0.1664554,0.372151,0.580796,0.1875464,0.8741864,0.5986312,0.2109996
0.5988294,0.6520682,0.2219816,0.8639282,0.487747,0.211243,0.665281,0.5419274,0.1848237,0.739693,0.6193644,0.2184472,0.6671476,0.529791,0.1915532,0.5361742,0.5662456,0.192957,0.6127803,0.5318828,0.1964128,0.667768,0.6415532,0.2446804,0.5706458,0.6335566,0.1898974,0.7863924,0.62904,0.2464854,0.8040024,0.6477274,0.178246,0.6094982,0.5854248,0.177229,0.6680796,0.6865104,0.1818852,0.635524,0.710492,0.1759598,0.7766242,0.5927122,0.1868484,0.661689,0.7903702,0.2038,0.5932164,0.716131,0.1771568,0.6228052,0.6715466,0.189867,0.5656948,0.6090274,0.1905494,0.5897762,0.7039502,0.1794668,0.568535,0.5986882,0.1934924,0.715066,0.5638316,0.1749448,0.6710566,0.5850142,0.2141554,0.7804066,0.8187482,0.1643984,0.720457,0.631038,0.6116848,0.1720088,0.4248278,0.625384,0.2037296,0.8069708,0.5399928,0.2204724,0.8293034,0.7171024,0.1666266,0.3664338,0.5792768,0.187142,0.8702692,0.5959812,0.2106946
0.5903806,0.6519022,0.2223396,0.860017,0.4903272,0.209936,0.6627002,0.5487168,0.1828679,0.7483318,0.6194274,0.2184682,0.6691678,0.5261686,0.190236,0.5385174,0.567549,0.191495,0.6272501,0.524814,0.1950868,0.6774204,0.6366524,0.2441568,0.5642164,0.6334756,0.1884656,0.7820562,0.624772,0.2451028,0.7943356,0.6519306,0.1807716,0.6136886,0.5798158,0.1766162,0.6639246,0.6847066,0.180393,0.6242464,0.7073444,0.1752626,0.7973924,0.5984486,0.1871792,0.6619258,0.797084,0.2092758,0.5913352,0.7118804,0.178947,0.6248876,0.6715866,0.1899266,0.5702682,0.609531,0.1886574,0.6066774,0.6998938,0.1783856,0.5692734,0.5990536,0.194342,0.721862,0.5673264,0.1757714,0.6672376,0.582159,0.2148378,0.7749246,0.8181848,0.1643344,0.713715,0.6299112,0.6051306,0.1703788,0.428367,0.6242332,0.2012642,0.8078746,0.5357954,0.220026,0.8271978,0.731588,0.1670086,0.3687338,0.5740976,0.1881492,0.880248,0.5950064,0.2079324
0.5861822,0.6499422,0.2211346,0.848118,0.4859956,0.2086706,0.6640422,0.5445796,0.1809939,0.7577714,0.6204902,0.216064,0.6640778,0.52097,0.1903644,0.534104,0.566594,0.1902682,0.6213793,0.523594,0.1944594,0.6650324,0.6370106,0.2454336,0.573142,0.6371664,0.1889062,0.7950918,0.626029,0.2449942,0.8207082,0.6548718,0.1783682,0.612618,0.5789462,0.1785524,0.671382,0.6852834,0.17934,0.6334198,0.710377,0.1755704,0.788946,0.5935858,0.1867086,0.6652934,0.801046,0.2118318,0.6027784,0.7119902,0.1792368,0.6305102,0.6746182,0.189922,0.575857,0.6076288,0.1865422,0.6071302,0.703756,0.1771008,0.566743,0.6002984,0.1930684,0.7244114,0.5690142,0.177432,0.6719514,0.5771514,0.215586,0.7786266,0.815052,0.1638182,0.706298,0.6296214,0.604396,0.1716704,0.4319666,0.6215764,0.1987098,0.7986356,0.5378198,0.2181922,0.8162304,0.7572954,0.1665304,0.3660686,0.5756744,0.1877244,0.8777678,0.5901486,0.209894
0.5953286,0.6451554,0.2206072,0.8601378,0.4820778,0.2098508,0.6700776,0.5445806,0.1818785,0.7440034,0.6183182,0.2153022,0.6671302,0.5237074,0.1882706,0.5374476,0.563881,0.1899482,0.6226733,0.5178176,0.1947572,0.6698166,0.6345672,0.24551,0.5797452,0.632775,0.1920632,0.7928478,0.621304,0.24283,0.8310402,0.6558802,0.1800128,0.6137596,0.575509,0.1784328,0.6790406,0.6875666,0.1776128,0.6303692,0.7172492,0.174287,0.7884904,0.5955466,0.1873004,0.661902,0.7979624,0.216533,0.6021652,0.7152606,0.1817262,0.6349724,0.6730704,0.1884468,0.587267,0.6027704,0.1854948,0.623186,0.704615,0.1767618,0.5783288,0.5938106,0.1918216,0.7233,0.5669782,0.179254,0.6621474,0.5710794,0.2119814,0.8062388,0.8242796,0.162866,0.7021734,0.6267414,0.6030832,0.172204,0.42904,0.6191628,0.197875,0.7992232,0.5354336,0.2176454,0.8259548,0.7667814,0.1654296,0.3687642,0.5705068,0.1863682,0.8755468,0.5848858,0.2100856
0.5806474,0.6443188,0.2190828,0.8485296,0.4814402,0.209876,0.665798,0.5465126,0.1825651,0.7544436,0.6192058,0.2145236,0.6801916,0.52195,0.1884578,0.5405054,0.5603304,0.188589,0.6245435,0.5153576,0.1937114,0.6728752,0.6336312,0.2452772,0.5830088,0.6294382,0.1910584,0.7950982,0.6181262,0.2454704,0.8129418,0.662448,0.1813888,0.6158108,0.5739256,0.1785908,0.6777602,0.6852106,0.1779468,0.6385998,0.711411,0.1753168,0.7797886,0.5936296,0.1860886,0.6694552,0.7985674,0.2196726,0.5975198,0.7151906,0.1810668,0.6368928,0.6715386,0.1869612,0.5895322,0.600793,0.1829222,0.6237782,0.6998952,0.176752,0.586306,0.588557,0.1904012,0.7226304,0.5660586,0.178305,0.6764032,0.5678804,0.2114712,0.8286714,0.8202204,0.1633352,0.6964894,0.626715,0.5978006,0.1718204,0.4272072,0.615237,0.1955482,0.8020628,0.5252848,0.2179504,0.8178844,0.7819878,0.1654004,0.3674936,0.5723624,0.1853648,0.8823156,0.5891042,0.209815
0.576148,0.642989,0.2169126,0.8720972,0.4823382,0.205882,0.663458,0.5478838,0.1835953,0.7523676,0.6181018,0.2159326,0.6815958,0.5229258,0.186369,0.541083,0.5567272,0.189923,0.6220531,0.522077,0.1941608,0.6702612,0.6354104,0.2449682,0.5780034,0.630762,0.192482,0.812901,0.6140284,0.2450328,0.8068532,0.6646996,0.181774,0.620125,0.571264,0.1789646,0.6703596,0.6844092,0.1790238,0.6328494,0.7182662,0.1757574,0.7669324,0.5931104,0.1851294,0.6761828,0.8007138,0.2214052,0.5988572,0.7159878,0.1809878,0.6289046,0.670789,0.1862462,0.6026966,0.6035936,0.1828504,0.625399,0.6966346,0.1752936,0.5846182,0.5890362,0.1887204,0.717406,0.560726,0.177297,0.678988,0.5678076,0.2133512,0.8349644,0.8208492,0.1642408,0.702525,0.622879,0.598169,0.1711342,0.4268688,0.6129228,0.1947624,0.7983876,0.5261548,0.2187174,0.8266714,0.790906,0.1664186,0.3683373,0.5694826,0.1834426,0.8751138,0.59138,0.2095536
0.588853,0.6442204,0.2172122,0.8751468,0.4778092,0.205389,0.6670724,0.5512578,0.1854508,0.772142,0.6207976,0.2157326,0.67495,0.5263034,0.184065,0.545057,0.5563252,0.1887344,0.6305055,0.5214172,0.1922158,0.659743,0.630918,0.2437592,0.5797726,0.6294826,0.191545,0.80887,0.6093458,0.2432512,0.8098598,0.6630466,0.1814956,0.6190418,0.5645904,0.1793512,0.6607166,0.6850446,0.1800764,0.6381288,0.71232,0.1755702,0.7849322,0.5964516,0.1849174,0.678999,0.7976442,0.222316,0.596104,0.7160834,0.1798418,0.6304232,0.6709032,0.1849668,0.611329,0.6043842,0.1820172,0.6312524,0.698365,0.1740144,0.595142,0.5871242,0.186861,0.7142526,0.5589914,0.1785158,0.674873,0.5661054,0.2146536,0.828811,0.827745,0.164033,0.7166612,0.6192752,0.6003756,0.1701034,0.4250128,0.6160886,0.195218,0.8095658,0.5249806,0.2193804,0.8280668,0.7914144,0.1668202,0.3677377,0.5661916,0.183959,0.8677804,0.584788,0.207941
0.5985462,0.6311314,0.216343,0.8585648,0.478928,0.2060256,0.6678994,0.5480966,0.1822856,0.756821,0.6180392,0.215385,0.6694724,0.529872,0.1859944,0.5488388,0.5589482,0.1893398,0.6220942,0.5251016,0.1909024,0.6630054,0.6275724,0.2407042,0.587855,0.6216706,0.192418,0.807533,0.6074508,0.2448052,0.808636,0.6607594,0.181077,0.6147744,0.5611088,0.177625,0.6685742,0.6839888,0.179822,0.6386266,0.7107778,0.176487,0.7804542,0.5908942,0.1835702,0.6902136,0.7981618,0.223865,0.5908838,0.7163926,0.1804676,0.6268092,0.6695484,0.1835018,0.613357,0.5990286,0.17994,0.6310238,0.6951292,0.1751934,0.6027144,0.5903398,0.1848346,0.7303122,0.5584514,0.1784944,0.6779176,0.5631888,0.2152826,0.835972,0.820542,0.1634844,0.7128512,0.6218286,0.60103,0.1701644,0.427987,0.6133896,0.1939816,0.806565,0.519812,0.2184344,0.8284136,0.7919588,0.1649316,0.3650992,0.5642016,0.1848346,0.8733162,0.5843394,0.2102776
0.5937006,0.6316746,0.2153502,0.858445,0.4787344,0.2026346,0.6564738,0.5497312,0.181293,0.7624444,0.6094566,0.214125,0.6780532,0.527761,0.1837676,0.5439024,0.5586632,0.1908326,0.6308762,0.521796,0.1907284,0.6518714,0.625864,0.2433834,0.5978122,0.6220242,0.1920946,0.7882992,0.6067802,0.2462932,0.8147856,0.6620986,0.1799416,0.598522,0.5632966,0.1773792,0.6543028,0.674153,0.177935,0.6293158,0.7131566,0.1779344,0.7735796,0.5924532,0.1816254,0.710136,0.8006242,0.224166,0.5998004,0.7104316,0.1802838,0.6270454,0.664213,0.1843264,0.606098,0.5970244,0.1788334,0.6259274,0.6907592,0.1758022,0.6076844,0.5951286,0.1854938,0.7357132,0.5626914,0.1789772,0.6872842,0.5626216,0.2149198,0.8436936,0.8193714,0.1639018,0.7191394,0.6165166,0.603532,0.170741,0.4251992,0.6124792,0.1939102,0.8079052,0.5240954,0.2184808,0.8296248,0.7916548,0.1666302,0.3628032,0.5632822,0.1856742,0.8805436,0.5844176,0.209876
0.5935156,0.6326654,0.2146806,0.8616762,0.4786846,0.2045462,0.6526362,0.5423016,0.1800192,0.7633688,0.6121568,0.2135658,0.6793784,0.523421,0.1830962,0.5507616,0.5668302,0.1892116,0.6267366,0.520853,0.1910888,0.649892,0.6197748,0.2432138,0.598577,0.6167208,0.1919734,0.8076048,0.6090062,0.2444638,0.8100282,0.6710066,0.1806318,0.6073682,0.5605446,0.1777086,0.6545562,0.674691,0.1773066,0.6221274,0.7131406,0.1768006,0.7783558,0.602897,0.180855,0.7091488,0.8015364,0.2231292,0.588874,0.7103472,0.1786972,0.627454,0.6551452,0.1832874,0.6070618,0.5869642,0.1778324,0.6418716,0.692651,0.1744814,0.611503,0.59215,0.1838628,0.7380062,0.5589084,0.1788292,0.689316,0.5592618,0.213993,0.84606,0.8257668,0.1636816,0.72104,0.6118016,0.605287,0.1695896,0.4236936,0.6118106,0.1944812,0.8010804,0.5227032,0.2231642,0.8397884,0.7919256,0.1660746,0.3668718,0.5580356,0.1865214,0.8790414,0.58221,0.2107708
0.590718,0.630571,0.2151136,0.8601674,0.4773704,0.2048896,0.6558568,0.5423226,0.1807412,0.760924,0.612972,0.2117946,0.680602,0.5191562,0.1825318,0.541222,0.5663916,0.1907594,0.6379104,0.5146904,0.1913248,0.655679,0.6178092,0.2422158,0.5964188,0.6135194,0.190815,0.8125896,0.6062402,0.2445412,0.8171642,0.670534,0.1802352,0.6078752,0.5578582,0.1790888,0.6597692,0.665692,0.1789302,0.635897,0.7153866,0.1770414,0.7787124,0.6038012,0.1812852,0.706938,0.8023644,0.2226318,0.5885078,0.710913,0.1822692,0.6284508,0.651111,0.1814918,0.6081268,0.587678,0.176554,0.6349804,0.6909104,0.1756996,0.6289172,0.5969642,0.1836258,0.7301394,0.5587982,0.179639,0.6847588,0.5602328,0.2138776,0.8512272,0.8270774,0.162618,0.7150828,0.6114934,0.5992698,0.1686218,0.4219946,0.6087994,0.1938318,0.8170714,0.5212912,0.2264406,0.833673,0.7917852,0.166514,0.3659938,0.5551968,0.186705,0.8733348,0.5814986,0.2100816
0.5943168,0.627722,0.214856,0.8495842,0.4757574,0.2067464,0.6611344,0.5392388,0.1803224,0.7653232,0.6129142,0.2127778,0.6881958,0.5184184,0.1803014,0.5377986,0.5678898,0.192067,0.6310826,0.5119322,0.1911546,0.658617,0.6217336,0.2435444,0.592809,0.6124056,0.190305,0.8073156,0.6069932,0.2445126,0.8220088,0.6723228,0.1803782,0.612844,0.555271,0.1788324,0.6541842,0.6614508,0.1780392,0.6375896,0.7137874,0.1759732,0.7728524,0.6055952,0.1813244,0.7055806,0.7938552,0.2234854,0.5860006,0.7074522,0.1831344,0.6328198,0.6438448,0.1810804,0.6141332,0.5861354,0.175589,0.6402088,0.6960678,0.1751902,0.6139112,0.5950928,0.1826236,0.7266566,0.558941,0.1816548,0.6857012,0.5558678,0.2140418,0.8608864,0.8243484,0.1630862,0.7282838,0.6080394,0.5984706,0.1678238,0.4220526,0.60158,0.195773,0.7993368,0.5214756,0.2336318,0.826949,0.8023158,0.163957,0.3641771,0.5584888,0.1841576,0.8724316,0.5801882,0.2085686
0.6015202,0.631098,0.2136962,0.8522874,0.4712438,0.207939,0.6549594,0.5414974,0.1799264,0.770601,0.613948,0.2102188,0.6811482,0.5128106,0.1816286,0.5383514,0.5662128,0.1932308,0.6289676,0.5067572,0.1900786,0.666858,0.616871,0.2417914,0.600504,0.6120542,0.1908206,0.809097,0.6098474,0.245009,0.8158118,0.6704454,0.1800152,0.616237,0.5568076,0.1771472,0.6611502,0.6643536,0.1775876,0.6422112,0.702424,0.174052,0.7797844,0.6039868,0.1799294,0.706962,0.7965192,0.2219086,0.5765712,0.700332,0.1813728,0.623072,0.6420212,0.1802798,0.6123418,0.5828868,0.173663,0.6367922,0.7002744,0.1760644,0.6120196,0.594337,0.1819088,0.7324676,0.556289,0.1818972,0.689298,0.5530138,0.2138916,0.8605588,0.8214734,0.1627678,0.7260006,0.6063714,0.5957072,0.1683528,0.4243344,0.602875,0.196607,0.8051406,0.5204096,0.2359548,0.8233632,0.8031546,0.1625354,0.3643385,0.553774,0.1873816,0.8755148,0.5836836,0.2083926
0.5935366,0.6249138,0.2140824,0.8502566,0.470985,0.2079526,0.6594032,0.5416818,0.180475,0.7566306,0.6095222,0.2075786,0.6731718,0.510779,0.1811684,0.5412528,0.5686316,0.192073,0.6285418,0.4995074,0.1889644,0.6537186,0.6131376,0.2412996,0.6028002,0.6080642,0.1894412,0.8082712,0.6089058,0.244246,0.8234196,0.667236,0.1798482,0.6202396,0.5555082,0.1767574,0.6639394,0.6710358,0.1780676,0.6400658,0.705007,0.1723936,0.7865864,0.6083074,0.1783704,0.7147418,0.7946174,0.2230554,0.581997,0.6979154,0.180873,0.624874,0.6375282,0.1785174,0.615843,0.5830328,0.1753618,0.6381876,0.7177538,0.175053,0.6138232,0.5934254,0.1819332,0.7231514,0.5500856,0.182288,0.6960548,0.5536256,0.2139872,0.8544162,0.824912,0.162136,0.7280448,0.6069504,0.5963944,0.1658988,0.42685,0.6000864,0.1983314,0.8006798,0.520248,0.2362422,0.8334846,0.8032556,0.1618688,0.3644285,0.5570334,0.1860958,0.8723268,0.5802042,0.208884
0.599275,0.6277718,0.213849,0.8535476,0.468463,0.2110296,0.651714,0.5435922,0.180863,0.7744888,0.6013544,0.210802,0.675613,0.5095704,0.1818634,0.5387506,0.5720822,0.1908222,0.6228944,0.4953604,0.191152,0.662579,0.6244492,0.241257,0.590494,0.6041168,0.1889266,0.820535,0.6073812,0.24478,0.8218744,0.6652586,0.1806178,0.6290674,0.548631,0.1751216,0.6673172,0.6729438,0.1780148,0.6379248,0.7043992,0.1711052,0.7811042,0.6092908,0.176963,0.704736,0.7902598,0.2206708,0.5730668,0.7002702,0.180373,0.6190768,0.6371404,0.1765634,0.6155666,0.5815496,0.1740554,0.643023,0.7302132,0.1743574,0.6130344,0.5910642,0.181076,0.7239364,0.5467334,0.1825408,0.693277,0.556202,0.213461,0.847226,0.8222098,0.1619944,0.7329618,0.6050362,0.5952598,0.1640662,0.429868,0.5943792,0.2005446,0.803405,0.5202776,0.2372186,0.8346118,0.8012192,0.1612068,0.3645283,0.5575776,0.186874,0.8697144,0.5767706,0.2083734
0.6018148,0.6285238,0.211665,0.8178616,0.4668038,0.2159528,0.6487298,0.5475402,0.1791278,0.7737812,0.6001958,0.2090298,0.6773496,0.5074446,0.18243,0.5339968,0.5711418,0.1912028,0.6240642,0.4954534,0.1917854,0.6589714,0.629685,0.2426204,0.591651,0.6065344,0.1905096,0.8263642,0.6003046,0.2451518,0.8106886,0.6611956,0.18094,0.6253252,0.54523,0.1761552,0.6709078,0.6743384,0.180779,0.6373006,0.7047276,0.1688584,0.7873608,0.6066536,0.1778746,0.7126278,0.7920252,0.222324,0.585037,0.6963932,0.179309,0.6269852,0.6307352,0.1757156,0.6105844,0.5849254,0.1728396,0.6449004,0.7432308,0.1745002,0.6128254,0.5928666,0.180205,0.7243092,0.5495262,0.182762,0.6826508,0.5543522,0.216133,0.8608018,0.828816,0.1608236,0.7459898,0.6020988,0.60069,0.1641884,0.4260634,0.596186,0.1983478,0.8087426,0.5165936,0.2369934,0.8260224,0.7986264,0.1605708,0.3726637,0.557229,0.187106,0.8632542,0.5755106,0.207452
0.5850706,0.6235192,0.2122722,0.8352898,0.4676004,0.2159926,0.6554704,0.547164,0.179736,0.7677816,0.5983254,0.2116252,0.6703182,0.5106492,0.1810748,0.5327518,0.5746322,0.1880586,0.6144368,0.5017994,0.1928336,0.6633878,0.637151,0.241542,0.597429,0.6063142,0.1914424,0.816919,0.596017,0.2455832,0.8046876,0.6649778,0.1816734,0.6254628,0.5450868,0.176607,0.6602474,0.678908,0.1796984,0.6524398,0.7057314,0.1677548,0.7670276,0.598295,0.1776128,0.7173706,0.7919064,0.2218888,0.5895858,0.6973518,0.1778574,0.6275998,0.62733,0.1744944,0.619993,0.5841984,0.1727632,0.639762,0.7631224,0.1744672,0.601946,0.5917136,0.1800392,0.7266514,0.5483342,0.1821684,0.676546,0.5498272,0.220389,0.8627344,0.8261734,0.1604296,0.7509592,0.6023684,0.6017916,0.164428,0.4320804,0.594717,0.1980142,0.8109596,0.5175872,0.2356086,0.814136,0.8008084,0.1595662,0.3668124,0.5549466,0.1868624,0.8616958,0.5729202,0.2075836
0.590279,0.6159598,0.2123096,0.8255546,0.4652478,0.2201182,0.66239,0.5425344,0.1779014,0.7736564,0.5937334,0.2119786,0.6655474,0.5109374,0.1808564,0.534077,0.575394,0.1895816,0.6296882,0.501239,0.1927732,0.664276,0.6353914,0.2413974,0.5951084,0.605354,0.1910366,0.8060264,0.5958418,0.2457108,0.8156304,0.6629798,0.1818168,0.6288232,0.5443224,0.1763916,0.6628646,0.6789958,0.1822358,0.6479804,0.7079252,0.1670632,0.7828336,0.600501,0.1743414,0.7228372,0.7942644,0.2232898,0.5763866,0.6986278,0.179411,0.6213554,0.6248978,0.1731538,0.6170756,0.5877826,0.1722818,0.6594408,0.7669008,0.1746322,0.6033808,0.589211,0.1805384,0.7249848,0.5463662,0.1817166,0.661968,0.5474594,0.2247326,0.8618132,0.8275956,0.1601984,0.7421472,0.5987854,0.5968958,0.1633398,0.4299332,0.5940128,0.1982792,0.8054954,0.5218838,0.2362848,0.8321066,0.7957568,0.1593432,0.3648312,0.5522496,0.1886562,0.8609276,0.5674104,0.2085538
0.5910032,0.621915,0.2119144,0.8244074,0.467289,0.2193074,0.6613168,0.544918,0.1781908,0.7780576,0.5966938,0.2127478,0.6659506,0.5075416,0.1786034,0.5317492,0.5759786,0.189204,0.6277368,0.4971263,0.1940072,0.6670222,0.6312912,0.2423398,0.5970972,0.6031924,0.191856,0.7955128,0.5918424,0.245652,0.8120024,0.6626032,0.1816992,0.622987,0.5438318,0.1762158,0.655944,0.673882,0.1825046,0.6622994,0.706004,0.1676366,0.77099,0.599201,0.1746994,0.7183374,0.7963596,0.2215252,0.593428,0.6951838,0.1805682,0.6248982,0.6247074,0.1726812,0.6154128,0.591377,0.1706978,0.6587384,0.7733032,0.1735094,0.5975278,0.5919502,0.1806406,0.7286114,0.5445012,0.1801136,0.665497,0.5453786,0.2308306,0.8422644,0.8262156,0.1597244,0.7399112,0.5977118,0.5992732,0.1623562,0.4283784,0.5921476,0.1968722,0.7993832,0.5220868,0.235589,0.835894,0.799798,0.1606516,0.3616794,0.5540862,0.188236,0.8595448,0.5731216,0.206879
0.5895364,0.6213944,0.2099574,0.8425258,0.4663782,0.2216232,0.6687288,0.5486048,0.1783584,0.7506858,0.5875664,0.2106046,0.672295,0.5095908,0.1777778,0.5314692,0.582176,0.189304,0.6301926,0.4952635,0.1968626,0.6658602,0.639005,0.2435306,0.5985376,0.6055032,0.1913986,0.7991472,0.5890446,0.2474146,0.811498,0.6683292,0.1805752,0.6252814,0.5443988,0.1750058,0.6549576,0.6743296,0.1827432,0.6680924,0.703041,0.1666172,0.7690768,0.5940148,0.1743504,0.718584,0.7983612,0.2219048,0.582144,0.6911896,0.180555,0.6255524,0.6227086,0.1733266,0.6228042,0.5914202,0.171618,0.6554744,0.7732152,0.1726516,0.609526,0.593162,0.1815622,0.727825,0.549246,0.180799,0.6731428,0.5434144,0.2336782,0.8464072,0.8289338,0.1594188,0.7419374,0.5933288,0.5935076,0.1631008,0.426654,0.594917,0.196042,0.8036922,0.5246922,0.2371876,0.8278796,0.7969644,0.1619016,0.3650368,0.556394,0.1905772,0.8680806,0.5860482,0.2079378
0.5925582,0.6272776,0.2094854,0.8660094,0.4629856,0.2229826,0.6647074,0.5434446,0.1769928,0.756491,0.5851946,0.2118672,0.674659,0.5106756,0.1773808,0.5331837,0.577345,0.1890758,0.6202466,0.4921909,0.1969742,0.6705388,0.6477948,0.2436428,0.6055472,0.6047694,0.1915206,0.7989826,0.5856744,0.248064,0.8057374,0.6626118,0.179077,0.6250392,0.5413512,0.1739914,0.6587226,0.6741824,0.1830358,0.6779096,0.6962476,0.1670206,0.7612794,0.5926434,0.1747656,0.7118952,0.7963266,0.2206016,0.5972336,0.6855654,0.1800008,0.6281924,0.6179122,0.172064,0.6247954,0.5888962,0.1716742,0.6616372,0.7673786,0.172976,0.6081416,0.5955942,0.1817696,0.7199732,0.5495488,0.181353,0.6743174,0.5403036,0.2355002,0.844559,0.8255776,0.1580654,0.7377692,0.5922992,0.595442,0.162137,0.4262678,0.5908336,0.1938506,0.8010046,0.5224334,0.238195,0.8226658,0.801358,0.1621934,0.3659564,0.5531178,0.190414,0.876621,0.5954476,0.206874
0.585864,0.6287264,0.2089138,0.8625308,0.457793,0.2245904,0.6654356,0.5421906,0.1763246,0.7524034,0.5812492,0.2119838,0.6708868,0.514906,0.1759376,0.536911,0.5791164,0.1908706,0.621735,0.4949327,0.1979744,0.6628566,0.649242,0.2476284,0.6051402,0.6036752,0.1914524,0.811014,0.5831756,0.2473278,0.8032364,0.6586418,0.1793828,0.612875,0.543729,0.173391,0.653989,0.6689566,0.1833772,0.6864378,0.694607,0.1667616,0.772265,0.5917578,0.1753662,0.7126438,0.799949,0.2195464,0.603463,0.6839842,0.1792264,0.6251046,0.6203322,0.1713232,0.6212834,0.5922454,0.171429,0.660042,0.7723418,0.171922,0.5986714,0.5891552,0.1814992,0.721949,0.556373,0.179,0.6844672,0.5379586,0.2356446,0.8525766,0.8302264,0.15842,0.7426308,0.596269,0.5965324,0.1622178,0.4195854,0.5912172,0.1960826,0.7887232,0.5180992,0.2385634,0.8441886,0.8012122,0.15878,0.3656626,0.5550734,0.1906628,0.873763,0.6007878,0.2074094
0.5915346,0.6267036,0.2073546,0.8673588,0.4500056,0.2225954,0.6724786,0.5420354,0.176444,0.7714706,0.5789964,0.2131328,0.6600352,0.5091754,0.1764052,0.5315012,0.5792754,0.1890542,0.6224548,0.4911717,0.1992626,0.6611798,0.6512356,0.2522542,0.609304,0.5980632,0.1911212,0.8074854,0.584747,0.247291,0.7889865,0.6587676,0.1776604,0.6129008,0.5440908,0.1722546,0.6565926,0.6668822,0.1838742,0.6891592,0.7040752,0.1652578,0.7648452,0.5910114,0.1738936,0.7175968,0.7992716,0.2214538,0.6124364,0.6788056,0.1774938,0.6263982,0.6149398,0.1705314,0.6269792,0.5938556,0.1703388,0.6628226,0.7783158,0.1719806,0.599325,0.5852468,0.182914,0.7280962,0.5562424,0.180119,0.682193,0.5343256,0.2363016,0.8484534,0.8281228,0.1571792,0.741717,0.593954,0.5942406,0.1627816,0.418248,0.5883172,0.1983944,0.8074006,0.5175218,0.2408072,0.8417524,0.8035436,0.1564234,0.366528,0.5509564,0.191699,0.8655664,0.6048482,0.207356
0.5973863,0.626087,0.2052892,0.8561436,0.447495,0.2208912,0.6859926,0.5434718,0.1771708,0.7644106,0.5766472,0.2121909,0.6684512,0.5086186,0.1748292,0.5275254,0.5795122,0.1886362,0.6201606,0.4894063,0.2005992,0.661189,0.651847,0.2534052,0.6048224,0.5957536,0.191767,0.810839,0.5890226,0.246521,0.7933348,0.6555702,0.1774268,0.6109632,0.5435622,0.1709464,0.654925,0.6751946,0.1852548,0.674414,0.7007294,0.1631984,0.7686458,0.5887926,0.1726054,0.7115098,0.7994914,0.222843,0.6347044,0.6797434,0.1792094,0.628121,0.608644,0.1695128,0.6320704,0.5916958,0.1683866,0.6654842,0.7858876,0.170891,0.5930728,0.5871002,0.1838562,0.7278586,0.5531488,0.1807656,0.6766888,0.536233,0.2351182,0.849988,0.8266122,0.1552184,0.7554584,0.5940478,0.5893038,0.1625163,0.4218904,0.5849182,0.1984678,0.8198402,0.51378,0.2407194,0.8216254,0.8007312,0.1560206,0.3621312,0.5514628,0.1901574,0.8635832,0.6065266,0.2040296
0.6033755,0.6252672,0.2041208,0.861834,0.4489322,0.22141,0.681166,0.5381384,0.1768908,0.76193,0.5711746,0.2131118,0.6779258,0.5111992,0.1741372,0.5308909,0.5798794,0.1879022,0.6239192,0.4868133,0.2035284,0.669764,0.6471112,0.256338,0.5990072,0.5958466,0.1925248,0.8214164,0.5904546,0.2452504,0.8157154,0.6500734,0.1786896,0.6179428,0.5404078,0.169154,0.6502816,0.6728148,0.1842868,0.6899862,0.7025154,0.1624978,0.7720206,0.5864686,0.1719072,0.7100528,0.7935838,0.2237942,0.637792,0.674141,0.1804556,0.6260756,0.6081652,0.1684048,0.6346776,0.5942752,0.165498,0.6602184,0.785721,0.17119,0.611468,0.5929424,0.1843208,0.7259776,0.5565398,0.1813042,0.6683946,0.5383122,0.2378702,0.8556156,0.823526,0.1551668,0.760752,0.5880532,0.585041,0.1627189,0.4260084,0.592335,0.1978198,0.8285362,0.5169832,0.240284,0.8208342,0.8035196,0.155286,0.3616226,0.5515854,0.1893618,0.869552,0.6070126,0.2036102
0.6025605,0.6268968,0.203719,0.8731168,0.4474242,0.2221148,0.6801348,0.5318684,0.1756426,0.7574928,0.5733188,0.2148684,0.6700544,0.5080956,0.1751096,0.5267386,0.577736,0.186199,0.6258264,0.4793129,0.2040594,0.6558078,0.6451254,0.2608264,0.603045,0.5956078,0.1922066,0.8202,0.5909972,0.2459422,0.8089522,0.6561938,0.1768258,0.6079124,0.5366284,0.1672364,0.6519362,0.6725728,0.1839154,0.6838074,0.7023644,0.1617268,0.7567722,0.58263,0.1716826,0.7133766,0.7917322,0.2232974,0.6376058,0.6767836,0.1807254,0.6189966,0.6107642,0.169057,0.640455,0.5945676,0.1649164,0.6594778,0.78154,0.1718116,0.6101374,0.5924472,0.1822354,0.7252302,0.5591816,0.181931,0.6733986,0.5371806,0.2389124,0.8539224,0.8248018,0.155301,0.7575144,0.5829104,0.5830942,0.1624868,0.426824,0.5913886,0.1971256,0.843196,0.5219356,0.2410642,0.8322166,0.8026372,0.1564902,0.3636542,0.549451,0.1898798,0.8694202,0.606081,0.2043588
0.61412,0.6266306,0.2024954,0.8654842,0.4483526,0.2238554,0.6666082,0.5299906,0.1735804,0.7509224,0.571982,0.2160418,0.6621524,0.5071702,0.174802,0.5241716,0.5746776,0.1867324,0.6246934,0.4749731,0.2044264,0.6595316,0.6474166,0.2654486,0.59905,0.5895992,0.191678,0.8207056,0.5914726,0.2464626,0.8251798,0.659503,0.1765556,0.6113698,0.5445754,0.1692154,0.6628486,0.6742366,0.183661,0.6823548,0.6992792,0.1620986,0.768789,0.578927,0.1720272,0.7172586,0.7930946,0.2214844,0.6275184,0.672999,0.180618,0.6228396,0.6135912,0.1668718,0.6378424,0.5952906,0.1631316,0.664572,0.787749,0.170514,0.6092134,0.595001,0.1822296,0.7256146,0.5588128,0.1829516,0.6825588,0.536428,0.2402596,0.8497608,0.8216534,0.1536074,0.7519354,0.5788564,0.5756122,0.1618522,0.4258038,0.585954,0.1957298,0.8510546,0.5180392,0.24104,0.8353594,0.8025676,0.155476,0.3699532,0.548526,0.1886728,0.8765122,0.608664,0.203498
0.6031322,0.6310304,0.2026806,0.8626658,0.4448132,0.2223436,0.6687068,0.5294326,0.17061,0.7526144,0.5721044,0.2173032,0.6651288,0.5117076,0.1733378,0.5212242,0.5728738,0.1868216,0.6231182,0.4760964,0.2055784,0.6584666,0.6466102,0.2665104,0.596512,0.5838764,0.1908146,0.8255478,0.5928408,0.2464498,0.8395742,0.6527766,0.1763268,0.603763,0.5456906,0.1704342,0.6590248,0.6751586,0.1852364,0.686561,0.7036358,0.1600076,0.7787656,0.5779624,0.1720706,0.7073356,0.791345,0.219996,0.63639,0.6796306,0.1806966,0.6282682,0.6120376,0.1663494,0.6371322,0.5997358,0.1637512,0.6635614,0.7859562,0.169086,0.607096,0.5921594,0.1787254,0.723808,0.5570134,0.1821416,0.681164,0.5370654,0.2422716,0.8596164,0.824636,0.1515018,0.745531,0.5766134,0.5748824,0.1598652,0.4276658,0.5882904,0.196614,0.8576302,0.5144854,0.242503,0.8391284,0.8069574,0.1539342,0.3707328,0.5471268,0.188142,0.866129,0.6083976,0.2000166
0.6075476,0.6252818,0.202509,0.8648586,0.4453854,0.2222562,0.6686802,0.5285028,0.17087,0.7467678,0.5700018,0.2187448,0.6606854,0.5104528,0.1733284,0.5183766,0.5707674,0.1855048,0.6186118,0.482074,0.2068162,0.657863,0.6495264,0.2652982,0.6080356,0.5827968,0.1894438,0.8185012,0.5893992,0.245063,0.8520722,0.6495154,0.1767542,0.5989046,0.5440864,0.1722678,0.6552674,0.6678464,0.1840986,0.6819006,0.7055428,0.1603508,0.7730794,0.5760262,0.1704898,0.7111762,0.7886874,0.2199586,0.638318,0.6921284,0.1817456,0.628837,0.6065008,0.1653408,0.6351256,0.6013512,0.1623314,0.6710112,0.784951,0.1700408,0.6080774,0.5896284,0.179012,0.7220672,0.5549642,0.1800304,0.6826374,0.536673,0.2444362,0.8534556,0.8298004,0.1545058,0.7485824,0.5792758,0.5733572,0.1586646,0.4355112,0.5810842,0.1961594,0.8520918,0.5084668,0.2416116,0.8389434,0.8069314,0.1534698,0.3643774,0.5486478,0.1901904,0.8736298,0.6078126,0.1998944
0.613882,0.6215356,0.201055,0.869913,0.4442912,0.2219084,0.6650898,0.5287356,0.1699836,0.7489336,0.566309,0.2160374,0.667751,0.5115806,0.1737446,0.5140676,0.5697254,0.1846348,0.6235892,0.4840266,0.2052618,0.6553682,0.6508884,0.2659968,0.6100728,0.5842334,0.1871108,0.8122534,0.5853772,0.2448128,0.8552294,0.6482124,0.1748456,0.6020494,0.542735,0.1738198,0.6520972,0.664724,0.1845006,0.6725126,0.7046894,0.1598476,0.7511896,0.5739034,0.1690942,0.7115362,0.7913282,0.221426,0.6419084,0.7049556,0.1807984,0.6262534,0.603001,0.1664428,0.6279526,0.600775,0.163812,0.662607,0.7845488,0.169572,0.6139044,0.5870848,0.1771036,0.7156848,0.5563768,0.1811234,0.664146,0.5384316,0.2453822,0.859578,0.8305876,0.15356,0.7344732,0.5751746,0.5742104,0.157946,0.4339534,0.581704,0.1943374,0.8423688,0.50787,0.2405642,0.830956,0.8087932,0.153176,0.3671452,0.5482756,0.190078,0.8677542,0.604383,0.1990802
0.6156782,0.6224844,0.1997506,0.8725434,0.4466952,0.2211998,0.6721296,0.5249144,0.1689714,0.7428988,0.5632132,0.2154556,0.665385,0.5092926,0.1718682,0.5186662,0.5659652,0.1848892,0.6251756,0.4860408,0.2047546,0.650766,0.648485,0.2649084,0.6115572,0.5871002,0.1860886,0.8092604,0.5841324,0.2446026,0.855162,0.6445854,0.1738214,0.607357,0.5427544,0.173571,0.6528188,0.6609232,0.1856156,0.6692654,0.6992388,0.1599146,0.7603544,0.571879,0.1694806,0.7096824,0.7897938,0.2208308,0.6442268,0.7095878,0.1803826,0.6192906,0.6071314,0.166592,0.6330916,0.5966624,0.1637808,0.6660802,0.7849834,0.1689284,0.6143826,0.5932996,0.1768392,0.7226684,0.5551926,0.1806584,0.662857,0.5393378,0.246642,0.8564598,0.8329936,0.1537172,0.7458158,0.5708162,0.5685264,0.1565178,0.4287076,0.5816572,0.1945048,0.8514356,0.5016022,0.2397452,0.8286884,0.8113204,0.1513334,0.3668798,0.5475514,0.1897494,0.8718702,0.605551,0.1975652
0.6082956,0.622641,0.1993246,0.8820604,0.4470092,0.2191092,0.6710864,0.5216466,0.1696628,0.7493594,0.564333,0.2186342,0.665906,0.5097488,0.169988,0.5184518,0.569088,0.1850906,0.633674,0.4886374,0.2055584,0.6390194,0.650162,0.264028,0.6025106,0.5888518,0.187012,0.8058546,0.5852916,0.2417446,0.8476158,0.6423428,0.172333,0.6150118,0.5516592,0.1725016,0.6499112,0.6593068,0.1862054,0.6625058,0.6951434,0.1591674,0.7653386,0.5683024,0.169777,0.7045828,0.7923968,0.2191798,0.6453978,0.7146414,0.1794478,0.6197318,0.6051668,0.1665186,0.63066,0.6027,0.1601538,0.670391,0.7853176,0.1689032,0.6045446,0.5884296,0.1765054,0.725872,0.5592836,0.178695,0.6788876,0.538412,0.245088,0.8607286,0.8297198,0.1529686,0.744637,0.5665794,0.5626864,0.1567114,0.4280784,0.5772788,0.1939612,0.851347,0.5020816,0.2384382,0.8306402,0.812259,0.1517222,0.3700672,0.544286,0.1910634,0.8707816,0.6092256,0.19782
0.6127278,0.621295,0.1994772,0.8841044,0.4431818,0.2201072,0.6727008,0.5222504,0.1696728,0.7521038,0.5601434,0.2183894,0.6642078,0.5112261,0.168802,0.5165462,0.5661828,0.1847604,0.6469358,0.4900954,0.207049,0.6349716,0.6543756,0.2636822,0.6064554,0.5892258,0.1870812,0.8162224,0.586134,0.2421118,0.847824,0.6403328,0.1704568,0.6108066,0.5526256,0.1717276,0.6570174,0.6610396,0.1849942,0.671151,0.7076244,0.1598,0.7692942,0.5675394,0.168016,0.7141212,0.7904228,0.220216,0.6436452,0.718172,0.1782454,0.6124994,0.6014144,0.1656962,0.6348076,0.5955248,0.1598236,0.6766118,0.7851696,0.1693042,0.5986338,0.5969876,0.1770622,0.7220784,0.5579996,0.1787914,0.6722138,0.5396524,0.2460886,0.8521862,0.8337186,0.1523382,0.7367952,0.565843,0.560104,0.157806,0.4315158,0.5762904,0.192017,0.851567,0.5015036,0.238353,0.8126652,0.8141534,0.1531914,0.371032,0.5451314,0.19063,0.8649126,0.6061438,0.1976156
0.6158148,0.62147,0.1996254,0.8912728,0.4417664,0.2176146,0.6649164,0.5177646,0.1694616,0.7567234,0.5589808,0.2184888,0.667939,0.5120662,0.1687838,0.5245208,0.5653126,0.1843472,0.6487772,0.4926324,0.2051182,0.6453558,0.6574892,0.264258,0.603818,0.5935062,0.188175,0.8170424,0.583047,0.2438742,0.858097,0.6377998,0.1702732,0.6098578,0.5532674,0.1704006,0.6506662,0.6587208,0.1830906,0.671438,0.7132978,0.1577816,0.774769,0.5642876,0.1709813,0.7225774,0.7859984,0.2222124,0.6451238,0.7154008,0.1788578,0.6061874,0.6011918,0.1655248,0.6300062,0.5986652,0.1589882,0.663103,0.7808452,0.1681162,0.6067788,0.5954032,0.1778308,0.728886,0.553818,0.1781444,0.6837634,0.5433338,0.2457036,0.8607416,0.8300916,0.1531502,0.740824,0.5715226,0.5616556,0.1559224,0.4301654,0.5808512,0.1920196,0.855438,0.4964126,0.2403688,0.8281216,0.8101656,0.1537796,0.3720564,0.5469164,0.1891036,0.8716082,0.6033932,0.1973502
0.600827,0.6181988,0.198217,0.887176,0.438205,0.2180316,0.660982,0.522015,0.1685768,0.752542,0.5593348,0.2195402,0.670521,0.5140334,0.1667596,0.521128,0.564299,0.185215,0.6555056,0.4941266,0.2042384,0.6379346,0.655138,0.2641148,0.6026986,0.5957706,0.1885574,0.8191716,0.5801064,0.2447458,0.860337,0.6375394,0.172317,0.5997778,0.5496608,0.1689342,0.6470524,0.6585432,0.1827448,0.6751702,0.7283422,0.1590276,0.7801718,0.5642702,0.1698719,0.7341154,0.7882026,0.2234892,0.6382066,0.7182862,0.1779478,0.6095938,0.5981478,0.1648912,0.622729,0.6068108,0.1579294,0.6652548,0.7837284,0.1697408,0.5999932,0.6055396,0.1794832,0.7421142,0.5548142,0.1759338,0.6826988,0.544778,0.2469564,0.8636456,0.8270216,0.1551206,0.7400646,0.5663754,0.5593692,0.1568936,0.4275212,0.5779994,0.1924402,0.8516588,0.4970721,0.2397294,0.8317092,0.8060774,0.1524844,0.3693132,0.545584,0.1885104,0.867624,0.6026444,0.1970852
0.6101704,0.6156736,0.1979866,0.892301,0.4360264,0.2189624,0.667256,0.5173902,0.1664794,0.7513044,0.563798,0.2173682,0.6586788,0.5153952,0.1675588,0.5145884,0.5691552,0.1844554,0.669015,0.494838,0.2041734,0.6490398,0.6641914,0.2643078,0.5931984,0.6016122,0.1882688,0.8105928,0.5843622,0.2430568,0.8570148,0.6389078,0.1724918,0.6001336,0.552416,0.1693006,0.6445974,0.6604978,0.1830048,0.662649,0.7316458,0.1591696,0.787919,0.5587608,0.1705844,0.7418468,0.78968,0.2218444,0.6356812,0.7177154,0.1785542,0.6155506,0.5937492,0.1638526,0.6260304,0.6043558,0.1577048,0.6743118,0.7892712,0.1698806,0.605346,0.6172178,0.1781752,0.7448708,0.554508,0.172734,0.6709874,0.5398516,0.2451426,0.8641438,0.8244592,0.1551538,0.7288078,0.569028,0.5539746,0.1573616,0.428185,0.5779426,0.1950288,0.862656,0.4950941,0.2379034,0.8584526,0.8029756,0.151698,0.3688454,0.546609,0.1878822,0.8647434,0.6036778,0.1967304
0.6058688,0.6117658,0.1972516,0.8802882,0.4346632,0.2177732,0.6640672,0.5166128,0.1657736,0.7608252,0.5620228,0.217638,0.6593322,0.515853,0.1669346,0.5165466,0.5669116,0.1854672,0.6671004,0.4921728,0.2027704,0.6490722,0.6634712,0.263753,0.591022,0.6046054,0.1878544,0.809189,0.5833644,0.243634,0.8641298,0.639731,0.1734458,0.6017735,0.5587194,0.16956,0.6368978,0.659046,0.1818934,0.6490442,0.744774,0.1583786,0.7751696,0.554999,0.170474,0.7275146,0.7975998,0.2210184,0.637156,0.7176938,0.179904,0.620533,0.5898324,0.1637608,0.6213138,0.6033594,0.1576168,0.6805058,0.7889822,0.1695302,0.595243,0.6300086,0.1792018,0.7550124,0.5519688,0.1729722,0.6828728,0.537824,0.2479442,0.8656344,0.8202898,0.1530188,0.727806,0.5691448,0.5584962,0.157457,0.42852,0.5816912,0.1954982,0.8652706,0.4975095,0.2389288,0.849069,0.8087342,0.151856,0.370927,0.5443568,0.1858784,0.862924,0.6108404,0.1988608
0.6105734,0.6066656,0.1978206,0.8652064,0.4311998,0.2190786,0.6661904,0.5127514,0.1646006,0.763521,0.5687426,0.21647,0.6658662,0.5153714,0.166118,0.5184762,0.5650946,0.1830728,0.6724552,0.4922386,0.2038824,0.646051,0.662313,0.258612,0.5943444,0.6036758,0.189379,0.8087914,0.5749126,0.2426388,0.8640474,0.6339978,0.174035,0.6017581,0.555708,0.1707874,0.6411894,0.6620884,0.1827274,0.6564942,0.7514714,0.1578856,0.7699528,0.5517158,0.1699874,0.7192444,0.803314,0.2222228,0.6331454,0.7217802,0.1793558,0.6135002,0.587895,0.1638436,0.6234864,0.6044606,0.1566472,0.6720282,0.7885704,0.1702812,0.5905826,0.6353382,0.1795424,0.7565978,0.5531572,0.1747358,0.6852994,0.5310384,0.247387,0.857323,0.8260266,0.1528276,0.7347088,0.5655424,0.5502324,0.157375,0.4291592,0.5841566,0.1941204,0.8586466,0.4943985,0.2396474,0.856995,0.8091496,0.1517948,0.363471,0.5468646,0.1860348,0.8610764,0.610245,0.1983444
0.6116042,0.6052984,0.19826,0.8716608,0.4423206,0.219457,0.6733586,0.5142422,0.1668478,0.7500956,0.5727894,0.2150842,0.6682184,0.5195572,0.1657538,0.5160638,0.5660594,0.1812018,0.6769352,0.4909772,0.2042678,0.6434236,0.6650866,0.2614582,0.5876698,0.5987838,0.1880696,0.7996364,0.5705628,0.24531,0.868304,0.6320716,0.1757112,0.6029949,0.5489984,0.1683212,0.6614754,0.6627916,0.1824934,0.6511994,0.7563708,0.1606436,0.7639596,0.5497686,0.1696946,0.7164382,0.820018,0.2235112,0.6364562,0.7279812,0.1784218,0.612791,0.5867434,0.1615012,0.6268806,0.6031178,0.1557062,0.6677294,0.787663,0.1707074,0.585984,0.640587,0.1787406,0.7598348,0.5527332,0.174788,0.6933488,0.5337264,0.2478346,0.8712336,0.8096078,0.152867,0.7372216,0.568712,0.5525986,0.1557258,0.4276992,0.5796166,0.1942838,0.8627306,0.4925025,0.2401036,0.8641434,0.8068438,0.1497666,0.366662,0.5473012,0.1853012,0.8625084,0.6090144,0.1993862
0.610748,0.603309,0.196047,0.8680578,0.4426058,0.218551,0.6758678,0.5144462,0.166846,0.7452948,0.5691726,0.2161038,0.656053,0.5213954,0.1664476,0.5159668,0.5625098,0.1812866,0.6728064,0.4892284,0.2014848,0.6499346,0.6629982,0.2631992,0.6058614,0.5980546,0.1862014,0.8171612,0.573734,0.2490916,0.8630398,0.6315114,0.1766808,0.597456,0.551582,0.1676252,0.670891,0.6550742,0.1847492,0.6565052,0.7581976,0.1589868,0.7664564,0.5428272,0.1683222,0.7197832,0.826688,0.2212432,0.636284,0.7246502,0.1771238,0.6131916,0.588718,0.1607784,0.6249588,0.6014364,0.1542782,0.6762236,0.7839926,0.1711708,0.5888538,0.6350192,0.1772722,0.766316,0.5590766,0.1747534,0.681165,0.5372712,0.2474094,0.8702672,0.8262648,0.1526338,0.7395676,0.5667058,0.5534888,0.1544884,0.4329506,0.580861,0.1930262,0.8571116,0.4890617,0.2392408,0.8677758,0.8032034,0.1506482,0.3630638,0.5470356,0.183792,0.8559688,0.6161532,0.199497
0.6081118,0.5997312,0.1968946,0.8726856,0.4407512,0.216967,0.662088,0.513605,0.16782,0.7711496,0.5699084,0.2169256,0.6685392,0.5130888,0.1675456,0.5144812,0.5594706,0.1835188,0.6717548,0.4875508,0.2016766,0.6498294,0.6607404,0.262351,0.6106054,0.5959974,0.1856732,0.8123468,0.5700074,0.2534952,0.8524412,0.629227,0.1768184,0.5914236,0.5524584,0.1662676,0.6717942,0.6552526,0.1849404,0.6491416,0.7529432,0.1581962,0.7547166,0.541029,0.1681398,0.7191228,0.8406872,0.2204576,0.6276752,0.7296336,0.1771438,0.6127312,0.5851884,0.1585764,0.6259262,0.5924918,0.1532816,0.687501,0.7865278,0.1708204,0.5877854,0.6462208,0.176897,0.7654392,0.5560094,0.1736732,0.6851248,0.5386288,0.2473046,0.8615244,0.84075,0.152282,0.73989,0.5652306,0.5492196,0.1534108,0.433204,0.5832096,0.1929006,0.8596254,0.4844547,0.240486,0.8541796,0.8032278,0.148963,0.3662912,0.5462402,0.1841422,0.8631224,0.6176904,0.200217
0.617349,0.5996302,0.1997276,0.8758854,0.4471972,0.2150332,0.6634498,0.5073902,0.1687294,0.7754916,0.5725712,0.2144994,0.676677,0.510824,0.1665982,0.5125068,0.558675,0.1840278,0.6636738,0.4838426,0.201863,0.6508404,0.6633826,0.2637864,0.6150618,0.5987992,0.1839096,0.8145528,0.575181,0.2559048,0.8535268,0.6431156,0.1785618,0.5828172,0.5558428,0.1669614,0.6665762,0.6553374,0.1846548,0.6567116,0.7532152,0.1594568,0.7611478,0.545885,0.1680832,0.7205218,0.848479,0.2212996,0.6233896,0.7257252,0.175403,0.6130566,0.5860518,0.1582296,0.6331208,0.5931686,0.1529352,0.6742488,0.7880706,0.1704758,0.5843442,0.653873,0.1757924,0.753659,0.5532348,0.1727182,0.6948182,0.5340478,0.2483446,0.8465492,0.8574196,0.1519608,0.7315944,0.565964,0.5484344,0.1529424,0.4356406,0.5830334,0.1930624,0.8665382,0.4892776,0.2391438,0.8563352,0.8040396,0.1479782,0.3632402,0.5485322,0.1827282,0.831195,0.615395,0.2025544
0.6158542,0.5957904,0.1989674,0.8847806,0.444236,0.214517,0.6626722,0.5064582,0.1683904,0.7881814,0.5700968,0.2174586,0.6812012,0.5059616,0.1685454,0.5260018,0.5543772,0.1836554,0.6658204,0.4887384,0.200035,0.6481996,0.6571958,0.2603524,0.6282796,0.6015562,0.1831238,0.8082896,0.5683714,0.254639,0.8539288,0.6549636,0.1790008,0.5783444,0.5509334,0.1666202,0.6751534,0.6463286,0.186199,0.6576898,0.7585662,0.1609968,0.7669814,0.5431256,0.1679416,0.709061,0.8556476,0.2217222,0.6252552,0.7197026,0.1762194,0.616489,0.5837674,0.1564774,0.6362762,0.5914072,0.1512448,0.6760296,0.7932136,0.1686842,0.6008216,0.6553486,0.1761308,0.7541306,0.551921,0.1713532,0.6929026,0.535897,0.2479734,0.8563402,0.8596864,0.150226,0.7252402,0.5680072,0.5472222,0.1544004,0.4400142,0.5871714,0.1931266,0.8574476,0.490519,0.2374366,0.8627936,0.7992652,0.1470728,0.3609014,0.5482128,0.1831844,0.8391102,0.6144332,0.1996942
0.619195,0.5966798,0.2028426,0.8781962,0.4462534,0.2160198,0.6730104,0.506691,0.168165,0.7910608,0.571215,0.2146664,0.6889238,0.499184,0.1683152,0.5226168,0.554497,0.1847062,0.6798764,0.4797048,0.2012966,0.643788,0.6503678,0.2630938,0.6381474,0.6013466,0.1831236,0.8074708,0.5693082,0.2547266,0.8498294,0.6644421,0.1786566,0.5756504,0.5502952,0.1677264,0.6947882,0.6450866,0.1861326,0.6616404,0.7613406,0.1609284,0.7646862,0.5513158,0.1688552,0.702868,0.857401,0.222166,0.6284266,0.7224846,0.1769586,0.6135084,0.5870946,0.157075,0.6328348,0.5911802,0.152729,0.6747674,0.7894834,0.1678954,0.6026656,0.6591766,0.1758048,0.7678818,0.5524502,0.1717394,0.7056688,0.5390394,0.2440832,0.852498,0.8583008,0.1507088,0.7192738,0.5630418,0.5439926,0.1553854,0.4378314,0.590357,0.1916268,0.8639274,0.4911112,0.238806,0.8462866,0.8016932,0.1467844,0.3627068,0.5425766,0.1833938,0.8580032,0.613405,0.2012976
0.6282784,0.5999294,0.2024538,0.8749674,0.4425898,0.2146478,0.6851796,0.5073666,0.1658296,0.7956374,0.5733046,0.211392,0.6910126,0.4964926,0.1664972,0.5137924,0.5597524,0.1842018,0.6831336,0.4773072,0.2034554,0.65203,0.648673,0.2648124,0.6283048,0.5993626,0.183438,0.8104104,0.571292,0.2569628,0.8434994,0.673669,0.1805916,0.5786376,0.553082,0.167604,0.7013296,0.638254,0.185142,0.6603826,0.7630936,0.1621056,0.7503638,0.5588054,0.167496,0.7078992,0.8526378,0.2217826,0.633186,0.7295378,0.1777956,0.608582,0.5818478,0.1562514,0.6363852,0.5900056,0.1503504,0.6820724,0.7903592,0.168838,0.588779,0.660937,0.174277,0.7744298,0.5560466,0.170751,0.7102202,0.5428434,0.2473878,0.8556552,0.8537578,0.1516762,0.718177,0.5621258,0.5435632,0.1534042,0.4319112,0.591312,0.1913668,0.8686892,0.4933324,0.237667,0.8417724,0.8059292,0.1451242,0.3594728,0.5417964,0.1821652,0.8645426,0.6131098,0.2017524
0.64339,0.5963386,0.202294,0.8795666,0.4397146,0.212382,0.6899918,0.5000052,0.1665264,0.793764,0.5766938,0.215672,0.6840228,0.4994704,0.1668,0.5263108,0.5593116,0.1838618,0.683506,0.4725946,0.2023052,0.6530424,0.6482684,0.2650608,0.6388118,0.5996474,0.1822346,0.8067626,0.5669282,0.2564856,0.8282508,0.6767178,0.1814424,0.5864328,0.5499634,0.1675482,0.7058316,0.6410068,0.1874842,0.6643448,0.7650346,0.160877,0.7787088,0.556216,0.167602,0.706732,0.8540556,0.2213612,0.6436194,0.727615,0.1794406,0.61381,0.5776646,0.15616,0.6293672,0.5940392,0.1510876,0.685139,0.7882752,0.1687502,0.5921916,0.6602582,0.1750894,0.7720006,0.5532824,0.171757,0.7214136,0.5473374,0.2471592,0.853017,0.8616918,0.1526778,0.7228106,0.5605458,0.5384498,0.153162,0.4282404,0.5906702,0.188446,0.8668862,0.4878278,0.2377826,0.8540598,0.80393,0.1454184,0.3573812,0.5397084,0.1803644,0.8714454,0.608922,0.2044588
0.6536644,0.5903042,0.200506,0.8810138,0.4424854,0.2120482,0.6966902,0.5020214,0.1666874,0.7882058,0.5785176,0.214596,0.7021884,0.4992844,0.1656738,0.521382,0.5559936,0.183205,0.6767618,0.475918,0.2023488,0.650275,0.6455374,0.2651014,0.6413196,0.5921356,0.1814436,0.7887924,0.5688138,0.2591216,0.8412102,0.6766076,0.1810752,0.595068,0.5465076,0.168973,0.7039078,0.6363506,0.1890532,0.6640918,0.7665712,0.1624142,0.7999682,0.5655876,0.1661167,0.709543,0.8585216,0.2218258,0.6402926,0.7205706,0.1814408,0.6122572,0.5795778,0.156171,0.6336256,0.5929492,0.1508708,0.6807684,0.790469,0.1691024,0.5889832,0.6605028,0.174563,0.759233,0.5508554,0.172381,0.7144026,0.5409608,0.24772,0.858926,0.8615772,0.154058,0.7223624,0.5529706,0.534156,0.1522116,0.4283242,0.587968,0.1904504,0.863746,0.4963352,0.2372404,0.8573968,0.8058194,0.1438802,0.3580307,0.537804,0.1778094,0.8779788,0.6060056,0.2036838
0.6487604,0.5898648,0.1993504,0.8803622,0.4440672,0.2118032,0.6971786,0.5042222,0.166431,0.7961134,0.5766968,0.2146504,0.7036108,0.498513,0.1665452,0.5367448,0.5570348,0.1836114,0.6761494,0.4749802,0.2029768,0.6414154,0.639066,0.2647732,0.6303508,0.5979612,0.1802918,0.7992228,0.5707896,0.2608088,0.8499876,0.6803558,0.1810196,0.5925146,0.544727,0.1685266,0.7048102,0.633464,0.1879524,0.6554526,0.770141,0.1629006,0.8001214,0.5638726,0.1650023,0.7064062,0.8630282,0.221465,0.643578,0.7233248,0.1816606,0.6078738,0.5799336,0.1576914,0.6400094,0.593013,0.1527784,0.6862782,0.7911342,0.1692928,0.5992014,0.6550394,0.1764342,0.7716662,0.5454892,0.1750364,0.713914,0.537504,0.2496186,0.8493848,0.8646988,0.15233,0.7256962,0.5551118,0.5304484,0.1525446,0.4292406,0.589016,0.1904414,0.8662992,0.4926774,0.2368154,0.8561748,0.8035828,0.1423486,0.3591681,0.5337252,0.1759324,0.8844468,0.6046236,0.2034928
0.6551186,0.5871984,0.1986232,0.8885334,0.450621,0.2111732,0.7120498,0.5027104,0.1649134,0.7946972,0.579452,0.2119582,0.695926,0.499465,0.1673466,0.529083,0.557544,0.182104,0.6686978,0.4773026,0.2029756,0.636584,0.641684,0.2634738,0.6231076,0.5975736,0.1803246,0.8165628,0.5687968,0.2607692,0.8609666,0.6836098,0.1816956,0.5977209,0.5459928,0.1685354,0.7019992,0.6341362,0.1869686,0.6713376,0.7680218,0.1637906,0.7948392,0.5634288,0.1642757,0.7084554,0.8604732,0.2212928,0.6359064,0.7271778,0.1838658,0.6045966,0.584089,0.157145,0.6287462,0.586538,0.1521462,0.6849614,0.7929988,0.1686098,0.5958962,0.658475,0.1761088,0.7706598,0.5425494,0.1767552,0.7285595,0.540511,0.2488158,0.8640404,0.8686908,0.1523138,0.730335,0.5513474,0.5287326,0.150589,0.4302032,0.5832862,0.1899102,0.868343,0.4918466,0.240036,0.8506498,0.8037214,0.1410438,0.3608702,0.5316168,0.1744288,0.8932136,0.6021638,0.2024924
0.6593876,0.5823504,0.1992026,0.8854702,0.4488626,0.2144408,0.7280196,0.504594,0.1661804,0.802399,0.5791304,0.2111576,0.6992972,0.5007266,0.1684574,0.5310936,0.552544,0.1817262,0.670848,0.4741876,0.2025672,0.6428946,0.6366672,0.2637682,0.6280422,0.5949162,0.1797564,0.8240812,0.567566,0.262102,0.858835,0.6837392,0.1807494,0.6097455,0.5475256,0.167286,0.6886274,0.626644,0.188104,0.664905,0.7630676,0.163018,0.7844832,0.5638276,0.1638587,0.699404,0.861672,0.222655,0.6230962,0.7294756,0.1868718,0.6032856,0.580961,0.1574468,0.6272548,0.5779136,0.1512272,0.6854786,0.793283,0.167771,0.5905416,0.6587622,0.1762598,0.7747698,0.5361094,0.175701,0.7350551,0.5426032,0.2492096,0.8479834,0.869335,0.1526398,0.7170208,0.551756,0.5245192,0.1489234,0.4328092,0.5824342,0.1893676,0.8596232,0.491236,0.2390574,0.8565914,0.8045026,0.1393686,0.3619294,0.5330166,0.173925,0.8954286,0.6006256,0.2012566
0.6596892,0.5799694,0.1976714,0.8720384,0.4457464,0.2127514,0.7223896,0.5032034,0.1681668,0.7828302,0.5778822,0.2127036,0.6987992,0.4981616,0.1685226,0.526996,0.5540682,0.1822034,0.6666232,0.4745102,0.201188,0.6533088,0.62584,0.2653188,0.6379678,0.5929912,0.1804346,0.847702,0.5689238,0.2616482,0.8433036,0.686464,0.1801998,0.6135811,0.5446906,0.1674896,0.7030608,0.6199292,0.1880254,0.6653526,0.7614064,0.1621068,0.784372,0.5626838,0.1639592,0.7118222,0.8616404,0.219846,0.631722,0.7276178,0.1876582,0.6025314,0.580106,0.157922,0.626591,0.5795984,0.1510886,0.6942046,0.789605,0.166521,0.5837008,0.654719,0.1752916,0.7700514,0.5317444,0.1763532,0.7512034,0.5426656,0.2484238,0.8514916,0.8710714,0.1550924,0.7166182,0.5540526,0.5217978,0.148495,0.4324718,0.583232,0.1891698,0.866575,0.4893304,0.2412722,0.8701142,0.8078402,0.1399882,0.3596572,0.5313374,0.1727454,0.8905388,0.607141,0.2020376
0.6481972,0.5779944,0.198943,0.8691434,0.4470916,0.2129382,0.7205064,0.4992228,0.1674908,0.797937,0.5767402,0.2128746,0.7013834,0.4982554,0.167874,0.5207218,0.5503486,0.1811738,0.6715834,0.4748902,0.1990534,0.6538001,0.6241808,0.2625192,0.638687,0.5911446,0.1798504,0.8480498,0.5727164,0.262175,0.8363738,0.6899356,0.1790206,0.6026372,0.543866,0.1677068,0.697301,0.6196796,0.1878598,0.6696044,0.766661,0.1614916,0.7804606,0.5649692,0.1652426,0.7085544,0.8630874,0.2231156,0.6328532,0.7276206,0.1897266,0.6017086,0.5789554,0.1575178,0.6294604,0.5780796,0.1495668,0.7120504,0.7870526,0.1655468,0.5926554,0.6562306,0.1742116,0.7758392,0.5268114,0.1771682,0.7528018,0.5480888,0.245986,0.8646458,0.868208,0.1542716,0.7206882,0.5522822,0.5204162,0.1485006,0.437251,0.5783414,0.1877126,0.8604276,0.4921858,0.2399826,0.8551264,0.8087414,0.1396386,0.3604076,0.5327524,0.1737882,0.896829,0.5999694,0.2019694
0.6561626,0.5766406,0.198355,0.8957806,0.4466348,0.212984,0.7189518,0.5033132,0.1671872,0.799794,0.5783568,0.2124074,0.7131788,0.4960882,0.1684292,0.5177595,0.5502766,0.1800948,0.6689494,0.4682836,0.1983464,0.6407947,0.624318,0.2651714,0.6447848,0.5888604,0.1805028,0.8556596,0.5735212,0.26146,0.8429998,0.6887898,0.1791556,0.6184884,0.5458198,0.1664606,0.6944128,0.6225724,0.186579,0.6594376,0.7611982,0.1618432,0.7750092,0.5635626,0.166301,0.702397,0.8642276,0.22626,0.617882,0.7293768,0.1896724,0.5969942,0.5817114,0.1556796,0.6485406,0.5790032,0.1510334,0.7220454,0.7859652,0.164127,0.5974376,0.6600644,0.172676,0.777986,0.5262674,0.1762132,0.7451158,0.54126,0.2479242,0.8349688,0.8676072,0.1540722,0.7216062,0.5462778,0.5177246,0.1471866,0.4388696,0.5828158,0.1860924,0.8498418,0.4918698,0.2403108,0.855676,0.807079,0.1383656,0.3569878,0.5299252,0.1723028,0.8919118,0.5977534,0.201611
0.650189,0.580265,0.1973778,0.8725052,0.4447552,0.2098668,0.733599,0.5003146,0.1664144,0.7951944,0.5802304,0.2108466,0.7045008,0.5012186,0.1677582,0.523203,0.5528612,0.1792274,0.6791754,0.467252,0.198696,0.6449821,0.623185,0.264708,0.6384936,0.5909688,0.178989,0.8462462,0.5740066,0.2643288,0.8328392,0.687337,0.178429,0.6149984,0.5405424,0.1663866,0.6932142,0.6182564,0.1836628,0.6578218,0.7549032,0.1632768,0.7856374,0.5659708,0.1647732,0.7031468,0.8596216,0.2322208,0.6228132,0.7227912,0.1919274,0.5960552,0.5799134,0.1557634,0.6475422,0.5766294,0.152543,0.7339476,0.7821182,0.1629658,0.5912854,0.6587012,0.1726638,0.7745526,0.5272672,0.1748684,0.7415578,0.5364452,0.2458768,0.8512116,0.8669024,0.1544822,0.7361432,0.5440098,0.5177116,0.1464992,0.4421734,0.5853718,0.1862,0.8640544,0.4932876,0.2401674,0.8577886,0.8292874,0.137299,0.3534452,0.529959,0.1725724,0.8910498,0.5955354,0.201512
0.6603924,0.583674,0.1987392,0.8801712,0.44254,0.2089936,0.7278932,0.500993,0.166641,0.7891454,0.5780684,0.2083556,0.705864,0.5022986,0.1667994,0.513647,0.5465724,0.1795772,0.6736328,0.46626,0.1983664,0.6395646,0.6154982,0.2615392,0.6503076,0.5945068,0.1781018,0.8615928,0.5770208,0.2653396,0.8500976,0.686925,0.1778188,0.619554,0.542662,0.1659068,0.6925184,0.6151332,0.1815804,0.6640492,0.7530948,0.1648744,0.8041584,0.5646694,0.1640392,0.7057774,0.8564136,0.2325034,0.6204132,0.7204702,0.191254,0.5999938,0.5781288,0.1573724,0.6561828,0.5733666,0.1523958,0.7394132,0.784217,0.1626288,0.5932724,0.6545366,0.1717604,0.7798914,0.525975,0.1734882,0.7391914,0.538604,0.2451268,0.86936,0.8658716,0.153333,0.7254324,0.5465494,0.5137956,0.1475142,0.439685,0.5899492,0.1864532,0.8696304,0.491015,0.2393604,0.870545,0.8437634,0.1360322,0.3552518,0.5292526,0.173716,0.8937854,0.5986978,0.2014528
0.667516,0.5819022,0.1989538,0.8808212,0.440535,0.2080754,0.7143914,0.5003902,0.1678176,0.7847056,0.5791736,0.2100832,0.701219,0.5040508,0.1653822,0.5200508,0.5454588,0.1795412,0.668814,0.4657424,0.1962084,0.6445956,0.614763,0.261584,0.6476542,0.5895014,0.1775228,0.8650572,0.574944,0.262984,0.854409,0.6882036,0.1790004,0.6140948,0.538749,0.1661258,0.6966942,0.6134972,0.1803724,0.6593904,0.7575812,0.1637504,0.81313,0.5630656,0.1628944,0.697062,0.8604742,0.2355574,0.6209512,0.7181656,0.191111,0.5966612,0.5829282,0.157794,0.6689834,0.5704516,0.1521412,0.7382474,0.7835192,0.1612574,0.6114002,0.651865,0.170008,0.7705026,0.521357,0.1747014,0.7423328,0.5411426,0.2459856,0.8703732,0.868759,0.1528268,0.7192022,0.546695,0.5162194,0.1474576,0.441561,0.5844286,0.185521,0.8703588,0.4873016,0.239011,0.8698956,0.8611934,0.135168,0.3537686,0.5233298,0.172834,0.890104,0.5936374,0.1993852
0.6652177,0.5795378,0.2000708,0.89579,0.4446462,0.2070316,0.7182212,0.4967358,0.166156,0.7906436,0.5786082,0.2103846,0.7107188,0.5047284,0.1651406,0.5132548,0.5446444,0.178849,0.6656592,0.462894,0.1940928,0.6420504,0.6107818,0.2605612,0.636256,0.5843956,0.1766914,0.8563372,0.5742372,0.2627608,0.8582092,0.6880366,0.1785428,0.610487,0.5356152,0.1655096,0.70712,0.6099134,0.1798456,0.6593904,0.7549192,0.1626748,0.8155744,0.5616544,0.1618272,0.7048076,0.8590596,0.2353172,0.6188894,0.716079,0.1911292,0.6033946,0.5909498,0.1583828,0.6697816,0.5664982,0.1502488,0.740148,0.7798314,0.1623294,0.614052,0.6573788,0.1676404,0.7717228,0.5174402,0.176053,0.7415442,0.5410286,0.2468682,0.8722648,0.8648584,0.1522946,0.7243986,0.5445846,0.5149336,0.147042,0.4503972,0.582524,0.1822614,0.8738684,0.4851864,0.2378124,0.8688084,0.8700978,0.135074,0.353778,0.5200638,0.1727742,0.8879528,0.593766,0.1988044
0.6539125,0.5801796,0.1967346,0.890546,0.4468484,0.2072028,0.7196336,0.4962514,0.1664166,0.7932582,0.5761358,0.2099568,0.7041844,0.5023244,0.1645272,0.5100714,0.5424386,0.1802018,0.6607556,0.4568454,0.1929924,0.6482484,0.6052826,0.2629202,0.6417552,0.5852558,0.1764748,0.8451952,0.5690922,0.2614698,0.8631276,0.6876628,0.1800714,0.6170906,0.534639,0.1670116,0.6992886,0.609693,0.178911,0.6694214,0.751825,0.1636348,0.8104878,0.5621826,0.1614478,0.7011966,0.8583796,0.2375528,0.6248662,0.720958,0.1913576,0.6076916,0.5937338,0.1578966,0.6775534,0.5715224,0.1485954,0.7494168,0.7797438,0.1617766,0.6174036,0.658676,0.1700678,0.7837098,0.5133436,0.175403,0.7435414,0.5384666,0.245223,0.8695282,0.8684876,0.1525224,0.723145,0.5427312,0.5151142,0.1474092,0.4527982,0.5826456,0.1807094,0.871175,0.4865924,0.2370712,0.859202,0.8768946,0.1342194,0.350739,0.5240868,0.173521,0.8851094,0.5957566,0.1985854
0.6637871,0.5772412,0.1966034,0.8972976,0.4477714,0.2041116,0.7175114,0.4963344,0.1667952,0.7780418,0.5719252,0.2096404,0.7142338,0.5006364,0.1631376,0.5128298,0.541578,0.1794504,0.6698776,0.4522322,0.1930362,0.655956,0.596358,0.259376,0.6388168,0.5816636,0.1760638,0.8498314,0.5649752,0.2618608,0.8591772,0.6900082,0.1784356,0.6038124,0.5348592,0.1673838,0.6985132,0.6046278,0.1773916,0.669389,0.758647,0.165216,0.809133,0.5674118,0.1610818,0.7103936,0.8612484,0.2378036,0.6302902,0.718659,0.1905998,0.602559,0.596315,0.1570968,0.6795976,0.571514,0.147123,0.7465108,0.7793352,0.1601548,0.618524,0.6607228,0.168683,0.7837892,0.5091774,0.1741228,0.7532916,0.5369854,0.2451662,0.8673196,0.8635026,0.1539982,0.7065542,0.5395534,0.515695,0.1481044,0.4492152,0.5825256,0.179188,0.8685586,0.4866268,0.2370736,0.8703654,0.8818942,0.13205,0.3463434,0.5196746,0.1720534,0.88052,0.5920894,0.1977888
0.6588837,0.5758898,0.1951842,0.887532,0.4488746,0.2046554,0.7281132,0.5006592,0.1663434,0.7879304,0.5702822,0.2099144,0.7099292,0.501556,0.162511,0.5046944,0.5364804,0.1793294,0.6677638,0.4549066,0.1927946,0.6527876,0.5951134,0.260499,0.6309208,0.5790586,0.1753362,0.8518256,0.560215,0.2627388,0.857947,0.692754,0.1774226,0.6112606,0.5336406,0.1672242,0.6994406,0.6034528,0.1787366,0.6645602,0.7497344,0.166763,0.8075896,0.5710938,0.161255,0.7098544,0.861268,0.2390862,0.6261428,0.717245,0.1905956,0.5962522,0.59529,0.157545,0.6797146,0.5693728,0.149068,0.7502142,0.7749716,0.1617602,0.6251424,0.657102,0.1680152,0.7840114,0.503984,0.175071,0.7458082,0.5320884,0.2453256,0.864413,0.853391,0.1543976,0.7227492,0.5333124,0.516911,0.1474796,0.4466574,0.5850382,0.1786054,0.8591608,0.4859798,0.2372884,0.8698096,0.880264,0.1317986,0.3481454,0.5186992,0.1726876,0.880559,0.5826588,0.1976598
0.6658162,0.5803572,0.1941632,0.8853574,0.4469914,0.2049982,0.7271068,0.4962676,0.16498,0.792823,0.5674274,0.2102274,0.7242542,0.5027302,0.1624126,0.5142028,0.5313832,0.1781536,0.6610148,0.4497438,0.1931386,0.6481428,0.59334,0.2609194,0.629831,0.570338,0.1771382,0.8541484,0.5597702,0.2650258,0.8555818,0.695526,0.1779782,0.6156866,0.5304522,0.1671858,0.7050956,0.6012292,0.1785814,0.6679398,0.7550232,0.1658968,0.8146594,0.5695456,0.1602268,0.7177554,0.8612016,0.2408498,0.6312088,0.7115478,0.1917702,0.591468,0.5976328,0.1577818,0.6834018,0.5707032,0.1468428,0.748361,0.7804224,0.1609982,0.6140942,0.6604762,0.1681014,0.7811918,0.499073,0.176637,0.7410438,0.5309476,0.246383,0.8652458,0.8617194,0.1548958,0.7267994,0.5334402,0.5091628,0.1482416,0.44835,0.5824306,0.1802218,0.8436772,0.4903854,0.2362596,0.8521388,0.878691,0.1305736,0.3498904,0.5194112,0.171743,0.879332,0.5793346,0.1949234
0.651667,0.5786894,0.1920826,0.8877454,0.4465086,0.2035112,0.7358978,0.4966824,0.1661528,0.791066,0.5608102,0.2081928,0.720734,0.4985842,0.1607874,0.5148732,0.5349988,0.176607,0.6641292,0.4496134,0.190506,0.6486172,0.593567,0.2586748,0.6343952,0.5718696,0.1757772,0.8606086,0.5612152,0.263588,0.865386,0.6933338,0.1775582,0.61014,0.5300234,0.1660652,0.6982904,0.603194,0.1791268,0.659671,0.7504056,0.1657538,0.8199938,0.5738542,0.1597928,0.7183656,0.8619904,0.2406842,0.6332684,0.712155,0.1920364,0.591502,0.5928466,0.1569606,0.68718,0.564645,0.146104,0.7470318,0.7859638,0.1610444,0.6258578,0.6604686,0.167494,0.7659052,0.4960368,0.1786048,0.7481888,0.5297456,0.2464014,0.8671762,0.864074,0.1536854,0.7234778,0.5327348,0.5079708,0.149665,0.4460846,0.5841588,0.1815718,0.8739776,0.4891528,0.2428614,0.8478356,0.8787958,0.130154,0.3500696,0.514513,0.1706514,0.8901844,0.5777786,0.1952346
0.6615904,0.5794456,0.1919408,0.8797842,0.4432704,0.203889,0.7286664,0.497435,0.165041,0.7788956,0.5622604,0.20638,0.7135572,0.501303,0.1601194,0.514642,0.5395082,0.1780562,0.6588914,0.4531925,0.1895638,0.6513518,0.5871596,0.2615314,0.6275856,0.5714314,0.1756292,0.8566606,0.554271,0.2637758,0.857531,0.6892176,0.1780608,0.6098822,0.5321182,0.1656334,0.6920642,0.6053914,0.1780808,0.6693116,0.7472066,0.165348,0.8157442,0.572283,0.1606978,0.7160062,0.8600146,0.242113,0.6331494,0.7143928,0.1920056,0.6004618,0.5956944,0.1558386,0.6943056,0.56603,0.1445678,0.7568214,0.7863736,0.159583,0.6248632,0.660102,0.1673606,0.781347,0.4993998,0.1794066,0.7440934,0.5331674,0.2467964,0.872976,0.8641818,0.1522824,0.7398464,0.5348228,0.5046022,0.149549,0.441283,0.5849394,0.1792312,0.8738878,0.4844346,0.248237,0.8589946,0.8821508,0.129382,0.3455154,0.518756,0.171109,0.8965246,0.5779586,0.1969082
0.6617854,0.5843402,0.1913762,0.8856912,0.4434214,0.2026544,0.7244876,0.4968442,0.1664766,0.7718034,0.5632294,0.2043128,0.722317,0.4983982,0.1616646,0.5183962,0.5421416,0.176689,0.66053,0.4530751,0.189929,0.654607,0.5817968,0.2621476,0.622621,0.5679398,0.1746408,0.8422422,0.5507252,0.262395,0.858799,0.685834,0.1773026,0.6105234,0.5278758,0.164373,0.6952926,0.6057478,0.1780432,0.6559032,0.7526782,0.165041,0.8196068,0.5728164,0.1598502,0.7144004,0.8646774,0.243008,0.6269816,0.7176926,0.1916536,0.5994218,0.5952502,0.155094,0.6865234,0.5643478,0.143667,0.7595104,0.7898266,0.1590948,0.630973,0.6604974,0.1643562,0.7765362,0.499225,0.1820434,0.7476832,0.5325302,0.249375,0.8741614,0.8630528,0.1530828,0.7458984,0.534684,0.50169,0.1481784,0.4388128,0.5809988,0.1791388,0.8605772,0.4852292,0.249116,0.8750106,0.876406,0.131848,0.3412972,0.5152878,0.17182,0.8957754,0.5802256,0.198561
0.6582944,0.5822348,0.189514,0.8883672,0.4442084,0.2040998,0.7320932,0.500963,0.164206,0.7765322,0.5622732,0.2057924,0.715307,0.5008588,0.161785,0.520842,0.54197,0.1762022,0.6510246,0.4509102,0.1900988,0.6510252,0.5818214,0.2620396,0.6250574,0.5629452,0.1729316,0.8439146,0.5444762,0.2634648,0.853859,0.6879542,0.1771936,0.6137314,0.5298632,0.165014,0.6967886,0.606373,0.1774808,0.6435844,0.7547848,0.1656672,0.8083916,0.5750652,0.1589002,0.7314022,0.8628076,0.2413926,0.6275842,0.716007,0.189797,0.591276,0.5956856,0.1548958,0.6927914,0.5638924,0.1481886,0.758155,0.78418,0.160473,0.627678,0.6584852,0.164436,0.774948,0.5002472,0.1822718,0.7377072,0.5277548,0.2481418,0.8744262,0.8635998,0.1546248,0.7547996,0.5286344,0.5053286,0.1477152,0.4381032,0.5804172,0.1800052,0.8666536,0.4838918,0.252803,0.8667756,0.8771092,0.1295042,0.3450252,0.522654,0.1724772,0.9012026,0.5805318,0.1987614
0.6419024,0.5824898,0.1879622,0.8865188,0.441245,0.2037662,0.7450726,0.5026004,0.164041,0.7819708,0.5619692,0.2046862,0.7262846,0.5038488,0.1625788,0.5246214,0.540639,0.180074,0.6527622,0.4523536,0.189606,0.6460102,0.5781023,0.2605714,0.6218622,0.5616298,0.1730648,0.861548,0.540705,0.2635794,0.8547608,0.6867144,0.1756636,0.6194088,0.5223486,0.1657758,0.7015368,0.6031194,0.1770072,0.6515598,0.7535752,0.1656354,0.838929,0.5743912,0.1573006,0.7467928,0.8561054,0.2426582,0.6217104,0.713216,0.189971,0.5919284,0.5994032,0.1554116,0.6928664,0.5751564,0.1481232,0.7601632,0.7976106,0.1595692,0.6366404,0.6624658,0.1644016,0.7707724,0.497387,0.1828208,0.738497,0.5267198,0.2514078,0.8756842,0.8684022,0.1554192,0.761604,0.5267478,0.5123576,0.14768,0.4330448,0.5844488,0.1794794,0.85918,0.4831582,0.2543196,0.8673556,0.8797684,0.1284666,0.3462424,0.5256176,0.1707008,0.88508,0.5769612,0.1990412
0.6545578,0.581573,0.188046,0.8327786,0.4433626,0.2052516,0.738703,0.5034458,0.1620672,0.7881242,0.5646998,0.2052498,0.7279154,0.5077712,0.1616824,0.5219762,0.5396296,0.1781436,0.649926,0.4535168,0.1916078,0.646765,0.5813118,0.2587132,0.6149262,0.5602844,0.1721002,0.8641924,0.5387766,0.2629974,0.8605824,0.6852846,0.1734146,0.6120216,0.5183666,0.1643398,0.7080926,0.6005256,0.1760972,0.666662,0.750979,0.1636026,0.8224312,0.5749708,0.1563992,0.758984,0.8590474,0.2430176,0.6089842,0.7096988,0.1899764,0.6026832,0.607602,0.1564604,0.687175,0.5820116,0.1466528,0.7547158,0.8084244,0.1602244,0.6344612,0.6571954,0.1658848,0.7661698,0.493605,0.182603,0.7356232,0.5243858,0.2516912,0.8809238,0.864571,0.1550358,0.7500486,0.5286348,0.5124082,0.1469232,0.4292052,0.5783468,0.181282,0.8683222,0.4838384,0.2558856,0.8625548,0.875053,0.1268072,0.3495444,0.5254046,0.171993,0.8777128,0.5764592,0.1981538
0.6572134,0.58259,0.1873822,0.8417618,0.4410602,0.2083646,0.7477308,0.503816,0.161424,0.7890336,0.5631044,0.203085,0.7202496,0.509165,0.1618832,0.5249327,0.5406094,0.177636,0.6546132,0.4538522,0.19156,0.6541238,0.5821656,0.2583274,0.6201274,0.5627092,0.1699434,0.8530138,0.5380566,0.2643634,0.855333,0.681514,0.1738588,0.6151442,0.5176874,0.1631062,0.6960962,0.6011086,0.175016,0.6685622,0.7494398,0.163085,0.819573,0.5730694,0.1548656,0.7557518,0.8578188,0.2408916,0.6086234,0.7064962,0.1926328,0.6051784,0.6089386,0.1551512,0.6841824,0.587954,0.1457528,0.7638634,0.8282516,0.1604716,0.6305196,0.6558202,0.1655053,0.770711,0.491569,0.1820542,0.7338614,0.5192308,0.2488508,0.871339,0.8672856,0.1558952,0.7705774,0.5328598,0.5050798,0.1452568,0.4371598,0.5735358,0.1803938,0.8748028,0.482823,0.2575206,0.8537564,0.8782738,0.1261414,0.3477084,0.5246336,0.1709066,0.8723438,0.5710892,0.196733
0.664032,0.589035,0.1837072,0.8531084,0.4386592,0.210098,0.7513008,0.4997588,0.1625368,0.778661,0.5625584,0.2043368,0.7135896,0.5055762,0.1606792,0.5214875,0.5459718,0.1782206,0.6615002,0.4514648,0.1922118,0.6541898,0.5862614,0.2598192,0.6087208,0.562784,0.168736,0.8574532,0.5386424,0.2624462,0.8404884,0.684038,0.1726014,0.619234,0.517018,0.163534,0.6943782,0.6017838,0.1763538,0.6733984,0.7479982,0.1625098,0.8153322,0.569159,0.1554802,0.7559,0.8575282,0.2400726,0.6064348,0.703715,0.1916102,0.5936174,0.6061572,0.1535586,0.678157,0.590951,0.1478544,0.7612964,0.8305164,0.1600514,0.6284758,0.6592988,0.162549,0.7783328,0.4950588,0.1837752,0.7505146,0.5147102,0.2565938,0.8609608,0.8672546,0.1543906,0.7659314,0.5325146,0.5048242,0.1437524,0.4321418,0.5703348,0.18114,0.8596756,0.481711,0.2571586,0.857971,0.87495,0.1254164,0.3518946,0.5260024,0.1707644,0.8701064,0.5707402,0.1982048
0.665371,0.5919384,0.1829842,0.848608,0.435666,0.2113012,0.7418002,0.4993248,0.1626438,0.7885928,0.5622506,0.203889,0.716404,0.5030106,0.1599522,0.5134213,0.5434348,0.1763762,0.6529928,0.4453582,0.1924566,0.6601622,0.5928806,0.2596136,0.6051242,0.564157,0.1676872,0.8742634,0.5383628,0.2617798,0.8448824,0.683858,0.1706168,0.6197048,0.5144488,0.1638498,0.6853334,0.6031306,0.17619,0.688486,0.7434036,0.1628196,0.8126042,0.564872,0.155328,0.7597782,0.8586524,0.2409424,0.6066223,0.7016718,0.1899082,0.5879028,0.6062022,0.1560654,0.6809514,0.5920416,0.1468344,0.7655774,0.846544,0.1595824,0.62256,0.6596014,0.1653388,0.7683246,0.4948764,0.183883,0.7466966,0.5139772,0.2568034,0.875756,0.861046,0.1520332,0.7597376,0.532563,0.505209,0.1426534,0.4279334,0.5730976,0.1816284,0.8602572,0.477716,0.2602206,0.8731484,0.876272,0.1248472,0.3484728,0.5261008,0.1701388,0.878138,0.5701842,0.2005082
0.656569,0.585879,0.180513,0.8603922,0.4329126,0.2114042,0.7343614,0.4974796,0.1605744,0.7736154,0.564321,0.2064878,0.7192396,0.4997652,0.1618108,0.5160498,0.5422822,0.1768682,0.6516428,0.4476182,0.1958348,0.641793,0.5950984,0.2615966,0.6130986,0.5594474,0.1678628,0.866222,0.5441248,0.2597816,0.855446,0.6798536,0.170415,0.6260894,0.5093088,0.1642028,0.6935362,0.6059128,0.1760416,0.6800466,0.7363112,0.1621258,0.8077544,0.5604524,0.1561556,0.7628782,0.8562186,0.2416782,0.6151543,0.70188,0.1897488,0.5964478,0.6044644,0.154592,0.6834666,0.5956602,0.1445266,0.75577,0.8437694,0.1601722,0.6350618,0.6626898,0.165496,0.7642534,0.4928846,0.1835566,0.7604026,0.5178086,0.2624798,0.8772906,0.8617362,0.1489362,0.7646642,0.5344898,0.5027944,0.1420172,0.4297926,0.56785,0.1805972,0.8582966,0.4737888,0.2578264,0.8727402,0.8733614,0.130494,0.3459404,0.5302106,0.1693782,0.8705632,0.5690496,0.200295
0.6611688,0.5867806,0.1764112,0.8715672,0.432097,0.2101198,0.7340178,0.4932732,0.1582376,0.7917988,0.5615698,0.208437,0.7332336,0.5038734,0.1636254,0.5179958,0.545484,0.1756334,0.6522278,0.447993,0.1949456,0.635233,0.5998546,0.2605872,0.610445,0.5533698,0.1681356,0.8672886,0.5442452,0.2600024,0.8574746,0.6847024,0.1702818,0.6194922,0.5079752,0.1632292,0.6965078,0.6078232,0.1766208,0.687925,0.7383132,0.1621624,0.809696,0.5548052,0.1561014,0.7656654,0.8569122,0.243834,0.6271515,0.6979464,0.1910598,0.5959708,0.6077074,0.1558366,0.6755606,0.6019096,0.1439366,0.7518248,0.8480996,0.1596738,0.6270702,0.6549532,0.1643028,0.7728002,0.4967646,0.1831628,0.7590504,0.5088892,0.2608214,0.8912032,0.8672406,0.1482226,0.7623236,0.5338248,0.5023736,0.1424278,0.4319612,0.567766,0.1827034,0.87406,0.473693,0.2581304,0.8749948,0.8779314,0.1300712,0.3437022,0.52545,0.1696046,0.8786962,0.5702246,0.1990582
0.6616894,0.589882,0.1759392,0.8767616,0.4340084,0.2115768,0.7182816,0.4925454,0.161268,0.7981028,0.5608062,0.208446,0.731779,0.5030906,0.1629962,0.5242614,0.5445856,0.176487,0.6588214,0.4485684,0.195778,0.635633,0.5979014,0.2523962,0.6095316,0.5552032,0.1686134,0.8591246,0.5448992,0.2604912,0.858361,0.6799456,0.1696972,0.612777,0.50956,0.1626614,0.6987722,0.6082214,0.1764756,0.6922886,0.7371852,0.1623716,0.8105992,0.555239,0.154966,0.7593082,0.8538076,0.2419,0.6422665,0.6940774,0.1907688,0.58972,0.6082718,0.1557464,0.682129,0.5970382,0.1429828,0.7434938,0.8455922,0.1604704,0.6269268,0.656107,0.16461,0.7680844,0.4964688,0.1834354,0.7506966,0.5061324,0.2634582,0.8833014,0.8654308,0.1480014,0.7601828,0.530993,0.5027188,0.144052,0.4356822,0.5687272,0.1828908,0.8228952,0.4731938,0.25765,0.8677886,0.8803304,0.128112,0.3459564,0.5277332,0.1691476,0.8727282,0.5705206,0.1980128
0.6599682,0.5885454,0.1741358,0.8719342,0.4296042,0.2089074,0.7270594,0.4934806,0.1586026,0.7832736,0.5586196,0.2071542,0.7196396,0.501602,0.1622846,0.521135,0.5414084,0.175619,0.6623362,0.4454318,0.1968446,0.6273238,0.60235,0.2591202,0.6109648,0.554069,0.1689216,0.8640516,0.5391952,0.2615204,0.8329058,0.6787682,0.1687948,0.6208512,0.511525,0.1602238,0.7057394,0.6045582,0.177214,0.708483,0.7438234,0.1620932,0.8257568,0.553564,0.1543904,0.7459438,0.8522718,0.2397324,0.6433207,0.6916424,0.1896248,0.581571,0.6138468,0.155094,0.6809392,0.5939876,0.1430512,0.7541972,0.8418324,0.1587564,0.6341646,0.654002,0.1652308,0.7589892,0.498135,0.1825194,0.7484816,0.5045024,0.264638,0.8874884,0.8637646,0.1487102,0.7731798,0.5298548,0.5020088,0.1449726,0.4389938,0.5677444,0.1832954,0.8335666,0.4733356,0.2578438,0.8727918,0.8778156,0.1277762,0.3476578,0.5249602,0.169145,0.8828768,0.5674492,0.1961362
0.6559214,0.589413,0.1738294,0.8886828,0.4301496,0.2098586,0.7231866,0.4915198,0.156817,0.787988,0.5558992,0.2101886,0.723534,0.5006551,0.1616006,0.5181186,0.5405042,0.1735458,0.6525728,0.447699,0.1988716,0.6244678,0.607722,0.2617602,0.6119938,0.55316,0.1701542,0.8586582,0.5360364,0.2644964,0.8392786,0.6787784,0.168207,0.6284506,0.5096704,0.161749,0.7052356,0.6094812,0.1773832,0.7097926,0.7444718,0.1631236,0.819635,0.5535474,0.1541394,0.758366,0.856032,0.2416734,0.6450351,0.6935252,0.1885684,0.574223,0.6120506,0.153064,0.6888866,0.5937028,0.1431944,0.7495116,0.8383218,0.1590488,0.6226714,0.6527772,0.1645306,0.77807,0.4948602,0.1825732,0.7618736,0.501747,0.2658486,0.8721998,0.870021,0.1478586,0.7702908,0.5200004,0.4993894,0.1448184,0.4361764,0.5644716,0.1828446,0.8648434,0.473431,0.2580792,0.8775118,0.877879,0.125872,0.3462794,0.5237144,0.166588,0.8943454,0.5643602,0.1964678
0.6437122,0.5891064,0.1731656,0.8866964,0.4277392,0.2114984,0.7208352,0.4921428,0.156919,0.781775,0.5533548,0.211051,0.7210872,0.4972971,0.1616804,0.5136746,0.5371562,0.17247,0.6464632,0.4490456,0.1995784,0.635806,0.6052874,0.2651606,0.605098,0.5504514,0.1705888,0.8547252,0.536141,0.262422,0.866553,0.675993,0.1680082,0.6296048,0.5078632,0.1635236,0.704921,0.6121966,0.1777098,0.7124492,0.7426448,0.1612972,0.8188018,0.54835,0.1539688,0.7705768,0.8563808,0.238982,0.6433403,0.695982,0.190564,0.5796478,0.610558,0.1527334,0.6793127,0.5961752,0.142405,0.7572442,0.8338338,0.1583876,0.6293754,0.6469906,0.1630136,0.7908488,0.4922524,0.1822358,0.7569582,0.500048,0.2649062,0.8722538,0.8659656,0.14698,0.7752286,0.516494,0.5016122,0.1447888,0.4322504,0.5585352,0.1833782,0.8653176,0.47241,0.257535,0.8787408,0.8770388,0.1260532,0.3416744,0.5244536,0.1685004,0.8944926,0.5646044,0.1970166
0.6507866,0.5934472,0.173264,0.8918084,0.4279686,0.2108572,0.728786,0.4893924,0.1554952,0.791416,0.5429524,0.2094458,0.7106344,0.5006736,0.162181,0.5171284,0.5373656,0.1700734,0.6515462,0.4526078,0.1999494,0.651706,0.6022274,0.26621,0.6051814,0.547217,0.1704154,0.8599342,0.539452,0.261766,0.86551,0.677464,0.1678204,0.6248128,0.514788,0.1635204,0.7007254,0.6154262,0.1765512,0.7211974,0.7368764,0.1607934,0.8084408,0.5442426,0.1540382,0.772842,0.8542252,0.2395522,0.6479251,0.6942366,0.190047,0.590077,0.6041528,0.1532898,0.6897373,0.594922,0.1435488,0.752277,0.8369528,0.1600814,0.6340208,0.6524484,0.1633358,0.781554,0.4864998,0.1815704,0.7518134,0.5009802,0.2650892,0.8811652,0.8660134,0.1452992,0.7648756,0.517802,0.5022546,0.1437298,0.4253308,0.560303,0.181251,0.8714588,0.4745228,0.2585574,0.8803438,0.874508,0.1250638,0.3395248,0.5246704,0.1694488,0.8859324,0.5634058,0.1973814
0.6540298,0.5980678,0.1729494,0.8777638,0.430488,0.2114732,0.7439858,0.4838906,0.1543974,0.8006616,0.5432668,0.2109076,0.7174484,0.4978268,0.1622128,0.5209604,0.537843,0.1692954,0.6507312,0.4474768,0.2015428,0.6537822,0.6046186,0.2654318,0.612449,0.548253,0.1683818,0.8583088,0.5479838,0.2593236,0.8712348,0.6796008,0.167305,0.6240576,0.5185656,0.163767,0.6965864,0.6174926,0.1771542,0.7225112,0.7338612,0.1596622,0.7906168,0.5386076,0.1534282,0.77154,0.859363,0.2392406,0.6491626,0.6910708,0.1895336,0.6028054,0.599419,0.1536554,0.6880459,0.6010202,0.1416578,0.757748,0.842941,0.159386,0.6404084,0.6520768,0.1649796,0.7820576,0.4819396,0.181704,0.7475156,0.500146,0.2662204,0.8869306,0.8619744,0.1450764,0.7660346,0.5223406,0.5043792,0.142891,0.4194006,0.555787,0.1806466,0.8713574,0.4744436,0.2577152,0.8653174,0.8752462,0.1254062,0.3398722,0.5230066,0.170565,0.8872066,0.561523,0.1972226
0.6555486,0.5998542,0.1712092,0.876406,0.4265806,0.2105972,0.7439942,0.4807682,0.1533158,0.7904154,0.5359334,0.2125884,0.7017782,0.4994764,0.1622936,0.513221,0.536899,0.1682076,0.650193,0.4475616,0.2019014,0.6588998,0.6014376,0.268674,0.6051796,0.5473698,0.16936,0.8504348,0.5490768,0.2572474,0.8834486,0.6819442,0.1651442,0.6261624,0.5177646,0.1632584,0.7017598,0.6163732,0.1777826,0.7218958,0.7367488,0.1606536,0.8063046,0.5379912,0.15138,0.7664504,0.8536048,0.2383388,0.6513374,0.6857564,0.1871748,0.6007426,0.6051336,0.1548112,0.6820798,0.5988584,0.1409208,0.7595526,0.8470474,0.1579236,0.6383364,0.6465876,0.1648412,0.771568,0.4828026,0.179669,0.7498868,0.5008178,0.2689038,0.8760754,0.8636966,0.1450118,0.7672168,0.5219912,0.5080048,0.1429034,0.4248488,0.557608,0.1819378,0.8770798,0.4678134,0.2571172,0.8619312,0.8794292,0.1248388,0.337431,0.516757,0.169542,0.8895732,0.565009,0.197903
0.653051,0.6044496,0.170769,0.877644,0.4247504,0.2111794,0.7428134,0.4801988,0.1512534,0.7872252,0.5355284,0.2139542,0.6990226,0.4992634,0.1606102,0.518073,0.5320136,0.1677076,0.6508914,0.4464336,0.2016732,0.6689852,0.6011322,0.2692368,0.6038498,0.5457906,0.168381,0.8510798,0.547496,0.2581086,0.878679,0.6848354,0.164603,0.6335122,0.5172946,0.1636778,0.6930974,0.6168464,0.1782316,0.7304076,0.7405706,0.1610706,0.810559,0.5350916,0.1503212,0.7599478,0.8531392,0.238375,0.6514964,0.681393,0.1873414,0.603566,0.6069418,0.153393,0.6687322,0.6019846,0.1392206,0.766227,0.8501086,0.1577036,0.6404304,0.6414226,0.164487,0.7602878,0.4849122,0.181722,0.750832,0.500511,0.2674014,0.8776912,0.8667424,0.1486516,0.765244,0.517587,0.5065378,0.1430464,0.4206582,0.5493316,0.1822642,0.871807,0.4680248,0.2594538,0.8642018,0.8783246,0.1247218,0.3422688,0.5204316,0.1674664,0.8812102,0.5659428,0.1969596
0.6478862,0.6081226,0.1740949,0.88596,0.4233382,0.2115328,0.7429562,0.4780058,0.152858,0.782796,0.5298242,0.2115626,0.7068526,0.4988778,0.1602848,0.5202368,0.528755,0.168482,0.64371,0.4504876,0.2026796,0.659861,0.6016238,0.2709686,0.5965492,0.5457714,0.1675714,0.8594536,0.5491478,0.2582054,0.8862596,0.6814486,0.1640218,0.6319516,0.518721,0.1653904,0.6898292,0.616548,0.1765624,0.7158994,0.7403582,0.161029,0.7939582,0.5356394,0.151028,0.7658474,0.8547996,0.2379516,0.6563986,0.6904866,0.1848058,0.599593,0.6050456,0.1530484,0.6710326,0.5991714,0.1390036,0.753427,0.8530176,0.1580368,0.6321504,0.6364366,0.1671322,0.7717622,0.4843794,0.1822148,0.7489672,0.500732,0.2675196,0.8755114,0.8715184,0.149363,0.7650742,0.5188726,0.505735,0.1458838,0.4252056,0.5453566,0.1810198,0.882569,0.4643786,0.2589676,0.8731132,0.8802376,0.1244674,0.3463534,0.5204434,0.166822,0.8884322,0.5623626,0.1963606
0.651616,0.6002644,0.174053,0.8800636,0.4257726,0.2128134,0.7399756,0.4757334,0.151736,0.7806782,0.5304912,0.2117712,0.715044,0.4984508,0.157686,0.5210824,0.5362046,0.1674292,0.6466148,0.4548066,0.2017438,0.6603532,0.6036218,0.2733728,0.5976314,0.5411532,0.1667024,0.8705098,0.5535612,0.2601508,0.880984,0.684287,0.1662472,0.6242396,0.519918,0.1639256,0.6999934,0.6133282,0.176026,0.723922,0.7382498,0.1623104,0.8076554,0.535677,0.1508262,0.7603496,0.8561226,0.2394098,0.6591296,0.7043312,0.1845068,0.6009958,0.5981296,0.1534426,0.6788122,0.6008474,0.1365678,0.7719046,0.8512046,0.158719,0.6375018,0.640434,0.1674222,0.7657804,0.4822186,0.1820142,0.737328,0.500498,0.2659474,0.8786048,0.8661632,0.148655,0.7567602,0.51409,0.5007342,0.14621,0.4230428,0.54606,0.180582,0.8792858,0.4597208,0.2598986,0.8761528,0.8788802,0.1243814,0.344526,0.5194136,0.1670938,0.8944454,0.562789,0.1955202
0.6515826,0.5964962,0.1724884,0.8850108,0.4269202,0.2133412,0.748066,0.4751568,0.1499444,0.794543,0.5291056,0.2149542,0.708784,0.500748,0.1586222,0.5214424,0.5355212,0.1655222,0.6649276,0.4520158,0.201716,0.6679064,0.602809,0.2705962,0.6025292,0.543167,0.1672954,0.8755568,0.5548564,0.2583462,0.8736254,0.6862128,0.165519,0.6217612,0.5197206,0.1641582,0.6983678,0.6170266,0.1763818,0.7239142,0.7404668,0.1631662,0.798692,0.5315466,0.152896,0.7579546,0.851572,0.2402134,0.652898,0.7107578,0.1832562,0.6115864,0.5986584,0.1532076,0.6801538,0.593562,0.1358176,0.7623804,0.8519504,0.1597528,0.6340488,0.6397046,0.1654222,0.7703298,0.482495,0.1820338,0.7457744,0.499501,0.2691224,0.8845504,0.8662892,0.1468704,0.7591752,0.5109914,0.5053502,0.1459742,0.417476,0.5425366,0.1800524,0.8847106,0.4620666,0.2576288,0.8760742,0.8780554,0.124129,0.3437992,0.515057,0.1654732,0.8901592,0.5652742,0.1954282
0.6542394,0.59057,0.1728128,0.8781942,0.4309072,0.2134726,0.7623344,0.4767412,0.15027,0.793084,0.5347108,0.2134374,0.7160498,0.5031768,0.1580624,0.5219662,0.5334688,0.1663854,0.6694642,0.4514012,0.2024702,0.661009,0.6063652,0.2721052,0.6006724,0.5466096,0.1663678,0.8784696,0.55559,0.2587838,0.8731726,0.6879696,0.1653462,0.6144204,0.5184526,0.1657874,0.6978752,0.610834,0.1740868,0.726638,0.7488006,0.160399,0.8028058,0.5277446,0.152107,0.7545146,0.8514988,0.2396994,0.6406612,0.711301,0.1826206,0.6179334,0.596227,0.1530168,0.6759724,0.5918512,0.137418,0.7519394,0.8546616,0.1602058,0.6319246,0.6415408,0.1631862,0.7654718,0.4876684,0.1813572,0.7629528,0.5018144,0.2678112,0.8812998,0.8577474,0.14582,0.7574596,0.5111846,0.5026918,0.1464192,0.4211345,0.540149,0.1802998,0.8825434,0.4577454,0.256635,0.8383262,0.8786344,0.1222824,0.343225,0.5154088,0.1641932,0.8912834,0.5614732,0.1945724
0.6534894,0.5962578,0.1726456,0.8869648,0.4295178,0.212921,0.7512308,0.4775384,0.1518478,0.7894744,0.5429018,0.214301,0.7088822,0.4956426,0.156245,0.5236614,0.534072,0.1692576,0.68204,0.448642,0.200315,0.6569722,0.6051712,0.2733778,0.5964494,0.5462294,0.1657808,0.8691702,0.5622484,0.2581158,0.8790146,0.6853364,0.1660228,0.6143188,0.521989,0.1654096,0.701127,0.6084546,0.1740692,0.714215,0.7645962,0.1588906,0.8007164,0.5301584,0.1507806,0.760235,0.8498188,0.2403054,0.63697,0.7173272,0.1834056,0.6137686,0.5949192,0.1518522,0.6852176,0.597064,0.135771,0.755543,0.8516854,0.1622958,0.6422882,0.6411498,0.163415,0.7649092,0.4872354,0.1809674,0.7559912,0.498876,0.2649902,0.879345,0.8663726,0.144953,0.7594634,0.5130184,0.5013324,0.1445116,0.4167285,0.5381336,0.178128,0.8807482,0.4588756,0.2569096,0.8390404,0.8757098,0.1223304,0.3415824,0.5189056,0.1620998,0.8900982,0.560105,0.1941126
0.650295,0.5962832,0.1716744,0.8800758,0.4317166,0.2117068,0.754871,0.4761862,0.1510616,0.7838238,0.5450512,0.2129866,0.7156962,0.493176,0.1579674,0.5337154,0.537027,0.1679714,0.6761854,0.445547,0.1996338,0.667044,0.604102,0.2751994,0.609636,0.5467348,0.1635232,0.8662908,0.561684,0.259387,0.8818454,0.6821918,0.1662,0.6180764,0.521002,0.1671104,0.696014,0.6100412,0.1726968,0.716969,0.7757892,0.1587782,0.8100256,0.5290288,0.1523336,0.7528962,0.8514978,0.2395104,0.6474954,0.7212974,0.1853808,0.6133048,0.5948934,0.1500992,0.6788728,0.5928656,0.137772,0.7704782,0.8525566,0.1614652,0.6405646,0.6409278,0.1617328,0.7615616,0.487841,0.1803352,0.7567366,0.4984506,0.2619536,0.8938576,0.8627682,0.146789,0.759045,0.5141406,0.5007166,0.1429546,0.4203075,0.5443964,0.1778482,0.864282,0.4559154,0.2587388,0.8532446,0.8757426,0.1233738,0.3418448,0.5136148,0.1597612,0.883491,0.562519,0.1968812
0.6526212,0.59691,0.172782,0.889425,0.4306348,0.2086136,0.7361214,0.476096,0.1517366,0.7661766,0.550699,0.2111564,0.7121432,0.4954756,0.1582032,0.535862,0.5358504,0.1660708,0.6806322,0.4452576,0.2006736,0.6742654,0.6001402,0.2759176,0.605569,0.5461734,0.162661,0.8663788,0.560257,0.2596432,0.8749548,0.6787772,0.1645954,0.6166142,0.5209002,0.1667162,0.692352,0.6105014,0.171494,0.7180856,0.7938222,0.1597312,0.7994544,0.5238452,0.1521332,0.7445432,0.852826,0.2400402,0.652921,0.720339,0.1845818,0.615076,0.5944516,0.1503708,0.6817276,0.5928246,0.1391594,0.7514648,0.8529208,0.1616914,0.6219532,0.6518048,0.1619664,0.7644606,0.4892708,0.178446,0.7576976,0.497672,0.2612148,0.8794498,0.8624134,0.1472392,0.7663002,0.5202434,0.499307,0.143162,0.425588,0.5413426,0.1798554,0.8684762,0.4590158,0.260526,0.8548794,0.8797002,0.1224008,0.3422548,0.5113976,0.1601208,0.8720406,0.5606974,0.1963712
0.6653854,0.5950236,0.172069,0.8764442,0.4307464,0.208785,0.7562574,0.4751088,0.1517036,0.7808394,0.5538456,0.2133154,0.7067756,0.4930664,0.1587432,0.543018,0.5352164,0.1657536,0.683696,0.4429526,0.2000274,0.670529,0.6019558,0.2737376,0.6018748,0.5416984,0.1623254,0.8680158,0.5617028,0.261766,0.8785336,0.6816242,0.1631008,0.6150282,0.5192608,0.1675178,0.6885296,0.6080038,0.1714168,0.7299084,0.7991998,0.1603364,0.7945542,0.5191292,0.1512478,0.7493716,0.8549542,0.2399842,0.6567318,0.7221074,0.1853478,0.61512,0.5934834,0.1496044,0.6888698,0.5932526,0.1368238,0.7519268,0.8521008,0.1620574,0.6222376,0.6590732,0.1608514,0.7779006,0.4864908,0.1786368,0.7588986,0.503886,0.263942,0.880373,0.8572582,0.1471198,0.7509394,0.5219504,0.4980868,0.1433466,0.4273476,0.5366284,0.1795868,0.8726616,0.4630356,0.260877,0.859726,0.878227,0.1226386,0.3386824,0.5130272,0.1601466,0.87639,0.5689756,0.1964906
0.6608226,0.5902098,0.1710104,0.8859558,0.4319,0.2076282,0.746093,0.4739986,0.1524378,0.773022,0.549072,0.2125826,0.7058756,0.496014,0.157732,0.5375666,0.5328498,0.1663868,0.688009,0.4422754,0.1994166,0.6786094,0.5992264,0.2759958,0.6024392,0.5378746,0.1616088,0.8640392,0.5561262,0.2621932,0.870609,0.6809026,0.1630026,0.6166918,0.5192022,0.1680876,0.691091,0.6095256,0.1694564,0.7223207,0.805927,0.1599008,0.8033902,0.5159764,0.151602,0.7461798,0.8317338,0.2391876,0.6453226,0.7191528,0.1865518,0.6108834,0.5940202,0.1489386,0.6801314,0.590669,0.1373312,0.756339,0.8473808,0.1633852,0.6196466,0.6776466,0.1595288,0.774499,0.4876016,0.1796852,0.7699054,0.5050116,0.2635116,0.8795884,0.8609892,0.1467778,0.7457994,0.5224784,0.4937142,0.1417704,0.4185842,0.5386054,0.1792262,0.8749214,0.4635618,0.2589802,0.8629606,0.8711762,0.1230116,0.343462,0.512577,0.1589118,0.8805044,0.5739944,0.1989262
0.6690008,0.583942,0.168611,0.8895204,0.427607,0.2075528,0.7509288,0.4706576,0.1531086,0.753871,0.5534924,0.209195,0.705405,0.496341,0.1582616,0.5326198,0.5375698,0.1652378,0.680452,0.444204,0.2005544,0.6652212,0.5925488,0.2728494,0.6086128,0.5367122,0.1604772,0.8601834,0.5547624,0.2525494,0.8765764,0.6803742,0.162519,0.603444,0.520054,0.1705186,0.7001192,0.6037678,0.1692484,0.7183951,0.8030174,0.1587026,0.8023866,0.512305,0.1508038,0.7523748,0.8487018,0.2386944,0.6506064,0.7201644,0.184744,0.605369,0.5957828,0.1490994,0.678318,0.5842812,0.1371714,0.756387,0.8501434,0.1626478,0.6208588,0.6821178,0.1602232,0.7883814,0.4845634,0.1777788,0.7682182,0.5013724,0.2653462,0.871027,0.8218036,0.148164,0.764907,0.5232648,0.4897608,0.1399944,0.4189828,0.5467242,0.1799704,0.876288,0.4600056,0.2585688,0.8693868,0.868821,0.1215014,0.3446228,0.5075922,0.159375,0.8865986,0.5795274,0.1977248
0.654119,0.5848298,0.1677916,0.8774678,0.426044,0.2087216,0.7495556,0.4673024,0.153393,0.7755064,0.5517198,0.2101264,0.6863394,0.4945504,0.1579174,0.5430986,0.5403386,0.1655636,0.6866466,0.4377088,0.2005406,0.6638724,0.5952228,0.2740302,0.6105226,0.5400954,0.1608044,0.862252,0.5534662,0.256924,0.876148,0.676754,0.1605264,0.6012894,0.5170084,0.1694602,0.6966364,0.6009316,0.1709098,0.7252391,0.8015002,0.1576182,0.7998856,0.50898,0.1512102,0.750833,0.8585928,0.2391182,0.6401766,0.7244636,0.1851784,0.6200228,0.5923572,0.1477374,0.6815808,0.582188,0.138003,0.750053,0.8467602,0.1621576,0.624604,0.6873542,0.1608528,0.807551,0.4833434,0.178765,0.7597884,0.503567,0.2669954,0.8789748,0.843766,0.14822,0.7662236,0.516997,0.4918004,0.1388128,0.415803,0.5513414,0.180733,0.8782804,0.4578362,0.2586044,0.8704556,0.8696082,0.1215688,0.3462,0.5078804,0.1591084,0.889138,0.5798596,0.1969038
0.6559314,0.5770858,0.1689034,0.8817726,0.426524,0.2100852,0.754825,0.4687474,0.153134,0.776385,0.552458,0.2104446,0.6955486,0.4974042,0.1578806,0.5433804,0.533807,0.1656298,0.6931992,0.434579,0.2022746,0.6797768,0.5941074,0.2748692,0.6245778,0.5385096,0.161181,0.8484076,0.5519198,0.2613752,0.8828034,0.679651,0.160701,0.6032152,0.5208836,0.1693516,0.7124512,0.602881,0.1704986,0.7252983,0.8017496,0.1591246,0.812844,0.51644,0.1509892,0.755736,0.8703994,0.2391572,0.6437836,0.722469,0.1840206,0.6159516,0.596626,0.1455458,0.674762,0.5787008,0.1377154,0.757583,0.8490606,0.16344,0.6199474,0.6871282,0.1604232,0.8040284,0.4808104,0.1767278,0.7538944,0.5042074,0.2652792,0.8806424,0.8463398,0.1468836,0.7670086,0.5167418,0.4948546,0.1387246,0.4135132,0.5493576,0.1809252,0.872463,0.4508912,0.258558,0.8704604,0.8730672,0.122799,0.3458082,0.5050006,0.1585892,0.8798618,0.588291,0.1990614
0.6536318,0.567433,0.1696634,0.8784408,0.4276884,0.2098772,0.7439542,0.4664784,0.1535394,0.8022646,0.5553036,0.2096582,0.7108314,0.4904092,0.1588016,0.5443054,0.5351178,0.1648902,0.6971102,0.4325256,0.2034244,0.6749348,0.5916252,0.276103,0.6252222,0.5392768,0.161232,0.861289,0.5511688,0.2625736,0.8943722,0.6902166,0.1597198,0.598085,0.5196226,0.1681444,0.708013,0.601887,0.1724152,0.7276729,0.8049018,0.1619554,0.8055144,0.5203626,0.1508216,0.7485428,0.8732804,0.238706,0.6368216,0.7166792,0.1825626,0.6138516,0.5961724,0.1458588,0.6762032,0.5766574,0.1359246,0.7614686,0.8427072,0.1623474,0.6291234,0.6894668,0.1595812,0.7914494,0.4850994,0.1774454,0.7603834,0.5026878,0.2666114,0.8804552,0.8562944,0.1449898,0.7660482,0.5167768,0.4923508,0.1377518,0.4155762,0.5481938,0.1816112,0.8750068,0.4501236,0.258167,0.8849982,0.8778788,0.1220736,0.3465344,0.5069858,0.1588214,0.8347985,0.5874904,0.2009674
0.6649534,0.567864,0.1702044,0.8751084,0.430258,0.209843,0.7528466,0.459712,0.1542682,0.8014626,0.5676684,0.2088592,0.719316,0.4873442,0.1578604,0.550605,0.5312438,0.163982,0.7018048,0.4293906,0.2043208,0.6708918,0.5843172,0.2739088,0.624325,0.5392984,0.1602678,0.859577,0.551252,0.2645744,0.8873246,0.7023506,0.1592676,0.6070694,0.5171498,0.1678168,0.7275076,0.6022558,0.1707682,0.7133147,0.8031708,0.162711,0.7922184,0.5254968,0.151915,0.7432776,0.8741036,0.2396344,0.65041,0.7110446,0.187884,0.6197106,0.5993442,0.1440018,0.6766528,0.5783036,0.134365,0.7638452,0.843573,0.1623986,0.6394412,0.6912366,0.1597856,0.787609,0.482405,0.1806452,0.7705562,0.5012444,0.2640232,0.8854908,0.870068,0.1459272,0.75873,0.5161978,0.4955976,0.1393884,0.4112636,0.545759,0.1807052,0.873179,0.4475626,0.2598366,0.8985932,0.8691674,0.1211786,0.3431252,0.5034636,0.159566,0.8379956,0.594973,0.1993648
0.655272,0.5670672,0.1718942,0.8885492,0.428051,0.209596,0.755976,0.4575266,0.1557334,0.7955254,0.5679288,0.2085006,0.7192598,0.4850082,0.1595722,0.5598454,0.5256938,0.1626402,0.6942922,0.42659,0.2048346,0.675556,0.5841046,0.2771742,0.6246456,0.5391008,0.1587868,0.8635338,0.548545,0.2677346,0.8895698,0.7008856,0.1597966,0.6076774,0.514107,0.1676748,0.7193024,0.6049964,0.1722402,0.7201177,0.8029332,0.1617094,0.8054362,0.5318368,0.1512962,0.7484876,0.8790486,0.2382184,0.6553096,0.7152446,0.1880184,0.619205,0.599626,0.1446074,0.6800472,0.573532,0.135381,0.7486706,0.8458984,0.162389,0.6220182,0.6983288,0.1592602,0.7928802,0.4793468,0.1788416,0.772665,0.5096446,0.2654724,0.8786812,0.8645828,0.1457746,0.7536932,0.5182242,0.4923208,0.139524,0.415589,0.546173,0.178623,0.8687642,0.4444864,0.2590912,0.8846462,0.8754496,0.1205722,0.3412088,0.5039062,0.1595124,0.8550278,0.5973252,0.1980344
0.6750082,0.5708136,0.1715848,0.8784378,0.429326,0.2078974,0.7831798,0.4576348,0.1554004,0.8024412,0.574383,0.2094876,0.7187592,0.4808808,0.159831,0.553296,0.5275348,0.1625538,0.7074932,0.4237352,0.2039754,0.6663746,0.57666,0.2736742,0.625521,0.5396962,0.1605872,0.8658022,0.5489956,0.2669796,0.8842926,0.7042612,0.1623646,0.6116874,0.5186272,0.1679922,0.7269254,0.6024732,0.173032,0.7142381,0.8009434,0.1605352,0.8093022,0.5330984,0.1492558,0.7404494,0.8847698,0.2354608,0.6478616,0.7122672,0.1861658,0.6232826,0.5943996,0.1450894,0.6756028,0.5698498,0.1349632,0.7669258,0.8505476,0.1613164,0.6377016,0.700397,0.157031,0.7951376,0.4813176,0.1809908,0.7770194,0.5058962,0.2659016,0.881179,0.864825,0.1455804,0.7560068,0.5129106,0.4932552,0.1392182,0.4155743,0.5467992,0.1789768,0.870128,0.4421522,0.2581818,0.8801186,0.8757824,0.121149,0.3452516,0.5013732,0.1589442,0.8615424,0.5965234,0.1996552
0.6867008,0.5696126,0.1711502,0.8838062,0.4274028,0.2073048,0.7980306,0.4541818,0.1546866,0.8129894,0.5741414,0.207843,0.7263118,0.4780614,0.1592408,0.5579406,0.5283584,0.1624624,0.704843,0.423483,0.202622,0.6786254,0.5780772,0.2730772,0.6341792,0.5350378,0.1617566,0.867723,0.5460024,0.2687872,0.8824162,0.7138518,0.1628272,0.6153684,0.5161824,0.1669784,0.7163856,0.6029678,0.173928,0.7094557,0.8071624,0.1597292,0.7930386,0.5325962,0.149874,0.7358844,0.882469,0.2344038,0.6516818,0.7099412,0.1864852,0.6147718,0.5897316,0.1443856,0.6711676,0.5723196,0.1331732,0.7491334,0.8448644,0.1606598,0.6440992,0.7022808,0.156394,0.7927978,0.4835194,0.1801378,0.7862246,0.5026224,0.262594,0.8646468,0.8661942,0.1463536,0.7644982,0.5177588,0.4874456,0.1377394,0.4140817,0.5444556,0.1780258,0.8786014,0.4425146,0.256561,0.879479,0.8789826,0.121769,0.3448252,0.498231,0.1580826,0.863773,0.6048808,0.2015758
0.6901478,0.5669222,0.170791,0.8689288,0.430428,0.2079668,0.8006054,0.4620662,0.155183,0.8156896,0.5789106,0.20928,0.7333894,0.4819896,0.1579978,0.565216,0.5284268,0.1613484,0.7041296,0.4240592,0.2036716,0.6846898,0.5798364,0.2738094,0.6314622,0.5365782,0.163243,0.8444844,0.5455336,0.2686038,0.8805828,0.7136322,0.1622256,0.61932,0.5179226,0.1667404,0.7260324,0.5974816,0.172754,0.7068354,0.8084818,0.1589894,0.823871,0.5268454,0.1474712,0.7329018,0.8765616,0.2318848,0.638569,0.7128994,0.1870004,0.6193159,0.583493,0.1442578,0.6630042,0.5702106,0.132567,0.750232,0.8426268,0.1623184,0.639106,0.7008986,0.1548856,0.8131598,0.4841834,0.17955,0.7839698,0.4990974,0.2621946,0.8747714,0.8679568,0.1460156,0.7657696,0.5193728,0.486954,0.1390516,0.4165443,0.5540294,0.1779024,0.8734956,0.4418088,0.2557396,0.895486,0.877592,0.1208036,0.3457235,0.4995656,0.1574288,0.8626148,0.6088128,0.2013404
0.7041632,0.5672448,0.1711338,0.8689144,0.4268756,0.2080576,0.7984704,0.4624442,0.1542476,0.8229298,0.5825476,0.2074212,0.7335124,0.477316,0.1586276,0.5764948,0.5266306,0.1591056,0.706063,0.4204916,0.2032584,0.6774486,0.5812896,0.2724662,0.6214728,0.5355012,0.1635384,0.8545178,0.5455998,0.269536,0.8801846,0.7146818,0.1613298,0.624062,0.5129456,0.1677066,0.7351896,0.5961666,0.1722912,0.7098702,0.8016384,0.1597566,0.8082364,0.526103,0.1466908,0.741292,0.8733838,0.2301262,0.6371636,0.7100788,0.1861444,0.614477,0.5809096,0.1443196,0.6596906,0.568235,0.1344394,0.7515244,0.8458956,0.162404,0.6329346,0.7024178,0.1534804,0.817448,0.4818442,0.1781688,0.7960364,0.4999978,0.264325,0.8605162,0.8707198,0.1452936,0.7627288,0.5234204,0.4916118,0.1382506,0.4107835,0.5570448,0.175597,0.8691444,0.4425036,0.2568116,0.8871704,0.8799812,0.1189602,0.3425393,0.5002804,0.1581398,0.8616156,0.6076908,0.2013512
0.7066632,0.5637228,0.1690568,0.8747078,0.4220766,0.207745,0.8028856,0.4689616,0.1514564,0.8183508,0.584667,0.2050032,0.7315022,0.4769786,0.1578836,0.5794336,0.5213198,0.160539,0.7036928,0.4156828,0.2003306,0.6765166,0.5811372,0.2705828,0.6164666,0.5354344,0.1631404,0.859577,0.5484932,0.2667944,0.876498,0.715012,0.1609912,0.6179548,0.5139158,0.1682068,0.7359076,0.5922684,0.17132,0.7022482,0.7907798,0.1607008,0.829309,0.5335158,0.1473682,0.7383448,0.8768622,0.229953,0.6416082,0.709709,0.1885744,0.6188486,0.580623,0.1444774,0.66505,0.560492,0.1338316,0.7594638,0.8399484,0.1614208,0.634494,0.6955024,0.1530798,0.8121846,0.4783816,0.1806866,0.8025196,0.5026356,0.2637906,0.8596668,0.8623338,0.1464598,0.749953,0.5209302,0.489216,0.1393394,0.4078507,0.5523128,0.1749606,0.874016,0.442234,0.2547534,0.894939,0.8772606,0.119641,0.3399002,0.4965628,0.157625,0.8718526,0.610095,0.2015092
0.7107296,0.5668104,0.1689178,0.883198,0.4207046,0.2067392,0.7974828,0.4677906,0.1528866,0.815423,0.5835524,0.2016618,0.7350736,0.4709298,0.157691,0.582013,0.514501,0.1612168,0.7160854,0.4139002,0.1997116,0.6844398,0.5803918,0.2715118,0.6287166,0.5340934,0.1641556,0.8624518,0.5513614,0.2702644,0.8695124,0.7188504,0.1616768,0.6284534,0.5118728,0.166304,0.7300386,0.5908018,0.1708098,0.7098752,0.7850662,0.1603014,0.8238512,0.5333908,0.1466322,0.7320142,0.878921,0.2308956,0.647026,0.7132746,0.1876552,0.616401,0.5798068,0.1444004,0.6647206,0.5614386,0.1339712,0.7667426,0.8425224,0.158012,0.6323764,0.6969436,0.1517006,0.8036992,0.4735266,0.1831462,0.8090666,0.4963866,0.2655308,0.8602608,0.8741062,0.14661,0.760736,0.5268992,0.4849246,0.1385178,0.4075041,0.5547238,0.174198,0.8824934,0.4435338,0.2552328,0.8748108,0.8779366,0.1180578,0.3359762,0.4929354,0.1569952,0.868314,0.6071436,0.2012142
0.7106108,0.565165,0.16869,0.8868756,0.4222216,0.2042284,0.8145462,0.4652302,0.1524514,0.8196632,0.5821178,0.2027274,0.7268608,0.4676818,0.1576202,0.5857534,0.5193086,0.1598124,0.7090984,0.4147704,0.1987934,0.6727836,0.5780428,0.2743492,0.622766,0.5298444,0.1642622,0.8622632,0.5530176,0.2702918,0.875522,0.7202782,0.1605174,0.6278064,0.5094924,0.1660642,0.7308054,0.585778,0.169007,0.7055436,0.7904644,0.1589182,0.819915,0.536369,0.1451322,0.747421,0.876644,0.230054,0.6464552,0.7125972,0.1868548,0.613401,0.574639,0.1421252,0.667862,0.5634692,0.1345776,0.7440052,0.8402834,0.1586764,0.6360724,0.6903624,0.1519494,0.8110096,0.4719886,0.1823992,0.800748,0.4946152,0.2661696,0.8748616,0.8689498,0.1454132,0.7599468,0.5298906,0.4853894,0.1370038,0.4101575,0.5517806,0.1728702,0.875617,0.4428786,0.2541424,0.8784566,0.8765954,0.1193598,0.3370286,0.4877668,0.157756,0.8714108,0.6100602,0.2007884
0.7116716,0.5645272,0.170407,0.8957088,0.42568,0.20506,0.8088378,0.4644344,0.149936,0.8242296,0.5826112,0.2022722,0.723678,0.4677164,0.1577272,0.598977,0.5161154,0.1580052,0.7063112,0.4130692,0.197983,0.6673464,0.5746978,0.2744092,0.6279882,0.5259268,0.1636446,0.8725036,0.5474076,0.2696674,0.8708036,0.721727,0.1583576,0.6325956,0.5122844,0.1693926,0.7229132,0.5840504,0.1699044,0.7166898,0.791089,0.159165,0.8225874,0.5405612,0.1443,0.751802,0.8780006,0.23015,0.636842,0.7101024,0.18853,0.617769,0.5686866,0.139805,0.666202,0.5647998,0.1318428,0.7595354,0.8423018,0.1577223,0.6325438,0.7000582,0.150599,0.7924182,0.4692196,0.1825036,0.7951764,0.4948448,0.2677702,0.8898366,0.8615468,0.1446674,0.7621102,0.5243048,0.485404,0.1384866,0.4059033,0.5528262,0.170639,0.8793596,0.442271,0.2535828,0.8779968,0.8696456,0.1188082,0.3381178,0.4843474,0.1556194,0.8763904,0.6081424,0.2005196
0.7059742,0.5702444,0.1684224,0.8895206,0.42983,0.2032196,0.8089624,0.4621046,0.1515554,0.8238698,0.5815178,0.2030174,0.7231984,0.4689242,0.1578728,0.6055846,0.512991,0.157823,0.7048714,0.405177,0.1973628,0.6730264,0.576333,0.2742784,0.6256526,0.5242076,0.1660766,0.8838032,0.5439496,0.2711518,0.859752,0.724408,0.1545626,0.6356983,0.5083686,0.1689356,0.7228614,0.57572,0.1700436,0.7078048,0.7974134,0.1607068,0.8274486,0.5422734,0.143315,0.75387,0.8769828,0.237927,0.6422326,0.7083992,0.18779,0.6206076,0.5656344,0.1389274,0.6809792,0.5642498,0.1303522,0.7694218,0.8458346,0.1570019,0.6364038,0.6983728,0.1510652,0.7953058,0.4697536,0.1827892,0.8042598,0.4996024,0.2676158,0.8312562,0.8709518,0.1426438,0.7586524,0.5181664,0.4825832,0.1382662,0.4086426,0.553214,0.1711496,0.877784,0.4392406,0.253208,0.8838942,0.872334,0.1195136,0.3362536,0.4815822,0.1557956,0.8742596,0.6070428,0.1993816
0.7171586,0.5687858,0.1674192,0.889379,0.431695,0.2035252,0.8096428,0.4616502,0.1530512,0.8283204,0.5869752,0.2014656,0.7401812,0.4739982,0.15737,0.6068774,0.5143324,0.1583198,0.7098464,0.4033658,0.1987488,0.6818174,0.5737456,0.27326,0.640852,0.5225442,0.1656378,0.8872618,0.5437382,0.2713918,0.8897188,0.7314522,0.160056,0.6453446,0.5081416,0.1701876,0.7327886,0.574732,0.1685782,0.7111816,0.8009702,0.1611308,0.8213702,0.5390262,0.1442592,0.7392232,0.8732844,0.239636,0.6390464,0.7001228,0.1876564,0.619625,0.566331,0.1398194,0.6839426,0.560314,0.1302394,0.7841834,0.8466246,0.1578279,0.6371762,0.6951002,0.1510004,0.7905138,0.4700532,0.1843212,0.8102304,0.4971202,0.2659796,0.8446956,0.8673436,0.1429848,0.752552,0.514054,0.480351,0.137328,0.4028262,0.550609,0.168874,0.8837874,0.439223,0.2541712,0.887944,0.870347,0.1187692,0.3355496,0.477372,0.1553572,0.8743454,0.608709,0.1993314
0.712341,0.5643092,0.1666236,0.8869124,0.4343598,0.2019054,0.8064824,0.4558516,0.1542954,0.8214508,0.5868124,0.1989776,0.729847,0.4724974,0.1555736,0.59996,0.5172466,0.157714,0.7061084,0.406056,0.197947,0.680411,0.5722828,0.2736724,0.6401478,0.521037,0.1649804,0.892991,0.5396836,0.2720326,0.873089,0.737138,0.1600716,0.6436386,0.5074748,0.1690878,0.7209402,0.5740006,0.1690506,0.711271,0.7998966,0.163192,0.8171612,0.541918,0.1444678,0.7367704,0.8754566,0.2431866,0.6412972,0.6965686,0.185994,0.622842,0.5674814,0.137797,0.6965354,0.5548396,0.1302934,0.7766274,0.8435554,0.1578122,0.6447234,0.6940094,0.1509298,0.8049132,0.4701136,0.1841112,0.8155024,0.4980608,0.2665278,0.8525554,0.868456,0.1431634,0.7476636,0.5100538,0.4815468,0.136488,0.3960988,0.5522514,0.1691496,0.8881416,0.4370158,0.2560432,0.8822882,0.820404,0.1194106,0.3342308,0.47791,0.1537108,0.8757752,0.6102436,0.2010462
0.7256648,0.565886,0.1641906,0.8816628,0.4337526,0.2010268,0.8087132,0.4530566,0.1541062,0.8273536,0.5870004,0.1982808,0.7255842,0.4709018,0.1560162,0.60511,0.51277,0.1580196,0.7138512,0.4067398,0.195708,0.6713234,0.5701114,0.2717006,0.6406642,0.5155956,0.1640078,0.88118,0.5354152,0.272647,0.8758022,0.7320378,0.1602294,0.6376996,0.5061866,0.1686716,0.7139918,0.5696416,0.1693818,0.7078996,0.7987924,0.1630228,0.8280228,0.5428356,0.1458712,0.7359726,0.8766924,0.2457638,0.6425458,0.6915238,0.1874438,0.6198882,0.568505,0.1367368,0.6982094,0.5571214,0.1309154,0.7800424,0.8467928,0.1568082,0.642882,0.6957744,0.149132,0.803499,0.4725888,0.1862474,0.8026322,0.498494,0.2663378,0.8700726,0.8686888,0.1414046,0.7563898,0.5062194,0.4831146,0.135879,0.3904774,0.5498652,0.1684156,0.883149,0.4386454,0.2563598,0.8752942,0.8376052,0.1191782,0.3323514,0.4768774,0.152708,0.8770756,0.6134434,0.1988758
0.724451,0.5641214,0.1632738,0.8870398,0.4337258,0.1997266,0.8103398,0.4525032,0.1519658,0.8210778,0.585658,0.1973924,0.733174,0.476205,0.1548216,0.6010052,0.5133542,0.1583778,0.7146872,0.4068766,0.1961834,0.6657992,0.5700198,0.2743466,0.6328244,0.5157386,0.1629522,0.8808222,0.538553,0.2723298,0.8851972,0.7324252,0.1599708,0.631706,0.506732,0.1684468,0.706743,0.5660454,0.1691944,0.7009294,0.8025642,0.1624128,0.825515,0.5439244,0.1464582,0.721696,0.8850004,0.247156,0.650109,0.6941486,0.1868006,0.6196894,0.5680458,0.136738,0.7048224,0.562639,0.1319922,0.7812396,0.8402322,0.158535,0.650194,0.6850136,0.148918,0.8047394,0.472739,0.1900652,0.8024598,0.4914368,0.2663816,0.864385,0.8684088,0.1400186,0.7551914,0.5047474,0.4915504,0.1340642,0.3959872,0.5512962,0.1666722,0.8792462,0.4374086,0.2564826,0.8826788,0.8527958,0.1195352,0.3367704,0.4772758,0.151996,0.8797766,0.6086714,0.1991342
0.7324088,0.5564544,0.1626664,0.8779526,0.4343422,0.1988526,0.7974812,0.4541062,0.1501622,0.8324928,0.5848722,0.1995278,0.7326056,0.4746246,0.1553692,0.5919392,0.5114246,0.1578272,0.6963562,0.4079666,0.1965778,0.662405,0.5721234,0.2746264,0.6334782,0.512535,0.1621878,0.890262,0.5365064,0.2719286,0.8808318,0.7330864,0.1584178,0.6350366,0.5017754,0.1685578,0.7214764,0.563042,0.1685488,0.713145,0.7923134,0.1615272,0.808923,0.5437122,0.1466898,0.7355756,0.8840386,0.2496098,0.6446772,0.6961288,0.1857754,0.6233576,0.5714838,0.1365952,0.7163468,0.5542104,0.1320362,0.7925898,0.8414294,0.156332,0.6575644,0.6858928,0.1466688,0.7986808,0.473607,0.190166,0.801836,0.4894924,0.2659586,0.8732756,0.8634784,0.138883,0.751031,0.5070478,0.4903748,0.1351924,0.3944332,0.5541068,0.1673444,0.8805128,0.4386978,0.2578074,0.8801568,0.861842,0.1201192,0.337528,0.477197,0.1520682,0.8803428,0.609041,0.2003048
0.7296956,0.556977,0.1598548,0.888425,0.4312926,0.1983654,0.7953742,0.4523424,0.1496978,0.8231034,0.58449,0.1991998,0.7244464,0.471619,0.1544764,0.6044156,0.5195694,0.157908,0.6949986,0.4110164,0.1958952,0.663769,0.5677646,0.2701776,0.642841,0.5126328,0.161395,0.8883162,0.5355752,0.2733496,0.8916936,0.7342704,0.1591608,0.6378664,0.5000228,0.1679848,0.7286418,0.5625636,0.1678818,0.7131388,0.7888876,0.1627012,0.7978558,0.5366694,0.1473764,0.7461322,0.8817706,0.249512,0.6314604,0.6993204,0.184943,0.6175768,0.5677376,0.1365356,0.7240198,0.5568634,0.1301962,0.8015018,0.8435404,0.1565122,0.6507998,0.6879946,0.148073,0.8004144,0.478658,0.1900456,0.8071696,0.4880046,0.2658726,0.876173,0.8627944,0.1396748,0.7479456,0.5042288,0.4878972,0.1355906,0.3924932,0.5523268,0.1670334,0.8833176,0.4423602,0.2565454,0.8820182,0.8708698,0.1199186,0.339263,0.4759958,0.1526292,0.8838952,0.6050666,0.1980502
0.7332214,0.5599592,0.1598942,0.891422,0.4295314,0.1974292,0.786826,0.451632,0.1514568,0.8134842,0.574984,0.1972374,0.7282094,0.4679516,0.1535438,0.6041218,0.522522,0.156125,0.6825028,0.4063686,0.1970914,0.6702718,0.5680358,0.271698,0.6345326,0.5133888,0.1616492,0.8932082,0.5336812,0.2737886,0.8839892,0.7353484,0.1593122,0.6346018,0.5005646,0.1683082,0.7185092,0.5584534,0.166267,0.7101854,0.7830258,0.16134,0.7987449,0.5337114,0.1468218,0.750089,0.8749576,0.2500006,0.635109,0.7008026,0.1848516,0.618948,0.5740622,0.1357534,0.720538,0.5543514,0.130684,0.7927252,0.8402102,0.157196,0.6560064,0.6902322,0.1483448,0.8047026,0.4811926,0.1919614,0.8124486,0.4881654,0.2665482,0.873636,0.8678572,0.1401998,0.7539616,0.5027426,0.4942342,0.1342814,0.3960262,0.5520464,0.1660398,0.8807472,0.441918,0.2582564,0.8865992,0.8701102,0.1209498,0.340078,0.4746899,0.1526724,0.8769554,0.6007066,0.1976768
0.7272014,0.5575986,0.1590364,0.8851168,0.4303276,0.1983646,0.7885026,0.4504518,0.1505926,0.8108736,0.5753858,0.1946276,0.7393996,0.463111,0.1526478,0.6002504,0.525372,0.1542468,0.685945,0.41078,0.1962898,0.6641304,0.5646828,0.2733186,0.6400522,0.5102878,0.158524,0.8877012,0.5326588,0.271219,0.888188,0.7353232,0.1577582,0.6402486,0.5006976,0.1678148,0.722133,0.5580918,0.165775,0.713171,0.7772952,0.1607148,0.8084248,0.5311072,0.147238,0.7618972,0.8771924,0.249923,0.6357892,0.6958652,0.1860096,0.608642,0.5762454,0.134335,0.7201116,0.5519186,0.1311854,0.7796846,0.840236,0.15742,0.665445,0.6875708,0.1480264,0.7982748,0.4810818,0.1911456,0.796264,0.489898,0.2633016,0.8670808,0.874663,0.139905,0.762585,0.509869,0.49164,0.1369882,0.3978716,0.552753,0.1695127,0.8716356,0.443653,0.2509728,0.8857022,0.8697598,0.1212478,0.3363596,0.4759659,0.1504398,0.8757236,0.6029932,0.197874
0.7385996,0.5600254,0.1583474,0.8802366,0.4372186,0.1989608,0.7979066,0.4507194,0.1501638,0.8231602,0.574055,0.1949904,0.733169,0.4619318,0.1521108,0.6046374,0.52494,0.1570682,0.6885206,0.4069536,0.1956854,0.6691256,0.5642682,0.2731854,0.6410018,0.5077618,0.157446,0.8890244,0.5284718,0.2694324,0.8717838,0.7314594,0.1567882,0.6349174,0.5032012,0.1663886,0.7189924,0.5602518,0.1649572,0.702043,0.7884428,0.1603188,0.8128506,0.5337738,0.1470954,0.767703,0.8735646,0.2508372,0.6349542,0.6961928,0.1862754,0.6019934,0.5711084,0.1350476,0.7253322,0.549635,0.1300966,0.7886248,0.8400316,0.1585724,0.6620574,0.6853964,0.148425,0.7978564,0.4807164,0.1889104,0.7858306,0.4898616,0.2644556,0.8520842,0.878936,0.1376742,0.7490862,0.5034434,0.48627,0.1361178,0.3910442,0.5546894,0.1688629,0.8798914,0.4400548,0.2577202,0.8967438,0.8698106,0.121472,0.3367094,0.4758149,0.1500942,0.8813642,0.602513,0.1975994
0.730399,0.562778,0.1586078,0.876794,0.4387308,0.1956358,0.7986898,0.4533806,0.1477926,0.8211916,0.575555,0.1946334,0.7121038,0.457298,0.1516506,0.6041104,0.528832,0.157766,0.6914936,0.4062586,0.1963878,0.6721312,0.566113,0.2737664,0.6478924,0.5065018,0.1590826,0.8878964,0.5235908,0.269443,0.8769414,0.7334934,0.1577044,0.6360644,0.5047262,0.1681914,0.72813,0.5639974,0.1666952,0.721999,0.788719,0.1615442,0.8278146,0.5332986,0.1468396,0.7558904,0.8709264,0.2482024,0.6307496,0.694282,0.1858558,0.6050604,0.5670574,0.1364888,0.7309924,0.555701,0.1292264,0.7828952,0.8376012,0.157683,0.6681636,0.6860198,0.1469388,0.798488,0.4820484,0.1897778,0.7999096,0.4905152,0.2666462,0.8739504,0.8748868,0.136945,0.7492808,0.4973528,0.4920448,0.13773,0.3964506,0.5544506,0.1682795,0.8815468,0.4364474,0.2627134,0.8838724,0.870854,0.1209348,0.3376394,0.478078,0.1494808,0.883428,0.6028826,0.1975738
0.7281356,0.5621344,0.1572204,0.8891578,0.4392748,0.1936578,0.7876678,0.456287,0.1473874,0.8123964,0.5754132,0.1959456,0.7165708,0.456689,0.1514402,0.5971122,0.5284738,0.15614,0.698679,0.4095902,0.1964226,0.6714792,0.5594072,0.2698632,0.6401696,0.503124,0.1591424,0.896269,0.5240424,0.2708182,0.8763728,0.730085,0.1590038,0.6290666,0.4989412,0.1670062,0.715753,0.5675004,0.165944,0.7219838,0.7932472,0.1612502,0.8234636,0.532271,0.1450254,0.7690758,0.8754584,0.2478492,0.6290184,0.6954654,0.1856172,0.6088226,0.5630968,0.1374032,0.7215834,0.5531768,0.1280272,0.7908626,0.8458294,0.155143,0.672712,0.6822668,0.1471534,0.801422,0.483773,0.1899284,0.7895666,0.4930328,0.2682174,0.8781846,0.8714794,0.1372518,0.7717822,0.4940924,0.4900864,0.1369546,0.3949496,0.5522644,0.1682095,0.8856096,0.4384298,0.263238,0.8823016,0.8652132,0.1215086,0.3356366,0.4747093,0.1494454,0.884961,0.6011446,0.1981244
0.7273866,0.5665438,0.157836,0.8799634,0.4375058,0.1945814,0.797335,0.4577536,0.1471794,0.8308184,0.5687054,0.1957764,0.7095384,0.4561394,0.1512748,0.5979389,0.526503,0.155093,0.6988816,0.4080514,0.1964628,0.6528256,0.556271,0.2695432,0.6496156,0.4996872,0.1589454,0.9094508,0.525753,0.2686788,0.8848248,0.7313432,0.1602096,0.6343142,0.497698,0.1667416,0.7151926,0.5659972,0.1652464,0.7180986,0.7917634,0.1613102,0.8183042,0.5300854,0.1459952,0.7645596,0.8761054,0.2497146,0.6259736,0.6887918,0.187302,0.6090876,0.5624642,0.1385414,0.7187826,0.5530134,0.1282564,0.7987654,0.8055046,0.1569652,0.673282,0.6871428,0.1499198,0.8013556,0.4799202,0.19015,0.7865962,0.4893282,0.2690042,0.879048,0.8747222,0.1374802,0.7733956,0.4967066,0.4935046,0.137222,0.3963716,0.5527734,0.1697797,0.8867774,0.4429728,0.2653124,0.8644922,0.8685402,0.1216026,0.336728,0.4767246,0.1484638,0.8764338,0.6004212,0.197102
0.7196686,0.5655182,0.1568372,0.8671352,0.4357506,0.1965302,0.798287,0.4592238,0.1464216,0.8207772,0.566764,0.1983562,0.7193154,0.4503218,0.1495624,0.6038059,0.5233516,0.1553452,0.6943902,0.4067533,0.1986519,0.643223,0.553097,0.2734496,0.6528362,0.5012658,0.1593878,0.8976684,0.518359,0.2698438,0.8755442,0.7307382,0.1595514,0.6376878,0.4940142,0.1663448,0.721876,0.567619,0.1639366,0.728591,0.785301,0.1616052,0.8323678,0.530564,0.144983,0.7784878,0.8761498,0.2497848,0.6268956,0.684576,0.1863532,0.6155748,0.5649514,0.1371246,0.7243238,0.5549904,0.1290346,0.8044538,0.818847,0.1564938,0.6782988,0.6832954,0.1509892,0.8005326,0.4810928,0.192912,0.7952062,0.4858844,0.2677564,0.878939,0.8717094,0.137483,0.7813692,0.499893,0.49139,0.1357106,0.3967156,0.54832,0.1705133,0.8832696,0.439329,0.2664504,0.8741842,0.8658958,0.1202796,0.3329258,0.4768976,0.1500192,0.8789164,0.6002472,0.1984454
0.7201242,0.5638644,0.1562292,0.8441696,0.43768,0.1985752,0.7973708,0.4605198,0.1489056,0.8214658,0.5624878,0.199178,0.7275498,0.4545124,0.1508488,0.6122979,0.5253174,0.1563526,0.7002917,0.4026203,0.1976258,0.646599,0.5543828,0.2709504,0.643324,0.5015162,0.161163,0.896856,0.5225268,0.2694902,0.883298,0.7281736,0.1613668,0.6418608,0.491109,0.1668648,0.719586,0.5668588,0.1633536,0.745891,0.7796794,0.161663,0.8053436,0.529077,0.1447794,0.7791604,0.8788282,0.2501594,0.6320456,0.6849012,0.1867464,0.6103568,0.5618556,0.1379656,0.731592,0.5607894,0.129068,0.8068912,0.831812,0.155952,0.6835956,0.6826786,0.149017,0.7969012,0.476343,0.1931078,0.792233,0.4864686,0.2659962,0.885961,0.8737818,0.139034,0.78991,0.5036504,0.4928086,0.1355246,0.3881946,0.551499,0.1695142,0.881527,0.442084,0.2678894,0.8908822,0.8706292,0.1188174,0.3325112,0.4739576,0.1507626,0.8730968,0.5984516,0.1983676
0.719543,0.5633402,0.155144,0.8401,0.442104,0.1997252,0.7894786,0.4599008,0.1479868,0.824013,0.5646292,0.2007328,0.7271828,0.4585518,0.149029,0.6112199,0.5279262,0.155822,0.6946262,0.4007589,0.1978048,0.6526097,0.5526894,0.27034,0.6514438,0.5018442,0.1600926,0.8927604,0.5238858,0.268745,0.8929978,0.7232102,0.1617952,0.6405624,0.4904736,0.165817,0.7261084,0.5711772,0.1641144,0.7501068,0.7765338,0.1628854,0.8245914,0.5260834,0.142587,0.7650252,0.8803884,0.2505322,0.6295482,0.6781066,0.1872546,0.606747,0.5684624,0.136373,0.7227956,0.5638342,0.1309746,0.810449,0.852894,0.1569016,0.6794724,0.6850806,0.1481024,0.7875564,0.471417,0.1930182,0.804767,0.4828608,0.2594926,0.8877158,0.8759944,0.1393538,0.7977456,0.5003506,0.496252,0.136221,0.3900594,0.5448854,0.1683606,0.8818736,0.4431552,0.2680702,0.896643,0.8709028,0.118338,0.3354444,0.4731838,0.1489982,0.8765026,0.5981718,0.197391
0.7292962,0.5646028,0.1537328,0.8449882,0.4429434,0.200712,0.7934208,0.4572288,0.1477324,0.813255,0.5595016,0.2013012,0.7223376,0.4651116,0.1477416,0.6047221,0.519661,0.1522394,0.6929854,0.4014166,0.1992382,0.6487023,0.555141,0.2737246,0.640066,0.5014106,0.1620442,0.906996,0.5200584,0.2678752,0.8934226,0.7256056,0.1616512,0.6402402,0.4869532,0.1663024,0.7192014,0.5718106,0.1626362,0.7676814,0.7816862,0.1632376,0.8306798,0.5261992,0.1420342,0.7752442,0.8785574,0.2511182,0.635898,0.6739928,0.1869632,0.6073154,0.5725244,0.1370882,0.7220074,0.5722158,0.1304898,0.7987916,0.8553838,0.1587512,0.6654438,0.6886708,0.1469998,0.7918354,0.472135,0.192883,0.8086594,0.486204,0.2658998,0.8762118,0.8727698,0.1377162,0.7957628,0.5036346,0.4941344,0.1333614,0.392241,0.5440118,0.1707206,0.873181,0.443601,0.2680422,0.887363,0.8692798,0.1161962,0.338322,0.47566,0.148886,0.881236,0.602328,0.1964978
0.7328986,0.56689,0.1538544,0.868687,0.4406278,0.201333,0.7845072,0.451878,0.1468594,0.816603,0.558691,0.1987538,0.7267254,0.4652272,0.1472436,0.60519,0.5213384,0.1521382,0.6920612,0.4005112,0.2003514,0.6506252,0.552832,0.2684494,0.6321348,0.5024906,0.1596146,0.9011736,0.5136162,0.2696356,0.8835868,0.7296592,0.1602502,0.6260776,0.4854838,0.164992,0.7177296,0.5695808,0.1628138,0.7599678,0.780472,0.1621702,0.8281072,0.5289934,0.1416938,0.780251,0.8784804,0.2499962,0.6253276,0.6744088,0.1886856,0.5960476,0.574704,0.1376916,0.7277537,0.5731472,0.1307498,0.7948456,0.8611734,0.1589242,0.6715296,0.6862622,0.1463676,0.7867966,0.4766462,0.193338,0.8172908,0.4900066,0.2635578,0.8847062,0.870708,0.1369346,0.7885608,0.5020272,0.4944954,0.1313102,0.3858358,0.5373148,0.1695958,0.8778472,0.4393882,0.2681268,0.8782446,0.8728688,0.1162536,0.3400248,0.473142,0.1496464,0.8830302,0.6023788,0.196394
0.7389492,0.5596942,0.1527694,0.8594968,0.4367478,0.2022458,0.7925664,0.4533772,0.1457106,0.8254312,0.5539072,0.2007348,0.7334984,0.4620878,0.1465026,0.6054126,0.5245448,0.1534906,0.6890633,0.4003642,0.2004152,0.6566336,0.5521748,0.2696682,0.6435707,0.498473,0.1606668,0.8924824,0.5102324,0.2693358,0.8745626,0.7324654,0.1612818,0.6299982,0.4836872,0.163214,0.716872,0.5705998,0.1623926,0.747766,0.7826332,0.1628954,0.821058,0.5281252,0.1409944,0.7770756,0.8815636,0.2512126,0.6115148,0.672675,0.1883376,0.5979458,0.5771216,0.1363376,0.7252905,0.5743582,0.1303178,0.7881888,0.8578456,0.156492,0.6756146,0.6889126,0.148129,0.7914822,0.4790908,0.1917844,0.8038084,0.4894956,0.2647608,0.8770664,0.8728048,0.138188,0.7973752,0.4964198,0.499639,0.130716,0.3875628,0.5384844,0.1707226,0.8886126,0.4405976,0.267819,0.8836148,0.8759592,0.117819,0.339576,0.4709308,0.150931,0.8842168,0.6044594,0.197461
0.7342702,0.561004,0.1525478,0.8691086,0.4332538,0.2004162,0.780713,0.453846,0.1437078,0.8225958,0.5528032,0.1995898,0.7338936,0.4670144,0.1460602,0.603038,0.523472,0.1540348,0.6912407,0.3976272,0.2029104,0.6577082,0.5533166,0.2711542,0.6421421,0.494161,0.1606188,0.8962634,0.510446,0.268773,0.8852766,0.7343862,0.1607998,0.6235344,0.4829768,0.1629068,0.7246932,0.5695652,0.1618384,0.7529798,0.7805734,0.1621742,0.8174834,0.5258632,0.1409156,0.7839118,0.8774886,0.2505336,0.6233246,0.6725614,0.1872112,0.5913184,0.5730806,0.1360458,0.7293185,0.5750042,0.1302654,0.8043452,0.854873,0.1567872,0.6729492,0.6906062,0.1486528,0.799874,0.4781142,0.1923602,0.8117528,0.4836476,0.2679608,0.8912304,0.8713938,0.1380302,0.7954822,0.4985448,0.4973196,0.13058,0.3862702,0.5322824,0.1696656,0.8844598,0.4382928,0.2669554,0.8849472,0.8717754,0.1165858,0.3395746,0.4717866,0.1501474,0.8851314,0.6034214,0.1993416
0.7289054,0.5585724,0.1499592,0.8687196,0.4292144,0.202593,0.7723594,0.4570516,0.1436582,0.8417928,0.5511534,0.2003066,0.74953,0.4698666,0.146955,0.616131,0.5212062,0.1549006,0.6894043,0.3960016,0.2037016,0.6549006,0.556984,0.2578252,0.6365325,0.4926344,0.1614556,0.8931676,0.5110176,0.2655536,0.8835326,0.7331312,0.160895,0.6313192,0.4785252,0.161505,0.7220586,0.5668804,0.160007,0.7571622,0.7900366,0.1640836,0.819401,0.5230344,0.1396602,0.790056,0.8754304,0.2499034,0.6342238,0.6730974,0.1867576,0.5944762,0.5725552,0.1360648,0.7335405,0.5790832,0.1307288,0.798918,0.8526974,0.1557224,0.694938,0.693776,0.1503938,0.7858248,0.4883174,0.192265,0.8060194,0.4818342,0.2701674,0.8748898,0.8804772,0.1395482,0.7949904,0.496062,0.4966848,0.129676,0.3852676,0.537142,0.1694096,0.8351538,0.4367156,0.265998,0.8871766,0.8705494,0.1176038,0.3466832,0.4746832,0.14901,0.8873618,0.6005296,0.1981214
0.7270798,0.5629798,0.1506374,0.870803,0.4313938,0.2011536,0.7806282,0.4585702,0.1429658,0.8321098,0.5495368,0.2027838,0.7366398,0.475242,0.1481764,0.62028,0.5231814,0.1539728,0.6901805,0.3982986,0.20345,0.6451382,0.5575578,0.2626512,0.6321146,0.4897962,0.1649606,0.8937132,0.5154184,0.2660398,0.8356108,0.7262724,0.1598936,0.6235876,0.4790856,0.159514,0.7285328,0.5718522,0.1591684,0.7590504,0.7835834,0.1635934,0.8228342,0.5239196,0.139911,0.781806,0.8712856,0.251421,0.6257986,0.6688482,0.1869974,0.6037312,0.5719638,0.1358724,0.7340822,0.5790236,0.1287024,0.801515,0.8477306,0.1538408,0.683536,0.6862584,0.1488478,0.7804278,0.4885858,0.191628,0.7952924,0.4808544,0.2712774,0.8862466,0.871248,0.1389688,0.797329,0.4915556,0.4999526,0.1305116,0.3815446,0.5378304,0.1679654,0.8388312,0.438046,0.2647462,0.8743336,0.8719404,0.1169964,0.3474724,0.4756888,0.1504128,0.8768902,0.5955988,0.1971964
0.7279732,0.559494,0.1506336,0.8837844,0.4338174,0.2030678,0.7744176,0.4583412,0.1438616,0.828658,0.551606,0.2039398,0.731126,0.4794864,0.1478652,0.615343,0.5253646,0.1531432,0.6904023,0.3985494,0.203798,0.6528388,0.5577936,0.2654576,0.6359248,0.4876494,0.165008,0.8860368,0.5126224,0.2653776,0.8442394,0.728668,0.1591726,0.6266478,0.4796574,0.158802,0.7230798,0.5667462,0.1590686,0.7498802,0.7865122,0.1637858,0.8257434,0.5236462,0.1413524,0.790124,0.8779662,0.252021,0.6182124,0.6623714,0.186227,0.5910702,0.568546,0.1375644,0.7385854,0.572941,0.1280496,0.798191,0.8520608,0.1537692,0.6845504,0.6868996,0.1474752,0.786002,0.4907692,0.1909026,0.796025,0.4811602,0.2725918,0.8887384,0.8715764,0.137737,0.78705,0.4897558,0.5000556,0.1293226,0.3765188,0.5349484,0.1678412,0.8613186,0.437313,0.2639492,0.8792676,0.875397,0.1183388,0.3457108,0.476971,0.153372,0.8714692,0.5947238,0.1964474
0.7314114,0.555532,0.1502672,0.8840998,0.4319702,0.2025102,0.7719582,0.4607676,0.145569,0.8147222,0.5484648,0.2017814,0.7385566,0.475354,0.1487082,0.6096688,0.5277714,0.1525996,0.6900007,0.3930516,0.2037422,0.6614912,0.5615834,0.2671208,0.6440689,0.4834242,0.1627388,0.8988718,0.509606,0.2663982,0.8494646,0.7312206,0.1609816,0.620758,0.4805032,0.1601394,0.7192814,0.5629198,0.158682,0.757473,0.7886898,0.1633652,0.8240628,0.5226702,0.1385912,0.7814882,0.8746888,0.2509866,0.6111372,0.6604634,0.1839582,0.5968396,0.5695946,0.137181,0.7340408,0.5759392,0.1282664,0.7883924,0.85828,0.1534942,0.6706096,0.6847336,0.1470884,0.786917,0.488904,0.190211,0.7984982,0.4767128,0.2693746,0.8789806,0.8724232,0.1372586,0.7990182,0.4876048,0.4950244,0.1290054,0.3795282,0.537634,0.1673326,0.8682732,0.4339782,0.2643346,0.8914,0.8760118,0.119829,0.3463346,0.4751166,0.1516704,0.8799082,0.5950532,0.1963668
0.7243444,0.554064,0.150349,0.8838908,0.4346794,0.2031614,0.7818514,0.4602304,0.147412,0.8133684,0.544406,0.2001382,0.735736,0.4786998,0.1472694,0.6079494,0.5275536,0.1522666,0.691059,0.391568,0.204763,0.667127,0.5659376,0.2676394,0.6367832,0.483344,0.162506,0.885103,0.5104724,0.2655984,0.858423,0.7326874,0.1591348,0.6130992,0.4820622,0.1570854,0.7154664,0.5617316,0.1582378,0.763233,0.7894708,0.1630846,0.8295192,0.5192034,0.1383778,0.778036,0.8750138,0.2522322,0.6055046,0.6583926,0.1836328,0.6110242,0.568223,0.1360074,0.7284576,0.5723544,0.1285974,0.7978794,0.860081,0.1528184,0.6708172,0.683145,0.1471966,0.7890366,0.4875214,0.1907176,0.8174564,0.4748998,0.2687312,0.8865386,0.8741978,0.136983,0.7895544,0.4890522,0.4925148,0.1281032,0.3797704,0.5359426,0.1680902,0.8753706,0.4320408,0.2662592,0.8869762,0.8805942,0.1205198,0.3465526,0.4761556,0.1516436,0.8854096,0.591452,0.1954718
0.7296774,0.5501354,0.1490846,0.8757798,0.4312318,0.203156,0.7856838,0.4604884,0.1460916,0.8290564,0.5417952,0.200777,0.7318116,0.4831302,0.1461782,0.6086084,0.5275975,0.1510504,0.6937012,0.397506,0.2057564,0.6828626,0.5650866,0.2714962,0.6388184,0.4824418,0.161435,0.889166,0.5109584,0.2656552,0.8685476,0.7295568,0.1595946,0.6078938,0.4878556,0.1586046,0.7166818,0.5615696,0.1554382,0.7681436,0.786997,0.1623158,0.829397,0.5165018,0.1386656,0.7837148,0.8761648,0.2522552,0.6162954,0.6549316,0.1827298,0.6180872,0.5645854,0.134671,0.732038,0.5692392,0.1282852,0.7913046,0.8597322,0.1523044,0.6777794,0.6804178,0.1473226,0.7835166,0.487618,0.1904756,0.80665,0.4710244,0.2697892,0.8850742,0.875864,0.136483,0.7851646,0.4870284,0.4955404,0.1278576,0.3779006,0.5350146,0.167508,0.8710736,0.4312318,0.2669282,0.8858674,0.876557,0.1196456,0.3434022,0.4724977,0.1533382,0.8804084,0.589973,0.1954212
0.7271992,0.5490928,0.1494328,0.8836146,0.42975,0.203381,0.7836178,0.461858,0.1465798,0.8110124,0.5409736,0.2028868,0.7301996,0.4852636,0.1445498,0.5983204,0.52447,0.149746,0.6847997,0.3967586,0.2055656,0.6797034,0.5624768,0.272353,0.6371866,0.4767306,0.160583,0.8866848,0.513055,0.2651518,0.8704174,0.7285944,0.1601206,0.6114374,0.4886196,0.1587344,0.7188176,0.5653938,0.1574126,0.7623536,0.784778,0.162605,0.8305945,0.514818,0.1380828,0.7713518,0.8736684,0.2498544,0.6259082,0.653947,0.1820258,0.6217608,0.5669394,0.1350734,0.7234654,0.5659386,0.1272216,0.8061548,0.8648298,0.1530534,0.6771414,0.676561,0.1487128,0.7835936,0.4862192,0.1917184,0.7987154,0.4739752,0.2719396,0.886966,0.876061,0.1358982,0.790721,0.486339,0.496567,0.1279722,0.3775514,0.5317754,0.1675726,0.8765894,0.427859,0.2664842,0.8723186,0.8766904,0.119747,0.3446908,0.4759812,0.1531614,0.8836244,0.5892528,0.1938598
0.72359,0.5456224,0.1501422,0.8781076,0.4307764,0.2021318,0.7848548,0.4605736,0.1478288,0.8076622,0.5350372,0.2043712,0.7271664,0.4876626,0.1442746,0.5985782,0.5223348,0.1488276,0.684843,0.4017524,0.2061734,0.6944496,0.5621824,0.2711092,0.6390988,0.4758936,0.1594928,0.878089,0.5119022,0.2672606,0.8623892,0.7231264,0.160408,0.613884,0.4857954,0.1595986,0.7174118,0.5685228,0.1556556,0.770867,0.7856692,0.1617046,0.8089463,0.5175384,0.1373572,0.7648458,0.8764912,0.251321,0.6091918,0.6571484,0.1803022,0.6197934,0.5718302,0.1354496,0.7313808,0.5686212,0.1266852,0.8060166,0.861799,0.1549678,0.6724044,0.677237,0.1473794,0.7917938,0.4899152,0.1905506,0.8095596,0.4729554,0.2719438,0.8811274,0.874258,0.1361972,0.7799856,0.4863516,0.4947362,0.1270394,0.372084,0.5320476,0.1669358,0.876818,0.4237396,0.2671716,0.873501,0.877647,0.1181028,0.344712,0.4774362,0.1538808,0.8897698,0.5858966,0.1940326
0.7354702,0.5393416,0.1521528,0.8913282,0.429064,0.2033464,0.8068626,0.4644838,0.1480972,0.814221,0.5338518,0.2009788,0.7255028,0.4882184,0.1427368,0.5858534,0.5201764,0.1485494,0.6981562,0.4047666,0.2042048,0.701218,0.5649412,0.2709874,0.6413844,0.4714884,0.1581538,0.875954,0.5107372,0.267236,0.8727566,0.7233602,0.161575,0.612103,0.4875922,0.1622452,0.7112544,0.569971,0.152852,0.7628522,0.7913572,0.1612438,0.8022691,0.5184798,0.1389774,0.7694446,0.8736316,0.251067,0.6175922,0.6602484,0.1807204,0.6294654,0.5672694,0.1360496,0.7257782,0.5705804,0.1267364,0.8073904,0.8638938,0.1536524,0.6722426,0.6704814,0.1472006,0.7950688,0.4989054,0.1888138,0.8018878,0.4685534,0.2697256,0.8756292,0.8695844,0.1354308,0.7673682,0.4846228,0.4905738,0.126962,0.3743724,0.5269302,0.1658078,0.8794748,0.4185594,0.2685092,0.8888712,0.8790964,0.1188514,0.3443116,0.4721042,0.1548386,0.8848934,0.583953,0.1923806
0.7352022,0.5395882,0.1513902,0.8836222,0.4261462,0.204244,0.79308,0.4641228,0.1460644,0.81689,0.5258748,0.1994474,0.7258488,0.4931414,0.1426762,0.5963566,0.5183864,0.1493212,0.7120742,0.4066678,0.2036986,0.6944396,0.5683144,0.2740584,0.6360186,0.468984,0.1571448,0.8849388,0.5142374,0.2642718,0.874502,0.7246998,0.1618898,0.6113468,0.4886798,0.1644318,0.704212,0.5686012,0.1524058,0.7603644,0.7889288,0.1613312,0.8160412,0.5139798,0.1373492,0.7677684,0.8692612,0.24905,0.6249034,0.6589902,0.1802402,0.6273424,0.562526,0.1359326,0.715895,0.5726008,0.1269708,0.8035202,0.868353,0.152771,0.682934,0.6720886,0.1467792,0.7977208,0.5025366,0.1871566,0.7828758,0.4692004,0.2720152,0.87408,0.8701864,0.13688,0.7833188,0.4843764,0.4892814,0.1270828,0.3725244,0.519606,0.1671162,0.8832608,0.4196226,0.268226,0.8730326,0.877241,0.1164194,0.3489698,0.4725714,0.154602,0.8783062,0.578931,0.1904674
0.7223212,0.5431654,0.150925,0.881561,0.426095,0.2005264,0.777575,0.4632984,0.1453504,0.8181898,0.5242912,0.1999526,0.736642,0.4909424,0.1425632,0.5948074,0.5175678,0.1500972,0.7235224,0.407821,0.2044896,0.7067056,0.5674632,0.2742956,0.6283508,0.4676434,0.1596868,0.8777286,0.5162274,0.2642636,0.8768072,0.723851,0.160096,0.6102648,0.4869966,0.164783,0.711001,0.5712964,0.150273,0.76891,0.7910638,0.1604782,0.821543,0.5161386,0.1402838,0.7724376,0.868856,0.250508,0.6107984,0.6636992,0.1805268,0.6305382,0.56095,0.1345022,0.7166788,0.571661,0.1260872,0.8013246,0.867627,0.1528008,0.6784204,0.672568,0.1439454,0.7939762,0.5021068,0.1874656,0.7923186,0.46919,0.2689146,0.8629498,0.8658394,0.138829,0.7904168,0.4798792,0.4863692,0.1253182,0.3743898,0.521555,0.1651004,0.876895,0.4173396,0.2669372,0.872748,0.8741552,0.117753,0.3525032,0.473668,0.1554112,0.87789,0.577978,0.1895174
0.7342346,0.5433388,0.1506046,0.8739188,0.4272936,0.198827,0.7869156,0.4620256,0.1461678,0.8092651,0.5282496,0.1994154,0.737137,0.4886394,0.1424384,0.5979486,0.520333,0.1481464,0.7246432,0.4029962,0.2038674,0.7087378,0.5647428,0.2741276,0.6404964,0.4650666,0.1578188,0.8828026,0.5149786,0.2652772,0.8736674,0.7248006,0.1601532,0.6210934,0.4880156,0.1665622,0.7063126,0.5675766,0.1518888,0.7616686,0.7684694,0.1634548,0.813241,0.516048,0.1390678,0.771092,0.8677356,0.2514042,0.6118798,0.6782002,0.180063,0.6325126,0.560754,0.133671,0.7260972,0.570282,0.1267576,0.795914,0.8668658,0.1509784,0.6781622,0.670957,0.143397,0.780173,0.5035134,0.1876714,0.8059216,0.4683618,0.2718334,0.8739836,0.8716984,0.1369916,0.7950546,0.481601,0.4837534,0.1270528,0.378564,0.526605,0.1631924,0.8793632,0.4179934,0.2691506,0.8311904,0.8752074,0.1169956,0.3512934,0.4681892,0.1552518,0.8770832,0.5786558,0.1882126
0.7324064,0.5390582,0.1490378,0.8768926,0.426694,0.1990224,0.786994,0.4612242,0.1448408,0.8061434,0.5291284,0.1961534,0.734825,0.4951986,0.1408166,0.587889,0.5233956,0.1477176,0.7320914,0.4037664,0.2016482,0.6992722,0.5684182,0.273563,0.6375704,0.467155,0.1572708,0.8871116,0.5148802,0.2679368,0.8814772,0.7201428,0.160682,0.6243874,0.4888342,0.1662254,0.703669,0.5675514,0.149505,0.7619228,0.7743002,0.1619238,0.8151518,0.5161958,0.1384722,0.779259,0.8723032,0.2498952,0.6191726,0.6823974,0.1792516,0.630984,0.5571532,0.1335804,0.7255674,0.5699686,0.1257806,0.8013288,0.8669474,0.1507276,0.6844992,0.6721846,0.1424696,0.7958998,0.5005152,0.1878904,0.8096828,0.4653376,0.2717762,0.872976,0.8647856,0.1379082,0.7852232,0.4813042,0.4864874,0.1285452,0.376188,0.5219496,0.1645972,0.8812854,0.4136468,0.269883,0.8348424,0.8768334,0.1165092,0.3478668,0.4676324,0.155934,0.8738278,0.5822198,0.187895
0.7363014,0.5393112,0.1489832,0.8754116,0.4287456,0.1989768,0.7910454,0.4605448,0.1465638,0.8082344,0.5296136,0.1950234,0.7316972,0.4963864,0.1414744,0.599236,0.5227908,0.1462986,0.7373422,0.4014328,0.2003092,0.6988102,0.5680014,0.2735306,0.6458274,0.4657326,0.1565854,0.884203,0.5161508,0.2664298,0.8760752,0.7196778,0.1608958,0.622154,0.4941028,0.1652856,0.6967198,0.5659524,0.1544392,0.7593164,0.7956332,0.164388,0.8187792,0.5153034,0.1411688,0.7759712,0.8703002,0.2498624,0.6096124,0.680332,0.1775296,0.6283256,0.5534422,0.1336722,0.7267234,0.5728792,0.1257464,0.806208,0.857349,0.1499084,0.6842882,0.6660156,0.1418078,0.7989324,0.4977696,0.1873408,0.8081704,0.465438,0.2727018,0.8674436,0.8648576,0.1382944,0.7818582,0.4835112,0.4799226,0.1265648,0.38134,0.5226628,0.1641466,0.8796054,0.413039,0.2697102,0.859336,0.8783636,0.1179768,0.3414922,0.4612382,0.1553532,0.875484,0.5801448,0.188867
0.7421884,0.5394798,0.148612,0.8734,0.428222,0.1998702,0.7893506,0.4624232,0.14554,0.8098938,0.53236,0.1954312,0.7314596,0.499129,0.1420342,0.5974242,0.52352,0.1447956,0.742469,0.4025262,0.199672,0.7021122,0.5672144,0.27445,0.6419372,0.464731,0.1585696,0.8823422,0.512653,0.2670374,0.8823072,0.7194426,0.1601532,0.6224214,0.5020464,0.1652644,0.7010798,0.5630558,0.1545954,0.7568834,0.7928446,0.164348,0.8080186,0.5092082,0.1417656,0.777399,0.8712034,0.2496982,0.6194072,0.6787962,0.179713,0.6348516,0.5562734,0.1326172,0.7242658,0.5685196,0.1254526,0.8017236,0.8605868,0.150739,0.685116,0.6645738,0.1423104,0.7989452,0.4928626,0.1850718,0.7988652,0.4697078,0.2748384,0.8744374,0.8677088,0.1387958,0.7857078,0.4837866,0.4786116,0.124644,0.3811798,0.5238832,0.1640418,0.8763564,0.4074312,0.2704268,0.8527306,0.873478,0.119249,0.3448764,0.4647298,0.154177,0.8760984,0.5758866,0.1897092
0.729763,0.5367996,0.1480134,0.8790848,0.4273828,0.1985306,0.800797,0.4574172,0.1469446,0.8053846,0.5262916,0.197025,0.7389856,0.5006168,0.141509,0.5957966,0.5166028,0.1482256,0.7324024,0.4024208,0.2007416,0.7090336,0.5675324,0.2722954,0.6476804,0.466799,0.1590936,0.8726402,0.5136194,0.2663722,0.8807568,0.7243766,0.160575,0.622373,0.5003744,0.166048,0.701368,0.5633486,0.153949,0.7495026,0.8071532,0.1650652,0.800508,0.5073284,0.1426318,0.7848628,0.867945,0.2493874,0.6167706,0.6755272,0.1795478,0.6350442,0.5551314,0.1307952,0.7246852,0.5709894,0.125251,0.7982872,0.86574,0.1495826,0.6781332,0.6668984,0.143194,0.8213046,0.4908396,0.1839858,0.7892506,0.466888,0.2724576,0.8826106,0.8692728,0.1370212,0.7827862,0.4835864,0.4754134,0.1262694,0.3824896,0.5244616,0.1642192,0.8728824,0.411629,0.2718456,0.8600196,0.8758228,0.1198018,0.3443896,0.4618728,0.1536792,0.8687746,0.5764564,0.1914492
0.7393254,0.5336806,0.1489036,0.899108,0.4267322,0.1988082,0.7853838,0.458916,0.1478936,0.8025678,0.5296474,0.1977948,0.7234968,0.4993646,0.1400556,0.5906632,0.520803,0.1483816,0.7409438,0.4010234,0.1995058,0.7081808,0.5721492,0.2722612,0.6437206,0.4670954,0.1577238,0.8769252,0.5138596,0.2672712,0.86858,0.7264166,0.1597914,0.6171366,0.5005364,0.1659408,0.713888,0.5630094,0.1533524,0.7572436,0.8101602,0.1658334,0.804783,0.505534,0.1423046,0.7749118,0.8247974,0.2497362,0.621117,0.6739544,0.1793408,0.631648,0.5536916,0.1309882,0.7236046,0.5682416,0.125267,0.7928274,0.8606364,0.1490486,0.6877496,0.6817928,0.1443868,0.8246174,0.4867054,0.1831904,0.7952474,0.470769,0.2721946,0.884377,0.869535,0.1367988,0.7644654,0.4806696,0.4736522,0.1275964,0.3802742,0.5206914,0.1635294,0.8736874,0.4079256,0.271254,0.873723,0.8746106,0.118359,0.3421924,0.4589602,0.1523574,0.8741356,0.5739524,0.1931872
0.7427746,0.5322672,0.14906,0.880284,0.4264508,0.1974386,0.7689304,0.4599602,0.1465162,0.7924506,0.52623,0.1974226,0.7258606,0.5012926,0.1406128,0.5865438,0.5220882,0.1486708,0.7387128,0.4012774,0.1979832,0.7126678,0.5669278,0.2716474,0.639446,0.4669052,0.1572654,0.8950212,0.5105046,0.2603154,0.8735396,0.7224606,0.1577556,0.6205546,0.4980726,0.166177,0.7256508,0.5626558,0.152348,0.7559758,0.8156564,0.1661554,0.8070844,0.502839,0.1415756,0.7659198,0.8360366,0.2498226,0.612279,0.6733364,0.1791932,0.651915,0.5543236,0.1309202,0.710585,0.5653908,0.1250552,0.7862692,0.864654,0.1476018,0.6842642,0.6905384,0.1441358,0.818041,0.4855368,0.1829898,0.797351,0.4743806,0.2740996,0.884085,0.8205662,0.1356044,0.7851616,0.4847266,0.4753344,0.1270456,0.3798082,0.520137,0.1625364,0.8878022,0.4075888,0.2680586,0.8739566,0.8728606,0.1180546,0.3377094,0.4575698,0.1525496,0.8849496,0.572821,0.1927442
0.7365412,0.5292634,0.1482022,0.8828478,0.4286614,0.1963502,0.793438,0.4560428,0.1470502,0.7943236,0.5249406,0.1934646,0.7097874,0.5005212,0.1398618,0.6030468,0.517235,0.1487862,0.7544392,0.405782,0.1979018,0.7125406,0.5660894,0.2727616,0.6327526,0.4699312,0.1569888,0.8952062,0.510123,0.2629008,0.876087,0.7208066,0.1600928,0.6110546,0.5002314,0.1655098,0.7194608,0.5632372,0.1529492,0.7633912,0.8147688,0.1640826,0.8025194,0.499504,0.1429542,0.7746368,0.8488974,0.248102,0.6112382,0.6747164,0.177142,0.6361768,0.5528586,0.129299,0.7117054,0.5640926,0.1244814,0.7986766,0.8643596,0.1486752,0.6834316,0.6974616,0.1439162,0.8167856,0.482562,0.1828452,0.7994818,0.477908,0.2748182,0.8880484,0.8403258,0.1370758,0.7633656,0.4860804,0.4765076,0.1279892,0.3766614,0.5213112,0.1629302,0.8831562,0.4089336,0.2668074,0.866821,0.8721562,0.1180532,0.3451278,0.4577516,0.1510546,0.887229,0.5698068,0.1914682
0.7264076,0.5267104,0.1464124,0.887266,0.429124,0.1955764,0.7899358,0.451532,0.147455,0.8036836,0.5267178,0.1934352,0.7191816,0.5006116,0.1408144,0.6063562,0.5141486,0.1512954,0.7372648,0.4072558,0.1979452,0.6987002,0.5616202,0.272302,0.648306,0.4589734,0.1570124,0.8760944,0.5123542,0.2626708,0.895056,0.7331774,0.1594316,0.6037354,0.4987948,0.1688186,0.7198916,0.561341,0.1536924,0.768686,0.8244702,0.164406,0.8020814,0.494954,0.1430032,0.777366,0.8509176,0.2502566,0.6134756,0.6768502,0.1764724,0.637795,0.5524422,0.127813,0.708328,0.5609694,0.1238634,0.8052678,0.8656624,0.1475156,0.6789562,0.7049674,0.1443974,0.8201992,0.4846742,0.1818424,0.7929134,0.4763272,0.2744084,0.8880906,0.856927,0.1373442,0.764814,0.482183,0.4767282,0.1287068,0.3777667,0.5227946,0.1631486,0.8785556,0.4031062,0.266872,0.868911,0.8730746,0.1176444,0.3419878,0.4581602,0.1511654,0.8845422,0.569509,0.190777
0.7340832,0.5252902,0.1461368,0.88599,0.428207,0.1954116,0.7810644,0.4534216,0.1475058,0.806141,0.5333386,0.19192,0.723828,0.4980626,0.1404078,0.6069898,0.5093316,0.1503872,0.737546,0.409731,0.1973574,0.696271,0.5592394,0.2726406,0.6683916,0.459427,0.1549268,0.8926674,0.510241,0.2655206,0.8808896,0.7501242,0.1612728,0.6113428,0.496384,0.1685542,0.7255234,0.5566938,0.1565208,0.7698404,0.8177896,0.1639454,0.7912448,0.4932394,0.1435288,0.7701764,0.8622302,0.2480336,0.6099006,0.6784096,0.1769906,0.641042,0.5469106,0.1275736,0.714325,0.5594378,0.1230618,0.801708,0.86275,0.1472614,0.6782262,0.7077238,0.1449368,0.8215268,0.4821334,0.1835412,0.7975662,0.4758386,0.2716388,0.881579,0.8515678,0.1387978,0.7699386,0.4799976,0.4748716,0.1270918,0.37758,0.5222218,0.1642844,0.8763116,0.3999667,0.2664324,0.8622236,0.8782328,0.1180776,0.3430672,0.4595572,0.1498738,0.8382216,0.5706136,0.1904418
0.7326114,0.5234914,0.1458482,0.883126,0.4282022,0.1956508,0.7886658,0.451583,0.1471614,0.8052046,0.5335568,0.19313,0.7281342,0.497312,0.1405182,0.5936513,0.506424,0.1510124,0.7582991,0.4090026,0.196817,0.7030998,0.5535996,0.275561,0.6625584,0.4644157,0.1519372,0.885341,0.5088384,0.2659804,0.8705984,0.766699,0.1606948,0.6110966,0.500702,0.1682934,0.7217862,0.5577364,0.1540954,0.7683788,0.81917,0.1632008,0.7931958,0.4997096,0.1422374,0.774225,0.865998,0.2479754,0.6084662,0.6762472,0.1767024,0.6354026,0.5494638,0.1271314,0.7133174,0.562771,0.1237108,0.8080764,0.8627706,0.1491684,0.672605,0.7102678,0.1438548,0.8104656,0.4870028,0.184028,0.7897872,0.4760528,0.2721866,0.883099,0.8590974,0.1423462,0.759936,0.4800066,0.4723966,0.130626,0.369828,0.5191456,0.1632442,0.8780562,0.3982829,0.2662016,0.8701214,0.8758966,0.1165432,0.3476868,0.4622304,0.1499344,0.8495356,0.5686952,0.1929154
0.7218932,0.5188344,0.1477652,0.886513,0.4266908,0.1951896,0.7955614,0.4533676,0.146911,0.825999,0.5322464,0.1916812,0.7404204,0.4928872,0.1398312,0.6026965,0.5034028,0.1510296,0.7577547,0.4058628,0.1954904,0.7052492,0.550875,0.2740198,0.6587442,0.4638039,0.1543104,0.8819246,0.5056486,0.2679058,0.877621,0.7775592,0.1604044,0.6080832,0.4987394,0.167545,0.7167736,0.5544218,0.1535228,0.774719,0.821545,0.1667524,0.80571,0.5016396,0.1401592,0.7700986,0.86879,0.2473392,0.611096,0.680158,0.1786554,0.630939,0.5439462,0.1255046,0.7082238,0.5566352,0.1242904,0.7911758,0.858749,0.1494322,0.6741266,0.7079538,0.144771,0.8233072,0.4818226,0.1828674,0.8080452,0.4751092,0.2742642,0.8763082,0.8691948,0.1435204,0.7467064,0.4754638,0.4704184,0.1300536,0.3723334,0.5257616,0.1642134,0.880451,0.4029801,0.2658038,0.8643504,0.8736976,0.1164926,0.345655,0.4613012,0.1500396,0.8555194,0.5667174,0.1917474
0.7249762,0.5197386,0.1471016,0.8742702,0.4266944,0.1962664,0.7930946,0.4537824,0.1467522,0.8239668,0.5327324,0.191369,0.7382762,0.4935768,0.1381234,0.6183673,0.503182,0.1518606,0.748671,0.4027314,0.1954998,0.7002208,0.5469844,0.276372,0.6530728,0.4610039,0.1560282,0.8848622,0.5051072,0.267681,0.8729158,0.7764568,0.158923,0.6153426,0.5022094,0.1663752,0.717774,0.5558212,0.1545478,0.7717198,0.816822,0.1681384,0.8243124,0.5006542,0.1406216,0.7691868,0.8664404,0.2450902,0.6082476,0.6754964,0.1823586,0.6244012,0.5426462,0.125649,0.7134424,0.5580246,0.1247792,0.8084062,0.8565822,0.1487034,0.6755512,0.7141746,0.1440816,0.8175552,0.4808744,0.184104,0.8076476,0.471631,0.275036,0.8744952,0.878343,0.1442044,0.7518496,0.4757,0.4679488,0.12998,0.3698924,0.5234696,0.1635408,0.8756588,0.3987597,0.2659756,0.8717344,0.8768416,0.116975,0.3456424,0.4628178,0.148199,0.8725796,0.5649674,0.1902384
0.7381926,0.523519,0.1475958,0.8729586,0.4272804,0.1974556,0.809683,0.4495002,0.149947,0.8201158,0.5314914,0.1903964,0.7545752,0.489728,0.1371754,0.6192815,0.5020014,0.1532534,0.7524736,0.4016486,0.1940442,0.6950502,0.545158,0.2761024,0.6652902,0.4608407,0.1552832,0.8782512,0.5065286,0.2676964,0.8739766,0.782493,0.1585908,0.6208228,0.5034162,0.1660024,0.7190538,0.5601918,0.1530496,0.7717314,0.820193,0.167594,0.813069,0.503076,0.1411134,0.7705776,0.8665972,0.2438132,0.6068882,0.6705294,0.184615,0.6236282,0.5397404,0.1245974,0.7129206,0.5608564,0.1253086,0.803963,0.8627378,0.1488804,0.6648284,0.7047512,0.1457408,0.8096358,0.4791232,0.1827402,0.8206668,0.4705802,0.2759022,0.8744456,0.8692522,0.1434844,0.7606894,0.4742434,0.4677614,0.1302658,0.3748996,0.5253758,0.1663908,0.8728278,0.3952267,0.2663384,0.8776736,0.875887,0.116766,0.344499,0.458718,0.146985,0.8832062,0.5693852,0.190957
0.7379064,0.51835,0.1473996,0.8971062,0.4273384,0.1977798,0.8124996,0.443835,0.1499866,0.8107476,0.5316016,0.1919536,0.7541496,0.4887698,0.1371108,0.6311233,0.4956528,0.1526134,0.7539194,0.4014342,0.1929792,0.696702,0.5473024,0.2731762,0.670212,0.4589552,0.155297,0.8330102,0.5086746,0.2689246,0.878921,0.7898644,0.1589068,0.6198514,0.502645,0.1655898,0.727823,0.5620246,0.1534032,0.7584928,0.8162048,0.1669928,0.8283376,0.5031884,0.1412916,0.7626568,0.8682368,0.2459266,0.608812,0.6661824,0.1836542,0.6336506,0.5392012,0.1240214,0.7031868,0.5620018,0.1252508,0.8043504,0.8608644,0.148377,0.6679552,0.7065876,0.1440554,0.8268052,0.4788278,0.1821792,0.8247138,0.4744028,0.2739854,0.8692032,0.8720346,0.1430846,0.7649448,0.475204,0.4680182,0.1287316,0.3788528,0.5218098,0.1659078,0.8817962,0.3936761,0.2659946,0.873323,0.8748194,0.1204644,0.342831,0.4541636,0.147661,0.875856,0.567461,0.1918026
0.7433572,0.5155344,0.1473986,0.8904024,0.4321268,0.1985974,0.820414,0.4439356,0.1491512,0.8120578,0.5344984,0.1904402,0.754117,0.4885524,0.1352768,0.6407149,0.4915792,0.1540114,0.7553874,0.4024114,0.1925554,0.692156,0.5451564,0.2738798,0.6730426,0.4581234,0.1565186,0.8465514,0.5049734,0.267885,0.8821272,0.7899926,0.1602406,0.6315884,0.4998638,0.164246,0.727991,0.5619512,0.153642,0.7540448,0.8210908,0.168467,0.8250198,0.5034704,0.1397166,0.753945,0.8669476,0.2475914,0.619009,0.663735,0.1862262,0.6346262,0.5347496,0.122085,0.6946812,0.557006,0.1244026,0.799618,0.8626276,0.1479882,0.66522,0.7093148,0.1450354,0.8192992,0.4779012,0.1827364,0.8188732,0.4724486,0.2736774,0.880981,0.8687028,0.1415952,0.7693448,0.476184,0.465838,0.1282478,0.3902592,0.524155,0.1647532,0.8798352,0.3878066,0.2661912,0.8711358,0.8768244,0.1196592,0.3415254,0.4533678,0.1468394,0.8748822,0.5714456,0.1898136
0.732848,0.510218,0.1466762,0.8930096,0.4313512,0.1982404,0.815309,0.4483344,0.1486892,0.8211478,0.5313196,0.1895242,0.7585384,0.4891006,0.1354464,0.657336,0.4937644,0.1535804,0.743668,0.401777,0.1953402,0.688512,0.5460652,0.2721194,0.6767778,0.45843,0.1558692,0.8571394,0.5018058,0.265592,0.8768698,0.793891,0.161506,0.650171,0.4960738,0.1644064,0.7383148,0.5593454,0.1527588,0.7538144,0.8138518,0.167468,0.8164206,0.4971276,0.1386708,0.7563782,0.8672584,0.2468652,0.6121954,0.6652008,0.1848288,0.6379372,0.5354192,0.1199494,0.6970184,0.5592212,0.1239116,0.7951652,0.862436,0.1486572,0.6689344,0.7040726,0.143366,0.8326084,0.4765768,0.1846524,0.8211002,0.472856,0.274606,0.8721114,0.8677452,0.1407944,0.76286,0.4825828,0.4626786,0.1285828,0.3938606,0.5207702,0.1645124,0.8823654,0.38596,0.2668228,0.8697166,0.876488,0.1194244,0.3373676,0.456431,0.1466496,0.8875874,0.570731,0.189909
0.724032,0.5089164,0.1454562,0.8781946,0.434699,0.1972622,0.8122386,0.45146,0.1479644,0.825897,0.5310764,0.1886554,0.7504664,0.4876984,0.1359502,0.669222,0.489263,0.1521548,0.758165,0.4035958,0.1946548,0.6750768,0.546111,0.2720584,0.6693114,0.4579189,0.1553854,0.8682022,0.5000634,0.2686806,0.870569,0.790828,0.1612724,0.639069,0.4989112,0.163836,0.731425,0.5582874,0.1531758,0.7579938,0.8137686,0.1688378,0.8174242,0.496849,0.1382286,0.7571522,0.8653342,0.2457006,0.6032682,0.6662584,0.1873218,0.6390776,0.5320728,0.1209379,0.7011868,0.557134,0.1212648,0.7987308,0.860262,0.1475956,0.6783326,0.7035722,0.1433538,0.8223502,0.479458,0.1864414,0.8264362,0.4741334,0.2741024,0.8786188,0.867732,0.1414376,0.7532262,0.4878902,0.4608394,0.1281876,0.3925644,0.5220054,0.1637444,0.8835942,0.3835689,0.2635968,0.8804964,0.8782572,0.1178478,0.3358024,0.459671,0.1460846,0.8932774,0.5725512,0.1881608
0.7473524,0.507274,0.1474266,0.874565,0.4367306,0.1983946,0.8039268,0.453471,0.1472592,0.8303218,0.5327326,0.18604,0.7559808,0.4884736,0.1348946,0.6693403,0.4935888,0.1519204,0.7647368,0.4036972,0.1949338,0.6762024,0.5467362,0.272431,0.6689646,0.4597723,0.15428,0.8640956,0.495468,0.2679618,0.8697882,0.7919064,0.1626196,0.6369804,0.5024616,0.163993,0.7358678,0.5545618,0.152696,0.7557796,0.8072078,0.169347,0.817878,0.5007644,0.1387848,0.7502398,0.8686054,0.245772,0.6024066,0.6652918,0.1894328,0.6388774,0.5322536,0.1214939,0.6993942,0.5553706,0.1208156,0.7896736,0.86514,0.1465428,0.6742592,0.701303,0.1422274,0.8168178,0.4800636,0.1883652,0.8310392,0.4728488,0.2709832,0.8769372,0.8715354,0.141927,0.7606858,0.488295,0.4627146,0.128625,0.3904308,0.5277234,0.1634306,0.8877248,0.383688,0.2638574,0.8921778,0.875037,0.115988,0.3355864,0.455853,0.1447452,0.8806074,0.5690084,0.1873828
0.738822,0.5057948,0.1474124,0.8797242,0.4377524,0.199742,0.8018952,0.4519906,0.1472954,0.8238924,0.5303484,0.1837342,0.7562844,0.4887942,0.1338574,0.6668915,0.490341,0.1515068,0.7516492,0.4061504,0.1950072,0.6815466,0.5458842,0.2750978,0.6713502,0.4619929,0.1549468,0.87416,0.4991626,0.2653928,0.8686468,0.794548,0.1626486,0.645249,0.5030034,0.1649412,0.735712,0.5486484,0.1525936,0.7559466,0.80631,0.1684874,0.8287156,0.5013326,0.138787,0.7531496,0.87266,0.2423858,0.6048846,0.6611774,0.1916576,0.6246784,0.529286,0.1191164,0.7007526,0.5531366,0.1196002,0.8032012,0.8650516,0.145435,0.680295,0.6971888,0.1426162,0.8239362,0.47476,0.1876856,0.8416808,0.4768938,0.2741154,0.8863,0.87011,0.1434112,0.75641,0.484001,0.4615958,0.128225,0.3921554,0.5294794,0.1636448,0.8910244,0.3825123,0.2647704,0.8889458,0.8674182,0.1150218,0.338681,0.4553914,0.1424106,0.8812276,0.5684616,0.1877504
0.7557278,0.5065674,0.1488894,0.894041,0.4376512,0.1996956,0.8177348,0.4482302,0.1460718,0.817962,0.5323034,0.1827294,0.7647866,0.4849098,0.134206,0.6659907,0.4883872,0.1526876,0.7484035,0.4048652,0.1940128,0.6794801,0.5421906,0.2748104,0.6695554,0.4639212,0.1567462,0.877738,0.5031012,0.2647402,0.864693,0.796807,0.1643728,0.641892,0.504517,0.1642002,0.7384262,0.5455436,0.1502816,0.7578822,0.8053114,0.1688814,0.8377264,0.5009812,0.1371202,0.7579114,0.872213,0.2487206,0.6078358,0.6567792,0.1936844,0.6308384,0.5311994,0.1187456,0.7080778,0.5475758,0.1195414,0.7936118,0.8649534,0.1437412,0.6768502,0.6966496,0.1419772,0.8183436,0.470786,0.1905344,0.8346416,0.4769218,0.2723762,0.8387162,0.870609,0.142451,0.7713928,0.4837586,0.4620726,0.1283054,0.3961388,0.5298778,0.1642054,0.8732122,0.3848485,0.2658696,0.8921298,0.8698564,0.1158378,0.3400454,0.452461,0.1428164,0.8850488,0.5712738,0.186743
0.7644184,0.5077484,0.1487768,0.8768924,0.4360088,0.19957,0.8145446,0.4517388,0.146375,0.806871,0.5331624,0.1830228,0.768779,0.485084,0.135176,0.6743575,0.4840908,0.1507908,0.7358478,0.3998672,0.194703,0.6708619,0.5379884,0.2715858,0.677896,0.464552,0.1557874,0.8851732,0.5018292,0.2633692,0.8765574,0.7946778,0.164311,0.6338484,0.5058058,0.1636354,0.7320238,0.5423438,0.150006,0.7584784,0.807278,0.167741,0.8310088,0.501894,0.1368938,0.7439478,0.8690864,0.2549696,0.6041578,0.6594328,0.1936658,0.6367534,0.5285814,0.1198508,0.715599,0.550414,0.1206482,0.7965514,0.8634972,0.1436008,0.6712416,0.6957454,0.1424232,0.8104902,0.4705617,0.1908282,0.8386912,0.4799634,0.2723994,0.8338576,0.8677922,0.1419462,0.7618108,0.4865408,0.4642994,0.1290306,0.3935262,0.5345332,0.1655632,0.8806978,0.3854576,0.2662996,0.8922174,0.872,0.1155172,0.341331,0.4503952,0.144615,0.8818008,0.5718526,0.1856146
0.7581198,0.5094402,0.1493766,0.8743364,0.4382882,0.1963374,0.800027,0.449729,0.146151,0.8151916,0.5345248,0.1826132,0.7572988,0.484521,0.1361684,0.6603506,0.4826578,0.1511166,0.7519692,0.400731,0.1926638,0.6755131,0.5369972,0.2726056,0.677101,0.4653192,0.1557376,0.8863352,0.4987418,0.265223,0.8768398,0.7964996,0.1640766,0.6461772,0.5041888,0.164096,0.7391936,0.5365956,0.1501486,0.7536338,0.808862,0.164849,0.8319136,0.5005254,0.1360536,0.752012,0.875683,0.2585808,0.603561,0.6645308,0.1951188,0.6302012,0.5307996,0.1202818,0.719964,0.5497846,0.1205178,0.8174328,0.8632284,0.1446512,0.6626238,0.697063,0.1415454,0.811747,0.4675333,0.189778,0.8267202,0.4796254,0.270978,0.8542746,0.8589908,0.1415382,0.7631892,0.483836,0.4665172,0.1291432,0.3890148,0.5337184,0.1657432,0.8817428,0.384258,0.2658338,0.8830256,0.8263248,0.1158502,0.3447532,0.4505638,0.1435596,0.883566,0.574555,0.1861862
0.7521632,0.5083548,0.148544,0.8850628,0.4366612,0.1955168,0.8067774,0.4445952,0.1454242,0.8150418,0.5343886,0.179497,0.7591934,0.479933,0.1359218,0.6744824,0.478812,0.1494164,0.7441636,0.4018,0.193166,0.6830033,0.5316632,0.2716374,0.6807262,0.4668001,0.1546944,0.89075,0.4987986,0.267202,0.8710708,0.7949284,0.1630772,0.650703,0.5039494,0.162627,0.7420094,0.5375566,0.1510392,0.7545072,0.8118296,0.1655774,0.8265154,0.5031186,0.132566,0.749841,0.8740468,0.258761,0.5957366,0.6607256,0.1924298,0.6288452,0.5306406,0.1186202,0.7314564,0.546557,0.1191344,0.8170342,0.8656644,0.1440944,0.6823592,0.7029458,0.1427262,0.8064774,0.4644463,0.191643,0.8283924,0.4805754,0.2708864,0.8675908,0.8683628,0.141813,0.756179,0.4828468,0.463292,0.1293272,0.3870122,0.5354508,0.165031,0.8826896,0.3816922,0.2646392,0.890823,0.8391958,0.1149036,0.3440612,0.4498962,0.143829,0.889495,0.5767388,0.1866582
0.7524606,0.5027004,0.1481824,0.8811448,0.4387034,0.1970538,0.815919,0.4488652,0.1454896,0.8077864,0.529207,0.1808034,0.7489548,0.4779724,0.135625,0.670203,0.4817542,0.1494106,0.748023,0.397152,0.1923356,0.6765221,0.5346014,0.270871,0.6748832,0.4656337,0.1557634,0.8815,0.4966784,0.2696654,0.8671704,0.7902792,0.1645498,0.651428,0.5009966,0.1630038,0.7442948,0.538115,0.1517312,0.7435908,0.805039,0.166736,0.8322088,0.5033434,0.1320904,0.7534014,0.877692,0.260637,0.5991776,0.6563206,0.1933954,0.622769,0.53708,0.1169972,0.732283,0.545682,0.1190312,0.8211926,0.8661324,0.1440128,0.6904106,0.7011804,0.1433014,0.8079354,0.4653438,0.1919852,0.8307804,0.4785544,0.2701022,0.8641402,0.8708252,0.1393378,0.76238,0.4834706,0.4731972,0.1291382,0.3865718,0.5347646,0.1658016,0.8933782,0.3792582,0.2658134,0.878842,0.8472806,0.113557,0.3452458,0.4477482,0.1429812,0.8973958,0.5807008,0.1882212
0.7520464,0.4992848,0.147674,0.8986236,0.4380132,0.1961578,0.8134254,0.450366,0.1458014,0.8231194,0.5300402,0.1803828,0.74631,0.4773768,0.1359708,0.6679556,0.4839306,0.1496756,0.7420378,0.3937912,0.1908792,0.6844507,0.533529,0.2732978,0.674286,0.4649921,0.1557872,0.895848,0.4966868,0.271098,0.8692284,0.7895122,0.1657302,0.660361,0.5011916,0.1640444,0.737995,0.5291492,0.1521088,0.7658918,0.8074798,0.169652,0.8437542,0.502005,0.1323508,0.7649664,0.8728648,0.2623452,0.6027012,0.6571878,0.1947278,0.6224914,0.5415952,0.118091,0.739544,0.5478756,0.1200004,0.8175182,0.870495,0.1445804,0.6997564,0.7032446,0.1403656,0.8215472,0.4667036,0.1915918,0.8455518,0.4771868,0.2715098,0.8701568,0.868829,0.1390674,0.7545434,0.4878116,0.4757326,0.129159,0.3825526,0.531917,0.1672386,0.8938534,0.3784336,0.264976,0.8881224,0.8531378,0.1131726,0.3432412,0.447689,0.1436396,0.888867,0.5851548,0.1876688
0.7570528,0.5011756,0.146984,0.8978196,0.4381022,0.1956448,0.8285604,0.452213,0.1455438,0.8270886,0.5260714,0.1792882,0.7526836,0.4768574,0.1352726,0.6706554,0.4775656,0.150775,0.747157,0.3948164,0.1901324,0.6826484,0.5319694,0.2736478,0.6749356,0.4668828,0.1566002,0.9010808,0.4886556,0.2699906,0.8588374,0.7916528,0.1643548,0.664689,0.4991816,0.1619506,0.7299968,0.5292294,0.1513622,0.7646804,0.8040338,0.1710398,0.848215,0.5017786,0.129802,0.769005,0.8742214,0.2602568,0.6110462,0.6552692,0.1931636,0.6249826,0.5369372,0.1177788,0.7491298,0.542723,0.1194912,0.8322036,0.8648848,0.1449704,0.7092782,0.7054176,0.1396168,0.820261,0.4649456,0.1933738,0.8384862,0.4728936,0.2703542,0.8689348,0.8598296,0.1389106,0.7496304,0.4817148,0.4799938,0.1290132,0.3847692,0.5327404,0.1684092,0.88459,0.3784138,0.2644698,0.8922488,0.8634122,0.1127882,0.3388468,0.4439468,0.1425956,0.8937902,0.5935802,0.1874766
0.7606234,0.5011992,0.1477812,0.8895218,0.4349688,0.194471,0.8093154,0.4510752,0.1469802,0.8188324,0.5285546,0.1779354,0.766341,0.4780524,0.1339462,0.6694292,0.47459,0.1511698,0.7485616,0.3957462,0.189439,0.6808414,0.528343,0.2728754,0.6733496,0.4739695,0.157073,0.9035656,0.487594,0.2709104,0.8707328,0.7891962,0.1635684,0.6643024,0.498391,0.1617888,0.7349098,0.5325026,0.1542876,0.7717282,0.795929,0.1705312,0.8424236,0.5047302,0.1290082,0.781078,0.8699678,0.260755,0.598793,0.6510374,0.1923918,0.6250844,0.538506,0.1197778,0.7533868,0.5440612,0.120206,0.8274914,0.8682744,0.1462992,0.7035094,0.7047866,0.1397208,0.7969142,0.464991,0.1918466,0.8404584,0.46929,0.271583,0.8724154,0.8583282,0.1386612,0.748465,0.4787426,0.4773254,0.1289482,0.3918998,0.533013,0.168486,0.8845806,0.38359,0.2644306,0.8872312,0.8663164,0.1143272,0.3343938,0.4490386,0.141376,0.8922602,0.598088,0.186811
0.764144,0.4964766,0.1457276,0.9034284,0.4375692,0.192172,0.812943,0.4451144,0.1490752,0.8121006,0.5262822,0.1757868,0.7677804,0.4797552,0.1345534,0.6808608,0.470791,0.1504914,0.7431334,0.3947934,0.189322,0.6772352,0.5315524,0.2735084,0.668985,0.4724693,0.154379,0.892877,0.4865778,0.27033,0.8522444,0.78891,0.163803,0.6603474,0.497074,0.1635178,0.7406512,0.5289098,0.153399,0.7704166,0.8079454,0.1680584,0.8361176,0.5017028,0.1314522,0.785499,0.8686272,0.2593388,0.5961682,0.6486574,0.19411,0.6249648,0.54043,0.118607,0.7500204,0.5400084,0.1197742,0.8207138,0.865245,0.1466052,0.708818,0.702282,0.1399452,0.8139854,0.4568844,0.1929004,0.8383334,0.472148,0.273159,0.868535,0.8581246,0.13981,0.7464088,0.477996,0.4761416,0.1294546,0.3934692,0.5279522,0.1701736,0.8760838,0.380029,0.2590344,0.877196,0.870671,0.1149654,0.3384326,0.4469628,0.1418618,0.88586,0.5992964,0.188262
0.7543688,0.4983218,0.1449828,0.892421,0.4397332,0.1908672,0.8108224,0.445409,0.1477876,0.8078006,0.528253,0.1769692,0.756926,0.4801036,0.1342136,0.6752124,0.469838,0.149033,0.7422838,0.393987,0.1896006,0.6761164,0.5331286,0.276306,0.6633647,0.4755435,0.1549938,0.899078,0.4897278,0.2698858,0.8663902,0.7894562,0.1636814,0.6487766,0.4982388,0.1617646,0.73718,0.5207114,0.15289,0.755574,0.81649,0.167308,0.8434094,0.5005248,0.1308216,0.783804,0.8692376,0.2622448,0.5912026,0.6458042,0.193644,0.6217296,0.5414338,0.1175066,0.7427654,0.5376758,0.1204842,0.8348154,0.8632202,0.1481914,0.7132644,0.7011164,0.1408808,0.8284112,0.4555376,0.193727,0.8295954,0.4694468,0.2743454,0.8680058,0.8600284,0.1392468,0.7203106,0.4787564,0.4678088,0.1288218,0.3914958,0.5315078,0.170636,0.8729306,0.377951,0.2598376,0.8738636,0.8756466,0.114566,0.3416791,0.441797,0.1426398,0.8767228,0.6009356,0.1874314
0.7370758,0.499067,0.1433302,0.8934186,0.439792,0.192028,0.8058694,0.4456998,0.1478558,0.8030126,0.5273288,0.175638,0.7601648,0.4759174,0.1356956,0.6740386,0.4678048,0.149852,0.7461118,0.3990086,0.1884178,0.6733308,0.5289904,0.2721858,0.6625293,0.4762768,0.15494,0.8849992,0.4861702,0.268151,0.8720662,0.7924108,0.163428,0.6566642,0.500491,0.1619218,0.7520642,0.523627,0.1533062,0.7661578,0.8095186,0.1674084,0.8560332,0.500819,0.130295,0.7704834,0.8722682,0.2641472,0.5893834,0.6406566,0.1942684,0.6252264,0.5412978,0.1196628,0.7367596,0.541659,0.120902,0.8301804,0.8638084,0.1477284,0.7008606,0.6985708,0.1392654,0.8220556,0.4511118,0.193354,0.8297898,0.4671764,0.272775,0.882748,0.864578,0.1377004,0.7359846,0.4813758,0.4687164,0.1286898,0.3909208,0.5298492,0.16918,0.8757568,0.3774518,0.2616176,0.8829436,0.877901,0.1150718,0.3409868,0.4428834,0.1448304,0.8631034,0.600956,0.188792
0.74552,0.499989,0.1417972,0.8898974,0.435428,0.1954644,0.805244,0.4437826,0.1476094,0.8116252,0.5298278,0.175506,0.7572576,0.4741412,0.1354376,0.6702012,0.4689052,0.1480754,0.7494986,0.3969996,0.1873864,0.668075,0.5247028,0.2734542,0.6678707,0.4691486,0.1534512,0.8987678,0.4849702,0.2698894,0.866747,0.7932072,0.161249,0.6480248,0.4968408,0.1650744,0.7467984,0.5260752,0.1512458,0.7589795,0.8074612,0.166718,0.8485258,0.5022406,0.1297,0.7713396,0.872105,0.2639918,0.5836188,0.642814,0.1946498,0.6156742,0.5426164,0.1195522,0.7407142,0.539951,0.119739,0.827944,0.868164,0.1474548,0.7020752,0.7010066,0.1372852,0.8230972,0.4486426,0.1927334,0.8231778,0.466452,0.274042,0.878433,0.8575166,0.1396266,0.7435,0.4784858,0.4682974,0.129091,0.3916288,0.5303546,0.1693478,0.8779726,0.3792518,0.2638674,0.8783626,0.874016,0.1141714,0.3414723,0.4410184,0.1471554,0.8753372,0.597177,0.1907008
0.7502888,0.4974238,0.1410386,0.8739822,0.433416,0.1986494,0.80399,0.4408932,0.1472582,0.8010528,0.5301182,0.1771454,0.7527764,0.4692414,0.1351106,0.6731302,0.471763,0.1473156,0.746104,0.3920842,0.1877528,0.676267,0.5225328,0.2745674,0.6666795,0.4705052,0.1551248,0.9041846,0.483303,0.269708,0.8766632,0.7949764,0.1621528,0.6550254,0.4945774,0.1657472,0.7442468,0.5239426,0.1495908,0.7524578,0.8049376,0.1676568,0.8474034,0.4966734,0.1294822,0.7688086,0.8725852,0.263228,0.5932482,0.6383644,0.1935832,0.6222972,0.5405282,0.1204544,0.735562,0.543368,0.1227804,0.8234998,0.8154222,0.1475306,0.7115378,0.6957626,0.1360704,0.8122448,0.4471816,0.1911052,0.8349216,0.4607352,0.2728134,0.8846166,0.8591128,0.1377638,0.7526406,0.4774074,0.4694774,0.1297104,0.3972004,0.5299088,0.1690974,0.8725254,0.37467,0.2637218,0.8818554,0.8732806,0.115192,0.3442061,0.4412898,0.146494,0.8844378,0.5956504,0.189328
0.7552444,0.4953336,0.139797,0.87218,0.4288512,0.199287,0.8066386,0.4426156,0.146152,0.804429,0.5292424,0.1797566,0.7486394,0.4670434,0.1340914,0.683168,0.4762422,0.1477716,0.7555742,0.3930922,0.1895032,0.6646706,0.5200924,0.272213,0.6664853,0.4723728,0.1567016,0.8974916,0.47963,0.2678878,0.8581632,0.7964894,0.1615148,0.6543328,0.496212,0.166321,0.735932,0.5240354,0.1488958,0.7359708,0.8073848,0.1646392,0.852971,0.4916332,0.1274524,0.7915758,0.8724982,0.2617224,0.5793574,0.6393452,0.1920992,0.6267488,0.5375896,0.1189938,0.7422636,0.5370782,0.12176,0.8289196,0.8272028,0.1455352,0.7079118,0.6932706,0.1347696,0.807113,0.4515384,0.1898292,0.8322726,0.4594994,0.273905,0.8792786,0.8640068,0.136194,0.7518406,0.4720778,0.468954,0.1285754,0.393265,0.5288238,0.169045,0.8741728,0.374234,0.263516,0.8817886,0.8715036,0.1153386,0.3433333,0.4415394,0.1464834,0.8878948,0.6000204,0.1897464
0.74535,0.4887822,0.1385256,0.8466504,0.4304948,0.2013206,0.808766,0.4439724,0.1455066,0.8029198,0.5270546,0.1784806,0.7371356,0.4698824,0.1340574,0.6721438,0.4785808,0.1462354,0.7549504,0.3873724,0.1902012,0.66191,0.5251722,0.2727134,0.6664655,0.4702742,0.155455,0.9045482,0.476094,0.2681598,0.8573184,0.789534,0.1615006,0.6441282,0.4901602,0.164907,0.7260328,0.5292252,0.1481848,0.7396216,0.8168022,0.1663514,0.8504556,0.4914418,0.1277832,0.7840936,0.8763982,0.2621454,0.5875214,0.6370532,0.191592,0.6278978,0.5368812,0.1195,0.744229,0.534906,0.1228726,0.8343406,0.8437766,0.1468596,0.709879,0.6872418,0.1355298,0.8114846,0.4524242,0.1889836,0.840775,0.4638686,0.2743756,0.867996,0.869507,0.1372712,0.7701752,0.4692604,0.4679092,0.1268134,0.3889738,0.5276886,0.1665988,0.8680668,0.37017,0.2657976,0.8793348,0.8782106,0.1154294,0.345527,0.4368228,0.1477964,0.8825806,0.5983686,0.1900392
0.7438902,0.484872,0.1381452,0.8632356,0.4273646,0.2020984,0.8055168,0.448215,0.1446678,0.8196546,0.5242318,0.180058,0.7501726,0.4695706,0.1325678,0.6748456,0.4857868,0.1438888,0.76298,0.387658,0.1917442,0.6687164,0.5279988,0.2729722,0.6717337,0.466965,0.1556642,0.9057128,0.4770428,0.2672496,0.8590748,0.7867076,0.160343,0.6333408,0.4923962,0.1646396,0.7292816,0.5271956,0.148119,0.7379214,0.8159548,0.1668778,0.852461,0.4850892,0.1267492,0.7864628,0.8772082,0.2615916,0.5771274,0.6367422,0.1916086,0.6200488,0.5378494,0.1194944,0.7380942,0.5364702,0.1232902,0.832285,0.8454918,0.1453782,0.7111144,0.689632,0.1371816,0.8139752,0.4511658,0.1891816,0.834558,0.4650814,0.2600536,0.864571,0.8652192,0.1368014,0.78123,0.4668636,0.4644928,0.1248988,0.3908166,0.527843,0.1659122,0.8769106,0.3694118,0.2671128,0.8879896,0.8746816,0.1172134,0.3428374,0.436307,0.1465466,0.8824564,0.5972084,0.189069
0.7572758,0.4903162,0.1377658,0.8480156,0.4289736,0.2030386,0.7907574,0.4489518,0.1446442,0.8116446,0.5249902,0.1809882,0.7567714,0.467944,0.1312606,0.6809308,0.48059,0.1437366,0.7621146,0.3827072,0.1931958,0.6658792,0.5263752,0.271883,0.65819,0.4653456,0.1565258,0.8871824,0.477366,0.269577,0.8629666,0.7857044,0.159076,0.6439562,0.4903868,0.1635362,0.7322888,0.532663,0.1484092,0.758146,0.8215374,0.16589,0.8405204,0.4835066,0.1258746,0.7894148,0.874089,0.2614642,0.5740716,0.6369208,0.190453,0.6235824,0.5397466,0.1191438,0.738222,0.5363344,0.123192,0.8336574,0.8529738,0.1451252,0.710129,0.6881224,0.1396312,0.8060096,0.4459504,0.1886864,0.8371024,0.465203,0.2616586,0.8710882,0.8663852,0.1356172,0.7740876,0.4642896,0.4641078,0.1253234,0.3866262,0.5242164,0.167751,0.8887648,0.3678858,0.2696952,0.8765964,0.8768586,0.1162836,0.3444252,0.4370194,0.1469332,0.8795194,0.596891,0.188501
0.75073,0.4916664,0.1366296,0.8476622,0.4306408,0.2051834,0.8023074,0.4483884,0.1449504,0.8121882,0.5228296,0.1831756,0.7511796,0.4697388,0.1307872,0.6660526,0.4776922,0.1424426,0.7562949,0.3845872,0.1954558,0.6668632,0.5312236,0.27242,0.6595134,0.465062,0.158289,0.897969,0.4768026,0.2699784,0.8688666,0.7867074,0.1588496,0.63522,0.4867726,0.1622962,0.728411,0.5336284,0.1473742,0.7574858,0.8146956,0.1669772,0.8384098,0.4802004,0.1263722,0.7956824,0.8718592,0.2631468,0.5819578,0.6305808,0.1908718,0.6172032,0.539002,0.1177742,0.7461434,0.5335964,0.121054,0.826677,0.8564138,0.145247,0.7157746,0.6915856,0.140852,0.805881,0.4528792,0.1887578,0.8187342,0.4666738,0.2668678,0.8716212,0.8662102,0.1338884,0.7842944,0.4627152,0.4640229,0.1263302,0.3867712,0.5207832,0.1698338,0.8899042,0.3668792,0.2705164,0.8837578,0.8759206,0.1178698,0.3465258,0.436197,0.1473304,0.879293,0.5982322,0.1883386
0.7421436,0.492916,0.1369224,0.8639738,0.4272894,0.2075852,0.791449,0.4467044,0.1461008,0.8025052,0.5217446,0.1807958,0.74685,0.4700126,0.1306218,0.662191,0.4772112,0.1425378,0.7542394,0.3846762,0.196509,0.6613038,0.5311116,0.2710076,0.6623872,0.4632086,0.1586808,0.8923326,0.475817,0.2696664,0.8606878,0.7829784,0.1578258,0.6464604,0.4854146,0.1613594,0.7267248,0.5365666,0.1469482,0.7621228,0.8039642,0.1667452,0.8300572,0.4763748,0.1267786,0.7919298,0.8671458,0.263929,0.5831196,0.6323464,0.1936236,0.610727,0.5460938,0.1205325,0.7451122,0.5308654,0.1213992,0.8193786,0.855088,0.1459474,0.7182444,0.6882448,0.140546,0.8268452,0.4509676,0.1896504,0.831047,0.464785,0.2688226,0.8757382,0.8639218,0.1329544,0.7796666,0.4581972,0.4632175,0.1270212,0.3833008,0.5140202,0.170284,0.8809914,0.3733168,0.2665,0.8752622,0.8793788,0.119723,0.347416,0.435451,0.1473474,0.8834966,0.597973,0.1873424
0.7475336,0.4930084,0.1346056,0.872722,0.4255686,0.2090216,0.7941572,0.4506374,0.1442656,0.8051568,0.5193156,0.1804764,0.7572196,0.4694454,0.128704,0.674298,0.4772504,0.1436306,0.7503116,0.3875406,0.1944728,0.6661296,0.5314194,0.2711988,0.653709,0.4618486,0.1574792,0.89074,0.4792714,0.2704962,0.861353,0.7888708,0.1573108,0.6405506,0.4842553,0.1598496,0.710308,0.539554,0.1473092,0.7762058,0.8104924,0.1666744,0.8314654,0.4802762,0.125703,0.7888126,0.8687044,0.2642622,0.5795784,0.6254868,0.191324,0.6120966,0.5477786,0.1182814,0.7355156,0.5379982,0.1211404,0.8284892,0.8614914,0.1478488,0.720537,0.6879122,0.1409646,0.8244322,0.4524286,0.1902992,0.8194704,0.461231,0.271603,0.8714422,0.861025,0.1336922,0.7771254,0.4583366,0.4656568,0.1253928,0.3864732,0.510714,0.1695908,0.8699376,0.3746332,0.2688094,0.8693228,0.8770336,0.1190156,0.3496278,0.4349154,0.146499,0.888448,0.602998,0.1875456
0.754918,0.4932176,0.1341678,0.8708874,0.4255854,0.2104974,0.7892136,0.4552354,0.1439578,0.797082,0.5147728,0.1804988,0.7455946,0.4641238,0.1276554,0.6784126,0.4751126,0.1426942,0.7498558,0.3924438,0.19489,0.65435,0.5296136,0.2571666,0.6431176,0.4593894,0.1580854,0.884766,0.4734816,0.2700782,0.8815392,0.7913258,0.1566162,0.642954,0.4846084,0.160526,0.7050996,0.5366756,0.1478818,0.7821222,0.8119664,0.165132,0.8539482,0.4784432,0.1237144,0.7955094,0.872313,0.2637392,0.5674064,0.6193424,0.1900684,0.6153382,0.5470746,0.118852,0.7375746,0.532699,0.1212586,0.8356174,0.8656962,0.1467496,0.7211064,0.6852374,0.1406652,0.8216254,0.4554264,0.1900894,0.825112,0.4596682,0.2699332,0.883536,0.8718992,0.132733,0.7864986,0.4571426,0.4633784,0.1259902,0.3850538,0.5102482,0.168809,0.8458644,0.3760628,0.269732,0.8658602,0.8727634,0.1183918,0.347037,0.4396176,0.145516,0.8797606,0.6036022,0.1864508
0.7564834,0.495837,0.1341524,0.8825572,0.429823,0.2105782,0.7977724,0.4514662,0.1439726,0.8012024,0.5170226,0.1787836,0.7500342,0.4643498,0.1283642,0.6601044,0.475123,0.1433908,0.7371718,0.387145,0.1965254,0.6425694,0.530236,0.2621212,0.6529836,0.4585794,0.159054,0.8871096,0.4760104,0.2664812,0.82053,0.7897786,0.1564838,0.6404686,0.4838796,0.1588022,0.705502,0.5360916,0.1479312,0.7855566,0.8162046,0.1652676,0.8510314,0.4739722,0.1219664,0.795903,0.8687594,0.2624148,0.5816952,0.6226746,0.1900922,0.6299954,0.5407614,0.1179425,0.730832,0.5303518,0.1216134,0.8288092,0.8654382,0.1457908,0.7092732,0.6807098,0.1407938,0.803649,0.4512326,0.1905574,0.8301624,0.4579664,0.2700898,0.885187,0.879445,0.1323346,0.7748088,0.4553048,0.4627616,0.1266832,0.385939,0.5098312,0.1719494,0.8389392,0.3768392,0.2704546,0.8644912,0.867737,0.1172206,0.3427704,0.4401888,0.1479836,0.8959636,0.6017424,0.185359
0.7591262,0.4934594,0.1312256,0.865349,0.4309798,0.2113458,0.8152624,0.4491066,0.1442824,0.7860948,0.511342,0.178729,0.751612,0.4618228,0.1272864,0.6635336,0.4747666,0.143025,0.7463778,0.3867162,0.1964318,0.6570874,0.528084,0.2671714,0.6603117,0.459651,0.158794,0.8894524,0.4762618,0.2690922,0.83922,0.7927662,0.155046,0.6394652,0.4830422,0.1575228,0.7195652,0.533699,0.1482128,0.7802554,0.8188418,0.164446,0.8449678,0.466516,0.1211654,0.7928118,0.8744396,0.261837,0.5792708,0.6223448,0.1898344,0.6377088,0.5402868,0.1181321,0.7269324,0.5374062,0.1208514,0.814525,0.854331,0.1446124,0.7135772,0.6789254,0.1405476,0.8047042,0.4537114,0.1900616,0.8398358,0.4546674,0.2730876,0.8854412,0.8723588,0.132983,0.7778448,0.4616724,0.4670654,0.1258862,0.3854044,0.5076106,0.172763,0.8582662,0.3742704,0.270856,0.8699346,0.8682092,0.1175436,0.3448844,0.4381582,0.1479664,0.885354,0.5976438,0.1840316
0.7497664,0.4938088,0.1314228,0.8466692,0.4264462,0.2097958,0.8059824,0.4490188,0.1424062,0.8045734,0.5100586,0.1777194,0.760284,0.461141,0.1278908,0.6672584,0.4776118,0.1425082,0.7546326,0.3827958,0.1971696,0.6747686,0.5293498,0.2649252,0.6598456,0.4579536,0.1572084,0.8924786,0.475086,0.2686876,0.8547406,0.7910886,0.1541166,0.6377344,0.4784376,0.1573338,0.7123652,0.5379434,0.1484138,0.7841194,0.8093596,0.1632212,0.845039,0.4671668,0.1225386,0.7872108,0.870184,0.2612448,0.5812034,0.6173342,0.1883658,0.6421454,0.5390194,0.1196322,0.7271784,0.5418518,0.121142,0.828402,0.8654384,0.142506,0.717354,0.672119,0.1402976,0.8050128,0.4568534,0.1887374,0.8404452,0.4548022,0.2708718,0.8866588,0.8746146,0.1305052,0.7784818,0.4585406,0.466964,0.1246516,0.3818754,0.5067164,0.1720662,0.8655986,0.3738308,0.269817,0.8765568,0.8708816,0.1181392,0.346192,0.4428746,0.1476248,0.875805,0.597899,0.1839436
0.7534786,0.4952416,0.1313308,0.8614566,0.4277896,0.209194,0.8139484,0.4481978,0.1429672,0.8039852,0.5069094,0.1740356,0.7654344,0.4607895,0.1277166,0.658003,0.4810948,0.1431636,0.7473326,0.3860288,0.1978652,0.687971,0.5331066,0.264948,0.659578,0.4600626,0.1577458,0.8876396,0.4695032,0.269952,0.8684992,0.7928086,0.154909,0.6443294,0.4811872,0.1563232,0.705505,0.5386382,0.1476488,0.7795494,0.806903,0.1629194,0.8275948,0.4673436,0.1226894,0.7826978,0.8723604,0.2614614,0.5820314,0.616536,0.1852822,0.646687,0.5369614,0.1185878,0.737133,0.537991,0.120091,0.831662,0.8651386,0.1428368,0.7165138,0.6689094,0.1417234,0.8071276,0.4607976,0.1879566,0.8474572,0.4490912,0.276684,0.899695,0.8664864,0.1313586,0.7830816,0.4606188,0.4724648,0.1242112,0.3829744,0.5044272,0.1717364,0.86674,0.3734686,0.2685768,0.8909342,0.8700574,0.1180806,0.344018,0.4398792,0.146897,0.8797552,0.5983334,0.1834494
0.7620554,0.500477,0.1310788,0.8812874,0.4301828,0.209835,0.8135324,0.4451642,0.144047,0.7891794,0.5071638,0.1741022,0.7616862,0.4634509,0.1281922,0.6586422,0.4847066,0.1425278,0.7448296,0.388418,0.1960526,0.6864168,0.5354634,0.26763,0.6542474,0.4596488,0.1572212,0.8932538,0.4679158,0.2694964,0.8745704,0.791075,0.1541466,0.6435398,0.4865456,0.15653,0.7211888,0.5352854,0.1461652,0.7717766,0.8007634,0.1614926,0.8283416,0.4701628,0.1226404,0.7819312,0.8786616,0.2628828,0.577058,0.6168118,0.1845624,0.6529776,0.5336166,0.1203702,0.7353936,0.5435644,0.1204346,0.8279682,0.8656446,0.1431556,0.7220966,0.6640468,0.1422398,0.8132684,0.4634314,0.1890688,0.8437872,0.4458934,0.2745432,0.8948876,0.8660238,0.1300136,0.772995,0.4625862,0.4690168,0.1223512,0.3805048,0.501582,0.1716288,0.871372,0.369541,0.2693062,0.8753544,0.8729964,0.1180372,0.3404454,0.4413932,0.1471332,0.88347,0.5899416,0.1827954
0.7549424,0.4977016,0.1310512,0.8789484,0.4302024,0.2106534,0.807484,0.4466836,0.1464446,0.7845254,0.5060906,0.1735392,0.7505912,0.4602231,0.1286878,0.6624244,0.4819108,0.1402888,0.746674,0.388579,0.1986672,0.6949724,0.5382076,0.2699224,0.6600588,0.459363,0.1572704,0.8954134,0.4671448,0.2699258,0.8830432,0.793322,0.1540074,0.6385838,0.4812098,0.1558266,0.716847,0.5359256,0.1458804,0.7772396,0.7969282,0.162096,0.825601,0.4684142,0.1229358,0.772746,0.8788362,0.2621312,0.5712124,0.6095742,0.183527,0.6684812,0.5393336,0.120812,0.737084,0.5428796,0.120128,0.8246168,0.871908,0.144084,0.7098152,0.6586594,0.141677,0.8183938,0.4649298,0.1882162,0.8399916,0.443969,0.2741862,0.8914162,0.866425,0.1295678,0.7689998,0.45991,0.4694004,0.120638,0.381057,0.4935298,0.172421,0.8857686,0.367112,0.2685088,0.887621,0.8745086,0.1178718,0.339801,0.444368,0.1454828,0.884613,0.58823,0.1821274
0.7528096,0.5002742,0.1319818,0.8740568,0.427302,0.2099228,0.807116,0.4485396,0.1474406,0.790975,0.5052118,0.1743184,0.7509532,0.4609329,0.1291854,0.6672094,0.485614,0.1387498,0.742624,0.3928788,0.1990866,0.6952884,0.537029,0.2673362,0.6584808,0.4560092,0.1559538,0.8861826,0.4682626,0.269677,0.8814752,0.788666,0.1547568,0.6362732,0.4849884,0.1546642,0.7017666,0.533108,0.1469726,0.783537,0.7938682,0.1588378,0.8204792,0.4627526,0.1233334,0.7779258,0.8738172,0.2605452,0.565576,0.6152397,0.1839514,0.6713822,0.5369008,0.1215974,0.7373534,0.5477442,0.1209506,0.8250086,0.8683728,0.147106,0.7192148,0.6552786,0.1435346,0.8146122,0.466126,0.1880676,0.8475006,0.4451634,0.2723414,0.8869928,0.8669266,0.1324614,0.7677224,0.4592716,0.4681802,0.1195764,0.3679312,0.494008,0.1744806,0.8775834,0.3624012,0.2690302,0.8719488,0.878521,0.1189468,0.338605,0.4426698,0.1460206,0.886821,0.5872006,0.1815874
0.7523642,0.4946276,0.130386,0.8826706,0.4292872,0.2090484,0.8042058,0.4510182,0.1478812,0.7955892,0.50667,0.176645,0.7353238,0.4642441,0.1292306,0.6660972,0.4897578,0.1400146,0.741243,0.3926482,0.2020144,0.6858146,0.536197,0.2723524,0.6601572,0.4623148,0.1556568,0.8824306,0.4668912,0.2688876,0.8739324,0.7930588,0.1556568,0.6355144,0.4902968,0.1553634,0.7013288,0.5386548,0.1450912,0.7740528,0.79181,0.1585384,0.8282308,0.4651422,0.1220524,0.7845958,0.8743844,0.2596804,0.573908,0.6156291,0.1855158,0.676043,0.5360074,0.1209496,0.7478884,0.5489524,0.1213418,0.8231158,0.8667588,0.1448628,0.7248532,0.6545004,0.141027,0.8140944,0.4626116,0.1864736,0.8300624,0.4458524,0.2730986,0.878585,0.8705942,0.1322266,0.7605346,0.4622058,0.4731782,0.1202702,0.3686228,0.490815,0.171204,0.8747238,0.3576202,0.267594,0.8694612,0.8758536,0.1189334,0.342717,0.4406984,0.145864,0.8807296,0.5850638,0.1820298
0.7622108,0.5006884,0.1306216,0.8906402,0.4320392,0.2060776,0.8028492,0.4515934,0.145849,0.7903164,0.5036784,0.1767272,0.7372602,0.4657038,0.1295952,0.6657046,0.4852722,0.1398394,0.7568884,0.3940354,0.201946,0.6908064,0.5384894,0.2722812,0.6638462,0.4637218,0.1545382,0.8821562,0.4657774,0.2707522,0.8675604,0.7975268,0.1554914,0.6394014,0.4906672,0.1560732,0.7151316,0.5368814,0.1453328,0.7717106,0.794677,0.1577186,0.8293764,0.4690274,0.122586,0.7834188,0.8719672,0.2597642,0.5727822,0.6153979,0.1852216,0.6823188,0.5343706,0.1208542,0.7447258,0.5519546,0.1217986,0.8174158,0.86788,0.1444446,0.7261858,0.6583926,0.1421674,0.823449,0.4602888,0.183671,0.8234848,0.4453648,0.2729524,0.8801202,0.8657152,0.13182,0.7610806,0.460173,0.4755106,0.1202068,0.3685592,0.4880756,0.171352,0.8907006,0.3608702,0.266764,0.8632506,0.8733294,0.1175964,0.3422512,0.4359818,0.1476786,0.8855278,0.5815628,0.1815214
0.764366,0.499755,0.12991,0.8919198,0.4324324,0.2063614,0.8062606,0.44662,0.1466182,0.796378,0.4982512,0.1774004,0.7405578,0.4674528,0.129958,0.6788996,0.4837698,0.1405428,0.7635414,0.3956598,0.1997112,0.680502,0.5402096,0.273481,0.6649966,0.469789,0.1531196,0.8871354,0.4661588,0.2712446,0.8719444,0.7950982,0.1541132,0.6329078,0.494971,0.1577126,0.7128084,0.5395802,0.143236,0.7712502,0.7968574,0.157323,0.8434304,0.469577,0.1164548,0.7702046,0.8785544,0.2607288,0.5748596,0.6230261,0.1859286,0.6817706,0.5302392,0.1204234,0.7393,0.5472796,0.1193258,0.8212048,0.8704826,0.1446908,0.7167682,0.6540554,0.1426874,0.825505,0.4618162,0.1811318,0.8244738,0.444057,0.2727366,0.8896868,0.8651216,0.131172,0.7733874,0.4538997,0.4780884,0.120874,0.369402,0.4823918,0.1732258,0.8995408,0.3632056,0.2678966,0.8718664,0.874486,0.115373,0.3426396,0.4346248,0.1486562,0.8714044,0.583275,0.1774856
0.7652164,0.4983204,0.1278732,0.8915546,0.432209,0.2059406,0.8028382,0.4515928,0.1475186,0.8018784,0.4997428,0.17917,0.7355808,0.4764974,0.1286098,0.6824806,0.4776636,0.1425264,0.7717048,0.3954818,0.198445,0.6987908,0.5380146,0.2710266,0.6758142,0.4689732,0.1531614,0.8864098,0.4656554,0.2682712,0.8789176,0.790038,0.1532476,0.6320688,0.4940218,0.1576372,0.7153258,0.5441966,0.1450556,0.7741984,0.776683,0.157406,0.836119,0.468381,0.115137,0.7854342,0.874073,0.2639096,0.5779178,0.6256822,0.1876204,0.6879932,0.5320868,0.1196118,0.7383034,0.5427016,0.118541,0.825569,0.8689344,0.1443842,0.7211422,0.650281,0.1436894,0.7871562,0.464179,0.1798374,0.8324496,0.4418062,0.272914,0.8824032,0.874759,0.1324148,0.76833,0.4509723,0.4765846,0.1209966,0.3705516,0.4830658,0.1752204,0.8865376,0.3576092,0.2661016,0.838024,0.8749518,0.1156204,0.3471558,0.4351742,0.148104,0.8817752,0.5788216,0.175535
0.752607,0.4954246,0.1298942,0.885737,0.4298034,0.2066156,0.8066152,0.455631,0.1479262,0.7964846,0.5009704,0.1788938,0.7315586,0.479628,0.1277536,0.6741632,0.477101,0.1396702,0.7722947,0.390519,0.198924,0.6976468,0.5422128,0.2728982,0.6700668,0.4664704,0.152387,0.8761824,0.4675424,0.2680976,0.8820566,0.7881316,0.1538394,0.6265282,0.492284,0.1588562,0.712714,0.5447718,0.1451908,0.7894804,0.7964746,0.1553848,0.8397716,0.4729002,0.1142612,0.7763716,0.876584,0.265235,0.5642126,0.626738,0.1863422,0.6981038,0.534968,0.1181878,0.7308432,0.5467028,0.1184598,0.813953,0.8713898,0.1454135,0.7247556,0.6539232,0.1426166,0.7797488,0.4665242,0.1787396,0.828954,0.4434268,0.2739016,0.8817016,0.869531,0.1313202,0.786981,0.4564928,0.4829426,0.121166,0.3665078,0.4846914,0.1742216,0.8841216,0.3652364,0.2663162,0.8371478,0.8792238,0.1155712,0.3502746,0.4347572,0.1487096,0.8808126,0.5763024,0.1744368
0.7618172,0.501652,0.1298482,0.8724376,0.4289392,0.20619,0.799086,0.4571936,0.148883,0.7932882,0.494729,0.1773262,0.7312,0.4800123,0.1278316,0.660918,0.4760038,0.1393122,0.7766206,0.3948292,0.1998124,0.704102,0.542973,0.2742226,0.6782102,0.4711154,0.1527774,0.8854268,0.4623942,0.2691754,0.8817684,0.7867268,0.1522734,0.6215454,0.4904946,0.1594154,0.7106968,0.539539,0.144831,0.799825,0.8200944,0.15461,0.8433884,0.4737092,0.1196092,0.7725571,0.877116,0.2642402,0.5593192,0.6292798,0.1868846,0.6946134,0.5356944,0.1175136,0.7249698,0.5428592,0.1181216,0.8026792,0.8718872,0.1449495,0.7317092,0.6483972,0.140562,0.7892168,0.4676766,0.1758788,0.8338086,0.445461,0.272025,0.8796166,0.8769864,0.1298724,0.7937524,0.4632572,0.4838536,0.1206254,0.3665768,0.4869728,0.1753234,0.8867326,0.3648076,0.267206,0.855929,0.88094,0.1143126,0.3497494,0.434254,0.1487354,0.8842652,0.5760576,0.1756352
0.7576818,0.4950978,0.1301642,0.8687232,0.4329764,0.2035242,0.8012814,0.4584144,0.1486756,0.7865266,0.4994074,0.1766746,0.7423462,0.4804552,0.1254276,0.6701242,0.4772342,0.1396708,0.783533,0.3945926,0.201091,0.7114492,0.5403858,0.273778,0.6806658,0.4763348,0.1525046,0.8864034,0.4612468,0.2688102,0.8698872,0.7889236,0.1523142,0.6280194,0.4924,0.1598764,0.7019878,0.5390162,0.1438896,0.7969702,0.8251796,0.156879,0.8283174,0.47382,0.1193698,0.7662128,0.875768,0.2663736,0.5615656,0.6303272,0.1878268,0.6910054,0.5316636,0.1166088,0.7306392,0.5384548,0.1173158,0.815499,0.868428,0.1450599,0.7274172,0.6450066,0.1391944,0.8053096,0.468373,0.1758062,0.841166,0.4471246,0.2738656,0.8768208,0.8733308,0.1300296,0.8035728,0.4681955,0.4874314,0.1209648,0.3641208,0.4868262,0.1753954,0.888464,0.3637138,0.2669184,0.8687478,0.8813326,0.1138278,0.3469894,0.4350186,0.1499052,0.8880896,0.5802706,0.173998
0.7564858,0.494958,0.1318458,0.8722594,0.424792,0.2022586,0.7991662,0.4576126,0.1483576,0.7825202,0.4943636,0.176325,0.7450192,0.4781814,0.124043,0.6630158,0.480445,0.1415968,0.7805258,0.3968514,0.2007962,0.7164706,0.541723,0.2766266,0.6792748,0.4764676,0.152262,0.8760362,0.4654302,0.2688206,0.8751016,0.787083,0.1514596,0.6342886,0.4925866,0.1600062,0.7026572,0.535104,0.1450996,0.788524,0.830721,0.1560224,0.8300494,0.4760842,0.1185294,0.773494,0.8794408,0.2636006,0.5579346,0.6287648,0.1896578,0.6852746,0.5340784,0.1157474,0.7338614,0.5403718,0.1177404,0.8230464,0.8615196,0.1453726,0.7135292,0.6563396,0.13794,0.7901682,0.467301,0.1775192,0.832422,0.4446912,0.2736708,0.8645206,0.8720108,0.1316208,0.7943974,0.4698657,0.4837748,0.120481,0.3685504,0.491107,0.174608,0.8914698,0.3594184,0.268199,0.8648554,0.8755658,0.1123068,0.3468758,0.4407034,0.1490006,0.8974886,0.5773804,0.1746054
0.761997,0.4914154,0.1307868,0.8716268,0.4241224,0.199496,0.8021556,0.4614858,0.1485766,0.803844,0.5002308,0.1771482,0.7434868,0.4763334,0.1242392,0.6594592,0.4750532,0.1411942,0.7910498,0.3949246,0.2007282,0.7055654,0.5310216,0.2727152,0.672862,0.4782354,0.1505122,0.8739284,0.4639284,0.2699986,0.8901672,0.782172,0.1516354,0.630285,0.4947772,0.1589208,0.689607,0.5334058,0.1454772,0.791356,0.8387788,0.1566946,0.8305238,0.4793672,0.1190387,0.7808668,0.8231982,0.2638698,0.5603308,0.6352048,0.1903706,0.6913042,0.532505,0.1166946,0.729217,0.5380094,0.1185656,0.8201276,0.862839,0.1444956,0.7086022,0.6584927,0.1386454,0.8035476,0.4654668,0.1785194,0.8453334,0.4398932,0.2731544,0.866158,0.8685038,0.1309978,0.7953354,0.4709081,0.4853426,0.1200636,0.3680036,0.4887236,0.1750198,0.8855332,0.3568102,0.2680778,0.8705032,0.8776608,0.1134954,0.3439746,0.4378756,0.1492646,0.8867806,0.5714562,0.1727368
0.763557,0.4897596,0.1302878,0.8774102,0.4196372,0.19855,0.792392,0.4585242,0.1509318,0.782284,0.5064964,0.1775628,0.7419578,0.4710432,0.1234274,0.664699,0.4733446,0.1417824,0.7897156,0.392846,0.1983612,0.703385,0.5309734,0.2709144,0.6717716,0.4782862,0.151429,0.8804822,0.4674238,0.259285,0.8744152,0.7851192,0.1508024,0.6291046,0.4979966,0.1585476,0.704955,0.529592,0.1469962,0.7904636,0.8298076,0.1587942,0.8275994,0.4770018,0.1219699,0.779649,0.8370342,0.2657412,0.5632334,0.6384524,0.188278,0.7006138,0.5311148,0.1147678,0.7278086,0.5389754,0.1179012,0.8223854,0.8606704,0.1445152,0.7017614,0.6661743,0.1396252,0.8067126,0.4620832,0.1761726,0.8432206,0.4388242,0.272623,0.8784578,0.8186308,0.1314878,0.7885004,0.4700791,0.4831354,0.1194276,0.3648034,0.4958604,0.1745668,0.8826784,0.3551706,0.2683292,0.8914998,0.874535,0.1123032,0.344449,0.4320902,0.1501114,0.8878068,0.5725804,0.172693
0.7735344,0.4860684,0.1300374,0.8744834,0.4168528,0.1997524,0.7983314,0.463926,0.1498544,0.788626,0.5070998,0.172825,0.7485804,0.4719584,0.123706,0.659887,0.4722624,0.1409196,0.7803534,0.391194,0.1962212,0.7073472,0.5284116,0.2714102,0.670567,0.4814808,0.1508204,0.8887218,0.4678618,0.2617444,0.8682314,0.7861276,0.150717,0.6203452,0.49382,0.1575296,0.7184272,0.5301264,0.1480906,0.7880008,0.8356908,0.159457,0.816594,0.4700992,0.1226853,0.7794858,0.8471278,0.2653302,0.5694186,0.6398868,0.1877482,0.6986686,0.5308724,0.1153146,0.7243056,0.5367974,0.1187638,0.8242912,0.8618924,0.141992,0.691882,0.6746191,0.1406466,0.8210174,0.463535,0.1763508,0.830244,0.4404898,0.2746484,0.8762608,0.8285378,0.1303904,0.7848722,0.4712958,0.4751776,0.1188872,0.365314,0.5011634,0.1758794,0.8861028,0.3561748,0.2687378,0.8805882,0.8750254,0.1149248,0.3404356,0.4316416,0.1507314,0.8736372,0.5713322,0.1742398
0.7657152,0.4944888,0.1319878,0.8723692,0.4169286,0.1988374,0.788445,0.4629274,0.1476816,0.8027074,0.5028448,0.1736964,0.751029,0.4700904,0.1239646,0.651735,0.4660684,0.1408122,0.7820864,0.3915956,0.1967808,0.699401,0.5310438,0.2716036,0.6711088,0.484119,0.152387,0.8911524,0.4684662,0.2629902,0.8736386,0.8081076,0.1516242,0.6213576,0.4888476,0.156299,0.7206694,0.5279588,0.1479628,0.791677,0.8392894,0.1605566,0.8343774,0.4697362,0.1219624,0.7822018,0.8542236,0.264793,0.5661482,0.6315648,0.1869642,0.6935402,0.5293984,0.1158684,0.7331184,0.5355012,0.1175822,0.8276144,0.8649956,0.141645,0.7010712,0.6787573,0.1399952,0.832731,0.460066,0.1765434,0.8171548,0.4415976,0.2723136,0.8748418,0.8362324,0.129979,0.7677948,0.4714574,0.4726242,0.1186996,0.3650446,0.5028536,0.1743346,0.8830372,0.357968,0.2686986,0.8777814,0.8776888,0.1152084,0.3405012,0.4332422,0.1496636,0.8716902,0.570606,0.17491
0.7579522,0.4891676,0.1305818,0.8843994,0.4167524,0.1964156,0.7755225,0.462722,0.1465684,0.802346,0.5070148,0.1726674,0.7345822,0.4688566,0.1249686,0.660457,0.463755,0.141117,0.7851602,0.386721,0.198341,0.6953446,0.5293426,0.2733102,0.682189,0.4813194,0.1504676,0.8998732,0.4698208,0.2647696,0.8773974,0.8261694,0.1537266,0.627491,0.485926,0.1563068,0.708426,0.522233,0.1477458,0.7762072,0.831722,0.159956,0.813078,0.465499,0.1216366,0.7840274,0.8595676,0.26578,0.5650232,0.6314078,0.1860174,0.6983728,0.529039,0.1153468,0.7322414,0.5343214,0.117784,0.813601,0.8683384,0.1402128,0.7024218,0.6867225,0.1399194,0.8152312,0.4613616,0.1765926,0.8136344,0.4376052,0.2720468,0.864125,0.8477202,0.1329944,0.7754834,0.4755728,0.4739504,0.1180648,0.3672002,0.499484,0.1736698,0.8793682,0.3561878,0.2675298,0.889482,0.8775466,0.1142974,0.3403218,0.4351364,0.1492044,0.8277008,0.5722998,0.1764548
0.7611574,0.4893044,0.1299006,0.8922048,0.4143584,0.1946948,0.7676701,0.4643482,0.1472988,0.8081374,0.501876,0.1749476,0.7444726,0.4694186,0.1237414,0.6651038,0.4604912,0.139953,0.784277,0.383535,0.1971044,0.704216,0.5265288,0.2748136,0.6743048,0.4853366,0.1506946,0.8959402,0.4709374,0.2681248,0.8761584,0.8339796,0.1534524,0.6334304,0.485844,0.1556432,0.726978,0.5191108,0.1455514,0.7862814,0.8396072,0.1610774,0.8120238,0.463582,0.1221594,0.7878172,0.869795,0.2625342,0.5697686,0.630062,0.1887464,0.6945452,0.5273692,0.1157078,0.7314596,0.5299632,0.117753,0.818432,0.8643024,0.1372228,0.6954344,0.6853652,0.1391514,0.8111726,0.461234,0.1779174,0.8143512,0.437472,0.2727178,0.8721966,0.8629902,0.1319962,0.7750574,0.4717834,0.470531,0.1237,0.3649736,0.502209,0.1757512,0.8788166,0.3600946,0.2673184,0.8709238,0.87618,0.1143732,0.3383068,0.4321676,0.147832,0.8409502,0.5656446,0.1781194
0.7359084,0.4867344,0.1287773,0.8785236,0.4165952,0.1969216,0.7891902,0.4618458,0.1460886,0.806443,0.499526,0.1728864,0.748931,0.4745818,0.1226302,0.6654952,0.4590288,0.1400342,0.7941374,0.3844982,0.1953108,0.6989514,0.5240228,0.2746794,0.6740186,0.4827942,0.1498092,0.9036768,0.4713842,0.270189,0.8695836,0.8369496,0.1531592,0.6316692,0.486673,0.1565656,0.723295,0.5153444,0.1459144,0.7914054,0.8376084,0.164414,0.8212216,0.4637882,0.1211678,0.7837996,0.8761986,0.2628232,0.5581664,0.6331554,0.1914298,0.6889826,0.5243822,0.1168492,0.7327566,0.527399,0.1184012,0.8082076,0.8673834,0.1379764,0.7098626,0.6819692,0.1395776,0.8152208,0.4653804,0.1769586,0.8130572,0.443443,0.2732876,0.878088,0.8637978,0.1334212,0.7747152,0.4709818,0.468874,0.1225736,0.366998,0.5046754,0.1750174,0.886374,0.3597624,0.266906,0.8824058,0.8763628,0.1173166,0.3376076,0.4297022,0.1469122,0.8683106,0.5583002,0.1774698
0.7432802,0.4906382,0.1290859,0.8834824,0.4142228,0.1965746,0.7941108,0.456579,0.1444626,0.8153762,0.5030024,0.1703506,0.7388476,0.4745378,0.121749,0.6618616,0.4610472,0.139165,0.7907964,0.382417,0.1946338,0.703309,0.523077,0.2762264,0.6772366,0.4847664,0.1494376,0.882842,0.4734228,0.2718522,0.8615398,0.8439026,0.1515452,0.6286414,0.4862916,0.1555,0.7304244,0.518048,0.1464316,0.783266,0.8362894,0.1639588,0.8296176,0.4623726,0.1216486,0.7840682,0.878921,0.2627804,0.5617996,0.6278142,0.1929078,0.6971818,0.5226786,0.1180872,0.7335414,0.5262434,0.1181184,0.8270864,0.8711512,0.1368208,0.718135,0.684484,0.140036,0.8281468,0.4664934,0.17748,0.8190874,0.4423844,0.2720134,0.8913536,0.868419,0.1327778,0.7584806,0.4734008,0.465441,0.1220358,0.36843,0.5034388,0.173099,0.8852146,0.3592468,0.2666054,0.874162,0.8706698,0.1163636,0.336194,0.433857,0.1457696,0.8742044,0.5555408,0.1768064
0.7553918,0.4859614,0.1301746,0.8885854,0.4126122,0.1965294,0.795106,0.4572454,0.1438424,0.832027,0.5028962,0.1703254,0.7151594,0.4757912,0.1207374,0.6738712,0.466018,0.1385258,0.794661,0.3799294,0.1928738,0.7038396,0.5190056,0.2741354,0.68404,0.4818128,0.1482174,0.8781628,0.4688414,0.2725678,0.87684,0.8437442,0.1524878,0.6366992,0.484853,0.1552444,0.7350816,0.5223532,0.1459704,0.784129,0.8394948,0.1643648,0.8242012,0.4651102,0.120663,0.7864218,0.8797678,0.2654588,0.566962,0.6234736,0.1925788,0.6905656,0.5231786,0.1170836,0.7338788,0.5232024,0.117788,0.825131,0.8671446,0.1368858,0.7207492,0.6830812,0.1399738,0.8285074,0.4659768,0.1812296,0.8115228,0.4438954,0.2728976,0.8890448,0.861154,0.1356688,0.7531456,0.4696068,0.4639958,0.1215092,0.3670698,0.5065086,0.1708982,0.8872488,0.3563892,0.2672388,0.8663618,0.8776954,0.1178762,0.3369752,0.4310642,0.1440038,0.8763936,0.5493132,0.178408
0.7656284,0.4842306,0.128664,0.8842242,0.4107078,0.1961874,0.8053394,0.4567584,0.1426652,0.8366108,0.4988736,0.1719226,0.720396,0.4757606,0.120227,0.6756038,0.4647132,0.1401622,0.7849076,0.385045,0.1916174,0.7116876,0.5186266,0.2746544,0.6756236,0.481906,0.1477736,0.8853602,0.4683808,0.2708764,0.87892,0.8494802,0.1521178,0.6470084,0.478215,0.1544892,0.7313726,0.5200634,0.1451712,0.784806,0.8343414,0.1649394,0.8423496,0.464448,0.1219732,0.7823498,0.8807808,0.2659922,0.5584228,0.6192198,0.195121,0.7028894,0.5188986,0.1184472,0.7380542,0.5207204,0.1175964,0.819115,0.866865,0.1370516,0.7174792,0.6772726,0.1394834,0.8268026,0.4634768,0.1811326,0.8295574,0.4481442,0.269311,0.8844016,0.8718214,0.1352314,0.7709632,0.4680326,0.4602712,0.1213314,0.3664446,0.506821,0.170245,0.8976816,0.3582938,0.2683918,0.8663308,0.8754658,0.1176454,0.3370318,0.432498,0.1457924,0.8724278,0.5469902,0.1781442
0.7529084,0.4791678,0.1278037,0.882814,0.4133624,0.1975818,0.8173188,0.455129,0.1435108,0.827619,0.4985682,0.1724236,0.7346038,0.472009,0.1190266,0.680954,0.462435,0.1390548,0.7885046,0.3820276,0.1912688,0.719469,0.5196982,0.270777,0.680995,0.477563,0.1490716,0.878775,0.4664704,0.273732,0.8922698,0.849866,0.1526212,0.6448246,0.476408,0.1553692,0.7287592,0.5193332,0.1430082,0.7752206,0.835103,0.1650792,0.8400994,0.4643316,0.1210608,0.7754978,0.8828768,0.2645138,0.570462,0.6197708,0.195657,0.6896062,0.5153914,0.1185742,0.72875,0.5227174,0.116808,0.8166968,0.8657124,0.1359168,0.7020804,0.6756376,0.1388512,0.8228538,0.458871,0.1804722,0.8275308,0.4481454,0.2699936,0.8810106,0.8735018,0.1357346,0.7750804,0.469159,0.4557528,0.120709,0.3697608,0.5048922,0.169369,0.9021804,0.361368,0.267316,0.8913276,0.8763104,0.1179002,0.338213,0.4343658,0.144011,0.8746352,0.5436022,0.1769948
0.7656772,0.4779018,0.1263406,0.8947104,0.417669,0.1980362,0.8149422,0.450356,0.1416774,0.8269222,0.5018658,0.1703824,0.7471246,0.470918,0.1187704,0.683394,0.4623884,0.1388158,0.773582,0.3821294,0.1924714,0.7145336,0.5221176,0.2723524,0.6708364,0.4703208,0.14893,0.8832548,0.4628706,0.2742676,0.8824132,0.8510034,0.1523316,0.648475,0.478291,0.1556764,0.7281814,0.5188746,0.1412004,0.7841744,0.8267356,0.16407,0.8424426,0.4694166,0.1232544,0.783825,0.8746514,0.2647792,0.5798756,0.6197784,0.1954778,0.6938158,0.515994,0.119581,0.7280448,0.5199096,0.1159908,0.8237394,0.8688926,0.1365952,0.705938,0.6695388,0.1387478,0.818236,0.4556028,0.1819658,0.8322482,0.4514848,0.2707456,0.895146,0.8737756,0.134336,0.7722222,0.468154,0.454426,0.1204014,0.3763968,0.5005178,0.1684286,0.8871308,0.3637486,0.267699,0.8855852,0.8772974,0.1176038,0.3414386,0.433469,0.1429222,0.882054,0.5456068,0.1764998
0.7797966,0.473705,0.1262982,0.9029746,0.416047,0.1960912,0.8113594,0.4473828,0.1424414,0.8315174,0.5055578,0.1690384,0.7524412,0.4648342,0.1177316,0.6984288,0.461679,0.1392646,0.784311,0.380805,0.1917762,0.7210696,0.5241268,0.2715856,0.6668982,0.4801478,0.150704,0.8869644,0.455992,0.2738724,0.8838878,0.8461232,0.1530482,0.651465,0.4786786,0.1554924,0.7318084,0.5162256,0.1396242,0.7760014,0.8237628,0.1634458,0.8443918,0.466355,0.1232782,0.782814,0.875151,0.2653236,0.5778726,0.6161282,0.1995296,0.6892164,0.5137748,0.1221178,0.7321128,0.5199206,0.1154356,0.8218776,0.8612138,0.1358446,0.704371,0.664329,0.139626,0.8165588,0.4521836,0.1819782,0.8288876,0.4458908,0.272581,0.88043,0.870198,0.132933,0.7664372,0.468528,0.45543,0.1193064,0.3777587,0.5039592,0.1670358,0.8877802,0.3636942,0.2685258,0.877098,0.8783452,0.1155792,0.3364214,0.4324604,0.1439732,0.8797394,0.543788,0.1740146
0.7739622,0.4723692,0.127881,0.8878532,0.419682,0.1961486,0.812955,0.4420568,0.1429178,0.8273696,0.5064464,0.1680272,0.7690666,0.469596,0.1177332,0.7072476,0.4578766,0.1386826,0.7897324,0.3836452,0.1909868,0.7213608,0.5231248,0.2704918,0.6820888,0.4781932,0.149786,0.8828824,0.4525874,0.2738726,0.8917196,0.8443714,0.1526678,0.6500608,0.477873,0.1575746,0.7388796,0.5165946,0.1400072,0.7666372,0.821722,0.1630528,0.846704,0.4703277,0.12372,0.775518,0.8767754,0.2644942,0.5946772,0.616899,0.2004876,0.6961692,0.5203592,0.1208462,0.7276122,0.5155516,0.1148688,0.8141878,0.8561206,0.1393114,0.695499,0.664761,0.1401192,0.8173176,0.4495584,0.1810748,0.82639,0.4436224,0.2738324,0.8725348,0.8701682,0.1336422,0.767652,0.467586,0.4558314,0.1191696,0.3838089,0.5061,0.1661324,0.8893846,0.3639404,0.2686052,0.8860298,0.8781786,0.1156516,0.3376142,0.4325058,0.144297,0.8819518,0.5442036,0.1746534
0.7795736,0.4732564,0.1274894,0.8750162,0.4206734,0.1957834,0.810153,0.4426034,0.1444922,0.8264336,0.5035454,0.1699684,0.772292,0.4639558,0.1185074,0.7065342,0.4551172,0.1385498,0.7917426,0.3824172,0.1910606,0.7168396,0.5174734,0.270989,0.672291,0.480086,0.1505294,0.8947214,0.4522452,0.2710784,0.8761008,0.8432582,0.1506698,0.6538562,0.4794584,0.1589316,0.7385228,0.5184796,0.1394312,0.7676316,0.8241618,0.1649984,0.8491102,0.467922,0.124297,0.7774846,0.8816288,0.2640618,0.5901508,0.6205024,0.2024444,0.6911654,0.517767,0.1196938,0.727516,0.5138252,0.1150004,0.827076,0.860787,0.1393968,0.6952732,0.6687828,0.1417518,0.8339564,0.4469678,0.1821332,0.827468,0.4466748,0.2740264,0.8731396,0.872511,0.1345484,0.7667166,0.4659962,0.454057,0.1182924,0.3852549,0.5031878,0.1656972,0.881374,0.3600624,0.2679846,0.8927104,0.8795058,0.1164922,0.3324426,0.4357194,0.14464,0.880282,0.5411378,0.1732176
0.7812916,0.4693764,0.1264542,0.8799756,0.4199648,0.1949822,0.8010498,0.4382778,0.143917,0.8330074,0.5016632,0.1707938,0.764905,0.4609226,0.119582,0.7036304,0.4548784,0.1390072,0.770731,0.3808654,0.1930232,0.7106272,0.5143902,0.27079,0.683399,0.48368,0.1514626,0.893388,0.4538666,0.2725882,0.876237,0.843191,0.1502124,0.6546112,0.4792728,0.1584806,0.7401782,0.520413,0.1394852,0.7752096,0.8253106,0.16371,0.852834,0.4703782,0.1222654,0.7886096,0.8788678,0.2635042,0.6017378,0.6204668,0.2036686,0.6805404,0.5149706,0.1197792,0.7215056,0.51517,0.1129704,0.8377878,0.860972,0.1407018,0.683731,0.6660666,0.1431432,0.8291194,0.4473972,0.1819224,0.840339,0.4449872,0.2755362,0.8387264,0.869498,0.1327994,0.7691396,0.4656138,0.4513942,0.1185496,0.3861663,0.4977434,0.164532,0.8884134,0.3563916,0.269383,0.8987884,0.879367,0.1154416,0.3329314,0.4375524,0.1432836,0.8845796,0.5452,0.1723584
0.782959,0.4675714,0.1263526,0.8804136,0.4194268,0.1952844,0.8040424,0.4392544,0.142662,0.834349,0.503747,0.1700022,0.7681316,0.4638422,0.1198168,0.6878096,0.453205,0.1394538,0.7807642,0.377324,0.1928672,0.7052478,0.5116124,0.2712844,0.6914654,0.487745,0.1530412,0.8946396,0.4515222,0.2752534,0.8902682,0.8431662,0.1504732,0.651741,0.4793744,0.1563956,0.7376944,0.5241594,0.1413584,0.7578414,0.8242082,0.1640268,0.8481316,0.4707598,0.1216606,0.7772798,0.8755038,0.2638692,0.6092872,0.6192762,0.2030062,0.6895516,0.5131712,0.1203436,0.7211634,0.5162874,0.1126208,0.828969,0.8608432,0.142219,0.6938792,0.6639536,0.1416414,0.820165,0.4497404,0.1819062,0.8360134,0.4469902,0.271219,0.8509632,0.871014,0.1324304,0.7710626,0.4641566,0.44806,0.1189052,0.3877628,0.4969012,0.164151,0.8803794,0.3546278,0.2696488,0.9067218,0.8785648,0.1150016,0.3340472,0.436846,0.1433088,0.8987154,0.5380434,0.1724416
0.7875118,0.4653518,0.1268538,0.8894922,0.4185888,0.195015,0.8124106,0.4393808,0.144691,0.8325294,0.501936,0.170207,0.7706146,0.4636082,0.122143,0.7012598,0.4469756,0.138459,0.773361,0.3746312,0.191882,0.6980008,0.513301,0.2714292,0.702169,0.4854452,0.152036,0.9003962,0.4495342,0.273154,0.8894002,0.8410368,0.1487172,0.6492478,0.4780364,0.1573972,0.7453086,0.5227368,0.1427284,0.7665686,0.8311426,0.1654462,0.8468162,0.4700878,0.1210622,0.77787,0.8787924,0.2620022,0.612462,0.6160698,0.2023714,0.6930804,0.514107,0.1194302,0.7141352,0.5184314,0.112577,0.8542772,0.863405,0.1422028,0.699079,0.6619166,0.1418128,0.8092116,0.450119,0.1832092,0.844055,0.4460824,0.272104,0.8699884,0.8734826,0.1322202,0.7712358,0.4626072,0.446793,0.1184484,0.3879626,0.4972806,0.1637798,0.8844784,0.358054,0.2704076,0.8815162,0.8291504,0.1138984,0.3308548,0.4325928,0.1431988,0.8882698,0.5402756,0.1715276
0.7802368,0.4670086,0.1271368,0.895369,0.4210048,0.1939376,0.8124684,0.4383466,0.1448438,0.8265896,0.4987546,0.1714234,0.752499,0.4641258,0.121323,0.703517,0.4443218,0.1397894,0.7744314,0.372743,0.191841,0.6929842,0.5088076,0.2726812,0.7022246,0.4882722,0.151587,0.8822,0.4504638,0.2719566,0.8808966,0.8397956,0.1489118,0.649334,0.4774308,0.1569182,0.7443886,0.5203078,0.1415782,0.7702448,0.8281372,0.1640644,0.845232,0.4673832,0.1216102,0.765515,0.8746412,0.2624558,0.6100436,0.6157356,0.2000276,0.6916482,0.5091072,0.1192912,0.7167758,0.5181442,0.1128152,0.8596332,0.8715928,0.140654,0.696292,0.6694618,0.1411428,0.8257962,0.4454428,0.1824612,0.842241,0.4448266,0.2720954,0.87917,0.8766986,0.132083,0.759533,0.460975,0.4441642,0.117229,0.3895606,0.4984316,0.1626744,0.8950428,0.359672,0.2686856,0.8777882,0.849467,0.1134092,0.327392,0.4304872,0.1426194,0.8952944,0.5393264,0.17365
0.7930552,0.465433,0.1280006,0.8877152,0.4214512,0.193061,0.7976586,0.4399392,0.1461834,0.8205714,0.5030198,0.1749768,0.7373034,0.4577358,0.1218332,0.7168496,0.4439054,0.1373728,0.7873046,0.3746954,0.1899706,0.6853308,0.5109614,0.2708836,0.6947952,0.4899004,0.1514912,0.9008332,0.4504544,0.2725424,0.8900476,0.8447336,0.147494,0.6609428,0.4784884,0.157767,0.736383,0.520328,0.140596,0.7824584,0.824172,0.1621768,0.8307314,0.4688932,0.1215658,0.7465456,0.8784532,0.2615498,0.6100946,0.6178262,0.199768,0.6873122,0.5105376,0.117603,0.7238718,0.5116334,0.1115126,0.8448622,0.8642046,0.1400446,0.703049,0.6684672,0.1409876,0.826246,0.441255,0.1821816,0.8472692,0.4449302,0.273018,0.8827302,0.877378,0.1325928,0.7661094,0.4625754,0.440009,0.116698,0.3938766,0.4983548,0.1610416,0.8921298,0.360781,0.2693164,0.8689404,0.8603486,0.1121266,0.3276882,0.4252486,0.143325,0.8852412,0.5445874,0.1733426
0.7907276,0.4646036,0.1264452,0.8864458,0.4243954,0.192545,0.808703,0.4364044,0.1473488,0.8273208,0.5029044,0.1737016,0.747838,0.4592964,0.1212408,0.7174304,0.4359754,0.1363868,0.787883,0.367716,0.1894762,0.698793,0.514856,0.273718,0.692299,0.4918606,0.1518192,0.8854626,0.4493836,0.2747426,0.9004886,0.847805,0.147252,0.6668856,0.4771564,0.1571144,0.7264422,0.5181886,0.1410032,0.7821094,0.8221232,0.1625526,0.847351,0.4691182,0.1199748,0.7535006,0.882382,0.2582472,0.6039026,0.6174144,0.1990668,0.6927464,0.5088592,0.1179678,0.7216766,0.5116582,0.1118952,0.8470772,0.8629574,0.1401466,0.7082448,0.6645826,0.1401508,0.8168362,0.442321,0.183046,0.847724,0.44604,0.2731982,0.8898726,0.8700072,0.1327634,0.763948,0.4654922,0.4375578,0.1148714,0.3919128,0.4972048,0.1608042,0.8949984,0.358524,0.2660932,0.8806682,0.863611,0.111565,0.3282932,0.4240856,0.1445364,0.8906848,0.5446264,0.1745132
0.7933272,0.4619074,0.1252662,0.8778846,0.4259436,0.1931292,0.8017094,0.4369888,0.147798,0.8225772,0.5027846,0.173355,0.7428386,0.460259,0.1212844,0.7161624,0.4362666,0.13618,0.7834104,0.3687772,0.1896418,0.701561,0.510667,0.2712692,0.6888296,0.4922458,0.1529234,0.8899216,0.4479158,0.2750374,0.8901088,0.8490324,0.1470408,0.666889,0.479055,0.1570678,0.7341618,0.5172936,0.1381598,0.7779036,0.8190682,0.1640358,0.8380668,0.4691004,0.1190532,0.7658868,0.8864136,0.258069,0.610059,0.616258,0.1999302,0.681461,0.5114814,0.1190298,0.7370406,0.5108746,0.1116374,0.8548494,0.8613138,0.1415974,0.724066,0.660707,0.1394436,0.8177432,0.4443454,0.182872,0.8422196,0.446536,0.2755184,0.8845318,0.862381,0.1335584,0.7759342,0.461996,0.4370748,0.1141138,0.3978556,0.4978114,0.1616432,0.8781368,0.3634034,0.265165,0.8738424,0.8643188,0.1102642,0.3232984,0.4232258,0.1436316,0.8915086,0.5534718,0.1735544
0.7942296,0.4591552,0.1244106,0.884601,0.4271198,0.1942676,0.8056142,0.435206,0.1470028,0.8270508,0.502542,0.1730714,0.751385,0.4588644,0.1218818,0.7156002,0.4375998,0.13515,0.7786118,0.3717926,0.1897174,0.6846082,0.506739,0.2719532,0.6994052,0.4963878,0.1535976,0.8830986,0.444744,0.2751558,0.8899076,0.8482108,0.1462936,0.654523,0.4801904,0.1572682,0.7313818,0.5134072,0.1362588,0.7707728,0.8219598,0.1613728,0.836562,0.4674288,0.1188668,0.7799532,0.8857422,0.2576772,0.6161724,0.6116564,0.198108,0.6811426,0.5200132,0.118557,0.7467156,0.5083904,0.1113976,0.8555934,0.863345,0.1412536,0.7310646,0.6557416,0.139409,0.8177486,0.4467412,0.1832318,0.8445538,0.4454502,0.2736372,0.8954138,0.864929,0.1331704,0.781542,0.4650466,0.4339774,0.1139738,0.4016698,0.4930864,0.1623564,0.8937494,0.3607744,0.2647446,0.8898262,0.868462,0.1097734,0.3252726,0.4221434,0.1444584,0.8942802,0.557294,0.1733098
0.7869194,0.46265,0.125165,0.8907652,0.430816,0.1946032,0.8132658,0.4343786,0.147932,0.840056,0.5056,0.1729092,0.757574,0.4554538,0.1219992,0.7118832,0.4362706,0.1358456,0.7757146,0.3719212,0.1883872,0.68895,0.5035296,0.2720772,0.6987744,0.4928466,0.1545054,0.8794964,0.4438268,0.2749348,0.8906102,0.850528,0.1468028,0.6622842,0.4813514,0.1570682,0.7527636,0.5117016,0.1383156,0.7702294,0.8258042,0.1608038,0.836453,0.465203,0.1198356,0.7628284,0.8834058,0.2589932,0.625641,0.6085044,0.1958446,0.6848158,0.51706,0.1193072,0.746204,0.5053858,0.1107188,0.8501814,0.861029,0.14262,0.7236142,0.6579008,0.1381274,0.8236676,0.4381242,0.186108,0.842708,0.4426804,0.2738372,0.896192,0.868225,0.1324154,0.7664156,0.4640228,0.4329384,0.1133908,0.399634,0.4889006,0.1626404,0.8950558,0.3589224,0.253596,0.871212,0.8699868,0.109204,0.326074,0.4182392,0.1432774,0.892416,0.5627448,0.1737196
0.7965866,0.4638446,0.125628,0.887903,0.4345896,0.1942028,0.8059762,0.4370456,0.1478542,0.8462716,0.503265,0.1753894,0.7660918,0.4555088,0.1213946,0.7113838,0.4389944,0.1348308,0.77171,0.371763,0.1876726,0.6857854,0.5037196,0.271721,0.7009238,0.4867912,0.1546104,0.892407,0.444003,0.2737326,0.8732464,0.850029,0.1463014,0.6560426,0.4816732,0.1558238,0.746463,0.5080728,0.137304,0.7744614,0.8292626,0.162567,0.8457102,0.4598392,0.11786,0.7832806,0.8748364,0.2597592,0.6215226,0.60991,0.1929114,0.6714738,0.5178418,0.117968,0.7392812,0.5036796,0.1091776,0.8559646,0.8617098,0.1428142,0.7317492,0.6529682,0.1383384,0.8248574,0.4363308,0.1855898,0.8398478,0.4382774,0.274519,0.8837154,0.8687774,0.1320822,0.733199,0.4670882,0.4297332,0.1121246,0.3965096,0.492327,0.1635504,0.8989914,0.3590876,0.2568384,0.875721,0.870212,0.1081442,0.3265672,0.415028,0.1430638,0.8891046,0.5572848,0.1746172
0.7991646,0.4656548,0.1237188,0.8916214,0.4321816,0.1922768,0.8065672,0.4345536,0.1475694,0.8442582,0.5059324,0.1733694,0.7523174,0.4559708,0.1190026,0.7057974,0.4430034,0.1343756,0.781592,0.3740416,0.1849862,0.6807646,0.5024878,0.270946,0.6989588,0.487501,0.1523162,0.8748674,0.442715,0.2723776,0.8737578,0.8484398,0.1451196,0.6565892,0.4827584,0.1540476,0.7424696,0.5068278,0.1367444,0.7773704,0.82442,0.1612304,0.8465386,0.4592542,0.1187912,0.788329,0.8803736,0.2610842,0.620158,0.6095828,0.192822,0.678077,0.5197458,0.118745,0.7462662,0.501218,0.1088696,0.852865,0.862756,0.1424868,0.7430626,0.6452226,0.1381624,0.8248716,0.4346228,0.1872768,0.8332286,0.4347602,0.2730986,0.884211,0.8662044,0.1307466,0.7437768,0.465322,0.4309416,0.1107926,0.3979808,0.4929138,0.1657904,0.8938326,0.3618324,0.2573208,0.8762056,0.8720924,0.1078578,0.3242146,0.41501,0.1421352,0.891661,0.557824,0.1742868
0.7953394,0.4691838,0.1244192,0.891801,0.4327264,0.1936562,0.816961,0.4394178,0.146931,0.8407934,0.5066062,0.1723088,0.7482168,0.4575944,0.1191598,0.7043358,0.4385614,0.1327692,0.7772004,0.371388,0.1855664,0.6917622,0.5035212,0.2689644,0.693338,0.4918536,0.1516406,0.8406048,0.4405834,0.2748664,0.862116,0.8522946,0.1461748,0.6622702,0.4811594,0.1536736,0.7290198,0.5077782,0.1364496,0.7766544,0.8294022,0.1607898,0.8401686,0.4540364,0.119125,0.773253,0.8840228,0.2612328,0.617637,0.6136464,0.1959352,0.6745612,0.517087,0.1169944,0.7490418,0.4965052,0.1099422,0.8487468,0.8590508,0.141974,0.7378446,0.6439676,0.1382538,0.8353706,0.436216,0.1898918,0.8580842,0.4351136,0.2749896,0.8904304,0.8644526,0.1293272,0.7722758,0.4618176,0.4281224,0.1114996,0.3987882,0.4903016,0.1661682,0.8884976,0.362237,0.259487,0.8825684,0.865186,0.1075798,0.3259388,0.4108378,0.1418526,0.8688578,0.5585466,0.17369
0.7973022,0.4667432,0.1250702,0.8871786,0.4318828,0.191852,0.8268034,0.444386,0.147586,0.835233,0.5125244,0.1713354,0.7472904,0.4560504,0.1182406,0.7113242,0.4434602,0.1332668,0.779222,0.3714902,0.1856766,0.685848,0.5032168,0.2655322,0.6931326,0.4901676,0.152138,0.8493698,0.4389302,0.2737692,0.8711432,0.8493002,0.1446784,0.66873,0.4801856,0.1535948,0.734446,0.5117842,0.1367074,0.7810174,0.8309814,0.1609066,0.8416914,0.4534588,0.118043,0.7808072,0.8824982,0.260153,0.6170932,0.6116348,0.1927992,0.6659594,0.517529,0.1173378,0.7470462,0.493941,0.110266,0.8590908,0.811469,0.1416196,0.7343808,0.6434068,0.1373806,0.84379,0.4330348,0.1880932,0.8575342,0.4358494,0.2739898,0.8868876,0.8651024,0.1284526,0.778443,0.4666846,0.4266012,0.1121678,0.391126,0.485364,0.1658038,0.889194,0.361584,0.2616218,0.8814198,0.8674928,0.106357,0.327923,0.4090046,0.1408724,0.8756202,0.559483,0.1722688
0.8006624,0.4727054,0.1249654,0.888482,0.4312052,0.1933514,0.8295694,0.4469756,0.144899,0.8346344,0.5109726,0.1729778,0.7377672,0.4559188,0.1190934,0.7017,0.4450622,0.1310156,0.7749494,0.3684668,0.1824842,0.6771616,0.501241,0.2693534,0.6965724,0.483321,0.1507428,0.8638356,0.4387048,0.273597,0.8929954,0.8518132,0.1444952,0.660912,0.4827178,0.1548508,0.7336528,0.5165536,0.1362346,0.753699,0.8319596,0.1624668,0.8424978,0.4543126,0.1178476,0.7868954,0.884284,0.256479,0.6127306,0.6073592,0.192073,0.6707608,0.517492,0.1163722,0.751701,0.4930956,0.1122356,0.8583214,0.8233456,0.141676,0.7377126,0.6408098,0.137402,0.8394578,0.4343524,0.1886562,0.8538128,0.4375358,0.2750706,0.8887872,0.8606822,0.1281374,0.7836994,0.464443,0.4247148,0.1108082,0.395649,0.4825598,0.1641334,0.8870864,0.3631076,0.2649192,0.874396,0.8710972,0.105919,0.332563,0.4092442,0.1410266,0.8870106,0.5602808,0.1722164
0.788414,0.4740732,0.1254414,0.8274634,0.4302344,0.1948248,0.8427764,0.4453294,0.1458862,0.8289776,0.513024,0.1741168,0.7496848,0.4543462,0.1202912,0.7054964,0.4457232,0.130998,0.776753,0.3719552,0.1862836,0.677201,0.505035,0.2719352,0.7055858,0.4831484,0.149486,0.8763206,0.4383936,0.2717636,0.8859442,0.8467352,0.1428512,0.6573434,0.484463,0.1540792,0.7302302,0.521331,0.1363578,0.7710056,0.8256062,0.160363,0.8410422,0.4539186,0.1165038,0.7779034,0.8865364,0.2577934,0.6112598,0.6084846,0.1932256,0.6645246,0.517176,0.1156652,0.7599682,0.4929144,0.1138366,0.860547,0.8330078,0.1422984,0.7269452,0.6398942,0.1377572,0.8355384,0.4310468,0.1887108,0.8403494,0.441151,0.2749214,0.8764746,0.8649946,0.1272126,0.7976844,0.45717,0.4316632,0.1111108,0.3894214,0.4833984,0.166949,0.886371,0.3639796,0.265234,0.8687838,0.8730194,0.1069556,0.333766,0.4091486,0.1400854,0.9047748,0.5552458,0.1732008
0.777832,0.4758132,0.1243292,0.842566,0.4323402,0.194712,0.827652,0.4446586,0.1459522,0.826433,0.5099984,0.1743066,0.7528696,0.4503678,0.120689,0.7165784,0.4418262,0.1309096,0.7781698,0.3700876,0.189721,0.6706694,0.5023538,0.2734482,0.6986904,0.4788876,0.1503368,0.8730422,0.4382322,0.2718998,0.8836932,0.8456308,0.1408326,0.6645802,0.4838376,0.1535492,0.7333208,0.5187618,0.1343636,0.7751684,0.8238264,0.161085,0.8461982,0.4552018,0.1169862,0.804807,0.8831604,0.2588076,0.6089862,0.6075002,0.1939762,0.6652732,0.5117686,0.1139326,0.7555482,0.4918918,0.1126134,0.861646,0.8457828,0.1400922,0.7233752,0.6339832,0.138387,0.8386306,0.428624,0.1879752,0.8431114,0.4388346,0.2626084,0.8781514,0.8600996,0.126716,0.800876,0.4604194,0.4313934,0.1113884,0.3844946,0.4830916,0.1670072,0.892514,0.364843,0.2650206,0.8735194,0.8726788,0.1070282,0.3359814,0.4140724,0.1392602,0.896032,0.5618154,0.17291
0.7853296,0.4757444,0.1241138,0.846633,0.433719,0.1940834,0.8228686,0.4461694,0.1451294,0.8345562,0.50752,0.1763922,0.750606,0.4474094,0.119322,0.70451,0.4391106,0.1321682,0.7808104,0.3681128,0.1875612,0.6820498,0.5060598,0.2743568,0.694537,0.4821856,0.1497504,0.867086,0.4363933,0.2713942,0.876486,0.8455676,0.1409656,0.6562832,0.4838814,0.1539802,0.7407756,0.5222618,0.1374132,0.7811152,0.8213266,0.1605152,0.8444802,0.4551836,0.117088,0.793535,0.8914514,0.258227,0.617395,0.604654,0.1946822,0.668654,0.5103628,0.1175508,0.7545162,0.4946014,0.1123184,0.8731244,0.853514,0.1373428,0.7162988,0.6346904,0.1384016,0.8300854,0.4188148,0.1875314,0.8390312,0.4401908,0.265559,0.8791216,0.8679284,0.1263962,0.8075574,0.4561936,0.4304324,0.111515,0.3903048,0.4813202,0.1669154,0.8888938,0.3660494,0.266172,0.87732,0.8772908,0.1073004,0.3334292,0.4195526,0.1392992,0.8945188,0.5639092,0.1729104
0.794921,0.4744698,0.1244918,0.8669648,0.4324044,0.1948134,0.8330022,0.4492438,0.1445016,0.8369344,0.5078812,0.1780296,0.751244,0.4444976,0.1194934,0.7100908,0.438408,0.1329854,0.776368,0.3668094,0.1880492,0.6940988,0.5026104,0.2744978,0.6881174,0.4795062,0.1502956,0.873843,0.4407007,0.2720244,0.8751308,0.8450076,0.1407558,0.6541826,0.47903,0.1537272,0.742767,0.5265994,0.1373574,0.7939386,0.819574,0.1594022,0.8496864,0.4567966,0.1163064,0.8001174,0.8863368,0.259625,0.6000926,0.6004216,0.196113,0.6677962,0.5129884,0.1180312,0.7565264,0.4947898,0.1097464,0.8587246,0.8569018,0.1364084,0.716387,0.6359098,0.138999,0.8191316,0.42589,0.1885854,0.835377,0.4381718,0.27121,0.87312,0.8620588,0.1245894,0.8076086,0.4559022,0.4336282,0.1124108,0.392502,0.4756014,0.1661048,0.889917,0.3663072,0.2652502,0.8757714,0.8795312,0.1073068,0.3328562,0.4155988,0.137613,0.8946708,0.5633992,0.1721682
0.7886604,0.4718388,0.123425,0.8681166,0.4318158,0.1942024,0.8189848,0.4529586,0.1441534,0.8349508,0.5121864,0.1798266,0.7579898,0.4443168,0.119641,0.69363,0.4421952,0.1320404,0.781151,0.3672168,0.187967,0.6821926,0.5005106,0.2696642,0.6877626,0.4760498,0.1493374,0.866928,0.4383531,0.2709744,0.8754788,0.8446332,0.1418482,0.6575012,0.476553,0.1525486,0.732998,0.5219206,0.136593,0.8005016,0.8147638,0.1603536,0.8549422,0.4613588,0.1161914,0.8056524,0.8883156,0.2605996,0.6065194,0.5992488,0.1954334,0.66986,0.511667,0.1171576,0.7503166,0.5004188,0.1085016,0.853474,0.8566972,0.1356678,0.7275864,0.6333738,0.1401322,0.8184896,0.4250644,0.1869528,0.8499556,0.4366094,0.271086,0.8823854,0.8677814,0.125157,0.7933712,0.4557888,0.4367248,0.1124854,0.389548,0.4711534,0.1657798,0.892303,0.3594606,0.2679442,0.8799226,0.8795858,0.111155,0.3321756,0.416026,0.137504,0.8887056,0.5609914,0.1714592
0.7839628,0.468721,0.1232586,0.861283,0.4341966,0.1955074,0.8181948,0.4508376,0.1438454,0.8237682,0.5123216,0.1817492,0.7515648,0.4402488,0.1190662,0.7022302,0.440732,0.1316656,0.7753994,0.36819,0.1873494,0.6830656,0.493642,0.2703644,0.68601,0.4778486,0.148862,0.8835372,0.4398119,0.2697824,0.8887338,0.8412564,0.141266,0.6511314,0.4748112,0.1552548,0.7265524,0.5322664,0.1362896,0.7776358,0.8134894,0.1604562,0.8410194,0.465844,0.1163354,0.794844,0.8884868,0.2610606,0.6082676,0.5961144,0.1941036,0.672425,0.5083614,0.115234,0.755352,0.5044698,0.1075174,0.8526792,0.858343,0.1367424,0.7294196,0.6335548,0.1410102,0.8339778,0.4275864,0.1869812,0.859162,0.4350946,0.2709074,0.8786044,0.8588398,0.1257978,0.8129156,0.456584,0.4358258,0.1125134,0.3859282,0.4682874,0.1687708,0.8816502,0.3577114,0.2697934,0.8864564,0.877828,0.1109678,0.3304448,0.4179752,0.1375002,0.8955788,0.5602704,0.1702738
0.7872484,0.4675298,0.1214326,0.8697654,0.434256,0.1959012,0.814527,0.4516364,0.1437804,0.8374964,0.5134606,0.1797072,0.7611726,0.440428,0.1180386,0.701203,0.4370258,0.1313718,0.7652322,0.3683522,0.1899134,0.6850606,0.4974006,0.2585194,0.686851,0.4796022,0.1474882,0.8769152,0.4411051,0.2746318,0.8826856,0.8391514,0.1410528,0.647955,0.4743458,0.155827,0.7214682,0.5366392,0.137008,0.7814036,0.8237866,0.1602112,0.8562838,0.4657336,0.1157898,0.793862,0.887423,0.2615268,0.607323,0.5956522,0.1950454,0.6665252,0.513812,0.1160658,0.7513678,0.5091024,0.107778,0.850459,0.85943,0.1353176,0.7412122,0.6332712,0.1399988,0.8325128,0.4252288,0.1875004,0.8544266,0.436153,0.2723106,0.880809,0.857659,0.125788,0.7923202,0.4522062,0.4349214,0.1135748,0.3853834,0.4638722,0.1662336,0.843132,0.356152,0.2687818,0.8843062,0.8813236,0.1106124,0.3304938,0.4214578,0.135499,0.8963574,0.5567928,0.1706858
0.7775596,0.470678,0.1217094,0.8620666,0.434497,0.1962528,0.8095286,0.450595,0.1437794,0.8403744,0.5133594,0.1802832,0.7509078,0.4356144,0.1179938,0.6949248,0.4386914,0.1318354,0.7692104,0.3686174,0.1900894,0.6879916,0.4961646,0.2681192,0.6832368,0.4833376,0.1462426,0.8775634,0.4442905,0.2743576,0.838279,0.83889,0.1428404,0.6442522,0.477322,0.1546228,0.7175902,0.5360328,0.137306,0.7865092,0.8181716,0.1614816,0.8518174,0.465404,0.1153428,0.7955536,0.884631,0.2614702,0.6046042,0.5935836,0.1944692,0.6706188,0.5101256,0.1161378,0.7523716,0.5139954,0.107189,0.8531628,0.859417,0.134258,0.740776,0.6309222,0.1396534,0.8239418,0.4288274,0.1890516,0.8465344,0.4327604,0.2690292,0.8740826,0.8629904,0.1243244,0.7903236,0.4531976,0.4313852,0.114016,0.3929956,0.4674786,0.1672132,0.8607786,0.3562642,0.2668234,0.8782086,0.872628,0.1080252,0.3341444,0.4241974,0.135156,0.8969422,0.5609742,0.1728612
0.7807646,0.4701166,0.1229418,0.859848,0.43207,0.1957342,0.8122756,0.4507238,0.1444702,0.8285212,0.5126368,0.1788804,0.7459906,0.4363708,0.116136,0.7089466,0.4349076,0.1295246,0.7732904,0.3683332,0.1916156,0.7026546,0.4987248,0.2738604,0.6875464,0.4854942,0.1452166,0.889241,0.4445921,0.2734352,0.8577478,0.8432628,0.1423236,0.6462804,0.4755192,0.155542,0.7263398,0.5316898,0.1386752,0.7955366,0.8133178,0.161245,0.8568246,0.4662548,0.1146406,0.8032002,0.8822332,0.2629034,0.6080684,0.5921108,0.1935874,0.6785954,0.5112954,0.1163874,0.755525,0.5203944,0.1057298,0.8650312,0.854837,0.1339382,0.7355698,0.630159,0.1401008,0.8260644,0.4264378,0.1871402,0.8440498,0.4319614,0.2719438,0.872696,0.8640472,0.122182,0.7943458,0.4510522,0.4350112,0.1137902,0.3988498,0.4653456,0.1660928,0.8776876,0.3583712,0.2669108,0.8874,0.8727816,0.1085442,0.3315956,0.4227442,0.1393712,0.893938,0.5575848,0.171362
0.7842488,0.4691072,0.1198218,0.8637086,0.429318,0.1941468,0.7988796,0.4511824,0.145484,0.8321146,0.5126384,0.1794506,0.7478986,0.442074,0.1150388,0.7113666,0.4382888,0.1273934,0.7698856,0.3675504,0.1918758,0.709408,0.5061076,0.2744168,0.6765348,0.4852966,0.145904,0.8853942,0.4433161,0.2727804,0.8645378,0.8398158,0.1401098,0.6394684,0.4756032,0.1565198,0.7268032,0.532608,0.1403492,0.805874,0.8160986,0.1595646,0.8485348,0.4653104,0.113452,0.799195,0.881994,0.2599838,0.6037014,0.59202,0.194572,0.696021,0.510256,0.116253,0.7536898,0.5208546,0.1058754,0.856943,0.8550576,0.1317512,0.7411698,0.6300402,0.1400264,0.8307424,0.4269078,0.1858164,0.8552976,0.43265,0.2719574,0.8829096,0.8623736,0.1202512,0.8022712,0.4524372,0.4378906,0.1145906,0.3955244,0.463349,0.1677112,0.8837272,0.359196,0.267153,0.8888714,0.8730606,0.1083884,0.3308904,0.4231374,0.1380346,0.8866652,0.5560086,0.171602
0.7818498,0.4725582,0.1190006,0.8744794,0.4292124,0.1941152,0.797893,0.4497228,0.1466814,0.8309494,0.510458,0.178208,0.746765,0.4383348,0.1142914,0.715231,0.4366094,0.126399,0.7690564,0.3656236,0.1934258,0.7277688,0.5046808,0.2747248,0.676422,0.4801326,0.1473018,0.8983274,0.4399009,0.2741394,0.8645762,0.848176,0.1407882,0.6348856,0.4763962,0.156617,0.7325104,0.5290592,0.1405474,0.8024206,0.8191328,0.1594378,0.8535968,0.463846,0.112772,0.817341,0.8826794,0.262399,0.6020818,0.5864572,0.1951276,0.6923006,0.5060626,0.1161348,0.755678,0.520522,0.1061706,0.854095,0.8534446,0.1318514,0.7328622,0.6235212,0.1412336,0.824319,0.428485,0.1855258,0.8621384,0.4325062,0.2716504,0.886185,0.8585356,0.1185336,0.7989958,0.4480704,0.438255,0.1146854,0.39555,0.460507,0.1668386,0.8662894,0.3578026,0.268686,0.8841118,0.8782924,0.1084942,0.3319644,0.4317322,0.1378728,0.8901394,0.5527766,0.1729504
0.782788,0.471779,0.1201102,0.87444,0.4295662,0.192249,0.8001544,0.4490984,0.1449588,0.8282044,0.5068234,0.1800748,0.758407,0.4380682,0.112072,0.7102524,0.4416116,0.1268964,0.7812412,0.364563,0.1941916,0.7307146,0.5074768,0.2763662,0.683214,0.4797432,0.1468894,0.8885764,0.4417341,0.2746928,0.880956,0.8510658,0.1419454,0.6278664,0.480724,0.1568442,0.726618,0.525706,0.1406794,0.792843,0.8144726,0.159777,0.846085,0.4588006,0.1120712,0.8008668,0.8863388,0.2607246,0.604935,0.580256,0.1951382,0.705472,0.4998832,0.1169448,0.755923,0.5230946,0.1063524,0.8522238,0.8530132,0.1314792,0.73934,0.62303,0.1395414,0.8303324,0.4310872,0.1847926,0.8491928,0.4312726,0.2740036,0.8893572,0.8560406,0.1214666,0.7984644,0.4438152,0.439489,0.115378,0.3967184,0.4534394,0.164802,0.8941232,0.3603698,0.2671298,0.9015132,0.874247,0.1085994,0.3341948,0.4306194,0.13697,0.8890046,0.5499976,0.1736956
0.7744892,0.4737486,0.1191902,0.8871066,0.4290246,0.1911188,0.804042,0.4462728,0.144705,0.8388332,0.4991966,0.1784308,0.769918,0.4422344,0.1123688,0.7013114,0.4406086,0.1273878,0.7892042,0.3605954,0.1944258,0.7321526,0.5177598,0.2757902,0.6840016,0.4801298,0.1445762,0.8807776,0.4443225,0.273921,0.884535,0.8507258,0.1404922,0.6345912,0.4878568,0.158369,0.721848,0.5238632,0.1407304,0.793844,0.8194326,0.1588592,0.853712,0.4574196,0.1130438,0.7989498,0.8848058,0.261643,0.6149544,0.5779534,0.1949858,0.7091986,0.507304,0.117204,0.759368,0.5216906,0.1061768,0.8497854,0.8569166,0.1314734,0.7307792,0.6269992,0.1398712,0.8387808,0.4319696,0.1827968,0.8438634,0.4307278,0.2746864,0.8880146,0.8575988,0.120873,0.8045238,0.4444822,0.435919,0.1150476,0.398331,0.4519064,0.1660882,0.875681,0.3572966,0.268874,0.8929068,0.8771462,0.1080126,0.3378774,0.4296568,0.1361646,0.8858784,0.5491826,0.1730684
0.7684152,0.4778136,0.1193754,0.8910856,0.4256886,0.1918816,0.8008928,0.4487668,0.142527,0.832156,0.4920922,0.1794804,0.763719,0.4481208,0.113418,0.698796,0.4388244,0.1271706,0.784502,0.3664726,0.1949966,0.7400646,0.5218196,0.2751218,0.6828308,0.4758406,0.1441034,0.88024,0.4425129,0.2729096,0.8707738,0.8482214,0.1412052,0.6437602,0.4838676,0.158886,0.7194604,0.5255404,0.1388504,0.8049144,0.8142518,0.158527,0.8613928,0.4558398,0.113924,0.7975606,0.8847014,0.2624928,0.609859,0.5776428,0.1936648,0.7318542,0.506179,0.1165764,0.7553274,0.5211522,0.1054084,0.8576872,0.85614,0.1340462,0.7368698,0.6213266,0.1392082,0.8319452,0.4349858,0.1817032,0.8465746,0.4298372,0.2716598,0.8959338,0.8573758,0.1210242,0.8166536,0.4446194,0.4385304,0.1136572,0.398161,0.45116,0.1662324,0.8819776,0.3594762,0.2664634,0.8948314,0.8783648,0.1061402,0.335921,0.4335628,0.1357632,0.8859584,0.5526726,0.1708548
0.7684338,0.4717812,0.1215718,0.8969552,0.4236424,0.1918864,0.7966736,0.4514088,0.1426212,0.8344466,0.4894672,0.1798132,0.7761814,0.4508512,0.1119842,0.7084838,0.435009,0.1264196,0.7813292,0.365569,0.1957416,0.7331894,0.5219194,0.27671,0.688868,0.4786121,0.1417168,0.8836842,0.4460223,0.2723868,0.8736076,0.8473934,0.13946,0.6334746,0.4841576,0.1582736,0.7184102,0.5255486,0.1400458,0.801971,0.8150068,0.1592268,0.8618674,0.454048,0.1126862,0.8202506,0.882292,0.2621584,0.6082534,0.5774972,0.194493,0.7346316,0.5043946,0.1147024,0.7538836,0.5214142,0.1061432,0.8603466,0.8594852,0.1345544,0.7255114,0.6218274,0.1391116,0.8265334,0.4336208,0.1807542,0.8350652,0.4254924,0.2713372,0.8920572,0.8586872,0.1208846,0.8096714,0.4402864,0.4339974,0.1126884,0.3898164,0.4475302,0.1666374,0.8892476,0.3572238,0.2680144,0.8758318,0.8763338,0.107368,0.3367012,0.4316378,0.1349164,0.8900968,0.5567066,0.1700998
0.7698026,0.4793058,0.1202084,0.8809754,0.4191018,0.1916452,0.798238,0.4508256,0.141331,0.8297222,0.4886014,0.1797584,0.757781,0.4501696,0.1077448,0.702104,0.4375388,0.1269848,0.7982612,0.3657584,0.197067,0.7335624,0.5182124,0.2766068,0.6824774,0.4760079,0.1428996,0.895681,0.4463418,0.2749544,0.8761462,0.845114,0.1388626,0.6350036,0.4935778,0.1584716,0.7296614,0.5307934,0.1392088,0.7996484,0.8157528,0.1597416,0.8508056,0.4507674,0.1125713,0.8110136,0.8853614,0.2498756,0.6122292,0.5742076,0.1932732,0.7432046,0.5078608,0.1147434,0.7500146,0.5202276,0.1068222,0.8525462,0.8582896,0.1357096,0.7301458,0.6197128,0.1406232,0.820444,0.4337222,0.181175,0.8306634,0.4259768,0.2733,0.8823042,0.8505116,0.1200682,0.7996178,0.4402048,0.4321184,0.1130846,0.3896092,0.4505528,0.1671026,0.88641,0.3559828,0.2680694,0.8716766,0.8784846,0.1076216,0.3354126,0.4334066,0.1352944,0.8935028,0.5546864,0.1709874
0.7717204,0.4802826,0.1222496,0.8863292,0.4165776,0.1925306,0.8074376,0.4543778,0.1422378,0.8372504,0.4861352,0.1790928,0.766082,0.4472682,0.1085522,0.708477,0.439843,0.1253092,0.7901548,0.3704842,0.198229,0.7341818,0.5193846,0.2770934,0.6933162,0.4732653,0.1430246,0.90244,0.4470084,0.2752546,0.87993,0.8448612,0.1382544,0.6332658,0.4966768,0.1586222,0.7230758,0.5271386,0.1374784,0.7891252,0.822332,0.1596088,0.8500225,0.448666,0.1098154,0.815053,0.8835646,0.255979,0.6123294,0.571559,0.1929022,0.749401,0.513769,0.1153424,0.7514628,0.5197988,0.106231,0.8487166,0.8653484,0.134761,0.7328882,0.618788,0.1402566,0.826211,0.4346846,0.1787398,0.8303402,0.423056,0.2715876,0.892911,0.866621,0.1200828,0.8047224,0.4358306,0.4319558,0.112353,0.38653,0.4526544,0.1679596,0.8872946,0.3560806,0.2695494,0.8761608,0.876626,0.1063982,0.337323,0.4344798,0.1340648,0.890174,0.553371,0.1706864
0.7753122,0.4809712,0.1223352,0.890929,0.4139312,0.1901918,0.8008724,0.4512012,0.1419918,0.824756,0.4876442,0.1770294,0.7624538,0.447808,0.1087518,0.7145328,0.4418134,0.1242556,0.804082,0.3709288,0.1966676,0.7246976,0.5171806,0.2750384,0.7008604,0.4712741,0.1422364,0.9072642,0.447622,0.273735,0.8779144,0.8439844,0.1405998,0.632479,0.500642,0.1602328,0.7210966,0.526907,0.1376492,0.793625,0.7990166,0.1595686,0.8397423,0.4484,0.110874,0.8080688,0.884366,0.2593854,0.6067498,0.5669796,0.1923068,0.7525902,0.5094738,0.1172224,0.7381004,0.5182842,0.1070401,0.8505854,0.8665852,0.133083,0.7352656,0.6140726,0.1419444,0.7940132,0.4361682,0.1817554,0.821279,0.421105,0.2733492,0.8766298,0.8635228,0.1203284,0.8010346,0.4382928,0.4312234,0.1119426,0.3838176,0.4527526,0.1680538,0.8936014,0.3561548,0.268021,0.8356284,0.876876,0.1075176,0.3373632,0.4319504,0.1344282,0.8931908,0.5524496,0.1695832
0.7819454,0.486155,0.1238526,0.892711,0.411808,0.190477,0.7988454,0.4487726,0.1402126,0.8361218,0.4921982,0.1769586,0.7592498,0.4488718,0.1079634,0.6971716,0.4420534,0.1249288,0.802405,0.3692594,0.1976492,0.7304042,0.516309,0.276854,0.6871562,0.4716677,0.1425966,0.8775662,0.4466288,0.2720084,0.8561766,0.8489594,0.14136,0.6307788,0.499723,0.1596134,0.7184702,0.5326062,0.1375672,0.7778452,0.8001964,0.159694,0.8281773,0.447666,0.1100718,0.815499,0.8821018,0.2611578,0.6152552,0.5677902,0.19237,0.7546964,0.5029956,0.1170002,0.7255454,0.5203134,0.1060117,0.8385758,0.8624488,0.1349798,0.738567,0.6153598,0.1408172,0.7948262,0.4399514,0.180689,0.8233208,0.4182612,0.274204,0.8640578,0.85891,0.120766,0.7911024,0.436248,0.4297164,0.1109554,0.3825796,0.454285,0.1653782,0.8930972,0.3558376,0.2699674,0.8545008,0.8782262,0.108273,0.3419794,0.4284006,0.1345686,0.89574,0.5541932,0.1713716
0.7880742,0.4817636,0.123877,0.8825378,0.410826,0.1906712,0.798946,0.454082,0.1385594,0.8292374,0.4930482,0.175888,0.7546714,0.4502032,0.1071294,0.7139544,0.4468488,0.1255456,0.8075896,0.3714764,0.1968846,0.7283598,0.515811,0.277009,0.6786096,0.4703351,0.141583,0.8862424,0.4495408,0.2729848,0.8693684,0.8501768,0.1391072,0.6250996,0.499952,0.1602536,0.7303478,0.5311714,0.1383796,0.7906544,0.807889,0.1617278,0.8431444,0.4489328,0.1099974,0.8056306,0.880994,0.2649322,0.6186474,0.5620026,0.1917024,0.7498528,0.5045906,0.1155798,0.731989,0.5174902,0.1083064,0.8488874,0.8617636,0.1343158,0.7175372,0.6146628,0.1416188,0.8202592,0.4412874,0.1810436,0.8330768,0.4189126,0.2759278,0.8631368,0.8668214,0.119455,0.7858824,0.4369674,0.4312636,0.1116788,0.379828,0.4630802,0.1680464,0.8991818,0.3590496,0.2700052,0.8560468,0.8795734,0.1072152,0.3389104,0.4298908,0.1335222,0.8909158,0.551839,0.1723328
0.7890204,0.4819336,0.1241194,0.8852296,0.4097958,0.1890004,0.7877836,0.4551106,0.137149,0.8200576,0.4934342,0.176227,0.7526326,0.453826,0.1068964,0.715205,0.4496942,0.1244422,0.8141876,0.3691812,0.194471,0.7291766,0.5109024,0.2760422,0.6811158,0.4687823,0.1402558,0.8859394,0.4475856,0.271761,0.871888,0.8431492,0.138882,0.6258524,0.4979914,0.160221,0.7306068,0.526928,0.1374326,0.793986,0.7988022,0.1610954,0.8330796,0.4500544,0.1097956,0.807898,0.884824,0.2657938,0.6168816,0.5577204,0.1909678,0.7348256,0.5114148,0.1155648,0.7368036,0.515691,0.1091762,0.8529202,0.857707,0.1335706,0.7224924,0.6050326,0.1404366,0.8213734,0.4408628,0.1807646,0.8462958,0.419243,0.2784204,0.8738188,0.8638264,0.1196534,0.7802214,0.4409044,0.429493,0.111438,0.3830004,0.467089,0.1659208,0.8976124,0.3636654,0.2703348,0.857074,0.8793454,0.107141,0.3359222,0.4305746,0.13272,0.8892424,0.550432,0.1709992
0.7860314,0.4785952,0.1241452,0.885544,0.4069656,0.1883572,0.802445,0.4568732,0.138366,0.8255576,0.492606,0.174908,0.760596,0.4566918,0.1071668,0.7197132,0.4510546,0.1244412,0.8227196,0.3677748,0.1951914,0.7290338,0.5151846,0.2769018,0.6824038,0.4689271,0.1403184,0.8960398,0.4507446,0.2709434,0.8845048,0.8464964,0.1376956,0.625592,0.498109,0.1579362,0.7278924,0.5281818,0.1362332,0.806947,0.8066812,0.1631448,0.8330628,0.4499352,0.109467,0.8058456,0.884924,0.2661098,0.605708,0.5566858,0.1893756,0.7360376,0.5093422,0.1154384,0.7338764,0.5156628,0.1103836,0.847591,0.8592918,0.136015,0.7187304,0.6124354,0.1399608,0.822467,0.440397,0.17898,0.848791,0.4188316,0.2767924,0.8827754,0.8607304,0.1199412,0.784635,0.4501706,0.4293172,0.1101808,0.3805314,0.4635594,0.1658838,0.883555,0.35956,0.269462,0.8560752,0.8754696,0.1062956,0.340712,0.4265552,0.1326526,0.8955424,0.5518974,0.173632
0.774925,0.4786094,0.1254828,0.880337,0.4033824,0.1870672,0.8073218,0.4523144,0.1367104,0.8309184,0.4944882,0.1762226,0.7526214,0.4583434,0.1071796,0.718565,0.4432328,0.1239096,0.8249052,0.3702066,0.1962076,0.7269738,0.5136664,0.2760138,0.6850396,0.4732416,0.139488,0.8890852,0.447556,0.2708128,0.8705016,0.8470038,0.1367484,0.6336862,0.4943302,0.1576868,0.7319956,0.529705,0.1374368,0.8054512,0.8135014,0.1628856,0.831397,0.4434222,0.1086812,0.8069062,0.8311606,0.2659184,0.6051418,0.5536622,0.1880302,0.746004,0.5093188,0.1155514,0.7381164,0.5125576,0.1111442,0.8481558,0.853654,0.1354456,0.7233186,0.614346,0.1411976,0.8203892,0.43725,0.1789678,0.842101,0.4205474,0.275567,0.883966,0.8620738,0.1206438,0.7865032,0.4464522,0.427695,0.1083082,0.3761208,0.4730948,0.165141,0.8755846,0.3612438,0.2672798,0.8684258,0.878364,0.1048612,0.3398718,0.4276988,0.1330534,0.8967,0.54982,0.1720536
0.7883018,0.4755932,0.1254132,0.8783352,0.4073854,0.187328,0.8007796,0.449612,0.1351636,0.8057836,0.4927192,0.1762738,0.7666192,0.4592626,0.1078834,0.7174988,0.4471616,0.1261392,0.8252804,0.3679678,0.193506,0.745817,0.51245,0.2747016,0.6825138,0.4786452,0.1386492,0.8989962,0.4501682,0.2628472,0.8886462,0.8422738,0.1359388,0.6365928,0.4948008,0.157278,0.7395912,0.5287676,0.1357958,0.807481,0.8104006,0.1636386,0.8324564,0.4423968,0.110615,0.8179836,0.8572937,0.2659784,0.5881788,0.5546588,0.1881704,0.742296,0.5040898,0.11541,0.735827,0.509546,0.1109886,0.8551422,0.8591554,0.1331084,0.7145626,0.6171548,0.1392752,0.8216316,0.4344112,0.1792362,0.8271094,0.4154452,0.275094,0.8964438,0.8139048,0.1210374,0.7836286,0.4455206,0.4264628,0.1089474,0.376162,0.4728676,0.164611,0.8833604,0.3654538,0.2687544,0.8698624,0.8763874,0.1056138,0.3450818,0.4263212,0.1341316,0.8929702,0.5538712,0.1727608
0.7806308,0.4728902,0.1245752,0.884636,0.4057146,0.1888522,0.8083656,0.4473978,0.1336426,0.8076612,0.4907074,0.1754274,0.7645852,0.459992,0.1077752,0.7137734,0.4423342,0.1274742,0.811448,0.3685864,0.1949424,0.7367498,0.508415,0.2749496,0.6858326,0.4739411,0.1398418,0.886241,0.447513,0.264389,0.8814766,0.8420786,0.135441,0.6327504,0.4921168,0.1581404,0.7436702,0.5306392,0.1370096,0.8012366,0.8124228,0.1639878,0.8370088,0.4395284,0.1093748,0.8178924,0.8659479,0.2672244,0.6000698,0.554194,0.188683,0.7358128,0.5030228,0.1160608,0.7365076,0.5079694,0.110853,0.8559446,0.8633706,0.1301928,0.716401,0.6185584,0.1386666,0.825195,0.4309364,0.1774778,0.8349426,0.4147126,0.2740896,0.8776386,0.8288188,0.1204594,0.7925306,0.4504264,0.4270438,0.1078796,0.3742736,0.474676,0.1635044,0.8888448,0.3649564,0.2699088,0.880932,0.8702964,0.1045294,0.3426562,0.4247872,0.1338502,0.8718038,0.555629,0.173835
0.784821,0.466375,0.1233376,0.9011828,0.4041666,0.187191,0.8049598,0.4472236,0.1333108,0.8228436,0.4931088,0.175736,0.766868,0.457908,0.1080858,0.7141864,0.4464438,0.1281504,0.8214346,0.3649242,0.1950224,0.7308526,0.5072024,0.2736956,0.6755344,0.4758179,0.1397828,0.8836122,0.4437874,0.2657726,0.882715,0.816728,0.1355226,0.6252672,0.4870734,0.156946,0.7413678,0.5353018,0.1378844,0.7874624,0.8251746,0.161701,0.8422564,0.435033,0.1100464,0.8256672,0.8783048,0.2683088,0.6058368,0.5542254,0.1902754,0.7324256,0.4968028,0.1161508,0.736276,0.5096996,0.1101524,0.8578548,0.8610432,0.1297184,0.720289,0.617402,0.138939,0.8196486,0.4328352,0.1792456,0.8116641,0.4126944,0.2749342,0.8930858,0.8420882,0.1197044,0.79159,0.4483666,0.4307844,0.1067638,0.3767614,0.476648,0.1632602,0.8907228,0.3688306,0.272269,0.8851882,0.8721546,0.1054558,0.3442608,0.4307214,0.133643,0.8742582,0.5521366,0.1744032
0.7848772,0.4665124,0.122786,0.8990404,0.3978492,0.1850748,0.7913598,0.4477932,0.1340198,0.8174576,0.4979382,0.1752004,0.760119,0.4574794,0.1081052,0.7162638,0.4529922,0.128118,0.8182348,0.3629526,0.1943876,0.7281406,0.5054706,0.276238,0.6823334,0.4763353,0.1396108,0.8833256,0.4463478,0.2681102,0.8849854,0.8308988,0.1359878,0.6167826,0.487457,0.1559964,0.73492,0.5337078,0.1394898,0.796405,0.8262172,0.1609264,0.8168966,0.436059,0.1097512,0.830321,0.8783684,0.2722228,0.5863454,0.5512226,0.1892696,0.7316048,0.4921758,0.1159938,0.7317646,0.5093476,0.110655,0.871588,0.858978,0.1275952,0.7225342,0.6151212,0.1373108,0.8135908,0.4317224,0.175913,0.8270972,0.4129084,0.2756344,0.8808792,0.8438716,0.11983,0.7937166,0.4463258,0.4280288,0.1077084,0.374646,0.4743096,0.1644042,0.8992778,0.3705556,0.2728332,0.8828298,0.8726806,0.105947,0.3475434,0.4283066,0.1335326,0.843044,0.5485138,0.1753796
0.7747776,0.4709966,0.12251,0.8657902,0.3984244,0.1856874,0.7992326,0.4475972,0.134345,0.8356088,0.5037516,0.1749356,0.7646216,0.4545822,0.1084788,0.7169476,0.4510032,0.129463,0.8168906,0.3637676,0.19348,0.7334404,0.5077118,0.276767,0.6882012,0.4701561,0.1418206,0.8725624,0.4407016,0.2696784,0.881861,0.8418544,0.1359692,0.6204642,0.4886692,0.1563168,0.732659,0.5292134,0.1375594,0.8103852,0.825357,0.1632034,0.8136576,0.4403296,0.1089566,0.825371,0.8766962,0.269853,0.5905848,0.5510696,0.1892928,0.732568,0.4926442,0.1139272,0.7315298,0.5042728,0.1110608,0.8445676,0.862156,0.1290802,0.7203262,0.6188308,0.1357504,0.8246542,0.4281256,0.173898,0.8385376,0.4131304,0.2776312,0.8843828,0.8513046,0.1199588,0.7932812,0.4458978,0.4263246,0.1098626,0.3776212,0.4720334,0.1646436,0.8998808,0.3719054,0.2720788,0.8819138,0.8726468,0.1047952,0.3452856,0.432292,0.1340474,0.8541394,0.5514676,0.173503
0.7541694,0.4720618,0.1213436,0.8691336,0.4021594,0.1847538,0.8047674,0.4453344,0.134602,0.8397158,0.5027986,0.1754728,0.7715486,0.4584278,0.111521,0.7092974,0.453093,0.1303246,0.8076226,0.364777,0.193791,0.7390318,0.5070506,0.2770188,0.6971282,0.4734878,0.1419102,0.8779072,0.438489,0.2717508,0.86992,0.8514418,0.1358962,0.6149266,0.4896964,0.1563392,0.7316768,0.5236376,0.1373912,0.802455,0.8282142,0.1644738,0.8083176,0.4391714,0.1094356,0.8101274,0.8818834,0.2710536,0.5807774,0.549259,0.1883648,0.73353,0.487382,0.114131,0.7380856,0.5111822,0.110889,0.850118,0.860087,0.1301232,0.7127784,0.622439,0.1350156,0.8365396,0.4308752,0.1721908,0.8445312,0.4139886,0.2766654,0.891131,0.8512196,0.1203836,0.7783682,0.4454624,0.426187,0.109003,0.3777284,0.471861,0.164547,0.8901334,0.3753624,0.2710686,0.8777528,0.8718596,0.104947,0.3477604,0.4351748,0.1340062,0.8673838,0.557359,0.1719992
0.7450496,0.4703888,0.121373,0.8854392,0.4054966,0.1847434,0.8041476,0.44065,0.1348254,0.818484,0.502018,0.1736994,0.7627696,0.4584246,0.1099172,0.706117,0.448472,0.1311952,0.8178602,0.3649594,0.1944142,0.7400324,0.5063568,0.2762498,0.686909,0.4725958,0.1426148,0.874578,0.4376596,0.2710402,0.8750732,0.8593874,0.135187,0.6254512,0.4904346,0.1572644,0.737241,0.5218856,0.1370694,0.8124764,0.8244554,0.1636952,0.8201164,0.443365,0.1106916,0.8167808,0.8781454,0.2697196,0.5786366,0.5491492,0.1902102,0.7421206,0.4832746,0.113097,0.7481034,0.508391,0.1099192,0.8643886,0.87177,0.1261624,0.72102,0.6181142,0.1358228,0.8318912,0.432821,0.1744114,0.854992,0.4117716,0.2752666,0.9003036,0.8576996,0.1198272,0.79239,0.4441664,0.425708,0.109365,0.3729896,0.4697516,0.1648684,0.8926224,0.3759534,0.2701704,0.88076,0.8769274,0.1055792,0.3476064,0.4304158,0.1336178,0.8676642,0.5514052,0.1729996
0.7488212,0.4693672,0.119861,0.8824454,0.4080062,0.1835992,0.793949,0.4339768,0.1353906,0.828747,0.4985292,0.1776364,0.7725872,0.4591354,0.1102434,0.7192458,0.4473418,0.130362,0.81959,0.3664698,0.1940378,0.7360866,0.5087132,0.2788744,0.6839153,0.4703584,0.1427568,0.8942266,0.4373296,0.2723308,0.8770182,0.8621664,0.135165,0.6320438,0.4907144,0.1578546,0.7373986,0.5176702,0.138282,0.7945716,0.827084,0.163373,0.813746,0.4405272,0.1111898,0.8114074,0.8810174,0.271074,0.5895772,0.5502398,0.1924558,0.7518274,0.4804912,0.112998,0.7494614,0.5105116,0.1080526,0.8649168,0.8672428,0.1318584,0.7222082,0.6189238,0.1352426,0.825976,0.4363074,0.1773404,0.8480998,0.4098284,0.274932,0.8955434,0.8609176,0.1200374,0.7848768,0.447069,0.4215876,0.1082532,0.3746492,0.47545,0.1648364,0.8929354,0.3715644,0.2697598,0.8860566,0.8755204,0.105253,0.350835,0.4299476,0.1331172,0.8640384,0.5504624,0.171157
0.771962,0.4671264,0.1189484,0.8792986,0.4016652,0.1824814,0.7996014,0.4315576,0.1339508,0.815682,0.5008168,0.1767726,0.7542138,0.459599,0.1109528,0.729591,0.4435594,0.1288736,0.813579,0.3664888,0.1949976,0.7316902,0.5040086,0.2787742,0.6933275,0.4754378,0.1425386,0.8876426,0.4346308,0.27445,0.8748158,0.8632292,0.1340656,0.6500618,0.4914322,0.1580168,0.7565592,0.5140482,0.1383796,0.8038724,0.8328212,0.163182,0.814597,0.4350524,0.1114668,0.8169272,0.8797974,0.270313,0.5973116,0.5525332,0.1938474,0.7501084,0.4828158,0.1130106,0.7504748,0.5091822,0.1076028,0.8499876,0.8666222,0.1323256,0.720199,0.6200438,0.1341576,0.8469676,0.4392996,0.1780362,0.8523958,0.4068954,0.2748448,0.8739454,0.850611,0.1205114,0.7831932,0.4486192,0.4170214,0.1084164,0.3726074,0.479567,0.162806,0.8933542,0.3686584,0.2690112,0.8767118,0.8717486,0.1062228,0.3582274,0.4285474,0.130734,0.868243,0.5498064,0.1690484
0.772153,0.4700456,0.1196348,0.8883046,0.3964008,0.1826028,0.7906806,0.430118,0.1338782,0.8249096,0.4971452,0.176012,0.744464,0.4541324,0.1112044,0.7254954,0.444115,0.129773,0.8206144,0.3659098,0.1964436,0.7290858,0.4991782,0.2788374,0.6971005,0.4769004,0.1425578,0.8796786,0.4315006,0.2742188,0.882928,0.8667972,0.1350208,0.6507482,0.490959,0.1580832,0.7532206,0.5126622,0.1378538,0.7937262,0.8286282,0.1638216,0.8153976,0.4379764,0.1121722,0.8191552,0.8831094,0.2717264,0.5908834,0.558099,0.196409,0.7517726,0.4782028,0.1138262,0.7472844,0.5078162,0.1075882,0.8543724,0.861418,0.1325964,0.7252106,0.6214074,0.1338486,0.838905,0.4352774,0.181107,0.8451774,0.4119346,0.276532,0.8811384,0.856106,0.1204744,0.7749508,0.4464966,0.4171068,0.108297,0.3730546,0.4787864,0.1625532,0.8956878,0.3673714,0.2701038,0.8904892,0.8798644,0.1047608,0.3570576,0.4238246,0.131116,0.8745566,0.5548578,0.1708068
0.778352,0.4709724,0.1191992,0.8964128,0.397498,0.1834078,0.8052556,0.434285,0.135638,0.8264468,0.4987756,0.1770576,0.7436644,0.4515014,0.1114596,0.7437404,0.4429628,0.129351,0.8232686,0.3667852,0.1979116,0.7380074,0.5005046,0.2775358,0.6806391,0.477794,0.141391,0.8929234,0.4295862,0.2748062,0.9004584,0.8655064,0.133948,0.6607382,0.4896056,0.1574732,0.758487,0.5093194,0.1376734,0.8019112,0.8181684,0.164438,0.8314408,0.4388136,0.1127472,0.818533,0.8779048,0.2722748,0.6101982,0.5629622,0.1967884,0.7418066,0.4756366,0.1140974,0.7359352,0.507617,0.10758,0.855365,0.8639168,0.1316356,0.714753,0.6156436,0.1336972,0.8282558,0.4390248,0.1834304,0.8430956,0.408922,0.2770128,0.874749,0.8582106,0.119487,0.7857548,0.4467394,0.418017,0.1073414,0.3679672,0.4800242,0.1614654,0.879798,0.368154,0.2694742,0.883637,0.8812192,0.1055832,0.3580574,0.41923,0.1298484,0.8865334,0.548175,0.1704946
0.7638258,0.468622,0.1179372,0.8919996,0.3979704,0.1821942,0.8133318,0.4370506,0.1360852,0.8351048,0.4980182,0.1780782,0.7354274,0.4513974,0.1092774,0.7495328,0.4376712,0.1289254,0.8160978,0.3669036,0.1960662,0.7465532,0.4961226,0.2795556,0.6906681,0.4748192,0.1422756,0.8896166,0.4274428,0.2721462,0.8878868,0.8698618,0.1334696,0.6641666,0.4910034,0.1569824,0.7585076,0.503857,0.1368194,0.806785,0.8078978,0.1649994,0.8308522,0.4386992,0.1145228,0.8193662,0.875628,0.2703112,0.6165008,0.563582,0.1985644,0.7331564,0.47531,0.1126612,0.7356594,0.5028558,0.1080532,0.8577438,0.86326,0.1308788,0.722369,0.6155728,0.1338936,0.8381144,0.4391422,0.1845012,0.8509648,0.4052002,0.2754438,0.873482,0.8596808,0.119914,0.770971,0.448483,0.4138562,0.1053244,0.374324,0.4760448,0.1598812,0.884183,0.3626398,0.2687308,0.8668398,0.8777538,0.1059134,0.356896,0.419441,0.1282024,0.8913346,0.5483784,0.1712758
0.771183,0.4682258,0.1203284,0.8888574,0.3971462,0.183186,0.8145292,0.4377318,0.1362828,0.8379318,0.4997742,0.1799964,0.7404926,0.4520276,0.110134,0.745593,0.435049,0.1281276,0.8202762,0.3642302,0.1946546,0.7405946,0.488403,0.2785136,0.6912164,0.4748514,0.1417462,0.877731,0.4282846,0.2738486,0.889138,0.8683862,0.134192,0.6676358,0.4912828,0.155648,0.7512246,0.5055616,0.136077,0.8011374,0.8168328,0.1658062,0.8172138,0.4390086,0.114234,0.810247,0.8847474,0.2697564,0.6261494,0.564061,0.1994,0.7402,0.4782758,0.11219,0.7390782,0.501977,0.1084768,0.8190478,0.8642148,0.1304638,0.7253608,0.618428,0.1321902,0.8444746,0.4396784,0.182989,0.8481954,0.406791,0.275809,0.885455,0.854916,0.1191986,0.7796448,0.4484048,0.412653,0.104816,0.373731,0.4760796,0.1591954,0.8806178,0.3676508,0.2686278,0.8727208,0.8784202,0.1067198,0.3547134,0.4186516,0.1296488,0.8888222,0.5496486,0.1710016
0.7740184,0.4620204,0.1193672,0.8872498,0.394862,0.1816304,0.81043,0.4375402,0.1373552,0.8369768,0.50292,0.1789056,0.753833,0.4498796,0.1092968,0.7662166,0.4376826,0.1266198,0.8137868,0.3638194,0.19418,0.7384364,0.4837978,0.2794206,0.7007734,0.475965,0.1425674,0.8863874,0.4299166,0.2749114,0.8743374,0.8779504,0.1351248,0.6630266,0.4911696,0.1551888,0.7555564,0.5031536,0.1368508,0.8069406,0.818434,0.1660202,0.830036,0.440876,0.1135,0.8120886,0.888429,0.2714054,0.6440944,0.5719212,0.2003784,0.734821,0.4754644,0.1116222,0.7448518,0.5018936,0.1082678,0.8404412,0.8620702,0.1306874,0.7109588,0.613333,0.1322822,0.8366016,0.4449864,0.183999,0.857402,0.4073758,0.2746006,0.8787138,0.8622958,0.1190784,0.7934926,0.4546788,0.4138956,0.104439,0.3781856,0.4778538,0.158679,0.8820444,0.3698084,0.2694752,0.870703,0.8760474,0.1053552,0.3544776,0.4207182,0.1298842,0.8899496,0.54476,0.1709094
0.7814968,0.4627256,0.1201904,0.8949192,0.401403,0.1817066,0.820409,0.436918,0.1370298,0.8236356,0.5044392,0.1801716,0.764065,0.450309,0.109047,0.7694722,0.437729,0.126825,0.8201862,0.3625106,0.1948228,0.7408336,0.4844304,0.277651,0.7024412,0.4711494,0.1435782,0.8899278,0.4333676,0.2747292,0.8768386,0.8740268,0.1338132,0.654569,0.4929176,0.1525248,0.7596196,0.4990788,0.1363412,0.7976954,0.8213648,0.1662746,0.8209614,0.4425526,0.1134386,0.8084788,0.8867148,0.2702078,0.6388226,0.572409,0.2008366,0.7367162,0.473673,0.110821,0.7437256,0.4980232,0.1073656,0.8425948,0.8684806,0.1320576,0.7189984,0.618225,0.1317254,0.8396406,0.4448706,0.1849108,0.8527952,0.4045428,0.2730294,0.8527886,0.8656308,0.1180438,0.7874598,0.4526574,0.4136166,0.1055158,0.3711026,0.4784372,0.1585766,0.882436,0.3707646,0.2699276,0.8792756,0.8753242,0.1067718,0.3531492,0.4162896,0.1309422,0.8836708,0.5396986,0.172854
0.781525,0.4615004,0.1198564,0.895132,0.4012634,0.1798862,0.8227192,0.4352586,0.1375198,0.8072952,0.5069168,0.179779,0.7782604,0.4485992,0.1093814,0.7589274,0.4445774,0.1264122,0.8110666,0.368671,0.193191,0.7369316,0.4758528,0.2795048,0.7046508,0.471027,0.144152,0.8735568,0.4304012,0.2758496,0.8789082,0.8700842,0.1340698,0.6610066,0.4886678,0.1516958,0.7456514,0.4962188,0.1347566,0.8042432,0.8177042,0.1661066,0.8381622,0.43673,0.1127076,0.8142884,0.8796632,0.2697518,0.6430216,0.5739418,0.2013126,0.747976,0.4782962,0.1090118,0.7394542,0.5031636,0.1074424,0.8447498,0.8617484,0.1333516,0.717501,0.6127258,0.1311002,0.8220328,0.444791,0.1847228,0.857805,0.40017,0.2739208,0.8605126,0.8654536,0.1195666,0.790734,0.4487826,0.4116286,0.1046628,0.3749836,0.477941,0.1571266,0.8867298,0.3664702,0.2682606,0.8853388,0.8801556,0.1056176,0.3486202,0.41917,0.1314872,0.878837,0.5444572,0.1728066
0.7834646,0.4602088,0.1196544,0.878691,0.402073,0.17987,0.824512,0.4359448,0.135356,0.8243752,0.5083922,0.1807528,0.7761142,0.444714,0.1095154,0.7604708,0.4425234,0.1259816,0.8080794,0.3659358,0.1912286,0.7311908,0.4735288,0.2777452,0.6983132,0.468432,0.1445336,0.8732646,0.4282002,0.2754426,0.883228,0.8690584,0.1322664,0.6613684,0.4902384,0.1526822,0.7514918,0.497849,0.1341546,0.7877492,0.8234918,0.1672316,0.8437876,0.4336746,0.1130044,0.8078282,0.8768554,0.2682142,0.6535864,0.5808052,0.2030092,0.7340886,0.477532,0.1073142,0.7349262,0.5049784,0.1062916,0.8614676,0.8629226,0.1327542,0.715872,0.6175094,0.13077,0.841629,0.4425726,0.1834426,0.8517904,0.3965352,0.2729884,0.8614342,0.8584342,0.120128,0.7991742,0.4457956,0.4069006,0.1035318,0.376308,0.4735128,0.156033,0.8826264,0.3672638,0.2681872,0.876118,0.8359104,0.1065932,0.3499044,0.416554,0.1325614,0.8805886,0.5434216,0.1736056
0.7959712,0.45661,0.1227,0.8957872,0.398806,0.1794992,0.8379384,0.4274144,0.133727,0.819258,0.5087652,0.1803364,0.7678196,0.4487346,0.1084674,0.7615402,0.4449434,0.1258112,0.8034636,0.3670416,0.1919868,0.7325868,0.4696498,0.2785854,0.7019584,0.4698118,0.1443918,0.8859256,0.4263308,0.2765924,0.8882982,0.8675722,0.1330164,0.6669746,0.4941296,0.1506444,0.7466412,0.498176,0.132417,0.7912278,0.8288792,0.1668832,0.8421846,0.4307574,0.115033,0.8059386,0.8783574,0.2705252,0.6515694,0.580565,0.2015792,0.7391812,0.4837106,0.1086866,0.7366558,0.5053194,0.1065978,0.8668954,0.8640302,0.133975,0.7223042,0.6144642,0.1294212,0.8308702,0.438111,0.1860628,0.8609066,0.3950852,0.2731102,0.8661598,0.862334,0.1210588,0.7871182,0.4453788,0.4067048,0.1032534,0.3738352,0.4820556,0.1583148,0.8913778,0.3671582,0.267918,0.8723908,0.8565338,0.1067368,0.354669,0.4131934,0.1318472,0.871493,0.5483474,0.1738
0.7983272,0.4594908,0.123384,0.8982282,0.4004578,0.1781596,0.835411,0.4260304,0.1333202,0.836984,0.509154,0.1782754,0.7787654,0.448108,0.1093302,0.7654854,0.4436758,0.1261884,0.812979,0.3627868,0.1916708,0.7322494,0.472072,0.280095,0.703787,0.4687698,0.1428456,0.8797234,0.4300344,0.274822,0.8865462,0.8694902,0.1317816,0.672429,0.4952418,0.1510922,0.7511662,0.4977638,0.1305038,0.809803,0.8257988,0.168477,0.8405768,0.4329804,0.1143178,0.7846672,0.8771364,0.2705578,0.6524612,0.5726356,0.2014904,0.7355334,0.4837912,0.1083444,0.7486818,0.5019814,0.107145,0.863679,0.8676352,0.1341882,0.7245596,0.6157278,0.1296074,0.8318404,0.4361076,0.188001,0.8526148,0.3980398,0.275219,0.8713724,0.8617102,0.122064,0.7846448,0.4491654,0.4068452,0.103945,0.3725274,0.4834164,0.159281,0.8902998,0.3640492,0.268757,0.8727932,0.8662766,0.1056392,0.3499032,0.4116778,0.1319584,0.8726434,0.5473462,0.1748646
0.7881028,0.4595468,0.1234334,0.8838118,0.4030978,0.175095,0.8241414,0.422822,0.1323308,0.8221616,0.5066046,0.1788738,0.775943,0.4495162,0.1080942,0.7647124,0.4437198,0.127421,0.8126684,0.3614004,0.1898912,0.7317842,0.4684594,0.2783822,0.7011026,0.470326,0.142031,0.8757044,0.4339676,0.2766436,0.881593,0.8718426,0.131604,0.6816058,0.4930388,0.1520924,0.7449184,0.4953798,0.1300916,0.8097936,0.8138714,0.1670682,0.8334474,0.4346308,0.1153822,0.7910768,0.8712012,0.2687354,0.6485874,0.5736008,0.2007568,0.729334,0.4883514,0.108396,0.756493,0.5015514,0.1045914,0.8705688,0.8639108,0.1344072,0.7251984,0.6130258,0.1281466,0.8165948,0.442293,0.1866618,0.8522628,0.398438,0.2730304,0.8794768,0.8590174,0.121435,0.7734866,0.4482632,0.4045238,0.1050112,0.3746366,0.4839028,0.1582006,0.8833232,0.3631786,0.2714708,0.8755788,0.8716154,0.1068488,0.349603,0.4144146,0.13285,0.865587,0.5466486,0.173432
0.8023072,0.4672596,0.1223566,0.881022,0.4058198,0.1753224,0.8090662,0.4243024,0.1320666,0.820266,0.5076634,0.177885,0.7751444,0.4509492,0.1088496,0.7571026,0.442658,0.1290592,0.8131334,0.3581098,0.1901876,0.736924,0.4700272,0.2781454,0.701883,0.4666946,0.1426852,0.8788958,0.4352942,0.275416,0.8832202,0.8765842,0.1306454,0.6784354,0.4917782,0.1528164,0.7440986,0.4918926,0.1307332,0.7996832,0.817163,0.1660588,0.8494764,0.4325286,0.1170284,0.7977216,0.876233,0.2704206,0.6449952,0.5699274,0.202497,0.7341582,0.489112,0.1078314,0.7607054,0.503166,0.1056274,0.8674494,0.8620502,0.135406,0.7407626,0.6124002,0.1304182,0.8146406,0.4409132,0.185927,0.841465,0.398339,0.2752914,0.876209,0.8622362,0.121211,0.7763518,0.449767,0.4065162,0.104473,0.376958,0.4822914,0.1572592,0.8885332,0.3615248,0.2710564,0.88562,0.8741526,0.1084836,0.3437766,0.4145102,0.1331936,0.8786538,0.5479448,0.1725562
0.7993498,0.4674008,0.1215128,0.8801938,0.4103736,0.1761716,0.8247174,0.4227228,0.1311142,0.8190322,0.5023214,0.1780222,0.784499,0.4503132,0.1092146,0.760177,0.4444442,0.129226,0.8140614,0.3576122,0.1894832,0.7487336,0.4675416,0.2765984,0.6991088,0.4666026,0.1437548,0.881671,0.4353196,0.2768994,0.8841228,0.8762488,0.1312274,0.6874872,0.491717,0.1532156,0.7442244,0.4906216,0.130504,0.8027158,0.8150472,0.165697,0.8505016,0.4357314,0.1175432,0.8030072,0.8812452,0.2702096,0.6470558,0.5712206,0.2025106,0.7404324,0.4877038,0.1087984,0.761109,0.5044126,0.106092,0.8640224,0.8695698,0.13339,0.7432258,0.61105,0.1298822,0.8234168,0.4379362,0.1835398,0.8578856,0.3962848,0.2756542,0.8773536,0.8644276,0.1213506,0.7816302,0.4493152,0.4047514,0.1048056,0.3706956,0.4845906,0.1580538,0.8884052,0.3585668,0.2694736,0.8907434,0.8811626,0.1081742,0.346533,0.41287,0.133819,0.878357,0.5496294,0.1726236
0.7994252,0.4694106,0.1216984,0.8908278,0.408056,0.1750924,0.8257706,0.4228852,0.1342346,0.8199766,0.4987862,0.1784008,0.78084,0.446993,0.1100058,0.7659708,0.4395606,0.127482,0.8081262,0.3577806,0.1875352,0.7482432,0.4654768,0.2759848,0.6989354,0.4669488,0.145118,0.883161,0.4340448,0.2773376,0.8768884,0.8755386,0.1303468,0.6802994,0.4876944,0.1515254,0.7367602,0.492157,0.1301226,0.7899788,0.8154566,0.1644908,0.8584758,0.4376364,0.1171724,0.8090996,0.8738384,0.2699686,0.6533256,0.5669836,0.2020626,0.7469632,0.4918438,0.1080916,0.7668276,0.4999874,0.1053662,0.8689014,0.8683032,0.1325084,0.7527492,0.6043104,0.1293816,0.8248016,0.4387288,0.1847066,0.8596124,0.4010192,0.2742028,0.8726578,0.8643806,0.1203662,0.790718,0.4511568,0.4037278,0.1043292,0.3667474,0.4821742,0.1592942,0.8951042,0.354035,0.254989,0.8937872,0.8827836,0.1074428,0.3475082,0.4180114,0.1336036,0.8850698,0.5525846,0.169467
0.8059684,0.4707622,0.1221666,0.8806132,0.412106,0.176394,0.8343826,0.42217,0.134087,0.8244064,0.49951,0.1779304,0.7849268,0.4427298,0.1106594,0.7721922,0.4409458,0.1290436,0.7980572,0.3509274,0.1886128,0.7396028,0.4660724,0.2746706,0.710002,0.4605986,0.1451678,0.8931684,0.4352148,0.275821,0.8773764,0.875247,0.129294,0.6721568,0.4845818,0.1511622,0.7562178,0.4890188,0.1291268,0.7997546,0.817248,0.163109,0.8393948,0.4348204,0.1149852,0.808603,0.8791196,0.2701888,0.6531664,0.5666162,0.2010698,0.7425108,0.4861042,0.1067352,0.767323,0.5008748,0.105171,0.8797996,0.8642308,0.1326672,0.7583152,0.5998544,0.131877,0.8167252,0.4377714,0.1863582,0.8629116,0.401477,0.2731396,0.8837138,0.8600912,0.1207362,0.773025,0.4576872,0.4038944,0.1043402,0.3741658,0.4865146,0.159926,0.8919618,0.3543266,0.2586226,0.8757494,0.8801672,0.108404,0.3473314,0.421213,0.135478,0.8792666,0.5521184,0.1688748
0.8005822,0.4671848,0.1223858,0.880549,0.4099772,0.1767556,0.8246692,0.4223174,0.1343274,0.8240788,0.5041402,0.1769082,0.7780436,0.4379498,0.1086468,0.7640354,0.4382696,0.1283348,0.8026832,0.3489636,0.187805,0.742145,0.467144,0.274374,0.7145452,0.4656846,0.1438144,0.8953398,0.4327232,0.2764372,0.8780278,0.8754152,0.1272062,0.6672154,0.4842208,0.1503352,0.7509442,0.489832,0.1292338,0.7895298,0.8193038,0.1625744,0.8516586,0.4324514,0.1135214,0.8148284,0.8762514,0.271269,0.647651,0.5680182,0.201749,0.7395142,0.4906036,0.1055186,0.7690068,0.5040112,0.1042952,0.858248,0.8639992,0.1323288,0.7687558,0.5967122,0.1323242,0.8233706,0.4377264,0.1873632,0.8612,0.3993298,0.2721908,0.875921,0.8565224,0.1201724,0.7730302,0.4633704,0.4011652,0.1061484,0.3774564,0.48227,0.1566764,0.8909718,0.356122,0.2635052,0.8687306,0.8785914,0.108475,0.3504294,0.4217264,0.1347816,0.8765782,0.5538466,0.1688272
0.7984634,0.4679708,0.1232384,0.8775434,0.4072874,0.1800882,0.832094,0.4224468,0.1348084,0.813581,0.5024676,0.1741292,0.7812014,0.4365694,0.1080852,0.7634108,0.4412804,0.1270286,0.8061308,0.3482186,0.1874458,0.751525,0.4638452,0.275271,0.7140972,0.4627878,0.1433572,0.8540032,0.4318962,0.2737768,0.8876218,0.8777008,0.126567,0.6788384,0.4810472,0.1491178,0.7543242,0.4917172,0.1295552,0.794583,0.820393,0.1641882,0.843014,0.436232,0.1119042,0.8229444,0.8809252,0.2702292,0.6441784,0.5627186,0.2016722,0.7255916,0.496716,0.1045306,0.7750554,0.4999454,0.1039774,0.8649016,0.8673102,0.1300814,0.7719658,0.5969194,0.1326484,0.8204908,0.4358848,0.1852234,0.870033,0.3979106,0.2746452,0.8748244,0.8643616,0.1197162,0.7898608,0.4665584,0.4016414,0.1050138,0.3839498,0.4759232,0.1558298,0.9000044,0.3611314,0.268239,0.8649076,0.8806076,0.1069572,0.34992,0.4218464,0.138787,0.875471,0.5571652,0.1694662
0.7813518,0.466348,0.124283,0.8898774,0.4067946,0.1797454,0.8231864,0.4220016,0.132564,0.812162,0.5039452,0.1750024,0.7732454,0.4331424,0.1073674,0.7688584,0.4430636,0.1273384,0.803041,0.3465794,0.1860094,0.7451496,0.4637854,0.2775264,0.7161876,0.4597274,0.143898,0.8680354,0.431065,0.2732676,0.8850764,0.8732562,0.1246796,0.677242,0.4816164,0.1484212,0.7525874,0.4900382,0.129802,0.7992484,0.818981,0.162908,0.8540236,0.4377992,0.1113386,0.8214072,0.879508,0.2689082,0.64633,0.5622106,0.2033474,0.7223098,0.49968,0.104921,0.7804282,0.5069782,0.1045356,0.8567836,0.8138472,0.129079,0.7592702,0.5996806,0.1321396,0.8251042,0.4374678,0.1853448,0.8588842,0.3959969,0.2774286,0.8737904,0.8614046,0.1203712,0.795673,0.4603822,0.3987,0.1051994,0.3807546,0.4789562,0.1537334,0.8876774,0.3587636,0.2710174,0.856165,0.879084,0.1074222,0.3523996,0.421739,0.1388366,0.8766086,0.5535848,0.1686088
0.79583,0.4721064,0.1227054,0.890501,0.405667,0.1794946,0.825576,0.4171282,0.1318344,0.817025,0.5006284,0.1796234,0.7703504,0.4316324,0.1084668,0.7609,0.4501564,0.1260592,0.8046268,0.3432956,0.1866242,0.7443568,0.4707486,0.2777584,0.72213,0.457395,0.1445766,0.8738314,0.4351352,0.2746468,0.8726538,0.8697926,0.1246404,0.6701644,0.4834152,0.1476072,0.7479036,0.4904862,0.1299014,0.7747596,0.8091962,0.163069,0.8374956,0.4354408,0.112115,0.8232837,0.8761246,0.270165,0.6477016,0.5633992,0.2028018,0.7254368,0.4999012,0.1051442,0.7676274,0.5047076,0.1044262,0.8576806,0.8310664,0.128969,0.7693558,0.5954502,0.1326584,0.8162956,0.4320958,0.187167,0.8458198,0.3942484,0.2737522,0.8691128,0.8590182,0.121269,0.8029772,0.4543554,0.3986848,0.1054262,0.3811582,0.47668,0.1544204,0.8889432,0.3608227,0.2731876,0.8792644,0.88068,0.1074714,0.3563644,0.4226588,0.136547,0.8819846,0.555948,0.1705234
0.7989404,0.477864,0.1240778,0.8301174,0.402861,0.1805046,0.8340256,0.4170328,0.1321294,0.8149816,0.5005372,0.1814506,0.771018,0.4302122,0.108663,0.7483606,0.4485968,0.1250614,0.8119332,0.3420804,0.1873332,0.751106,0.474512,0.276489,0.7238974,0.4601714,0.1441202,0.865907,0.4365696,0.274713,0.8729756,0.8689206,0.123969,0.6681706,0.4801566,0.1482522,0.7475538,0.4906714,0.1284554,0.7612262,0.8100092,0.1630112,0.8543548,0.4332914,0.111199,0.8230531,0.8778726,0.2700028,0.6504952,0.56115,0.202424,0.7178164,0.498501,0.107975,0.7759612,0.506853,0.1047906,0.8639012,0.838814,0.128226,0.7614692,0.5967232,0.1326266,0.819837,0.4322304,0.1874826,0.8541542,0.3895892,0.274834,0.8835084,0.8587024,0.12219,0.8036626,0.456123,0.3952518,0.1064696,0.3840058,0.475893,0.15448,0.8887478,0.3583667,0.2740628,0.8812858,0.8793954,0.105153,0.3592614,0.4215926,0.1383636,0.8831192,0.5555852,0.1700234
0.7880146,0.4793396,0.123472,0.8358006,0.4048628,0.1794504,0.8307924,0.4212454,0.1307796,0.8263608,0.4978506,0.181934,0.773193,0.4259364,0.1072048,0.75525,0.4507256,0.126485,0.8015,0.3405978,0.1887376,0.7521572,0.4752262,0.2771176,0.7215936,0.4593637,0.1445422,0.87926,0.43339,0.2747864,0.8872734,0.869493,0.1240182,0.6746826,0.4770404,0.1476272,0.751919,0.4962358,0.1272388,0.7754568,0.8146216,0.1624482,0.8407216,0.4336732,0.1107596,0.8188237,0.8826292,0.270541,0.6544426,0.5572304,0.203338,0.7153598,0.498014,0.1092508,0.7757112,0.5076688,0.1047636,0.8694032,0.8437576,0.1274882,0.7690862,0.5894522,0.133627,0.8269474,0.4364026,0.1882764,0.8488386,0.3910916,0.2593726,0.874327,0.866828,0.1223906,0.8055374,0.4587272,0.3939968,0.1055182,0.3839412,0.4766692,0.1543686,0.8916954,0.3594146,0.2741276,0.8865378,0.8771118,0.1059728,0.3578741,0.4251572,0.1374422,0.8860276,0.557274,0.1705352
0.7875742,0.4778084,0.1227052,0.8385622,0.407839,0.1802164,0.8182488,0.418824,0.131383,0.826822,0.4943056,0.1824078,0.777231,0.4206754,0.1086828,0.755227,0.4486464,0.126791,0.8100758,0.3408398,0.1862744,0.745818,0.4718294,0.2773514,0.7142306,0.4642817,0.1444158,0.8926702,0.4401874,0.2731634,0.881141,0.8699816,0.1232186,0.6776638,0.4788162,0.1483882,0.7608784,0.4924402,0.1326904,0.7861674,0.816112,0.1625706,0.836861,0.4323106,0.1117116,0.8173561,0.885905,0.2708628,0.6563852,0.5572854,0.2035232,0.719591,0.494054,0.108728,0.7729614,0.5108572,0.1041044,0.8770772,0.8479354,0.1270422,0.7701758,0.5926822,0.134371,0.8171034,0.4344912,0.1882006,0.8651556,0.3962504,0.2614818,0.8772496,0.8641634,0.1210156,0.8072414,0.4555992,0.3913336,0.1063706,0.3756,0.4767526,0.1526946,0.889178,0.3640972,0.2744002,0.8863424,0.8771714,0.1051218,0.3518735,0.42308,0.1391904,0.8781956,0.5616792,0.1703284
0.7887162,0.4768624,0.1215476,0.8543652,0.4052188,0.181819,0.838699,0.4208532,0.1340447,0.82271,0.492203,0.1811078,0.7743878,0.4228798,0.1084538,0.7690556,0.448076,0.1282662,0.804391,0.340302,0.1875596,0.736739,0.4720966,0.2753544,0.7116696,0.4620412,0.144908,0.8945464,0.4433374,0.2739384,0.860778,0.8704154,0.1229594,0.6689272,0.4793986,0.1486826,0.7493864,0.4961432,0.1325684,0.778471,0.8088556,0.1606846,0.8408694,0.4285142,0.1105648,0.8284014,0.8813872,0.2714502,0.6514284,0.5551726,0.1999556,0.7209482,0.4994334,0.1099932,0.7675068,0.5055752,0.1041718,0.8720284,0.848499,0.124436,0.7738129,0.5877284,0.1341562,0.8197148,0.4412396,0.188468,0.8514516,0.3974068,0.2649398,0.8722592,0.8623204,0.1205172,0.814042,0.4548372,0.3887698,0.106553,0.371368,0.4771072,0.1515548,0.8885998,0.3651704,0.273179,0.8692672,0.8764592,0.1062464,0.351526,0.4275754,0.1377148,0.881879,0.5653536,0.1706956
0.7794864,0.4761726,0.121236,0.8599616,0.4040394,0.1804688,0.8353942,0.421731,0.1331161,0.8347528,0.4912322,0.181225,0.7717454,0.4205984,0.1074278,0.7645908,0.4497152,0.1273772,0.8002862,0.3399194,0.1892274,0.7413218,0.4746266,0.2777768,0.7136316,0.4585118,0.1471962,0.8834964,0.4516942,0.2741016,0.8763378,0.8737138,0.122163,0.6675194,0.4762588,0.1501292,0.7435674,0.4950726,0.1326088,0.7871224,0.8028304,0.1620058,0.840422,0.427088,0.111637,0.8339372,0.882622,0.2715464,0.6485858,0.556474,0.1983974,0.734327,0.4963432,0.1088496,0.7657284,0.5097506,0.105363,0.8810342,0.8591858,0.1260076,0.7640907,0.5866758,0.1337344,0.8317698,0.4434794,0.1886116,0.8573496,0.4018434,0.2635646,0.8881414,0.8580276,0.120512,0.8207514,0.4522534,0.3904464,0.1068866,0.3770564,0.479162,0.1519764,0.8903604,0.3661766,0.272672,0.868791,0.8732144,0.1098607,0.3535012,0.4270586,0.1387178,0.876691,0.5643556,0.1718376
0.7967636,0.475859,0.1197752,0.859602,0.4054716,0.1814184,0.8303252,0.4206308,0.1315831,0.831581,0.486022,0.1813216,0.779888,0.4193634,0.106614,0.7591864,0.4557666,0.128639,0.8008854,0.3383502,0.1912832,0.7463276,0.4735344,0.279163,0.7022682,0.453282,0.146836,0.8918746,0.4540344,0.2729154,0.8811516,0.8718118,0.1224154,0.6590892,0.4757168,0.1496726,0.7478168,0.4962932,0.1319274,0.7926136,0.8062242,0.1631102,0.8412438,0.4312314,0.1111864,0.8212058,0.8839972,0.2678822,0.6558452,0.553804,0.1986138,0.7298968,0.4976902,0.10845,0.767529,0.5172312,0.1051684,0.8736108,0.8609284,0.1265934,0.7596645,0.5794062,0.1340486,0.8204362,0.442256,0.1874692,0.8566008,0.4013794,0.2650438,0.8847286,0.8518154,0.1188542,0.8114314,0.4500048,0.390071,0.1066294,0.3825144,0.4811754,0.1510114,0.8933984,0.3652924,0.2729342,0.8629114,0.8663196,0.1077477,0.348717,0.4221186,0.1375432,0.8805462,0.5607092,0.1690654
0.8055146,0.471063,0.1196072,0.869281,0.4017872,0.1817078,0.835379,0.423566,0.1301553,0.8284844,0.4871656,0.1812326,0.7705972,0.420999,0.1064962,0.7709698,0.4522502,0.1279066,0.7887312,0.3358804,0.1906634,0.7356562,0.4743142,0.2600422,0.702736,0.4545138,0.1473272,0.8862718,0.4559372,0.2735334,0.87368,0.8695512,0.1220466,0.6685424,0.4775768,0.1486234,0.7358752,0.4990866,0.1319032,0.8003028,0.804227,0.1624704,0.8426628,0.4321638,0.1101128,0.815608,0.880056,0.270757,0.6595916,0.5518888,0.1983108,0.727485,0.5009032,0.1101238,0.76119,0.51343,0.1058492,0.8616486,0.857835,0.1260808,0.7515825,0.5808264,0.1349462,0.8184584,0.4397828,0.1886918,0.8544764,0.4002366,0.267514,0.8872124,0.857262,0.1186904,0.8156164,0.4503346,0.392793,0.1060476,0.379283,0.481027,0.1502696,0.8492676,0.3670848,0.2712996,0.8716688,0.8670178,0.1094525,0.352205,0.4271894,0.135331,0.8903924,0.5575224,0.1682358
0.792801,0.4717756,0.120329,0.8793776,0.4047942,0.1814622,0.838051,0.4226716,0.1301411,0.827441,0.4846018,0.1834614,0.7772974,0.422622,0.1064766,0.7776206,0.4529666,0.1270328,0.78898,0.3357474,0.1901544,0.7382392,0.473484,0.264599,0.7090312,0.4482073,0.1475052,0.8957976,0.455469,0.2753334,0.8428566,0.8698168,0.121591,0.66742,0.4741072,0.1489862,0.7491982,0.505846,0.1309988,0.7962594,0.8063096,0.1626904,0.8434082,0.4325142,0.1102108,0.828173,0.8814422,0.2712046,0.6590676,0.5463318,0.199505,0.7275436,0.499017,0.1091986,0.760435,0.5120434,0.1051998,0.8749722,0.8583668,0.1278742,0.7623655,0.5793238,0.1337122,0.8240326,0.4400876,0.1887768,0.8566964,0.4013516,0.2669874,0.8789766,0.8646814,0.1183262,0.7955552,0.4475006,0.3911324,0.1064668,0.3760256,0.480707,0.150471,0.854782,0.3703638,0.2702468,0.8676892,0.8723132,0.1081097,0.3503028,0.4271872,0.1354624,0.8800332,0.556906,0.1687178
0.7923702,0.4719604,0.1191106,0.869032,0.4014434,0.182158,0.8328362,0.4271822,0.1292613,0.8239598,0.4836532,0.184575,0.7736826,0.4255442,0.1065744,0.7759154,0.4539608,0.1256988,0.7940012,0.336299,0.1918066,0.7354416,0.4706354,0.2692628,0.7063658,0.4523153,0.146312,0.8848942,0.4498168,0.272936,0.835557,0.8726824,0.1209064,0.6612446,0.4739968,0.1488546,0.7448576,0.5071294,0.130927,0.8002312,0.8044082,0.1622214,0.8338598,0.4339136,0.1097598,0.822548,0.8839848,0.2716404,0.6605432,0.5425458,0.2009496,0.7240834,0.4955938,0.1100458,0.7610024,0.5132928,0.1056796,0.8746736,0.8506466,0.1278956,0.7568749,0.5748008,0.133002,0.806477,0.4397288,0.189113,0.868446,0.3999586,0.2687604,0.8779924,0.8609452,0.1180032,0.8028506,0.4421974,0.3925642,0.106479,0.3797118,0.474057,0.150108,0.8582828,0.3692828,0.2734398,0.8689168,0.8765674,0.1082439,0.353082,0.430176,0.1366048,0.8768924,0.560726,0.1699442
0.8017046,0.4738444,0.1172464,0.8856236,0.4045756,0.1827426,0.8333418,0.4239628,0.1302795,0.8287588,0.484893,0.1843652,0.7718252,0.4301664,0.1065984,0.7658148,0.4465916,0.1260928,0.7971386,0.3319654,0.1930018,0.7417092,0.4681416,0.2695108,0.7147146,0.4483801,0.1453296,0.8779728,0.4456862,0.273059,0.856187,0.8700184,0.1212466,0.6630324,0.469698,0.1488342,0.755,0.5058256,0.1289862,0.785948,0.8117792,0.163039,0.8362024,0.4304542,0.1098354,0.829957,0.8847912,0.2709398,0.6450246,0.5399688,0.2001506,0.715351,0.4952684,0.110062,0.765561,0.5104816,0.1068198,0.8749386,0.8574758,0.127356,0.7637425,0.5689848,0.1322284,0.8357136,0.4384858,0.1883036,0.8660872,0.3964398,0.2703172,0.8863666,0.857924,0.1177466,0.8094248,0.4420356,0.3945736,0.1063752,0.3779438,0.4718112,0.1496836,0.8697038,0.365158,0.2724542,0.8642706,0.87711,0.1075429,0.3547704,0.4289872,0.1364978,0.8861858,0.5542638,0.1689958
0.809098,0.475501,0.1172596,0.8912586,0.402159,0.1830156,0.8284838,0.4281206,0.1294353,0.8281352,0.4808624,0.182546,0.7741178,0.4338332,0.1046992,0.7666522,0.4490144,0.1263422,0.7969724,0.3314056,0.1918648,0.7440494,0.4674828,0.273023,0.7089038,0.4483697,0.1439374,0.8817714,0.4492826,0.2741812,0.8604524,0.870551,0.1218386,0.6674394,0.468382,0.1491058,0.748235,0.501834,0.1285532,0.7973074,0.8123444,0.1610854,0.8302064,0.42939,0.109938,0.8334622,0.8818682,0.2700356,0.6418624,0.5453704,0.2012562,0.7286742,0.495426,0.1102766,0.7737918,0.5121304,0.1074668,0.8760134,0.8522896,0.127456,0.7536441,0.5706004,0.1330454,0.8226562,0.435385,0.1872872,0.8641016,0.3969274,0.2714012,0.8938874,0.8605384,0.118602,0.8107002,0.4388218,0.392474,0.105864,0.3766608,0.4751486,0.1494796,0.8694274,0.3677974,0.2736204,0.8642464,0.8687628,0.1064461,0.3530304,0.4303136,0.136393,0.878391,0.5543504,0.1697502
0.8081256,0.477502,0.11394,0.8726906,0.4014204,0.1820968,0.8278046,0.4333924,0.1298493,0.8251362,0.47682,0.1797448,0.7728658,0.4359096,0.1040984,0.7695242,0.4507968,0.1263466,0.805392,0.3304752,0.1913462,0.736512,0.4690038,0.2754728,0.7082878,0.4457542,0.1438696,0.8953366,0.4499922,0.2750136,0.884152,0.8697206,0.1212048,0.6676334,0.4722724,0.1501148,0.7501306,0.4985196,0.128139,0.8118098,0.8126314,0.1591194,0.8312218,0.4296074,0.1088846,0.834714,0.8795622,0.2707328,0.650793,0.547007,0.2011026,0.7441617,0.4907588,0.1107938,0.7824436,0.5142766,0.1074998,0.8731948,0.856275,0.1265052,0.7497539,0.5706822,0.1333416,0.8218516,0.4347036,0.1884288,0.8555682,0.3935916,0.2690724,0.9007218,0.8588692,0.1192266,0.8043234,0.4385922,0.3899254,0.1052806,0.3883832,0.476385,0.150304,0.8732114,0.3654764,0.274704,0.8535236,0.8701076,0.1080166,0.354599,0.4303148,0.1343768,0.8780474,0.554927,0.1688056
0.8114872,0.481035,0.1143412,0.8661202,0.4011192,0.182112,0.8206414,0.4347488,0.130346,0.8231522,0.4766188,0.1790398,0.7709718,0.4378022,0.1036986,0.7679464,0.450933,0.1266038,0.8074634,0.3304568,0.1910716,0.7388542,0.4729052,0.2780326,0.7051472,0.4444966,0.14384,0.8854456,0.4467696,0.2734934,0.8958016,0.8712972,0.1209062,0.6679114,0.4704304,0.149936,0.7488152,0.4994858,0.1282916,0.8136366,0.800362,0.1578548,0.8361442,0.4250408,0.1073358,0.819114,0.8780844,0.2691638,0.6379338,0.549241,0.2018306,0.7444177,0.4909096,0.1101632,0.768915,0.5237534,0.1082666,0.870906,0.859713,0.1269448,0.7536683,0.5685592,0.1317016,0.8170854,0.437261,0.1881222,0.8525444,0.3937668,0.2727618,0.900018,0.8566308,0.1195932,0.811035,0.4405126,0.392557,0.1052376,0.383324,0.4722902,0.1510254,0.8724148,0.3637874,0.2743666,0.8654224,0.8727978,0.1083796,0.3538334,0.4303798,0.133496,0.8763574,0.5504738,0.1700174
0.8102594,0.4790316,0.1140666,0.8741168,0.3989312,0.1817948,0.8268178,0.4387312,0.1297024,0.8267346,0.4712054,0.180067,0.7676764,0.4419728,0.1048284,0.7620814,0.4525166,0.1268228,0.8014116,0.330066,0.1919858,0.7360736,0.4750974,0.2746246,0.7124326,0.4431298,0.1439298,0.8818298,0.4482614,0.2749184,0.8908062,0.8731538,0.120216,0.6563778,0.4712322,0.1472872,0.7476928,0.4956774,0.1277344,0.811074,0.7967764,0.1581732,0.8538496,0.4198662,0.107246,0.8329424,0.8728832,0.2715832,0.6382188,0.5475002,0.1992284,0.7554199,0.4900448,0.1092174,0.768066,0.5210286,0.1090318,0.8609346,0.857275,0.1296622,0.7660268,0.5681672,0.130322,0.8189964,0.4360162,0.1897508,0.8498266,0.3941816,0.27259,0.8909242,0.8578596,0.1230846,0.8052376,0.439374,0.3939978,0.104287,0.3829462,0.46816,0.150366,0.8742392,0.3630332,0.2750676,0.8766306,0.8773822,0.1080034,0.3530444,0.4328336,0.1330002,0.8829978,0.5519198,0.1697826
0.7976508,0.4753262,0.1181428,0.8714842,0.4011648,0.1815648,0.8209284,0.4404124,0.1292532,0.8270764,0.4706086,0.179305,0.7813002,0.4428168,0.1041806,0.7518414,0.4525288,0.1245608,0.7819752,0.3285506,0.1916924,0.7316322,0.4764056,0.2734562,0.7063608,0.4421426,0.1439688,0.8980938,0.4454322,0.2736812,0.8811454,0.8723136,0.1214252,0.6499842,0.4754974,0.1472742,0.7419808,0.4965068,0.1272772,0.8104358,0.7998136,0.1565986,0.8425184,0.4210252,0.1081528,0.8202816,0.8742632,0.2702238,0.650033,0.549113,0.1993924,0.7610103,0.4929194,0.1093426,0.7641118,0.5243972,0.109369,0.8647626,0.8568816,0.1281664,0.7494274,0.5661122,0.1299814,0.8160882,0.435761,0.1882994,0.8517848,0.3924326,0.272592,0.8922962,0.8594168,0.119693,0.8007326,0.442147,0.3975108,0.1031798,0.3808193,0.4692858,0.149902,0.8831002,0.3629206,0.2743612,0.8649534,0.879404,0.1082838,0.3555502,0.4319008,0.1321962,0.8851402,0.5495784,0.1679934
0.7987536,0.47201,0.1173352,0.8702146,0.399992,0.1809354,0.8298112,0.4405506,0.1295352,0.8239814,0.4679846,0.1769734,0.7817728,0.442273,0.1088138,0.754169,0.453301,0.1253636,0.7909452,0.3293504,0.1919672,0.740066,0.4773926,0.274457,0.711744,0.4413234,0.1431064,0.8826818,0.4456468,0.2728428,0.8811946,0.8673236,0.1212286,0.647109,0.4780354,0.1471282,0.7307568,0.4916024,0.1261194,0.8119232,0.8008756,0.1563992,0.8380838,0.418655,0.1072468,0.8309848,0.8776896,0.2587876,0.6503476,0.5441436,0.1994724,0.7575049,0.4951496,0.1080108,0.7673234,0.523782,0.1083274,0.8754762,0.861683,0.1288758,0.7470608,0.5671684,0.1303382,0.8272474,0.4344528,0.1880438,0.8449468,0.3978816,0.2722996,0.8900074,0.8572936,0.118758,0.794005,0.441745,0.393866,0.1026872,0.3847989,0.4681312,0.1478166,0.8813088,0.3626418,0.2737132,0.8696972,0.8792278,0.1098776,0.3509372,0.4307218,0.1335214,0.869557,0.5503552,0.1666542
