0,1,2,3,4,5,6,7,8,9,10,11,12,13,14,15,16,17,18,19,20,21,22,23,24,25,26,27,28,29,30,31,32,33,34,35,36,37,38,39,40,41,42,43,44,45,46,47,48,49,50,51,52,53,54,55,56,57,58,59,60,61
-0.0105628,-0.0011789,0.0035764,-0.0114187333333,-0.0130315333333,-0.000182933333333,0.0126451,0.0067769,0.000676366666667,-0.0050244,-0.0058142,-0.00905026666667,-0.0010818,-0.0004675,0.0092683,0.0090265,0.0040545,0.006574,-0.001904,-0.0021412,-0.0012294,-0.00177936666667,-0.0001232,-0.0066241,0.0030357,-0.00919473333333,0.0018842,-0.0030154,0.0028035,0.0003675,0.0072571,0.0028561,0.00557423333333,-0.00621546666667,-0.0027034,-0.0029752,-0.0026178,0.00249586666667,0.01225275,0.001205,-0.0042778,0.0032702,0.0006733,0.000471,0.0103505,-0.0063269,0.0023033,-0.0060636,-0.0054314,0.0037337,-0.0006997,-0.0001168,0.0135379,0.00205113333333,-0.0025271,0.0051964,0.0034962,-0.00195563333333,0.0071963,0.0024942,0.00481843333333,-0.00548006666667
0.0077745,0.00977,0.0137207,0.0052526,0.0032354,0.0123239333333,0.0252043,0.0107778,0.0143135666667,0.0106518,0.008615,0.00388963333333,0.0148089,0.0066332,0.0168888,0.0177504666667,0.0161674,0.017869,0.00776493333333,0.0075223,0.0130053,0.0093823,0.0158716,0.0101186,0.0128775,0.00591916666667,0.0144436,0.0129396,0.0155621,0.010757,0.0138165,0.0160608666667,0.0133721333333,0.00916583333333,0.0096192,0.00997083333333,0.0127494,0.0176067666667,0.0189066666667,0.0168764,0.0063698,0.0162921,0.0103751,0.0083723,0.019048,0.0045173,0.0126980666667,0.0040482,0.0066282,0.0174901,0.0160731,0.0096575,0.0244919,0.0123264333333,0.0085736,0.0219002,0.0169463,0.0101392666667,0.0182831,0.0148825,0.0140222666667,0.00849553333333
0.016865,0.0166651,0.0268102,0.0117227,0.0104571,0.0176988,0.0334421,0.0191202,0.0201390666667,0.0229427,0.0191813,0.0149568,0.0242763,0.0197838,0.0287619,0.0259007666667,0.0243236,0.0257655,0.0178521666667,0.0186625,0.0249412,0.0204964,0.0260788,0.0210756,0.0212189,0.0195181333333,0.0221014666667,0.02631,0.0239295,0.0189551,0.0246608333333,0.0253797,0.0211520333333,0.0210190333333,0.0167592,0.0152871333333,0.0193813,0.0231602666667,0.0249489666667,0.0237571,0.018592,0.0291986,0.0175056,0.0177531,0.0280917,0.0148216,0.0198985,0.0135589,0.0157221,0.0240687,0.0209679,0.0189541,0.0325003,0.0238026333333,0.0222529,0.0231246,0.0248747,0.0168136666667,0.0252823,0.023431,0.0272081666667,0.0129318333333
0.0234595,0.019239,0.03415,0.0198295,0.0215906,0.0278339,0.0390366,0.0292895,0.0251645,0.032153,0.0276906333333,0.0220524,0.0309045,0.0283326,0.0371109,0.0333134333333,0.0320973,0.0297668,0.0273035666667,0.0270774,0.0349723,0.0306665666667,0.0323426,0.0291042,0.0268306,0.0253480333333,0.0268707666667,0.032141,0.031386,0.0260648,0.0351432333333,0.0320128,0.0286986333333,0.0280053,0.0201491,0.0192444333333,0.0242171,0.0323674,0.0310789,0.0279561,0.0262022,0.0378297,0.0241104,0.0254405,0.0375071,0.0240692,0.0274897,0.0240307,0.0196842,0.0321106,0.0244852,0.0288292,0.0368541,0.0324016333333,0.0246842,0.029421,0.0307671,0.0237359666667,0.031349,0.03014,0.0298406333333,0.0213863333333
0.0285742,0.0244796,0.0373435,0.0278459,0.0268459,0.0294763,0.0438258,0.0379492,0.0313165,0.0398951,0.030397,0.0266973,0.0361866,0.0333475,0.0418223,0.0415943333333,0.0390392,0.0379279,0.0310476,0.0319689,0.0422272,0.0402571666667,0.0440512,0.0315451,0.0361104,0.0320854,0.0289886666667,0.0358496,0.0390615,0.028723,0.0402283,0.0361681,0.0310886333333,0.0330723,0.026141,0.0280151333333,0.0290435,0.0408933,0.0377392,0.0310437,0.0349094,0.0480672,0.0291831,0.0334583,0.0427489,0.0321182,0.0324339,0.0264723,0.0229904,0.0393266,0.0339772,0.0316581,0.046177,0.0395875,0.0308218,0.0327717,0.0362039,0.0299560333333,0.0358348,0.0348833,0.0325229,0.0261772333333
0.0353698,0.0297486,0.0410856,0.03595,0.0343755,0.0362832,0.051069,0.0458263,0.038719,0.0484979,0.0340726,0.0311654,0.0417776,0.0401001,0.0474968,0.0457857333333,0.0422764,0.0357767,0.0368906333333,0.0332328,0.0493871,0.0457619333333,0.0512341,0.0370021,0.0409898,0.0394147,0.0362618666667,0.0374705,0.0463393,0.034471,0.04321,0.0414769,0.0342679333333,0.0398264,0.0308924,0.0314777333333,0.0311205,0.0459683,0.0449763,0.0386525,0.0442286,0.0539616,0.0349523,0.0354065,0.0501575,0.0351242,0.042327,0.0320027333333,0.0337438,0.0449267,0.0378237,0.0358075,0.0533256,0.0447948,0.0331704,0.0351374,0.0464715,0.033633,0.0392902,0.0415888,0.0395729,0.0326471
0.0403542,0.0343663,0.0427485,0.039361,0.0395898,0.0419544,0.0574092,0.0529733,0.046604,0.0545399,0.0388673,0.0361179,0.0452807,0.0445119,0.0523786,0.0544161666667,0.0457588,0.0409049,0.0431673,0.0364334,0.0528552,0.0501519333333,0.0560716,0.0447259,0.0461327,0.0425822,0.0403934666667,0.0423644,0.0548505,0.0403882,0.0489186,0.0481644,0.0399708333333,0.0437542,0.0333316,0.0329731333333,0.0356904,0.0506161,0.0484134,0.0452954,0.0499501,0.059265,0.0408705,0.0428761,0.0603495,0.0409426,0.0424996,0.0348948,0.0389718,0.0494756,0.0403569,0.0372589,0.0590284,0.048806,0.0356612,0.0400759,0.0526884,0.0380756,0.0472,0.047294,0.0424518,0.0363009
0.0465325,0.0416077,0.0474344,0.0431814,0.0449044,0.0411942,0.0656097,0.0604399,0.0468945,0.059282,0.0424461,0.0429551,0.052923,0.0506785,0.0566325,0.0690926666667,0.0490773,0.0468027,0.0465692333333,0.0393166,0.0611202,0.0576471333333,0.0592106,0.0502446,0.0506103,0.0458568,0.0477620666667,0.0540119,0.0623113,0.0416879,0.0535557,0.0548709,0.0392208333333,0.0461437,0.0422809,0.0394661333333,0.0420841,0.0591909,0.0487658,0.0501087,0.0561406,0.0674891,0.0454165,0.0446404,0.0625123,0.0451244,0.0451611,0.0391156,0.0505152,0.054898,0.0445143,0.037233,0.0635232,0.0505352,0.0372934,0.0472480333333,0.0583848,0.0383149,0.0541328,0.0512934,0.0436455,0.0444455666667
0.0535255,0.0425396,0.0521074,0.0502479,0.0513119,0.0458936,0.069537,0.0690632,0.0486061,0.0657912,0.0444723,0.0457565,0.0569622,0.0549904,0.0603997,0.0866394,0.0525001,0.0540828,0.0527611333333,0.0400115,0.0667917,0.0606683333333,0.065607,0.0532301,0.0543613,0.0492188,0.0524778666667,0.0610043,0.0725438666667,0.0500369,0.0576049,0.060048,0.0415612,0.0551679,0.0472457,0.0439939333333,0.048841,0.0663438,0.054712,0.0571055,0.0596922,0.0749767,0.0522391,0.0509137,0.0703286,0.0514454,0.0528626,0.0449954,0.0513967,0.0600766,0.0479367,0.0404916,0.0664778,0.0556282,0.0437823,0.0537973333333,0.0672194,0.0434835,0.058706,0.057825,0.0444232,0.0522791
0.0598827,0.0430358,0.05748,0.0559727,0.0614179,0.0515246,0.073073,0.0775902,0.0533534,0.0731334,0.0493848,0.0526327,0.0601259,0.060957,0.0629901,0.1029823,0.054889,0.059076,0.0576348,0.0413238,0.0702296,0.0665289333333,0.0719216,0.0603089,0.0608465,0.0561525,0.0576313,0.0650492,0.0760744,0.0556949,0.0602474,0.0688083,0.0450076,0.0644251,0.0540273,0.0494446666667,0.0519633,0.0715448,0.058118,0.0624041,0.0633118,0.0854977,0.0565838,0.0559468,0.0778605,0.0574834,0.0549992,0.0515018,0.0540609,0.0666604,0.0531425,0.0454916,0.0708864,0.0634716,0.0488763,0.0589500333333,0.0792657,0.0472291,0.0614442,0.066615,0.044491,0.0556952
0.0752216,0.0477586,0.0611056,0.0616868,0.0694027,0.0560696,0.0785738,0.0885622,0.0535043,0.075298,0.05344,0.0572655,0.0641621,0.0652106,0.0696985,0.1150744,0.0560898,0.0605526,0.0653561,0.0483758,0.0873271,0.0740417333333,0.0776516,0.0657088,0.068377,0.0601595,0.0630524,0.0740726,0.0845816,0.0642552,0.0680247,0.0760789,0.0460364,0.0718149,0.0597205,0.0529212666667,0.0607287,0.0765995,0.0624188,0.0677181,0.0706949,0.0947897,0.060296,0.0601088,0.0827035,0.0632818,0.0590989,0.0577816,0.0635063,0.0720589,0.0537939,0.0513092,0.0803951,0.0693174,0.0550207,0.0645071333333,0.0925537,0.052599,0.0663176,0.0721175,0.0480624,0.0599624
0.0860342,0.0523752,0.0686522,0.0634682,0.0756384,0.0573114,0.0853522,0.0953058,0.0584241,0.0814111,0.0579299,0.0632142,0.0671721,0.0659526,0.0722164,0.1323846,0.0597626,0.0674533,0.0662508,0.0510322,0.0988673,0.0822851333333,0.0823836,0.0663188,0.071561,0.0636791,0.0689621,0.0812966,0.0934994,0.066893,0.0737582,0.0857116,0.0484034,0.0705823,0.0669121,0.0522774,0.0645825,0.0830599,0.0664713,0.0702547,0.0725525,0.102933933333,0.0609696,0.0690480666667,0.089868,0.070395,0.0669034,0.0640489,0.0733658,0.0763569,0.0587538,0.0543841,0.0878961,0.0757486,0.0603026,0.0801501,0.1036427,0.0554002,0.0725368,0.0795748,0.0506056,0.0663126
0.0959594,0.0590514,0.0732708,0.06782,0.083303,0.0626352,0.0875266,0.1079058,0.0594469,0.0840166,0.0581522,0.0689026,0.0719549,0.0665522,0.074566,0.1551058,0.0644104,0.072977,0.0695048,0.0537831,0.1068969,0.0859705333333,0.0904354,0.0718867,0.0774858,0.0669201,0.0739207666667,0.0845123,0.1000302,0.0732966,0.0775086,0.0960254,0.0517357,0.0826435,0.076716,0.0574858,0.0650711,0.0878085,0.0723635,0.0762473,0.0800711,0.1139884,0.0665308,0.0747143666667,0.0972224,0.0779232,0.0741524,0.0722021,0.0811292,0.0783867,0.064003,0.061298,0.0927512,0.0813934,0.0678056,0.0889841,0.117745,0.0595118,0.0763872,0.085937,0.0544088,0.0723004
0.1018575,0.0657666,0.0742688,0.0739296,0.0956456,0.068494,0.0942478,0.1170648,0.0653747,0.0857898,0.0580409,0.0775536,0.0757092,0.0714124,0.079234,0.1685637,0.0688404,0.0771788,0.0738418,0.0578548,0.1145124,0.0934537666667,0.0953318,0.0788352,0.0803716,0.0683787,0.0806839666667,0.0903007,0.1155296,0.0785352,0.0849843,0.1157231,0.0603179,0.0929144,0.0788867,0.0605042,0.0716695,0.0963275,0.0767455,0.0812151,0.084498,0.1210683,0.0707988,0.0826930666667,0.11184,0.0860438,0.0870162,0.081306,0.0890642,0.0887819,0.0675344,0.064537,0.099792,0.0891244,0.0757248,0.0938271,0.127788,0.0631656,0.080308,0.0971694,0.0578643,0.0755884
0.1102141,0.0721804,0.0780344,0.0786638,0.1023924,0.0708432666667,0.0997154,0.1261704,0.0713529,0.0935397,0.0612124,0.0849049,0.0764727,0.073344,0.0850134,0.1831891,0.0723924,0.0817534,0.0791338,0.0606545,0.1250542,0.0999419666667,0.1035442,0.0860216,0.0844373,0.0758675,0.0837942333333,0.0973146,0.129818,0.081531,0.0918351,0.1359998,0.0634199,0.1027046,0.0811337,0.0653422,0.0777105,0.1021956,0.0793041,0.0829032,0.087953,0.1301556,0.0715123,0.0840626666667,0.122326633333,0.089776,0.0939677,0.0917372,0.0943326,0.0966709,0.0724081,0.06905,0.1082514,0.0911334,0.0828095,0.1036561,0.1460985,0.068839,0.0866418,0.1067918,0.0600077,0.0824288
0.1205441,0.0770372,0.0858776,0.081307,0.1145558,0.0767854,0.1089945,0.1375566,0.076028,0.1016908,0.0671788,0.0915383,0.0830423,0.0782408,0.0857921,0.1953429,0.0740254,0.089179,0.0853942,0.0591003,0.135114,0.1082465,0.111773,0.0922602,0.0879656,0.0776899,0.0903273,0.1084356,0.1397372,0.0837556,0.1011437,0.1493536,0.0679969,0.1141538,0.0890193,0.0706226,0.0804939,0.10844,0.085219,0.0847258,0.0917452,0.137493,0.074389,0.088412,0.1323933,0.0914868,0.1032879,0.103308,0.1022506,0.1009857,0.0785315,0.073433,0.1139624,0.1009288,0.0890733,0.1156399,0.1668792,0.0712134,0.0974752,0.1202796,0.0643813,0.0895768
0.1314516,0.0841751,0.086528,0.0893574,0.125852,0.0810288,0.1158903,0.1527088,0.0815508,0.1087345,0.0713374,0.1003448,0.0841181,0.0888786,0.0887243,0.2091024,0.081677,0.0977906,0.087467,0.0594129,0.145319,0.1104676,0.1139369,0.094839,0.091337,0.0784279,0.0953394,0.1162092,0.1553352,0.0930208,0.1035911,0.1603224,0.0698397,0.1257599,0.0959868,0.072752,0.0800681,0.1122642,0.0945424,0.089158,0.0957274,0.1427124,0.075784,0.0915705,0.1456341,0.1003284,0.1136523,0.1175344,0.1076642,0.1083067,0.0873749,0.0804788,0.122793,0.1078564,0.0915211,0.1272865,0.1860348,0.076511,0.103039,0.1329758,0.0687447,0.0941175
0.1437219,0.0892398,0.0898826,0.0932504,0.14031,0.0896968,0.1184077,0.163582,0.085171,0.1126834,0.0776718,0.1096464,0.0912488,0.090913,0.0952004,0.218334,0.0837056,0.1033765,0.0911254,0.0614855,0.1529208,0.1215818,0.1218016,0.0997452,0.0943374,0.0857567,0.0992254,0.126477,0.1654056,0.1028124,0.1131535,0.1789088,0.07478,0.1363343,0.1011556,0.077303,0.0832718,0.1174991,0.0981668,0.0965508,0.0999135,0.151534,0.0764453,0.0950079,0.159310833333,0.1070664,0.1237579,0.1258592,0.1112196,0.1181616,0.0946319,0.0835986,0.130678,0.1141246,0.0981074,0.1378142,0.2044176,0.082742,0.1113772,0.1442992,0.0772469,0.1048041
0.1509822,0.0939562,0.0950954,0.0974794,0.148293,0.0968398,0.1272565,0.1734992,0.0893084,0.1181054,0.0846962,0.1227738,0.0981468,0.095925,0.0997923,0.2357126,0.087326,0.1110918,0.0967094,0.0615889,0.1610968,0.1311878,0.1267434,0.1043443,0.0955868,0.0919883,0.1065982,0.1414889,0.1807734,0.1116765,0.1195488,0.2001641,0.0798533,0.1467298,0.112208,0.078258,0.0859702,0.1194206,0.1034319,0.097792,0.1021129,0.1612506,0.0790867,0.0973484,0.175924733333,0.1165612,0.1360263,0.1388048,0.1164399,0.1295392,0.0999479,0.087065,0.1369078,0.1213979,0.1043998,0.1513412,0.2233676,0.091429,0.1193398,0.1578072,0.0782299,0.1145525
0.1582601,0.098032,0.1007066,0.1051932,0.1661734,0.1000914,0.1305401,0.1823424,0.0943212,0.1256298,0.0901678,0.1381314,0.0973058,0.098939,0.1017117,0.2450629,0.0912032,0.1214014,0.1004476,0.0669724,0.171117,0.1369444,0.133919,0.1145057,0.1019408,0.0979708,0.1153438,0.1540159,0.1899448,0.1230882,0.1287101,0.2270519,0.0825871,0.1576744,0.1248604,0.0807936,0.0881646,0.1256728,0.1062054,0.1053285,0.1116349,0.165820466667,0.0809999,0.0978492,0.1894613,0.1233606,0.1534921,0.1471542,0.1237213,0.140887,0.1100628,0.0921288,0.1441358,0.1225673,0.1120268,0.1562562,0.2503334,0.0940172,0.1338098,0.1775762,0.0809176,0.1250164
0.166412,0.1015982,0.1065294,0.1048894,0.1810392,0.1078826,0.1396731,0.193558,0.1000026,0.1272326,0.0995118,0.1423962,0.1028064,0.100102,0.109223,0.2529551,0.0944738,0.1298366,0.1073116,0.070043,0.1836952,0.1458312,0.1367025,0.1155229,0.1051734,0.1033568,0.121448,0.1598737,0.2021088,0.132855,0.1332587,0.2508244,0.0878206,0.1677842,0.1323684,0.087071,0.0906452,0.12988,0.1084325,0.1053902,0.1240843,0.168341066667,0.0849697,0.0979804,0.2079728,0.129647,0.1643147,0.1527372,0.1299087,0.1486892,0.1172357,0.095223,0.1489762,0.1264181,0.1170466,0.1676336,0.2717126,0.0993454,0.1391332,0.1906438,0.0875212,0.1313742
0.173552,0.1050984,0.1087979,0.1112984,0.1950686,0.1142986,0.1434246,0.2121406,0.1080742,0.1289366,0.1037408,0.1534162,0.1039496,0.1046348,0.1120488,0.2662303,0.098787,0.1414796,0.1091504,0.0724225,0.1951122,0.1539236,0.1412717,0.1217056,0.1120436,0.1096554,0.1262986,0.1722541,0.2146756,0.14028,0.141706,0.2629544,0.0901737,0.178955,0.140296,0.0886632,0.096787,0.1360154,0.1110206,0.1072556,0.1313587,0.1820472,0.0917663,0.1033176,0.217453,0.1403818,0.1772943,0.1653158,0.1356299,0.161504,0.1271882,0.0968948,0.1555562,0.1301839,0.1220218,0.1778542,0.2937406,0.1034497,0.1493408,0.2041954,0.0906946,0.13968125
0.1851284,0.106732,0.1129735,0.1174546,0.2010598,0.121546,0.1516066,0.2239548,0.114265,0.1349142,0.1071798,0.1689566,0.1079416,0.1102002,0.1197516,0.2782997,0.1021512,0.147777,0.1111278,0.0724615,0.2015778,0.1610496,0.1465637,0.1234417,0.1191954,0.1157658,0.1305508,0.1815732,0.2342996,0.1500412,0.1529904,0.2892298,0.0916547,0.1892716,0.1491318,0.0934248,0.099774,0.140011,0.116415,0.1109936,0.1401673,0.1904868,0.0947869,0.1093284,0.2361444,0.148299,0.1926225,0.1824456,0.1428418,0.1712752,0.1384232,0.1017036,0.159702,0.133667,0.1249756,0.1883922,0.3105222,0.1108432,0.154421,0.2170044,0.0964944,0.14580585
0.1952186,0.1111874,0.1190973,0.1239222,0.2083064,0.1285638,0.1583186,0.2321778,0.1210578,0.1432018,0.1123326,0.1849045,0.1129778,0.1124824,0.1267602,0.2958748,0.1067562,0.1581854,0.1156212,0.074867,0.2093498,0.1631437,0.154982,0.1291914,0.1282112,0.1236692,0.138531,0.1978098,0.2493674,0.1612364,0.1620916,0.3062392,0.0948871,0.2046456,0.1577442,0.0966948,0.1017208,0.1483382,0.1210486,0.114764,0.1448717,0.2010192,0.0973956,0.1144402,0.242802266667,0.155235,0.2009724,0.2034338,0.14962,0.1813432,0.14991,0.1067962,0.1631934,0.1379802,0.1316984,0.1961488,0.32981,0.1141202,0.1612978,0.2315438,0.1054328,0.1517281
0.207017,0.1185608,0.1230295,0.1260466,0.219502,0.1344948,0.1637896,0.239651,0.1229854,0.1466766,0.1174352,0.1970271,0.1184592,0.1173848,0.1310626,0.2996986,0.1068956,0.1648262,0.1202498,0.0748995,0.2198758,0.1693579,0.1610008,0.1361228,0.1415606,0.1287734,0.1409906,0.215057,0.2601512,0.167888,0.1726268,0.3204472,0.0979371,0.21397,0.1741998,0.1031992,0.1032732,0.1515226,0.1296062,0.1150592,0.1505559,0.20449,0.1042498,0.118267,0.257458766667,0.1654262,0.2085054,0.2143702,0.1556166,0.1887794,0.1610474,0.1131992,0.1716348,0.1438764,0.1347806,0.2009944,0.3381832,0.116891,0.1723218,0.2450454,0.1121604,0.1575985
0.2174314,0.1232496,0.1297106,0.1327848,0.225782,0.1409767,0.166929,0.2453616,0.1252252,0.145947,0.1232572,0.2125789,0.1238504,0.1194282,0.1369512,0.306546,0.1125808,0.1704078,0.1254924,0.0753819,0.2278712,0.1751823,0.1690812,0.1420112,0.148857,0.1364216,0.1429458,0.2280747,0.2722696,0.1784878,0.1798674,0.3362048,0.1040804,0.2263624,0.1837818,0.1045072,0.11026,0.1544722,0.1339493,0.1196472,0.1570401,0.2098535,0.1072924,0.1199628,0.269710866667,0.1772218,0.2246116,0.231779,0.159613,0.201859,0.1737296,0.1183118,0.18314,0.1479748,0.1409704,0.209563,0.3524334,0.1236316,0.1789442,0.2577562,0.1191165,0.1653175
0.2304268,0.1269763,0.1356716,0.1385692,0.2333296,0.1482609,0.1717416,0.254562,0.134395,0.1535962,0.1305978,0.2231027,0.126202,0.1226212,0.140928,0.3125012,0.1163364,0.1745886,0.1333252,0.0760583,0.2372716,0.1788865,0.174269,0.1486474,0.157817,0.1431466,0.1470414,0.2493004,0.283081,0.185905,0.1905012,0.3555202,0.1098946,0.2355756,0.1941732,0.1119202,0.1154836,0.159401,0.1398547,0.1172378,0.1659253,0.2167134,0.1113912,0.1242224,0.2822482,0.1883844,0.2325866,0.2464828,0.1644604,0.2089928,0.1863722,0.1253574,0.1845554,0.1516508,0.1485761,0.2140342,0.367241,0.1296242,0.1886362,0.277283,0.1222449,0.1701001
0.2431982,0.1324324,0.1433734,0.140194,0.2404084,0.1554945,0.1813616,0.2647286,0.1407448,0.1598806,0.133998,0.2380909,0.134124,0.125595,0.1439468,0.3152268,0.1255471,0.1865062,0.1373973,0.0790532,0.2432212,0.1873943,0.1849994,0.150937,0.1625944,0.150726,0.153682,0.2722312,0.295661,0.1941026,0.2032121,0.3705788,0.1146118,0.2472774,0.2050946,0.1189068,0.1155658,0.1666926,0.1468149,0.1218338,0.1747769,0.220456,0.118271,0.1251976,0.2911366,0.1926426,0.2465226,0.2589188,0.1713678,0.2189934,0.1984294,0.1280748,0.1944968,0.1611826,0.1527375,0.2143168,0.3745568,0.1387752,0.1998546,0.2929584,0.1276567,0.1756885
0.2466002,0.1374906,0.1445414,0.1409694,0.2484352,0.1608901,0.189181,0.2700692,0.1425306,0.1663682,0.1418282,0.2511011,0.1392138,0.1318388,0.148342,0.3200052,0.1298178,0.1921702,0.1428377,0.0806711,0.2464882,0.1970237,0.1958084,0.1568276,0.17623,0.1606158,0.161664,0.2911042,0.3029716,0.203029,0.2182071,0.3881332,0.114204,0.2540786,0.2138986,0.1226126,0.123567,0.1703386,0.1572897,0.1264716,0.1835637,0.225158,0.121703,0.1266598,0.3068474,0.2045383,0.2576596,0.269383,0.1787406,0.2295376,0.2115628,0.1303146,0.198827,0.1696662,0.1552693,0.2234744,0.382446,0.145902,0.2091828,0.3043432,0.1359753,0.1805487
0.2629736,0.1456906,0.1506872,0.1435694,0.256431,0.1661987,0.1992308,0.2792252,0.1399362,0.1724836,0.1461558,0.2612027,0.1403658,0.136829,0.149401,0.324381,0.1394578,0.1981222,0.1473935,0.0800195,0.2529968,0.2048719,0.2001612,0.1616258,0.1875632,0.1692434,0.1707116,0.3112418,0.3120266,0.2094322,0.2247463,0.400095,0.1208128,0.2591882,0.224277,0.1261358,0.1276048,0.1735562,0.1621959,0.132167,0.1923325,0.2247908,0.125412,0.1314934,0.31253,0.2166733,0.2684342,0.2787446,0.1877376,0.2351318,0.2230079,0.133794,0.2036833,0.1708724,0.1575663,0.2295704,0.3858118,0.151861,0.2208932,0.3150238,0.1424882,0.1849049
0.2724944,0.1472218,0.1591876,0.142986,0.2665166,0.1710017,0.2017488,0.2875504,0.1427242,0.173709,0.151793,0.2695306,0.1446714,0.1409688,0.150019,0.3258065,0.1457304,0.2013468,0.1485582,0.0797392,0.257886,0.2072377,0.2074848,0.1656804,0.201714,0.171084,0.1787196,0.3300198,0.318896,0.2139178,0.236341,0.415575,0.125739,0.268765,0.2303538,0.1305689,0.133111,0.1734734,0.1703529,0.1336464,0.202869,0.2289958,0.127655,0.135819,0.3177942,0.224775,0.2776906,0.287532,0.1959842,0.2355556,0.239536,0.1390372,0.2065975,0.174726,0.1606577,0.23858,0.3918618,0.1614518,0.2297048,0.3251884,0.1494685,0.1867834
0.2826944,0.1512806,0.1639686,0.1442798,0.2767864,0.1764589,0.2060378,0.2934722,0.144933,0.1784814,0.163305,0.2825616,0.1485352,0.1437454,0.1537016,0.3260157,0.1578922,0.207731,0.1504826,0.0810482,0.2626894,0.2108369,0.209931,0.169669,0.2128201,0.17561,0.1864268,0.3544352,0.3282038,0.2171182,0.2434578,0.4264492,0.1291076,0.2730824,0.2415686,0.1311785,0.134526,0.177801,0.1728946,0.1356648,0.2089878,0.2310818,0.1332576,0.1401686,0.3279356,0.23011,0.2866396,0.2938944,0.2043058,0.2430762,0.2578425,0.1428508,0.2171239,0.1811418,0.1667136,0.2430608,0.3984988,0.167894,0.236201,0.335072,0.1549533,0.1889584
0.2934436,0.1568524,0.171955,0.1467978,0.2834956,0.1783729,0.2158274,0.2993218,0.1470986,0.1884274,0.1728882,0.2932952,0.1534478,0.1469326,0.1550408,0.3303429,0.166367,0.21169,0.155463,0.0864748,0.2648134,0.2192525,0.2198434,0.1743158,0.229863,0.1826074,0.190957,0.3788596,0.3342466,0.2232498,0.2558438,0.432901,0.1356965,0.2733122,0.2489748,0.1357801,0.142289,0.1820682,0.1828539,0.1365642,0.2155172,0.2360032,0.1343908,0.143519,0.3378732,0.2387178,0.296078,0.2995304,0.2112916,0.2543684,0.2654291,0.1420958,0.2232651,0.1906532,0.1682454,0.2461838,0.4004424,0.1725316,0.241778,0.3423434,0.1602578,0.1976602
0.297444,0.1606084,0.1793396,0.1467456,0.2945724,0.1855166,0.2230642,0.3071904,0.1513248,0.19698,0.1801276,0.3063672,0.1548576,0.1516996,0.1612004,0.3327339,0.1778256,0.2106626,0.16029,0.0879182,0.2706578,0.2285717,0.2248934,0.1800622,0.2409623,0.1881514,0.1909782,0.3964972,0.3380126,0.2308664,0.2651188,0.4333814,0.1424928,0.281865,0.2606254,0.1407752,0.144277,0.1882602,0.1881903,0.1410602,0.2240876,0.239132,0.1364516,0.1468824,0.35107,0.244712,0.3032896,0.3021926,0.222095,0.2632776,0.2741256,0.14339,0.2254885,0.1916414,0.1714356,0.2453118,0.4027612,0.1771932,0.2482819,0.3466334,0.1670013,0.1977136
0.3034678,0.1660596,0.1905318,0.1496678,0.3087682,0.187513,0.2295488,0.3142988,0.152368,0.2027602,0.1918474,0.3219138,0.1599458,0.15416,0.1707706,0.3355944,0.187672,0.216889,0.1659344,0.0886668,0.2754998,0.2358379,0.2311774,0.1815916,0.2526747,0.1937972,0.1958916,0.4149214,0.3461092,0.2405378,0.2720628,0.444047,0.1441119,0.2868116,0.2675394,0.1445856,0.147239,0.1924632,0.1899041,0.1456334,0.2326706,0.246066,0.1413688,0.1465664,0.3675987,0.2547008,0.3101514,0.3077578,0.2263582,0.2665925,0.2826057,0.1509726,0.2340889,0.1964426,0.1745434,0.2501854,0.4062422,0.1838444,0.2483693,0.3532384,0.1789953,0.203038
0.3126474,0.17063,0.1995502,0.152654,0.3198424,0.1937668,0.2356926,0.3210652,0.1530295,0.2060984,0.2027886,0.3343266,0.163913,0.1577988,0.1722808,0.3333646,0.19935,0.2230662,0.1684776,0.0931414,0.2824468,0.2430665,0.2402762,0.1845753,0.2614729,0.1954772,0.205016,0.438686,0.3489058,0.2475698,0.2790294,0.4535596,0.1481371,0.2930872,0.269754,0.149446,0.1526192,0.1947592,0.1944385,0.1506069,0.2425976,0.2441172,0.1438244,0.1458298,0.3790909,0.2565742,0.3151574,0.3207132,0.2310222,0.2715322,0.2979645,0.1551432,0.2435254,0.2052712,0.1783776,0.254176,0.4070886,0.1914258,0.2557305,0.3600354,0.1873245,0.2070733
0.3178514,0.177819,0.205797,0.1554096,0.3248768,0.2014378,0.2390094,0.3282892,0.1558322,0.2133418,0.2128768,0.3435238,0.1673044,0.1632226,0.183094,0.3361614,0.2132534,0.2263008,0.1754395,0.0930614,0.2868738,0.2501409,0.2500276,0.1900569,0.2714971,0.2041786,0.210691,0.4505212,0.3462118,0.2600288,0.283694,0.4613376,0.1527603,0.295456,0.2799974,0.1531692,0.1582108,0.196565,0.201943,0.1548887,0.249559,0.2451508,0.148156,0.1490514,0.3870189,0.2644608,0.3267102,0.3201454,0.2364284,0.2778576,0.3091867,0.16097,0.2450701,0.2087546,0.1828236,0.2574034,0.4160218,0.197753,0.2563075,0.3667278,0.2004106,0.209703
0.323533,0.1845464,0.2112888,0.1566792,0.3348044,0.2058804,0.2436294,0.3322536,0.1571402,0.2126164,0.2172116,0.355818,0.1699344,0.1710852,0.1926008,0.3299439,0.2187048,0.2325796,0.1769482,0.0945106,0.2891318,0.250624,0.2546638,0.1961467,0.2788212,0.2050188,0.2195338,0.4669068,0.3525972,0.2719586,0.2929832,0.468339,0.1536891,0.297521,0.2869256,0.158079,0.1633274,0.200821,0.2055508,0.154419,0.2520452,0.2481174,0.149315,0.1500382,0.3941317,0.2719546,0.3301534,0.3236924,0.245981,0.2865262,0.3205107,0.1640018,0.248194,0.2157522,0.1863836,0.2612562,0.4194726,0.1971412,0.260611,0.3712696,0.2048488,0.2162926
0.3297774,0.1904014,0.2166016,0.1589768,0.3415876,0.2085858,0.2482486,0.335506,0.159216,0.2160362,0.226904,0.355091,0.1737282,0.1753582,0.1938486,0.3315867,0.2234304,0.2390682,0.1764856,0.0922438,0.293899,0.253861,0.2620434,0.1995855,0.2890281,0.2090646,0.229709,0.4712508,0.3590366,0.284212,0.2997598,0.4718214,0.1530724,0.302464,0.2878584,0.1659922,0.168382,0.2063314,0.2074056,0.1563162,0.25919,0.2487438,0.1505254,0.1527696,0.4011169,0.28006,0.3417472,0.3276464,0.2511458,0.2913562,0.3296159,0.1677028,0.2515094,0.2195278,0.1944554,0.2614288,0.4256494,0.2037506,0.2629712,0.3775264,0.2113392,0.2197222
0.335623,0.1989486,0.2270128,0.1608898,0.3492836,0.2085148,0.2548608,0.3404848,0.1625438,0.2185114,0.2357334,0.3619916,0.1723358,0.181547,0.1984028,0.3354703,0.2335258,0.2460222,0.179515,0.0945094,0.2991026,0.2587996,0.2656078,0.2009561,0.2921473,0.2171998,0.240076,0.4778934,0.3635352,0.2950824,0.3072092,0.4744324,0.1545012,0.3071348,0.2912806,0.1711358,0.1713296,0.2092462,0.2116544,0.156724,0.2702136,0.2516372,0.153841,0.1571724,0.4070944,0.2853588,0.3474336,0.3306878,0.2570936,0.2919262,0.3375452,0.1746856,0.253018,0.2229928,0.1964206,0.2630362,0.4329434,0.2139328,0.2604672,0.3847018,0.224165,0.2173288
0.3413072,0.2060696,0.2342402,0.1627078,0.355517,0.2100558,0.2579726,0.3428814,0.164931,0.2237564,0.2429744,0.366579,0.1751538,0.1850684,0.205992,0.3370453,0.2415456,0.249147,0.1841586,0.095645,0.304471,0.26083,0.2681008,0.2020565,0.3046683,0.2171502,0.2462122,0.482738,0.3662756,0.3109924,0.3133972,0.4780664,0.1595432,0.3091632,0.2923378,0.1726334,0.1755798,0.2099218,0.2203046,0.16226,0.2740526,0.2520012,0.1546152,0.1636198,0.416746,0.2924198,0.351575,0.3386458,0.2597366,0.301728,0.3485218,0.1784856,0.2563286,0.2282412,0.1981284,0.2675938,0.4365758,0.2218516,0.2603924,0.3906408,0.2269738,0.2195562
0.3450818,0.2185292,0.2385862,0.1649378,0.3622072,0.2123072,0.2588094,0.3422528,0.1655356,0.2234106,0.2560406,0.3690228,0.1758672,0.185245,0.2106926,0.3380861,0.2564952,0.2547396,0.1868592,0.0985312,0.3078422,0.2624024,0.2741962,0.2042667,0.3129707,0.2231204,0.2550522,0.4848682,0.3726096,0.318243,0.318681,0.4817716,0.1645659,0.3116936,0.2978674,0.175954,0.1762146,0.2118226,0.2257488,0.1630316,0.2779044,0.249836,0.1581834,0.1653618,0.4246732,0.2939488,0.3525512,0.3419958,0.2673708,0.3052262,0.355909,0.1840084,0.256925,0.2270426,0.2051794,0.2664222,0.436252,0.2261492,0.26215,0.3962232,0.2312778,0.2230927
0.345975,0.2259814,0.241605,0.1679698,0.3658546,0.2124338,0.2640426,0.345497,0.1692262,0.2239602,0.2654838,0.3768552,0.1807764,0.1871094,0.2125998,0.3372037,0.262655,0.2570341,0.190114,0.1011836,0.3107374,0.2650732,0.2719476,0.2029885,0.3281838,0.2275064,0.2599682,0.4902178,0.3728298,0.3299246,0.3223144,0.4890478,0.1668,0.3122052,0.297294,0.1781792,0.184221,0.2159754,0.2296064,0.1665292,0.2826,0.2514154,0.1603982,0.1694232,0.4228834,0.3004392,0.3559138,0.3466716,0.273497,0.3073064,0.3631056,0.1865052,0.2553118,0.2273878,0.207252,0.267601,0.4402026,0.2342848,0.264218,0.4044406,0.2357332,0.2305727
0.3494344,0.2326484,0.249633,0.1702784,0.366918,0.2144818,0.2672506,0.3431954,0.1713586,0.2296968,0.2792704,0.3787954,0.1833718,0.1922736,0.2154598,0.3345994,0.2663186,0.2644528,0.1927704,0.1013188,0.3136228,0.2710406,0.2793666,0.2047306,0.3392666,0.234153,0.2633042,0.4963524,0.3798878,0.333333,0.3271696,0.4905616,0.1722012,0.3151106,0.3001502,0.1802042,0.1895162,0.2173032,0.2317,0.1689096,0.2920596,0.2510138,0.1636576,0.1685886,0.4311722,0.3086482,0.3619422,0.345722,0.2776438,0.3076424,0.3759308,0.1905136,0.2564322,0.2281648,0.2102954,0.2709402,0.4450132,0.2436886,0.2674584,0.4002978,0.2447424,0.2381974
0.3510608,0.242935,0.2506432,0.1710194,0.367758,0.2139942,0.2702708,0.3410046,0.174343,0.2347936,0.2880336,0.3818074,0.1837228,0.1967596,0.2169738,0.3329054,0.277132,0.2674518,0.1953044,0.102373,0.3181806,0.2727246,0.2859486,0.207281,0.3459894,0.2385686,0.2683992,0.5049418,0.3838396,0.3416196,0.3337514,0.4845884,0.1754198,0.3201154,0.303262,0.1829806,0.196819,0.2154298,0.2395178,0.17016,0.29488,0.2548964,0.1689096,0.1730211,0.4402836,0.3129152,0.367141,0.3492138,0.279509,0.3113828,0.3881908,0.190804,0.2616902,0.2338134,0.21596,0.2720072,0.4492194,0.250243,0.2694988,0.4019124,0.2528158,0.2414702
0.352519,0.2493966,0.2550164,0.1712248,0.3745356,0.2133714,0.2716498,0.3415606,0.1738634,0.2403004,0.298544,0.3844368,0.1883762,0.2064666,0.2249226,0.3350468,0.2856514,0.2723128,0.1976394,0.1025918,0.3202888,0.2794584,0.2884882,0.214511,0.356066,0.2453998,0.2721366,0.5046842,0.382969,0.3506344,0.333987,0.4813278,0.1778526,0.3191574,0.303113,0.190329,0.2025706,0.2239884,0.2438992,0.1743734,0.3001434,0.2566694,0.1686964,0.1760031,0.4476746,0.3164766,0.3678266,0.350127,0.2846482,0.3136682,0.4029406,0.191797,0.2576202,0.2358578,0.2196498,0.2755434,0.4547736,0.2581028,0.2701004,0.4037076,0.2635702,0.2458694
0.352896,0.2522604,0.262796,0.1731284,0.3794758,0.2161948,0.2731962,0.3418288,0.1778914,0.2463068,0.3088428,0.3887274,0.188544,0.210193,0.2318658,0.33335,0.2916622,0.2746224,0.2021106,0.107439,0.3225448,0.28026,0.2889382,0.2197138,0.3597516,0.2436514,0.2732574,0.5087238,0.38645,0.358196,0.3349048,0.4902848,0.1815126,0.3187558,0.3036338,0.1924182,0.2061436,0.2256946,0.2453864,0.1732362,0.3034552,0.256248,0.1699646,0.1802191,0.457106,0.3188458,0.3704878,0.3550718,0.286458,0.3153948,0.4165348,0.1942128,0.2603888,0.2332484,0.220961,0.2786312,0.4590348,0.265656,0.2701054,0.406091,0.268919,0.2449792
0.3542722,0.260057,0.2736752,0.1745644,0.3795414,0.218697,0.2762482,0.3386712,0.1790576,0.2504484,0.3248212,0.3957268,0.1877786,0.2126346,0.2344842,0.331862,0.2953604,0.2794048,0.2082582,0.1078086,0.3258592,0.2811474,0.2936296,0.22539,0.3660216,0.24743,0.279152,0.5140348,0.3836412,0.364507,0.3348064,0.4878074,0.1796622,0.3217897,0.3048204,0.1948726,0.2114188,0.2279616,0.2492348,0.1770116,0.3077256,0.259448,0.171828,0.1796376,0.4579396,0.32197,0.372428,0.354289,0.2916562,0.3156314,0.419586,0.1967446,0.259868,0.235665,0.2212166,0.2797234,0.4648942,0.2706344,0.272479,0.4068882,0.2711396,0.247858
0.3554276,0.2672028,0.2765066,0.175906,0.3806748,0.217882,0.2769666,0.3383084,0.1785796,0.253474,0.3306262,0.3996822,0.1907368,0.218299,0.2418098,0.3308114,0.3013054,0.279628,0.2130244,0.110218,0.3287062,0.2851604,0.2972856,0.2255516,0.3642904,0.2477182,0.2768826,0.5156548,0.3842898,0.3693294,0.334457,0.487499,0.1859062,0.3197294,0.3050504,0.1925668,0.21581,0.2279704,0.2521262,0.1772032,0.3126204,0.2589595,0.1752666,0.1797148,0.459901,0.320387,0.3751588,0.3549394,0.293889,0.320714,0.4244286,0.2000936,0.2587004,0.2363792,0.22261,0.279783,0.4649064,0.2755838,0.272266,0.4151008,0.2754198,0.256431
0.356946,0.2697676,0.2787168,0.1773396,0.3841712,0.216953,0.2785942,0.3389384,0.1775366,0.258117,0.337127,0.4052618,0.1964574,0.224621,0.2455824,0.3318587,0.3062452,0.2823284,0.2171324,0.1100306,0.3311674,0.2865978,0.2971642,0.2304256,0.3662028,0.2519904,0.2753388,0.5176784,0.3910202,0.3706172,0.3347342,0.493246,0.1882248,0.318045,0.3045742,0.1960818,0.221297,0.2286586,0.2535004,0.1796542,0.313871,0.2603545,0.1745136,0.1822095,0.4623054,0.3301172,0.3786656,0.3554108,0.2952178,0.3218806,0.434834,0.20262,0.2576548,0.237965,0.2261128,0.2793012,0.4635454,0.282713,0.272379,0.4165336,0.2811562,0.2648272
0.356047,0.281388,0.2825362,0.1748876,0.386764,0.21856,0.279286,0.3402028,0.1795222,0.2575974,0.3488384,0.4039682,0.196487,0.2273308,0.2528094,0.3302333,0.3098056,0.2828056,0.2243458,0.112216,0.333427,0.2848282,0.2975876,0.2333732,0.36704,0.2525652,0.2795402,0.5140872,0.3933866,0.3768108,0.3351554,0.4942844,0.187273,0.319335,0.3056522,0.1997516,0.2278116,0.22981,0.2548306,0.1811578,0.3155872,0.2605782,0.1801246,0.1835419,0.4662172,0.3317228,0.3784684,0.358304,0.300219,0.3218192,0.4457682,0.2068544,0.2580256,0.2388504,0.2291106,0.2776562,0.4597988,0.29491,0.2724668,0.4147422,0.2846102,0.2719814
0.358303,0.2896542,0.2884622,0.1761276,0.387891,0.220874,0.281322,0.3380738,0.1807142,0.2603522,0.3559766,0.4057584,0.19805,0.2305216,0.2588166,0.3295645,0.3159834,0.285022,0.2284006,0.1151996,0.338149,0.2871912,0.2972738,0.233303,0.370246,0.2576214,0.285043,0.5143972,0.3982836,0.3792818,0.3366874,0.4988396,0.1942048,0.320263,0.3062922,0.2020812,0.228791,0.2339376,0.2570264,0.1787616,0.3184302,0.2590894,0.1846064,0.1876645,0.4686594,0.3327782,0.3829288,0.3591856,0.2999716,0.3221098,0.4508608,0.210561,0.2588322,0.2400142,0.2329158,0.2823592,0.4639098,0.3042756,0.276843,0.4164046,0.2862598,0.2714964
0.3627362,0.3017044,0.2942052,0.175181,0.3876154,0.2224262,0.2828408,0.3406452,0.1809664,0.2626996,0.3620772,0.4059916,0.2022858,0.2317836,0.2653634,0.3283754,0.3132068,0.281266,0.2310888,0.1137668,0.33986,0.2898404,0.2993402,0.2328726,0.3719644,0.2555432,0.287683,0.5172128,0.3961766,0.3849344,0.3377022,0.4964042,0.1958772,0.3218914,0.3072546,0.2066032,0.2269012,0.2324808,0.259021,0.1810834,0.3226594,0.2597652,0.1854324,0.1906569,0.4718664,0.3294602,0.3837932,0.3564376,0.3030124,0.324741,0.4542926,0.2120774,0.25781,0.241061,0.233517,0.2859388,0.4637368,0.3084514,0.2740968,0.416871,0.290854,0.2756146
0.3635782,0.3092524,0.295653,0.1743312,0.389578,0.2244818,0.2841836,0.343216,0.1835348,0.2661762,0.3679678,0.406119,0.2042378,0.2348586,0.2683228,0.3244768,0.3128942,0.2839872,0.235735,0.1121536,0.3419082,0.293977,0.3024294,0.2320186,0.373528,0.2583296,0.288622,0.5169782,0.3982326,0.3903448,0.338528,0.492731,0.2008046,0.3255666,0.3050942,0.208313,0.2346588,0.2316004,0.2582676,0.1857494,0.3241522,0.2587874,0.188507,0.1930981,0.4765252,0.3358496,0.3847378,0.3547004,0.3047644,0.325537,0.4554286,0.2119236,0.254161,0.241078,0.2397284,0.284606,0.4655126,0.3149688,0.2753302,0.4152708,0.296602,0.2809864
0.3622886,0.3095366,0.2966778,0.173683,0.3898232,0.2234976,0.2835978,0.3423902,0.1833378,0.2712764,0.3695424,0.4061404,0.207818,0.2359668,0.2741962,0.32327,0.3138478,0.2805328,0.2438438,0.1134474,0.3444782,0.2926474,0.3042118,0.234635,0.374993,0.2591186,0.291014,0.5200806,0.397775,0.3941788,0.338942,0.4960532,0.2082502,0.3267298,0.3057184,0.2101228,0.2411784,0.2355362,0.258067,0.1849086,0.3245948,0.2568044,0.1885884,0.1958227,0.4730806,0.3365604,0.3819688,0.3581564,0.3045312,0.3246288,0.4584104,0.2148958,0.2561068,0.2479606,0.2432728,0.2829532,0.466479,0.324793,0.2747804,0.4130602,0.2974592,0.2846658
0.3631978,0.3211558,0.3019146,0.174933,0.3868158,0.2219324,0.287553,0.3415002,0.185338,0.2750294,0.3694824,0.4064308,0.2103724,0.2345818,0.2753318,0.3232026,0.313153,0.2858086,0.2442846,0.1137616,0.3469074,0.295969,0.306951,0.2337272,0.3741526,0.2618976,0.2987126,0.5166326,0.4058482,0.394773,0.3368506,0.4925682,0.2129122,0.3254574,0.3075202,0.2119258,0.2418884,0.2344384,0.2552878,0.1858636,0.3262858,0.2559352,0.1930342,0.1951269,0.4737284,0.3367696,0.3842528,0.3605028,0.3029368,0.3275648,0.4584546,0.2132516,0.257074,0.2475556,0.2413502,0.2836724,0.4697496,0.326027,0.2734032,0.4123682,0.3000496,0.2890298
0.3631788,0.3237006,0.3027058,0.175855,0.3876286,0.2236594,0.2888836,0.3410544,0.185412,0.2779188,0.3743064,0.4082352,0.210095,0.2393138,0.277502,0.324365,0.3164616,0.2859062,0.2460364,0.1178526,0.3447998,0.297535,0.3077128,0.2338286,0.3778364,0.262402,0.2997008,0.519051,0.4055902,0.4020274,0.3368548,0.4952928,0.2155002,0.3247958,0.3074266,0.2130678,0.247631,0.2346264,0.2534808,0.1886436,0.3272022,0.2587538,0.1966722,0.194142,0.4766938,0.3367664,0.3857388,0.3667156,0.3047792,0.3267744,0.4591614,0.2183656,0.2560674,0.248972,0.2488998,0.2876642,0.4675986,0.328802,0.2705968,0.4139584,0.3048032,0.2931884
0.3590388,0.3274006,0.303233,0.1772042,0.3850254,0.2228614,0.2898648,0.3443526,0.187672,0.2822242,0.3773892,0.406978,0.2070456,0.2382074,0.282594,0.3216362,0.3173982,0.2839444,0.250953,0.1184954,0.3443926,0.2990288,0.3091392,0.2382762,0.3769492,0.2631972,0.3033936,0.5195058,0.4057128,0.4074552,0.3381064,0.4962634,0.2195752,0.3260272,0.3059422,0.2152708,0.2540294,0.2343556,0.2539546,0.1918042,0.3280692,0.258604,0.1980104,0.1948468,0.4844626,0.3319742,0.3892918,0.3703438,0.3053472,0.3228628,0.4618236,0.2186126,0.2526912,0.2478676,0.2541502,0.2881294,0.4691038,0.3355648,0.270305,0.4172928,0.3033284,0.2970872
0.3596036,0.335803,0.3051758,0.1796274,0.3886152,0.22161,0.2860332,0.349309,0.1855128,0.2834006,0.3814646,0.4069288,0.2112748,0.2403556,0.2842016,0.3207826,0.321517,0.2887356,0.2577326,0.119488,0.3462416,0.2988222,0.3108656,0.237133,0.3763772,0.2632776,0.3079248,0.5177528,0.4055704,0.4082282,0.3377128,0.4935666,0.2215622,0.3323452,0.3114204,0.2163374,0.2555696,0.236051,0.2583864,0.1951592,0.3296618,0.257988,0.2001026,0.1974448,0.4842134,0.3355484,0.3884536,0.3655272,0.3061442,0.330641,0.4619428,0.2203126,0.2545338,0.2467794,0.2567094,0.2864242,0.463897,0.3360716,0.2693012,0.416969,0.307758,0.2991182
0.362215,0.341354,0.3040424,0.1773522,0.3879862,0.2226772,0.2860358,0.345769,0.1845416,0.287216,0.38562,0.402663,0.2166194,0.2454684,0.2858446,0.3200912,0.325187,0.2877184,0.2647514,0.1199554,0.345309,0.2985358,0.310509,0.2386742,0.3763376,0.267149,0.3079604,0.5191336,0.4038722,0.4144864,0.3380888,0.4926852,0.2213224,0.3334526,0.3128712,0.2195424,0.2593032,0.2374086,0.2585922,0.1926444,0.326423,0.2574474,0.202467,0.197038,0.4804554,0.336376,0.3891186,0.3661984,0.3059522,0.3328606,0.465513,0.2242924,0.2591754,0.2471588,0.2589254,0.2855438,0.4632306,0.33596,0.2700504,0.4188316,0.3092596,0.2978736
0.3642388,0.3424446,0.305411,0.1796266,0.3854792,0.223332,0.2850098,0.3477758,0.1867976,0.2906536,0.38977,0.4028574,0.2225496,0.2501444,0.2916114,0.31529,0.329195,0.2886932,0.271699,0.119344,0.3457752,0.2991995,0.312205,0.2385164,0.3748486,0.2701078,0.3075338,0.5185398,0.4077628,0.4145908,0.3359852,0.4938192,0.2236452,0.3357,0.3141874,0.2199944,0.2618768,0.2380434,0.2573284,0.1948008,0.3291156,0.258876,0.2070034,0.20025,0.4855226,0.3360554,0.391154,0.3737564,0.3088576,0.3317166,0.46893,0.2248132,0.2600746,0.2506604,0.2612672,0.285147,0.4698228,0.3392262,0.2714034,0.4174392,0.3136048,0.3004916
0.3621616,0.3521946,0.3078856,0.1803868,0.3851492,0.2273156,0.2869392,0.3466255,0.185312,0.2906424,0.3903352,0.4047984,0.2236896,0.2540024,0.2957478,0.3153262,0.3269454,0.2851626,0.274524,0.1202808,0.3441422,0.3042817,0.3145934,0.2365982,0.3749844,0.2726356,0.309593,0.5253672,0.4078722,0.416551,0.334739,0.4914684,0.2238858,0.3341758,0.3132652,0.2215622,0.26627,0.2369198,0.2579144,0.1981728,0.3286342,0.2565812,0.2081008,0.2033374,0.4811052,0.3364812,0.3941398,0.3666458,0.311332,0.3329586,0.470054,0.2284058,0.2585812,0.2502372,0.2620698,0.2867326,0.4660016,0.3436106,0.2716766,0.4165044,0.3167768,0.3009072
0.3596262,0.3562618,0.3083908,0.1817244,0.386652,0.2267244,0.28987,0.3471659,0.1871652,0.2903384,0.3890282,0.4036302,0.2243494,0.256586,0.292375,0.3138878,0.3322404,0.285441,0.2792274,0.1233344,0.348003,0.3052397,0.3157702,0.2420686,0.378803,0.2747851,0.311929,0.5238394,0.4071652,0.4157236,0.3331948,0.493154,0.2299022,0.3354418,0.3123388,0.2228436,0.266889,0.2375344,0.2623398,0.2015092,0.3269912,0.2558654,0.211357,0.2056488,0.4792736,0.3402596,0.397085,0.3650264,0.309575,0.3389022,0.4725,0.233671,0.2551692,0.2524114,0.2657206,0.2878054,0.4664352,0.3489932,0.2718842,0.4160694,0.31978,0.307178
0.3602946,0.3583082,0.3039596,0.1830296,0.3842924,0.2261168,0.2878692,0.3474773,0.1866694,0.297172,0.38743,0.4037908,0.2291346,0.2553046,0.295456,0.3141336,0.3325096,0.2838494,0.283713,0.1220226,0.3517402,0.304991,0.3133382,0.2421698,0.3782074,0.2756003,0.3185664,0.5263242,0.4054356,0.416383,0.3351256,0.4806518,0.229797,0.3310026,0.3131504,0.2215032,0.2733174,0.2373578,0.2645638,0.2042244,0.3289102,0.2539738,0.2126562,0.2072416,0.4849918,0.3363596,0.3959792,0.3669964,0.3117046,0.3441296,0.475802,0.2372208,0.2574428,0.2552362,0.2687566,0.2904468,0.4658166,0.3530882,0.2745328,0.4177624,0.3182746,0.309569
0.3603798,0.3643846,0.3042828,0.1844464,0.3832474,0.2287282,0.288967,0.3439425,0.1866258,0.3001092,0.388713,0.4051687,0.2254248,0.2572602,0.2937068,0.315665,0.33564,0.2852294,0.2868154,0.123881,0.3546656,0.305803,0.3127,0.2400868,0.376888,0.2791583,0.3192122,0.5276534,0.4041106,0.4211204,0.3361218,0.4865766,0.2311466,0.3295536,0.312572,0.2202302,0.2761918,0.2390764,0.2660508,0.204755,0.3252782,0.2532536,0.2125444,0.2025438,0.4865212,0.33792,0.3963416,0.367456,0.3150648,0.3463264,0.47245,0.2396406,0.2565692,0.2556632,0.2764614,0.2883768,0.4711112,0.354334,0.2723488,0.4162396,0.31928,0.3043568
0.3634718,0.3695916,0.310172,0.1865234,0.3835406,0.228541,0.2884364,0.3443867,0.1859774,0.3051406,0.390726,0.4033977,0.2290496,0.2617144,0.2996952,0.3110884,0.3343368,0.2857528,0.2876104,0.1231712,0.3573686,0.310115,0.3127666,0.2390712,0.3773786,0.2776557,0.321063,0.534141,0.4067538,0.4240844,0.3327072,0.4929462,0.2316818,0.3312502,0.3122434,0.2215472,0.2777206,0.2393362,0.2640976,0.2077282,0.3256462,0.253177,0.211931,0.205711,0.4841542,0.3362634,0.4009548,0.365885,0.313331,0.345376,0.4774652,0.2440952,0.2582526,0.2600786,0.2783696,0.287947,0.4702548,0.3539142,0.2730752,0.4174778,0.3251474,0.3059228
0.361011,0.3686122,0.316552,0.184916,0.3826826,0.2280326,0.2865214,0.3448163,0.186,0.3080432,0.3938214,0.4057755,0.2297648,0.2616838,0.3010344,0.3109688,0.33049,0.2826966,0.2897094,0.127007,0.359114,0.3108698,0.3140906,0.2403136,0.3775134,0.279571,0.3273578,0.532571,0.4092662,0.4279986,0.32995,0.4952466,0.2315182,0.3318514,0.3097726,0.2194844,0.278529,0.2394698,0.263861,0.209239,0.3265662,0.2526932,0.213084,0.2059818,0.4838116,0.3352596,0.4028234,0.3631788,0.3144008,0.343824,0.4777246,0.2475264,0.2594446,0.2586162,0.2850446,0.2901334,0.472201,0.3538614,0.2732174,0.420327,0.3297096,0.3067768
0.3626094,0.3715304,0.3202706,0.186999,0.3817856,0.2315068,0.2898108,0.3437655,0.1856708,0.309239,0.3988288,0.4034514,0.2302272,0.2622774,0.3046518,0.3078124,0.335034,0.2843244,0.2897704,0.1276772,0.3619518,0.3105738,0.3155902,0.2380896,0.3752722,0.2799946,0.3265108,0.5383036,0.407155,0.4258134,0.3285126,0.4965532,0.2318602,0.3302236,0.309775,0.2199008,0.283475,0.2392642,0.2610968,0.2146102,0.3339394,0.2510558,0.213165,0.206275,0.483458,0.333342,0.4033052,0.363638,0.3155518,0.3466422,0.4758956,0.2499418,0.2587946,0.2603892,0.2920088,0.2882536,0.4747118,0.3555834,0.2707284,0.4197652,0.3331162,0.3126416
0.356977,0.3696034,0.3219798,0.1866072,0.3797014,0.230832,0.2898748,0.3461772,0.1854339,0.310947,0.4046422,0.4059426,0.2312806,0.26244,0.3020162,0.3070682,0.3390754,0.288491,0.2894452,0.1250586,0.3590848,0.3157314,0.3125394,0.2389296,0.37623,0.2822544,0.3264514,0.5344244,0.4068268,0.4249108,0.3253716,0.4978172,0.234113,0.3337884,0.311013,0.2188968,0.2867578,0.2405362,0.2620065,0.2146266,0.3343708,0.2506222,0.214627,0.2078928,0.480618,0.3334278,0.4019172,0.3590444,0.3159174,0.3455872,0.4703888,0.2496652,0.2585842,0.2619566,0.294161,0.2912326,0.4745932,0.3560752,0.268691,0.4198986,0.3407836,0.3161
0.3529136,0.3693176,0.3247514,0.1871216,0.3820608,0.2279784,0.2892686,0.3463176,0.1863183,0.3122466,0.4027498,0.4080146,0.229376,0.2624698,0.3014422,0.306061,0.3407312,0.287896,0.29223,0.1266142,0.3621478,0.3175736,0.3080678,0.2436436,0.3739906,0.2838216,0.3296836,0.5434074,0.4103188,0.427999,0.3235806,0.5067184,0.236703,0.3328354,0.307896,0.2191262,0.2935442,0.2435014,0.2613547,0.2135166,0.3300888,0.2501692,0.2150572,0.2064844,0.4849976,0.3348558,0.4017708,0.357692,0.3137336,0.3451408,0.4694704,0.2531526,0.2565692,0.2615544,0.3005236,0.2918302,0.474235,0.3633346,0.2669016,0.4155778,0.3461862,0.3133612
0.35141,0.3721888,0.325774,0.1866688,0.3798904,0.226056,0.290391,0.34501,0.1869465,0.3182228,0.403512,0.403424,0.231329,0.2607254,0.3058938,0.309518,0.3412614,0.2896906,0.2951224,0.124824,0.3600708,0.316571,0.3090396,0.244844,0.3719678,0.2872068,0.329736,0.5384236,0.408496,0.4298228,0.3215306,0.5049148,0.2367016,0.3349918,0.308032,0.2196168,0.2952218,0.2403952,0.2586525,0.2175208,0.3282844,0.2485438,0.2147082,0.2097386,0.4836338,0.3364194,0.4039926,0.3554816,0.3169578,0.3466984,0.470172,0.2544126,0.255372,0.265187,0.3072454,0.2954516,0.4681836,0.3618888,0.267453,0.4141386,0.3512112,0.3122316
0.3504126,0.372953,0.3254004,0.1853614,0.3789602,0.2279766,0.2902856,0.34403,0.1889946,0.3175208,0.4056734,0.403158,0.2313258,0.2654948,0.3068406,0.3074502,0.3436848,0.2907242,0.2973812,0.126847,0.3637262,0.3146088,0.3083888,0.2430378,0.3744466,0.288222,0.3266694,0.536418,0.407065,0.4324322,0.3193472,0.5061296,0.2376644,0.3339358,0.3091902,0.2239778,0.3031546,0.2383844,0.2591675,0.223254,0.330082,0.2491152,0.2154638,0.2121454,0.484486,0.3353904,0.4045632,0.3639894,0.3222472,0.3451314,0.4755548,0.2590112,0.2542846,0.2655492,0.3126744,0.2956146,0.463949,0.366174,0.2659574,0.4115292,0.352787,0.3143626
0.3509468,0.3726304,0.3243816,0.1871084,0.3816084,0.2255158,0.2910246,0.3429762,0.1893188,0.3160362,0.4055074,0.397386,0.2316162,0.2627017,0.309157,0.3078454,0.3414256,0.293372,0.2961548,0.1274272,0.3660156,0.3190244,0.3112958,0.2409388,0.3732006,0.2852956,0.329124,0.5404198,0.4035514,0.435579,0.321324,0.5066016,0.2389438,0.3374576,0.3100398,0.2232016,0.3048664,0.2393198,0.2567513,0.2277408,0.3291748,0.2496248,0.2141038,0.214395,0.4868058,0.3319336,0.4059558,0.367626,0.321365,0.348794,0.4765394,0.2592956,0.2563898,0.2650777,0.319376,0.2957342,0.46402,0.3681214,0.2659378,0.40855,0.3621064,0.3091334
0.3534382,0.37057,0.3195992,0.1853272,0.3773554,0.2278156,0.291804,0.3439516,0.188607,0.3149272,0.4080762,0.396784,0.2352014,0.2647009,0.3074354,0.3036254,0.3397756,0.2889782,0.2933128,0.1269142,0.3664106,0.3176868,0.3120926,0.2386264,0.377856,0.283205,0.3281202,0.5415848,0.3966792,0.4355114,0.322634,0.4946608,0.2389556,0.333049,0.3081736,0.2240848,0.30701,0.2376806,0.2575593,0.2292224,0.330014,0.2504332,0.2154612,0.2132832,0.4857876,0.3317502,0.407646,0.3620404,0.3217588,0.3474734,0.4742784,0.2592798,0.2543826,0.2645831,0.3267332,0.2934638,0.461405,0.3686544,0.2635946,0.4069804,0.3695368,0.3113138
0.3530958,0.3767004,0.3234294,0.1857902,0.3761802,0.2273688,0.2940274,0.3421058,0.1890086,0.3203288,0.4085522,0.398047,0.2367564,0.2647471,0.3082698,0.3060262,0.3429114,0.2854394,0.293286,0.1273754,0.3670904,0.317645,0.3110574,0.241339,0.3780162,0.280965,0.3317328,0.5469468,0.3956728,0.4372518,0.3247448,0.5055808,0.238294,0.3284,0.3073536,0.2242446,0.309327,0.2342444,0.2590119,0.2312558,0.3244814,0.250879,0.2178672,0.21545,0.4834274,0.3325336,0.4104756,0.363533,0.3207664,0.35027,0.4804362,0.2655078,0.2544188,0.2651066,0.3313698,0.2952246,0.4597538,0.3707456,0.2669862,0.4070378,0.3758728,0.315848
0.3504708,0.371699,0.3244874,0.1872672,0.3745602,0.2302554,0.2918988,0.3420486,0.1884242,0.324172,0.4085884,0.3942578,0.2357674,0.2682269,0.3099548,0.304386,0.3462968,0.2910464,0.2938738,0.1284732,0.3680908,0.316807,0.3112412,0.2418778,0.3764364,0.2815736,0.3371958,0.5528492,0.393788,0.4403512,0.3253798,0.5121792,0.238359,0.3284804,0.3052064,0.22442,0.3141826,0.2329802,0.2574195,0.2340462,0.325239,0.2486022,0.2164208,0.214346,0.4878078,0.3330018,0.4101446,0.366102,0.3226914,0.3555788,0.4784226,0.2665404,0.2515118,0.2649078,0.3377998,0.294588,0.4559766,0.3732798,0.2687836,0.408111,0.3807396,0.3169944
0.3496752,0.3740386,0.3230212,0.1867724,0.3784072,0.2310976,0.2886812,0.3410818,0.1892964,0.3252378,0.4069692,0.3952266,0.2358342,0.2716819,0.3119912,0.3041074,0.344739,0.2878138,0.2960064,0.129663,0.3659954,0.3150024,0.312273,0.244374,0.378428,0.2814352,0.3434248,0.5488968,0.398206,0.4404772,0.3269462,0.5049192,0.2401112,0.3309638,0.303566,0.22423,0.3174918,0.2336874,0.2587105,0.2346666,0.3222266,0.247854,0.2221648,0.2136722,0.4856864,0.3303046,0.4116298,0.373064,0.3206156,0.353704,0.4784622,0.272592,0.2536064,0.2617738,0.3419938,0.298292,0.4566604,0.3745982,0.2679496,0.4058552,0.381322,0.3178832
0.3514666,0.371841,0.3232914,0.1867778,0.3739626,0.233584,0.2865928,0.3432978,0.1899928,0.3283622,0.4094618,0.3999186,0.237088,0.2668333,0.3148302,0.3035298,0.345532,0.2871256,0.297597,0.1297858,0.3670296,0.3142532,0.3083646,0.2455218,0.3775284,0.282505,0.341709,0.5472318,0.394324,0.4411246,0.325534,0.5068122,0.243016,0.3321774,0.3042066,0.2251988,0.318399,0.2316226,0.2598381,0.2355244,0.324702,0.2489236,0.2230826,0.213104,0.489172,0.3336798,0.4119132,0.3720686,0.3191954,0.3515328,0.4783408,0.2758178,0.253996,0.2613314,0.3468996,0.2984426,0.4566098,0.3765256,0.2657536,0.4069714,0.3864852,0.3177886
0.352578,0.380393,0.3240312,0.1863514,0.3737628,0.2320096,0.2877526,0.3440484,0.1891256,0.3323074,0.410908,0.3980116,0.23358,0.2700915,0.3145904,0.296639,0.342955,0.2862792,0.2946894,0.130393,0.3694056,0.3140898,0.3075666,0.2442828,0.3781142,0.2848048,0.341853,0.5441466,0.3937712,0.4390706,0.3225816,0.4979244,0.2391068,0.3294682,0.3012214,0.221747,0.3188488,0.2327052,0.2620963,0.2315632,0.32512,0.247521,0.2280464,0.212071,0.4909658,0.3356534,0.4129922,0.37053,0.3212152,0.354219,0.4765118,0.2793704,0.2530402,0.2605712,0.3473722,0.2964594,0.4593968,0.3805206,0.2673532,0.4026224,0.3893346,0.317489
0.355131,0.3805364,0.3196874,0.1854486,0.3752434,0.2327752,0.288079,0.3364378,0.1909344,0.3313254,0.4099108,0.396859,0.2335274,0.2701935,0.3184486,0.2979208,0.340754,0.2893086,0.2964286,0.133576,0.3680328,0.3146292,0.3088602,0.2473834,0.3799538,0.2837392,0.345591,0.5480376,0.39511,0.4383528,0.3256532,0.4987404,0.2431504,0.3276744,0.304498,0.2225398,0.3186754,0.2341168,0.2621967,0.2321962,0.3258012,0.2500332,0.2278596,0.2153062,0.4849758,0.3384254,0.4079494,0.3749718,0.3215,0.3531428,0.479124,0.2808328,0.2562832,0.2622802,0.3517178,0.2979344,0.4563066,0.3810994,0.260758,0.4006072,0.3947324,0.3224282
0.3513088,0.3771572,0.3190242,0.1873734,0.3774692,0.2345964,0.2886622,0.3359226,0.1915244,0.3343418,0.4111948,0.3950996,0.2397224,0.2697316,0.313481,0.2950626,0.3419716,0.2894812,0.2934812,0.1342474,0.3729028,0.315391,0.308698,0.2471652,0.3812836,0.2835082,0.3443004,0.5502666,0.3944024,0.429153,0.3259342,0.500191,0.2438812,0.3297832,0.3071088,0.2236506,0.3233704,0.2358402,0.2601639,0.2339128,0.3219648,0.24974,0.228091,0.216132,0.484414,0.336663,0.4142344,0.3762008,0.3225974,0.348608,0.4802596,0.28139,0.2544684,0.260191,0.3535886,0.297384,0.4575906,0.383199,0.2652002,0.3993766,0.4019648,0.3235816
0.3512468,0.376607,0.3165754,0.1854962,0.37856,0.233842,0.284343,0.3390822,0.190154,0.3297786,0.416005,0.3985052,0.2390492,0.2710056,0.3129078,0.2934488,0.343292,0.2864262,0.2934472,0.1337542,0.3695442,0.3153262,0.3079452,0.2466766,0.3835616,0.2850094,0.347439,0.5447016,0.3921656,0.4333746,0.325068,0.4996352,0.2445874,0.3262846,0.310262,0.226689,0.3282086,0.2331452,0.261809,0.2328844,0.3256356,0.252895,0.230474,0.2125276,0.4897716,0.335773,0.4119258,0.3726076,0.3257354,0.346483,0.4788978,0.2832088,0.2541858,0.2587746,0.3571842,0.2987594,0.4598908,0.385123,0.2668622,0.3983358,0.4047204,0.3289514
0.3574994,0.3769918,0.318851,0.1857952,0.3776694,0.2323994,0.2854124,0.3406794,0.1924384,0.329806,0.4094946,0.3953372,0.2396298,0.2683322,0.3163622,0.2910368,0.3495632,0.2884288,0.2950792,0.1337062,0.3737174,0.3114668,0.3044414,0.2503274,0.3874982,0.28178,0.3482416,0.5489786,0.3869552,0.4331944,0.3228886,0.5051728,0.2434388,0.3271098,0.3094682,0.2281394,0.3297234,0.2377344,0.2576058,0.2354324,0.3278808,0.2497434,0.230581,0.2136036,0.482543,0.3355404,0.4162802,0.3780712,0.3251402,0.3467408,0.4780018,0.285599,0.2523832,0.2578592,0.3604908,0.3021018,0.4590006,0.3839026,0.2702904,0.3964116,0.4035902,0.3259698
0.3595742,0.3794874,0.3189982,0.1854942,0.3741704,0.2286992,0.2854822,0.3384992,0.1920154,0.329429,0.4182542,0.3927896,0.2398822,0.2704606,0.315957,0.2917802,0.3483784,0.2888636,0.2972116,0.135319,0.373844,0.3107656,0.3035946,0.2514976,0.3921596,0.283277,0.345421,0.5533312,0.3879094,0.4375224,0.3215372,0.5138544,0.2394214,0.3276588,0.3118649,0.2279142,0.3306548,0.2365206,0.2566104,0.2371854,0.328516,0.2517316,0.2292606,0.2152842,0.4784664,0.3354558,0.4152164,0.3803688,0.3253864,0.3468576,0.4799368,0.2887628,0.2518986,0.2589868,0.3630568,0.300725,0.459819,0.3858814,0.2697476,0.3943392,0.4044668,0.3265862
0.355728,0.3844916,0.3170258,0.1854452,0.3748964,0.225106,0.2858736,0.339057,0.1928594,0.3314096,0.4169336,0.392767,0.2364726,0.2688627,0.3168676,0.2910453,0.3480314,0.2888372,0.2959526,0.1375406,0.3748694,0.311206,0.3016122,0.25191,0.3944686,0.2828216,0.3431966,0.548072,0.3862522,0.43708,0.3203268,0.5069428,0.2401832,0.3282872,0.3133598,0.2282124,0.3287034,0.235412,0.2584483,0.2405612,0.3289362,0.2540766,0.2289344,0.2141252,0.480406,0.3328264,0.4109304,0.3789912,0.3263864,0.3490634,0.481047,0.2906842,0.2500526,0.2581514,0.3660736,0.3010286,0.4548882,0.383378,0.2639328,0.3938262,0.4105688,0.3234276
0.3535032,0.3866206,0.3159667,0.1834066,0.3725108,0.2262408,0.2838102,0.3388644,0.1877266,0.3314902,0.4184026,0.3886333,0.2409068,0.2670761,0.32075,0.2909811,0.3467816,0.2880876,0.2981244,0.1404408,0.3761348,0.3089974,0.303061,0.255379,0.397305,0.2800896,0.3411522,0.5557164,0.382989,0.4419282,0.3196872,0.508163,0.237337,0.3260502,0.3176892,0.2292878,0.3295492,0.2331222,0.2594113,0.244778,0.3324374,0.2545892,0.2294298,0.2165948,0.4816888,0.3326096,0.4130164,0.374871,0.322161,0.3473642,0.4792244,0.294406,0.2513358,0.262091,0.3697072,0.2993582,0.4623682,0.382992,0.2623817,0.3932306,0.4115164,0.3239406
0.3578636,0.3904458,0.3168369,0.1831318,0.3699328,0.2283945,0.2839038,0.3369576,0.1873216,0.3317634,0.4176952,0.3878241,0.2395888,0.2695143,0.3196706,0.2911419,0.34456,0.2877594,0.2992802,0.1434206,0.3769586,0.3089862,0.3004524,0.2587056,0.3985546,0.2827988,0.3411726,0.5527424,0.3818102,0.4393818,0.3193398,0.5108972,0.2359986,0.3245512,0.3209702,0.2279846,0.3323842,0.2332514,0.2601783,0.2450194,0.3325502,0.251164,0.228712,0.2149294,0.4874012,0.3371866,0.4172664,0.3767886,0.3239826,0.344172,0.4798112,0.2955628,0.24906,0.2590322,0.3714292,0.3007552,0.4598276,0.3818742,0.2655458,0.3900544,0.4115618,0.3202292
0.3589518,0.3920976,0.3151109,0.1833938,0.3702458,0.2276091,0.2809778,0.3339854,0.187106,0.3314452,0.4191214,0.3857801,0.240876,0.2713593,0.3212518,0.2908649,0.3433954,0.284357,0.2985628,0.1467194,0.378386,0.3110122,0.298622,0.2573924,0.397906,0.2836708,0.3403138,0.5590096,0.3802166,0.4403682,0.318568,0.5145526,0.2377718,0.3254196,0.3223116,0.226184,0.3348044,0.2327436,0.2567192,0.2447838,0.3274974,0.253163,0.2289366,0.2130798,0.4898982,0.3315098,0.4210018,0.3766082,0.325016,0.342516,0.481426,0.3019832,0.2478104,0.2607002,0.372238,0.2991072,0.464274,0.382975,0.264446,0.388914,0.413766,0.3170384
0.3585978,0.3910846,0.3107337,0.1819646,0.3719668,0.2254453,0.2798336,0.3331892,0.1867828,0.3336314,0.4200132,0.3851079,0.2390612,0.2735167,0.3216294,0.2888141,0.3406942,0.2866088,0.2959596,0.1461864,0.3831546,0.305702,0.2981024,0.2588972,0.3942848,0.2826858,0.3397504,0.5524416,0.3862172,0.4397102,0.3173894,0.5100632,0.2366926,0.3217144,0.3258928,0.2265564,0.3367466,0.2332758,0.2562978,0.2457368,0.3278042,0.2540494,0.227639,0.2148252,0.4942601,0.334693,0.4224566,0.3775818,0.3230098,0.3427488,0.4799838,0.30342,0.2533802,0.2599608,0.3806042,0.2973688,0.459387,0.3867508,0.2645632,0.3863506,0.4166436,0.3187356
0.3589312,0.3924442,0.3111172,0.1820124,0.36816,0.2263277,0.2822906,0.3348002,0.1858656,0.3331528,0.418409,0.3859885,0.2392542,0.2726143,0.3189016,0.2859017,0.342985,0.2888038,0.2962924,0.1479824,0.3812522,0.3078576,0.2982292,0.2597116,0.3967136,0.2835528,0.3405968,0.5573068,0.387575,0.4390516,0.3158508,0.513822,0.2377472,0.3175934,0.3278978,0.225973,0.3348662,0.2308902,0.254234,0.2485374,0.3256676,0.2522962,0.2289982,0.2147678,0.4972147,0.335961,0.4205082,0.3736644,0.3232192,0.3405634,0.4809232,0.3061786,0.2592318,0.2583816,0.3819954,0.2999996,0.4588612,0.3881702,0.2649868,0.3861522,0.4207528,0.3169066
0.3565294,0.3915544,0.3088844,0.1800426,0.3634304,0.2267743,0.279929,0.3348358,0.1857022,0.3305324,0.4205394,0.3831931,0.2368314,0.273275,0.3219694,0.2808577,0.346615,0.2898724,0.2970118,0.150678,0.382301,0.3114944,0.295707,0.2568278,0.3995262,0.2843042,0.3433978,0.5602922,0.388472,0.443275,0.3148466,0.5057706,0.2383714,0.3178662,0.3269828,0.2256472,0.3358548,0.2316068,0.252908,0.246646,0.3254066,0.2515096,0.231153,0.2143984,0.4983336,0.337384,0.4185302,0.3792706,0.3269868,0.3385052,0.4814706,0.308193,0.2606158,0.2598136,0.3772872,0.3004722,0.4596256,0.3874606,0.2672076,0.3852056,0.4236708,0.3138728
0.355175,0.3901012,0.310011,0.1792852,0.3581374,0.226444,0.2785576,0.3367942,0.185757,0.331674,0.420102,0.3849365,0.2420562,0.2748362,0.3237682,0.2760341,0.345836,0.2900396,0.2957612,0.1508038,0.3850968,0.311822,0.2965742,0.2579302,0.399958,0.2821314,0.3458204,0.5619202,0.3827936,0.4427358,0.314206,0.5100038,0.2385474,0.3201006,0.330585,0.226146,0.3414422,0.2294802,0.2528758,0.2457076,0.3306006,0.2531122,0.2292448,0.2163986,0.4957862,0.3373276,0.4171456,0.3793668,0.3318272,0.3376194,0.4832138,0.3097898,0.2607304,0.2562104,0.3802314,0.3008538,0.4543168,0.3876836,0.2676605,0.3824882,0.4212964,0.3115292
0.3597824,0.3894968,0.3107336,0.179409,0.3611702,0.2269458,0.2796638,0.3333564,0.1843798,0.3327942,0.4198042,0.3832601,0.23948,0.2724962,0.3237798,0.2755192,0.3465582,0.2900716,0.2930004,0.1498502,0.3871172,0.3138092,0.2946696,0.2631016,0.397579,0.2813328,0.349952,0.5569162,0.3837112,0.4404224,0.3118738,0.508632,0.238291,0.3191642,0.328445,0.2239246,0.3389494,0.2241412,0.2548308,0.2458064,0.3277192,0.2544166,0.2278332,0.2165864,0.50156,0.3373572,0.4132242,0.3799552,0.3307476,0.3340114,0.4803086,0.3134698,0.2603422,0.2527212,0.3825376,0.3025748,0.4516772,0.3868308,0.2674205,0.3811222,0.4192768,0.3119092
0.3611358,0.3952318,0.3080466,0.178577,0.3600562,0.2254002,0.2782474,0.3335954,0.1863562,0.3395204,0.4226502,0.3799595,0.238899,0.2765886,0.3251456,0.2755646,0.3501094,0.2936922,0.291072,0.156918,0.3884618,0.312742,0.291868,0.266254,0.4004932,0.2806462,0.3480802,0.5591408,0.3788066,0.4422554,0.3104576,0.5129562,0.2371656,0.3184394,0.3311668,0.2226258,0.3437478,0.224834,0.2515446,0.2492648,0.3328094,0.253991,0.226307,0.216234,0.5034724,0.3401856,0.421645,0.3773522,0.3303418,0.3340638,0.4805172,0.3114494,0.2570528,0.2538672,0.3795758,0.3014246,0.449414,0.3905784,0.2674195,0.377699,0.421781,0.3129696
0.3603384,0.3978766,0.3057766,0.1768873,0.3549804,0.2279536,0.2785498,0.3338438,0.1890786,0.3427822,0.4256554,0.376111,0.240002,0.2741368,0.3270942,0.2782655,0.349056,0.2915036,0.289319,0.1613414,0.3919988,0.3145792,0.2937534,0.2694968,0.4018552,0.2817988,0.3521818,0.55971,0.3819008,0.4462182,0.307244,0.5144208,0.2350814,0.3171158,0.3321254,0.2237192,0.3438937,0.2262772,0.2502794,0.2501106,0.3308936,0.2543646,0.2259142,0.2158032,0.50674,0.3378744,0.4273837,0.3816866,0.3275152,0.333499,0.4825968,0.3146806,0.2545674,0.2579672,0.3792386,0.303769,0.456865,0.3872464,0.2681893,0.3784964,0.4204556,0.3124294
0.361206,0.3964658,0.3029768,0.1772447,0.354421,0.2263988,0.279466,0.3305564,0.1891178,0.3441602,0.4252298,0.3720698,0.2400884,0.271065,0.3262626,0.2786219,0.3505826,0.2903758,0.2877004,0.1647506,0.391906,0.316399,0.2939728,0.2729014,0.4015112,0.280642,0.3508254,0.5619598,0.3813994,0.4480764,0.306756,0.5128628,0.2337748,0.3156136,0.3362798,0.2247728,0.346626,0.2273244,0.2502054,0.2504642,0.333586,0.2552974,0.2251766,0.2182904,0.5111158,0.3363636,0.4454478,0.3733872,0.3277476,0.3316492,0.4834784,0.3130668,0.2546124,0.2582366,0.3838194,0.3048176,0.456476,0.3881374,0.2690414,0.3834936,0.4187516,0.3125896
0.3582344,0.3911728,0.3033632,0.1773177,0.356008,0.226592,0.2760114,0.3302134,0.189711,0.3412732,0.4246304,0.3715872,0.2410404,0.269854,0.3310744,0.2769021,0.3526396,0.2868176,0.2905662,0.1697968,0.389245,0.316697,0.2938374,0.2763498,0.4016676,0.2776582,0.3510262,0.562379,0.381333,0.4465024,0.3042896,0.5136746,0.2328268,0.312699,0.335569,0.2249258,0.3541569,0.2267842,0.2485702,0.2522136,0.3345676,0.2573286,0.2257738,0.224356,0.509947,0.3312626,0.4481988,0.386209,0.3298472,0.3297636,0.484227,0.3185224,0.2562038,0.2585776,0.3836004,0.3053994,0.4579476,0.3855652,0.2721074,0.3820962,0.4235494,0.3118346
0.3593638,0.3947236,0.3015568,0.1780258,0.3539906,0.2270094,0.27824,0.3267564,0.1908984,0.3353649,0.4251088,0.3755628,0.2389764,0.2691194,0.3379604,0.2762043,0.350881,0.2836066,0.2978558,0.1717236,0.3872252,0.3195386,0.2939146,0.2775238,0.4054616,0.279997,0.3515986,0.5648872,0.3786492,0.4490612,0.3052042,0.5154642,0.2337888,0.3118152,0.3304046,0.224343,0.3569331,0.2284418,0.2507628,0.2521408,0.328739,0.259289,0.2267212,0.2232444,0.5084812,0.3292304,0.4487548,0.386328,0.3295858,0.3322806,0.4821,0.3198388,0.258355,0.2590554,0.3814012,0.3040042,0.4688472,0.3815134,0.2735934,0.3817338,0.4240026,0.3122772
0.3574362,0.3936506,0.2960152,0.178772,0.3559932,0.2244886,0.279096,0.3300622,0.1903386,0.3357256,0.4233618,0.3762036,0.238953,0.2703572,0.3466572,0.2740209,0.3562114,0.2810814,0.2988264,0.1743408,0.3868266,0.3196368,0.2947476,0.2779478,0.4071432,0.277227,0.3503806,0.5664012,0.376278,0.4518206,0.305281,0.5105552,0.2327752,0.3093472,0.3349322,0.2225836,0.3551905,0.2240544,0.2484384,0.2533152,0.3277178,0.2587276,0.2314696,0.223848,0.506062,0.3302268,0.4524074,0.3832524,0.3333742,0.3342764,0.4945682,0.3195398,0.2567624,0.256695,0.3830698,0.3033904,0.4686301,0.3818144,0.2723344,0.3844232,0.4254626,0.3135814
0.3601024,0.3983238,0.2998644,0.1783307,0.3566966,0.225014,0.2819102,0.3287416,0.1928264,0.3379022,0.42021,0.3748372,0.239148,0.2745294,0.3482072,0.2751324,0.3568092,0.2808026,0.2990694,0.1757858,0.389323,0.324255,0.2950676,0.2771486,0.4087664,0.2751248,0.3543588,0.5668856,0.3707444,0.4513128,0.301989,0.5053682,0.23266,0.3068422,0.335112,0.2226128,0.3604234,0.224632,0.2487129,0.2529822,0.3284904,0.2614324,0.2306288,0.2249324,0.50799,0.3297648,0.4461024,0.3941257,0.3325654,0.336395,0.507478,0.3171126,0.2582742,0.2576309,0.3877406,0.3016004,0.4795259,0.3809244,0.2720548,0.3823094,0.4255976,0.3134198
0.3561848,0.3974992,0.2998506,0.1822868,0.3550614,0.2264104,0.28223,0.329827,0.1911498,0.3401806,0.4222918,0.3721774,0.2400752,0.2722922,0.3553384,0.2725684,0.3579092,0.2827144,0.3003652,0.176806,0.3887812,0.3237818,0.2949468,0.2746624,0.4116624,0.2736946,0.3534024,0.5614902,0.3711478,0.4505926,0.3005914,0.5102338,0.2346428,0.3017072,0.336365,0.2234032,0.3609102,0.2248212,0.2504197,0.2529812,0.3327318,0.2667966,0.2302632,0.224527,0.503605,0.330425,0.4494232,0.4027284,0.3321728,0.335641,0.5200212,0.319243,0.25209,0.2579157,0.390381,0.3022642,0.4810702,0.3824336,0.2697478,0.381053,0.4262258,0.3149186
0.3555024,0.3982094,0.3008758,0.1843008,0.3528854,0.223855,0.2847928,0.3294778,0.1918008,0.3415376,0.424164,0.36764,0.2403038,0.2705628,0.3534228,0.2734018,0.3581906,0.284418,0.3008102,0.1794458,0.3866628,0.3210234,0.2956858,0.2745128,0.4096848,0.273127,0.3509894,0.5653482,0.366011,0.4525922,0.2980498,0.5060892,0.2368124,0.3034852,0.3303226,0.2234604,0.3575898,0.2274912,0.2509861,0.254942,0.3284926,0.2712532,0.2303304,0.2234254,0.5065494,0.3264744,0.4469786,0.4123368,0.3328854,0.3400944,0.524266,0.3152288,0.2543176,0.2571597,0.3855736,0.3012212,0.4876716,0.380026,0.268473,0.3839686,0.4262212,0.3106304
0.3527078,0.3947066,0.297112,0.1842336,0.3523746,0.222312,0.2827852,0.3269482,0.192025,0.3399462,0.4223514,0.3624244,0.2406654,0.2712248,0.356425,0.2709752,0.3614528,0.2857598,0.2997068,0.1811924,0.3866668,0.3239002,0.2960436,0.276508,0.4185524,0.2735588,0.3471592,0.5627952,0.3632624,0.4523098,0.2990792,0.5119816,0.2372846,0.302294,0.3283834,0.2243544,0.3576508,0.2258288,0.2524645,0.2576256,0.3293794,0.2724716,0.2302602,0.2213412,0.5067566,0.3242492,0.4454486,0.4147492,0.335992,0.3395182,0.5266423,0.3166622,0.256874,0.2556327,0.3844196,0.302407,0.488601,0.3832744,0.2699302,0.3818052,0.4301058,0.3068811
0.3530776,0.3938582,0.2959692,0.1846386,0.3506008,0.221993,0.2805198,0.325728,0.1919132,0.3369674,0.4222944,0.3596262,0.2402396,0.2724654,0.3537398,0.2671581,0.3611072,0.2870882,0.3018634,0.1850408,0.3836424,0.3248666,0.2984384,0.276654,0.4276218,0.271582,0.3497482,0.5621648,0.3636906,0.4585136,0.2958238,0.5009202,0.2361592,0.3023316,0.3291846,0.224572,0.3579508,0.2267514,0.2530718,0.2554785,0.3359738,0.2746258,0.2330662,0.222006,0.5106838,0.3267816,0.444497,0.4211676,0.3331796,0.3399358,0.5307819,0.3192512,0.2583603,0.2512416,0.3858498,0.2986934,0.4906868,0.3824374,0.2673106,0.3863872,0.4260768,0.3030883
0.3541384,0.3939914,0.2976086,0.1856722,0.3519462,0.219846,0.2819612,0.322157,0.1929846,0.3350584,0.4247076,0.3578728,0.2413428,0.271775,0.354137,0.2675657,0.3612146,0.2885178,0.3055524,0.1865402,0.387471,0.324562,0.2994366,0.2771216,0.4360524,0.272769,0.352514,0.5652204,0.362756,0.4597206,0.2972242,0.4994354,0.2338406,0.3000784,0.3310154,0.224705,0.3554142,0.2274218,0.2505644,0.2540803,0.3315634,0.2760864,0.23471,0.2213296,0.5093876,0.3250738,0.4429152,0.417138,0.333492,0.3396914,0.5355112,0.31914,0.2579437,0.2490652,0.3872008,0.2994316,0.4915228,0.379925,0.2709586,0.3856234,0.4263702,0.3052389
0.3516024,0.3913462,0.2931822,0.1861294,0.3505698,0.2192872,0.2815914,0.3213272,0.1923918,0.337725,0.426311,0.353697,0.2379298,0.2671844,0.3577296,0.2657025,0.3607728,0.293888,0.3050026,0.1892516,0.3875218,0.3226918,0.2952372,0.2758034,0.4393842,0.2709002,0.3524822,0.5712344,0.364798,0.4557908,0.2952596,0.5070092,0.2309878,0.2981798,0.3316736,0.2270028,0.3595495,0.2275362,0.2530968,0.2570195,0.333381,0.2756158,0.2355344,0.2215024,0.5023154,0.3234698,0.4448488,0.422825,0.3349774,0.3394138,0.5346324,0.3162052,0.2594932,0.2488568,0.3879434,0.3019872,0.4944302,0.3768594,0.2713714,0.3856724,0.426032,0.3037933
0.3510608,0.3966146,0.2955164,0.1848396,0.350118,0.2169516,0.2811408,0.321046,0.194702,0.3391622,0.423349,0.353907,0.238216,0.2655098,0.3626874,0.2681962,0.3619674,0.2957236,0.305418,0.1939218,0.3880872,0.3209028,0.2906002,0.2768406,0.4427754,0.2697818,0.3503616,0.5695744,0.3659198,0.4591058,0.2919954,0.5128672,0.23193,0.2956982,0.3296826,0.2278426,0.3632901,0.2282122,0.252085,0.2579237,0.335963,0.27506,0.2340996,0.221499,0.5071958,0.3229428,0.446745,0.4263088,0.3346328,0.336937,0.5422344,0.3204434,0.2551618,0.2487734,0.3897844,0.3000408,0.4851698,0.3805564,0.2701716,0.3841434,0.4301936,0.305024
0.3522848,0.3898136,0.2926918,0.1846868,0.352106,0.2158964,0.2799726,0.3185784,0.1934542,0.338208,0.4281216,0.3515202,0.2376826,0.2638996,0.3637304,0.268829,0.3603098,0.296574,0.3057032,0.1967352,0.3894662,0.3220112,0.291816,0.2769138,0.4382644,0.2712034,0.3469984,0.5722402,0.3663258,0.46009,0.2877426,0.5144614,0.2344954,0.2952442,0.3287938,0.224845,0.3645207,0.2249412,0.250099366667,0.2559627,0.335551,0.2779708,0.2314462,0.2191236,0.5033828,0.3276048,0.4453142,0.430338,0.3342252,0.3410666,0.5441852,0.3216078,0.2558628,0.2511644,0.3923,0.2982664,0.4868866,0.380602,0.2682986,0.3820124,0.4278434,0.3072812
0.3514902,0.3917716,0.2888612,0.1866346,0.3522918,0.215725,0.2795908,0.3158126,0.1922026,0.3383742,0.428603,0.3493382,0.2396714,0.2645606,0.363343,0.2694142,0.3636418,0.2955722,0.3052858,0.2000272,0.3883396,0.3221078,0.2939118,0.2779886,0.4392974,0.2699874,0.3453334,0.5656654,0.3631672,0.461422,0.287824,0.5155118,0.234617,0.2940276,0.3297646,0.227998,0.3665508,0.225926,0.250489566667,0.2558588,0.3349506,0.2788524,0.232689,0.2212022,0.4981794,0.3272986,0.4451864,0.4267536,0.334836,0.3468932,0.545315,0.322414,0.2608432,0.2542489,0.3866922,0.3021372,0.4845746,0.382245,0.2689966,0.377577,0.4303318,0.3067426
0.349278,0.3928382,0.2904144,0.1869862,0.3479802,0.2180336,0.2805474,0.3161878,0.1949934,0.3418914,0.4246786,0.350571,0.2393332,0.2645736,0.367448,0.270513,0.3630088,0.2963392,0.3063026,0.1999774,0.3914242,0.3230822,0.2949364,0.2754716,0.4412336,0.272542,0.3475394,0.5664678,0.358089,0.4621974,0.287386,0.5148564,0.2343568,0.2914164,0.3330556,0.2269496,0.3668364,0.2252316,0.2486728,0.2545402,0.333869,0.2787546,0.2337078,0.2231352,0.4948162,0.3257724,0.4425546,0.4273752,0.339351,0.3454896,0.545656,0.3220846,0.259443,0.2579609,0.389736,0.3033232,0.4851048,0.3805552,0.2692386,0.3781232,0.4298124,0.303939
0.3437784,0.395556,0.2883274,0.1850516,0.3466434,0.218055,0.2843401,0.3148762,0.1939194,0.3468988,0.4299794,0.3451378,0.2368626,0.2617782,0.369561,0.2692746,0.3630346,0.303458,0.3088548,0.2034936,0.3909612,0.3207024,0.2951676,0.2790288,0.4431072,0.2721866,0.3468396,0.5652826,0.3579056,0.4588816,0.2874526,0.512725,0.235136,0.2883606,0.3328926,0.225022,0.362737,0.225101,0.2563394,0.2544774,0.3311626,0.2794154,0.232682,0.224657,0.4908836,0.3251652,0.4465636,0.4276894,0.3379134,0.351341,0.5489876,0.3208858,0.2580652,0.2600208,0.3922172,0.3022872,0.4866906,0.3812664,0.2664872,0.378728,0.4317026,0.3015778
0.3525764,0.3976204,0.288699,0.1857024,0.3442804,0.2190426,0.2848807,0.3130974,0.1942478,0.3489756,0.4264352,0.344243,0.2409514,0.2596634,0.370309,0.2682554,0.3657848,0.3065886,0.3046912,0.2050056,0.3898396,0.3203658,0.2925254,0.2784138,0.4456464,0.2745528,0.3457938,0.5649074,0.3618454,0.4652588,0.2860631,0.5082294,0.2322493,0.288333,0.331476,0.2236354,0.3632081,0.2263196,0.2558121,0.2564902,0.3292982,0.2817186,0.231323,0.22385,0.4899082,0.3227908,0.4423686,0.429276,0.33491,0.355433,0.546208,0.326008,0.2588424,0.2537066,0.393812,0.3012656,0.4864792,0.37595,0.2642138,0.3806724,0.4319522,0.301738
0.3558832,0.3977202,0.2908446,0.1866763,0.3405702,0.2199708,0.2853469,0.3142492,0.1940216,0.3532096,0.4210254,0.3397012,0.2370584,0.2578804,0.369523,0.2680714,0.3669836,0.3059024,0.3044716,0.207738,0.3905378,0.320022,0.2940684,0.2766364,0.4507752,0.2741798,0.3446612,0.5658492,0.3607534,0.4672576,0.2798177,0.4925472,0.2327141,0.2815415,0.3343278,0.2210734,0.3631369,0.2248806,0.2594022,0.2542456,0.3300616,0.2806924,0.2297268,0.2203,0.4911642,0.3233826,0.4424486,0.4225638,0.335857,0.3570042,0.5442234,0.3251728,0.2600336,0.2523662,0.3917252,0.299995,0.4846364,0.3753528,0.2646272,0.3777912,0.4320612,0.2949948
0.3607038,0.3948566,0.2931018,0.1890767,0.343188,0.2184398,0.2838973,0.3135704,0.1912086,0.349584,0.4171398,0.3354372,0.2372904,0.2611684,0.3682796,0.2682809,0.363,0.3041196,0.3046118,0.2123296,0.3898832,0.3177074,0.2941398,0.278786,0.449016,0.274657,0.3478516,0.5651748,0.3589444,0.4672058,0.2802128,0.5007166,0.2359569,0.2791011,0.3357732,0.2245854,0.3576004,0.2212536,0.261322,0.2511292,0.3297428,0.2809268,0.2314458,0.2223202,0.4870574,0.3214152,0.4459959,0.4274206,0.3371986,0.359666,0.545532,0.3257952,0.2577514,0.2536568,0.390855,0.2993044,0.48146,0.3784818,0.2609314,0.3783316,0.430458,0.2919814
0.3656948,0.3968312,0.2927614,0.1863411,0.3414032,0.2176284,0.2848955,0.313694,0.1874512,0.3481616,0.4143116,0.3352194,0.2394564,0.2649569,0.3654532,0.2663908,0.3647412,0.3084944,0.3029132,0.213087,0.3869022,0.3194198,0.2947704,0.2823218,0.448404,0.2764726,0.3450594,0.5660218,0.3583984,0.4640328,0.2797602,0.495622,0.2353161,0.2753993,0.3372444,0.2230906,0.3617318,0.2222822,0.26286,0.2518288,0.3313118,0.2832376,0.231065,0.2231718,0.488228,0.3207,0.4428682,0.4360216,0.3355976,0.3611146,0.542519,0.329177,0.2580984,0.2539598,0.3929044,0.3013756,0.4835268,0.3822276,0.2598878,0.3768812,0.4323024,0.2962854
0.3675364,0.3960678,0.2905524,0.1855889,0.338314,0.2179292,0.2866791,0.3144346,0.1891362,0.3473792,0.4105696,0.3347098,0.2375942,0.2679472,0.3654174,0.2687414,0.3653238,0.3081324,0.3060782,0.215116,0.387183,0.319045,0.294313,0.2821074,0.4498846,0.2758888,0.3460236,0.5644898,0.3609022,0.4670834,0.2789634,0.4963502,0.2335417,0.2758847,0.3348286,0.2210472,0.3620428,0.222944,0.262675,0.25092,0.3309756,0.2825354,0.2322062,0.2216016,0.4920828,0.3171778,0.443718,0.437617,0.33334,0.360849,0.5412912,0.3296178,0.257915,0.252553,0.3938124,0.3009108,0.4790988,0.3819886,0.2562056,0.3749624,0.4367338,0.295076
0.370299,0.3941878,0.2882156,0.1877803,0.3400548,0.219762,0.2889669,0.3105466,0.1902456,0.342385,0.4132406,0.332616,0.234834,0.2647224,0.3723568,0.2659908,0.3651602,0.3114968,0.3055138,0.2167154,0.3898102,0.3193278,0.293924,0.2850434,0.4496216,0.274704,0.3487852,0.5635152,0.361049,0.4721484,0.276783,0.4961406,0.2343527,0.2745116,0.3329774,0.220535,0.3637402,0.2233724,0.264898,0.2568768,0.3248764,0.284546,0.2338766,0.2193676,0.4872038,0.311191,0.4456636,0.436302,0.3312136,0.3634994,0.5403932,0.3314036,0.2591806,0.2490028,0.393869,0.3026028,0.4760994,0.3846198,0.2576266,0.3726036,0.4366102,0.2914772
0.3708726,0.3971422,0.2905738,0.1883423,0.34195,0.2176666,0.2873365,0.3114468,0.1921702,0.3431454,0.4198024,0.3346298,0.2368198,0.2678488,0.3707314,0.2646324,0.368588,0.3119984,0.303389,0.2182416,0.3890584,0.3184954,0.2889392,0.2847172,0.4498836,0.2715912,0.34773,0.5706522,0.3616302,0.473011,0.2788032,0.5005432,0.2374149,0.275729,0.3373698,0.221012,0.364879,0.2208856,0.2662376,0.2584224,0.331452,0.2815404,0.232747,0.2224396,0.4877134,0.3113828,0.4426518,0.4381794,0.3361928,0.3629434,0.5467282,0.3307636,0.2615074,0.2467256,0.3958946,0.3025504,0.4734886,0.3868572,0.2558976,0.371751,0.4361798,0.2889029
0.372714,0.399092,0.2905262,0.1858807,0.344102,0.2164886,0.2921292,0.3092586,0.1920344,0.3467332,0.421407,0.3357452,0.2374662,0.2716974,0.369776,0.266835,0.3710488,0.3093582,0.3028256,0.2232682,0.3914276,0.3174054,0.2908102,0.2861344,0.45048,0.277178233333,0.3520906,0.5721242,0.3600276,0.474174,0.2756168,0.5073034,0.2369296,0.2737146,0.3359426,0.220152,0.3626286,0.2184928,0.2669526,0.2578152,0.3311346,0.2820214,0.2326602,0.2243532,0.490636,0.3124426,0.4391052,0.4348864,0.3355032,0.365816,0.5494044,0.3305504,0.2608288,0.2484032,0.3977268,0.3038744,0.469381,0.3916072,0.2553218,0.3690212,0.4360886,0.2935969
0.3712262,0.4012528,0.2914174,0.1851699,0.342984,0.2165994,0.2895919,0.3092066,0.1914446,0.3444196,0.4232408,0.333757,0.2370268,0.2781726,0.3698156,0.2647066,0.371426,0.3090566,0.302469,0.228206,0.3871172,0.3138744,0.2931992,0.2872366,0.4515874,0.280101633333,0.3552722,0.5696964,0.3610164,0.4746512,0.2773584,0.505932,0.2348743,0.2734376,0.3350074,0.219046,0.3608794,0.2237028,0.2702882,0.2572536,0.3317546,0.2837584,0.230738,0.2248164,0.4892396,0.3160822,0.437107,0.4355912,0.3376244,0.367444,0.5508148,0.3300092,0.258892,0.246462,0.3991822,0.300714,0.472944,0.3906738,0.2520822,0.3687716,0.4370806,0.2969416
0.3702416,0.40154,0.2924938,0.1830202,0.3424652,0.2172589,0.288897,0.3091106,0.1895502,0.3396684,0.4185888,0.3331664,0.2406348,0.2777022,0.3725702,0.2673344,0.3739182,0.3064754,0.3005376,0.2329574,0.3934062,0.3127918,0.2965712,0.2847274,0.4484184,0.280720833333,0.352084,0.5666922,0.3579744,0.4785366,0.276076,0.49804,0.2354823,0.271492,0.3351096,0.2195434,0.3568259,0.2247618,0.270222,0.2581166,0.330489,0.2827994,0.2283558,0.2236122,0.4880904,0.3161222,0.4436518,0.435142,0.3329184,0.3709934,0.5452256,0.3311924,0.2584874,0.2464416,0.4051232,0.2980664,0.4719516,0.3940452,0.2507436,0.3710222,0.437159,0.298595
0.3673586,0.3982462,0.2900612,0.1842754,0.3430544,0.215022,0.2901786,0.3093732,0.1899226,0.343871,0.4233264,0.3358184,0.2431934,0.2778396,0.3714432,0.2676134,0.3711968,0.3080014,0.3021772,0.2322294,0.3917264,0.3097216,0.2996494,0.2891692,0.4469388,0.2767417,0.3516938,0.5696056,0.3573784,0.481075,0.2743744,0.5035862,0.2341587,0.270144,0.334209,0.2173114,0.3572041,0.2243111,0.271372,0.259325,0.330171,0.2844434,0.2279058,0.223885,0.4899098,0.3168728,0.4417648,0.4413742,0.3319368,0.3691678,0.545685,0.3334652,0.2584946,0.2445862,0.4148812,0.2982384,0.4717616,0.3906822,0.2535548,0.3693816,0.4383626,0.306014
0.3678424,0.4019808,0.2873902,0.1867246,0.341329,0.2160666,0.2933756,0.3065684,0.1876436,0.347119,0.4326466,0.3361376,0.2411818,0.2803632,0.3673612,0.2663164,0.3709396,0.3109806,0.30044,0.2308984,0.3900536,0.3087944,0.298798,0.2940346,0.4489396,0.2770415,0.3481574,0.5698602,0.3580638,0.4790588,0.2774396,0.5174124,0.2342739,0.2720976,0.33208,0.2176122,0.3599103,0.2287952,0.2713124,0.2582808,0.3297372,0.2850632,0.2257858,0.224497,0.4880418,0.3212722,0.4400144,0.4411228,0.33148,0.3690512,0.548669,0.3354984,0.2622528,0.249557,0.418127,0.2949666,0.4688846,0.3972406,0.2515836,0.3649918,0.4361508,0.3039716
0.3661948,0.398389,0.2900846,0.1853966,0.3414636,0.2154567,0.2897176,0.3047248,0.185587,0.3493534,0.441052,0.3353239,0.2423276,0.2825466,0.367109,0.2670052,0.3731642,0.3079486,0.3047018,0.2346602,0.3885316,0.3065864,0.2976434,0.3000151,0.4505496,0.2797243,0.3478848,0.5705864,0.362874,0.482736,0.2773804,0.5302126,0.2351519,0.2736872,0.3301652,0.2163978,0.3605584,0.2287884,0.2697372,0.2571256,0.3288016,0.2888606,0.2247406,0.2231476,0.4909708,0.3235744,0.439091,0.4463246,0.3311952,0.3705382,0.548624,0.3354278,0.2589304,0.2498844,0.4222944,0.2960856,0.4694184,0.3991228,0.2451026,0.3636812,0.4358386,0.3051224
0.367448,0.4008618,0.2928618,0.1870954,0.3419468,0.2175471,0.2870328,0.3062212,0.1872158,0.3540072,0.4502615,0.3311883,0.2418498,0.2786946,0.3706308,0.2635334,0.372896,0.3076556,0.3035458,0.2354804,0.3886168,0.3051278,0.2969318,0.3056112,0.448604,0.2805465,0.3464266,0.5772472,0.3572958,0.4795964,0.2742036,0.5348266,0.2349551,0.2711186,0.327393,0.2166966,0.3605412,0.2310638,0.2685974,0.2606656,0.3279062,0.29265,0.2235378,0.2224392,0.4890088,0.3260948,0.437734,0.4444866,0.3297004,0.3710926,0.5481846,0.3392548,0.259504,0.2476644,0.4257286,0.2981152,0.469859,0.3943258,0.2447948,0.3645474,0.4374754,0.2989682
0.3683714,0.4010196,0.2933078,0.1885126,0.3405636,0.2168289,0.2874106,0.3066064,0.1869768,0.3576786,0.4529708,0.3321328,0.2368346,0.2792886,0.3686474,0.2644012,0.3712178,0.3072238,0.3018988,0.2359582,0.3868196,0.3051598,0.2979082,0.3064886,0.4480414,0.2825287,0.3473538,0.5746246,0.3569707,0.480694,0.274243,0.5354097,0.2348727,0.2708308,0.3281594,0.2140058,0.3579546,0.2340994,0.266811,0.2612752,0.3263404,0.292694,0.2241784,0.221824,0.4881716,0.3234024,0.4346548,0.44244,0.3270602,0.367906,0.5455374,0.34094,0.259434,0.245949,0.4265382,0.296856,0.4681098,0.3962194,0.2453474,0.3612354,0.4381158,0.2986451
0.3691528,0.3968032,0.293989,0.1887422,0.3401934,0.2142147,0.2934242,0.305338,0.1884758,0.3620452,0.4541794,0.3290122,0.2422982,0.2802052,0.3706724,0.264093,0.3714992,0.3063748,0.3000802,0.235951,0.387316,0.306867,0.2993212,0.308067,0.4459002,0.2819159,0.3470126,0.574745,0.3568425,0.484984,0.2737268,0.5448236,0.2323757,0.2690094,0.3286192,0.2124438,0.3565156,0.2363772,0.267564,0.262406,0.3285998,0.2948038,0.2245722,0.2198554,0.4884352,0.3197264,0.4365018,0.4507486,0.3238388,0.3656152,0.5475192,0.3403672,0.2602734,0.2469328,0.4332598,0.2987754,0.4590708,0.3972722,0.2439426,0.3593584,0.4373934,0.2932411
0.3683522,0.4030368,0.2919544,0.1891202,0.3409984,0.214103,0.294811,0.304834,0.189698,0.3622366,0.4580354,0.3269238,0.2433211,0.2831098,0.3688462,0.2618546,0.3724422,0.3037536,0.300448,0.236265,0.3893992,0.3058054,0.3003774,0.3071744,0.445448,0.2866481,0.3474048,0.5734398,0.3536726,0.4858608,0.2729764,0.5418932,0.2361774,0.2685949,0.3275728,0.212757,0.3533488,0.2391198,0.267685,0.2621564,0.3296878,0.2946322,0.2289438,0.2199334,0.4885088,0.3165046,0.4342804,0.4485668,0.3252004,0.3672182,0.5498356,0.3411292,0.2611236,0.2460564,0.4325206,0.2974042,0.4644528,0.3962488,0.2433076,0.3559366,0.4389792,0.2936666
0.3672364,0.3983746,0.2906466,0.1876636,0.340491,0.212628,0.2952764,0.3037686,0.1879684,0.3591,0.4583438,0.3263032,0.2485029,0.28622,0.3690382,0.2647866,0.3719818,0.302112,0.2977236,0.2357218,0.3892514,0.3074516,0.3014066,0.3118058,0.4451218,0.2860998,0.3425842,0.5703038,0.3499328,0.482433,0.2723692,0.539628,0.234494,0.2649996,0.3273526,0.2143046,0.3500062,0.2396626,0.2664724,0.2623362,0.3318422,0.292535,0.2266342,0.2220712,0.4876912,0.3192732,0.4311216,0.4463742,0.332285,0.3679552,0.5518716,0.3389776,0.2573202,0.2443258,0.4382398,0.2938676,0.462976,0.393115,0.2400164,0.3559122,0.4384046,0.293164
0.3705926,0.400198,0.2919476,0.187576,0.3408486,0.2114986,0.293624,0.3009682,0.1887008,0.3553798,0.4557396,0.3269626,0.2499503,0.2877912,0.3669076,0.2608268,0.3698944,0.303691,0.2932944,0.2351316,0.384973,0.3064365,0.3002256,0.3120592,0.4428768,0.2879106,0.3464024,0.5758978,0.3480606,0.482783,0.2696116,0.5393404,0.23331,0.2635166,0.3276202,0.212061,0.3523996,0.2370692,0.2659544,0.2626905,0.3325194,0.2889996,0.2265934,0.2222188,0.48586,0.3180994,0.4297014,0.440918,0.330203,0.3682752,0.548335,0.3414568,0.2570718,0.2420848,0.4356076,0.2975376,0.4620302,0.390908,0.2359152,0.3530626,0.4399292,0.2948696
0.369365,0.4021886,0.29269,0.1864402,0.3398924,0.2118738,0.2951116,0.2964532,0.1877182,0.3570294,0.4541482,0.3265394,0.2541669,0.2905814,0.369542,0.2582014,0.3708476,0.3044778,0.2922038,0.232368,0.3886274,0.3067971,0.2999956,0.315005,0.4393552,0.2882244,0.3465036,0.575976,0.3495856,0.4878658,0.2685596,0.540159,0.2302632,0.2645808,0.328082,0.210924,0.348644,0.2385528,0.2667458,0.2632407,0.3285678,0.287307,0.2246798,0.2215162,0.4852056,0.3188982,0.4299346,0.4364244,0.3325754,0.3660568,0.5526522,0.340132,0.2582648,0.2391436,0.4367972,0.2990348,0.458502,0.3986002,0.235475233333,0.3512212,0.4366508,0.2928918
0.3707346,0.4052506,0.2888054,0.1849922,0.3376624,0.214903,0.2961516,0.2946206,0.1880342,0.3551318,0.454936,0.3283422,0.2564668,0.2915816,0.3672582,0.2564048,0.3693672,0.3053806,0.2894996,0.2324896,0.3899004,0.3036795,0.3035682,0.3127144,0.440572,0.2902956,0.3470578,0.5785008,0.349391,0.491212,0.2655102,0.537934,0.2278762,0.265822,0.3288322,0.2116044,0.3481044,0.2395154,0.2654578,0.2684144,0.3301536,0.2872304,0.2257908,0.2211236,0.4832474,0.3193256,0.4265674,0.4346796,0.3305368,0.3651042,0.5487836,0.3406512,0.2592708,0.2387428,0.4415174,0.2977258,0.4643216,0.3925266,0.2360859,0.3493782,0.4366372,0.2935602
0.3710028,0.4013024,0.2905666,0.186877,0.3406044,0.2136442,0.2967544,0.292769,0.191494,0.3582206,0.450651,0.325277,0.2585202,0.2922448,0.3680168,0.253725,0.369741,0.305249,0.286101,0.2329578,0.39057,0.3043169,0.3027342,0.3138942,0.4355438,0.2889822,0.3469246,0.5571883,0.3507136,0.4927376,0.2608486,0.540835,0.2269924,0.2642092,0.328435,0.2114019,0.3481982,0.2393792,0.2644978,0.273172,0.3340368,0.2876272,0.2232826,0.2202318,0.4869546,0.3166442,0.4202738,0.435273,0.327437,0.367458,0.5504764,0.3427238,0.2579924,0.2420868,0.43862,0.2966806,0.4608706,0.3959126,0.2346665,0.3505568,0.4372724,0.2918664
0.3721486,0.4024354,0.2930452,0.1852916,0.3449454,0.213742,0.300426,0.2953232,0.191866,0.3633548,0.4570912,0.3227514,0.2596348,0.2912474,0.3652114,0.2507364,0.3726506,0.304414,0.2860672,0.2330954,0.390764,0.3024251,0.3046628,0.3140646,0.4351666,0.289598,0.3565314,0.5658106,0.3511916,0.4916496,0.2600584,0.5359046,0.2281188,0.2622892,0.3227952,0.2139888,0.3449908,0.2380058,0.2620046,0.2754554,0.3310554,0.2880734,0.2198206,0.2202388,0.4901774,0.316815,0.4171952,0.4394398,0.3294812,0.369338,0.5505438,0.3441422,0.2568186,0.237495,0.43545,0.2984064,0.4613748,0.3975876,0.2347396,0.3482866,0.4440948,0.290595
0.3724026,0.399199,0.29154,0.1833382,0.3445945,0.2143496,0.3009228,0.2955336,0.1936346,0.3623272,0.4623494,0.3227878,0.259783,0.2926462,0.3639988,0.2485906,0.3680054,0.2966554,0.2863718,0.2323532,0.391138,0.3009393,0.3058404,0.3173622,0.4314644,0.2913078,0.3617582,0.5736414,0.3533748,0.4936012,0.2603654,0.5318006,0.2296462,0.2594892,0.3214012,0.2183312,0.3436018,0.2357788,0.2616192,0.2740544,0.3323046,0.2841714,0.2197842,0.222038,0.4878454,0.313869,0.4150352,0.4359162,0.3256911,0.3665958,0.549592,0.3473074,0.2533642,0.2358142,0.4384242,0.2990848,0.4602856,0.3951018,0.2374412,0.3508732,0.455464,0.2916082
0.3683474,0.410879866667,0.2926226,0.182056,0.3530295,0.2155892,0.3025124,0.2958414,0.1905314,0.3583196,0.461018,0.3243346,0.2579368,0.2921344,0.3605782,0.2464934,0.3669486,0.2952988,0.2873418,0.2340446,0.3908088,0.2996819,0.3068126,0.3191548,0.4333574,0.2939394,0.3700478,0.5874476,0.3515576,0.4886844,0.2609692,0.5371678,0.226424,0.261849,0.3218314,0.2188194,0.3412756,0.239784,0.2591792,0.2786374,0.3349518,0.285168,0.2182578,0.223871,0.484386,0.3166482,0.4193748,0.433018,0.3266495,0.3670084,0.5450724,0.344626,0.25475,0.2363148,0.4365834,0.3025594,0.4564606,0.3997992,0.2398329,0.3507622,0.4633264,0.288703
0.3661104,0.419606266667,0.2947298,0.1862756,0.3498552,0.2213392,0.305367,0.299085,0.1931608,0.3598984,0.4550706,0.324343,0.2607772,0.2887354,0.3609496,0.2467798,0.3695168,0.29562,0.2847312,0.2358238,0.3942644,0.2970372,0.3047856,0.3182626,0.4335894,0.2930046,0.3708302,0.5924128,0.3539862,0.4894294,0.2596306,0.5426118,0.2250228,0.2606236,0.323207,0.2175174,0.3420908,0.2399998,0.2602316,0.279199,0.3379778,0.283637,0.2203446,0.2247436,0.490432,0.3202928,0.4214208,0.434285,0.3291847,0.3671456,0.553577,0.346058,0.2558542,0.2346996,0.4368722,0.3080388,0.4568272,0.4026098,0.2396111,0.3533144,0.4646634,0.288188
0.364657,0.4311392,0.2939466,0.184463,0.3552082,0.2223698,0.3067876,0.2991426,0.1940968,0.3581646,0.4561776,0.3248126,0.2598518,0.2935766,0.3599908,0.2449408,0.3671436,0.293881,0.2828816,0.2372128,0.3920924,0.2964068,0.3061228,0.317753,0.4309388,0.292622,0.3738424,0.5973304,0.3500472,0.4919066,0.2587706,0.5473612,0.22606,0.2651434,0.3189884,0.218517,0.3410422,0.2406804,0.2619146,0.2847132,0.3379566,0.2822928,0.2186686,0.222578,0.4944708,0.3231618,0.4255414,0.4383458,0.3317692,0.3609302,0.5496474,0.3466744,0.2581266,0.2335346,0.4367274,0.312464,0.4574064,0.3972952,0.2388193,0.3477538,0.4746842,0.289596
0.3701928,0.4391558,0.2925542,0.1843232,0.35528,0.2205638,0.3025726,0.2974666,0.1913582,0.3576686,0.4558826,0.3259748,0.2582232,0.29142,0.3626592,0.2462052,0.365333,0.294598,0.2818022,0.2404276,0.39651,0.2955736,0.3071136,0.3188444,0.4279466,0.2921308,0.3764984,0.595989,0.352478,0.4973166,0.259124,0.540272,0.2244988,0.2685504,0.3181014,0.2198892,0.341044,0.2418664,0.2640178,0.2844802,0.33636,0.280988,0.2192522,0.2193452,0.5001478,0.3287688,0.422432,0.4376078,0.3337872,0.3599072,0.5506878,0.3475396,0.2591544,0.2341702,0.438874,0.3135942,0.4549008,0.3990396,0.2398519,0.346783,0.4800844,0.2882816
0.3726588,0.4414932,0.293624,0.1822088,0.3554201,0.2182934,0.3014444,0.2964738,0.1917826,0.3532998,0.454109,0.323567,0.2563766,0.292857,0.3649634,0.245723,0.3685478,0.295446,0.2818172,0.2403618,0.3924396,0.2977422,0.3115714,0.3169152,0.4318046,0.2913956,0.3797736,0.5935936,0.3534334,0.4965524,0.253689,0.5380504,0.2263838,0.268935,0.3174338,0.2212386,0.3400784,0.2473638,0.2683022,0.2829852,0.3414764,0.2799374,0.2223218,0.2187244,0.5110302,0.3237908,0.4214044,0.4374464,0.3320174,0.3564154,0.5499978,0.3467946,0.258536,0.2293876,0.4450284,0.3173918,0.452131,0.4017976,0.2392404,0.3481966,0.4806794,0.2862098
0.368462,0.444506,0.2912426,0.1807638,0.3560535,0.2173778,0.3002771,0.2966266,0.1898928,0.3520668,0.4552524,0.3206372,0.2549888,0.2917152,0.3681094,0.2449222,0.3676926,0.2971588,0.2816972,0.2403266,0.3935652,0.3006545,0.3124758,0.3158878,0.4251716,0.2926156,0.3839562,0.5984586,0.3527808,0.498871,0.251567,0.5404362,0.2255174,0.2679668,0.3147228,0.2219332,0.3434456,0.247697,0.2660356,0.2839196,0.3420524,0.2811758,0.2202452,0.2203782,0.5049092,0.3210074,0.4184032,0.4380548,0.3342892,0.3555052,0.5491692,0.3496684,0.259064,0.2311674,0.4458058,0.3180668,0.4567944,0.3988082,0.2362559,0.3494244,0.480259,0.2854274
0.3679968,0.4473888,0.2912168,0.1784686,0.3572267,0.2167394,0.3005784,0.2955152,0.193257,0.3498094,0.4595972,0.3190058,0.2561644,0.2948144,0.3671394,0.2434884,0.371018,0.2974456,0.2833648,0.2387006,0.392455,0.3001786,0.3118478,0.31578,0.4216304,0.2908698,0.385883,0.5989836,0.346988,0.4983334,0.2488732,0.5393754,0.2224286,0.2706304,0.3154838,0.2225864,0.3412054,0.2481342,0.2642674,0.288934,0.338128,0.280334,0.2189936,0.2183042,0.5101476,0.322184,0.4220958,0.4412254,0.33296,0.3589422,0.551248,0.3476754,0.2602594,0.2331666,0.4428324,0.3164134,0.4578514,0.4029692,0.2369329,0.3457186,0.4808144,0.2848948
0.3698922,0.4478222,0.2941394,0.1788684,0.3633709,0.2166888,0.2986084,0.2948306,0.1929528,0.3503456,0.4556998,0.3127454,0.2569218,0.2945148,0.3614628,0.2389632,0.36905,0.2939248,0.280907,0.2373844,0.395562,0.2997066,0.3145104,0.3161248,0.415623,0.2883734,0.3853606,0.601848,0.3519488,0.497718,0.250082,0.5457374,0.222717,0.2667638,0.3160946,0.225744,0.3383554,0.249186,0.2658018,0.291846,0.3403198,0.2834194,0.2192178,0.219805,0.512525,0.3216411,0.421959,0.4376302,0.3357384,0.3592904,0.5443536,0.3491322,0.2589868,0.2295066,0.446778,0.3192164,0.4588592,0.4058878,0.2352266,0.3435514,0.4843144,0.2829092
0.3697838,0.448913,0.2910412,0.1774706,0.3654653,0.2155658,0.2955619,0.2932674,0.1898452,0.3513612,0.4498976,0.3097478,0.258221,0.2935816,0.362069,0.2458694,0.3651094,0.295773,0.2782314,0.2391852,0.4008198,0.301645,0.3172832,0.3162396,0.4131638,0.28832,0.383508,0.5972998,0.3479784,0.4942256,0.2500518,0.5386556,0.2217184,0.2678378,0.3187572,0.2245738,0.3354714,0.2487848,0.2620734,0.2903182,0.3367734,0.2843534,0.2205582,0.2179658,0.5113184,0.3205256,0.418968133333,0.4420386,0.3344016,0.3596042,0.5467432,0.34907,0.259314,0.229023,0.4458748,0.322693,0.4485314,0.4059572,0.2328168,0.340625,0.4840742,0.2834284
0.3652592,0.4502334,0.2919536,0.1779481,0.3659173,0.2164864,0.2927485,0.2975836,0.1865364,0.3515292,0.4525226,0.3076116,0.2595882,0.2902996,0.3626648,0.244179,0.3654802,0.2921622,0.2791766,0.2407252,0.3976638,0.3023032,0.3152308,0.3154456,0.4162162,0.2877988,0.3885224,0.597958,0.3464034,0.4894282,0.2509564,0.5424346,0.2216186,0.2672995,0.3225754,0.225192,0.3305134,0.248091,0.2642647,0.2911504,0.3361976,0.2821192,0.2204696,0.2165678,0.5148244,0.3205612,0.4254452,0.4435552,0.3381384,0.3600752,0.5460162,0.3508514,0.2631992,0.2289412,0.4422886,0.3254394,0.4451602,0.3979042,0.2327046,0.3427404,0.4862444,0.282269
0.3611734,0.4525842,0.2909894,0.1776444,0.3638251,0.2174954,0.2938329,0.302996,0.1837994,0.3543336,0.4558902,0.3110702,0.2591044,0.2908104,0.3617648,0.2445776,0.364789,0.2938242,0.2764688,0.2436868,0.3946156,0.3002128,0.3154328,0.3127476,0.4151554,0.287443,0.3864716,0.5920018,0.3424058,0.5059764,0.2532498,0.5323622,0.223368,0.2669826,0.3243686,0.2254942,0.3181417,0.2455524,0.2642942,0.2919492,0.333063,0.283397,0.2184622,0.216549,0.5180526,0.3214646,0.428482,0.443527,0.3361496,0.3601596,0.5448602,0.3492368,0.2640994,0.2273784,0.4437004,0.322899,0.4451528,0.4004618,0.2296806,0.3442616,0.4870324,0.2821754
0.363863,0.4565104,0.290204,0.1782526,0.3656897,0.216029,0.2925773,0.3060474,0.1841706,0.3536428,0.4508482,0.3100664,0.2589798,0.2926698,0.3607804,0.2462259,0.3624098,0.2900368,0.2798164,0.2428722,0.3982482,0.298658,0.3154962,0.313215,0.41318,0.2878522,0.3847872,0.5931292,0.3404748,0.5219904,0.2551518,0.531067,0.2216604,0.2718968,0.325811,0.2259536,0.3202385,0.2457012,0.2626851,0.2953116,0.3297708,0.2806216,0.2187224,0.214314,0.5116034,0.3183968,0.4336372,0.4381778,0.3376032,0.3609106,0.5458378,0.3504924,0.2648116,0.2277952,0.442132,0.3231602,0.4442596,0.4029728,0.2297626,0.34047,0.4871748,0.279046
0.3616752,0.4576994,0.2869446,0.1778996,0.3684526,0.2150272,0.2909257,0.3066096,0.1835304,0.3499276,0.4505582,0.3076662,0.2610636,0.2959444,0.3619864,0.2448613,0.3643536,0.29265,0.2803828,0.2393028,0.3979288,0.30012,0.318602,0.3157292,0.4127038,0.2876468,0.38761,0.597819,0.3374868,0.5336242,0.2555138,0.5273008,0.219722,0.2699558,0.3273896,0.2269816,0.3207039,0.2457716,0.2648777,0.2941278,0.3299642,0.2801056,0.215512,0.2137482,0.503397,0.319946,0.4415072,0.4384144,0.3350806,0.3624936,0.5473112,0.354526,0.2651822,0.2223156,0.4393098,0.3194978,0.4457195,0.4021214,0.2323808,0.3384388,0.4854298,0.2815458
0.3608886,0.4498806,0.289272,0.1792809,0.3699958,0.2169472,0.2902856,0.3085958,0.183471,0.3459848,0.4486398,0.3090842,0.2614574,0.291908,0.3648136,0.2476515,0.3647198,0.2934158,0.2792426,0.2370078,0.3992416,0.2988748,0.3200126,0.3165606,0.4130296,0.2866444,0.384825,0.5976664,0.3363124,0.5422376,0.2599968,0.5288622,0.2216692,0.269235,0.3257998,0.226402,0.3215493,0.2457904,0.2666113,0.2946484,0.3288366,0.2825752,0.2161416,0.2128246,0.5023898,0.3176034,0.4429664,0.445268,0.3347166,0.364415,0.5496398,0.3530314,0.2629308,0.2230132,0.4394264,0.3225646,0.4497433,0.4034974,0.2305252,0.335386,0.4884894,0.2818838
0.3592178,0.453418,0.2880946,0.1801955,0.3672562,0.2155212,0.2895408,0.311833,0.1835546,0.3456804,0.4485232,0.3133606,0.2609618,0.293071,0.3617488,0.244788,0.365549,0.293271,0.2781528,0.2374618,0.3970698,0.2989152,0.3203572,0.3147994,0.4116938,0.2859288,0.3885726,0.5949108,0.3370788,0.5571184,0.2614972,0.5318372,0.2195316,0.2679132,0.322708,0.2255326,0.3232171,0.2490282,0.2634028,0.292787,0.3282164,0.2806478,0.2150934,0.2144612,0.504327,0.31584,0.444405,0.4475794,0.330533,0.365197,0.5427796,0.3573314,0.2631852,0.2229414,0.438968,0.3230468,0.4570812,0.4022286,0.2274688,0.3328794,0.4905496,0.2808766
0.3596524,0.4486016,0.2874066,0.1818097,0.366135,0.2172118,0.2893372,0.3147982,0.184304,0.3445682,0.4539048,0.317181,0.2627622,0.2932782,0.3614868,0.2448336,0.3635054,0.2971252,0.2758602,0.2388516,0.396325,0.299368,0.3217442,0.3167186,0.4100292,0.286022,0.3804526,0.5972124,0.338545,0.5546872,0.2589206,0.5386988,0.2162846,0.2665856,0.3198904,0.2268348,0.3273821,0.2507146,0.2612132,0.2924516,0.3267508,0.284684,0.2151168,0.2141882,0.5055574,0.3164716,0.4446128,0.4344918,0.3279486,0.364428,0.5586322,0.35684,0.2700452,0.2228468,0.4351254,0.3240416,0.4632114,0.4055146,0.226357,0.3322726,0.4888324,0.278695
0.3571744,0.4504912,0.2866852,0.1793415,0.3662082,0.216359,0.2892092,0.3140322,0.1837502,0.3449642,0.451546,0.3185712,0.2629794,0.2951582,0.3638304,0.242304766667,0.3619806,0.2927558,0.2798902,0.237172,0.3977874,0.2991794,0.3192256,0.3212374,0.4121068,0.2898496,0.3824714,0.5973192,0.3388046,0.5527402,0.2605142,0.5355988,0.217677,0.2678468,0.3194868,0.2247128,0.3254373,0.251328,0.2635043,0.292125,0.3213858,0.2828682,0.216435,0.2133446,0.5047422,0.3199108,0.4459547,0.4407254,0.3280442,0.3588228,0.563713,0.3548002,0.2649914,0.2235728,0.4313118,0.3276598,0.4674856,0.4039302,0.2256904,0.3305952,0.4897714,0.27572
0.3591618,0.4510344,0.2884928,0.1824781,0.3673452,0.2163484,0.2865191,0.3132642,0.1819278,0.3479976,0.4547208,0.3220831,0.2617048,0.2930844,0.360211,0.240131166667,0.3569616,0.2929994,0.2777118,0.2388144,0.3978396,0.2974594,0.3193424,0.3212654,0.4149794,0.287716,0.386175,0.6021206,0.3381316,0.5486878,0.2633482,0.530479,0.215904,0.2664804,0.3211112,0.2226744,0.3297618,0.2520682,0.2640025,0.2893142,0.3204886,0.283696,0.2167603,0.2130878,0.5056586,0.3203464,0.4428224,0.4456316,0.3242586,0.3576402,0.566271,0.3543616,0.2717038,0.2228264,0.4348702,0.3282882,0.4615654,0.4029886,0.2266254,0.3313182,0.4880916,0.2721352
0.35625,0.4490818,0.2833514,0.1830671,0.367913,0.2169564,0.2849906,0.3126726,0.181791,0.3488916,0.4541766,0.323199,0.263249,0.2914494,0.3569864,0.240289566667,0.3593466,0.2942582,0.2782658,0.2416222,0.3975204,0.2939862,0.3232924,0.3244932,0.4137102,0.2865882,0.3893236,0.6008344,0.3325996,0.5529342,0.2634138,0.528791,0.217922,0.2636152,0.3223646,0.2208006,0.3275398,0.2520956,0.2630531,0.2896038,0.3232578,0.281508,0.2179899,0.2136217,0.5095258,0.317292,0.4394078,0.4477906,0.3285984,0.3576644,0.5638148,0.3540278,0.2759124,0.2207358,0.4344894,0.326501,0.4615924,0.4060966,0.2257262,0.331821,0.4884016,0.2741108
0.3576432,0.4576202,0.2818644,0.1823881,0.3674884,0.218689,0.284794,0.313866,0.1842488,0.3503264,0.4553934,0.3246621,0.2656588,0.291018,0.3589576,0.239813666667,0.36117,0.2923014,0.2753896,0.2429326,0.3936444,0.2952716,0.3239984,0.3212754,0.4147186,0.2887202,0.3879874,0.6018844,0.3344226,0.5580136,0.264425,0.5357186,0.2154062,0.2632992,0.3241786,0.219706,0.3302781,0.2524644,0.2615128,0.2893392,0.3246848,0.2802114,0.2150583,0.2147324,0.5116134,0.3156746,0.4394994,0.4465754,0.327767,0.3598306,0.5721282,0.3553496,0.2771654,0.2219498,0.4296358,0.3228934,0.4628596,0.4059046,0.2252422,0.329387,0.4853488,0.2771052
0.3571212,0.4550308,0.2860162,0.1816994,0.3653614,0.216828,0.2856992,0.3109646,0.1836278,0.3502834,0.4561222,0.3263309,0.2654686,0.2921968,0.3600464,0.237879866667,0.357948,0.2907904,0.2758836,0.239963,0.3952698,0.2914532,0.3259986,0.3207192,0.4140662,0.2864292,0.3923648,0.6036414,0.3280066,0.5612926,0.2644374,0.5289312,0.21746,0.2628848,0.3250982,0.2182782,0.3298951,0.2535166,0.2614788,0.2864762,0.329313,0.279707,0.2133605,0.2157146,0.5109862,0.3139646,0.4401462,0.4414136,0.3287352,0.3603146,0.5753768,0.3569118,0.281366,0.2220002,0.4321774,0.323846,0.4669538,0.4031094,0.2289294,0.3326808,0.4848684,0.2778304
0.3568976,0.4592636,0.2882176,0.1797722,0.3680532,0.216104,0.2844326,0.3087066,0.1830286,0.3524338,0.453237,0.3307121,0.2648072,0.292128,0.362658,0.238260366667,0.3537798,0.2883378,0.2741298,0.237925,0.3936866,0.2913848,0.3257962,0.318922,0.4117922,0.2866696,0.389216,0.6028096,0.3248986,0.558101,0.2648006,0.5340512,0.218732,0.2628596,0.3219788,0.2167836,0.3308235,0.251312,0.2585306,0.285178,0.3278232,0.2801388,0.2141677,0.2122826,0.5098542,0.3150052,0.4423686,0.4449808,0.326968,0.3570656,0.5690642,0.3533218,0.2854624,0.2208346,0.4319322,0.3243046,0.4699336,0.406972,0.2247382,0.3288734,0.482734,0.28105
0.3546934,0.4608716,0.2867018,0.1815682,0.3692922,0.214499,0.2846632,0.3149114,0.1835566,0.3481176,0.4534248,0.3311479,0.2665952,0.291353,0.3645032,0.242804766667,0.3551088,0.2866148,0.2747144,0.235771,0.39508,0.2915722,0.3288046,0.3197314,0.4074994,0.2861774,0.390562,0.598781,0.32619,0.55594,0.2618792,0.5309702,0.2185326,0.2605374,0.3239024,0.2158986,0.3313565,0.2493034,0.2584247,0.2833686,0.3265416,0.2797804,0.2147202,0.2133486,0.513044,0.3127874,0.441497,0.4511396,0.3310864,0.3544136,0.5679724,0.3592184,0.2849802,0.221622,0.437807,0.3248334,0.4655768,0.4021664,0.225517,0.330057,0.4831902,0.2791764
0.3535998,0.4607504,0.284509,0.1799378,0.3677784,0.2103558,0.2820362,0.3162872,0.1833112,0.3481678,0.4505938,0.3323699,0.267113,0.2927852,0.3644778,0.2384443,0.356364,0.2851378,0.2748246,0.2376826,0.3991564,0.289899,0.3312786,0.3184486,0.4055138,0.2845936,0.3860956,0.6035962,0.3260304,0.5566384,0.2615524,0.533954,0.21794,0.2580684,0.3216906,0.2158568,0.3318079,0.2501632,0.2563596,0.2814454,0.326721,0.2760558,0.21293,0.2132392,0.5070424,0.3117992,0.4360602,0.4555736,0.3294656,0.3517426,0.5737104,0.3583156,0.2895762,0.2232138,0.4371638,0.3228742,0.4647322,0.3992698,0.224209,0.3310152,0.4869082,0.2786446
0.3578244,0.4601914,0.2832496,0.178555,0.3654988,0.2076234,0.2788614,0.314374,0.1840786,0.3477574,0.4479236,0.3298641,0.2645506,0.2913334,0.370319,0.2400319,0.3610826,0.2853186,0.2710074,0.2385106,0.3973526,0.2866568,0.330931,0.3175758,0.4056898,0.2868594,0.3884334,0.6012,0.3246616,0.5555872,0.2615186,0.5294128,0.215008,0.2578264,0.3197402,0.2122536,0.3313184,0.2471254,0.2579103,0.2838326,0.3261974,0.2749224,0.2147598,0.213168533333,0.5056702,0.3113758,0.4380002,0.4585372,0.3309766,0.3598918,0.5725344,0.3600594,0.2930956,0.2226696,0.4317388,0.3257306,0.4651582,0.3998528,0.2233604,0.3258529,0.4815624,0.2752672
0.3582364,0.4622218,0.2801174,0.1790102,0.3633392,0.2062102,0.2821242,0.3107058,0.1847178,0.3501484,0.4456472,0.3325883,0.2653344,0.2914294,0.373758,0.2405154,0.363003,0.2840354,0.2709092,0.2393484,0.3988588,0.2866262,0.3326858,0.3194866,0.4063044,0.286908,0.3907228,0.5937012,0.32772,0.5555994,0.2619158,0.5251836,0.2160672,0.2570358,0.3171546,0.2100886,0.334848,0.242755,0.2566216,0.2844786,0.325868,0.2746536,0.2120296,0.214183333333,0.4970432,0.310602,0.439283,0.4586304,0.3313126,0.3603558,0.5672818,0.3588364,0.2891836,0.2192856,0.4270792,0.326257,0.4625038,0.3972368,0.2206942,0.3232176,0.4838512,0.2738616
0.358493,0.4627038,0.2823752,0.1783718,0.362711,0.2074644,0.282933,0.3104326,0.187992,0.3514696,0.4438,0.3338945,0.2626452,0.2858548,0.373424,0.239903,0.3639542,0.2809622,0.2722078,0.237718,0.3932244,0.2863408,0.3332174,0.320519,0.4060216,0.288051,0.390426,0.5940552,0.3288622,0.5521118,0.2585338,0.5242244,0.217602,0.255927,0.3204562,0.2125284,0.3279,0.2436896,0.2568248,0.2865324,0.3248882,0.2745726,0.208589,0.213037833333,0.4969002,0.3098376,0.4356262,0.4507214,0.327925,0.3678064,0.5711216,0.3640894,0.288593,0.2210194,0.426898,0.3250888,0.4649518,0.4015008,0.223096,0.3239268,0.4877024,0.273631
0.3569252,0.461186,0.2788738,0.1786568,0.3628366,0.2053366,0.283097,0.3120818,0.1858898,0.3493794,0.4487972,0.3337782,0.262253,0.2879896,0.3704662,0.2444978,0.3632102,0.2793634,0.2711336,0.235698,0.3958464,0.28576,0.3350536,0.3176828,0.4067124,0.2869808,0.3915122,0.5947662,0.3327182,0.554727,0.2572026,0.525907,0.2181498,0.2552236,0.325038,0.2157818,0.3277132,0.2430294,0.2582816,0.2883974,0.3259912,0.2772986,0.2080614,0.216417033333,0.495522,0.3115822,0.4359212,0.4452796,0.3288622,0.3681904,0.5734364,0.3636272,0.289684,0.220924,0.4260594,0.3251856,0.4631224,0.4071878,0.2206428,0.3231731,0.4883704,0.2720092
0.3544998,0.4605382,0.281669,0.1773302,0.3605184,0.2058024,0.2814032,0.3127052,0.1864702,0.3496066,0.4441572,0.3332688,0.262342,0.2896926,0.3741998,0.2470182,0.3676798,0.2846546,0.2697326,0.2354768,0.3982868,0.286913,0.3316046,0.320929,0.4030356,0.287558,0.389246,0.5980428,0.3305554,0.5570044,0.2554106,0.531562,0.218647,0.2555228,0.3224604,0.2183128,0.3266904,0.2437946,0.254849,0.2902956,0.3252994,0.2778034,0.2049746,0.216962666667,0.489912,0.312127,0.4359074,0.4497746,0.3285928,0.3720956,0.5709422,0.363646,0.2887138,0.2220486,0.424286,0.3246064,0.4636386,0.4053496,0.2201014,0.3224683,0.4916584,0.2724082
0.3545564,0.4588434,0.2772086,0.176885,0.3608254,0.2078902,0.2808506,0.3114336,0.1859524,0.3495446,0.4461476,0.3333536,0.2623064,0.2912414,0.3744498,0.2478212,0.3647822,0.280819,0.2685566,0.2373202,0.401165,0.2855088,0.3312732,0.3187346,0.4050564,0.2839508,0.3889592,0.590978,0.331096,0.5569394,0.257606,0.5276166,0.2214818,0.253378,0.3208398,0.2184714,0.3233537,0.2433934,0.2567686,0.2897342,0.3261804,0.2800144,0.2033348,0.218897266667,0.4857688,0.3125732,0.437238,0.4503118,0.32371,0.3739446,0.5753474,0.3644206,0.2901554,0.2208506,0.4235912,0.323605,0.4602234,0.4025534,0.2205346,0.3246477,0.4924012,0.2750228
0.3515118,0.461481,0.2797348,0.1776304,0.3608404,0.2056824,0.2759992,0.3119248,0.185685,0.3482326,0.4448558,0.3359076,0.2618636,0.2935701,0.378874,0.248669,0.3596044,0.2831622,0.2679358,0.2360262,0.400072,0.2823136,0.329795,0.316885,0.401949,0.2890498,0.3954002,0.5877368,0.3268444,0.552375,0.2590376,0.5257136,0.219286,0.2534958,0.319097,0.2165672,0.3194362,0.2431888,0.2548638,0.284688,0.3275206,0.2759046,0.2050962,0.218637266667,0.4873304,0.3147146,0.4329892,0.4592778,0.3224776,0.3767368,0.574191,0.3664248,0.29269,0.2230226,0.4259864,0.3249744,0.4607434,0.3976398,0.2216688,0.3230655,0.4895474,0.2765106
0.3549506,0.46577,0.277503,0.1791906,0.3602132,0.2065048,0.278309,0.3081762,0.1837508,0.3488186,0.4435578,0.3394644,0.2622746,0.2950811,0.3817106,0.2450788,0.362134,0.2836646,0.2672164,0.2363464,0.4041326,0.2764028,0.330178,0.3195142,0.4029226,0.2871726,0.3965158,0.5852716,0.3325292,0.5550796,0.2578036,0.5202976,0.2199638,0.2549329,0.3229776,0.2172284,0.3189117,0.2438126,0.2557022,0.2833814,0.3264542,0.2718872,0.2050314,0.218445866667,0.4863436,0.3136894,0.4358708,0.4560962,0.32052,0.3765601,0.5735602,0.3663754,0.292507,0.219977,0.4324962,0.3276056,0.4612528,0.4038086,0.2212364,0.3219037,0.4900952,0.2721068
0.3527016,0.4607912,0.2776734,0.179224,0.3595506,0.2090192,0.2815487,0.3095368,0.1861678,0.3481966,0.4405552,0.3391452,0.2657764,0.2959549,0.3814248,0.247348,0.363403,0.2844726,0.2683168,0.2368816,0.400239,0.2750428,0.3307586,0.3196672,0.4044138,0.288995,0.3947368,0.5886716,0.3332834,0.5577796,0.2572476,0.5270464,0.2232208,0.2556492,0.3218912,0.2195998,0.3199089,0.2424215,0.2542276,0.2842248,0.3282378,0.2733752,0.2029304,0.2173022,0.4849436,0.3126504,0.4322254,0.45439,0.320441,0.3747247,0.574306,0.3666376,0.294334,0.2199314,0.4294342,0.3238248,0.4611382,0.4054766,0.218729,0.3187064,0.4898728,0.270322
0.3518666,0.4626498,0.2836696,0.1792514,0.3574692,0.2092988,0.2825945,0.3082136,0.1832566,0.3435246,0.4389484,0.341419,0.2668776,0.2923797,0.3754142,0.24688,0.363735,0.2835764,0.2712634,0.2400784,0.3995128,0.2766108,0.3322876,0.3192118,0.4015164,0.2895844,0.397194,0.5952354,0.3319115,0.560574,0.2549792,0.5193522,0.2217314,0.252683,0.3229188,0.216613,0.3211897,0.2431943,0.254303,0.2833952,0.3282344,0.2729024,0.1995524,0.2184148,0.48774,0.3103032,0.43332,0.4534978,0.3213738,0.3755851,0.572211,0.3661128,0.2940678,0.2192462,0.4297672,0.3228746,0.4573582,0.4079808,0.219486,0.3196852,0.4856834,0.2719511
0.3515354,0.4636834,0.2812676,0.1774682,0.3592306,0.206042,0.2852394,0.3066204,0.1813858,0.346644,0.4384172,0.3382947,0.2701344,0.2934705,0.379877,0.2488228,0.3592914,0.2852082,0.2683528,0.2391612,0.398973,0.2734504,0.3326178,0.3184308,0.398583,0.2864459,0.3957598,0.5952416,0.3322087,0.5590402,0.2551926,0.5277662,0.222836,0.2523525,0.3242642,0.2202084,0.3218755,0.2410274,0.2526891,0.281928,0.3290494,0.2704498,0.2007748,0.2215088,0.482565,0.3084964,0.4301016,0.4527348,0.321545,0.3766957,0.5763138,0.3647144,0.2942712,0.221393,0.4283852,0.319967,0.4576296,0.4135818,0.2198142,0.32071,0.486429,0.273307866667
0.3536728,0.4660298,0.2832322,0.178255,0.3607156,0.2074598,0.2841924,0.304322,0.1803968,0.345825,0.4381698,0.3394423,0.2715186,0.2945075,0.3763462,0.2479956,0.3604448,0.2863576,0.2665362,0.238463,0.401182,0.2689402,0.3314546,0.3188514,0.3966542,0.2845739,0.3959538,0.5946772,0.3300314,0.5589246,0.2563238,0.5320948,0.2212918,0.2500127,0.3212748,0.2205042,0.3233085,0.2374648,0.2516468,0.2833712,0.3300878,0.269699,0.199289,0.2231446,0.4792426,0.3020984,0.4279582,0.4499162,0.3170798,0.3758458,0.5719902,0.3653738,0.2966478,0.2244616,0.424912,0.3180248,0.4545898,0.4215216,0.2162674,0.3206624,0.4816216,0.272237066667
0.3488424,0.4598292,0.2813722,0.1777536,0.3591346,0.206074,0.2842698,0.3079924,0.179727,0.3407966,0.4329208,0.3401383,0.272962,0.2942743,0.375352,0.243303,0.35842,0.287456,0.2668862,0.23635,0.402952,0.2703508,0.3327952,0.3174688,0.3986286,0.2825214,0.397473,0.594947,0.3297434,0.5623252,0.2538008,0.5291858,0.2221752,0.2502998,0.3206614,0.220057,0.3248361,0.2352818,0.2544572,0.282622,0.3283686,0.2688402,0.2025,0.2232742,0.4784462,0.3001204,0.4301938,0.4544962,0.3165538,0.377962,0.5689272,0.366513,0.294464,0.2240758,0.4282122,0.3152306,0.452631,0.4289138,0.2169636,0.3189754,0.4828418,0.275805266667
0.3511002,0.4639912,0.2831454,0.1790344,0.3537022,0.2058942,0.2882726,0.3055988,0.179549,0.3408522,0.4164748,0.338168,0.2672622,0.2914335,0.3793744,0.2419336,0.3591276,0.288191,0.2639116,0.2359748,0.4004666,0.2699606,0.3307476,0.3151274,0.4036946,0.2820412,0.3978176,0.5904214,0.3275024,0.5558854,0.254963,0.51397,0.2244404,0.246561,0.3232156,0.2192226,0.3253849,0.2350596,0.2554554,0.2765588,0.3249104,0.268152,0.2048618,0.2223726,0.4777522,0.299896,0.4333074,0.4542112,0.3195036,0.379189,0.5668136,0.363745,0.2952676,0.2215422,0.4282534,0.3168138,0.4536766,0.434144,0.2177702,0.3150585,0.4825798,0.271792466667
0.3503294,0.4633308,0.2827808,0.180268,0.3563316,0.2056226,0.2881362,0.303481,0.1785732,0.3413498,0.4238736,0.34045,0.2666258,0.2951626,0.3795338,0.2455884,0.3591036,0.2892838,0.262073,0.2377524,0.3980302,0.2693884,0.330128,0.3130022,0.4027412,0.2823066,0.389886,0.5881362,0.3262936,0.561233,0.2575154,0.5250024,0.2232238,0.2509238,0.32284,0.2173228,0.3224405,0.2334144,0.2607298,0.2777848,0.3260854,0.2640594,0.2038842,0.2232002,0.4802552,0.304744,0.428672,0.4494476,0.3208132,0.3791916,0.5678464,0.36707,0.2934924,0.2194944,0.433791,0.317776,0.4543728,0.4340542,0.2156276,0.3192905,0.485385,0.273878266667
0.3470138,0.4638776,0.2869222,0.1774926,0.3583622,0.20737,0.2875162,0.301549,0.1786914,0.3429338,0.4306376,0.3409234,0.2659018,0.3004686,0.381955,0.2435508,0.3617,0.2892104,0.2610742,0.2397128,0.3937052,0.2681294,0.334174,0.3164236,0.4013042,0.2816872,0.3882138,0.5908,0.3253583,0.5586646,0.2574618,0.5304392,0.2242418,0.2470964,0.3207042,0.2142512,0.3234211,0.2332968,0.2637328,0.2785846,0.324591,0.2649538,0.2028534,0.2216746,0.4792056,0.3030084,0.4289706,0.449844,0.3220178,0.378636,0.5723604,0.367848,0.2983568,0.2215566,0.430747,0.3180372,0.4599164,0.4355648,0.2132626,0.3164863,0.4852618,0.271402466667
0.3496478,0.4664564,0.2878548,0.1785838,0.3597552,0.207937,0.2899008,0.3000284,0.1769446,0.3458,0.4297326,0.3454276,0.2665754,0.3048726,0.3855252,0.245954,0.3642492,0.291958,0.2622608,0.2423912,0.3931104,0.2689982,0.3417659,0.3182822,0.4002428,0.2799238,0.3922992,0.583418,0.3239821,0.562395,0.2585004,0.5272105,0.2265188,0.2459558,0.3175916,0.2137898,0.3193677,0.2329952,0.2620226,0.2810606,0.3234588,0.2632366,0.2003506,0.2237842,0.4834878,0.303734,0.4282738,0.448414,0.322384,0.3752678,0.5753238,0.3708724,0.2945318,0.219594,0.4314026,0.3188572,0.4551678,0.4372624,0.2162582,0.3174348,0.4849168,0.269375266667
0.3463912,0.4642924,0.286217,0.1767844,0.3599182,0.2079444,0.2900556,0.3026286,0.1766268,0.3451078,0.4328758,0.3443738,0.2649144,0.3073406,0.389179,0.2440026,0.3648998,0.2911394,0.2591838,0.241643,0.3958236,0.2674746,0.3453976,0.316647,0.3992352,0.2807376,0.3862216,0.5888856,0.324009,0.5554992,0.2549252,0.5273445,0.2244072,0.2484442,0.316931,0.211771,0.3185968,0.2292328,0.2614374,0.2779644,0.3207012,0.262832,0.1985718,0.22291,0.4793796,0.3016718,0.4289844,0.459409,0.3215294,0.3747586,0.573886,0.3713798,0.2939536,0.2178674,0.4328584,0.3181408,0.4574084,0.4399702,0.2190316,0.3172508,0.4872986,0.267207466667
0.3463168,0.4643808,0.284481,0.1743966,0.359791,0.209349,0.2912012,0.3022804,0.1774816,0.3474004,0.4365694,0.3409632,0.2641114,0.3061468,0.3884914,0.240464,0.3643328,0.2905886,0.2585894,0.2409766,0.3905754,0.2637358,0.3474593,0.3218046,0.3979174,0.283253,0.3869482,0.5910204,0.3208596,0.5577144,0.2517332,0.5267621,0.2258132,0.2528588,0.3150392,0.2104636,0.3209348,0.2316776,0.2591252,0.2818386,0.3241376,0.262394,0.1944439,0.2214322,0.4784378,0.2996862,0.4302224,0.457184,0.3255268,0.372188,0.572294,0.3712142,0.2954136,0.2183306,0.4296074,0.3166298,0.4543634,0.438589,0.2215624,0.3203136,0.4910012,0.265736566667
0.3470436,0.4646194,0.283558,0.1753576,0.3584146,0.2073618,0.2907012,0.300032,0.1752568,0.3461138,0.4400892,0.340553,0.2655146,0.309008,0.385918,0.2416162,0.3661148,0.2912172,0.2621918,0.2416718,0.3906502,0.2654926,0.3464989,0.3241262,0.4026274,0.284419,0.3878632,0.5900126,0.3207346,0.5567326,0.2502628,0.5350287,0.2293588,0.2495105,0.3147072,0.2117248,0.3191262,0.2296172,0.2616306,0.283456,0.3262196,0.2619294,0.1973547,0.2211272,0.4782676,0.3015982,0.4272554,0.4583554,0.3207128,0.3715302,0.5700576,0.367718,0.2966238,0.2222668,0.429329,0.3151798,0.4505252,0.4371732,0.2205684,0.3228742,0.4899118,0.266261566667
0.3496352,0.4610934,0.2852796,0.1734654,0.3586766,0.206192,0.2940702,0.2942904,0.1766188,0.350145,0.4429112,0.3412556,0.2666692,0.306606,0.3862308,0.2426348,0.3656676,0.2905012,0.2603692,0.2406486,0.3951664,0.2654638,0.3484259,0.3231544,0.3998142,0.2843771,0.3858918,0.5895074,0.3197065,0.5562608,0.2492602,0.5426561,0.2292886,0.2519703,0.3129358,0.2120308,0.316669,0.2303526,0.2636442,0.2810909,0.3261962,0.258605,0.1939913,0.2237638,0.474896,0.3037712,0.429151,0.461393,0.3190336,0.3742044,0.5750696,0.3665322,0.2965314,0.2193986,0.4254896,0.3126586,0.4457112,0.4377592,0.2224046,0.3233684,0.4849754,0.269699966667
0.351646,0.4602196,0.2863796,0.1734282,0.3557046,0.206991,0.2966396,0.2936932,0.1800128,0.3463702,0.4452068,0.340683,0.2645726,0.3071836,0.3895988,0.24252,0.3656888,0.292488,0.2591178,0.240828,0.3968572,0.2628574,0.3525194,0.3254822,0.4013788,0.2866071,0.3886208,0.5864172,0.3205567,0.5573396,0.2500786,0.5452604,0.231974,0.2490235,0.3133802,0.2117926,0.3157286,0.2299286,0.2650887,0.2848155,0.3261184,0.2591436,0.1958381,0.2223592,0.4716576,0.303664,0.4236582,0.4628686,0.323531,0.3729356,0.5757746,0.36557,0.2982918,0.2168666,0.4195784,0.3115556,0.448688,0.4390258,0.2189478,0.3200554,0.483923,0.268730366667
0.348187,0.4615026,0.2840204,0.1722202,0.3530868,0.2078566,0.294336,0.2913524,0.1801964,0.3481693,0.446072,0.3387948,0.2660922,0.3083632,0.3909808,0.2397344,0.3641498,0.2909618,0.2616234,0.24184,0.3996486,0.2653584,0.354135,0.3224442,0.4047058,0.2894612,0.3868358,0.5859336,0.3193587,0.5556736,0.2509596,0.5535566,0.229758,0.2514599,0.3134174,0.2120487,0.3189074,0.2301658,0.2613282,0.2848263,0.3267944,0.2578656,0.2000337,0.2223226,0.4692886,0.3047772,0.4202454,0.4562214,0.3204634,0.377563,0.574008,0.3696518,0.2993848,0.2170644,0.4269636,0.310261,0.4504734,0.4416066,0.215771,0.3166666,0.4853962,0.265984366667
0.3443522,0.4580544,0.2834952,0.1723988,0.3552042,0.2068274,0.29251,0.2899176,0.1790288,0.3446999,0.4442522,0.3358864,0.2683344,0.3105572,0.3940738,0.2394406,0.364424,0.291185,0.2579492,0.2462176,0.3977556,0.2620256,0.3576226,0.3210116,0.411925,0.290093,0.3888254,0.5848288,0.3181691,0.5599284,0.2523292,0.5475014,0.2293346,0.2491213,0.3129248,0.2109517,0.3172093,0.2295414,0.262192,0.2871995,0.3286848,0.2578635,0.1994685,0.2194916,0.4639776,0.303314,0.4194062,0.4551732,0.3199054,0.3768855,0.5733384,0.3681112,0.3005216,0.214955,0.4266068,0.309728,0.4555584,0.4446464,0.216508,0.318622,0.484744,0.2665905
0.3483022,0.4595312,0.2855324,0.1732792,0.3558974,0.2066932,0.2934014,0.2903104,0.1784024,0.339861,0.4443278,0.3340596,0.2674372,0.3140097,0.3949048,0.2414828,0.3624098,0.2918336,0.2566414,0.2471794,0.3974698,0.2606224,0.3600882,0.3219798,0.4189732,0.2915888,0.3879891,0.5526048,0.3163225,0.5591532,0.2496646,0.5367,0.2288618,0.2479225,0.3135322,0.2113822,0.3202646,0.229587,0.2614417,0.2873806,0.3272958,0.2600901,0.2007062,0.2191092,0.468625,0.2991138,0.4191656,0.458458,0.3179692,0.3752057,0.5697848,0.3675558,0.2988874,0.2253984,0.425097,0.3106864,0.454773,0.4451978,0.2171456,0.3181724,0.4812822,0.2654549
0.3482198,0.4638664,0.2845152,0.1718976,0.3533254,0.2068738,0.2931002,0.2892118,0.178769,0.3398918,0.440087,0.3359964,0.2686813,0.3114885,0.3964074,0.2401828,0.3577006,0.2933704,0.2597942,0.2484919,0.4011478,0.2585586,0.3596864,0.3209846,0.4220658,0.2913186,0.3940556,0.568756,0.3156113,0.5622026,0.2467172,0.5430164,0.2303849,0.2472213,0.3103846,0.2139,0.3171482,0.2304638,0.2622443,0.290759,0.3272372,0.2622001,0.201862,0.2212014,0.4769636,0.2950464,0.4208852,0.4568254,0.3215358,0.3760731,0.5719158,0.368776,0.3021506,0.2246982,0.4257604,0.3095878,0.4514228,0.4437177,0.2169748,0.312446,0.4818166,0.2654397
0.351688,0.4688514,0.2833568,0.170306,0.3576346,0.2113358,0.290375,0.2859268,0.1775072,0.3443436,0.4440982,0.3358216,0.2673634,0.3126831,0.3989338,0.2417274,0.3579134,0.2923504,0.2623972,0.2526006,0.3998086,0.2593012,0.3608248,0.3179022,0.423679,0.2895848,0.3988842,0.5732994,0.3162025,0.5559606,0.2419516,0.5415466,0.2307433,0.2455235,0.3092992,0.2156472,0.3114516,0.229873,0.2637326,0.2945168,0.3275424,0.2654475,0.2039458,0.2203634,0.4812046,0.2936406,0.4211088,0.4451868,0.3173082,0.3763953,0.5717632,0.3701376,0.3048822,0.2271074,0.4236612,0.3120852,0.4512256,0.4408449,0.2190174,0.3113466,0.4830148,0.2660381
0.351948,0.4477088,0.2855638,0.1681606,0.3551954,0.209852,0.2916172,0.2843238,0.1771906,0.3460566,0.449691,0.3388968,0.2666732,0.3136611,0.3980914,0.2420688,0.3585222,0.2937252,0.2605638,0.2503248,0.4005092,0.2619546,0.3595463,0.3167644,0.4261692,0.2891522,0.4052836,0.576518,0.315717,0.5563498,0.2390036,0.542466,0.2305795,0.2441087,0.3119428,0.2166342,0.3095248,0.231281,0.2615172,0.2917989,0.3279234,0.2671063,0.2019282,0.219191,0.4765676,0.2963308,0.420793,0.451301,0.3155208,0.3729551,0.5725782,0.3697078,0.3063988,0.2278616,0.4275752,0.3104544,0.4553056,0.4361139,0.2200292,0.310635,0.4810842,0.2659855
0.3534518,0.4604064,0.2841672,0.1684284,0.357844,0.211129,0.290594,0.2858824,0.178962,0.3463284,0.4500236,0.338549,0.2659154,0.3137387,0.3935374,0.2444538,0.3558002,0.2926624,0.2596528,0.249235,0.4075259,0.261789,0.3627478,0.317526,0.4279736,0.2880982,0.4131606,0.5820506,0.312085,0.5657174,0.2391752,0.5395504,0.2309599,0.244731,0.309515,0.2135972,0.310229,0.2334854,0.2624452,0.2953254,0.3220044,0.2684933,0.202668,0.2189212,0.4689572,0.2974078,0.4207034,0.4563906,0.3121802,0.3679319,0.5736958,0.369621,0.3046236,0.2283526,0.4238518,0.3159928,0.455515,0.4350047,0.221528,0.3089748,0.4803606,0.2637131
0.3527798,0.4639572,0.2865094,0.1684752,0.3591094,0.2102636,0.2868194,0.2877418,0.17933,0.3451494,0.4438922,0.3417526,0.2676876,0.3156596,0.3940644,0.2468194,0.3576802,0.2920134,0.2620308,0.25166,0.4119664,0.2630226,0.3603796,0.319003,0.4294042,0.2865054,0.4146978,0.5889692,0.3063646,0.5621584,0.2382288,0.5396106,0.2292371,0.2385998,0.3101964,0.2143886,0.3081138,0.2310032,0.265551,0.2965224,0.3218762,0.2710486,0.2045725,0.2195248,0.4717148,0.2950854,0.4150416,0.4579818,0.312908,0.3672919,0.5706496,0.373626,0.3028044,0.227392,0.4205184,0.319492,0.4524486,0.439282,0.2203298,0.3096158,0.480955,0.2630731
0.3565796,0.4730672,0.2837706,0.1699762,0.3597988,0.2092772,0.2898544,0.2850654,0.1788522,0.3483792,0.4443368,0.3420114,0.2671968,0.3191676,0.3948074,0.2506232,0.3569156,0.2923114,0.261815,0.2561386,0.419972,0.2601522,0.3620714,0.3194192,0.4301642,0.2890582,0.4176216,0.5944498,0.3046836,0.5596178,0.2335918,0.5371508,0.2300233,0.24139,0.3141432,0.2176146,0.3074042,0.2298506,0.2683556,0.2975654,0.3320188,0.2696068,0.2011321,0.218069,0.478806,0.2904346,0.4152182,0.4638052,0.3158982,0.3671284,0.569798,0.3747562,0.2987446,0.2263782,0.4216152,0.3220172,0.4400884,0.4418638,0.2215966,0.3084574,0.4776706,0.2622103
0.3589654,0.4708852,0.2844158,0.1693856,0.3615602,0.208995,0.2902586,0.2847122,0.1770798,0.3465572,0.443322,0.3415536,0.2698508,0.313547,0.3950488,0.252098,0.352761,0.294914,0.2604648,0.2589286,0.4217868,0.2581265,0.3609608,0.3213342,0.4294558,0.2872032,0.4201372,0.5899702,0.3061573,0.5554,0.2359712,0.5315812,0.2280879,0.2449212,0.3124778,0.2202772,0.3057564,0.2293598,0.2645612,0.2985666,0.3390995,0.2749204,0.2009939,0.2163894,0.4823154,0.2902976,0.4126274,0.4552446,0.3160658,0.3683919,0.5705032,0.3741616,0.2951,0.2267992,0.420113,0.325878,0.4428164,0.441464,0.2197706,0.3107322,0.4792848,0.2618262
0.3650907,0.4758302,0.2835582,0.1703248,0.3605698,0.2060892,0.2862504,0.2826488,0.176105,0.3485792,0.4436994,0.3426348,0.2722968,0.3131064,0.3954248,0.249076,0.3505534,0.2946052,0.259502,0.259432,0.4221106,0.2595563,0.3590748,0.322165,0.4294092,0.2853692,0.4189416,0.591213,0.303952,0.5590216,0.2348578,0.5400382,0.2302635,0.2454664,0.3153464,0.2239084,0.3053668,0.2310326,0.2615058,0.3036238,0.347931133333,0.2767798,0.2012411,0.2164218,0.4891498,0.2910184,0.4099788,0.4473202,0.3185956,0.3671477,0.5712424,0.3742624,0.2952806,0.2253488,0.416717,0.3228834,0.4415364,0.4435912,0.2183756,0.311405,0.4821508,0.2604646
0.363488,0.4793736,0.2854464,0.1697628,0.3616936,0.2075706,0.2882638,0.282679,0.1768852,0.3513944,0.4464752,0.3402248,0.2754186,0.311664,0.3984382,0.2478282,0.3480582,0.2965398,0.2614068,0.25963,0.4289802,0.2625876,0.3646248,0.3237516,0.4282656,0.2861742,0.420133,0.5854962,0.3045294,0.555761,0.2337614,0.5317806,0.2305285,0.243775,0.3157666,0.222753,0.30576,0.2302718,0.2621936,0.3054642,0.3497114,0.2740444,0.2011467,0.2177858,0.48269,0.2871862,0.4107446,0.4518324,0.315528,0.3679809,0.572144,0.3741482,0.2958748,0.225827,0.4160784,0.323249,0.441951,0.4409542,0.2202836,0.3081896,0.4798692,0.2586896
0.3643838,0.4803364,0.2830992,0.172943,0.3682062,0.206679,0.2882792,0.2810552,0.175685,0.346905,0.4455466,0.335944,0.2754532,0.3103624,0.3881281,0.2438632,0.3462028,0.2938388,0.2592516,0.257758,0.427473,0.2620336,0.3668194,0.3210554,0.4276322,0.2856106,0.4226542,0.5872992,0.3016942,0.5637202,0.2329632,0.533104,0.2289434,0.242164,0.322844,0.2226146,0.3024032,0.2314308,0.2590766,0.3037004,0.3501362,0.2758544,0.2027701,0.2152748,0.4875354,0.2880934,0.4087312,0.4571872,0.3172126,0.3640797,0.5675614,0.377277,0.2990146,0.2225256,0.4144774,0.3242932,0.4383396,0.4393594,0.2180752,0.307454,0.4783408,0.2611812
0.3628526,0.484377,0.2851852,0.1737002,0.366876,0.2073314,0.2843118,0.2846316,0.1751342,0.3516263,0.4484912,0.3339944,0.2785752,0.3106548,0.3895329,0.247410266667,0.344433,0.2929722,0.2583006,0.2625236,0.4296276,0.2624394,0.3664912,0.3210966,0.4287092,0.287896,0.423115,0.5886618,0.30103,0.561108,0.2324336,0.5353794,0.2305146,0.2414112,0.325827,0.2258604,0.3002756,0.2291166,0.2600777,0.3045838,0.3519136,0.2754366,0.2031823,0.2159596,0.4895892,0.2902312,0.410804,0.4597098,0.318748,0.3643524,0.576961,0.3802068,0.2996372,0.2216876,0.4091682,0.3223894,0.4401994,0.4365968,0.2207635,0.3077584,0.4818994,0.259552
0.3658718,0.4858462,0.2842574,0.1727528,0.3671162,0.207281,0.2838274,0.2858866,0.1782276,0.3485837,0.4470106,0.3333514,0.276433,0.3132552,0.3952847,0.2484966,0.3476236,0.2913756,0.257867,0.2665434,0.4309022,0.2607671,0.3695614,0.3232878,0.4289244,0.2881518,0.4211168,0.5889874,0.3017756,0.564271,0.2304442,0.5327468,0.2339926,0.238958,0.3247688,0.224958,0.3006076,0.2293466,0.2598489,0.3033528,0.3538066,0.2767665,0.2007864,0.2153508,0.4864008,0.2955148,0.4143528,0.4592738,0.3138174,0.361634,0.5752178,0.383063,0.299849,0.2200854,0.4067846,0.3280138,0.4379552,0.437302,0.2210452,0.305297,0.4790204,0.2581904
0.371113,0.4824494,0.2808504,0.173308,0.3682634,0.2116152,0.2863028,0.2863914,0.1761564,0.353415,0.4493172,0.3351942,0.2741194,0.3126174,0.4035936,0.2483062,0.3446584,0.2925168,0.2590374,0.266073,0.4348044,0.2608235,0.3695534,0.3263956,0.4303236,0.2880094,0.4212966,0.589415,0.3073602,0.5295092,0.2281792,0.5376848,0.2332454,0.2404784,0.3233574,0.2245776,0.3006472,0.230298,0.2610761,0.3041266,0.3524096,0.2789391,0.2000386,0.2152572,0.4834216,0.2936686,0.4213408,0.4557778,0.3131414,0.3603986,0.5738708,0.3779542,0.3014168,0.21857,0.4086706,0.3266916,0.4370426,0.440037,0.2206068,0.3027822,0.4801584,0.258527
0.3718664,0.4866816,0.2808108,0.1734996,0.3692662,0.211253,0.2857654,0.2889392,0.175381,0.355938,0.4520754,0.3339192,0.2773738,0.309937,0.409472,0.24340535,0.3473482,0.2923196,0.2616651,0.2680742,0.436141,0.2577418,0.3676208,0.3296002,0.4335828,0.2868866,0.4179358,0.5836538,0.3049384,0.5346634,0.2259698,0.5361286,0.2311295,0.2423932,0.3266954,0.225762,0.2990276,0.2300612,0.2613917,0.3052562,0.3522502,0.2784311,0.1982047,0.2151602,0.4804178,0.2940336,0.4209688,0.4578116,0.3137124,0.361105,0.5736356,0.38255,0.299679,0.2177534,0.4077466,0.328483,0.4359248,0.4412264,0.2206242,0.302994,0.4826424,0.2559914
0.3751426,0.483531,0.2796764,0.1716872,0.3699296,0.2127396,0.2859346,0.2912088,0.1739042,0.356661,0.4480378,0.334122,0.2828956,0.3079964,0.4145814,0.24118815,0.343596,0.2911606,0.2623408,0.2727378,0.4362094,0.2589431,0.3683054,0.3353237,0.432999,0.2873886,0.4160028,0.5872912,0.3016374,0.5401078,0.2249418,0.5386709,0.2328963,0.2459394,0.3296966,0.2266368,0.2984474,0.2290028,0.2623077,0.3057548,0.3540526,0.2798433,0.1994231,0.2144872,0.4835186,0.2935534,0.4240334,0.4605464,0.310688,0.3565976,0.5770652,0.3816568,0.3012576,0.216828,0.4069686,0.3333628,0.4372277,0.4447834,0.222927,0.3031258,0.4832326,0.2564694
0.3749699,0.48626,0.2802262,0.1730836,0.3705328,0.2135756,0.2858298,0.2898718,0.1747858,0.358066,0.4486804,0.3374226,0.2817592,0.3088212,0.4154772,0.24148835,0.3439056,0.2897742,0.2637134,0.2779088,0.4351884,0.2591219,0.367486,0.3414828,0.4292306,0.288018,0.4207334,0.5869444,0.3010246,0.5425134,0.2274178,0.5399222,0.2307613,0.246696,0.327416,0.2238216,0.2996231,0.227371,0.2601262,0.3024526,0.3530008,0.2786235,0.1983644,0.2164597,0.4833406,0.2943452,0.4238042,0.4553238,0.3114706,0.3568162,0.5780404,0.3833356,0.3020734,0.2165448,0.4050174,0.331579,0.4380645,0.4458018,0.221688,0.3017316,0.4841888,0.2538274
0.3736518,0.4837858,0.2788976,0.1737316,0.3737008,0.2153674,0.2845344,0.2919796,0.1747164,0.3566464,0.4535206,0.3344762,0.2827986,0.3105356,0.4112966,0.24294215,0.3444944,0.2888382,0.2624878,0.280298,0.4410568,0.2598625,0.3672854,0.3443994,0.4261442,0.289302,0.4184038,0.5907526,0.2985498,0.5484804,0.2293748,0.533582,0.2332091,0.2478538,0.3302488,0.2266954,0.2982688,0.2277448,0.2596026,0.2987684,0.3568064,0.2757075,0.197228,0.2171164,0.4858694,0.2933602,0.4234226,0.458936,0.3101882,0.3583638,0.5540886,0.385188,0.2987966,0.2154402,0.4032848,0.333578,0.4482663,0.4460792,0.220591,0.3041126,0.482516,0.2544986
0.3723822,0.4860608,0.2780203,0.1739244,0.3747958,0.2164926,0.2833844,0.29588,0.1726932,0.35771,0.4516328,0.3405347,0.2840014,0.3132454,0.4061028,0.24423705,0.3409372,0.2901476,0.2604814,0.2788264,0.4401974,0.2592528,0.3667498,0.3464274,0.4189366,0.2915582,0.4193604,0.5907948,0.3015262,0.5508226,0.2267254,0.5304648,0.2310483,0.2475744,0.3324422,0.22393,0.2940046,0.2296172,0.2569991,0.29961,0.351944,0.2769515,0.199453,0.2167388,0.485952,0.2884216,0.4227254,0.4390607,0.3100494,0.3560902,0.561523,0.3842318,0.299055,0.2181148,0.4034546,0.3314038,0.451297,0.448525,0.2170062,0.3021256,0.482357,0.253913
0.3708618,0.4877088,0.278807,0.1752704,0.3722446,0.2177372,0.281243,0.2965788,0.1746962,0.355249,0.4522846,0.3427391,0.2862233,0.3158352,0.409344,0.24297505,0.3379826,0.286719,0.261274,0.2842778,0.4405468,0.2578742,0.3626998,0.3491888,0.4189736,0.2902495,0.4173996,0.59377,0.2980588,0.5591402,0.2243046,0.5372458,0.2329569,0.2446762,0.3313114,0.226318,0.2924226,0.2267898,0.2535107,0.2988672,0.3529512,0.2775773,0.198444,0.2164422,0.4872594,0.2915698,0.4249596,0.4471292,0.3100066,0.3586128,0.5670748,0.3859616,0.297255,0.217159,0.4064748,0.3316776,0.4588928,0.446273,0.215446,0.3045056,0.4816722,0.2509576
0.3707166,0.490235,0.2759706,0.176538,0.3738044,0.2138602,0.2767862,0.2978326,0.1753556,0.3605976,0.4572368,0.3406842,0.2859095,0.3155216,0.410714,0.24196125,0.337622,0.2875534,0.259622,0.2822262,0.4383144,0.2569514,0.3604824,0.3520935,0.4178192,0.2888761,0.4201214,0.5927536,0.2993646,0.5572888,0.2221028,0.5325842,0.2324229,0.2422962,0.3318318,0.228165,0.293537,0.2331404,0.2533962,0.2942226,0.3463498,0.2780529,0.1988394,0.2175152,0.4878266,0.2907384,0.4294982,0.4546644,0.3062842,0.3609401,0.579017,0.3867208,0.3040652,0.2157948,0.4067372,0.3316328,0.4560426,0.4432406,0.2185274,0.3054298,0.4849654,0.2436692
0.3740628,0.4930284,0.2761816,0.177297,0.3714046,0.214991,0.2752804,0.3007294,0.1765776,0.362742,0.4579346,0.3455916,0.2825951,0.314584,0.4064928,0.2389275,0.3381676,0.2873328,0.2599898,0.2796426,0.4368622,0.2545336,0.362784,0.3508659,0.418604,0.2872803,0.4219072,0.5985454,0.3003286,0.5556486,0.2198824,0.5350266,0.2297389,0.2427718,0.3284296,0.2270766,0.2929564,0.231036,0.2525104,0.292095,0.347499,0.2799589,0.2011726,0.2182762,0.4820402,0.2870982,0.4292714,0.453658,0.3020996,0.3611439,0.5791038,0.385405,0.3087234,0.2161606,0.4070502,0.3331064,0.4608828,0.4442756,0.216026,0.304192,0.4833464,0.2427398
0.3754872,0.4927314,0.2804462,0.1774942,0.372556,0.2120524,0.2754942,0.3001676,0.1768864,0.3590122,0.4582218,0.347602,0.2834335,0.3154268,0.4074746,0.24137645,0.338186,0.286062,0.2586862,0.2805296,0.4354446,0.2504332,0.3623116,0.3524291,0.4175856,0.2873513,0.420694,0.599475,0.300298,0.5563952,0.2191458,0.5459154,0.2305585,0.2417464,0.3321668,0.2242744,0.2932662,0.2312232,0.2517678,0.2922996,0.3467842,0.2806537,0.2002586,0.2198016,0.4814144,0.290904,0.4301538,0.4528796,0.2995772,0.3586179,0.5787008,0.38449,0.309847,0.2184932,0.4079366,0.3320054,0.4615004,0.4433976,0.2178404,0.3023494,0.4835532,0.2457798
0.3801952,0.4905966,0.2762928,0.177399,0.3787642,0.2118424,0.2762664,0.299495,0.1804992,0.3589102,0.4580268,0.349489,0.2866452,0.3133578,0.4112984,0.24033875,0.3389248,0.2855566,0.2561254,0.2800178,0.4386844,0.2475556,0.3637562,0.3530109,0.4182504,0.2884848,0.4192046,0.5960194,0.2993962,0.5570756,0.218054,0.5383984,0.2312569,0.2448206,0.3336404,0.2244698,0.2937168,0.2339404,0.2520748,0.2889402,0.34192,0.2781453,0.2015872,0.2201984,0.481847,0.2945666,0.4277562,0.4550254,0.2974878,0.3565145,0.5807488,0.3864736,0.3093712,0.2162613,0.4049418,0.3322046,0.459337,0.4439202,0.217025,0.302505,0.486933,0.2421206
0.3786938,0.490705,0.275744,0.1763874,0.377811,0.2113308,0.2750344,0.2955802,0.1816,0.3602372,0.4550136,0.3453912,0.285457,0.3120738,0.407307,0.24234175,0.340323,0.2884984,0.2545498,0.278966,0.4433288,0.2473868,0.363542,0.3534795,0.4179512,0.2871382,0.4222304,0.6017148,0.299696,0.5536392,0.2181742,0.5395532,0.2303297,0.2448668,0.3361564,0.225943,0.2939428,0.2342796,0.2527134,0.2894598,0.3440984,0.2816697,0.2028298,0.2201516,0.4817234,0.2965944,0.4274646,0.4535634,0.2997494,0.3559597,0.5781058,0.389194,0.311066,0.2131422,0.4043258,0.3313824,0.4619938,0.4439176,0.2148791,0.304147,0.4843404,0.2424386
0.3808072,0.4938542,0.2755522,0.1776182,0.3742698,0.2101024,0.2732466,0.2954468,0.1826396,0.3565166,0.452587,0.342909,0.285709,0.3123336,0.4090762,0.23978855,0.3422552,0.2880142,0.2571278,0.2782424,0.4462442,0.24765,0.3644122,0.3546515,0.4228394,0.287526,0.4210902,0.6016974,0.296462,0.5553698,0.2174476,0.5404336,0.2304177,0.2452598,0.3366452,0.2301056,0.2916374,0.239017,0.2532946,0.2892374,0.3466006,0.2824837,0.2042146,0.2195562,0.4828996,0.2998922,0.4253736,0.4555364,0.298465,0.3551326,0.5818668,0.388892,0.3112102,0.2141798,0.4010636,0.3328154,0.4596332,0.4471678,0.2121003,0.3076528,0.4786306,0.2412876
0.3809056,0.4980532,0.2729898,0.1767546,0.3739954,0.208682,0.2734514,0.2943932,0.1818706,0.3593976,0.4528738,0.3426882,0.2875538,0.3122604,0.4073994,0.2368266,0.34854855,0.2852252,0.252631,0.2765836,0.442156,0.246762,0.3589628,0.3532973,0.4220154,0.2840948,0.4189274,0.5995774,0.2950668,0.5585258,0.2209744,0.541501,0.2287733,0.2457104,0.3350816,0.2310638,0.2882978,0.2347812,0.2564864,0.2876228,0.3487092,0.2839755,0.2025364,0.2194878,0.4821574,0.3001492,0.4251526,0.454085,0.3016844,0.3593104,0.5851934,0.3883762,0.3156278,0.2138804,0.3967594,0.3334016,0.4609494,0.44814,0.2100851,0.30998,0.4913403,0.2420242
0.3795718,0.5008188,0.2738014,0.1757502,0.3765864,0.2074456,0.2706566,0.295328,0.1832648,0.3571782,0.4567576,0.3486598,0.286193,0.3130418,0.4060674,0.2351172,0.3529981,0.2813824,0.2556993,0.2751422,0.4418966,0.247818,0.359836,0.3580102,0.4178628,0.2869202,0.4216158,0.5985628,0.2947978,0.5576196,0.2185674,0.5405214,0.2280815,0.2455514,0.3351638,0.2319714,0.2876374,0.2366122,0.2574338,0.2872196,0.3491668,0.2835825,0.203042,0.2212364,0.4774978,0.301939,0.4200404,0.4491864,0.2998602,0.3603678,0.5821398,0.3879246,0.3136856,0.2130526,0.3974414,0.3340878,0.4573422,0.4450792,0.2130155,0.3043254,0.5001606,0.2450304
0.3794624,0.5039652,0.2738128,0.1754314,0.3741858,0.210441,0.2715108,0.2937748,0.1828606,0.358175,0.459296,0.3530212,0.2864486,0.3127188,0.4074896,0.235356,0.3579767,0.2830114,0.2577359,0.276861,0.4442212,0.2494618,0.3630102,0.3553128,0.4166568,0.2860742,0.4213806,0.5970594,0.2923056,0.560106,0.2203744,0.5426078,0.2265245,0.2464148,0.3343796,0.2304466,0.2896048,0.2356274,0.2587774,0.286678,0.3512927,0.2845691,0.2079476,0.2214324,0.4828416,0.2972264,0.420383,0.4521304,0.3012506,0.368945,0.584105,0.3868886,0.3126938,0.2145622,0.3997958,0.3351904,0.4534734,0.4463946,0.2134099,0.3060131,0.5068686,0.2432674
0.37476,0.4999462,0.276701,0.174715,0.3764892,0.210182,0.269014,0.2932464,0.1820606,0.3645544,0.4608524,0.351442,0.2875294,0.309629,0.4095122,0.236592,0.3584512,0.2839352,0.2595811,0.2739908,0.437679,0.2491065,0.3626092,0.3567818,0.4185514,0.2851878,0.422023,0.5989208,0.2898798,0.5568086,0.220357,0.5398682,0.2250889,0.2460774,0.330524,0.2297028,0.2894554,0.2390906,0.259053,0.2835118,0.3490153,0.2836801,0.2064132,0.218055,0.4831212,0.2999458,0.4154742,0.4585364,0.2981578,0.3734199,0.576383,0.3890452,0.3139808,0.214048,0.3960134,0.3351724,0.4514618,0.450493,0.212269,0.3110242,0.5061058,0.242829
0.3732256,0.499511,0.2766628,0.178994,0.3733762,0.2095146,0.270366,0.2940556,0.1857682,0.3651938,0.461505,0.3572294,0.2875726,0.3108832,0.4129554,0.236573,0.3557724,0.2837756,0.2612783,0.2748144,0.438243,0.2462775,0.3613886,0.3574432,0.4206346,0.2872222,0.4254068,0.5976734,0.2902054,0.5589286,0.2190194,0.5384598,0.2289483,0.2468456,0.3310856,0.2286782,0.2892738,0.2426438,0.2597228,0.281553,0.3473917,0.2871633,0.2055544,0.2186294,0.4860074,0.299286,0.4186636,0.4608374,0.2967168,0.3723143,0.5794094,0.3886738,0.3123074,0.2141744,0.3990388,0.3351418,0.4479424,0.4509134,0.2131806,0.312137,0.507291,0.243535
0.3730126,0.4955066,0.278483,0.1801234,0.3737114,0.209797,0.2713212,0.2936068,0.186417,0.3631794,0.4622496,0.3572762,0.2847848,0.31109,0.4114054,0.23634105,0.363939,0.2826096,0.2604264,0.2751536,0.4402984,0.2504934,0.3620984,0.3542012,0.4181246,0.285476,0.4260698,0.5981018,0.2868736,0.559742,0.2181342,0.5383734,0.2293503,0.2460854,0.3309082,0.2282088,0.289956,0.2430992,0.261044,0.278218,0.3441301,0.2871419,0.2044856,0.2209476,0.492358,0.3003078,0.4151528,0.4675736,0.2963518,0.3746849,0.5747326,0.3905364,0.313936,0.2155032,0.395407,0.3308612,0.4468868,0.4491382,0.2110148,0.311546,0.5052856,0.2429814
0.3696736,0.4951444,0.277868,0.178686,0.3761704,0.2070212,0.2724944,0.291565,0.1877964,0.363687,0.4626028,0.355626,0.2876398,0.3074758,0.408505,0.23213005,0.3636574,0.281182,0.2605112,0.2778994,0.4388596,0.2514896,0.3610704,0.3587754,0.4153756,0.2841458,0.4249886,0.6044708,0.291237,0.5636498,0.221724,0.538466,0.2296315,0.2457736,0.3306826,0.2289468,0.2879076,0.2452982,0.261916,0.2763322,0.3418787,0.2848943,0.2009744,0.2167536,0.4933472,0.2968198,0.4188124,0.4588476,0.2966138,0.3734337,0.5777862,0.4012958,0.3120022,0.214849,0.3927242,0.3322578,0.4476598,0.4461808,0.2125438,0.3106229,0.5109308,0.245142
0.3643622,0.4968438,0.2770114,0.180509,0.3798368,0.2094146,0.2693948,0.2920768,0.1870512,0.363667,0.459274,0.3549998,0.286459,0.3070822,0.4151654,0.23211645,0.3638802,0.278793,0.2583656,0.2803896,0.4379454,0.2540964,0.3640104,0.3616094,0.4136236,0.2816906,0.4160806,0.6003734,0.287275,0.556098,0.2190542,0.5366664,0.2302024,0.2483334,0.3313282,0.2289804,0.2864972,0.2493576,0.2630666,0.2718358,0.3435874,0.2855833,0.2031112,0.2170254,0.4931484,0.2964818,0.4174228,0.4578936,0.2950054,0.3744661,0.5821256,0.4085988,0.3127976,0.2123688,0.3913168,0.3320104,0.4438562,0.4446328,0.2165796,0.3113815,0.5114948,0.2449896
0.3636846,0.4995384,0.2765684,0.1827732,0.3796934,0.2060534,0.2730406,0.2900705,0.1856172,0.3644318,0.4628372,0.3588396,0.2863464,0.3097432,0.4111358,0.23077405,0.3614846,0.277912,0.2587156,0.281992,0.4378188,0.2523084,0.364052,0.3601804,0.4112624,0.2825774,0.4178852,0.598133,0.2906884,0.5653062,0.2173876,0.5325752,0.2313006,0.2495284,0.3312952,0.2286862,0.2833646,0.2491654,0.2659774,0.272316,0.339436,0.2837019,0.2000386,0.219001,0.492959,0.2948472,0.4134674,0.4580958,0.2958158,0.3759375,0.5808862,0.4122972,0.3148702,0.2107646,0.390791,0.3334396,0.4420462,0.4461404,0.2164692,0.31309,0.5118392,0.2443066
0.3663222,0.498182,0.275235,0.1819504,0.3767368,0.2047952,0.2746471,0.2894805,0.1855992,0.3629918,0.4582758,0.3620996,0.2893602,0.3113384,0.4110062,0.22981725,0.3642454,0.2739214,0.2564008,0.2829656,0.4347826,0.251718,0.3637378,0.3603606,0.4113998,0.278468,0.4159892,0.6008092,0.2928876,0.5657356,0.2242496,0.5371954,0.2299844,0.247109,0.3298478,0.229544,0.2831086,0.2492146,0.2650218,0.2743982,0.3436904,0.2855855,0.1989608,0.2173902,0.4868596,0.2970842,0.4126428,0.457659,0.300326,0.3770029,0.5771618,0.4175564,0.3158614,0.2131906,0.3931116,0.331303,0.446564,0.4476152,0.2174998,0.313127,0.5144874,0.2436204
0.3644008,0.4991532,0.276307,0.1803942,0.3721126,0.2047218,0.2758821,0.2899879,0.183035,0.3588994,0.4600434,0.3600814,0.287153,0.3124856,0.4152476,0.23103845,0.3681306,0.2761978,0.2517346,0.2825166,0.4404902,0.2544852,0.3617082,0.3598912,0.40934,0.276032,0.4193298,0.5949636,0.2954228,0.5688482,0.2209126,0.5355732,0.2282302,0.2454608,0.3281124,0.228263,0.2841862,0.2522342,0.2637472,0.2726242,0.3470242,0.284531,0.1990928,0.2184082,0.4870002,0.2964804,0.4137,0.4520116,0.2994624,0.3753353,0.5780228,0.4234738,0.3145164,0.2172998,0.3959884,0.3336212,0.4397476,0.4288477,0.2165406,0.3131598,0.515712,0.2432637
0.3673464,0.5019184,0.2823854,0.1799858,0.3713806,0.2045006,0.2771634,0.293679,0.1849968,0.3568698,0.456063,0.3658032,0.2909766,0.314487,0.4126736,0.2295545,0.367925,0.2775624,0.2494674,0.2818124,0.4398552,0.2543614,0.3605,0.3607372,0.4119664,0.273629333333,0.4176598,0.6004038,0.29763,0.5681414,0.2193462,0.5433238,0.2291054,0.2430948,0.3269852,0.2273914,0.2848158,0.2508112,0.2631072,0.2708728,0.3493676,0.2830526,0.201204,0.2150078,0.4902164,0.2964782,0.4154578,0.4515552,0.2983306,0.3769277,0.5799668,0.4281288,0.3149834,0.2162264,0.3943514,0.330946,0.435018,0.4355504,0.2154194,0.3108507,0.5147858,0.2469846
0.3672064,0.504041,0.279426,0.1790602,0.370849,0.2057128,0.2746242,0.2911774,0.1842192,0.3576432,0.455692,0.3628606,0.29488,0.3162328,0.4118908,0.2290173,0.3660406,0.2751998,0.2501538,0.2790656,0.4395488,0.2546776,0.3602594,0.3610418,0.4128386,0.273644733333,0.4223032,0.5993724,0.2967728,0.5705496,0.2190342,0.5406794,0.2287316,0.2425768,0.3246198,0.229476,0.2837656,0.2501826,0.2635602,0.2717308,0.3442454,0.278507,0.1997372,0.2142664,0.490279,0.2962684,0.4165728,0.4519384,0.2965382,0.379046,0.5802868,0.4269436,0.3128892,0.217917,0.3919034,0.328877,0.4348148,0.4437794,0.2140508,0.3102493,0.5152376,0.2499554
0.3653772,0.5038946,0.2782262,0.1790812,0.3697288,0.2037944,0.2751276,0.2892938,0.1867108,0.3565656,0.4588114,0.3669864,0.2933512,0.3208348,0.4126294,0.2300279,0.3629152,0.2759512,0.2490726,0.2778704,0.4411308,0.2552106,0.3610482,0.3596592,0.4095212,0.277599933333,0.4215408,0.5984264,0.2981338,0.568481,0.2172754,0.5384734,0.228592,0.242267,0.3248238,0.2294328,0.278057,0.2472668,0.261638,0.2711272,0.3483176,0.2777076,0.200942,0.2150976,0.4857896,0.293828,0.4131344,0.4559534,0.294693,0.381718,0.584219,0.4313412,0.316117,0.214068,0.3983848,0.331534,0.4400822,0.441031,0.2141282,0.3111063,0.5127432,0.2515546
0.3629002,0.5003866,0.2814324,0.1813596,0.3688222,0.20144,0.2764101,0.2878882,0.1867198,0.3548724,0.4385502,0.3684674,0.2990858,0.3235492,0.409085,0.2316292,0.361684,0.2758696,0.2527502,0.2778766,0.4425374,0.2553458,0.3633212,0.3601778,0.4083172,0.275354333333,0.4209908,0.599857,0.3000804,0.5676728,0.218389,0.5204106,0.2274002,0.2417412,0.3239598,0.2302542,0.2804996,0.2486494,0.2599626,0.2750364,0.3441642,0.2774674,0.2011236,0.2186786,0.4869834,0.2917228,0.4093838,0.4615616,0.2954936,0.3770886,0.5829028,0.4339938,0.3138694,0.2162404,0.401142,0.3323131,0.4382708,0.440863,0.2133726,0.3097098,0.5121532,0.2491362
0.3596712,0.4979496,0.2830656,0.1809624,0.3642272,0.2009086,0.275678,0.2894496,0.1857478,0.3500146,0.4447646,0.3712006,0.299443,0.3251158,0.4049508,0.230919,0.3628028,0.275398,0.2510482,0.2778908,0.441678,0.2585702,0.3615678,0.3606156,0.4016476,0.272797533333,0.4216276,0.5945648,0.2997568,0.5593722,0.2180082,0.5280972,0.226344,0.2419296,0.320726,0.2289478,0.2800378,0.2494946,0.2633222,0.2779714,0.3473985,0.2738922,0.2037376,0.2202014,0.4867418,0.2872852,0.408558,0.4560158,0.290288,0.376314,0.5789972,0.4345452,0.3137834,0.2177224,0.4038026,0.3308303,0.4429506,0.4408816,0.209841,0.3082804,0.513457,0.2519066
0.3586174,0.5029614,0.2856538,0.1784344,0.3636562,0.2004702,0.2786104,0.2863602,0.186036,0.350519,0.4448338,0.3727914,0.303255,0.323462,0.4107512,0.2291564,0.3588864,0.2777546,0.249924,0.2745094,0.4392886,0.2556376,0.3628758,0.3629122,0.4065864,0.271614933333,0.4224166,0.5921106,0.299282,0.5615174,0.2179906,0.5416698,0.2257824,0.2390396,0.3177114,0.2301302,0.2829424,0.251803,0.2615272,0.277305,0.343583,0.2758862,0.205116,0.2209868,0.4817506,0.2872126,0.4062554,0.4574436,0.2896034,0.3755178,0.5819336,0.4354198,0.3145454,0.2162772,0.4050882,0.3325119,0.4445554,0.4427724,0.2104468,0.3063474,0.5133952,0.2513292
0.358693,0.4999266,0.2862704,0.1771098,0.3625968,0.1981774,0.278024,0.2861158,0.186137,0.35172,0.4479556,0.3723648,0.3060646,0.3257542,0.4098476,0.2276948,0.3607794,0.2751904,0.2506602,0.2733614,0.4364668,0.2570212,0.3675926,0.3598116,0.4065072,0.274041533333,0.4263998,0.5891772,0.2936238,0.5586702,0.2199388,0.5466722,0.2270618,0.2357434,0.32042,0.2309216,0.2842332,0.2503802,0.2635394,0.277878,0.3415642,0.2749802,0.2021886,0.2184284,0.4727444,0.2918022,0.405377,0.4568846,0.2914996,0.372792,0.5785832,0.4391836,0.3093992,0.2188716,0.4050158,0.3340758,0.44294,0.4491216,0.2118226,0.3054096,0.5176416,0.254235
0.3636916,0.5045242,0.2816064,0.1751334,0.3633624,0.201578,0.2786574,0.2903953,0.1818804,0.3540392,0.4510162,0.367104,0.3061808,0.3281632,0.4092776,0.2272148,0.3596662,0.2774006,0.254803133333,0.2705004,0.4352762,0.2560136,0.3729928,0.3596298,0.4067506,0.2717053,0.42545,0.5936506,0.2964256,0.5577812,0.2200984,0.5422386,0.2245422,0.2365697,0.3183502,0.231446,0.2833354,0.2496678,0.2653244,0.2734942,0.3392776,0.2725236,0.2041754,0.2180736,0.4812874,0.291851,0.4055922,0.4583012,0.2887634,0.3773484,0.5743464,0.4394739,0.3094204,0.2182784,0.407029,0.332885,0.4456822,0.4525634,0.211447,0.3068052,0.518052,0.2548508
0.365326,0.5036768,0.282915,0.1758394,0.3640878,0.2025476,0.276346,0.2901319,0.1846676,0.3495478,0.4525272,0.3671098,0.309405,0.3290848,0.4072038,0.2278386,0.3619974,0.2748324,0.254871833333,0.2722966,0.435293,0.2566126,0.3758751,0.360717,0.4079338,0.2793285,0.426266,0.5899312,0.2965368,0.5586912,0.2196926,0.5545892,0.2230554,0.2353448,0.3192344,0.2310286,0.2820014,0.247976,0.263611,0.275013,0.3418546,0.2728756,0.2034068,0.2181258,0.483957,0.2941548,0.400822,0.4629216,0.2896766,0.3779724,0.5776292,0.4398811,0.310096,0.2152352,0.406707,0.3338726,0.442198,0.4483876,0.2095928,0.3046846,0.517551,0.2595178
0.3668592,0.5004008,0.2863202,0.1764062,0.3662462,0.2007072,0.2748372,0.2868826,0.1869466,0.3522458,0.4515156,0.3666758,0.311165,0.3253884,0.4063696,0.2279418,0.3572612,0.2741256,0.256394933333,0.271368,0.4321484,0.2543708,0.3782051,0.3576434,0.4061806,0.2782832,0.4200164,0.5887234,0.2985844,0.5643354,0.2212468,0.5494292,0.2228208,0.2368246,0.3214348,0.2298492,0.282694,0.249522,0.262788,0.2753864,0.3447456,0.2736252,0.2044994,0.215979,0.4856916,0.2977444,0.3975188,0.4566304,0.2881778,0.3747328,0.5790536,0.4404371,0.3118336,0.2166048,0.4026238,0.332936,0.4380056,0.4489804,0.2095506,0.302869,0.5189092,0.2571296
0.3650934,0.5031214,0.290494,0.1758878,0.3636748,0.200072,0.2767902,0.2846172,0.1885944,0.3481332,0.4627504,0.3665688,0.308256,0.3268942,0.4047386,0.227847,0.363079,0.2703462,0.257043233333,0.2719568,0.435815,0.2532098,0.3781705,0.3590382,0.407471,0.2810746,0.4266696,0.592889,0.2986262,0.5596196,0.2201472,0.5501486,0.2264196,0.2316182,0.3216962,0.2284508,0.2831318,0.2469872,0.2623224,0.2680202,0.3434278,0.2741348,0.2064606,0.2174478,0.4837764,0.2997294,0.3965764,0.4577046,0.2854304,0.3753394,0.5768068,0.4378929,0.3120452,0.2159446,0.4015914,0.335835,0.4428142,0.451554,0.2053756,0.3045016,0.5207938,0.253256
0.3615254,0.5082652,0.2901404,0.1730662,0.3624852,0.2002636,0.2770806,0.2842932,0.1874688,0.346339,0.4591486,0.3689872,0.3074142,0.3234774,0.4026214,0.2265322,0.363349,0.2686096,0.258363633333,0.270204,0.4391478,0.2504038,0.3788733,0.3633286,0.4077423,0.2805642,0.4254834,0.5893482,0.2957172,0.5566844,0.2232282,0.5477324,0.2284308,0.232259,0.3223412,0.2301788,0.2864328,0.2453282,0.260637,0.2714156,0.3451964,0.2728982,0.2045408,0.2164526,0.4853992,0.2980036,0.3986188,0.459622,0.2862347,0.3737244,0.5770208,0.4397136,0.3125336,0.2167362,0.4048038,0.3350276,0.4405778,0.4570864,0.2050644,0.3013864,0.5218298,0.2542806
0.3592126,0.5059678,0.2895678,0.1720206,0.3604784,0.2007564,0.2781884,0.2833086,0.1889164,0.3482258,0.4588948,0.3698584,0.309251,0.3196124,0.4049236,0.227388,0.361664,0.2703404,0.257503033333,0.2733674,0.4351914,0.24849,0.3840186,0.3629254,0.4119424,0.2821666,0.418707,0.5923104,0.2970174,0.5557622,0.2235862,0.5413096,0.2273728,0.231302,0.3215872,0.2314338,0.282691,0.2416454,0.2607502,0.2746332,0.3444088,0.2746594,0.2030304,0.2165108,0.481183,0.2994852,0.4017996,0.450442,0.2837872,0.3704318,0.5758648,0.437815,0.3123496,0.2172326,0.4054024,0.3351244,0.4347002,0.4575576,0.2034185,0.3001969,0.523907,0.252702
0.3594804,0.5063436,0.2877074,0.170181,0.3577248,0.2023934,0.2761528,0.2836546,0.1898194,0.348011,0.4528652,0.3695228,0.3100526,0.3209892,0.4040086,0.229568,0.3662832,0.2711486,0.255158433333,0.273782,0.439635,0.2476942,0.3834566,0.363063,0.4158944,0.2813986,0.4218452,0.5947032,0.2967208,0.5593146,0.2200078,0.544183,0.223152,0.2291694,0.3225998,0.2308672,0.2835274,0.241016,0.2609268,0.2734274,0.3473484,0.2792996,0.2043218,0.2147374,0.4822984,0.3005764,0.4036342,0.4473116,0.2907142,0.3675618,0.5730082,0.4369878,0.3103158,0.2182714,0.4087586,0.3365684,0.4306856,0.4585298,0.2043662,0.2985931,0.5236146,0.2523036
0.3616614,0.5068628,0.2865344,0.171285,0.3560968,0.201858,0.2769982,0.2795584,0.190707,0.3448018,0.4616216,0.3687388,0.3102504,0.3270302,0.4015806,0.2289338,0.3607796,0.2712528,0.2592338,0.2752028,0.4359982,0.244142,0.38476,0.3585222,0.4215182,0.2802192,0.4139148,0.5609948,0.2977484,0.5610708,0.2209696,0.54254,0.2241484,0.227631,0.3184304,0.2328474,0.2805064,0.2423808,0.2595876,0.2747324,0.3476032,0.2776772,0.204462,0.2158266,0.4827178,0.2975956,0.403154,0.454772,0.293319,0.3660466,0.573777,0.4409868,0.3063496,0.2143998,0.4034684,0.3338732,0.4343542,0.4569784,0.204379,0.3001578,0.5236722,0.250193
0.3604266,0.5072478,0.2850148,0.1700332,0.3590706,0.2047038,0.2786116,0.278342,0.191325,0.343907,0.4593942,0.365812,0.310156,0.3266392,0.404312,0.228719,0.3590994,0.2687964,0.2580765,0.274394,0.4406284,0.2437988,0.3894638,0.3577466,0.427454,0.2795318,0.4140548,0.5646382,0.2978644,0.559673,0.2224754,0.5483782,0.2220644,0.2295658,0.3158328,0.2346936,0.2792526,0.2431374,0.2599928,0.2786754,0.341947,0.276853,0.2041992,0.216773,0.4807574,0.2963404,0.4065524,0.4532908,0.3000628,0.3646578,0.568626,0.4434112,0.3069572,0.2166024,0.4052184,0.3323642,0.4335058,0.4557672,0.2028501,0.2989414,0.5208888,0.2472712
0.3644088,0.5048426,0.282239,0.1732788,0.3616374,0.2047902,0.280673,0.2770342,0.1892876,0.337461,0.458431,0.3671278,0.31085,0.3276716,0.4014058,0.2279588,0.3587142,0.267055,0.2558041,0.2783116,0.438577,0.2461032,0.3882444,0.3560056,0.4275398,0.2850522,0.420322,0.5783612,0.2985058,0.563943,0.225478,0.5489328,0.2207728,0.2277786,0.3155824,0.2332718,0.2771216,0.2410736,0.2648414,0.2795168,0.338168,0.2713176,0.2047098,0.216326,0.4825686,0.295233,0.4114492,0.4565972,0.3025188,0.3650386,0.5702594,0.4383422,0.3064194,0.2169786,0.4006682,0.3296584,0.4309388,0.4592976,0.204912,0.2984662,0.5192892,0.2434336
0.3597544,0.5039526,0.2810886,0.1719836,0.3648838,0.2048978,0.2801778,0.276297,0.1877444,0.3372498,0.4640832,0.3687802,0.3130036,0.3289928,0.4043966,0.2296274,0.3598216,0.2673674,0.2550761,0.2840502,0.43802,0.2451902,0.3917242,0.3531116,0.4260582,0.282419,0.4256808,0.5799848,0.2963382,0.5617718,0.2270496,0.5433846,0.2221562,0.2256872,0.3181306,0.2316278,0.2810282,0.2410084,0.2661954,0.2784952,0.3338394,0.2673682,0.2051066,0.2181274,0.4818716,0.2948306,0.4087868,0.4612004,0.3017674,0.3656446,0.573372,0.442944,0.3048034,0.2224842,0.4029234,0.3262526,0.4264456,0.4562654,0.2054323,0.2956364,0.5195238,0.243534
0.357782,0.5017736,0.2797974,0.1732461,0.3632224,0.2030712,0.2816456,0.2743422,0.1887494,0.3338062,0.4629864,0.3724018,0.3136542,0.3256194,0.4067988,0.230384,0.3561534,0.267864,0.2543865,0.2823622,0.4296048,0.2434506,0.3987336,0.3558432,0.4232714,0.2815966,0.430354,0.578358,0.2929486,0.559036,0.2253062,0.5461238,0.2205314,0.22265,0.3167064,0.2316878,0.2792046,0.2433552,0.2657026,0.2769818,0.3297728,0.2656788,0.2066822,0.2166094,0.477682,0.29251,0.408906,0.4603416,0.3096544,0.3661378,0.5761702,0.4448258,0.307302,0.2221792,0.4021392,0.330381933333,0.4213494,0.4555932,0.2030497,0.2972884,0.5188008,0.244314
0.3539934,0.501888,0.2802188,0.1743568,0.3625042,0.2031238,0.2781754,0.2729766,0.1885512,0.3312466,0.4624018,0.3719086,0.3114144,0.3257698,0.4042818,0.2329294,0.35653,0.26678,0.2533848,0.280893,0.4338036,0.2444522,0.399527,0.3528078,0.4223388,0.282797,0.4319566,0.5839404,0.2938702,0.562837,0.2238168,0.5447192,0.2206626,0.2268614,0.3135952,0.2337814,0.2790024,0.240169,0.2684,0.2802402,0.333648,0.2651082,0.2105944,0.2167488,0.4892174,0.289378,0.4063932,0.4511656,0.3107002,0.3631772,0.5729236,0.4455412,0.3108056,0.2267276,0.3995526,0.3322362,0.4201524,0.458235,0.2051495,0.2950546,0.5157054,0.2439786
0.3602872,0.5005854,0.2773406,0.175573,0.3655056,0.2043948,0.2809864,0.274587,0.1860466,0.3343362,0.4568426,0.37369,0.3128078,0.3228172,0.4044512,0.233482,0.3598478,0.2659336,0.2531616,0.2797644,0.4393714,0.2449944,0.3985858,0.355189,0.4253498,0.2848728,0.4318816,0.5880896,0.2922632,0.557924,0.2250884,0.5462916,0.2215218,0.2280176,0.3110362,0.23215,0.2774078,0.2388322,0.2706352,0.279416,0.3281643,0.2659973,0.20801,0.2155962,0.4930906,0.2888392,0.4090476,0.4543244,0.311913,0.3635168,0.5761742,0.4484408,0.3100228,0.2258378,0.3993424,0.3367832,0.4275742,0.4538034,0.2042669,0.2928038,0.518843,0.2432376
0.3592782,0.499704,0.2773968,0.1779747,0.3695768,0.2062668,0.2805898,0.2755794,0.1859862,0.331142,0.4525858,0.3731494,0.3094398,0.3271036,0.405547,0.2370414,0.3574324,0.2646372,0.2505282,0.2833484,0.4486954,0.2504704,0.399254,0.3589282,0.4293178,0.285707,0.4366978,0.5893554,0.2920838,0.559825,0.2263656,0.5507188,0.2228794,0.2277906,0.3149288,0.2326304,0.2770266,0.2399616,0.2702196,0.2798642,0.3383965,0.2647632,0.209976,0.2183642,0.496441,0.2872732,0.4114208,0.4532204,0.3120664,0.3642822,0.575396,0.4498946,0.313767,0.2246728,0.4035058,0.3451524,0.428461,0.446717,0.2042427,0.292426,0.5187668,0.2396908
0.35532,0.5008336,0.2790906,0.1778457,0.3728114,0.2072929,0.278897,0.279043,0.1851392,0.3333488,0.451379,0.3706154,0.3104978,0.3284138,0.4000186,0.237678,0.3583744,0.2650932,0.2506046,0.2861372,0.4546476,0.2516002,0.4001312,0.3562786,0.4309224,0.2876006,0.438316,0.5882848,0.293988,0.560225,0.2278576,0.5477696,0.2236818,0.2259152,0.3130632,0.2344308,0.2760244,0.238002,0.2710496,0.2744032,0.3428396,0.2644986,0.2083202,0.2174524,0.4964386,0.2846204,0.4068434,0.45609,0.313396,0.3646942,0.5764514,0.4491212,0.3154054,0.2259866,0.402317,0.346305066667,0.4257534,0.4515966,0.2072821,0.291086,0.5174996,0.243417
0.352748,0.5028562,0.2759452,0.1766329,0.3768,0.2094835,0.2752322,0.277089,0.1853358,0.333562,0.4491398,0.3745512,0.3132604,0.3300038,0.4020314,0.2349514,0.363327,0.26315,0.2518852,0.288226,0.4575892,0.2531268,0.4001554,0.3593702,0.4321826,0.2889612,0.4416484,0.5920316,0.2927722,0.557458,0.2253436,0.5496102,0.2250588,0.2274631,0.311823,0.233171,0.273667,0.2392758,0.2724924,0.2734486,0.3450062,0.264222,0.2090067,0.2149298,0.4983928,0.2842966,0.4030822,0.4524254,0.312896,0.3650848,0.5727618,0.4451846,0.3129674,0.2280436,0.3985176,0.347016066667,0.4202964,0.4570838,0.2070491,0.28965,0.5192966,0.2439652
0.3502898,0.5039124,0.2798838,0.1764152,0.3761464,0.2095389,0.2792508,0.2772844,0.1851396,0.3281696,0.4510282,0.3764734,0.3123868,0.330499,0.3811979,0.2314632,0.3640388,0.2606212,0.2509577,0.2893352,0.455912,0.2550174,0.3977942,0.3564018,0.4308844,0.2872514,0.4407966,0.5929344,0.2956978,0.557149,0.2230126,0.5461858,0.2238236,0.2274195,0.3120592,0.2345216,0.273061,0.238377,0.2723742,0.2780428,0.3450059,0.258707,0.2093331,0.2150052,0.498915,0.2859338,0.4018166,0.4634142,0.3096926,0.3632138,0.5736254,0.4485054,0.3163016,0.2260052,0.3978056,0.3482644,0.4178138,0.4584904,0.2077175,0.288834,0.5160304,0.2447792
0.3487306,0.5057028,0.279559,0.1753632,0.3775818,0.2092649,0.2778242,0.2787136,0.1848802,0.3249138,0.4461578,0.3726626,0.3173646,0.334253,0.3835004,0.2347599,0.3602584,0.260749,0.2483417,0.2886708,0.4540848,0.2547895,0.3965616,0.3547008,0.4306222,0.2880414,0.4375494,0.5911748,0.2948262,0.5609876,0.2241484,0.5538882,0.2253906,0.2269087,0.3112606,0.2346894,0.271852,0.2376342,0.2726938,0.2790546,0.3512339,0.2601996,0.2091673,0.2164368,0.501626,0.2859854,0.3931683,0.4617402,0.3142364,0.3629364,0.573281,0.4508242,0.3149264,0.2289596,0.4011694,0.3461258,0.4154482,0.456729,0.2057399,0.2854994,0.5163064,0.2422146
0.3484718,0.5056252,0.2810582,0.1761782,0.3804268,0.2076697,0.2759654,0.2820834,0.1844734,0.3289822,0.447865,0.3701976,0.3183736,0.3337322,0.3827024,0.2385145,0.3597902,0.2617026,0.2503049,0.2901346,0.4533248,0.2540005,0.396475,0.3555736,0.4242424,0.2858174,0.4338998,0.5874706,0.2903826,0.561833,0.2241678,0.5505536,0.2239564,0.2274565,0.3129412,0.23453,0.2707912,0.2346928,0.2715598,0.2774908,0.3576705,0.2587088,0.2114643,0.2163814,0.5002384,0.2854366,0.3972234,0.4611608,0.3143092,0.3572646,0.572595,0.447053,0.3123904,0.2286304,0.4000032,0.3463148,0.4148446,0.4590432,0.207166,0.2828474,0.5150826,0.2427334
0.3455878,0.5065222,0.277207,0.1742282,0.3805552,0.2079606,0.2771604,0.2821696,0.1849934,0.3288797,0.4482634,0.3660758,0.3151584,0.332509,0.3935828,0.2370121,0.360807,0.2600546,0.2479363,0.291627,0.4508632,0.2547553,0.3963874,0.3558688,0.4229704,0.2780396,0.4304824,0.5932656,0.2889562,0.5365586,0.2229658,0.5482696,0.2254802,0.226699,0.3141302,0.235767,0.2638694,0.235713,0.2697086,0.2781016,0.3608206,0.2581326,0.2109718,0.2131758,0.4973464,0.2846146,0.4040425,0.4573428,0.3150054,0.3562966,0.5619932,0.446744,0.31016,0.2287466,0.4011836,0.3487118,0.413875,0.4575556,0.2081306,0.2847944,0.510618,0.2454436
0.3430644,0.501976,0.2749286,0.176215,0.3796884,0.2101224,0.2758226,0.2867862,0.1842176,0.3282747,0.4516318,0.369373,0.3141416,0.3317468,0.393839,0.2368143,0.358732,0.2605776,0.2502405,0.2919754,0.4543272,0.2539238,0.3953354,0.3512926,0.419433,0.2751476,0.430294,0.5933302,0.290626,0.5476178,0.221901,0.5518412,0.225022,0.2285263,0.314959,0.2338896,0.2667706,0.2347848,0.2677606,0.2757296,0.3660432,0.2563795,0.2130232,0.2137912,0.4993116,0.2860424,0.4087366,0.4645196,0.3103718,0.3581054,0.5655178,0.45021,0.309058,0.2291494,0.3997126,0.3519534,0.4129452,0.4551114,0.2088522,0.2864006,0.5101436,0.2473528
0.3426068,0.5043516,0.2749191,0.1767152,0.3774102,0.2064732,0.2758564,0.2863442,0.1838682,0.3315804,0.450981,0.3676132,0.3162698,0.3292246,0.4008388,0.2358506,0.3588934,0.2603898,0.2482835,0.296192,0.4583134,0.2526315,0.3983298,0.3604688,0.4198506,0.2775154,0.4389812,0.5923852,0.2914618,0.5491978,0.2239034,0.545309,0.2233052,0.2304701,0.3131234,0.2327844,0.268109,0.234014,0.2675056,0.2780462,0.366417,0.2556862,0.2109322,0.2126812,0.4978242,0.2851394,0.4162642,0.461244,0.3126278,0.355756,0.5690372,0.4528812,0.3065108,0.2281876,0.3981154,0.349941,0.4211999,0.4564702,0.2060464,0.2924616,0.5119454,0.2465996
0.3423012,0.507425,0.2739983,0.1771014,0.3757276,0.2053816,0.2777614,0.2859838,0.18548,0.3298514,0.4515964,0.3654762,0.3143778,0.3290796,0.401125,0.2366498,0.363021,0.255005,0.2512469,0.2943168,0.463649,0.2540553,0.396622,0.3653436,0.4189358,0.2736812,0.4393808,0.5960348,0.2917688,0.5547844,0.225271,0.5543754,0.2245396,0.2324223,0.317576,0.2326002,0.2678848,0.2323192,0.2662662,0.278281,0.3638006,0.2534298,0.2107502,0.2099208,0.4936512,0.2866296,0.4144756,0.463565,0.3086936,0.3549644,0.5701704,0.4546606,0.3041968,0.2259795,0.3947284,0.3518562,0.4217301,0.4562822,0.2057656,0.2897374,0.5099326,0.246628
0.3441024,0.507159,0.2705417,0.1782234,0.3751794,0.2052446,0.2793492,0.2905668,0.1848006,0.3297422,0.4530596,0.3704958,0.3147854,0.3294378,0.4053476,0.2372511,0.3608974,0.253522,0.2488264,0.295546,0.463924,0.25376,0.398065,0.37271,0.4186526,0.2786036,0.442481,0.5992704,0.2888194,0.5564934,0.2220148,0.5614482,0.2262326,0.2325421,0.3198085,0.2341094,0.2693844,0.2333516,0.2663842,0.2792742,0.3672776,0.2506214,0.2094288,0.2098272,0.4890952,0.285947,0.4197442,0.4641376,0.3121722,0.3516022,0.5439232,0.4563756,0.3038316,0.2294473,0.3968706,0.3514208,0.4278326,0.4555446,0.206721,0.2834796,0.5121874,0.2478772
0.3436136,0.5070784,0.2723907,0.176412,0.3787721,0.2050457,0.2802956,0.2906498,0.1867436,0.3317748,0.454215,0.3739909,0.3124854,0.3288286,0.404825,0.2379041,0.3642482,0.2503374,0.2469216,0.2984798,0.467777,0.25529,0.395101,0.3788752,0.4161062,0.2775852,0.4396656,0.6018114,0.2849674,0.5518984,0.2212106,0.5558076,0.2218268,0.2330283,0.318395,0.2315632,0.2694194,0.2338239,0.2659932,0.2771502,0.370976,0.2506284,0.209197,0.2121946,0.4851476,0.2884186,0.4260929,0.4436649,0.3124656,0.3495028,0.5502658,0.456628,0.302678,0.2286064,0.391778,0.350151,0.4317913,0.4589134,0.2061351,0.2820518,0.5136798,0.246412
0.3422976,0.5019836,0.2731186,0.1783116,0.3758119,0.2059277,0.2809428,0.2906946,0.1833872,0.3274394,0.4480964,0.3797832,0.3116668,0.3283362,0.4023932,0.2335243,0.3632486,0.2519644,0.2461396,0.2954318,0.4651782,0.2572886,0.393266,0.3775692,0.4161694,0.2794934,0.4360468,0.5978994,0.2831148,0.5539866,0.218421,0.548702,0.2186366,0.2316573,0.3197372,0.2320174,0.2667526,0.2366128,0.2667468,0.2769192,0.3739904,0.252171,0.2086612,0.2109456,0.4858968,0.2911764,0.4251543,0.4497524,0.3117276,0.3477648,0.557765,0.4542156,0.3062402,0.2302642,0.3910596,0.3512082,0.4305725,0.4592156,0.2064726,0.2797882,0.5148876,0.2472524
0.339519,0.501209,0.2725564,0.1775972,0.3754202,0.2041735,0.2819174,0.2944592,0.1825254,0.3295514,0.4492858,0.3810655,0.3150596,0.3275066,0.3945284,0.235592,0.3613686,0.2505646,0.2439734,0.2953184,0.4577654,0.2554114,0.3914874,0.3774744,0.4160286,0.281494,0.4351866,0.598882,0.2865784,0.5622394,0.2187606,0.5529316,0.223507,0.2328013,0.3187078,0.231404,0.2678952,0.2354311,0.2653604,0.275174,0.3714122,0.2497492,0.211608,0.2097622,0.4878434,0.2897373,0.4256485,0.4484056,0.312503,0.346952,0.5607116,0.4576782,0.3028236,0.2347728,0.390032,0.3485336,0.4362209,0.458207,0.205336,0.2768296,0.5092836,0.2495254
0.3408156,0.5031326,0.2677324,0.1752202,0.3778049,0.2052069,0.2856284,0.2952314,0.183569,0.3302038,0.4495816,0.3781759,0.3125488,0.328512,0.3986024,0.2367254,0.3611808,0.2472042,0.2453522,0.296184,0.4596924,0.253722,0.3896068,0.378836,0.4166052,0.2825682,0.4339428,0.5931676,0.287515,0.5593622,0.218446,0.5549584,0.221901,0.2320773,0.3219936,0.2305442,0.265285,0.2333477,0.2674838,0.2749956,0.3715302,0.2504664,0.208943,0.209701,0.4893656,0.2857667,0.4256131,0.4402423,0.3094566,0.3427978,0.564701,0.4605414,0.3006564,0.2336803,0.3911142,0.3489748,0.4341683,0.457615,0.2065294,0.2736888,0.506456,0.2494252
0.3415326,0.5035936,0.2679024,0.1753782,0.3770215,0.2054071,0.2849744,0.2957952,0.185136,0.3312144,0.4564304,0.3849979,0.312372,0.3258496,0.404205,0.2362812,0.3630598,0.2482062,0.2477636,0.2952318,0.4613688,0.2526194,0.3860356,0.3815676,0.4148884,0.281924,0.4303708,0.5934992,0.2910588,0.5653268,0.2188284,0.5498126,0.2237032,0.2313746,0.3224908,0.2296122,0.2618618,0.2351962,0.2641366,0.2747011,0.3747771,0.2480774,0.2104442,0.2110874,0.4930626,0.2842089,0.4294455,0.4482147,0.30904,0.3413902,0.5655592,0.462682,0.299172,0.228882,0.3863082,0.34716,0.4364251,0.4581472,0.2079988,0.2734212,0.5062838,0.2505936
0.342856,0.5036878,0.262875,0.1764656,0.3797454,0.2064869,0.2838256,0.2956968,0.1888652,0.3333532,0.4595948,0.3924407,0.3112478,0.3277088,0.40577,0.2350214,0.3616938,0.2460532,0.249572,0.2942036,0.4622086,0.2506324,0.3865806,0.380566,0.416217,0.2827644,0.4316314,0.594581,0.2929112,0.5662802,0.2157442,0.5396276,0.2230892,0.2301686,0.3252672,0.2286174,0.260987,0.236343,0.2630036,0.2753464,0.3757787,0.2483538,0.210755,0.2142014,0.489174,0.285275,0.4338544,0.4454385,0.3115478,0.3397006,0.5696382,0.4616096,0.2993076,0.2294332,0.3862856,0.3498304,0.4307293,0.459598,0.2102668,0.2692384,0.508712,0.2504024
0.3386306,0.505535,0.2620788,0.1754258,0.379234,0.2062422,0.2831438,0.2931164,0.1907214,0.3306288,0.4588344,0.3943955,0.3103448,0.3289338,0.4055642,0.2328956,0.3596186,0.245266,0.2483996,0.2940256,0.459583,0.2500736,0.385572,0.3826122,0.4171554,0.2825578,0.4317914,0.594597,0.2903744,0.558228,0.2137564,0.546176,0.2252738,0.225512,0.3256686,0.2312942,0.2625714,0.2395188,0.2644268,0.275028,0.3728389,0.2465482,0.2127688,0.2149464,0.4918304,0.2825432,0.4297622,0.4530192,0.3144068,0.3360758,0.5772946,0.463953,0.2968302,0.2297424,0.3877388,0.3519968,0.4352257,0.4544136,0.2112398,0.2682708,0.50981,0.2493716
0.3404258,0.502169,0.2619106,0.1709116,0.3753294,0.2040934,0.281548,0.2928878,0.1913562,0.3348742,0.4556948,0.3980789,0.3096542,0.3268714,0.4074882,0.2366894,0.356206,0.245645,0.2476768,0.2925994,0.4580112,0.2528564,0.383622,0.3791012,0.4194772,0.281278,0.433679,0.5978562,0.2911026,0.5537576,0.2163599,0.5481992,0.222078,0.22388,0.3261462,0.2300878,0.2619444,0.2402724,0.2641908,0.2723292,0.3733092,0.2478496,0.2125318,0.2143882,0.4854018,0.2840152,0.4290214,0.4497056,0.3106452,0.3383814,0.5731012,0.4638434,0.294921,0.2302967,0.3895508,0.3506196,0.4366153,0.4536826,0.2092262,0.2693222,0.4914841,0.2498952
0.335752,0.5057536,0.2619864,0.1680138,0.3729686,0.2039212,0.2825814,0.2940344,0.1909948,0.3349088,0.4556812,0.4011892,0.3121772,0.3203728,0.4157048,0.2366412,0.355798,0.2435636,0.245739,0.297305,0.4536414,0.2505796,0.3814214,0.3790976,0.4182192,0.2793256,0.4312694,0.5983544,0.2912394,0.5576592,0.2146327,0.5481344,0.2183114,0.220647,0.3307928,0.2306974,0.2646544,0.2421626,0.2615576,0.2675161,0.372837,0.2438906,0.211198,0.2150642,0.490753,0.2840158,0.4286428,0.4508408,0.309638,0.3380939,0.5727996,0.4613378,0.2943876,0.2266845,0.3866426,0.3533094,0.4387578,0.4618928,0.2087738,0.2706016,0.4972256,0.2485548
0.3360612,0.5105482,0.2593618,0.1689776,0.3710958,0.2081074,0.2804314,0.2962984,0.1866584,0.3393104,0.4523848,0.3987742,0.3090596,0.3233876,0.4113832,0.2384308,0.3589668,0.2426098,0.2438436,0.298648,0.4517674,0.2479794,0.3777814,0.380152,0.4176374,0.281158,0.4305586,0.6007852,0.2909934,0.5649248,0.2141465,0.5489142,0.219328,0.2178958,0.3287666,0.2308302,0.2616716,0.2408854,0.2628712,0.2658359,0.373642,0.2435558,0.2115394,0.2165472,0.4909574,0.2834734,0.4291722,0.450503,0.3088014,0.3392647,0.5718706,0.461256,0.3015554,0.2291703,0.3873304,0.350036,0.4359784,0.4592872,0.2089474,0.2757784,0.4997642,0.2477176
0.3338482,0.5123384,0.259595,0.171146,0.3701918,0.206284,0.2787878,0.2967332,0.1857912,0.3383334,0.4514834,0.404046,0.3106326,0.3188362,0.4114368,0.2372806,0.3614388,0.2445528,0.2456338,0.3004406,0.4538182,0.2485396,0.3753848,0.3829562,0.4187702,0.2821774,0.4318902,0.5987384,0.2884912,0.5681614,0.2152076,0.5512438,0.2181956,0.216439,0.325239,0.231687,0.2626381,0.243542,0.262526,0.2710915,0.3700972,0.2407796,0.209376,0.2184118,0.4896944,0.2827366,0.4275252,0.453272,0.3104818,0.3427484,0.5781398,0.4603612,0.3032012,0.2329962,0.3871062,0.3488278,0.4408532,0.4604148,0.206258,0.2753092,0.5007316,0.2478632
0.3346996,0.5104264,0.2626052,0.1705286,0.3671912,0.2084744,0.2770478,0.296203,0.1850672,0.3358356,0.4577532,0.4043182,0.3155688,0.3185984,0.4140706,0.2360556,0.3577856,0.2431126,0.2450356,0.2982116,0.4502994,0.2465846,0.3751726,0.3775996,0.418801,0.282094,0.4315204,0.5969198,0.2835644,0.5656462,0.2168314,0.5541518,0.2172986,0.2168286,0.3282866,0.2310572,0.2626081,0.2450252,0.2607028,0.2716309,0.3729808,0.2393632,0.2123968,0.219143,0.4879608,0.28398,0.4249472,0.4508712,0.3070992,0.3428874,0.5730624,0.4600582,0.3063682,0.2305992,0.3858326,0.3494208,0.4457336,0.456851,0.2094148,0.2746176,0.501181,0.2455676
0.3362616,0.514634,0.263006,0.1679016,0.3679698,0.2066104,0.2774676,0.2997704,0.1854278,0.3394638,0.45846,0.4054976,0.3120122,0.3196828,0.4154942,0.2351948,0.359408,0.243157,0.2429692,0.2967734,0.451101,0.2464945,0.376266,0.3779854,0.4161812,0.281372,0.4304274,0.5962072,0.2813672,0.5681184,0.2186232,0.5435644,0.2124212,0.2189686,0.326565,0.2289524,0.2629873,0.2447888,0.25803,0.2701699,0.372149,0.237757,0.2130822,0.2196952,0.4844274,0.281682,0.4274144,0.4525166,0.3067782,0.3438084,0.5755894,0.4608898,0.3090104,0.230784,0.3857584,0.3490558,0.4414436,0.4598762,0.2075716,0.2736032,0.5044866,0.244319
0.3306422,0.5122792,0.2655742,0.168033,0.3674348,0.2063674,0.2767632,0.2982472,0.1869696,0.3419026,0.454926,0.407555,0.3097158,0.3205752,0.415231,0.2347236,0.3589264,0.243449,0.240326,0.2984984,0.4582704,0.2421039,0.3756282,0.3770812,0.4124646,0.2824542,0.4328914,0.595382,0.2806994,0.563083,0.2205744,0.5436528,0.2101942,0.216886,0.3259626,0.2288216,0.2610659,0.2450161,0.2588652,0.2722589,0.3734554,0.2376594,0.211555,0.2185818,0.4866788,0.2843076,0.4259504,0.4508132,0.3089404,0.346873,0.5763304,0.4628156,0.3117608,0.2315266,0.387826,0.3493968,0.4375106,0.4576786,0.2058418,0.269311,0.5121056,0.2439822
0.331687,0.5090112,0.2701632,0.1688938,0.364055,0.2073198,0.2756618,0.2981044,0.1865882,0.3405692,0.4561286,0.4097158,0.3129844,0.3197772,0.409085,0.2364608,0.3578356,0.242631,0.2427762,0.2993546,0.4598068,0.2430598,0.377377,0.3769046,0.412651,0.2809063,0.4322504,0.5933836,0.2787864,0.5666724,0.2205228,0.5429106,0.215958266667,0.2161898,0.323887,0.2280112,0.2590399,0.2454218,0.2567164,0.2698561,0.366932,0.2354802,0.2134178,0.2170996,0.4874572,0.2880567,0.4283438,0.4559154,0.302494,0.3456866,0.5752464,0.4622574,0.3111872,0.2303378,0.3894644,0.347287,0.4362,0.4588808,0.2051592,0.2727852,0.5106646,0.242479
0.332903,0.5089354,0.271206,0.169515,0.3665784,0.206034,0.2766045,0.2969756,0.1864886,0.3395518,0.4535832,0.4097272,0.3147162,0.3202244,0.4052788,0.23573,0.3562252,0.241887733333,0.2412266,0.2948106,0.4577016,0.2399976,0.3753834,0.3765154,0.4078898,0.2790379,0.43819,0.5936628,0.273518,0.5671026,0.2204374,0.5333704,0.215246866667,0.2137286,0.3245894,0.2280306,0.2592177,0.2423548,0.257905,0.2696659,0.3712548,0.2370628,0.2159696,0.2175178,0.486064,0.2850743,0.4306626,0.4532552,0.2991108,0.3494798,0.575774,0.46049,0.3099128,0.2302156,0.3859656,0.3477036,0.4325992,0.4540442,0.2062874,0.2691898,0.508754,0.241654
0.3353428,0.5111502,0.2723572,0.1692518,0.3673656,0.2065726,0.2770935,0.2955696,0.192469,0.3362328,0.4558852,0.413028,0.3153466,0.323233,0.40453,0.2355468,0.3574186,0.2447091,0.2433,0.29677,0.4547102,0.2359578,0.3726236,0.3754126,0.4069942,0.2783413,0.4378324,0.5911288,0.2755662,0.5673226,0.2206872,0.5408292,0.217389466667,0.2149324,0.3230224,0.2284376,0.2566203,0.2413832,0.2581388,0.2688965,0.3685802,0.2362662,0.216944,0.218734,0.4858124,0.2838813,0.4284816,0.4542488,0.3011056,0.3470856,0.5755156,0.4619772,0.3094162,0.2313434,0.3847116,0.3452946,0.4349882,0.456048,0.207359,0.2698622,0.5064254,0.2409984
0.3274574,0.4816588,0.2760992,0.1679832,0.3692274,0.207031,0.2758911,0.2929042,0.1921708,0.3373634,0.4598444,0.4122658,0.3113792,0.3281524,0.4054284,0.235271,0.3545936,0.2467142,0.2429762,0.2938276,0.4574592,0.2361524,0.374302,0.3681488,0.4061618,0.2799105,0.4345634,0.5932444,0.2794,0.5718658,0.2192039,0.5333832,0.213418266667,0.2193002,0.323785,0.2283886,0.2511222,0.2420872,0.2571004,0.2655137,0.3690086,0.2375444,0.218837,0.2162936,0.48314,0.2858613,0.426928,0.4571448,0.3037598,0.3431628,0.5759918,0.458451,0.3108146,0.2302316,0.3813902,0.3468368,0.4394598,0.4539034,0.206034,0.2723058,0.507538,0.2413592
0.326534,0.4928162,0.2773842,0.166367,0.370105,0.2057714,0.2776939,0.2908736,0.1943392,0.3368122,0.454032,0.412562,0.3087216,0.3239414,0.4060986,0.2387647,0.356573,0.2435948,0.238712,0.2901574,0.4528162,0.236425,0.3709902,0.3700856,0.4038742,0.2770547,0.4385956,0.5943198,0.2818526,0.5653108,0.2169687,0.5301524,0.212766266667,0.219178,0.3227054,0.227811,0.252051,0.2451904,0.255213,0.2652953,0.3685734,0.2371724,0.219315,0.215922,0.4848598,0.2829869,0.4249416,0.4638226,0.3008252,0.3415402,0.5750812,0.4595406,0.3118204,0.22907,0.3841452,0.3461124,0.4391234,0.4328822,0.2055866,0.2782254,0.5089838,0.246217733333
0.3297092,0.502493,0.277878,0.1655056,0.3673176,0.2043602,0.2758295,0.2874708,0.1958394,0.3381584,0.4586508,0.4143428,0.3123006,0.3224004,0.4076434,0.2381506,0.3570624,0.2459631,0.2348616,0.2906826,0.4497214,0.2350302,0.3725202,0.3706214,0.4045826,0.2767817,0.4310682,0.5931468,0.2775513,0.5642228,0.2163355,0.5431762,0.212034266667,0.2157604,0.3233,0.2239926,0.253944,0.2443396,0.2550136,0.2660393,0.3657514,0.2389122,0.218806,0.214989,0.4841348,0.2828763,0.4214878,0.4583672,0.3022374,0.3417508,0.5724452,0.4583902,0.3123122,0.2299004,0.3841998,0.3461254,0.4360186,0.4433148,0.2048214,0.2783575,0.5096868,0.246379933333
0.3308212,0.5019018,0.2764004,0.165457,0.3647864,0.2053964,0.2731997,0.2872512,0.1966394,0.3368104,0.456419,0.4162092,0.3161038,0.3219044,0.4065032,0.241073,0.354916,0.2457655,0.2342486,0.288126,0.4529784,0.2301025,0.3694856,0.3727176,0.4060408,0.2787457,0.433795,0.5931776,0.2804914,0.5700622,0.2167107,0.5317542,0.211903266667,0.2123006,0.324193,0.222592,0.2535576,0.2458698,0.2537006,0.2641389,0.3650996,0.2396228,0.219307,0.2131348,0.4785586,0.2811341,0.4218774,0.4610382,0.3048488,0.3423414,0.5663208,0.4566924,0.315444,0.2296042,0.3775578,0.3475558,0.4376864,0.4469286,0.2027642,0.2767709,0.5068896,0.244016533333
0.3288412,0.5042618,0.2802994,0.1656578,0.3639918,0.2084088,0.2716288,0.2867464,0.2001936,0.3374792,0.458507,0.421197,0.3202644,0.3238514,0.4023626,0.2392344,0.354216,0.246493,0.2350258,0.287282,0.455537,0.2263547,0.370614,0.3724826,0.4046626,0.2761859,0.4312922,0.5965316,0.2824316,0.5650164,0.2182245,0.5323804,0.212856066667,0.2152002,0.3278878,0.2217026,0.2548442,0.2480738,0.2526924,0.2629809,0.3619228,0.236604,0.2181372,0.2138522,0.482505,0.2814285,0.420168,0.463672,0.2998422,0.3407854,0.5689586,0.4573746,0.317017,0.2300764,0.3856803,0.3463824,0.4405208,0.4525436,0.1996956,0.274377,0.5070164,0.2436214
0.3319614,0.5052418,0.2764546,0.1678092,0.363512,0.2086876,0.2683286,0.2837952,0.201033,0.3379314,0.4327791,0.4159014,0.3231318,0.3245656,0.4017816,0.2387128,0.361343,0.246346,0.2349554,0.2866636,0.4546736,0.2203255,0.3675118,0.3708576,0.4022778,0.2747159,0.4309388,0.5953304,0.2873894,0.5643142,0.2176806,0.531648,0.2139326,0.2170204,0.3293918,0.2212844,0.2573312,0.249816,0.2497776,0.2641013,0.3652574,0.2363636,0.2186772,0.215313,0.4757774,0.2830196,0.4201664,0.46084,0.2981116,0.3425316,0.5716816,0.4584974,0.3155698,0.2294298,0.3909565,0.3440424,0.4386608,0.4652172,0.197727,0.2706788,0.5079286,0.24452
0.3349396,0.5072096,0.2795146,0.167076,0.366324,0.2064528,0.2694884,0.2817296,0.1992802,0.3357536,0.4356701,0.4164764,0.3261342,0.3228518,0.4010672,0.2382442,0.3620118,0.246067,0.2351778,0.2867802,0.4484996,0.2243607,0.3667976,0.374144,0.4042936,0.2747935,0.4349802,0.5969974,0.2888682,0.5684166,0.2171244,0.5426578,0.213890733333,0.2143944,0.3292518,0.2200988,0.2579082,0.2486704,0.2510856,0.2600591,0.3645074,0.2343192,0.2159812,0.2180346,0.4774574,0.2845648,0.4212862,0.4600198,0.2964574,0.3409202,0.5719766,0.4542672,0.316597,0.2315042,0.3894242,0.340043,0.4384152,0.4575208,0.1952082,0.2694128,0.5096892,0.246334
0.3372554,0.5060156,0.2775728,0.1664502,0.3671346,0.2075088,0.2705426,0.2838868,0.2003346,0.3376274,0.4481309,0.4179852,0.327496,0.3228244,0.4074164,0.240444,0.3621672,0.2477764,0.2354786,0.2870224,0.452925,0.2273672,0.3650102,0.3722316,0.406948,0.2747865,0.4325492,0.597456,0.2874384,0.5615768,0.2159182,0.5505642,0.216531333333,0.2131502,0.326217,0.218821,0.2551704,0.2486386,0.252082,0.2582802,0.359675,0.2335734,0.2161804,0.217839,0.4717974,0.2869406,0.4190046,0.4598258,0.3003776,0.3412474,0.5670142,0.4588512,0.3176986,0.2286894,0.3926606,0.3411764,0.4369146,0.4644328,0.1942344,0.2707582,0.5119572,0.244956
0.337395,0.5078288,0.2809098,0.1675568,0.3641552,0.2070758,0.2714386,0.2835986,0.2024416,0.3345222,0.4521755,0.4174374,0.3294256,0.3253522,0.4049836,0.2394462,0.365412,0.24871,0.2388362,0.2829002,0.4512614,0.2294126,0.3679808,0.3718166,0.406015,0.2749887,0.4332884,0.5986918,0.2844734,0.5626416,0.2132408,0.5538628,0.215756733333,0.2118568,0.3260964,0.2208494,0.2528104,0.2498294,0.2545,0.2588086,0.3578962,0.2340456,0.2151912,0.216371,0.4722334,0.2859752,0.4181554,0.4608274,0.300716,0.3422306,0.5733102,0.4596834,0.3194376,0.2252202,0.393119,0.3401144,0.4330004,0.4637596,0.195643,0.2645242,0.5111276,0.2440201
0.335725,0.5087418,0.2797954,0.1671006,0.36277,0.2071648,0.2691288,0.282722,0.2033076,0.3362944,0.4521884,0.413184,0.3312826,0.326098,0.405833,0.240628,0.3623206,0.248736,0.237412,0.2816256,0.4501254,0.227978,0.3683026,0.3692826,0.4046892,0.2736273,0.439192,0.5925996,0.2864859,0.5620458,0.2130364,0.5551448,0.216699133333,0.2118512,0.3230998,0.2190706,0.2528476,0.2478756,0.254098,0.2540564,0.363155,0.232203,0.2125572,0.2175022,0.4689648,0.2893968,0.419341,0.459961,0.3014732,0.3436318,0.5749776,0.456906,0.3187456,0.2281172,0.394867,0.3399078,0.4364072,0.458133,0.195731,0.2655408,0.5087258,0.2434386
0.3332994,0.5061392,0.2810742,0.1646918,0.3643386,0.2101624,0.2718442,0.284234,0.2065044,0.337689,0.4538364,0.4137768,0.3340688,0.3278844,0.4028562,0.2365774,0.3648728,0.2489486,0.2371262,0.2844836,0.4524688,0.2289406,0.3735514,0.3693554,0.401072,0.2719158,0.435509,0.5923046,0.2856401,0.5644518,0.2144772,0.5518058,0.218019366667,0.2096124,0.320711,0.2202684,0.2530498,0.246248,0.2526184,0.253802,0.3666816,0.2318894,0.2107502,0.2160836,0.4724648,0.286586933333,0.4173052,0.4581288,0.3003462,0.3448758,0.5730102,0.4559118,0.312987,0.2300712,0.3952526,0.3387174,0.4360368,0.457443,0.19491,0.2626984,0.5077058,0.2406508
0.3311904,0.5068436,0.2791794,0.1663028,0.3628688,0.213196,0.2699016,0.2817876,0.2092492,0.337427,0.4562458,0.4111022,0.3378638,0.329292,0.4013868,0.2368184,0.3739314,0.2474298,0.2336636,0.2836436,0.4538692,0.230223,0.3838134,0.3654466,0.4048462,0.2701254,0.4394322,0.594177,0.2877122,0.5660776,0.2150622,0.5534606,0.214596866667,0.2117662,0.3272948,0.222215,0.2530656,0.247693,0.2502516,0.2509308,0.362939,0.2300728,0.2095584,0.21662,0.4724462,0.287885933333,0.4151952,0.4595928,0.3007186,0.3440012,0.5721236,0.4604198,0.315229,0.2274906,0.3923732,0.3392384,0.438135,0.462078,0.1966406,0.2633244,0.505921,0.2412342
0.3300962,0.5052818,0.2812152,0.1661316,0.3630776,0.2118148,0.2687168,0.2828562,0.208387,0.33731,0.453273,0.4121134,0.336595,0.3244384,0.4014056,0.2346566,0.373881,0.247126,0.2336473,0.2841712,0.4561228,0.2283914,0.3855815,0.3627922,0.404344,0.2677494,0.4307202,0.5940342,0.2898316,0.566761,0.2139578,0.5547158,0.2154776,0.2113666,0.3295438,0.2218228,0.254255,0.2475758,0.2481008,0.2502842,0.3628602,0.2323958,0.2109448,0.2156102,0.4684,0.286557933333,0.4127426,0.4617442,0.301926,0.3430036,0.572374,0.4682772,0.317055,0.230513,0.3973358,0.340336,0.437222,0.4595524,0.196696,0.265391,0.5050378,0.2399998
0.3296504,0.5070278,0.2796766,0.1671436,0.3635596,0.2141874,0.271452,0.2820524,0.2129102,0.3407048,0.4520886,0.4092292,0.3331602,0.3243218,0.3977846,0.2314164,0.3740298,0.2474602,0.2322485,0.2849088,0.4510672,0.2277852,0.3895571,0.3652718,0.406628566667,0.2694182,0.4292882,0.5921142,0.2879236,0.5664436,0.2132148,0.5488548,0.2159864,0.210814,0.3288744,0.2202746,0.252932,0.2490962,0.2496456,0.2499814,0.3632488,0.2295884,0.2120994,0.216395,0.4628268,0.287722733333,0.4110138,0.4643726,0.3041618,0.3430226,0.5739306,0.4730174,0.3144842,0.2283248,0.3972342,0.3368818,0.4386354,0.457044,0.1958696,0.2660518,0.505654,0.2413732
0.3317554,0.508917,0.2805946,0.1673036,0.3645514,0.2135772,0.2698568,0.2845268,0.2135054,0.3409292,0.4557336,0.40247,0.3371286,0.324229,0.4020278,0.231143,0.3729678,0.2477564,0.2325399,0.285082,0.4548746,0.2279214,0.3911888,0.3665166,0.412341166667,0.2697508,0.430867,0.5914122,0.289713,0.5656964,0.212491,0.5537412,0.2166986,0.2107478,0.3273424,0.2187422,0.2539938,0.249806,0.251809,0.2523324,0.361075,0.2283342,0.2095572,0.218186,0.465281,0.286650533333,0.410968,0.4636352,0.3009338,0.3412158,0.5750384,0.4763168,0.3152328,0.2283306,0.394941,0.3404134,0.436003,0.4554354,0.1936334,0.2653536,0.5068458,0.238355
0.3288626,0.5125084,0.2774166,0.1665444,0.3667256,0.2134928,0.270599,0.2852614,0.216299,0.3417964,0.460241,0.4021874,0.3390694,0.3225026,0.4002038,0.2294068,0.370844,0.2493336,0.2343051,0.2833134,0.4546092,0.2260864,0.3899226,0.3658022,0.416842,0.2676508,0.4358632,0.591542,0.2925226,0.5622544,0.2155286,0.5423464,0.2159072,0.211787,0.33154,0.218633,0.2509756,0.2487836,0.2515566,0.247584,0.358476,0.2306098,0.2098066,0.2206596,0.4712378,0.2892384,0.4123016,0.4643624,0.299143333333,0.3397964,0.5732046,0.4820852,0.3148032,0.2308884,0.399602,0.3372576,0.4349036,0.4584666,0.1913678,0.2674494,0.506284,0.2372178
0.329337,0.5138592,0.2796936,0.1670368,0.3627662,0.2140804,0.271767,0.2819302,0.216937,0.3423304,0.459201,0.3998774,0.3382556,0.321556,0.4049874,0.2311118,0.3731278,0.2513578,0.2356927,0.280735,0.4555338,0.226784,0.3905486,0.3641772,0.420388,0.269137,0.4191046,0.5689464,0.2932255,0.5593976,0.2153098,0.5443232,0.2142002,0.2126662,0.3286394,0.2169688,0.2519108,0.249988,0.251565,0.2460346,0.3557244,0.2283421,0.2079102,0.218477,0.471239,0.2907926,0.4135016,0.4745744,0.298085733333,0.3430166,0.5737284,0.479924,0.3144964,0.2270338,0.3970568,0.3382534,0.4293552,0.4580466,0.1884942,0.265031,0.5062636,0.231527
0.327414,0.5141706,0.2811867,0.1660568,0.3624916,0.2124188,0.2695002,0.2841098,0.2174142,0.3391744,0.4600242,0.398315,0.3359858,0.3190972,0.3998284,0.2300794,0.3710852,0.2534266,0.2334462,0.2769261,0.4545612,0.2251686,0.3962776,0.3653224,0.4259036,0.2666812,0.4238116,0.5783138,0.2993027,0.5557544,0.214269,0.5413964,0.2155184,0.213524,0.3305944,0.2168856,0.2475318,0.2502122,0.2510256,0.2464922,0.3557052,0.2280938,0.2056442,0.2132,0.469221,0.2868211,0.409549,0.4658472,0.298016633333,0.3469958,0.570422,0.4802354,0.3144038,0.2278116,0.39497,0.33606,0.4294032,0.4650958,0.1878573,0.26555,0.5051564,0.2340864
0.3288056,0.5074284,0.2798809,0.1656828,0.366259,0.2116076,0.2716788,0.2792992,0.2164306,0.3379424,0.4610348,0.3923282,0.334109,0.3248804,0.4074178,0.2269014,0.370096,0.2532504,0.2323552,0.2830286,0.4569872,0.2248108,0.3955366,0.3665326,0.4300866,0.2678658,0.433599,0.5820732,0.3022567,0.5543274,0.2145846,0.5409934,0.2134708,0.2151698,0.3304574,0.2153584,0.2449514,0.2548754,0.2491266,0.2465778,0.362859,0.224601,0.2069834,0.211288,0.4710614,0.2891838,0.406809,0.4562146,0.301466233333,0.3457076,0.5755462,0.4799908,0.3131564,0.2299606,0.3966382,0.3357642,0.4289456,0.4601646,0.1884867,0.2623278,0.501602,0.2360224
0.3298108,0.5057632,0.2781151,0.1661038,0.3688536,0.211423,0.26961,0.2782052,0.2163602,0.3380746,0.465162,0.3974978,0.3370056,0.3228392,0.410962,0.2284328,0.3706036,0.254578,0.2326122,0.2861076,0.455063,0.2275676,0.3967826,0.3665536,0.431602,0.2660998,0.4361368,0.5800314,0.3024251,0.5625206,0.2167938,0.545906,0.2130932,0.2160512,0.3264626,0.2146404,0.2449844,0.2547314,0.2471792,0.2451532,0.3599064,0.2243544,0.2062852,0.2118856,0.4714864,0.2911424,0.4068452,0.461396,0.3039697,0.3456253,0.5767124,0.478817,0.3139706,0.2299464,0.3947526,0.3291884,0.4298388,0.458129,0.1904125,0.2613845,0.5029398,0.2352984
0.3275004,0.506607,0.2801307,0.1711596,0.3687544,0.2093554,0.2695719,0.279947,0.2197636,0.3406298,0.4620074,0.4011308,0.3394838,0.3215478,0.4068616,0.2293666,0.3687346,0.2535484,0.2297692,0.2920204,0.4378935,0.2248526,0.397156,0.3677488,0.4287634,0.2682866,0.4404294,0.5812236,0.3027814,0.5574726,0.2161942,0.550363,0.2126223,0.2173188,0.3309206,0.2150934,0.244785,0.2531886,0.2488902,0.2439688,0.35888,0.2243246,0.2028446,0.2116472,0.4745255,0.293399,0.4114694,0.4600866,0.3040157,0.3428865,0.5758588,0.4793146,0.3141304,0.2321544,0.395858,0.3329462,0.4318328,0.459639,0.1891127,0.2580117,0.504196,0.2386628
0.3272558,0.503724,0.2810641,0.1717115,0.3715312,0.2088708,0.2686829,0.2799964,0.2195788,0.3384396,0.4604982,0.4027768,0.3392958,0.318474,0.4046892,0.225607,0.3720326,0.2518596,0.231744,0.2913876,0.4453089,0.22318,0.3954826,0.3645262,0.428536,0.2681376,0.4327834,0.5872216,0.303448,0.5577226,0.2168278,0.5443836,0.2144511,0.2158196,0.3336272,0.2163578,0.2430245,0.252798,0.2467622,0.2425954,0.364253,0.2234682,0.2060646,0.2106774,0.4787499,0.2924675,0.4087828,0.4605918,0.3111377,0.3412793,0.5730454,0.477956,0.3103776,0.2321526,0.3946996,0.3384174,0.4245632,0.46309,0.1889237,0.260204,0.5050988,0.2388394
0.3272762,0.5034736,0.2787557,0.1711022,0.3760016,0.2092654,0.2702424,0.2788422,0.218626,0.3339118,0.463356,0.4039796,0.341586,0.314324,0.4074798,0.2237132,0.3739594,0.251928,0.2344648,0.2876944,0.4525451,0.2221368,0.39545,0.3656672,0.4301436,0.267534,0.4378242,0.5835482,0.3034184,0.5623518,0.2171764,0.539331,0.2162429,0.2154816,0.3321332,0.216614,0.2410169,0.2510528,0.2460282,0.2400072,0.3599404,0.2229504,0.2020224,0.2116382,0.4875057,0.2899529,0.4129316,0.4586044,0.313863,0.3389749,0.5689986,0.4791626,0.3150408,0.2328044,0.3950818,0.3471514,0.4264232,0.4672128,0.1894828,0.257814,0.5018952,0.2378324
0.3275384,0.5080378,0.2776211,0.1708659,0.373055,0.210333,0.2714992,0.2791714,0.2164366,0.332212,0.4630658,0.4026664,0.3407904,0.3197206,0.4095742,0.2228532,0.3669898,0.2520584,0.2328224,0.2894856,0.4506954,0.2218376,0.3942324,0.3638884,0.4305532,0.2674288,0.4326164,0.5839178,0.3032386,0.5631884,0.2156714,0.542858,0.2167895,0.2149908,0.3301386,0.2198822,0.2412153,0.2544796,0.2427498,0.2411782,0.3685135,0.2233284,0.203462,0.2136498,0.4869055,0.2895985,0.4128102,0.4577172,0.3177826,0.3401555,0.5672038,0.478145,0.3147878,0.2360034,0.3908636,0.3517,0.4252474,0.4659482,0.1914192,0.2544846,0.503317,0.2380024
0.3282618,0.509554,0.2771454,0.1721067,0.3720538,0.208384,0.2734124,0.2796408,0.2174014,0.3320646,0.463057,0.4036534,0.3394952,0.3163368,0.409445,0.2212214,0.3656176,0.2518094,0.2280798,0.2929764,0.4603466,0.2237474,0.3932216,0.3624532,0.4292354,0.2684934,0.4352356,0.5874178,0.3000754,0.5668978,0.217402,0.5346824,0.2197916,0.2147548,0.3277836,0.2206038,0.2412397,0.2521042,0.2412512,0.2417726,0.3738298,0.2231132,0.2022406,0.2134286,0.4875021,0.2892021,0.41373,0.461564,0.3149534,0.3399183,0.5715298,0.480884,0.315123,0.2400484,0.3897778,0.3534282,0.4270672,0.4626264,0.1890396,0.2554752,0.50358,0.2380264
0.3292794,0.510955,0.277623,0.1725049,0.3733332,0.2081412,0.271807,0.2795754,0.219385,0.3281632,0.4633338,0.3994612,0.3362308,0.3138284,0.4156644,0.220571,0.367732,0.2509066,0.230206,0.2984126,0.458304,0.2184248,0.3925314,0.3621298,0.4287216,0.2675256,0.4346664,0.5859868,0.3002938,0.5716684,0.2178698,0.542179,0.2186264,0.215631,0.3247308,0.222614,0.2396027,0.2497888,0.2411816,0.2440983,0.3730918,0.225641,0.2022174,0.2173038,0.4916577,0.2871898,0.4108216,0.459683,0.313349,0.3425621,0.5732348,0.4832974,0.3126752,0.2406292,0.3885162,0.3507776,0.4274194,0.4620688,0.191927,0.2556688,0.504416,0.2400166
0.3280878,0.5131902,0.2800666,0.1735357,0.3721348,0.2064652,0.2743928,0.2803766,0.2201662,0.329422,0.4596752,0.4005484,0.3342222,0.3105746,0.394659,0.21962,0.3655118,0.251229,0.2295906,0.297602,0.4633106,0.2180689,0.390735,0.3635212,0.4271636,0.2685796,0.4374086,0.587087,0.300785,0.5705442,0.2179214,0.5456334,0.2183054,0.2155398,0.322668,0.2194526,0.2338663,0.2506198,0.2431208,0.2461823,0.3794402,0.2261312,0.2069394,0.2160544,0.4878897,0.286878,0.4093946,0.4592438,0.313211,0.3418868,0.5718308,0.4791562,0.3119118,0.2409062,0.3880294,0.3520514,0.429707,0.4638902,0.1922036,0.2548199,0.5050626,0.2414708
0.3270994,0.5161512,0.2808356,0.1739737,0.3761842,0.2046588,0.2733854,0.2795432,0.2240508,0.3281892,0.4597862,0.4026746,0.3380498,0.310964,0.3967286,0.2236642,0.3650802,0.2505946,0.2295716,0.3011528,0.4677586,0.2212035,0.3896108,0.3630966,0.4292818,0.268535,0.4437626,0.5852572,0.3006694,0.5652052,0.2182942,0.5409792,0.2185802,0.2139006,0.3210894,0.2184324,0.2338375,0.248608,0.2442178,0.2467088,0.378795,0.224839,0.2072376,0.2167664,0.4913724,0.2830442,0.4121172,0.4586122,0.3103516,0.3431166,0.5695826,0.4798708,0.3093416,0.240633,0.3890912,0.3531576,0.4329686,0.4675156,0.1922924,0.2541713,0.5074206,0.239799
0.325457,0.5177602,0.2816328,0.1716215,0.3748482,0.2064832,0.2747702,0.2762748,0.2255994,0.3283704,0.4532742,0.4027984,0.3344216,0.311508,0.3977958,0.2236374,0.3588496,0.251599,0.2301862,0.2991674,0.4652162,0.2225235,0.3909968,0.3617922,0.4318336,0.2690732,0.4416492,0.5854412,0.2999884,0.5660036,0.2189776,0.538032,0.2169996,0.2112204,0.321835,0.215194,0.2366473,0.2498722,0.246948,0.2424256,0.3821456,0.2265708,0.2098812,0.2158462,0.4912778,0.2867088,0.4217468,0.4608702,0.310623,0.3415194,0.5734674,0.4801506,0.3018174,0.2413754,0.387136,0.3510792,0.4326602,0.461121,0.1938766,0.2527504,0.5034754,0.23769
0.3230862,0.5114574,0.2785,0.1716705,0.3765744,0.2063606,0.2736118,0.272513,0.2274138,0.3311169,0.4551924,0.3994806,0.3352546,0.3122858,0.401888,0.2224444,0.3588364,0.255508,0.230428,0.2978498,0.4683656,0.2218813,0.392473,0.363397,0.4296374,0.2702076,0.4457262,0.5839664,0.3021756,0.5394086,0.2197478,0.538639,0.2137784,0.2096086,0.3251734,0.2161678,0.2421729,0.2495654,0.2463654,0.2418258,0.379054,0.2241716,0.2085613,0.2132802,0.4941522,0.2838946,0.4230466,0.4539796,0.3145044,0.340119,0.576209,0.4815768,0.3020524,0.2398248,0.38797,0.349672,0.4345288,0.4677032,0.1917036,0.2551168,0.5027554,0.2362406
0.3270264,0.5073538,0.2781866,0.1726178,0.3799982,0.2047736,0.2727974,0.272844,0.2288522,0.3282778,0.457373,0.3998526,0.3371944,0.3106596,0.4028694,0.2224738,0.3593412,0.2557606,0.232874,0.2955472,0.4679506,0.2232832,0.3895188,0.3645412,0.4306918,0.2707586,0.440656,0.5862932,0.2970378,0.5460951,0.2204196,0.5406756,0.2135266,0.2106846,0.3256488,0.214364,0.2442147,0.2468572,0.2439876,0.243268,0.3833995,0.2247044,0.2086757,0.2136662,0.491158,0.2834636,0.4250548,0.4530252,0.3156322,0.3415116,0.5745278,0.4823736,0.3014792,0.243233,0.3854712,0.3499464,0.429583,0.466673,0.194001,0.2534644,0.5053146,0.2352972
0.32391,0.507602,0.2779418,0.1702258,0.3802334,0.2052616,0.2719178,0.2708078,0.2256252,0.3312614,0.4621874,0.3962528,0.3364882,0.3091054,0.398802,0.2215318,0.3590572,0.2579078,0.2339383,0.295521,0.4703116,0.2230751,0.3881778,0.3689736,0.428862,0.2676492,0.4401934,0.5858158,0.2928966,0.5499861,0.2219102,0.5394754,0.2128962,0.2131246,0.324011,0.214023,0.2440755,0.248157,0.2397502,0.2446028,0.3881008,0.2265408,0.2081986,0.2120606,0.4931148,0.2833022,0.430453,0.4513458,0.3114676,0.3365306,0.5780596,0.4825046,0.3032612,0.2429134,0.3840264,0.3500388,0.4323558,0.4592876,0.193557,0.2512306,0.5038596,0.234623
0.3255322,0.5058368,0.2784004,0.1713938,0.3778788,0.2054762,0.2718212,0.2703738,0.2233014,0.328993,0.4584494,0.4001532,0.3408346,0.310657,0.4051456,0.2209894,0.3552672,0.2548644,0.2332435,0.291469,0.4716272,0.2252461,0.3924832,0.3738931,0.4264312,0.268654,0.4379702,0.5911078,0.289671,0.558455,0.2213818,0.5357586,0.2121932,0.2087211,0.3243816,0.2158364,0.2426175,0.2457468,0.2416122,0.2462436,0.3869758,0.2254808,0.2098039,0.2134367,0.4942328,0.2831978,0.430232,0.4551244,0.3139394,0.3353896,0.5757606,0.4832842,0.3025308,0.2459504,0.3809214,0.3496026,0.4366014,0.4623348,0.1933006,0.2517924,0.5065256,0.2332014
0.3275208,0.5071004,0.276601,0.1704069,0.3755076,0.2064638,0.2698846,0.2706152,0.2264996,0.3313146,0.4625464,0.4001796,0.3394946,0.3105472,0.4007048,0.2207134,0.3529836,0.2525886,0.2333969,0.2924708,0.4729134,0.2215901,0.3929082,0.376326,0.4214936,0.2692522,0.4393862,0.589037,0.2917336,0.5634346,0.2234854,0.5368434,0.2109056,0.2107394,0.3262644,0.21362,0.2417928,0.2404504,0.2419896,0.2482822,0.3858,0.224523,0.2100925,0.2139675,0.4922911,0.2847632,0.4307474,0.4571632,0.3123502,0.3320966,0.551354,0.4834004,0.3049642,0.2424092,0.3805372,0.353747,0.4416616,0.464371,0.1925108,0.2483008,0.5050802,0.2333678
0.3300696,0.5084536,0.2725966,0.1735872,0.3772938,0.2038662,0.2685878,0.2684326,0.2288384,0.3325198,0.4604196,0.4007612,0.3395008,0.3103092,0.4041936,0.2192098,0.351482,0.252998,0.2305127,0.2958594,0.4726978,0.2242989,0.393024,0.3752978,0.425486,0.2686754,0.4443358,0.5947716,0.2905632,0.5703002,0.221466,0.5373848,0.2119624,0.2100428,0.3256212,0.2150868,0.2451232,0.2445911,0.2432822,0.2491086,0.388232,0.2245866,0.2095645,0.2124323,0.4948415,0.2823528,0.4310574,0.4505638,0.3109146,0.3330662,0.5683608,0.4830126,0.3097278,0.242058,0.3806742,0.3538248,0.444921,0.4617224,0.1915644,0.2500088,0.5077228,0.2339414
0.3269182,0.5114112,0.2744696,0.1727988,0.3749314,0.2043368,0.2690212,0.268923,0.2299364,0.330991,0.456216,0.4012098,0.3415086,0.3133572,0.4077328,0.2192378,0.352785,0.256382,0.2319906,0.2946282,0.4760294,0.2253796,0.3939644,0.377854,0.4224784,0.2687742,0.4389444,0.5944488,0.287249,0.5740134,0.2205682,0.5306126,0.2112832,0.2106478,0.3266702,0.2148922,0.2476966,0.2476857,0.242005,0.2478345,0.388959,0.228197,0.2111119,0.2111805,0.4926939,0.2846098,0.4374576,0.4581322,0.3122956,0.332267,0.5733884,0.4839032,0.307715,0.2423092,0.3846128,0.3546516,0.4502764,0.4657604,0.1895346,0.2489142,0.509554,0.233954
0.3254302,0.5119314,0.2731304,0.1751552,0.3762408,0.2014768,0.2699178,0.2684102,0.2342262,0.3320088,0.4545994,0.403058,0.3399962,0.311342,0.4068482,0.2180258,0.35551,0.2537464,0.2319058,0.2961916,0.4832756,0.2207116,0.3935678,0.379991,0.4231498,0.2677084,0.4385386,0.5927918,0.2844356,0.5694542,0.2210894,0.541909,0.20702,0.2111992,0.3223754,0.2152438,0.2452651,0.2501759,0.237605,0.2466177,0.3880604,0.2308204,0.2104383,0.2087275,0.4891175,0.2842412,0.4368638,0.4555136,0.3118666,0.3279136,0.5784326,0.4842396,0.3065944,0.2387772,0.3812686,0.3546486,0.452727,0.4636392,0.18877,0.2485194,0.5107988,0.2334902
0.3237874,0.5060618,0.271752,0.1743078,0.3768444,0.201265,0.2692602,0.2667526,0.23428,0.3365576,0.459291,0.404256,0.3409248,0.312574,0.4071988,0.2188574,0.356774,0.2517224,0.2296626,0.292064,0.4817234,0.223042,0.3958408,0.3818624,0.427462,0.266928,0.4385646,0.5927936,0.286948,0.5678844,0.2212174,0.5391158,0.2068894,0.2071326,0.3258124,0.2139696,0.2489496,0.255943,0.2347952,0.2482301,0.3911402,0.2287128,0.2095731,0.2086075,0.4910436,0.2839034,0.4371382,0.4614042,0.3140184,0.327716,0.5730354,0.483632,0.3089696,0.2397354,0.3805346,0.3541684,0.4543218,0.4633654,0.188148,0.2499724,0.5091892,0.2340054
0.3228688,0.5054976,0.2710016,0.1749958,0.3764712,0.2014842,0.2708662,0.2659858,0.2371826,0.3353938,0.4563946,0.4053952,0.3443794,0.31141,0.4080618,0.2204718,0.3541502,0.252081,0.2283962,0.2945792,0.4810346,0.2216724,0.3933434,0.381417,0.4233902,0.2682102,0.4430786,0.5957954,0.2868936,0.566024,0.221504,0.5369088,0.2069516,0.2040092,0.3247464,0.2129356,0.2489844,0.2561742,0.2359308,0.2464426,0.3925441,0.2305464,0.2110003,0.2100841,0.490939,0.2845532,0.4375592,0.4514744,0.3144028,0.3279122,0.57592,0.4844508,0.3095922,0.2405542,0.3822532,0.352348,0.4570662,0.4613646,0.186243,0.245745,0.5118474,0.2343072
0.321557,0.5109906,0.2693756,0.1736838,0.3768254,0.2041234,0.273159,0.2672346,0.2356055,0.339582,0.45665,0.4018506,0.3431448,0.3122024,0.4094032,0.2203614,0.3513198,0.253274,0.2278154,0.2944434,0.4835028,0.2169224,0.3895266,0.3850844,0.4247174,0.2652622,0.4382258,0.5959798,0.2937978,0.5709908,0.2211398,0.5284886,0.2082276,0.2034908,0.3257598,0.2128998,0.2519616,0.2558344,0.2361045,0.2456278,0.3867742,0.2316734,0.2110605,0.2123445,0.4894828,0.2830516,0.4341704,0.4561296,0.3137346,0.3284656,0.5809256,0.4827324,0.3067864,0.240805,0.3724644,0.3497546,0.4571166,0.4654808,0.1870186,0.2464332,0.5103096,0.235725
0.3221638,0.5109176,0.2696626,0.1747114,0.3760048,0.203096,0.2770736,0.2663676,0.2348143,0.3403226,0.4538064,0.402402,0.3437946,0.3122188,0.4074498,0.2190452,0.3503468,0.252589,0.2285922,0.2971276,0.4817582,0.219202,0.3877758,0.3899552,0.4291852,0.2624634,0.4333684,0.5940356,0.2921308,0.575738,0.218404,0.5361252,0.2118388,0.2079817,0.327462,0.2133562,0.2493566,0.2566016,0.2373913,0.2460978,0.3894622,0.2316954,0.2091921,0.2132079,0.4874756,0.280925,0.4348846,0.4554344,0.3143436,0.3279772,0.5782598,0.4839594,0.3048602,0.239904,0.370666,0.3491792,0.4570024,0.4667894,0.1863082,0.24553,0.507984,0.2315238
0.3199886,0.50954,0.2680662,0.1743764,0.3724806,0.2046202,0.2782994,0.2663658,0.2348599,0.3443172,0.4567442,0.4072646,0.3421494,0.3099404,0.4063502,0.2191584,0.3502548,0.25165,0.2308583,0.300066,0.47877,0.2172696,0.3886412,0.3923096,0.4287428,0.2635154,0.430333,0.5959522,0.2986474,0.5667286,0.2152488,0.5405426,0.2153138,0.2097149,0.3270682,0.2137384,0.2467862,0.2571192,0.2368587,0.2488012,0.3836694,0.234269,0.2055745,0.2106156,0.487906,0.2819686,0.4373212,0.4561616,0.3161938,0.329563,0.5831712,0.4897078,0.3048283,0.238037,0.3681946,0.3501976,0.4557074,0.459732,0.185461,0.2426292,0.4839178,0.2305
0.3190384,0.5089494,0.2698616,0.1794186,0.3692826,0.2041024,0.2763698,0.2661966,0.2340611,0.3424662,0.4583598,0.4143122,0.3408492,0.3137157,0.4069822,0.2202532,0.350599,0.2496866,0.2337423,0.2982464,0.4751312,0.2173784,0.3867786,0.3938356,0.4289638,0.261783,0.434351,0.5949168,0.2993002,0.5648848,0.2125908,0.5282868,0.2144436,0.2053228,0.3272766,0.2112898,0.2476635,0.2574736,0.2379209,0.2455852,0.376938,0.2350572,0.2066053,0.210129,0.4861956,0.281871,0.4343036,0.4596428,0.3154988,0.3301431,0.583103,0.4877534,0.3046953,0.235388,0.367066,0.349202,0.4519952,0.4616632,0.1859688,0.2417472,0.4953908,0.2306372
0.318668,0.5092836,0.2698668,0.18028,0.3668858,0.2022458,0.2779226,0.2632404,0.2349993,0.3455214,0.455283,0.4206444,0.3357938,0.3204748,0.4084626,0.218934,0.3464478,0.2513624,0.2334482,0.2947148,0.4745988,0.2172754,0.386249,0.39258,0.4284266,0.2597104,0.4267042,0.5933224,0.2958414,0.5683256,0.212385,0.531885,0.2173848,0.2060521,0.3308452,0.2116412,0.2474115,0.2587878,0.2377741,0.249767,0.3788932,0.2372218,0.2062341,0.2115678,0.4801324,0.2794324,0.4286284,0.4655658,0.315133,0.3363615,0.583463,0.4869478,0.3054145,0.2363308,0.3659638,0.3509216,0.4483098,0.4625464,0.188461,0.2426889,0.501093,0.2298238
0.3220002,0.5080262,0.2695805,0.1797136,0.366487,0.203241,0.274905,0.2676952,0.2343239,0.3433346,0.4610642,0.4266583,0.3370216,0.3209414,0.4053606,0.2186342,0.346469,0.2506088,0.2295356,0.2927966,0.473952,0.218573,0.3817578,0.3949924,0.4278664,0.2587998,0.4369234,0.595767,0.2991396,0.5719784,0.2096156,0.5256008,0.2182124,0.2068695,0.3305294,0.2111794,0.2454913,0.2569698,0.2400387,0.2485486,0.3785708,0.2370866,0.2058109,0.2100266,0.4830604,0.2793848,0.4288852,0.46778,0.3179256,0.3324245,0.5820862,0.4850138,0.3066119,0.235664,0.3623514,0.349381,0.4482474,0.4618452,0.1885328,0.2461399,0.5050694,0.2302496
0.322674,0.5027886,0.2675263,0.1793258,0.3701334,0.2027238,0.2726538,0.2667056,0.2344307,0.3426924,0.4620208,0.4335833,0.3396438,0.3214447,0.4086804,0.217177,0.3489482,0.2494636,0.233804,0.2946958,0.4688014,0.2230724,0.3787934,0.394614,0.4253096,0.258989,0.4381114,0.6012908,0.300427,0.5754088,0.2067408,0.5379312,0.2182464,0.2044103,0.328816,0.2125464,0.2460716,0.258546,0.2421111,0.2466702,0.3768464,0.2365988,0.2047577,0.2094092,0.4824734,0.2810082,0.4299846,0.4710546,0.3154818,0.3328531,0.5793838,0.4827974,0.3060507,0.2327366,0.3648486,0.3519684,0.4482542,0.4608094,0.1883784,0.2476976,0.5019106,0.2283928
0.3202906,0.5064422,0.2694236,0.1773752,0.3675598,0.2018822,0.271095,0.2661962,0.2364131,0.3383974,0.4623672,0.4328767,0.3362602,0.3253865,0.4072586,0.2172454,0.3415124,0.2469034,0.2340522,0.2989876,0.4725108,0.2236282,0.3820688,0.3911314,0.4254664,0.2606342,0.4365264,0.5973958,0.2946514,0.5724956,0.2070262,0.53466,0.221666,0.2038649,0.3256322,0.211191,0.2463156,0.2603192,0.2429574,0.2436158,0.3768146,0.2356422,0.2022019,0.2109114,0.480226,0.2808406,0.4285954,0.4625594,0.317346,0.3309567,0.583975,0.483574,0.3076401,0.236228,0.3691652,0.351305,0.4520808,0.4619052,0.1892428,0.2479003,0.5009244,0.22577
0.318732766667,0.5053172,0.2734926,0.1750364,0.369547,0.2002864,0.2712056,0.2651006,0.2373611,0.3377126,0.4675848,0.4317425,0.339201,0.3290949,0.4052854,0.216409,0.342893,0.2458162,0.2317938,0.2992894,0.4709026,0.2235482,0.38266,0.3913725,0.4189792,0.2593546,0.4396772,0.5981654,0.297609,0.570304,0.2092134,0.5315764,0.2191056,0.2033662,0.3235022,0.2121072,0.2463919,0.2643096,0.2454529,0.2427094,0.3794476,0.2343736,0.2022929,0.2084948,0.4794584,0.2759602,0.4241676,0.4596732,0.3123056,0.3323558,0.5865282,0.4861518,0.311612,0.2386616,0.3678814,0.347583,0.4497274,0.4611742,0.1845698,0.2489181,0.5010616,0.2223328
0.3266488,0.5049354,0.2731833,0.1737026,0.3741246,0.1996326,0.2689012,0.264617,0.2425993,0.3405106,0.4650434,0.433499,0.341722,0.3291937,0.4068162,0.2159288,0.3399858,0.2416992,0.2294276,0.3017208,0.4714506,0.227868,0.379861,0.3912699,0.4157174,0.2614474,0.435212,0.6000952,0.2964362,0.571744,0.2105416,0.5242064,0.21598,0.2072396,0.32247,0.2117774,0.2468815,0.2622242,0.2466652,0.2458862,0.3785116,0.2334162,0.2039913,0.2108304,0.4798054,0.2754102,0.4214324,0.4642336,0.3146302,0.3334438,0.5850048,0.4858764,0.3132486,0.2366986,0.3632208,0.3466822,0.446852,0.4601564,0.1863,0.2489147,0.4997616,0.222253
0.3305784,0.5035706,0.2750245,0.1741754,0.371879,0.1985646,0.2700476,0.263198,0.2434561,0.3402048,0.4626216,0.4336702,0.3447336,0.3304193,0.4069792,0.2150244,0.3426782,0.2388854,0.228628,0.3009682,0.470646,0.2304108,0.3780034,0.3947485,0.4166064,0.2598696,0.4329258,0.5988616,0.294262,0.5657408,0.2116934,0.5199994,0.2176534,0.2049214,0.3181586,0.2114864,0.2471888,0.262378,0.2456928,0.2455156,0.3788746,0.2324666,0.2092512,0.212467,0.4776468,0.2779794,0.4210248,0.4671064,0.3101042,0.334478,0.5857932,0.4824682,0.3162564,0.236888,0.364018,0.3484478,0.4471506,0.4613626,0.184754,0.2483817,0.4962194,0.2209832
0.3319372,0.5068586,0.272726,0.1740323,0.3705242,0.1986174,0.2727182,0.2594884,0.2433762,0.3403414,0.462526,0.430032,0.3431276,0.3294649,0.408055,0.2174854,0.3387526,0.2434488,0.2270182,0.3030214,0.4658862,0.2298534,0.3798936,0.3939927,0.4165244,0.2580274,0.4385436,0.5972452,0.2941134,0.5654836,0.210464,0.5251926,0.214434,0.2041358,0.3163336,0.211109,0.2447396,0.2618838,0.2469776,0.2496012,0.3791272,0.2327808,0.2110635,0.2108538,0.4762742,0.2798704,0.4202448,0.4588724,0.3105086,0.3323674,0.5847752,0.480545,0.3191848,0.2371152,0.3630962,0.3468456,0.4558948,0.4636116,0.1851168,0.2476105,0.5005244,0.222574
0.3382168,0.478845,0.2761316,0.1741731,0.371365,0.1975755,0.2710534,0.2572388,0.2452817,0.3401062,0.4661924,0.4326146,0.3390226,0.3312242,0.4069964,0.2160032,0.3385598,0.2465546,0.2279534,0.2993036,0.4714012,0.2300914,0.3762468,0.3930084,0.4156702,0.2571128,0.4448368,0.5955562,0.2998954,0.5660982,0.2138654,0.5176882,0.216765,0.2044806,0.3134508,0.2112684,0.2449101,0.2608214,0.2483428,0.2451438,0.3770618,0.2323338,0.2110377,0.209215,0.4717936,0.2794754,0.423388,0.4659338,0.307365,0.3310338,0.5795518,0.4822026,0.316004,0.2369596,0.35844,0.3481912,0.4551762,0.4644108,0.1848914,0.246605,0.4990382,0.2251788
0.3391753,0.4962392,0.2775496,0.1723537,0.3673832,0.2003477,0.2674043,0.2570986,0.2487779,0.3384848,0.4701874,0.4346384,0.3390784,0.3308554,0.4098492,0.2165828,0.3384996,0.2492162,0.2259912,0.296127,0.4694604,0.228229,0.370805,0.3919538,0.4135806,0.2581479,0.4374648,0.597104,0.2997294,0.5672808,0.213972,0.514907,0.2171938,0.2022548,0.3151976,0.2103364,0.2426292,0.2615372,0.2495196,0.2465624,0.3759224,0.2300428,0.2102113,0.210939,0.470504,0.2763066,0.4256044,0.4616084,0.3091942,0.33244,0.5766312,0.4857102,0.3154936,0.2328048,0.359998,0.349394,0.4561718,0.4636718,0.1870874,0.2502166,0.4993288,0.2242404
0.341013,0.5075174,0.2762726,0.1734631,0.3645888,0.2005997,0.2684289,0.2580694,0.2468041,0.3347996,0.4683144,0.436604,0.3487566,0.3332204,0.4069038,0.2186018,0.3404052,0.2470086,0.2268202,0.2956758,0.4684002,0.227514,0.3687504,0.3941166,0.4132748,0.2610547,0.4386512,0.5987764,0.3035096,0.5675894,0.2166036,0.516493,0.2190664,0.202278,0.3183958,0.2098344,0.2445302,0.2620446,0.2456924,0.2458694,0.3765748,0.2309836,0.2084981,0.2105122,0.4697,0.2753228,0.4284684,0.460204,0.3109816,0.3343674,0.5754254,0.4831898,0.3180112,0.2328664,0.3581412,0.3485654,0.456213,0.4656522,0.1854716,0.2489304,0.5010914,0.2238362
0.3412194,0.5076492,0.2801704,0.1748566,0.362877,0.2047141,0.2690697,0.2550408,0.2466507,0.3341348,0.4696764,0.4348722,0.3535376,0.3318844,0.4063838,0.2148356,0.3455308,0.2469942,0.2278408,0.29401,0.4678112,0.2289024,0.3709736,0.3938242,0.4137796,0.2606619,0.4439996,0.606555,0.3016694,0.5656794,0.2153436,0.5212806,0.2165312,0.2058388,0.3201618,0.2076074,0.244566,0.2617244,0.2459234,0.2451972,0.371397,0.2299198,0.2110739,0.2111422,0.4758958,0.2797376,0.4272988,0.4607058,0.313202,0.3360876,0.5746218,0.4844156,0.3225198,0.2325336,0.3480992,0.3449918,0.4536294,0.4662062,0.18551,0.2504464,0.4990568,0.2256518
0.34048,0.5063464,0.2813852,0.1736886,0.3620346,0.2038403,0.2708475,0.255307,0.2455839,0.3300848,0.463683,0.439219,0.3511078,0.3301936,0.4098032,0.2160582,0.3471112,0.2501754,0.2307168,0.2950516,0.4689976,0.2304528,0.3740446,0.392823,0.4157566,0.2581384,0.4345192,0.6074668,0.3033308,0.5663064,0.2153342,0.52249,0.2165884,0.2045162,0.3243168,0.2084256,0.2434761,0.2600198,0.2447968,0.2452862,0.374529,0.2327844,0.2108463,0.2114175,0.4745834,0.2780178,0.4249756,0.4575546,0.313494,0.3350266,0.5789982,0.4868844,0.3242122,0.2328258,0.3504162,0.3438376,0.458227,0.4450838,0.1866014,0.2457992,0.4998478,0.2257706
0.3404664,0.5098444,0.2858458,0.174433,0.3629204,0.2052037,0.2712359,0.2563812,0.2478873,0.332998,0.44215,0.4401296,0.3585638,0.3295572,0.4092762,0.2169702,0.3533632,0.2531234,0.2385304,0.2951648,0.4614776,0.2305032,0.3711666,0.3905334,0.4162228,0.2577078,0.4431478,0.6028624,0.3052972,0.5670866,0.2127716,0.5193936,0.2167596,0.2071722,0.3213614,0.2067848,0.2418781,0.2614934,0.2444842,0.2465604,0.3749404,0.2327796,0.2125591,0.213667,0.4756972,0.2774456,0.4224356,0.458897,0.3133332,0.3365714,0.5761402,0.4864864,0.3249682,0.2331494,0.358829,0.3440516,0.4552876,0.4452364,0.1882922,0.2452454,0.4981628,0.2276728
0.3421942,0.509756,0.2886762,0.1749672,0.3645138,0.2029819,0.2726507,0.2573464,0.2492188,0.3334766,0.4518368,0.4403968,0.3567144,0.332872,0.404543,0.216923,0.3585058,0.2566213,0.2375482,0.29305,0.4604416,0.2265091,0.372768,0.388544,0.4167746,0.261557,0.446268,0.5950816,0.3026372,0.5647788,0.2113674,0.5227776,0.2190278,0.2057392,0.3230936,0.2075538,0.2445115,0.2602556,0.24213,0.2490638,0.3709752,0.2308954,0.2111885,0.2129142,0.4745066,0.2811152,0.4200248,0.4602438,0.3130072,0.3354886,0.5774528,0.485136,0.327611,0.2334874,0.360771,0.3416028,0.4482416,0.4466488,0.1863366,0.2470352,0.4998716,0.2273208
0.3400114,0.5070172,0.2868534,0.1764106,0.3646948,0.2043499,0.276092,0.2559306,0.2494,0.3316172,0.4573806,0.439116,0.3562708,0.3314698,0.4023522,0.2156248,0.3610684,0.2583053,0.23865,0.2953674,0.4588192,0.2267631,0.3711154,0.388523,0.4184438,0.2693778,0.4445188,0.5994632,0.3052624,0.5672668,0.214099,0.5264946,0.2211882,0.2050642,0.3218394,0.2063786,0.2475195,0.2559968,0.2399606,0.2468194,0.3666614,0.2315534,0.2121485,0.214439,0.4717748,0.2797434,0.4242882,0.4659748,0.3119518,0.3335654,0.5787632,0.4840484,0.3263934,0.2338752,0.3620428,0.340191,0.4442848,0.4588544,0.1849454,0.2496862,0.4982014,0.2265303
0.3379892,0.509014,0.286322,0.177406,0.3642248,0.2046813,0.276221,0.2560124,0.2496504,0.3265066,0.459088,0.4391608,0.3530684,0.33069,0.4048958,0.2162712,0.3681678,0.2572768,0.240004,0.294298,0.4603882,0.2274355,0.372171,0.3910994,0.4204544,0.2699296,0.4487242,0.605389,0.309865,0.5635428,0.2142306,0.528805,0.2210236,0.204016,0.3229658,0.2043212,0.2473911,0.259699,0.2410494,0.2449874,0.3634736,0.2317786,0.2116165,0.2157414,0.4772158,0.2830312,0.4230064,0.466576,0.3086588,0.3327206,0.5780068,0.482158,0.3228902,0.2359336,0.3668,0.3384488,0.443672,0.4585322,0.1830292,0.2512598,0.4988762,0.2268487
0.3367862,0.51193,0.2869722,0.178837,0.3641454,0.2054027,0.2776754,0.2548714,0.2469754,0.3247164,0.4577144,0.438215,0.3528126,0.3309522,0.4052688,0.2150214,0.3686348,0.2578026,0.243749066667,0.2911766,0.4556252,0.2238857,0.375627,0.3897286,0.4171094,0.2714352,0.4447136,0.605045,0.3139824,0.5637106,0.2143672,0.534935,0.2203314,0.2039162,0.3252808,0.204401,0.2439921,0.2585044,0.2388862,0.2450274,0.3569158,0.2297972,0.2118855,0.2176208,0.4735912,0.2806442,0.421962,0.4623188,0.3048334,0.3313582,0.576982,0.48384,0.3220286,0.2381752,0.364882,0.3406792,0.4401076,0.4611914,0.1831212,0.2548524,0.497582,0.2278479
0.3425706,0.511096,0.2867942,0.1799238,0.3629582,0.2057735,0.2737286,0.252649,0.2443646,0.3234946,0.4627992,0.4365168,0.3555466,0.3352998,0.4073672,0.2122414,0.3694228,0.2569152,0.244889666667,0.2965902,0.4596784,0.2250551,0.3835568,0.3881888,0.4135418,0.2716938,0.4452582,0.6013864,0.3194816,0.5701058,0.216202,0.5465874,0.2201568,0.2021476,0.320975,0.2076716,0.2425456,0.256697,0.2389108,0.2439564,0.3616112,0.232232,0.2155107,0.2147472,0.4732296,0.2805976,0.4195742,0.4584778,0.3073328,0.3304364,0.577837,0.4627247,0.3179664,0.2387664,0.3679144,0.3383224,0.4431342,0.4620702,0.1808644,0.2554232,0.495602,0.2278886
0.3415212,0.506265,0.2900674,0.1779288,0.3622502,0.2045187,0.2765214,0.2493828,0.2472454,0.3198482,0.4638764,0.4360914,0.3575682,0.3339092,0.4058634,0.2104512,0.3752662,0.257676,0.2475014,0.2952428,0.4618988,0.2240959,0.3854776,0.383496,0.4107258,0.2752322,0.4437248,0.6015994,0.3178308,0.5674082,0.2117548,0.5459614,0.2207666,0.205378,0.3202166,0.2072786,0.2411678,0.2518222,0.2391988,0.2432,0.3595096,0.2348846,0.2175547,0.212171,0.4724328,0.2805078,0.4180436,0.4597912,0.306612,0.3353378,0.5753206,0.4660005,0.320484,0.2352158,0.3683373,0.338433,0.4407488,0.4609988,0.1792072,0.2532764,0.4999624,0.2266638
0.3372176,0.5059176,0.2939902,0.1809102,0.3639674,0.2020064,0.2804718,0.2502222,0.2437362,0.320494,0.4666638,0.434206,0.3592846,0.3340488,0.4103106,0.2084436,0.3784754,0.2564234,0.2482426,0.2904836,0.4643684,0.2253193,0.3903842,0.3826508,0.409944,0.2715148,0.4465838,0.6072468,0.316716,0.5666178,0.2108206,0.5478556,0.2231548,0.2068228,0.3242014,0.2059442,0.2425074,0.2525572,0.2417034,0.2366396,0.3582262,0.2332418,0.2162543,0.2130162,0.4697692,0.2802234,0.4219362,0.458644,0.306704,0.3343242,0.5754324,0.4684909,0.319356,0.2383532,0.3672372,0.337443,0.4435908,0.458761,0.1814964,0.2538392,0.5033512,0.2272268
0.3378104,0.5088232,0.2940184,0.1808264,0.3692106,0.2033167,0.2800334,0.2503268,0.2470804,0.3220054,0.4717866,0.43481,0.3585614,0.3290638,0.4107876,0.2128126,0.3789584,0.2569596,0.247885333333,0.2899664,0.4679928,0.2249097,0.3929358,0.381652,0.4023488,0.2712948,0.4435688,0.6008228,0.3163788,0.562468,0.2134058,0.5494584,0.2218448,0.20531,0.3244872,0.2039744,0.2459188,0.2525128,0.241004,0.2382515,0.3606472,0.2328082,0.2161509,0.211921,0.4671956,0.2790128,0.4271646,0.4589144,0.3006604,0.3343046,0.5720196,0.4707714,0.3167778,0.2416304,0.3701182,0.338141,0.4377304,0.4605562,0.1844142,0.2540642,0.496522,0.2253374
0.339097,0.5110458,0.2957878,0.1790348,0.364688,0.2061495,0.281157,0.2550763,0.248548,0.31956,0.4715494,0.4363932,0.3647932,0.3283194,0.410046,0.2125874,0.3769718,0.2609568,0.248572933333,0.2895604,0.4683942,0.2240941,0.3930544,0.3834544,0.4106725,0.2712472,0.4407034,0.6040032,0.3165796,0.5665042,0.2097732,0.5481308,0.2246416,0.2029904,0.3237682,0.2040704,0.2453284,0.2541494,0.2399924,0.2388145,0.361395,0.2349182,0.2151905,0.2114598,0.4665724,0.2780552,0.4233136,0.4614806,0.3037738,0.3342036,0.5688636,0.4711126,0.3202224,0.2422258,0.3660006,0.3369382,0.4400466,0.460725,0.185019,0.2560124,0.4968624,0.2255296
0.3416102,0.508396,0.2996646,0.178049,0.3645244,0.2023676,0.2804336,0.2587909,0.2462364,0.3208652,0.470196,0.4365428,0.3661242,0.3280866,0.4096834,0.2112602,0.3781006,0.2611368,0.249857333333,0.2907654,0.4686318,0.2224699,0.3944828,0.3802806,0.413106,0.2707594,0.4432982,0.6030554,0.3132274,0.5648268,0.2096494,0.5479464,0.2255686,0.1999558,0.3249872,0.2025682,0.2453652,0.2518568,0.2396918,0.2395661,0.3610034,0.2342316,0.2152835,0.21269,0.4642604,0.277668,0.426401,0.4577662,0.303599666667,0.32958,0.5712384,0.4735322,0.3198714,0.2384744,0.3657198,0.3370502,0.4439984,0.468224,0.185866,0.2512334,0.4985712,0.2254688
0.342877,0.509211,0.2970532,0.1772702,0.3617802,0.2047424,0.2789128,0.2613559,0.2488822,0.3160074,0.472161,0.4374278,0.3664664,0.329282,0.4084518,0.2127068,0.3799338,0.2609912,0.249162933333,0.2912046,0.4720912,0.2215583,0.3957446,0.3782434,0.4212122,0.2725374,0.429828,0.5689028,0.3133164,0.5691756,0.2104422,0.5499292,0.2275604,0.2000074,0.3270188,0.2023352,0.2437614,0.2507038,0.2425406,0.2426937,0.3622106,0.2336144,0.2164727,0.2103416,0.465755,0.2780664,0.4253988,0.4512076,0.300848,0.326175,0.5751002,0.4762992,0.322802,0.2425079,0.370437,0.3381904,0.438938,0.468048,0.188651,0.2514138,0.5016816,0.226015
0.3474446,0.509486,0.2985606,0.1776534,0.3557346,0.2062018,0.2829614,0.2638045,0.2511306,0.3172948,0.470069,0.4364332,0.3594412,0.3300902,0.4132364,0.2123322,0.3737726,0.2636388,0.249637866667,0.292973,0.4744856,0.2239833,0.3993696,0.3770408,0.4226268,0.272864,0.4332038,0.5762925,0.3163672,0.563771,0.2112134,0.5479436,0.2257044,0.199684,0.3294346,0.1998012,0.2446977,0.2507384,0.2409808,0.2452765,0.361936,0.2314098,0.2153954,0.215729,0.4606562,0.2819892,0.4247976,0.456265,0.302777,0.3283486,0.5750226,0.4736414,0.3236968,0.2411563,0.3702014,0.3363228,0.4375994,0.464472,0.1874918,0.2508152,0.4990134,0.2243422
0.3443378,0.5103948,0.3004518,0.17604,0.3618372,0.207614,0.2831688,0.2618418,0.2509744,0.3195402,0.4687744,0.4375824,0.3614096,0.3271474,0.4090516,0.2130942,0.3729562,0.2608958,0.252815666667,0.2942067,0.472252,0.2192029,0.3975446,0.3767618,0.427855,0.2722056,0.432572,0.5796147,0.3185836,0.5749928,0.2102903,0.5511038,0.2275856,0.2018724,0.3281162,0.1999458,0.2480253,0.2523322,0.2402676,0.2446068,0.35604,0.233006,0.2148874,0.2136402,0.46222,0.2806272,0.4213602,0.4606112,0.3063904,0.329121,0.5721296,0.4751222,0.3256694,0.2393821,0.3684496,0.3340098,0.4318162,0.4619004,0.1878654,0.2457316,0.4975282,0.2208044
0.3491668,0.5106648,0.29756,0.175974,0.3630264,0.2089523,0.2839062,0.2615968,0.2526154,0.320362,0.4732894,0.4412166,0.35969,0.3278214,0.407393,0.2133304,0.3736704,0.263612,0.2501547,0.2991269,0.465583,0.2210917,0.3967634,0.3773626,0.4286462,0.2717236,0.433371,0.581062,0.3158986,0.5688886,0.2099172,0.5511036,0.2273558,0.2017164,0.3275922,0.2009254,0.2461801,0.2533674,0.2390842,0.2458676,0.3560845,0.232981,0.216197,0.213747,0.4527802,0.2813694,0.419713,0.4614748,0.311948,0.3272814,0.5701066,0.4753206,0.3212388,0.2391353,0.3688602,0.3304973,0.4298412,0.4604364,0.1863332,0.243925,0.4996468,0.2231832
0.34948,0.5094628,0.2985892,0.175424366667,0.361341,0.2095125,0.281267,0.259472,0.2530494,0.316076,0.4774374,0.4410922,0.3602212,0.3280274,0.411794,0.211676,0.3764134,0.2632676,0.2514427,0.2988372,0.4635562,0.2188705,0.3962062,0.3787518,0.4343528,0.2711768,0.440696,0.584159,0.3197052,0.5692624,0.2080061,0.5449684,0.2304972,0.201471,0.325315,0.1966864,0.2461578,0.2555646,0.2385008,0.2468506,0.354996,0.229673,0.2161368,0.2127784,0.4597407,0.2774096,0.42204,0.4623426,0.3095238,0.324502,0.5722572,0.4787228,0.322017,0.239509966667,0.3718916,0.3323756,0.4347384,0.4618992,0.1827274,0.2455564,0.5002654,0.223229
0.3457772,0.5131962,0.2959908,0.177345433333,0.3660968,0.2081813,0.2812308,0.2583634,0.256032,0.3130722,0.4727262,0.4381342,0.3595036,0.3292486,0.4058178,0.2128388,0.3760274,0.2648338,0.2528045,0.3015142,0.468625,0.2186607,0.3924172,0.3791414,0.4375188,0.2679352,0.4424528,0.5880932,0.313798,0.5682432,0.2081867,0.5552804,0.2265744,0.2026226,0.3233268,0.1971694,0.2450234,0.2514118,0.2391316,0.2437044,0.3578848,0.2268468,0.2146772,0.2119134,0.4618735,0.2754646,0.4196958,0.458537,0.307357,0.3229624,0.5734038,0.4791902,0.3227348,0.239898966667,0.3695842,0.3411152,0.4283242,0.4631662,0.1842368,0.2409236,0.502264,0.2245684
0.3395574,0.5106002,0.2934732,0.178047833333,0.3687618,0.207121,0.28208,0.2610608,0.2558274,0.3135196,0.471067,0.4332942,0.361488,0.3309126,0.4002632,0.2148934,0.3795704,0.264579,0.249707,0.298735,0.4747192,0.2208505,0.3936426,0.3764878,0.433372,0.2670652,0.4456326,0.5902902,0.3165468,0.5675166,0.2036809,0.550752,0.2251088,0.2038957,0.3248092,0.1981218,0.2460016,0.2534456,0.2396958,0.2449236,0.355875,0.2232854,0.2141042,0.2126774,0.4629005,0.2752442,0.4168996,0.4613144,0.3068622,0.3224406,0.5735182,0.4760558,0.3222844,0.240312766667,0.3702536,0.3418832,0.4354524,0.46292,0.1846692,0.2439246,0.5004656,0.2248396
0.3386536,0.5162286,0.2902122,0.179353633333,0.372809,0.2064352,0.2806912,0.2643512,0.2548686,0.314098,0.4702688,0.431859,0.3582352,0.3319282,0.3975656,0.217595,0.3755336,0.2669604,0.2511632,0.301094,0.472717,0.2176756,0.3961314,0.3747884,0.4355026,0.2689606,0.44391,0.5908654,0.318101,0.5700784,0.2001075,0.5567826,0.226025,0.2039367,0.3221738,0.199847,0.2485128,0.2517132,0.2397332,0.241652,0.357947,0.2272858,0.2134044,0.2127142,0.4676668,0.2743564,0.4124946,0.4576672,0.3081248,0.3200134,0.5725252,0.4785586,0.3197838,0.239248366667,0.3704108,0.3417484,0.4372796,0.4633894,0.1835496,0.2444634,0.4984192,0.2190354
0.3353302,0.5160156,0.2919066,0.177042533333,0.372181,0.2072008,0.27748,0.264111,0.2516806,0.3155118,0.4667686,0.4362414,0.35791,0.3306596,0.4004922,0.2166443,0.3756138,0.2647678,0.257267,0.3003258,0.4757804,0.2212582,0.3923944,0.3719444,0.4393706,0.2656746,0.4427098,0.5876376,0.319273,0.5670228,0.2023377,0.5530826,0.2256366,0.2057805,0.3221928,0.1982114,0.2472604,0.2497074,0.2411614,0.2403618,0.3633744,0.2225602,0.2119978,0.2107514,0.4764722,0.274281,0.4142462,0.4594868,0.3066018,0.3217138,0.574477,0.4774344,0.3198256,0.243820566667,0.3710276,0.3443638,0.433234,0.4603298,0.1844806,0.2428908,0.4976316,0.2167628
0.3366192,0.5150334,0.2906016,0.178158266667,0.372071,0.2069486,0.2788049,0.2648384,0.2529846,0.3139376,0.4665652,0.4364648,0.354721,0.331404,0.4024828,0.2168963,0.3681132,0.2669826,0.2576014,0.3001544,0.472023,0.2185864,0.3935804,0.3736944,0.4383028,0.2621486,0.4499586,0.590097,0.3186508,0.5666918,0.2028843,0.5443686,0.2241588,0.2051645,0.3165908,0.2016796,0.2461752,0.2472428,0.2425948,0.2399742,0.3594841,0.2268517,0.2132154,0.2108366,0.47943,0.270516,0.411487,0.466542,0.307603,0.3206038,0.5740756,0.4753258,0.3156172,0.245265566667,0.3695854,0.3475868,0.4360512,0.459325,0.1840092,0.240758,0.4941782,0.2179026
0.3334906,0.5131138,0.2924452,0.177807066667,0.3725098,0.2073634,0.2786387,0.265412,0.255101,0.3126328,0.468598,0.4418162,0.358737,0.3275196,0.3748504,0.2173374,0.3709646,0.269649,0.2529364,0.297083,0.4710164,0.2159524,0.3905314,0.3752684,0.4354442,0.2587966,0.4478144,0.5872396,0.3166554,0.5675954,0.205146,0.5459748,0.2224816,0.2041941,0.318212,0.2021568,0.245432,0.247158,0.2419232,0.2396208,0.3568622,0.2296223,0.2126176,0.2110542,0.4802716,0.2700433,0.412541,0.4637072,0.3077314,0.322511,0.576912,0.4782234,0.315205,0.2434729,0.36785,0.347458,0.4391158,0.4602648,0.184384,0.239214,0.4959696,0.2165792
0.3376368,0.5123932,0.2912728,0.180057466667,0.3723892,0.203471,0.2794428,0.263523,0.2557,0.3077661,0.4637058,0.4398032,0.3575718,0.327833,0.3861916,0.2160692,0.3661336,0.2694676,0.2544728,0.2969066,0.4746824,0.2154318,0.3901938,0.3719744,0.4335534,0.2601332,0.4495764,0.5820148,0.3142778,0.5669784,0.2050498,0.5442778,0.224371,0.2007945,0.3177636,0.2016284,0.2472498,0.2474312,0.2418514,0.2366048,0.3617786,0.2289651,0.21734,0.2087448,0.4821284,0.2710468,0.405551,0.4595092,0.3076666,0.3222668,0.572132,0.4763658,0.314745,0.2478663,0.3651164,0.347482,0.4403236,0.4636028,0.1834478,0.2428134,0.4961318,0.2169707
0.337731,0.5129686,0.2879478,0.1769411,0.3756574,0.2013758,0.278515,0.265011,0.2570266,0.3152252,0.4601506,0.4394942,0.3607546,0.326537,0.38624,0.2131224,0.3647296,0.2703448,0.2534608,0.29805,0.4726652,0.2144026,0.3885866,0.37278,0.4360032,0.2599862,0.4486818,0.589611,0.3130822,0.5657472,0.2065806,0.5424944,0.2243204,0.2004431,0.3164086,0.201258,0.248679,0.2492134,0.2400878,0.239096,0.364041,0.2304983,0.2179194,0.2079628,0.4805248,0.273473,0.4175148,0.4585704,0.3055132,0.3217242,0.5695566,0.476309,0.3110426,0.2479095,0.3658372,0.3475748,0.4379674,0.4609862,0.1839982,0.243322,0.4964776,0.2170485
0.3355484,0.5158732,0.2833656,0.1754367,0.373358,0.2008068,0.2778284,0.263608,0.260695,0.3154392,0.4605424,0.4364956,0.3611912,0.3248596,0.3927942,0.21001,0.365737,0.270612,0.2525875,0.3022232,0.4712254,0.2166832,0.3925336,0.3742248,0.436388,0.2618046,0.4448616,0.5874052,0.317431,0.5426522,0.2057056,0.5426066,0.222943,0.2002863,0.3184744,0.1996192,0.24999,0.246835,0.238861,0.237899,0.3650918,0.2335908,0.222364,0.209238,0.481803,0.2699604,0.4210876,0.4523348,0.3075356,0.31832,0.5665896,0.4770112,0.3089728,0.2477863,0.367379,0.3480668,0.4385772,0.4642638,0.1828448,0.2403388,0.4963098,0.2173399
0.3351436,0.5207992,0.2803878,0.1752356,0.3689712,0.2016916,0.2759778,0.266977,0.2653472,0.3209817,0.4653276,0.4363,0.3634494,0.3273344,0.399601,0.2102706,0.3687438,0.271433,0.2533389,0.3037794,0.4690898,0.2198442,0.3950014,0.3727596,0.4405116,0.26653,0.4462778,0.580773,0.3136592,0.5503374,0.2062618,0.5329826,0.2233448,0.2016521,0.3140366,0.2001448,0.2457744,0.2489328,0.2401688,0.23457,0.3631964,0.2360406,0.221633,0.2103866,0.485058,0.2698842,0.4261984,0.4532324,0.3063482,0.3189606,0.5690422,0.480144,0.306562,0.2472319,0.3671178,0.3481134,0.434596,0.4667756,0.1867118,0.2392804,0.4950662,0.2151755
0.336904,0.5189878,0.2782032,0.1740265,0.3693164,0.202623,0.276394,0.2679166,0.2690318,0.3218518,0.4696648,0.4376628,0.3628794,0.3248008,0.4016062,0.2103194,0.3673876,0.2743084,0.2526739,0.3080828,0.4673764,0.2203478,0.3923066,0.3817978,0.439927,0.2653176,0.4455276,0.5918718,0.3149666,0.5451242,0.2066594,0.543043,0.2228668,0.204974,0.3128946,0.2019848,0.2468388,0.2495937,0.2424906,0.239332,0.3630308,0.238139,0.2215264,0.2095866,0.4853,0.2671126,0.4299922,0.4580464,0.3055986,0.317798,0.5669466,0.4783628,0.3053008,0.2499866,0.3681104,0.348055,0.434968,0.466884,0.1857334,0.2412016,0.494957,0.2171035
0.3364234,0.5117656,0.2798064,0.1745867,0.371581,0.202686,0.2764598,0.2690886,0.26735,0.3195908,0.4653072,0.4390992,0.3588008,0.3251082,0.4023832,0.2112596,0.3693426,0.2769986,0.2518293,0.3103434,0.4692306,0.2185812,0.3914292,0.3843398,0.4366472,0.2699232,0.4483154,0.5843908,0.3136768,0.5527064,0.2045244,0.5434262,0.2228152,0.206885366667,0.3122228,0.200557,0.2435358,0.2504706,0.2410312,0.2406576,0.3631862,0.24071,0.223098,0.2067329,0.4887348,0.2692428,0.4287764,0.4554468,0.3068634,0.313948,0.5657862,0.4788476,0.3072652,0.2522716,0.36917,0.3482776,0.4456562,0.4653394,0.1850856,0.2402008,0.4935982,0.2162979
0.3329696,0.5128188,0.2808176,0.1757055,0.3715548,0.201519,0.2724158,0.269422,0.2674868,0.3225014,0.4661698,0.4387982,0.3589132,0.322834,0.4015312,0.2096282,0.3712054,0.2752286,0.2550267,0.3081076,0.4636892,0.2189636,0.3889542,0.3894004,0.4358354,0.2684864,0.4469772,0.5890234,0.3100892,0.5602114,0.2042228,0.5480738,0.222459,0.205263166667,0.3121312,0.2012452,0.2410766,0.2485163,0.242145,0.2404448,0.3661926,0.2434494,0.2235816,0.2068979,0.4902702,0.2678506,0.4329402,0.4500048,0.3053466,0.3159852,0.5476869,0.4810896,0.3076484,0.2514546,0.3671714,0.3490966,0.4516904,0.4693104,0.1875706,0.2402956,0.494662,0.2149397
0.3318604,0.516784,0.281045,0.174912,0.3741522,0.2027888,0.2715352,0.2672056,0.2692586,0.322086,0.46443,0.4384984,0.3622028,0.3193194,0.4068686,0.2088858,0.367704,0.2755188,0.2547704,0.304273,0.462293,0.21783,0.3858348,0.3915918,0.4368604,0.2686706,0.4425684,0.594127,0.3091512,0.5554764,0.2041162,0.5475924,0.2202756,0.206484166667,0.3115458,0.2029348,0.2414628,0.2541882,0.2416218,0.2386592,0.3640334,0.2460406,0.221394,0.2055709,0.4858634,0.2706299,0.4344504,0.4388618,0.3076826,0.3149546,0.552584,0.4792386,0.3075886,0.2512748,0.3653798,0.3514912,0.4554004,0.4649832,0.1882446,0.2389788,0.4930322,0.2144281
0.3320028,0.5147494,0.2822336,0.1715791,0.3757744,0.2016172,0.2720488,0.267557,0.2696962,0.3245604,0.4585176,0.4420484,0.3610786,0.3213328,0.408845,0.2151208,0.3656086,0.273116,0.2546406,0.300955,0.4651546,0.218509,0.3840162,0.3952504,0.4382248,0.2672494,0.44232,0.5920798,0.3104786,0.5591342,0.2046956,0.5472246,0.2209684,0.203968366667,0.3121206,0.2033908,0.2393176,0.2578439,0.2408166,0.2382062,0.3621892,0.248527,0.2228476,0.2060094,0.4843546,0.2675172,0.4311448,0.4493586,0.308318,0.31821,0.5534278,0.479668,0.308052,0.2499212,0.3642196,0.3504866,0.450662,0.464141,0.1888486,0.243179,0.4909528,0.2119751
0.3359582,0.5173748,0.279606,0.1710157,0.3803966,0.2037714,0.2721772,0.2673406,0.2671718,0.3175386,0.459401,0.443468,0.3596634,0.3220288,0.412726,0.2159382,0.364365,0.2716758,0.2547366,0.3007456,0.461855,0.2216402,0.385627,0.3949992,0.4417606,0.264755,0.4435052,0.5940982,0.310494,0.5607878,0.2059768,0.5399,0.217995,0.204001766667,0.3098032,0.2043822,0.2396442,0.2595543,0.2404436,0.2356052,0.3572766,0.2494316,0.2237036,0.2087202,0.4758916,0.2653153,0.4314584,0.4540952,0.303881,0.3185358,0.5581358,0.4808024,0.3056406,0.24675,0.3630404,0.3462682,0.4570956,0.4654942,0.1861816,0.2413202,0.4962614,0.2115327
0.337981,0.5191308,0.27905,0.1726115,0.3800474,0.2041942,0.2723014,0.2646326,0.2664358,0.3182598,0.4518454,0.4432208,0.3611154,0.3225826,0.41502,0.2173232,0.36253,0.2679066,0.2496814,0.3007582,0.456812,0.221835,0.3871326,0.3965724,0.4407438,0.2649622,0.4462316,0.5938484,0.3149217,0.5657494,0.2038522,0.5409496,0.2175038,0.205057166667,0.310295,0.2034312,0.2388044,0.2631609,0.2399926,0.234497,0.354493,0.2533357,0.2256054,0.2107,0.4736906,0.2624308,0.435312,0.4587564,0.305351,0.3156824,0.565789,0.4813818,0.3068358,0.2466796,0.363233,0.3476274,0.4645104,0.4637228,0.1812504,0.2431292,0.493921,0.2129928
0.3352548,0.5126634,0.2798056,0.1735869,0.376936,0.2042626,0.271474,0.2614364,0.2642018,0.3201166,0.4548416,0.4436152,0.3601426,0.3235226,0.4129538,0.2147918,0.3638568,0.2685142,0.2491306,0.298254,0.4639762,0.2212322,0.388037,0.3960338,0.443176,0.2674084,0.4454032,0.5900456,0.3123711,0.56451,0.2042582,0.543212,0.217094,0.2035659,0.3118358,0.2009866,0.2357908,0.2649463,0.2415558,0.2354962,0.3585076,0.2516035,0.227384,0.2056256,0.4838648,0.2638839,0.4342822,0.4634298,0.3081406,0.3145688,0.567111,0.4833964,0.3049652,0.2458944,0.364621,0.3452576,0.4672904,0.4700458,0.1801436,0.241274,0.491741,0.2148544
0.336651,0.5152626,0.2788662,0.1742525,0.3777656,0.2043972,0.2723726,0.2644044,0.2645426,0.317998,0.4553718,0.4396272,0.3601276,0.3214792,0.4104502,0.2162586,0.3631476,0.26532,0.2515854,0.2952614,0.458135,0.2208202,0.3920396,0.395473,0.4390644,0.2714108,0.4468924,0.5921274,0.3136925,0.5626786,0.2033188,0.5488322,0.215685,0.2049955,0.3100792,0.2015852,0.2366748,0.2679318,0.2401592,0.2359986,0.3600224,0.2522824,0.2299316,0.2096374,0.4769816,0.2661011,0.4396732,0.4667914,0.3021834,0.3165664,0.571014,0.4809238,0.3076706,0.246787,0.3643946,0.347269,0.467047,0.4684154,0.1808396,0.242205,0.4916802,0.2105766
0.3362976,0.5133208,0.2800022,0.1733814,0.3763324,0.2036062,0.2708268,0.2660662,0.2633112,0.3151694,0.4548942,0.4431318,0.3598904,0.322422,0.407707,0.214213,0.3648436,0.270839,0.2513954,0.298005,0.460026,0.2188869,0.3916458,0.3962914,0.4344036,0.2724546,0.4495736,0.5945844,0.3126701,0.5598718,0.2022024,0.5488448,0.2155126,0.2061383,0.3088022,0.2044331,0.2368792,0.2675938,0.241943,0.2342984,0.3602362,0.2520884,0.2338438,0.2114046,0.4783454,0.2675673,0.4381788,0.4600694,0.299098,0.3174336,0.571521,0.47997,0.3023662,0.2480278,0.3640332,0.3441176,0.4699792,0.4705802,0.1818644,0.2407834,0.4938132,0.2122218
0.3379944,0.5154056,0.2795036,0.1754785,0.3732756,0.2017476,0.2699484,0.2661544,0.2615742,0.3131568,0.4532328,0.4465212,0.357945,0.3185124,0.4071972,0.2172184,0.367619,0.2680618,0.2539958,0.3008444,0.460774,0.2176524,0.3901682,0.3955818,0.4328036,0.2739594,0.4448424,0.5939406,0.3106511,0.5567518,0.20318,0.5515922,0.2160146,0.2056999,0.3097008,0.2031337,0.2353794,0.2662662,0.2432584,0.2320862,0.3583972,0.2539714,0.2344734,0.2123554,0.4755882,0.266005,0.4347934,0.464408,0.3034084,0.3173282,0.5716352,0.4782104,0.3013562,0.2466512,0.3593492,0.3445598,0.4695254,0.465694,0.180109,0.2419582,0.474854,0.2122772
0.3342162,0.5102454,0.2841844,0.1758871,0.3701202,0.2021716,0.2737616,0.2650056,0.2602152,0.3173534,0.450417,0.465365466667,0.3551914,0.3149844,0.412469,0.21633,0.3686346,0.2698798,0.2556104,0.2945472,0.4613848,0.2149533,0.3889284,0.3970098,0.430671,0.2713936,0.452354,0.5902866,0.3092237,0.5593578,0.1989428,0.5466816,0.2156672,0.2029199,0.3080902,0.2088365,0.2375294,0.2672328,0.2459908,0.2303616,0.3599048,0.2558036,0.2363204,0.2110874,0.4756384,0.2649974,0.4326092,0.4676512,0.3006764,0.3181958,0.5785544,0.4763876,0.2969424,0.2464108,0.3545238,0.3433034,0.4655634,0.459081,0.1820584,0.2428466,0.4860308,0.2133648
0.331666,0.506487,0.2798212,0.1785258,0.3739768,0.2020496,0.2724782,0.2634666,0.2573994,0.31671,0.4517756,0.469363066667,0.3555496,0.3137148,0.4105204,0.2160476,0.3684824,0.2671674,0.2509106,0.2954848,0.4634182,0.2168362,0.3883432,0.3973048,0.42977,0.2719092,0.4488486,0.5889368,0.3068383,0.5592782,0.2015866,0.5508754,0.2138874,0.202693,0.30657,0.2091767,0.2347686,0.268623,0.2494204,0.2316838,0.3587698,0.2570408,0.2385898,0.209781,0.4742418,0.2664944,0.4277078,0.4625554,0.2982852,0.3174369,0.576621,0.479246,0.2939748,0.2441364,0.3526936,0.3401454,0.4635732,0.4574488,0.1853982,0.2439959,0.4966478,0.2145924
0.3295712,0.5092212,0.2786764,0.1728456,0.3714038,0.2042992,0.2707632,0.2636394,0.2570394,0.3177682,0.451641,0.479824466667,0.3594048,0.319877,0.4101968,0.2184566,0.3688292,0.2658986,0.25016,0.298497,0.4574446,0.2187826,0.3891686,0.3988504,0.4275804,0.2696928,0.4489166,0.590863,0.2994073,0.5537576,0.2036576,0.540285,0.2131052,0.2040984,0.3076762,0.2092986,0.232425,0.2679772,0.2491168,0.2302454,0.3609366,0.2581466,0.2402468,0.2086514,0.4732944,0.2674374,0.4252914,0.4635646,0.2993332,0.3176739,0.5752942,0.481821,0.2921478,0.2451854,0.3516946,0.3393712,0.4579646,0.4621324,0.1874262,0.2467175,0.5003714,0.2138854
0.3253752,0.5100826,0.2834104,0.1734002,0.3701036,0.2028938,0.2689472,0.263234,0.2561724,0.3187654,0.4555772,0.487011666667,0.3583086,0.3188632,0.40978,0.2178684,0.3635002,0.2642576,0.2482252,0.2971412,0.4607024,0.217243,0.3874084,0.399519,0.4267666,0.2679556,0.4512778,0.593159,0.2997822,0.5558484,0.2019434,0.536857,0.2145852,0.202659,0.3062182,0.2115827,0.2332958,0.2660008,0.2498754,0.2312142,0.3659042,0.257697,0.2429168,0.2073084,0.473955,0.268044,0.4235342,0.4592426,0.2984418,0.3208507,0.5801884,0.4801094,0.2888688,0.244768,0.3515252,0.3425694,0.461837,0.4656504,0.1883234,0.2471947,0.5086794,0.2157478
0.327464,0.505727,0.2827472,0.1727086,0.3649252,0.2033648,0.2670046,0.263299,0.2573044,0.3151262,0.453631,0.4934694,0.3589736,0.3234864,0.408858,0.2171138,0.3655074,0.2654268,0.2483836,0.2978918,0.460997,0.2171818,0.3894576,0.4042284,0.4272984,0.2676756,0.4534256,0.5928906,0.3016606,0.5579408,0.2006644,0.5344284,0.2132541,0.203822,0.3030902,0.2103805,0.2316792,0.267937,0.2483148,0.2318678,0.3647324,0.2564596,0.240166,0.2048112,0.4716042,0.2677596,0.4282416,0.461056,0.297053,0.3252015,0.5730644,0.477911,0.2954178,0.246162,0.3484804,0.340502,0.458407,0.465755,0.190497,0.2463974,0.5103956,0.2144104
0.3295507,0.5040922,0.2838914,0.1722596,0.3634252,0.2028296,0.269863,0.2608286,0.2546148,0.3130976,0.4514208,0.4952344,0.3579046,0.3260974,0.4085156,0.2164288,0.3677222,0.2633444,0.2501314,0.2959928,0.4599654,0.2182508,0.3882186,0.4037442,0.4253402,0.267376,0.4570188,0.5932914,0.303662,0.5557928,0.2015904,0.5296246,0.2146404,0.2029891,0.304973,0.2117515,0.2301572,0.2719226,0.2475176,0.2309564,0.3624008,0.258608,0.2403712,0.2061706,0.4749638,0.272094,0.4259294,0.4639108,0.2962524,0.3257005,0.5774264,0.4749108,0.2954589,0.2463168,0.3464586,0.3414234,0.4605046,0.4646546,0.190509,0.2460488,0.5115604,0.2118772
0.3322232,0.5064476,0.2810772,0.174941,0.3668952,0.2011822,0.268323,0.2618618,0.2528026,0.3186522,0.4564272,0.4989608,0.3540248,0.3270466,0.4113754,0.214933,0.363949,0.2632092,0.2494332,0.2992838,0.4593672,0.2180914,0.3885714,0.4017178,0.4263962,0.266441,0.4580438,0.5956718,0.3069814,0.557239,0.202052,0.525056,0.215767,0.204413,0.307406,0.2100782,0.2293518,0.2715312,0.2491724,0.2292106,0.3612296,0.2580798,0.2417236,0.2071774,0.4683244,0.269121,0.4269252,0.4645686,0.298691,0.3279611,0.570668,0.475367,0.2975633,0.2447378,0.345122,0.3431558,0.46262,0.4658574,0.1880632,0.247544,0.5096662,0.2127126
0.3317547,0.5040778,0.2853258,0.1761578,0.3667978,0.1969346,0.2666185,0.2624284,0.2535326,0.3213098,0.4512168,0.5027148,0.357759,0.3266094,0.4143462,0.2141292,0.3622536,0.2634373,0.2468616,0.2979488,0.460985,0.2190192,0.3893714,0.4043426,0.4219724,0.2645324,0.4550912,0.5916302,0.3069527,0.5543408,0.2006924,0.5337818,0.2159736,0.201646,0.3038886,0.2141694,0.2280082,0.2727668,0.2493108,0.2292764,0.3593966,0.2562492,0.2465488,0.2076534,0.4725588,0.2683356,0.4277762,0.4633024,0.2998608,0.3279851,0.567151,0.4748918,0.3007689,0.2437086,0.3462984,0.3421706,0.457802,0.4671038,0.1883822,0.2456342,0.5093204,0.2135944
0.3352448,0.5084698,0.2865982,0.1772388,0.3641532,0.1968938,0.2706762,0.2620002,0.248064,0.3220894,0.453279,0.5034316,0.3613662,0.3278514,0.4200214,0.2139452,0.361549,0.2709945,0.2449236,0.2954922,0.4630498,0.2185648,0.388917,0.4017446,0.42514,0.2669648,0.4525292,0.592447,0.3070761,0.5581394,0.2000392,0.5279334,0.2150976,0.201286,0.2987478,0.2123562,0.2302814,0.2738644,0.2502302,0.227147,0.36157,0.2587562,0.2482796,0.2079762,0.4695514,0.2678456,0.426498,0.455925,0.2965134,0.3275155,0.5639408,0.477011,0.3034376,0.2401074,0.3439094,0.34075,0.4572292,0.466889,0.1898114,0.2446046,0.5080138,0.2151716
0.3370334,0.4869314,0.2878014,0.1813824,0.3627646,0.1946628,0.269972,0.262073,0.2472992,0.3216636,0.454642,0.5010854,0.3608772,0.33653,0.4220862,0.2124118,0.3607008,0.2726662,0.245139,0.2959146,0.4642338,0.217715,0.3888046,0.4006454,0.423018,0.2621206,0.4580042,0.591781,0.3072902,0.5574002,0.2012363,0.5328644,0.2157198,0.2026861,0.3030896,0.2120376,0.2261488,0.2755792,0.2517978,0.2271518,0.359157,0.2596636,0.2500782,0.2085058,0.4696156,0.2670752,0.4281652,0.4578718,0.2965172,0.3276621,0.5678906,0.4804496,0.3023116,0.2409706,0.3442164,0.3407672,0.4618716,0.4719968,0.1863192,0.2452852,0.511374,0.2136646
0.3374686,0.4956766,0.290757,0.1832742,0.361765,0.1963812,0.2691218,0.2591622,0.2472892,0.3217092,0.449542,0.5022594,0.3610632,0.3373724,0.4202964,0.2127758,0.3617208,0.274496,0.2451122,0.2958966,0.4638876,0.218126,0.3917164,0.4001798,0.4196628,0.261884,0.4555994,0.5943846,0.3035136,0.5500066,0.2026671,0.5359036,0.2172908,0.2024549,0.3063404,0.2155984,0.2287412,0.2792628,0.2522322,0.2259728,0.3592546,0.2593974,0.2487824,0.2072176,0.4676292,0.2641754,0.4303802,0.4539792,0.2931686,0.3298692,0.5739726,0.4803448,0.3055598,0.2426416,0.3473976,0.3382198,0.4614442,0.4668558,0.1857776,0.2499218,0.5094738,0.213739
0.3404144,0.4999774,0.295725,0.1833194,0.3612562,0.19885,0.2695078,0.2605874,0.244973,0.3241608,0.4564206,0.5059164,0.36755,0.3387304,0.4125146,0.212389,0.3625742,0.2777623,0.2407504,0.2951478,0.4638494,0.2194528,0.3882178,0.400392,0.4194262,0.2613132,0.4451062,0.5936676,0.304915,0.5529804,0.2035427,0.53706,0.219568,0.2077588,0.3097284,0.213503,0.230506,0.2800212,0.2537164,0.2273524,0.3553998,0.2620696,0.2506694,0.2086012,0.4629224,0.2636532,0.433237,0.4614262,0.292591,0.3284114,0.570617,0.479606,0.3048774,0.2413992,0.3441696,0.3376846,0.4578226,0.4682164,0.1842544,0.2484888,0.5132038,0.214318
0.3392896,0.5036178,0.2950256,0.1871526,0.3616574,0.203186,0.2690954,0.2620652,0.2427462,0.3261334,0.456638,0.5065198,0.3638186,0.3357498,0.4106396,0.2102208,0.3593808,0.2772331,0.2393596,0.2938844,0.46445,0.2222668,0.384713,0.3969974,0.4170056,0.2608924,0.4523896,0.5849146,0.303425,0.5566134,0.2036949,0.54135,0.2190056,0.204665,0.308849,0.210389,0.2308684,0.2763824,0.256403,0.2273662,0.3539338,0.2601544,0.2497514,0.210458,0.4618132,0.2614162,0.4296218,0.4597194,0.2939248,0.3269474,0.5770172,0.4818924,0.3061946,0.2411628,0.337237,0.3348144,0.4530098,0.4681986,0.1865824,0.2491966,0.513639,0.213103
0.339178,0.5051492,0.2991838,0.1888594,0.3589598,0.2026342,0.27036,0.2615502,0.2476268,0.3315968,0.4637486,0.5062034,0.3646746,0.337433,0.412774,0.2101406,0.3610404,0.2772497,0.2375314,0.2938778,0.4638664,0.2235194,0.3855426,0.3966934,0.4152488,0.260869,0.4459266,0.5909972,0.3034162,0.5603174,0.2030863,0.536983,0.2177908,0.206144,0.3103376,0.212687,0.230683,0.2768888,0.2544576,0.2276676,0.3536386,0.2612104,0.2492052,0.211979,0.4571186,0.2597944,0.4279316,0.453159,0.2899406,0.3281318,0.5767906,0.4812848,0.306879,0.241206,0.3418468,0.3320346,0.4574138,0.4382156,0.1873984,0.2482034,0.5156104,0.2106789
0.343007,0.5046074,0.3002916,0.1896192,0.3550334,0.1998484,0.2698166,0.2602316,0.2445846,0.3321102,0.4386224,0.5095192,0.3639472,0.336828,0.416732,0.2103122,0.3670992,0.2774129,0.2350316,0.2974584,0.4684614,0.2228154,0.3831352,0.400434,0.4151456,0.2650946,0.4524636,0.5935848,0.302146,0.5521248,0.2039912,0.5353934,0.2189816,0.2037024,0.3123026,0.2121426,0.2313992,0.2742722,0.2527546,0.2279338,0.3560256,0.2589736,0.2483134,0.2126886,0.4561168,0.257987,0.4294322,0.4580364,0.2909404,0.3234024,0.5779594,0.483947,0.3073814,0.2386384,0.346666,0.3301644,0.4556058,0.4519794,0.1856612,0.2505894,0.515239,0.2100113
0.339202,0.5099742,0.29718,0.1895444,0.3554478,0.1989796,0.270719,0.2606092,0.2454976,0.3296818,0.452927,0.5119724,0.346018,0.3323704,0.415994,0.2101158,0.3768602,0.2770601,0.234723,0.294033,0.4694154,0.2215862,0.3814208,0.3977426,0.4144592,0.2667242,0.4522,0.5907354,0.3002504,0.5515772,0.2023784,0.5387316,0.2210873,0.2024702,0.3096816,0.2133568,0.2304728,0.2751796,0.2534892,0.2294552,0.3566082,0.2572726,0.2476038,0.2133674,0.4533142,0.2620092,0.427303,0.4617964,0.2905744,0.3255484,0.5743756,0.485182,0.3038522,0.2377458,0.3429061,0.3302628,0.4527068,0.454892,0.1847144,0.25141,0.5148272,0.2138379
0.3374288,0.508303,0.2943012,0.19047,0.3535138,0.2035192,0.2703774,0.2594446,0.2457238,0.3303566,0.4633072,0.5075502,0.3516026,0.3334736,0.4162106,0.2119292,0.3810814,0.2745036,0.2347408,0.2943114,0.4715684,0.2194688,0.381336,0.3972014,0.4120588,0.2675968,0.4578362,0.5928624,0.2983882,0.5554308,0.202418,0.5385414,0.2206654,0.203934,0.3106082,0.2118862,0.2269766,0.2750568,0.25405,0.2300352,0.3580888,0.2560184,0.246254,0.2127754,0.4506138,0.262961,0.4273584,0.460262,0.2881942,0.3216836,0.5698204,0.4815194,0.3058876,0.2404878,0.3420505,0.334424,0.4470378,0.4565262,0.1853162,0.2505394,0.511406,0.2137855
0.3362234,0.513913,0.2927738,0.1890816,0.3514988,0.2034316,0.2750654,0.2598322,0.2434162,0.3283298,0.4690218,0.5099188,0.3613906,0.3316449,0.4140632,0.2134946,0.380723,0.2753028,0.2350876,0.2915144,0.4676972,0.2215068,0.3820709,0.3994592,0.4138646,0.2672118,0.4550492,0.5992142,0.2927434,0.558545,0.2010107,0.5319856,0.2233902,0.2048092,0.3097202,0.212272,0.2251663,0.2725568,0.256596,0.2299946,0.3569468,0.252835,0.2440714,0.2127436,0.4515704,0.263623,0.4259108,0.4607946,0.286326,0.320842,0.5750742,0.4828942,0.306376,0.2391396,0.3458003,0.3313002,0.4419028,0.4622552,0.1854784,0.255602,0.5109488,0.2138987
0.3377456,0.512679,0.2930652,0.1898598,0.3497268,0.2038858,0.2745136,0.2574378,0.2467474,0.3297702,0.4680748,0.508916,0.3616952,0.3332485,0.4152388,0.213024,0.3871682,0.2767811,0.2421742,0.2882418,0.4685286,0.221448,0.3864192,0.3997836,0.4113092,0.272155,0.4556404,0.592583,0.2920224,0.5596872,0.2016932,0.535887,0.226339,0.2063466,0.308943,0.2135684,0.2245066,0.2739924,0.2585809,0.2313696,0.3572652,0.2516918,0.240249,0.213296,0.4485634,0.2625448,0.4270008,0.4638294,0.285505,0.3212762,0.5750828,0.4809136,0.3018196,0.2404712,0.3478888,0.3309734,0.4452098,0.4626848,0.1858612,0.2559972,0.5152328,0.2134888
0.3381232,0.5128494,0.2953052,0.188807,0.3485976,0.204917,0.275141,0.256071,0.2515297,0.3261504,0.4705434,0.5071868,0.3627636,0.3360507,0.418776,0.2117384,0.388662,0.2739441,0.2446814,0.2898722,0.47183,0.2207046,0.3878383,0.3970446,0.4088186,0.2738738,0.4564426,0.5929942,0.2915476,0.566288,0.2003496,0.5474914,0.2264212,0.2048146,0.312386,0.2146972,0.2225698,0.2742692,0.2586965,0.2324372,0.3522862,0.2516288,0.2392818,0.2123034,0.4499438,0.2604804,0.4270386,0.4696012,0.2875362,0.3187076,0.5685328,0.4584876,0.307486,0.2420336,0.3490832,0.3293254,0.4453722,0.465865,0.1859444,0.2554576,0.5149102,0.2149232
0.3409034,0.5169646,0.2964314,0.1859992,0.3501952,0.2028378,0.2732778,0.2528382,0.252312,0.325553,0.4669536,0.5082394,0.366069,0.3364045,0.41146,0.2104148,0.385701,0.2756149,0.2434414,0.2891546,0.467955,0.2214642,0.3931195,0.392974,0.4069716,0.2741904,0.452232,0.6002432,0.2971442,0.5620204,0.1967834,0.5484284,0.2269414,0.2065138,0.3139004,0.214276,0.2213206,0.2736778,0.2604511,0.235318,0.353877,0.249885,0.2376822,0.213119,0.4486948,0.2613718,0.4264968,0.4669382,0.2879382,0.3194136,0.5690756,0.4674144,0.3052886,0.2408196,0.3524236,0.3294394,0.4459146,0.4635532,0.1885612,0.25744,0.515754,0.2152559
0.3395496,0.5164988,0.2966452,0.1857156,0.3500812,0.2023148,0.2735693,0.2538076,0.2508642,0.3246846,0.4690012,0.5063764,0.3677126,0.3349745,0.4136038,0.2113668,0.382841,0.2776007,0.244821,0.2865598,0.463706,0.221474,0.3982628,0.3920542,0.403257,0.2749076,0.4559464,0.5956244,0.300694,0.5587884,0.1961334,0.5415852,0.2257208,0.2050126,0.3143208,0.2146058,0.221474,0.2729634,0.2575987,0.2292721,0.3536116,0.2482768,0.236353,0.2122464,0.448372,0.2607418,0.4276374,0.469763,0.2894142,0.3194561,0.5712832,0.4702602,0.3050276,0.2405748,0.3492332,0.3294002,0.4473552,0.4625122,0.1897708,0.2573656,0.5126898,0.2121313
0.3400664,0.5159332,0.2966994,0.1854676,0.349069,0.20033,0.2728275,0.2627244,0.2503538,0.3257068,0.4662258,0.507108,0.373807,0.3334091,0.4065798,0.2094482,0.3846494,0.2778091,0.2436014,0.2841494,0.4617168,0.2185402,0.3957956,0.3926136,0.4000783,0.280388,0.4573434,0.593947,0.2990908,0.560845,0.1985436,0.545172,0.2227995,0.205724,0.3141368,0.2121086,0.2200326,0.2741268,0.2574065,0.2325571,0.3518398,0.2449246,0.2375962,0.2120282,0.45173,0.259614,0.4324892,0.4660604,0.2926662,0.321596,0.5736344,0.4743334,0.3058612,0.2397776,0.3501004,0.3300984,0.4477696,0.4626374,0.1914684,0.2576458,0.5133268,0.2136431
0.344689,0.5178952,0.2959568,0.185519,0.3507658,0.202555,0.2733547,0.2619218,0.2501342,0.327874,0.4633748,0.5059698,0.3732466,0.3290924,0.4085428,0.2109928,0.3847192,0.2783853,0.240191,0.2806604,0.4577626,0.2157372,0.4034776,0.3909334,0.4073804,0.2805206,0.4487526,0.595134,0.300594,0.559806,0.197756,0.5400662,0.2216372,0.2059498,0.3139634,0.2111498,0.2199042,0.2757922,0.2587441,0.2329522,0.3493912,0.2440744,0.237293,0.2102392,0.4468358,0.259623,0.4304862,0.4606848,0.290175,0.3223,0.5723688,0.4780046,0.309986,0.2410624,0.3494318,0.3313168,0.4462876,0.4612322,0.1878558,0.2562814,0.5137408,0.2147039
0.3396004,0.510703,0.2975016,0.1849452,0.3480234,0.2035952,0.2757845,0.2612702,0.249802,0.3264736,0.4563876,0.5085204,0.3692908,0.3307256,0.407828,0.2115006,0.3846022,0.2801393,0.2399706,0.2842656,0.4600174,0.2156274,0.4021218,0.3892038,0.4124528,0.2801828,0.4487806,0.5978746,0.2998292,0.5621608,0.1977178,0.549006,0.2233214,0.2033674,0.3137194,0.2105364,0.2164296,0.2753704,0.2600241,0.2360934,0.3479851,0.2422938,0.236201,0.2114164,0.4469394,0.2597674,0.427673,0.464577,0.2913799,0.322573,0.5692494,0.4754656,0.3052368,0.2424994,0.3459876,0.3272206,0.4425564,0.460752,0.190138,0.257994,0.51206,0.2137123
0.3430282,0.5074164,0.2959424,0.1841148,0.3478992,0.2050712,0.2759042,0.2628842,0.2499308,0.3212536,0.4527,0.511993,0.3663916,0.3289038,0.407209,0.2104678,0.3841446,0.2791791,0.2397802,0.2837726,0.4350659,0.2140786,0.4027754,0.389879,0.4155995,0.2781634,0.4319114,0.573839,0.299396,0.5611062,0.197608,0.5483552,0.220219,0.2034062,0.3146404,0.2103556,0.217242,0.277779,0.2603805,0.2375226,0.3452873,0.2409732,0.2367544,0.209498,0.4439926,0.2604332,0.4227118,0.468774,0.2936866,0.32461,0.5723108,0.4818402,0.3016038,0.2431908,0.343722,0.32755,0.4433014,0.4581832,0.1880894,0.261738,0.5124326,0.2163791
0.3413228,0.5073088,0.2948682,0.1862538,0.341203566667,0.2045798,0.2799126,0.2675554,0.2517038,0.3223908,0.4575608,0.5111384,0.3692912,0.3289582,0.4056636,0.2115912,0.3853278,0.2785538,0.2383564,0.285462,0.444115,0.2116726,0.4000426,0.3861852,0.4220891,0.2758446,0.4375088,0.5870928,0.3044328,0.5543972,0.1994692,0.5423842,0.2206932,0.2017926,0.3174204,0.2064778,0.21624,0.2743418,0.2606001,0.2388206,0.3494573,0.2425858,0.2363386,0.2082452,0.4397182,0.2587216,0.4234362,0.466121,0.2945217,0.3213762,0.5747464,0.4817106,0.302704,0.2457509,0.3441934,0.3281882,0.439391,0.45886,0.1846,0.2632854,0.5129196,0.2164845
0.3405058,0.5098058,0.2899508,0.1865274,0.347111166667,0.2038378,0.2786206,0.2678584,0.2537272,0.3215756,0.459373,0.5116286,0.3710428,0.3341646,0.4022422,0.2123036,0.380215,0.2791262,0.239805,0.2942618,0.44936,0.212955,0.4005014,0.3853516,0.4241713,0.2768266,0.43962,0.5908562,0.3028234,0.5585816,0.2008502,0.5364644,0.2177942,0.1985802,0.3162202,0.207882,0.215547,0.2751074,0.2574327,0.2388804,0.3490909,0.2441632,0.2377604,0.2052444,0.4381412,0.2577944,0.4208414,0.456921,0.2977445,0.3223646,0.5753312,0.4843292,0.3067494,0.2483653,0.3443134,0.3237784,0.4425734,0.457716,0.1828742,0.2620828,0.5079962,0.2181279
0.3395652,0.507286,0.2945186,0.1854196,0.347717966667,0.2080826,0.277259,0.2697566,0.2515152,0.3187776,0.4570322,0.5066412,0.3711592,0.3330596,0.4026586,0.2099864,0.380997,0.2802284,0.239961,0.2934566,0.4506182,0.2159292,0.4035918,0.3821382,0.4286817,0.2781642,0.4457162,0.5969084,0.3043316,0.5616906,0.1989254,0.5402276,0.2160306,0.195883,0.3142072,0.2050684,0.218174,0.275607,0.2588481,0.238819,0.3481898,0.244327,0.2369232,0.207307,0.4380594,0.2543498,0.4229414,0.46679,0.297557,0.3205394,0.5786556,0.4847258,0.3056724,0.2470537,0.3446132,0.321020333333,0.4454896,0.4628968,0.1808888,0.259054,0.512126,0.2186747
0.3421252,0.509544,0.2996762,0.1828822,0.352555766667,0.2056736,0.276455,0.2742454,0.2521518,0.3188104,0.458728,0.506481,0.3672094,0.3300124,0.4088014,0.2084932,0.3831258,0.2811562,0.234977,0.2862224,0.4562166,0.2152252,0.4049292,0.3830898,0.4259567,0.274947,0.442933,0.5963608,0.3062714,0.5554986,0.1964292,0.545818,0.215594,0.197031,0.3131832,0.2064482,0.2192004,0.274684,0.2577453,0.2407187,0.3510972,0.2425368,0.2366232,0.2065702,0.4411543,0.2539812,0.4203954,0.4612482,0.2984274,0.3200346,0.5797894,0.4810886,0.3042318,0.2499111,0.3427952,0.3280712,0.448831,0.4580054,0.1819592,0.2569952,0.512528,0.2194215
0.3387722,0.509092,0.2980082,0.180716,0.356898766667,0.2050752,0.2772122,0.2761768,0.2504268,0.3127788,0.4592084,0.503433,0.3698348,0.3298614,0.4116572,0.2098692,0.3808248,0.278771,0.2374676,0.2906522,0.4572064,0.2153248,0.4029186,0.3843234,0.4298624,0.2746084,0.442013,0.5938004,0.3035386,0.5568438,0.197156,0.5453658,0.216297,0.2008685,0.3126836,0.206671,0.2153638,0.2757696,0.2568392,0.2429476,0.3506136,0.2396696,0.2361854,0.2090104,0.4476871,0.253299,0.4143148,0.465967,0.301938,0.3212236,0.5854682,0.4798626,0.3016698,0.249381,0.3494334,0.328056,0.4446348,0.4635872,0.1863914,0.2572114,0.5123828,0.21706
0.3393926,0.5118938,0.2993538,0.1813608,0.355964666667,0.204019,0.2771538,0.278915,0.2526574,0.313826,0.4595116,0.5055172,0.3691814,0.3300998,0.4099298,0.2090594,0.380838,0.2792846,0.237913,0.2907488,0.4592094,0.2149638,0.407755,0.37905,0.4334596,0.2783408,0.445118,0.5941942,0.3018064,0.5571576,0.1972822,0.541538,0.2167736,0.1993338,0.3138546,0.2081354,0.2179281,0.2698572,0.254433,0.2433914,0.3514212,0.2384964,0.237091,0.2096798,0.4560825,0.2501742,0.416281,0.4597482,0.3021998,0.3226782,0.5854596,0.4766988,0.3054896,0.2475728,0.3554008,0.3295954,0.4439168,0.4559578,0.1878516,0.2570626,0.5100354,0.2143862
0.3363812,0.5094206,0.2967862,0.1843539,0.355766866667,0.2058618,0.2760352,0.2824334,0.2589886,0.3166044,0.454692,0.5036654,0.3635666,0.3317222,0.4112994,0.2039004,0.376346,0.2757178,0.2384716,0.2978886,0.4602252,0.212653,0.4077004,0.381208,0.4322334,0.2780186,0.4451142,0.5990552,0.3050504,0.5569308,0.196634,0.541345,0.2148952,0.199349566667,0.313096,0.2097908,0.2152374,0.2688528,0.2571538,0.2426782,0.3524766,0.237227,0.2395188,0.209985,0.4619486,0.2497514,0.414771,0.4564652,0.3055614,0.3225634,0.5807146,0.4750344,0.3069164,0.2516042,0.3557092,0.3304372,0.4435068,0.4545628,0.190701,0.2544562,0.5061048,0.2122746
0.335086,0.5147684,0.2931988,0.1861935,0.3500062,0.2034984,0.2760866,0.2786034,0.2611318,0.318903,0.4562898,0.5055134,0.365094,0.3336726,0.4127806,0.2042964,0.3752062,0.2765646,0.2375588,0.3012476,0.4591094,0.2120137,0.4082074,0.3811554,0.4340952,0.2771774,0.44657,0.600632,0.3085668,0.5579596,0.1950852,0.5361146,0.2146884,0.2000638,0.310244,0.2077362,0.218304,0.2727664,0.2595058,0.2423106,0.3539634,0.2361014,0.239453,0.2086728,0.4733264,0.253226,0.412226,0.4553202,0.3038274,0.3225818,0.5790884,0.474472,0.3070374,0.2536866,0.3549388,0.329413,0.4400512,0.46025,0.1888692,0.251362,0.5059202,0.2105194
0.3368784,0.506069,0.2949946,0.1872182,0.3533246,0.2027482,0.2738138,0.2810232,0.259519,0.3152828,0.4575698,0.505642,0.3672466,0.3343388,0.4138272,0.203145,0.3770554,0.276787,0.2374502,0.3023628,0.4597364,0.2102567,0.4026074,0.3797068,0.432825,0.2744562,0.4470706,0.5974004,0.3109984,0.5574322,0.1949478,0.539164,0.2131916,0.2024568,0.3090168,0.2068098,0.2192746,0.271432,0.2619206,0.2425368,0.3568514,0.2355806,0.2410972,0.2096964,0.4722474,0.2516,0.4134274,0.4584154,0.3019162,0.3207188,0.5746844,0.4768866,0.3052222,0.252692,0.352141,0.3293976,0.4369626,0.4649704,0.1902322,0.2521694,0.5048078,0.209405
0.3350884,0.5045668,0.2941514,0.1880538,0.3579114,0.2043374,0.2724578,0.2820348,0.2621828,0.3119342,0.4563576,0.5111582,0.3702804,0.3336536,0.3882632,0.2018756,0.3720492,0.273615,0.2365564,0.3052366,0.4564284,0.2097559,0.401086,0.3825742,0.431557,0.2731326,0.4514486,0.5983696,0.3080276,0.55144,0.1927086,0.5340992,0.2135982,0.2010728,0.3099822,0.2075762,0.2196474,0.2685906,0.2606182,0.2425256,0.3557798,0.240199,0.2347979,0.2097574,0.4794176,0.252439833333,0.4099604,0.4574104,0.2990182,0.3203306,0.5749044,0.4758124,0.3038184,0.2498402,0.3504032,0.3306618,0.440113,0.4680512,0.1927598,0.24971,0.5053086,0.2096318
0.3315836,0.5077396,0.2966436,0.1902516,0.3561168,0.2026964,0.2739516,0.2814128,0.2638316,0.314134866667,0.455705,0.5131436,0.3713328,0.3270056,0.3885534,0.1996783,0.37176,0.2753188,0.231849,0.3046758,0.457977,0.2108461,0.4024386,0.3846814,0.4318746,0.2710118,0.4471854,0.5974492,0.3117752,0.5576914,0.1916898,0.5354038,0.2168562,0.2054042,0.3127868,0.207963,0.2196028,0.272944,0.261557,0.2424566,0.3589325,0.240471,0.2334778,0.208575,0.4805712,0.254069733333,0.4147825,0.4638852,0.2988892,0.320417,0.5740642,0.4811642,0.3038404,0.2487058,0.352006,0.3292242,0.4384066,0.466992,0.1920314,0.2486394,0.5088958,0.2113572
0.3321448,0.5089886,0.2953134,0.1932018,0.35851,0.2030256,0.275291,0.2799046,0.2674653,0.3168913,0.4560184,0.5126812,0.3698532,0.3249586,0.395641,0.20018,0.372621,0.2740728,0.2326131,0.3008558,0.4531506,0.2137868,0.4037086,0.3810408,0.431698,0.2739348,0.4475282,0.5971186,0.3076464,0.5556994,0.1913958,0.5297024,0.2163196,0.2054646,0.313087,0.2077478,0.22041,0.2726768,0.2572728,0.2451548,0.3567201,0.2397838,0.2357354,0.2095994,0.4807796,0.2487834,0.413681,0.4616532,0.2968739,0.318511,0.5732452,0.4825954,0.3028554,0.247131,0.3476098,0.331074,0.4329228,0.4651618,0.1909214,0.2489638,0.5096374,0.2108693
