0,1,2,3,4,5,6,7,8,9,10,11,12,13,14,15,16,17,18,19,20,21,22,23,24,25,26,27,28,29,30,31,32,33,34,35,36,37,38,39,40,41,42,43,44,45,46,47,48,49,50,51,52,53,54,55,56,57,58,59
0.010263,0.0100126,0.0125312,0.0100614,0.0116978,0.0094278,0.011132,0.0094318,0.011294,0.0098782,0.0110198,0.0087516,0.0122394,0.0081478,0.0102598,0.0099952,0.0121794,0.00963,0.0115424,0.0108374,0.0118456,0.0075166,0.0107862,0.0085334,0.0115216,0.0090722,0.010702,0.009848,0.0126774,0.008187,0.010771,0.0083318,0.0108208,0.0084418,0.010704,0.0090214,0.0125104,0.0117322,0.010204,0.0090858,0.0112852,0.009528,0.0125032,0.0096538,0.0134446,0.0102886,0.0101296,0.0112694,0.0133422,0.0100164,0.0117252,0.0103548,0.0104308,0.0088838,0.0114658,0.0099756,0.012129,0.0095416,0.0126476,0.0103976
0.0127804,0.0142148,0.0162174,0.013251,0.0144204,0.0140124,0.0141504,0.0121862,0.0131172,0.0140848,0.0134926,0.0122812,0.0152358,0.0114254,0.0122032,0.013981,0.0144258,0.012998,0.0148548,0.015131,0.0162154,0.010232,0.0138866,0.012026,0.0149982,0.0132336,0.0136716,0.0142072,0.0164396,0.0107666,0.0135554,0.0120788,0.0142146,0.0112128,0.0138348,0.013383,0.0153884,0.0153522,0.0130518,0.013526,0.0142348,0.013998,0.015081,0.0130134,0.0157326,0.0137716,0.0140526,0.0149194,0.016273,0.0143536,0.0148104,0.0146196,0.0132792,0.0123104,0.0144316,0.0131938,0.0147652,0.012886,0.0146818,0.0138832
0.015264,0.0189104,0.0183682,0.0165384,0.0174038,0.0171272,0.0167124,0.0156218,0.016354,0.017463,0.0164682,0.0160452,0.0172436,0.0149404,0.0143596,0.0165422,0.0170222,0.016268,0.0178496,0.019467,0.0191802,0.0138546,0.0173772,0.015579,0.0190368,0.0166406,0.0153434,0.0182096,0.0183158,0.0146396,0.0170728,0.0164096,0.016179,0.0146318,0.0170416,0.0171208,0.017607,0.0214378,0.0159244,0.014849,0.0168912,0.0184554,0.0170218,0.0156408,0.0188252,0.017231,0.016626,0.017524,0.0180764,0.0184958,0.016835,0.018474,0.0169926,0.0151672,0.0173204,0.0179258,0.0177962,0.015928,0.016427,0.0165614
0.017741,0.02046,0.0219182,0.0209284,0.0199184,0.020667,0.0187492,0.0194082,0.0190142,0.0198418,0.0197658,0.0219058,0.0194944,0.0197278,0.0164704,0.0209766,0.021145,0.02044,0.020983,0.0235742,0.022466,0.0163028,0.0201652,0.0186162,0.0226382,0.0208964,0.0183474,0.0208292,0.0214314,0.0169182,0.0200456,0.0199782,0.0175624,0.018655,0.0190898,0.0208234,0.020022,0.026805,0.0184298,0.0197196,0.0202636,0.0239014,0.019546,0.0187444,0.0208022,0.0215446,0.0189528,0.0202644,0.0222242,0.024096,0.01895,0.02192,0.0198098,0.018887,0.0207698,0.0225508,0.0207864,0.0184786,0.0195056,0.0210952
0.0204186,0.023845,0.024365,0.0246694,0.0231242,0.0237718,0.0215818,0.0255318,0.0224378,0.0232946,0.023049,0.0255786,0.0224614,0.022734,0.01853,0.026589,0.023861,0.0223934,0.0242394,0.0283364,0.0262096,0.0195384,0.0225528,0.0223642,0.025711,0.0244074,0.0211472,0.0251138,0.0243562,0.0214188,0.0236826,0.0252874,0.0199258,0.0206446,0.0221206,0.0263712,0.0220644,0.0324556,0.0212084,0.0235728,0.0223798,0.0300898,0.0213874,0.0228266,0.0238184,0.025469,0.0224086,0.0240892,0.026396,0.0289128,0.0211078,0.0255812,0.0212646,0.0235512,0.0223308,0.025281,0.0232106,0.0223158,0.0224608,0.0244878
0.0219746,0.027929,0.0275848,0.0288732,0.0256658,0.0267766,0.0233028,0.0295216,0.0251078,0.0267532,0.0258542,0.0302898,0.0247242,0.0261338,0.0204282,0.030678,0.0264726,0.0261368,0.0264512,0.0338604,0.0290092,0.0231268,0.026614,0.026304,0.0294624,0.0281106,0.0233624,0.0299946,0.027136,0.0241592,0.0265558,0.0300666,0.0226644,0.0254236,0.0253888,0.0303992,0.0240626,0.039346,0.0240174,0.0277844,0.0257216,0.0361078,0.024341,0.0274692,0.0265834,0.0310084,0.025369,0.0276668,0.028996,0.0350248,0.0241752,0.0287998,0.0241348,0.0273798,0.0243652,0.0278248,0.0263344,0.0268398,0.0255824,0.0296264
0.0238762,0.0315228,0.0301532,0.0331196,0.028794,0.0316988,0.0265276,0.0342922,0.0287786,0.0313294,0.029132,0.035288,0.0285528,0.0298546,0.0224434,0.0350186,0.0291602,0.0306498,0.0288566,0.0410882,0.0324334,0.0271508,0.029288,0.0304164,0.0320168,0.03065,0.0256358,0.0340956,0.0295676,0.0289476,0.0294122,0.0355658,0.0250928,0.0282924,0.028529,0.035167,0.0252744,0.04455,0.0271006,0.034153,0.0282852,0.040897,0.027511,0.032017,0.029004,0.0359428,0.0284624,0.032467,0.031848,0.0406272,0.026731,0.0351128,0.0271864,0.031046,0.0263512,0.0339836,0.0291114,0.0303732,0.0270272,0.0340694
0.0269316,0.0380388,0.0334328,0.0372922,0.03139,0.0355506,0.0290432,0.0393122,0.0320368,0.0338754,0.0316524,0.0399996,0.030361,0.0326612,0.024499,0.0397578,0.03196,0.0348006,0.0315836,0.0470348,0.0356658,0.0322136,0.0308044,0.0343158,0.0353024,0.0354996,0.027963,0.0379654,0.031639,0.0332664,0.031707,0.0411768,0.0264976,0.032787,0.0309812,0.039187,0.0272776,0.0476322,0.0298574,0.037875,0.0303354,0.0462228,0.0290564,0.0359436,0.031834,0.0388894,0.0310262,0.0373654,0.0352306,0.046982,0.028442,0.0398314,0.0306934,0.0335018,0.0278264,0.040429,0.0319848,0.0343854,0.029295,0.0408832
0.0286896,0.0419738,0.0355864,0.0425848,0.0338716,0.0418722,0.0311508,0.0432064,0.0361704,0.039408,0.034601,0.0443802,0.0328866,0.038558,0.026991,0.0435154,0.0358104,0.040535,0.0347838,0.0534322,0.0385068,0.0347438,0.0335668,0.0383336,0.0391532,0.0391312,0.0298314,0.0416798,0.0341246,0.0375876,0.0336742,0.045558,0.0285948,0.037536,0.0340212,0.0449948,0.030048,0.0531306,0.0322916,0.0410208,0.0324716,0.0495684,0.0321126,0.04088,0.034863,0.043199,0.0331262,0.0420282,0.0386012,0.0512596,0.031631,0.042968,0.0336676,0.0365326,0.0309178,0.0447356,0.0340082,0.0388564,0.0311598,0.0456718
0.0315206,0.0484524,0.036776,0.0468112,0.0367238,0.0473606,0.0327322,0.047387,0.037866,0.0438068,0.037472,0.0501548,0.0358692,0.042205,0.0290396,0.0482174,0.0377904,0.0440998,0.0359886,0.0608716,0.0396478,0.0399616,0.035764,0.043779,0.0422928,0.041018,0.0318568,0.0449356,0.0372738,0.0414086,0.0358014,0.0498686,0.030749,0.0409778,0.0368916,0.0493818,0.0322324,0.0601904,0.0340048,0.0434042,0.0355524,0.0534852,0.0355884,0.0455498,0.0375246,0.0468084,0.0353156,0.0471042,0.042018,0.0563722,0.0338466,0.0454686,0.0350638,0.0409592,0.0337156,0.0485368,0.0356478,0.0423352,0.0341706,0.0508336
0.0337028,0.0508858,0.039819,0.0526074,0.038816,0.0503424,0.0349866,0.0508444,0.041192,0.04798,0.0419512,0.05407,0.0384968,0.0457846,0.0312782,0.0514494,0.0407188,0.0469872,0.0391348,0.0655312,0.0415934,0.0438056,0.0389474,0.047746,0.044826,0.0445632,0.0341028,0.0505192,0.0394868,0.045278,0.038125,0.0534374,0.0335458,0.0456588,0.0394134,0.054333,0.0339464,0.0652712,0.0365254,0.0480632,0.0380284,0.0571024,0.037531,0.0498684,0.0390178,0.0528834,0.0375624,0.0536844,0.0469948,0.061273,0.0361124,0.048479,0.038914,0.0462726,0.0365872,0.0535336,0.0382524,0.0462078,0.0364904,0.0539858
0.035798,0.055463,0.0419896,0.0559842,0.0408096,0.052621,0.0376138,0.052481,0.043822,0.0517208,0.0449814,0.0591994,0.0408586,0.0504664,0.0326202,0.0556092,0.0426332,0.051913,0.0398776,0.070255,0.0436032,0.0483168,0.0411636,0.0524728,0.0474868,0.0467288,0.0369332,0.055736,0.0412646,0.0491772,0.0404566,0.0571976,0.035583,0.0499444,0.042021,0.0574838,0.0350902,0.0677016,0.039325,0.0513536,0.0399806,0.061908,0.0395016,0.0545904,0.0409262,0.0555834,0.0403204,0.0582348,0.0489172,0.064022,0.038819,0.0520976,0.0413002,0.0509092,0.0386374,0.0620654,0.0406052,0.050271,0.0372726,0.0595338
0.0379098,0.0621946,0.0446796,0.0592696,0.0428662,0.0558386,0.0399218,0.0548864,0.0465566,0.0560936,0.0479532,0.0627554,0.0427234,0.0557258,0.0346806,0.0578258,0.0447986,0.0576252,0.0421366,0.075463,0.046175,0.05086,0.042875,0.0572474,0.0513494,0.048961,0.0395024,0.058838,0.0446038,0.0521476,0.0427058,0.0613024,0.037414,0.0533354,0.043673,0.0621058,0.0368902,0.0705878,0.0409086,0.0568322,0.0420496,0.0649134,0.0415476,0.060734,0.0428282,0.0616168,0.042826,0.0649836,0.0516378,0.0685864,0.0419548,0.055607,0.0438216,0.0539182,0.0409136,0.064127,0.0428172,0.0538004,0.03951,0.0613234
0.0388156,0.0682492,0.0463314,0.06306,0.0452196,0.0587852,0.041594,0.0601192,0.0482788,0.0605104,0.0508548,0.0677948,0.0448712,0.060098,0.036022,0.0613562,0.0473028,0.0608586,0.043526,0.0784402,0.0486588,0.0550552,0.0454164,0.0627768,0.0527274,0.0521272,0.0412566,0.0622328,0.0461692,0.056808,0.0446706,0.0648622,0.0398468,0.0576596,0.0464208,0.0667662,0.0389646,0.075474,0.0426544,0.060629,0.0437666,0.070089,0.0431684,0.0637204,0.0446392,0.0667142,0.045131,0.067673,0.053674,0.0720184,0.0443136,0.059034,0.0461566,0.0573214,0.0438642,0.0684474,0.0447092,0.0589654,0.0409912,0.0652976
0.040205,0.074264,0.0480858,0.0642956,0.047613,0.06199,0.0439976,0.0630086,0.0503658,0.0629124,0.0522788,0.0699386,0.0468954,0.0645828,0.0377554,0.0661328,0.0494968,0.0645964,0.0450286,0.0822774,0.0507048,0.057729,0.0472886,0.066184,0.054606,0.0559132,0.0428182,0.066934,0.0493284,0.061449,0.0472408,0.0672976,0.0423706,0.0638284,0.0486526,0.0733676,0.0407296,0.0796756,0.0457456,0.064185,0.0454076,0.0742786,0.0461118,0.0673524,0.046872,0.0697598,0.0472964,0.0705694,0.0567526,0.0768778,0.0454858,0.061834,0.0481444,0.0608334,0.0459512,0.0735618,0.0466734,0.0612132,0.0417962,0.0697356
0.041595,0.0778114,0.0500418,0.0704406,0.0495282,0.0665836,0.045727,0.0653322,0.0529928,0.0658634,0.0552208,0.0721556,0.0482182,0.0677374,0.040712,0.069956,0.0510664,0.0675806,0.0466894,0.0871144,0.052715,0.0620132,0.0495798,0.069371,0.057092,0.0597264,0.0445284,0.0693486,0.0514566,0.0643626,0.0491954,0.0710442,0.0436968,0.0670988,0.0504418,0.0756628,0.042277,0.0850704,0.0490856,0.0653936,0.0468078,0.0776216,0.0479298,0.072776,0.0482594,0.0716136,0.0493544,0.0744324,0.0581952,0.081973,0.0476932,0.0640902,0.0501434,0.0649942,0.047668,0.0762936,0.0478716,0.0640804,0.0436056,0.0732748
0.0430062,0.0806928,0.0522812,0.0739678,0.0515688,0.0692142,0.0482066,0.0684078,0.0555886,0.069654,0.0566928,0.0773734,0.0505936,0.0697452,0.0414796,0.0736902,0.0533982,0.0710934,0.0480772,0.090269,0.0550354,0.0651718,0.051315,0.0734558,0.0589666,0.0614586,0.045293,0.072389,0.0537096,0.0673736,0.0520496,0.074356,0.0455832,0.071671,0.0531674,0.0790878,0.0441214,0.0908018,0.0507314,0.0677694,0.0499824,0.0803214,0.0493354,0.0777184,0.0504636,0.0740458,0.051197,0.0776982,0.0600182,0.0863416,0.0490062,0.0689666,0.0517474,0.0667736,0.0501976,0.0808492,0.0494976,0.0685328,0.045136,0.0774494
0.0444654,0.0849384,0.053176,0.0761014,0.0539754,0.0726028,0.0498606,0.0706324,0.0572542,0.0730748,0.059361,0.0806078,0.051673,0.0721166,0.0426018,0.0771728,0.0552984,0.0763072,0.0497884,0.0945302,0.0565384,0.0702316,0.0535884,0.0768702,0.0617414,0.064008,0.0478034,0.0762006,0.055929,0.0691618,0.0539224,0.076954,0.0472896,0.0738488,0.056612,0.0826654,0.0460394,0.0942844,0.0528396,0.0704784,0.0518974,0.0844082,0.0517356,0.0817878,0.0522716,0.0771172,0.0526824,0.0816802,0.06214,0.0890228,0.0516282,0.0710246,0.0534018,0.0707596,0.0519218,0.0818684,0.0521896,0.0711952,0.0464898,0.0806466
0.0463388,0.0889642,0.0552892,0.0788414,0.0556648,0.0755812,0.0522544,0.0733246,0.0596476,0.0739096,0.0606518,0.08357,0.0536502,0.0762976,0.045354,0.0788244,0.0577106,0.0795994,0.0519092,0.0979206,0.0582006,0.0737546,0.054718,0.0800056,0.0626822,0.067295,0.0491164,0.0767656,0.0567772,0.070321,0.0565208,0.080233,0.0494016,0.0754038,0.059065,0.08551,0.0487752,0.0988344,0.0550068,0.0730778,0.0536166,0.0873638,0.053014,0.0869072,0.0538886,0.080813,0.0553168,0.0860124,0.0639252,0.093113,0.0538566,0.0733886,0.055154,0.077506,0.054036,0.0846128,0.0541162,0.0720158,0.047893,0.0813772
0.0473102,0.0942234,0.0572132,0.0802674,0.0571356,0.0782848,0.0541492,0.0750166,0.0609184,0.0769668,0.0634746,0.0853674,0.055001,0.0798844,0.0471946,0.0788848,0.0600216,0.0822666,0.0543736,0.1009046,0.0589522,0.0772038,0.0571918,0.083192,0.0644086,0.070363,0.050724,0.0804506,0.057965,0.0735634,0.05824,0.082794,0.0507996,0.0781026,0.06097,0.0849516,0.050123,0.1014866,0.0568968,0.0756674,0.0557092,0.09124,0.0548636,0.0928392,0.0552938,0.0820974,0.0564272,0.0901714,0.0657278,0.0966786,0.0553948,0.0755068,0.0565696,0.079148,0.0551378,0.0883184,0.0559144,0.0745088,0.0506396,0.0850074
0.0490618,0.097361,0.058084,0.0804462,0.0590982,0.0823996,0.055126,0.0788792,0.0622042,0.0805934,0.0655822,0.0869074,0.0561072,0.082627,0.0485066,0.0821386,0.0617006,0.084339,0.0551564,0.1045944,0.0589904,0.0791552,0.0586978,0.0868114,0.0658458,0.0723794,0.0527408,0.083451,0.0591814,0.0773504,0.060021,0.0853636,0.0530054,0.082934,0.0621862,0.0857584,0.0517382,0.1035946,0.0585486,0.0784968,0.0572776,0.0933648,0.0573008,0.095528,0.0569712,0.084235,0.0582624,0.0922362,0.0665874,0.100569,0.0576636,0.0771836,0.0578316,0.0820424,0.0563218,0.0908742,0.0576708,0.0762578,0.0523858,0.086759
0.0509632,0.1002216,0.059767,0.0846358,0.0608598,0.0839304,0.0557092,0.080547,0.0630346,0.0821702,0.0667894,0.0909636,0.0569126,0.0844876,0.0497684,0.0847534,0.062243,0.0869936,0.0565834,0.1067372,0.06009,0.0822414,0.0588374,0.089762,0.0671774,0.0735436,0.0547806,0.0860036,0.060427,0.0794952,0.0624224,0.0874784,0.0544778,0.086856,0.0626714,0.088667,0.053081,0.1072476,0.0593766,0.0810104,0.058677,0.0953314,0.0590768,0.1005034,0.0585742,0.0858392,0.0591064,0.0949268,0.0672262,0.1021642,0.0602208,0.078873,0.058963,0.0839106,0.0577948,0.0934696,0.0591466,0.0787824,0.0538166,0.0887122
0.0521018,0.1010934,0.0610348,0.0861826,0.0620274,0.0871812,0.0565358,0.0823264,0.0647226,0.0852264,0.0682394,0.0933294,0.0580096,0.0871866,0.051617,0.0850274,0.0642488,0.0892674,0.0572666,0.1069988,0.0620778,0.083594,0.0603116,0.09063,0.0683672,0.0749558,0.0550466,0.0892886,0.0623568,0.0817782,0.064439,0.0902506,0.0554956,0.0899642,0.0640476,0.089814,0.0546938,0.1105944,0.0601528,0.0823996,0.060601,0.0975694,0.0609116,0.102084,0.0593058,0.090742,0.0596306,0.0982546,0.0692196,0.1032428,0.0609162,0.0808384,0.060396,0.0856782,0.0585432,0.0964806,0.0602452,0.0811158,0.0558166,0.090253
0.053536,0.1036046,0.062417,0.0869022,0.0622068,0.089702,0.0585208,0.0861094,0.0651252,0.0866552,0.0693838,0.0961186,0.0602638,0.0903418,0.0527946,0.08913,0.064984,0.0915086,0.0586238,0.1088198,0.062955,0.085996,0.0612112,0.0935468,0.0697814,0.0767576,0.0561202,0.0914084,0.0639346,0.082405,0.0652976,0.0930996,0.056895,0.0914802,0.0657486,0.0923182,0.056692,0.111257,0.0625016,0.0833596,0.0623836,0.0996186,0.062759,0.1036232,0.0608646,0.0922944,0.06164,0.1013134,0.069739,0.1052756,0.062299,0.0830124,0.0609576,0.0898156,0.0591318,0.0993278,0.0632816,0.0815406,0.0565868,0.0910626
0.0549,0.1068458,0.0633164,0.0915532,0.063489,0.0910728,0.0595128,0.0880996,0.067243,0.0901706,0.07016,0.0984096,0.0605914,0.092074,0.0543306,0.0908602,0.0663206,0.093051,0.0600578,0.1090574,0.0634702,0.0877196,0.0618354,0.0951134,0.0706008,0.0798168,0.0573614,0.0941382,0.065221,0.0828568,0.066445,0.0952248,0.058581,0.0946582,0.0673256,0.0939486,0.0583,0.113002,0.0653626,0.0852702,0.0633662,0.1006828,0.0629886,0.1068246,0.0624636,0.0944174,0.0638088,0.1034032,0.0722956,0.106097,0.0627066,0.0847688,0.0621866,0.091343,0.0603884,0.1020458,0.0641772,0.0822218,0.0577226,0.0941008
0.0565024,0.1093596,0.0642554,0.0926158,0.0639088,0.0925206,0.061096,0.089786,0.0678154,0.0917088,0.0708714,0.0976166,0.0624978,0.0938026,0.0559376,0.0918252,0.0684342,0.0942918,0.0600016,0.1112054,0.0646462,0.0886148,0.0630718,0.0960076,0.0723276,0.0804362,0.058403,0.0956438,0.066148,0.083616,0.0676676,0.0960582,0.059198,0.0966044,0.0681236,0.0961886,0.0600926,0.1141642,0.0659618,0.0881666,0.0640372,0.1025512,0.0640796,0.108939,0.063364,0.0963716,0.0657278,0.1046144,0.0731526,0.1088704,0.064434,0.0857662,0.0626352,0.0935562,0.0610452,0.1050478,0.0650614,0.0832634,0.0592214,0.097831
0.0579204,0.1120342,0.0646446,0.0954934,0.0646426,0.0941272,0.0623634,0.09109,0.068752,0.0931562,0.0715594,0.098376,0.0627814,0.0973454,0.0573854,0.0942828,0.0690408,0.0983962,0.0613774,0.1137134,0.0654286,0.0915318,0.0641436,0.0972268,0.0732596,0.0812714,0.0598316,0.0968574,0.0663338,0.084509,0.0685796,0.097915,0.060165,0.0977606,0.068573,0.0975872,0.0606602,0.1169958,0.0674406,0.0895696,0.0655546,0.1038024,0.0651318,0.1103404,0.0639088,0.0974346,0.0664202,0.1066082,0.0733972,0.1100644,0.0650752,0.087522,0.0643618,0.0952518,0.0607084,0.107639,0.0653592,0.0850682,0.0599342,0.1005948
0.057751,0.1151214,0.0651564,0.0975844,0.0660244,0.096218,0.0631892,0.0931376,0.0691648,0.0947538,0.0725264,0.1004628,0.0636378,0.0991692,0.0586174,0.094528,0.0696884,0.0993052,0.0631796,0.1143578,0.0669476,0.0928734,0.065016,0.0973668,0.0741266,0.0816028,0.0607264,0.0978432,0.0668422,0.0844514,0.0702116,0.0994732,0.0610202,0.1001916,0.0694672,0.0982162,0.0613912,0.1187082,0.067922,0.0913304,0.0667976,0.1060162,0.0668568,0.1113564,0.0654896,0.1001736,0.0673184,0.1080064,0.0741384,0.111929,0.0650352,0.0882896,0.064628,0.0959172,0.0610446,0.109631,0.0657622,0.08657,0.0613222,0.1020584
0.0590112,0.1164582,0.0655678,0.0977836,0.0670732,0.0979868,0.0641828,0.0946992,0.0709242,0.0959018,0.0734406,0.101574,0.0644086,0.10036,0.0595122,0.0969562,0.0709138,0.1033858,0.063422,0.1157022,0.0674272,0.0940192,0.0649758,0.097512,0.0754488,0.0809562,0.0629968,0.0994634,0.0674752,0.0859694,0.0708314,0.1005124,0.0619784,0.1019656,0.0702058,0.0982684,0.0631752,0.1179726,0.0685266,0.0931296,0.0678876,0.1069382,0.068026,0.1124296,0.0662272,0.1016654,0.068501,0.1120678,0.0757056,0.1143622,0.0662594,0.0899628,0.0664712,0.096712,0.062138,0.1107776,0.0668804,0.0866728,0.0615084,0.1031764
0.0597106,0.1171194,0.0661814,0.097553,0.0682448,0.0999368,0.0650122,0.0965056,0.0718396,0.0958436,0.0733588,0.1012362,0.0648768,0.1020348,0.0605296,0.098896,0.0709924,0.1032526,0.0635706,0.1147376,0.06698,0.0954424,0.0655792,0.1014596,0.0755682,0.0839738,0.0634584,0.1013246,0.0683962,0.088193,0.0724048,0.103238,0.062732,0.104429,0.0702674,0.0994614,0.0636624,0.1206132,0.0683458,0.095622,0.0691126,0.109134,0.0690892,0.112948,0.0666174,0.1030746,0.0688616,0.1138844,0.075935,0.1136206,0.06725,0.0914866,0.0680626,0.0981682,0.0629684,0.1125486,0.0670076,0.0868774,0.0628658,0.1057064
0.0604734,0.1189016,0.0668394,0.0971618,0.0687488,0.1015448,0.0661758,0.098523,0.072555,0.0976548,0.073472,0.1021676,0.0655964,0.1029324,0.061292,0.1000646,0.0711628,0.1044094,0.0651812,0.1152606,0.068433,0.0971328,0.0660864,0.1021282,0.0757736,0.0850882,0.0646848,0.1028064,0.0688366,0.0878488,0.072695,0.1050632,0.0641592,0.105824,0.0710284,0.10066,0.0640396,0.1235474,0.0689994,0.0974696,0.0697424,0.1114014,0.0690688,0.1144152,0.0683716,0.1043084,0.0698528,0.1191116,0.0776392,0.115079,0.068802,0.0912766,0.0679756,0.1000806,0.0644432,0.1142806,0.0671386,0.0868806,0.0647996,0.109089
0.0608804,0.1215232,0.068196,0.098564,0.0686398,0.104274,0.0665754,0.0985856,0.0739292,0.0986184,0.0737874,0.1021452,0.0660014,0.1032336,0.0629864,0.101834,0.0721918,0.108125,0.0657024,0.115534,0.0690108,0.0981122,0.0675582,0.1051008,0.0766644,0.0878868,0.0650516,0.1041182,0.0691622,0.088998,0.0731068,0.1078634,0.0648618,0.1074434,0.0718836,0.1010792,0.0646674,0.1230664,0.069439,0.0975518,0.0700488,0.1124374,0.0696338,0.1165624,0.0699114,0.1050696,0.0707256,0.1192668,0.0784986,0.1148752,0.069716,0.092763,0.069039,0.1022896,0.0643642,0.1155598,0.0684946,0.0875798,0.065559,0.109271
0.0619324,0.1238112,0.0682462,0.0998722,0.0694458,0.1052206,0.066537,0.0996188,0.0742326,0.1000382,0.0739512,0.1031432,0.0663462,0.1044844,0.063662,0.104255,0.0712518,0.1094558,0.0659078,0.1175742,0.0690448,0.0991234,0.0681762,0.105348,0.0775426,0.0883592,0.0652642,0.1044254,0.0698712,0.0906232,0.0739344,0.1084422,0.064977,0.108514,0.0716158,0.1023724,0.0649672,0.12335,0.070096,0.0981744,0.0708086,0.1131146,0.0700502,0.1169296,0.0699902,0.1048968,0.070857,0.1207818,0.0790744,0.1165312,0.0700134,0.0932022,0.0699708,0.1047932,0.0647888,0.1165814,0.0685768,0.088924,0.065735,0.1104458
0.0622824,0.125639,0.068906,0.0995042,0.0693774,0.1058772,0.0672986,0.1018258,0.0744208,0.1014788,0.0744898,0.1034664,0.0660236,0.1061314,0.0642702,0.1042764,0.0720696,0.1091148,0.0660664,0.1177128,0.0695756,0.099622,0.0685714,0.1068362,0.0774612,0.088546,0.0660338,0.1055542,0.0706826,0.092336,0.0748316,0.1114238,0.0653604,0.1107336,0.0718856,0.1029554,0.0656536,0.1233038,0.0709232,0.1012718,0.071307,0.1138146,0.0702068,0.1193296,0.0709896,0.10598,0.0719248,0.1211518,0.0783972,0.1183802,0.0705832,0.0948176,0.070284,0.1062524,0.0654674,0.1160624,0.0689934,0.0901002,0.066211,0.111244
0.0635114,0.1253318,0.0695448,0.1009,0.0690984,0.1081504,0.0684186,0.1026484,0.0753686,0.1024244,0.0735588,0.103737,0.0658374,0.107364,0.0656318,0.1064108,0.0715296,0.110061,0.0678646,0.119289,0.0691746,0.100755,0.0694048,0.1075734,0.0776868,0.0898424,0.0674214,0.1065306,0.071862,0.092696,0.0762244,0.1115828,0.0663104,0.1106244,0.0725982,0.1033608,0.0665986,0.1255544,0.0708662,0.1039696,0.0717938,0.1149012,0.0704598,0.1200024,0.0722112,0.1058628,0.0731796,0.1229588,0.0781178,0.1182688,0.0716012,0.0955004,0.070271,0.1061174,0.0658752,0.1179326,0.0689018,0.0911072,0.0659882,0.1124182
0.0640446,0.1264286,0.06918,0.1024068,0.0696524,0.1084102,0.0685402,0.1026148,0.0750226,0.1041704,0.0745532,0.1045832,0.0660878,0.1080108,0.066565,0.1063634,0.0722556,0.1113588,0.0680898,0.1194606,0.0702344,0.1016578,0.0702782,0.1083732,0.0787632,0.0929508,0.0679654,0.1079514,0.0724366,0.0922486,0.0760696,0.1129992,0.0662934,0.1115366,0.0728278,0.10314,0.0660326,0.1259836,0.0701674,0.105245,0.0730402,0.1147036,0.0713942,0.120791,0.0727554,0.1055386,0.0737854,0.125424,0.0788248,0.1181526,0.0728028,0.096729,0.0711194,0.1057394,0.067138,0.1194248,0.0688892,0.0918566,0.0676764,0.114282
0.064093,0.1277064,0.0696826,0.102997,0.0702124,0.1092274,0.0687148,0.1036648,0.075318,0.103611,0.0751166,0.1055002,0.0665528,0.1098928,0.0681618,0.1091676,0.0730406,0.1108068,0.0680324,0.1205062,0.0698684,0.1033366,0.0708972,0.1107582,0.0799098,0.0947358,0.068225,0.1080548,0.0728812,0.0942314,0.0759866,0.1138206,0.0658422,0.1126932,0.073384,0.1034734,0.0670168,0.1272358,0.0698754,0.1067152,0.0733174,0.1165686,0.071784,0.1237976,0.0730484,0.1057346,0.0743796,0.1270708,0.0793486,0.118143,0.0726914,0.0972866,0.0708382,0.1079394,0.0664856,0.12094,0.0698412,0.0920768,0.0683356,0.1146134
0.0649406,0.129381,0.0702872,0.1054098,0.0702422,0.1113674,0.0689972,0.1057204,0.075164,0.1039336,0.0750348,0.1066982,0.0672556,0.1108078,0.0676158,0.1096754,0.0740652,0.1119884,0.0686796,0.120621,0.0706054,0.1046236,0.0711186,0.1121602,0.0794298,0.0967488,0.0690996,0.1083946,0.073954,0.0952504,0.0762728,0.1133476,0.0656742,0.1132918,0.0732118,0.1052762,0.066962,0.126821,0.0705304,0.1077604,0.073816,0.1183904,0.073,0.1231708,0.073449,0.1060626,0.0754706,0.1280816,0.0798102,0.1173982,0.0740696,0.0977202,0.0703122,0.1089154,0.0666842,0.122059,0.07134,0.0946708,0.0685374,0.1145622
0.0652838,0.1288126,0.0708934,0.1062306,0.0713668,0.112276,0.0696904,0.1060526,0.0753628,0.1047648,0.076726,0.1055184,0.0683726,0.1135162,0.0671126,0.1104562,0.0740504,0.1117302,0.06922,0.1222748,0.0705382,0.105952,0.0704014,0.1126966,0.0790992,0.098193,0.0684678,0.1089084,0.0741144,0.0953222,0.0764344,0.1134118,0.0660714,0.1134232,0.074146,0.1052724,0.0683634,0.128303,0.071355,0.108338,0.0736618,0.1196818,0.0733432,0.1240778,0.073995,0.1067632,0.074693,0.1293476,0.079838,0.1166672,0.0745096,0.1005452,0.0711136,0.1092696,0.0666178,0.1237274,0.0719468,0.0951518,0.0682634,0.1143136
0.0655688,0.1291056,0.0702194,0.108262,0.0718096,0.113348,0.0695184,0.1056896,0.0761886,0.1070166,0.0769176,0.1043682,0.0686444,0.114201,0.0673478,0.110798,0.073875,0.1128626,0.0699582,0.121681,0.0709508,0.1074646,0.0707748,0.1135344,0.079045,0.0992168,0.069236,0.1110616,0.0744308,0.0955254,0.0763666,0.1145526,0.0664042,0.114453,0.0740916,0.1059766,0.0682284,0.1295524,0.0717544,0.1078232,0.0746262,0.1211432,0.0744218,0.125602,0.074077,0.1077728,0.0754016,0.1272882,0.080269,0.1170486,0.0748638,0.1004696,0.0708228,0.110736,0.0676592,0.1240034,0.0722468,0.096405,0.0692666,0.115854
0.0653868,0.1290488,0.0704914,0.1101388,0.07184,0.113325,0.069408,0.10486,0.0756482,0.106465,0.0759248,0.1045336,0.068572,0.1151448,0.0684874,0.110436,0.0739394,0.1128764,0.0697714,0.1221114,0.0719442,0.1073832,0.070755,0.115276,0.0783202,0.1000102,0.0691944,0.111312,0.0753542,0.0970082,0.0764426,0.1157128,0.0671428,0.1153048,0.0743974,0.1057692,0.0689688,0.1303586,0.0724108,0.109101,0.075263,0.1224732,0.0743234,0.1271666,0.0745886,0.1093304,0.0757654,0.1275596,0.0814796,0.1172288,0.075316,0.1006254,0.0715456,0.1117966,0.0686498,0.125085,0.0725846,0.0960312,0.0699938,0.1159686
0.0653532,0.130597,0.0710294,0.1092096,0.0712586,0.1151114,0.0688718,0.1053342,0.0761116,0.1069332,0.0760728,0.1042934,0.069113,0.1151868,0.0691998,0.113169,0.0732526,0.1137122,0.07032,0.1222636,0.0725774,0.1075506,0.0711446,0.1176718,0.0770914,0.0997824,0.0691864,0.1123946,0.0751098,0.0981802,0.0762176,0.1161616,0.0673154,0.1157734,0.074374,0.1056194,0.0683406,0.1309324,0.072056,0.1088048,0.0762214,0.1229882,0.0740336,0.1269884,0.074884,0.111009,0.0758224,0.1293688,0.0817552,0.1177356,0.0745284,0.1026736,0.072469,0.1128228,0.068545,0.1260694,0.072785,0.0964276,0.0710088,0.1164406
0.0658206,0.1314082,0.071385,0.109458,0.0720004,0.1165526,0.069041,0.1062054,0.0766262,0.1072042,0.0759526,0.1046006,0.0693054,0.1165116,0.0689636,0.1154162,0.0731872,0.114478,0.0708252,0.1234032,0.0725612,0.1101886,0.0722196,0.1182856,0.0775148,0.1022954,0.0694596,0.1123464,0.0752622,0.0991714,0.075421,0.116266,0.0678122,0.116974,0.07503,0.107037,0.0699504,0.1319488,0.072361,0.1092978,0.0761698,0.1227296,0.0736448,0.1269388,0.0750262,0.1119618,0.0765708,0.1290636,0.0821588,0.1198958,0.0745532,0.1036776,0.0720874,0.113822,0.068759,0.1253742,0.0731808,0.097124,0.071484,0.1169494
0.066143,0.1321532,0.0719214,0.1100092,0.0715974,0.1175976,0.0690588,0.1084762,0.0765618,0.1064188,0.075561,0.1055706,0.0691938,0.1194288,0.068891,0.1169158,0.072616,0.1134836,0.0716716,0.1230712,0.0730378,0.1109678,0.0721842,0.1209566,0.0776352,0.1027462,0.0696708,0.1127806,0.0755248,0.1001916,0.0755914,0.116138,0.068536,0.1181878,0.0743562,0.1076848,0.0701612,0.1314894,0.0732968,0.11087,0.0764136,0.1226474,0.0743884,0.1256236,0.0758416,0.1131492,0.0771912,0.1294598,0.0818956,0.1187648,0.074777,0.1043106,0.0735684,0.1145676,0.068931,0.1264828,0.0726504,0.0965014,0.0718412,0.1192932
0.0663254,0.1331602,0.0727884,0.1128414,0.0721534,0.1175566,0.06924,0.108143,0.076454,0.1073516,0.0756262,0.1078256,0.0687818,0.1194804,0.0687948,0.1164938,0.072584,0.1140116,0.0720182,0.1245936,0.0728892,0.109919,0.071935,0.120989,0.078215,0.1031592,0.0707024,0.1138468,0.0755456,0.1006064,0.0762414,0.11712,0.0692664,0.118706,0.0741954,0.1091882,0.0703684,0.1320852,0.0738968,0.1112714,0.076097,0.1243642,0.0741866,0.1238152,0.0769836,0.1140104,0.0768722,0.131405,0.0817822,0.1174662,0.0755268,0.1055394,0.0744404,0.114648,0.0685628,0.1286808,0.0726996,0.0976734,0.0721736,0.1210638
0.06671,0.1331652,0.0732982,0.1137212,0.0728878,0.1181922,0.070357,0.1080666,0.0764618,0.107424,0.0758512,0.1065876,0.0696226,0.1193938,0.0692348,0.1167494,0.0721792,0.1150474,0.0727658,0.124982,0.0734918,0.1103958,0.0728482,0.12156,0.0792624,0.1032456,0.0704676,0.1150036,0.0759482,0.1004756,0.0766196,0.1180608,0.069495,0.1201506,0.0742406,0.1096492,0.0701974,0.1340082,0.073584,0.111764,0.0761054,0.1246108,0.0736674,0.1254486,0.0771788,0.113945,0.0765292,0.1322638,0.0806024,0.1169142,0.074981,0.1064824,0.0740808,0.1142246,0.0690864,0.1272732,0.0731048,0.098502,0.0721214,0.1238768
0.0672658,0.1338178,0.0730366,0.1146282,0.0726074,0.1194212,0.069754,0.1084312,0.0769286,0.1076038,0.0759502,0.1066164,0.0695494,0.1202448,0.069459,0.116873,0.0712282,0.1143324,0.0725192,0.1241274,0.0725218,0.1111016,0.0733858,0.1211832,0.0792322,0.1043266,0.0700036,0.1168192,0.0769708,0.1010628,0.0774844,0.1181112,0.068852,0.1207702,0.0749462,0.1103224,0.0696828,0.1341082,0.073375,0.1115,0.0768234,0.1249202,0.073969,0.1251716,0.0766774,0.1145522,0.0770592,0.1316282,0.0804328,0.1165618,0.0742436,0.1073386,0.074395,0.1141608,0.069895,0.126685,0.0733968,0.097853,0.0721766,0.123727
0.0676646,0.1337902,0.0722412,0.1156254,0.0727026,0.1200486,0.070072,0.1089432,0.0766828,0.1097852,0.0768396,0.1069906,0.0695032,0.1203724,0.0707484,0.1168524,0.071218,0.1150614,0.07234,0.1230674,0.0721024,0.1110404,0.0742724,0.1226332,0.0793252,0.1026228,0.0707976,0.1180012,0.0779396,0.1012524,0.0788186,0.116907,0.0687962,0.1207438,0.0750032,0.1098584,0.068885,0.1348792,0.0740078,0.111202,0.077387,0.1251208,0.0733016,0.1249366,0.076927,0.1147362,0.07644,0.131422,0.0794764,0.1180596,0.074594,0.1066462,0.0738946,0.1136608,0.070144,0.127485,0.0737446,0.0999172,0.0720614,0.1231496
0.068001,0.1344894,0.073137,0.1140124,0.072647,0.119309,0.0697604,0.109019,0.0769748,0.1117,0.0788026,0.1080414,0.0697698,0.1205444,0.0701572,0.1163408,0.0722876,0.1136138,0.0725934,0.1232382,0.0718152,0.1113006,0.074771,0.1217438,0.0791476,0.1020142,0.070319,0.118311,0.0780054,0.1014608,0.0788918,0.1172008,0.068704,0.120892,0.0747406,0.108835,0.0694588,0.1338282,0.074018,0.110746,0.0777282,0.1254816,0.072628,0.126816,0.0776484,0.1153288,0.0763976,0.1308692,0.0801358,0.1180268,0.0743728,0.1073254,0.074244,0.1139718,0.0713336,0.1267574,0.0741218,0.0999092,0.0723982,0.1239382
0.0678596,0.1373862,0.0725062,0.1154408,0.0721782,0.1204486,0.0701124,0.1093608,0.0765942,0.1127376,0.0781584,0.107065,0.0704514,0.1196106,0.0711988,0.1180468,0.0727058,0.1152064,0.0723344,0.1234598,0.0737334,0.1127258,0.0742038,0.1228914,0.0791442,0.102899,0.0706912,0.1168372,0.078023,0.1015146,0.0787084,0.1167932,0.0689244,0.1216992,0.0759114,0.109883,0.0712044,0.1327068,0.0751874,0.112681,0.0776544,0.1243222,0.073256,0.1269346,0.0779272,0.1144664,0.0767674,0.1302758,0.0795068,0.1181736,0.0738928,0.1091238,0.0751278,0.1133334,0.0706194,0.129238,0.0735268,0.1011948,0.0727828,0.1249044
0.0678316,0.1380614,0.07283,0.1168786,0.0724342,0.1206972,0.0706848,0.1106596,0.077152,0.1129222,0.078512,0.1060602,0.0706486,0.1195628,0.0717734,0.1189666,0.0734974,0.1144532,0.0723564,0.1239672,0.0740924,0.1120224,0.0748268,0.1236722,0.0789426,0.1018598,0.071273,0.1160574,0.0777656,0.1018822,0.0783632,0.1175762,0.0675622,0.1213268,0.0763542,0.1103668,0.0709796,0.1317402,0.0754428,0.1120898,0.0789224,0.1240088,0.0727536,0.1258108,0.078168,0.114722,0.076889,0.1303898,0.0798104,0.1160208,0.073962,0.1094732,0.0748204,0.1152666,0.0708346,0.1287244,0.0735198,0.1016588,0.0730894,0.1258356
0.0688448,0.1375468,0.0725062,0.1165982,0.0719562,0.1209736,0.071037,0.1105742,0.0769972,0.1133894,0.077824,0.106711,0.070112,0.1196182,0.0715986,0.1185828,0.0741934,0.115956,0.0726042,0.1242622,0.0744672,0.1114472,0.0750164,0.123519,0.0788852,0.1016044,0.0713666,0.1161146,0.0778618,0.1029822,0.0782816,0.119279,0.067992,0.1231714,0.0765646,0.1108806,0.071823,0.1313214,0.0748454,0.1119014,0.0790372,0.1240236,0.0728676,0.1249202,0.0786986,0.1158522,0.0769316,0.1299722,0.0802624,0.1168888,0.0739336,0.108662,0.075094,0.1155836,0.0704426,0.1286838,0.0736476,0.1002474,0.072524,0.1262044
0.069521,0.137939,0.0726274,0.1167222,0.0723646,0.1214176,0.0709074,0.1116796,0.0773582,0.113731,0.078284,0.1067578,0.0703484,0.1198424,0.071605,0.1181588,0.0742698,0.1174426,0.0721128,0.1233788,0.074297,0.110571,0.0755478,0.1233862,0.079064,0.1023376,0.0717408,0.116263,0.0784654,0.102616,0.0782234,0.1200444,0.067421,0.1241978,0.0762122,0.1111916,0.0716386,0.1321912,0.0745546,0.1125762,0.0782454,0.1245234,0.0735328,0.1239128,0.0789118,0.114829,0.0768996,0.1297024,0.080144,0.1171944,0.0745982,0.1082548,0.0752882,0.115766,0.0716096,0.1278932,0.0730006,0.1022344,0.0731974,0.126642
0.0689068,0.1373352,0.0737356,0.1178434,0.0723352,0.1206184,0.0714444,0.1113262,0.0776686,0.1134094,0.0783044,0.105676,0.0710168,0.1197766,0.0721972,0.1180468,0.0738786,0.1180788,0.0728814,0.1240106,0.0742416,0.111009,0.0762426,0.1245104,0.079073,0.1022418,0.0719876,0.1170388,0.0795114,0.1028742,0.078831,0.1205456,0.0681054,0.1262486,0.0763518,0.1113838,0.071566,0.1320842,0.0743812,0.1125916,0.0778874,0.124287,0.073989,0.123627,0.0788848,0.1147378,0.0772682,0.1291228,0.0806838,0.1161132,0.0741228,0.1103892,0.0749108,0.1148252,0.0721966,0.1277384,0.0726408,0.1021956,0.072741,0.1273852
0.0701458,0.1374422,0.073359,0.117734,0.0717068,0.1203176,0.0716122,0.1118152,0.0782992,0.112952,0.0786172,0.1055158,0.0707264,0.1202202,0.0723754,0.1177352,0.0748404,0.1191754,0.0723692,0.1231358,0.0743032,0.1120266,0.0768636,0.1250004,0.0792988,0.1028408,0.0717108,0.1164138,0.0791514,0.1033246,0.078977,0.119845,0.0684474,0.1261488,0.0757376,0.1116278,0.0719662,0.132169,0.0738472,0.1132302,0.0777028,0.122781,0.0742482,0.1249024,0.078023,0.1152588,0.0774302,0.1294624,0.0805288,0.1161552,0.0743854,0.1110034,0.076077,0.1147034,0.072848,0.1275014,0.073165,0.1022258,0.0729666,0.1276202
0.0699574,0.137575,0.0742364,0.118642,0.0722516,0.1202058,0.0721374,0.1129036,0.0794428,0.1125038,0.0776346,0.1052896,0.0712132,0.1200662,0.0729936,0.1186912,0.0764298,0.119356,0.0733688,0.123767,0.0735762,0.1113442,0.07667,0.125094,0.0789162,0.1037028,0.072221,0.1156814,0.080418,0.1032406,0.0787878,0.1212386,0.0682558,0.1253594,0.0762836,0.1125516,0.0718958,0.1317314,0.0731934,0.1130826,0.07684,0.1219636,0.0744804,0.1252526,0.0772204,0.115258,0.0781882,0.1283228,0.0807228,0.1166506,0.0738714,0.1114314,0.075969,0.11554,0.0726294,0.1293188,0.0742736,0.1023318,0.0734988,0.1286704
0.0697302,0.1373494,0.0744382,0.1182746,0.0724328,0.1210344,0.0721366,0.1117994,0.0788658,0.1126114,0.0771108,0.105874,0.071635,0.1204578,0.0728,0.1179904,0.0753338,0.1193538,0.0736656,0.1234922,0.0735618,0.1127326,0.077345,0.124417,0.0790302,0.10509,0.0719222,0.1152128,0.081877,0.1038612,0.0787254,0.1204554,0.0684268,0.1254994,0.0751316,0.113211,0.0719538,0.1306184,0.0748108,0.1143384,0.0772724,0.1214264,0.0744824,0.1256298,0.0777192,0.1152416,0.077889,0.1276188,0.0807694,0.116114,0.0743556,0.1106748,0.0746766,0.1158746,0.0724734,0.1266896,0.074192,0.102393,0.0735724,0.129489
0.06983,0.1371388,0.0744008,0.1179772,0.0729456,0.1203824,0.0725158,0.1124652,0.0779516,0.1127486,0.0778172,0.1067942,0.0726508,0.1204556,0.0716266,0.1171202,0.0754882,0.1185164,0.0736952,0.1255508,0.0733038,0.1134326,0.078647,0.12411,0.0793332,0.1058506,0.0724664,0.116915,0.081278,0.1036758,0.079266,0.1199772,0.068726,0.125109,0.0755594,0.113844,0.0722494,0.1298886,0.075081,0.1128884,0.0776542,0.1204586,0.0737078,0.12462,0.0788286,0.1146674,0.0768464,0.1282416,0.08072,0.1164988,0.0743642,0.1110916,0.075258,0.11653,0.0721118,0.12689,0.0741398,0.102655,0.0736636,0.1304578
0.0700572,0.1363046,0.074213,0.1186826,0.072637,0.1193414,0.0728764,0.1125502,0.0786076,0.1124024,0.077996,0.106703,0.072196,0.1206934,0.0716954,0.1167862,0.075094,0.1191436,0.0743846,0.1256946,0.0723104,0.1146784,0.0786468,0.1240014,0.0787122,0.1062264,0.0717882,0.1180888,0.081241,0.1039726,0.0795472,0.1212644,0.0692638,0.124204,0.0746036,0.1136644,0.0724346,0.130476,0.0746762,0.1109978,0.077029,0.121394,0.0740598,0.1235698,0.0783408,0.1154308,0.0781198,0.1279138,0.0798742,0.1171966,0.0738474,0.1113192,0.0750114,0.1160168,0.0715334,0.1260034,0.0736178,0.1026712,0.074019,0.1292732
0.0698994,0.1353042,0.0743054,0.118043,0.0725828,0.1200882,0.072675,0.1114124,0.078305,0.1133094,0.0772032,0.1075922,0.0717552,0.119395,0.0718818,0.117236,0.0756672,0.1186912,0.0738564,0.1246838,0.0711742,0.1153098,0.0782448,0.1234844,0.07832,0.1080472,0.0716708,0.1168582,0.0810468,0.102751,0.079881,0.1203776,0.0696032,0.1243648,0.0733372,0.1137186,0.0724794,0.12932,0.0754764,0.1121658,0.076984,0.1220694,0.0737502,0.1236672,0.0781996,0.1152676,0.0782302,0.1270596,0.0802584,0.1170532,0.072981,0.1108594,0.0757154,0.1154612,0.0724494,0.1255574,0.0737728,0.1029768,0.0737252,0.1279396
0.0692514,0.1362246,0.0744858,0.1180572,0.0724902,0.1205904,0.0731098,0.1114122,0.0771284,0.1142006,0.0765274,0.1080138,0.0717668,0.1185694,0.0716904,0.11782,0.074856,0.1184238,0.0732384,0.1243566,0.0706514,0.11538,0.0779888,0.1236692,0.0796546,0.1081318,0.071037,0.1163548,0.0812092,0.1029616,0.0796668,0.1185294,0.0692128,0.1238042,0.0731478,0.114562,0.0722324,0.1300114,0.0752916,0.112807,0.0771072,0.1227086,0.0739072,0.1246196,0.0778084,0.1153682,0.078155,0.1283632,0.079742,0.1167776,0.0729558,0.1100324,0.0755298,0.11594,0.072163,0.1248868,0.0735236,0.1045816,0.074383,0.128205
0.068761,0.1365702,0.0745962,0.1175444,0.0719272,0.1203824,0.0733154,0.1109134,0.076972,0.1138074,0.0760904,0.1094842,0.0716894,0.1203702,0.0720694,0.1182708,0.0746626,0.1192776,0.0729242,0.1231928,0.0711748,0.1168808,0.0779818,0.1244036,0.0800212,0.107886,0.0708932,0.1147228,0.0807838,0.1023666,0.0793388,0.1194518,0.069597,0.12447,0.073782,0.1132834,0.07229,0.1292476,0.0751652,0.1127076,0.0769814,0.1228216,0.0737024,0.1240396,0.0780158,0.115125,0.0773208,0.1295422,0.0797194,0.1165906,0.0735992,0.1110872,0.0757934,0.1168982,0.0718354,0.12604,0.0740238,0.1035112,0.07441,0.1294816
0.0690586,0.1365614,0.0744442,0.1185064,0.071169,0.1200528,0.0729062,0.1120346,0.0773432,0.1129668,0.0768378,0.1084638,0.0714358,0.1216622,0.0720538,0.1182424,0.0755878,0.1187936,0.073456,0.1230602,0.0725908,0.1151024,0.0785644,0.1253924,0.0800196,0.108436,0.0705698,0.1148448,0.0808768,0.102496,0.0792172,0.1189668,0.0694366,0.123964,0.0746634,0.1134384,0.071832,0.128436,0.0754284,0.1122158,0.076733,0.1228622,0.073101,0.1233084,0.0780386,0.1150482,0.0779846,0.1296554,0.0798032,0.1159822,0.072895,0.1110392,0.0755122,0.118003,0.0718604,0.1260616,0.0738864,0.1035834,0.07426,0.1308586
0.0688132,0.1370448,0.0739936,0.117441,0.0719922,0.1190774,0.074443,0.1114102,0.0776084,0.1128444,0.077041,0.108935,0.071744,0.1222132,0.0719878,0.1180034,0.0752236,0.117157,0.0733416,0.122857,0.0725306,0.1155342,0.0783432,0.125218,0.079143,0.110498,0.0701422,0.1162972,0.079916,0.1021282,0.0791782,0.1199974,0.0695414,0.123607,0.075268,0.1129872,0.0724918,0.128999,0.07537,0.1132332,0.0762124,0.123073,0.0724976,0.122314,0.0784814,0.1148322,0.0779618,0.130175,0.0788102,0.1167908,0.0740366,0.111213,0.0752858,0.1177454,0.0719442,0.1226712,0.0741078,0.1031898,0.0740288,0.1305588
0.0688852,0.1364734,0.0736798,0.1185864,0.0722024,0.119502,0.0741224,0.1117608,0.0779458,0.1127064,0.0781252,0.1086426,0.0718318,0.1223476,0.0711566,0.1191458,0.076121,0.1175756,0.0729092,0.1224204,0.073265,0.1166726,0.07894,0.1252868,0.0783564,0.1104142,0.0703534,0.1166668,0.080366,0.1026476,0.0791222,0.1196948,0.0695234,0.124094,0.0745476,0.1124126,0.0727782,0.1295528,0.0754198,0.1129844,0.075157,0.123365,0.0717954,0.1218824,0.0788752,0.1149478,0.0777176,0.1291794,0.0780224,0.1172268,0.0744142,0.1114424,0.075045,0.1177644,0.0714224,0.121616,0.0747462,0.1045486,0.073884,0.129991
0.068831,0.136457,0.073834,0.1185308,0.0722062,0.1188666,0.0736084,0.1104146,0.077123,0.1128086,0.0782772,0.1076184,0.0714296,0.12292,0.071456,0.1197016,0.0759988,0.117604,0.0726644,0.1223842,0.0735666,0.1152476,0.080128,0.1242696,0.07835,0.1099316,0.07011,0.1162114,0.0808306,0.1027334,0.0792046,0.120438,0.06954,0.1232244,0.075732,0.1129902,0.072321,0.1296552,0.075798,0.1146582,0.0746734,0.1233826,0.0721174,0.1219178,0.0785298,0.1163474,0.0770602,0.1281916,0.0775476,0.116684,0.0758056,0.1117736,0.0747838,0.1168986,0.0718664,0.1205876,0.0752552,0.1047358,0.0733082,0.1292584
0.069107,0.1363644,0.0733646,0.117667,0.0720872,0.1187452,0.0726044,0.109621,0.076404,0.112665,0.0789268,0.106694,0.0719848,0.122121,0.071087,0.1191028,0.0763726,0.1190724,0.072153,0.1234274,0.0743722,0.114845,0.080907,0.1247752,0.0781826,0.11065,0.070212,0.1149982,0.0802008,0.101995,0.079708,0.121955,0.0700922,0.1228704,0.0754022,0.1138286,0.071407,0.1314724,0.0746624,0.1155532,0.0745768,0.1240674,0.0720878,0.1214032,0.0787194,0.1167054,0.076726,0.12891,0.077422,0.1166996,0.0753558,0.110896,0.0746502,0.1174094,0.072384,0.1218998,0.0749158,0.104502,0.0727624,0.1289684
0.0698,0.13615,0.0730294,0.118007,0.0720644,0.119641,0.0726792,0.110345,0.0762988,0.1120334,0.0789588,0.1075722,0.0717702,0.121177,0.071506,0.1196518,0.0755658,0.1179456,0.07156,0.1223084,0.0743692,0.115342,0.0812144,0.1239322,0.0785186,0.1103082,0.0705886,0.1148072,0.0811998,0.102757,0.0805806,0.12103,0.0694678,0.1218286,0.0752678,0.1151288,0.0720012,0.1314686,0.074844,0.1156392,0.0744802,0.125216,0.0729044,0.1219508,0.078007,0.1171404,0.077112,0.1276776,0.0774154,0.1176818,0.0751698,0.1106028,0.0742886,0.1170944,0.0719638,0.1218248,0.0756522,0.1045962,0.0723864,0.1291122
0.0691992,0.1356778,0.0731886,0.117397,0.0714878,0.1189508,0.073022,0.1100448,0.0769406,0.1110606,0.0785176,0.1060068,0.072296,0.1204288,0.0719198,0.1169188,0.0751586,0.1182772,0.0719162,0.1232708,0.0739954,0.1149446,0.080505,0.1240826,0.0786758,0.1105278,0.070671,0.1156848,0.0815916,0.1023022,0.0803094,0.1203252,0.0692648,0.1231778,0.0757632,0.114955,0.072489,0.1316672,0.0747268,0.1155306,0.0751412,0.124189,0.073031,0.121924,0.07824,0.1164972,0.0774466,0.1275524,0.0770774,0.117028,0.0750828,0.1094902,0.0741816,0.1159456,0.0729394,0.1212988,0.0759078,0.1054422,0.073031,0.128832
0.069375,0.1353428,0.0724762,0.1176372,0.0708714,0.120566,0.0730236,0.110346,0.0768928,0.1118254,0.077779,0.1065002,0.0730072,0.1200504,0.0714078,0.11649,0.0752268,0.1182912,0.0724624,0.1223386,0.0744818,0.1158736,0.0808154,0.1244082,0.078377,0.1106958,0.070116,0.1164146,0.0821994,0.1032728,0.0799884,0.1193606,0.0696378,0.1230326,0.0749798,0.114944,0.0730494,0.132321,0.0757134,0.1158568,0.074623,0.1245148,0.072755,0.121615,0.0784998,0.1168028,0.0776094,0.1276376,0.0779142,0.1154904,0.075313,0.109754,0.0745056,0.117438,0.07196,0.1218628,0.0751682,0.104968,0.0731008,0.129221
0.0695364,0.1362132,0.0721828,0.118671,0.070012,0.119742,0.0725044,0.1105682,0.0767454,0.111058,0.0777458,0.1068736,0.0727216,0.1197378,0.071258,0.1145764,0.075159,0.1171408,0.0725062,0.1220422,0.0744954,0.1155062,0.0794726,0.1237248,0.0782334,0.1102176,0.0722932,0.115029,0.0823542,0.102603,0.0801692,0.1188956,0.0694642,0.1227074,0.0746186,0.1150654,0.0728272,0.1312678,0.076092,0.1144926,0.0746846,0.1244122,0.0728532,0.1210926,0.078072,0.1170256,0.0772648,0.1271248,0.0788882,0.1155286,0.0748464,0.1098384,0.0747968,0.1174544,0.0712298,0.1214784,0.07486,0.1064496,0.0739214,0.1299046
0.069203,0.1366194,0.0718826,0.1189862,0.070312,0.1188982,0.072729,0.1113886,0.0771672,0.110704,0.0775104,0.1061266,0.0726418,0.1200906,0.0710292,0.1152,0.0755366,0.1161082,0.07193,0.1223536,0.0748822,0.1155718,0.079937,0.1235168,0.0784938,0.1093266,0.0721804,0.1147882,0.0823902,0.1036698,0.0802698,0.1184916,0.0696908,0.1229742,0.0750594,0.116004,0.0727546,0.1298298,0.0758606,0.114337,0.0749054,0.1234694,0.0732364,0.1208036,0.0784402,0.1167118,0.0779098,0.127083,0.0786924,0.1147778,0.0745934,0.1092378,0.074256,0.1172028,0.072491,0.1199742,0.0747526,0.1055524,0.0744792,0.1289274
0.0694664,0.1355428,0.0716662,0.1194054,0.0710106,0.1202058,0.0731782,0.1108596,0.0778016,0.108887,0.0762328,0.1063506,0.0725868,0.120354,0.0715262,0.1153496,0.075592,0.115743,0.0714948,0.1229842,0.0745696,0.1154758,0.0798182,0.1251062,0.077706,0.1101992,0.072085,0.1158114,0.0822076,0.1021674,0.0798494,0.1186616,0.0698604,0.1237482,0.0751616,0.1163222,0.072869,0.130122,0.0748726,0.1148998,0.0744728,0.122659,0.0732028,0.1214982,0.0792176,0.1150122,0.0777398,0.1272746,0.079728,0.1150788,0.0736278,0.1101626,0.0745844,0.1162636,0.0726608,0.1198202,0.0756406,0.106236,0.0739368,0.1299108
0.0691572,0.1343436,0.0716896,0.1182408,0.0717802,0.120634,0.0742176,0.1120092,0.078191,0.1097806,0.0752548,0.1071674,0.071578,0.1211184,0.071691,0.1170916,0.0757434,0.1144344,0.0714948,0.1235792,0.0749112,0.1160616,0.0803954,0.1252262,0.0771398,0.109503,0.0735404,0.1159852,0.082139,0.1018344,0.0797312,0.1199912,0.0695218,0.1242602,0.073955,0.11534,0.0726918,0.1300152,0.0748992,0.1133082,0.0747188,0.122765,0.0729414,0.1201972,0.0790186,0.1146674,0.0776696,0.1276678,0.0788986,0.1152606,0.0743078,0.1094528,0.0735134,0.1153388,0.0728912,0.119996,0.0752026,0.1053064,0.0744904,0.129855
0.069184,0.133252,0.0727974,0.117335,0.0711394,0.1212778,0.0749376,0.1120866,0.0781382,0.1096392,0.0755166,0.1064354,0.0715986,0.1213314,0.0715978,0.116306,0.076344,0.1157088,0.0722816,0.1240362,0.0745628,0.1169736,0.0811048,0.123932,0.0771678,0.1086848,0.0741068,0.1166642,0.0825392,0.1014586,0.0790418,0.1207164,0.0693122,0.1229534,0.075026,0.1143668,0.0726198,0.1291706,0.073636,0.1126738,0.0749116,0.121902,0.0732056,0.1212002,0.0787406,0.1145102,0.0772736,0.1275126,0.0785024,0.115163,0.074787,0.110434,0.0727864,0.1148466,0.0732244,0.120092,0.0749776,0.1058602,0.0752112,0.1305104
0.0691986,0.1328842,0.0727502,0.1178858,0.0710304,0.1208642,0.0748954,0.1115864,0.07728,0.1087964,0.0738092,0.1064242,0.0711012,0.1206768,0.071672,0.1160894,0.0757526,0.1153942,0.0721592,0.123806,0.074167,0.1170634,0.0804054,0.1245626,0.0775352,0.1080594,0.0752806,0.11698,0.0825098,0.1015778,0.078428,0.1200228,0.0683236,0.1233588,0.075214,0.1139034,0.071835,0.1287556,0.0737514,0.113652,0.0750418,0.1227542,0.074155,0.120666,0.0781976,0.1135958,0.0766878,0.1249386,0.0780702,0.1157594,0.0742054,0.1116552,0.0729278,0.1157954,0.073759,0.1191848,0.0757814,0.1060408,0.075952,0.1289224
0.0691416,0.1324472,0.0735066,0.1186488,0.0702464,0.1202194,0.0759058,0.111856,0.0759904,0.1088818,0.073995,0.1059518,0.0712768,0.1200826,0.0710258,0.1157562,0.0759952,0.1148116,0.0720068,0.1230028,0.074365,0.1160232,0.0801382,0.1256002,0.0780208,0.1073368,0.0752294,0.1177872,0.0830608,0.1008122,0.0776546,0.1195014,0.070062,0.1240196,0.0744116,0.1129678,0.072592,0.1282214,0.0733252,0.112888,0.074675,0.1230402,0.0734736,0.1212004,0.0775338,0.1126876,0.0763444,0.124306,0.0770812,0.1162816,0.0742344,0.1115982,0.072342,0.1173566,0.0731976,0.120933,0.0759344,0.1057724,0.076065,0.1291214
0.0697694,0.1315414,0.0725224,0.1171358,0.0700922,0.1187972,0.0759714,0.1104766,0.076303,0.1085368,0.0739312,0.1060346,0.0719826,0.1203408,0.0713736,0.1147894,0.0762958,0.1147678,0.0714192,0.124393,0.074723,0.1147754,0.0799626,0.1258276,0.07709,0.1077584,0.0745942,0.1195304,0.0835932,0.1016242,0.0772482,0.119358,0.07091,0.1237128,0.0751098,0.1135448,0.0740224,0.1289218,0.0733444,0.1128422,0.0742166,0.1229228,0.0735456,0.120324,0.0771048,0.1127166,0.0764688,0.123595,0.0783286,0.1164804,0.074384,0.112113,0.0723018,0.116993,0.0731146,0.1207346,0.0756428,0.1051766,0.076684,0.1280066
0.0706452,0.130468,0.0719586,0.1159752,0.069876,0.1187294,0.0762936,0.1090158,0.0769188,0.1082486,0.0737902,0.1057692,0.0720118,0.1192648,0.0714898,0.114944,0.0772492,0.116776,0.0716552,0.1244486,0.0751482,0.1148776,0.0800168,0.1250532,0.0768868,0.1065232,0.0754622,0.118077,0.0836324,0.1020954,0.0778614,0.1198266,0.0705968,0.124133,0.0736218,0.1133294,0.0732832,0.1280122,0.0726046,0.1136728,0.074149,0.121232,0.0733804,0.1201112,0.0764522,0.1117816,0.0771182,0.125646,0.078435,0.1157178,0.0741978,0.1104662,0.0726268,0.1173722,0.0732072,0.1202046,0.0752796,0.105026,0.0774106,0.1275912
0.0701944,0.129208,0.0724042,0.1159526,0.0700582,0.1184452,0.0767624,0.1094834,0.0777716,0.109015,0.0747816,0.1064874,0.072297,0.1198648,0.0709058,0.1146256,0.0776492,0.1181848,0.0711818,0.1236936,0.0752112,0.114926,0.0802018,0.1263956,0.0759822,0.1062454,0.0756278,0.1172616,0.0837116,0.1013946,0.0780602,0.1198668,0.071047,0.1222348,0.0736206,0.1123348,0.0730044,0.1268552,0.072407,0.1142028,0.0740014,0.1210256,0.0729076,0.1208766,0.076495,0.1123982,0.0778654,0.1249432,0.0785954,0.1156224,0.074848,0.1103388,0.0717818,0.1164956,0.0728684,0.1192522,0.0754754,0.1058318,0.0774152,0.1275804
0.0704254,0.1292,0.0720542,0.1159034,0.0694612,0.1169986,0.0781094,0.1099732,0.0769232,0.1096248,0.0752958,0.107863,0.0723894,0.1187286,0.070957,0.1143032,0.0778628,0.1172834,0.0710712,0.124475,0.0744102,0.1156522,0.0796898,0.1258386,0.076176,0.106862,0.0757742,0.1171774,0.0830088,0.1004706,0.0787482,0.1201644,0.0710366,0.1210198,0.0738878,0.1117978,0.0724078,0.1258862,0.073299,0.1140472,0.0740874,0.1226796,0.0730608,0.1207516,0.076968,0.1124054,0.0783262,0.1252032,0.078455,0.1147662,0.0747056,0.110928,0.0720908,0.115139,0.07258,0.1178204,0.0758376,0.107011,0.0769752,0.1270224
0.0702016,0.1288184,0.0724402,0.1157726,0.070537,0.1171564,0.0785008,0.1107872,0.075933,0.1101766,0.074768,0.1078078,0.0729762,0.1175818,0.0713426,0.1150754,0.0783548,0.1169292,0.070865,0.124559,0.0746386,0.115544,0.0803956,0.125112,0.0766854,0.1071336,0.075172,0.1179,0.082199,0.100524,0.0780944,0.1196508,0.0714092,0.1208232,0.0735474,0.1125946,0.0721104,0.1250902,0.0737666,0.1140862,0.0739524,0.1214774,0.0727534,0.1196792,0.0768832,0.111325,0.0776762,0.1235292,0.0787276,0.1134966,0.07515,0.1094794,0.0720126,0.1133018,0.0715126,0.1179568,0.0756446,0.1068032,0.0765918,0.1281488
0.0695386,0.1289684,0.0734352,0.1147734,0.0707414,0.1164992,0.0781488,0.1111526,0.0763896,0.1108428,0.0753888,0.1072042,0.0716614,0.1180828,0.0710844,0.113901,0.0785868,0.1158742,0.0710264,0.1240058,0.0740798,0.1158696,0.0800102,0.1256104,0.0767154,0.1071988,0.0749784,0.1178444,0.0815048,0.1003316,0.0782336,0.1202984,0.072267,0.1204832,0.0732306,0.111049,0.0723484,0.1258792,0.0728812,0.1144754,0.0746656,0.1209622,0.0728958,0.117721,0.0769406,0.1096664,0.07779,0.1233076,0.080375,0.1139792,0.075155,0.1099968,0.0724774,0.113454,0.0718748,0.1175156,0.0757968,0.107268,0.0767804,0.129214
0.0694032,0.1282842,0.0736118,0.1145068,0.0712162,0.1150944,0.0784744,0.1116178,0.078029,0.109713,0.0758342,0.1061006,0.0722386,0.117842,0.0709476,0.114075,0.0784824,0.115052,0.07076,0.1253464,0.073936,0.1166102,0.0798994,0.1240834,0.0767544,0.1068004,0.0757648,0.1179864,0.0810554,0.101184,0.0778736,0.1195204,0.0720454,0.1195582,0.073024,0.111366,0.0726252,0.127516,0.0738304,0.1147326,0.07491,0.1209632,0.073017,0.1186122,0.077016,0.108862,0.0776296,0.122696,0.0805472,0.1147986,0.0753218,0.109667,0.0721548,0.1133578,0.0711376,0.117769,0.0760398,0.1069988,0.0773276,0.128886
0.0689236,0.1267296,0.0734446,0.1127268,0.0703972,0.1147846,0.0781606,0.1128962,0.0783734,0.1089676,0.0760768,0.1053602,0.0722786,0.1169466,0.0717328,0.1143076,0.0772144,0.11559,0.0711088,0.124642,0.0738038,0.1161162,0.0802936,0.1246784,0.0772668,0.106612,0.0745158,0.1184844,0.0809612,0.1006456,0.07793,0.1192474,0.0724214,0.1205176,0.0726908,0.1111972,0.0730606,0.1291332,0.0732064,0.1158474,0.075039,0.1206288,0.073698,0.1176558,0.0765128,0.1077886,0.0771028,0.1244178,0.0805178,0.1156048,0.0753738,0.1087116,0.0730574,0.1122388,0.0717264,0.1171984,0.0760862,0.1075804,0.077112,0.1288594
0.0692602,0.127104,0.0735518,0.1120676,0.0706788,0.115185,0.0781814,0.1129696,0.0794402,0.110085,0.0759406,0.1052828,0.0723384,0.1174888,0.071525,0.1136766,0.0777356,0.1148932,0.071786,0.123967,0.0736214,0.1152874,0.0785314,0.125737,0.0773752,0.1065506,0.075019,0.1184798,0.0810608,0.1014666,0.077286,0.1185662,0.073119,0.1215676,0.0715912,0.1116092,0.0726684,0.1301854,0.0732894,0.1151052,0.0750802,0.119464,0.0738454,0.1174778,0.0761542,0.1087622,0.0759758,0.1234788,0.080289,0.1149726,0.0746442,0.1094736,0.07374,0.1115292,0.072479,0.11677,0.0765002,0.107198,0.0768628,0.1286814
0.0691022,0.126278,0.0736042,0.1114388,0.0710544,0.1156366,0.077669,0.112601,0.0797788,0.109799,0.0758182,0.103471,0.0722688,0.117679,0.0723364,0.1132972,0.0782832,0.115799,0.071759,0.1257786,0.0747908,0.1169402,0.0787234,0.1256572,0.0771454,0.1058568,0.07453,0.1179016,0.082113,0.1008756,0.0772992,0.1183076,0.0734322,0.1217346,0.0723412,0.1124192,0.073545,0.1301734,0.0729172,0.1143366,0.075155,0.1207924,0.0748426,0.1182944,0.0753882,0.108725,0.0760744,0.1231956,0.0807428,0.1146498,0.0747512,0.1102024,0.073284,0.1108872,0.0717054,0.1171038,0.076148,0.1081364,0.0777684,0.1290424
0.0690752,0.126066,0.0735792,0.1111972,0.0709028,0.1146752,0.0780592,0.1128884,0.0798314,0.109672,0.0760738,0.1032306,0.072997,0.117087,0.0723172,0.1121636,0.0776484,0.1156086,0.0712216,0.1269424,0.075843,0.115817,0.0780814,0.1255366,0.0770474,0.1057558,0.074045,0.1177982,0.0813254,0.1005896,0.0765172,0.1182386,0.0742834,0.1213232,0.0723392,0.1123572,0.0727588,0.1299848,0.0720828,0.1130392,0.0755584,0.120296,0.0743108,0.1156994,0.076626,0.109566,0.075427,0.1221428,0.0805346,0.1157142,0.0750696,0.1095934,0.0734204,0.1107404,0.0728756,0.1155382,0.0760748,0.108955,0.0773154,0.129691
0.0694118,0.124815,0.0734174,0.1092686,0.0714134,0.1143244,0.077937,0.1126408,0.0798324,0.109743,0.0757664,0.1035492,0.0729362,0.1162814,0.0721778,0.1125692,0.0768788,0.114851,0.0722648,0.1271704,0.0751024,0.1165692,0.0769386,0.127027,0.07736,0.105498,0.0752784,0.1180322,0.0817848,0.1007564,0.0769056,0.1178034,0.0737832,0.121609,0.0719606,0.112841,0.0721124,0.1303024,0.0728646,0.1120098,0.0761554,0.120929,0.0744674,0.1152006,0.0768224,0.110065,0.0755058,0.1207622,0.0788884,0.1151952,0.0756866,0.1095232,0.0724472,0.1108402,0.0732836,0.1151434,0.0757952,0.108468,0.0777126,0.1295374
0.0695178,0.1248564,0.073498,0.109985,0.0714978,0.1145434,0.0785308,0.1113704,0.0789318,0.1090396,0.0767716,0.103923,0.073756,0.1158988,0.0720282,0.1120386,0.077334,0.114887,0.0728386,0.126717,0.074332,0.1156306,0.077766,0.1265904,0.0761426,0.1057904,0.0752408,0.1171518,0.0820766,0.1001518,0.076442,0.117167,0.0748774,0.1219696,0.0715484,0.1128144,0.0720848,0.1282434,0.0723642,0.1110706,0.077997,0.1201902,0.0743092,0.1160358,0.0778226,0.1099892,0.0763904,0.1197046,0.0787698,0.1130824,0.0759422,0.108429,0.0717702,0.1113682,0.072902,0.1158916,0.0753662,0.1083606,0.077652,0.1276884
0.0708026,0.1255022,0.0732766,0.109556,0.0708394,0.1145592,0.0793946,0.113341,0.079776,0.109482,0.075341,0.1038624,0.07303,0.1150842,0.071716,0.1104912,0.0760498,0.1135216,0.0735384,0.126364,0.0746576,0.1153748,0.0772472,0.126209,0.0760538,0.105219,0.0742846,0.116404,0.0812646,0.0993016,0.0765536,0.1167246,0.075372,0.1226142,0.0715406,0.1120488,0.0710554,0.1271918,0.0732868,0.110941,0.0779748,0.1194784,0.0735388,0.1151966,0.0764882,0.1095322,0.0763872,0.1182822,0.0785438,0.1124774,0.075569,0.1080708,0.0726342,0.110418,0.0721892,0.1159494,0.0752104,0.1076848,0.0777156,0.1278084
0.0701078,0.1243292,0.0738872,0.1098202,0.0709706,0.1131524,0.0786282,0.1125956,0.0794068,0.108562,0.0751668,0.1050262,0.072936,0.1146616,0.0713182,0.1096444,0.0763668,0.1132684,0.0718652,0.126093,0.0750732,0.1146564,0.0767216,0.1253396,0.075805,0.105944,0.0746348,0.1156066,0.0814838,0.0984428,0.0776628,0.1162882,0.0756574,0.1227922,0.0706136,0.1117298,0.0715418,0.1280352,0.073438,0.1106974,0.0777808,0.1187946,0.0736996,0.1168912,0.0776056,0.1104306,0.0772154,0.1195448,0.0779034,0.1117742,0.0757238,0.1084282,0.0724522,0.1109558,0.0728792,0.1139696,0.0756916,0.1076938,0.077964,0.1280606
0.0694808,0.1245916,0.074095,0.1085846,0.0702534,0.1128478,0.0789154,0.1129324,0.079136,0.1083576,0.0751066,0.1041904,0.0717858,0.1132042,0.0707394,0.110926,0.0772346,0.1129404,0.0710612,0.127392,0.0748436,0.1148808,0.0795242,0.1252768,0.0746446,0.1054626,0.0750916,0.11587,0.0819042,0.0984908,0.0775892,0.1155792,0.075543,0.1226384,0.0714426,0.1112932,0.0718662,0.1275644,0.0719932,0.1110974,0.0781038,0.1187246,0.0743736,0.1162544,0.0779702,0.1099134,0.076877,0.1180678,0.0784614,0.1124518,0.076109,0.1084226,0.0717946,0.1106268,0.0723238,0.1132152,0.0762718,0.107117,0.0782878,0.1271618
0.0691776,0.1240238,0.0737016,0.10865,0.071489,0.1141062,0.0789448,0.1126022,0.079776,0.1093246,0.0747772,0.104349,0.0718724,0.1134776,0.0705836,0.1119134,0.0769256,0.1132408,0.0710902,0.1280394,0.0742922,0.1153098,0.0783808,0.1239426,0.0739378,0.1051516,0.0746258,0.1154844,0.0825064,0.098333,0.0776318,0.1157422,0.0758396,0.1212586,0.0721352,0.111038,0.0730908,0.1275002,0.0716248,0.1112852,0.0786466,0.1175416,0.0747526,0.115685,0.0784208,0.1093912,0.0769466,0.1180734,0.0780514,0.1121436,0.0769438,0.109053,0.071755,0.1100026,0.072392,0.113025,0.0764692,0.1064056,0.0785988,0.1264926
0.0685806,0.122418,0.073368,0.108089,0.0712512,0.1142164,0.0794862,0.113172,0.079647,0.109608,0.0748618,0.1050078,0.0716532,0.1129848,0.0707852,0.1125594,0.076742,0.1127486,0.0710166,0.127298,0.074298,0.114098,0.0800018,0.1220206,0.074924,0.104622,0.0750888,0.1163044,0.0837794,0.097456,0.078339,0.1163474,0.0761868,0.1217112,0.0728024,0.1113768,0.073533,0.1273338,0.070883,0.1110368,0.0781002,0.116087,0.073636,0.1154282,0.0774824,0.1088018,0.0757904,0.1168766,0.078072,0.1120924,0.0769806,0.1084368,0.0707298,0.1097334,0.0728546,0.1126426,0.0758562,0.105869,0.078067,0.126432
0.0692562,0.1213784,0.0732102,0.1072344,0.0709678,0.1132198,0.0797184,0.1139928,0.078841,0.1095392,0.0748828,0.1045436,0.0716662,0.1141898,0.0704812,0.1125616,0.0758216,0.1125592,0.0705664,0.1281356,0.0731302,0.114101,0.0799874,0.1207696,0.0755626,0.1036152,0.075266,0.1164526,0.0840952,0.0975696,0.0780402,0.115596,0.0755706,0.1221668,0.073269,0.1108194,0.0738566,0.125554,0.0719514,0.1103688,0.0783154,0.1159,0.0743792,0.1139776,0.0765338,0.1095768,0.0757972,0.1168344,0.0784282,0.112389,0.0768538,0.1069288,0.0711216,0.1102656,0.0718878,0.1127928,0.075068,0.1051338,0.0780414,0.1256996
0.0684746,0.1217904,0.0727446,0.1070378,0.0709474,0.1135456,0.078928,0.1143192,0.0791456,0.1098722,0.0749394,0.1047798,0.0708196,0.1152566,0.0700952,0.1127542,0.0748266,0.111868,0.0709706,0.128923,0.0738578,0.1137544,0.0806156,0.1200668,0.0758488,0.1042294,0.074944,0.1156154,0.085024,0.0995492,0.079065,0.11537,0.0753994,0.1213368,0.0735028,0.1117738,0.0743216,0.1255842,0.0718278,0.1102138,0.078494,0.1164934,0.0741236,0.1145208,0.0762126,0.1103216,0.0745652,0.1162814,0.0779012,0.11263,0.0763808,0.1063526,0.0713622,0.108666,0.0723058,0.1124914,0.075084,0.1041776,0.0778022,0.1244386
0.0687758,0.1218034,0.0735762,0.107996,0.0711918,0.1134304,0.0790778,0.11537,0.0787992,0.1082878,0.074774,0.1058508,0.0715852,0.1142038,0.070767,0.1124172,0.0758176,0.110607,0.0702952,0.1272222,0.0737924,0.1133742,0.0801394,0.1202842,0.075382,0.1040848,0.0748912,0.1147702,0.0849968,0.0989296,0.0788584,0.1146508,0.0745414,0.119928,0.0733934,0.111739,0.0744732,0.126117,0.0715922,0.1091392,0.0786676,0.116614,0.0740402,0.1135684,0.0761286,0.1103622,0.0750106,0.1155258,0.0774682,0.1116268,0.0753834,0.1060846,0.071086,0.1093578,0.0721276,0.1112106,0.0751224,0.1050854,0.0775218,0.1220272
0.0684674,0.123393,0.072676,0.107526,0.0708312,0.113969,0.0801722,0.1147878,0.0785784,0.1072164,0.0744388,0.1051126,0.0713674,0.1139328,0.0699794,0.112899,0.0760134,0.1093032,0.0709914,0.1264376,0.0736798,0.1137794,0.0800928,0.1203804,0.0734002,0.1041588,0.0751568,0.113892,0.0843428,0.098893,0.0782002,0.1147114,0.0754168,0.1199858,0.0738188,0.1114174,0.0744056,0.1259476,0.0719008,0.1087746,0.0779552,0.1170546,0.0735666,0.1145044,0.0758686,0.1095236,0.075134,0.1162784,0.0767626,0.1109084,0.0749322,0.1052264,0.0708346,0.1096716,0.072804,0.1112062,0.075059,0.1044092,0.0774206,0.1215452
0.0686974,0.1225548,0.072449,0.107848,0.0711816,0.1134498,0.0810794,0.1156036,0.0777742,0.1057232,0.0732392,0.1034124,0.0704144,0.112336,0.0699494,0.1118732,0.0757678,0.1097638,0.0706062,0.1268504,0.0740008,0.1131498,0.0800896,0.1199582,0.0733,0.1040054,0.0755982,0.113879,0.0836956,0.0995778,0.0774306,0.113489,0.0747376,0.1194612,0.0731144,0.111502,0.0751086,0.1255208,0.0719182,0.108814,0.0778114,0.1161218,0.0736786,0.1127728,0.075209,0.1092656,0.074285,0.1150798,0.078035,0.111218,0.07549,0.1046358,0.0701604,0.1086648,0.0724726,0.1120076,0.0751112,0.1050474,0.0770782,0.1217188
0.0674858,0.1207118,0.0717744,0.1075494,0.0712378,0.114039,0.0803572,0.1162766,0.0768568,0.1064524,0.0730406,0.1032814,0.0715876,0.1123866,0.0704082,0.1099416,0.0755642,0.1093344,0.0694972,0.1275828,0.0743436,0.1137636,0.0799396,0.1198182,0.0732304,0.1056412,0.0750306,0.1140844,0.0839846,0.1002838,0.0784984,0.1129262,0.0744714,0.1188964,0.072039,0.1112004,0.0757232,0.1257208,0.0721718,0.1083898,0.0770814,0.1158284,0.074721,0.1115056,0.0754812,0.1088238,0.0735168,0.1153608,0.0781628,0.1098526,0.0753736,0.1056806,0.0692914,0.1084678,0.0726918,0.110758,0.0752644,0.1052822,0.0773352,0.1229986
0.067715,0.1202236,0.0718268,0.1073696,0.0713502,0.1133472,0.0820316,0.1172036,0.0774954,0.1061684,0.07226,0.1025868,0.0716628,0.1118552,0.0704488,0.1097676,0.0767542,0.1090416,0.0700406,0.1262386,0.0750982,0.1145928,0.0802266,0.1205898,0.0740908,0.1066464,0.074217,0.1137224,0.0844022,0.1012602,0.077583,0.1119052,0.0748072,0.117875,0.072758,0.110734,0.075793,0.1246618,0.0722466,0.1082608,0.0762836,0.1157452,0.0749248,0.1112558,0.075353,0.1095042,0.073007,0.1165264,0.078238,0.1096604,0.0755566,0.1056758,0.0700432,0.108485,0.0733176,0.1112592,0.075452,0.1043516,0.0773728,0.1223336
0.0674798,0.121223,0.0729668,0.1076868,0.0708452,0.1139308,0.0817594,0.1173164,0.0766718,0.105304,0.0719896,0.1023122,0.0710982,0.112275,0.069916,0.1099758,0.0767584,0.1084942,0.0707604,0.125108,0.0749568,0.115673,0.0796632,0.119365,0.0741574,0.10731,0.0733008,0.1145452,0.0840728,0.1000024,0.0778946,0.1109356,0.0738814,0.1177482,0.0729036,0.1102306,0.0758376,0.1246086,0.0728668,0.1082622,0.0763392,0.1154996,0.0739056,0.1115036,0.0761066,0.1101696,0.073363,0.1178168,0.0778776,0.1101176,0.073814,0.1050246,0.0712208,0.109236,0.074212,0.1116922,0.074853,0.103618,0.077797,0.1223382
0.0664834,0.1205998,0.071784,0.1081014,0.0711326,0.1150888,0.0817788,0.1183924,0.077843,0.1047992,0.0711464,0.1024912,0.0710222,0.112763,0.0699596,0.1108744,0.0768658,0.1082182,0.070405,0.1249284,0.075194,0.1160356,0.0806176,0.1186128,0.0739628,0.106719,0.073261,0.1134706,0.084251,0.1007498,0.0776328,0.1124494,0.074164,0.1174734,0.0723738,0.1096392,0.0753082,0.1254318,0.0725208,0.109028,0.0763862,0.1145608,0.0731462,0.1129584,0.075643,0.110412,0.0737092,0.1175156,0.0762144,0.1102722,0.0743348,0.1058272,0.0712974,0.1086624,0.0742494,0.1096742,0.0745568,0.1022308,0.0769124,0.121628
0.0671382,0.1195738,0.072337,0.1079146,0.071098,0.1144824,0.0816076,0.1176066,0.0769958,0.1044314,0.071241,0.1027282,0.0717658,0.1120968,0.0695328,0.1110056,0.0776458,0.1080614,0.070976,0.1241302,0.0753354,0.1163446,0.0803022,0.1185736,0.0744608,0.1068752,0.0740598,0.11342,0.0852498,0.1000336,0.0783826,0.1130982,0.0737342,0.1177832,0.0728206,0.1090266,0.0752046,0.125832,0.0727924,0.1090492,0.076007,0.1136332,0.0715408,0.110639,0.0755624,0.1098978,0.074187,0.1180956,0.0770392,0.1104356,0.074081,0.1054642,0.072246,0.1090712,0.0752916,0.1105504,0.0741878,0.1018054,0.0778598,0.1188022
0.0680656,0.120207,0.0725382,0.1094182,0.070965,0.1140628,0.082059,0.1177768,0.0773298,0.1049116,0.0727432,0.1023484,0.0710314,0.1114552,0.0694308,0.1103034,0.077959,0.1079912,0.0720874,0.1247084,0.0740498,0.1150172,0.078668,0.1190812,0.0729286,0.1064522,0.0740182,0.1114812,0.0836884,0.098958,0.0780762,0.111162,0.0741312,0.1174988,0.072547,0.1090784,0.0752668,0.1259462,0.0720076,0.1096882,0.076048,0.1145522,0.0712116,0.1102468,0.0773452,0.1098832,0.073994,0.1184056,0.0768902,0.1088996,0.0753754,0.1041972,0.0715516,0.1083334,0.0759286,0.1092864,0.0739532,0.101431,0.077568,0.1190792
0.0685096,0.1206228,0.0720252,0.1097302,0.0706048,0.1146512,0.0816652,0.1183722,0.0776876,0.1046738,0.0719328,0.1017644,0.0706218,0.1126892,0.0691626,0.110311,0.078798,0.1085632,0.072013,0.1243086,0.0729148,0.1156768,0.0789136,0.1184016,0.0716872,0.10662,0.0739654,0.1116358,0.0839126,0.1003966,0.0787712,0.110426,0.0741928,0.1178832,0.0730576,0.1095644,0.0752298,0.1267578,0.0717224,0.1099214,0.0757292,0.1143258,0.0705776,0.1092524,0.0770752,0.1092682,0.074291,0.1190824,0.0775632,0.108882,0.0754894,0.1040708,0.071405,0.1085906,0.0757004,0.1084628,0.073019,0.1013742,0.0775078,0.120019
0.0681142,0.1201848,0.0744376,0.1089954,0.0704788,0.1145944,0.0814318,0.1178906,0.076544,0.1043208,0.072614,0.1021232,0.0716512,0.1121858,0.0687796,0.1102348,0.0789982,0.1099858,0.071611,0.1244896,0.0732686,0.1163294,0.0786344,0.1170882,0.0730258,0.1063256,0.074354,0.1113178,0.083491,0.1000394,0.0789242,0.1100746,0.0745664,0.1169758,0.0735686,0.1087804,0.0754668,0.1269046,0.0722086,0.109699,0.0766882,0.1135266,0.070007,0.1080156,0.0757626,0.1098184,0.0737362,0.1189164,0.0768268,0.1075862,0.0753794,0.1036816,0.0703054,0.1088694,0.0754114,0.109177,0.0732558,0.1008744,0.076905,0.118681
0.0676944,0.1217814,0.0740538,0.1092182,0.0698618,0.1150952,0.0809452,0.1178464,0.0765302,0.1043952,0.072805,0.1023644,0.0712,0.1125562,0.0684514,0.1109514,0.0795288,0.110863,0.0709336,0.1248768,0.0732992,0.1167032,0.078636,0.1176124,0.0740504,0.1062158,0.0745308,0.112368,0.083698,0.0992524,0.0790658,0.1101888,0.0751762,0.1167694,0.0732116,0.10917,0.0758424,0.1272866,0.0718946,0.1092428,0.076867,0.114321,0.0693372,0.1077274,0.075412,0.1101982,0.073523,0.1187984,0.0763492,0.1062122,0.0745106,0.1053238,0.069632,0.1083924,0.074886,0.1087532,0.073236,0.100976,0.0772516,0.118505
0.068076,0.121026,0.0732558,0.1087898,0.0684122,0.1139704,0.0811344,0.117901,0.0763502,0.1046634,0.0724554,0.1018806,0.0704032,0.111847,0.0676804,0.1104328,0.0788768,0.110831,0.072183,0.123488,0.0730504,0.1172458,0.0785184,0.116276,0.0745248,0.1060838,0.0739898,0.1116112,0.0845064,0.0989566,0.0787376,0.1088112,0.07412,0.1176848,0.0733944,0.1100692,0.075503,0.1267934,0.0704988,0.1097614,0.0771568,0.114655,0.0704008,0.1077396,0.075707,0.109732,0.0723782,0.1186576,0.07738,0.1066668,0.0742304,0.1049514,0.0695686,0.11014,0.0745192,0.108887,0.0736024,0.1003198,0.0776622,0.118196
0.0674752,0.1202924,0.0736192,0.1087514,0.0688532,0.1126722,0.080956,0.1173412,0.0759442,0.1037282,0.0731226,0.1010774,0.070298,0.112144,0.0682406,0.111484,0.0786504,0.1101374,0.0711632,0.1242418,0.0731804,0.1192062,0.0777184,0.1154368,0.0745168,0.107489,0.0740596,0.1117136,0.0845766,0.0997244,0.0787896,0.1101024,0.0743842,0.1172386,0.074448,0.1087112,0.075448,0.127255,0.0705694,0.1094762,0.0772302,0.11533,0.0698798,0.1083174,0.0756526,0.109521,0.0713214,0.1174902,0.07734,0.1059404,0.0740604,0.1049986,0.0691026,0.1110518,0.0747056,0.1097662,0.074473,0.10126,0.0782242,0.1197762
0.067582,0.1199996,0.0734038,0.10824,0.0692186,0.1112778,0.0817294,0.1160964,0.0760392,0.103802,0.073031,0.0997566,0.070328,0.1112626,0.0681256,0.109843,0.0778412,0.110107,0.070454,0.1236794,0.0737894,0.1177716,0.0770324,0.114811,0.072505,0.106297,0.074123,0.1120996,0.0847402,0.1003464,0.0790482,0.1098064,0.0743086,0.1173136,0.073915,0.107815,0.0747012,0.125915,0.07037,0.1093038,0.0776766,0.1151136,0.071266,0.1078584,0.0746546,0.109227,0.0706504,0.1162816,0.0774728,0.1049808,0.0736094,0.1065314,0.0698166,0.1117742,0.074095,0.1093266,0.0739092,0.0998958,0.0773244,0.1196884
0.067402,0.119017,0.0730386,0.1089384,0.069888,0.1121868,0.081787,0.1159552,0.075533,0.1042594,0.0731182,0.1006406,0.0702168,0.1119032,0.0684156,0.1090044,0.0786898,0.1091934,0.0702066,0.1238272,0.072666,0.1168128,0.0768516,0.1140318,0.072875,0.1056316,0.0751024,0.1128834,0.0830594,0.0994992,0.0785274,0.108915,0.0736138,0.1167048,0.0736172,0.1077892,0.07482,0.1252898,0.0708224,0.1084584,0.0780206,0.1150774,0.0718866,0.107478,0.0743116,0.109411,0.0705326,0.114377,0.0783078,0.1056198,0.0734986,0.1052034,0.0692556,0.1112188,0.0735578,0.1088438,0.0737672,0.0999182,0.0768814,0.1193824
0.0675362,0.1188594,0.0726202,0.1089226,0.0693482,0.112462,0.08276,0.116232,0.0755786,0.1038854,0.0727592,0.1020438,0.0703238,0.1120916,0.0685106,0.1077314,0.076795,0.109572,0.0696804,0.1242346,0.0721724,0.1166364,0.076924,0.1138978,0.07221,0.1059742,0.0744654,0.1117292,0.083878,0.0995716,0.0791296,0.109228,0.073144,0.1164606,0.0735742,0.1071146,0.0744512,0.1265166,0.0711606,0.1095292,0.0791414,0.11333,0.0732802,0.105821,0.0743048,0.108674,0.0704044,0.1145376,0.0781364,0.1049862,0.0736428,0.107002,0.068997,0.111053,0.0738784,0.1078614,0.073445,0.0996038,0.0761448,0.1181
0.0672578,0.11975,0.0723192,0.1087962,0.070075,0.1098134,0.0822686,0.1160898,0.074753,0.1035842,0.0726044,0.1008338,0.0707144,0.1105068,0.0688364,0.1072466,0.0775684,0.1093714,0.0704462,0.124714,0.0728542,0.1158568,0.0764044,0.1125308,0.0717894,0.1070478,0.0741032,0.1116192,0.0839132,0.0982348,0.0786424,0.10873,0.0735658,0.1166492,0.0731064,0.106131,0.0744576,0.125392,0.0699142,0.1095238,0.0788278,0.1125984,0.0721098,0.1067918,0.0746032,0.1089986,0.0707084,0.1149722,0.0785974,0.1034926,0.0740522,0.1065284,0.0697362,0.1118598,0.0735752,0.1091274,0.0739394,0.0992136,0.0763478,0.1172174
0.0669214,0.1188328,0.0724246,0.1092032,0.070508,0.109642,0.0829074,0.116437,0.0738776,0.103226,0.072118,0.100889,0.0712228,0.1104866,0.0686224,0.1077474,0.07806,0.1093094,0.0695972,0.1251404,0.0730776,0.1148224,0.0769164,0.1126748,0.0720426,0.1079956,0.074342,0.1119406,0.0838356,0.0979874,0.078937,0.1082764,0.0731154,0.1166584,0.0720062,0.107104,0.0746754,0.1255516,0.0715274,0.1084838,0.0779424,0.1120926,0.0714028,0.108629,0.0742932,0.1078782,0.0714654,0.1141816,0.0779554,0.1020534,0.0750204,0.1076656,0.0681598,0.1137234,0.0739288,0.1099274,0.0741634,0.0997864,0.075101,0.1166206
0.0666136,0.1186098,0.0732352,0.110172,0.0702682,0.1091892,0.0830098,0.1158072,0.0735826,0.1030824,0.0711856,0.1013206,0.070408,0.1104704,0.0680548,0.1082876,0.0779396,0.1104814,0.0695676,0.1248144,0.0722274,0.1151158,0.0780618,0.1125024,0.0722572,0.1081278,0.0738548,0.112287,0.0852632,0.0976768,0.078542,0.1080248,0.0730342,0.116432,0.0716816,0.1079786,0.0739774,0.1246168,0.0724452,0.1086662,0.0775604,0.1122258,0.0723504,0.1096834,0.075114,0.1068988,0.0719074,0.1143382,0.0795654,0.1018594,0.074571,0.1068236,0.0682256,0.1141364,0.0744528,0.1105946,0.074777,0.0996908,0.0742926,0.1171862
0.065668,0.1175734,0.0728002,0.1088158,0.0700522,0.1090318,0.0830826,0.1153204,0.0735672,0.102669,0.0716588,0.1014298,0.0707864,0.1101264,0.0680514,0.1090164,0.0777574,0.1107008,0.070316,0.1249402,0.0728462,0.1148292,0.0774244,0.1129948,0.074024,0.108523,0.074324,0.1128426,0.0855732,0.097782,0.0786936,0.1092492,0.0723946,0.1154888,0.0715614,0.1084672,0.0744402,0.1253606,0.072079,0.1077396,0.0778578,0.1115452,0.071596,0.1088534,0.0754656,0.1071246,0.0719326,0.1159682,0.0788024,0.1021636,0.074138,0.1069546,0.0702994,0.11349,0.0739308,0.1096232,0.0744064,0.1001554,0.0749494,0.1166296
0.0658802,0.1178578,0.0736366,0.109154,0.0710678,0.1100368,0.0824916,0.1147726,0.0734536,0.1022968,0.0710816,0.101169,0.0710872,0.1106554,0.0672122,0.1091172,0.076971,0.1106172,0.0698348,0.123258,0.0731234,0.1135948,0.0780632,0.112479,0.0726204,0.1089512,0.07417,0.112697,0.0871214,0.0972634,0.0782242,0.1079604,0.0730244,0.1139364,0.0717256,0.1085886,0.0744842,0.1240094,0.0727668,0.1059508,0.077331,0.1108838,0.0714902,0.1088778,0.075512,0.1058556,0.0733416,0.1147108,0.0778968,0.101934,0.0734636,0.1075466,0.0709328,0.1130728,0.0735684,0.1077174,0.0748558,0.0995946,0.075054,0.1174884
0.0655748,0.11793,0.0735862,0.1077174,0.0704728,0.1088618,0.0818116,0.1152612,0.0743878,0.1026892,0.0700362,0.100725,0.0719904,0.1108314,0.06693,0.1092362,0.0766952,0.1095538,0.0699614,0.1221496,0.0728114,0.1132044,0.0778948,0.1103318,0.0730056,0.1090732,0.0744176,0.111808,0.086778,0.0969066,0.0777704,0.1083552,0.0730446,0.1146712,0.0719942,0.108325,0.074384,0.1240452,0.0722108,0.1066586,0.0781924,0.1101502,0.0714256,0.1101968,0.0761702,0.1060004,0.0724978,0.1140342,0.0792382,0.1024076,0.0725022,0.1058662,0.0701482,0.1122892,0.0727854,0.1079394,0.0746796,0.0996806,0.0743662,0.1163558
0.0643806,0.1186996,0.0738308,0.107209,0.069698,0.109229,0.0815426,0.1146876,0.0734996,0.1030076,0.069369,0.0994266,0.0708846,0.1101736,0.0676322,0.1094652,0.078167,0.1099684,0.0697124,0.1213536,0.0728454,0.1130534,0.0787426,0.1112168,0.0735424,0.109992,0.0746906,0.1111308,0.087011,0.0965916,0.0766776,0.1089304,0.072685,0.1157318,0.0721806,0.1087118,0.0738884,0.1225916,0.0719104,0.1068774,0.0775996,0.1095264,0.0723928,0.1090402,0.0755424,0.1054604,0.072054,0.1140528,0.079521,0.101973,0.0732426,0.1053756,0.0708488,0.1132498,0.0728972,0.1082384,0.0736444,0.0996146,0.0744022,0.1170576
0.0645328,0.1183008,0.0734156,0.1079212,0.0705944,0.1090112,0.0812918,0.1150672,0.0733534,0.102359,0.0701304,0.0993586,0.0701926,0.1093056,0.0685408,0.1094692,0.0777096,0.1093932,0.069979,0.1200452,0.0728898,0.1132976,0.0778954,0.1083264,0.0742478,0.1096988,0.0743056,0.111816,0.086851,0.0963878,0.0754498,0.1079732,0.0725186,0.1152584,0.0721336,0.1081304,0.0733648,0.1232024,0.0716418,0.1063926,0.077009,0.1093484,0.0721832,0.109789,0.0752724,0.1050318,0.0715428,0.1139678,0.07913,0.1020312,0.0731322,0.105744,0.0713042,0.112071,0.0723464,0.1065412,0.0746974,0.0976414,0.0747582,0.1161114
0.0651412,0.1169688,0.073861,0.1063322,0.0714306,0.108557,0.0809368,0.1142606,0.0738698,0.1009108,0.0702466,0.0997578,0.0700462,0.1090672,0.0677818,0.1087764,0.0783,0.1089,0.069704,0.1211182,0.0725178,0.1135302,0.0768612,0.107588,0.076074,0.1090406,0.0744618,0.1116434,0.0863246,0.0971006,0.0756206,0.1075708,0.0730378,0.1149392,0.072218,0.1065288,0.0727024,0.122113,0.0714906,0.1052246,0.0773004,0.109297,0.0724902,0.1098618,0.0746614,0.1048098,0.0708934,0.1121252,0.0789388,0.1019996,0.0730488,0.1042166,0.0710504,0.1118196,0.07396,0.1061134,0.0738476,0.0985624,0.0742228,0.1153894
0.0648492,0.1163352,0.0728176,0.1064482,0.0712306,0.109424,0.0805628,0.1144882,0.0740456,0.1007352,0.070211,0.1015546,0.0697416,0.1101468,0.067313,0.1085746,0.0785072,0.1085978,0.0696636,0.1213082,0.0715644,0.1133766,0.0769806,0.108306,0.0752478,0.1087784,0.0744536,0.1106934,0.0873146,0.0969292,0.0771576,0.1077216,0.0730262,0.1154014,0.0721914,0.1066002,0.0723216,0.1208512,0.070676,0.1055384,0.076878,0.1108206,0.072391,0.1108962,0.0748782,0.1044218,0.0704854,0.1112012,0.0777242,0.1016028,0.0743554,0.10425,0.0705376,0.1113066,0.0739726,0.1060604,0.0740302,0.097534,0.0732592,0.1160198
0.0646708,0.1179526,0.072618,0.1072546,0.070426,0.1087986,0.0814058,0.1144348,0.0726646,0.1024368,0.0698976,0.1001088,0.0692564,0.109128,0.067668,0.1074334,0.0794652,0.1081046,0.0685132,0.1215246,0.072007,0.1130424,0.0775618,0.1069964,0.0761712,0.108949,0.0739976,0.1101986,0.086505,0.0987942,0.077608,0.10787,0.0723306,0.1149762,0.0716748,0.1088306,0.072503,0.1202048,0.0704248,0.1051404,0.0764112,0.11153,0.0723398,0.110266,0.0748962,0.1042488,0.0704848,0.1104424,0.0794526,0.1025788,0.0757258,0.1042414,0.0707234,0.1097308,0.0740908,0.1059652,0.074527,0.0976614,0.0734456,0.1154166
0.0647044,0.1151202,0.0723668,0.1077656,0.0707064,0.1087004,0.081092,0.1134414,0.0718068,0.1018126,0.0710362,0.0997338,0.0703792,0.1098634,0.0674256,0.1064722,0.0790626,0.1087832,0.0675056,0.1219678,0.0719536,0.1125494,0.0777366,0.1069908,0.0781358,0.1089708,0.0731356,0.1089024,0.0863564,0.0982502,0.078196,0.1070972,0.0717272,0.1133574,0.071325,0.1101058,0.0717966,0.1205936,0.0718306,0.1034646,0.07696,0.1103094,0.0730842,0.1117178,0.0746884,0.103343,0.069687,0.1111252,0.0791574,0.1017882,0.0750372,0.1039838,0.0700658,0.1096954,0.073442,0.1046964,0.0739418,0.098228,0.0725786,0.116583
0.0639954,0.1149622,0.0719298,0.1080138,0.0708754,0.1077428,0.0816148,0.1133622,0.0725366,0.1008796,0.0716796,0.1001374,0.0705724,0.1087844,0.066798,0.1077408,0.078978,0.1091212,0.068052,0.1212222,0.071902,0.1116048,0.0787242,0.1065846,0.0778654,0.1084916,0.0732488,0.110486,0.086555,0.0973978,0.0782898,0.1073168,0.0714232,0.1131974,0.0707622,0.1097012,0.0725114,0.1193222,0.0712248,0.102413,0.0764504,0.1110514,0.072264,0.110983,0.0742612,0.1009096,0.068971,0.1101442,0.0781996,0.1014334,0.0746302,0.1027926,0.0697826,0.1087678,0.0736786,0.1049138,0.0735284,0.096699,0.0731286,0.1158762
0.0634088,0.1170628,0.0722728,0.1075904,0.0707434,0.1072378,0.0813024,0.1125934,0.0722454,0.1003238,0.0719758,0.1004804,0.0695674,0.1090912,0.067207,0.1081348,0.0796132,0.110254,0.069864,0.1197378,0.072743,0.1105716,0.0791188,0.1069936,0.076252,0.109192,0.0735164,0.110406,0.0845632,0.0971116,0.0776042,0.107262,0.071596,0.1136006,0.0716652,0.111162,0.0731156,0.119036,0.070438,0.1026322,0.0759514,0.1106698,0.0734286,0.110711,0.0736132,0.1017526,0.0698486,0.1097192,0.0790468,0.1014484,0.0750082,0.1026514,0.0696106,0.1084158,0.0730022,0.104144,0.0727118,0.0975874,0.0728176,0.116929
0.0631608,0.1165338,0.0720366,0.107235,0.0708074,0.1057848,0.0806358,0.1124754,0.0717412,0.1002494,0.0716118,0.1006258,0.069605,0.109207,0.0668986,0.1081728,0.0789846,0.1109792,0.0694516,0.1190554,0.0734474,0.109374,0.0788982,0.106256,0.0755002,0.1086316,0.0735474,0.1094588,0.0853216,0.0973768,0.0769348,0.1060658,0.0723704,0.1136316,0.0717298,0.1107254,0.0725042,0.1186954,0.0714968,0.102928,0.0766384,0.111953,0.0738034,0.1095942,0.0739676,0.101075,0.0709504,0.1088432,0.0796238,0.1012836,0.0751464,0.1028216,0.0699576,0.1083374,0.0737242,0.1046218,0.0724952,0.0985698,0.0725562,0.115975
0.0639014,0.1161702,0.072329,0.1059338,0.0698806,0.1062928,0.0807988,0.1120222,0.0709536,0.100442,0.0719728,0.1002232,0.0704742,0.109994,0.06771,0.1079736,0.0783522,0.1108922,0.0703184,0.1199938,0.0717662,0.1099494,0.0776522,0.1052074,0.075995,0.108869,0.0730476,0.107289,0.084948,0.0982368,0.0764662,0.10672,0.0714936,0.113369,0.070284,0.1120862,0.0728206,0.1180284,0.072735,0.1043974,0.076605,0.1132596,0.0736776,0.1094972,0.0745414,0.1012028,0.0718438,0.1088086,0.080302,0.101497,0.0750012,0.1045688,0.0694702,0.1086814,0.073946,0.1037368,0.0711638,0.098595,0.0728112,0.1164368
0.0628316,0.1161006,0.0722076,0.1055498,0.0701594,0.1068376,0.0814012,0.1119384,0.0702394,0.1005026,0.0710768,0.1004962,0.0698138,0.108653,0.0682096,0.108531,0.0779038,0.1119096,0.0703138,0.119494,0.0717874,0.1096202,0.0775076,0.1056292,0.0756892,0.1098966,0.0733672,0.1076868,0.0843918,0.097682,0.076119,0.106836,0.0710052,0.1131908,0.0700546,0.1125082,0.0724966,0.1172464,0.0733294,0.1029416,0.0767946,0.112607,0.0730372,0.1088866,0.0742196,0.1019416,0.072311,0.108246,0.080264,0.1013802,0.074875,0.1033694,0.0690558,0.109348,0.0742832,0.1037388,0.0709506,0.098093,0.072159,0.1158378
0.0625578,0.1147964,0.072955,0.1047732,0.0698494,0.1061956,0.081163,0.112374,0.069819,0.0990976,0.069407,0.1000756,0.0693056,0.1089184,0.068108,0.1081236,0.077608,0.1114148,0.0703542,0.118838,0.0705414,0.1089822,0.0780872,0.1079376,0.0747272,0.1098876,0.0737418,0.1087244,0.0849416,0.097561,0.0750454,0.1063224,0.0711734,0.1131078,0.0698082,0.1124044,0.071474,0.1175088,0.072243,0.1027382,0.0761706,0.1118008,0.0726752,0.1090802,0.0748602,0.1011926,0.071339,0.1062094,0.080095,0.100478,0.073984,0.104302,0.0698336,0.1076702,0.0746866,0.103392,0.0719784,0.097196,0.0722114,0.1150014
0.0628374,0.1136666,0.0720074,0.104349,0.0699256,0.1041998,0.0808118,0.1124786,0.0701338,0.099852,0.0699618,0.1000452,0.0695536,0.108017,0.0673266,0.108092,0.0779372,0.1123816,0.0691074,0.1178282,0.069528,0.1096298,0.0767836,0.1077246,0.0740018,0.1100806,0.0739168,0.1084084,0.0842344,0.0967784,0.073716,0.10655,0.0709332,0.11267,0.072142,0.1133538,0.0706396,0.1166722,0.073384,0.1033936,0.0759214,0.1104632,0.0734492,0.107939,0.0746764,0.1010074,0.0720578,0.105811,0.0796944,0.1006234,0.0743314,0.1040386,0.0690962,0.1096054,0.0742578,0.102704,0.073112,0.0976656,0.0726486,0.1140352
0.0634822,0.1127462,0.071479,0.1040352,0.0694904,0.1055618,0.07974,0.113756,0.0701074,0.0994292,0.0701894,0.1007078,0.0709158,0.1072004,0.0677576,0.107165,0.0776364,0.1128662,0.0695736,0.1176134,0.0697246,0.1090062,0.0769602,0.1087798,0.0729666,0.1090664,0.0743228,0.1060472,0.0834268,0.0974378,0.0727892,0.1070892,0.0710726,0.11154,0.0718708,0.11416,0.0697674,0.11528,0.0740014,0.1019232,0.0766544,0.1105588,0.0724052,0.1071112,0.0734414,0.1019208,0.0723912,0.1059224,0.0794044,0.1008062,0.0733032,0.1036346,0.0684192,0.1084452,0.074573,0.1023774,0.0723486,0.098912,0.0724168,0.1150216
0.0631026,0.1125522,0.071477,0.1035338,0.0686352,0.1062312,0.0799804,0.1125228,0.069921,0.0994938,0.0709342,0.1001482,0.0717638,0.1078022,0.0662726,0.106701,0.07706,0.1132532,0.0694108,0.117226,0.0703914,0.1085068,0.076344,0.1082954,0.0742562,0.1108172,0.074049,0.1055918,0.0838374,0.0979834,0.0727836,0.1062216,0.0711522,0.112274,0.0716328,0.1136702,0.0695194,0.1159268,0.0741258,0.102881,0.0765886,0.1102048,0.0726538,0.1064384,0.0732548,0.101864,0.072744,0.1052096,0.0788428,0.0997468,0.073697,0.1035896,0.0686106,0.1075308,0.074658,0.101962,0.0715154,0.0995042,0.0723634,0.1162858
0.0631402,0.1122168,0.0717968,0.10398,0.0687,0.1065244,0.0800968,0.112668,0.0707772,0.1003698,0.0714348,0.0985826,0.0710992,0.10742,0.0669352,0.1055082,0.0758224,0.1124556,0.069173,0.1172436,0.0713156,0.1094646,0.0771032,0.1074246,0.0733948,0.110532,0.073891,0.1054234,0.0835112,0.098181,0.0734386,0.105143,0.0711164,0.1129202,0.0713506,0.113219,0.0692908,0.1156388,0.0740748,0.1048306,0.0767848,0.1118688,0.0728906,0.1072632,0.0726274,0.1021588,0.0725996,0.1034508,0.0800178,0.0993986,0.0730628,0.1042914,0.068203,0.1067898,0.0743314,0.101951,0.0724138,0.0996356,0.0713382,0.115802
0.0620064,0.1136592,0.0711404,0.1031332,0.0683528,0.1052828,0.0802526,0.1123394,0.0706526,0.1011614,0.070684,0.0998816,0.070406,0.10747,0.0675238,0.105791,0.0751602,0.1112718,0.0691226,0.11674,0.0721782,0.1098284,0.0764224,0.1076196,0.072306,0.1108466,0.0742508,0.1046444,0.0832182,0.0998564,0.0737762,0.1028612,0.0717866,0.113091,0.0727188,0.1137534,0.0686078,0.1161326,0.0725488,0.1042874,0.0761122,0.1123544,0.0731242,0.1063512,0.0730328,0.1015044,0.073386,0.102789,0.0790304,0.102625,0.072522,0.1031626,0.0690388,0.1052954,0.074775,0.1007294,0.072761,0.098425,0.0715168,0.1163916
0.0616868,0.1134092,0.0706106,0.1043984,0.0682586,0.1047282,0.0792814,0.112126,0.0717708,0.1010062,0.0703072,0.0979402,0.0704132,0.106184,0.068421,0.1049104,0.0749338,0.110183,0.069278,0.115913,0.0719954,0.1100264,0.0757094,0.1061334,0.0723434,0.1104084,0.0743296,0.1050012,0.0820746,0.1001238,0.0732408,0.1023444,0.0712838,0.1118248,0.072197,0.1134142,0.067923,0.1167732,0.072631,0.1038316,0.0747718,0.1118672,0.0724646,0.1075232,0.0718136,0.102305,0.0728044,0.103705,0.078205,0.1029056,0.0728388,0.101496,0.069608,0.104922,0.074631,0.1000798,0.072873,0.0970836,0.072402,0.116515
0.0612324,0.1150536,0.0695264,0.1043018,0.067644,0.1040476,0.0787456,0.1102482,0.0709706,0.1001942,0.0703076,0.0969784,0.0701536,0.1059086,0.067992,0.1046706,0.07541,0.1110472,0.0696204,0.1152556,0.0715884,0.1091176,0.0764032,0.1050192,0.0716964,0.1085156,0.0733312,0.1043546,0.0814426,0.0997214,0.0721778,0.1002882,0.0713496,0.1120284,0.072413,0.114006,0.0683878,0.1161068,0.0729418,0.1043224,0.073956,0.1123624,0.0725696,0.1070298,0.0713612,0.1022724,0.0729224,0.1034548,0.0777412,0.1040798,0.0727988,0.1015116,0.070463,0.1051784,0.0740936,0.1017354,0.0712884,0.09529,0.0715846,0.1147886
0.061078,0.1154374,0.0703302,0.1045416,0.0682676,0.1043484,0.0796478,0.109143,0.070405,0.1013538,0.0708472,0.0978632,0.070304,0.1047338,0.0677348,0.10435,0.0757842,0.110642,0.0691228,0.1151054,0.0728284,0.1083594,0.0773562,0.1042342,0.0724848,0.1095002,0.0731142,0.1036076,0.0810546,0.1013954,0.0724108,0.1008998,0.0721812,0.112013,0.0715006,0.1144472,0.0691264,0.116486,0.0718684,0.1052142,0.0742724,0.1118772,0.0725856,0.107072,0.0696546,0.1022322,0.0726686,0.1038376,0.0777282,0.1069532,0.0718182,0.101294,0.069863,0.1044052,0.0734898,0.103299,0.0706994,0.0960354,0.0712566,0.114484
0.060596,0.1139408,0.0706286,0.1030692,0.0691148,0.1053398,0.079263,0.1077176,0.0704324,0.100536,0.0704816,0.0981058,0.0711072,0.104322,0.0668428,0.1052448,0.0755944,0.109458,0.0696644,0.1151924,0.0728108,0.1083466,0.0771896,0.103771,0.072761,0.1094936,0.072799,0.1029108,0.0816354,0.1012676,0.0725606,0.1003876,0.0722142,0.112746,0.070798,0.1155392,0.0684514,0.116286,0.0717126,0.1053692,0.0740264,0.1124108,0.0745792,0.1067384,0.0695858,0.1013704,0.0726662,0.1039906,0.077952,0.1075226,0.0717906,0.1001062,0.0699352,0.1037296,0.0732736,0.1040064,0.0710902,0.095344,0.0712496,0.1149456
0.0602344,0.1147914,0.0710072,0.1035034,0.068884,0.1051712,0.080604,0.1071156,0.0693972,0.1009094,0.0700812,0.0982468,0.0710308,0.1041398,0.0664998,0.1041556,0.0752082,0.108398,0.0703326,0.116032,0.0720136,0.1078882,0.077517,0.1034322,0.0722518,0.111193,0.0724858,0.1033674,0.0817106,0.1011976,0.0723608,0.0995694,0.0717786,0.111656,0.0711508,0.1166306,0.0695058,0.1173076,0.0726046,0.1051196,0.0745568,0.1114326,0.0747784,0.1052332,0.0692786,0.101619,0.0731478,0.103492,0.0788226,0.1064734,0.0711468,0.100825,0.0693384,0.1038602,0.0737392,0.1024938,0.071886,0.0959006,0.0710594,0.1155726
0.0595484,0.1140062,0.0709974,0.103816,0.0689004,0.105416,0.0799634,0.1074722,0.0698702,0.0999542,0.0696658,0.0991776,0.0705226,0.1043082,0.0657698,0.1037404,0.0750636,0.1080638,0.0692672,0.1153172,0.0704744,0.1076534,0.0784172,0.1030714,0.0716672,0.1115858,0.0719414,0.102627,0.0825414,0.1008958,0.0713604,0.0998146,0.072288,0.1109816,0.0710554,0.1162522,0.0704384,0.117,0.0724812,0.1056814,0.0743644,0.1106,0.0741072,0.1045492,0.0680202,0.1007652,0.0729578,0.1031596,0.0780082,0.107566,0.0711878,0.1005876,0.0695136,0.1053424,0.07338,0.1028384,0.0716538,0.095264,0.070867,0.1163728
0.059892,0.1140482,0.069996,0.1041048,0.0694212,0.1043986,0.0806832,0.1075908,0.0683842,0.0998458,0.0707758,0.0986104,0.0707186,0.1035308,0.0653276,0.1049184,0.0757178,0.1086928,0.0691878,0.1155734,0.0696686,0.1071406,0.0787046,0.104669,0.071262,0.1110786,0.072106,0.1017634,0.082946,0.101759,0.0718938,0.1004982,0.0736034,0.1128702,0.0707376,0.1164736,0.070259,0.1161812,0.075538,0.1053314,0.0741686,0.1109104,0.0742244,0.1041118,0.068005,0.1000396,0.071496,0.1038806,0.0765276,0.1065448,0.0712006,0.0989834,0.0695882,0.1053736,0.073858,0.1018842,0.0721996,0.095733,0.070841,0.117894
0.059948,0.1136718,0.0711206,0.1035158,0.0691718,0.102391,0.0800444,0.1069024,0.0686494,0.09988,0.07119,0.0986514,0.0712146,0.1029716,0.0660328,0.1046836,0.075186,0.1082192,0.0698808,0.115848,0.0695658,0.1085164,0.0777278,0.104745,0.0719206,0.1103248,0.072965,0.1011358,0.0820914,0.100968,0.0715806,0.1001808,0.0746344,0.1129008,0.071403,0.1172118,0.071418,0.1158116,0.0757806,0.1053998,0.0735338,0.1123174,0.0728734,0.103631,0.0677114,0.099812,0.071603,0.1036072,0.076065,0.1058244,0.0727952,0.099637,0.0696734,0.1050082,0.0739888,0.1014258,0.0724128,0.0954752,0.0714268,0.118333
0.0607398,0.1134094,0.0714144,0.1046798,0.0692702,0.1030856,0.0788566,0.106187,0.0691106,0.0998386,0.0708592,0.0977616,0.0705772,0.1027818,0.0651022,0.1031934,0.075681,0.1084848,0.0681664,0.11579,0.0700776,0.1089058,0.0778442,0.103811,0.0712935,0.1114304,0.0724556,0.101636,0.0829848,0.1003418,0.0715446,0.1004448,0.074898,0.1127016,0.0718582,0.1168906,0.072,0.1156132,0.0752844,0.1049816,0.0740208,0.1107868,0.073081,0.1040926,0.068159,0.100253,0.0717794,0.1043222,0.0758914,0.1054228,0.0728876,0.099708,0.0694782,0.1046602,0.072636,0.1000154,0.0721462,0.0942334,0.0715604,0.1165706
0.0606836,0.1125124,0.0706678,0.1046714,0.0692624,0.1025666,0.078771,0.1075874,0.069568,0.0988626,0.0707864,0.0984822,0.0710398,0.1017586,0.0658652,0.1039808,0.075655,0.109183,0.069419,0.114418,0.0712224,0.1105582,0.0772202,0.1045698,0.072628,0.1114628,0.0727474,0.0998172,0.083931,0.0997418,0.0719718,0.1003646,0.0740828,0.1134144,0.0711874,0.1166316,0.0716722,0.1154994,0.0750762,0.1052734,0.0732738,0.1127724,0.0719288,0.1034986,0.0678274,0.1000608,0.0704646,0.1033674,0.0758922,0.1056632,0.0725706,0.1002502,0.068021,0.1038166,0.0717772,0.0988588,0.072592,0.0943874,0.071498,0.1161118
0.0608664,0.1132212,0.0714732,0.1034354,0.0701906,0.1027084,0.0791348,0.108794,0.0694626,0.099344,0.0698156,0.0981142,0.0708376,0.1017816,0.0662768,0.1038324,0.076715,0.1090004,0.069581,0.11423,0.0716734,0.1110458,0.0771894,0.1031942,0.071775,0.1106926,0.0716128,0.099336,0.0830466,0.1002072,0.0711294,0.1006246,0.0739276,0.1137526,0.0705574,0.1186472,0.0714806,0.1154882,0.0759876,0.1038572,0.0738514,0.1133958,0.0726778,0.1026292,0.0681628,0.1006194,0.0708642,0.104008,0.0763798,0.1060462,0.072834,0.0993056,0.0686728,0.1034704,0.0726506,0.0998918,0.0726036,0.0929694,0.0728968,0.1156242
0.0607496,0.1132048,0.0715648,0.1026008,0.0702148,0.1029452,0.0783476,0.1093086,0.0708982,0.0984632,0.0697398,0.0979126,0.0711644,0.1014064,0.0654908,0.105033,0.0758206,0.1084178,0.0707872,0.1131262,0.071583,0.1112632,0.0764014,0.1041384,0.0720226,0.1101758,0.0706658,0.1001142,0.0837676,0.1003866,0.0711282,0.0999438,0.0743348,0.1149788,0.0709036,0.1189168,0.072636,0.1145766,0.077135,0.1032152,0.073621,0.114053,0.071935,0.1020742,0.069163,0.1021868,0.0703196,0.1035234,0.0766664,0.1045036,0.0729184,0.1004814,0.0683908,0.1042428,0.0732796,0.0990186,0.072923,0.092549,0.0731212,0.1158076
0.0614346,0.1119132,0.0708424,0.1029164,0.0713368,0.1017316,0.077491,0.1078122,0.0704572,0.0992492,0.0699086,0.0976486,0.0715528,0.1001998,0.0650326,0.104657,0.0749954,0.1092474,0.0711996,0.113129,0.071128,0.111201,0.0761558,0.1033124,0.071055,0.1102022,0.0701684,0.0995752,0.0830262,0.1010344,0.0707218,0.0998846,0.0742142,0.1143754,0.0708406,0.119018,0.0726356,0.1140246,0.0776174,0.1032056,0.0740586,0.113482,0.071444,0.1008844,0.0687858,0.1032164,0.0704774,0.102451,0.075992,0.104678,0.0729106,0.0994352,0.0695642,0.105926,0.0740298,0.099155,0.0734186,0.0921606,0.0731394,0.1147546
0.0621384,0.1110166,0.070329,0.1030438,0.0705278,0.1008206,0.0766724,0.1082824,0.0708316,0.0992162,0.0714192,0.0984006,0.071951,0.0998832,0.065564,0.1053862,0.0758418,0.1092266,0.070899,0.114006,0.0719756,0.111452,0.0765856,0.1032074,0.0714612,0.1100648,0.0699972,0.0988844,0.0827738,0.1006364,0.0710774,0.0999388,0.0738354,0.1145612,0.0714606,0.1189776,0.0734326,0.1154526,0.07732,0.1039372,0.074262,0.1123586,0.0718568,0.1007184,0.0675352,0.1040342,0.0695654,0.1028452,0.0760246,0.1046276,0.0732696,0.099048,0.069121,0.104386,0.0742716,0.0991096,0.0734292,0.0914942,0.0727496,0.1154688
0.061599,0.1100288,0.0704256,0.1032806,0.0704954,0.1019916,0.0773126,0.1081478,0.0701158,0.0972498,0.0717374,0.0958158,0.0725928,0.100881,0.0649888,0.1061872,0.0759776,0.1071956,0.0705544,0.1143458,0.0715472,0.1105832,0.0767262,0.1036048,0.0715976,0.1101358,0.0703986,0.0987238,0.0838478,0.1010258,0.0711668,0.1000618,0.0752152,0.1140378,0.0713973,0.1184236,0.0730562,0.116135,0.0778902,0.105597,0.0740226,0.1121804,0.0730072,0.1012882,0.0668648,0.1049282,0.0693118,0.1040428,0.076818,0.1036046,0.073025,0.0984788,0.0685584,0.1042724,0.0752388,0.0979954,0.0737266,0.0906788,0.0716886,0.1153052
0.0607466,0.110283,0.0690878,0.1036178,0.0698088,0.099928,0.0777262,0.1067956,0.0717218,0.0951476,0.0716952,0.0951188,0.0723388,0.1013482,0.064858,0.1057582,0.0747098,0.106902,0.0698048,0.114901,0.0711318,0.1112338,0.076937,0.1037222,0.0716376,0.1108802,0.0707184,0.0994078,0.083227,0.1017608,0.0710064,0.0998504,0.0758992,0.1143074,0.0724351,0.1189446,0.0734654,0.1166042,0.076864,0.1053962,0.0742704,0.1111744,0.0739758,0.1025648,0.06782,0.105127,0.0691046,0.1045608,0.0779342,0.1044074,0.0723224,0.0983258,0.0692222,0.1029466,0.0744272,0.0977288,0.0735714,0.090829,0.0715058,0.1164428
0.0604678,0.1094016,0.068564,0.1029774,0.0701808,0.0983702,0.0783984,0.1065784,0.070865,0.0951114,0.0722306,0.0962794,0.0715144,0.1001776,0.0651984,0.1056002,0.0749632,0.1058404,0.0708852,0.1155676,0.0722306,0.1106034,0.0771236,0.1041984,0.0727824,0.1096808,0.0717052,0.098801,0.0832958,0.1007156,0.0711524,0.1009872,0.07534,0.114561,0.0710319,0.1187406,0.0741708,0.1154474,0.0762818,0.1039202,0.0739704,0.112104,0.0743914,0.1018628,0.065868,0.104647,0.068319,0.1044722,0.077731,0.104862,0.0725596,0.0968246,0.0686136,0.104859,0.0746252,0.0985398,0.0745274,0.0915586,0.071658,0.1159614
0.0601916,0.1099748,0.067816,0.102334,0.0691948,0.0985234,0.0790196,0.1051588,0.0723378,0.0946372,0.0725032,0.0969282,0.0722872,0.1010724,0.0661024,0.1057602,0.0750222,0.1079132,0.0710954,0.1152154,0.0719746,0.1092938,0.078301,0.1040982,0.072253,0.1096716,0.0722832,0.0989632,0.081591,0.1009654,0.070533,0.1011462,0.0750186,0.1141902,0.0710585,0.11848,0.0745902,0.1162916,0.0757154,0.103383,0.0749822,0.1112624,0.0738428,0.1018794,0.0651158,0.1039282,0.0688228,0.1033232,0.0766332,0.105681,0.07188,0.096289,0.068528,0.1049962,0.0752236,0.0969244,0.073704,0.0920868,0.0703914,0.1160098
0.0603584,0.1081682,0.0683296,0.1022264,0.0688604,0.0996756,0.0783068,0.1048612,0.0724162,0.0943674,0.0721886,0.0958908,0.0716602,0.1007242,0.0664072,0.1057556,0.0754826,0.1065726,0.0713478,0.1149552,0.0735026,0.1092646,0.0784058,0.1025104,0.072346,0.1101406,0.0716396,0.0975616,0.0820196,0.100734,0.0700942,0.1008166,0.076473,0.1134666,0.0712149,0.1186098,0.0746904,0.116894,0.0753542,0.1044106,0.0750848,0.1106728,0.0746446,0.1019042,0.064309,0.1040256,0.068642,0.1042926,0.076609,0.1041468,0.0713002,0.0953966,0.0688122,0.1036744,0.0754986,0.097197,0.0738452,0.0918058,0.0701788,0.1149708
0.0607846,0.1084256,0.069011,0.1011442,0.0682648,0.0994818,0.0776638,0.1042626,0.0728848,0.0932778,0.0709596,0.0970088,0.072129,0.1010984,0.0660068,0.1036064,0.076166,0.1076284,0.0704816,0.1137052,0.0737358,0.1086798,0.0778906,0.1015968,0.0712662,0.1114358,0.0717536,0.0978984,0.0812168,0.101311,0.0694298,0.1013656,0.077528,0.1132234,0.0718433,0.1182678,0.0752246,0.1163408,0.0752724,0.1053828,0.0749946,0.1111032,0.0744828,0.1018322,0.06515,0.1038888,0.0691564,0.1057554,0.0767422,0.1050078,0.072293,0.0963178,0.0693148,0.1024552,0.075605,0.0965208,0.0738658,0.0927032,0.0704892,0.115934
0.0605328,0.1084878,0.0698874,0.1017196,0.0691428,0.0981794,0.0783362,0.1043706,0.073323,0.0943282,0.0717148,0.09734,0.071816,0.0995398,0.0664628,0.103946,0.077033,0.1081058,0.0698308,0.1131192,0.0728404,0.1096708,0.0768298,0.1002816,0.071791,0.1111042,0.0707708,0.097259,0.0800226,0.1011904,0.0699838,0.1017662,0.0766564,0.1145674,0.0713082,0.1173878,0.0752344,0.116781,0.075434,0.106926,0.0740228,0.112044,0.0747434,0.1003182,0.0658056,0.1043338,0.0674478,0.106305,0.077551,0.103655,0.0719544,0.0964928,0.069622,0.1016516,0.0758602,0.0959768,0.073796,0.091813,0.0710242,0.1158572
0.060117,0.1095108,0.0703818,0.1024208,0.0697274,0.0983342,0.080262,0.1037942,0.0738422,0.0927884,0.0718564,0.0955932,0.071301,0.0997612,0.065838,0.1024688,0.0767304,0.1065688,0.0702272,0.113776,0.0732176,0.1092318,0.0761554,0.0989386,0.0711518,0.1097256,0.0702166,0.0969906,0.0803174,0.1007404,0.0691268,0.1013644,0.0771336,0.1149632,0.0721524,0.1175932,0.0740168,0.1178988,0.0761614,0.1069882,0.0747922,0.1115832,0.07513,0.1006548,0.0658426,0.1042054,0.0670264,0.1061348,0.0759672,0.102687,0.0722122,0.0959874,0.0704984,0.1015184,0.0754318,0.0952288,0.0740952,0.0915294,0.0712782,0.1141718
0.0607102,0.1085234,0.0699774,0.102262,0.0686814,0.0986304,0.0805184,0.1037502,0.0743512,0.0934832,0.071085,0.0952108,0.071477,0.100601,0.065207,0.101675,0.0757678,0.106943,0.070946,0.1135058,0.0744404,0.1084208,0.0775224,0.0984408,0.0718418,0.107608,0.0713552,0.0968802,0.0807856,0.098735,0.0690076,0.1011522,0.0769154,0.1161994,0.0719518,0.1167384,0.0734782,0.1178422,0.076898,0.1079548,0.0767804,0.110703,0.0751068,0.1009852,0.0661538,0.10439,0.0675756,0.1061252,0.0764554,0.1027464,0.0719858,0.0964676,0.0705978,0.1010222,0.0750854,0.094037,0.0745836,0.0919582,0.070121,0.1151848
0.0613268,0.1082218,0.0693552,0.1016042,0.0693876,0.0985512,0.079368,0.1040774,0.0740652,0.0931984,0.0716806,0.0939784,0.0720852,0.0995554,0.0662312,0.1021668,0.0752448,0.1077354,0.0708792,0.1127866,0.0736232,0.1091838,0.0770938,0.0981496,0.0730772,0.1066124,0.070701,0.0958184,0.0808816,0.0995462,0.07057,0.100688,0.077064,0.1169516,0.0718354,0.1152664,0.0736896,0.1195588,0.0762448,0.1088992,0.0761242,0.1110324,0.075671,0.1020244,0.0688198,0.103369,0.0685818,0.1051356,0.0773558,0.1034322,0.0719056,0.0966928,0.0699164,0.1018532,0.0745976,0.0926098,0.0748152,0.0907604,0.0696408,0.1166088
0.0611242,0.1068154,0.0690028,0.101843,0.0689022,0.0976212,0.0799182,0.1037232,0.073158,0.093175,0.0714428,0.0933484,0.0727358,0.0989336,0.0663482,0.1020914,0.0753862,0.1082578,0.0708552,0.1117436,0.0738962,0.1083832,0.0769646,0.0986672,0.0737686,0.1070706,0.0709878,0.0956616,0.081539,0.0986464,0.068873,0.1002492,0.0771312,0.1159798,0.071776,0.1148968,0.075102,0.1192818,0.0755142,0.108602,0.076476,0.111062,0.074653,0.1025746,0.0713004,0.1040416,0.0683568,0.1051536,0.0775884,0.1035006,0.071213,0.094931,0.0695598,0.1015136,0.0746396,0.0928558,0.0743248,0.0904138,0.069423,0.1168334
0.0608684,0.106219,0.0681966,0.1019294,0.0696514,0.0967618,0.0803624,0.1040486,0.0742182,0.0935226,0.0726962,0.093512,0.071573,0.0970188,0.0660122,0.102971,0.075057,0.1093064,0.0704716,0.1113718,0.0736256,0.1080504,0.0779692,0.098692,0.0740754,0.1071048,0.0703878,0.0959628,0.0812148,0.0974418,0.0695814,0.1003316,0.07628,0.1165252,0.0710768,0.1158876,0.0738664,0.1186496,0.0765928,0.1090826,0.0763736,0.1112288,0.0736384,0.1037642,0.071221,0.1044026,0.0676632,0.1037656,0.0780868,0.1033668,0.0715928,0.0955046,0.0685458,0.1016922,0.074138,0.0938528,0.0737398,0.0899234,0.0692454,0.116927
0.0615446,0.1078148,0.0690834,0.1014208,0.0696444,0.0965308,0.0795832,0.1034946,0.075136,0.0934818,0.0725916,0.0932662,0.0706854,0.0972204,0.0662012,0.1032162,0.073957,0.1099656,0.070111,0.1125428,0.0737874,0.1078004,0.0767644,0.0985694,0.0729564,0.1045828,0.0707774,0.0963646,0.0819246,0.0964926,0.0680192,0.1007022,0.076095,0.1163526,0.0715972,0.1158872,0.0752138,0.118327,0.0768814,0.1084664,0.0758752,0.1118464,0.0741318,0.1020154,0.0717912,0.1024808,0.0680108,0.1050952,0.077733,0.1023862,0.071823,0.095077,0.069562,0.1016956,0.0737184,0.0941014,0.0734524,0.0893158,0.06834,0.1164662
0.0610692,0.1069616,0.0690366,0.100043,0.069658,0.0961126,0.0787778,0.1038302,0.0758594,0.093443,0.072578,0.094186,0.0702046,0.0980516,0.0664248,0.1039012,0.0733538,0.1092408,0.0697362,0.1129618,0.0731028,0.107955,0.077271,0.099151,0.071499,0.1047552,0.0703726,0.095639,0.0816486,0.0959158,0.067921,0.1005426,0.0756622,0.116542,0.0718644,0.1155354,0.0758688,0.118437,0.0774832,0.1093794,0.075943,0.1130722,0.0740304,0.1021188,0.071175,0.1038274,0.0670488,0.1052004,0.0777248,0.1013472,0.0718464,0.0946724,0.0698624,0.1018478,0.0743358,0.0947582,0.0729818,0.0900962,0.0686576,0.1147598
0.061234,0.1058238,0.0674448,0.1012362,0.0705626,0.0957646,0.0783848,0.1038198,0.0773348,0.096181,0.0733374,0.0938844,0.0713074,0.0982058,0.0658362,0.1036984,0.0733526,0.1091548,0.0691674,0.112852,0.0731212,0.1077866,0.0768808,0.0994904,0.0710814,0.1047176,0.0721498,0.0938022,0.0813028,0.0951656,0.070486,0.100736,0.075044,0.1167484,0.0711804,0.1150262,0.0756692,0.1168684,0.0763982,0.1101418,0.07633,0.112338,0.0730442,0.1029684,0.0714286,0.103589,0.0677638,0.105576,0.0774142,0.1008652,0.0723474,0.0936016,0.0699776,0.100943,0.073897,0.094987,0.072943,0.09037,0.06879,0.1155342
0.061713,0.1041222,0.0668992,0.101821,0.0710042,0.0952342,0.0782314,0.1027658,0.0761206,0.0960464,0.0728002,0.0948776,0.0728904,0.0989606,0.0657694,0.1029424,0.0727982,0.109242,0.069489,0.1124278,0.0746804,0.1075948,0.07698,0.0988366,0.0707704,0.1040592,0.0719058,0.0940346,0.081026,0.095639,0.071249,0.1006684,0.0745232,0.1172064,0.070313,0.1145678,0.0760206,0.116743,0.075778,0.1101138,0.0773328,0.1115918,0.0732616,0.101744,0.071267,0.1027412,0.0676868,0.1055294,0.0778388,0.1000946,0.0718096,0.0949314,0.0692596,0.1010098,0.074775,0.0940122,0.0723386,0.090282,0.069136,0.114446
0.0613926,0.1035082,0.0667366,0.1016978,0.0725627,0.0957306,0.0789764,0.1018878,0.0759704,0.0951112,0.0747094,0.0932716,0.0728728,0.0980796,0.066447,0.1025902,0.0727688,0.1095626,0.0700904,0.1123778,0.0758948,0.1093642,0.0781698,0.0991648,0.0703064,0.1034566,0.0712158,0.0938428,0.08155,0.0962852,0.0717798,0.1003424,0.0738414,0.117495,0.0704412,0.1152896,0.0750374,0.116706,0.077559,0.1091162,0.0774902,0.1123108,0.074424,0.1015204,0.0704606,0.1021086,0.0680932,0.1058188,0.0775824,0.0996026,0.0717032,0.094872,0.0692626,0.1016348,0.0748618,0.0953734,0.0732856,0.0908594,0.068759,0.113321
0.0621278,0.1035122,0.0676344,0.1006484,0.0723597,0.096416,0.0787936,0.1019094,0.0763312,0.0938462,0.0726632,0.092108,0.0726664,0.0985298,0.0660816,0.1012056,0.072384,0.1094758,0.0699578,0.11215,0.0748394,0.1097688,0.079625,0.0985178,0.0700278,0.1041986,0.0715918,0.094144,0.081326,0.09655,0.0712972,0.0995944,0.0730798,0.1178718,0.0706164,0.1149376,0.0758706,0.1141298,0.078484,0.10889,0.0775156,0.112045,0.0732338,0.1013884,0.0696252,0.100676,0.0684162,0.1058652,0.0772878,0.0993232,0.0724096,0.0949394,0.0704538,0.1014866,0.073495,0.0955956,0.0734246,0.0909604,0.0690798,0.1140576
0.0628498,0.1042312,0.0680494,0.0990068,0.0712871,0.0955762,0.0783052,0.1020878,0.0762638,0.0942286,0.073514,0.0928484,0.07266,0.0985348,0.0656068,0.100548,0.0708206,0.1094948,0.0704518,0.111126,0.0751098,0.1111496,0.0791266,0.0979256,0.0704168,0.103775,0.0711542,0.093218,0.0815116,0.096806,0.0714668,0.098607,0.0721968,0.116463,0.0707682,0.1147666,0.0757758,0.1155544,0.0787332,0.109918,0.0777306,0.111137,0.0741972,0.1006768,0.0696646,0.1001186,0.0680074,0.10437,0.0774654,0.100408,0.0737482,0.0959002,0.0704504,0.1026446,0.0729726,0.0953094,0.07536,0.0910562,0.0704032,0.112068
0.0634256,0.1053788,0.068155,0.0998444,0.0718027,0.094124,0.0772744,0.1004734,0.0764208,0.09424,0.0727372,0.0927052,0.073133,0.0973338,0.0653834,0.101249,0.0702022,0.1091678,0.0707272,0.110653,0.0749024,0.1102576,0.0782116,0.0972194,0.0746562,0.1031234,0.0725224,0.0935382,0.081203,0.096465,0.0717858,0.098408,0.0721368,0.1148374,0.0716006,0.11476,0.0768718,0.1145658,0.0798512,0.108891,0.0782108,0.1124316,0.0739972,0.100348,0.0693286,0.1000734,0.0682288,0.1036302,0.0774394,0.1004868,0.073182,0.0953166,0.0702482,0.1020928,0.0727518,0.0949412,0.0753786,0.0913284,0.07023,0.1119096
0.063806,0.1066174,0.0677198,0.099019,0.0712947,0.0936036,0.0760946,0.101265,0.076633,0.093582,0.0721198,0.0917108,0.0720902,0.097658,0.064798,0.1020996,0.0708698,0.1088066,0.0707434,0.111832,0.074376,0.1089272,0.0778584,0.0969354,0.0741486,0.1020572,0.0732774,0.0923626,0.0798618,0.095081,0.0713454,0.0999562,0.0725238,0.1130152,0.072239,0.1151384,0.0757112,0.1139556,0.0793188,0.1078632,0.078873,0.1115916,0.0736106,0.0991274,0.0688708,0.099076,0.0691396,0.1038336,0.0780722,0.0995466,0.0737296,0.094819,0.0713596,0.1018092,0.0728182,0.0949628,0.074674,0.0908496,0.0696618,0.112558
0.06339,0.1044474,0.0675912,0.099757,0.0722308,0.0924594,0.0761726,0.0994316,0.0756782,0.0921192,0.0722622,0.0912136,0.070945,0.0964506,0.0648498,0.1022526,0.0715562,0.108913,0.0700986,0.1089572,0.073421,0.1099352,0.0790158,0.096228,0.0748012,0.1011068,0.0735536,0.0933002,0.079255,0.0944008,0.0712442,0.100059,0.0713834,0.1114686,0.0736204,0.115545,0.0753682,0.1145694,0.079437,0.1083724,0.0793196,0.1108134,0.0738068,0.098566,0.069505,0.0990954,0.068538,0.103742,0.07713,0.0988646,0.073977,0.0960194,0.0719728,0.1015186,0.072551,0.0945374,0.0742346,0.091742,0.069787,0.1120298
0.062942,0.1038604,0.0668862,0.0985114,0.0724208,0.0927818,0.0743184,0.0994284,0.0741538,0.0923938,0.072311,0.0917986,0.0705774,0.094813,0.0641232,0.1019986,0.0707992,0.1089184,0.0699124,0.108388,0.07358,0.110558,0.0788716,0.096145,0.075149,0.1015184,0.0734274,0.0925876,0.07884,0.0931306,0.0710208,0.0994488,0.0724636,0.112202,0.071849,0.115477,0.0753732,0.1162656,0.0789426,0.108298,0.079272,0.111513,0.0747182,0.0974106,0.0697116,0.0981614,0.0678056,0.1047374,0.0770038,0.0979512,0.0737272,0.0984918,0.0713726,0.1022066,0.073023,0.0953514,0.0742306,0.0923144,0.0692078,0.1123982
0.0625638,0.1033528,0.0678522,0.098742,0.0725896,0.0932778,0.0735586,0.0985064,0.0733462,0.0942308,0.072119,0.0923782,0.0705718,0.0950576,0.065712,0.10205,0.0716538,0.1087884,0.0702956,0.1087946,0.0732912,0.1101572,0.0780314,0.0956924,0.0753952,0.1018194,0.0726542,0.091142,0.0784832,0.0940536,0.071627,0.0989686,0.0723556,0.1129752,0.0720306,0.1144146,0.075119,0.116349,0.0778552,0.1088664,0.0787222,0.1099566,0.0749526,0.096889,0.069527,0.0986284,0.0687818,0.1039518,0.0770796,0.098985,0.0729738,0.0970596,0.0712888,0.1027306,0.0738612,0.096331,0.0731744,0.0922024,0.0691534,0.1145442
0.0624734,0.1031454,0.0679084,0.0989126,0.0715934,0.0918946,0.0743916,0.0988476,0.0737018,0.09304,0.0726006,0.0915994,0.070708,0.0947214,0.0659982,0.1022506,0.0713592,0.1091828,0.06973,0.1098658,0.07364,0.110082,0.0779156,0.0958374,0.0749594,0.101697,0.0721234,0.0912962,0.0769038,0.0940448,0.0718928,0.0990204,0.0730094,0.1133578,0.0731526,0.1146098,0.0746094,0.1156204,0.0773602,0.1076522,0.0781542,0.1091124,0.0746336,0.097033,0.0698034,0.0983522,0.0684558,0.1056832,0.0768784,0.1014478,0.0729772,0.0965968,0.071684,0.1019482,0.0730212,0.096013,0.0722454,0.0923876,0.069074,0.1138246
0.0620676,0.1030168,0.067319,0.0992212,0.0717142,0.091776,0.0743848,0.0965854,0.0736616,0.09302,0.0718092,0.0917332,0.0707386,0.0935432,0.0656296,0.1027672,0.0712366,0.1098062,0.0691274,0.1090438,0.0735748,0.1094114,0.0772,0.094976,0.0754632,0.1003836,0.0721558,0.0907182,0.0777292,0.0950876,0.0728766,0.0983804,0.0735382,0.1138002,0.072369,0.1143914,0.0731854,0.115245,0.0777004,0.1076274,0.0780984,0.1095778,0.074673,0.0996086,0.0683298,0.098886,0.0688998,0.105583,0.0758332,0.0997566,0.0728056,0.0968326,0.07109,0.1016018,0.0734038,0.0960994,0.0720238,0.0923884,0.0686294,0.1134732
0.0622208,0.1020262,0.0666898,0.0979168,0.0723688,0.0908476,0.0760214,0.096658,0.0736712,0.0936854,0.071538,0.0916224,0.0710278,0.0933398,0.0661768,0.1034152,0.0716208,0.109601,0.0680424,0.1107112,0.0731316,0.109407,0.0768978,0.0949278,0.075373,0.0996034,0.0719,0.0898212,0.0782018,0.0949278,0.072841,0.0985874,0.0733978,0.1128152,0.0720764,0.1141208,0.0718458,0.1148728,0.0772844,0.1073534,0.0788036,0.10862,0.073922,0.100202,0.0688212,0.0976914,0.068277,0.1051572,0.0751454,0.101054,0.0727066,0.0966556,0.0697534,0.100338,0.0733784,0.0955712,0.0712532,0.0934806,0.0687094,0.1133336
0.0621334,0.1031722,0.0665412,0.0981574,0.072272,0.0909828,0.0761956,0.0962178,0.0731338,0.0943166,0.0716246,0.0902172,0.0703348,0.094365,0.0665538,0.105329,0.072311,0.1097638,0.0672154,0.1109116,0.072437,0.1086212,0.0779366,0.0943326,0.0745748,0.1005268,0.0726828,0.0905288,0.0781858,0.0949434,0.0732246,0.0974284,0.072097,0.1116458,0.0732024,0.1140924,0.0739622,0.1163618,0.0771,0.1070174,0.0779224,0.1087218,0.0746048,0.0991472,0.0690934,0.0972634,0.0685846,0.104884,0.0749256,0.1018022,0.0724456,0.09651,0.0696502,0.0993948,0.0737796,0.0960342,0.0719834,0.091781,0.0696552,0.1109466
0.0624712,0.1032402,0.0666476,0.0973424,0.0722414,0.0918742,0.076503,0.0961384,0.074177,0.0940024,0.0709862,0.0899944,0.070597,0.0932292,0.0667206,0.1053278,0.071905,0.1098408,0.0675826,0.1108556,0.073818,0.1071774,0.077636,0.0937462,0.0754116,0.09963,0.073182,0.0892364,0.0786628,0.09407,0.0733164,0.0967448,0.072116,0.1127408,0.0740438,0.1132166,0.073472,0.1177356,0.077383,0.1067218,0.0782666,0.1096674,0.0749522,0.1008394,0.0707802,0.0970778,0.0681598,0.1052064,0.074101,0.1010418,0.0726276,0.0960446,0.069475,0.1003608,0.072739,0.095238,0.0723456,0.0907304,0.0691726,0.1103998
0.064002,0.1031042,0.0690928,0.0960736,0.0720888,0.0934608,0.0770444,0.0970542,0.0741866,0.093479,0.070781,0.091067,0.0702012,0.0945342,0.0667804,0.1049746,0.0727092,0.110781,0.0678162,0.1103568,0.0742728,0.1071702,0.0771164,0.0935096,0.0748178,0.0991446,0.07195,0.0888446,0.0784978,0.0940612,0.072238,0.0961714,0.0713288,0.1120526,0.0737668,0.1133226,0.0739478,0.1168582,0.0774306,0.1069772,0.0772872,0.1090808,0.0744136,0.1007584,0.0704352,0.0976892,0.067627,0.104547,0.0742206,0.1002218,0.0735788,0.0941044,0.0698166,0.101643,0.0714608,0.094047,0.0710098,0.091993,0.0690194,0.1102394
0.064311,0.1014232,0.068586,0.09688,0.0713962,0.0936672,0.0761352,0.0958256,0.0740928,0.0924578,0.0720584,0.0902984,0.0706984,0.0943722,0.0658912,0.105253,0.0725038,0.1118478,0.0679658,0.1102066,0.0730138,0.1074048,0.0784122,0.093942,0.0755236,0.099173,0.0718046,0.0894082,0.0789536,0.093299,0.0732918,0.0958864,0.0707656,0.1117278,0.0734652,0.1115468,0.0738516,0.1161524,0.077237,0.1073626,0.077886,0.1074026,0.0732014,0.1001236,0.0706962,0.0986926,0.0688272,0.1059322,0.0741078,0.0995072,0.0742816,0.0950194,0.0706928,0.1013814,0.0721986,0.09302,0.0711182,0.0933406,0.0672068,0.1098346
0.0636878,0.0999028,0.0686188,0.0977602,0.0721986,0.0935472,0.0760422,0.095615,0.0748626,0.0923024,0.0707988,0.0900306,0.0705656,0.0954054,0.0651558,0.1057538,0.0743662,0.1107266,0.0680322,0.1104338,0.0733938,0.106146,0.0788198,0.0933852,0.076046,0.1012202,0.0714734,0.0886092,0.0788512,0.0933222,0.072349,0.0947052,0.0712844,0.1113608,0.0739818,0.111924,0.0736556,0.1156604,0.0777098,0.1083852,0.0785064,0.1074314,0.07352,0.1000902,0.0703654,0.0976628,0.0686522,0.1053734,0.0752356,0.0992068,0.0739902,0.0941966,0.0705706,0.1003182,0.0721466,0.0927768,0.0720632,0.095565,0.067201,0.109866
0.0636506,0.1000194,0.0684914,0.098745,0.0720954,0.0930054,0.077135,0.0964618,0.0744232,0.0912468,0.0706008,0.0907044,0.0700316,0.0966398,0.065198,0.1047522,0.0746192,0.1093896,0.0681514,0.1115622,0.0734458,0.106183,0.0781348,0.0935008,0.0769348,0.100283,0.0713,0.0881106,0.0790478,0.0935096,0.0719904,0.0956622,0.0704012,0.1113832,0.0738828,0.112985,0.0724212,0.1158746,0.0782462,0.1096158,0.0781864,0.1064774,0.0738824,0.0996032,0.0708258,0.0979896,0.0677018,0.1040784,0.0754006,0.0988014,0.072885,0.0927782,0.0712838,0.101634,0.0727252,0.091897,0.071881,0.0941046,0.0672434,0.1096884
0.0633222,0.0996316,0.068773,0.0987032,0.0715,0.093264,0.0776818,0.0958208,0.0745702,0.0912164,0.0703084,0.089645,0.0699222,0.095865,0.0647634,0.1045252,0.074152,0.108987,0.0696872,0.112226,0.0729318,0.1052926,0.0784164,0.0927944,0.0770774,0.1006218,0.071359,0.0866808,0.0795394,0.0932462,0.0713982,0.094657,0.070581,0.1112944,0.0726184,0.111238,0.0712878,0.1148858,0.0780834,0.1083236,0.0780994,0.1063766,0.074139,0.0989546,0.070844,0.0981318,0.0676188,0.1042806,0.0752384,0.0982404,0.072993,0.0946226,0.0714096,0.1002788,0.0726108,0.0919424,0.0722632,0.0930706,0.0682322,0.1082526
0.063395,0.1001274,0.069592,0.098136,0.071,0.0937988,0.0782592,0.0957022,0.0739652,0.090862,0.06949,0.088857,0.0694552,0.0969294,0.06464,0.104371,0.0736778,0.1072738,0.0691668,0.1111932,0.0730416,0.1036084,0.0786012,0.0925632,0.0778828,0.1004894,0.0719814,0.0864458,0.0796244,0.0931424,0.0711316,0.0943076,0.0695716,0.1119528,0.0719208,0.1108146,0.072796,0.1140538,0.077654,0.1094852,0.0774176,0.106277,0.0733726,0.0993658,0.070339,0.096551,0.0676516,0.1035682,0.0749858,0.0967006,0.072578,0.0939178,0.0718528,0.1003746,0.0730032,0.0914822,0.0730416,0.0925634,0.0683426,0.1068646
0.0639342,0.0995912,0.0694364,0.0979006,0.0716928,0.0932504,0.0767902,0.0958954,0.0737354,0.0906822,0.069539,0.0888864,0.0696328,0.0962042,0.0649568,0.1051974,0.0732358,0.1064906,0.0685772,0.1104314,0.0725614,0.1036428,0.077256,0.0935104,0.077366,0.1008224,0.0717472,0.0854614,0.0797374,0.0932904,0.0710086,0.0938318,0.0700012,0.11452,0.072286,0.1100762,0.0729244,0.1153818,0.078159,0.1091896,0.0767362,0.1070086,0.0735482,0.0997664,0.0702346,0.0967988,0.0667648,0.1031674,0.0746116,0.0973004,0.0707062,0.0942436,0.0713714,0.100139,0.0726732,0.0904742,0.072129,0.0931322,0.0672502,0.1069786
0.0636838,0.0994016,0.069708,0.0964424,0.0709204,0.0931342,0.0762522,0.096014,0.0738618,0.0911184,0.069824,0.0886488,0.0701698,0.095078,0.064652,0.1058418,0.0727328,0.1067492,0.0680414,0.1109716,0.0746828,0.1023194,0.0772726,0.0935708,0.077066,0.1010368,0.072068,0.08456,0.0805104,0.0915282,0.0702068,0.0937558,0.0705676,0.1134926,0.0722512,0.1102012,0.075686,0.1155386,0.0792308,0.1091124,0.0771426,0.1070014,0.0734944,0.0999732,0.0707926,0.0958092,0.0668292,0.1037264,0.0748862,0.0982488,0.0711666,0.0940904,0.0710902,0.1001414,0.0719926,0.0909714,0.072118,0.0924004,0.0669148,0.1050188
0.0640002,0.0999982,0.0693186,0.0964418,0.0710838,0.0928614,0.0769882,0.095744,0.073441,0.0914808,0.0702644,0.0896206,0.070695,0.094137,0.0638282,0.1065616,0.0738736,0.106114,0.0691142,0.109814,0.0745438,0.1030366,0.077246,0.0928636,0.0768096,0.1016658,0.0722118,0.0847892,0.0828422,0.0907434,0.0703748,0.0931266,0.0713086,0.1131406,0.0727044,0.110353,0.0755976,0.115845,0.0786766,0.107453,0.0772664,0.10585,0.0734448,0.1003856,0.0716366,0.0949924,0.067138,0.1038238,0.075424,0.0985986,0.0703244,0.0931286,0.0697532,0.1000326,0.0720704,0.0912934,0.0726014,0.092929,0.0676874,0.1053076
0.0649314,0.1014214,0.070083,0.0960824,0.0715772,0.093372,0.0776436,0.095455,0.0726372,0.0922822,0.0716676,0.0903624,0.0695864,0.0944968,0.063512,0.1056068,0.073865,0.1045878,0.0687292,0.1107378,0.0747594,0.1015908,0.0774408,0.0928758,0.0774716,0.1009432,0.073013,0.0830778,0.0817622,0.0920456,0.0705746,0.0938002,0.072472,0.114061,0.0732016,0.1101794,0.0752646,0.1148376,0.0789182,0.108437,0.0779466,0.106185,0.0736792,0.0990086,0.0721874,0.0943348,0.066759,0.1042,0.0763084,0.0965982,0.0708978,0.092844,0.0701986,0.1017198,0.073037,0.0917662,0.0729686,0.0919422,0.0677674,0.1059326
0.0648146,0.1003564,0.0692196,0.0954226,0.0714128,0.093659,0.0787466,0.0937932,0.0733976,0.0915252,0.071992,0.0899066,0.0694016,0.0942174,0.0633736,0.105075,0.0730622,0.104724,0.0693844,0.1113426,0.0744706,0.102452,0.0769036,0.0921602,0.076894,0.10019,0.0737544,0.0832758,0.0813676,0.092594,0.0699096,0.0930184,0.0723272,0.114343,0.0754968,0.109558,0.0747808,0.1146698,0.0785354,0.1065198,0.077063,0.1075916,0.0733728,0.0990064,0.0723446,0.0968136,0.067383,0.1045014,0.0762946,0.095542,0.0714534,0.0918586,0.0692264,0.1006338,0.0731574,0.091206,0.0724396,0.0917444,0.0670528,0.1046654
0.0641464,0.0999862,0.0703894,0.0958092,0.0699386,0.0925154,0.0789328,0.0933968,0.0736936,0.0911586,0.0728988,0.0895664,0.0701058,0.0953614,0.0663168,0.1055248,0.0734132,0.1045372,0.0690868,0.1137682,0.0743086,0.1007934,0.0773572,0.0916344,0.0783896,0.0989096,0.072616,0.0844672,0.0813908,0.092115,0.0691368,0.093613,0.0715998,0.1138164,0.0754802,0.1112382,0.0746708,0.1141848,0.0780628,0.1050598,0.0779996,0.106649,0.072666,0.0991084,0.072727,0.094948,0.0670768,0.1050204,0.0760058,0.0956052,0.0714392,0.0911328,0.0688434,0.1011748,0.0730902,0.0907462,0.0724762,0.0917644,0.0672006,0.104792
0.0649004,0.1001784,0.070527,0.09543,0.0692774,0.0939768,0.0789376,0.0932688,0.0736826,0.0915584,0.0716916,0.0899416,0.0701242,0.0959172,0.0676102,0.1053916,0.0731368,0.1054236,0.067676,0.1130172,0.0748934,0.1004372,0.0785368,0.0922038,0.0790568,0.0980582,0.0716668,0.084291,0.079574,0.0921418,0.0693308,0.0933198,0.0719394,0.113041,0.0752848,0.108463,0.073785,0.113391,0.0785108,0.1048252,0.0767634,0.105764,0.072072,0.097664,0.0716676,0.0952006,0.066688,0.1060372,0.0759524,0.0960984,0.0714958,0.0920972,0.069287,0.101699,0.0732282,0.0906782,0.0717962,0.0913418,0.0677654,0.1051742
0.0649322,0.1004944,0.0686264,0.0940126,0.0704558,0.0933266,0.079194,0.0943404,0.0721344,0.09109,0.0713116,0.0902994,0.0702284,0.0949008,0.0682454,0.1064228,0.0728512,0.105207,0.067759,0.1132754,0.0745394,0.1006884,0.0780304,0.0916946,0.0789278,0.0990804,0.0719054,0.0840712,0.079009,0.0910766,0.069072,0.0921124,0.0728852,0.1146322,0.0751968,0.107293,0.073063,0.1119204,0.0778922,0.102212,0.0769982,0.1063366,0.0721588,0.0990166,0.0719524,0.095384,0.065858,0.1070734,0.076162,0.0957182,0.0716364,0.0920732,0.0689328,0.1004574,0.0731126,0.0904168,0.0716712,0.091163,0.067282,0.1060272
0.064693,0.1006308,0.0675812,0.0925884,0.0704024,0.0928432,0.0779544,0.0940336,0.0713846,0.09116,0.0717534,0.0899014,0.0701028,0.0944674,0.067296,0.1068334,0.0729442,0.1050764,0.0679558,0.1138402,0.074516,0.1010634,0.0758682,0.0911562,0.079369,0.1002704,0.072339,0.0848472,0.0790592,0.091142,0.068638,0.092206,0.073599,0.114379,0.074894,0.1058404,0.075059,0.1118574,0.0782842,0.1023456,0.0762904,0.1078864,0.0727204,0.0999004,0.0715674,0.0952584,0.066293,0.1061732,0.0757678,0.0946178,0.0702034,0.0919816,0.0699166,0.0996352,0.0731096,0.0898822,0.0719462,0.0907094,0.0670196,0.1051592
0.0655988,0.1019296,0.06783,0.0932026,0.0698628,0.0933336,0.0768916,0.0954314,0.07153,0.0914462,0.0705002,0.088662,0.0695972,0.0946964,0.067631,0.1062638,0.0723562,0.1046978,0.0668742,0.115415,0.0742854,0.1012192,0.0748738,0.0915258,0.0785248,0.0997878,0.0724408,0.0849628,0.0786192,0.0924592,0.0687176,0.0914886,0.072899,0.1129318,0.0762762,0.1054338,0.0749892,0.1107602,0.0776684,0.1019794,0.076467,0.1058422,0.0740486,0.0999436,0.0712458,0.094952,0.066599,0.1057924,0.0757322,0.0956514,0.0722326,0.0927516,0.069459,0.1003938,0.0735216,0.0886466,0.0723654,0.0920922,0.066447,0.1049584
0.0649348,0.1015222,0.0680594,0.0931546,0.0699476,0.0927408,0.0764138,0.093926,0.07306,0.090605,0.072315,0.0875488,0.0707842,0.0952332,0.0679162,0.1062652,0.0721898,0.104878,0.0663506,0.115004,0.074427,0.1013882,0.0742964,0.0915334,0.0775524,0.1000976,0.0722466,0.0854588,0.0797138,0.0928702,0.0697474,0.0900708,0.074061,0.1133634,0.0767388,0.1051888,0.0751168,0.1103948,0.0771514,0.1013314,0.0772414,0.105988,0.074449,0.0992376,0.070551,0.0946458,0.0665578,0.1064494,0.075335,0.0949666,0.0719706,0.0917164,0.0678996,0.0994304,0.0733586,0.0892594,0.0727404,0.0911608,0.0645776,0.1054484
0.0639452,0.101449,0.0676136,0.0917004,0.0699448,0.0921928,0.0759114,0.0932158,0.0731392,0.09127,0.0716646,0.087222,0.0696644,0.0950822,0.0675304,0.1071636,0.0720052,0.1051174,0.0672534,0.1149852,0.0748528,0.1025108,0.073832,0.0913992,0.0775222,0.0993148,0.0727554,0.0849638,0.0787164,0.0923938,0.0689394,0.0889686,0.074304,0.1127032,0.075989,0.1039372,0.0758778,0.1108668,0.0775924,0.1017644,0.0771998,0.1059384,0.074773,0.0992736,0.0706578,0.0948612,0.066834,0.1062354,0.0755926,0.096024,0.0708624,0.0921124,0.0683748,0.099251,0.0728464,0.090167,0.0729746,0.090576,0.0655294,0.1063696
0.0643052,0.1014052,0.0676766,0.0917292,0.0703338,0.0918728,0.075879,0.0922238,0.0724554,0.0910774,0.0708144,0.0876206,0.0695802,0.0943402,0.067978,0.1073496,0.0724968,0.1058322,0.0668164,0.1161638,0.0742158,0.1024818,0.0737246,0.091504,0.0771728,0.0994532,0.0731764,0.0857034,0.0770114,0.091554,0.0686332,0.088771,0.0751424,0.112391,0.0767498,0.103874,0.0762818,0.1120018,0.0766272,0.1021082,0.0777624,0.1054018,0.074388,0.0976752,0.0721232,0.095583,0.0667878,0.1059644,0.076675,0.0961812,0.0703674,0.0915058,0.0672812,0.0990176,0.0720604,0.089785,0.072611,0.0913706,0.0657124,0.1062718
0.065151,0.1012944,0.0678396,0.0929104,0.0702364,0.0906862,0.0758856,0.0928956,0.072586,0.0912936,0.0717074,0.0895072,0.0696886,0.0936884,0.0680612,0.1083928,0.0721,0.1052204,0.067403,0.115393,0.0736698,0.1022664,0.0736624,0.0917806,0.0771404,0.1014778,0.0736738,0.0860712,0.0769254,0.0913226,0.0691474,0.087924,0.0760378,0.110741,0.076539,0.1019714,0.0768308,0.1115558,0.0768512,0.1021142,0.0765878,0.1046166,0.0746916,0.097549,0.0701784,0.0967858,0.0672984,0.1058512,0.0761874,0.0961434,0.0707068,0.0912152,0.0673292,0.0998726,0.07183,0.0901982,0.0725516,0.0923526,0.0657736,0.1054984
0.0649926,0.1018762,0.0677832,0.0921762,0.0710914,0.0908586,0.0767338,0.0927992,0.0725676,0.0900196,0.0725066,0.0905814,0.0703012,0.0924558,0.0671304,0.1074254,0.0717286,0.104544,0.0672254,0.1154554,0.0735742,0.1009486,0.073418,0.091453,0.0766688,0.102464,0.0736418,0.0862868,0.0763972,0.0907032,0.0690816,0.0880274,0.0753398,0.1111066,0.0756652,0.1024844,0.0769284,0.1120976,0.077605,0.1025374,0.075918,0.1041208,0.0740138,0.096279,0.0696694,0.0963076,0.0676604,0.1049036,0.0769992,0.096159,0.0702804,0.0907108,0.0689096,0.1004056,0.0718792,0.0888366,0.072279,0.0919014,0.0661538,0.1063366
0.065269,0.0992818,0.067994,0.090528,0.0716882,0.0901116,0.0772768,0.092652,0.0722088,0.0902998,0.0729572,0.0899014,0.0709394,0.0929922,0.067079,0.1074374,0.07162,0.1062456,0.067773,0.1156218,0.0741668,0.100106,0.0733314,0.0915716,0.076483,0.1051592,0.0728994,0.0870268,0.0768446,0.0899554,0.0690442,0.0873142,0.0751488,0.1115222,0.0763912,0.1024512,0.0770236,0.111549,0.0778138,0.102714,0.0750354,0.102768,0.0740268,0.0959928,0.0702494,0.0958284,0.0678806,0.1049498,0.0764856,0.0966274,0.0706552,0.0900318,0.0692884,0.1004668,0.072631,0.0885638,0.072131,0.0926808,0.0659684,0.1054838
0.0647618,0.0988566,0.0682328,0.0900194,0.0729352,0.09187,0.0765494,0.0935632,0.070531,0.0902514,0.0735022,0.089672,0.0704952,0.0916998,0.066918,0.1081754,0.0706986,0.1058194,0.0682734,0.1154012,0.0742248,0.0996734,0.0749706,0.0920282,0.07652,0.105211,0.0728854,0.0853826,0.0771194,0.0904724,0.0686508,0.0865856,0.0750562,0.1111822,0.0765406,0.1041156,0.0777874,0.1106406,0.0782658,0.1020098,0.0754988,0.1029456,0.074406,0.0953648,0.0699514,0.0954348,0.068109,0.105359,0.0762186,0.0964392,0.0709468,0.0896888,0.0684648,0.1012224,0.0727334,0.0877626,0.0708432,0.0920928,0.0669046,0.1070688
0.064813,0.1000822,0.0686518,0.0919038,0.0736084,0.091917,0.0774672,0.0921372,0.0712092,0.0906096,0.0732042,0.0897102,0.0711914,0.0914604,0.0669336,0.1070906,0.071575,0.1048802,0.0683564,0.1141434,0.074394,0.0985446,0.0753298,0.0933892,0.078138,0.1036514,0.0734322,0.084911,0.0773364,0.0889254,0.0690808,0.0871324,0.0745984,0.110924,0.0764166,0.1044222,0.0781224,0.1107736,0.0786262,0.1028154,0.0760746,0.1030648,0.072678,0.0954284,0.0705386,0.0942884,0.068196,0.1053656,0.0766848,0.096707,0.071278,0.0892954,0.0694032,0.099803,0.0733084,0.0881378,0.0696284,0.091959,0.0671464,0.1068232
0.0651172,0.1000656,0.0686512,0.0916396,0.0731552,0.0914802,0.0774388,0.0930874,0.0726508,0.0906786,0.0742636,0.089564,0.0704516,0.0912356,0.0677156,0.1065338,0.0703586,0.104271,0.068354,0.1138822,0.073645,0.0986074,0.075273,0.092855,0.0786262,0.1026998,0.0729458,0.0854628,0.0778898,0.0884952,0.0699762,0.0875732,0.0744358,0.1106176,0.0761554,0.1032772,0.0781096,0.1108856,0.07794,0.1015964,0.0755782,0.103316,0.072234,0.0972428,0.0705292,0.0935092,0.068137,0.1052976,0.0754366,0.096264,0.0720808,0.0882458,0.0696922,0.102424,0.0732874,0.087817,0.0690468,0.092364,0.0673222,0.1062432
0.0647836,0.098724,0.0693966,0.091929,0.0729072,0.091161,0.076898,0.0927216,0.0732394,0.0924454,0.074773,0.0894702,0.0707828,0.0915594,0.068444,0.1065652,0.069474,0.1034994,0.0679256,0.1143216,0.0729504,0.0971686,0.0740548,0.0929756,0.078608,0.1018056,0.0728832,0.08526,0.077762,0.0883942,0.0695678,0.0884278,0.0752354,0.1109006,0.075395,0.1032878,0.0780834,0.1100194,0.0782504,0.1010646,0.0762376,0.103414,0.0720904,0.096272,0.0710876,0.0927178,0.0694648,0.1051474,0.0753924,0.095701,0.0719372,0.0882592,0.0703004,0.1022512,0.0734338,0.0891838,0.0687108,0.0913872,0.0674036,0.1071304
0.0649256,0.0979404,0.0687868,0.0893606,0.0722808,0.0914224,0.077146,0.0922704,0.0731088,0.0918286,0.0758998,0.0886014,0.070233,0.0910668,0.0676478,0.1064368,0.0695606,0.1036734,0.0673786,0.1158744,0.0734518,0.097293,0.0749934,0.0926322,0.0785486,0.1008488,0.073526,0.086061,0.0782236,0.0897456,0.0688854,0.0880764,0.0756386,0.1109432,0.073822,0.1040922,0.0768808,0.108698,0.0777996,0.101374,0.0759672,0.1037238,0.070636,0.0970334,0.0705756,0.0915926,0.0699036,0.1040908,0.074968,0.0949534,0.0719026,0.0887094,0.0709016,0.1017374,0.0724804,0.0903712,0.0675862,0.091232,0.0676852,0.1063564
0.0657156,0.0992008,0.0692738,0.0886308,0.0714708,0.0917532,0.0770806,0.091901,0.0728466,0.0909426,0.0748676,0.0899048,0.0699214,0.0901532,0.0695608,0.1053128,0.06975,0.1042442,0.0677446,0.1146122,0.0736268,0.096089,0.0752622,0.0923468,0.0786132,0.1027202,0.0730644,0.084843,0.0778356,0.090741,0.0687218,0.0881042,0.0757372,0.1106268,0.0740098,0.104296,0.0765822,0.1086328,0.077388,0.101878,0.0759126,0.1018942,0.071042,0.0962346,0.07087,0.091306,0.0697736,0.1033322,0.0750994,0.0937374,0.0720954,0.0894034,0.0711056,0.1028368,0.0722348,0.0909172,0.0676832,0.09173,0.067395,0.107266
0.0659366,0.098773,0.0697508,0.0887608,0.0714314,0.091581,0.0770602,0.0920102,0.0714582,0.0911936,0.0753074,0.0896776,0.0693488,0.0898406,0.0701666,0.1056538,0.0702892,0.1041986,0.0668478,0.1145382,0.0732908,0.0967168,0.076169,0.0920378,0.0785434,0.1021556,0.071955,0.0837016,0.076453,0.0900446,0.0690498,0.0881448,0.076027,0.1110918,0.0734226,0.1056446,0.0750882,0.1101956,0.077021,0.1011356,0.0770842,0.1004742,0.0709854,0.0953692,0.0703512,0.0915562,0.0705236,0.1019238,0.0760222,0.096173,0.0719456,0.0903418,0.0712082,0.102796,0.0717,0.091761,0.0667894,0.0918338,0.069863,0.1061188
0.0651464,0.0993396,0.0705796,0.0870704,0.0705984,0.0910536,0.0781972,0.0900034,0.0715402,0.0903844,0.0757774,0.0891342,0.06946,0.0899808,0.0705572,0.1059716,0.0711236,0.1037462,0.0659758,0.1152078,0.0738008,0.0965392,0.0765132,0.0894594,0.0794706,0.1013066,0.071602,0.0823908,0.0764876,0.0902366,0.0681118,0.0884422,0.075766,0.1110846,0.0724438,0.1066346,0.074686,0.112063,0.0769752,0.1030362,0.0777174,0.1023108,0.0710886,0.0953204,0.0702962,0.0919442,0.0699488,0.1021024,0.0762128,0.0955654,0.0723404,0.088709,0.0721998,0.1040578,0.0713048,0.0909576,0.0664608,0.0910676,0.0698006,0.1065816
0.0654808,0.100322,0.0708298,0.087639,0.071614,0.0901346,0.0779428,0.089516,0.071228,0.0900534,0.0762864,0.0878034,0.069311,0.0893632,0.0703366,0.1067718,0.0701968,0.1028982,0.0665768,0.114849,0.0737012,0.0960796,0.0766034,0.0888762,0.0794284,0.1018134,0.0730666,0.081621,0.0766688,0.0903128,0.0686574,0.088567,0.0762854,0.1102494,0.0719038,0.1068036,0.0742924,0.1120276,0.0767512,0.1021616,0.078377,0.1034826,0.0707136,0.0959048,0.0704372,0.0921422,0.0685762,0.1024588,0.0749044,0.0951728,0.0716588,0.089579,0.0719786,0.1033648,0.073156,0.0890714,0.0659438,0.0916624,0.0698726,0.106858
0.065735,0.101249,0.0700652,0.088107,0.0718624,0.0903134,0.0783242,0.0893076,0.072075,0.0898386,0.0768,0.0870252,0.0693748,0.0881826,0.0704518,0.1054644,0.0712502,0.103955,0.0672792,0.1150884,0.0732472,0.0969506,0.0765312,0.0887334,0.0776668,0.1026994,0.0729056,0.0810402,0.07718,0.0892908,0.0682062,0.087996,0.076145,0.1094424,0.0718268,0.1066604,0.0748832,0.1123736,0.0762614,0.1027158,0.078463,0.1031972,0.0700868,0.0965924,0.0696918,0.0924044,0.0680658,0.1012066,0.0746858,0.0949912,0.0719966,0.0885744,0.0726794,0.1025198,0.0730768,0.089712,0.0650392,0.0925594,0.0697268,0.1056538
0.0654032,0.0996336,0.069256,0.088262,0.0709004,0.0892348,0.0785096,0.090715,0.0724032,0.089695,0.0763258,0.0877752,0.0701702,0.0885772,0.0707184,0.1047784,0.0716208,0.102718,0.068312,0.1146116,0.0724896,0.0962138,0.0763268,0.0878828,0.0764,0.1035234,0.072366,0.0811148,0.0783726,0.0887904,0.0683482,0.0875272,0.076496,0.1102708,0.0718542,0.1058076,0.0745378,0.1121334,0.0769534,0.1023966,0.0783228,0.1023654,0.0716284,0.094114,0.0714398,0.0926322,0.0680424,0.101089,0.0749462,0.0952318,0.0721712,0.0876888,0.072366,0.1024864,0.0727708,0.089095,0.0659506,0.0918842,0.0698052,0.104957
0.0648512,0.0985292,0.0686198,0.0878872,0.0700282,0.0904456,0.078424,0.09106,0.0709064,0.089223,0.0759346,0.0877138,0.0710708,0.0883662,0.0698504,0.1048668,0.071372,0.103651,0.0664286,0.1139944,0.072167,0.0959808,0.075497,0.087593,0.0784166,0.1025304,0.0717136,0.0799318,0.078835,0.088676,0.0682562,0.0878008,0.0765492,0.1105996,0.0704896,0.105037,0.0739832,0.11245,0.0763346,0.1028574,0.0776774,0.1018544,0.0724492,0.093146,0.0698816,0.0929576,0.0681064,0.1020478,0.0751804,0.0966138,0.0718408,0.0871634,0.0724222,0.101748,0.0727696,0.0896786,0.0666548,0.0934604,0.070096,0.1056864
0.0644246,0.097335,0.0695444,0.0883808,0.070443,0.0902564,0.0787896,0.09095,0.0714466,0.0901788,0.075751,0.0877626,0.0717982,0.0887766,0.0696826,0.104003,0.0714096,0.1035042,0.0686186,0.113583,0.07221,0.0944572,0.077045,0.0872418,0.0787768,0.101394,0.0717706,0.0799802,0.0809562,0.0897766,0.0691052,0.086651,0.0770248,0.1102206,0.069108,0.1042946,0.0732922,0.112069,0.0761924,0.1025688,0.0780476,0.1017808,0.07169,0.093989,0.0693788,0.0918534,0.068062,0.1000564,0.0745248,0.096197,0.0729246,0.0872286,0.072505,0.1016782,0.0729106,0.0901006,0.066503,0.0937482,0.0706224,0.1048476
0.0642688,0.0957436,0.070459,0.0877236,0.0713384,0.0892942,0.0800596,0.0923144,0.0714272,0.0885326,0.0757004,0.0878582,0.0712958,0.0886202,0.0694628,0.1049624,0.0719714,0.1036436,0.0682404,0.1138964,0.0731928,0.0942054,0.076508,0.0883418,0.0795154,0.1010532,0.0710626,0.079042,0.0812206,0.0908742,0.0692786,0.0852566,0.0762654,0.1089744,0.0685464,0.1060662,0.0737726,0.1117702,0.076966,0.1028146,0.0777586,0.1020844,0.0700684,0.0937284,0.0684992,0.0934682,0.0685662,0.1005746,0.074249,0.0952676,0.0728796,0.0876752,0.071581,0.1013906,0.0717256,0.0915576,0.0651148,0.093472,0.0711462,0.104628
0.0640344,0.0960308,0.0715332,0.0874736,0.0709432,0.0903856,0.0803558,0.0915314,0.0709442,0.0884922,0.075534,0.0865356,0.0718058,0.0887526,0.0709044,0.1047026,0.071748,0.104265,0.0680352,0.1127398,0.0728518,0.0960326,0.0762708,0.0878702,0.0791464,0.1004418,0.0721062,0.07912,0.0815924,0.0902844,0.0691616,0.0853762,0.075947,0.1081718,0.0688334,0.1058348,0.0728968,0.110682,0.076604,0.1020628,0.0778962,0.1021954,0.069862,0.092559,0.0690544,0.0932484,0.0694134,0.0993962,0.073523,0.0941898,0.0724212,0.0880146,0.0713188,0.1020978,0.0725018,0.091384,0.0665094,0.093713,0.0706822,0.1037948
0.0643696,0.0970772,0.0716902,0.08771,0.0713192,0.0910194,0.078089,0.0921372,0.0712454,0.0878626,0.0752794,0.0869272,0.0720898,0.0906706,0.0717412,0.1038766,0.0720754,0.1053366,0.067732,0.111657,0.0714314,0.0963156,0.0769646,0.0877974,0.0785474,0.0998908,0.0708738,0.0785234,0.081344,0.0897074,0.0686596,0.08628,0.0760216,0.1066396,0.0691618,0.1060668,0.0721326,0.1106432,0.0755466,0.1011794,0.0791308,0.1021864,0.0705998,0.093046,0.0703268,0.0934408,0.0702106,0.1009244,0.0744892,0.0940428,0.0716908,0.0872006,0.071434,0.1024374,0.072994,0.0928552,0.0660152,0.0946202,0.0705084,0.102822
0.0638734,0.0974962,0.0721118,0.0872454,0.072021,0.0900304,0.078095,0.0915712,0.0715972,0.0869436,0.0752816,0.0878708,0.0720448,0.0903606,0.071444,0.1049874,0.0726868,0.1049302,0.0684556,0.1115074,0.0713798,0.0953048,0.0775474,0.0869108,0.0775066,0.1005878,0.0705666,0.077891,0.08118,0.0889348,0.0686436,0.0870792,0.0753598,0.1082108,0.0696264,0.1063796,0.073366,0.1110742,0.0760566,0.1016438,0.0786262,0.1018156,0.0706388,0.0924114,0.0702074,0.0932984,0.0700738,0.1015712,0.0744222,0.0951662,0.070112,0.0877176,0.0704724,0.1017986,0.072,0.091672,0.067061,0.094364,0.0696976,0.101359
0.0642102,0.0965696,0.0726984,0.0874172,0.0728066,0.0906526,0.0781522,0.0916668,0.072333,0.086252,0.0736928,0.089629,0.0715842,0.090135,0.0715746,0.1046802,0.0730708,0.1055148,0.0685488,0.1120124,0.071216,0.0953566,0.077224,0.0870592,0.0776372,0.1002352,0.069854,0.0790918,0.081788,0.0893028,0.0685356,0.0865958,0.0753418,0.1072296,0.0694256,0.1056408,0.0728156,0.1111474,0.076005,0.1013786,0.0784654,0.1006058,0.0723374,0.0922024,0.0710702,0.0929034,0.0693098,0.1008132,0.074718,0.0949004,0.0706912,0.0874084,0.070855,0.103048,0.0716458,0.091662,0.0664732,0.0943742,0.0696648,0.1011048
0.0649664,0.0963734,0.073006,0.088589,0.072983,0.0906564,0.0781852,0.0916104,0.0722492,0.0865468,0.0753916,0.0890656,0.0707714,0.0896048,0.0714088,0.104765,0.071569,0.105249,0.069374,0.1123926,0.070872,0.0958766,0.0762238,0.0863192,0.0780262,0.099054,0.0693376,0.0798908,0.0815908,0.0902788,0.0687072,0.0867896,0.0758392,0.107189,0.0720688,0.1059496,0.0730756,0.1117552,0.0763724,0.1024142,0.0779152,0.100524,0.0717178,0.0906486,0.0709776,0.092683,0.0697228,0.1008118,0.075407,0.0946616,0.0709148,0.0866678,0.0719734,0.1021282,0.0722462,0.0919596,0.067113,0.0930386,0.0688162,0.101766
0.063775,0.0957698,0.0734712,0.0879348,0.0726746,0.091392,0.0784134,0.0918512,0.071548,0.0876492,0.0749212,0.0883568,0.0713604,0.0901464,0.0717606,0.1050956,0.072017,0.1067664,0.0689822,0.1117996,0.0715746,0.0953856,0.0769758,0.0869246,0.0784382,0.0982906,0.0703016,0.079211,0.0818268,0.0900002,0.0684536,0.0878444,0.076338,0.1072926,0.0726294,0.1065954,0.0720196,0.1120118,0.076613,0.1023364,0.077514,0.1027816,0.0719898,0.089115,0.0716004,0.0919914,0.0695958,0.0998974,0.0754136,0.0939864,0.0704808,0.0876882,0.0722306,0.102897,0.0719324,0.0906772,0.0669724,0.0934384,0.0691778,0.0998838
0.0633068,0.0963028,0.0739268,0.0865082,0.0732054,0.0912314,0.077874,0.0921934,0.0716214,0.0865938,0.07496,0.0892066,0.071392,0.0893486,0.0712602,0.1051126,0.0713472,0.1051058,0.0688026,0.111543,0.0709362,0.094391,0.077605,0.0866924,0.0785588,0.098229,0.0692212,0.0803614,0.0825692,0.0902426,0.0692618,0.0896278,0.0759562,0.1069634,0.0723766,0.107739,0.0716174,0.1130738,0.0764444,0.1017658,0.0775686,0.1018816,0.0719598,0.0897724,0.072142,0.093281,0.069112,0.0999202,0.0754724,0.0923096,0.0711618,0.08595,0.072289,0.1035724,0.0718732,0.0904434,0.068537,0.0934684,0.0680194,0.1000166
0.0645476,0.0965894,0.0731046,0.0846238,0.0721748,0.0906718,0.0783492,0.0919856,0.0719296,0.085409,0.0751328,0.0898896,0.071238,0.0901952,0.0713716,0.1053128,0.0728632,0.106472,0.0680432,0.1126836,0.070084,0.0955894,0.0767824,0.086696,0.0776918,0.0985412,0.069232,0.080303,0.083242,0.0893738,0.070131,0.0900166,0.0756824,0.106718,0.0719788,0.1085612,0.0723694,0.1126586,0.0765934,0.101877,0.0760046,0.1012352,0.0706766,0.0899998,0.0712949,0.0936788,0.0700742,0.099206,0.0761174,0.0933848,0.0715232,0.0858126,0.0716884,0.1031096,0.0716226,0.0915194,0.0683434,0.0928632,0.068305,0.0987432
0.0647192,0.0958664,0.0734186,0.0838358,0.0712612,0.0893366,0.0774706,0.0923694,0.0716166,0.0859376,0.0735776,0.0900334,0.0717668,0.0904222,0.071116,0.1038906,0.0723326,0.1058292,0.0671026,0.112904,0.070385,0.0952768,0.0763228,0.0860832,0.077197,0.0965884,0.0695828,0.0807248,0.0826668,0.0902768,0.0695916,0.0902752,0.0744724,0.107553,0.071984,0.1096754,0.072462,0.1122712,0.0757808,0.1018854,0.0771098,0.1012904,0.071273,0.09094,0.0715587,0.092309,0.0700454,0.0994624,0.0758814,0.0929026,0.0712026,0.0852592,0.0710998,0.1038416,0.0707022,0.0914054,0.0680438,0.0931132,0.0700508,0.0974658
0.0645034,0.0960886,0.0732514,0.0843068,0.070833,0.0905676,0.078251,0.092033,0.0722602,0.0909392,0.0736514,0.0898854,0.0724154,0.0891216,0.0710134,0.104306,0.0729232,0.1060534,0.067335,0.1124736,0.0712726,0.0965006,0.0763212,0.0858988,0.0771288,0.0968224,0.0696554,0.0799216,0.0823372,0.0904238,0.0697534,0.0910068,0.0749048,0.1072878,0.0710402,0.1097688,0.0725852,0.1117648,0.0763832,0.101514,0.0773136,0.1009468,0.0718774,0.0889306,0.0722787,0.0927996,0.0693044,0.0988968,0.0755138,0.0917024,0.0709884,0.0854118,0.0704182,0.1043006,0.0709574,0.0907022,0.0694714,0.0929532,0.070363,0.0983424
0.0643474,0.0957186,0.0733726,0.0855538,0.070756,0.0914916,0.0777264,0.0922432,0.0728508,0.0906452,0.0748898,0.0902676,0.073041,0.0884192,0.0699778,0.103796,0.0713084,0.1069976,0.0661776,0.1126022,0.0699606,0.0950616,0.0765124,0.0859392,0.0760866,0.0951188,0.0689228,0.0797608,0.0822878,0.0914294,0.0696786,0.0918758,0.0754754,0.1069954,0.0708412,0.1091802,0.072462,0.1118442,0.076387,0.0994854,0.076221,0.0999344,0.074383,0.0893056,0.0725671,0.0929294,0.068664,0.100019,0.0749088,0.0905468,0.0709332,0.0851252,0.0709276,0.1045216,0.0714872,0.0903828,0.0689906,0.092855,0.0695024,0.0984746
0.0649288,0.096345,0.0728746,0.084621,0.0710864,0.0908694,0.0769386,0.092262,0.0727348,0.0906232,0.07498,0.0907332,0.0721808,0.08886,0.069399,0.1033456,0.0720872,0.1065998,0.0660892,0.1128404,0.0710222,0.0943184,0.0770998,0.0877252,0.0760328,0.094924,0.0685368,0.0795946,0.0833584,0.0910428,0.0697518,0.0929816,0.0745456,0.107666,0.0715232,0.108785,0.0726732,0.1111436,0.0772444,0.0995108,0.0762104,0.1003612,0.0748028,0.0897972,0.0722169,0.0919856,0.0690972,0.099712,0.0743868,0.0904332,0.0728412,0.084976,0.0708458,0.10367,0.0718646,0.0902866,0.0689848,0.094491,0.0692694,0.098093
0.0654042,0.097215,0.0718452,0.0862326,0.0720952,0.0902356,0.0770202,0.0924104,0.0719508,0.0908248,0.0750668,0.0918208,0.0722918,0.089264,0.0699382,0.103172,0.072868,0.1076988,0.0649968,0.1128252,0.072069,0.0964572,0.0778622,0.0872048,0.07545,0.0947108,0.0682484,0.078622,0.0824012,0.0915898,0.0692678,0.0934474,0.0747394,0.1081936,0.0719808,0.1085594,0.0723148,0.1102844,0.0776452,0.0997566,0.0772482,0.101045,0.0731168,0.0896088,0.0711812,0.0923146,0.0691492,0.1011088,0.0743378,0.0906396,0.072835,0.0858676,0.0711412,0.1030212,0.0720774,0.0899948,0.0703274,0.0943388,0.0689452,0.0971982
0.0653872,0.097367,0.0725524,0.0857506,0.0724194,0.0897742,0.0767982,0.0923016,0.0713012,0.0921306,0.074411,0.0926732,0.0730688,0.0891836,0.0705318,0.1034074,0.0732468,0.1070956,0.0641472,0.1121466,0.0710878,0.0949534,0.0771098,0.0873704,0.0741126,0.0939496,0.068409,0.0832808,0.082361,0.092206,0.070372,0.0938294,0.0752152,0.1089192,0.0714266,0.1083268,0.0723896,0.109803,0.0770524,0.0994916,0.0777898,0.101049,0.0728114,0.089558,0.0713348,0.0916988,0.0683604,0.1013866,0.073824,0.0894928,0.0731636,0.0855388,0.071339,0.1023474,0.0710536,0.0891358,0.0700358,0.0936416,0.069575,0.0973432
0.0644842,0.0958506,0.0717906,0.0852368,0.0713578,0.088651,0.0758422,0.0914198,0.0712056,0.0935888,0.0758622,0.0936432,0.072969,0.089153,0.0706936,0.1026574,0.073051,0.1065452,0.0646096,0.1119854,0.0723062,0.0945522,0.076847,0.087,0.0736586,0.0935306,0.0687822,0.0839824,0.0815412,0.0930232,0.0702108,0.0931238,0.0753384,0.108973,0.071865,0.1079532,0.071306,0.1082314,0.0779702,0.0983016,0.0777834,0.1006836,0.072392,0.0892794,0.0716376,0.0912958,0.0682602,0.1011502,0.0736542,0.0901506,0.0719712,0.0848578,0.0718762,0.1025214,0.0712628,0.0906294,0.0690092,0.0941788,0.070455,0.0971638
0.0640924,0.097616,0.0715456,0.0897356,0.0712776,0.0903976,0.0757674,0.0922166,0.0712176,0.0926766,0.075231,0.09367,0.0724156,0.0897074,0.0714564,0.1050656,0.0736404,0.1053388,0.0651584,0.1111724,0.0717814,0.0951542,0.076656,0.0881336,0.0757212,0.092197,0.0685114,0.0836746,0.0818844,0.0936812,0.0699632,0.0917288,0.0755358,0.1080198,0.0723734,0.107293,0.0706262,0.1081134,0.0772884,0.0984574,0.0771608,0.10006,0.0723366,0.0904824,0.0708754,0.0907176,0.0688376,0.1015554,0.073324,0.0902276,0.0726878,0.0837176,0.0704538,0.1037556,0.0711122,0.0913438,0.0683536,0.0933524,0.070834,0.097256
0.0650494,0.0974854,0.0713774,0.0891598,0.0709124,0.0906304,0.0756266,0.0928128,0.0719846,0.093623,0.075044,0.0929968,0.0729718,0.0893924,0.0723084,0.104002,0.0724966,0.1049286,0.0634676,0.1124818,0.07403,0.0954574,0.077189,0.0879884,0.0765716,0.0929,0.0692958,0.0838234,0.0817538,0.091577,0.0695038,0.0920888,0.075878,0.1066404,0.0731502,0.106178,0.0703306,0.1092992,0.0753618,0.0981632,0.0766578,0.0996628,0.0723332,0.0910836,0.070772,0.0902426,0.0690854,0.103421,0.073974,0.0903756,0.0730062,0.083588,0.0700708,0.1021954,0.0711064,0.0915442,0.0682296,0.0935216,0.071142,0.0963788
0.0647922,0.0983682,0.071338,0.0883242,0.0702368,0.0911194,0.0761678,0.0925606,0.0714438,0.0922708,0.0760068,0.0918022,0.0736432,0.0895438,0.072947,0.1043506,0.074013,0.103146,0.0627852,0.1113562,0.0738048,0.0958262,0.0768602,0.0865732,0.0767254,0.0938056,0.0692004,0.0845186,0.0821486,0.0935994,0.0694354,0.0901764,0.0767896,0.1057206,0.0726036,0.1065212,0.0708696,0.1093608,0.0751664,0.0976466,0.076655,0.0997334,0.0721208,0.0904554,0.0709194,0.0906914,0.0696032,0.1032532,0.0746666,0.0902812,0.0734686,0.08502,0.070759,0.1028226,0.0707206,0.0921962,0.0683574,0.092472,0.070563,0.0967014
0.0632482,0.098545,0.070886,0.0892338,0.0704924,0.0906052,0.0767632,0.0925738,0.0713428,0.0911858,0.0752332,0.0911182,0.074894,0.0895692,0.073471,0.104051,0.0730808,0.104265,0.0652446,0.1117398,0.0737944,0.0954392,0.076001,0.0853222,0.0773102,0.0936182,0.0692164,0.0852448,0.0816216,0.093528,0.0687438,0.0892692,0.0764156,0.1053266,0.0723128,0.1061614,0.0702924,0.108624,0.0748986,0.0968278,0.0763882,0.0998978,0.0729268,0.090263,0.0712904,0.0925346,0.0695896,0.1037558,0.07493,0.0905336,0.073794,0.0847494,0.0715492,0.1040626,0.0709866,0.0913396,0.0688386,0.0921798,0.0713218,0.0975388
0.0635292,0.0999704,0.070431,0.088743,0.069722,0.0881612,0.076433,0.092909,0.0705358,0.0921362,0.0760424,0.091081,0.0752488,0.0894704,0.07188,0.1055458,0.0729122,0.1030344,0.0645806,0.111198,0.073583,0.095268,0.0766528,0.0855046,0.0763914,0.0933192,0.0693588,0.0851012,0.0819524,0.0938814,0.0686336,0.0890462,0.0766494,0.1057596,0.0718752,0.1069886,0.0702702,0.109372,0.0750088,0.094837,0.0769556,0.1002428,0.0736024,0.0891758,0.0701956,0.092831,0.069104,0.1057906,0.0758546,0.0912772,0.0728204,0.084308,0.0721428,0.1029238,0.0709466,0.0908752,0.0680376,0.0918718,0.071415,0.097855
0.0636198,0.0996518,0.070667,0.089239,0.0692262,0.0896188,0.0766508,0.0939366,0.0700528,0.092296,0.0761546,0.0926658,0.07462,0.0899638,0.0714132,0.1057732,0.0736842,0.102742,0.065557,0.1112622,0.0740932,0.0948076,0.076637,0.0847542,0.0776584,0.0931528,0.0693398,0.0849384,0.0823694,0.0940232,0.067474,0.0894284,0.0776616,0.1067512,0.072718,0.1074596,0.07134,0.1097134,0.075174,0.0963802,0.0756056,0.1003344,0.0732698,0.0892556,0.0699312,0.092609,0.0700606,0.1049436,0.0773364,0.091904,0.0736726,0.0842114,0.071208,0.103584,0.0702276,0.091032,0.0681504,0.0908786,0.0712496,0.0976066
0.0639908,0.0998414,0.0707324,0.0884222,0.0695224,0.0908466,0.0771126,0.094953,0.069966,0.0926396,0.0756418,0.0929364,0.074783,0.0909046,0.0725894,0.1055904,0.0724256,0.1028654,0.0656102,0.1113192,0.074776,0.0946268,0.0775092,0.0831866,0.0784448,0.0926512,0.0690608,0.0861582,0.081072,0.0932494,0.0677288,0.090118,0.0764664,0.1055346,0.073335,0.1077722,0.072285,0.1096306,0.075939,0.096038,0.0753622,0.1014004,0.074847,0.089465,0.0696308,0.0928238,0.0698594,0.1038574,0.0771494,0.0915734,0.0739414,0.0830062,0.070984,0.1024576,0.070329,0.0924756,0.0696872,0.0906762,0.0713498,0.097649
0.0639934,0.099717,0.0711582,0.087302,0.0698106,0.091763,0.078018,0.0936466,0.0690696,0.0931286,0.0763592,0.0942484,0.0751752,0.0926144,0.0729936,0.1051214,0.07092,0.1035024,0.0667998,0.1104732,0.0757258,0.0958464,0.0772528,0.0823598,0.0789922,0.093581,0.0685906,0.0865456,0.0806774,0.0934524,0.0676086,0.0896086,0.0774996,0.1056914,0.0725774,0.1082808,0.0717596,0.1090794,0.075666,0.0958094,0.0746054,0.1007728,0.0747964,0.0899462,0.0706792,0.093087,0.0695238,0.1033562,0.0776942,0.090698,0.073921,0.083277,0.0720806,0.1014416,0.0703322,0.0921588,0.0688394,0.089478,0.0714168,0.0965624
0.0641194,0.0993674,0.0713226,0.0865492,0.0699616,0.092663,0.0782446,0.0934446,0.0695082,0.0932116,0.0756082,0.0939768,0.075416,0.0916926,0.0734568,0.105642,0.07049,0.1028466,0.0661836,0.1104414,0.0761962,0.096006,0.077474,0.0828336,0.0788118,0.093973,0.068532,0.0871178,0.080929,0.0928364,0.0693764,0.0890572,0.0769014,0.1049252,0.0737142,0.1081176,0.0721328,0.1083774,0.0763056,0.0956896,0.0745254,0.0998758,0.0740762,0.090102,0.0697866,0.0931424,0.070409,0.1019018,0.0777438,0.0905326,0.0744898,0.0834118,0.0716256,0.1015838,0.070129,0.093415,0.0689432,0.089214,0.0714532,0.0972938
0.0640236,0.0991144,0.07139,0.0866108,0.0699176,0.0936262,0.0782556,0.09274,0.0698468,0.0947484,0.0752518,0.0928764,0.0750482,0.0917876,0.0732378,0.1050802,0.0696694,0.102926,0.067431,0.1103414,0.0764984,0.0946536,0.076977,0.0829854,0.078414,0.093564,0.0694968,0.0864904,0.0815074,0.0934032,0.0680584,0.0884528,0.075932,0.1071462,0.0740618,0.1081876,0.0716262,0.1083252,0.0772912,0.0944054,0.0740694,0.0990786,0.0742448,0.0901914,0.0705872,0.0924672,0.0708782,0.1021144,0.077519,0.0893798,0.0748858,0.0840148,0.0722536,0.1003088,0.0708892,0.0926346,0.068155,0.0881756,0.0722862,0.0962618
0.0639904,0.0979824,0.0718912,0.0856704,0.0699732,0.0950642,0.0778926,0.0926552,0.0692238,0.0939734,0.0751028,0.0919122,0.0755004,0.091889,0.073061,0.1053746,0.0695246,0.1052666,0.0672698,0.1096668,0.0753042,0.0936914,0.0766088,0.082708,0.0782116,0.092724,0.0682452,0.0872792,0.0814208,0.092828,0.0681176,0.0895326,0.0769728,0.1085472,0.0739982,0.1093224,0.072037,0.1079686,0.0778882,0.0944818,0.0742776,0.0992372,0.0750418,0.0893726,0.0707042,0.0935476,0.070205,0.1006916,0.0773912,0.0913294,0.0739372,0.0835772,0.0724254,0.0997682,0.0709492,0.0913188,0.0674534,0.0872232,0.0717012,0.0958566
0.063643,0.0993048,0.0718668,0.0852648,0.069417,0.094794,0.0776434,0.092973,0.069758,0.0928348,0.0756692,0.0921826,0.0754678,0.0918692,0.0740912,0.1062984,0.0689254,0.1051246,0.0680642,0.1084836,0.076096,0.0932924,0.0769794,0.0825176,0.0776934,0.0931244,0.0687598,0.0883266,0.0820352,0.093633,0.068479,0.087921,0.0781038,0.108155,0.0739242,0.1081276,0.0708704,0.1089446,0.0778226,0.094988,0.0750962,0.0981224,0.075879,0.0886852,0.0693688,0.0934254,0.0701674,0.1006786,0.0775114,0.0893536,0.07421,0.082481,0.07202,0.0997952,0.0718268,0.0911754,0.0673306,0.086292,0.0716522,0.0951548
0.0630696,0.0995694,0.0727338,0.0852026,0.070055,0.0938694,0.0774218,0.092706,0.0698278,0.0940388,0.0757,0.0925544,0.0761762,0.0914126,0.073686,0.1073656,0.069508,0.1042928,0.0691104,0.1092344,0.0766656,0.0940566,0.0764748,0.0807434,0.0780862,0.0941692,0.0680926,0.0866968,0.0817042,0.0942268,0.0679054,0.0873496,0.077725,0.1076296,0.0736336,0.1088562,0.070776,0.1091342,0.0787572,0.0940308,0.074214,0.0991314,0.0767024,0.0886224,0.0687438,0.0935338,0.069787,0.1018244,0.077491,0.0890108,0.0740528,0.0826668,0.0722648,0.1007474,0.0705112,0.0905938,0.0677132,0.087042,0.0708494,0.0958556
0.062607,0.0991334,0.0727712,0.085001,0.0707088,0.0938564,0.0779026,0.0919638,0.0687912,0.0945546,0.075496,0.0927132,0.0752492,0.091615,0.073744,0.1080296,0.0700364,0.1044858,0.0690028,0.109615,0.0762658,0.094606,0.074462,0.0813594,0.0790296,0.0945352,0.0692316,0.0858036,0.0813968,0.0944988,0.0666528,0.0868752,0.0783792,0.1070492,0.0727232,0.1090902,0.070763,0.1101104,0.0773834,0.0944936,0.0743498,0.0991042,0.0760756,0.088534,0.0687046,0.093378,0.0700944,0.1016032,0.0778142,0.0895434,0.0746098,0.0834124,0.0724152,0.1012834,0.0708064,0.090694,0.0674066,0.086455,0.0706954,0.0952236
0.0624716,0.099257,0.073709,0.086782,0.0722274,0.0922592,0.077639,0.0907144,0.0684196,0.0954804,0.0750704,0.0920556,0.0745858,0.0927452,0.0738346,0.1087092,0.0701076,0.1052012,0.0690728,0.1089074,0.0760118,0.0954428,0.0756238,0.0826938,0.0797978,0.0935052,0.0691516,0.0860702,0.0806078,0.0935868,0.0667786,0.0888302,0.078546,0.106771,0.0738074,0.108054,0.0704812,0.109521,0.077863,0.0936156,0.0755202,0.098857,0.0748824,0.087383,0.0682228,0.093697,0.070695,0.1016242,0.0779072,0.0903326,0.0747468,0.0829494,0.0734558,0.1014556,0.0720388,0.0894032,0.067866,0.087686,0.0710224,0.0943348
0.0622588,0.0989964,0.0734836,0.0864274,0.0714424,0.092601,0.0783784,0.09047,0.0685352,0.0953064,0.0754484,0.0921564,0.0739644,0.092398,0.0737336,0.1086662,0.0707482,0.105736,0.068432,0.1098944,0.0765924,0.0958106,0.0760284,0.082846,0.0800076,0.0933486,0.0702748,0.0854964,0.0789352,0.094406,0.0683322,0.0878174,0.0781448,0.107285,0.0734992,0.1081734,0.0715796,0.1085662,0.0776104,0.0924738,0.0757596,0.098495,0.0749286,0.0879802,0.0688782,0.0942978,0.0700456,0.1002472,0.0783078,0.0898356,0.077543,0.0830858,0.0738664,0.1013074,0.0726448,0.0912646,0.067776,0.0869448,0.0706504,0.0934834
0.0630052,0.1005994,0.0729456,0.0868394,0.0714938,0.091914,0.0769652,0.0901916,0.0682084,0.0940768,0.075633,0.0910808,0.0737234,0.0922594,0.0729332,0.109251,0.0713524,0.105147,0.0685792,0.1102296,0.0763058,0.0964372,0.0759604,0.0833946,0.0804312,0.0923814,0.0693602,0.085474,0.0779834,0.0940248,0.0680642,0.0868264,0.0777314,0.1081302,0.0733732,0.1091772,0.07173,0.1083218,0.077792,0.0920648,0.0772548,0.0990486,0.0751908,0.0882054,0.0684372,0.0950734,0.06974,0.1015998,0.0782124,0.0904316,0.0774636,0.081818,0.0729562,0.101406,0.0718028,0.0914602,0.0679176,0.0865456,0.069927,0.0940226
0.0630452,0.1003972,0.0730384,0.0872484,0.0720158,0.0930094,0.075817,0.0897654,0.0684854,0.0936358,0.0758034,0.090317,0.0742138,0.0915724,0.073291,0.109236,0.0720612,0.1040584,0.0699896,0.1101608,0.0774594,0.097883,0.075409,0.0846336,0.0798202,0.091205,0.069701,0.0853836,0.0774382,0.0944336,0.0674622,0.0873664,0.0801406,0.1076882,0.0744652,0.1110662,0.0719094,0.1075194,0.0772726,0.0917752,0.077668,0.0986994,0.074386,0.0882852,0.0685204,0.0953496,0.0691036,0.1012802,0.0778592,0.0903244,0.0776158,0.0794184,0.0727668,0.1004014,0.0718196,0.092794,0.0686992,0.0873574,0.068831,0.0937224
0.0634428,0.1013232,0.0731556,0.087451,0.0727142,0.092198,0.0771606,0.0892962,0.0685852,0.0936964,0.0758434,0.0912304,0.0745162,0.091295,0.0729276,0.1105638,0.071396,0.1028914,0.0691174,0.1104794,0.0768818,0.0978714,0.0767434,0.0834294,0.0799922,0.0907354,0.0695292,0.0843202,0.0767108,0.0946252,0.0671906,0.0863778,0.0797106,0.107772,0.0744908,0.1095048,0.0727878,0.1074764,0.0774028,0.0908158,0.0769392,0.0996394,0.0747398,0.089186,0.06869,0.0963512,0.068995,0.1012788,0.0774364,0.0901604,0.0774984,0.0796128,0.0722082,0.1010456,0.0715078,0.0927946,0.0681614,0.0892094,0.0687928,0.0937826
0.063339,0.1010442,0.0732918,0.0874008,0.072809,0.0913634,0.0764862,0.0879692,0.0690206,0.0942914,0.075674,0.0910392,0.0744188,0.0926248,0.0735462,0.1090928,0.0715286,0.1023164,0.0681456,0.1112106,0.0770704,0.0978144,0.0773432,0.082953,0.0800446,0.0892108,0.0692452,0.0848426,0.0768214,0.0943066,0.0671774,0.08623,0.0795202,0.1067884,0.0745378,0.1086582,0.0727626,0.1080392,0.0784478,0.0927912,0.0764558,0.1007826,0.0748822,0.0889908,0.068022,0.09746,0.0692238,0.1018724,0.0767118,0.0897672,0.0778014,0.0812582,0.072382,0.100219,0.0708166,0.0923526,0.0675164,0.088473,0.0685232,0.0938698
0.0630602,0.101294,0.072986,0.0875198,0.073959,0.0914448,0.0758678,0.088347,0.0699668,0.0951446,0.0774856,0.0901756,0.0749116,0.0925814,0.073849,0.107557,0.0720472,0.1026182,0.0683134,0.1108764,0.0758818,0.0975892,0.0773638,0.0831428,0.0797838,0.0894634,0.0676606,0.0852898,0.075603,0.0942848,0.0669468,0.0833538,0.0803828,0.1075108,0.0741536,0.1094372,0.0730794,0.1072576,0.078962,0.0933194,0.0759104,0.1008686,0.0749678,0.0884818,0.0691472,0.0962106,0.0694794,0.1019372,0.077042,0.0891832,0.0782654,0.081464,0.0719866,0.0992728,0.0716746,0.0922558,0.0666114,0.0880592,0.0682026,0.0946176
0.0632492,0.1011098,0.0727454,0.0865076,0.0748188,0.0926304,0.0757196,0.0869884,0.0709606,0.093715,0.0783268,0.090819,0.0741736,0.0927664,0.074178,0.1084606,0.0717096,0.1028578,0.0685876,0.1109856,0.0751434,0.097011,0.0768488,0.0840652,0.080047,0.0881618,0.0679978,0.0854898,0.0762266,0.0943122,0.0683072,0.0829812,0.0800786,0.1070922,0.0743308,0.1077586,0.0727652,0.1078016,0.0783988,0.093677,0.0756154,0.1014812,0.0742298,0.08763,0.0692488,0.096366,0.0702546,0.101046,0.0775808,0.089715,0.0778404,0.0812228,0.0724014,0.0993784,0.071553,0.0912058,0.065575,0.0879526,0.068748,0.0942694
0.064187,0.101792,0.073433,0.0857354,0.0742706,0.0926352,0.0752344,0.0859288,0.0697608,0.093395,0.0775412,0.0917548,0.074497,0.093664,0.07469,0.1084662,0.0712614,0.1032902,0.0681012,0.1127254,0.0746032,0.0958434,0.0770764,0.0839088,0.0800626,0.086649,0.068419,0.0862362,0.075786,0.093915,0.0686376,0.0830446,0.0792206,0.1061206,0.0742922,0.1085756,0.0718902,0.1057912,0.0784308,0.09278,0.0753938,0.1023786,0.0738172,0.0881904,0.0699388,0.0986962,0.071386,0.1002354,0.077175,0.0901954,0.0766284,0.0804046,0.0719562,0.0998662,0.070701,0.0923858,0.0653042,0.0878812,0.068681,0.0944488
0.0637776,0.1027382,0.073831,0.0855532,0.0745774,0.0921742,0.0769902,0.0864628,0.0693748,0.094027,0.0778592,0.0904584,0.0739412,0.0930422,0.0751058,0.108127,0.0706096,0.1033618,0.068161,0.1117522,0.0740254,0.0973678,0.0764542,0.0836098,0.0788438,0.088144,0.0672962,0.0873474,0.0758994,0.0935334,0.06857,0.0840796,0.078835,0.1074462,0.0750512,0.1092376,0.071638,0.105319,0.0788662,0.093705,0.0756428,0.102176,0.0740474,0.0903724,0.0704736,0.0988256,0.0717638,0.0995716,0.0766914,0.0893432,0.0767704,0.082022,0.0714502,0.0984956,0.0703484,0.0925022,0.0651948,0.0879602,0.0690414,0.091975
0.063816,0.1017302,0.0730528,0.0850942,0.0738298,0.09271,0.0763158,0.0865562,0.0693784,0.094126,0.078018,0.0902692,0.0735738,0.0937928,0.0755204,0.109038,0.0710814,0.1024618,0.0668696,0.1113068,0.074564,0.0974692,0.0762202,0.0843422,0.0788208,0.0881628,0.0671068,0.0879574,0.076196,0.0931492,0.066684,0.0832186,0.0787762,0.1083346,0.0740342,0.1099204,0.072216,0.105033,0.0794466,0.0948274,0.0754188,0.10064,0.0730936,0.091087,0.0707704,0.098809,0.0713326,0.0981904,0.0769248,0.0893564,0.0773186,0.0813672,0.0713774,0.0983348,0.0717332,0.0923504,0.0656724,0.0880836,0.0685868,0.0925948
0.06381,0.1001968,0.0733492,0.0873128,0.0738146,0.0942242,0.0750144,0.0859506,0.0691898,0.0937526,0.0769778,0.0899074,0.073516,0.0935106,0.0757862,0.1067946,0.0707964,0.1030066,0.0659538,0.1119708,0.0744026,0.0973338,0.0760084,0.0858394,0.077338,0.0860776,0.068468,0.089067,0.075715,0.094026,0.0671722,0.0841254,0.0777272,0.1074016,0.0735948,0.1081578,0.0722906,0.1035064,0.0794806,0.0948872,0.0750142,0.0990466,0.0732836,0.0902978,0.0704478,0.0984654,0.070994,0.097407,0.0769674,0.08986,0.0775522,0.0815584,0.070785,0.0984556,0.072607,0.09065,0.065909,0.0891218,0.0675786,0.091826
0.0636172,0.1005412,0.0737746,0.0866472,0.073459,0.095088,0.076554,0.0850952,0.0694984,0.0923538,0.0761256,0.0895676,0.0736512,0.0928664,0.0753886,0.1059368,0.0717398,0.1022172,0.0647778,0.1116092,0.0742792,0.0956618,0.0764308,0.0867014,0.0780988,0.085081,0.0674858,0.0891368,0.0778946,0.0927126,0.0677934,0.0847816,0.0775776,0.1068868,0.0739126,0.1111734,0.0716508,0.1049898,0.079638,0.095952,0.0747296,0.0995944,0.0731624,0.0905336,0.071354,0.0988914,0.0712748,0.0977166,0.076655,0.0886534,0.0774006,0.0812108,0.0712886,0.0976854,0.0722138,0.0912554,0.0645206,0.0890732,0.0687744,0.0914992
0.064186,0.099676,0.073509,0.0865972,0.0739805,0.0943248,0.0765516,0.0845802,0.069892,0.0915344,0.0762208,0.0905176,0.0725932,0.092679,0.0750702,0.1045538,0.0719052,0.1022212,0.0652406,0.1119494,0.0743584,0.095069,0.0756172,0.0866736,0.0778998,0.085832,0.068205,0.0897568,0.0772336,0.0932428,0.0686146,0.0848276,0.077714,0.1079716,0.0737978,0.1123036,0.0721586,0.1050744,0.0795822,0.0958096,0.0740348,0.0979538,0.0714954,0.0913306,0.0720686,0.0989032,0.071234,0.0984748,0.0756708,0.08896,0.0773626,0.0822868,0.0717358,0.0976976,0.0724134,0.0930812,0.0655796,0.0896302,0.0687246,0.0905898
0.0634114,0.1006756,0.0753738,0.0856008,0.0726685,0.0943748,0.0772648,0.0848904,0.0704592,0.0908524,0.0765698,0.0898816,0.0729024,0.0925714,0.0748364,0.1036298,0.0725348,0.1035158,0.0655212,0.1124324,0.0742524,0.0942166,0.0770708,0.0863232,0.077711,0.0891252,0.0676186,0.091034,0.0761314,0.0923274,0.068011,0.0844934,0.07843,0.1084118,0.072446,0.1112228,0.0726304,0.103921,0.080479,0.0978488,0.073591,0.0974508,0.0712904,0.0919016,0.0721296,0.0988962,0.0718568,0.0984676,0.075431,0.0876176,0.0768866,0.083378,0.0715524,0.0981266,0.0714484,0.0934682,0.0648268,0.0894154,0.0687526,0.0902208
0.0641388,0.0996046,0.0762494,0.0847824,0.0717698,0.0953288,0.0773362,0.0863436,0.071268,0.0909958,0.0772054,0.0900428,0.0739468,0.092137,0.0739358,0.1047184,0.0727258,0.1039564,0.0662972,0.1132426,0.0755358,0.0942856,0.077166,0.0860562,0.0775492,0.0880888,0.0683154,0.0924354,0.076473,0.0926902,0.067316,0.0866018,0.0775422,0.109196,0.0720932,0.1114076,0.0717368,0.106407,0.0792606,0.0975294,0.0742228,0.1007072,0.070152,0.0908332,0.0705888,0.0979476,0.071679,0.096093,0.074168,0.0876394,0.0776862,0.0825224,0.071748,0.0974068,0.0710652,0.093874,0.0643182,0.089068,0.069291,0.0901434
0.0628244,0.1011748,0.0756718,0.084148,0.0715845,0.0946686,0.0774718,0.0861206,0.0713196,0.0913496,0.0771772,0.0887184,0.0744306,0.0911938,0.0733352,0.104048,0.0725676,0.1032756,0.0667336,0.1134364,0.0752534,0.0939682,0.0758744,0.0860548,0.0760906,0.0881932,0.0693692,0.0919168,0.0767084,0.0922786,0.0674912,0.0880504,0.0774522,0.110606,0.073152,0.1103814,0.0714226,0.1060798,0.0784072,0.0966792,0.0749776,0.0999092,0.0698544,0.0907958,0.0710266,0.0976318,0.0717098,0.096738,0.074638,0.0866456,0.077863,0.0812934,0.0717902,0.0978024,0.069981,0.0943092,0.0641388,0.0898258,0.069175,0.0905792
0.0628072,0.1004516,0.0755168,0.083887,0.0711327,0.0944422,0.0767204,0.0868012,0.071821,0.0922788,0.0772028,0.0876986,0.0740498,0.0913384,0.0731188,0.1039256,0.0723514,0.1024698,0.0665762,0.1128052,0.0758186,0.0941766,0.075362,0.0870822,0.0762972,0.0886576,0.0693366,0.0916738,0.0762958,0.0912768,0.0672316,0.0870238,0.0785356,0.1090362,0.074576,0.110631,0.0723988,0.1057454,0.0781288,0.0968592,0.0760804,0.0989168,0.070253,0.0910514,0.0720364,0.098191,0.071335,0.0970696,0.0757226,0.0867614,0.0783312,0.0815804,0.0720296,0.0970504,0.0700122,0.0932084,0.0650378,0.0901692,0.0695298,0.0895472
0.062466,0.1006384,0.075759,0.083676,0.0707673,0.0943324,0.0764756,0.0856774,0.0726592,0.0934324,0.0769962,0.0883394,0.0725118,0.0919978,0.0730206,0.1050856,0.0727204,0.1028468,0.0671466,0.1134816,0.0768758,0.0945674,0.0756978,0.0883508,0.0771832,0.0888964,0.0692954,0.0917506,0.0770348,0.0907742,0.066947,0.0884232,0.0768844,0.1092294,0.074652,0.1099288,0.0713074,0.106281,0.0785194,0.0970438,0.075941,0.097867,0.0697524,0.091819,0.071743,0.0978276,0.0716226,0.0960634,0.0776318,0.0882666,0.0772762,0.0805204,0.0706816,0.099023,0.0703246,0.0928324,0.0657846,0.0899424,0.069069,0.0904642
0.0631826,0.1000732,0.0754136,0.0836448,0.0704476,0.0941194,0.0762226,0.0859818,0.0723464,0.092781,0.0774698,0.0883916,0.0724462,0.0920406,0.0728346,0.103996,0.073739,0.104536,0.0671816,0.1141704,0.0772266,0.0953384,0.0758376,0.0881706,0.0759474,0.0887892,0.0689,0.0922678,0.07662,0.091797,0.0666962,0.0882052,0.076292,0.1090526,0.074824,0.1098058,0.0717502,0.105204,0.077209,0.0981772,0.0761024,0.0978014,0.0698716,0.0924204,0.0728138,0.0974078,0.071336,0.0960412,0.0769276,0.089369,0.076964,0.081281,0.0714374,0.0989082,0.0695734,0.092945,0.066266,0.0903986,0.0694776,0.0910888
0.0623442,0.0990952,0.0753438,0.0843716,0.0704346,0.0930286,0.077059,0.0861282,0.0705662,0.0930238,0.0784152,0.0884532,0.071592,0.0910548,0.0713394,0.1054052,0.0744962,0.1034306,0.0670232,0.1138344,0.078377,0.0945284,0.0766478,0.088274,0.077087,0.0885786,0.0679206,0.0935072,0.0789402,0.091867,0.0675602,0.0874734,0.0770004,0.1089346,0.0760118,0.1104426,0.0718436,0.1041564,0.0766936,0.0981178,0.0748268,0.0973476,0.0691368,0.0916118,0.0737716,0.0975806,0.070848,0.0954466,0.076678,0.0893546,0.0774546,0.0812668,0.0712544,0.0997514,0.0702648,0.0929006,0.067588,0.0908108,0.0701764,0.0894544
0.0622668,0.100449,0.075988,0.0843206,0.0695668,0.093175,0.0768508,0.0848588,0.0702956,0.0927182,0.0793586,0.0887648,0.0715866,0.0919126,0.0715744,0.1045306,0.0759228,0.1040432,0.0672896,0.1139892,0.0768916,0.093415,0.0764766,0.0889962,0.0762742,0.08809,0.0667174,0.0933988,0.0781092,0.0922358,0.0679552,0.0878586,0.0780128,0.1073642,0.0763566,0.1112574,0.0720134,0.105089,0.0767046,0.0982516,0.0745486,0.0988516,0.0684994,0.0924148,0.072933,0.097106,0.0703556,0.0945082,0.076547,0.0899088,0.0773534,0.0809646,0.0715314,0.1002606,0.0721662,0.0928138,0.0674672,0.091223,0.070085,0.089331
0.0626,0.099106,0.076041,0.0848504,0.0686916,0.0954626,0.0782044,0.0864094,0.0700426,0.0931922,0.078584,0.0887898,0.0727412,0.0921114,0.0714594,0.1051346,0.0749306,0.102784,0.0678636,0.1140858,0.0775644,0.094034,0.0757496,0.0898924,0.075841,0.088739,0.0666212,0.0933554,0.0782602,0.0929432,0.068303,0.0874958,0.0770652,0.1071548,0.075853,0.110903,0.0722714,0.104673,0.0777378,0.0973968,0.075264,0.1002178,0.0680342,0.0922876,0.073338,0.0955046,0.0710044,0.0962486,0.0759324,0.0919174,0.0778724,0.0811602,0.0716026,0.0993212,0.0732348,0.0920232,0.0672218,0.091018,0.0690102,0.088587
0.062146,0.098755,0.0759482,0.084532,0.0683904,0.094696,0.0775784,0.0870648,0.0698676,0.092247,0.0784544,0.088363,0.072111,0.0934884,0.0719962,0.104648,0.0748224,0.102915,0.067822,0.1124744,0.0772006,0.0932074,0.0758774,0.0890646,0.0761122,0.0892212,0.0661988,0.0937608,0.0777876,0.0942164,0.0698254,0.0879816,0.0763918,0.1079086,0.0759962,0.1126396,0.0727182,0.104352,0.077777,0.0978154,0.075672,0.1008484,0.0676172,0.0925898,0.0735942,0.0957076,0.0709964,0.0961306,0.0769958,0.0909848,0.0780044,0.0801736,0.0723718,0.0989976,0.0726528,0.0924376,0.0685796,0.0909554,0.0693452,0.0890882
0.0629762,0.0991922,0.075328,0.0839106,0.0681968,0.0951638,0.0778776,0.0864556,0.0705964,0.0925334,0.077429,0.0882278,0.0717996,0.0937366,0.0717682,0.1039124,0.0746478,0.1028424,0.0687728,0.1131172,0.0764212,0.0935728,0.0764652,0.0892932,0.0760742,0.0898052,0.0676168,0.0942322,0.0779702,0.0945832,0.070012,0.0878538,0.0751526,0.107377,0.0760278,0.111644,0.0723236,0.1060218,0.0785958,0.0973636,0.077923,0.1010098,0.066806,0.0913218,0.0737784,0.0957792,0.0712754,0.0966724,0.0763976,0.092536,0.0789986,0.0804882,0.0724388,0.098492,0.072824,0.0911672,0.0709556,0.089968,0.0702086,0.0884006
0.062759,0.0987648,0.0747092,0.0845552,0.0678858,0.0966944,0.0772884,0.0877342,0.0712432,0.0916046,0.0763048,0.0888374,0.0714876,0.0918728,0.0716528,0.1031204,0.075011,0.1039902,0.0686194,0.113692,0.0771768,0.093856,0.0769666,0.0898992,0.0756478,0.0906108,0.0667726,0.0948164,0.0778544,0.0953676,0.0692894,0.0881834,0.0748234,0.1069312,0.0756998,0.1103242,0.0719734,0.1062042,0.079348,0.0975976,0.0785382,0.1007846,0.066465,0.091473,0.0738086,0.0962088,0.0717202,0.0970942,0.0761432,0.0917118,0.0793408,0.0801998,0.072017,0.0985282,0.0724284,0.0918138,0.0702604,0.0901388,0.0703014,0.0897674
0.062355,0.0997246,0.0748722,0.0832532,0.0687722,0.0966512,0.077044,0.0887706,0.0717462,0.0926298,0.0754692,0.0882602,0.0712206,0.09102,0.0717094,0.1035858,0.0745954,0.103259,0.0685436,0.1130566,0.0767046,0.0943982,0.0769542,0.088741,0.0760064,0.0906256,0.066546,0.0948298,0.0771994,0.0959772,0.0699866,0.0890264,0.0742998,0.1049138,0.0758196,0.112207,0.0720694,0.1056262,0.0792198,0.0974348,0.078887,0.1011822,0.0677984,0.0909542,0.0746168,0.0970726,0.0711318,0.0971748,0.076101,0.092521,0.0803338,0.0799854,0.071591,0.099441,0.0720764,0.0926302,0.0707044,0.0902592,0.0699436,0.0894344
0.061756,0.1017688,0.075237,0.0833456,0.0686208,0.096947,0.077203,0.090967,0.0703774,0.0930834,0.0752358,0.0891088,0.0717546,0.0903474,0.0708098,0.1029654,0.0757186,0.1032906,0.0687424,0.1134214,0.0763788,0.0929986,0.0773034,0.0877978,0.0758168,0.0896328,0.0660038,0.0954818,0.077117,0.097011,0.0698532,0.0894252,0.0754678,0.106666,0.0761282,0.1131492,0.0715078,0.1050178,0.079442,0.0974176,0.0788482,0.1009164,0.0685364,0.091305,0.0740472,0.095609,0.071532,0.0977376,0.0758052,0.0920516,0.0799944,0.0816104,0.0724858,0.0982422,0.0720084,0.092471,0.0703294,0.0902508,0.0708494,0.0895188
0.0632596,0.1021698,0.075115,0.083094,0.0675136,0.0974744,0.0759336,0.092072,0.0708986,0.0934608,0.077305,0.0884806,0.0710198,0.0906898,0.0720436,0.1017976,0.0754486,0.1030094,0.0701812,0.1134234,0.0762426,0.0919708,0.0772148,0.0875602,0.0772452,0.090068,0.0661368,0.094555,0.077715,0.097248,0.0709808,0.0890256,0.0754204,0.1072234,0.0765236,0.1132416,0.0705474,0.103828,0.080625,0.096779,0.0785734,0.1009526,0.0686552,0.0909658,0.07437,0.0958614,0.0712266,0.0975082,0.0751116,0.0921324,0.0801616,0.0805792,0.0727844,0.0982828,0.071492,0.0933566,0.0709866,0.0926962,0.0699814,0.0893092
0.0631052,0.103017,0.0750018,0.0830946,0.0683568,0.0956938,0.0761826,0.091473,0.072381,0.0933596,0.0774998,0.0891028,0.0706108,0.0909508,0.0712194,0.1016306,0.0746564,0.1020574,0.0688436,0.1139112,0.0763152,0.0925478,0.0773282,0.0879992,0.077135,0.0921132,0.0674694,0.0946518,0.0769542,0.0977724,0.0710888,0.0887008,0.0759246,0.106951,0.0764658,0.1137956,0.0703766,0.1026258,0.0803722,0.0979182,0.0787802,0.1006736,0.067961,0.0904,0.0742672,0.0952064,0.0698274,0.0982504,0.0744738,0.0925918,0.0809536,0.0813078,0.0721494,0.0968682,0.0718716,0.0938018,0.0715474,0.0935008,0.0708804,0.0895796
0.0638542,0.1034752,0.0747146,0.084356,0.068962,0.0960232,0.0765604,0.0897342,0.072167,0.0930068,0.0769498,0.090005,0.0709274,0.0927474,0.0709832,0.1008138,0.073523,0.1032698,0.0694116,0.1139306,0.076073,0.0921342,0.0777458,0.0880444,0.0765946,0.0915652,0.0675014,0.0943888,0.0772648,0.0984572,0.0712644,0.087126,0.0759348,0.1052988,0.0754092,0.1135394,0.0704406,0.1014948,0.0803926,0.0981264,0.0788046,0.100459,0.070891,0.0914414,0.0745728,0.0954302,0.0696316,0.096515,0.0750046,0.0927502,0.0797726,0.0814406,0.0724076,0.0962224,0.0710836,0.0933946,0.0707888,0.094054,0.0707962,0.091288
0.0638642,0.1049882,0.074867,0.083978,0.0677474,0.0952282,0.0759682,0.0900442,0.0721614,0.0933732,0.076606,0.0893194,0.0703436,0.0913738,0.0718294,0.101756,0.0742962,0.1022322,0.0692514,0.1127354,0.0769682,0.0923536,0.077299,0.0870196,0.07461,0.0905368,0.0665886,0.093259,0.0783558,0.0989782,0.0709524,0.087486,0.0763588,0.1043992,0.0754904,0.1135414,0.071772,0.101332,0.0799344,0.0973834,0.0797432,0.100417,0.0721902,0.0902528,0.0742274,0.0967038,0.0688882,0.0971656,0.0754286,0.0922466,0.0792648,0.0825958,0.0714232,0.0970176,0.0705548,0.0938524,0.0707808,0.0941722,0.0711334,0.090562
0.0640022,0.1034346,0.0739396,0.0836008,0.066446,0.0956648,0.0764718,0.0903174,0.0716944,0.0949574,0.0766846,0.0878918,0.0707948,0.0933324,0.071789,0.1023838,0.0749286,0.1033496,0.0696178,0.112822,0.0766186,0.0924222,0.0775516,0.0877184,0.0750736,0.091368,0.0671144,0.0930858,0.0779486,0.0987554,0.0703866,0.0874222,0.076977,0.1038084,0.0754022,0.1148776,0.0709994,0.1013002,0.0806814,0.097528,0.0797436,0.1005516,0.0719926,0.0908536,0.0740202,0.0971156,0.0684748,0.0983642,0.0766014,0.092485,0.0790988,0.0819642,0.071169,0.0965692,0.0706836,0.0942746,0.0710074,0.093788,0.0715652,0.0907346
0.0648324,0.1041488,0.0737078,0.083786,0.0659296,0.0946756,0.0770564,0.0897956,0.0721146,0.0931858,0.0760066,0.086751,0.0709518,0.094058,0.0711798,0.102187,0.0756582,0.1025536,0.0699138,0.1129846,0.075373,0.0935846,0.0774192,0.0894852,0.074747,0.092736,0.0675388,0.092972,0.0781896,0.1001634,0.07081,0.0877252,0.076627,0.1028268,0.0754326,0.1148926,0.0703886,0.1015964,0.0805826,0.097954,0.0784876,0.1007176,0.073365,0.0903216,0.0738094,0.0969012,0.0691666,0.0968846,0.0759804,0.0934346,0.0793042,0.0824648,0.0711142,0.096805,0.0702218,0.0939416,0.0702886,0.0948774,0.0715386,0.0905516
0.0645438,0.1045866,0.0722294,0.0840734,0.0652894,0.094329,0.0767082,0.0882252,0.0721808,0.0941542,0.0764904,0.0866304,0.071555,0.093775,0.071354,0.1024892,0.0752678,0.103892,0.0687296,0.1125248,0.0746104,0.094125,0.077504,0.0908452,0.0735244,0.0933444,0.0667368,0.0923228,0.0785414,0.0997264,0.0707528,0.0870096,0.077292,0.1010744,0.0749546,0.1136076,0.0709456,0.1002804,0.0813546,0.0983924,0.0779554,0.0998048,0.0724842,0.0906456,0.0728642,0.0964528,0.06933,0.0973696,0.075111,0.094796,0.0792484,0.0819544,0.0722312,0.0964146,0.0719208,0.0939248,0.069766,0.0945114,0.0719232,0.0913116
0.0646884,0.1057626,0.0724544,0.0845472,0.0650872,0.0947722,0.0757106,0.0877264,0.0723816,0.0937468,0.0760534,0.086467,0.0711976,0.0934686,0.0701696,0.1020014,0.0756044,0.1044298,0.0690048,0.1119328,0.0745412,0.0949726,0.0781306,0.091766,0.0738902,0.093727,0.0660202,0.092719,0.0790742,0.1002444,0.071466,0.087974,0.0777174,0.0999222,0.0753652,0.1138536,0.0715574,0.098673,0.0814696,0.0973932,0.0777536,0.099218,0.0705896,0.0917186,0.0736608,0.0959586,0.0692762,0.0982858,0.0748754,0.0948778,0.07966,0.0824454,0.0717278,0.0968858,0.071214,0.0950766,0.0695706,0.094054,0.0717454,0.0911638
0.0645158,0.1056666,0.072234,0.0837508,0.0668402,0.0961606,0.0759818,0.0893252,0.0719946,0.0937854,0.0753672,0.086805,0.0709956,0.0912838,0.0714526,0.101157,0.0752642,0.1040964,0.0687536,0.1117068,0.074445,0.0949892,0.07769,0.0918136,0.0727802,0.0940442,0.0659122,0.0912848,0.0789134,0.0992976,0.0712852,0.0879696,0.077447,0.0996946,0.0748654,0.1125536,0.0715976,0.0985062,0.081802,0.0974576,0.0783576,0.0998914,0.0697388,0.092038,0.0738796,0.0946864,0.0682306,0.0982304,0.0740964,0.0963362,0.0790114,0.0808326,0.0727272,0.0972976,0.0704494,0.0950192,0.0689624,0.0937284,0.0715822,0.0924888
0.0638912,0.1048558,0.071872,0.0850426,0.066938,0.098474,0.0753338,0.0898958,0.0724926,0.0939182,0.0757314,0.0882686,0.0701494,0.0912716,0.0725746,0.1012712,0.0761638,0.1052196,0.0690268,0.1124398,0.0737862,0.0946604,0.0782534,0.0906204,0.0750532,0.0939888,0.0668806,0.0927212,0.079159,0.100033,0.0714378,0.0877026,0.0771934,0.1002914,0.0752836,0.1125602,0.0708854,0.099309,0.0810578,0.097623,0.0778072,0.0979472,0.0693538,0.0928722,0.073424,0.0950088,0.068278,0.098973,0.0737292,0.0949848,0.079146,0.0805292,0.0724976,0.097731,0.069326,0.0962866,0.0696042,0.0938446,0.0719604,0.0918818
0.0641046,0.1055256,0.070953,0.0834324,0.0668324,0.0993256,0.0763256,0.0895288,0.0719952,0.0945402,0.0750758,0.0889672,0.0693718,0.0907222,0.0729112,0.1009968,0.0765362,0.1074,0.0695496,0.1126522,0.073049,0.0935618,0.078287,0.0904616,0.0750128,0.094527,0.067608,0.0928432,0.0789888,0.101468,0.0713322,0.0872312,0.0766928,0.0990528,0.0750358,0.1139068,0.0704206,0.0990544,0.0795102,0.0975418,0.077697,0.0980082,0.0680316,0.092259,0.0734,0.0951538,0.0700302,0.098911,0.0734698,0.0955862,0.078892,0.0805334,0.0724966,0.0968746,0.0692136,0.0963316,0.0695168,0.093693,0.0718252,0.0912864
0.0634124,0.1070218,0.0713016,0.0833588,0.0662138,0.099468,0.076185,0.0905016,0.0717302,0.095194,0.0736738,0.0877552,0.068725,0.0910606,0.0725488,0.0991478,0.077516,0.1089924,0.0680954,0.112157,0.073515,0.092027,0.078704,0.0903154,0.0750684,0.0946726,0.0674522,0.092987,0.0792422,0.1003054,0.0709592,0.08881,0.0755262,0.0983232,0.0755696,0.1135922,0.0699018,0.0985726,0.0787586,0.0981214,0.0771072,0.0997042,0.0676478,0.0916602,0.073293,0.094265,0.0700796,0.0980526,0.0742754,0.0942472,0.0787416,0.079963,0.0722508,0.0953296,0.0692942,0.0960074,0.0688162,0.0927588,0.0717294,0.0913294
0.0625128,0.1064994,0.0719996,0.0836164,0.0661406,0.1012844,0.0754902,0.0897582,0.0712242,0.095416,0.0741674,0.0874094,0.0700802,0.0923218,0.071899,0.0999754,0.0772626,0.1093738,0.0682996,0.1133694,0.0745554,0.0914454,0.0788618,0.0903254,0.0748268,0.0950482,0.067932,0.091542,0.0776726,0.1023948,0.07094,0.088976,0.0758652,0.0990728,0.0763688,0.1129548,0.0696572,0.0998592,0.0788106,0.098258,0.0771122,0.101175,0.0671318,0.0913308,0.0731192,0.0947768,0.070513,0.098702,0.0738976,0.0950264,0.0788468,0.0798856,0.0725048,0.0966898,0.0681918,0.0961904,0.0682688,0.093613,0.0720896,0.0920252
0.0638488,0.1083022,0.0714674,0.0836826,0.066802,0.1001468,0.0756256,0.0901192,0.07218,0.0965614,0.0759466,0.0863526,0.070931,0.0921974,0.071325,0.0999278,0.075906,0.1093596,0.0680102,0.1129932,0.0747866,0.0910196,0.0792274,0.0906984,0.0750536,0.0968664,0.06805,0.0925,0.0774748,0.1017502,0.0710332,0.089126,0.0757446,0.097789,0.0765156,0.1120508,0.0702706,0.099442,0.0785734,0.0975038,0.0775876,0.1012324,0.0684622,0.0916216,0.0730348,0.0946902,0.0698798,0.098919,0.0748594,0.0947416,0.079486,0.0791466,0.0715012,0.0969724,0.0682798,0.0970718,0.067622,0.0928832,0.0716884,0.092809
0.0641196,0.1084284,0.071628,0.0833534,0.0674898,0.0988232,0.0748732,0.0901728,0.0726306,0.0964572,0.0770404,0.085022,0.0711646,0.092311,0.071043,0.1003664,0.0753928,0.1091936,0.0675564,0.1132818,0.0753812,0.092871,0.0808558,0.0912328,0.0757154,0.0957214,0.0682198,0.0935316,0.0776448,0.1015222,0.070594,0.088874,0.0754386,0.0988444,0.0765626,0.1126862,0.0709198,0.0988244,0.0786118,0.0969156,0.0777404,0.1007782,0.0678132,0.0916708,0.0737022,0.0950986,0.070859,0.0980862,0.0748714,0.0935384,0.0797342,0.0791674,0.0725214,0.0984366,0.0680606,0.0968064,0.0675304,0.0931842,0.0716948,0.093671
0.0646124,0.106767,0.0718906,0.0832046,0.067045,0.0979566,0.074435,0.0900502,0.0719076,0.0956538,0.0771838,0.0854098,0.0706558,0.0920754,0.0703928,0.1010416,0.0744616,0.1098206,0.0669856,0.1146036,0.0755196,0.0918754,0.0815682,0.0913078,0.075363,0.0961638,0.0687928,0.0933014,0.0764984,0.1015368,0.0708514,0.0882372,0.0769694,0.1033868,0.0778594,0.1122374,0.0711204,0.0990014,0.077989,0.096046,0.078466,0.1024508,0.0722188,0.0929646,0.0731794,0.095867,0.0711334,0.0961348,0.0761478,0.0942002,0.079688,0.0780994,0.0730748,0.0980588,0.068002,0.0960462,0.0665846,0.0914806,0.0715022,0.0938242
0.0642412,0.1077264,0.0730484,0.0845068,0.0669448,0.0983918,0.0743386,0.0892658,0.0715372,0.0964852,0.0768022,0.0851578,0.0707866,0.0910102,0.0704416,0.0993902,0.0742954,0.1101694,0.0668406,0.1139278,0.075293,0.0930936,0.0823184,0.0922238,0.0757846,0.0965534,0.0684324,0.0937262,0.0773956,0.102487,0.071061,0.0899288,0.075606,0.104607,0.0780612,0.1121932,0.0701982,0.0982178,0.0780972,0.0964388,0.0774208,0.1017006,0.072699,0.0916034,0.0730664,0.0958004,0.0710228,0.0951268,0.0770796,0.09411,0.078498,0.0788038,0.0729942,0.0973578,0.068916,0.0948244,0.0666856,0.0912124,0.0711842,0.0928358
0.0644366,0.1082626,0.0729846,0.0837026,0.0665674,0.0989788,0.0739006,0.089106,0.071104,0.0969564,0.077684,0.0849744,0.069449,0.0889516,0.0708876,0.0998032,0.074134,0.1101076,0.0657108,0.112841,0.0752002,0.0926538,0.0818546,0.0927058,0.0771318,0.0969454,0.0697054,0.0921736,0.076838,0.1020482,0.0709318,0.0897452,0.0761044,0.1064728,0.0779998,0.112134,0.0700122,0.0987248,0.07751,0.0957934,0.0778242,0.1024904,0.0716414,0.0922028,0.0734866,0.0955918,0.071658,0.0951012,0.0755874,0.0920096,0.078694,0.0784256,0.0736612,0.0967542,0.0687026,0.0947228,0.0664208,0.091248,0.0715876,0.0931398
0.0650426,0.108438,0.0739208,0.0836084,0.0669002,0.0981062,0.0752208,0.0887022,0.0716376,0.0971022,0.0781012,0.0841596,0.0702212,0.0889358,0.0700366,0.0998444,0.0746056,0.1088236,0.0653538,0.1129752,0.0747556,0.0924016,0.0812668,0.0917504,0.0760698,0.0979612,0.0700304,0.0929326,0.0768048,0.1024252,0.0715098,0.0888842,0.07568,0.1059804,0.0784988,0.1116846,0.0702006,0.0980884,0.0780302,0.0963298,0.0783484,0.1015966,0.0710324,0.0936022,0.0724488,0.0956684,0.0717804,0.0960354,0.0757776,0.0921916,0.0774954,0.0781072,0.0727746,0.0967612,0.069457,0.094916,0.0664086,0.09229,0.0718722,0.0940884
0.0647986,0.1082348,0.074069,0.083151,0.0658228,0.0974908,0.074369,0.0881882,0.0716292,0.0973436,0.0780512,0.0822012,0.0703276,0.0878898,0.0691782,0.0996006,0.0743832,0.1085438,0.0658256,0.1150384,0.0752136,0.0934664,0.0813328,0.0909392,0.0757104,0.0978588,0.0701612,0.0925446,0.0762408,0.1025448,0.0707774,0.087855,0.0745776,0.1055796,0.0783546,0.1106172,0.070186,0.0992818,0.076492,0.0950572,0.0782116,0.1008616,0.0715618,0.0931372,0.0711888,0.0966834,0.0702522,0.0950824,0.0744044,0.0949752,0.0773486,0.0789778,0.072894,0.097221,0.0695818,0.0952526,0.0664718,0.0913042,0.07184,0.0939322
0.0652022,0.1087934,0.07485,0.0837468,0.0667014,0.0971648,0.074612,0.0878042,0.0719024,0.0983346,0.0778938,0.0823678,0.0705708,0.087352,0.0696176,0.1004442,0.074308,0.1076482,0.0660644,0.1153406,0.076619,0.094337,0.0818108,0.090267,0.0751406,0.0988962,0.0704212,0.093096,0.077101,0.1021326,0.0711484,0.0874154,0.074103,0.107537,0.0782756,0.1107976,0.0699978,0.1017622,0.0759214,0.0958854,0.0781552,0.1019474,0.0723658,0.0922638,0.0720826,0.0969914,0.0705504,0.0968888,0.073781,0.0944958,0.0769022,0.0793246,0.0731126,0.09712,0.0699222,0.0941732,0.0662216,0.091903,0.0708274,0.0933044
0.064953,0.1078664,0.0752474,0.0840646,0.066044,0.0979702,0.0744776,0.0889768,0.0720068,0.0970922,0.07694,0.083098,0.070351,0.0869808,0.0700628,0.0985662,0.074512,0.1094384,0.0649448,0.1157656,0.0772874,0.0952348,0.0799372,0.0899862,0.0755432,0.0978412,0.0713096,0.0923674,0.0780578,0.1012076,0.0713302,0.0872782,0.0729444,0.1077936,0.078839,0.1124932,0.0692404,0.100983,0.076542,0.0971788,0.0770792,0.1011222,0.071265,0.0916926,0.0733842,0.0978276,0.0716828,0.0965318,0.0742888,0.0937954,0.0763386,0.0797138,0.0734506,0.0963644,0.0700078,0.0936094,0.0661364,0.0918556,0.072313,0.093898
0.064149,0.106387,0.0746418,0.0850416,0.065573,0.0986332,0.074089,0.0884354,0.0723256,0.096741,0.0784056,0.0828674,0.0705936,0.0875372,0.0702196,0.0985638,0.0737388,0.109644,0.065335,0.1154378,0.077168,0.0951352,0.0803792,0.0914898,0.0763636,0.098021,0.0710834,0.0918538,0.0770266,0.1006076,0.071969,0.0877066,0.072341,0.1090356,0.0790126,0.1121324,0.0712288,0.101451,0.078709,0.0967892,0.0774482,0.1011106,0.0718384,0.0907404,0.0735404,0.098726,0.071425,0.096383,0.0745046,0.0933236,0.0765166,0.0810426,0.0729418,0.0960566,0.0704716,0.0949248,0.0662824,0.0920944,0.0723008,0.0952718
0.0645922,0.106388,0.07374,0.085617,0.0650164,0.0981688,0.0760822,0.0890366,0.0730754,0.0975804,0.078986,0.0819152,0.0712404,0.0864836,0.0706228,0.0969388,0.07332,0.1103146,0.0653926,0.1147648,0.078471,0.0948476,0.0803626,0.0904564,0.0755782,0.0974496,0.0705798,0.0909132,0.0764416,0.1000782,0.0724374,0.0900932,0.07243,0.1084446,0.0791724,0.1117434,0.0713744,0.1013918,0.0782026,0.097153,0.0773128,0.1010054,0.0708608,0.0901424,0.0746396,0.0970044,0.0714222,0.0966702,0.075252,0.0933584,0.077237,0.082952,0.0725456,0.096322,0.0708982,0.0966434,0.0670668,0.0918848,0.0720944,0.0947132
0.0648722,0.1077748,0.0750372,0.085904,0.0662126,0.0990658,0.0749542,0.0896796,0.0721448,0.0969228,0.077893,0.081512,0.0715204,0.0869986,0.0704478,0.0964828,0.0740388,0.1093712,0.0652284,0.113884,0.0780644,0.094455,0.0808448,0.0900748,0.0751784,0.0978248,0.0699816,0.0946916,0.076907,0.1002004,0.0744054,0.0896202,0.0714602,0.107886,0.0798514,0.1109404,0.0723252,0.0996414,0.078802,0.0983018,0.0774764,0.1014836,0.0718736,0.0919958,0.0749412,0.0975986,0.0710676,0.0972282,0.0758412,0.0923732,0.0782732,0.0822188,0.071613,0.095726,0.070383,0.0968752,0.0669554,0.092456,0.0714104,0.0938962
0.0639442,0.1069738,0.0753862,0.0863082,0.0666574,0.0976546,0.0745832,0.0899294,0.0732068,0.0963002,0.0776986,0.082978,0.0721044,0.0860758,0.0696306,0.0974814,0.0730886,0.1097262,0.064865,0.1159198,0.0781146,0.0949264,0.0814018,0.0897624,0.0748696,0.097531,0.0685452,0.0945036,0.0769502,0.099183,0.0740946,0.0899392,0.0715212,0.1076998,0.0801828,0.1107396,0.0726958,0.1021778,0.0783058,0.0972742,0.077255,0.100698,0.0724322,0.0897178,0.074951,0.0970516,0.0714946,0.0973648,0.0752556,0.0929704,0.0779684,0.082475,0.0713724,0.0974784,0.0698402,0.095655,0.0674628,0.0932362,0.0710202,0.0936986
0.0656096,0.1086294,0.0760782,0.0860866,0.0657782,0.0974832,0.0747682,0.0901746,0.0733846,0.0965494,0.0768096,0.083164,0.0713142,0.0867358,0.0697026,0.0975934,0.0730682,0.1092252,0.0673158,0.1170074,0.0777708,0.0935542,0.0810078,0.0900286,0.0753212,0.0980552,0.0690132,0.0938484,0.0763954,0.0999554,0.0741624,0.0894002,0.0751978,0.1082744,0.0800726,0.1092116,0.0723404,0.1028488,0.0780118,0.0968184,0.0765978,0.1006474,0.0718076,0.0899474,0.0750916,0.0959652,0.0715954,0.0978106,0.0749192,0.0926458,0.0786434,0.0811916,0.0710386,0.0975308,0.0699908,0.0963946,0.068109,0.092384,0.0712112,0.0928636
0.0656406,0.1074966,0.0777866,0.0847518,0.0664254,0.096965,0.0745518,0.0905386,0.0737312,0.0969418,0.0754738,0.0838878,0.0723896,0.0874082,0.0686794,0.0987874,0.072526,0.1105306,0.0668244,0.1169544,0.0773306,0.095477,0.0799048,0.0902274,0.0752258,0.0982848,0.0682642,0.093069,0.077904,0.1008792,0.073607,0.08916,0.0749758,0.108522,0.0791826,0.1087122,0.0720088,0.103463,0.0777662,0.0954344,0.077176,0.1007738,0.0716394,0.0900832,0.0743162,0.0961254,0.0709858,0.0978758,0.0736266,0.0942656,0.0792196,0.0796672,0.0704732,0.0969238,0.0698924,0.0970004,0.0681454,0.0919576,0.0708184,0.0933124
0.0651272,0.1065936,0.0785356,0.0831596,0.0667348,0.0964354,0.0754126,0.091167,0.0734652,0.0969288,0.0754078,0.0843426,0.0727584,0.0869564,0.0701316,0.0984434,0.0739664,0.1102892,0.066155,0.1176288,0.0762952,0.09532,0.0799702,0.0907066,0.0747762,0.098527,0.0676928,0.0940042,0.0780684,0.1007702,0.0737218,0.0886442,0.0750382,0.10913,0.0791592,0.1083936,0.0722774,0.1029238,0.0783794,0.094404,0.076621,0.100473,0.0734996,0.0899076,0.075096,0.09554,0.0705968,0.0967164,0.0735264,0.0965924,0.078881,0.079079,0.071469,0.0968144,0.0702494,0.0961918,0.067892,0.0919446,0.070688,0.0926006
0.0656076,0.1077676,0.0783058,0.0830808,0.0683038,0.0970288,0.0754444,0.0914664,0.073847,0.0968662,0.0760738,0.0843712,0.072585,0.0870294,0.070128,0.0989594,0.0733306,0.1103186,0.0660778,0.1166656,0.0775752,0.0966024,0.0793636,0.0898704,0.075857,0.0998946,0.0686598,0.0940478,0.0775914,0.0997502,0.07378,0.088399,0.075451,0.1105784,0.0793794,0.1086218,0.0734182,0.1034038,0.0771022,0.09305,0.0762594,0.099669,0.0733978,0.089979,0.0742838,0.0962726,0.070119,0.0959334,0.0742416,0.0971948,0.0800518,0.078245,0.0720842,0.096011,0.0703484,0.0961058,0.0682814,0.0930628,0.0708916,0.0946284
0.065429,0.1071186,0.0785716,0.0825432,0.0702744,0.0978964,0.074791,0.0917506,0.072671,0.0985806,0.0762494,0.0843066,0.0738102,0.0863418,0.0700766,0.1005734,0.073038,0.109331,0.06635,0.1159818,0.076602,0.0958638,0.0792662,0.0908422,0.0758008,0.0990384,0.0686712,0.0945154,0.0774728,0.1000432,0.0740478,0.088328,0.0748558,0.110937,0.0787382,0.1093432,0.073864,0.101992,0.0768392,0.0936242,0.0765838,0.0993838,0.0724924,0.0900428,0.0749988,0.0951728,0.0696764,0.0949816,0.0734656,0.0966654,0.0795924,0.0788382,0.0729236,0.0961956,0.0698788,0.095489,0.0688066,0.0941132,0.0706464,0.0948556
0.0661602,0.1068578,0.0787094,0.0820988,0.0704722,0.0987288,0.0757242,0.0909082,0.0733334,0.0988804,0.076225,0.0840128,0.0733232,0.0871518,0.071384,0.1006948,0.072574,0.1102288,0.0667364,0.1159672,0.0763444,0.0962998,0.0792068,0.09055,0.0759702,0.09766,0.0691428,0.096042,0.0780474,0.0996162,0.0729839,0.0902188,0.0741498,0.1097746,0.0789096,0.1112244,0.0737146,0.1021358,0.0767406,0.0934438,0.0768762,0.1000782,0.0721396,0.0888568,0.0746848,0.0952762,0.069659,0.093721,0.0737834,0.0968774,0.0789342,0.0784186,0.0731802,0.0963924,0.0705552,0.094422,0.0677872,0.0948872,0.0708216,0.0940976
0.0661684,0.1067974,0.0789204,0.0836144,0.0713172,0.0985234,0.075312,0.0901292,0.0742532,0.098995,0.076547,0.0842798,0.0739964,0.0875996,0.0713202,0.100665,0.0730164,0.1116318,0.0670872,0.1161694,0.0749964,0.0951088,0.0793818,0.089247,0.0757626,0.096509,0.0689572,0.0962098,0.077565,0.0993036,0.0722743,0.09027,0.0741298,0.1109234,0.0779864,0.1123762,0.0733548,0.1014282,0.0761566,0.092278,0.0775202,0.099002,0.0720666,0.0892848,0.0756134,0.0952206,0.069774,0.0942566,0.073374,0.0966862,0.0787034,0.0789976,0.072678,0.097303,0.0702094,0.094347,0.0677516,0.0949182,0.070722,0.0954828
0.0659142,0.107224,0.0787892,0.0816836,0.071546,0.0994484,0.0750338,0.0896674,0.0737718,0.0993952,0.0772724,0.0843218,0.0735806,0.0875076,0.0709258,0.1016702,0.0727566,0.1115662,0.0683248,0.115707,0.074347,0.0948978,0.07974,0.089261,0.075531,0.096519,0.0686618,0.0968102,0.0779358,0.0993284,0.0721277,0.0909534,0.0730818,0.1122716,0.0788326,0.1112286,0.0735288,0.1007976,0.0755284,0.093524,0.0777064,0.0993086,0.071018,0.0905004,0.0755292,0.0945794,0.0695764,0.0943968,0.07442,0.0955472,0.0787982,0.0790196,0.0726536,0.0989594,0.0700588,0.094984,0.06803,0.0948156,0.0706424,0.0952588
0.065639,0.107088,0.0790688,0.0822918,0.0720114,0.0982118,0.0749444,0.0898114,0.0733738,0.1003412,0.0781926,0.0832088,0.0735308,0.0874768,0.0702778,0.1011968,0.0719848,0.111217,0.0683914,0.116115,0.0750586,0.0952434,0.078402,0.0882062,0.0751822,0.0947154,0.0684552,0.0953256,0.0775898,0.1008466,0.0720411,0.0919806,0.0742038,0.1125924,0.078877,0.1109732,0.0748798,0.0999224,0.0753306,0.0933818,0.0775466,0.0997776,0.0713822,0.089925,0.0758552,0.0942416,0.070783,0.093686,0.0743712,0.0939644,0.0792532,0.078036,0.0733306,0.0995222,0.0694358,0.0957552,0.0676776,0.0944124,0.0694194,0.0966692
0.066025,0.1068136,0.0793124,0.0823668,0.0709722,0.097535,0.0746222,0.0898214,0.0739574,0.099224,0.0780148,0.0822796,0.0735506,0.088233,0.069853,0.1024232,0.0719454,0.1115726,0.068432,0.1147544,0.074568,0.094237,0.0795608,0.0868156,0.0751412,0.0933956,0.0678962,0.0957878,0.0773812,0.1013432,0.0705397,0.0925948,0.0743696,0.1122082,0.0780834,0.1115308,0.074238,0.100022,0.07587,0.0939692,0.0774008,0.0987664,0.071266,0.0903728,0.0759688,0.093176,0.0704392,0.0943562,0.0737314,0.0941844,0.0783972,0.0781578,0.07305,0.0990142,0.0688828,0.0941416,0.0664154,0.0943832,0.0701166,0.0965898
0.0656612,0.1065752,0.0800178,0.0831038,0.0719168,0.0971198,0.074439,0.0902292,0.075006,0.0988744,0.077944,0.082442,0.0735026,0.0889094,0.0685346,0.102114,0.0718196,0.1117968,0.0684596,0.1138244,0.0739696,0.095583,0.0798034,0.08729,0.0747666,0.0943844,0.066998,0.0959306,0.0767652,0.1026462,0.0702329,0.0909466,0.0751788,0.1126088,0.0779764,0.1117332,0.0740836,0.0999942,0.0750286,0.0931992,0.0762036,0.0995494,0.0714642,0.0888446,0.0752176,0.0927682,0.0699526,0.0935032,0.0734506,0.0942706,0.0775996,0.0783072,0.0724064,0.0989158,0.0697578,0.0931558,0.0668268,0.0941418,0.070257,0.0967248
0.06598,0.10578,0.0796494,0.0837544,0.071574,0.0985006,0.074397,0.0900882,0.0744766,0.0985666,0.0774038,0.0827466,0.072905,0.089182,0.0687392,0.10179,0.071508,0.1113534,0.068071,0.1147906,0.0735738,0.0955788,0.0791528,0.0863224,0.0744282,0.094381,0.06798,0.0949934,0.0771052,0.1024484,0.0710754,0.0908222,0.0745538,0.1130076,0.0777442,0.1114446,0.0738176,0.1013938,0.0744148,0.092661,0.0757102,0.0980376,0.0718834,0.089093,0.0749238,0.0940168,0.0709146,0.0926572,0.0731404,0.095025,0.0771228,0.0773092,0.073426,0.0991042,0.0699154,0.093787,0.0676854,0.0944678,0.0715514,0.097683
0.0658706,0.1065206,0.0796226,0.0836938,0.0718266,0.0979232,0.0742412,0.0904032,0.0750892,0.0982858,0.0768388,0.083419,0.0721194,0.0886994,0.0684474,0.1011216,0.0713998,0.110765,0.0680564,0.114264,0.0730784,0.0939588,0.0806992,0.0859222,0.0746184,0.0945814,0.067739,0.095621,0.0760814,0.1034634,0.0713705,0.0925262,0.0735694,0.113884,0.0776452,0.1101844,0.0738848,0.1033614,0.0741098,0.0929328,0.0757546,0.0988596,0.0715842,0.0899654,0.0754822,0.093679,0.0717292,0.0929368,0.073762,0.096031,0.077069,0.077737,0.0738556,0.0990448,0.069596,0.0933764,0.0676314,0.093768,0.071442,0.0974096
0.065986,0.104489,0.0798066,0.084075,0.0714654,0.097837,0.0733018,0.0909512,0.0749424,0.09759,0.075964,0.0837244,0.0722516,0.088566,0.0691766,0.100549,0.0705482,0.1105778,0.0672352,0.1139804,0.0740664,0.0943556,0.0800142,0.0863278,0.0749364,0.0945718,0.0680224,0.0972312,0.0753266,0.1033416,0.0711202,0.0922632,0.0736056,0.112728,0.0784306,0.1095306,0.0725928,0.1017986,0.0738232,0.0938304,0.0757654,0.0995404,0.0715616,0.0900792,0.0753526,0.093837,0.0713702,0.0931218,0.0745294,0.0959702,0.0773562,0.0790414,0.0738732,0.09911,0.0698796,0.0928446,0.0672608,0.0937712,0.0705698,0.0980168
0.0654822,0.1036574,0.079543,0.0825902,0.07273,0.0984686,0.0727154,0.0902966,0.074366,0.0978624,0.0754752,0.083285,0.0715348,0.0885686,0.06919,0.1011188,0.0702534,0.1104114,0.0677034,0.1144762,0.0731752,0.0955754,0.0806174,0.0867602,0.0749362,0.0951898,0.0671622,0.0966834,0.0755282,0.1049446,0.0713766,0.0905578,0.073106,0.1136798,0.0791944,0.1099496,0.0727794,0.102274,0.0743516,0.0942102,0.0777302,0.1003574,0.0714564,0.0903606,0.075347,0.0955758,0.0727554,0.0923484,0.074972,0.095729,0.0781462,0.0776034,0.0741094,0.0986694,0.0686998,0.0923432,0.0669652,0.0934012,0.0708382,0.0972312
0.0660072,0.1044048,0.0803272,0.0825802,0.0738968,0.0987376,0.0727444,0.0896088,0.0756798,0.0973422,0.0773246,0.0829176,0.0700912,0.088465,0.068775,0.1007808,0.0711958,0.1092968,0.0687898,0.114971,0.073622,0.0957478,0.0801064,0.0871018,0.074174,0.094677,0.0660844,0.0972916,0.0758194,0.1056754,0.0716694,0.091213,0.0735358,0.11317,0.0800366,0.1110422,0.0728086,0.1012888,0.073992,0.0944854,0.0772984,0.0975944,0.0706298,0.0909748,0.076236,0.095139,0.0730814,0.091031,0.0741376,0.095415,0.0767672,0.0781652,0.0731708,0.0986428,0.0688732,0.0932402,0.0672016,0.0940696,0.0707768,0.096912
0.0657012,0.1030464,0.079901,0.0826924,0.0736302,0.0976198,0.0727052,0.0910806,0.0753886,0.0967926,0.0775612,0.0817832,0.0713756,0.0897264,0.0681546,0.1007038,0.0714848,0.109724,0.0689664,0.115985,0.0753098,0.096638,0.079472,0.0874004,0.0740154,0.095091,0.0658978,0.0968974,0.0759558,0.1037644,0.0711666,0.0900538,0.0720756,0.1119284,0.079175,0.1119046,0.0717236,0.1009222,0.0737178,0.09421,0.0768562,0.0967808,0.070069,0.090498,0.0765378,0.0946656,0.0732968,0.0901774,0.0741616,0.0970312,0.0769662,0.0773136,0.0722246,0.098598,0.0695126,0.0921688,0.065911,0.0950112,0.0708046,0.0967098
0.0657898,0.1032382,0.079248,0.0840442,0.0741478,0.0968806,0.0736114,0.0895286,0.0755698,0.095979,0.0773748,0.083551,0.0714466,0.0897392,0.0684926,0.0998,0.0711512,0.1100674,0.0693824,0.1150944,0.0752542,0.0982216,0.0795728,0.0869374,0.0743026,0.0944376,0.065979,0.0965752,0.075285,0.1029174,0.0718192,0.0905516,0.0731878,0.1104918,0.0797742,0.1123678,0.0730012,0.1018818,0.0731986,0.0948956,0.077526,0.097229,0.0700954,0.091352,0.077025,0.0956518,0.0734564,0.090103,0.0746402,0.0968728,0.07642,0.0773136,0.0722862,0.0988232,0.0692428,0.0925934,0.0662952,0.0957912,0.0707654,0.0969184
0.0656832,0.1037356,0.079088,0.0834978,0.0738818,0.097299,0.0741718,0.0900346,0.0751376,0.0966366,0.076804,0.0840836,0.0712716,0.090937,0.067484,0.1001438,0.0713712,0.1102472,0.0693406,0.1159718,0.0750048,0.098949,0.0801208,0.0879036,0.0749786,0.0953388,0.0664618,0.0954354,0.0758362,0.1032582,0.0707524,0.0910438,0.073386,0.1106556,0.0793116,0.1118246,0.0723138,0.1014048,0.0724982,0.0942002,0.0782444,0.0978834,0.0704964,0.091146,0.0757128,0.0963774,0.074373,0.0902248,0.0761316,0.096395,0.0776084,0.0771704,0.0713298,0.1001648,0.0693498,0.0927466,0.0659392,0.0956938,0.0702976,0.0973086
0.0660798,0.1038222,0.0796306,0.0835952,0.0749582,0.0960026,0.073794,0.092257,0.0746406,0.0965396,0.0762992,0.0842024,0.071671,0.090361,0.0677844,0.099054,0.0712906,0.1100186,0.068735,0.1162532,0.0746622,0.0999026,0.0805154,0.0871536,0.0751738,0.0958616,0.0673722,0.094568,0.075711,0.1020506,0.0720566,0.0917456,0.072962,0.1098476,0.0806576,0.111427,0.0730578,0.1004848,0.072608,0.0952278,0.0783312,0.0974082,0.0695814,0.090429,0.0764902,0.096192,0.0739754,0.0893618,0.075237,0.0973268,0.0780134,0.0776564,0.070971,0.1006704,0.0708486,0.0938686,0.0663326,0.0958006,0.0706758,0.0966122
0.0647418,0.1024074,0.0792358,0.084038,0.0746926,0.0952094,0.0747902,0.0924186,0.0744062,0.0974154,0.075947,0.0845424,0.0714226,0.0895292,0.0678786,0.0993172,0.0714804,0.1099128,0.0698334,0.1157536,0.0750582,0.1004112,0.080339,0.0876102,0.0755156,0.0944654,0.0667346,0.0932766,0.07576,0.1019028,0.0713448,0.0925438,0.0709356,0.1104428,0.0807794,0.1123566,0.0728212,0.1007078,0.0720406,0.0955196,0.0785208,0.0976742,0.068884,0.0899848,0.0755714,0.0969218,0.0747008,0.0887124,0.0742684,0.0969414,0.0778608,0.0782916,0.0720968,0.0994004,0.071034,0.0938768,0.065333,0.094858,0.070655,0.0963102
0.064716,0.1012084,0.079668,0.0847538,0.073787,0.0950804,0.0743726,0.092092,0.0749234,0.0974444,0.0753238,0.0841656,0.0710428,0.0904204,0.0677138,0.0998828,0.07061,0.109693,0.0689298,0.1161486,0.0753988,0.0997246,0.0814252,0.0872848,0.0755344,0.0943266,0.0674426,0.0926212,0.0760638,0.1014704,0.072725,0.092627,0.0711784,0.1100788,0.0798392,0.1142124,0.0733722,0.1011012,0.0711634,0.0964222,0.079069,0.098761,0.0695356,0.089212,0.0749108,0.097991,0.0751504,0.0898226,0.0749174,0.0965856,0.0782162,0.078056,0.0715004,0.0995146,0.0702616,0.094504,0.066321,0.0964278,0.0711586,0.0958524
0.0648942,0.1009378,0.080472,0.0868616,0.0734962,0.0943636,0.0737972,0.0899936,0.074176,0.0979002,0.074241,0.0835462,0.0708106,0.0903198,0.0673122,0.1003054,0.0696906,0.1082332,0.070443,0.1174954,0.0754634,0.0984366,0.0811608,0.0878632,0.0743902,0.0941462,0.0684354,0.0932488,0.0752222,0.1011104,0.0730844,0.091639,0.0711314,0.110071,0.0799462,0.114276,0.0724266,0.1020792,0.0710922,0.0956524,0.078661,0.0975638,0.070182,0.0887174,0.07553,0.0992522,0.0755758,0.0890238,0.0748646,0.0957188,0.0780306,0.078619,0.0727158,0.0993336,0.0692354,0.0950516,0.0663258,0.0966154,0.0708774,0.096479
0.0636264,0.0992158,0.0812418,0.086432,0.0736374,0.0926042,0.0729158,0.090062,0.0738738,0.0985094,0.0739738,0.0841364,0.0696444,0.0899026,0.0666736,0.099334,0.0694382,0.1082074,0.0695598,0.1166624,0.0763206,0.0977756,0.0808908,0.0861532,0.0745802,0.0942662,0.0696702,0.0937442,0.074492,0.1007774,0.0735328,0.092583,0.0717798,0.1111492,0.0805194,0.1143714,0.0728682,0.102419,0.071366,0.095708,0.0794228,0.0989804,0.0704738,0.0892106,0.075472,0.0994964,0.076345,0.0879742,0.0753334,0.0978398,0.07846,0.077872,0.0732152,0.0992274,0.0713278,0.0946886,0.0675192,0.0974878,0.0716768,0.0942414
0.063933,0.0990534,0.0807156,0.0869358,0.0740278,0.0927958,0.0730282,0.0909238,0.0737962,0.09841,0.0748506,0.0843306,0.0695732,0.0911918,0.0679136,0.1007634,0.0699244,0.10849,0.0689884,0.1164852,0.0766166,0.095952,0.0808232,0.086153,0.0746724,0.094156,0.0690044,0.0939376,0.0752386,0.1022004,0.072841,0.0922966,0.071566,0.1111746,0.080758,0.1152468,0.072015,0.1032464,0.0710634,0.0953782,0.0800312,0.0982454,0.0699616,0.0885056,0.0764264,0.0984762,0.0757358,0.0882122,0.0752688,0.0975572,0.076895,0.0802302,0.0744744,0.0989398,0.0708678,0.0954218,0.0687072,0.0958526,0.0716054,0.0961284
0.0661248,0.0997376,0.080513,0.0868554,0.0742148,0.0931282,0.0729816,0.0902478,0.075984,0.1004724,0.0748952,0.084664,0.0693274,0.0902434,0.0674898,0.100759,0.0686556,0.1072408,0.068762,0.1173118,0.0760518,0.0956098,0.0801422,0.086049,0.0753414,0.0934454,0.0691454,0.0926726,0.0748534,0.1028404,0.0726904,0.0934872,0.0723664,0.1112142,0.0802942,0.11462,0.0739576,0.103184,0.0708728,0.0939446,0.0798634,0.0981438,0.0692074,0.0891218,0.077438,0.0978848,0.0755424,0.0889056,0.0751124,0.096592,0.0774862,0.0805196,0.0738302,0.1002578,0.0712824,0.095177,0.0688106,0.0951186,0.0707484,0.0955168
0.0653884,0.1001534,0.0799526,0.0866266,0.0754846,0.0958374,0.073992,0.0911736,0.0756972,0.1000978,0.0753356,0.0851604,0.073394,0.0882408,0.067416,0.103035,0.0694282,0.1068598,0.0684332,0.1187254,0.0761792,0.095268,0.0811466,0.0863168,0.0756678,0.0944334,0.0685446,0.0929464,0.0755124,0.1021896,0.0731906,0.094041,0.0722994,0.1106386,0.0799986,0.1148892,0.0738376,0.102505,0.0701478,0.0947872,0.0805066,0.0992162,0.071073,0.0903568,0.0778726,0.099009,0.0756192,0.0885274,0.0754826,0.0974042,0.0778136,0.0799676,0.0736262,0.0996486,0.0712002,0.095604,0.068884,0.09665,0.0708836,0.096618
0.0646496,0.098668,0.0804928,0.087334,0.075007,0.095874,0.0774402,0.0916998,0.0758486,0.0999596,0.075438,0.084778,0.0735616,0.0888536,0.067992,0.1014368,0.0681074,0.1068548,0.0700992,0.1194066,0.0765132,0.0955954,0.0814406,0.0866962,0.0766652,0.0939006,0.0675722,0.0931684,0.0752908,0.1044582,0.0736994,0.0944856,0.0718442,0.1105384,0.0802804,0.1146448,0.0735154,0.102395,0.0695264,0.095302,0.0807482,0.0991422,0.0703294,0.0913108,0.0777272,0.0986858,0.0749594,0.0880438,0.0758926,0.0981224,0.0780896,0.0788062,0.0730634,0.0991646,0.0715274,0.096166,0.0686338,0.0964302,0.071301,0.0963276
0.065629,0.1002002,0.0811412,0.0893282,0.075533,0.096377,0.077989,0.0928098,0.0762034,0.0998474,0.0751364,0.0858606,0.0734648,0.087488,0.0681544,0.100931,0.0678948,0.1062978,0.068976,0.1180626,0.075642,0.0958186,0.0810528,0.0882016,0.0763924,0.095794,0.0690626,0.093457,0.0756844,0.1036338,0.073751,0.0940768,0.0730436,0.1095178,0.0806942,0.1163094,0.0734322,0.1023526,0.0702422,0.0959562,0.0808454,0.0994664,0.0698198,0.0900532,0.0770674,0.0987636,0.0743206,0.0873538,0.075355,0.0975868,0.0773936,0.0806338,0.0726888,0.0999004,0.0714556,0.096444,0.0692372,0.097932,0.0721056,0.096565
0.0660502,0.0986886,0.0809032,0.0890486,0.0754322,0.096754,0.0786734,0.0920386,0.0765414,0.100645,0.0744878,0.0854108,0.072716,0.0867726,0.0677204,0.1011182,0.0682376,0.1053406,0.0698566,0.1168248,0.0755192,0.094725,0.0809536,0.0870408,0.0761798,0.0960222,0.069363,0.0942832,0.076572,0.1031282,0.0746816,0.092379,0.074353,0.1094488,0.0817872,0.1151112,0.0735362,0.1020944,0.069778,0.0964194,0.0804776,0.100443,0.069113,0.0905126,0.0774522,0.0979064,0.0750296,0.0867298,0.0759078,0.0965636,0.0775322,0.0798396,0.0728474,0.0995472,0.0717644,0.0969,0.069623,0.0964558,0.0725196,0.096602
0.0665702,0.098827,0.080483,0.088416,0.076132,0.0979424,0.079265,0.092402,0.0773606,0.099519,0.0743212,0.0861578,0.0726838,0.0865048,0.0684142,0.1015274,0.0671128,0.1054474,0.069417,0.116128,0.0754676,0.0940506,0.0813484,0.0873684,0.0766934,0.0939382,0.069761,0.0938854,0.0764434,0.1025528,0.0758418,0.0915748,0.073881,0.108404,0.0809708,0.1135538,0.0730198,0.1029622,0.0704076,0.0969228,0.0812226,0.1011518,0.0695964,0.0914084,0.0756486,0.0977768,0.0748842,0.0860876,0.0766968,0.097378,0.076401,0.079134,0.07323,0.0997264,0.0719668,0.0980798,0.069085,0.0969628,0.0719404,0.097113
0.067946,0.097693,0.0812408,0.086611,0.0762296,0.0978242,0.0792648,0.0921342,0.0752942,0.0989538,0.074494,0.0866148,0.0721624,0.0853936,0.0692618,0.1010286,0.0665276,0.1035432,0.069206,0.116476,0.0750846,0.09551,0.0812948,0.087432,0.0748338,0.0950994,0.0700158,0.0936966,0.0770574,0.1025216,0.0756772,0.0921876,0.0729394,0.1081752,0.0820988,0.112947,0.0732628,0.1041134,0.070936,0.0969346,0.0815224,0.1022198,0.0688442,0.0918218,0.0747034,0.0974504,0.0746342,0.0848764,0.07664,0.097536,0.075671,0.0799048,0.0736672,0.0991106,0.0729382,0.097605,0.0677348,0.0966452,0.0728174,0.0960188
0.0682762,0.097483,0.0818614,0.0874202,0.075602,0.097248,0.0797786,0.09188,0.07629,0.0986102,0.0735456,0.0864354,0.0730238,0.0851296,0.0697452,0.1003184,0.0669886,0.1043676,0.0697792,0.1161378,0.0749374,0.0963858,0.0810832,0.0862768,0.0765804,0.0948284,0.069801,0.0953618,0.0770344,0.1011116,0.0755926,0.0925966,0.0745386,0.1069796,0.0827538,0.114094,0.0730536,0.1031956,0.0714432,0.0967914,0.0805906,0.101149,0.0685292,0.0903752,0.0749126,0.0970728,0.0738738,0.0847454,0.0767066,0.0969508,0.0764666,0.0796224,0.073786,0.0989706,0.0737754,0.098106,0.0666038,0.0968704,0.0730778,0.0964456
0.0683874,0.0974994,0.0810988,0.0882344,0.074316,0.096573,0.0798922,0.0933134,0.0773464,0.0986184,0.0745426,0.0863836,0.0725248,0.0855698,0.0696702,0.100278,0.0671156,0.104272,0.068787,0.1136166,0.0752534,0.0970708,0.0809124,0.086445,0.0766546,0.0958584,0.070529,0.0946044,0.0770968,0.1012634,0.0754516,0.0922418,0.0745548,0.1072046,0.0828732,0.1141896,0.0730738,0.104164,0.0708974,0.0960924,0.0804298,0.1021632,0.0695594,0.0898374,0.0753214,0.0951704,0.0735572,0.0849814,0.0764984,0.0961946,0.0771458,0.0808528,0.073786,0.0987044,0.0738776,0.0971952,0.0659404,0.0975398,0.0732784,0.0964312
0.068625,0.0982334,0.0807146,0.087594,0.074717,0.0979852,0.0795252,0.0920198,0.0775782,0.0972588,0.0746546,0.0868334,0.0711804,0.084384,0.0710232,0.0997636,0.0689774,0.1041996,0.0690973,0.1131154,0.0757456,0.0978124,0.0805218,0.0864298,0.0769404,0.0989804,0.0706298,0.0945958,0.0776532,0.1038768,0.0766412,0.0917632,0.074769,0.1077452,0.082512,0.1156636,0.073443,0.1049322,0.0720762,0.096065,0.0805146,0.1009122,0.0695428,0.0899234,0.0748678,0.094144,0.0746536,0.0853076,0.0761946,0.0960414,0.0766494,0.0802266,0.0727314,0.098228,0.072752,0.0962746,0.0667148,0.097702,0.073378,0.0963554
0.0705908,0.0982574,0.0798646,0.0877502,0.0743344,0.098406,0.078891,0.0922482,0.0774828,0.0973462,0.0742542,0.0869034,0.07182,0.0846666,0.0710316,0.1004708,0.0693902,0.1047902,0.0694537,0.1135632,0.0746698,0.098597,0.080499,0.087578,0.0777138,0.0996026,0.071421,0.0961152,0.0767462,0.103841,0.0752404,0.093375,0.074135,0.107847,0.0819988,0.1156636,0.0740002,0.104766,0.0727032,0.0948216,0.080798,0.1007652,0.069298,0.090495,0.0766844,0.0943906,0.0742244,0.087044,0.076584,0.0961656,0.0757298,0.0823718,0.0724194,0.0989028,0.0726048,0.0958828,0.067672,0.0978,0.0731898,0.0952532
0.070716,0.0986136,0.0795356,0.087356,0.0749742,0.09763,0.078336,0.0931504,0.0766484,0.0971948,0.0735536,0.0867278,0.0712566,0.0837336,0.0711048,0.1001524,0.071073,0.1026096,0.0693165,0.1136856,0.0758898,0.0987606,0.0807234,0.0886654,0.077713,0.0996138,0.0710404,0.0959106,0.0760252,0.1037946,0.0752798,0.0933404,0.0739138,0.1067258,0.081393,0.1153114,0.0741438,0.1030404,0.0726338,0.0954882,0.0800972,0.099323,0.070201,0.0899648,0.0765626,0.0954782,0.0740788,0.0874328,0.0760934,0.0965408,0.0761494,0.0834484,0.0724034,0.099629,0.072772,0.0954052,0.0676408,0.0968302,0.0737644,0.0958444
0.071408,0.0983884,0.0793494,0.0875884,0.0746988,0.097865,0.078291,0.092851,0.0760258,0.0966246,0.0733318,0.0851194,0.0718088,0.083894,0.0723824,0.1004838,0.0708436,0.1028492,0.0689158,0.1143432,0.0750102,0.0983492,0.0812954,0.0882804,0.0785198,0.0997502,0.0704496,0.0960332,0.0754456,0.1037828,0.074046,0.093972,0.0740322,0.1054456,0.0817812,0.116692,0.0742968,0.103117,0.0735094,0.0958332,0.0798036,0.099178,0.0709024,0.0885418,0.0763924,0.0946606,0.0749616,0.0872774,0.0759102,0.0966066,0.0768426,0.0835648,0.0719744,0.0990404,0.0729004,0.0964092,0.0695698,0.0969718,0.0737152,0.0950986
0.071284,0.099313,0.0777616,0.087649,0.075056,0.0974568,0.0794968,0.0933512,0.0750876,0.0963086,0.0747632,0.085613,0.073145,0.0840502,0.0714698,0.1013886,0.0705014,0.10361,0.0681002,0.1143374,0.075265,0.0979334,0.081367,0.0882258,0.0782202,0.0993018,0.0692214,0.0958942,0.075119,0.1042556,0.0737258,0.0920914,0.0744098,0.1061774,0.0821666,0.1168988,0.0744882,0.1005296,0.0732976,0.0948322,0.0797658,0.1003602,0.0707914,0.0881358,0.0766322,0.0936674,0.0745998,0.0877982,0.0757084,0.096641,0.0772874,0.083098,0.0714914,0.099023,0.0723348,0.0957328,0.0682296,0.0959154,0.0743532,0.0935898
0.0705282,0.1003876,0.0772224,0.089895,0.0741528,0.0975684,0.0804844,0.0935682,0.0758544,0.097071,0.0762126,0.0863808,0.074328,0.0850996,0.0717584,0.101165,0.0704894,0.1025828,0.067943,0.1144068,0.07513,0.0988562,0.0798386,0.0878186,0.077621,0.0995912,0.0692148,0.0965804,0.0755702,0.1029122,0.0750396,0.0934582,0.0743232,0.1054508,0.0817922,0.1155198,0.0758002,0.0991164,0.0732792,0.0944328,0.0803762,0.0997176,0.0703514,0.0885598,0.0777684,0.095285,0.0748052,0.090352,0.076038,0.0960394,0.0767246,0.0830096,0.0719128,0.09969,0.072847,0.0959324,0.0678182,0.0978928,0.0755222,0.0936622
0.0702866,0.1007568,0.0778224,0.0898004,0.0734012,0.0962424,0.0803282,0.0928214,0.0759814,0.097305,0.0763636,0.0869138,0.0731018,0.0839426,0.0715926,0.1002986,0.0711722,0.1032074,0.0682428,0.1146674,0.0753118,0.0994038,0.0807258,0.0871582,0.077451,0.1011458,0.0702956,0.0962852,0.0760902,0.1022622,0.0750126,0.0937634,0.073118,0.1056476,0.0816878,0.1151648,0.0757244,0.0987878,0.07235,0.0956752,0.0805684,0.1004026,0.071131,0.0878806,0.078363,0.0944794,0.0742126,0.089663,0.0765232,0.0957528,0.0775222,0.0826986,0.0716378,0.0995118,0.0737044,0.094096,0.0663879,0.0977212,0.0753528,0.093873
0.0707308,0.0996102,0.0795736,0.090716,0.0735042,0.0970294,0.0798788,0.0920422,0.0757334,0.0976464,0.0773172,0.087689,0.0733352,0.0825582,0.0709766,0.1000186,0.0712254,0.1038208,0.0680818,0.1146424,0.0747356,0.0992778,0.0810164,0.0868196,0.0782262,0.1005816,0.0702158,0.096376,0.076562,0.1034576,0.0756522,0.0923836,0.072556,0.1053706,0.0814888,0.1151578,0.0752058,0.0998298,0.072506,0.0969442,0.0802182,0.1006282,0.0710186,0.0883766,0.0783452,0.095778,0.0741296,0.0892774,0.0765702,0.0972052,0.0770938,0.0820072,0.072407,0.0984084,0.074472,0.093461,0.0651221,0.0970026,0.0757746,0.0917222
0.0711512,0.0995882,0.0789856,0.0910762,0.0738672,0.0982894,0.079937,0.0913448,0.075252,0.0980756,0.0779352,0.0874534,0.0739944,0.0832426,0.070204,0.1006588,0.0715514,0.103656,0.067952,0.1137894,0.0756794,0.100013,0.0810312,0.0867726,0.0782046,0.0999546,0.0704156,0.0940302,0.076874,0.1047676,0.0746412,0.0917016,0.0711946,0.1049294,0.0808598,0.114421,0.0751576,0.0986542,0.0717776,0.0962086,0.0801768,0.1003134,0.070858,0.0894974,0.0779132,0.0970142,0.0740398,0.0896844,0.0764278,0.096616,0.0765238,0.0826058,0.072313,0.0991676,0.0745224,0.0930116,0.0648305,0.0967554,0.0756132,0.0915638
0.0710438,0.10011,0.0797342,0.0913868,0.0746514,0.098158,0.0813886,0.0911492,0.0760834,0.0982956,0.0772566,0.0877774,0.0739816,0.0830758,0.0702932,0.100586,0.0715796,0.10459,0.0684348,0.1149338,0.0762866,0.099063,0.0815516,0.085777,0.0787766,0.0984868,0.0701392,0.0949238,0.0772402,0.1038368,0.0743136,0.0908972,0.070901,0.1053958,0.0805624,0.1144848,0.0744788,0.0995428,0.0720154,0.0956198,0.0793842,0.1004428,0.0706326,0.088461,0.077819,0.0965168,0.0747032,0.0900328,0.0782272,0.0940066,0.0760788,0.08216,0.0724898,0.1006154,0.0743482,0.0929336,0.0655991,0.0967108,0.0754744,0.0925022
0.0710788,0.0992744,0.077662,0.0919022,0.0749976,0.0992746,0.0807122,0.0907394,0.0757186,0.097904,0.0778176,0.0872206,0.0742978,0.0815488,0.069526,0.1008774,0.0718822,0.104618,0.0683584,0.114915,0.076481,0.0980972,0.0808854,0.0858878,0.0798128,0.0993338,0.0697362,0.0937866,0.0773002,0.1031172,0.073733,0.0910844,0.0715122,0.104985,0.08027,0.1151802,0.0736804,0.099474,0.0707736,0.0969374,0.080521,0.0994972,0.0714344,0.0886418,0.0778418,0.0969606,0.0740494,0.090472,0.0779714,0.0956352,0.0763352,0.0830894,0.0722768,0.1013582,0.0741194,0.0931906,0.0660199,0.0967688,0.0747206,0.091756
0.070793,0.0994788,0.0774132,0.0910414,0.0753984,0.1020512,0.080038,0.0904604,0.0746602,0.098349,0.0779598,0.0871728,0.0740336,0.0812984,0.0704686,0.1016152,0.0721826,0.104921,0.0681334,0.1149668,0.0765134,0.0980794,0.0802276,0.0865586,0.0791822,0.0979596,0.0700336,0.0936372,0.0768164,0.103435,0.0735694,0.0917476,0.0714468,0.1060654,0.0802602,0.1160122,0.0743782,0.09997,0.0715648,0.0959024,0.0805438,0.0988186,0.0711716,0.0882558,0.0783528,0.0973668,0.0738446,0.0894598,0.078188,0.095185,0.0769242,0.0844028,0.072802,0.1022824,0.0735966,0.0942162,0.0661503,0.0956002,0.0743286,0.092749
0.0714868,0.0990396,0.0808536,0.091697,0.0747332,0.1023032,0.0799556,0.0913778,0.0733174,0.0969994,0.0773584,0.085994,0.0727328,0.082591,0.069955,0.1020358,0.071631,0.1066206,0.068722,0.1144514,0.0764216,0.099986,0.0786184,0.0860224,0.0793384,0.0977218,0.0693428,0.0930206,0.0766414,0.1035762,0.073704,0.0912538,0.072203,0.1063986,0.0805924,0.1162634,0.0736412,0.1003182,0.071706,0.096006,0.0802084,0.0988012,0.0713338,0.087008,0.0782356,0.0988956,0.0737434,0.0899732,0.0771864,0.094001,0.0768982,0.0845278,0.0730572,0.1026796,0.0731408,0.0943508,0.0665085,0.0965602,0.0752978,0.0933476
0.0715842,0.098234,0.0817306,0.0924086,0.0751988,0.101378,0.0787026,0.0920444,0.0730614,0.096862,0.0770344,0.0843454,0.0718304,0.0837736,0.070051,0.1032254,0.0726976,0.106558,0.0686004,0.1125566,0.076632,0.0987468,0.0786434,0.0863508,0.0796492,0.0978358,0.0697816,0.0940682,0.0774168,0.1042184,0.0728284,0.0907936,0.0723638,0.1062638,0.0826288,0.1163102,0.0730192,0.1007744,0.0716752,0.0950728,0.0807848,0.0982896,0.0711164,0.0873232,0.078844,0.0986142,0.073443,0.0887058,0.0768644,0.0932926,0.0771476,0.0856964,0.0729154,0.102637,0.0728854,0.0931492,0.0668233,0.0970378,0.0752684,0.0941752
0.071973,0.0991498,0.082995,0.0929308,0.0748578,0.1012234,0.0796426,0.092396,0.0749498,0.0968552,0.0766812,0.0846686,0.072602,0.0827934,0.0701112,0.1033854,0.0729718,0.105991,0.0678442,0.11245,0.0771444,0.0981196,0.0790642,0.085804,0.0797006,0.0988396,0.0704994,0.0935116,0.0772314,0.1044888,0.073013,0.0913884,0.0731426,0.106271,0.0819822,0.1153558,0.0744292,0.1000976,0.0711652,0.095286,0.081184,0.0988416,0.0709006,0.0878016,0.0794408,0.0989978,0.0735358,0.0892272,0.0767672,0.0939984,0.0766416,0.0863554,0.0718582,0.103372,0.0726456,0.0928776,0.0673815,0.0978078,0.0747472,0.094271
0.072231,0.0976804,0.0821292,0.0918144,0.076856,0.1019558,0.0800044,0.0927614,0.0753282,0.0967276,0.0778276,0.085533,0.073295,0.0826706,0.0692088,0.103725,0.072697,0.1068242,0.0682584,0.1135444,0.0768842,0.0961612,0.0793576,0.0852272,0.0790572,0.0987138,0.0707382,0.0926002,0.0780864,0.1049142,0.0732884,0.0918074,0.0732952,0.1070548,0.0819066,0.1154408,0.0741354,0.1024814,0.0707914,0.0954776,0.080241,0.0990716,0.0704632,0.0885106,0.0780038,0.0985192,0.0728474,0.0876476,0.0771046,0.093249,0.0777566,0.087085,0.0715486,0.1032928,0.0737512,0.0924618,0.0673989,0.0984082,0.0747258,0.0956344
0.0724942,0.0990238,0.0822496,0.0919992,0.0771142,0.103091,0.079004,0.0927662,0.0751036,0.095439,0.0770574,0.0856442,0.0734072,0.0822012,0.0688002,0.104205,0.0716296,0.1057828,0.0689892,0.1130138,0.0773234,0.0950202,0.0807448,0.0844562,0.0784206,0.0983122,0.0714548,0.0942352,0.0777218,0.1051656,0.0724776,0.0925636,0.0732318,0.1066734,0.0819716,0.1152734,0.074439,0.1035616,0.0706024,0.097203,0.081311,0.0980112,0.0702522,0.0896506,0.0778316,0.0999542,0.072633,0.0877722,0.0774838,0.0949516,0.0770002,0.086179,0.0715326,0.1041512,0.0745494,0.093535,0.0669377,0.098637,0.074889,0.0961202
0.0719538,0.098202,0.0823814,0.0912172,0.0775444,0.1021032,0.0788718,0.0936742,0.0756058,0.0961366,0.077276,0.0849642,0.0716196,0.0838518,0.0693822,0.1042176,0.0707582,0.1051252,0.0701718,0.1127192,0.078041,0.0940048,0.0805788,0.0852684,0.078227,0.0991372,0.071851,0.0963022,0.0781344,0.1037134,0.0748204,0.0928784,0.0737188,0.106641,0.0819906,0.1140484,0.0747754,0.1030832,0.070914,0.095812,0.0804214,0.0965192,0.0706758,0.0888648,0.0774484,0.0990094,0.0724718,0.0884482,0.0773206,0.0940982,0.078623,0.0858276,0.070564,0.1041792,0.0755512,0.0935836,0.0666975,0.0979074,0.0747102,0.0949234
0.0716426,0.098195,0.0815818,0.0897194,0.0775846,0.1026144,0.079054,0.0948148,0.0752276,0.0974172,0.0767414,0.0839212,0.0706512,0.0840446,0.0688568,0.1037376,0.0700882,0.1052164,0.0707666,0.1123382,0.0784438,0.0933406,0.078954,0.0859232,0.078396,0.0981498,0.0723742,0.0964842,0.0781032,0.1032958,0.0753418,0.0936526,0.0740012,0.1064732,0.081516,0.1141702,0.0753602,0.1021582,0.0713454,0.095594,0.0799958,0.0959176,0.0712018,0.0887844,0.0777808,0.0978442,0.0727456,0.0882754,0.0778564,0.0941764,0.0794854,0.0852718,0.0695118,0.1026856,0.0751778,0.0930518,0.0667095,0.0984524,0.0746888,0.095703
0.0713654,0.0981862,0.0815768,0.0897426,0.076696,0.1016024,0.079023,0.0940836,0.0736546,0.0980372,0.0768772,0.0855446,0.0713614,0.083127,0.069156,0.103537,0.0704272,0.1061168,0.070054,0.1114762,0.0777502,0.0937778,0.0794572,0.0866852,0.0764726,0.0993206,0.071174,0.0979358,0.0782576,0.1027194,0.0758038,0.0932822,0.0745018,0.1060176,0.0823944,0.1136744,0.0759548,0.1018878,0.0704976,0.0956592,0.079391,0.095128,0.0712914,0.0893798,0.0777004,0.0986908,0.0721418,0.0885378,0.0778608,0.0944036,0.0784328,0.0859362,0.06968,0.1026378,0.0748304,0.0933236,0.0675907,0.0977304,0.07474,0.0949764
0.0697554,0.098682,0.0822636,0.0903656,0.0774448,0.101519,0.0790146,0.0941186,0.075588,0.097235,0.0766362,0.0862198,0.072194,0.083831,0.069825,0.1023744,0.0705904,0.105562,0.069988,0.1109596,0.076641,0.0946126,0.0806276,0.0878616,0.0767164,0.0997826,0.0723538,0.0965554,0.0779164,0.1035414,0.0751508,0.0929836,0.0752118,0.1054964,0.0821202,0.1136956,0.0763206,0.1009732,0.0707154,0.0972214,0.079651,0.0951348,0.0719606,0.0886078,0.077417,0.0995224,0.0722006,0.0893394,0.0782518,0.0938356,0.0783776,0.0855,0.0692336,0.1035052,0.0759998,0.0940422,0.0684623,0.0978094,0.0748038,0.095055
0.0698642,0.0981812,0.0821404,0.0904796,0.0762732,0.1007954,0.0779194,0.0946158,0.0749418,0.0972058,0.0764414,0.086689,0.0726098,0.0842552,0.0694248,0.1023714,0.0708676,0.105297,0.07024,0.111351,0.0766076,0.0947018,0.0798812,0.0886582,0.0763378,0.0985538,0.0730396,0.0960524,0.078214,0.102292,0.0758836,0.0939532,0.0756854,0.1051478,0.0819796,0.1135464,0.0767044,0.1010424,0.0704894,0.0973324,0.0795982,0.0970348,0.0716324,0.0887148,0.0776028,0.0999824,0.0733042,0.0885518,0.0777706,0.0943424,0.0785898,0.0855408,0.0698246,0.1028032,0.0759756,0.0951688,0.0683842,0.0970838,0.0748058,0.0943064
0.0697654,0.0977066,0.08153,0.0908866,0.0757824,0.1015956,0.0779768,0.0941804,0.075905,0.0981384,0.0770566,0.0856128,0.073029,0.0851296,0.069948,0.1019954,0.0686574,0.1041996,0.071781,0.1115422,0.0765492,0.0945686,0.079491,0.0891044,0.0762146,0.0972462,0.0720972,0.096014,0.077909,0.1008382,0.0750812,0.093875,0.0765902,0.10512,0.081745,0.1139312,0.075803,0.1006356,0.0707194,0.0974602,0.0796222,0.0976084,0.0718814,0.0886652,0.0766728,0.1002424,0.0741096,0.0883554,0.0772096,0.0943774,0.080261,0.0842524,0.0704064,0.1019986,0.0761328,0.0946736,0.0681138,0.0967498,0.0743178,0.0948214
0.0706334,0.0977038,0.0810994,0.0923584,0.0764448,0.1006966,0.077985,0.0928128,0.0750378,0.098443,0.0774642,0.085754,0.072397,0.0856478,0.0702582,0.1038246,0.0695078,0.104333,0.0713518,0.110863,0.0763328,0.0935956,0.0802982,0.0892072,0.0760662,0.0958074,0.071471,0.0958062,0.0784184,0.1021338,0.0751528,0.0938806,0.0761322,0.1057616,0.0799028,0.1130234,0.0763228,0.1007284,0.0714474,0.0973544,0.0802452,0.0986124,0.0718824,0.09329,0.0765584,0.1008178,0.0746822,0.0889084,0.0761116,0.0952684,0.0806102,0.0840226,0.0703484,0.1017008,0.0749906,0.0932596,0.0673054,0.0964006,0.0740734,0.0967726
0.069907,0.0964614,0.0814648,0.093834,0.0766302,0.100832,0.0772948,0.0924474,0.0759808,0.0985954,0.077732,0.0838532,0.0720628,0.0857286,0.0703022,0.1036192,0.070038,0.104838,0.0711466,0.1103344,0.0754924,0.0947228,0.0803854,0.088733,0.0777376,0.0965866,0.0719918,0.0959446,0.0786286,0.102574,0.0743164,0.0945058,0.075355,0.104599,0.079371,0.1130408,0.076876,0.1006418,0.0712514,0.0977522,0.0801424,0.0986464,0.0716104,0.0925358,0.0765006,0.1015222,0.0751204,0.0871062,0.0764264,0.0948238,0.0799156,0.0856592,0.071905,0.101526,0.0761542,0.092315,0.0680994,0.096832,0.0736844,0.095143
0.0706802,0.0961902,0.080763,0.0933342,0.0764268,0.1001312,0.077161,0.091395,0.0753488,0.0988036,0.0776794,0.0832428,0.073447,0.0857476,0.0703446,0.103756,0.0707196,0.1055714,0.071309,0.1098024,0.0747824,0.0949884,0.0811176,0.0881098,0.0774552,0.0978174,0.071608,0.0961438,0.0784764,0.1018714,0.074625,0.0944456,0.0758078,0.1049278,0.0782536,0.1139278,0.0762766,0.1005048,0.0714572,0.0975502,0.07917,0.0982492,0.0715038,0.0924732,0.0759028,0.1014868,0.0749824,0.0867714,0.0758898,0.0946314,0.0805925,0.0857812,0.0707628,0.1019752,0.0752898,0.0915598,0.0678778,0.0953862,0.0739138,0.0941722
0.0717328,0.095009,0.0798268,0.0929816,0.0768154,0.0998766,0.077189,0.0922594,0.075226,0.0978926,0.077191,0.0834398,0.072784,0.0842772,0.070179,0.1025668,0.0702774,0.1048246,0.070993,0.1105406,0.0754212,0.0947338,0.0813676,0.0863604,0.078174,0.0985534,0.0722572,0.0950426,0.0788522,0.1028848,0.074232,0.0942366,0.0757904,0.1048192,0.0776452,0.1152156,0.0761572,0.101175,0.0712272,0.0975442,0.0791178,0.0973722,0.0709136,0.091511,0.0742636,0.1018554,0.0741254,0.0858222,0.075435,0.0968322,0.080019,0.0858052,0.07056,0.1007368,0.0755572,0.0926636,0.0679304,0.0973302,0.0735134,0.0939118
0.070729,0.0950952,0.0798552,0.0928488,0.0770462,0.0976698,0.0770394,0.0930158,0.0745484,0.0985128,0.076527,0.0837846,0.0723818,0.0828946,0.0709236,0.1026406,0.0700648,0.1043302,0.070002,0.1092076,0.076739,0.0956592,0.0806366,0.0878124,0.077672,0.1001598,0.072504,0.0958192,0.0794904,0.1013936,0.075177,0.0934242,0.075778,0.1045156,0.0783656,0.114838,0.0756976,0.1019744,0.0721446,0.0984986,0.0793848,0.0974914,0.0706598,0.0924036,0.0746808,0.1011346,0.0727032,0.0858862,0.0751464,0.0964268,0.0794886,0.0857342,0.0702276,0.1001812,0.076039,0.0927184,0.0684744,0.0984074,0.0730174,0.0923162
0.0703946,0.0955272,0.0820704,0.09283,0.0769856,0.0976576,0.0779922,0.0938082,0.0736534,0.098444,0.0768872,0.0829154,0.072917,0.0821582,0.0707238,0.103379,0.0687748,0.103722,0.0702172,0.107928,0.0763372,0.095333,0.0804632,0.0874232,0.0784498,0.0999742,0.0718974,0.0958056,0.0791924,0.1027556,0.074497,0.0935192,0.0760548,0.1048828,0.0788032,0.1139798,0.0749452,0.1013708,0.0715642,0.0980954,0.0804978,0.0979502,0.070966,0.0931306,0.0756432,0.1011446,0.0737578,0.086662,0.0744834,0.0962368,0.0792746,0.0863826,0.071671,0.0990002,0.0753078,0.0932234,0.068721,0.098464,0.0740776,0.0937536
0.0708352,0.0945606,0.0823956,0.0934444,0.076461,0.098532,0.0786334,0.0927534,0.0742274,0.0981314,0.0771494,0.0844652,0.073688,0.0818452,0.0701868,0.105096,0.0690954,0.1032404,0.0709796,0.1093782,0.0766638,0.09595,0.08035,0.0886478,0.0790222,0.0990764,0.072606,0.0939122,0.0784462,0.1033234,0.0751244,0.0942118,0.0759276,0.1025296,0.0791218,0.1132214,0.074909,0.1029194,0.0713068,0.098581,0.080744,0.0970256,0.0714166,0.0936734,0.0760574,0.1001626,0.0726528,0.0862692,0.0731628,0.0954948,0.080175,0.0857164,0.0721024,0.0979396,0.0753006,0.0929012,0.0686826,0.0978108,0.0738286,0.092593
0.0703648,0.0945394,0.0823192,0.093557,0.0764672,0.097459,0.079165,0.092767,0.0746724,0.0962452,0.0767766,0.0844986,0.0733328,0.0819034,0.0711708,0.1047182,0.069986,0.1025204,0.0699846,0.1108632,0.0765902,0.0974122,0.0800696,0.0888194,0.0782094,0.0995732,0.0723732,0.0942662,0.0780628,0.102777,0.0750666,0.0933142,0.0756718,0.1017966,0.0792292,0.1130832,0.074451,0.1017042,0.0713046,0.0977656,0.0803448,0.0970044,0.07136,0.092474,0.0763334,0.09949,0.0724444,0.0866,0.0735428,0.0959656,0.079298,0.0861142,0.0714866,0.0965982,0.0752714,0.0923822,0.0685082,0.0974792,0.0730624,0.0918168
0.0709422,0.094889,0.0819454,0.0932952,0.0764942,0.0966444,0.0786976,0.0936468,0.074459,0.0958528,0.0757496,0.0841922,0.0736082,0.079873,0.0706178,0.105826,0.0675512,0.1038334,0.070687,0.109123,0.0768422,0.0970132,0.0793352,0.0897268,0.0779446,0.0993696,0.0721502,0.0933574,0.0784306,0.1020898,0.0754256,0.0928324,0.075789,0.1023112,0.0783146,0.1116408,0.0740864,0.1016432,0.0713658,0.0969878,0.0804632,0.0968882,0.0712968,0.0915572,0.0767864,0.0993134,0.0718602,0.086383,0.0736062,0.095542,0.0778766,0.0867606,0.0719648,0.0967888,0.0745994,0.0934258,0.0692738,0.0973474,0.0725348,0.0924366
0.0713672,0.0958564,0.0818266,0.09321,0.0770264,0.0962978,0.0788932,0.0927816,0.0745288,0.0971064,0.0748656,0.0836582,0.0744106,0.0814844,0.0712506,0.1055972,0.0686078,0.1032152,0.069693,0.1094274,0.0771726,0.0963182,0.078422,0.090956,0.0777028,0.0995912,0.0716112,0.0928694,0.0774502,0.1026676,0.0749026,0.0941852,0.0758378,0.1033764,0.0777146,0.112049,0.0739646,0.1003474,0.0702356,0.0964518,0.0800052,0.0973484,0.0727528,0.0920684,0.0791396,0.0982272,0.0712706,0.0868124,0.0737926,0.0958912,0.0790184,0.0863356,0.0716758,0.0979982,0.0754728,0.0928374,0.0690772,0.0986692,0.0724124,0.0930168
0.0724416,0.0968776,0.0814766,0.0940176,0.0775058,0.0967594,0.0789816,0.0918028,0.074839,0.0967556,0.0755056,0.0845502,0.0752158,0.0811596,0.0708674,0.106303,0.0679074,0.1043542,0.0690108,0.1083194,0.077221,0.0961642,0.0791048,0.0905194,0.0791554,0.0981168,0.0714304,0.0930964,0.0774894,0.1024038,0.0743396,0.0931308,0.0767182,0.1021554,0.0777578,0.1123914,0.0743528,0.1008314,0.070482,0.0968444,0.0802186,0.0977814,0.0727234,0.0909558,0.0792436,0.0986656,0.0715842,0.0860138,0.0743014,0.0958656,0.078235,0.0863328,0.0718536,0.0986236,0.0741448,0.0943192,0.0688494,0.098494,0.0727426,0.0933268
0.0708984,0.0969544,0.081558,0.092547,0.0780062,0.0973316,0.0791994,0.0908676,0.074377,0.0979356,0.0743546,0.085956,0.0755088,0.0807422,0.0713058,0.1041498,0.0681406,0.1030238,0.0695296,0.1084258,0.0776444,0.0968966,0.0804208,0.092017,0.079271,0.0969382,0.0706952,0.0935404,0.078633,0.103507,0.0747134,0.0940518,0.0762908,0.1009494,0.0782048,0.111624,0.0740132,0.100858,0.070688,0.0959744,0.08184,0.0984994,0.0731488,0.0908624,0.0786006,0.0984342,0.0722434,0.0867208,0.073986,0.0964686,0.0772058,0.0861492,0.0706472,0.0987654,0.0742732,0.0934728,0.0694592,0.0991194,0.072314,0.0915432
0.0702062,0.0963242,0.0809858,0.0919486,0.0784052,0.0971654,0.0792174,0.089969,0.0743892,0.0970884,0.0742166,0.0858754,0.0754184,0.0815334,0.0712592,0.1034582,0.06872,0.1029248,0.0698594,0.108675,0.077947,0.096237,0.0797424,0.0913428,0.07853,0.0985092,0.0711282,0.0938142,0.0794302,0.1038174,0.0738576,0.094503,0.0769874,0.101369,0.077922,0.1120446,0.073886,0.1034154,0.0706172,0.096135,0.0812972,0.0992404,0.0734768,0.0920752,0.078446,0.098077,0.073601,0.0876614,0.0743746,0.0966446,0.0772294,0.085808,0.0711332,0.0992436,0.0736878,0.0950554,0.0694994,0.0987146,0.0717194,0.09275
0.0703608,0.0968718,0.0813246,0.0918224,0.0781056,0.0984624,0.0776798,0.0914252,0.0725116,0.096226,0.074356,0.0858934,0.0741758,0.0813306,0.0700772,0.1026502,0.0690334,0.1033876,0.0694424,0.1103376,0.0776376,0.0947176,0.0800602,0.0910738,0.0783482,0.0980364,0.0706056,0.09383,0.0789322,0.1037334,0.073838,0.0948684,0.0759648,0.1020878,0.077858,0.1123682,0.0735594,0.1026482,0.0710908,0.0952702,0.082139,0.099256,0.0735448,0.0915282,0.0778934,0.097449,0.0735012,0.0877234,0.0739304,0.0956644,0.0767834,0.0851804,0.0710406,0.0971928,0.0753036,0.095233,0.0703684,0.0981104,0.0713494,0.0929676
0.07071,0.0953302,0.0825684,0.0917386,0.0784594,0.0983904,0.0795866,0.0926878,0.072617,0.0958178,0.0748652,0.0869344,0.0747678,0.0806876,0.0709706,0.1045652,0.0699384,0.1034334,0.0687218,0.1108552,0.0773576,0.094746,0.080624,0.0924,0.0774486,0.0993864,0.0697694,0.0934844,0.0800636,0.1063022,0.0733918,0.0955754,0.0746556,0.1020034,0.0781226,0.1123218,0.0738316,0.102631,0.0701664,0.094898,0.0825494,0.0989856,0.0734884,0.093221,0.0782538,0.0973516,0.0731548,0.086795,0.0747852,0.0962736,0.0770972,0.0840138,0.0711962,0.0976858,0.0748212,0.0957606,0.071223,0.0975284,0.0720406,0.093197
0.0715694,0.094147,0.081947,0.0917092,0.0789728,0.0971592,0.0808256,0.0931228,0.0740964,0.0953392,0.0740686,0.0867264,0.0726624,0.0802566,0.0710988,0.1046564,0.0702106,0.1041682,0.0692684,0.1095554,0.078851,0.0941304,0.0788366,0.0915402,0.0776178,0.0983754,0.0700654,0.094128,0.0802934,0.106907,0.07413,0.0955764,0.0755406,0.1001668,0.078709,0.1122078,0.0755042,0.1028062,0.0703122,0.0961542,0.0817714,0.0999018,0.0735194,0.095247,0.0776592,0.0981926,0.0728192,0.0869814,0.0733236,0.0966258,0.0773272,0.0830732,0.0709464,0.0989796,0.0746652,0.0960364,0.0716062,0.0972296,0.0734076,0.0925632
0.0717002,0.0932032,0.0812322,0.0919448,0.0803774,0.096894,0.0805262,0.0932448,0.0740452,0.0956866,0.0752134,0.086959,0.0724952,0.0816552,0.0713536,0.1033978,0.071203,0.1027838,0.0689224,0.111196,0.0773242,0.093965,0.0788544,0.090672,0.0774112,0.098666,0.0699174,0.0929992,0.079141,0.1085774,0.0743028,0.0952436,0.0749388,0.0995258,0.0793986,0.1121308,0.075252,0.1011432,0.071005,0.0972708,0.0815544,0.1004422,0.0737922,0.0955334,0.0776792,0.099189,0.0724814,0.0874948,0.0730932,0.0972126,0.0783084,0.0832016,0.0710994,0.0988444,0.0743308,0.0951562,0.0716886,0.0980052,0.0727688,0.0934464
0.0714974,0.0926976,0.082016,0.0918672,0.0813344,0.0964814,0.0805686,0.0945548,0.0729126,0.0967108,0.0750896,0.0872648,0.0725464,0.0826216,0.0710922,0.103249,0.0717994,0.1020918,0.0682858,0.1118306,0.0779034,0.0941914,0.0786252,0.091379,0.0782396,0.0987854,0.0706342,0.0928412,0.0796042,0.1091942,0.0750292,0.0945382,0.074566,0.099682,0.0801828,0.1121232,0.0756544,0.1016272,0.0713028,0.097367,0.0809042,0.0988652,0.0747362,0.0961652,0.077907,0.0992894,0.0736362,0.087213,0.074225,0.0958602,0.0782652,0.082832,0.0704594,0.0994808,0.0738868,0.0947302,0.0714376,0.097747,0.0727,0.0936048
0.0725536,0.0930884,0.0822834,0.0922382,0.0808616,0.0973576,0.0795986,0.0942986,0.0721854,0.0965648,0.0754368,0.087904,0.0714266,0.0830862,0.069794,0.104064,0.070761,0.1017198,0.0685866,0.1116258,0.0768654,0.094479,0.0787704,0.0907766,0.0778278,0.0991194,0.0712386,0.0931108,0.0801324,0.1092756,0.0746328,0.0952606,0.074465,0.0979974,0.0801326,0.1112794,0.073941,0.1000436,0.0706794,0.0964984,0.0809914,0.0993572,0.0746618,0.0968992,0.077605,0.1000286,0.0723416,0.0865038,0.0735874,0.0968408,0.0785458,0.0835372,0.0705524,0.098519,0.0726808,0.0961368,0.0712618,0.0982272,0.0732222,0.0945204
0.072882,0.09273,0.0821086,0.091478,0.0810992,0.0971946,0.0803142,0.094774,0.0745356,0.0958432,0.0755774,0.0877288,0.0722052,0.0834742,0.0696894,0.1041404,0.0699238,0.1010482,0.0674088,0.1110076,0.0763038,0.0936248,0.0785162,0.0905096,0.0782712,0.0984222,0.0719728,0.0927354,0.0800522,0.1088802,0.0745228,0.095342,0.0747888,0.0978102,0.0790858,0.113366,0.0747754,0.0997152,0.069762,0.0958144,0.0796826,0.1010832,0.0743942,0.0964182,0.0774624,0.0996056,0.071966,0.0861478,0.0726176,0.0961122,0.0785092,0.0840986,0.0705452,0.099062,0.0728556,0.0963118,0.0709698,0.0987956,0.0724626,0.0950896
0.0721438,0.0932716,0.0822844,0.0918588,0.0812,0.0974568,0.0798286,0.0959964,0.0743258,0.094303,0.07584,0.0878736,0.0725788,0.0841818,0.068902,0.1034644,0.0689958,0.1019648,0.0678628,0.1116856,0.0758104,0.0933196,0.0786644,0.0914094,0.077704,0.0984848,0.0717902,0.0924428,0.0792652,0.108705,0.0741044,0.0946338,0.0756172,0.0977512,0.0792704,0.1128724,0.074454,0.0996532,0.0695832,0.0966716,0.0802906,0.0994632,0.0746272,0.0964,0.0769862,0.0995188,0.0717938,0.0858586,0.0722268,0.096843,0.0777934,0.0849848,0.070767,0.0989938,0.073272,0.0974212,0.0709684,0.0985398,0.072555,0.094413
0.0722728,0.0922184,0.0814166,0.0921502,0.0816888,0.0973386,0.0790938,0.095156,0.0738748,0.094596,0.0747316,0.0876316,0.072334,0.0839624,0.0702628,0.1036412,0.0686266,0.1015248,0.0676548,0.1113744,0.0759618,0.0935582,0.0782144,0.0921158,0.0778726,0.0988694,0.073027,0.093104,0.0794926,0.110045,0.073921,0.0940054,0.075254,0.0963004,0.0793796,0.113064,0.0746866,0.100694,0.0701864,0.0967976,0.081945,0.0987794,0.074287,0.0957538,0.0770812,0.098292,0.0741196,0.0861586,0.0732226,0.0964592,0.0778624,0.0845222,0.072171,0.0993304,0.0746358,0.097674,0.0713452,0.098221,0.0731542,0.0932566
0.072139,0.0923548,0.0812764,0.091103,0.082563,0.097607,0.0802446,0.095647,0.0732208,0.0971064,0.074447,0.0872992,0.0707524,0.0841074,0.0704562,0.1033528,0.0689642,0.1013766,0.0681422,0.1122662,0.0764828,0.0927784,0.0788654,0.092999,0.0784014,0.0993158,0.0722994,0.093889,0.0798208,0.1098396,0.07431,0.0933818,0.0751608,0.0981768,0.0787128,0.1138334,0.0747242,0.1008744,0.070444,0.098827,0.0819058,0.099317,0.0746906,0.0971148,0.077205,0.0979538,0.0738992,0.085923,0.0742468,0.0959992,0.0785046,0.0842752,0.0722668,0.0995148,0.0748982,0.098039,0.0713286,0.0991338,0.0738244,0.0934748
0.0716892,0.0940922,0.0819556,0.0917188,0.082543,0.0980602,0.080376,0.096807,0.0733226,0.0965276,0.0748644,0.0877314,0.0707102,0.0845468,0.0709572,0.1028686,0.0689428,0.1009752,0.0670454,0.1124752,0.0763558,0.0921754,0.0778358,0.093332,0.0792614,0.099008,0.0727506,0.0942208,0.0793478,0.1093616,0.0747196,0.0944008,0.074521,0.0978826,0.0786808,0.1143366,0.0757398,0.1009208,0.0699222,0.0982752,0.0813192,0.0989826,0.0741566,0.0969064,0.0756812,0.0957968,0.0737584,0.0859332,0.0747772,0.0953256,0.0795324,0.084396,0.0725452,0.0994472,0.0745482,0.0993946,0.07139,0.0983618,0.0740884,0.0947134
0.0717146,0.0934532,0.0810122,0.0906938,0.083378,0.095491,0.0796556,0.0980416,0.0741004,0.0965488,0.0748648,0.0872298,0.0709084,0.0839148,0.0715136,0.10264,0.0697222,0.1004292,0.066635,0.112151,0.075964,0.0925614,0.0774964,0.0926032,0.0790568,0.097513,0.0725452,0.0953224,0.0789678,0.1094646,0.0745104,0.0955564,0.0745886,0.097874,0.078865,0.1145978,0.0769348,0.101473,0.070036,0.0980542,0.0802812,0.0972926,0.0743788,0.0955376,0.0771494,0.0960758,0.0727464,0.085799,0.074454,0.0949118,0.0790566,0.0857664,0.0715054,0.1004508,0.074673,0.0998832,0.0715148,0.0987296,0.0762562,0.0946322
0.0714062,0.0924628,0.080967,0.0908278,0.0833228,0.0949844,0.0788922,0.0978538,0.075263,0.09667,0.07558,0.0873114,0.0715488,0.0830994,0.0713766,0.1014174,0.0698034,0.1000548,0.0676972,0.1115634,0.0767552,0.0931714,0.0788472,0.0919698,0.078382,0.0975978,0.0721846,0.095407,0.078408,0.1092252,0.0747426,0.097532,0.073045,0.098275,0.078339,0.1155624,0.0768524,0.1008154,0.0712616,0.096994,0.0805874,0.0975596,0.0749416,0.095266,0.0772854,0.0954012,0.0742194,0.0861538,0.0743708,0.0946548,0.0784428,0.084951,0.071948,0.101849,0.0748724,0.0989226,0.0720488,0.0980422,0.0756848,0.0942752
0.0712348,0.0923424,0.0806658,0.0918106,0.0832494,0.0946016,0.0792432,0.0988514,0.0760602,0.0963314,0.0752332,0.0868314,0.071546,0.082906,0.0712254,0.101777,0.0687168,0.1003156,0.067654,0.1116308,0.0761898,0.0941296,0.0785656,0.0925872,0.0788352,0.0985276,0.0721416,0.0978884,0.078623,0.1086864,0.0745254,0.097146,0.0736756,0.0971222,0.0796438,0.1153208,0.0772178,0.101758,0.071238,0.0966372,0.079617,0.0979646,0.075609,0.0959442,0.07746,0.097056,0.0737738,0.0843834,0.0747768,0.0941012,0.0778834,0.0858894,0.071615,0.101572,0.0748208,0.098841,0.0725258,0.0970722,0.0755526,0.0951144
0.071122,0.0911702,0.0804478,0.0910334,0.0826482,0.0929406,0.0795602,0.099631,0.0748692,0.0947132,0.0746826,0.0874872,0.0718298,0.0838246,0.0712652,0.1006328,0.068262,0.1012502,0.0678468,0.1117448,0.076098,0.0937878,0.0780914,0.091357,0.079356,0.1003358,0.0728198,0.0985152,0.0790476,0.1093484,0.0754872,0.0976816,0.0724254,0.095614,0.0786588,0.1152416,0.076947,0.1029562,0.0704728,0.096475,0.079666,0.098161,0.0753438,0.0953488,0.0770004,0.0972666,0.0736616,0.0827064,0.0753532,0.0933848,0.0781006,0.0857752,0.071747,0.1002198,0.0744942,0.1008056,0.0728298,0.0958486,0.0746666,0.09442
0.0711524,0.091045,0.080577,0.0913828,0.082529,0.0969652,0.079467,0.09858,0.075478,0.0934432,0.074832,0.0876184,0.072042,0.084158,0.071374,0.1002722,0.0687592,0.1006644,0.0681258,0.1116096,0.0769506,0.09401,0.0790774,0.0923018,0.0795966,0.1005642,0.0725162,0.098037,0.0795126,0.1092404,0.0756328,0.0972524,0.071859,0.0950664,0.0779082,0.1149882,0.0775542,0.102661,0.0705084,0.0964828,0.0795708,0.0985924,0.0753096,0.0947292,0.0779008,0.0965718,0.0730202,0.0830792,0.0759668,0.0944472,0.0784796,0.0860532,0.0719302,0.1013178,0.0743644,0.1018216,0.073098,0.0946242,0.07486,0.0932842
0.0717364,0.0920614,0.0813102,0.091879,0.082994,0.0970282,0.079646,0.0999114,0.0753124,0.0938772,0.0742496,0.0868256,0.072076,0.0828994,0.0731376,0.0991178,0.0696662,0.1001484,0.0682112,0.1125996,0.0761346,0.093147,0.0793088,0.0928838,0.0796028,0.1003418,0.0730622,0.0977716,0.080851,0.1090306,0.0750998,0.0981832,0.0716772,0.0963502,0.0781608,0.1150238,0.0766634,0.1014364,0.0700906,0.0960314,0.0792258,0.0989606,0.0746948,0.0955546,0.0777098,0.0961822,0.0709706,0.0839424,0.0755168,0.0944586,0.0787786,0.0868274,0.0724284,0.1014328,0.0754258,0.100997,0.0734236,0.095239,0.0746618,0.0924132
0.0726258,0.0929712,0.0818988,0.0906888,0.0826106,0.0966126,0.0792884,0.099385,0.0743482,0.0931302,0.0750432,0.0870978,0.0714416,0.0829988,0.0738058,0.1019222,0.0713456,0.1001004,0.067539,0.1129808,0.0768794,0.0919378,0.0798034,0.0937182,0.0798424,0.0997402,0.0731306,0.097732,0.0806902,0.1102488,0.0751282,0.0981228,0.0707482,0.0958766,0.0785186,0.1152734,0.0763208,0.1017348,0.070869,0.0955786,0.0797216,0.0989776,0.0732686,0.094888,0.0780878,0.0970204,0.070893,0.084316,0.0764646,0.0937228,0.0788326,0.0866776,0.0718034,0.1002212,0.0748034,0.1010738,0.0739188,0.096949,0.0747496,0.0932718
0.07325,0.0926986,0.0818454,0.0914694,0.0823376,0.0973894,0.07925,0.0980582,0.0739476,0.0924172,0.0758622,0.086079,0.0705154,0.0821414,0.0732906,0.1013374,0.0715912,0.10041,0.068719,0.1151084,0.077149,0.0924764,0.0788726,0.0941426,0.0801124,0.0992372,0.0729838,0.099067,0.0800084,0.1120088,0.0760704,0.098748,0.071342,0.0974102,0.0781478,0.1142182,0.0770776,0.1024682,0.0702434,0.0949694,0.0805694,0.0998436,0.0718058,0.0952312,0.077886,0.0969264,0.0712726,0.0842918,0.0758338,0.094665,0.0774832,0.0879122,0.0726288,0.1006214,0.0743326,0.1000718,0.073525,0.0975094,0.0740328,0.0929108
0.0729836,0.092627,0.0813616,0.0925818,0.0820302,0.0972376,0.0792712,0.0986242,0.0734018,0.0936042,0.0778336,0.0851618,0.0708662,0.0831772,0.0732228,0.102511,0.071342,0.101515,0.068526,0.115328,0.0772466,0.0913156,0.0785952,0.092615,0.0803646,0.098605,0.0725428,0.0980806,0.080126,0.1136906,0.0771218,0.0991668,0.0717136,0.097339,0.078253,0.1148784,0.0758972,0.1029044,0.070547,0.094948,0.0816314,0.1000094,0.0731802,0.0965712,0.0778432,0.0982706,0.0716436,0.0843938,0.0769706,0.0944532,0.0764956,0.0872834,0.0727028,0.099801,0.0745044,0.1009082,0.0733116,0.097098,0.0734796,0.0929988
0.0727064,0.0927832,0.0811086,0.0940838,0.0823162,0.0969,0.0786488,0.0987228,0.0743538,0.0932816,0.078596,0.085332,0.0720612,0.0823432,0.0735484,0.1014468,0.0709332,0.1014134,0.0681226,0.1159704,0.0769116,0.092472,0.0797902,0.091784,0.0798758,0.0988858,0.0738318,0.0995476,0.0798002,0.1141504,0.0778494,0.098363,0.0701012,0.0974574,0.0784672,0.1142734,0.0763434,0.103424,0.0703242,0.0967742,0.0808184,0.1010056,0.0745362,0.0969796,0.077202,0.0976116,0.0698486,0.0854944,0.0765128,0.095077,0.0760116,0.0869736,0.0723936,0.0998452,0.074189,0.1008006,0.0742456,0.0969104,0.0733542,0.0924486
0.07136,0.091798,0.0812894,0.0947782,0.081369,0.0982432,0.079136,0.0991672,0.073591,0.0926138,0.0787006,0.0843594,0.0724762,0.0810658,0.0731243,0.1024172,0.0704288,0.1014698,0.0683416,0.1165472,0.0769212,0.0929832,0.0800774,0.0904408,0.0795904,0.097297,0.0730952,0.0973818,0.0795222,0.1159544,0.0772956,0.098,0.0703042,0.0979418,0.0786774,0.1132824,0.0756652,0.1027004,0.070646,0.0986848,0.0808212,0.0997106,0.074395,0.0967174,0.0750732,0.0970116,0.0691924,0.0861376,0.0753142,0.094569,0.0752996,0.0859188,0.0732364,0.0990416,0.0740566,0.1009474,0.074517,0.0965438,0.073764,0.0927008
0.0713496,0.0921758,0.081867,0.0940188,0.0807402,0.0977042,0.0799474,0.0994186,0.073653,0.0927756,0.0787846,0.0828548,0.0720668,0.0805276,0.0729161,0.1014074,0.0707538,0.1009572,0.0673834,0.1167826,0.0765316,0.092943,0.0795292,0.0902786,0.08028,0.097558,0.0744356,0.0980496,0.0783966,0.1154714,0.0767106,0.096822,0.0715254,0.098414,0.0785194,0.1139428,0.076462,0.1036736,0.0721934,0.0994324,0.0798852,0.0989316,0.0737798,0.0974668,0.0755158,0.097477,0.0682416,0.0872112,0.075222,0.0955664,0.0760612,0.0851848,0.0732784,0.0988818,0.0742774,0.1018834,0.073838,0.0966056,0.0746504,0.0934604
0.0712096,0.0914258,0.0813012,0.0945214,0.0794668,0.0979032,0.0803604,0.1007056,0.0743022,0.092338,0.0788088,0.0820596,0.0722082,0.082589,0.0726599,0.1015244,0.0710964,0.10071,0.0678444,0.1163076,0.0759416,0.0931892,0.0794352,0.090489,0.078906,0.0974598,0.0759982,0.0996564,0.0787714,0.1141104,0.0761396,0.096668,0.0739058,0.0979386,0.0777148,0.1127516,0.076451,0.1031912,0.0716846,0.0989894,0.0805642,0.0995496,0.0732032,0.0962152,0.0754424,0.0971946,0.0705564,0.0887346,0.074724,0.0950984,0.077469,0.0852846,0.0729062,0.098063,0.0746456,0.1017716,0.073221,0.096527,0.0743612,0.0938424
0.070703,0.0907788,0.081175,0.0954552,0.0794578,0.098571,0.0802706,0.1014978,0.0732784,0.0929744,0.0784558,0.0816474,0.0719752,0.0825336,0.0728585,0.100804,0.071235,0.0996864,0.066896,0.1161198,0.0755876,0.092751,0.0785782,0.0903718,0.0790932,0.0971256,0.075879,0.0989634,0.0797318,0.1147264,0.0771654,0.0970324,0.0730924,0.0988198,0.0762674,0.1150338,0.0749598,0.1026624,0.0717216,0.0991232,0.0798978,0.0984216,0.0725792,0.096596,0.074673,0.0971402,0.0710338,0.088368,0.0747288,0.0954004,0.0776882,0.0855824,0.0736288,0.098213,0.0751756,0.1012442,0.0735494,0.0956832,0.074267,0.0940634
0.0722694,0.08998,0.0811528,0.0957744,0.0796886,0.0987386,0.0803066,0.1018818,0.0722962,0.0930136,0.0777936,0.081122,0.072732,0.0825852,0.0725343,0.101041,0.0708166,0.0984584,0.0666888,0.1165526,0.0741976,0.0926802,0.0779344,0.0896338,0.0796592,0.0966774,0.0748556,0.0989626,0.07689,0.1130178,0.0772732,0.096413,0.0732714,0.099184,0.076309,0.1151224,0.0747294,0.1030394,0.0715714,0.0991474,0.079461,0.0991044,0.0730194,0.0963094,0.074829,0.0967444,0.069717,0.0891126,0.0743036,0.0949408,0.0776262,0.0867924,0.0730552,0.096415,0.0759144,0.1009126,0.0725318,0.0969056,0.0738782,0.0938456
0.0733144,0.0899,0.0812566,0.095272,0.0783186,0.0970972,0.0810956,0.101159,0.0731734,0.0929678,0.0780488,0.0809314,0.0724564,0.0827314,0.0723455,0.1016326,0.070313,0.0977024,0.0663484,0.1174348,0.0730876,0.0926368,0.0777858,0.0882214,0.0786774,0.0974818,0.0747644,0.0990604,0.07785,0.1118224,0.0772894,0.097123,0.0741976,0.098746,0.0771238,0.1176378,0.0739532,0.1044904,0.0704252,0.1001626,0.0802292,0.0990598,0.0732416,0.0970236,0.0754758,0.0967384,0.0700836,0.0871294,0.0751736,0.0940814,0.0763664,0.0867106,0.0725846,0.097318,0.0759392,0.1019962,0.0731464,0.0973316,0.0742314,0.0939326
0.0727662,0.0888564,0.081101,0.0964988,0.0775616,0.0984398,0.0821244,0.1013884,0.0733388,0.0926762,0.0780436,0.079917,0.0735008,0.0837136,0.0728457,0.100978,0.0705598,0.0989192,0.0672462,0.1181166,0.073108,0.0929596,0.078901,0.0869358,0.077714,0.0971098,0.0749486,0.0994644,0.0769916,0.1114788,0.0770096,0.0964328,0.0738632,0.0972764,0.0784542,0.116371,0.0741538,0.1043616,0.0705608,0.1005028,0.0799436,0.0991292,0.0727174,0.0970674,0.0765218,0.0952242,0.069901,0.0895976,0.074115,0.092689,0.0761924,0.0868748,0.072679,0.0981788,0.074591,0.1008608,0.0734358,0.096844,0.0739604,0.0949204
0.073328,0.0893932,0.0824736,0.0961606,0.0786342,0.0982494,0.082139,0.1006634,0.0732952,0.0940336,0.0783404,0.0797576,0.0744374,0.0833272,0.0726584,0.1008472,0.070325,0.0974256,0.06722,0.1181358,0.0752024,0.0928568,0.079148,0.08624,0.078839,0.098913,0.074943,0.0999908,0.0771208,0.110659,0.075338,0.0958386,0.0739952,0.0986532,0.0790812,0.1164796,0.0747276,0.104323,0.0716754,0.1002366,0.0803744,0.1007992,0.0729522,0.0964562,0.0764122,0.0954936,0.0713434,0.0886148,0.0730778,0.0920766,0.0748518,0.0868794,0.073144,0.0999046,0.0743158,0.1006194,0.07299,0.0938804,0.0745174,0.0941908
0.0744928,0.089266,0.0836002,0.0963812,0.0783422,0.098251,0.0822942,0.0996316,0.0734164,0.0947116,0.0788442,0.080637,0.0738884,0.082643,0.072283,0.0997388,0.070074,0.0966078,0.0670442,0.118011,0.075744,0.0932332,0.0792444,0.087607,0.0789718,0.0997912,0.0754144,0.1002608,0.0772548,0.1118838,0.0744008,0.0958328,0.073006,0.0992838,0.0784878,0.1158152,0.0747774,0.1038386,0.0714594,0.1009824,0.0805234,0.1000542,0.0723816,0.0966844,0.0760474,0.0961126,0.0712614,0.0890172,0.0726844,0.0915098,0.0745386,0.0873148,0.072498,0.1000976,0.0748468,0.1002842,0.0726452,0.0933132,0.0752648,0.0930496
0.0732178,0.0890488,0.0830918,0.0962272,0.0780228,0.0967434,0.0829716,0.100323,0.0726802,0.094778,0.0783016,0.0804458,0.0745954,0.0830974,0.0714136,0.0992358,0.0699386,0.0970612,0.068259,0.1178832,0.0761782,0.0928976,0.0793724,0.0877022,0.0781872,0.1010672,0.0756462,0.100379,0.0787636,0.112385,0.0743502,0.095106,0.0717282,0.1011382,0.0784552,0.1149142,0.0744846,0.1035146,0.0713196,0.1003964,0.0809326,0.099962,0.0720104,0.0963252,0.0764866,0.0976874,0.071598,0.0894832,0.0720686,0.0912302,0.0778884,0.0878362,0.0719622,0.0996886,0.0752218,0.1015006,0.0710344,0.093831,0.0753124,0.091686
