0,1,2,3,4,5,6,7,8,9,10,11,12,13,14,15,16,17,18,19,20,21,22,23,24,25,26,27,28,29,30,31,32,33,34,35,36,37,38,39,40,41,42,43,44,45,46,47,48,49,50,51,52,53,54,55,56,57,58,59,60,61,62,63,64,65,66,67,68,69,70,71,72,73,74,75,76,77,78,79,80,81,82,83,84,85,86,87,88,89,90,91,92,93,94,95,96,97,98,99,100,101,102,103,104,105,106,107,108,109,110,111,112,113,114,115,116,117,118,119,120,121,122,123,124,125,126,127,128,129,130,131,132,133,134,135,136,137,138,139,140,141,142,143,144,145,146,147,148,149,150,151,152,153,154,155,156,157,158,159,160,161,162,163,164,165,166,167,168,169,170,171,172,173,174,175,176,177,178,179,180,181,182
0.3823,0.1997,0.291,0.1931,0.1177,0.031,0.031,0.2419,0.1978,0.2705,0.1934,0.0916,0.031,0.031,0.2471,0.2607,0.1538,0.1306,0.031,0.031,0.2366,0.2266,0.1416,0.127,0.031,0.031,0.2849,0.2046,0.1538,0.0994,0.031,0.031,0.266,0.2285,0.1392,0.1003,0.031,0.031,0.3157,0.2681,0.1699,0.1086,0.031,0.031,0.3594,0.2266,0.1367,0.127,0.031,0.031,0.2234,0.2427,0.1812,0.1042,0.031,0.031,0.2144,0.2837,0.1943,0.0854,0.031,0.031,0.3059,0.2109,0.1289,0.1221,0.031,0.031,0.2686,0.2604,0.1406,0.144,0.031,0.031,0.3311,0.3599,0.1353,0.1006,0.031,0.031,0.2671,0.2744,0.188,0.1165,0.031,0.031,0.252,0.3633,0.1533,0.1055,0.031,0.031,0.3352,0.2197,0.1577,0.105,0.031,0.031,0.3171,0.2036,0.1367,0.1135,0.031,0.031,0.2261,0.2373,0.1504,0.1123,0.031,0.031,0.2942,0.1978,0.1724,0.116,0.031,0.031,0.29,0.2661,0.1724,0.103,0.031,0.031,0.2468,0.2773,0.1646,0.1189,0.031,0.031,0.2727,0.2822,0.1313,0.0981,0.031,0.031,0.2671,0.3008,0.1362,0.0916,0.031,0.031,0.2517,0.2939,0.1455,0.0989,0.031,0.031,0.3269,0.2065,0.1411,0.0901,0.031,0.031,0.2678,0.2607,0.1821,0.1553,0.1294,0.031,0.031,0.29,0.2216,0.1792,0.1355,0.031,0.031,0.22,0.2954,0.1455,0.1001,0.031,0.031,0.2275,0.2593,0.1782,0.092,0.031,0.031,0.252,0.2266,0.1699,0.0945,0.031,0.031
0.3823,0.2373,0.291,0.1931,0.1177,0.031,0.031,0.2419,0.1978,0.2705,0.1934,0.0916,0.031,0.031,0.2471,0.2607,0.1538,0.1306,0.031,0.031,0.2366,0.2266,0.1416,0.127,0.031,0.031,0.2849,0.2056,0.1538,0.0994,0.031,0.031,0.266,0.2285,0.1509,0.1079,0.031,0.031,0.3157,0.2681,0.1699,0.1086,0.031,0.031,0.3594,0.2266,0.1367,0.127,0.031,0.031,0.272,0.2871,0.1812,0.1042,0.031,0.031,0.2922,0.2837,0.1943,0.0854,0.031,0.031,0.3059,0.2109,0.1289,0.1221,0.031,0.031,0.2686,0.2604,0.1406,0.144,0.031,0.031,0.3311,0.3599,0.1353,0.1177,0.031,0.031,0.2671,0.2744,0.188,0.1165,0.031,0.031,0.252,0.3633,0.1533,0.1062,0.031,0.031,0.3352,0.2202,0.1577,0.105,0.031,0.031,0.3171,0.2036,0.1367,0.1135,0.031,0.031,0.2261,0.2373,0.1504,0.1123,0.031,0.031,0.2942,0.1978,0.1724,0.116,0.031,0.031,0.29,0.2661,0.1724,0.103,0.031,0.031,0.2498,0.2773,0.1646,0.1189,0.031,0.031,0.2727,0.2822,0.1313,0.0981,0.031,0.031,0.2671,0.3008,0.1362,0.1189,0.031,0.031,0.2617,0.4141,0.1455,0.0989,0.031,0.031,0.3269,0.2065,0.1411,0.0901,0.031,0.031,0.2678,0.2607,0.1821,0.1553,0.1294,0.031,0.031,0.29,0.2285,0.1792,0.1355,0.031,0.031,0.22,0.2954,0.1455,0.1001,0.031,0.031,0.2644,0.2593,0.1782,0.092,0.031,0.031,0.252,0.2295,0.1699,0.0945,0.031,0.031
0.3823,0.2373,0.291,0.1931,0.1177,0.031,0.031,0.2419,0.1978,0.2705,0.1934,0.092,0.031,0.031,0.3025,0.2607,0.1538,0.1306,0.031,0.031,0.2366,0.2778,0.1416,0.127,0.031,0.031,0.2849,0.2056,0.1919,0.1306,0.031,0.031,0.266,0.2678,0.1509,0.1209,0.031,0.031,0.3157,0.2681,0.1699,0.1184,0.031,0.031,0.3594,0.2266,0.1367,0.127,0.031,0.031,0.272,0.2871,0.1812,0.1079,0.031,0.031,0.2922,0.2837,0.1943,0.0994,0.031,0.031,0.3059,0.2139,0.1289,0.1221,0.031,0.031,0.2686,0.3667,0.1724,0.144,0.031,0.031,0.3311,0.3599,0.1411,0.1177,0.031,0.031,0.2671,0.2744,0.188,0.1165,0.031,0.031,0.252,0.4028,0.1533,0.1079,0.031,0.031,0.3352,0.3154,0.1577,0.1135,0.031,0.031,0.3171,0.2036,0.1367,0.1135,0.031,0.031,0.2261,0.2373,0.1504,0.1123,0.031,0.031,0.2942,0.21,0.1724,0.1367,0.031,0.031,0.2949,0.2661,0.1724,0.103,0.031,0.031,0.2498,0.2773,0.1646,0.1189,0.031,0.031,0.2727,0.2871,0.1313,0.1013,0.031,0.031,0.2671,0.3008,0.1416,0.1189,0.031,0.031,0.2617,0.4141,0.1455,0.1062,0.031,0.031,0.3289,0.3149,0.1411,0.1135,0.031,0.031,0.2678,0.2622,0.1821,0.1553,0.1294,0.031,0.031,0.29,0.2656,0.1792,0.1355,0.031,0.031,0.2581,0.2954,0.1455,0.1001,0.031,0.031,0.2644,0.2593,0.1782,0.0994,0.031,0.031,0.2642,0.2295,0.1699,0.1067,0.031,0.031
0.3823,0.2373,0.291,0.1931,0.1177,0.031,0.031,0.2419,0.2358,0.2705,0.1968,0.0994,0.031,0.031,0.3025,0.2607,0.1538,0.1306,0.031,0.031,0.2366,0.2778,0.1416,0.127,0.031,0.031,0.2859,0.2056,0.1919,0.1306,0.031,0.031,0.3137,0.2678,0.1509,0.1209,0.031,0.031,0.3157,0.2681,0.1699,0.1184,0.031,0.031,0.3594,0.23,0.1377,0.127,0.031,0.031,0.272,0.2871,0.1812,0.1079,0.031,0.031,0.2922,0.313,0.1943,0.1086,0.031,0.031,0.3059,0.2373,0.1294,0.1221,0.031,0.031,0.3206,0.3667,0.1724,0.144,0.031,0.031,0.3311,0.3599,0.1411,0.1177,0.031,0.031,0.2671,0.2744,0.188,0.1165,0.031,0.031,0.252,0.4028,0.1533,0.1079,0.031,0.031,0.3352,0.4014,0.1577,0.1135,0.031,0.031,0.3171,0.2251,0.1367,0.1135,0.031,0.031,0.2769,0.2373,0.189,0.1123,0.031,0.031,0.2942,0.2451,0.1724,0.1367,0.031,0.031,0.2957,0.2993,0.1724,0.103,0.031,0.031,0.26,0.2773,0.1646,0.1189,0.031,0.031,0.2727,0.2871,0.1748,0.1038,0.031,0.031,0.2671,0.3062,0.1416,0.1189,0.031,0.031,0.2617,0.4404,0.1455,0.1091,0.031,0.031,0.3359,0.3149,0.1411,0.1135,0.031,0.031,0.2678,0.2627,0.1865,0.1553,0.1294,0.031,0.031,0.29,0.2656,0.1792,0.1355,0.031,0.031,0.2581,0.2954,0.1455,0.1067,0.031,0.031,0.2693,0.2593,0.1782,0.0994,0.031,0.031,0.2642,0.2295,0.1699,0.1067,0.031,0.031
0.3823,0.2656,0.291,0.1931,0.1177,0.031,0.031,0.2419,0.2358,0.2705,0.1968,0.1165,0.031,0.031,0.3025,0.2607,0.1538,0.1306,0.031,0.031,0.3262,0.2778,0.1509,0.127,0.031,0.031,0.2859,0.2705,0.1919,0.1306,0.031,0.031,0.345,0.2678,0.1509,0.1209,0.031,0.031,0.3503,0.2681,0.1699,0.1184,0.031,0.031,0.3594,0.23,0.1587,0.127,0.031,0.031,0.272,0.2871,0.1812,0.1079,0.031,0.031,0.2922,0.313,0.1943,0.1086,0.031,0.031,0.3059,0.2373,0.1597,0.127,0.031,0.031,0.3206,0.3667,0.1724,0.144,0.031,0.031,0.3311,0.3599,0.1411,0.1177,0.031,0.031,0.2671,0.2744,0.188,0.1165,0.031,0.031,0.2832,0.4028,0.1538,0.1079,0.031,0.031,0.3352,0.4014,0.1577,0.1135,0.031,0.031,0.3171,0.2251,0.1367,0.1135,0.031,0.031,0.2769,0.2661,0.189,0.1123,0.031,0.031,0.2942,0.2451,0.1724,0.1367,0.031,0.031,0.2957,0.2993,0.1724,0.103,0.031,0.031,0.26,0.2773,0.1646,0.1189,0.031,0.031,0.2727,0.2939,0.1748,0.1038,0.031,0.031,0.2671,0.3062,0.1689,0.1189,0.031,0.031,0.2617,0.4404,0.1455,0.1091,0.031,0.031,0.3359,0.3149,0.1411,0.1135,0.031,0.031,0.2678,0.3076,0.1865,0.1553,0.1294,0.031,0.031,0.29,0.2656,0.1792,0.1355,0.031,0.031,0.2581,0.2954,0.1538,0.1067,0.031,0.031,0.2693,0.2593,0.1782,0.1074,0.031,0.031,0.2783,0.2314,0.1699,0.1067,0.031,0.031
0.3823,0.2661,0.291,0.2061,0.1177,0.031,0.031,0.2419,0.2358,0.2705,0.1968,0.1165,0.031,0.031,0.3025,0.2969,0.1538,0.1306,0.031,0.031,0.3262,0.2778,0.1509,0.127,0.031,0.031,0.2859,0.2705,0.1919,0.1306,0.031,0.031,0.345,0.2678,0.1509,0.1209,0.031,0.031,0.3503,0.3599,0.1772,0.1184,0.031,0.031,0.3594,0.2378,0.1587,0.127,0.031,0.031,0.2761,0.2871,0.1812,0.1079,0.031,0.031,0.2922,0.313,0.1943,0.1086,0.031,0.031,0.3059,0.2373,0.1597,0.127,0.031,0.031,0.3206,0.3667,0.1724,0.144,0.031,0.031,0.3311,0.3599,0.1411,0.1177,0.031,0.031,0.2671,0.2744,0.188,0.1165,0.031,0.031,0.2832,0.4028,0.1538,0.1079,0.031,0.031,0.3352,0.4014,0.1577,0.1135,0.031,0.031,0.3171,0.2251,0.2227,0.1135,0.031,0.031,0.2769,0.2661,0.189,0.1123,0.031,0.031,0.2942,0.2451,0.1724,0.1367,0.031,0.031,0.3052,0.2993,0.1724,0.103,0.031,0.031,0.26,0.2773,0.1646,0.1189,0.031,0.031,0.2727,0.4072,0.1748,0.1038,0.031,0.031,0.2776,0.3062,0.1689,0.1189,0.031,0.031,0.2617,0.4404,0.1455,0.1111,0.031,0.031,0.3359,0.3149,0.1411,0.1135,0.031,0.031,0.2678,0.3076,0.1865,0.1553,0.1294,0.031,0.031,0.3074,0.2954,0.1792,0.1355,0.031,0.031,0.2581,0.2954,0.1572,0.1067,0.031,0.031,0.2693,0.2593,0.1782,0.1074,0.031,0.031,0.2893,0.2314,0.1699,0.1067,0.031,0.031
0.3857,0.292,0.3057,0.2075,0.1177,0.031,0.031,0.2419,0.2358,0.2705,0.1968,0.1165,0.031,0.031,0.3025,0.2969,0.1538,0.1306,0.031,0.031,0.3262,0.2935,0.1509,0.127,0.031,0.031,0.2905,0.2705,0.1919,0.1306,0.031,0.031,0.5065,0.2678,0.1509,0.1416,0.031,0.031,0.3503,0.3599,0.1938,0.1184,0.031,0.031,0.3594,0.2378,0.1602,0.127,0.031,0.031,0.2908,0.2871,0.1812,0.1079,0.031,0.031,0.2922,0.313,0.1943,0.1086,0.031,0.031,0.3059,0.2373,0.1597,0.127,0.031,0.031,0.3206,0.3667,0.1724,0.144,0.031,0.031,0.3311,0.3599,0.1411,0.1177,0.031,0.031,0.2671,0.2744,0.188,0.1165,0.031,0.031,0.2832,0.4028,0.1538,0.1091,0.031,0.031,0.3352,0.4014,0.1914,0.1147,0.031,0.031,0.3171,0.2251,0.2227,0.1135,0.031,0.031,0.2769,0.2661,0.189,0.1123,0.031,0.031,0.2942,0.2451,0.1724,0.1367,0.031,0.031,0.3052,0.2993,0.1724,0.103,0.031,0.031,0.2976,0.2773,0.1646,0.1189,0.031,0.031,0.2727,0.4072,0.1748,0.1221,0.031,0.031,0.2776,0.3105,0.1689,0.1189,0.031,0.031,0.2617,0.4404,0.1455,0.1111,0.031,0.031,0.3359,0.3203,0.1772,0.1135,0.031,0.031,0.2795,0.3076,0.1865,0.1553,0.1294,0.031,0.031,0.3088,0.2954,0.1792,0.1355,0.031,0.031,0.2581,0.2954,0.1572,0.1067,0.031,0.031,0.2693,0.2593,0.1782,0.1074,0.031,0.031,0.2893,0.2329,0.1699,0.1257,0.031,0.031
0.3857,0.292,0.3057,0.2075,0.1177,0.031,0.031,0.2512,0.2358,0.3135,0.1968,0.1165,0.031,0.031,0.3025,0.2969,0.1641,0.1306,0.031,0.031,0.3262,0.2935,0.1509,0.127,0.031,0.031,0.2991,0.2876,0.1919,0.1306,0.031,0.031,0.5065,0.2678,0.1509,0.1416,0.031,0.031,0.3503,0.3599,0.2153,0.1184,0.031,0.031,0.3594,0.2378,0.1602,0.127,0.031,0.031,0.2908,0.2871,0.1812,0.1079,0.031,0.031,0.2922,0.313,0.1943,0.1086,0.031,0.031,0.3059,0.2393,0.1597,0.127,0.031,0.031,0.3206,0.3667,0.2422,0.144,0.031,0.031,0.3311,0.3599,0.1411,0.1177,0.031,0.031,0.2671,0.2744,0.188,0.1165,0.031,0.031,0.2832,0.4028,0.1538,0.1091,0.031,0.031,0.3352,0.4014,0.1914,0.1184,0.031,0.031,0.3171,0.2251,0.2227,0.1135,0.031,0.031,0.2769,0.2661,0.189,0.1123,0.031,0.031,0.2942,0.2451,0.1724,0.1367,0.031,0.031,0.3052,0.2993,0.1724,0.103,0.031,0.031,0.2976,0.3071,0.1646,0.1189,0.031,0.031,0.2727,0.4072,0.1748,0.1221,0.031,0.031,0.3047,0.3105,0.1689,0.1189,0.031,0.031,0.2617,0.4404,0.1455,0.1111,0.031,0.031,0.3586,0.3203,0.1786,0.1135,0.031,0.031,0.2795,0.3076,0.1865,0.1553,0.1294,0.031,0.031,0.3123,0.396,0.1792,0.1355,0.031,0.031,0.2913,0.2954,0.1572,0.1104,0.031,0.031,0.2693,0.2593,0.1782,0.1074,0.031,0.031,0.2893,0.2329,0.1699,0.1257,0.031,0.031
0.3857,0.292,0.3057,0.2075,0.1177,0.031,0.031,0.2512,0.2358,0.3135,0.1968,0.1165,0.031,0.031,0.3123,0.2969,0.1641,0.1306,0.031,0.031,0.3262,0.2935,0.1509,0.127,0.031,0.031,0.2991,0.2876,0.1919,0.1306,0.031,0.031,0.5065,0.2678,0.1509,0.1416,0.031,0.031,0.3503,0.3599,0.2153,0.1184,0.031,0.031,0.3594,0.3184,0.1602,0.127,0.031,0.031,0.2998,0.2871,0.1812,0.1079,0.031,0.031,0.2922,0.313,0.1943,0.1086,0.031,0.031,0.3323,0.2505,0.1597,0.127,0.031,0.031,0.3206,0.3667,0.2422,0.144,0.031,0.031,0.3311,0.3599,0.1411,0.1177,0.031,0.031,0.2671,0.2744,0.188,0.1165,0.031,0.031,0.2832,0.4028,0.1538,0.1091,0.031,0.031,0.3352,0.4014,0.1914,0.1184,0.031,0.031,0.3171,0.2251,0.2227,0.1135,0.031,0.031,0.2769,0.2661,0.189,0.1123,0.031,0.031,0.2942,0.3018,0.1797,0.1367,0.031,0.031,0.3052,0.2993,0.1724,0.114,0.031,0.031,0.2976,0.3071,0.1646,0.1189,0.031,0.031,0.2727,0.4072,0.1748,0.1221,0.031,0.031,0.3047,0.3105,0.1689,0.1189,0.031,0.031,0.2856,0.4404,0.1455,0.1111,0.031,0.031,0.3586,0.3203,0.1786,0.1147,0.031,0.031,0.2817,0.3076,0.1865,0.1553,0.1294,0.031,0.031,0.3123,0.396,0.1792,0.1355,0.031,0.031,0.2913,0.2954,0.1572,0.1104,0.031,0.031,0.2693,0.2593,0.1782,0.1074,0.031,0.031,0.2893,0.2329,0.1748,0.1257,0.031,0.031
0.3857,0.292,0.3057,0.2075,0.1177,0.031,0.031,0.272,0.2754,0.3135,0.1968,0.1165,0.031,0.031,0.3123,0.2969,0.1641,0.1306,0.031,0.031,0.3262,0.2935,0.1509,0.127,0.031,0.031,0.2991,0.2876,0.1919,0.1306,0.031,0.031,0.5065,0.2856,0.1509,0.1416,0.031,0.031,0.3503,0.3599,0.2178,0.1184,0.031,0.031,0.3594,0.3218,0.2085,0.127,0.031,0.031,0.2998,0.2871,0.1812,0.1079,0.031,0.031,0.2922,0.313,0.1943,0.1221,0.031,0.031,0.3323,0.2505,0.1597,0.127,0.031,0.031,0.3206,0.3667,0.2422,0.144,0.031,0.031,0.3311,0.3599,0.1411,0.1177,0.031,0.031,0.3442,0.2744,0.188,0.1165,0.031,0.031,0.2832,0.4028,0.1538,0.1099,0.031,0.031,0.3352,0.4014,0.1914,0.1184,0.031,0.031,0.3171,0.2251,0.2227,0.1135,0.031,0.031,0.3047,0.2661,0.189,0.1123,0.031,0.031,0.2942,0.3018,0.1797,0.1367,0.031,0.031,0.3052,0.2993,0.1724,0.114,0.031,0.031,0.2976,0.3071,0.1646,0.1189,0.031,0.031,0.2727,0.4072,0.1748,0.1221,0.031,0.031,0.3047,0.3105,0.1689,0.1189,0.031,0.031,0.2856,0.4404,0.1455,0.1111,0.031,0.031,0.3586,0.3203,0.23,0.1147,0.031,0.031,0.2817,0.3452,0.1865,0.1553,0.1294,0.031,0.031,0.3269,0.396,0.1792,0.1355,0.031,0.031,0.2913,0.2954,0.1572,0.1104,0.031,0.031,0.2693,0.2593,0.1782,0.1074,0.031,0.031,0.2991,0.2661,0.2202,0.1257,0.031,0.031
0.3857,0.292,0.3057,0.2109,0.1245,0.031,0.031,0.3574,0.2754,0.3135,0.1968,0.1165,0.031,0.031,0.3838,0.2969,0.1641,0.1306,0.031,0.031,0.3262,0.2935,0.1509,0.127,0.031,0.031,0.313,0.2876,0.1919,0.1306,0.031,0.031,0.5065,0.2856,0.1509,0.1416,0.031,0.031,0.3503,0.3599,0.2178,0.1184,0.031,0.031,0.3594,0.3218,0.2085,0.127,0.031,0.031,0.313,0.2871,0.1812,0.1079,0.031,0.031,0.2922,0.313,0.1943,0.1221,0.031,0.031,0.3398,0.2505,0.1597,0.127,0.031,0.031,0.3206,0.3667,0.2422,0.144,0.031,0.031,0.3311,0.3599,0.1411,0.1177,0.031,0.031,0.3442,0.2744,0.188,0.1165,0.031,0.031,0.2908,0.4028,0.1538,0.1331,0.031,0.031,0.3352,0.4014,0.1914,0.1221,0.031,0.031,0.3171,0.2251,0.2227,0.1135,0.031,0.031,0.3047,0.291,0.189,0.1123,0.031,0.031,0.2942,0.3018,0.1797,0.1367,0.031,0.031,0.3052,0.2993,0.1724,0.114,0.031,0.031,0.3435,0.3203,0.2056,0.1189,0.031,0.031,0.2727,0.4072,0.1748,0.1221,0.031,0.031,0.3096,0.3105,0.1709,0.1189,0.031,0.031,0.2856,0.4404,0.1455,0.1111,0.031,0.031,0.3586,0.3467,0.23,0.1147,0.031,0.031,0.2817,0.3652,0.1865,0.1553,0.1294,0.031,0.031,0.3269,0.396,0.1792,0.1355,0.031,0.031,0.3171,0.311,0.1572,0.1104,0.031,0.031,0.2712,0.2593,0.1782,0.1074,0.031,0.031,0.3157,0.2744,0.2202,0.1257,0.031,0.031
0.3857,0.292,0.3105,0.2109,0.1245,0.031,0.031,0.3574,0.2793,0.3135,0.1968,0.1165,0.031,0.031,0.3845,0.2969,0.1641,0.1306,0.031,0.031,0.3262,0.2935,0.1646,0.127,0.031,0.031,0.313,0.2876,0.1919,0.1306,0.031,0.031,0.5065,0.2856,0.1606,0.1416,0.031,0.031,0.3503,0.3599,0.2178,0.1184,0.031,0.031,0.3594,0.3843,0.2085,0.127,0.031,0.031,0.331,0.2871,0.1812,0.1079,0.031,0.031,0.2922,0.313,0.1943,0.1221,0.031,0.031,0.3572,0.2554,0.1597,0.127,0.031,0.031,0.3206,0.3667,0.2422,0.144,0.031,0.031,0.3311,0.3599,0.1504,0.1177,0.031,0.031,0.3442,0.2744,0.188,0.1165,0.031,0.031,0.2908,0.4028,0.1621,0.1331,0.031,0.031,0.3352,0.4014,0.1914,0.1221,0.031,0.031,0.3171,0.2251,0.2227,0.1135,0.031,0.031,0.3047,0.291,0.189,0.1123,0.031,0.031,0.2942,0.3018,0.1797,0.1367,0.031,0.031,0.3052,0.2993,0.1724,0.114,0.031,0.031,0.3525,0.3203,0.2056,0.1189,0.031,0.031,0.2727,0.4072,0.1748,0.1221,0.031,0.031,0.3096,0.3105,0.1709,0.1189,0.031,0.031,0.2856,0.4404,0.1455,0.1111,0.031,0.031,0.3586,0.3467,0.23,0.1147,0.031,0.031,0.2927,0.4067,0.1865,0.1553,0.1294,0.031,0.031,0.3269,0.396,0.1792,0.1355,0.031,0.031,0.3171,0.311,0.1572,0.1104,0.031,0.031,0.2886,0.2593,0.1782,0.1074,0.031,0.031,0.3157,0.2744,0.2202,0.1257,0.031,0.031
0.3857,0.292,0.3105,0.2109,0.1245,0.031,0.031,0.3574,0.2793,0.3135,0.1968,0.1165,0.031,0.031,0.3845,0.2969,0.1641,0.1306,0.031,0.031,0.3262,0.2935,0.1646,0.127,0.031,0.031,0.3511,0.2876,0.1919,0.1306,0.031,0.031,0.5065,0.2856,0.1772,0.1416,0.031,0.031,0.3503,0.3599,0.2178,0.1184,0.031,0.031,0.3594,0.3843,0.2085,0.127,0.031,0.031,0.331,0.2871,0.1812,0.1079,0.031,0.031,0.2922,0.313,0.1943,0.1221,0.031,0.031,0.3572,0.2554,0.1597,0.127,0.031,0.031,0.3206,0.3667,0.2422,0.144,0.031,0.031,0.3311,0.3599,0.1504,0.1177,0.031,0.031,0.3442,0.2744,0.188,0.1165,0.031,0.031,0.2908,0.4028,0.1621,0.1331,0.031,0.031,0.3352,0.4014,0.1914,0.1221,0.031,0.031,0.3228,0.2251,0.2227,0.1135,0.031,0.031,0.3088,0.291,0.189,0.1123,0.031,0.031,0.2942,0.332,0.1797,0.1367,0.031,0.031,0.3052,0.2993,0.1724,0.114,0.031,0.031,0.3525,0.3203,0.2056,0.1189,0.031,0.031,0.2727,0.4194,0.1748,0.1221,0.031,0.031,0.3096,0.3105,0.1709,0.1208,0.031,0.031,0.2856,0.4404,0.1455,0.1111,0.031,0.031,0.3586,0.3467,0.23,0.1147,0.031,0.031,0.356,0.4067,0.1865,0.1553,0.1294,0.031,0.031,0.3269,0.396,0.1836,0.1355,0.031,0.031,0.3171,0.311,0.1577,0.1104,0.031,0.031,0.2991,0.2593,0.1782,0.1074,0.031,0.031,0.3394,0.2744,0.2202,0.1257,0.031,0.031
0.3857,0.292,0.3105,0.2109,0.1245,0.031,0.031,0.3574,0.2793,0.3135,0.1968,0.1165,0.031,0.031,0.3845,0.2969,0.1641,0.1306,0.031,0.031,0.3262,0.2935,0.1646,0.127,0.031,0.031,0.3511,0.2876,0.1919,0.1306,0.031,0.031,0.5065,0.2856,0.1772,0.1416,0.031,0.031,0.3503,0.3599,0.2227,0.1184,0.031,0.031,0.3594,0.3843,0.2085,0.127,0.031,0.031,0.331,0.2871,0.1812,0.1079,0.031,0.031,0.2922,0.313,0.1943,0.1221,0.031,0.031,0.3572,0.2554,0.1714,0.127,0.031,0.031,0.3206,0.3667,0.2422,0.144,0.031,0.031,0.3311,0.3599,0.1504,0.1177,0.031,0.031,0.3442,0.2793,0.188,0.1165,0.031,0.031,0.3054,0.459,0.1621,0.1331,0.031,0.031,0.3352,0.4014,0.1914,0.1221,0.031,0.031,0.3228,0.2251,0.2227,0.1135,0.031,0.031,0.3088,0.291,0.189,0.1123,0.031,0.031,0.2942,0.332,0.1797,0.1367,0.031,0.031,0.3052,0.2993,0.1724,0.114,0.031,0.031,0.3525,0.3203,0.2056,0.1189,0.031,0.031,0.2727,0.4194,0.1895,0.1221,0.031,0.031,0.3096,0.3105,0.1709,0.1208,0.031,0.031,0.2856,0.4404,0.1816,0.1165,0.031,0.031,0.3586,0.3467,0.23,0.1147,0.031,0.031,0.356,0.4214,0.1865,0.1553,0.1294,0.031,0.031,0.3269,0.396,0.1836,0.1355,0.031,0.031,0.3171,0.311,0.1577,0.1104,0.031,0.031,0.2991,0.2593,0.1782,0.1074,0.031,0.031,0.3394,0.3037,0.2202,0.1257,0.031,0.031
0.3857,0.292,0.311,0.2109,0.1245,0.031,0.031,0.3665,0.2793,0.3135,0.1968,0.1165,0.031,0.031,0.4067,0.3105,0.1641,0.1306,0.031,0.031,0.3262,0.2935,0.1646,0.127,0.031,0.031,0.3511,0.2876,0.1919,0.1306,0.031,0.031,0.5065,0.2856,0.1772,0.1416,0.031,0.031,0.3503,0.3599,0.2227,0.1184,0.031,0.031,0.3594,0.3843,0.2085,0.127,0.031,0.031,0.331,0.2979,0.1812,0.1079,0.031,0.031,0.2922,0.313,0.1943,0.1245,0.031,0.031,0.3572,0.2554,0.1714,0.127,0.031,0.031,0.3262,0.3667,0.2422,0.144,0.031,0.031,0.3311,0.3599,0.1504,0.1177,0.031,0.031,0.3442,0.2793,0.188,0.1165,0.031,0.031,0.3054,0.459,0.1733,0.1331,0.031,0.031,0.3352,0.4014,0.1914,0.1221,0.031,0.031,0.3228,0.2417,0.2227,0.1135,0.031,0.031,0.3706,0.291,0.189,0.1123,0.031,0.031,0.2942,0.332,0.1797,0.1367,0.031,0.031,0.3052,0.3223,0.1724,0.114,0.031,0.031,0.356,0.3203,0.2056,0.1189,0.031,0.031,0.2739,0.4194,0.1895,0.1221,0.031,0.031,0.3137,0.3105,0.1709,0.1208,0.031,0.031,0.2856,0.4404,0.1816,0.1165,0.031,0.031,0.3586,0.3467,0.23,0.1147,0.031,0.031,0.356,0.4775,0.1865,0.1553,0.1294,0.031,0.031,0.3269,0.396,0.1836,0.1355,0.031,0.031,0.3171,0.311,0.1577,0.1104,0.031,0.031,0.2991,0.2593,0.1782,0.1074,0.031,0.031,0.3394,0.3037,0.2202,0.1257,0.031,0.031
0.3857,0.3149,0.311,0.2109,0.1245,0.031,0.031,0.3665,0.2793,0.3135,0.1968,0.1165,0.031,0.031,0.4067,0.3105,0.1665,0.1306,0.031,0.031,0.3262,0.2935,0.1646,0.127,0.031,0.031,0.3511,0.2876,0.1919,0.1306,0.031,0.031,0.5065,0.2856,0.1772,0.1416,0.031,0.031,0.3503,0.3599,0.2251,0.1282,0.031,0.031,0.3594,0.3843,0.2085,0.127,0.031,0.031,0.331,0.2993,0.1812,0.1079,0.031,0.031,0.2922,0.3379,0.1943,0.1245,0.031,0.031,0.3586,0.2769,0.1714,0.127,0.031,0.031,0.3262,0.3667,0.2422,0.144,0.031,0.031,0.3311,0.3599,0.1504,0.1177,0.031,0.031,0.3442,0.2793,0.188,0.1165,0.031,0.031,0.313,0.459,0.1733,0.1331,0.031,0.031,0.3352,0.4014,0.1914,0.1221,0.031,0.031,0.3228,0.2417,0.2227,0.1135,0.031,0.031,0.3706,0.291,0.189,0.1123,0.031,0.031,0.2942,0.332,0.1797,0.1367,0.031,0.031,0.3052,0.3223,0.1724,0.114,0.031,0.031,0.356,0.3203,0.2056,0.1189,0.031,0.031,0.3269,0.4258,0.1895,0.1221,0.031,0.031,0.3137,0.3105,0.1709,0.1453,0.031,0.031,0.2856,0.4404,0.187,0.1165,0.031,0.031,0.3586,0.3467,0.23,0.1147,0.031,0.031,0.356,0.4775,0.1865,0.1553,0.1404,0.031,0.031,0.3269,0.4863,0.1836,0.1355,0.031,0.031,0.3171,0.311,0.1577,0.1104,0.031,0.031,0.354,0.2593,0.1782,0.1111,0.031,0.031,0.3489,0.3037,0.2202,0.1257,0.031,0.031
0.4602,0.3149,0.311,0.2109,0.1245,0.031,0.031,0.3665,0.2793,0.3135,0.1968,0.1165,0.031,0.031,0.4067,0.3315,0.1699,0.1306,0.031,0.031,0.3262,0.3149,0.1646,0.127,0.031,0.031,0.3511,0.2969,0.1919,0.1306,0.031,0.031,0.5065,0.3335,0.1772,0.1416,0.031,0.031,0.3503,0.3599,0.2251,0.1282,0.031,0.031,0.3594,0.3843,0.2085,0.127,0.031,0.031,0.331,0.2993,0.1841,0.1079,0.031,0.031,0.2922,0.3379,0.1943,0.1245,0.031,0.031,0.3586,0.2769,0.1714,0.127,0.031,0.031,0.3262,0.3667,0.2422,0.144,0.031,0.031,0.3311,0.3599,0.1504,0.1177,0.031,0.031,0.3442,0.2793,0.188,0.1165,0.031,0.031,0.313,0.459,0.1733,0.1331,0.031,0.031,0.3352,0.4014,0.1914,0.1221,0.031,0.031,0.3398,0.2441,0.2227,0.1135,0.031,0.031,0.3706,0.291,0.189,0.1123,0.031,0.031,0.2942,0.3613,0.1797,0.1367,0.031,0.031,0.3052,0.3223,0.1724,0.114,0.031,0.031,0.356,0.3203,0.2056,0.1189,0.031,0.031,0.3269,0.4258,0.1934,0.1221,0.031,0.031,0.3582,0.3105,0.1709,0.1453,0.031,0.031,0.2856,0.4404,0.187,0.1165,0.031,0.031,0.3586,0.3613,0.23,0.1147,0.031,0.031,0.356,0.4775,0.1865,0.186,0.1404,0.031,0.031,0.3269,0.4863,0.1836,0.1355,0.031,0.031,0.3171,0.311,0.1577,0.1104,0.031,0.031,0.354,0.2593,0.1782,0.1111,0.031,0.031,0.3489,0.3037,0.2202,0.1257,0.031,0.031
0.4602,0.3149,0.3174,0.2109,0.1245,0.031,0.031,0.3665,0.2837,0.3135,0.1968,0.1165,0.031,0.031,0.4067,0.3315,0.1699,0.1306,0.031,0.031,0.3262,0.3281,0.1646,0.127,0.031,0.031,0.3511,0.3184,0.1919,0.1306,0.031,0.031,0.5065,0.3335,0.1772,0.1416,0.031,0.031,0.3503,0.3599,0.2251,0.1282,0.031,0.031,0.3594,0.3843,0.2085,0.127,0.031,0.031,0.331,0.2993,0.1841,0.1079,0.031,0.031,0.345,0.3379,0.1943,0.1245,0.031,0.031,0.3586,0.3047,0.1714,0.127,0.031,0.031,0.3262,0.3667,0.2422,0.144,0.031,0.031,0.3311,0.3599,0.1504,0.1177,0.031,0.031,0.3442,0.2808,0.188,0.1165,0.031,0.031,0.313,0.459,0.1733,0.1331,0.031,0.031,0.3352,0.4312,0.1914,0.1221,0.031,0.031,0.3699,0.2441,0.2227,0.1135,0.031,0.031,0.3706,0.291,0.189,0.1123,0.031,0.031,0.2942,0.3613,0.1821,0.1367,0.031,0.031,0.3052,0.3223,0.1929,0.114,0.031,0.031,0.4573,0.3203,0.2056,0.1189,0.031,0.031,0.3269,0.4258,0.1934,0.1221,0.031,0.031,0.3582,0.3105,0.1709,0.1453,0.031,0.031,0.2856,0.4404,0.187,0.1165,0.031,0.031,0.3586,0.3613,0.23,0.1147,0.031,0.031,0.356,0.4775,0.1865,0.186,0.1404,0.031,0.031,0.3364,0.4863,0.1836,0.1355,0.031,0.031,0.3171,0.311,0.1577,0.1104,0.031,0.031,0.354,0.3745,0.1782,0.1111,0.031,0.031,0.3489,0.3037,0.2202,0.1257,0.031,0.031
0.4602,0.3149,0.3174,0.2109,0.1245,0.031,0.031,0.3665,0.2837,0.3135,0.1968,0.1165,0.031,0.031,0.4067,0.3315,0.1699,0.1306,0.031,0.031,0.3262,0.3281,0.1646,0.127,0.031,0.031,0.4102,0.3184,0.1919,0.1306,0.031,0.031,0.5303,0.3335,0.1772,0.1416,0.031,0.031,0.3503,0.3599,0.2251,0.1282,0.031,0.031,0.3594,0.3843,0.2085,0.127,0.031,0.031,0.331,0.2993,0.1841,0.1079,0.031,0.031,0.345,0.3379,0.1943,0.1245,0.031,0.031,0.3586,0.3047,0.1714,0.127,0.031,0.031,0.3262,0.3667,0.2422,0.144,0.031,0.031,0.3311,0.3599,0.1504,0.1177,0.031,0.031,0.3442,0.2822,0.188,0.1165,0.031,0.031,0.313,0.459,0.1733,0.1331,0.031,0.031,0.3352,0.4312,0.1914,0.1221,0.031,0.031,0.3699,0.2441,0.2227,0.1135,0.031,0.031,0.3706,0.2925,0.189,0.1123,0.031,0.031,0.2942,0.3613,0.1821,0.1367,0.031,0.031,0.3608,0.3223,0.1929,0.114,0.031,0.031,0.4573,0.3203,0.2056,0.1189,0.031,0.031,0.3269,0.4258,0.1934,0.1221,0.031,0.031,0.3582,0.3135,0.1709,0.1453,0.031,0.031,0.2856,0.4404,0.187,0.1165,0.031,0.031,0.3586,0.3613,0.23,0.1147,0.031,0.031,0.3594,0.4775,0.1865,0.186,0.1404,0.031,0.031,0.3394,0.4863,0.1836,0.1355,0.031,0.031,0.3171,0.3926,0.1646,0.1104,0.031,0.031,0.354,0.3745,0.1782,0.1111,0.031,0.031,0.3489,0.3232,0.2202,0.1257,0.031,0.031
0.4602,0.3149,0.3174,0.2109,0.1245,0.031,0.031,0.3665,0.2837,0.3135,0.1968,0.1165,0.031,0.031,0.4067,0.3315,0.1748,0.1306,0.031,0.031,0.3262,0.3545,0.1646,0.127,0.031,0.031,0.4102,0.3184,0.1919,0.1306,0.031,0.031,0.5303,0.3335,0.1772,0.1416,0.031,0.031,0.3503,0.3599,0.2251,0.1282,0.031,0.031,0.3594,0.3843,0.2085,0.127,0.031,0.031,0.3311,0.2993,0.2183,0.1079,0.031,0.031,0.345,0.3379,0.1943,0.1245,0.031,0.031,0.3586,0.3047,0.2227,0.127,0.031,0.031,0.3262,0.3667,0.2495,0.144,0.031,0.031,0.3311,0.3599,0.1504,0.1177,0.031,0.031,0.3865,0.2822,0.188,0.1165,0.031,0.031,0.313,0.459,0.1733,0.1331,0.031,0.031,0.3352,0.4312,0.1914,0.1221,0.031,0.031,0.3782,0.2441,0.2227,0.1135,0.031,0.031,0.3706,0.2925,0.189,0.1123,0.031,0.031,0.304,0.3613,0.1821,0.1367,0.031,0.031,0.3608,0.3223,0.1929,0.114,0.031,0.031,0.4573,0.3203,0.2056,0.1189,0.031,0.031,0.3401,0.4258,0.208,0.1221,0.031,0.031,0.3582,0.3135,0.1885,0.1453,0.031,0.031,0.2856,0.4404,0.187,0.1165,0.031,0.031,0.3657,0.3613,0.23,0.1147,0.031,0.031,0.3594,0.4775,0.1865,0.186,0.1404,0.031,0.031,0.3394,0.4863,0.1836,0.1355,0.031,0.031,0.3171,0.3926,0.1699,0.1104,0.031,0.031,0.354,0.3745,0.1782,0.1111,0.031,0.031,0.3489,0.3232,0.2202,0.1257,0.031,0.031
0.4602,0.3149,0.3501,0.2109,0.1245,0.031,0.031,0.3665,0.2837,0.3135,0.1968,0.1233,0.031,0.031,0.4067,0.3315,0.1748,0.1306,0.031,0.031,0.3262,0.3545,0.1719,0.127,0.031,0.031,0.415,0.3364,0.1919,0.1306,0.031,0.031,0.5303,0.3335,0.1772,0.1416,0.031,0.031,0.3503,0.3599,0.2251,0.1282,0.031,0.031,0.3594,0.3911,0.2085,0.127,0.031,0.031,0.3311,0.2993,0.2183,0.1079,0.031,0.031,0.345,0.3379,0.1943,0.1245,0.031,0.031,0.3586,0.3047,0.2227,0.127,0.031,0.031,0.3318,0.3667,0.2495,0.144,0.031,0.031,0.3311,0.3599,0.1504,0.1177,0.031,0.031,0.3865,0.2822,0.188,0.1165,0.031,0.031,0.313,0.459,0.1733,0.1331,0.031,0.031,0.3352,0.4312,0.1914,0.1221,0.031,0.031,0.3782,0.2476,0.2227,0.1135,0.031,0.031,0.3706,0.2925,0.189,0.1123,0.031,0.031,0.304,0.4355,0.1821,0.1367,0.031,0.031,0.3608,0.3223,0.1929,0.114,0.031,0.031,0.4573,0.3203,0.2056,0.1189,0.031,0.031,0.3401,0.4258,0.208,0.1221,0.031,0.031,0.3582,0.3135,0.1885,0.1453,0.031,0.031,0.2856,0.4404,0.187,0.1165,0.031,0.031,0.3657,0.3613,0.23,0.1306,0.031,0.031,0.3594,0.4775,0.1865,0.186,0.1404,0.031,0.031,0.3394,0.4863,0.1865,0.1355,0.031,0.031,0.3386,0.3926,0.1699,0.1104,0.031,0.031,0.354,0.3745,0.1782,0.1111,0.031,0.031,0.3616,0.3232,0.2202,0.1257,0.031,0.031
0.4602,0.3149,0.3501,0.2109,0.1245,0.031,0.031,0.3796,0.2837,0.3135,0.2056,0.1233,0.031,0.031,0.4067,0.3315,0.1748,0.1306,0.031,0.031,0.3262,0.3545,0.1719,0.127,0.031,0.031,0.415,0.3745,0.1919,0.1306,0.031,0.031,0.5303,0.3335,0.1772,0.1416,0.031,0.031,0.3503,0.3599,0.2251,0.1282,0.031,0.031,0.3594,0.3911,0.2085,0.127,0.031,0.031,0.3311,0.3091,0.2183,0.1233,0.031,0.031,0.345,0.3379,0.1943,0.1245,0.031,0.031,0.3586,0.3047,0.2227,0.127,0.031,0.031,0.3318,0.3667,0.2495,0.144,0.031,0.031,0.3311,0.3599,0.1504,0.1177,0.031,0.031,0.3865,0.3237,0.188,0.1208,0.031,0.031,0.313,0.459,0.1733,0.1331,0.031,0.031,0.3706,0.4312,0.1914,0.1221,0.031,0.031,0.3782,0.29,0.2227,0.1135,0.031,0.031,0.3706,0.2925,0.189,0.1123,0.031,0.031,0.3081,0.4355,0.1821,0.1367,0.031,0.031,0.3608,0.3223,0.1929,0.116,0.031,0.031,0.4573,0.3203,0.2056,0.1189,0.031,0.031,0.3401,0.4258,0.208,0.1221,0.031,0.031,0.3582,0.3135,0.1885,0.1453,0.031,0.031,0.2856,0.4404,0.187,0.1165,0.031,0.031,0.3657,0.3647,0.23,0.1306,0.031,0.031,0.3594,0.4775,0.1865,0.186,0.1404,0.031,0.031,0.3394,0.4863,0.1958,0.1355,0.031,0.031,0.3386,0.3926,0.2178,0.1123,0.031,0.031,0.354,0.3745,0.1782,0.1111,0.031,0.031,0.3616,0.3232,0.2202,0.1257,0.031,0.031
0.4602,0.3149,0.3501,0.2109,0.1245,0.031,0.031,0.3796,0.2837,0.3135,0.2256,0.1233,0.031,0.031,0.4199,0.3315,0.1748,0.1306,0.031,0.031,0.3262,0.3545,0.1719,0.127,0.031,0.031,0.415,0.3745,0.1919,0.1306,0.031,0.031,0.5303,0.3418,0.1772,0.1416,0.031,0.031,0.3594,0.3599,0.2251,0.1282,0.031,0.031,0.3601,0.3926,0.2085,0.127,0.031,0.031,0.3311,0.3091,0.2183,0.1233,0.031,0.031,0.345,0.3379,0.1943,0.1245,0.031,0.031,0.3586,0.3047,0.2227,0.127,0.031,0.031,0.3318,0.3667,0.2495,0.144,0.031,0.031,0.3311,0.3599,0.1504,0.1177,0.031,0.031,0.3865,0.3237,0.188,0.1208,0.031,0.031,0.313,0.459,0.1733,0.1331,0.031,0.031,0.3706,0.4312,0.1914,0.1221,0.031,0.031,0.3853,0.29,0.2227,0.1135,0.031,0.031,0.3721,0.2925,0.189,0.1123,0.031,0.031,0.3081,0.4355,0.1821,0.1367,0.031,0.031,0.3608,0.3223,0.1929,0.116,0.031,0.031,0.4573,0.3203,0.2056,0.1189,0.031,0.031,0.3401,0.4258,0.208,0.1221,0.031,0.031,0.3582,0.3135,0.1885,0.1453,0.031,0.031,0.2856,0.4404,0.1895,0.1165,0.031,0.031,0.3657,0.3682,0.23,0.1306,0.031,0.031,0.3635,0.4775,0.1865,0.186,0.1404,0.031,0.031,0.3428,0.4863,0.1958,0.1355,0.031,0.031,0.3386,0.3926,0.2178,0.1123,0.031,0.031,0.354,0.3745,0.1782,0.1111,0.031,0.031,0.3616,0.3232,0.2202,0.1257,0.031,0.031
0.4602,0.3149,0.3501,0.2109,0.1245,0.031,0.031,0.3796,0.295,0.3135,0.2256,0.1233,0.031,0.031,0.4199,0.3315,0.1748,0.1306,0.031,0.031,0.3262,0.3545,0.1719,0.127,0.031,0.031,0.415,0.3745,0.1919,0.1306,0.031,0.031,0.5303,0.3418,0.1772,0.1416,0.031,0.031,0.3594,0.3599,0.2251,0.1282,0.031,0.031,0.3601,0.3926,0.2178,0.127,0.031,0.031,0.3311,0.3091,0.2183,0.1233,0.031,0.031,0.345,0.3379,0.1943,0.1245,0.031,0.031,0.3586,0.3076,0.2227,0.127,0.031,0.031,0.3318,0.3667,0.2495,0.144,0.031,0.031,0.3311,0.3599,0.1606,0.1177,0.031,0.031,0.3865,0.3237,0.188,0.1208,0.031,0.031,0.313,0.459,0.1733,0.1331,0.031,0.031,0.3706,0.4312,0.1914,0.1221,0.031,0.031,0.3853,0.29,0.2227,0.1135,0.031,0.031,0.3721,0.2925,0.189,0.1123,0.031,0.031,0.3081,0.4355,0.1821,0.1367,0.031,0.031,0.3608,0.3223,0.1929,0.116,0.031,0.031,0.4573,0.3354,0.2056,0.1189,0.031,0.031,0.3401,0.4258,0.208,0.1221,0.031,0.031,0.3582,0.3135,0.1885,0.1453,0.031,0.031,0.2856,0.4404,0.1895,0.1165,0.031,0.031,0.3657,0.3682,0.23,0.1306,0.031,0.031,0.3635,0.4775,0.1865,0.2231,0.1404,0.031,0.031,0.3574,0.4863,0.1958,0.1355,0.031,0.031,0.3699,0.3926,0.2178,0.1123,0.031,0.031,0.354,0.3745,0.2178,0.1245,0.031,0.031,0.3733,0.3232,0.2202,0.1257,0.031,0.031
0.4602,0.3149,0.4175,0.249,0.1245,0.031,0.031,0.3796,0.295,0.3135,0.2256,0.1233,0.031,0.031,0.4199,0.3315,0.1748,0.1306,0.031,0.031,0.3262,0.3545,0.1719,0.127,0.031,0.031,0.415,0.3745,0.1919,0.1306,0.031,0.031,0.5303,0.3418,0.1772,0.1416,0.031,0.031,0.3594,0.3599,0.2251,0.1282,0.031,0.031,0.3601,0.3926,0.2178,0.127,0.031,0.031,0.3311,0.3257,0.2183,0.1233,0.031,0.031,0.345,0.3379,0.1943,0.1245,0.031,0.031,0.3684,0.3076,0.2227,0.127,0.031,0.031,0.3318,0.3667,0.2495,0.144,0.031,0.031,0.3311,0.3599,0.1606,0.1177,0.031,0.031,0.3865,0.3237,0.188,0.1208,0.031,0.031,0.313,0.459,0.1733,0.1331,0.031,0.031,0.4692,0.4312,0.1914,0.1221,0.031,0.031,0.4094,0.29,0.2227,0.1135,0.031,0.031,0.3901,0.2925,0.1919,0.1123,0.031,0.031,0.3081,0.4355,0.1821,0.1367,0.031,0.031,0.3608,0.3223,0.1929,0.1233,0.031,0.031,0.4692,0.3354,0.2056,0.1189,0.031,0.031,0.3401,0.4438,0.208,0.1221,0.031,0.031,0.3623,0.3135,0.1885,0.1453,0.031,0.031,0.2856,0.4404,0.1895,0.1165,0.031,0.031,0.3657,0.3682,0.23,0.1306,0.031,0.031,0.3684,0.4795,0.1865,0.2231,0.1404,0.031,0.031,0.3623,0.4863,0.1958,0.1355,0.031,0.031,0.3733,0.3926,0.2178,0.1123,0.031,0.031,0.354,0.3745,0.2178,0.1245,0.031,0.031,0.3733,0.3232,0.2202,0.1257,0.031,0.031
0.4963,0.3149,0.4175,0.249,0.1245,0.031,0.031,0.3796,0.295,0.3135,0.2256,0.1233,0.031,0.031,0.4199,0.4141,0.1748,0.1306,0.031,0.031,0.3262,0.3545,0.1719,0.127,0.031,0.031,0.415,0.3745,0.1919,0.1306,0.031,0.031,0.5386,0.3599,0.1772,0.1416,0.031,0.031,0.3594,0.3599,0.2373,0.1282,0.031,0.031,0.3601,0.3926,0.2178,0.127,0.031,0.031,0.3311,0.3257,0.2183,0.1233,0.031,0.031,0.345,0.3379,0.1943,0.1245,0.031,0.031,0.3684,0.3076,0.2227,0.127,0.031,0.031,0.3318,0.3667,0.2495,0.144,0.031,0.031,0.3311,0.3599,0.1606,0.1177,0.031,0.031,0.3865,0.3237,0.188,0.1208,0.031,0.031,0.313,0.459,0.1733,0.1331,0.031,0.031,0.4692,0.4312,0.1914,0.1221,0.031,0.031,0.4094,0.29,0.2227,0.1135,0.031,0.031,0.3901,0.2925,0.2061,0.1123,0.031,0.031,0.3081,0.4355,0.1821,0.1367,0.031,0.031,0.3608,0.3223,0.1929,0.1233,0.031,0.031,0.4692,0.3354,0.2056,0.1189,0.031,0.031,0.3401,0.4551,0.208,0.1221,0.031,0.031,0.3623,0.3135,0.1885,0.1453,0.031,0.031,0.2856,0.4404,0.1895,0.1165,0.031,0.031,0.3657,0.3916,0.23,0.1306,0.031,0.031,0.3684,0.4795,0.1865,0.2231,0.1404,0.031,0.031,0.3809,0.4863,0.2036,0.1355,0.031,0.031,0.4207,0.3926,0.2178,0.1123,0.031,0.031,0.354,0.3745,0.2178,0.1245,0.031,0.031,0.3733,0.3232,0.2202,0.1257,0.031,0.031
0.4963,0.3149,0.4175,0.249,0.1245,0.031,0.031,0.4067,0.295,0.3135,0.2256,0.1233,0.031,0.031,0.4199,0.4141,0.1748,0.1306,0.031,0.031,0.3262,0.3545,0.1719,0.127,0.031,0.031,0.415,0.3745,0.1919,0.1306,0.031,0.031,0.5386,0.3599,0.1772,0.1416,0.031,0.031,0.3601,0.3599,0.2373,0.1282,0.031,0.031,0.3601,0.3926,0.2178,0.127,0.031,0.031,0.3311,0.3257,0.2183,0.1233,0.031,0.031,0.345,0.3379,0.1943,0.1245,0.031,0.031,0.3684,0.313,0.2227,0.127,0.031,0.031,0.3318,0.3667,0.2495,0.144,0.031,0.031,0.3311,0.3599,0.1606,0.1177,0.031,0.031,0.3865,0.3237,0.188,0.1208,0.031,0.031,0.313,0.4819,0.1733,0.1331,0.031,0.031,0.4692,0.4312,0.1914,0.1221,0.031,0.031,0.4094,0.29,0.2227,0.1135,0.031,0.031,0.3901,0.3037,0.2061,0.1123,0.031,0.031,0.3081,0.4355,0.1821,0.1392,0.031,0.031,0.3608,0.3223,0.1929,0.1233,0.031,0.031,0.4692,0.3354,0.2056,0.1189,0.031,0.031,0.3401,0.4604,0.208,0.1245,0.031,0.031,0.3623,0.3135,0.1885,0.1453,0.031,0.031,0.2856,0.4536,0.1895,0.1165,0.031,0.031,0.3838,0.3916,0.23,0.1306,0.031,0.031,0.3691,0.4795,0.1865,0.2231,0.1404,0.031,0.031,0.3809,0.4863,0.2036,0.1355,0.031,0.031,0.4207,0.3926,0.2178,0.1123,0.031,0.031,0.354,0.3745,0.2178,0.1245,0.031,0.031,0.3733,0.3232,0.2202,0.1257,0.031,0.031
0.4963,0.3149,0.4175,0.249,0.1245,0.031,0.031,0.4067,0.3018,0.3218,0.2256,0.1233,0.031,0.031,0.4199,0.4141,0.186,0.1306,0.031,0.031,0.3262,0.4072,0.1719,0.127,0.031,0.031,0.415,0.4141,0.1919,0.1306,0.031,0.031,0.5386,0.3599,0.1772,0.1416,0.031,0.031,0.3601,0.3599,0.2373,0.1282,0.031,0.031,0.3601,0.3926,0.2178,0.127,0.031,0.031,0.3405,0.3257,0.2183,0.1233,0.031,0.031,0.3804,0.3379,0.1943,0.1245,0.031,0.031,0.3684,0.3179,0.2227,0.127,0.031,0.031,0.3318,0.3667,0.2495,0.144,0.031,0.031,0.3311,0.3599,0.1606,0.1177,0.031,0.031,0.3865,0.3237,0.188,0.1208,0.031,0.031,0.313,0.4819,0.1733,0.1331,0.031,0.031,0.4692,0.4312,0.1914,0.1221,0.031,0.031,0.4192,0.29,0.2227,0.114,0.031,0.031,0.3901,0.3037,0.2061,0.1123,0.031,0.031,0.3081,0.4355,0.1821,0.1392,0.031,0.031,0.3755,0.3223,0.1929,0.1233,0.031,0.031,0.4692,0.3354,0.2056,0.1189,0.031,0.031,0.3401,0.4604,0.208,0.1245,0.031,0.031,0.3691,0.3135,0.1885,0.1453,0.031,0.031,0.2856,0.4536,0.1895,0.1165,0.031,0.031,0.3838,0.3916,0.23,0.1306,0.031,0.031,0.3691,0.4795,0.1865,0.2231,0.1404,0.031,0.031,0.3809,0.4863,0.2036,0.1355,0.031,0.031,0.4207,0.3926,0.2178,0.1123,0.031,0.031,0.354,0.3745,0.2178,0.1245,0.031,0.031,0.3865,0.3232,0.2202,0.1257,0.031,0.031
0.4963,0.3149,0.4175,0.249,0.1245,0.031,0.031,0.4067,0.3018,0.3218,0.2256,0.1233,0.031,0.031,0.4199,0.4141,0.186,0.1306,0.031,0.031,0.3262,0.4072,0.1719,0.127,0.031,0.031,0.415,0.4141,0.1919,0.1306,0.031,0.031,0.5386,0.3599,0.1772,0.1416,0.031,0.031,0.3601,0.3599,0.2373,0.1282,0.031,0.031,0.3601,0.3926,0.2178,0.127,0.031,0.031,0.3405,0.3257,0.2183,0.1233,0.031,0.031,0.3804,0.3379,0.1943,0.1245,0.031,0.031,0.3684,0.3179,0.2227,0.127,0.031,0.031,0.3318,0.3667,0.2495,0.144,0.031,0.031,0.3311,0.3599,0.1606,0.1177,0.031,0.031,0.3865,0.3237,0.188,0.1208,0.031,0.031,0.3325,0.4819,0.1733,0.1331,0.031,0.031,0.4692,0.4312,0.1914,0.1221,0.031,0.031,0.4192,0.29,0.2227,0.114,0.031,0.031,0.4207,0.3037,0.2061,0.1123,0.031,0.031,0.3081,0.4355,0.1821,0.1392,0.031,0.031,0.3755,0.3223,0.1929,0.1233,0.031,0.031,0.4692,0.3354,0.2056,0.1189,0.031,0.031,0.3401,0.4648,0.2134,0.1245,0.031,0.031,0.3713,0.3135,0.189,0.1453,0.031,0.031,0.2856,0.4536,0.1895,0.1165,0.031,0.031,0.3906,0.3916,0.23,0.1331,0.031,0.031,0.3691,0.4824,0.1865,0.2231,0.1404,0.031,0.031,0.3809,0.4863,0.2036,0.1355,0.031,0.031,0.4207,0.3926,0.2178,0.1123,0.031,0.031,0.354,0.3745,0.2178,0.1245,0.031,0.031,0.3865,0.3232,0.2202,0.1257,0.031,0.031
0.4963,0.3149,0.4175,0.249,0.1245,0.031,0.031,0.4067,0.3018,0.333,0.2256,0.1233,0.031,0.031,0.4199,0.4141,0.186,0.1306,0.031,0.031,0.3262,0.4072,0.1719,0.127,0.031,0.031,0.415,0.4751,0.1919,0.1306,0.031,0.031,0.5386,0.3599,0.1772,0.1416,0.031,0.031,0.3601,0.3599,0.2373,0.1282,0.031,0.031,0.3601,0.3926,0.2178,0.127,0.031,0.031,0.3405,0.3257,0.2183,0.1233,0.031,0.031,0.3804,0.3379,0.1943,0.1245,0.031,0.031,0.3831,0.3179,0.2227,0.127,0.031,0.031,0.3318,0.3667,0.2495,0.144,0.031,0.031,0.3311,0.3599,0.1606,0.1177,0.031,0.031,0.3865,0.3237,0.188,0.1208,0.031,0.031,0.3325,0.4819,0.1733,0.1331,0.031,0.031,0.481,0.4312,0.1914,0.1221,0.031,0.031,0.426,0.29,0.2227,0.114,0.031,0.031,0.4207,0.3037,0.2061,0.1123,0.031,0.031,0.3081,0.4355,0.1821,0.1392,0.031,0.031,0.3755,0.3223,0.1929,0.1233,0.031,0.031,0.4692,0.3433,0.2056,0.1189,0.031,0.031,0.345,0.4648,0.2134,0.1245,0.031,0.031,0.3713,0.3135,0.189,0.1453,0.031,0.031,0.2856,0.457,0.1895,0.1165,0.031,0.031,0.3936,0.3916,0.23,0.1331,0.031,0.031,0.3726,0.4824,0.2197,0.2231,0.1404,0.031,0.031,0.3809,0.4863,0.2344,0.1355,0.031,0.031,0.4207,0.3926,0.2178,0.1123,0.031,0.031,0.354,0.3745,0.2178,0.1245,0.031,0.031,0.3906,0.3232,0.2202,0.1257,0.031,0.031
0.4963,0.3149,0.4175,0.249,0.1245,0.031,0.031,0.4067,0.3018,0.333,0.2256,0.1233,0.031,0.031,0.4199,0.4141,0.186,0.1306,0.031,0.031,0.3262,0.4072,0.1719,0.127,0.031,0.031,0.415,0.4751,0.1919,0.1306,0.031,0.031,0.5386,0.3599,0.1772,0.1416,0.031,0.031,0.3601,0.3599,0.2373,0.1282,0.031,0.031,0.3601,0.3926,0.2178,0.127,0.031,0.031,0.3405,0.3257,0.2183,0.1233,0.031,0.031,0.3804,0.3491,0.1943,0.1245,0.031,0.031,0.3831,0.3179,0.2251,0.127,0.031,0.031,0.3318,0.3667,0.2495,0.144,0.031,0.031,0.3311,0.3599,0.1606,0.1177,0.031,0.031,0.3865,0.3237,0.188,0.1208,0.031,0.031,0.3359,0.4819,0.1733,0.1331,0.031,0.031,0.481,0.4312,0.1987,0.1221,0.031,0.031,0.426,0.29,0.2227,0.114,0.031,0.031,0.4207,0.3037,0.2061,0.1123,0.031,0.031,0.3081,0.4355,0.2417,0.1392,0.031,0.031,0.3755,0.3374,0.1929,0.1233,0.031,0.031,0.4692,0.3433,0.2056,0.1189,0.031,0.031,0.3733,0.4648,0.2134,0.1245,0.031,0.031,0.3713,0.3135,0.189,0.1453,0.031,0.031,0.2856,0.457,0.1895,0.1165,0.031,0.031,0.3936,0.3916,0.23,0.1343,0.031,0.031,0.3726,0.5254,0.2197,0.2231,0.1404,0.031,0.031,0.3809,0.4863,0.2344,0.1355,0.031,0.031,0.4207,0.3926,0.2178,0.1123,0.031,0.031,0.354,0.3745,0.2178,0.1245,0.031,0.031,0.4275,0.3232,0.2202,0.1257,0.031,0.031
0.4963,0.3149,0.4175,0.249,0.1245,0.031,0.031,0.4067,0.3182,0.333,0.2256,0.1233,0.031,0.031,0.5005,0.4141,0.186,0.1306,0.031,0.031,0.3262,0.4072,0.1719,0.127,0.031,0.031,0.4275,0.4751,0.1919,0.1306,0.031,0.031,0.5386,0.3599,0.1772,0.1416,0.031,0.031,0.3796,0.3599,0.2446,0.1282,0.031,0.031,0.3601,0.3926,0.2178,0.127,0.031,0.031,0.3405,0.3257,0.2183,0.1233,0.031,0.031,0.3804,0.3491,0.1943,0.1245,0.031,0.031,0.3831,0.3203,0.2251,0.127,0.031,0.031,0.3318,0.3828,0.2495,0.144,0.031,0.031,0.3311,0.3599,0.1606,0.1177,0.031,0.031,0.4045,0.3237,0.188,0.1208,0.031,0.031,0.3359,0.4819,0.1733,0.1331,0.031,0.031,0.481,0.4312,0.2012,0.1257,0.031,0.031,0.426,0.3164,0.2227,0.1282,0.031,0.031,0.4207,0.3037,0.2061,0.1123,0.031,0.031,0.3081,0.4355,0.2417,0.1392,0.031,0.031,0.3755,0.3374,0.1929,0.1233,0.031,0.031,0.4692,0.3433,0.2056,0.1189,0.031,0.031,0.3733,0.4648,0.2134,0.1245,0.031,0.031,0.3713,0.3135,0.189,0.1453,0.031,0.031,0.2856,0.457,0.1895,0.1165,0.031,0.031,0.4512,0.3916,0.23,0.1343,0.031,0.031,0.4102,0.5254,0.2197,0.2231,0.1404,0.031,0.031,0.3936,0.4863,0.2344,0.1355,0.031,0.031,0.4207,0.3926,0.2178,0.1123,0.031,0.031,0.354,0.3745,0.2251,0.1245,0.031,0.031,0.4275,0.3232,0.2202,0.1257,0.031,0.031
0.4963,0.3149,0.4175,0.249,0.1245,0.031,0.031,0.4067,0.3182,0.333,0.2256,0.1233,0.031,0.031,0.5005,0.4141,0.186,0.1306,0.031,0.031,0.3262,0.4072,0.1719,0.127,0.031,0.031,0.4275,0.4751,0.1919,0.1306,0.031,0.031,0.5386,0.3599,0.2012,0.1416,0.031,0.031,0.3796,0.3599,0.2471,0.1282,0.031,0.031,0.3601,0.3926,0.2178,0.127,0.031,0.031,0.3405,0.3257,0.2183,0.1233,0.031,0.031,0.3804,0.3906,0.1943,0.1245,0.031,0.031,0.3948,0.3203,0.2324,0.127,0.031,0.031,0.3318,0.3828,0.2495,0.144,0.031,0.031,0.3311,0.3599,0.1606,0.1177,0.031,0.031,0.4136,0.3237,0.188,0.1208,0.031,0.031,0.3359,0.4819,0.1733,0.1331,0.031,0.031,0.481,0.4312,0.2012,0.1257,0.031,0.031,0.426,0.3164,0.2227,0.1282,0.031,0.031,0.4207,0.3037,0.2061,0.1123,0.031,0.031,0.3081,0.4355,0.2417,0.1392,0.031,0.031,0.3755,0.3374,0.1929,0.1233,0.031,0.031,0.4692,0.3433,0.2056,0.1189,0.031,0.031,0.3733,0.5259,0.2134,0.1245,0.031,0.031,0.3997,0.3135,0.189,0.1453,0.031,0.031,0.2856,0.457,0.1895,0.1165,0.031,0.031,0.4512,0.3916,0.23,0.1343,0.031,0.031,0.4102,0.5254,0.2197,0.2231,0.1404,0.031,0.031,0.3936,0.4863,0.2344,0.1355,0.031,0.031,0.4207,0.3926,0.2178,0.1123,0.031,0.031,0.354,0.3745,0.2251,0.1245,0.031,0.031,0.4275,0.3232,0.2202,0.1257,0.031,0.031
0.4963,0.3149,0.4175,0.249,0.1245,0.031,0.031,0.4067,0.3182,0.333,0.2256,0.1233,0.031,0.031,0.5005,0.4141,0.186,0.1306,0.031,0.031,0.3262,0.4072,0.1719,0.127,0.031,0.031,0.4275,0.4751,0.2036,0.1306,0.031,0.031,0.5386,0.3599,0.2012,0.1416,0.031,0.031,0.3796,0.3599,0.2471,0.1282,0.031,0.031,0.3601,0.3926,0.2178,0.127,0.031,0.031,0.3405,0.3257,0.2183,0.1233,0.031,0.031,0.3804,0.3906,0.1943,0.1245,0.031,0.031,0.3948,0.3633,0.2324,0.127,0.031,0.031,0.3496,0.3828,0.2495,0.144,0.031,0.031,0.3311,0.3599,0.1606,0.1177,0.031,0.031,0.4226,0.3237,0.188,0.1208,0.031,0.031,0.3359,0.4819,0.1733,0.1331,0.031,0.031,0.481,0.4312,0.2012,0.1257,0.031,0.031,0.4399,0.3164,0.2227,0.1282,0.031,0.031,0.4207,0.3037,0.2061,0.1282,0.031,0.031,0.3311,0.4355,0.2417,0.1392,0.031,0.031,0.3755,0.3965,0.1929,0.1233,0.031,0.031,0.4802,0.3433,0.2056,0.1189,0.031,0.031,0.3733,0.5259,0.2134,0.127,0.031,0.031,0.3997,0.3135,0.189,0.1453,0.031,0.031,0.2856,0.457,0.1895,0.1165,0.031,0.031,0.4512,0.3916,0.23,0.1343,0.031,0.031,0.4102,0.5254,0.2197,0.2231,0.1404,0.031,0.031,0.3936,0.4863,0.2344,0.1355,0.031,0.031,0.4207,0.3926,0.2393,0.1123,0.031,0.031,0.354,0.3745,0.2251,0.1245,0.031,0.031,0.4275,0.3232,0.2202,0.1257,0.031,0.031
0.4963,0.3149,0.4175,0.249,0.1245,0.031,0.031,0.4067,0.3182,0.333,0.2256,0.1233,0.031,0.031,0.5005,0.4204,0.186,0.1306,0.031,0.031,0.3262,0.4072,0.1719,0.127,0.031,0.031,0.4275,0.4751,0.2036,0.1306,0.031,0.031,0.5386,0.3599,0.2012,0.1416,0.031,0.031,0.3796,0.3599,0.2471,0.1282,0.031,0.031,0.3601,0.3926,0.2178,0.127,0.031,0.031,0.3405,0.3398,0.2183,0.1233,0.031,0.031,0.3804,0.3906,0.1943,0.1245,0.031,0.031,0.3948,0.3633,0.2324,0.127,0.031,0.031,0.3496,0.3828,0.2495,0.144,0.031,0.031,0.3469,0.3599,0.1606,0.1177,0.031,0.031,0.4226,0.3237,0.188,0.1208,0.031,0.031,0.3506,0.4819,0.1733,0.1331,0.031,0.031,0.481,0.4312,0.2012,0.1257,0.031,0.031,0.4399,0.3164,0.2227,0.1282,0.031,0.031,0.4207,0.3037,0.2061,0.1282,0.031,0.031,0.3311,0.4355,0.2417,0.1392,0.031,0.031,0.3755,0.3965,0.1929,0.1233,0.031,0.031,0.4873,0.3433,0.2056,0.1189,0.031,0.031,0.3733,0.5786,0.2134,0.1318,0.031,0.031,0.3997,0.3135,0.189,0.1453,0.031,0.031,0.2856,0.4619,0.1895,0.1165,0.031,0.031,0.4512,0.3994,0.23,0.1343,0.031,0.031,0.4102,0.5254,0.2197,0.2231,0.1404,0.031,0.031,0.3936,0.5244,0.2344,0.1355,0.031,0.031,0.4207,0.3926,0.2393,0.1294,0.031,0.031,0.354,0.3745,0.2251,0.1245,0.031,0.031,0.4275,0.3232,0.2202,0.1257,0.031,0.031
0.4963,0.3149,0.4175,0.249,0.1245,0.031,0.031,0.4067,0.3182,0.333,0.2256,0.1233,0.031,0.031,0.5005,0.4204,0.186,0.1318,0.031,0.031,0.3262,0.4072,0.1719,0.127,0.031,0.031,0.4275,0.4751,0.2036,0.1306,0.031,0.031,0.5386,0.3599,0.2012,0.1416,0.031,0.031,0.3796,0.3599,0.2471,0.1282,0.031,0.031,0.3601,0.3926,0.2178,0.127,0.031,0.031,0.3405,0.3398,0.2183,0.1233,0.031,0.031,0.3804,0.3906,0.1943,0.1306,0.031,0.031,0.3948,0.3633,0.2349,0.127,0.031,0.031,0.3496,0.3828,0.2495,0.144,0.031,0.031,0.3469,0.3599,0.1606,0.1208,0.031,0.031,0.4226,0.3237,0.188,0.1208,0.031,0.031,0.3672,0.4819,0.1733,0.1331,0.031,0.031,0.481,0.4312,0.2012,0.1257,0.031,0.031,0.4399,0.3164,0.2227,0.1282,0.031,0.031,0.4207,0.3037,0.2061,0.1282,0.031,0.031,0.3311,0.4355,0.2417,0.1392,0.031,0.031,0.3755,0.3965,0.1929,0.1233,0.031,0.031,0.4873,0.3433,0.2056,0.1189,0.031,0.031,0.3733,0.5835,0.2275,0.1318,0.031,0.031,0.3997,0.3135,0.189,0.1453,0.031,0.031,0.2856,0.4668,0.1895,0.1165,0.031,0.031,0.4858,0.3994,0.23,0.1355,0.031,0.031,0.4102,0.5254,0.2197,0.2231,0.1404,0.031,0.031,0.3936,0.5244,0.2344,0.1355,0.031,0.031,0.4207,0.3926,0.2393,0.1294,0.031,0.031,0.354,0.3745,0.2251,0.1245,0.031,0.031,0.4275,0.3433,0.2202,0.1257,0.031,0.031
0.4963,0.3149,0.4175,0.249,0.1245,0.031,0.031,0.4067,0.3182,0.3545,0.2256,0.1233,0.031,0.031,0.5005,0.4224,0.186,0.1318,0.031,0.031,0.3262,0.4072,0.1719,0.127,0.031,0.031,0.4275,0.4751,0.2036,0.1306,0.031,0.031,0.5386,0.3599,0.2012,0.1416,0.031,0.031,0.3796,0.3599,0.2471,0.1282,0.031,0.031,0.3601,0.3926,0.2178,0.127,0.031,0.031,0.3405,0.3398,0.2183,0.1233,0.031,0.031,0.3804,0.3906,0.1943,0.1306,0.031,0.031,0.4185,0.3633,0.2349,0.127,0.031,0.031,0.3496,0.3828,0.2495,0.144,0.031,0.031,0.3469,0.3599,0.1606,0.1208,0.031,0.031,0.4226,0.354,0.188,0.1208,0.031,0.031,0.3672,0.4819,0.1733,0.1331,0.031,0.031,0.481,0.4312,0.2012,0.1257,0.031,0.031,0.4399,0.3164,0.2227,0.1282,0.031,0.031,0.4207,0.3057,0.2061,0.1282,0.031,0.031,0.3311,0.4355,0.2417,0.1392,0.031,0.031,0.3755,0.4307,0.1929,0.1233,0.031,0.031,0.54,0.3452,0.2056,0.1189,0.031,0.031,0.3733,0.5835,0.2275,0.1318,0.031,0.031,0.3997,0.3135,0.189,0.1453,0.031,0.031,0.2856,0.4668,0.1895,0.1165,0.031,0.031,0.4858,0.3994,0.23,0.1355,0.031,0.031,0.4102,0.5254,0.2197,0.2231,0.1404,0.031,0.031,0.3936,0.5244,0.2344,0.1355,0.031,0.031,0.4207,0.3926,0.2393,0.1294,0.031,0.031,0.354,0.3745,0.2251,0.1245,0.031,0.031,0.4456,0.3433,0.2202,0.1257,0.031,0.031
0.4963,0.335,0.4175,0.249,0.1245,0.031,0.031,0.4067,0.3182,0.3545,0.2256,0.1233,0.031,0.031,0.5005,0.4224,0.186,0.1331,0.031,0.031,0.3262,0.4072,0.1719,0.127,0.031,0.031,0.4275,0.4751,0.2036,0.1306,0.031,0.031,0.5386,0.3599,0.2012,0.1416,0.031,0.031,0.3796,0.3599,0.2471,0.1282,0.031,0.031,0.3601,0.3926,0.2178,0.127,0.031,0.031,0.3533,0.3398,0.2183,0.1233,0.031,0.031,0.3804,0.3906,0.1943,0.1343,0.031,0.031,0.4185,0.3633,0.2349,0.127,0.031,0.031,0.3496,0.3828,0.252,0.144,0.031,0.031,0.3469,0.3599,0.2012,0.1208,0.031,0.031,0.4226,0.354,0.188,0.1208,0.031,0.031,0.3672,0.4819,0.1733,0.1331,0.031,0.031,0.481,0.4312,0.2061,0.1257,0.031,0.031,0.4399,0.3164,0.2227,0.1282,0.031,0.031,0.4207,0.3354,0.2207,0.1282,0.031,0.031,0.3311,0.4355,0.2417,0.1392,0.031,0.031,0.3755,0.4307,0.1929,0.1233,0.031,0.031,0.54,0.3452,0.2056,0.1189,0.031,0.031,0.3733,0.5835,0.2275,0.1318,0.031,0.031,0.3997,0.3271,0.189,0.1453,0.031,0.031,0.2856,0.4668,0.1895,0.1165,0.031,0.031,0.4858,0.3994,0.23,0.1355,0.031,0.031,0.4102,0.5254,0.2197,0.2231,0.1404,0.031,0.031,0.3936,0.5244,0.2344,0.1355,0.031,0.031,0.4207,0.3926,0.2393,0.1294,0.031,0.031,0.354,0.3745,0.2251,0.1245,0.031,0.031,0.4456,0.3433,0.2202,0.1257,0.031,0.031
0.4963,0.335,0.4175,0.249,0.1245,0.031,0.031,0.4067,0.3182,0.3545,0.2256,0.1233,0.031,0.031,0.5005,0.4272,0.186,0.1331,0.031,0.031,0.3262,0.4072,0.1719,0.127,0.031,0.031,0.4324,0.4751,0.2036,0.1306,0.031,0.031,0.5386,0.3599,0.2012,0.1416,0.031,0.031,0.3796,0.3599,0.2471,0.1282,0.031,0.031,0.3601,0.3926,0.2178,0.1282,0.031,0.031,0.3533,0.3398,0.2183,0.1233,0.031,0.031,0.3804,0.3906,0.1943,0.1343,0.031,0.031,0.4185,0.3633,0.2349,0.127,0.031,0.031,0.3496,0.3828,0.252,0.144,0.031,0.031,0.3574,0.3647,0.2012,0.1208,0.031,0.031,0.4226,0.354,0.188,0.1208,0.031,0.031,0.3672,0.4819,0.1733,0.1331,0.031,0.031,0.4866,0.4312,0.2061,0.1257,0.031,0.031,0.4564,0.3203,0.2227,0.1282,0.031,0.031,0.4207,0.3354,0.2207,0.1282,0.031,0.031,0.3311,0.4355,0.2417,0.1392,0.031,0.031,0.3755,0.4307,0.1929,0.1282,0.031,0.031,0.54,0.3452,0.2056,0.1189,0.031,0.031,0.3733,0.5835,0.2275,0.1318,0.031,0.031,0.4053,0.3271,0.189,0.1453,0.031,0.031,0.2856,0.4668,0.1895,0.1165,0.031,0.031,0.4858,0.3994,0.23,0.1355,0.031,0.031,0.4102,0.5254,0.2197,0.2231,0.1404,0.031,0.031,0.3936,0.5244,0.2344,0.1355,0.031,0.031,0.4207,0.3926,0.2393,0.1294,0.031,0.031,0.354,0.3745,0.2251,0.1245,0.031,0.031,0.4456,0.3433,0.2202,0.1257,0.031,0.031
0.4963,0.335,0.4258,0.249,0.1245,0.031,0.031,0.4067,0.3182,0.3545,0.2256,0.1233,0.031,0.031,0.5005,0.4272,0.186,0.1331,0.031,0.031,0.3262,0.4072,0.1719,0.127,0.031,0.031,0.4324,0.4751,0.2036,0.1306,0.031,0.031,0.5386,0.3599,0.2012,0.1416,0.031,0.031,0.3796,0.3599,0.2471,0.1282,0.031,0.031,0.3601,0.3926,0.2178,0.1282,0.031,0.031,0.3623,0.3398,0.2183,0.1233,0.031,0.031,0.3804,0.3906,0.1943,0.1343,0.031,0.031,0.4185,0.3633,0.2349,0.127,0.031,0.031,0.3496,0.3828,0.252,0.144,0.031,0.031,0.3574,0.3647,0.2012,0.1208,0.031,0.031,0.4226,0.354,0.188,0.1208,0.031,0.031,0.3672,0.4819,0.1733,0.1331,0.031,0.031,0.4866,0.4312,0.2134,0.1257,0.031,0.031,0.4564,0.3203,0.2227,0.1282,0.031,0.031,0.4207,0.3354,0.2207,0.1282,0.031,0.031,0.3311,0.4355,0.2417,0.1392,0.031,0.031,0.3789,0.4307,0.1929,0.1282,0.031,0.031,0.54,0.3452,0.2148,0.1189,0.031,0.031,0.3733,0.5835,0.2275,0.1318,0.031,0.031,0.4053,0.3271,0.189,0.1453,0.031,0.031,0.2856,0.4668,0.1895,0.1165,0.031,0.031,0.4934,0.3994,0.23,0.1355,0.031,0.031,0.4102,0.5254,0.2197,0.2231,0.1404,0.031,0.031,0.3936,0.5244,0.2344,0.1355,0.031,0.031,0.4207,0.3926,0.2441,0.1294,0.031,0.031,0.354,0.3745,0.2251,0.1245,0.031,0.031,0.4456,0.3433,0.2202,0.1257,0.031,0.031
0.4963,0.335,0.4258,0.249,0.1245,0.031,0.031,0.4165,0.3182,0.3545,0.2256,0.1233,0.031,0.031,0.5005,0.4272,0.186,0.1331,0.031,0.031,0.3262,0.4072,0.1719,0.127,0.031,0.031,0.4324,0.4751,0.2036,0.1306,0.031,0.031,0.5386,0.3604,0.2012,0.1416,0.031,0.031,0.3796,0.3599,0.2471,0.1282,0.031,0.031,0.3601,0.3926,0.2178,0.1282,0.031,0.031,0.3825,0.3398,0.2183,0.1233,0.031,0.031,0.3804,0.3906,0.1943,0.1343,0.031,0.031,0.4316,0.3633,0.249,0.127,0.031,0.031,0.3567,0.3911,0.252,0.144,0.031,0.031,0.3574,0.3862,0.2012,0.1208,0.031,0.031,0.4248,0.354,0.188,0.1208,0.031,0.031,0.3672,0.4819,0.1733,0.1331,0.031,0.031,0.4866,0.4312,0.2134,0.1257,0.031,0.031,0.4802,0.3203,0.2227,0.1282,0.031,0.031,0.4207,0.3354,0.2207,0.1282,0.031,0.031,0.3359,0.4355,0.2417,0.1392,0.031,0.031,0.3796,0.4307,0.1929,0.1282,0.031,0.031,0.54,0.3452,0.2148,0.1189,0.031,0.031,0.3733,0.5918,0.2275,0.1318,0.031,0.031,0.4128,0.3271,0.2246,0.1453,0.031,0.031,0.2856,0.4668,0.1895,0.1165,0.031,0.031,0.4934,0.3994,0.2349,0.1355,0.031,0.031,0.4109,0.5254,0.2197,0.2231,0.1428,0.031,0.031,0.3936,0.5244,0.2344,0.1355,0.031,0.031,0.4207,0.3926,0.2441,0.1294,0.031,0.031,0.354,0.3745,0.2251,0.1331,0.031,0.031,0.4456,0.3433,0.2202,0.1257,0.031,0.031
0.5164,0.335,0.4258,0.249,0.1245,0.031,0.031,0.4165,0.3182,0.3545,0.2256,0.1245,0.031,0.031,0.5005,0.4272,0.186,0.1331,0.031,0.031,0.3262,0.4072,0.1719,0.127,0.031,0.031,0.4324,0.4751,0.2036,0.1306,0.031,0.031,0.5386,0.418,0.2012,0.1416,0.031,0.031,0.3796,0.3599,0.2495,0.1282,0.031,0.031,0.3601,0.3926,0.2178,0.1282,0.031,0.031,0.3825,0.3398,0.2183,0.1233,0.031,0.031,0.3804,0.3906,0.1943,0.1343,0.031,0.031,0.4316,0.3633,0.249,0.127,0.031,0.031,0.3567,0.3911,0.252,0.144,0.031,0.031,0.3574,0.3862,0.2012,0.1208,0.031,0.031,0.4248,0.354,0.2026,0.1208,0.031,0.031,0.3672,0.4819,0.1733,0.1331,0.031,0.031,0.4866,0.4312,0.2178,0.1257,0.031,0.031,0.4802,0.3203,0.2227,0.1282,0.031,0.031,0.4207,0.3354,0.2207,0.1282,0.031,0.031,0.3359,0.4355,0.2417,0.1392,0.031,0.031,0.3796,0.4307,0.1929,0.1282,0.031,0.031,0.6018,0.3452,0.2148,0.1189,0.031,0.031,0.3733,0.5918,0.2275,0.1343,0.031,0.031,0.4268,0.3271,0.2246,0.1453,0.031,0.031,0.2856,0.4668,0.1895,0.1165,0.031,0.031,0.4934,0.4126,0.2349,0.1355,0.031,0.031,0.4316,0.5254,0.2197,0.2231,0.1428,0.031,0.031,0.3936,0.5244,0.2344,0.1355,0.031,0.031,0.4207,0.3926,0.2441,0.1294,0.031,0.031,0.354,0.3745,0.2251,0.1331,0.031,0.031,0.5054,0.3433,0.2202,0.1257,0.031,0.031
0.5164,0.3911,0.4258,0.249,0.1245,0.031,0.031,0.4165,0.3182,0.3545,0.2256,0.1245,0.031,0.031,0.5005,0.4272,0.186,0.1331,0.031,0.031,0.3303,0.4072,0.1719,0.127,0.031,0.031,0.4324,0.4751,0.2036,0.1306,0.031,0.031,0.5386,0.418,0.2012,0.1416,0.031,0.031,0.3796,0.3599,0.2495,0.1282,0.031,0.031,0.3872,0.3926,0.2178,0.1282,0.031,0.031,0.3825,0.3398,0.2183,0.1233,0.031,0.031,0.3804,0.3906,0.1943,0.1343,0.031,0.031,0.4316,0.3633,0.249,0.127,0.031,0.031,0.3567,0.3911,0.252,0.144,0.031,0.031,0.3574,0.3862,0.2012,0.1208,0.031,0.031,0.4248,0.354,0.2026,0.1208,0.031,0.031,0.4678,0.4819,0.1733,0.1331,0.031,0.031,0.4866,0.4312,0.2178,0.1257,0.031,0.031,0.4802,0.3203,0.2227,0.1282,0.031,0.031,0.4282,0.4043,0.2207,0.1282,0.031,0.031,0.3359,0.4355,0.2417,0.1392,0.031,0.031,0.3796,0.4307,0.1929,0.1282,0.031,0.031,0.6018,0.3569,0.2148,0.1189,0.031,0.031,0.3733,0.5918,0.2275,0.1343,0.031,0.031,0.4268,0.3271,0.2246,0.1453,0.031,0.031,0.2856,0.4668,0.21,0.1165,0.031,0.031,0.499,0.4126,0.2349,0.1355,0.031,0.031,0.4316,0.5254,0.2197,0.2231,0.1428,0.031,0.031,0.3936,0.5244,0.2344,0.1355,0.031,0.031,0.4207,0.3926,0.2441,0.1294,0.031,0.031,0.354,0.3745,0.2251,0.1331,0.031,0.031,0.5054,0.3433,0.2202,0.1257,0.031,0.031
0.5164,0.3911,0.4258,0.249,0.1245,0.031,0.031,0.4165,0.3182,0.3545,0.2256,0.1245,0.031,0.031,0.5005,0.4272,0.186,0.1331,0.031,0.031,0.3303,0.4072,0.1719,0.127,0.031,0.031,0.4927,0.4751,0.2036,0.1306,0.031,0.031,0.5386,0.418,0.2012,0.1416,0.031,0.031,0.3796,0.3599,0.2495,0.1282,0.031,0.031,0.3872,0.3926,0.2178,0.1331,0.031,0.031,0.4147,0.3398,0.2183,0.1233,0.031,0.031,0.3804,0.3906,0.1943,0.1343,0.031,0.031,0.4316,0.3633,0.249,0.127,0.031,0.031,0.3567,0.3911,0.252,0.144,0.031,0.031,0.3748,0.3862,0.2012,0.1208,0.031,0.031,0.4248,0.354,0.2026,0.1208,0.031,0.031,0.4678,0.4819,0.1733,0.1331,0.031,0.031,0.4873,0.439,0.2256,0.1257,0.031,0.031,0.4802,0.3203,0.2227,0.1282,0.031,0.031,0.4282,0.4043,0.2207,0.1282,0.031,0.031,0.3359,0.4355,0.2417,0.1392,0.031,0.031,0.3879,0.4307,0.1929,0.1282,0.031,0.031,0.6018,0.3569,0.2148,0.1189,0.031,0.031,0.3733,0.5918,0.2275,0.1392,0.031,0.031,0.4268,0.3271,0.2246,0.1453,0.031,0.031,0.2856,0.4668,0.21,0.1165,0.031,0.031,0.5081,0.4126,0.2349,0.1355,0.031,0.031,0.4316,0.5254,0.2197,0.2231,0.1428,0.031,0.031,0.3936,0.5244,0.2344,0.1355,0.031,0.031,0.4207,0.3926,0.2441,0.1294,0.031,0.031,0.354,0.3745,0.2251,0.1331,0.031,0.031,0.5054,0.3433,0.2202,0.1257,0.031,0.031
0.5164,0.3911,0.4258,0.249,0.1245,0.031,0.031,0.4165,0.3182,0.3545,0.2256,0.1245,0.031,0.031,0.5005,0.4321,0.186,0.1331,0.031,0.031,0.3352,0.4072,0.1719,0.127,0.031,0.031,0.4927,0.4751,0.2036,0.1306,0.031,0.031,0.5386,0.418,0.2012,0.1416,0.031,0.031,0.3796,0.3599,0.2495,0.1282,0.031,0.031,0.3872,0.3926,0.2178,0.1331,0.031,0.031,0.4147,0.3398,0.2183,0.1233,0.031,0.031,0.3804,0.3906,0.1943,0.1343,0.031,0.031,0.4316,0.3633,0.249,0.127,0.031,0.031,0.3567,0.3911,0.252,0.144,0.031,0.031,0.3944,0.3862,0.2012,0.1208,0.031,0.031,0.4248,0.354,0.2026,0.1367,0.031,0.031,0.4678,0.4819,0.1733,0.1331,0.031,0.031,0.4949,0.439,0.2256,0.1257,0.031,0.031,0.4802,0.3203,0.2227,0.1282,0.031,0.031,0.4421,0.4043,0.2207,0.1282,0.031,0.031,0.3359,0.4355,0.2417,0.1392,0.031,0.031,0.4067,0.4307,0.1929,0.1282,0.031,0.031,0.6018,0.3701,0.2148,0.1189,0.031,0.031,0.3733,0.5918,0.2275,0.1392,0.031,0.031,0.4268,0.3271,0.2246,0.1453,0.031,0.031,0.2856,0.4668,0.21,0.1165,0.031,0.031,0.5081,0.4126,0.2446,0.1355,0.031,0.031,0.4316,0.5254,0.2197,0.2231,0.1428,0.031,0.031,0.3936,0.5244,0.2344,0.1355,0.031,0.031,0.4207,0.3926,0.2441,0.1294,0.031,0.031,0.354,0.3745,0.2251,0.1331,0.031,0.031,0.5054,0.3433,0.2202,0.1257,0.031,0.031
0.5164,0.3911,0.4258,0.249,0.1245,0.031,0.031,0.4165,0.3182,0.3545,0.2256,0.1245,0.031,0.031,0.5005,0.4321,0.186,0.1331,0.031,0.031,0.3352,0.4072,0.1719,0.127,0.031,0.031,0.4927,0.4751,0.2036,0.1306,0.031,0.031,0.5386,0.418,0.2012,0.1416,0.031,0.031,0.3914,0.3599,0.2495,0.1282,0.031,0.031,0.3872,0.3926,0.2178,0.1331,0.031,0.031,0.4147,0.3398,0.2183,0.1233,0.031,0.031,0.3804,0.3906,0.1943,0.1392,0.031,0.031,0.4316,0.3633,0.249,0.127,0.031,0.031,0.3567,0.3911,0.252,0.144,0.031,0.031,0.3944,0.3862,0.2012,0.1208,0.031,0.031,0.4316,0.354,0.2026,0.1367,0.031,0.031,0.4678,0.4819,0.1733,0.1331,0.031,0.031,0.5532,0.439,0.2256,0.1257,0.031,0.031,0.4802,0.3203,0.2227,0.1282,0.031,0.031,0.4421,0.4043,0.2207,0.1282,0.031,0.031,0.3713,0.4404,0.2417,0.1392,0.031,0.031,0.4067,0.4307,0.1929,0.1282,0.031,0.031,0.6018,0.3701,0.2148,0.1189,0.031,0.031,0.3733,0.5918,0.2275,0.1392,0.031,0.031,0.4268,0.3271,0.2246,0.1453,0.031,0.031,0.2856,0.4668,0.21,0.1165,0.031,0.031,0.5171,0.4126,0.2446,0.1355,0.031,0.031,0.4316,0.5303,0.2197,0.2231,0.1453,0.031,0.031,0.3936,0.5244,0.2344,0.1355,0.031,0.031,0.4207,0.3926,0.2441,0.1294,0.031,0.031,0.354,0.3745,0.2251,0.1331,0.031,0.031,0.5054,0.3433,0.2202,0.1257,0.031,0.031
0.5212,0.3911,0.4258,0.249,0.1245,0.031,0.031,0.4421,0.3182,0.3794,0.2256,0.1245,0.031,0.031,0.5234,0.4321,0.186,0.1331,0.031,0.031,0.3352,0.4072,0.1719,0.127,0.031,0.031,0.4927,0.4751,0.2036,0.1306,0.031,0.031,0.5386,0.418,0.2012,0.1416,0.031,0.031,0.3914,0.3667,0.2495,0.1282,0.031,0.031,0.3872,0.3926,0.2178,0.1331,0.031,0.031,0.4147,0.3599,0.2183,0.1233,0.031,0.031,0.3804,0.3906,0.1943,0.1392,0.031,0.031,0.4316,0.3633,0.249,0.127,0.031,0.031,0.3567,0.3911,0.252,0.144,0.031,0.031,0.4011,0.3862,0.2012,0.1208,0.031,0.031,0.4338,0.354,0.2026,0.1367,0.031,0.031,0.4678,0.4819,0.1733,0.1331,0.031,0.031,0.5532,0.439,0.2471,0.1257,0.031,0.031,0.4802,0.3848,0.2227,0.1282,0.031,0.031,0.4421,0.4043,0.2207,0.1282,0.031,0.031,0.3713,0.4404,0.2417,0.1392,0.031,0.031,0.4316,0.4717,0.1929,0.1282,0.031,0.031,0.6018,0.3887,0.2148,0.1189,0.031,0.031,0.3733,0.5918,0.2275,0.1392,0.031,0.031,0.4268,0.3271,0.2246,0.1453,0.031,0.031,0.2856,0.4668,0.21,0.1165,0.031,0.031,0.5205,0.4126,0.2446,0.1355,0.031,0.031,0.4316,0.5303,0.2197,0.2231,0.1453,0.031,0.031,0.3936,0.5244,0.2344,0.1355,0.031,0.031,0.4207,0.3926,0.2441,0.1294,0.031,0.031,0.354,0.3745,0.2251,0.1331,0.031,0.031,0.5054,0.3433,0.2202,0.1257,0.031,0.031
0.5212,0.3911,0.4258,0.249,0.1245,0.031,0.031,0.4568,0.3182,0.3794,0.2256,0.1245,0.031,0.031,0.5234,0.4321,0.186,0.1331,0.031,0.031,0.3352,0.4072,0.1719,0.127,0.031,0.031,0.4927,0.4751,0.2109,0.1306,0.031,0.031,0.5386,0.418,0.2012,0.1416,0.031,0.031,0.3914,0.3667,0.2495,0.1282,0.031,0.031,0.3872,0.3926,0.2178,0.1331,0.031,0.031,0.4147,0.3599,0.2183,0.1233,0.031,0.031,0.3977,0.3906,0.1943,0.1392,0.031,0.031,0.4316,0.3677,0.249,0.127,0.031,0.031,0.3567,0.3911,0.252,0.144,0.031,0.031,0.4011,0.3862,0.2012,0.1208,0.031,0.031,0.4783,0.354,0.2026,0.1367,0.031,0.031,0.4678,0.4819,0.1733,0.1331,0.031,0.031,0.5532,0.439,0.2471,0.1257,0.031,0.031,0.4802,0.3848,0.2227,0.1282,0.031,0.031,0.4595,0.4043,0.2207,0.1282,0.031,0.031,0.3713,0.4404,0.2417,0.1392,0.031,0.031,0.4316,0.4717,0.1929,0.1282,0.031,0.031,0.6018,0.3887,0.2148,0.1189,0.031,0.031,0.3733,0.605,0.2275,0.1392,0.031,0.031,0.4268,0.3271,0.2246,0.1453,0.031,0.031,0.2856,0.4668,0.2373,0.1165,0.031,0.031,0.5205,0.4126,0.2446,0.1355,0.031,0.031,0.4316,0.5303,0.2197,0.2231,0.1453,0.031,0.031,0.3936,0.5244,0.2344,0.1355,0.031,0.031,0.4207,0.3926,0.2441,0.1294,0.031,0.031,0.354,0.3745,0.2251,0.1331,0.031,0.031,0.5054,0.3433,0.2202,0.1257,0.031,0.031
0.5212,0.3911,0.4258,0.249,0.1245,0.031,0.031,0.4568,0.3182,0.3794,0.2256,0.1245,0.031,0.031,0.5234,0.4321,0.186,0.1331,0.031,0.031,0.3352,0.4072,0.1938,0.127,0.031,0.031,0.4927,0.4751,0.2109,0.1306,0.031,0.031,0.5386,0.418,0.2012,0.1416,0.031,0.031,0.3914,0.3667,0.2495,0.1282,0.031,0.031,0.3872,0.3926,0.2178,0.1331,0.031,0.031,0.4147,0.3599,0.2183,0.1233,0.031,0.031,0.3977,0.3906,0.1943,0.1392,0.031,0.031,0.4316,0.3979,0.249,0.127,0.031,0.031,0.3567,0.3911,0.252,0.144,0.031,0.031,0.4011,0.3862,0.2012,0.1208,0.031,0.031,0.4783,0.354,0.2026,0.1367,0.031,0.031,0.4678,0.4819,0.1733,0.1331,0.031,0.031,0.5532,0.439,0.2471,0.1257,0.031,0.031,0.4802,0.3848,0.2227,0.1282,0.031,0.031,0.4595,0.4043,0.2207,0.1282,0.031,0.031,0.3713,0.4404,0.2417,0.1392,0.031,0.031,0.4685,0.4785,0.1929,0.1282,0.031,0.031,0.6018,0.3887,0.2148,0.1189,0.031,0.031,0.3733,0.605,0.2275,0.1392,0.031,0.031,0.4324,0.3271,0.2246,0.1453,0.031,0.031,0.2942,0.4668,0.2373,0.1165,0.031,0.031,0.5261,0.4126,0.2446,0.1355,0.031,0.031,0.4316,0.5303,0.2197,0.2231,0.1453,0.031,0.031,0.4253,0.5244,0.2344,0.1355,0.031,0.031,0.4207,0.3926,0.2441,0.1294,0.031,0.031,0.354,0.3745,0.2251,0.1331,0.031,0.031,0.5054,0.3433,0.2202,0.1257,0.031,0.031
0.5212,0.3911,0.4258,0.249,0.1245,0.031,0.031,0.4568,0.3182,0.3794,0.2256,0.1245,0.031,0.031,0.5449,0.4321,0.186,0.1331,0.031,0.031,0.3352,0.4072,0.1938,0.127,0.031,0.031,0.4927,0.4751,0.2109,0.1306,0.031,0.031,0.5386,0.418,0.2012,0.1416,0.031,0.031,0.3914,0.3667,0.2495,0.1282,0.031,0.031,0.3872,0.3926,0.2178,0.1331,0.031,0.031,0.4147,0.3599,0.2183,0.1233,0.031,0.031,0.3977,0.3906,0.1943,0.1392,0.031,0.031,0.4316,0.3979,0.249,0.127,0.031,0.031,0.3567,0.3911,0.252,0.144,0.031,0.031,0.4011,0.3862,0.2036,0.1208,0.031,0.031,0.4783,0.354,0.2026,0.1367,0.031,0.031,0.4678,0.4819,0.1733,0.1331,0.031,0.031,0.5623,0.439,0.2471,0.1257,0.031,0.031,0.4802,0.3848,0.2227,0.1282,0.031,0.031,0.4595,0.4258,0.2207,0.1282,0.031,0.031,0.3713,0.4404,0.2417,0.1392,0.031,0.031,0.4685,0.502,0.1929,0.1282,0.031,0.031,0.6018,0.3887,0.2148,0.1392,0.031,0.031,0.3733,0.605,0.2275,0.1392,0.031,0.031,0.4399,0.3271,0.2246,0.1453,0.031,0.031,0.2942,0.4668,0.2373,0.1177,0.031,0.031,0.5386,0.4126,0.2446,0.1355,0.031,0.031,0.4316,0.5303,0.2197,0.2231,0.1453,0.031,0.031,0.4253,0.5244,0.2344,0.1355,0.031,0.031,0.4207,0.3926,0.2441,0.1294,0.031,0.031,0.354,0.3745,0.2251,0.1331,0.031,0.031,0.5054,0.3481,0.2202,0.1257,0.031,0.031
0.5261,0.3911,0.4258,0.249,0.1245,0.031,0.031,0.4568,0.3182,0.3809,0.2256,0.1257,0.031,0.031,0.5664,0.4321,0.186,0.1331,0.031,0.031,0.3352,0.4072,0.1938,0.127,0.031,0.031,0.4927,0.4751,0.2109,0.1306,0.031,0.031,0.5386,0.418,0.2012,0.1416,0.031,0.031,0.3914,0.3667,0.2495,0.1282,0.031,0.031,0.3872,0.3926,0.2178,0.1331,0.031,0.031,0.4147,0.3599,0.2183,0.1233,0.031,0.031,0.3977,0.3906,0.1943,0.1392,0.031,0.031,0.4316,0.3979,0.249,0.127,0.031,0.031,0.3567,0.3911,0.252,0.144,0.031,0.031,0.4011,0.3862,0.2036,0.1208,0.031,0.031,0.4783,0.354,0.2026,0.1367,0.031,0.031,0.4678,0.4819,0.1733,0.1331,0.031,0.031,0.5623,0.439,0.2471,0.1257,0.031,0.031,0.4802,0.3877,0.2227,0.1282,0.031,0.031,0.4595,0.4258,0.2207,0.1282,0.031,0.031,0.3713,0.4404,0.2417,0.1392,0.031,0.031,0.4685,0.502,0.1929,0.1282,0.031,0.031,0.6018,0.3887,0.2148,0.1392,0.031,0.031,0.3733,0.605,0.2275,0.1392,0.031,0.031,0.4399,0.3271,0.2246,0.1465,0.031,0.031,0.2942,0.4668,0.2373,0.1177,0.031,0.031,0.5386,0.4126,0.2446,0.1355,0.031,0.031,0.4316,0.5303,0.2197,0.2231,0.1453,0.031,0.031,0.4253,0.5293,0.2344,0.1355,0.031,0.031,0.4219,0.3926,0.2441,0.1294,0.031,0.031,0.354,0.3745,0.2251,0.1331,0.031,0.031,0.5054,0.3481,0.2202,0.1257,0.031,0.031
0.5261,0.3911,0.4258,0.249,0.1245,0.031,0.031,0.4568,0.3182,0.3809,0.2256,0.1282,0.031,0.031,0.5664,0.4321,0.186,0.1331,0.031,0.031,0.3352,0.4072,0.1938,0.127,0.031,0.031,0.4927,0.4751,0.2109,0.1306,0.031,0.031,0.5386,0.418,0.2012,0.1416,0.031,0.031,0.3914,0.3667,0.2495,0.1282,0.031,0.031,0.3872,0.3926,0.2178,0.1355,0.031,0.031,0.4147,0.3599,0.2183,0.1233,0.031,0.031,0.3977,0.3906,0.1943,0.1392,0.031,0.031,0.4316,0.3979,0.249,0.127,0.031,0.031,0.3567,0.3911,0.252,0.144,0.031,0.031,0.4011,0.4014,0.2036,0.1208,0.031,0.031,0.4783,0.354,0.2026,0.1367,0.031,0.031,0.4678,0.4819,0.1733,0.1331,0.031,0.031,0.5623,0.439,0.2471,0.1257,0.031,0.031,0.4802,0.3877,0.2227,0.1282,0.031,0.031,0.4595,0.4258,0.2207,0.1282,0.031,0.031,0.3713,0.4404,0.249,0.1392,0.031,0.031,0.4824,0.502,0.2061,0.1282,0.031,0.031,0.6018,0.3984,0.2148,0.1392,0.031,0.031,0.3733,0.605,0.2275,0.1392,0.031,0.031,0.4399,0.3271,0.2246,0.1465,0.031,0.031,0.3357,0.4668,0.2373,0.1177,0.031,0.031,0.5435,0.4126,0.2446,0.1355,0.031,0.031,0.4316,0.5303,0.2197,0.2231,0.1453,0.031,0.031,0.4253,0.5293,0.2344,0.1355,0.031,0.031,0.4219,0.3926,0.2441,0.1294,0.031,0.031,0.354,0.3745,0.2251,0.1331,0.031,0.031,0.5054,0.3481,0.2202,0.1257,0.031,0.031
0.5261,0.3911,0.4307,0.249,0.1245,0.031,0.031,0.4568,0.3182,0.3892,0.2256,0.1282,0.031,0.031,0.5664,0.4321,0.1963,0.1331,0.031,0.031,0.3386,0.4072,0.1938,0.127,0.031,0.031,0.4927,0.4751,0.2109,0.1306,0.031,0.031,0.5664,0.4312,0.2012,0.1416,0.031,0.031,0.3914,0.3667,0.2495,0.1282,0.031,0.031,0.3872,0.3926,0.2178,0.1355,0.031,0.031,0.4147,0.3599,0.2183,0.1233,0.031,0.031,0.3977,0.3906,0.1943,0.1392,0.031,0.031,0.4316,0.3979,0.249,0.127,0.031,0.031,0.3567,0.3911,0.252,0.144,0.031,0.031,0.4011,0.4014,0.2036,0.1208,0.031,0.031,0.4783,0.354,0.2026,0.1367,0.031,0.031,0.4678,0.4819,0.1733,0.1331,0.031,0.031,0.5623,0.439,0.2471,0.1257,0.031,0.031,0.4802,0.3877,0.2227,0.1392,0.031,0.031,0.4595,0.4258,0.2207,0.1282,0.031,0.031,0.3713,0.4453,0.249,0.1392,0.031,0.031,0.4824,0.5068,0.2061,0.1282,0.031,0.031,0.6018,0.3984,0.2148,0.1392,0.031,0.031,0.3733,0.605,0.2275,0.1392,0.031,0.031,0.4399,0.3271,0.2246,0.1477,0.031,0.031,0.3357,0.4668,0.2373,0.1177,0.031,0.031,0.5435,0.4126,0.2446,0.1355,0.031,0.031,0.4407,0.5396,0.2197,0.2231,0.1453,0.031,0.031,0.4253,0.5293,0.2344,0.1355,0.031,0.031,0.4219,0.3926,0.2441,0.1294,0.031,0.031,0.354,0.3745,0.2251,0.1331,0.031,0.031,0.5261,0.3481,0.2202,0.1257,0.031,0.031
0.5261,0.3911,0.4307,0.249,0.1245,0.031,0.031,0.479,0.3182,0.3892,0.2256,0.1282,0.031,0.031,0.5664,0.4321,0.1963,0.1331,0.031,0.031,0.3386,0.4072,0.1938,0.127,0.031,0.031,0.4927,0.4751,0.2109,0.1306,0.031,0.031,0.5664,0.4312,0.2012,0.1416,0.031,0.031,0.3914,0.3667,0.2495,0.1282,0.031,0.031,0.3872,0.3926,0.2178,0.1355,0.031,0.031,0.4147,0.3599,0.2183,0.1233,0.031,0.031,0.3977,0.3906,0.1943,0.1392,0.031,0.031,0.4316,0.3979,0.249,0.127,0.031,0.031,0.3567,0.4077,0.252,0.144,0.031,0.031,0.4192,0.4014,0.2036,0.1208,0.031,0.031,0.4783,0.354,0.2026,0.1367,0.031,0.031,0.4678,0.4819,0.1733,0.1331,0.031,0.031,0.5623,0.439,0.2471,0.1257,0.031,0.031,0.4802,0.3877,0.2227,0.1392,0.031,0.031,0.4595,0.4258,0.2207,0.1282,0.031,0.031,0.3713,0.4585,0.249,0.1392,0.031,0.031,0.4824,0.5215,0.2061,0.1282,0.031,0.031,0.6018,0.3984,0.2148,0.1392,0.031,0.031,0.3733,0.605,0.2275,0.1392,0.031,0.031,0.4399,0.3271,0.2246,0.1477,0.031,0.031,0.3357,0.4668,0.2373,0.1233,0.031,0.031,0.5435,0.4126,0.2446,0.1355,0.031,0.031,0.4407,0.5396,0.2197,0.2231,0.1453,0.031,0.031,0.4253,0.5293,0.2344,0.1355,0.031,0.031,0.4219,0.3926,0.2441,0.1294,0.031,0.031,0.354,0.3745,0.2251,0.1404,0.031,0.031,0.5261,0.3481,0.2202,0.1257,0.031,0.031
0.5261,0.3911,0.4307,0.249,0.1245,0.031,0.031,0.479,0.3182,0.4189,0.2256,0.1282,0.031,0.031,0.5664,0.4321,0.1963,0.1331,0.031,0.031,0.3386,0.4072,0.1938,0.1416,0.031,0.031,0.5107,0.4751,0.2109,0.1306,0.031,0.031,0.5664,0.4312,0.21,0.1416,0.031,0.031,0.4226,0.3667,0.2495,0.1282,0.031,0.031,0.3872,0.3926,0.2178,0.1355,0.031,0.031,0.4147,0.3599,0.2183,0.1233,0.031,0.031,0.3977,0.3906,0.1943,0.1392,0.031,0.031,0.4316,0.3979,0.249,0.127,0.031,0.031,0.3567,0.4077,0.252,0.144,0.031,0.031,0.4192,0.4014,0.2036,0.1208,0.031,0.031,0.4783,0.3662,0.2026,0.1367,0.031,0.031,0.4678,0.4819,0.1733,0.1331,0.031,0.031,0.5623,0.439,0.2471,0.1257,0.031,0.031,0.4802,0.3877,0.2227,0.1392,0.031,0.031,0.4595,0.4307,0.2207,0.1282,0.031,0.031,0.3713,0.4585,0.2515,0.1392,0.031,0.031,0.4949,0.5215,0.2061,0.1282,0.031,0.031,0.6018,0.3984,0.2148,0.1392,0.031,0.031,0.3733,0.605,0.2275,0.1392,0.031,0.031,0.4524,0.3271,0.2246,0.1477,0.031,0.031,0.3357,0.4668,0.2373,0.1233,0.031,0.031,0.5476,0.4473,0.2446,0.1355,0.031,0.031,0.4609,0.5396,0.2197,0.2231,0.1453,0.031,0.031,0.4253,0.5293,0.2344,0.1355,0.031,0.031,0.4219,0.3926,0.2441,0.1294,0.031,0.031,0.354,0.3843,0.2251,0.1404,0.031,0.031,0.5261,0.3481,0.2202,0.1257,0.031,0.031
0.5276,0.3911,0.4307,0.249,0.1245,0.031,0.031,0.479,0.3182,0.4189,0.2256,0.1282,0.031,0.031,0.5664,0.4321,0.1963,0.1331,0.031,0.031,0.3386,0.4072,0.1938,0.1416,0.031,0.031,0.5107,0.4751,0.2109,0.1306,0.031,0.031,0.5664,0.4312,0.21,0.1416,0.031,0.031,0.426,0.3667,0.2495,0.1282,0.031,0.031,0.3872,0.3926,0.2178,0.1355,0.031,0.031,0.4147,0.3599,0.2183,0.1233,0.031,0.031,0.3977,0.3906,0.1943,0.1392,0.031,0.031,0.4553,0.3979,0.249,0.127,0.031,0.031,0.3567,0.4077,0.252,0.144,0.031,0.031,0.4192,0.4014,0.2036,0.1208,0.031,0.031,0.4783,0.3706,0.2026,0.1367,0.031,0.031,0.4678,0.4819,0.1733,0.1331,0.031,0.031,0.5623,0.439,0.2471,0.1257,0.031,0.031,0.4802,0.3877,0.2227,0.1392,0.031,0.031,0.4595,0.4619,0.2207,0.1282,0.031,0.031,0.3713,0.4585,0.2515,0.1392,0.031,0.031,0.4949,0.5464,0.2061,0.1282,0.031,0.031,0.6018,0.4199,0.2148,0.1392,0.031,0.031,0.3733,0.605,0.2275,0.1392,0.031,0.031,0.4524,0.3271,0.2246,0.1477,0.031,0.031,0.3357,0.4668,0.2373,0.1233,0.031,0.031,0.5483,0.4473,0.2446,0.1355,0.031,0.031,0.4609,0.5396,0.2197,0.2231,0.1453,0.031,0.031,0.4253,0.5293,0.2344,0.1355,0.031,0.031,0.4219,0.3926,0.2441,0.1294,0.031,0.031,0.354,0.3843,0.2251,0.1404,0.031,0.031,0.5261,0.3682,0.2202,0.1257,0.031,0.031
0.5449,0.3911,0.4307,0.249,0.1245,0.031,0.031,0.479,0.3182,0.4189,0.2256,0.1282,0.031,0.031,0.5664,0.4321,0.1963,0.1331,0.031,0.031,0.3386,0.4072,0.1938,0.1416,0.031,0.031,0.5107,0.4751,0.2109,0.1306,0.031,0.031,0.5664,0.4312,0.2153,0.1416,0.031,0.031,0.426,0.3667,0.2544,0.1282,0.031,0.031,0.3872,0.3926,0.2178,0.1355,0.031,0.031,0.4147,0.3599,0.2183,0.1233,0.031,0.031,0.3977,0.3906,0.1943,0.144,0.031,0.031,0.4553,0.3979,0.249,0.127,0.031,0.031,0.3567,0.4077,0.252,0.144,0.031,0.031,0.4192,0.4014,0.2036,0.1208,0.031,0.031,0.4783,0.3706,0.2026,0.1367,0.031,0.031,0.4678,0.4819,0.1733,0.1331,0.031,0.031,0.5623,0.439,0.2471,0.1257,0.031,0.031,0.4802,0.3877,0.2227,0.1392,0.031,0.031,0.4595,0.4619,0.2207,0.1282,0.031,0.031,0.3713,0.4585,0.2515,0.1392,0.031,0.031,0.4949,0.5542,0.2061,0.1282,0.031,0.031,0.606,0.4199,0.2148,0.1392,0.031,0.031,0.3733,0.605,0.2275,0.1392,0.031,0.031,0.4524,0.3271,0.2246,0.1477,0.031,0.031,0.3357,0.4668,0.2373,0.1233,0.031,0.031,0.5483,0.4473,0.2446,0.1355,0.031,0.031,0.4783,0.5396,0.2197,0.2231,0.1453,0.031,0.031,0.4475,0.5293,0.2344,0.1355,0.031,0.031,0.4219,0.3926,0.2441,0.1294,0.031,0.031,0.354,0.3843,0.2251,0.1404,0.031,0.031,0.5261,0.3682,0.2202,0.1257,0.031,0.031
0.5449,0.3911,0.4307,0.249,0.1245,0.031,0.031,0.5088,0.3182,0.4189,0.2256,0.1282,0.031,0.031,0.5671,0.4321,0.1963,0.1428,0.031,0.031,0.3386,0.4072,0.1938,0.1416,0.031,0.031,0.5107,0.4751,0.2109,0.1306,0.031,0.031,0.5664,0.4312,0.2153,0.1416,0.031,0.031,0.426,0.3667,0.2544,0.1282,0.031,0.031,0.3872,0.3926,0.2178,0.1379,0.031,0.031,0.4351,0.3599,0.2183,0.1233,0.031,0.031,0.3977,0.3906,0.1943,0.144,0.031,0.031,0.4553,0.3979,0.249,0.127,0.031,0.031,0.3567,0.4077,0.252,0.144,0.031,0.031,0.4192,0.4014,0.2036,0.1208,0.031,0.031,0.4783,0.3706,0.2026,0.1367,0.031,0.031,0.4678,0.4819,0.1733,0.1331,0.031,0.031,0.5623,0.439,0.2471,0.1257,0.031,0.031,0.4802,0.3877,0.2246,0.1392,0.031,0.031,0.4595,0.4619,0.2207,0.1282,0.031,0.031,0.3713,0.4585,0.2515,0.1392,0.031,0.031,0.4949,0.5542,0.2061,0.1282,0.031,0.031,0.6108,0.4199,0.2148,0.1392,0.031,0.031,0.3733,0.605,0.2275,0.1392,0.031,0.031,0.4524,0.3271,0.2246,0.1477,0.031,0.031,0.3357,0.4668,0.2373,0.1233,0.031,0.031,0.5483,0.4473,0.2446,0.1428,0.031,0.031,0.4783,0.5396,0.2197,0.2231,0.1453,0.031,0.031,0.4475,0.5293,0.2344,0.1355,0.031,0.031,0.4219,0.3926,0.2441,0.1294,0.031,0.031,0.354,0.3843,0.2251,0.1404,0.031,0.031,0.5261,0.3931,0.2202,0.1257,0.031,0.031
0.5449,0.3911,0.4521,0.249,0.1245,0.031,0.031,0.5088,0.3182,0.4189,0.2256,0.1428,0.031,0.031,0.5671,0.4321,0.1963,0.1428,0.031,0.031,0.3386,0.4072,0.1938,0.1416,0.031,0.031,0.5107,0.4883,0.2109,0.1306,0.031,0.031,0.5664,0.4312,0.2153,0.1416,0.031,0.031,0.426,0.3667,0.2544,0.1282,0.031,0.031,0.3872,0.3926,0.2397,0.1379,0.031,0.031,0.4351,0.3599,0.2183,0.1233,0.031,0.031,0.3977,0.3906,0.1943,0.144,0.031,0.031,0.4553,0.3979,0.249,0.127,0.031,0.031,0.3567,0.4077,0.252,0.144,0.031,0.031,0.4192,0.4014,0.2036,0.1208,0.031,0.031,0.4783,0.3911,0.2026,0.1367,0.031,0.031,0.4678,0.4819,0.1733,0.1331,0.031,0.031,0.5623,0.439,0.2471,0.1257,0.031,0.031,0.4802,0.396,0.2246,0.1392,0.031,0.031,0.4595,0.4619,0.2207,0.1282,0.031,0.031,0.3713,0.4585,0.2515,0.1392,0.031,0.031,0.4983,0.5547,0.2061,0.1282,0.031,0.031,0.6108,0.4199,0.2148,0.1392,0.031,0.031,0.3733,0.605,0.2275,0.1392,0.031,0.031,0.4524,0.3271,0.2246,0.1477,0.031,0.031,0.3357,0.4668,0.2373,0.1233,0.031,0.031,0.5532,0.4473,0.252,0.1428,0.031,0.031,0.4783,0.5396,0.2197,0.2231,0.1453,0.031,0.031,0.4475,0.5293,0.2344,0.1355,0.031,0.031,0.4219,0.3926,0.2441,0.1294,0.031,0.031,0.354,0.3843,0.2397,0.1404,0.031,0.031,0.5261,0.3931,0.2202,0.1282,0.031,0.031
0.5532,0.3911,0.4521,0.249,0.1245,0.031,0.031,0.5088,0.3182,0.4189,0.2256,0.1428,0.031,0.031,0.5671,0.4321,0.1963,0.1428,0.031,0.031,0.3386,0.4072,0.1938,0.1416,0.031,0.031,0.5107,0.4883,0.2109,0.1306,0.031,0.031,0.5664,0.4536,0.2153,0.1416,0.031,0.031,0.438,0.3667,0.2544,0.1282,0.031,0.031,0.3872,0.3926,0.2397,0.1379,0.031,0.031,0.4351,0.3599,0.2183,0.1233,0.031,0.031,0.3977,0.3906,0.1943,0.144,0.031,0.031,0.4553,0.3979,0.249,0.1294,0.031,0.031,0.3567,0.4077,0.252,0.144,0.031,0.031,0.4192,0.4014,0.2036,0.1208,0.031,0.031,0.4783,0.3911,0.2026,0.1367,0.031,0.031,0.4678,0.4819,0.1733,0.1331,0.031,0.031,0.5623,0.439,0.2471,0.1257,0.031,0.031,0.4802,0.396,0.2246,0.1392,0.031,0.031,0.4595,0.4619,0.2207,0.1282,0.031,0.031,0.3713,0.4585,0.2515,0.1392,0.031,0.031,0.4983,0.5723,0.2061,0.1282,0.031,0.031,0.6108,0.4199,0.2148,0.1392,0.031,0.031,0.3755,0.605,0.2275,0.1392,0.031,0.031,0.4524,0.3271,0.2246,0.1477,0.031,0.031,0.3357,0.4668,0.2373,0.1233,0.031,0.031,0.5532,0.4473,0.252,0.144,0.031,0.031,0.522,0.5396,0.2197,0.2231,0.1453,0.031,0.031,0.4475,0.5293,0.2344,0.1355,0.031,0.031,0.4219,0.3926,0.2441,0.1294,0.031,0.031,0.354,0.3843,0.252,0.1404,0.031,0.031,0.5261,0.3931,0.2202,0.1282,0.031,0.031
0.5532,0.3911,0.4521,0.249,0.1245,0.031,0.031,0.5088,0.3182,0.4189,0.2256,0.1428,0.031,0.031,0.5671,0.4321,0.1963,0.1428,0.031,0.031,0.3386,0.4072,0.1938,0.1416,0.031,0.031,0.5107,0.4883,0.2109,0.1306,0.031,0.031,0.5664,0.4536,0.2153,0.1416,0.031,0.031,0.438,0.3667,0.2544,0.1282,0.031,0.031,0.3872,0.3926,0.2397,0.1379,0.031,0.031,0.4351,0.3628,0.2183,0.1233,0.031,0.031,0.3977,0.3906,0.1943,0.144,0.031,0.031,0.4553,0.3979,0.249,0.1294,0.031,0.031,0.3567,0.4077,0.252,0.144,0.031,0.031,0.4192,0.4014,0.2036,0.1208,0.031,0.031,0.4783,0.3911,0.2026,0.1367,0.031,0.031,0.4678,0.4819,0.1733,0.1331,0.031,0.031,0.5623,0.439,0.2471,0.1257,0.031,0.031,0.5005,0.4175,0.2246,0.1392,0.031,0.031,0.4595,0.4619,0.2207,0.1282,0.031,0.031,0.3713,0.4585,0.2515,0.1404,0.031,0.031,0.4983,0.5742,0.2061,0.1282,0.031,0.031,0.6191,0.4199,0.2148,0.1392,0.031,0.031,0.3755,0.605,0.2275,0.1392,0.031,0.031,0.4524,0.3271,0.2246,0.1477,0.031,0.031,0.3357,0.4668,0.2373,0.1233,0.031,0.031,0.5698,0.4473,0.252,0.1453,0.031,0.031,0.522,0.5396,0.2197,0.2231,0.1453,0.031,0.031,0.4475,0.5293,0.2344,0.1355,0.031,0.031,0.4219,0.3926,0.2466,0.1294,0.031,0.031,0.354,0.3843,0.252,0.1404,0.031,0.031,0.5261,0.3931,0.2202,0.1282,0.031,0.031
0.554,0.3911,0.4521,0.249,0.1245,0.031,0.031,0.5088,0.3182,0.4238,0.2256,0.1428,0.031,0.031,0.5671,0.4321,0.1963,0.1428,0.031,0.031,0.3386,0.4072,0.1938,0.1416,0.031,0.031,0.5107,0.4883,0.2109,0.1306,0.031,0.031,0.5664,0.4536,0.2153,0.1416,0.031,0.031,0.438,0.3667,0.2544,0.1282,0.031,0.031,0.3872,0.3926,0.2397,0.1379,0.031,0.031,0.4351,0.3628,0.2183,0.1233,0.031,0.031,0.3977,0.3906,0.2104,0.144,0.031,0.031,0.4553,0.3979,0.249,0.1294,0.031,0.031,0.3567,0.4077,0.252,0.144,0.031,0.031,0.4192,0.4043,0.2036,0.1208,0.031,0.031,0.4783,0.3911,0.2026,0.1379,0.031,0.031,0.4678,0.4819,0.1733,0.1331,0.031,0.031,0.5623,0.439,0.2471,0.1257,0.031,0.031,0.5005,0.4175,0.2246,0.1392,0.031,0.031,0.4595,0.4619,0.2207,0.1282,0.031,0.031,0.3713,0.4585,0.2515,0.1404,0.031,0.031,0.4983,0.5742,0.2061,0.1282,0.031,0.031,0.6191,0.4199,0.2148,0.1392,0.031,0.031,0.3894,0.605,0.2275,0.1392,0.031,0.031,0.4524,0.3271,0.2246,0.1477,0.031,0.031,0.3357,0.4668,0.2373,0.1233,0.031,0.031,0.5698,0.4473,0.252,0.1453,0.031,0.031,0.522,0.5396,0.2197,0.2231,0.1453,0.031,0.031,0.4475,0.5293,0.2344,0.1355,0.031,0.031,0.4219,0.3926,0.2466,0.1294,0.031,0.031,0.354,0.3843,0.252,0.1404,0.031,0.031,0.5261,0.3931,0.2202,0.1282,0.031,0.031
0.554,0.3911,0.4521,0.249,0.1245,0.031,0.031,0.5088,0.3182,0.4272,0.2256,0.1428,0.031,0.031,0.5671,0.4321,0.1963,0.1428,0.031,0.031,0.3386,0.4072,0.1938,0.1416,0.031,0.031,0.5171,0.5015,0.2109,0.1306,0.031,0.031,0.5664,0.4536,0.2178,0.1416,0.031,0.031,0.438,0.3667,0.2544,0.1282,0.031,0.031,0.3872,0.3926,0.2397,0.1379,0.031,0.031,0.4351,0.3628,0.2183,0.1233,0.031,0.031,0.3977,0.3906,0.2104,0.144,0.031,0.031,0.4553,0.3979,0.249,0.1294,0.031,0.031,0.3567,0.4077,0.252,0.144,0.031,0.031,0.4192,0.4043,0.2036,0.1208,0.031,0.031,0.4783,0.3911,0.2026,0.1379,0.031,0.031,0.4678,0.4819,0.1733,0.1331,0.031,0.031,0.5623,0.439,0.2471,0.1257,0.031,0.031,0.5005,0.4175,0.2246,0.1392,0.031,0.031,0.4595,0.4619,0.2207,0.1282,0.031,0.031,0.3713,0.4585,0.2515,0.1416,0.031,0.031,0.4983,0.5806,0.2061,0.1282,0.031,0.031,0.6191,0.4199,0.2148,0.1392,0.031,0.031,0.3894,0.605,0.2275,0.1392,0.031,0.031,0.4561,0.3271,0.2246,0.1477,0.031,0.031,0.3357,0.4702,0.2373,0.1233,0.031,0.031,0.5713,0.4473,0.2539,0.1465,0.031,0.031,0.522,0.5396,0.2197,0.2231,0.1453,0.031,0.031,0.4475,0.5293,0.2344,0.1355,0.031,0.031,0.4219,0.3926,0.2466,0.1294,0.031,0.031,0.354,0.3843,0.252,0.1404,0.031,0.031,0.5261,0.3931,0.2202,0.1282,0.031,0.031
0.563,0.3911,0.4521,0.249,0.1245,0.031,0.031,0.5088,0.3182,0.4272,0.2256,0.1428,0.031,0.031,0.5671,0.4321,0.1963,0.1428,0.031,0.031,0.3386,0.4072,0.1938,0.1416,0.031,0.031,0.5171,0.5015,0.2207,0.1306,0.031,0.031,0.5664,0.4536,0.2178,0.1416,0.031,0.031,0.438,0.3667,0.2544,0.1282,0.031,0.031,0.3872,0.3926,0.2397,0.1379,0.031,0.031,0.4351,0.3628,0.2183,0.1233,0.031,0.031,0.3977,0.3906,0.2104,0.144,0.031,0.031,0.4553,0.3979,0.249,0.1294,0.031,0.031,0.3567,0.4077,0.252,0.144,0.031,0.031,0.4192,0.4043,0.2036,0.1208,0.031,0.031,0.4783,0.4185,0.2026,0.1379,0.031,0.031,0.4678,0.4819,0.1733,0.1331,0.031,0.031,0.5623,0.439,0.2471,0.1257,0.031,0.031,0.5005,0.4175,0.2246,0.1392,0.031,0.031,0.4595,0.4619,0.2256,0.1282,0.031,0.031,0.3845,0.4585,0.2515,0.1416,0.031,0.031,0.4983,0.5806,0.2061,0.1282,0.031,0.031,0.6191,0.4199,0.2148,0.1392,0.031,0.031,0.3894,0.605,0.2275,0.1392,0.031,0.031,0.4561,0.3271,0.2246,0.1477,0.031,0.031,0.3357,0.4702,0.2373,0.1233,0.031,0.031,0.574,0.4473,0.2539,0.1465,0.031,0.031,0.522,0.5396,0.2197,0.2231,0.1453,0.031,0.031,0.4475,0.5293,0.2344,0.1355,0.031,0.031,0.4219,0.3926,0.2466,0.1294,0.031,0.031,0.354,0.3926,0.252,0.1404,0.031,0.031,0.5261,0.3931,0.2202,0.1282,0.031,0.031
0.563,0.3911,0.4521,0.249,0.1245,0.031,0.031,0.5088,0.3182,0.4653,0.2256,0.1428,0.031,0.031,0.5671,0.4321,0.1963,0.1428,0.031,0.031,0.3386,0.4072,0.1938,0.1416,0.031,0.031,0.5171,0.5015,0.2207,0.1306,0.031,0.031,0.5664,0.4536,0.2178,0.1416,0.031,0.031,0.4531,0.3667,0.2544,0.1282,0.031,0.031,0.3872,0.3926,0.2397,0.1379,0.031,0.031,0.4351,0.3628,0.2183,0.1233,0.031,0.031,0.3977,0.3906,0.2104,0.1453,0.031,0.031,0.4553,0.3979,0.249,0.1294,0.031,0.031,0.3567,0.4077,0.2544,0.144,0.031,0.031,0.4192,0.4043,0.2036,0.1208,0.031,0.031,0.4783,0.4185,0.2026,0.1379,0.031,0.031,0.4678,0.4819,0.1733,0.1331,0.031,0.031,0.5623,0.4404,0.2471,0.1257,0.031,0.031,0.5005,0.4175,0.2246,0.1392,0.031,0.031,0.4595,0.4619,0.2256,0.1282,0.031,0.031,0.3845,0.4585,0.2515,0.1416,0.031,0.031,0.5269,0.5806,0.2061,0.1282,0.031,0.031,0.6191,0.4199,0.2148,0.1392,0.031,0.031,0.3894,0.605,0.2275,0.1392,0.031,0.031,0.4561,0.3271,0.2246,0.1477,0.031,0.031,0.3357,0.4702,0.2373,0.1233,0.031,0.031,0.574,0.4473,0.2539,0.1465,0.031,0.031,0.522,0.5396,0.2197,0.2231,0.1453,0.031,0.031,0.4475,0.5293,0.2344,0.1355,0.031,0.031,0.4219,0.3926,0.2466,0.1294,0.031,0.031,0.354,0.3926,0.252,0.1404,0.031,0.031,0.5261,0.3931,0.2202,0.1282,0.031,0.031
0.563,0.3911,0.4521,0.249,0.1245,0.031,0.031,0.5088,0.3182,0.4868,0.2256,0.1428,0.031,0.031,0.5671,0.4385,0.1963,0.1428,0.031,0.031,0.3469,0.4072,0.1938,0.1416,0.031,0.031,0.5171,0.5146,0.2207,0.1306,0.031,0.031,0.5664,0.4536,0.2178,0.1416,0.031,0.031,0.4531,0.3667,0.2544,0.1282,0.031,0.031,0.3872,0.3926,0.2397,0.1379,0.031,0.031,0.4351,0.3628,0.2183,0.1233,0.031,0.031,0.3977,0.3906,0.2104,0.1453,0.031,0.031,0.4553,0.3979,0.249,0.1294,0.031,0.031,0.3567,0.4077,0.2544,0.144,0.031,0.031,0.4192,0.4043,0.2036,0.1208,0.031,0.031,0.4783,0.4185,0.2026,0.1379,0.031,0.031,0.4678,0.4819,0.1733,0.1331,0.031,0.031,0.5623,0.4404,0.2471,0.1257,0.031,0.031,0.5005,0.4175,0.2246,0.1392,0.031,0.031,0.4595,0.4619,0.2256,0.1282,0.031,0.031,0.3845,0.4619,0.2515,0.1416,0.031,0.031,0.5269,0.5806,0.2061,0.1282,0.031,0.031,0.6191,0.4199,0.2148,0.1392,0.031,0.031,0.3894,0.605,0.2275,0.1392,0.031,0.031,0.4561,0.3271,0.2246,0.1477,0.031,0.031,0.3357,0.4702,0.2373,0.1233,0.031,0.031,0.574,0.4473,0.2539,0.1465,0.031,0.031,0.522,0.5396,0.2197,0.2231,0.1453,0.031,0.031,0.4475,0.5293,0.2344,0.1367,0.031,0.031,0.4219,0.3926,0.2466,0.1294,0.031,0.031,0.354,0.3926,0.252,0.1404,0.031,0.031,0.5261,0.3931,0.2202,0.1282,0.031,0.031
0.563,0.3911,0.4521,0.249,0.1245,0.031,0.031,0.5088,0.3182,0.4883,0.2256,0.1428,0.031,0.031,0.5671,0.4385,0.1963,0.1428,0.031,0.031,0.3469,0.4072,0.1938,0.1416,0.031,0.031,0.5171,0.5146,0.2207,0.1306,0.031,0.031,0.5664,0.4536,0.2178,0.1416,0.031,0.031,0.4531,0.3667,0.2544,0.1282,0.031,0.031,0.3872,0.3926,0.2397,0.1392,0.031,0.031,0.4351,0.3774,0.2183,0.1233,0.031,0.031,0.4003,0.3936,0.2104,0.1453,0.031,0.031,0.4553,0.3979,0.249,0.1294,0.031,0.031,0.3567,0.4077,0.2544,0.144,0.031,0.031,0.4192,0.4111,0.2036,0.1208,0.031,0.031,0.4783,0.4185,0.2026,0.1379,0.031,0.031,0.4678,0.4819,0.1733,0.1331,0.031,0.031,0.5623,0.4404,0.2471,0.1257,0.031,0.031,0.5005,0.4175,0.2246,0.1392,0.031,0.031,0.4595,0.4619,0.2256,0.1282,0.031,0.031,0.3845,0.4619,0.2515,0.1416,0.031,0.031,0.5269,0.5806,0.2061,0.1282,0.031,0.031,0.6191,0.4199,0.2148,0.1392,0.031,0.031,0.3894,0.605,0.2275,0.1416,0.031,0.031,0.4561,0.3271,0.2246,0.1477,0.031,0.031,0.3357,0.4702,0.2373,0.1233,0.031,0.031,0.574,0.4473,0.2539,0.1477,0.031,0.031,0.522,0.5396,0.2197,0.2231,0.1465,0.031,0.031,0.4475,0.5425,0.2344,0.1367,0.031,0.031,0.4219,0.3926,0.2466,0.1294,0.031,0.031,0.354,0.3926,0.252,0.1404,0.031,0.031,0.5261,0.3931,0.2202,0.1282,0.031,0.031
0.563,0.3911,0.4521,0.249,0.1245,0.031,0.031,0.5088,0.3182,0.4883,0.2256,0.1428,0.031,0.031,0.5671,0.4385,0.1963,0.1428,0.031,0.031,0.3469,0.4072,0.1938,0.1416,0.031,0.031,0.5171,0.5146,0.2207,0.1306,0.031,0.031,0.5664,0.4536,0.2178,0.1416,0.031,0.031,0.4531,0.3667,0.2544,0.1282,0.031,0.031,0.3872,0.3926,0.2397,0.1392,0.031,0.031,0.4351,0.3774,0.2202,0.1233,0.031,0.031,0.4003,0.3936,0.2104,0.1453,0.031,0.031,0.4553,0.3979,0.249,0.1294,0.031,0.031,0.3567,0.4077,0.2544,0.144,0.031,0.031,0.4192,0.4111,0.2036,0.1208,0.031,0.031,0.4783,0.4185,0.2026,0.1379,0.031,0.031,0.4678,0.4819,0.1733,0.1331,0.031,0.031,0.5623,0.4404,0.2471,0.1257,0.031,0.031,0.5005,0.4209,0.2246,0.1392,0.031,0.031,0.4595,0.4619,0.2256,0.1282,0.031,0.031,0.3845,0.4619,0.2515,0.1416,0.031,0.031,0.5269,0.5806,0.2061,0.1282,0.031,0.031,0.6191,0.4199,0.2295,0.1392,0.031,0.031,0.3894,0.605,0.2275,0.1416,0.031,0.031,0.4561,0.3271,0.2246,0.1477,0.031,0.031,0.3357,0.4702,0.2373,0.1233,0.031,0.031,0.574,0.4473,0.2539,0.1477,0.031,0.031,0.522,0.5396,0.2197,0.2231,0.1465,0.031,0.031,0.4475,0.5425,0.2344,0.1367,0.031,0.031,0.4219,0.3926,0.2466,0.1294,0.031,0.031,0.3552,0.3926,0.252,0.1404,0.031,0.031,0.5261,0.3931,0.2202,0.1282,0.031,0.031
0.5803,0.3911,0.4521,0.249,0.1245,0.031,0.031,0.5088,0.3182,0.4883,0.2256,0.1428,0.031,0.031,0.5671,0.4385,0.1963,0.1428,0.031,0.031,0.3518,0.4072,0.1938,0.1416,0.031,0.031,0.5254,0.5146,0.2207,0.1306,0.031,0.031,0.5664,0.4536,0.2178,0.1416,0.031,0.031,0.4531,0.3667,0.2544,0.1282,0.031,0.031,0.3872,0.3926,0.2397,0.1392,0.031,0.031,0.4351,0.3774,0.2202,0.1233,0.031,0.031,0.4003,0.3936,0.2104,0.1465,0.031,0.031,0.4553,0.3979,0.249,0.1294,0.031,0.031,0.3567,0.4077,0.2544,0.144,0.031,0.031,0.4268,0.4111,0.2036,0.1208,0.031,0.031,0.4783,0.4185,0.2026,0.1379,0.031,0.031,0.4678,0.4819,0.1733,0.1331,0.031,0.031,0.5623,0.4404,0.2471,0.1257,0.031,0.031,0.5005,0.4209,0.2246,0.1392,0.031,0.031,0.4595,0.4619,0.2256,0.1282,0.031,0.031,0.3845,0.4619,0.2515,0.1416,0.031,0.031,0.5344,0.5806,0.2061,0.1282,0.031,0.031,0.6372,0.4199,0.2295,0.1392,0.031,0.031,0.3894,0.605,0.2275,0.1416,0.031,0.031,0.4561,0.3271,0.2246,0.1477,0.031,0.031,0.3357,0.4702,0.2373,0.1233,0.031,0.031,0.6025,0.4473,0.2539,0.1477,0.031,0.031,0.5269,0.5396,0.2197,0.2231,0.1465,0.031,0.031,0.4475,0.5425,0.2344,0.1379,0.031,0.031,0.4219,0.3926,0.2466,0.1294,0.031,0.031,0.3552,0.3926,0.252,0.1404,0.031,0.031,0.5261,0.3931,0.2202,0.1282,0.031,0.031
0.5803,0.3911,0.4521,0.249,0.1245,0.031,0.031,0.5088,0.3182,0.5361,0.2256,0.1428,0.031,0.031,0.5671,0.4385,0.1963,0.1428,0.031,0.031,0.3518,0.4072,0.1938,0.1416,0.031,0.031,0.5254,0.5146,0.2207,0.1379,0.031,0.031,0.5664,0.4536,0.2178,0.1416,0.031,0.031,0.4531,0.3667,0.2544,0.1379,0.031,0.031,0.3872,0.3926,0.2397,0.1392,0.031,0.031,0.4351,0.3774,0.2202,0.1233,0.031,0.031,0.4003,0.3936,0.2104,0.1465,0.031,0.031,0.4553,0.3979,0.249,0.1294,0.031,0.031,0.3567,0.4077,0.2568,0.144,0.031,0.031,0.4268,0.4111,0.2036,0.1208,0.031,0.031,0.4783,0.4185,0.2026,0.1379,0.031,0.031,0.4678,0.4819,0.1733,0.1331,0.031,0.031,0.5623,0.4404,0.2471,0.1257,0.031,0.031,0.5005,0.4209,0.2324,0.1392,0.031,0.031,0.4595,0.4619,0.2256,0.1282,0.031,0.031,0.3845,0.4619,0.2515,0.1453,0.031,0.031,0.5344,0.5806,0.2061,0.1282,0.031,0.031,0.6372,0.4199,0.2295,0.1404,0.031,0.031,0.3894,0.605,0.2324,0.1416,0.031,0.031,0.4561,0.3271,0.2246,0.1477,0.031,0.031,0.3357,0.4702,0.2373,0.1233,0.031,0.031,0.6025,0.4473,0.2539,0.1477,0.031,0.031,0.5269,0.5396,0.2197,0.2231,0.1465,0.031,0.031,0.4475,0.5425,0.2344,0.1392,0.031,0.031,0.4219,0.3926,0.2466,0.1294,0.031,0.031,0.3552,0.3926,0.252,0.1404,0.031,0.031,0.5269,0.4307,0.2275,0.1282,0.031,0.031
0.5803,0.3911,0.4521,0.249,0.1245,0.031,0.031,0.5227,0.3182,0.5361,0.2256,0.1428,0.031,0.031,0.5671,0.4951,0.1963,0.1428,0.031,0.031,0.3518,0.4072,0.1938,0.1416,0.031,0.031,0.5254,0.5146,0.2207,0.1392,0.031,0.031,0.5664,0.4536,0.2178,0.1416,0.031,0.031,0.4531,0.3667,0.2544,0.1379,0.031,0.031,0.3872,0.3926,0.2397,0.1392,0.031,0.031,0.4351,0.3774,0.2202,0.1233,0.031,0.031,0.4158,0.3936,0.2104,0.1477,0.031,0.031,0.4553,0.3979,0.249,0.1294,0.031,0.031,0.3567,0.4175,0.2568,0.144,0.031,0.031,0.4268,0.4111,0.2036,0.1208,0.031,0.031,0.4783,0.4185,0.2026,0.1379,0.031,0.031,0.4678,0.4819,0.1733,0.1331,0.031,0.031,0.5623,0.4404,0.2471,0.1257,0.031,0.031,0.5005,0.4209,0.2324,0.1392,0.031,0.031,0.4644,0.4619,0.2256,0.1282,0.031,0.031,0.3845,0.4619,0.2515,0.1453,0.031,0.031,0.5344,0.625,0.2227,0.1282,0.031,0.031,0.6372,0.4199,0.2295,0.1404,0.031,0.031,0.3894,0.605,0.2324,0.1416,0.031,0.031,0.4561,0.3506,0.2246,0.1477,0.031,0.031,0.3357,0.4702,0.2373,0.1245,0.031,0.031,0.6025,0.4473,0.2539,0.1477,0.031,0.031,0.5269,0.5396,0.2197,0.2231,0.1465,0.031,0.031,0.4475,0.5425,0.2344,0.1392,0.031,0.031,0.4219,0.3926,0.2466,0.1294,0.031,0.031,0.3804,0.4224,0.252,0.1404,0.031,0.031,0.5269,0.4307,0.2275,0.1282,0.031,0.031
0.5803,0.3911,0.4521,0.249,0.1245,0.031,0.031,0.5227,0.3182,0.5361,0.2256,0.1428,0.031,0.031,0.5671,0.4951,0.1978,0.1428,0.031,0.031,0.3518,0.4072,0.1938,0.1416,0.031,0.031,0.5254,0.5146,0.2207,0.1392,0.031,0.031,0.5664,0.4536,0.2178,0.1416,0.031,0.031,0.4531,0.3667,0.2544,0.1379,0.031,0.031,0.3872,0.3926,0.2397,0.1392,0.031,0.031,0.4351,0.3774,0.2202,0.1233,0.031,0.031,0.4158,0.3936,0.2104,0.1477,0.031,0.031,0.4553,0.3979,0.249,0.1294,0.031,0.031,0.3567,0.4175,0.2568,0.144,0.031,0.031,0.4268,0.4111,0.2036,0.1208,0.031,0.031,0.4783,0.4185,0.2026,0.1379,0.031,0.031,0.4678,0.4819,0.1733,0.1331,0.031,0.031,0.5623,0.4404,0.2471,0.1257,0.031,0.031,0.5005,0.4209,0.2324,0.1392,0.031,0.031,0.4644,0.4619,0.2256,0.1282,0.031,0.031,0.3845,0.4619,0.2515,0.1453,0.031,0.031,0.5344,0.625,0.2227,0.1282,0.031,0.031,0.6372,0.4199,0.2295,0.1404,0.031,0.031,0.3894,0.605,0.2324,0.1416,0.031,0.031,0.4561,0.3506,0.2246,0.1477,0.031,0.031,0.3357,0.4702,0.2373,0.1245,0.031,0.031,0.6025,0.4473,0.2539,0.1477,0.031,0.031,0.5269,0.5396,0.2197,0.2231,0.1465,0.031,0.031,0.4475,0.5425,0.2344,0.1416,0.031,0.031,0.4219,0.3926,0.2466,0.1294,0.031,0.031,0.3804,0.4819,0.252,0.1404,0.031,0.031,0.5269,0.4307,0.2275,0.1282,0.031,0.031
0.5803,0.3911,0.4521,0.249,0.1245,0.031,0.031,0.5227,0.3182,0.5361,0.2256,0.1428,0.031,0.031,0.5671,0.4951,0.1978,0.1428,0.031,0.031,0.3518,0.4072,0.1938,0.1416,0.031,0.031,0.5254,0.5146,0.2207,0.1392,0.031,0.031,0.5664,0.4536,0.2178,0.1416,0.031,0.031,0.4531,0.3667,0.2544,0.1379,0.031,0.031,0.3872,0.3926,0.2397,0.1392,0.031,0.031,0.4351,0.3774,0.2202,0.1233,0.031,0.031,0.4158,0.3936,0.2104,0.1477,0.031,0.031,0.4553,0.3979,0.249,0.1379,0.031,0.031,0.3567,0.4175,0.2568,0.144,0.031,0.031,0.4346,0.4243,0.2036,0.1208,0.031,0.031,0.4783,0.4185,0.2026,0.1392,0.031,0.031,0.4678,0.4819,0.1733,0.1331,0.031,0.031,0.5623,0.4404,0.2471,0.1257,0.031,0.031,0.5005,0.4209,0.2324,0.1392,0.031,0.031,0.4915,0.4619,0.2256,0.1282,0.031,0.031,0.3936,0.4619,0.2515,0.1453,0.031,0.031,0.5344,0.625,0.2227,0.1282,0.031,0.031,0.6372,0.4199,0.2295,0.1465,0.031,0.031,0.3936,0.605,0.2324,0.1416,0.031,0.031,0.4561,0.3506,0.2246,0.1477,0.031,0.031,0.3357,0.4702,0.2373,0.1245,0.031,0.031,0.6025,0.4473,0.2539,0.1477,0.031,0.031,0.5269,0.5396,0.2197,0.2231,0.1465,0.031,0.031,0.4475,0.5425,0.2344,0.1416,0.031,0.031,0.4219,0.3926,0.2466,0.1294,0.031,0.031,0.3804,0.4819,0.252,0.1404,0.031,0.031,0.5269,0.4307,0.2275,0.1282,0.031,0.031
0.5803,0.3911,0.4521,0.249,0.1245,0.031,0.031,0.5227,0.3182,0.5361,0.2256,0.144,0.031,0.031,0.5671,0.4951,0.1978,0.1428,0.031,0.031,0.3518,0.4072,0.1938,0.1416,0.031,0.031,0.5288,0.5146,0.2207,0.1392,0.031,0.031,0.5664,0.4536,0.2178,0.1416,0.031,0.031,0.4531,0.3667,0.2544,0.1379,0.031,0.031,0.3872,0.3926,0.2397,0.1392,0.031,0.031,0.4351,0.3774,0.2202,0.1233,0.031,0.031,0.4158,0.3936,0.2104,0.1477,0.031,0.031,0.4553,0.3979,0.249,0.1404,0.031,0.031,0.3567,0.4175,0.2568,0.144,0.031,0.031,0.4407,0.4243,0.2036,0.1208,0.031,0.031,0.4783,0.4185,0.2026,0.1404,0.031,0.031,0.4678,0.4819,0.1733,0.1331,0.031,0.031,0.5623,0.4404,0.2471,0.1257,0.031,0.031,0.5005,0.4326,0.2324,0.1392,0.031,0.031,0.4915,0.4619,0.2256,0.1282,0.031,0.031,0.3936,0.4619,0.2515,0.1453,0.031,0.031,0.5344,0.625,0.2227,0.1282,0.031,0.031,0.6372,0.4199,0.2295,0.1465,0.031,0.031,0.3936,0.605,0.2324,0.1416,0.031,0.031,0.4561,0.3506,0.2246,0.1477,0.031,0.031,0.3357,0.4702,0.2373,0.1245,0.031,0.031,0.6025,0.4473,0.2734,0.1489,0.031,0.031,0.5269,0.5396,0.2197,0.2231,0.1465,0.031,0.031,0.4475,0.5425,0.2344,0.1416,0.031,0.031,0.4219,0.3926,0.2466,0.1294,0.031,0.031,0.3804,0.4819,0.252,0.1404,0.031,0.031,0.5532,0.4307,0.2275,0.1282,0.031,0.031
0.5803,0.3911,0.4521,0.249,0.1245,0.031,0.031,0.5227,0.3182,0.5361,0.2256,0.144,0.031,0.031,0.5671,0.4951,0.1987,0.1428,0.031,0.031,0.3518,0.4072,0.1938,0.1453,0.031,0.031,0.5288,0.5146,0.2207,0.1392,0.031,0.031,0.5664,0.4536,0.2178,0.1416,0.031,0.031,0.4531,0.3667,0.2544,0.1379,0.031,0.031,0.3872,0.3926,0.2397,0.1392,0.031,0.031,0.4351,0.3774,0.2202,0.1233,0.031,0.031,0.4158,0.3936,0.2104,0.1477,0.031,0.031,0.4553,0.3979,0.249,0.1404,0.031,0.031,0.3567,0.4175,0.2568,0.144,0.031,0.031,0.4407,0.4243,0.2036,0.1208,0.031,0.031,0.4783,0.4185,0.2026,0.1404,0.031,0.031,0.4678,0.4819,0.1733,0.1331,0.031,0.031,0.5623,0.4404,0.2471,0.1257,0.031,0.031,0.5005,0.4458,0.2324,0.1392,0.031,0.031,0.4915,0.4619,0.2256,0.1282,0.031,0.031,0.3936,0.4619,0.2515,0.1453,0.031,0.031,0.54,0.625,0.2227,0.1282,0.031,0.031,0.6372,0.4243,0.2295,0.1465,0.031,0.031,0.3936,0.605,0.2324,0.1453,0.031,0.031,0.4561,0.3506,0.2246,0.1477,0.031,0.031,0.3357,0.4702,0.2373,0.1367,0.031,0.031,0.6025,0.4473,0.2734,0.1489,0.031,0.031,0.5269,0.5396,0.2197,0.2231,0.1465,0.031,0.031,0.4475,0.5425,0.2344,0.1416,0.031,0.031,0.4219,0.3926,0.2466,0.1294,0.031,0.031,0.3804,0.4819,0.252,0.1404,0.031,0.031,0.5532,0.4307,0.2275,0.1282,0.031,0.031
0.5803,0.3911,0.4521,0.249,0.1245,0.031,0.031,0.5227,0.3182,0.5361,0.2256,0.144,0.031,0.031,0.5671,0.4951,0.1987,0.1428,0.031,0.031,0.3518,0.4072,0.1938,0.1453,0.031,0.031,0.5288,0.5146,0.2207,0.1392,0.031,0.031,0.5664,0.4536,0.2178,0.1416,0.031,0.031,0.4531,0.3667,0.2544,0.1379,0.031,0.031,0.3872,0.4077,0.2397,0.1392,0.031,0.031,0.4351,0.3774,0.2349,0.1233,0.031,0.031,0.4158,0.3936,0.2104,0.1477,0.031,0.031,0.4553,0.3979,0.249,0.1404,0.031,0.031,0.3567,0.4175,0.2568,0.144,0.031,0.031,0.4429,0.4551,0.2036,0.1221,0.031,0.031,0.4783,0.4185,0.2026,0.1404,0.031,0.031,0.4678,0.4819,0.1733,0.1331,0.031,0.031,0.5623,0.4404,0.2471,0.1257,0.031,0.031,0.5005,0.4458,0.2324,0.1392,0.031,0.031,0.4915,0.4619,0.249,0.1282,0.031,0.031,0.3936,0.4619,0.2515,0.1453,0.031,0.031,0.54,0.625,0.2227,0.1282,0.031,0.031,0.6372,0.4263,0.2295,0.1465,0.031,0.031,0.3936,0.605,0.2324,0.1453,0.031,0.031,0.4561,0.3506,0.2246,0.1477,0.031,0.031,0.3357,0.4702,0.2373,0.1367,0.031,0.031,0.6025,0.4473,0.2734,0.1489,0.031,0.031,0.5269,0.5396,0.2197,0.2231,0.1465,0.031,0.031,0.4475,0.5425,0.2344,0.1416,0.031,0.031,0.4219,0.3926,0.2466,0.1294,0.031,0.031,0.3804,0.4819,0.252,0.1404,0.031,0.031,0.5532,0.4307,0.2275,0.1294,0.031,0.031
0.5803,0.3911,0.4521,0.249,0.1245,0.031,0.031,0.5227,0.3182,0.5493,0.2256,0.144,0.031,0.031,0.5671,0.4951,0.2129,0.1428,0.031,0.031,0.3518,0.4072,0.1938,0.1453,0.031,0.031,0.5288,0.5146,0.2231,0.1392,0.031,0.031,0.5664,0.4536,0.2178,0.1416,0.031,0.031,0.4531,0.3667,0.2544,0.1379,0.031,0.031,0.3872,0.4077,0.2397,0.1392,0.031,0.031,0.4448,0.3774,0.2349,0.1233,0.031,0.031,0.4158,0.3936,0.2104,0.1477,0.031,0.031,0.4553,0.3979,0.249,0.1404,0.031,0.031,0.3567,0.4175,0.2568,0.144,0.031,0.031,0.4429,0.4551,0.2036,0.1221,0.031,0.031,0.4783,0.4185,0.2026,0.1404,0.031,0.031,0.4678,0.4819,0.1733,0.1331,0.031,0.031,0.5623,0.4404,0.2471,0.1257,0.031,0.031,0.5005,0.4458,0.2324,0.1392,0.031,0.031,0.4915,0.4619,0.249,0.1282,0.031,0.031,0.3936,0.4619,0.2515,0.1453,0.031,0.031,0.54,0.625,0.2227,0.1282,0.031,0.031,0.6372,0.4263,0.2295,0.1465,0.031,0.031,0.3936,0.605,0.2324,0.1453,0.031,0.031,0.4561,0.3506,0.2246,0.1477,0.031,0.031,0.3357,0.4702,0.2373,0.1367,0.031,0.031,0.6025,0.4473,0.2734,0.1489,0.031,0.031,0.5269,0.5396,0.2197,0.2231,0.1465,0.031,0.031,0.4475,0.5425,0.2344,0.1416,0.031,0.031,0.4219,0.3926,0.2466,0.1294,0.031,0.031,0.3804,0.4819,0.252,0.1404,0.031,0.031,0.5532,0.4307,0.2275,0.1294,0.031,0.031
0.5803,0.3911,0.4561,0.249,0.1245,0.031,0.031,0.5227,0.3182,0.5493,0.2256,0.144,0.031,0.031,0.5671,0.4951,0.2129,0.1428,0.031,0.031,0.3518,0.4072,0.1938,0.1453,0.031,0.031,0.5288,0.5146,0.2231,0.1404,0.031,0.031,0.5664,0.4536,0.2178,0.1416,0.031,0.031,0.4531,0.3667,0.2568,0.1379,0.031,0.031,0.3872,0.4077,0.2397,0.1392,0.031,0.031,0.4448,0.3774,0.2349,0.1233,0.031,0.031,0.4158,0.3936,0.2153,0.1477,0.031,0.031,0.4602,0.3979,0.249,0.1404,0.031,0.031,0.3567,0.4175,0.2568,0.144,0.031,0.031,0.4429,0.4551,0.2036,0.1221,0.031,0.031,0.4783,0.4185,0.2026,0.1404,0.031,0.031,0.4678,0.4819,0.1733,0.1331,0.031,0.031,0.5623,0.4404,0.2471,0.1257,0.031,0.031,0.5005,0.4458,0.2324,0.1392,0.031,0.031,0.4915,0.4619,0.249,0.1282,0.031,0.031,0.3936,0.4619,0.2515,0.1453,0.031,0.031,0.54,0.625,0.2227,0.1282,0.031,0.031,0.6372,0.4263,0.2295,0.1465,0.031,0.031,0.3936,0.605,0.2324,0.1453,0.031,0.031,0.4561,0.3506,0.2246,0.1477,0.031,0.031,0.3357,0.4702,0.2373,0.1367,0.031,0.031,0.6025,0.4473,0.2734,0.1489,0.031,0.031,0.5269,0.5396,0.2197,0.2231,0.1465,0.031,0.031,0.4475,0.5425,0.2422,0.1416,0.031,0.031,0.4219,0.3926,0.2466,0.1294,0.031,0.031,0.3804,0.4819,0.252,0.1404,0.031,0.031,0.5532,0.4307,0.2275,0.1294,0.031,0.031
0.5803,0.3911,0.4561,0.249,0.1245,0.031,0.031,0.5227,0.3182,0.5493,0.2256,0.1453,0.031,0.031,0.5679,0.4951,0.2129,0.1428,0.031,0.031,0.3518,0.4072,0.1938,0.1453,0.031,0.031,0.5288,0.5146,0.2231,0.1404,0.031,0.031,0.5664,0.4536,0.2178,0.1416,0.031,0.031,0.4719,0.3862,0.2568,0.1379,0.031,0.031,0.3872,0.4077,0.2397,0.1392,0.031,0.031,0.4448,0.3774,0.2349,0.1233,0.031,0.031,0.4158,0.4141,0.2153,0.1477,0.031,0.031,0.4602,0.3979,0.249,0.1428,0.031,0.031,0.3567,0.4175,0.2568,0.144,0.031,0.031,0.4429,0.4551,0.2036,0.1221,0.031,0.031,0.4783,0.4185,0.2026,0.1404,0.031,0.031,0.4678,0.4819,0.1733,0.1331,0.031,0.031,0.5623,0.4404,0.2471,0.1257,0.031,0.031,0.5005,0.4458,0.2324,0.1392,0.031,0.031,0.4915,0.4619,0.249,0.1282,0.031,0.031,0.3936,0.4619,0.2515,0.1453,0.031,0.031,0.54,0.625,0.2227,0.1282,0.031,0.031,0.6372,0.4263,0.2295,0.1465,0.031,0.031,0.3936,0.605,0.2324,0.1453,0.031,0.031,0.4561,0.3506,0.2246,0.1477,0.031,0.031,0.3357,0.4702,0.2373,0.1367,0.031,0.031,0.6025,0.4473,0.2734,0.1489,0.031,0.031,0.5269,0.5396,0.2197,0.2231,0.1465,0.031,0.031,0.4475,0.5425,0.2422,0.1428,0.031,0.031,0.4219,0.3926,0.2466,0.1294,0.031,0.031,0.3804,0.5146,0.252,0.1404,0.031,0.031,0.5532,0.4307,0.2275,0.1294,0.031,0.031
0.5845,0.3911,0.4561,0.249,0.1245,0.031,0.031,0.5227,0.3182,0.5493,0.2256,0.1453,0.031,0.031,0.5679,0.4951,0.2129,0.1428,0.031,0.031,0.3518,0.4072,0.1938,0.1453,0.031,0.031,0.5288,0.5146,0.2231,0.1404,0.031,0.031,0.5664,0.4536,0.2178,0.1416,0.031,0.031,0.4719,0.3862,0.2568,0.1379,0.031,0.031,0.3872,0.4077,0.2397,0.1392,0.031,0.031,0.4448,0.3774,0.2349,0.1233,0.031,0.031,0.4158,0.4141,0.2153,0.1477,0.031,0.031,0.4602,0.3979,0.249,0.1428,0.031,0.031,0.3567,0.4175,0.2568,0.144,0.031,0.031,0.4429,0.4551,0.2036,0.1221,0.031,0.031,0.4783,0.4185,0.2026,0.1404,0.031,0.031,0.4678,0.4819,0.1733,0.1331,0.031,0.031,0.5623,0.4404,0.2471,0.1257,0.031,0.031,0.5005,0.4458,0.2324,0.1392,0.031,0.031,0.4915,0.5049,0.249,0.1282,0.031,0.031,0.3936,0.4619,0.2515,0.1453,0.031,0.031,0.54,0.625,0.2227,0.1282,0.031,0.031,0.6372,0.4263,0.2295,0.1465,0.031,0.031,0.3936,0.605,0.2324,0.1453,0.031,0.031,0.4561,0.3506,0.2246,0.1477,0.031,0.031,0.3357,0.4702,0.2373,0.1367,0.031,0.031,0.6025,0.4473,0.2734,0.1489,0.031,0.031,0.5269,0.5396,0.2197,0.2231,0.1465,0.031,0.031,0.4475,0.5425,0.2422,0.1428,0.031,0.031,0.4219,0.3926,0.2466,0.1294,0.031,0.031,0.3804,0.5146,0.252,0.1404,0.031,0.031,0.5532,0.4307,0.2275,0.1294,0.031,0.031
0.5845,0.3911,0.4561,0.249,0.1245,0.031,0.031,0.5227,0.3182,0.5493,0.2256,0.1453,0.031,0.031,0.5679,0.4951,0.2129,0.1428,0.031,0.031,0.3518,0.4072,0.1938,0.1453,0.031,0.031,0.5288,0.5146,0.2231,0.1404,0.031,0.031,0.5664,0.4536,0.2178,0.1416,0.031,0.031,0.4719,0.3862,0.2568,0.1379,0.031,0.031,0.3872,0.4077,0.2397,0.1392,0.031,0.031,0.4448,0.3774,0.2349,0.1233,0.031,0.031,0.4158,0.4141,0.2153,0.1477,0.031,0.031,0.4602,0.3979,0.249,0.1428,0.031,0.031,0.3567,0.4175,0.2568,0.144,0.031,0.031,0.4429,0.4551,0.2036,0.1221,0.031,0.031,0.4783,0.4185,0.2026,0.1404,0.031,0.031,0.4678,0.4819,0.1733,0.1331,0.031,0.031,0.5623,0.4404,0.2563,0.1257,0.031,0.031,0.5005,0.4458,0.2324,0.1392,0.031,0.031,0.4915,0.5049,0.249,0.1282,0.031,0.031,0.3936,0.4619,0.2515,0.1453,0.031,0.031,0.5408,0.625,0.2227,0.1282,0.031,0.031,0.6372,0.4492,0.2295,0.1465,0.031,0.031,0.3936,0.605,0.2324,0.1453,0.031,0.031,0.4561,0.3506,0.2246,0.1477,0.031,0.031,0.3357,0.4702,0.2373,0.1367,0.031,0.031,0.6025,0.4473,0.2734,0.1489,0.031,0.031,0.5269,0.5396,0.2197,0.2231,0.1465,0.031,0.031,0.4475,0.5474,0.2422,0.1428,0.031,0.031,0.4219,0.3926,0.2466,0.1294,0.031,0.031,0.3804,0.5146,0.252,0.1404,0.031,0.031,0.5532,0.4307,0.2275,0.1294,0.031,0.031
0.5845,0.3911,0.4561,0.249,0.1245,0.031,0.031,0.5227,0.3182,0.5493,0.2256,0.1453,0.031,0.031,0.5679,0.4951,0.2129,0.1428,0.031,0.031,0.3518,0.4072,0.1938,0.1453,0.031,0.031,0.5288,0.5146,0.2231,0.1404,0.031,0.031,0.5664,0.4536,0.2178,0.1416,0.031,0.031,0.4719,0.3862,0.2568,0.1379,0.031,0.031,0.3872,0.4077,0.2397,0.1392,0.031,0.031,0.4448,0.3994,0.2349,0.1233,0.031,0.031,0.4158,0.4141,0.2153,0.1477,0.031,0.031,0.4602,0.3979,0.249,0.1428,0.031,0.031,0.3567,0.4175,0.2568,0.144,0.031,0.031,0.4429,0.4551,0.2036,0.1221,0.031,0.031,0.4783,0.4185,0.2026,0.1404,0.031,0.031,0.4678,0.4819,0.1733,0.1331,0.031,0.031,0.5623,0.4404,0.2563,0.1257,0.031,0.031,0.5005,0.4458,0.2324,0.1392,0.031,0.031,0.4915,0.5049,0.249,0.1282,0.031,0.031,0.3936,0.4619,0.2515,0.1453,0.031,0.031,0.5408,0.625,0.2227,0.1282,0.031,0.031,0.6372,0.4492,0.2295,0.1465,0.031,0.031,0.3936,0.605,0.2324,0.1453,0.031,0.031,0.4561,0.3506,0.2246,0.1477,0.031,0.031,0.3357,0.4702,0.2373,0.1367,0.031,0.031,0.6025,0.4473,0.2734,0.1489,0.031,0.031,0.5269,0.5396,0.2197,0.2231,0.1465,0.031,0.031,0.4475,0.5474,0.2422,0.1428,0.031,0.031,0.4219,0.3926,0.2466,0.1428,0.031,0.031,0.3804,0.5146,0.252,0.1404,0.031,0.031,0.5532,0.4307,0.2275,0.1294,0.031,0.031
0.5845,0.3911,0.4561,0.249,0.1245,0.031,0.031,0.5227,0.3182,0.5493,0.2256,0.1453,0.031,0.031,0.5679,0.4951,0.2129,0.1428,0.031,0.031,0.3518,0.4072,0.1938,0.1453,0.031,0.031,0.5288,0.5146,0.2231,0.1404,0.031,0.031,0.5664,0.4536,0.2178,0.1416,0.031,0.031,0.4719,0.3862,0.2568,0.1379,0.031,0.031,0.3872,0.4077,0.2397,0.1392,0.031,0.031,0.4448,0.3994,0.2349,0.1233,0.031,0.031,0.4158,0.4141,0.2153,0.1477,0.031,0.031,0.4602,0.3979,0.249,0.1428,0.031,0.031,0.3567,0.4175,0.2568,0.1465,0.031,0.031,0.4429,0.4551,0.2202,0.1221,0.031,0.031,0.4783,0.4185,0.2026,0.1477,0.031,0.031,0.4678,0.4819,0.1733,0.1331,0.031,0.031,0.5623,0.4404,0.2563,0.1257,0.031,0.031,0.5005,0.4458,0.2324,0.1392,0.031,0.031,0.4915,0.5049,0.249,0.1282,0.031,0.031,0.4026,0.4619,0.2515,0.1453,0.031,0.031,0.5408,0.625,0.2227,0.1282,0.031,0.031,0.6372,0.4492,0.2393,0.1465,0.031,0.031,0.3936,0.605,0.2324,0.1453,0.031,0.031,0.4561,0.3506,0.2251,0.1477,0.031,0.031,0.3357,0.4702,0.2373,0.1367,0.031,0.031,0.6025,0.4473,0.2734,0.1489,0.031,0.031,0.5269,0.5396,0.2197,0.2231,0.1465,0.031,0.031,0.4475,0.5474,0.2422,0.1428,0.031,0.031,0.4219,0.3926,0.2466,0.1428,0.031,0.031,0.3804,0.5146,0.252,0.1404,0.031,0.031,0.5532,0.4307,0.2275,0.1294,0.031,0.031
0.5935,0.3911,0.4854,0.249,0.1245,0.031,0.031,0.5227,0.3182,0.5493,0.2256,0.1465,0.031,0.031,0.5679,0.4995,0.2129,0.1428,0.031,0.031,0.3518,0.4072,0.1938,0.1453,0.031,0.031,0.5288,0.5146,0.2231,0.1404,0.031,0.031,0.5664,0.4536,0.2178,0.1416,0.031,0.031,0.4719,0.3862,0.2593,0.1379,0.031,0.031,0.3872,0.4458,0.2397,0.1392,0.031,0.031,0.4448,0.4819,0.2349,0.1233,0.031,0.031,0.4158,0.4141,0.2153,0.1477,0.031,0.031,0.4602,0.3979,0.249,0.1428,0.031,0.031,0.3567,0.4175,0.2568,0.1465,0.031,0.031,0.4448,0.4551,0.2202,0.1221,0.031,0.031,0.4783,0.4185,0.2026,0.1477,0.031,0.031,0.4678,0.4819,0.1733,0.1331,0.031,0.031,0.5623,0.4404,0.2563,0.1257,0.031,0.031,0.5005,0.4521,0.2324,0.1392,0.031,0.031,0.4915,0.5049,0.249,0.1282,0.031,0.031,0.4026,0.4619,0.2515,0.1453,0.031,0.031,0.5408,0.625,0.2227,0.1282,0.031,0.031,0.6372,0.4492,0.2393,0.1465,0.031,0.031,0.4026,0.605,0.2324,0.1453,0.031,0.031,0.4561,0.3506,0.23,0.1477,0.031,0.031,0.3357,0.4702,0.2373,0.1428,0.031,0.031,0.6025,0.4473,0.2734,0.1489,0.031,0.031,0.5269,0.5396,0.2197,0.2231,0.1465,0.031,0.031,0.4475,0.5474,0.2471,0.1428,0.031,0.031,0.4219,0.3926,0.2466,0.1428,0.031,0.031,0.3804,0.5146,0.252,0.1404,0.031,0.031,0.5532,0.4307,0.2275,0.1294,0.031,0.031
0.5935,0.3911,0.4854,0.249,0.1245,0.031,0.031,0.5269,0.3182,0.5493,0.2256,0.1465,0.031,0.031,0.5679,0.4995,0.2129,0.1465,0.031,0.031,0.3533,0.4072,0.1938,0.1453,0.031,0.031,0.5288,0.5146,0.2231,0.1404,0.031,0.031,0.5664,0.4536,0.2178,0.1416,0.031,0.031,0.4719,0.3862,0.2593,0.1379,0.031,0.031,0.3872,0.4458,0.2397,0.1428,0.031,0.031,0.4448,0.4819,0.2349,0.1233,0.031,0.031,0.4158,0.4141,0.2153,0.1477,0.031,0.031,0.4602,0.4058,0.249,0.1428,0.031,0.031,0.3567,0.4175,0.2568,0.1465,0.031,0.031,0.4448,0.4551,0.2202,0.1221,0.031,0.031,0.4783,0.4185,0.2026,0.1477,0.031,0.031,0.4678,0.4819,0.1733,0.1331,0.031,0.031,0.5623,0.4404,0.2637,0.1257,0.031,0.031,0.5005,0.4521,0.2324,0.1416,0.031,0.031,0.4915,0.5049,0.249,0.1282,0.031,0.031,0.4026,0.4619,0.2515,0.1465,0.031,0.031,0.5408,0.625,0.2227,0.1282,0.031,0.031,0.6372,0.4492,0.2393,0.1465,0.031,0.031,0.4026,0.605,0.2324,0.1453,0.031,0.031,0.4561,0.3506,0.23,0.1477,0.031,0.031,0.3357,0.4702,0.2373,0.1428,0.031,0.031,0.6025,0.4473,0.2734,0.1489,0.031,0.031,0.5269,0.5396,0.2197,0.2231,0.1465,0.031,0.031,0.4475,0.5474,0.2471,0.1428,0.031,0.031,0.4219,0.3926,0.2466,0.1428,0.031,0.031,0.3804,0.5146,0.252,0.1404,0.031,0.031,0.5532,0.4307,0.2275,0.1294,0.031,0.031
0.5935,0.4092,0.4854,0.249,0.1245,0.031,0.031,0.5269,0.3182,0.5493,0.2256,0.1465,0.031,0.031,0.5679,0.4995,0.2129,0.1465,0.031,0.031,0.3533,0.4072,0.1938,0.1453,0.031,0.031,0.5288,0.5278,0.2231,0.1404,0.031,0.031,0.5664,0.4536,0.2178,0.1416,0.031,0.031,0.4719,0.3862,0.2593,0.1379,0.031,0.031,0.3872,0.4458,0.2397,0.1453,0.031,0.031,0.4448,0.4819,0.2349,0.1233,0.031,0.031,0.4158,0.4141,0.2153,0.1477,0.031,0.031,0.4602,0.4058,0.249,0.1428,0.031,0.031,0.3567,0.4175,0.2568,0.1465,0.031,0.031,0.4602,0.4551,0.2202,0.1221,0.031,0.031,0.4783,0.4185,0.2026,0.1501,0.031,0.031,0.4678,0.4819,0.1733,0.1331,0.031,0.031,0.5623,0.4404,0.2637,0.1257,0.031,0.031,0.5005,0.4521,0.2324,0.1416,0.031,0.031,0.4915,0.5049,0.249,0.1282,0.031,0.031,0.4158,0.4619,0.2515,0.1465,0.031,0.031,0.5408,0.625,0.2227,0.1282,0.031,0.031,0.6372,0.4492,0.2393,0.1465,0.031,0.031,0.4026,0.605,0.2324,0.1453,0.031,0.031,0.4561,0.3506,0.2373,0.1477,0.031,0.031,0.3357,0.4702,0.2373,0.1428,0.031,0.031,0.6025,0.4473,0.2734,0.1489,0.031,0.031,0.5269,0.5396,0.2197,0.2231,0.1465,0.031,0.031,0.4475,0.5474,0.2471,0.1428,0.031,0.031,0.4219,0.3926,0.2466,0.1428,0.031,0.031,0.3804,0.5146,0.252,0.1404,0.031,0.031,0.5581,0.4307,0.2275,0.1294,0.031,0.031
0.5935,0.4092,0.4854,0.249,0.1245,0.031,0.031,0.5269,0.3182,0.5493,0.2256,0.1465,0.031,0.031,0.5679,0.4995,0.2178,0.1465,0.031,0.031,0.3533,0.4072,0.1938,0.1453,0.031,0.031,0.5288,0.5278,0.2231,0.1501,0.031,0.031,0.5664,0.4536,0.2178,0.1416,0.031,0.031,0.4719,0.3862,0.2734,0.1379,0.031,0.031,0.3872,0.4458,0.2397,0.1453,0.031,0.031,0.4448,0.4819,0.2349,0.1233,0.031,0.031,0.4158,0.4141,0.2153,0.1477,0.031,0.031,0.4602,0.4058,0.249,0.1428,0.031,0.031,0.3567,0.4175,0.2568,0.1465,0.031,0.031,0.4602,0.4551,0.2202,0.1221,0.031,0.031,0.4783,0.4185,0.2026,0.1501,0.031,0.031,0.4678,0.4819,0.1733,0.1331,0.031,0.031,0.5623,0.4404,0.2637,0.1257,0.031,0.031,0.5005,0.4521,0.2324,0.1416,0.031,0.031,0.4915,0.5049,0.249,0.1282,0.031,0.031,0.4158,0.4619,0.2515,0.1465,0.031,0.031,0.5408,0.625,0.2227,0.1282,0.031,0.031,0.6372,0.4492,0.2393,0.1465,0.031,0.031,0.4026,0.605,0.2324,0.1453,0.031,0.031,0.4561,0.3506,0.2373,0.1477,0.031,0.031,0.3357,0.4702,0.2373,0.1428,0.031,0.031,0.6025,0.4473,0.2734,0.1489,0.031,0.031,0.5269,0.5396,0.2197,0.2231,0.1465,0.031,0.031,0.4475,0.564,0.2471,0.1428,0.031,0.031,0.4219,0.3926,0.2466,0.1428,0.031,0.031,0.3804,0.5146,0.252,0.1404,0.031,0.031,0.5581,0.4307,0.2275,0.1294,0.031,0.031
0.6067,0.4092,0.4854,0.249,0.1245,0.031,0.031,0.5269,0.3182,0.5493,0.2256,0.1465,0.031,0.031,0.5679,0.4995,0.2178,0.1465,0.031,0.031,0.3533,0.4072,0.1938,0.1477,0.031,0.031,0.5288,0.5278,0.2231,0.1501,0.031,0.031,0.5664,0.4536,0.2178,0.1416,0.031,0.031,0.4719,0.3862,0.2783,0.1379,0.031,0.031,0.3872,0.4458,0.2397,0.1453,0.031,0.031,0.4448,0.4819,0.2349,0.1233,0.031,0.031,0.4158,0.4141,0.2153,0.1477,0.031,0.031,0.4602,0.4058,0.249,0.1428,0.031,0.031,0.3567,0.4175,0.2568,0.1465,0.031,0.031,0.5095,0.4551,0.2202,0.1221,0.031,0.031,0.4783,0.4185,0.2026,0.1501,0.031,0.031,0.4678,0.4819,0.1748,0.1331,0.031,0.031,0.5623,0.4404,0.2637,0.1257,0.031,0.031,0.5005,0.459,0.2324,0.1416,0.031,0.031,0.4915,0.5049,0.249,0.1282,0.031,0.031,0.4158,0.4619,0.2515,0.1465,0.031,0.031,0.5408,0.6265,0.2227,0.1282,0.031,0.031,0.6372,0.4492,0.2393,0.1465,0.031,0.031,0.4026,0.605,0.2324,0.1453,0.031,0.031,0.4561,0.3506,0.2471,0.1477,0.031,0.031,0.3357,0.4702,0.2373,0.1428,0.031,0.031,0.6025,0.4473,0.2734,0.1489,0.031,0.031,0.5269,0.5396,0.2197,0.2231,0.1465,0.031,0.031,0.4475,0.582,0.2471,0.144,0.031,0.031,0.4219,0.3926,0.2466,0.1428,0.031,0.031,0.3921,0.5229,0.252,0.1404,0.031,0.031,0.5581,0.4307,0.2275,0.1294,0.031,0.031
0.6067,0.4092,0.4854,0.249,0.1245,0.031,0.031,0.5269,0.3182,0.5493,0.2256,0.1465,0.031,0.031,0.5679,0.4995,0.2178,0.1465,0.031,0.031,0.3533,0.4072,0.1938,0.1477,0.031,0.031,0.5288,0.5278,0.2231,0.1501,0.031,0.031,0.5664,0.4536,0.2178,0.1416,0.031,0.031,0.4719,0.3862,0.2783,0.1379,0.031,0.031,0.3872,0.4458,0.2397,0.1453,0.031,0.031,0.4448,0.4819,0.2349,0.1233,0.031,0.031,0.4158,0.4141,0.2153,0.1477,0.031,0.031,0.4602,0.4058,0.249,0.1428,0.031,0.031,0.3567,0.4175,0.2568,0.1465,0.031,0.031,0.5095,0.4551,0.2202,0.1221,0.031,0.031,0.4783,0.4185,0.2026,0.1501,0.031,0.031,0.4678,0.4819,0.1748,0.1331,0.031,0.031,0.5623,0.4404,0.2637,0.1257,0.031,0.031,0.5005,0.459,0.2324,0.1416,0.031,0.031,0.4915,0.5049,0.249,0.1282,0.031,0.031,0.4158,0.4668,0.2515,0.1465,0.031,0.031,0.5408,0.6265,0.2227,0.1282,0.031,0.031,0.6372,0.4492,0.2393,0.1465,0.031,0.031,0.4026,0.605,0.2324,0.1453,0.031,0.031,0.4561,0.3506,0.2471,0.1477,0.031,0.031,0.3357,0.4702,0.2373,0.1428,0.031,0.031,0.6025,0.4473,0.2734,0.1489,0.031,0.031,0.5269,0.5396,0.2197,0.2231,0.1477,0.031,0.031,0.4475,0.582,0.2471,0.144,0.031,0.031,0.4219,0.3926,0.2466,0.1428,0.031,0.031,0.3921,0.5229,0.252,0.1404,0.031,0.031,0.5581,0.4307,0.2275,0.1294,0.031,0.031
0.6067,0.4092,0.4854,0.249,0.1245,0.031,0.031,0.5269,0.3182,0.5493,0.2256,0.1465,0.031,0.031,0.5679,0.4995,0.2178,0.1465,0.031,0.031,0.3533,0.4072,0.1938,0.1477,0.031,0.031,0.5288,0.5278,0.2231,0.1501,0.031,0.031,0.5664,0.4536,0.2178,0.1416,0.031,0.031,0.4719,0.3862,0.2783,0.1379,0.031,0.031,0.3872,0.4458,0.2397,0.1465,0.031,0.031,0.4448,0.4819,0.2349,0.1233,0.031,0.031,0.4158,0.4141,0.2153,0.1477,0.031,0.031,0.4602,0.4058,0.249,0.1428,0.031,0.031,0.3567,0.4175,0.2568,0.1465,0.031,0.031,0.5095,0.4551,0.2202,0.1221,0.031,0.031,0.4783,0.4185,0.2026,0.1501,0.031,0.031,0.4678,0.4819,0.1807,0.1379,0.031,0.031,0.5623,0.4404,0.2637,0.1257,0.031,0.031,0.5005,0.459,0.2324,0.1416,0.031,0.031,0.4915,0.5049,0.249,0.1282,0.031,0.031,0.4158,0.4668,0.2515,0.1465,0.031,0.031,0.5442,0.6265,0.2227,0.1282,0.031,0.031,0.6372,0.4492,0.2393,0.1465,0.031,0.031,0.4026,0.605,0.2324,0.1453,0.031,0.031,0.4561,0.3506,0.2471,0.1477,0.031,0.031,0.3357,0.4702,0.2373,0.1428,0.031,0.031,0.6025,0.4473,0.2734,0.1489,0.031,0.031,0.5269,0.5396,0.2197,0.2231,0.1477,0.031,0.031,0.4475,0.582,0.2471,0.144,0.031,0.031,0.4219,0.3926,0.2466,0.1428,0.031,0.031,0.3921,0.5229,0.252,0.1404,0.031,0.031,0.5581,0.4307,0.2275,0.1294,0.031,0.031
0.6067,0.4092,0.4854,0.249,0.1245,0.031,0.031,0.5269,0.3182,0.5493,0.2256,0.1465,0.031,0.031,0.5679,0.4995,0.2178,0.1477,0.031,0.031,0.3533,0.4072,0.1938,0.1477,0.031,0.031,0.5288,0.5278,0.2231,0.1501,0.031,0.031,0.5664,0.4536,0.228,0.1416,0.031,0.031,0.4719,0.3862,0.2783,0.1379,0.031,0.031,0.3872,0.4458,0.2397,0.1465,0.031,0.031,0.4448,0.4819,0.2349,0.1245,0.031,0.031,0.4158,0.4141,0.2153,0.1477,0.031,0.031,0.4602,0.4058,0.249,0.1428,0.031,0.031,0.3567,0.4175,0.2568,0.1465,0.031,0.031,0.5095,0.4551,0.2202,0.1221,0.031,0.031,0.4783,0.4185,0.2026,0.1501,0.031,0.031,0.4678,0.4819,0.1807,0.1379,0.031,0.031,0.5623,0.4404,0.2637,0.1257,0.031,0.031,0.5005,0.459,0.2324,0.1416,0.031,0.031,0.4915,0.5049,0.249,0.1282,0.031,0.031,0.4158,0.4668,0.2515,0.1465,0.031,0.031,0.5442,0.6265,0.2466,0.1282,0.031,0.031,0.6372,0.4492,0.2393,0.1465,0.031,0.031,0.4026,0.605,0.2324,0.1453,0.031,0.031,0.4561,0.3506,0.2471,0.1477,0.031,0.031,0.3357,0.4702,0.2373,0.1428,0.031,0.031,0.6025,0.4473,0.2734,0.1489,0.031,0.031,0.5303,0.5396,0.2197,0.2231,0.1477,0.031,0.031,0.4475,0.582,0.2471,0.144,0.031,0.031,0.4219,0.3926,0.2466,0.1428,0.031,0.031,0.3921,0.5229,0.252,0.1404,0.031,0.031,0.5581,0.4307,0.2275,0.1294,0.031,0.031
0.6067,0.4092,0.4854,0.249,0.1245,0.031,0.031,0.5269,0.3182,0.5493,0.2256,0.1465,0.031,0.031,0.5679,0.5029,0.2178,0.1477,0.031,0.031,0.3533,0.4072,0.1938,0.1477,0.031,0.031,0.5288,0.5278,0.2231,0.1501,0.031,0.031,0.5664,0.4536,0.228,0.1416,0.031,0.031,0.4719,0.3862,0.2783,0.1379,0.031,0.031,0.3906,0.4458,0.2397,0.1465,0.031,0.031,0.4448,0.4819,0.2349,0.1245,0.031,0.031,0.4158,0.4141,0.2153,0.1477,0.031,0.031,0.4602,0.4058,0.249,0.1428,0.031,0.031,0.3567,0.4175,0.2568,0.1465,0.031,0.031,0.5095,0.4551,0.2202,0.1221,0.031,0.031,0.4783,0.4185,0.2026,0.1501,0.031,0.031,0.4678,0.4819,0.1807,0.1379,0.031,0.031,0.5623,0.4404,0.2637,0.1257,0.031,0.031,0.5005,0.459,0.2324,0.1416,0.031,0.031,0.4915,0.5049,0.2515,0.1282,0.031,0.031,0.4158,0.4668,0.2515,0.1465,0.031,0.031,0.5442,0.6265,0.2466,0.1282,0.031,0.031,0.6372,0.4492,0.2393,0.1465,0.031,0.031,0.4026,0.605,0.2324,0.1453,0.031,0.031,0.4561,0.3506,0.2471,0.1477,0.031,0.031,0.3357,0.4702,0.2373,0.1428,0.031,0.031,0.6025,0.4473,0.2734,0.1489,0.031,0.031,0.5303,0.5396,0.2197,0.2231,0.1477,0.031,0.031,0.4475,0.582,0.2471,0.144,0.031,0.031,0.4219,0.3926,0.2466,0.1428,0.031,0.031,0.3921,0.5229,0.252,0.1404,0.031,0.031,0.5581,0.4307,0.2275,0.1294,0.031,0.031
0.6067,0.4092,0.4854,0.249,0.1245,0.031,0.031,0.5269,0.3182,0.5493,0.2256,0.1465,0.031,0.031,0.5679,0.5078,0.2178,0.1477,0.031,0.031,0.3533,0.4072,0.1938,0.1477,0.031,0.031,0.5288,0.5278,0.2231,0.1501,0.031,0.031,0.5664,0.4536,0.228,0.1416,0.031,0.031,0.4719,0.3862,0.2783,0.1379,0.031,0.031,0.3906,0.4458,0.2397,0.1465,0.031,0.031,0.4448,0.4819,0.2349,0.1245,0.031,0.031,0.4158,0.4141,0.2153,0.1477,0.031,0.031,0.4602,0.4058,0.249,0.1428,0.031,0.031,0.3567,0.4175,0.2568,0.1465,0.031,0.031,0.5095,0.4551,0.2202,0.1221,0.031,0.031,0.4783,0.4185,0.2026,0.1501,0.031,0.031,0.4678,0.4819,0.1807,0.1392,0.031,0.031,0.5623,0.4404,0.2637,0.1257,0.031,0.031,0.5005,0.459,0.2324,0.1416,0.031,0.031,0.4915,0.5049,0.2515,0.1282,0.031,0.031,0.4158,0.4668,0.2515,0.1465,0.031,0.031,0.5442,0.6265,0.2466,0.1282,0.031,0.031,0.6372,0.4492,0.2393,0.1465,0.031,0.031,0.4026,0.605,0.2324,0.1453,0.031,0.031,0.4561,0.3506,0.2471,0.1477,0.031,0.031,0.3357,0.4702,0.2373,0.1428,0.031,0.031,0.6025,0.4473,0.2734,0.1489,0.031,0.031,0.5303,0.5396,0.2197,0.2231,0.1477,0.031,0.031,0.4475,0.582,0.2471,0.144,0.031,0.031,0.4219,0.3926,0.2466,0.1428,0.031,0.031,0.3921,0.5229,0.252,0.1404,0.031,0.031,0.5581,0.4307,0.2324,0.1294,0.031,0.031
0.6067,0.4092,0.4854,0.249,0.1245,0.031,0.031,0.5269,0.3182,0.5493,0.2256,0.1465,0.031,0.031,0.5679,0.5259,0.2178,0.1477,0.031,0.031,0.3533,0.4072,0.1938,0.1477,0.031,0.031,0.5288,0.5278,0.2231,0.1501,0.031,0.031,0.5664,0.4536,0.228,0.1416,0.031,0.031,0.4893,0.3862,0.2783,0.1379,0.031,0.031,0.3906,0.4458,0.2397,0.1465,0.031,0.031,0.4448,0.4819,0.2349,0.1245,0.031,0.031,0.4175,0.4141,0.2178,0.1477,0.031,0.031,0.4602,0.4092,0.249,0.1428,0.031,0.031,0.3567,0.4175,0.2568,0.1477,0.031,0.031,0.5095,0.4551,0.2202,0.1221,0.031,0.031,0.4783,0.4185,0.2026,0.1501,0.031,0.031,0.4678,0.4819,0.1807,0.1392,0.031,0.031,0.5623,0.4404,0.2637,0.1257,0.031,0.031,0.5005,0.459,0.2324,0.1416,0.031,0.031,0.4915,0.5049,0.2515,0.1282,0.031,0.031,0.4158,0.4668,0.2515,0.1465,0.031,0.031,0.5442,0.6265,0.2466,0.1294,0.031,0.031,0.6372,0.4492,0.2393,0.1465,0.031,0.031,0.4026,0.605,0.2324,0.1453,0.031,0.031,0.4561,0.3506,0.2471,0.1477,0.031,0.031,0.3357,0.4702,0.2373,0.1428,0.031,0.031,0.6025,0.4473,0.2759,0.1489,0.031,0.031,0.5303,0.5396,0.2197,0.2231,0.1477,0.031,0.031,0.4475,0.582,0.2471,0.144,0.031,0.031,0.4219,0.3926,0.2466,0.1428,0.031,0.031,0.3921,0.5229,0.252,0.1404,0.031,0.031,0.5581,0.4307,0.2324,0.1294,0.031,0.031
0.6067,0.4092,0.4854,0.249,0.1245,0.031,0.031,0.5442,0.3182,0.5493,0.2256,0.1465,0.031,0.031,0.5679,0.5259,0.2178,0.1477,0.031,0.031,0.3533,0.4072,0.1938,0.1477,0.031,0.031,0.5288,0.5278,0.2231,0.1501,0.031,0.031,0.5664,0.4536,0.228,0.1416,0.031,0.031,0.4893,0.3862,0.2783,0.1379,0.031,0.031,0.3906,0.4458,0.2397,0.1465,0.031,0.031,0.4448,0.4819,0.2349,0.1245,0.031,0.031,0.4248,0.4141,0.2178,0.1477,0.031,0.031,0.4602,0.4092,0.249,0.1428,0.031,0.031,0.3567,0.4175,0.2568,0.1477,0.031,0.031,0.5095,0.4551,0.2202,0.1221,0.031,0.031,0.4783,0.4185,0.2026,0.1501,0.031,0.031,0.4678,0.4819,0.1807,0.1392,0.031,0.031,0.5623,0.4404,0.2637,0.1257,0.031,0.031,0.5005,0.459,0.2324,0.1416,0.031,0.031,0.4915,0.5049,0.2515,0.1282,0.031,0.031,0.4158,0.4668,0.2515,0.1465,0.031,0.031,0.5442,0.6299,0.2466,0.1294,0.031,0.031,0.6372,0.4492,0.2393,0.1465,0.031,0.031,0.4026,0.605,0.2324,0.1453,0.031,0.031,0.4561,0.3506,0.2471,0.1477,0.031,0.031,0.3357,0.4702,0.2373,0.1428,0.031,0.031,0.6025,0.4473,0.2759,0.1489,0.031,0.031,0.5303,0.5396,0.2197,0.2231,0.1477,0.031,0.031,0.4475,0.582,0.2471,0.144,0.031,0.031,0.4219,0.3926,0.2466,0.144,0.031,0.031,0.3921,0.5229,0.252,0.1404,0.031,0.031,0.5581,0.4307,0.2324,0.1294,0.031,0.031
0.6067,0.4092,0.4854,0.249,0.1245,0.031,0.031,0.5442,0.3182,0.5493,0.2256,0.1465,0.031,0.031,0.5679,0.5259,0.2178,0.1489,0.031,0.031,0.3533,0.4072,0.1938,0.1477,0.031,0.031,0.5288,0.5278,0.2231,0.1501,0.031,0.031,0.5664,0.4688,0.228,0.1416,0.031,0.031,0.4893,0.3862,0.2783,0.1379,0.031,0.031,0.3906,0.4458,0.2397,0.1465,0.031,0.031,0.4448,0.4819,0.2349,0.1245,0.031,0.031,0.4248,0.4141,0.2178,0.1477,0.031,0.031,0.4602,0.4092,0.249,0.1428,0.031,0.031,0.3567,0.4175,0.2568,0.1477,0.031,0.031,0.5095,0.4551,0.2202,0.1221,0.031,0.031,0.4783,0.4185,0.2026,0.1501,0.031,0.031,0.4678,0.4819,0.1807,0.1392,0.031,0.031,0.5623,0.4404,0.2637,0.1257,0.031,0.031,0.5005,0.459,0.2324,0.1416,0.031,0.031,0.4915,0.5049,0.2515,0.1282,0.031,0.031,0.4158,0.4668,0.2515,0.1465,0.031,0.031,0.5442,0.6299,0.2466,0.1294,0.031,0.031,0.6372,0.4492,0.2393,0.1465,0.031,0.031,0.408,0.605,0.2324,0.1453,0.031,0.031,0.4561,0.3506,0.2471,0.1477,0.031,0.031,0.3357,0.4702,0.2373,0.1428,0.031,0.031,0.6025,0.4473,0.2759,0.1489,0.031,0.031,0.5303,0.5396,0.2197,0.2231,0.1477,0.031,0.031,0.4475,0.582,0.2471,0.144,0.031,0.031,0.4219,0.3926,0.2466,0.144,0.031,0.031,0.3921,0.5229,0.252,0.1404,0.031,0.031,0.5581,0.4307,0.2324,0.1294,0.031,0.031
0.6067,0.4092,0.4854,0.249,0.1245,0.031,0.031,0.5442,0.3182,0.5605,0.2256,0.1465,0.031,0.031,0.5679,0.5259,0.2178,0.1489,0.031,0.031,0.3533,0.4072,0.1938,0.1477,0.031,0.031,0.5288,0.5278,0.2231,0.1501,0.031,0.031,0.5664,0.4688,0.228,0.1416,0.031,0.031,0.5115,0.3862,0.2783,0.1379,0.031,0.031,0.3906,0.4458,0.2397,0.1465,0.031,0.031,0.4448,0.4819,0.2349,0.1245,0.031,0.031,0.4248,0.4141,0.2178,0.1477,0.031,0.031,0.4602,0.4092,0.249,0.1428,0.031,0.031,0.3567,0.4175,0.2568,0.1477,0.031,0.031,0.5095,0.4551,0.2202,0.1221,0.031,0.031,0.4783,0.4185,0.2026,0.1501,0.031,0.031,0.4678,0.4819,0.1807,0.1392,0.031,0.031,0.5623,0.4404,0.2637,0.1257,0.031,0.031,0.5005,0.459,0.2324,0.1416,0.031,0.031,0.4915,0.5049,0.2515,0.1282,0.031,0.031,0.4158,0.4702,0.2515,0.1465,0.031,0.031,0.5713,0.6299,0.2466,0.1294,0.031,0.031,0.6372,0.4492,0.2393,0.1465,0.031,0.031,0.408,0.605,0.2324,0.1453,0.031,0.031,0.4561,0.3506,0.2471,0.1477,0.031,0.031,0.3357,0.4702,0.2373,0.1428,0.031,0.031,0.6025,0.4473,0.2759,0.1489,0.031,0.031,0.5303,0.5396,0.2197,0.2231,0.1477,0.031,0.031,0.4475,0.582,0.2471,0.144,0.031,0.031,0.4219,0.3926,0.2466,0.1453,0.031,0.031,0.3921,0.5229,0.252,0.1404,0.031,0.031,0.5581,0.4307,0.2324,0.1294,0.031,0.031
0.6067,0.4092,0.4854,0.249,0.1245,0.031,0.031,0.5581,0.3182,0.5605,0.2256,0.1465,0.031,0.031,0.5679,0.5259,0.2178,0.1489,0.031,0.031,0.3533,0.4072,0.1938,0.1477,0.031,0.031,0.5288,0.5278,0.2231,0.1501,0.031,0.031,0.5664,0.4688,0.228,0.1416,0.031,0.031,0.5115,0.3862,0.2783,0.1379,0.031,0.031,0.3906,0.4458,0.2397,0.1465,0.031,0.031,0.4448,0.5083,0.2349,0.1245,0.031,0.031,0.4248,0.4141,0.2178,0.1477,0.031,0.031,0.4602,0.4092,0.249,0.1428,0.031,0.031,0.3567,0.4175,0.2568,0.1477,0.031,0.031,0.5095,0.4551,0.2202,0.1221,0.031,0.031,0.4783,0.4185,0.2026,0.1501,0.031,0.031,0.4678,0.4819,0.1821,0.1392,0.031,0.031,0.5623,0.4404,0.2637,0.1318,0.031,0.031,0.5005,0.459,0.2324,0.1416,0.031,0.031,0.4915,0.5049,0.2515,0.1282,0.031,0.031,0.4158,0.4702,0.2515,0.1465,0.031,0.031,0.5713,0.6348,0.2466,0.1294,0.031,0.031,0.6372,0.4492,0.2393,0.1465,0.031,0.031,0.408,0.605,0.2324,0.1453,0.031,0.031,0.4561,0.3506,0.2471,0.1477,0.031,0.031,0.3357,0.4702,0.2373,0.1428,0.031,0.031,0.6025,0.4473,0.2783,0.1489,0.031,0.031,0.5303,0.5396,0.2197,0.2231,0.1477,0.031,0.031,0.4475,0.582,0.2471,0.144,0.031,0.031,0.4219,0.3926,0.2466,0.1453,0.031,0.031,0.3921,0.5229,0.252,0.1404,0.031,0.031,0.5581,0.4307,0.2324,0.1318,0.031,0.031
0.6116,0.4092,0.4854,0.249,0.1245,0.031,0.031,0.5581,0.3182,0.5605,0.2256,0.1465,0.031,0.031,0.5679,0.5259,0.2178,0.1489,0.031,0.031,0.3533,0.4072,0.1938,0.1477,0.031,0.031,0.5288,0.5278,0.2231,0.1501,0.031,0.031,0.5664,0.4688,0.228,0.1416,0.031,0.031,0.5115,0.3862,0.2783,0.1379,0.031,0.031,0.3906,0.4556,0.2397,0.1465,0.031,0.031,0.4448,0.5083,0.2349,0.1245,0.031,0.031,0.4248,0.4141,0.2178,0.1477,0.031,0.031,0.4602,0.4092,0.249,0.1428,0.031,0.031,0.3567,0.4175,0.2568,0.1477,0.031,0.031,0.5095,0.4551,0.2202,0.1221,0.031,0.031,0.4783,0.4185,0.2026,0.1501,0.031,0.031,0.4678,0.4819,0.1821,0.1404,0.031,0.031,0.5623,0.4404,0.2637,0.1318,0.031,0.031,0.5005,0.459,0.2324,0.1416,0.031,0.031,0.4915,0.5049,0.2515,0.1282,0.031,0.031,0.4158,0.4702,0.2515,0.1477,0.031,0.031,0.5713,0.6479,0.2466,0.1294,0.031,0.031,0.6372,0.4492,0.2393,0.1477,0.031,0.031,0.408,0.605,0.2324,0.1453,0.031,0.031,0.4561,0.3506,0.2471,0.1477,0.031,0.031,0.3357,0.4702,0.2373,0.1428,0.031,0.031,0.6025,0.4473,0.2783,0.1489,0.031,0.031,0.5303,0.5396,0.2197,0.2231,0.1477,0.031,0.031,0.4475,0.582,0.2495,0.144,0.031,0.031,0.4219,0.3926,0.2466,0.1453,0.031,0.031,0.3921,0.5229,0.252,0.1404,0.031,0.031,0.5581,0.4307,0.2324,0.1318,0.031,0.031
0.6116,0.4092,0.4854,0.249,0.1245,0.031,0.031,0.5581,0.3182,0.5605,0.2256,0.1465,0.031,0.031,0.5679,0.5259,0.2178,0.1489,0.031,0.031,0.3533,0.4072,0.1938,0.1477,0.031,0.031,0.5288,0.5278,0.2231,0.1501,0.031,0.031,0.5664,0.4688,0.228,0.1416,0.031,0.031,0.5115,0.3862,0.2783,0.1379,0.031,0.031,0.3906,0.4556,0.2397,0.1465,0.031,0.031,0.4448,0.5083,0.2349,0.1245,0.031,0.031,0.4248,0.4141,0.2178,0.1477,0.031,0.031,0.4602,0.4092,0.249,0.1453,0.031,0.031,0.3567,0.4175,0.2568,0.1477,0.031,0.031,0.5095,0.4551,0.2202,0.1221,0.031,0.031,0.4783,0.4185,0.2026,0.1501,0.031,0.031,0.4678,0.4819,0.1821,0.1404,0.031,0.031,0.5623,0.4404,0.2637,0.1318,0.031,0.031,0.5005,0.459,0.2324,0.1416,0.031,0.031,0.4915,0.5049,0.2515,0.1282,0.031,0.031,0.4158,0.4702,0.2515,0.1501,0.031,0.031,0.5713,0.6479,0.2466,0.1294,0.031,0.031,0.6372,0.4492,0.2393,0.1477,0.031,0.031,0.408,0.605,0.2324,0.1453,0.031,0.031,0.4561,0.3506,0.2471,0.1477,0.031,0.031,0.3357,0.4702,0.2373,0.1428,0.031,0.031,0.6025,0.4473,0.2783,0.1489,0.031,0.031,0.5303,0.5396,0.2197,0.2231,0.1477,0.031,0.031,0.4475,0.582,0.2495,0.144,0.031,0.031,0.4219,0.3926,0.2466,0.1453,0.031,0.031,0.3921,0.5229,0.252,0.1404,0.031,0.031,0.5581,0.4307,0.2324,0.1318,0.031,0.031
0.6116,0.4092,0.4854,0.249,0.1245,0.031,0.031,0.5581,0.3198,0.5605,0.2256,0.1465,0.031,0.031,0.5679,0.5259,0.2178,0.1489,0.031,0.031,0.3533,0.4072,0.1938,0.1477,0.031,0.031,0.5288,0.5278,0.2231,0.1501,0.031,0.031,0.5664,0.4688,0.228,0.1428,0.031,0.031,0.5115,0.3862,0.2783,0.1379,0.031,0.031,0.3906,0.4556,0.2397,0.1465,0.031,0.031,0.4448,0.5083,0.2349,0.1245,0.031,0.031,0.4248,0.4141,0.2178,0.1489,0.031,0.031,0.4602,0.4092,0.249,0.1453,0.031,0.031,0.3567,0.4307,0.2593,0.1477,0.031,0.031,0.5095,0.4551,0.2202,0.1221,0.031,0.031,0.4783,0.4185,0.2026,0.1501,0.031,0.031,0.4678,0.4819,0.1821,0.1404,0.031,0.031,0.5623,0.4404,0.2637,0.1318,0.031,0.031,0.5005,0.459,0.2324,0.1416,0.031,0.031,0.4915,0.5049,0.2515,0.1282,0.031,0.031,0.4158,0.4702,0.2515,0.1501,0.031,0.031,0.5713,0.6479,0.2466,0.1294,0.031,0.031,0.6372,0.4492,0.2393,0.1477,0.031,0.031,0.408,0.605,0.2324,0.1453,0.031,0.031,0.4561,0.3506,0.2471,0.1477,0.031,0.031,0.3357,0.4702,0.2373,0.1428,0.031,0.031,0.6025,0.4473,0.2783,0.1489,0.031,0.031,0.5303,0.5396,0.2197,0.2231,0.1477,0.031,0.031,0.4475,0.582,0.2495,0.1465,0.031,0.031,0.4219,0.3926,0.2466,0.1453,0.031,0.031,0.3921,0.5229,0.252,0.1404,0.031,0.031,0.5581,0.4307,0.2349,0.1318,0.031,0.031
0.6116,0.4092,0.4854,0.249,0.1245,0.031,0.031,0.5581,0.3198,0.5605,0.2256,0.1465,0.031,0.031,0.5859,0.5259,0.2178,0.1489,0.031,0.031,0.3533,0.4072,0.1938,0.1477,0.031,0.031,0.5288,0.5278,0.2231,0.1501,0.031,0.031,0.5664,0.5015,0.2324,0.1428,0.031,0.031,0.5115,0.3862,0.2783,0.1379,0.031,0.031,0.3906,0.4556,0.2397,0.1465,0.031,0.031,0.4448,0.5083,0.2349,0.1245,0.031,0.031,0.4248,0.4502,0.2178,0.1489,0.031,0.031,0.4602,0.4092,0.249,0.1453,0.031,0.031,0.3567,0.4307,0.2593,0.1477,0.031,0.031,0.5095,0.4551,0.2202,0.1221,0.031,0.031,0.4783,0.4185,0.2026,0.1501,0.031,0.031,0.4678,0.4819,0.1821,0.1404,0.031,0.031,0.5623,0.4404,0.2637,0.1318,0.031,0.031,0.5005,0.4604,0.2324,0.1416,0.031,0.031,0.4915,0.5049,0.2515,0.1282,0.031,0.031,0.4158,0.4702,0.2515,0.1501,0.031,0.031,0.5713,0.6479,0.2466,0.1306,0.031,0.031,0.6372,0.4492,0.2393,0.1477,0.031,0.031,0.408,0.605,0.2324,0.1453,0.031,0.031,0.4561,0.3506,0.2471,0.1501,0.031,0.031,0.3357,0.4702,0.2373,0.1428,0.031,0.031,0.6025,0.4473,0.2783,0.1489,0.031,0.031,0.5303,0.5396,0.2197,0.2231,0.1477,0.031,0.031,0.4475,0.582,0.2495,0.1465,0.031,0.031,0.4219,0.3979,0.2466,0.1453,0.031,0.031,0.3921,0.5229,0.252,0.1404,0.031,0.031,0.5581,0.4307,0.2349,0.1318,0.031,0.031
0.6116,0.4092,0.4854,0.249,0.1245,0.031,0.031,0.5581,0.3223,0.5605,0.2256,0.1465,0.031,0.031,0.5859,0.5259,0.2178,0.1489,0.031,0.031,0.3533,0.4072,0.1938,0.1477,0.031,0.031,0.5322,0.5278,0.2231,0.1501,0.031,0.031,0.5664,0.5015,0.2324,0.1428,0.031,0.031,0.5115,0.3862,0.2783,0.1379,0.031,0.031,0.3906,0.4556,0.2397,0.1465,0.031,0.031,0.4448,0.5083,0.2349,0.1245,0.031,0.031,0.4248,0.4502,0.2178,0.1489,0.031,0.031,0.4602,0.4092,0.249,0.1453,0.031,0.031,0.3567,0.4307,0.2593,0.1477,0.031,0.031,0.5095,0.4551,0.2202,0.1221,0.031,0.031,0.4783,0.4185,0.2026,0.1501,0.031,0.031,0.4678,0.4819,0.1821,0.1404,0.031,0.031,0.5623,0.4404,0.2637,0.1318,0.031,0.031,0.5005,0.4653,0.2324,0.1416,0.031,0.031,0.4915,0.5049,0.2515,0.1282,0.031,0.031,0.4158,0.4702,0.2515,0.1501,0.031,0.031,0.5713,0.6479,0.2466,0.1306,0.031,0.031,0.6372,0.4492,0.2393,0.1477,0.031,0.031,0.408,0.605,0.2324,0.1453,0.031,0.031,0.4561,0.3506,0.2471,0.1501,0.031,0.031,0.3357,0.4702,0.2373,0.1428,0.031,0.031,0.6025,0.4473,0.2783,0.1489,0.031,0.031,0.5303,0.5396,0.2197,0.2231,0.1477,0.031,0.031,0.4475,0.582,0.2495,0.1465,0.031,0.031,0.4219,0.3979,0.2466,0.1453,0.031,0.031,0.3921,0.5229,0.252,0.1404,0.031,0.031,0.5581,0.4307,0.2349,0.1318,0.031,0.031
0.6116,0.4092,0.4854,0.249,0.1245,0.031,0.031,0.5581,0.3223,0.5605,0.2256,0.1465,0.031,0.031,0.6082,0.5259,0.2178,0.1489,0.031,0.031,0.3533,0.4072,0.1938,0.1477,0.031,0.031,0.5322,0.5278,0.2231,0.1501,0.031,0.031,0.5664,0.5229,0.2324,0.1428,0.031,0.031,0.5115,0.3862,0.2783,0.1379,0.031,0.031,0.3906,0.4556,0.2397,0.1465,0.031,0.031,0.4448,0.5083,0.2349,0.1245,0.031,0.031,0.4248,0.4502,0.2178,0.1489,0.031,0.031,0.4602,0.4092,0.249,0.1453,0.031,0.031,0.3567,0.4307,0.2593,0.1477,0.031,0.031,0.5095,0.4551,0.2202,0.1221,0.031,0.031,0.4783,0.4185,0.2026,0.1501,0.031,0.031,0.4678,0.4819,0.1821,0.1404,0.031,0.031,0.5623,0.4404,0.2637,0.1318,0.031,0.031,0.5005,0.4819,0.2324,0.1416,0.031,0.031,0.4915,0.5049,0.2515,0.1282,0.031,0.031,0.4387,0.4702,0.2515,0.1501,0.031,0.031,0.5713,0.6528,0.2466,0.1306,0.031,0.031,0.6372,0.4492,0.2393,0.1477,0.031,0.031,0.408,0.605,0.2324,0.1453,0.031,0.031,0.4561,0.3506,0.2471,0.1501,0.031,0.031,0.3525,0.4702,0.2373,0.1428,0.031,0.031,0.6025,0.4473,0.2783,0.1489,0.031,0.031,0.5303,0.5396,0.2197,0.2231,0.1477,0.031,0.031,0.4475,0.582,0.2495,0.1465,0.031,0.031,0.4219,0.3979,0.2466,0.1453,0.031,0.031,0.3921,0.5229,0.252,0.1404,0.031,0.031,0.5581,0.4551,0.2349,0.1318,0.031,0.031
0.6116,0.4092,0.4854,0.249,0.1245,0.031,0.031,0.5581,0.3223,0.5605,0.2256,0.1465,0.031,0.031,0.6082,0.5259,0.2178,0.1489,0.031,0.031,0.3533,0.4072,0.1938,0.1477,0.031,0.031,0.5322,0.5278,0.2231,0.1501,0.031,0.031,0.5664,0.5229,0.2324,0.1428,0.031,0.031,0.5115,0.3862,0.2783,0.1453,0.031,0.031,0.3906,0.4556,0.2397,0.1465,0.031,0.031,0.4448,0.5083,0.2349,0.1245,0.031,0.031,0.4248,0.4502,0.2178,0.1489,0.031,0.031,0.4602,0.4092,0.249,0.1453,0.031,0.031,0.3567,0.4307,0.2593,0.1477,0.031,0.031,0.5095,0.4551,0.2471,0.1221,0.031,0.031,0.4783,0.4185,0.2026,0.1501,0.031,0.031,0.4678,0.4819,0.1821,0.1416,0.031,0.031,0.5623,0.4404,0.2637,0.1318,0.031,0.031,0.5005,0.4819,0.2324,0.1416,0.031,0.031,0.4915,0.5049,0.2515,0.1282,0.031,0.031,0.4387,0.4702,0.2515,0.1501,0.031,0.031,0.5713,0.6528,0.2466,0.1306,0.031,0.031,0.6372,0.4492,0.2393,0.1477,0.031,0.031,0.408,0.605,0.2324,0.1489,0.031,0.031,0.4561,0.3506,0.2471,0.1501,0.031,0.031,0.3525,0.4702,0.2373,0.1428,0.031,0.031,0.6025,0.4473,0.2783,0.1489,0.031,0.031,0.5303,0.5396,0.2197,0.2231,0.1477,0.031,0.031,0.4475,0.582,0.2495,0.1465,0.031,0.031,0.4219,0.3979,0.2466,0.1453,0.031,0.031,0.3921,0.5229,0.252,0.1404,0.031,0.031,0.5581,0.4551,0.2349,0.1318,0.031,0.031
0.6116,0.4092,0.4854,0.249,0.1245,0.031,0.031,0.5581,0.3223,0.5605,0.2256,0.1465,0.031,0.031,0.6082,0.5259,0.2178,0.1489,0.031,0.031,0.3533,0.4072,0.1938,0.1477,0.031,0.031,0.5322,0.5278,0.2231,0.1501,0.031,0.031,0.5664,0.5229,0.2324,0.1428,0.031,0.031,0.5115,0.3862,0.2783,0.1453,0.031,0.031,0.3906,0.4556,0.2397,0.1465,0.031,0.031,0.4448,0.5083,0.2349,0.1245,0.031,0.031,0.4248,0.4502,0.2178,0.1489,0.031,0.031,0.4602,0.4175,0.249,0.1453,0.031,0.031,0.3567,0.4307,0.2593,0.1477,0.031,0.031,0.5095,0.4551,0.2471,0.1221,0.031,0.031,0.4783,0.4185,0.2026,0.1501,0.031,0.031,0.4678,0.4819,0.1821,0.1416,0.031,0.031,0.5623,0.4404,0.2637,0.1318,0.031,0.031,0.5005,0.4819,0.2324,0.1416,0.031,0.031,0.4915,0.5049,0.2515,0.1282,0.031,0.031,0.4387,0.4702,0.2515,0.1501,0.031,0.031,0.5713,0.6528,0.2466,0.1306,0.031,0.031,0.6372,0.4492,0.2393,0.1477,0.031,0.031,0.408,0.605,0.2324,0.1501,0.031,0.031,0.4561,0.3506,0.2471,0.1501,0.031,0.031,0.3525,0.4702,0.2373,0.1428,0.031,0.031,0.6025,0.4473,0.2783,0.1489,0.031,0.031,0.5303,0.5396,0.2197,0.2231,0.1477,0.031,0.031,0.4475,0.582,0.2495,0.1465,0.031,0.031,0.4219,0.4175,0.2466,0.1453,0.031,0.031,0.4109,0.5229,0.252,0.1404,0.031,0.031,0.5581,0.4551,0.2349,0.1318,0.031,0.031
0.6116,0.4092,0.4854,0.249,0.1245,0.031,0.031,0.5581,0.3223,0.5605,0.2256,0.1465,0.031,0.031,0.6082,0.5259,0.2178,0.1489,0.031,0.031,0.3533,0.4072,0.1938,0.1477,0.031,0.031,0.5322,0.5278,0.2231,0.1501,0.031,0.031,0.5754,0.5229,0.2324,0.1428,0.031,0.031,0.5115,0.3862,0.2783,0.1453,0.031,0.031,0.3906,0.4556,0.2397,0.1465,0.031,0.031,0.4448,0.5083,0.2349,0.1245,0.031,0.031,0.4248,0.4502,0.2178,0.1489,0.031,0.031,0.4602,0.4175,0.249,0.1453,0.031,0.031,0.3567,0.4307,0.2593,0.1477,0.031,0.031,0.5095,0.4551,0.2471,0.1221,0.031,0.031,0.4783,0.4185,0.2026,0.1501,0.031,0.031,0.4678,0.4819,0.1821,0.1416,0.031,0.031,0.5623,0.4404,0.2637,0.1318,0.031,0.031,0.5005,0.4819,0.2324,0.1416,0.031,0.031,0.4915,0.5049,0.2515,0.1282,0.031,0.031,0.4387,0.4702,0.2515,0.1501,0.031,0.031,0.5713,0.6528,0.2466,0.1306,0.031,0.031,0.6372,0.4492,0.2393,0.1477,0.031,0.031,0.408,0.605,0.2324,0.1501,0.031,0.031,0.4561,0.3506,0.2471,0.1501,0.031,0.031,0.3525,0.4702,0.2373,0.1428,0.031,0.031,0.6025,0.4473,0.2783,0.1489,0.031,0.031,0.5303,0.5396,0.2197,0.2231,0.1477,0.031,0.031,0.4475,0.582,0.2495,0.1465,0.031,0.031,0.4219,0.4175,0.2466,0.1453,0.031,0.031,0.4109,0.5229,0.252,0.1404,0.031,0.031,0.5581,0.4551,0.2349,0.1318,0.031,0.031
0.6116,0.4092,0.4854,0.249,0.1245,0.031,0.031,0.5581,0.3223,0.5605,0.2256,0.1477,0.031,0.031,0.6082,0.5259,0.2178,0.1489,0.031,0.031,0.3608,0.4072,0.1938,0.1477,0.031,0.031,0.5322,0.5278,0.2231,0.1501,0.031,0.031,0.5754,0.5229,0.2324,0.1428,0.031,0.031,0.5115,0.3862,0.2783,0.1453,0.031,0.031,0.3906,0.4556,0.2397,0.1465,0.031,0.031,0.4448,0.5083,0.2349,0.1245,0.031,0.031,0.4248,0.4502,0.2178,0.1489,0.031,0.031,0.4685,0.4175,0.249,0.1465,0.031,0.031,0.3567,0.4307,0.2593,0.1477,0.031,0.031,0.5095,0.4551,0.2471,0.1221,0.031,0.031,0.4783,0.4185,0.2026,0.1501,0.031,0.031,0.4678,0.4819,0.1821,0.1416,0.031,0.031,0.5623,0.4404,0.2637,0.1318,0.031,0.031,0.5005,0.4819,0.2324,0.1416,0.031,0.031,0.4915,0.5049,0.2686,0.1282,0.031,0.031,0.4387,0.4702,0.2515,0.1501,0.031,0.031,0.5713,0.6528,0.249,0.1306,0.031,0.031,0.6372,0.4492,0.2393,0.1477,0.031,0.031,0.408,0.605,0.2324,0.1501,0.031,0.031,0.4561,0.3506,0.2471,0.1501,0.031,0.031,0.3525,0.4702,0.2373,0.1428,0.031,0.031,0.6025,0.4473,0.2783,0.1489,0.031,0.031,0.5303,0.5396,0.2197,0.2231,0.1477,0.031,0.031,0.4475,0.582,0.2495,0.1465,0.031,0.031,0.4219,0.4175,0.2466,0.1453,0.031,0.031,0.4109,0.5444,0.252,0.1404,0.031,0.031,0.5581,0.4551,0.2417,0.1318,0.031,0.031
0.6116,0.4092,0.4854,0.249,0.1245,0.031,0.031,0.5581,0.3223,0.5605,0.2256,0.1477,0.031,0.031,0.6082,0.5259,0.2178,0.1489,0.031,0.031,0.3608,0.4072,0.1938,0.1477,0.031,0.031,0.5322,0.5278,0.2231,0.1501,0.031,0.031,0.5754,0.5229,0.2324,0.1428,0.031,0.031,0.5115,0.3862,0.2783,0.1453,0.031,0.031,0.3906,0.4556,0.2471,0.1465,0.031,0.031,0.4448,0.5083,0.2349,0.1245,0.031,0.031,0.4248,0.4502,0.2178,0.1489,0.031,0.031,0.4685,0.4175,0.249,0.1465,0.031,0.031,0.3567,0.4307,0.2593,0.1477,0.031,0.031,0.5095,0.4551,0.2471,0.1221,0.031,0.031,0.4783,0.4185,0.2026,0.1501,0.031,0.031,0.4678,0.4819,0.1821,0.1416,0.031,0.031,0.5623,0.4404,0.2637,0.1318,0.031,0.031,0.5005,0.4819,0.2324,0.1477,0.031,0.031,0.4915,0.5049,0.2686,0.1282,0.031,0.031,0.4387,0.4702,0.2515,0.1501,0.031,0.031,0.5713,0.6528,0.249,0.1306,0.031,0.031,0.6372,0.4492,0.2393,0.1477,0.031,0.031,0.408,0.605,0.2324,0.1501,0.031,0.031,0.4561,0.3506,0.2471,0.1501,0.031,0.031,0.3525,0.4702,0.2373,0.1428,0.031,0.031,0.6025,0.4473,0.2783,0.1501,0.031,0.031,0.5303,0.5396,0.2197,0.2231,0.1477,0.031,0.031,0.4475,0.582,0.2495,0.1465,0.031,0.031,0.4219,0.4175,0.2466,0.1465,0.031,0.031,0.4109,0.5444,0.252,0.1404,0.031,0.031,0.5581,0.4551,0.2417,0.1318,0.031,0.031
0.6116,0.4092,0.4854,0.249,0.1245,0.031,0.031,0.5581,0.3223,0.5605,0.2256,0.1477,0.031,0.031,0.6082,0.5259,0.2178,0.1489,0.031,0.031,0.3608,0.4072,0.1938,0.1489,0.031,0.031,0.5322,0.5278,0.2231,0.1501,0.031,0.031,0.5754,0.5229,0.2324,0.1428,0.031,0.031,0.5115,0.3862,0.2783,0.1453,0.031,0.031,0.3906,0.4556,0.2471,0.1465,0.031,0.031,0.4448,0.5083,0.2349,0.1245,0.031,0.031,0.4248,0.4502,0.2178,0.1489,0.031,0.031,0.4685,0.4175,0.249,0.1465,0.031,0.031,0.3567,0.4307,0.2593,0.1477,0.031,0.031,0.5095,0.4551,0.2471,0.1221,0.031,0.031,0.4783,0.4185,0.2026,0.1501,0.031,0.031,0.4678,0.4819,0.1821,0.1416,0.031,0.031,0.5623,0.4404,0.2637,0.1392,0.031,0.031,0.5005,0.4819,0.2324,0.1477,0.031,0.031,0.4915,0.5049,0.2686,0.1282,0.031,0.031,0.4387,0.4702,0.2515,0.1501,0.031,0.031,0.5713,0.6528,0.249,0.1306,0.031,0.031,0.6372,0.4492,0.2393,0.1489,0.031,0.031,0.408,0.605,0.2324,0.1501,0.031,0.031,0.4561,0.3506,0.2471,0.1501,0.031,0.031,0.3525,0.4702,0.2373,0.1428,0.031,0.031,0.6025,0.4507,0.2783,0.1501,0.031,0.031,0.5303,0.5396,0.2197,0.2231,0.1477,0.031,0.031,0.4475,0.582,0.2495,0.1465,0.031,0.031,0.4219,0.4175,0.2466,0.1465,0.031,0.031,0.4109,0.5444,0.252,0.1404,0.031,0.031,0.5581,0.4551,0.2417,0.1453,0.031,0.031
0.6116,0.4092,0.4854,0.249,0.127,0.031,0.031,0.5581,0.3223,0.5605,0.2256,0.1477,0.031,0.031,0.6082,0.6001,0.2178,0.1489,0.031,0.031,0.3608,0.4072,0.1938,0.1489,0.031,0.031,0.5322,0.5278,0.2231,0.1501,0.031,0.031,0.5754,0.5229,0.2324,0.1428,0.031,0.031,0.5115,0.3862,0.2783,0.1453,0.031,0.031,0.3906,0.4556,0.2471,0.1465,0.031,0.031,0.4448,0.5083,0.2349,0.1245,0.031,0.031,0.4248,0.4502,0.2178,0.1489,0.031,0.031,0.4685,0.4175,0.249,0.1465,0.031,0.031,0.3567,0.4307,0.2593,0.1477,0.031,0.031,0.5095,0.4551,0.2471,0.1416,0.031,0.031,0.4783,0.4185,0.2026,0.1501,0.031,0.031,0.4678,0.4819,0.1821,0.1416,0.031,0.031,0.5623,0.4404,0.2637,0.1392,0.031,0.031,0.5005,0.4819,0.2324,0.1477,0.031,0.031,0.4915,0.5049,0.2686,0.1282,0.031,0.031,0.4387,0.4702,0.2515,0.1501,0.031,0.031,0.5713,0.6528,0.249,0.1306,0.031,0.031,0.6372,0.4492,0.2393,0.1489,0.031,0.031,0.408,0.605,0.2324,0.1501,0.031,0.031,0.4561,0.3506,0.2471,0.1501,0.031,0.031,0.3525,0.4702,0.2373,0.1428,0.031,0.031,0.6025,0.4507,0.2783,0.1501,0.031,0.031,0.5303,0.5396,0.2197,0.2231,0.1477,0.031,0.031,0.4475,0.582,0.2495,0.1465,0.031,0.031,0.4219,0.4175,0.2466,0.1465,0.031,0.031,0.4109,0.5444,0.252,0.1404,0.031,0.031,0.5581,0.4551,0.2417,0.1453,0.031,0.031
0.6116,0.4092,0.4854,0.249,0.127,0.031,0.031,0.5581,0.3223,0.5605,0.2256,0.1477,0.031,0.031,0.6082,0.6001,0.2178,0.1489,0.031,0.031,0.3608,0.4072,0.1938,0.1489,0.031,0.031,0.5322,0.5278,0.2231,0.1501,0.031,0.031,0.5754,0.5229,0.2324,0.1428,0.031,0.031,0.5115,0.3862,0.2783,0.1453,0.031,0.031,0.3906,0.4556,0.2471,0.1465,0.031,0.031,0.4448,0.5083,0.2373,0.1245,0.031,0.031,0.4248,0.4502,0.2178,0.1489,0.031,0.031,0.4685,0.4175,0.249,0.1465,0.031,0.031,0.3567,0.4307,0.2593,0.1477,0.031,0.031,0.5095,0.4551,0.2471,0.1416,0.031,0.031,0.4783,0.4185,0.2026,0.1501,0.031,0.031,0.4678,0.4819,0.1821,0.1416,0.031,0.031,0.5623,0.4404,0.2637,0.1416,0.031,0.031,0.5005,0.4819,0.2324,0.1477,0.031,0.031,0.4915,0.5049,0.2686,0.1282,0.031,0.031,0.4387,0.4702,0.2539,0.1501,0.031,0.031,0.5713,0.6528,0.249,0.1306,0.031,0.031,0.6372,0.4492,0.2393,0.1489,0.031,0.031,0.408,0.605,0.2324,0.1501,0.031,0.031,0.4561,0.3926,0.2471,0.1501,0.031,0.031,0.3525,0.4702,0.2373,0.1428,0.031,0.031,0.6025,0.4507,0.2783,0.1501,0.031,0.031,0.5303,0.5396,0.2197,0.2231,0.1477,0.031,0.031,0.4475,0.582,0.2495,0.1465,0.031,0.031,0.4219,0.4175,0.2466,0.1465,0.031,0.031,0.4109,0.5444,0.252,0.1404,0.031,0.031,0.5581,0.4551,0.2417,0.1453,0.031,0.031
0.6116,0.4092,0.4854,0.249,0.127,0.031,0.031,0.5581,0.3223,0.5605,0.2256,0.1477,0.031,0.031,0.6082,0.6001,0.2178,0.1501,0.031,0.031,0.3608,0.4072,0.1938,0.1489,0.031,0.031,0.5322,0.5278,0.2231,0.1501,0.031,0.031,0.5754,0.5229,0.2349,0.1465,0.031,0.031,0.5115,0.3862,0.2783,0.1453,0.031,0.031,0.3906,0.4556,0.2471,0.1465,0.031,0.031,0.4448,0.5083,0.2373,0.1245,0.031,0.031,0.4248,0.4502,0.2178,0.1489,0.031,0.031,0.4685,0.4175,0.249,0.1465,0.031,0.031,0.3567,0.4341,0.2593,0.1477,0.031,0.031,0.5095,0.4551,0.2471,0.1416,0.031,0.031,0.4783,0.4185,0.2026,0.1501,0.031,0.031,0.4678,0.4819,0.1821,0.1416,0.031,0.031,0.5623,0.4404,0.2637,0.1416,0.031,0.031,0.5005,0.4819,0.2324,0.1477,0.031,0.031,0.4915,0.5049,0.2686,0.1282,0.031,0.031,0.4387,0.4702,0.2539,0.1501,0.031,0.031,0.5713,0.6528,0.249,0.1306,0.031,0.031,0.6372,0.4492,0.2393,0.1489,0.031,0.031,0.408,0.605,0.2324,0.1501,0.031,0.031,0.4561,0.3926,0.2471,0.1501,0.031,0.031,0.3525,0.4702,0.2373,0.1428,0.031,0.031,0.6025,0.4507,0.2783,0.1501,0.031,0.031,0.5303,0.5396,0.2197,0.2231,0.1477,0.031,0.031,0.4475,0.582,0.2495,0.1465,0.031,0.031,0.4219,0.4175,0.2466,0.1465,0.031,0.031,0.4109,0.5444,0.252,0.1404,0.031,0.031,0.5581,0.4551,0.2417,0.1453,0.031,0.031
0.6116,0.4092,0.4854,0.249,0.127,0.031,0.031,0.5581,0.3223,0.5605,0.2256,0.1477,0.031,0.031,0.6082,0.6001,0.2178,0.1501,0.031,0.031,0.3608,0.4072,0.1938,0.1489,0.031,0.031,0.5322,0.5278,0.2231,0.1501,0.031,0.031,0.5754,0.5229,0.2349,0.1465,0.031,0.031,0.5115,0.3862,0.2783,0.1453,0.031,0.031,0.3906,0.459,0.2471,0.1465,0.031,0.031,0.4448,0.5083,0.2373,0.1245,0.031,0.031,0.4248,0.4502,0.2178,0.1489,0.031,0.031,0.4685,0.4175,0.249,0.1465,0.031,0.031,0.3567,0.4341,0.2593,0.1477,0.031,0.031,0.5095,0.4551,0.2471,0.1416,0.031,0.031,0.4783,0.4185,0.2026,0.1501,0.031,0.031,0.4678,0.4819,0.1821,0.1416,0.031,0.031,0.5623,0.4404,0.2637,0.1416,0.031,0.031,0.5005,0.4819,0.2324,0.1477,0.031,0.031,0.4915,0.5049,0.2686,0.1282,0.031,0.031,0.4387,0.4702,0.2539,0.1501,0.031,0.031,0.5713,0.6743,0.249,0.1306,0.031,0.031,0.6372,0.4492,0.2393,0.1489,0.031,0.031,0.408,0.605,0.2324,0.1501,0.031,0.031,0.4561,0.3926,0.2471,0.1501,0.031,0.031,0.3525,0.4702,0.2446,0.144,0.031,0.031,0.6025,0.4507,0.2783,0.1501,0.031,0.031,0.5303,0.5396,0.2197,0.2231,0.1477,0.031,0.031,0.4475,0.582,0.2495,0.1465,0.031,0.031,0.4219,0.4175,0.2466,0.1465,0.031,0.031,0.4109,0.5444,0.252,0.1404,0.031,0.031,0.5581,0.4551,0.2417,0.1453,0.031,0.031
0.6116,0.4092,0.4854,0.249,0.127,0.031,0.031,0.5581,0.3223,0.5605,0.2256,0.1477,0.031,0.031,0.6082,0.6001,0.2178,0.1501,0.031,0.031,0.3608,0.4072,0.1938,0.1489,0.031,0.031,0.5322,0.5278,0.2231,0.1501,0.031,0.031,0.5754,0.5229,0.2349,0.1465,0.031,0.031,0.5115,0.3862,0.2783,0.1453,0.031,0.031,0.3906,0.459,0.2471,0.1465,0.031,0.031,0.4448,0.5083,0.2373,0.1245,0.031,0.031,0.4248,0.4502,0.2178,0.1489,0.031,0.031,0.4685,0.4175,0.249,0.1465,0.031,0.031,0.3567,0.437,0.2593,0.1477,0.031,0.031,0.5095,0.4551,0.2471,0.1416,0.031,0.031,0.4783,0.4185,0.2026,0.1501,0.031,0.031,0.4678,0.4819,0.1821,0.1416,0.031,0.031,0.5623,0.4404,0.2637,0.1416,0.031,0.031,0.5005,0.4819,0.2324,0.1477,0.031,0.031,0.4915,0.5049,0.2734,0.1282,0.031,0.031,0.4387,0.4702,0.2539,0.1501,0.031,0.031,0.5713,0.6743,0.249,0.1306,0.031,0.031,0.6372,0.4492,0.2393,0.1489,0.031,0.031,0.408,0.605,0.2324,0.1501,0.031,0.031,0.4561,0.3926,0.2471,0.1501,0.031,0.031,0.3567,0.4702,0.2446,0.144,0.031,0.031,0.606,0.4507,0.2783,0.1501,0.031,0.031,0.5303,0.5396,0.2197,0.2231,0.1477,0.031,0.031,0.4475,0.582,0.2495,0.1465,0.031,0.031,0.4219,0.4175,0.2466,0.1465,0.031,0.031,0.4109,0.5444,0.252,0.1404,0.031,0.031,0.5581,0.4551,0.2417,0.1453,0.031,0.031
0.6116,0.4092,0.4854,0.249,0.1367,0.031,0.031,0.5581,0.3223,0.5605,0.2256,0.1477,0.031,0.031,0.6082,0.6001,0.2178,0.1501,0.031,0.031,0.3608,0.4072,0.1938,0.1489,0.031,0.031,0.5322,0.5278,0.2231,0.1501,0.031,0.031,0.5754,0.5229,0.2349,0.1465,0.031,0.031,0.5115,0.3862,0.2783,0.1465,0.031,0.031,0.3906,0.459,0.2471,0.1465,0.031,0.031,0.4448,0.5083,0.2373,0.1245,0.031,0.031,0.4248,0.4502,0.2178,0.1489,0.031,0.031,0.4685,0.4175,0.249,0.1465,0.031,0.031,0.3567,0.437,0.2593,0.1477,0.031,0.031,0.5095,0.4551,0.2471,0.1416,0.031,0.031,0.4783,0.4185,0.2026,0.1501,0.031,0.031,0.4678,0.4819,0.1821,0.1416,0.031,0.031,0.5623,0.4404,0.2637,0.1416,0.031,0.031,0.5005,0.4819,0.2324,0.1477,0.031,0.031,0.4915,0.5049,0.2734,0.1282,0.031,0.031,0.4387,0.4702,0.2539,0.1501,0.031,0.031,0.5713,0.6743,0.249,0.144,0.031,0.031,0.6372,0.4492,0.2393,0.1489,0.031,0.031,0.408,0.605,0.2324,0.1501,0.031,0.031,0.4561,0.3926,0.2471,0.1501,0.031,0.031,0.3567,0.4702,0.2446,0.144,0.031,0.031,0.606,0.4507,0.2783,0.1501,0.031,0.031,0.5303,0.5396,0.2197,0.2231,0.1477,0.031,0.031,0.49,0.582,0.2495,0.1465,0.031,0.031,0.4219,0.4175,0.2466,0.1489,0.031,0.031,0.4109,0.5444,0.252,0.1404,0.031,0.031,0.5581,0.4551,0.2417,0.1453,0.031,0.031
0.6116,0.4092,0.4854,0.249,0.1367,0.031,0.031,0.5581,0.3223,0.5605,0.2256,0.1477,0.031,0.031,0.6082,0.6001,0.2178,0.1501,0.031,0.031,0.3608,0.4072,0.1938,0.1489,0.031,0.031,0.5322,0.5278,0.2231,0.1501,0.031,0.031,0.5754,0.5229,0.2349,0.1465,0.031,0.031,0.5115,0.3862,0.2783,0.1465,0.031,0.031,0.3955,0.459,0.2495,0.1465,0.031,0.031,0.4448,0.5083,0.2373,0.1245,0.031,0.031,0.4248,0.4502,0.2178,0.1489,0.031,0.031,0.4685,0.4175,0.249,0.1465,0.031,0.031,0.3567,0.437,0.2593,0.1477,0.031,0.031,0.5095,0.4551,0.2471,0.1416,0.031,0.031,0.4783,0.4185,0.2026,0.1501,0.031,0.031,0.4678,0.4819,0.1821,0.1416,0.031,0.031,0.5623,0.4404,0.2637,0.144,0.031,0.031,0.5005,0.4819,0.2324,0.1477,0.031,0.031,0.4915,0.5049,0.2734,0.1282,0.031,0.031,0.4387,0.4702,0.2539,0.1501,0.031,0.031,0.5713,0.6743,0.249,0.144,0.031,0.031,0.6372,0.4492,0.2471,0.1489,0.031,0.031,0.408,0.605,0.2324,0.1501,0.031,0.031,0.4561,0.3926,0.2471,0.1501,0.031,0.031,0.3567,0.4702,0.2446,0.144,0.031,0.031,0.606,0.4507,0.2783,0.1501,0.031,0.031,0.5303,0.5396,0.2197,0.2231,0.1477,0.031,0.031,0.49,0.582,0.2495,0.1465,0.031,0.031,0.4219,0.4175,0.2466,0.1489,0.031,0.031,0.4109,0.5444,0.252,0.1404,0.031,0.031,0.5581,0.4551,0.2417,0.1453,0.031,0.031
0.6116,0.4092,0.4854,0.249,0.1367,0.031,0.031,0.5581,0.394,0.5605,0.2256,0.1477,0.031,0.031,0.6082,0.6001,0.2178,0.1501,0.031,0.031,0.3608,0.4072,0.1938,0.1489,0.031,0.031,0.5322,0.5278,0.2231,0.1501,0.031,0.031,0.5754,0.5229,0.2349,0.1465,0.031,0.031,0.5115,0.3862,0.2783,0.1465,0.031,0.031,0.3955,0.459,0.2495,0.1477,0.031,0.031,0.4448,0.5083,0.2373,0.1245,0.031,0.031,0.4248,0.4502,0.2178,0.1489,0.031,0.031,0.4685,0.4175,0.249,0.1465,0.031,0.031,0.3567,0.437,0.2593,0.1477,0.031,0.031,0.5095,0.4551,0.2471,0.1416,0.031,0.031,0.4783,0.4185,0.2026,0.1501,0.031,0.031,0.4678,0.4819,0.1821,0.1416,0.031,0.031,0.5623,0.4404,0.2637,0.144,0.031,0.031,0.5005,0.4819,0.2324,0.1477,0.031,0.031,0.4915,0.5049,0.2734,0.1282,0.031,0.031,0.4387,0.4702,0.2539,0.1501,0.031,0.031,0.5713,0.6743,0.249,0.144,0.031,0.031,0.6372,0.4492,0.2471,0.1489,0.031,0.031,0.408,0.605,0.2324,0.1501,0.031,0.031,0.4561,0.3926,0.2471,0.1501,0.031,0.031,0.3567,0.4702,0.2446,0.144,0.031,0.031,0.606,0.4507,0.2783,0.1501,0.031,0.031,0.5303,0.5396,0.2197,0.2231,0.1489,0.031,0.031,0.49,0.582,0.2495,0.1465,0.031,0.031,0.4219,0.4175,0.2466,0.1489,0.031,0.031,0.4109,0.5444,0.252,0.1404,0.031,0.031,0.5581,0.4551,0.2417,0.1453,0.031,0.031
0.6116,0.4092,0.4854,0.249,0.1367,0.031,0.031,0.5581,0.394,0.5605,0.2256,0.1477,0.031,0.031,0.6082,0.6001,0.2178,0.1501,0.031,0.031,0.3608,0.4072,0.1938,0.1489,0.031,0.031,0.5322,0.5278,0.2231,0.1501,0.031,0.031,0.5754,0.5229,0.2349,0.1465,0.031,0.031,0.5115,0.3862,0.2783,0.1465,0.031,0.031,0.3955,0.459,0.2495,0.1477,0.031,0.031,0.4448,0.5083,0.2373,0.1245,0.031,0.031,0.4248,0.4502,0.2178,0.1489,0.031,0.031,0.4685,0.4175,0.249,0.1465,0.031,0.031,0.3567,0.437,0.2593,0.1477,0.031,0.031,0.5095,0.4551,0.2471,0.1416,0.031,0.031,0.4783,0.4185,0.2026,0.1501,0.031,0.031,0.4678,0.4819,0.1821,0.1416,0.031,0.031,0.5623,0.4404,0.2637,0.144,0.031,0.031,0.5005,0.4819,0.2324,0.1477,0.031,0.031,0.4915,0.5049,0.2734,0.1282,0.031,0.031,0.4387,0.4702,0.2539,0.1501,0.031,0.031,0.5713,0.6743,0.249,0.144,0.031,0.031,0.6372,0.4492,0.2471,0.1489,0.031,0.031,0.408,0.605,0.2324,0.1501,0.031,0.031,0.4561,0.3926,0.2471,0.1501,0.031,0.031,0.3567,0.4702,0.2446,0.144,0.031,0.031,0.606,0.4507,0.2783,0.1501,0.031,0.031,0.5303,0.5396,0.2197,0.2231,0.1489,0.031,0.031,0.49,0.582,0.2495,0.1465,0.031,0.031,0.4219,0.4243,0.2466,0.1489,0.031,0.031,0.4109,0.5444,0.252,0.1404,0.031,0.031,0.5581,0.4551,0.2417,0.1453,0.031,0.031
0.6116,0.4092,0.4854,0.249,0.1367,0.031,0.031,0.5581,0.394,0.5605,0.2256,0.1477,0.031,0.031,0.6082,0.6001,0.2178,0.1501,0.031,0.031,0.3608,0.4072,0.1938,0.1489,0.031,0.031,0.5322,0.5278,0.2231,0.1501,0.031,0.031,0.5754,0.5229,0.2349,0.1465,0.031,0.031,0.5115,0.3862,0.2783,0.1465,0.031,0.031,0.3955,0.459,0.2495,0.1477,0.031,0.031,0.4448,0.5083,0.2373,0.1245,0.031,0.031,0.4248,0.4502,0.2178,0.1489,0.031,0.031,0.4685,0.4175,0.249,0.1465,0.031,0.031,0.3567,0.437,0.2593,0.1477,0.031,0.031,0.5095,0.4551,0.2471,0.1416,0.031,0.031,0.4783,0.4185,0.2026,0.1501,0.031,0.031,0.4678,0.4819,0.1821,0.1416,0.031,0.031,0.5623,0.4404,0.2637,0.144,0.031,0.031,0.5005,0.4819,0.2324,0.1477,0.031,0.031,0.4915,0.5049,0.2734,0.1282,0.031,0.031,0.4387,0.4702,0.2539,0.1501,0.031,0.031,0.5713,0.6743,0.249,0.144,0.031,0.031,0.6372,0.4492,0.2471,0.1489,0.031,0.031,0.408,0.605,0.2324,0.1501,0.031,0.031,0.4561,0.3926,0.2471,0.1501,0.031,0.031,0.3567,0.4702,0.2446,0.144,0.031,0.031,0.606,0.4507,0.2783,0.1501,0.031,0.031,0.5303,0.5396,0.2197,0.2231,0.1489,0.031,0.031,0.49,0.582,0.2495,0.1465,0.031,0.031,0.4219,0.4243,0.2466,0.1489,0.031,0.031,0.4109,0.5444,0.252,0.1404,0.031,0.031,0.5581,0.4551,0.2588,0.1453,0.031,0.031
0.6116,0.4092,0.4854,0.249,0.1367,0.031,0.031,0.5581,0.394,0.5605,0.2256,0.1477,0.031,0.031,0.6082,0.6001,0.2178,0.1501,0.031,0.031,0.3608,0.4072,0.1938,0.1489,0.031,0.031,0.5322,0.5391,0.2231,0.1501,0.031,0.031,0.5754,0.5229,0.2349,0.1465,0.031,0.031,0.5115,0.3862,0.2783,0.1465,0.031,0.031,0.3955,0.459,0.2495,0.1477,0.031,0.031,0.4448,0.5083,0.2373,0.1245,0.031,0.031,0.4248,0.4502,0.2178,0.1489,0.031,0.031,0.4685,0.4175,0.249,0.1465,0.031,0.031,0.3567,0.439,0.2593,0.1477,0.031,0.031,0.5095,0.4551,0.2471,0.1416,0.031,0.031,0.4783,0.4185,0.2026,0.1501,0.031,0.031,0.4678,0.4819,0.1821,0.1416,0.031,0.031,0.5713,0.4404,0.2637,0.144,0.031,0.031,0.5005,0.4819,0.2324,0.1477,0.031,0.031,0.4915,0.5049,0.2734,0.1282,0.031,0.031,0.4387,0.4702,0.2539,0.1501,0.031,0.031,0.5713,0.6743,0.249,0.144,0.031,0.031,0.6462,0.4492,0.2471,0.1489,0.031,0.031,0.4309,0.605,0.2324,0.1501,0.031,0.031,0.4561,0.3926,0.2471,0.1501,0.031,0.031,0.3567,0.4702,0.2446,0.144,0.031,0.031,0.6108,0.4507,0.2783,0.1501,0.031,0.031,0.5303,0.5396,0.2197,0.2231,0.1489,0.031,0.031,0.49,0.582,0.2495,0.1465,0.031,0.031,0.4219,0.4243,0.2466,0.1489,0.031,0.031,0.4109,0.5444,0.252,0.1404,0.031,0.031,0.5581,0.4551,0.2588,0.1453,0.031,0.031
0.6116,0.4092,0.4854,0.249,0.1367,0.031,0.031,0.5581,0.394,0.5605,0.2256,0.1477,0.031,0.031,0.6082,0.6001,0.2178,0.1501,0.031,0.031,0.3608,0.4072,0.1938,0.1489,0.031,0.031,0.5322,0.5391,0.2231,0.1501,0.031,0.031,0.5754,0.5229,0.2349,0.1465,0.031,0.031,0.5115,0.3862,0.2783,0.1465,0.031,0.031,0.3955,0.459,0.2495,0.1477,0.031,0.031,0.4448,0.5083,0.2373,0.1245,0.031,0.031,0.4248,0.4502,0.2178,0.1489,0.031,0.031,0.4685,0.4175,0.249,0.1465,0.031,0.031,0.3567,0.439,0.2593,0.1477,0.031,0.031,0.5095,0.4551,0.2471,0.1416,0.031,0.031,0.481,0.4185,0.2026,0.1501,0.031,0.031,0.4678,0.4819,0.1821,0.1416,0.031,0.031,0.5713,0.4404,0.2637,0.144,0.031,0.031,0.5005,0.4819,0.2324,0.1477,0.031,0.031,0.4915,0.5049,0.2734,0.1282,0.031,0.031,0.4387,0.4702,0.2539,0.1501,0.031,0.031,0.5713,0.6743,0.249,0.144,0.031,0.031,0.6462,0.4492,0.2471,0.1501,0.031,0.031,0.4309,0.605,0.2324,0.1501,0.031,0.031,0.4561,0.3926,0.2471,0.1501,0.031,0.031,0.3567,0.4702,0.2446,0.144,0.031,0.031,0.6108,0.4507,0.2783,0.1501,0.031,0.031,0.5303,0.5396,0.2197,0.2231,0.1489,0.031,0.031,0.49,0.582,0.2495,0.1465,0.031,0.031,0.4219,0.4243,0.2495,0.1489,0.031,0.031,0.4109,0.5444,0.252,0.1404,0.031,0.031,0.5581,0.4551,0.2588,0.1465,0.031,0.031
0.6116,0.4092,0.4854,0.249,0.1367,0.031,0.031,0.5581,0.394,0.5605,0.2256,0.1477,0.031,0.031,0.6082,0.6001,0.2178,0.1501,0.031,0.031,0.3608,0.4072,0.1938,0.1489,0.031,0.031,0.5322,0.5391,0.2231,0.1501,0.031,0.031,0.5754,0.5229,0.2349,0.1465,0.031,0.031,0.5115,0.3862,0.2783,0.1465,0.031,0.031,0.3955,0.459,0.2495,0.1477,0.031,0.031,0.4448,0.5083,0.2373,0.1245,0.031,0.031,0.4248,0.4502,0.2178,0.1489,0.031,0.031,0.4685,0.4175,0.249,0.1465,0.031,0.031,0.3567,0.4717,0.2593,0.1477,0.031,0.031,0.5095,0.4551,0.2471,0.1416,0.031,0.031,0.481,0.4185,0.2026,0.1501,0.031,0.031,0.4678,0.4819,0.1821,0.1416,0.031,0.031,0.5713,0.4404,0.2637,0.144,0.031,0.031,0.5012,0.4819,0.2324,0.1477,0.031,0.031,0.4915,0.5049,0.2734,0.1282,0.031,0.031,0.4387,0.4702,0.2539,0.1501,0.031,0.031,0.5713,0.6743,0.249,0.144,0.031,0.031,0.6462,0.4492,0.2471,0.1501,0.031,0.031,0.4309,0.605,0.2324,0.1501,0.031,0.031,0.4561,0.3926,0.2471,0.1501,0.031,0.031,0.3567,0.4702,0.2446,0.144,0.031,0.031,0.6108,0.4507,0.2783,0.1501,0.031,0.031,0.5303,0.5396,0.2197,0.2231,0.1489,0.031,0.031,0.49,0.582,0.2495,0.1465,0.031,0.031,0.4219,0.4243,0.2495,0.1489,0.031,0.031,0.4109,0.5444,0.252,0.1404,0.031,0.031,0.5581,0.4551,0.2588,0.1465,0.031,0.031
0.6116,0.4092,0.4854,0.249,0.1367,0.031,0.031,0.5581,0.394,0.5605,0.2256,0.1477,0.031,0.031,0.6082,0.6001,0.2178,0.1501,0.031,0.031,0.3608,0.4072,0.1938,0.1489,0.031,0.031,0.5322,0.5391,0.2231,0.1501,0.031,0.031,0.5754,0.5229,0.2349,0.1465,0.031,0.031,0.5115,0.3862,0.2783,0.1465,0.031,0.031,0.3955,0.459,0.2495,0.1477,0.031,0.031,0.4448,0.5083,0.2373,0.1257,0.031,0.031,0.4248,0.4502,0.2178,0.1489,0.031,0.031,0.4685,0.4175,0.249,0.1465,0.031,0.031,0.3567,0.4717,0.2593,0.1477,0.031,0.031,0.5095,0.4551,0.2471,0.1416,0.031,0.031,0.481,0.4185,0.2026,0.1501,0.031,0.031,0.4678,0.4819,0.1821,0.1416,0.031,0.031,0.5713,0.4404,0.2637,0.144,0.031,0.031,0.5012,0.4819,0.2422,0.1477,0.031,0.031,0.4915,0.5049,0.2734,0.1282,0.031,0.031,0.4387,0.4702,0.2539,0.1501,0.031,0.031,0.5713,0.6743,0.249,0.144,0.031,0.031,0.6462,0.4492,0.2471,0.1501,0.031,0.031,0.4309,0.605,0.2324,0.1501,0.031,0.031,0.4561,0.3926,0.2471,0.1501,0.031,0.031,0.3567,0.4702,0.2446,0.144,0.031,0.031,0.6108,0.4507,0.2783,0.1501,0.031,0.031,0.5303,0.5396,0.2197,0.2231,0.1489,0.031,0.031,0.49,0.582,0.2495,0.1465,0.031,0.031,0.4219,0.4243,0.2495,0.1489,0.031,0.031,0.4109,0.5444,0.252,0.1404,0.031,0.031,0.5581,0.4551,0.2588,0.1465,0.031,0.031
0.6116,0.4092,0.4854,0.249,0.1367,0.031,0.031,0.5581,0.394,0.5605,0.23,0.1477,0.031,0.031,0.6082,0.6001,0.2324,0.1501,0.031,0.031,0.374,0.4072,0.1938,0.1489,0.031,0.031,0.5322,0.5391,0.2231,0.1501,0.031,0.031,0.5754,0.5229,0.2349,0.1465,0.031,0.031,0.5115,0.3862,0.2783,0.1465,0.031,0.031,0.3955,0.459,0.2495,0.1477,0.031,0.031,0.4448,0.5083,0.2373,0.1257,0.031,0.031,0.4248,0.4502,0.2178,0.1489,0.031,0.031,0.4685,0.4175,0.249,0.1465,0.031,0.031,0.3567,0.4717,0.2593,0.1477,0.031,0.031,0.5095,0.4551,0.2471,0.1416,0.031,0.031,0.481,0.4185,0.2026,0.1501,0.031,0.031,0.4678,0.4819,0.1821,0.1416,0.031,0.031,0.5713,0.4404,0.2637,0.144,0.031,0.031,0.5012,0.4819,0.2422,0.1477,0.031,0.031,0.4915,0.5049,0.2734,0.1282,0.031,0.031,0.4387,0.4702,0.2539,0.1501,0.031,0.031,0.5713,0.6826,0.249,0.144,0.031,0.031,0.6462,0.4492,0.2471,0.1501,0.031,0.031,0.4309,0.605,0.2324,0.1501,0.031,0.031,0.4561,0.3926,0.2471,0.1501,0.031,0.031,0.3616,0.4702,0.2446,0.144,0.031,0.031,0.6108,0.4507,0.2783,0.1501,0.031,0.031,0.5303,0.5396,0.2197,0.2231,0.1489,0.031,0.031,0.49,0.582,0.2544,0.1465,0.031,0.031,0.4219,0.4243,0.2495,0.1489,0.031,0.031,0.4158,0.5444,0.252,0.1404,0.031,0.031,0.5581,0.4551,0.2588,0.1465,0.031,0.031
0.6116,0.4092,0.4854,0.249,0.1367,0.031,0.031,0.5581,0.394,0.5605,0.23,0.1477,0.031,0.031,0.6082,0.6001,0.2324,0.1501,0.031,0.031,0.3789,0.4072,0.1938,0.1489,0.031,0.031,0.5322,0.5391,0.2231,0.1501,0.031,0.031,0.5754,0.5229,0.2349,0.1465,0.031,0.031,0.5115,0.3862,0.2783,0.1465,0.031,0.031,0.3955,0.4639,0.2495,0.1477,0.031,0.031,0.4448,0.5083,0.2373,0.1257,0.031,0.031,0.4248,0.4502,0.2178,0.1489,0.031,0.031,0.4685,0.4221,0.249,0.1465,0.031,0.031,0.3567,0.4717,0.2593,0.1477,0.031,0.031,0.5095,0.4551,0.2471,0.1416,0.031,0.031,0.481,0.4185,0.2026,0.1501,0.031,0.031,0.4678,0.4819,0.1929,0.1416,0.031,0.031,0.5713,0.4404,0.2637,0.144,0.031,0.031,0.5012,0.4819,0.2422,0.1477,0.031,0.031,0.4915,0.5049,0.2734,0.1282,0.031,0.031,0.4387,0.4702,0.2539,0.1501,0.031,0.031,0.5713,0.6826,0.249,0.144,0.031,0.031,0.6462,0.4492,0.2471,0.1501,0.031,0.031,0.4309,0.605,0.2324,0.1501,0.031,0.031,0.4561,0.3926,0.2471,0.1501,0.031,0.031,0.3616,0.4702,0.2446,0.144,0.031,0.031,0.6108,0.4507,0.2783,0.1501,0.031,0.031,0.5303,0.5396,0.2197,0.2231,0.1489,0.031,0.031,0.49,0.582,0.2544,0.1465,0.031,0.031,0.4219,0.4355,0.2495,0.1489,0.031,0.031,0.4158,0.5444,0.252,0.1404,0.031,0.031,0.5581,0.4551,0.2588,0.1465,0.031,0.031
0.6116,0.4092,0.4854,0.249,0.1367,0.031,0.031,0.5581,0.394,0.5605,0.23,0.1477,0.031,0.031,0.6082,0.6001,0.2324,0.1501,0.031,0.031,0.3789,0.4072,0.1938,0.1489,0.031,0.031,0.5322,0.5391,0.2231,0.1501,0.031,0.031,0.5754,0.5229,0.2349,0.1465,0.031,0.031,0.5115,0.3862,0.2783,0.1465,0.031,0.031,0.3955,0.4819,0.2495,0.1477,0.031,0.031,0.4448,0.5083,0.2373,0.1282,0.031,0.031,0.4248,0.4502,0.2178,0.1489,0.031,0.031,0.4685,0.4221,0.249,0.1465,0.031,0.031,0.3567,0.4717,0.2593,0.1477,0.031,0.031,0.5095,0.4551,0.2471,0.1416,0.031,0.031,0.481,0.4185,0.2075,0.1501,0.031,0.031,0.4678,0.4819,0.1929,0.1416,0.031,0.031,0.5713,0.4404,0.2637,0.144,0.031,0.031,0.5012,0.4819,0.2422,0.1477,0.031,0.031,0.4915,0.5049,0.2734,0.1282,0.031,0.031,0.4387,0.4702,0.2539,0.1501,0.031,0.031,0.5713,0.6826,0.249,0.144,0.031,0.031,0.6462,0.4492,0.2471,0.1501,0.031,0.031,0.4309,0.605,0.2324,0.1501,0.031,0.031,0.4561,0.3926,0.2471,0.1501,0.031,0.031,0.3616,0.4702,0.2446,0.144,0.031,0.031,0.6108,0.4604,0.2783,0.1501,0.031,0.031,0.5303,0.5396,0.2197,0.2231,0.1489,0.031,0.031,0.49,0.582,0.2544,0.1465,0.031,0.031,0.4219,0.4355,0.2495,0.1489,0.031,0.031,0.4158,0.5571,0.252,0.1404,0.031,0.031,0.5581,0.4551,0.2588,0.1465,0.031,0.031
0.6116,0.4092,0.4854,0.249,0.1367,0.031,0.031,0.5581,0.394,0.5605,0.23,0.1477,0.031,0.031,0.6082,0.6396,0.2324,0.1501,0.031,0.031,0.3789,0.4072,0.1938,0.1489,0.031,0.031,0.5322,0.5391,0.2231,0.1501,0.031,0.031,0.5754,0.5229,0.2349,0.1465,0.031,0.031,0.5115,0.3862,0.2783,0.1465,0.031,0.031,0.3955,0.4819,0.2495,0.1477,0.031,0.031,0.4448,0.5083,0.2373,0.1282,0.031,0.031,0.4248,0.4502,0.2178,0.1489,0.031,0.031,0.4685,0.4221,0.249,0.1465,0.031,0.031,0.3567,0.4717,0.2593,0.1477,0.031,0.031,0.5095,0.4551,0.2471,0.1416,0.031,0.031,0.481,0.4185,0.2075,0.1501,0.031,0.031,0.4678,0.4819,0.1929,0.1416,0.031,0.031,0.5713,0.4404,0.2637,0.144,0.031,0.031,0.5012,0.4819,0.2422,0.1477,0.031,0.031,0.4915,0.5049,0.2734,0.1282,0.031,0.031,0.4387,0.4702,0.2539,0.1501,0.031,0.031,0.5713,0.6826,0.249,0.144,0.031,0.031,0.6462,0.4492,0.2471,0.1501,0.031,0.031,0.4309,0.605,0.2324,0.1501,0.031,0.031,0.4561,0.3926,0.2471,0.1501,0.031,0.031,0.3616,0.4702,0.2446,0.1453,0.031,0.031,0.6108,0.4604,0.2783,0.1501,0.031,0.031,0.5303,0.5396,0.2197,0.2231,0.1489,0.031,0.031,0.49,0.582,0.2544,0.1465,0.031,0.031,0.4219,0.4355,0.2495,0.1489,0.031,0.031,0.4158,0.5571,0.252,0.1404,0.031,0.031,0.5581,0.4551,0.2588,0.1465,0.031,0.031
0.6116,0.4092,0.4854,0.249,0.1367,0.031,0.031,0.5581,0.394,0.5605,0.23,0.1477,0.031,0.031,0.6082,0.6396,0.2324,0.1501,0.031,0.031,0.3789,0.4072,0.1938,0.1489,0.031,0.031,0.5322,0.5391,0.2231,0.1501,0.031,0.031,0.5754,0.5313,0.2349,0.1465,0.031,0.031,0.5115,0.3862,0.2783,0.1465,0.031,0.031,0.3955,0.4819,0.2495,0.1477,0.031,0.031,0.4448,0.5083,0.2373,0.1282,0.031,0.031,0.4248,0.4502,0.2178,0.1489,0.031,0.031,0.4685,0.4221,0.249,0.1465,0.031,0.031,0.3567,0.4717,0.2593,0.1477,0.031,0.031,0.5095,0.4551,0.2471,0.1416,0.031,0.031,0.481,0.4185,0.2075,0.1501,0.031,0.031,0.4678,0.4819,0.1929,0.1416,0.031,0.031,0.5713,0.4404,0.2637,0.144,0.031,0.031,0.5012,0.4819,0.2422,0.1489,0.031,0.031,0.4915,0.5049,0.2734,0.1282,0.031,0.031,0.4387,0.4702,0.2539,0.1501,0.031,0.031,0.5713,0.6826,0.249,0.144,0.031,0.031,0.6462,0.4492,0.2471,0.1501,0.031,0.031,0.4309,0.605,0.2324,0.1501,0.031,0.031,0.4561,0.3926,0.2471,0.1501,0.031,0.031,0.3616,0.4702,0.2446,0.1453,0.031,0.031,0.6108,0.4604,0.2783,0.1501,0.031,0.031,0.5303,0.5396,0.2197,0.2231,0.1489,0.031,0.031,0.49,0.582,0.2544,0.1465,0.031,0.031,0.4219,0.4355,0.2495,0.1489,0.031,0.031,0.4158,0.5571,0.252,0.1404,0.031,0.031,0.5581,0.4551,0.2588,0.1465,0.031,0.031
0.6116,0.4092,0.4854,0.249,0.1367,0.031,0.031,0.5581,0.394,0.5605,0.23,0.1477,0.031,0.031,0.6082,0.6396,0.2324,0.1501,0.031,0.031,0.3789,0.4072,0.1938,0.1489,0.031,0.031,0.5322,0.5391,0.2231,0.1501,0.031,0.031,0.5754,0.5313,0.2349,0.1465,0.031,0.031,0.5115,0.3862,0.2783,0.1465,0.031,0.031,0.4038,0.4819,0.2495,0.1477,0.031,0.031,0.4448,0.5083,0.2373,0.1379,0.031,0.031,0.4248,0.4502,0.2178,0.1489,0.031,0.031,0.4685,0.4221,0.249,0.1465,0.031,0.031,0.3567,0.4717,0.2593,0.1477,0.031,0.031,0.5095,0.4551,0.2471,0.1416,0.031,0.031,0.481,0.4185,0.2075,0.1501,0.031,0.031,0.4678,0.4819,0.1929,0.1416,0.031,0.031,0.5713,0.4404,0.2637,0.144,0.031,0.031,0.5012,0.4819,0.2422,0.1489,0.031,0.031,0.4915,0.5049,0.2734,0.1282,0.031,0.031,0.4387,0.4702,0.2539,0.1501,0.031,0.031,0.5713,0.6826,0.249,0.144,0.031,0.031,0.6462,0.4492,0.2471,0.1501,0.031,0.031,0.4309,0.605,0.2324,0.1501,0.031,0.031,0.4561,0.3926,0.2471,0.1501,0.031,0.031,0.3616,0.4702,0.2446,0.1453,0.031,0.031,0.6108,0.4604,0.2783,0.1501,0.031,0.031,0.5303,0.5435,0.2197,0.2231,0.1489,0.031,0.031,0.49,0.582,0.2544,0.1465,0.031,0.031,0.4219,0.4355,0.2495,0.1489,0.031,0.031,0.4158,0.5571,0.252,0.1404,0.031,0.031,0.5581,0.4551,0.2588,0.1465,0.031,0.031
0.6116,0.4092,0.4854,0.249,0.1367,0.031,0.031,0.5581,0.394,0.5605,0.2495,0.1477,0.031,0.031,0.6082,0.6396,0.2324,0.1501,0.031,0.031,0.3789,0.4072,0.1938,0.1489,0.031,0.031,0.5322,0.5391,0.2231,0.1501,0.031,0.031,0.5754,0.5313,0.2349,0.1465,0.031,0.031,0.5115,0.3862,0.2783,0.1465,0.031,0.031,0.4038,0.4819,0.2495,0.1477,0.031,0.031,0.4448,0.5083,0.2373,0.1379,0.031,0.031,0.4248,0.4502,0.2178,0.1489,0.031,0.031,0.4685,0.4221,0.249,0.1465,0.031,0.031,0.3567,0.4717,0.2593,0.1477,0.031,0.031,0.5095,0.4551,0.2471,0.1416,0.031,0.031,0.481,0.4185,0.2075,0.1501,0.031,0.031,0.4678,0.4819,0.1929,0.1428,0.031,0.031,0.5713,0.4404,0.2637,0.144,0.031,0.031,0.5012,0.4819,0.2422,0.1489,0.031,0.031,0.4915,0.5049,0.2734,0.1282,0.031,0.031,0.4387,0.4702,0.2539,0.1501,0.031,0.031,0.5713,0.6826,0.249,0.144,0.031,0.031,0.6462,0.4492,0.2471,0.1501,0.031,0.031,0.4309,0.605,0.2324,0.1501,0.031,0.031,0.4561,0.3926,0.2471,0.1501,0.031,0.031,0.3616,0.4702,0.2446,0.1477,0.031,0.031,0.6108,0.4604,0.2783,0.1501,0.031,0.031,0.5303,0.5435,0.2197,0.2231,0.1489,0.031,0.031,0.49,0.582,0.2544,0.1465,0.031,0.031,0.4219,0.4355,0.2495,0.1489,0.031,0.031,0.4158,0.5571,0.252,0.1404,0.031,0.031,0.5581,0.4551,0.2588,0.1465,0.031,0.031
0.6116,0.4092,0.4937,0.249,0.1416,0.031,0.031,0.5581,0.394,0.5605,0.2495,0.1477,0.031,0.031,0.6082,0.6396,0.2324,0.1501,0.031,0.031,0.3789,0.4072,0.1938,0.1489,0.031,0.031,0.5322,0.5391,0.2231,0.1501,0.031,0.031,0.5754,0.5313,0.2349,0.1465,0.031,0.031,0.5115,0.3862,0.2783,0.1465,0.031,0.031,0.4038,0.4819,0.2495,0.1477,0.031,0.031,0.4448,0.5083,0.2373,0.1379,0.031,0.031,0.4248,0.4502,0.2178,0.1489,0.031,0.031,0.4685,0.4221,0.249,0.1477,0.031,0.031,0.3567,0.4717,0.2593,0.1477,0.031,0.031,0.5095,0.4551,0.2471,0.1416,0.031,0.031,0.481,0.4185,0.2075,0.1501,0.031,0.031,0.4678,0.4819,0.1929,0.1428,0.031,0.031,0.5713,0.4404,0.2637,0.144,0.031,0.031,0.5012,0.4819,0.2422,0.1489,0.031,0.031,0.4915,0.5049,0.2734,0.1282,0.031,0.031,0.4387,0.4702,0.2539,0.1501,0.031,0.031,0.5713,0.6826,0.249,0.144,0.031,0.031,0.6462,0.4492,0.2471,0.1501,0.031,0.031,0.4392,0.605,0.2324,0.1501,0.031,0.031,0.4561,0.3926,0.2471,0.1501,0.031,0.031,0.3616,0.4702,0.2446,0.1477,0.031,0.031,0.6108,0.4604,0.2783,0.1501,0.031,0.031,0.5303,0.5435,0.2197,0.2231,0.1489,0.031,0.031,0.49,0.582,0.2544,0.1465,0.031,0.031,0.4219,0.4355,0.2495,0.1489,0.031,0.031,0.4158,0.5571,0.252,0.1404,0.031,0.031,0.5581,0.4551,0.2588,0.1465,0.031,0.031
0.6116,0.4092,0.4937,0.249,0.1416,0.031,0.031,0.5581,0.394,0.5605,0.2495,0.1477,0.031,0.031,0.6082,0.6396,0.2324,0.1501,0.031,0.031,0.3789,0.4072,0.1938,0.1489,0.031,0.031,0.5322,0.5391,0.2231,0.1501,0.031,0.031,0.5754,0.5313,0.2349,0.1465,0.031,0.031,0.5115,0.3862,0.2783,0.1465,0.031,0.031,0.4038,0.4819,0.2495,0.1477,0.031,0.031,0.4448,0.5083,0.2373,0.1379,0.031,0.031,0.4248,0.4502,0.2178,0.1489,0.031,0.031,0.4685,0.4221,0.249,0.1477,0.031,0.031,0.3567,0.4717,0.2593,0.1477,0.031,0.031,0.5095,0.4551,0.2471,0.1416,0.031,0.031,0.481,0.4185,0.2075,0.1501,0.031,0.031,0.4678,0.4819,0.1929,0.1428,0.031,0.031,0.5713,0.4683,0.2637,0.144,0.031,0.031,0.5012,0.4819,0.2422,0.1489,0.031,0.031,0.5137,0.5049,0.2734,0.1282,0.031,0.031,0.4387,0.4702,0.2539,0.1501,0.031,0.031,0.5713,0.6826,0.249,0.144,0.031,0.031,0.6462,0.4492,0.2471,0.1501,0.031,0.031,0.4392,0.605,0.2324,0.1501,0.031,0.031,0.4561,0.3926,0.2471,0.1501,0.031,0.031,0.3616,0.4702,0.2446,0.1477,0.031,0.031,0.6108,0.4604,0.2783,0.1501,0.031,0.031,0.5303,0.5435,0.2197,0.2231,0.1489,0.031,0.031,0.49,0.582,0.2544,0.1465,0.031,0.031,0.4219,0.4355,0.2495,0.1489,0.031,0.031,0.4158,0.5571,0.2539,0.1404,0.031,0.031,0.5581,0.4551,0.2588,0.1465,0.031,0.031
0.6116,0.4092,0.4937,0.249,0.1416,0.031,0.031,0.5581,0.394,0.5605,0.2495,0.1477,0.031,0.031,0.6082,0.6396,0.2324,0.1501,0.031,0.031,0.3789,0.4072,0.1938,0.1489,0.031,0.031,0.5322,0.5391,0.2231,0.1501,0.031,0.031,0.5754,0.5313,0.2349,0.1465,0.031,0.031,0.5115,0.3862,0.2783,0.1465,0.031,0.031,0.4038,0.4819,0.2495,0.1477,0.031,0.031,0.4448,0.5083,0.2373,0.1416,0.031,0.031,0.4248,0.4502,0.2178,0.1489,0.031,0.031,0.4685,0.4221,0.249,0.1477,0.031,0.031,0.3567,0.4717,0.2593,0.1477,0.031,0.031,0.5095,0.4551,0.2471,0.1416,0.031,0.031,0.481,0.4185,0.2075,0.1501,0.031,0.031,0.4678,0.4819,0.1929,0.1428,0.031,0.031,0.5713,0.4995,0.2637,0.144,0.031,0.031,0.5012,0.4819,0.2422,0.1489,0.031,0.031,0.5137,0.5049,0.2734,0.1282,0.031,0.031,0.4387,0.4702,0.2539,0.1501,0.031,0.031,0.5713,0.6826,0.249,0.144,0.031,0.031,0.6462,0.4492,0.2471,0.1501,0.031,0.031,0.4392,0.605,0.2324,0.1501,0.031,0.031,0.4561,0.3926,0.2471,0.1501,0.031,0.031,0.3616,0.4702,0.2446,0.1477,0.031,0.031,0.6108,0.4604,0.2783,0.1501,0.031,0.031,0.5303,0.5435,0.2197,0.2231,0.1489,0.031,0.031,0.49,0.582,0.2544,0.1465,0.031,0.031,0.4219,0.4355,0.2495,0.1489,0.031,0.031,0.4158,0.5571,0.2539,0.1404,0.031,0.031,0.5581,0.4551,0.2588,0.1465,0.031,0.031
0.6116,0.4092,0.4937,0.249,0.1416,0.031,0.031,0.5581,0.394,0.5605,0.2495,0.1477,0.031,0.031,0.6082,0.6396,0.2324,0.1501,0.031,0.031,0.3789,0.4072,0.1938,0.1489,0.031,0.031,0.5322,0.5391,0.2231,0.1501,0.031,0.031,0.5754,0.5313,0.2349,0.1477,0.031,0.031,0.5115,0.3862,0.2783,0.1465,0.031,0.031,0.4038,0.4819,0.2495,0.1477,0.031,0.031,0.4448,0.5083,0.2373,0.1416,0.031,0.031,0.4248,0.4502,0.2178,0.1489,0.031,0.031,0.4685,0.4221,0.249,0.1477,0.031,0.031,0.3567,0.4717,0.2593,0.1477,0.031,0.031,0.5095,0.4551,0.2471,0.1416,0.031,0.031,0.481,0.4185,0.2075,0.1501,0.031,0.031,0.4678,0.4819,0.1929,0.1428,0.031,0.031,0.5713,0.4995,0.2637,0.144,0.031,0.031,0.5012,0.4819,0.2422,0.1489,0.031,0.031,0.5137,0.5049,0.2734,0.1282,0.031,0.031,0.4387,0.4702,0.2539,0.1501,0.031,0.031,0.5713,0.6826,0.249,0.144,0.031,0.031,0.6462,0.4492,0.2471,0.1501,0.031,0.031,0.4399,0.605,0.2324,0.1501,0.031,0.031,0.4561,0.3926,0.2471,0.1501,0.031,0.031,0.3616,0.4702,0.2446,0.1477,0.031,0.031,0.6108,0.4604,0.2783,0.1501,0.031,0.031,0.5303,0.5435,0.2197,0.2231,0.1489,0.031,0.031,0.49,0.582,0.2544,0.1465,0.031,0.031,0.4219,0.4355,0.2495,0.1489,0.031,0.031,0.4158,0.5571,0.2539,0.1404,0.031,0.031,0.5581,0.4551,0.2588,0.1465,0.031,0.031
0.6116,0.4092,0.4937,0.249,0.1416,0.031,0.031,0.5581,0.394,0.5605,0.2495,0.1477,0.031,0.031,0.6082,0.6396,0.2324,0.1501,0.031,0.031,0.3887,0.4072,0.1938,0.1489,0.031,0.031,0.5322,0.5391,0.2231,0.1501,0.031,0.031,0.5754,0.5313,0.2349,0.1477,0.031,0.031,0.5115,0.3862,0.2783,0.1465,0.031,0.031,0.4038,0.4819,0.2495,0.1477,0.031,0.031,0.4448,0.5083,0.2373,0.1416,0.031,0.031,0.4248,0.4502,0.2178,0.1489,0.031,0.031,0.4685,0.4221,0.249,0.1477,0.031,0.031,0.3567,0.4717,0.2593,0.1477,0.031,0.031,0.5095,0.4551,0.2471,0.1416,0.031,0.031,0.481,0.4185,0.2075,0.1501,0.031,0.031,0.4678,0.4819,0.1929,0.1428,0.031,0.031,0.5713,0.4995,0.2637,0.144,0.031,0.031,0.5012,0.4819,0.2422,0.1489,0.031,0.031,0.5137,0.5049,0.2734,0.1282,0.031,0.031,0.4387,0.4702,0.2539,0.1501,0.031,0.031,0.5713,0.6826,0.249,0.144,0.031,0.031,0.6462,0.4492,0.2544,0.1501,0.031,0.031,0.4399,0.605,0.2324,0.1501,0.031,0.031,0.4561,0.3926,0.2471,0.1501,0.031,0.031,0.3616,0.4702,0.2446,0.1477,0.031,0.031,0.6108,0.4604,0.2783,0.1501,0.031,0.031,0.5303,0.5435,0.2197,0.2231,0.1489,0.031,0.031,0.49,0.582,0.2544,0.1465,0.031,0.031,0.4219,0.4355,0.2495,0.1489,0.031,0.031,0.4158,0.5571,0.2539,0.1404,0.031,0.031,0.5581,0.4551,0.2588,0.1465,0.031,0.031
0.6116,0.4092,0.4937,0.249,0.1416,0.031,0.031,0.5581,0.394,0.5605,0.2495,0.1477,0.031,0.031,0.6123,0.6396,0.2324,0.1501,0.031,0.031,0.3887,0.4072,0.1938,0.1489,0.031,0.031,0.5322,0.5391,0.2231,0.1501,0.031,0.031,0.5754,0.5313,0.2349,0.1477,0.031,0.031,0.5115,0.3862,0.2783,0.1465,0.031,0.031,0.4038,0.4819,0.2495,0.1477,0.031,0.031,0.4448,0.5083,0.2373,0.1416,0.031,0.031,0.4248,0.4502,0.2178,0.1489,0.031,0.031,0.4685,0.4224,0.249,0.1477,0.031,0.031,0.3567,0.4717,0.2593,0.1477,0.031,0.031,0.5095,0.4551,0.2471,0.1416,0.031,0.031,0.481,0.4185,0.2075,0.1501,0.031,0.031,0.4678,0.4819,0.1929,0.1465,0.031,0.031,0.5886,0.4995,0.2637,0.144,0.031,0.031,0.5012,0.4819,0.2422,0.1489,0.031,0.031,0.5137,0.5049,0.2734,0.1282,0.031,0.031,0.4387,0.4702,0.2539,0.1501,0.031,0.031,0.5713,0.6826,0.249,0.144,0.031,0.031,0.6462,0.4492,0.2544,0.1501,0.031,0.031,0.4399,0.605,0.2324,0.1501,0.031,0.031,0.4561,0.3926,0.2471,0.1501,0.031,0.031,0.3616,0.4702,0.2446,0.1477,0.031,0.031,0.6108,0.4604,0.2783,0.1501,0.031,0.031,0.5303,0.5435,0.2197,0.2231,0.1489,0.031,0.031,0.49,0.582,0.2544,0.1465,0.031,0.031,0.4219,0.4355,0.2495,0.1489,0.031,0.031,0.4158,0.5571,0.2539,0.144,0.031,0.031,0.5581,0.4551,0.2588,0.1465,0.031,0.031
0.6116,0.4092,0.4937,0.249,0.1416,0.031,0.031,0.5581,0.394,0.5605,0.2495,0.1477,0.031,0.031,0.6123,0.6396,0.2324,0.1501,0.031,0.031,0.3887,0.4072,0.1938,0.1489,0.031,0.031,0.5322,0.5391,0.2231,0.1501,0.031,0.031,0.5754,0.5313,0.2349,0.1489,0.031,0.031,0.5115,0.3862,0.2783,0.1465,0.031,0.031,0.4038,0.4819,0.2495,0.1477,0.031,0.031,0.4448,0.5083,0.2397,0.1416,0.031,0.031,0.4248,0.4502,0.2178,0.1489,0.031,0.031,0.4685,0.4224,0.249,0.1477,0.031,0.031,0.3567,0.4717,0.2593,0.1477,0.031,0.031,0.5095,0.4551,0.2471,0.1416,0.031,0.031,0.481,0.4185,0.2075,0.1501,0.031,0.031,0.4678,0.4819,0.1929,0.1465,0.031,0.031,0.5886,0.4995,0.2637,0.144,0.031,0.031,0.5012,0.4819,0.2422,0.1489,0.031,0.031,0.5137,0.5049,0.2734,0.1282,0.031,0.031,0.4478,0.4702,0.2539,0.1501,0.031,0.031,0.5713,0.6826,0.249,0.144,0.031,0.031,0.6462,0.4492,0.2544,0.1501,0.031,0.031,0.4399,0.605,0.2324,0.1501,0.031,0.031,0.4561,0.3926,0.2471,0.1501,0.031,0.031,0.3616,0.4702,0.2446,0.1477,0.031,0.031,0.6108,0.4604,0.2783,0.1501,0.031,0.031,0.5303,0.5435,0.2197,0.2231,0.1489,0.031,0.031,0.49,0.582,0.2544,0.1465,0.031,0.031,0.4219,0.4355,0.2495,0.1489,0.031,0.031,0.4158,0.5571,0.2539,0.144,0.031,0.031,0.5581,0.4551,0.2588,0.1465,0.031,0.031
0.6116,0.4092,0.4937,0.249,0.1416,0.031,0.031,0.5581,0.394,0.5605,0.252,0.1477,0.031,0.031,0.6123,0.6396,0.2324,0.1501,0.031,0.031,0.3887,0.4072,0.1938,0.1489,0.031,0.031,0.5322,0.5391,0.2231,0.1501,0.031,0.031,0.5754,0.5313,0.2349,0.1489,0.031,0.031,0.5115,0.3862,0.2783,0.1465,0.031,0.031,0.4038,0.4819,0.2495,0.1477,0.031,0.031,0.4448,0.5083,0.2397,0.1416,0.031,0.031,0.4248,0.4502,0.2178,0.1489,0.031,0.031,0.4685,0.4224,0.249,0.1477,0.031,0.031,0.3567,0.4717,0.2593,0.1477,0.031,0.031,0.5095,0.4551,0.2471,0.1416,0.031,0.031,0.481,0.4185,0.2075,0.1501,0.031,0.031,0.4678,0.4819,0.1929,0.1477,0.031,0.031,0.5886,0.4995,0.2637,0.144,0.031,0.031,0.5012,0.4819,0.2422,0.1489,0.031,0.031,0.5137,0.5049,0.2734,0.1282,0.031,0.031,0.4478,0.4702,0.2539,0.1501,0.031,0.031,0.5713,0.6826,0.249,0.144,0.031,0.031,0.6462,0.4492,0.2544,0.1501,0.031,0.031,0.4399,0.605,0.2324,0.1501,0.031,0.031,0.4561,0.3926,0.2471,0.1501,0.031,0.031,0.3616,0.4702,0.2446,0.1477,0.031,0.031,0.6108,0.4604,0.2783,0.1501,0.031,0.031,0.5303,0.5435,0.2197,0.2231,0.1489,0.031,0.031,0.49,0.582,0.2544,0.1465,0.031,0.031,0.4219,0.4355,0.2495,0.1489,0.031,0.031,0.4158,0.5571,0.2539,0.144,0.031,0.031,0.5581,0.4551,0.2588,0.1465,0.031,0.031
0.6116,0.4092,0.4937,0.249,0.1416,0.031,0.031,0.5581,0.394,0.5605,0.252,0.1477,0.031,0.031,0.6123,0.6396,0.2324,0.1501,0.031,0.031,0.3887,0.4072,0.1938,0.1489,0.031,0.031,0.5322,0.5391,0.2231,0.1501,0.031,0.031,0.5754,0.5313,0.2349,0.1501,0.031,0.031,0.5115,0.3862,0.2783,0.1465,0.031,0.031,0.4038,0.4819,0.2495,0.1477,0.031,0.031,0.4448,0.5083,0.2397,0.1416,0.031,0.031,0.4248,0.4502,0.2178,0.1489,0.031,0.031,0.4685,0.4224,0.249,0.1477,0.031,0.031,0.3567,0.4717,0.2593,0.1477,0.031,0.031,0.5095,0.4551,0.2471,0.1416,0.031,0.031,0.481,0.4185,0.2075,0.1501,0.031,0.031,0.4678,0.4819,0.1929,0.1477,0.031,0.031,0.5886,0.4995,0.2637,0.144,0.031,0.031,0.5012,0.4819,0.2422,0.1489,0.031,0.031,0.5137,0.5049,0.2734,0.1282,0.031,0.031,0.4478,0.4702,0.2539,0.1501,0.031,0.031,0.5713,0.6826,0.249,0.144,0.031,0.031,0.6462,0.4492,0.2544,0.1501,0.031,0.031,0.467,0.605,0.2324,0.1501,0.031,0.031,0.4561,0.3926,0.2471,0.1501,0.031,0.031,0.3616,0.4702,0.2446,0.1477,0.031,0.031,0.6108,0.4604,0.2783,0.1501,0.031,0.031,0.5303,0.5435,0.2197,0.2231,0.1489,0.031,0.031,0.49,0.582,0.2544,0.1465,0.031,0.031,0.4219,0.4355,0.2495,0.1489,0.031,0.031,0.4158,0.5703,0.2539,0.144,0.031,0.031,0.5581,0.4551,0.2588,0.1465,0.031,0.031
0.6116,0.4092,0.4937,0.249,0.1416,0.031,0.031,0.5581,0.394,0.5605,0.252,0.1477,0.031,0.031,0.6123,0.6396,0.2324,0.1501,0.031,0.031,0.3887,0.4072,0.1938,0.1489,0.031,0.031,0.5322,0.5391,0.2231,0.1501,0.031,0.031,0.5754,0.5313,0.2349,0.1501,0.031,0.031,0.5115,0.3862,0.2783,0.1465,0.031,0.031,0.4038,0.4819,0.2495,0.1477,0.031,0.031,0.4448,0.5083,0.2397,0.1416,0.031,0.031,0.4248,0.4502,0.2178,0.1489,0.031,0.031,0.4685,0.4224,0.249,0.1477,0.031,0.031,0.3567,0.4717,0.2593,0.1477,0.031,0.031,0.5095,0.4551,0.2471,0.1416,0.031,0.031,0.481,0.4185,0.2075,0.1501,0.031,0.031,0.4678,0.4819,0.1929,0.1477,0.031,0.031,0.5886,0.4995,0.2637,0.144,0.031,0.031,0.5012,0.4819,0.2422,0.1489,0.031,0.031,0.5137,0.5049,0.2734,0.1282,0.031,0.031,0.4478,0.4702,0.2539,0.1501,0.031,0.031,0.5713,0.6826,0.249,0.144,0.031,0.031,0.6462,0.4492,0.2544,0.1501,0.031,0.031,0.467,0.605,0.2324,0.1501,0.031,0.031,0.4561,0.3926,0.2471,0.1501,0.031,0.031,0.3616,0.4702,0.2446,0.1477,0.031,0.031,0.6108,0.4604,0.2783,0.1501,0.031,0.031,0.5303,0.5435,0.2197,0.2231,0.1489,0.031,0.031,0.49,0.582,0.2544,0.1465,0.031,0.031,0.4219,0.4355,0.2495,0.1489,0.031,0.031,0.4158,0.5703,0.2539,0.144,0.031,0.031,0.5581,0.4551,0.2588,0.1465,0.031,0.031
0.6116,0.4092,0.4937,0.249,0.1416,0.031,0.031,0.5581,0.394,0.5605,0.252,0.1477,0.031,0.031,0.6123,0.6396,0.2324,0.1501,0.031,0.031,0.3887,0.4072,0.1938,0.1489,0.031,0.031,0.5322,0.5391,0.2231,0.1501,0.031,0.031,0.6157,0.5313,0.2349,0.1501,0.031,0.031,0.5115,0.3862,0.2783,0.1465,0.031,0.031,0.4038,0.4819,0.2495,0.1477,0.031,0.031,0.4448,0.5083,0.2397,0.1416,0.031,0.031,0.4248,0.4502,0.2178,0.1489,0.031,0.031,0.4685,0.4224,0.249,0.1477,0.031,0.031,0.3567,0.4717,0.2593,0.1477,0.031,0.031,0.5095,0.4551,0.2588,0.1416,0.031,0.031,0.481,0.4185,0.2075,0.1501,0.031,0.031,0.4678,0.4819,0.1929,0.1477,0.031,0.031,0.5886,0.4995,0.2637,0.144,0.031,0.031,0.5012,0.4819,0.2422,0.1489,0.031,0.031,0.5137,0.5049,0.2734,0.1282,0.031,0.031,0.4478,0.4702,0.2539,0.1501,0.031,0.031,0.5713,0.6826,0.249,0.1465,0.031,0.031,0.6462,0.4492,0.2544,0.1501,0.031,0.031,0.467,0.605,0.2324,0.1501,0.031,0.031,0.4561,0.3926,0.2471,0.1501,0.031,0.031,0.3616,0.4702,0.2446,0.1477,0.031,0.031,0.6108,0.4604,0.2783,0.1501,0.031,0.031,0.5303,0.5435,0.2197,0.2231,0.1489,0.031,0.031,0.49,0.582,0.2544,0.1465,0.031,0.031,0.4219,0.4438,0.2495,0.1489,0.031,0.031,0.4192,0.5703,0.2539,0.144,0.031,0.031,0.5581,0.4551,0.2588,0.1465,0.031,0.031
0.6116,0.4092,0.4937,0.249,0.1416,0.031,0.031,0.5581,0.394,0.5605,0.252,0.1477,0.031,0.031,0.6123,0.6396,0.2324,0.1501,0.031,0.031,0.3887,0.4072,0.1938,0.1489,0.031,0.031,0.5322,0.5391,0.2231,0.1501,0.031,0.031,0.6157,0.5313,0.2349,0.1501,0.031,0.031,0.5115,0.3862,0.2783,0.1465,0.031,0.031,0.4038,0.4819,0.252,0.1477,0.031,0.031,0.4448,0.5083,0.2397,0.1416,0.031,0.031,0.4248,0.4502,0.2178,0.1489,0.031,0.031,0.4685,0.4224,0.249,0.1477,0.031,0.031,0.3567,0.4717,0.2593,0.1477,0.031,0.031,0.5095,0.4551,0.2588,0.1416,0.031,0.031,0.481,0.4185,0.2075,0.1501,0.031,0.031,0.4678,0.4819,0.1929,0.1477,0.031,0.031,0.5886,0.4995,0.2637,0.144,0.031,0.031,0.5012,0.4819,0.2422,0.1489,0.031,0.031,0.5137,0.5049,0.2734,0.1282,0.031,0.031,0.4478,0.4702,0.2539,0.1501,0.031,0.031,0.5713,0.6826,0.249,0.1465,0.031,0.031,0.6462,0.4492,0.2544,0.1501,0.031,0.031,0.467,0.605,0.2324,0.1501,0.031,0.031,0.4561,0.3926,0.2471,0.1501,0.031,0.031,0.3616,0.4702,0.2446,0.1477,0.031,0.031,0.6108,0.4604,0.2783,0.1501,0.031,0.031,0.5393,0.5435,0.2197,0.2231,0.1489,0.031,0.031,0.49,0.582,0.2544,0.1465,0.031,0.031,0.4219,0.4438,0.2495,0.1489,0.031,0.031,0.4192,0.5703,0.2539,0.144,0.031,0.031,0.5581,0.4551,0.2588,0.1465,0.031,0.031
0.6116,0.4092,0.4937,0.249,0.1416,0.031,0.031,0.5581,0.394,0.5605,0.252,0.1477,0.031,0.031,0.6123,0.6396,0.2324,0.1501,0.031,0.031,0.3887,0.4072,0.1938,0.1489,0.031,0.031,0.5322,0.5391,0.2231,0.1501,0.031,0.031,0.6157,0.5313,0.2349,0.1501,0.031,0.031,0.5115,0.3862,0.2783,0.1465,0.031,0.031,0.4038,0.4819,0.252,0.1477,0.031,0.031,0.4448,0.5083,0.2397,0.1428,0.031,0.031,0.4248,0.4502,0.2178,0.1489,0.031,0.031,0.4685,0.4224,0.249,0.1477,0.031,0.031,0.3567,0.4717,0.2593,0.1477,0.031,0.031,0.5095,0.4551,0.2588,0.1416,0.031,0.031,0.481,0.4185,0.2075,0.1501,0.031,0.031,0.4678,0.4819,0.1929,0.1489,0.031,0.031,0.5886,0.4995,0.2637,0.144,0.031,0.031,0.5012,0.4819,0.2422,0.1489,0.031,0.031,0.5137,0.5049,0.2734,0.1282,0.031,0.031,0.4478,0.4702,0.2539,0.1501,0.031,0.031,0.5713,0.6826,0.249,0.1465,0.031,0.031,0.6462,0.4492,0.2544,0.1501,0.031,0.031,0.467,0.605,0.2324,0.1501,0.031,0.031,0.4561,0.3926,0.2471,0.1501,0.031,0.031,0.3616,0.4702,0.2446,0.1477,0.031,0.031,0.6108,0.4604,0.2783,0.1501,0.031,0.031,0.5393,0.5435,0.2197,0.2231,0.1489,0.031,0.031,0.49,0.582,0.2544,0.1465,0.031,0.031,0.4219,0.4438,0.2495,0.1489,0.031,0.031,0.4192,0.5703,0.2539,0.144,0.031,0.031,0.5581,0.4551,0.2588,0.1465,0.031,0.031
0.6116,0.4092,0.4937,0.249,0.1416,0.031,0.031,0.5581,0.394,0.5605,0.252,0.1477,0.031,0.031,0.6123,0.6396,0.2324,0.1501,0.031,0.031,0.3887,0.4072,0.1938,0.1489,0.031,0.031,0.5322,0.5391,0.2231,0.1501,0.031,0.031,0.6157,0.5313,0.2349,0.1501,0.031,0.031,0.5115,0.3862,0.2783,0.1465,0.031,0.031,0.4038,0.4819,0.252,0.1477,0.031,0.031,0.4448,0.5083,0.2397,0.1428,0.031,0.031,0.4248,0.4502,0.2178,0.1489,0.031,0.031,0.4685,0.4224,0.249,0.1477,0.031,0.031,0.3567,0.4717,0.2593,0.1477,0.031,0.031,0.5095,0.4551,0.2588,0.1416,0.031,0.031,0.481,0.4185,0.2075,0.1501,0.031,0.031,0.4678,0.4819,0.1929,0.1489,0.031,0.031,0.5886,0.4995,0.2637,0.1453,0.031,0.031,0.5012,0.4819,0.2422,0.1489,0.031,0.031,0.5137,0.5049,0.2734,0.1282,0.031,0.031,0.4478,0.4702,0.2539,0.1501,0.031,0.031,0.5713,0.6826,0.249,0.1465,0.031,0.031,0.6462,0.4492,0.2544,0.1501,0.031,0.031,0.467,0.605,0.2324,0.1501,0.031,0.031,0.4561,0.3926,0.2471,0.1501,0.031,0.031,0.3616,0.4702,0.2446,0.1477,0.031,0.031,0.6108,0.4604,0.2783,0.1501,0.031,0.031,0.5393,0.5435,0.2197,0.2231,0.1489,0.031,0.031,0.49,0.582,0.2544,0.1501,0.031,0.031,0.4219,0.4438,0.2495,0.1489,0.031,0.031,0.4192,0.5703,0.2539,0.144,0.031,0.031,0.5581,0.4551,0.2588,0.1465,0.031,0.031
0.6116,0.4092,0.4937,0.249,0.1416,0.031,0.031,0.5581,0.394,0.5605,0.252,0.1477,0.031,0.031,0.6123,0.6396,0.2324,0.1501,0.031,0.031,0.3887,0.4072,0.1968,0.1489,0.031,0.031,0.5322,0.5391,0.2231,0.1501,0.031,0.031,0.6157,0.5313,0.2349,0.1501,0.031,0.031,0.5115,0.3862,0.2783,0.1465,0.031,0.031,0.4038,0.4819,0.252,0.1477,0.031,0.031,0.4448,0.5083,0.2397,0.1428,0.031,0.031,0.4248,0.4502,0.2178,0.1489,0.031,0.031,0.4685,0.4224,0.249,0.1477,0.031,0.031,0.3567,0.4717,0.2593,0.1477,0.031,0.031,0.5095,0.4551,0.2588,0.1416,0.031,0.031,0.481,0.4185,0.2075,0.1501,0.031,0.031,0.4678,0.4819,0.1929,0.1489,0.031,0.031,0.5886,0.4995,0.2637,0.1453,0.031,0.031,0.5012,0.4819,0.2422,0.1489,0.031,0.031,0.5137,0.5049,0.2734,0.1282,0.031,0.031,0.4478,0.4702,0.2539,0.1501,0.031,0.031,0.5713,0.6826,0.249,0.1465,0.031,0.031,0.6462,0.4492,0.2544,0.1501,0.031,0.031,0.467,0.605,0.2324,0.1501,0.031,0.031,0.4561,0.3926,0.2471,0.1501,0.031,0.031,0.3616,0.4702,0.2446,0.1477,0.031,0.031,0.6108,0.4604,0.2783,0.1501,0.031,0.031,0.5393,0.5435,0.2197,0.2231,0.1489,0.031,0.031,0.49,0.582,0.2544,0.1501,0.031,0.031,0.4219,0.4438,0.2495,0.1489,0.031,0.031,0.4192,0.5703,0.2539,0.144,0.031,0.031,0.5581,0.4551,0.2588,0.1465,0.031,0.031
0.6116,0.4092,0.4937,0.249,0.1416,0.031,0.031,0.5581,0.394,0.5605,0.252,0.1477,0.031,0.031,0.6123,0.6396,0.2324,0.1501,0.031,0.031,0.3887,0.4072,0.1968,0.1489,0.031,0.031,0.5322,0.5391,0.2231,0.1501,0.031,0.031,0.6157,0.5313,0.2349,0.1501,0.031,0.031,0.5115,0.3862,0.2783,0.1465,0.031,0.031,0.4038,0.4819,0.252,0.1477,0.031,0.031,0.4546,0.5083,0.2397,0.1428,0.031,0.031,0.4248,0.4502,0.2178,0.1489,0.031,0.031,0.4685,0.4224,0.249,0.1477,0.031,0.031,0.3567,0.4717,0.2593,0.1477,0.031,0.031,0.5095,0.4551,0.2588,0.1416,0.031,0.031,0.481,0.4185,0.2075,0.1501,0.031,0.031,0.4678,0.4819,0.1929,0.1489,0.031,0.031,0.5886,0.4995,0.2637,0.1453,0.031,0.031,0.5012,0.4819,0.2422,0.1489,0.031,0.031,0.5137,0.5049,0.2734,0.1282,0.031,0.031,0.4478,0.4702,0.2539,0.1501,0.031,0.031,0.5713,0.6826,0.249,0.1465,0.031,0.031,0.6462,0.4492,0.2544,0.1501,0.031,0.031,0.467,0.605,0.2324,0.1501,0.031,0.031,0.4561,0.3926,0.2471,0.1501,0.031,0.031,0.3616,0.4702,0.2446,0.1477,0.031,0.031,0.6108,0.4604,0.2783,0.1501,0.031,0.031,0.5393,0.5435,0.2197,0.2231,0.1489,0.031,0.031,0.49,0.582,0.2544,0.1501,0.031,0.031,0.4219,0.4438,0.2495,0.1489,0.031,0.031,0.4192,0.5703,0.2539,0.144,0.031,0.031,0.5581,0.4551,0.2588,0.1465,0.031,0.031
0.6116,0.4092,0.4937,0.249,0.1416,0.031,0.031,0.5581,0.394,0.5605,0.252,0.1477,0.031,0.031,0.6123,0.6396,0.2324,0.1501,0.031,0.031,0.3887,0.4072,0.1968,0.1489,0.031,0.031,0.5322,0.5391,0.2231,0.1501,0.031,0.031,0.6157,0.5313,0.2349,0.1501,0.031,0.031,0.5115,0.3862,0.2783,0.1465,0.031,0.031,0.4038,0.4819,0.252,0.1477,0.031,0.031,0.4546,0.5083,0.2397,0.1428,0.031,0.031,0.4248,0.4502,0.2178,0.1489,0.031,0.031,0.4685,0.4224,0.249,0.1477,0.031,0.031,0.3567,0.4717,0.2593,0.1477,0.031,0.031,0.5095,0.4551,0.2588,0.1416,0.031,0.031,0.481,0.4185,0.2075,0.1501,0.031,0.031,0.4678,0.4819,0.1929,0.1501,0.031,0.031,0.5886,0.4995,0.2637,0.1453,0.031,0.031,0.5012,0.4819,0.2422,0.1489,0.031,0.031,0.5137,0.5049,0.2734,0.1282,0.031,0.031,0.4478,0.4702,0.2539,0.1501,0.031,0.031,0.5713,0.6826,0.249,0.1477,0.031,0.031,0.6462,0.4492,0.2544,0.1501,0.031,0.031,0.467,0.605,0.2324,0.1501,0.031,0.031,0.4561,0.3926,0.2471,0.1501,0.031,0.031,0.3616,0.4702,0.2446,0.1477,0.031,0.031,0.6108,0.4604,0.2783,0.1501,0.031,0.031,0.5393,0.5435,0.2197,0.2231,0.1489,0.031,0.031,0.49,0.582,0.2544,0.1501,0.031,0.031,0.4219,0.4438,0.2495,0.1489,0.031,0.031,0.4192,0.5703,0.2539,0.144,0.031,0.031,0.5581,0.4551,0.2588,0.1465,0.031,0.031
0.6116,0.4302,0.4937,0.249,0.1416,0.031,0.031,0.5581,0.394,0.5605,0.252,0.1477,0.031,0.031,0.6123,0.6396,0.2324,0.1501,0.031,0.031,0.3887,0.4072,0.1968,0.1489,0.031,0.031,0.5322,0.5391,0.2231,0.1501,0.031,0.031,0.6157,0.5313,0.2349,0.1501,0.031,0.031,0.5115,0.3862,0.2783,0.1465,0.031,0.031,0.4038,0.4819,0.252,0.1477,0.031,0.031,0.4546,0.5083,0.2397,0.1428,0.031,0.031,0.4248,0.4502,0.2178,0.1489,0.031,0.031,0.4685,0.4224,0.249,0.1477,0.031,0.031,0.3567,0.4717,0.2593,0.1501,0.031,0.031,0.5095,0.4551,0.2588,0.1416,0.031,0.031,0.481,0.4185,0.2075,0.1501,0.031,0.031,0.4678,0.4819,0.1929,0.1501,0.031,0.031,0.5886,0.4995,0.2637,0.1453,0.031,0.031,0.5012,0.4819,0.2422,0.1489,0.031,0.031,0.5137,0.5049,0.2734,0.1282,0.031,0.031,0.4478,0.4702,0.2539,0.1501,0.031,0.031,0.5713,0.6826,0.249,0.1477,0.031,0.031,0.6462,0.4492,0.2544,0.1501,0.031,0.031,0.467,0.605,0.2324,0.1501,0.031,0.031,0.4561,0.3926,0.2471,0.1501,0.031,0.031,0.3616,0.4702,0.2446,0.1477,0.031,0.031,0.6108,0.4604,0.2783,0.1501,0.031,0.031,0.5393,0.5435,0.2197,0.2231,0.1489,0.031,0.031,0.49,0.582,0.2544,0.1501,0.031,0.031,0.4219,0.4438,0.2495,0.1489,0.031,0.031,0.4192,0.5703,0.2539,0.144,0.031,0.031,0.5581,0.4551,0.2588,0.1465,0.031,0.031
0.6116,0.4302,0.4937,0.249,0.1416,0.031,0.031,0.5581,0.394,0.5605,0.252,0.1477,0.031,0.031,0.6123,0.6396,0.2324,0.1501,0.031,0.031,0.3887,0.4072,0.1968,0.1489,0.031,0.031,0.5322,0.5391,0.2231,0.1501,0.031,0.031,0.6157,0.5313,0.2349,0.1501,0.031,0.031,0.5115,0.3862,0.2783,0.1465,0.031,0.031,0.4038,0.4819,0.252,0.1477,0.031,0.031,0.4546,0.52,0.2397,0.1428,0.031,0.031,0.4248,0.4502,0.2178,0.1489,0.031,0.031,0.4685,0.4224,0.249,0.1477,0.031,0.031,0.3567,0.4717,0.2593,0.1501,0.031,0.031,0.5095,0.4551,0.2588,0.1416,0.031,0.031,0.481,0.4185,0.2075,0.1501,0.031,0.031,0.4678,0.4819,0.1929,0.1501,0.031,0.031,0.5886,0.4995,0.2637,0.1453,0.031,0.031,0.5012,0.4819,0.2422,0.1489,0.031,0.031,0.5137,0.5049,0.2734,0.1282,0.031,0.031,0.4478,0.4702,0.2539,0.1501,0.031,0.031,0.5713,0.6826,0.249,0.1477,0.031,0.031,0.6462,0.4492,0.2544,0.1501,0.031,0.031,0.467,0.605,0.2324,0.1501,0.031,0.031,0.4561,0.3926,0.2471,0.1501,0.031,0.031,0.3616,0.4702,0.2446,0.1477,0.031,0.031,0.6108,0.4604,0.2783,0.1501,0.031,0.031,0.5393,0.5435,0.2197,0.2231,0.1489,0.031,0.031,0.49,0.582,0.2544,0.1501,0.031,0.031,0.4219,0.4438,0.2495,0.1489,0.031,0.031,0.4192,0.5703,0.2539,0.1453,0.031,0.031,0.5581,0.4551,0.2588,0.1465,0.031,0.031
0.6116,0.4302,0.4937,0.249,0.1416,0.031,0.031,0.5581,0.394,0.5605,0.252,0.1477,0.031,0.031,0.6123,0.6396,0.2324,0.1501,0.031,0.031,0.3887,0.4072,0.1968,0.1489,0.031,0.031,0.5322,0.5391,0.2231,0.1501,0.031,0.031,0.6157,0.5313,0.2349,0.1501,0.031,0.031,0.5115,0.3862,0.2783,0.1465,0.031,0.031,0.4204,0.4819,0.252,0.1477,0.031,0.031,0.4546,0.52,0.2397,0.1465,0.031,0.031,0.4248,0.4502,0.2178,0.1489,0.031,0.031,0.4685,0.4224,0.249,0.1477,0.031,0.031,0.3567,0.4717,0.2593,0.1501,0.031,0.031,0.5095,0.4551,0.2588,0.1416,0.031,0.031,0.481,0.4185,0.2075,0.1501,0.031,0.031,0.4678,0.4819,0.1929,0.1501,0.031,0.031,0.5886,0.4995,0.2637,0.1453,0.031,0.031,0.5012,0.4819,0.2422,0.1489,0.031,0.031,0.5137,0.5049,0.2734,0.1282,0.031,0.031,0.4478,0.4702,0.2539,0.1501,0.031,0.031,0.5713,0.6826,0.249,0.1477,0.031,0.031,0.6462,0.4492,0.2544,0.1501,0.031,0.031,0.467,0.605,0.2324,0.1501,0.031,0.031,0.4561,0.3926,0.2471,0.1501,0.031,0.031,0.3616,0.4702,0.2446,0.1477,0.031,0.031,0.6108,0.4653,0.2783,0.1501,0.031,0.031,0.5393,0.5435,0.2197,0.2231,0.1489,0.031,0.031,0.49,0.582,0.2544,0.1501,0.031,0.031,0.4219,0.4438,0.2495,0.1489,0.031,0.031,0.4192,0.5703,0.2539,0.1453,0.031,0.031,0.5581,0.4551,0.2588,0.1465,0.031,0.031
0.6116,0.4302,0.4937,0.249,0.1416,0.031,0.031,0.5581,0.394,0.5605,0.252,0.1477,0.031,0.031,0.6123,0.6396,0.2324,0.1501,0.031,0.031,0.3887,0.4072,0.2007,0.1489,0.031,0.031,0.5322,0.5391,0.2231,0.1501,0.031,0.031,0.6157,0.5313,0.2349,0.1501,0.031,0.031,0.5115,0.3862,0.2783,0.1465,0.031,0.031,0.4204,0.4819,0.252,0.1477,0.031,0.031,0.4546,0.52,0.2397,0.1465,0.031,0.031,0.4248,0.4502,0.2178,0.1489,0.031,0.031,0.4685,0.4224,0.249,0.1477,0.031,0.031,0.3567,0.4717,0.2593,0.1501,0.031,0.031,0.5095,0.4551,0.2588,0.1416,0.031,0.031,0.481,0.4185,0.2075,0.1501,0.031,0.031,0.4678,0.4819,0.1929,0.1501,0.031,0.031,0.5886,0.4995,0.2637,0.1453,0.031,0.031,0.5012,0.4819,0.2422,0.1489,0.031,0.031,0.5137,0.5049,0.2734,0.1282,0.031,0.031,0.4478,0.4702,0.2539,0.1501,0.031,0.031,0.5713,0.6826,0.249,0.1477,0.031,0.031,0.6462,0.4492,0.2544,0.1501,0.031,0.031,0.467,0.605,0.2324,0.1501,0.031,0.031,0.4561,0.3926,0.2471,0.1501,0.031,0.031,0.3616,0.4702,0.249,0.1477,0.031,0.031,0.6108,0.4766,0.2783,0.1501,0.031,0.031,0.5393,0.5435,0.2197,0.2231,0.1489,0.031,0.031,0.49,0.582,0.2544,0.1501,0.031,0.031,0.4219,0.4438,0.2495,0.1489,0.031,0.031,0.4192,0.5703,0.2539,0.1465,0.031,0.031,0.5581,0.4551,0.2588,0.1465,0.031,0.031
0.6116,0.4302,0.4937,0.249,0.1416,0.031,0.031,0.5581,0.394,0.5605,0.252,0.1477,0.031,0.031,0.6123,0.6396,0.2324,0.1501,0.031,0.031,0.3887,0.4072,0.2007,0.1489,0.031,0.031,0.5322,0.5391,0.2231,0.1501,0.031,0.031,0.6157,0.5313,0.2349,0.1501,0.031,0.031,0.5115,0.3862,0.2783,0.1465,0.031,0.031,0.4204,0.4819,0.252,0.1477,0.031,0.031,0.4546,0.52,0.2397,0.1465,0.031,0.031,0.4248,0.4502,0.2178,0.1489,0.031,0.031,0.4685,0.4224,0.249,0.1477,0.031,0.031,0.3567,0.4717,0.2593,0.1501,0.031,0.031,0.5095,0.4551,0.2588,0.1416,0.031,0.031,0.481,0.4185,0.2075,0.1501,0.031,0.031,0.4678,0.4819,0.1929,0.1501,0.031,0.031,0.5886,0.4995,0.2637,0.1453,0.031,0.031,0.5012,0.4819,0.2422,0.1489,0.031,0.031,0.5137,0.5049,0.2734,0.1282,0.031,0.031,0.4478,0.4702,0.2539,0.1501,0.031,0.031,0.5713,0.6826,0.249,0.1477,0.031,0.031,0.6462,0.4492,0.2544,0.1501,0.031,0.031,0.467,0.605,0.2324,0.1501,0.031,0.031,0.4561,0.3926,0.2471,0.1501,0.031,0.031,0.3616,0.4702,0.249,0.1477,0.031,0.031,0.6108,0.4766,0.2783,0.1501,0.031,0.031,0.5393,0.5435,0.2197,0.2231,0.1489,0.031,0.031,0.49,0.582,0.2544,0.1501,0.031,0.031,0.4219,0.4438,0.2495,0.1489,0.031,0.031,0.4192,0.5703,0.2539,0.1465,0.031,0.031,0.5581,0.4551,0.2588,0.1465,0.031,0.031
0.6116,0.4302,0.4937,0.249,0.144,0.031,0.031,0.5581,0.394,0.5605,0.252,0.1477,0.031,0.031,0.6123,0.6396,0.2324,0.1501,0.031,0.031,0.3887,0.4072,0.2007,0.1489,0.031,0.031,0.5322,0.5391,0.2231,0.1501,0.031,0.031,0.6157,0.5313,0.2349,0.1501,0.031,0.031,0.5115,0.3862,0.2783,0.1465,0.031,0.031,0.4204,0.4819,0.252,0.1477,0.031,0.031,0.4546,0.52,0.2397,0.1465,0.031,0.031,0.4248,0.4502,0.2178,0.1489,0.031,0.031,0.4685,0.4224,0.249,0.1477,0.031,0.031,0.3567,0.4717,0.2593,0.1501,0.031,0.031,0.5095,0.4551,0.2588,0.1416,0.031,0.031,0.481,0.4185,0.2075,0.1501,0.031,0.031,0.4678,0.4819,0.1929,0.1501,0.031,0.031,0.5886,0.4995,0.2637,0.1453,0.031,0.031,0.5012,0.4819,0.2422,0.1489,0.031,0.031,0.5137,0.5049,0.2734,0.1282,0.031,0.031,0.4478,0.4702,0.2539,0.1501,0.031,0.031,0.5713,0.6826,0.249,0.1477,0.031,0.031,0.6462,0.4492,0.2544,0.1501,0.031,0.031,0.467,0.605,0.2324,0.1501,0.031,0.031,0.4561,0.3926,0.2471,0.1501,0.031,0.031,0.3616,0.4702,0.249,0.1477,0.031,0.031,0.6108,0.4766,0.2783,0.1501,0.031,0.031,0.5393,0.5435,0.2197,0.2231,0.1489,0.031,0.031,0.49,0.582,0.2544,0.1501,0.031,0.031,0.4219,0.4438,0.2495,0.1489,0.031,0.031,0.4192,0.5703,0.2539,0.1465,0.031,0.031,0.5581,0.4551,0.2588,0.1465,0.031,0.031
0.6116,0.4302,0.4937,0.249,0.144,0.031,0.031,0.5581,0.394,0.5605,0.252,0.1477,0.031,0.031,0.6123,0.6396,0.2324,0.1501,0.031,0.031,0.3887,0.4072,0.2007,0.1489,0.031,0.031,0.5322,0.5391,0.2231,0.1501,0.031,0.031,0.6157,0.5313,0.2349,0.1501,0.031,0.031,0.5115,0.3862,0.2783,0.1465,0.031,0.031,0.4204,0.4819,0.252,0.1477,0.031,0.031,0.4546,0.52,0.2397,0.1465,0.031,0.031,0.4248,0.4502,0.2178,0.1489,0.031,0.031,0.4685,0.4224,0.249,0.1477,0.031,0.031,0.3567,0.4717,0.2593,0.1501,0.031,0.031,0.5095,0.4551,0.2588,0.1416,0.031,0.031,0.481,0.4185,0.2075,0.1501,0.031,0.031,0.4678,0.4819,0.1929,0.1501,0.031,0.031,0.5886,0.4995,0.2637,0.1465,0.031,0.031,0.5012,0.4819,0.2422,0.1489,0.031,0.031,0.5137,0.5049,0.2734,0.1282,0.031,0.031,0.4478,0.4702,0.2539,0.1501,0.031,0.031,0.5713,0.6826,0.249,0.1477,0.031,0.031,0.6462,0.4492,0.2544,0.1501,0.031,0.031,0.467,0.605,0.2324,0.1501,0.031,0.031,0.4561,0.3926,0.2471,0.1501,0.031,0.031,0.3616,0.4702,0.249,0.1477,0.031,0.031,0.6108,0.4766,0.2783,0.1501,0.031,0.031,0.5393,0.5435,0.2197,0.2231,0.1489,0.031,0.031,0.49,0.582,0.2544,0.1501,0.031,0.031,0.4219,0.4438,0.2495,0.1489,0.031,0.031,0.4192,0.5703,0.2539,0.1465,0.031,0.031,0.5581,0.4551,0.2588,0.1465,0.031,0.031
0.6116,0.4302,0.4937,0.249,0.144,0.031,0.031,0.5581,0.394,0.5605,0.252,0.1477,0.031,0.031,0.6123,0.6396,0.2324,0.1501,0.031,0.031,0.3887,0.4072,0.2007,0.1489,0.031,0.031,0.5322,0.5391,0.2231,0.1501,0.031,0.031,0.6157,0.5313,0.2349,0.1501,0.031,0.031,0.5115,0.3862,0.2783,0.1465,0.031,0.031,0.4204,0.4819,0.252,0.1477,0.031,0.031,0.4546,0.52,0.2397,0.1477,0.031,0.031,0.4248,0.4502,0.2178,0.1489,0.031,0.031,0.4685,0.4224,0.249,0.1477,0.031,0.031,0.3567,0.4717,0.2593,0.1501,0.031,0.031,0.5095,0.4551,0.2588,0.1416,0.031,0.031,0.481,0.4185,0.2075,0.1501,0.031,0.031,0.4678,0.4819,0.1929,0.1501,0.031,0.031,0.5886,0.4995,0.2637,0.1465,0.031,0.031,0.5012,0.4819,0.2422,0.1489,0.031,0.031,0.5137,0.5049,0.2734,0.1282,0.031,0.031,0.4478,0.4702,0.2539,0.1501,0.031,0.031,0.5713,0.6826,0.249,0.1477,0.031,0.031,0.6462,0.4492,0.2544,0.1501,0.031,0.031,0.467,0.605,0.2324,0.1501,0.031,0.031,0.4561,0.3926,0.2471,0.1501,0.031,0.031,0.3616,0.4702,0.249,0.1477,0.031,0.031,0.6108,0.4766,0.2783,0.1501,0.031,0.031,0.5393,0.5435,0.2197,0.2231,0.1489,0.031,0.031,0.49,0.582,0.2544,0.1501,0.031,0.031,0.4219,0.4438,0.2495,0.1489,0.031,0.031,0.4192,0.5703,0.2539,0.1465,0.031,0.031,0.5581,0.4551,0.2588,0.1465,0.031,0.031
0.6116,0.4302,0.4937,0.249,0.144,0.031,0.031,0.5581,0.394,0.5605,0.252,0.1477,0.031,0.031,0.6123,0.6396,0.2324,0.1501,0.031,0.031,0.3887,0.4072,0.2007,0.1489,0.031,0.031,0.5322,0.5391,0.2231,0.1501,0.031,0.031,0.6157,0.5313,0.2349,0.1501,0.031,0.031,0.5115,0.3862,0.2783,0.1477,0.031,0.031,0.4204,0.4819,0.252,0.1477,0.031,0.031,0.4546,0.52,0.2397,0.1477,0.031,0.031,0.4248,0.4502,0.2178,0.1489,0.031,0.031,0.4685,0.4224,0.249,0.1477,0.031,0.031,0.3567,0.4717,0.2593,0.1501,0.031,0.031,0.5095,0.4551,0.2588,0.1416,0.031,0.031,0.481,0.4185,0.2075,0.1501,0.031,0.031,0.4678,0.4819,0.1929,0.1501,0.031,0.031,0.5886,0.4995,0.2637,0.1465,0.031,0.031,0.5012,0.4819,0.2422,0.1489,0.031,0.031,0.5137,0.5049,0.2734,0.1282,0.031,0.031,0.4478,0.4702,0.2539,0.1501,0.031,0.031,0.5713,0.6826,0.249,0.1477,0.031,0.031,0.6462,0.4492,0.2544,0.1501,0.031,0.031,0.467,0.605,0.2324,0.1501,0.031,0.031,0.4561,0.3926,0.2471,0.1501,0.031,0.031,0.3616,0.4702,0.249,0.1477,0.031,0.031,0.6108,0.4766,0.2783,0.1501,0.031,0.031,0.5393,0.5435,0.2197,0.2231,0.1489,0.031,0.031,0.49,0.582,0.2544,0.1501,0.031,0.031,0.4219,0.4438,0.2495,0.1489,0.031,0.031,0.4192,0.5703,0.2539,0.1465,0.031,0.031,0.5581,0.4551,0.2588,0.1465,0.031,0.031
0.6116,0.4302,0.4937,0.249,0.144,0.031,0.031,0.5581,0.394,0.5605,0.252,0.1477,0.031,0.031,0.6123,0.6396,0.2324,0.1501,0.031,0.031,0.3887,0.4253,0.2007,0.1489,0.031,0.031,0.5322,0.5391,0.2231,0.1501,0.031,0.031,0.6157,0.5313,0.2349,0.1501,0.031,0.031,0.5115,0.3862,0.2783,0.1477,0.031,0.031,0.4204,0.4819,0.252,0.1477,0.031,0.031,0.4546,0.52,0.2397,0.1477,0.031,0.031,0.4248,0.4502,0.2178,0.1489,0.031,0.031,0.4685,0.4224,0.249,0.1477,0.031,0.031,0.3567,0.4717,0.2593,0.1501,0.031,0.031,0.5095,0.4551,0.2588,0.1416,0.031,0.031,0.481,0.4185,0.2075,0.1501,0.031,0.031,0.4678,0.4819,0.1929,0.1501,0.031,0.031,0.5886,0.4995,0.271,0.1465,0.031,0.031,0.5012,0.4819,0.2422,0.1489,0.031,0.031,0.5137,0.5049,0.2734,0.1282,0.031,0.031,0.4478,0.4702,0.2539,0.1501,0.031,0.031,0.5713,0.6826,0.249,0.1477,0.031,0.031,0.6462,0.4492,0.2544,0.1501,0.031,0.031,0.467,0.605,0.2324,0.1501,0.031,0.031,0.4561,0.3926,0.2471,0.1501,0.031,0.031,0.3616,0.4702,0.249,0.1477,0.031,0.031,0.6108,0.4766,0.2783,0.1501,0.031,0.031,0.5393,0.5435,0.2197,0.2231,0.1489,0.031,0.031,0.49,0.582,0.2544,0.1501,0.031,0.031,0.4219,0.4438,0.2495,0.1489,0.031,0.031,0.4192,0.5703,0.2539,0.1477,0.031,0.031,0.5581,0.4551,0.2588,0.1465,0.031,0.031
0.6116,0.4302,0.4937,0.249,0.144,0.031,0.031,0.5581,0.394,0.5605,0.252,0.1477,0.031,0.031,0.6123,0.6396,0.2324,0.1501,0.031,0.031,0.3887,0.4253,0.2007,0.1489,0.031,0.031,0.5322,0.5391,0.2231,0.1501,0.031,0.031,0.6157,0.5313,0.2349,0.1501,0.031,0.031,0.5115,0.3862,0.2783,0.1477,0.031,0.031,0.4204,0.4819,0.252,0.1477,0.031,0.031,0.4546,0.52,0.2397,0.1477,0.031,0.031,0.4248,0.4502,0.2178,0.1489,0.031,0.031,0.4685,0.4224,0.249,0.1477,0.031,0.031,0.3567,0.4717,0.2593,0.1501,0.031,0.031,0.5095,0.4551,0.2588,0.1416,0.031,0.031,0.481,0.4185,0.2075,0.1501,0.031,0.031,0.4678,0.4819,0.1929,0.1501,0.031,0.031,0.5886,0.4995,0.271,0.1465,0.031,0.031,0.5012,0.4819,0.2422,0.1489,0.031,0.031,0.5137,0.5049,0.2734,0.1282,0.031,0.031,0.4478,0.4702,0.2539,0.1501,0.031,0.031,0.5713,0.6826,0.249,0.1477,0.031,0.031,0.6462,0.4492,0.2544,0.1501,0.031,0.031,0.467,0.605,0.2324,0.1501,0.031,0.031,0.4561,0.3926,0.2471,0.1501,0.031,0.031,0.3616,0.4702,0.249,0.1477,0.031,0.031,0.6108,0.4766,0.2783,0.1501,0.031,0.031,0.5393,0.5435,0.2197,0.2231,0.1489,0.031,0.031,0.49,0.582,0.2544,0.1501,0.031,0.031,0.4219,0.4438,0.2495,0.1489,0.031,0.031,0.4192,0.5703,0.2539,0.1477,0.031,0.031,0.5581,0.4551,0.2588,0.1465,0.031,0.031
0.6116,0.4302,0.4937,0.249,0.144,0.031,0.031,0.5581,0.394,0.5605,0.252,0.1477,0.031,0.031,0.6123,0.6396,0.2324,0.1501,0.031,0.031,0.3887,0.4253,0.2007,0.1489,0.031,0.031,0.5322,0.5391,0.2231,0.1501,0.031,0.031,0.6157,0.5313,0.2349,0.1501,0.031,0.031,0.5115,0.3862,0.2783,0.1477,0.031,0.031,0.4204,0.4819,0.252,0.1477,0.031,0.031,0.4546,0.52,0.2397,0.1477,0.031,0.031,0.4248,0.4502,0.2178,0.1489,0.031,0.031,0.4685,0.4224,0.249,0.1477,0.031,0.031,0.3567,0.4717,0.2593,0.1501,0.031,0.031,0.5095,0.4551,0.2588,0.1416,0.031,0.031,0.481,0.4185,0.2075,0.1501,0.031,0.031,0.4678,0.4819,0.2036,0.1501,0.031,0.031,0.5886,0.4995,0.271,0.1465,0.031,0.031,0.5012,0.4819,0.2422,0.1489,0.031,0.031,0.5137,0.5049,0.2734,0.1282,0.031,0.031,0.4478,0.4702,0.2539,0.1501,0.031,0.031,0.5713,0.6826,0.249,0.1477,0.031,0.031,0.6462,0.4492,0.2544,0.1501,0.031,0.031,0.467,0.605,0.2324,0.1501,0.031,0.031,0.4561,0.3926,0.2471,0.1501,0.031,0.031,0.3616,0.4702,0.249,0.1477,0.031,0.031,0.6108,0.4766,0.2783,0.1501,0.031,0.031,0.5393,0.5435,0.2197,0.2231,0.1489,0.031,0.031,0.49,0.582,0.2544,0.1501,0.031,0.031,0.4219,0.4438,0.2495,0.1489,0.031,0.031,0.4192,0.5703,0.2539,0.1477,0.031,0.031,0.5581,0.4551,0.2588,0.1465,0.031,0.031
0.6116,0.4302,0.4937,0.249,0.144,0.031,0.031,0.5581,0.394,0.5605,0.252,0.1477,0.031,0.031,0.6123,0.6396,0.2324,0.1501,0.031,0.031,0.3887,0.4253,0.2007,0.1489,0.031,0.031,0.5322,0.5391,0.2231,0.1501,0.031,0.031,0.6157,0.5313,0.2349,0.1501,0.031,0.031,0.5115,0.3862,0.2783,0.1477,0.031,0.031,0.4204,0.4819,0.252,0.1477,0.031,0.031,0.4546,0.52,0.2397,0.1477,0.031,0.031,0.4248,0.4585,0.2178,0.1489,0.031,0.031,0.4685,0.4224,0.249,0.1477,0.031,0.031,0.3567,0.4717,0.2593,0.1501,0.031,0.031,0.5095,0.4551,0.2588,0.1416,0.031,0.031,0.481,0.4185,0.2075,0.1501,0.031,0.031,0.4678,0.4819,0.2036,0.1501,0.031,0.031,0.5886,0.4995,0.271,0.1465,0.031,0.031,0.5012,0.4819,0.2422,0.1489,0.031,0.031,0.5137,0.5049,0.2734,0.1282,0.031,0.031,0.4478,0.4702,0.2539,0.1501,0.031,0.031,0.5713,0.6826,0.249,0.1501,0.031,0.031,0.6462,0.4492,0.2544,0.1501,0.031,0.031,0.467,0.605,0.2324,0.1501,0.031,0.031,0.4561,0.3926,0.2471,0.1501,0.031,0.031,0.3616,0.4702,0.249,0.1477,0.031,0.031,0.6289,0.4766,0.2783,0.1501,0.031,0.031,0.5393,0.5435,0.2197,0.2231,0.1489,0.031,0.031,0.49,0.582,0.2544,0.1501,0.031,0.031,0.4219,0.4438,0.2495,0.1489,0.031,0.031,0.4192,0.5703,0.2539,0.1489,0.031,0.031,0.5581,0.4551,0.2588,0.1465,0.031,0.031
0.6116,0.4302,0.4985,0.249,0.144,0.031,0.031,0.5581,0.394,0.5605,0.252,0.1477,0.031,0.031,0.6123,0.6396,0.2324,0.1501,0.031,0.031,0.3887,0.4253,0.2007,0.1489,0.031,0.031,0.5322,0.5391,0.2231,0.1501,0.031,0.031,0.6157,0.5313,0.2349,0.1501,0.031,0.031,0.5115,0.3862,0.2783,0.1477,0.031,0.031,0.4204,0.4819,0.252,0.1477,0.031,0.031,0.4546,0.52,0.2397,0.1489,0.031,0.031,0.4248,0.4585,0.2178,0.1489,0.031,0.031,0.4685,0.4224,0.249,0.1477,0.031,0.031,0.3567,0.4717,0.2593,0.1501,0.031,0.031,0.5095,0.4551,0.2588,0.1416,0.031,0.031,0.481,0.4185,0.2075,0.1501,0.031,0.031,0.4727,0.4819,0.2036,0.1501,0.031,0.031,0.5886,0.4995,0.271,0.1465,0.031,0.031,0.5012,0.4819,0.2422,0.1489,0.031,0.031,0.5137,0.5049,0.2734,0.1282,0.031,0.031,0.4478,0.4702,0.2539,0.1501,0.031,0.031,0.5713,0.6826,0.249,0.1501,0.031,0.031,0.6462,0.4492,0.2544,0.1501,0.031,0.031,0.467,0.605,0.2324,0.1501,0.031,0.031,0.4561,0.3926,0.2471,0.1501,0.031,0.031,0.3616,0.4702,0.249,0.1477,0.031,0.031,0.6289,0.4766,0.2783,0.1501,0.031,0.031,0.5393,0.5435,0.2197,0.2231,0.1489,0.031,0.031,0.49,0.582,0.2544,0.1501,0.031,0.031,0.4219,0.4438,0.2495,0.1489,0.031,0.031,0.4192,0.5703,0.2539,0.1489,0.031,0.031,0.5581,0.4551,0.2588,0.1465,0.031,0.031
0.6116,0.4302,0.4985,0.249,0.144,0.031,0.031,0.5581,0.394,0.5605,0.252,0.1477,0.031,0.031,0.6123,0.6396,0.2324,0.1501,0.031,0.031,0.3887,0.4253,0.2007,0.1489,0.031,0.031,0.5322,0.5391,0.2231,0.1501,0.031,0.031,0.6157,0.5313,0.2349,0.1501,0.031,0.031,0.5115,0.3862,0.2783,0.1477,0.031,0.031,0.4204,0.4819,0.252,0.1477,0.031,0.031,0.4546,0.52,0.2397,0.1489,0.031,0.031,0.4248,0.4585,0.2178,0.1489,0.031,0.031,0.4685,0.4224,0.249,0.1477,0.031,0.031,0.3567,0.4717,0.2593,0.1501,0.031,0.031,0.5095,0.4551,0.2588,0.1416,0.031,0.031,0.481,0.4185,0.2075,0.1501,0.031,0.031,0.4727,0.4819,0.2036,0.1501,0.031,0.031,0.5886,0.5015,0.271,0.1465,0.031,0.031,0.5012,0.4819,0.2422,0.1489,0.031,0.031,0.5137,0.5049,0.2734,0.1282,0.031,0.031,0.4478,0.4702,0.2539,0.1501,0.031,0.031,0.5713,0.6826,0.249,0.1501,0.031,0.031,0.6462,0.4492,0.2544,0.1501,0.031,0.031,0.467,0.605,0.2324,0.1501,0.031,0.031,0.4561,0.3926,0.2471,0.1501,0.031,0.031,0.3616,0.4702,0.249,0.1477,0.031,0.031,0.6289,0.4766,0.2783,0.1501,0.031,0.031,0.5393,0.5435,0.2197,0.2231,0.1489,0.031,0.031,0.49,0.582,0.2544,0.1501,0.031,0.031,0.4219,0.4438,0.2686,0.1489,0.031,0.031,0.4192,0.5703,0.2539,0.1489,0.031,0.031,0.5581,0.4551,0.2588,0.1465,0.031,0.031
0.6116,0.4302,0.4985,0.249,0.144,0.031,0.031,0.5581,0.394,0.5605,0.252,0.1477,0.031,0.031,0.6165,0.6396,0.2324,0.1501,0.031,0.031,0.3887,0.4253,0.2007,0.1489,0.031,0.031,0.5322,0.5391,0.2231,0.1501,0.031,0.031,0.6157,0.5313,0.2349,0.1501,0.031,0.031,0.5115,0.3862,0.2783,0.1477,0.031,0.031,0.4204,0.4819,0.252,0.1477,0.031,0.031,0.4546,0.52,0.2397,0.1489,0.031,0.031,0.4248,0.4585,0.2178,0.1489,0.031,0.031,0.4685,0.4224,0.249,0.1477,0.031,0.031,0.3567,0.4717,0.2593,0.1501,0.031,0.031,0.5095,0.4551,0.2588,0.1416,0.031,0.031,0.481,0.4185,0.2075,0.1501,0.031,0.031,0.4727,0.4819,0.2036,0.1501,0.031,0.031,0.5886,0.5015,0.271,0.1465,0.031,0.031,0.5012,0.4819,0.2422,0.1489,0.031,0.031,0.5137,0.5049,0.2734,0.1282,0.031,0.031,0.4478,0.4702,0.2539,0.1501,0.031,0.031,0.5713,0.6826,0.249,0.1501,0.031,0.031,0.6462,0.4492,0.2544,0.1501,0.031,0.031,0.467,0.605,0.2324,0.1501,0.031,0.031,0.4561,0.3926,0.2471,0.1501,0.031,0.031,0.3616,0.4702,0.249,0.1477,0.031,0.031,0.6289,0.4766,0.2783,0.1501,0.031,0.031,0.5393,0.5435,0.2197,0.2231,0.1489,0.031,0.031,0.49,0.582,0.2544,0.1501,0.031,0.031,0.4219,0.4438,0.2686,0.1489,0.031,0.031,0.4192,0.5703,0.2539,0.1489,0.031,0.031,0.5581,0.4551,0.2588,0.1465,0.031,0.031
0.6116,0.4302,0.4985,0.249,0.144,0.031,0.031,0.5581,0.394,0.5605,0.252,0.1477,0.031,0.031,0.6165,0.6396,0.2324,0.1501,0.031,0.031,0.3887,0.4253,0.2007,0.1489,0.031,0.031,0.5322,0.5391,0.2231,0.1501,0.031,0.031,0.6157,0.5313,0.2349,0.1501,0.031,0.031,0.5115,0.3862,0.2783,0.1477,0.031,0.031,0.4204,0.4819,0.252,0.1477,0.031,0.031,0.4546,0.52,0.2397,0.1489,0.031,0.031,0.4248,0.4585,0.2178,0.1489,0.031,0.031,0.4685,0.4224,0.249,0.1477,0.031,0.031,0.3567,0.4717,0.2593,0.1501,0.031,0.031,0.5095,0.4551,0.2588,0.1416,0.031,0.031,0.481,0.4185,0.2075,0.1501,0.031,0.031,0.4727,0.4819,0.2036,0.1501,0.031,0.031,0.5886,0.5015,0.271,0.1465,0.031,0.031,0.5012,0.4819,0.2422,0.1489,0.031,0.031,0.5137,0.5049,0.2734,0.1282,0.031,0.031,0.4478,0.4702,0.2539,0.1501,0.031,0.031,0.5713,0.6826,0.249,0.1501,0.031,0.031,0.6462,0.4492,0.2544,0.1501,0.031,0.031,0.467,0.605,0.2324,0.1501,0.031,0.031,0.4561,0.3926,0.2471,0.1501,0.031,0.031,0.3616,0.4702,0.249,0.1477,0.031,0.031,0.6289,0.4766,0.2783,0.1501,0.031,0.031,0.5393,0.5435,0.2197,0.2231,0.1489,0.031,0.031,0.49,0.582,0.2544,0.1501,0.031,0.031,0.4219,0.4438,0.2686,0.1489,0.031,0.031,0.4192,0.5703,0.2539,0.1489,0.031,0.031,0.5581,0.4551,0.2588,0.1465,0.031,0.031
0.6116,0.4302,0.4985,0.249,0.144,0.031,0.031,0.5581,0.394,0.5605,0.252,0.1477,0.031,0.031,0.6165,0.6396,0.2324,0.1501,0.031,0.031,0.3887,0.4253,0.2007,0.1489,0.031,0.031,0.5322,0.5391,0.2231,0.1501,0.031,0.031,0.6157,0.5313,0.2349,0.1501,0.031,0.031,0.5115,0.3862,0.2783,0.1477,0.031,0.031,0.4204,0.4819,0.252,0.1477,0.031,0.031,0.4546,0.52,0.2397,0.1489,0.031,0.031,0.4248,0.4585,0.2178,0.1489,0.031,0.031,0.4685,0.4224,0.249,0.1477,0.031,0.031,0.3567,0.4717,0.2593,0.1501,0.031,0.031,0.5095,0.4551,0.2588,0.1416,0.031,0.031,0.481,0.4185,0.2075,0.1501,0.031,0.031,0.4727,0.4819,0.2036,0.1501,0.031,0.031,0.5886,0.5015,0.271,0.1465,0.031,0.031,0.5012,0.4819,0.2422,0.1489,0.031,0.031,0.5137,0.5049,0.2734,0.1282,0.031,0.031,0.4478,0.4702,0.2539,0.1501,0.031,0.031,0.5713,0.6826,0.249,0.1501,0.031,0.031,0.6462,0.4492,0.2544,0.1501,0.031,0.031,0.467,0.605,0.2324,0.1501,0.031,0.031,0.4561,0.3926,0.2471,0.1501,0.031,0.031,0.3616,0.4702,0.249,0.1477,0.031,0.031,0.6289,0.4766,0.2783,0.1501,0.031,0.031,0.5393,0.5435,0.2197,0.2231,0.1489,0.031,0.031,0.49,0.582,0.2544,0.1501,0.031,0.031,0.4219,0.4438,0.2686,0.1489,0.031,0.031,0.4192,0.5703,0.2539,0.1489,0.031,0.031,0.5581,0.4551,0.2588,0.1465,0.031,0.031
0.6116,0.4302,0.4985,0.249,0.144,0.031,0.031,0.5581,0.394,0.5605,0.252,0.1477,0.031,0.031,0.6165,0.6396,0.2324,0.1501,0.031,0.031,0.3887,0.4253,0.2007,0.1489,0.031,0.031,0.5322,0.5391,0.2231,0.1501,0.031,0.031,0.6157,0.5313,0.2349,0.1501,0.031,0.031,0.5115,0.3862,0.2783,0.1477,0.031,0.031,0.4204,0.4819,0.252,0.1477,0.031,0.031,0.4546,0.52,0.2397,0.1489,0.031,0.031,0.4248,0.4585,0.2178,0.1489,0.031,0.031,0.4685,0.4224,0.249,0.1477,0.031,0.031,0.3567,0.4717,0.2593,0.1501,0.031,0.031,0.5095,0.4551,0.2588,0.1416,0.031,0.031,0.481,0.4185,0.2075,0.1501,0.031,0.031,0.4727,0.4819,0.2036,0.1501,0.031,0.031,0.5886,0.5015,0.271,0.1465,0.031,0.031,0.5012,0.4819,0.2422,0.1489,0.031,0.031,0.5137,0.5049,0.2734,0.1282,0.031,0.031,0.4478,0.4702,0.2539,0.1501,0.031,0.031,0.5713,0.6924,0.249,0.1501,0.031,0.031,0.6462,0.4492,0.2544,0.1501,0.031,0.031,0.467,0.605,0.2324,0.1501,0.031,0.031,0.4561,0.3926,0.2471,0.1501,0.031,0.031,0.3616,0.4702,0.249,0.1477,0.031,0.031,0.6289,0.4766,0.2783,0.1501,0.031,0.031,0.5393,0.5435,0.2197,0.2231,0.1489,0.031,0.031,0.49,0.582,0.2544,0.1501,0.031,0.031,0.4219,0.4438,0.2686,0.1489,0.031,0.031,0.4192,0.5703,0.2539,0.1489,0.031,0.031,0.5581,0.4551,0.2588,0.1465,0.031,0.031
0.6116,0.4302,0.4985,0.249,0.144,0.031,0.031,0.5581,0.394,0.5605,0.252,0.1477,0.031,0.031,0.6165,0.6396,0.2324,0.1501,0.031,0.031,0.3887,0.4253,0.2007,0.1489,0.031,0.031,0.5322,0.5391,0.2231,0.1501,0.031,0.031,0.6157,0.5313,0.2349,0.1501,0.031,0.031,0.5115,0.3862,0.2783,0.1477,0.031,0.031,0.4204,0.4819,0.252,0.1477,0.031,0.031,0.4546,0.52,0.2397,0.1489,0.031,0.031,0.4248,0.4585,0.2231,0.1489,0.031,0.031,0.4685,0.4224,0.249,0.1477,0.031,0.031,0.3567,0.4717,0.2593,0.1501,0.031,0.031,0.5095,0.4551,0.2588,0.1416,0.031,0.031,0.481,0.4185,0.2075,0.1501,0.031,0.031,0.4727,0.4819,0.2036,0.1501,0.031,0.031,0.5886,0.5078,0.271,0.1465,0.031,0.031,0.5012,0.4819,0.2422,0.1489,0.031,0.031,0.5137,0.5049,0.2734,0.1282,0.031,0.031,0.4478,0.4702,0.2539,0.1501,0.031,0.031,0.5713,0.6924,0.249,0.1501,0.031,0.031,0.6462,0.4492,0.2544,0.1501,0.031,0.031,0.467,0.605,0.2324,0.1501,0.031,0.031,0.4561,0.3926,0.2471,0.1501,0.031,0.031,0.3616,0.4702,0.249,0.1477,0.031,0.031,0.6289,0.4766,0.2783,0.1501,0.031,0.031,0.5393,0.5435,0.2197,0.2231,0.1489,0.031,0.031,0.49,0.582,0.2544,0.1501,0.031,0.031,0.4219,0.4438,0.2686,0.1489,0.031,0.031,0.4192,0.5703,0.2539,0.1489,0.031,0.031,0.5581,0.4551,0.2588,0.1465,0.031,0.031
0.6116,0.4302,0.4985,0.249,0.144,0.031,0.031,0.5581,0.394,0.5605,0.252,0.1477,0.031,0.031,0.6165,0.6396,0.2324,0.1501,0.031,0.031,0.3887,0.4253,0.2007,0.1489,0.031,0.031,0.5322,0.5391,0.2231,0.1501,0.031,0.031,0.6157,0.5313,0.2349,0.1501,0.031,0.031,0.5115,0.3862,0.2783,0.1477,0.031,0.031,0.4204,0.4819,0.252,0.1477,0.031,0.031,0.4546,0.52,0.2397,0.1489,0.031,0.031,0.4248,0.4585,0.2231,0.1489,0.031,0.031,0.4685,0.4224,0.249,0.1477,0.031,0.031,0.3567,0.4717,0.2593,0.1501,0.031,0.031,0.5095,0.4551,0.2588,0.1416,0.031,0.031,0.481,0.4185,0.2075,0.1501,0.031,0.031,0.4727,0.4819,0.2036,0.1501,0.031,0.031,0.5886,0.5195,0.271,0.1465,0.031,0.031,0.5012,0.4819,0.2422,0.1489,0.031,0.031,0.5137,0.5049,0.2734,0.1282,0.031,0.031,0.4478,0.4702,0.2539,0.1501,0.031,0.031,0.5713,0.6924,0.249,0.1501,0.031,0.031,0.6462,0.4492,0.2544,0.1501,0.031,0.031,0.467,0.605,0.2324,0.1501,0.031,0.031,0.4561,0.3926,0.2471,0.1501,0.031,0.031,0.3616,0.4702,0.249,0.1477,0.031,0.031,0.6289,0.4766,0.2783,0.1501,0.031,0.031,0.5393,0.5435,0.2197,0.2231,0.1489,0.031,0.031,0.49,0.582,0.2563,0.1501,0.031,0.031,0.4219,0.4438,0.2686,0.1489,0.031,0.031,0.4192,0.5703,0.2539,0.1489,0.031,0.031,0.5581,0.4551,0.2588,0.1465,0.031,0.031
0.6116,0.4302,0.4985,0.249,0.144,0.031,0.031,0.5581,0.394,0.5605,0.252,0.1477,0.031,0.031,0.6165,0.6396,0.2324,0.1501,0.031,0.031,0.3887,0.4253,0.2007,0.1489,0.031,0.031,0.5322,0.5391,0.2231,0.1501,0.031,0.031,0.6157,0.5313,0.2349,0.1501,0.031,0.031,0.5115,0.3862,0.2783,0.1477,0.031,0.031,0.4204,0.4819,0.252,0.1477,0.031,0.031,0.4546,0.52,0.2397,0.1489,0.031,0.031,0.4248,0.4683,0.2231,0.1489,0.031,0.031,0.4685,0.4224,0.249,0.1477,0.031,0.031,0.3567,0.4717,0.2593,0.1501,0.031,0.031,0.5095,0.4653,0.2588,0.1416,0.031,0.031,0.481,0.4185,0.2075,0.1501,0.031,0.031,0.4727,0.4819,0.2036,0.1501,0.031,0.031,0.5886,0.5195,0.271,0.1465,0.031,0.031,0.5012,0.4819,0.2422,0.1489,0.031,0.031,0.5137,0.5049,0.2734,0.1282,0.031,0.031,0.4478,0.4702,0.2539,0.1501,0.031,0.031,0.5713,0.6924,0.249,0.1501,0.031,0.031,0.6462,0.4492,0.2544,0.1501,0.031,0.031,0.467,0.605,0.2324,0.1501,0.031,0.031,0.4561,0.3926,0.2471,0.1501,0.031,0.031,0.3616,0.4702,0.249,0.1477,0.031,0.031,0.6289,0.4766,0.2783,0.1501,0.031,0.031,0.5393,0.5435,0.2197,0.2231,0.1489,0.031,0.031,0.49,0.582,0.2563,0.1501,0.031,0.031,0.4219,0.4438,0.2686,0.1489,0.031,0.031,0.4192,0.5703,0.2539,0.1489,0.031,0.031,0.5581,0.4551,0.2588,0.1477,0.031,0.031
0.6116,0.4302,0.4985,0.249,0.144,0.031,0.031,0.5581,0.394,0.5605,0.252,0.1477,0.031,0.031,0.6165,0.6396,0.2324,0.1501,0.031,0.031,0.3887,0.4253,0.2007,0.1489,0.031,0.031,0.5322,0.5391,0.2231,0.1501,0.031,0.031,0.6157,0.5313,0.2349,0.1501,0.031,0.031,0.5115,0.3862,0.2783,0.1477,0.031,0.031,0.4204,0.4819,0.252,0.1477,0.031,0.031,0.4546,0.52,0.2397,0.1489,0.031,0.031,0.4248,0.4683,0.2231,0.1489,0.031,0.031,0.4685,0.4224,0.249,0.1477,0.031,0.031,0.3567,0.4717,0.2593,0.1501,0.031,0.031,0.5095,0.4653,0.2588,0.1416,0.031,0.031,0.481,0.4185,0.2075,0.1501,0.031,0.031,0.4727,0.4819,0.2036,0.1501,0.031,0.031,0.5886,0.5195,0.271,0.1465,0.031,0.031,0.5012,0.4819,0.2422,0.1489,0.031,0.031,0.5137,0.5049,0.2734,0.1282,0.031,0.031,0.4478,0.4702,0.2539,0.1501,0.031,0.031,0.5713,0.6924,0.249,0.1501,0.031,0.031,0.6462,0.4492,0.2544,0.1501,0.031,0.031,0.467,0.605,0.2324,0.1501,0.031,0.031,0.4561,0.3926,0.2471,0.1501,0.031,0.031,0.3616,0.4702,0.249,0.1477,0.031,0.031,0.6289,0.4766,0.2783,0.1501,0.031,0.031,0.5393,0.5435,0.2197,0.2231,0.1489,0.031,0.031,0.49,0.582,0.2563,0.1501,0.031,0.031,0.4219,0.4438,0.2686,0.1489,0.031,0.031,0.4192,0.5703,0.2539,0.1489,0.031,0.031,0.5581,0.4551,0.2588,0.1477,0.031,0.031
0.6116,0.4302,0.4985,0.249,0.144,0.031,0.031,0.5581,0.394,0.5605,0.2568,0.1477,0.031,0.031,0.6165,0.6396,0.2324,0.1501,0.031,0.031,0.3887,0.4253,0.2007,0.1489,0.031,0.031,0.5322,0.5391,0.2231,0.1501,0.031,0.031,0.6157,0.5313,0.2349,0.1501,0.031,0.031,0.5115,0.3862,0.2783,0.1477,0.031,0.031,0.4204,0.4819,0.252,0.1477,0.031,0.031,0.4546,0.52,0.2397,0.1489,0.031,0.031,0.4248,0.4683,0.2231,0.1489,0.031,0.031,0.4685,0.4224,0.249,0.1477,0.031,0.031,0.3567,0.4717,0.2593,0.1501,0.031,0.031,0.5095,0.4653,0.2588,0.1416,0.031,0.031,0.481,0.4185,0.2075,0.1501,0.031,0.031,0.4727,0.4819,0.2036,0.1501,0.031,0.031,0.5886,0.5195,0.271,0.1465,0.031,0.031,0.5012,0.4819,0.2422,0.1489,0.031,0.031,0.5137,0.5049,0.2734,0.1282,0.031,0.031,0.4478,0.4702,0.2539,0.1501,0.031,0.031,0.5713,0.6924,0.249,0.1501,0.031,0.031,0.6462,0.4492,0.2544,0.1501,0.031,0.031,0.467,0.605,0.2324,0.1501,0.031,0.031,0.4561,0.3926,0.2471,0.1501,0.031,0.031,0.3616,0.4702,0.249,0.1477,0.031,0.031,0.6289,0.4766,0.2783,0.1501,0.031,0.031,0.5393,0.5435,0.2197,0.2231,0.1489,0.031,0.031,0.49,0.582,0.2563,0.1501,0.031,0.031,0.4219,0.4438,0.2686,0.1489,0.031,0.031,0.4192,0.5703,0.2539,0.1489,0.031,0.031,0.5581,0.4551,0.2588,0.1477,0.031,0.031
0.6116,0.4302,0.4985,0.249,0.144,0.031,0.031,0.5581,0.394,0.5605,0.2568,0.1477,0.031,0.031,0.6165,0.6396,0.2324,0.1501,0.031,0.031,0.3887,0.4253,0.2007,0.1489,0.031,0.031,0.5322,0.5391,0.2231,0.1501,0.031,0.031,0.6157,0.5313,0.2349,0.1501,0.031,0.031,0.5115,0.3862,0.2783,0.1477,0.031,0.031,0.4204,0.4819,0.252,0.1477,0.031,0.031,0.4546,0.52,0.2397,0.1489,0.031,0.031,0.4248,0.4683,0.2231,0.1489,0.031,0.031,0.4685,0.4224,0.249,0.1477,0.031,0.031,0.3567,0.4717,0.2593,0.1501,0.031,0.031,0.5095,0.4653,0.2588,0.1416,0.031,0.031,0.481,0.4185,0.2075,0.1501,0.031,0.031,0.4727,0.4819,0.2036,0.1501,0.031,0.031,0.5886,0.5195,0.271,0.1465,0.031,0.031,0.5012,0.4819,0.2422,0.1489,0.031,0.031,0.5137,0.5049,0.2734,0.1282,0.031,0.031,0.4478,0.4702,0.2539,0.1501,0.031,0.031,0.5713,0.6924,0.249,0.1501,0.031,0.031,0.6462,0.4492,0.2544,0.1501,0.031,0.031,0.467,0.605,0.2324,0.1501,0.031,0.031,0.4561,0.3926,0.2471,0.1501,0.031,0.031,0.3616,0.4702,0.249,0.1477,0.031,0.031,0.6289,0.4766,0.2783,0.1501,0.031,0.031,0.5393,0.5435,0.2197,0.2231,0.1489,0.031,0.031,0.49,0.582,0.2563,0.1501,0.031,0.031,0.4219,0.4438,0.2686,0.1489,0.031,0.031,0.4192,0.5703,0.2539,0.1489,0.031,0.031,0.5581,0.4551,0.2588,0.1477,0.031,0.031
0.6116,0.4302,0.4985,0.249,0.144,0.031,0.031,0.5581,0.394,0.5605,0.2568,0.1477,0.031,0.031,0.6165,0.6396,0.2324,0.1501,0.031,0.031,0.3887,0.4253,0.2007,0.1489,0.031,0.031,0.5322,0.5391,0.2231,0.1501,0.031,0.031,0.6157,0.5313,0.2349,0.1501,0.031,0.031,0.5115,0.3862,0.2783,0.1477,0.031,0.031,0.4204,0.5015,0.252,0.1477,0.031,0.031,0.4546,0.52,0.2397,0.1489,0.031,0.031,0.4248,0.4683,0.2231,0.1489,0.031,0.031,0.4685,0.4224,0.249,0.1477,0.031,0.031,0.3567,0.4717,0.2593,0.1501,0.031,0.031,0.5095,0.4653,0.2588,0.1416,0.031,0.031,0.481,0.4185,0.2075,0.1501,0.031,0.031,0.4727,0.4819,0.2036,0.1501,0.031,0.031,0.5886,0.5195,0.271,0.1465,0.031,0.031,0.5012,0.4819,0.2422,0.1489,0.031,0.031,0.5137,0.5049,0.2734,0.1282,0.031,0.031,0.4478,0.4702,0.2539,0.1501,0.031,0.031,0.5754,0.6924,0.249,0.1501,0.031,0.031,0.6462,0.4492,0.2544,0.1501,0.031,0.031,0.467,0.605,0.2324,0.1501,0.031,0.031,0.4561,0.3926,0.2471,0.1501,0.031,0.031,0.3616,0.4702,0.249,0.1477,0.031,0.031,0.6289,0.4766,0.2783,0.1501,0.031,0.031,0.5393,0.5435,0.2197,0.2231,0.1489,0.031,0.031,0.49,0.582,0.2563,0.1501,0.031,0.031,0.4219,0.4438,0.2686,0.1489,0.031,0.031,0.4192,0.5703,0.2539,0.1489,0.031,0.031,0.5581,0.4551,0.2588,0.1477,0.031,0.031
0.6116,0.4302,0.4985,0.249,0.144,0.031,0.031,0.5581,0.394,0.5605,0.2568,0.1477,0.031,0.031,0.6165,0.6396,0.2324,0.1501,0.031,0.031,0.3887,0.4253,0.2007,0.1489,0.031,0.031,0.5322,0.5391,0.2231,0.1501,0.031,0.031,0.6157,0.5313,0.2349,0.1501,0.031,0.031,0.5115,0.3862,0.2783,0.1477,0.031,0.031,0.4204,0.5015,0.252,0.1477,0.031,0.031,0.4546,0.52,0.2397,0.1489,0.031,0.031,0.4248,0.4683,0.2231,0.1489,0.031,0.031,0.4685,0.4224,0.249,0.1477,0.031,0.031,0.3567,0.4717,0.2593,0.1501,0.031,0.031,0.5095,0.4653,0.2588,0.1416,0.031,0.031,0.481,0.4185,0.2075,0.1501,0.031,0.031,0.4727,0.4819,0.2036,0.1501,0.031,0.031,0.5886,0.5195,0.271,0.1465,0.031,0.031,0.5012,0.4819,0.2422,0.1489,0.031,0.031,0.5137,0.5049,0.2734,0.1282,0.031,0.031,0.4478,0.4702,0.2539,0.1501,0.031,0.031,0.5754,0.6924,0.249,0.1501,0.031,0.031,0.6462,0.4492,0.2544,0.1501,0.031,0.031,0.467,0.605,0.2324,0.1501,0.031,0.031,0.4561,0.3926,0.2471,0.1501,0.031,0.031,0.3616,0.4702,0.249,0.1477,0.031,0.031,0.6289,0.4766,0.2783,0.1501,0.031,0.031,0.5393,0.5435,0.2197,0.2231,0.1489,0.031,0.031,0.49,0.582,0.2563,0.1501,0.031,0.031,0.4219,0.4438,0.2686,0.1489,0.031,0.031,0.4192,0.5703,0.2539,0.1489,0.031,0.031,0.5581,0.4551,0.2588,0.1477,0.031,0.031
0.6116,0.4302,0.4985,0.249,0.144,0.031,0.031,0.5581,0.394,0.5605,0.2568,0.1477,0.031,0.031,0.6213,0.6396,0.2324,0.1501,0.031,0.031,0.3887,0.4253,0.2007,0.1489,0.031,0.031,0.5322,0.5391,0.2231,0.1501,0.031,0.031,0.6157,0.5313,0.2349,0.1501,0.031,0.031,0.5115,0.3862,0.2783,0.1477,0.031,0.031,0.4204,0.5015,0.252,0.1477,0.031,0.031,0.4546,0.52,0.2397,0.1489,0.031,0.031,0.4248,0.4683,0.2231,0.1489,0.031,0.031,0.4685,0.4224,0.249,0.1477,0.031,0.031,0.3567,0.4717,0.2593,0.1501,0.031,0.031,0.5095,0.4653,0.2588,0.1416,0.031,0.031,0.481,0.4185,0.2075,0.1501,0.031,0.031,0.4727,0.4819,0.2061,0.1501,0.031,0.031,0.5886,0.5195,0.271,0.1465,0.031,0.031,0.5012,0.4819,0.2422,0.1489,0.031,0.031,0.5137,0.5049,0.2734,0.1282,0.031,0.031,0.4478,0.4702,0.2539,0.1501,0.031,0.031,0.5754,0.6924,0.249,0.1501,0.031,0.031,0.6462,0.4492,0.2544,0.1501,0.031,0.031,0.467,0.605,0.2324,0.1501,0.031,0.031,0.4561,0.3926,0.2471,0.1501,0.031,0.031,0.3616,0.4702,0.249,0.1477,0.031,0.031,0.6289,0.4766,0.2783,0.1501,0.031,0.031,0.5393,0.5435,0.2197,0.2231,0.1489,0.031,0.031,0.49,0.582,0.2563,0.1501,0.031,0.031,0.4219,0.4438,0.2686,0.1489,0.031,0.031,0.4192,0.5703,0.2539,0.1489,0.031,0.031,0.5581,0.4551,0.2588,0.1477,0.031,0.031
0.6116,0.4302,0.4985,0.249,0.144,0.031,0.031,0.5581,0.394,0.5605,0.2568,0.1477,0.031,0.031,0.6213,0.6396,0.2324,0.1501,0.031,0.031,0.3887,0.4253,0.2007,0.1489,0.031,0.031,0.5322,0.5391,0.2231,0.1501,0.031,0.031,0.6157,0.5313,0.2349,0.1501,0.031,0.031,0.5115,0.3862,0.2783,0.1477,0.031,0.031,0.4204,0.5015,0.252,0.1477,0.031,0.031,0.4546,0.52,0.2397,0.1489,0.031,0.031,0.4248,0.4683,0.228,0.1489,0.031,0.031,0.4685,0.4224,0.249,0.1477,0.031,0.031,0.3567,0.4717,0.2593,0.1501,0.031,0.031,0.5095,0.4653,0.2588,0.1416,0.031,0.031,0.481,0.4185,0.2075,0.1501,0.031,0.031,0.4727,0.4819,0.2061,0.1501,0.031,0.031,0.5886,0.5195,0.271,0.1465,0.031,0.031,0.5012,0.4819,0.2422,0.1489,0.031,0.031,0.5137,0.5049,0.2734,0.1282,0.031,0.031,0.4478,0.4702,0.2539,0.1501,0.031,0.031,0.5754,0.6924,0.249,0.1501,0.031,0.031,0.6462,0.4492,0.2544,0.1501,0.031,0.031,0.467,0.605,0.2324,0.1501,0.031,0.031,0.4561,0.3926,0.2471,0.1501,0.031,0.031,0.3616,0.4702,0.249,0.1477,0.031,0.031,0.6289,0.4766,0.2783,0.1501,0.031,0.031,0.5393,0.5435,0.2197,0.2231,0.1489,0.031,0.031,0.49,0.582,0.2563,0.1501,0.031,0.031,0.4219,0.4438,0.2686,0.1489,0.031,0.031,0.4192,0.5703,0.2539,0.1489,0.031,0.031,0.5581,0.4551,0.2588,0.1477,0.031,0.031
0.6116,0.4302,0.4985,0.249,0.144,0.031,0.031,0.5581,0.394,0.5605,0.2568,0.1477,0.031,0.031,0.6213,0.6396,0.2324,0.1501,0.031,0.031,0.3887,0.4253,0.2007,0.1489,0.031,0.031,0.5322,0.5391,0.2231,0.1501,0.031,0.031,0.6157,0.5313,0.2349,0.1501,0.031,0.031,0.5115,0.3862,0.2783,0.1477,0.031,0.031,0.4204,0.5015,0.252,0.1477,0.031,0.031,0.4546,0.52,0.2397,0.1489,0.031,0.031,0.4248,0.4683,0.228,0.1489,0.031,0.031,0.4685,0.4224,0.249,0.1477,0.031,0.031,0.3567,0.4717,0.2593,0.1501,0.031,0.031,0.5095,0.4653,0.2588,0.1416,0.031,0.031,0.481,0.4185,0.2075,0.1501,0.031,0.031,0.4727,0.4819,0.2061,0.1501,0.031,0.031,0.5886,0.5195,0.271,0.1465,0.031,0.031,0.5012,0.4819,0.2422,0.1489,0.031,0.031,0.5137,0.5049,0.2734,0.1282,0.031,0.031,0.4478,0.4702,0.2539,0.1501,0.031,0.031,0.5754,0.6924,0.249,0.1501,0.031,0.031,0.6462,0.4492,0.2544,0.1501,0.031,0.031,0.467,0.605,0.2324,0.1501,0.031,0.031,0.4561,0.3926,0.2471,0.1501,0.031,0.031,0.3616,0.4702,0.249,0.1477,0.031,0.031,0.6289,0.4766,0.2783,0.1501,0.031,0.031,0.5393,0.5435,0.2197,0.2231,0.1489,0.031,0.031,0.49,0.582,0.2563,0.1501,0.031,0.031,0.4219,0.4438,0.2686,0.1489,0.031,0.031,0.4192,0.5703,0.2539,0.1489,0.031,0.031,0.5581,0.4551,0.2588,0.1477,0.031,0.031
0.6116,0.4302,0.4985,0.249,0.144,0.031,0.031,0.5581,0.394,0.5605,0.2568,0.1477,0.031,0.031,0.6213,0.6396,0.2324,0.1501,0.031,0.031,0.3887,0.4253,0.2007,0.1489,0.031,0.031,0.5322,0.5391,0.2231,0.1501,0.031,0.031,0.6157,0.5313,0.2349,0.1501,0.031,0.031,0.5115,0.3862,0.2783,0.1477,0.031,0.031,0.4204,0.5015,0.252,0.1477,0.031,0.031,0.4546,0.52,0.2397,0.1489,0.031,0.031,0.4248,0.4683,0.228,0.1489,0.031,0.031,0.4685,0.4224,0.249,0.1489,0.031,0.031,0.3567,0.4717,0.2593,0.1501,0.031,0.031,0.5095,0.4653,0.2588,0.1416,0.031,0.031,0.481,0.4185,0.2075,0.1501,0.031,0.031,0.4727,0.4819,0.2061,0.1501,0.031,0.031,0.5886,0.5195,0.271,0.1465,0.031,0.031,0.5012,0.4819,0.2422,0.1489,0.031,0.031,0.5137,0.5049,0.2734,0.1282,0.031,0.031,0.4478,0.4702,0.2539,0.1501,0.031,0.031,0.5754,0.6924,0.249,0.1501,0.031,0.031,0.6462,0.4492,0.2544,0.1501,0.031,0.031,0.467,0.605,0.2324,0.1501,0.031,0.031,0.4561,0.3926,0.2471,0.1501,0.031,0.031,0.3616,0.4702,0.249,0.1477,0.031,0.031,0.6289,0.4766,0.2783,0.1501,0.031,0.031,0.5393,0.5435,0.2197,0.2231,0.1489,0.031,0.031,0.49,0.582,0.2563,0.1501,0.031,0.031,0.4219,0.4438,0.2686,0.1489,0.031,0.031,0.4192,0.5703,0.2539,0.1489,0.031,0.031,0.5581,0.4551,0.2588,0.1477,0.031,0.031
0.6116,0.4302,0.4985,0.249,0.144,0.031,0.031,0.5581,0.394,0.5605,0.2568,0.1477,0.031,0.031,0.6213,0.6396,0.2324,0.1501,0.031,0.031,0.3887,0.4253,0.2007,0.1489,0.031,0.031,0.5322,0.5391,0.2231,0.1501,0.031,0.031,0.6157,0.5313,0.2349,0.1501,0.031,0.031,0.5115,0.3862,0.2783,0.1477,0.031,0.031,0.4204,0.5015,0.252,0.1477,0.031,0.031,0.4546,0.52,0.2397,0.1489,0.031,0.031,0.4248,0.4683,0.2368,0.1489,0.031,0.031,0.4685,0.4224,0.249,0.1489,0.031,0.031,0.3567,0.4717,0.2593,0.1501,0.031,0.031,0.5095,0.4653,0.2588,0.144,0.031,0.031,0.481,0.4185,0.2075,0.1501,0.031,0.031,0.4727,0.4819,0.2061,0.1501,0.031,0.031,0.5886,0.5195,0.271,0.1465,0.031,0.031,0.5012,0.4819,0.2422,0.1489,0.031,0.031,0.5137,0.5049,0.2734,0.1282,0.031,0.031,0.4478,0.4702,0.2539,0.1501,0.031,0.031,0.5754,0.6924,0.249,0.1501,0.031,0.031,0.6462,0.4492,0.271,0.1501,0.031,0.031,0.467,0.605,0.2324,0.1501,0.031,0.031,0.4561,0.3926,0.2471,0.1501,0.031,0.031,0.3616,0.4702,0.249,0.1477,0.031,0.031,0.6289,0.4766,0.2783,0.1501,0.031,0.031,0.5393,0.5435,0.2197,0.2231,0.1489,0.031,0.031,0.49,0.582,0.2563,0.1501,0.031,0.031,0.4219,0.4438,0.2686,0.1489,0.031,0.031,0.4192,0.5703,0.2539,0.1489,0.031,0.031,0.5581,0.4551,0.2588,0.1477,0.031,0.031
0.6116,0.4302,0.4985,0.249,0.144,0.031,0.031,0.5581,0.394,0.5605,0.2568,0.1477,0.031,0.031,0.6213,0.6396,0.2324,0.1501,0.031,0.031,0.3887,0.4253,0.2007,0.1489,0.031,0.031,0.5322,0.5391,0.2231,0.1501,0.031,0.031,0.6157,0.5313,0.2349,0.1501,0.031,0.031,0.5115,0.3862,0.2783,0.1477,0.031,0.031,0.4204,0.5015,0.252,0.1477,0.031,0.031,0.4546,0.52,0.2397,0.1489,0.031,0.031,0.4248,0.4683,0.2368,0.1489,0.031,0.031,0.4685,0.4224,0.249,0.1489,0.031,0.031,0.3567,0.4717,0.2593,0.1501,0.031,0.031,0.5095,0.4653,0.2588,0.144,0.031,0.031,0.481,0.4185,0.2075,0.1501,0.031,0.031,0.4727,0.4819,0.2061,0.1501,0.031,0.031,0.5886,0.5195,0.271,0.1465,0.031,0.031,0.5012,0.4819,0.2422,0.1489,0.031,0.031,0.5137,0.5049,0.2734,0.1282,0.031,0.031,0.4478,0.4702,0.2539,0.1501,0.031,0.031,0.5754,0.6924,0.249,0.1501,0.031,0.031,0.6462,0.4492,0.271,0.1501,0.031,0.031,0.467,0.605,0.2324,0.1501,0.031,0.031,0.4561,0.3926,0.2471,0.1501,0.031,0.031,0.3616,0.4702,0.249,0.1477,0.031,0.031,0.6289,0.4766,0.2783,0.1501,0.031,0.031,0.5393,0.5435,0.2197,0.2231,0.1489,0.031,0.031,0.49,0.582,0.2563,0.1501,0.031,0.031,0.4219,0.4438,0.2686,0.1489,0.031,0.031,0.4192,0.5703,0.2539,0.1489,0.031,0.031,0.5581,0.4551,0.2588,0.1477,0.031,0.031
0.6116,0.4302,0.4985,0.249,0.144,0.031,0.031,0.5581,0.394,0.5605,0.2568,0.1477,0.031,0.031,0.6213,0.6396,0.2324,0.1501,0.031,0.031,0.3887,0.4253,0.2007,0.1489,0.031,0.031,0.5322,0.5391,0.2231,0.1501,0.031,0.031,0.6157,0.5313,0.2349,0.1501,0.031,0.031,0.5115,0.3862,0.2783,0.1477,0.031,0.031,0.4204,0.5015,0.252,0.1477,0.031,0.031,0.4546,0.52,0.2397,0.1489,0.031,0.031,0.4248,0.4683,0.2368,0.1489,0.031,0.031,0.4685,0.4224,0.249,0.1489,0.031,0.031,0.3567,0.4717,0.2593,0.1501,0.031,0.031,0.5095,0.4653,0.2588,0.144,0.031,0.031,0.481,0.4185,0.2075,0.1501,0.031,0.031,0.4727,0.4819,0.2061,0.1501,0.031,0.031,0.5886,0.5195,0.271,0.1465,0.031,0.031,0.5012,0.4819,0.2422,0.1489,0.031,0.031,0.5137,0.5049,0.2734,0.1282,0.031,0.031,0.4478,0.4702,0.2539,0.1501,0.031,0.031,0.5754,0.6924,0.249,0.1501,0.031,0.031,0.6462,0.4492,0.271,0.1501,0.031,0.031,0.467,0.605,0.2324,0.1501,0.031,0.031,0.4561,0.3926,0.2471,0.1501,0.031,0.031,0.3623,0.4702,0.249,0.1477,0.031,0.031,0.6289,0.4766,0.2783,0.1501,0.031,0.031,0.5393,0.5435,0.2197,0.2231,0.1489,0.031,0.031,0.49,0.582,0.2563,0.1501,0.031,0.031,0.4219,0.4438,0.2686,0.1489,0.031,0.031,0.4192,0.5703,0.2539,0.1489,0.031,0.031,0.5581,0.4551,0.2588,0.1477,0.031,0.031
0.6116,0.4302,0.4985,0.249,0.144,0.031,0.031,0.5581,0.394,0.5605,0.2568,0.1477,0.031,0.031,0.6213,0.6396,0.2324,0.1501,0.031,0.031,0.3887,0.4253,0.2007,0.1489,0.031,0.031,0.5322,0.5391,0.2231,0.1501,0.031,0.031,0.6157,0.5313,0.2349,0.1501,0.031,0.031,0.5115,0.3862,0.2783,0.1477,0.031,0.031,0.4204,0.5015,0.252,0.1477,0.031,0.031,0.4681,0.52,0.2397,0.1489,0.031,0.031,0.4248,0.4683,0.2368,0.1489,0.031,0.031,0.4685,0.4224,0.249,0.1489,0.031,0.031,0.3567,0.4717,0.2593,0.1501,0.031,0.031,0.5095,0.4653,0.2588,0.144,0.031,0.031,0.481,0.4185,0.2075,0.1501,0.031,0.031,0.4727,0.4819,0.2061,0.1501,0.031,0.031,0.5886,0.5195,0.271,0.1465,0.031,0.031,0.5012,0.4819,0.2422,0.1489,0.031,0.031,0.5137,0.5049,0.2734,0.1282,0.031,0.031,0.4478,0.4702,0.2539,0.1501,0.031,0.031,0.5754,0.6924,0.249,0.1501,0.031,0.031,0.6462,0.4492,0.271,0.1501,0.031,0.031,0.467,0.605,0.2324,0.1501,0.031,0.031,0.4561,0.3926,0.2471,0.1501,0.031,0.031,0.3623,0.4702,0.249,0.1477,0.031,0.031,0.6289,0.4766,0.2783,0.1501,0.031,0.031,0.5393,0.5435,0.2197,0.2231,0.1489,0.031,0.031,0.49,0.582,0.2563,0.1501,0.031,0.031,0.4219,0.4438,0.2686,0.1489,0.031,0.031,0.4192,0.5703,0.2539,0.1501,0.031,0.031,0.5581,0.4551,0.2588,0.1477,0.031,0.031
0.6116,0.4302,0.4985,0.249,0.144,0.031,0.031,0.5581,0.394,0.5605,0.2568,0.1477,0.031,0.031,0.6213,0.6396,0.2324,0.1501,0.031,0.031,0.3887,0.4253,0.2007,0.1489,0.031,0.031,0.5322,0.5391,0.2231,0.1501,0.031,0.031,0.6157,0.5313,0.2349,0.1501,0.031,0.031,0.5115,0.3862,0.2783,0.1477,0.031,0.031,0.4204,0.5244,0.252,0.1477,0.031,0.031,0.4681,0.52,0.2397,0.1489,0.031,0.031,0.4248,0.4683,0.2368,0.1489,0.031,0.031,0.4685,0.4224,0.249,0.1489,0.031,0.031,0.3567,0.4717,0.2593,0.1501,0.031,0.031,0.5095,0.4653,0.2588,0.144,0.031,0.031,0.481,0.4185,0.2075,0.1501,0.031,0.031,0.4727,0.4819,0.2061,0.1501,0.031,0.031,0.5886,0.5195,0.271,0.1465,0.031,0.031,0.5012,0.4819,0.2422,0.1489,0.031,0.031,0.5137,0.5049,0.2734,0.1282,0.031,0.031,0.4478,0.4702,0.2539,0.1501,0.031,0.031,0.5754,0.6924,0.249,0.1501,0.031,0.031,0.6462,0.4492,0.271,0.1501,0.031,0.031,0.467,0.605,0.2324,0.1501,0.031,0.031,0.4561,0.3926,0.2471,0.1501,0.031,0.031,0.3623,0.4702,0.249,0.1477,0.031,0.031,0.6289,0.4766,0.2783,0.1501,0.031,0.031,0.5393,0.5435,0.2197,0.2231,0.1489,0.031,0.031,0.49,0.582,0.2563,0.1501,0.031,0.031,0.4219,0.4438,0.2686,0.1489,0.031,0.031,0.4192,0.5703,0.2539,0.1501,0.031,0.031,0.5581,0.4551,0.2588,0.1477,0.031,0.031
0.6116,0.4302,0.4985,0.249,0.144,0.031,0.031,0.5581,0.394,0.5605,0.2568,0.1477,0.031,0.031,0.6213,0.6396,0.2324,0.1501,0.031,0.031,0.3887,0.4253,0.252,0.1489,0.031,0.031,0.5322,0.5391,0.2231,0.1501,0.031,0.031,0.6157,0.5313,0.2349,0.1501,0.031,0.031,0.5115,0.3862,0.2783,0.1477,0.031,0.031,0.426,0.5244,0.252,0.1477,0.031,0.031,0.4681,0.52,0.2397,0.1489,0.031,0.031,0.4248,0.4683,0.2368,0.1489,0.031,0.031,0.4685,0.4224,0.249,0.1489,0.031,0.031,0.3567,0.4717,0.2593,0.1501,0.031,0.031,0.5095,0.4653,0.2588,0.144,0.031,0.031,0.481,0.4185,0.2075,0.1501,0.031,0.031,0.4727,0.4819,0.2061,0.1501,0.031,0.031,0.5886,0.5195,0.271,0.1465,0.031,0.031,0.5012,0.4819,0.2422,0.1489,0.031,0.031,0.5137,0.5049,0.2734,0.1282,0.031,0.031,0.4478,0.4702,0.2539,0.1501,0.031,0.031,0.5754,0.6924,0.249,0.1501,0.031,0.031,0.6462,0.4492,0.271,0.1501,0.031,0.031,0.467,0.605,0.2324,0.1501,0.031,0.031,0.4561,0.3926,0.2471,0.1501,0.031,0.031,0.3623,0.4702,0.249,0.1477,0.031,0.031,0.6289,0.4766,0.2783,0.1501,0.031,0.031,0.5393,0.5435,0.2197,0.2231,0.1489,0.031,0.031,0.49,0.582,0.2563,0.1501,0.031,0.031,0.4219,0.4438,0.2686,0.1489,0.031,0.031,0.4192,0.5703,0.2539,0.1501,0.031,0.031,0.5581,0.4551,0.2588,0.1477,0.031,0.031
0.6116,0.4302,0.4985,0.249,0.144,0.031,0.031,0.5581,0.394,0.5605,0.2568,0.1477,0.031,0.031,0.6213,0.6396,0.2324,0.1501,0.031,0.031,0.3887,0.4253,0.252,0.1489,0.031,0.031,0.5322,0.5391,0.2231,0.1501,0.031,0.031,0.6157,0.5313,0.2417,0.1501,0.031,0.031,0.5115,0.3862,0.2783,0.1477,0.031,0.031,0.426,0.5244,0.252,0.1477,0.031,0.031,0.4692,0.52,0.2397,0.1489,0.031,0.031,0.4248,0.4683,0.2368,0.1489,0.031,0.031,0.4685,0.4224,0.249,0.1489,0.031,0.031,0.3567,0.4717,0.2593,0.1501,0.031,0.031,0.5095,0.4653,0.2588,0.144,0.031,0.031,0.481,0.4185,0.2075,0.1501,0.031,0.031,0.4727,0.4819,0.2061,0.1501,0.031,0.031,0.5886,0.5195,0.271,0.1465,0.031,0.031,0.5012,0.4819,0.2422,0.1489,0.031,0.031,0.5137,0.5049,0.2734,0.1282,0.031,0.031,0.4478,0.4702,0.2539,0.1501,0.031,0.031,0.5754,0.6924,0.249,0.1501,0.031,0.031,0.6462,0.4492,0.271,0.1501,0.031,0.031,0.467,0.605,0.2324,0.1501,0.031,0.031,0.4561,0.3926,0.2471,0.1501,0.031,0.031,0.3623,0.4702,0.249,0.1477,0.031,0.031,0.6289,0.4766,0.2783,0.1501,0.031,0.031,0.5393,0.5435,0.2197,0.2231,0.1489,0.031,0.031,0.49,0.582,0.2563,0.1501,0.031,0.031,0.4219,0.4438,0.2686,0.1489,0.031,0.031,0.4192,0.5703,0.2539,0.1501,0.031,0.031,0.5581,0.4551,0.2588,0.1477,0.031,0.031
0.6116,0.4302,0.4985,0.249,0.144,0.031,0.031,0.5581,0.394,0.5605,0.2568,0.1477,0.031,0.031,0.6213,0.6396,0.2324,0.1501,0.031,0.031,0.3887,0.4253,0.252,0.1489,0.031,0.031,0.5322,0.5391,0.2231,0.1501,0.031,0.031,0.6157,0.5313,0.2417,0.1501,0.031,0.031,0.5115,0.3862,0.2783,0.1477,0.031,0.031,0.426,0.5361,0.252,0.1477,0.031,0.031,0.4692,0.52,0.2397,0.1489,0.031,0.031,0.4248,0.4683,0.2368,0.1489,0.031,0.031,0.4685,0.4224,0.249,0.1489,0.031,0.031,0.3567,0.4717,0.2593,0.1501,0.031,0.031,0.5095,0.4653,0.2588,0.144,0.031,0.031,0.481,0.4185,0.2075,0.1501,0.031,0.031,0.4727,0.4819,0.2061,0.1501,0.031,0.031,0.5886,0.5195,0.271,0.1465,0.031,0.031,0.5012,0.4819,0.2422,0.1489,0.031,0.031,0.5137,0.5049,0.2734,0.1282,0.031,0.031,0.4478,0.4702,0.2539,0.1501,0.031,0.031,0.5754,0.6924,0.249,0.1501,0.031,0.031,0.6462,0.4492,0.271,0.1501,0.031,0.031,0.467,0.605,0.2324,0.1501,0.031,0.031,0.4561,0.3926,0.2471,0.1501,0.031,0.031,0.3623,0.4702,0.249,0.1477,0.031,0.031,0.6289,0.4766,0.2783,0.1501,0.031,0.031,0.5393,0.5435,0.2197,0.2231,0.1489,0.031,0.031,0.49,0.582,0.2563,0.1501,0.031,0.031,0.4219,0.4438,0.2686,0.1489,0.031,0.031,0.4192,0.5703,0.2539,0.1501,0.031,0.031,0.5581,0.4551,0.2588,0.1477,0.031,0.031
0.6116,0.4302,0.4985,0.249,0.144,0.031,0.031,0.5581,0.394,0.5605,0.2568,0.1477,0.031,0.031,0.6213,0.6396,0.2324,0.1501,0.031,0.031,0.3887,0.4253,0.252,0.1489,0.031,0.031,0.5322,0.5391,0.2231,0.1501,0.031,0.031,0.6157,0.5313,0.2417,0.1501,0.031,0.031,0.5115,0.3862,0.2783,0.1477,0.031,0.031,0.426,0.5361,0.252,0.1477,0.031,0.031,0.4692,0.52,0.2397,0.1489,0.031,0.031,0.4248,0.4683,0.2368,0.1489,0.031,0.031,0.4685,0.4224,0.249,0.1489,0.031,0.031,0.3567,0.4717,0.2593,0.1501,0.031,0.031,0.5095,0.4653,0.2588,0.144,0.031,0.031,0.481,0.4185,0.2075,0.1501,0.031,0.031,0.4727,0.4819,0.2061,0.1501,0.031,0.031,0.5886,0.5195,0.271,0.1465,0.031,0.031,0.5012,0.4819,0.2422,0.1489,0.031,0.031,0.5137,0.5049,0.2759,0.1282,0.031,0.031,0.4478,0.4702,0.2539,0.1501,0.031,0.031,0.5754,0.6924,0.249,0.1501,0.031,0.031,0.6462,0.4492,0.271,0.1501,0.031,0.031,0.467,0.605,0.2324,0.1501,0.031,0.031,0.4561,0.3926,0.2471,0.1501,0.031,0.031,0.3623,0.4702,0.249,0.1477,0.031,0.031,0.6289,0.4766,0.2783,0.1501,0.031,0.031,0.5393,0.5435,0.2197,0.2231,0.1489,0.031,0.031,0.49,0.582,0.2563,0.1501,0.031,0.031,0.4219,0.4438,0.2686,0.1489,0.031,0.031,0.4192,0.5703,0.2539,0.1501,0.031,0.031,0.5581,0.4551,0.2588,0.1477,0.031,0.031
0.6116,0.4302,0.4985,0.249,0.144,0.031,0.031,0.5581,0.394,0.5605,0.2568,0.1477,0.031,0.031,0.6213,0.6396,0.2324,0.1501,0.031,0.031,0.3955,0.4253,0.252,0.1489,0.031,0.031,0.5322,0.5391,0.2231,0.1501,0.031,0.031,0.6157,0.5313,0.2417,0.1501,0.031,0.031,0.5254,0.3862,0.2783,0.1477,0.031,0.031,0.426,0.5361,0.252,0.1477,0.031,0.031,0.5491,0.52,0.2397,0.1489,0.031,0.031,0.4248,0.4683,0.2368,0.1489,0.031,0.031,0.4685,0.4224,0.249,0.1489,0.031,0.031,0.3567,0.4717,0.2593,0.1501,0.031,0.031,0.5095,0.4653,0.2588,0.144,0.031,0.031,0.481,0.4185,0.2075,0.1501,0.031,0.031,0.4727,0.4819,0.2061,0.1501,0.031,0.031,0.5886,0.5195,0.271,0.1465,0.031,0.031,0.5012,0.4819,0.2422,0.1501,0.031,0.031,0.5137,0.5049,0.2759,0.1282,0.031,0.031,0.4478,0.4702,0.2539,0.1501,0.031,0.031,0.5754,0.6924,0.249,0.1501,0.031,0.031,0.6462,0.4492,0.271,0.1501,0.031,0.031,0.467,0.605,0.2324,0.1501,0.031,0.031,0.4561,0.3926,0.2471,0.1501,0.031,0.031,0.3623,0.4702,0.249,0.1477,0.031,0.031,0.6289,0.4766,0.2783,0.1501,0.031,0.031,0.5393,0.5435,0.2197,0.2231,0.1489,0.031,0.031,0.49,0.582,0.2563,0.1501,0.031,0.031,0.4219,0.4438,0.2686,0.1489,0.031,0.031,0.4192,0.5703,0.2539,0.1501,0.031,0.031,0.5581,0.4551,0.2588,0.1477,0.031,0.031
0.6116,0.4302,0.4985,0.249,0.144,0.031,0.031,0.5581,0.394,0.5605,0.2568,0.1477,0.031,0.031,0.6213,0.6396,0.2324,0.1501,0.031,0.031,0.3955,0.4253,0.252,0.1489,0.031,0.031,0.5322,0.5391,0.2231,0.1501,0.031,0.031,0.6157,0.5313,0.2417,0.1501,0.031,0.031,0.5254,0.3862,0.2783,0.1477,0.031,0.031,0.426,0.5361,0.252,0.1477,0.031,0.031,0.5491,0.52,0.2397,0.1489,0.031,0.031,0.4248,0.4683,0.2368,0.1489,0.031,0.031,0.4685,0.4224,0.249,0.1489,0.031,0.031,0.3567,0.4717,0.2593,0.1501,0.031,0.031,0.5095,0.4653,0.2588,0.144,0.031,0.031,0.481,0.4185,0.2075,0.1501,0.031,0.031,0.4727,0.4819,0.2061,0.1501,0.031,0.031,0.5886,0.5195,0.271,0.1465,0.031,0.031,0.5012,0.4819,0.2422,0.1501,0.031,0.031,0.5137,0.5049,0.2759,0.1282,0.031,0.031,0.4478,0.4702,0.2539,0.1501,0.031,0.031,0.5754,0.6924,0.249,0.1501,0.031,0.031,0.6462,0.4492,0.271,0.1501,0.031,0.031,0.467,0.605,0.2324,0.1501,0.031,0.031,0.4561,0.3926,0.2471,0.1501,0.031,0.031,0.3623,0.4702,0.249,0.1477,0.031,0.031,0.6289,0.4766,0.2783,0.1501,0.031,0.031,0.5393,0.5435,0.2197,0.2231,0.1489,0.031,0.031,0.49,0.582,0.2563,0.1501,0.031,0.031,0.4219,0.4438,0.2686,0.1489,0.031,0.031,0.4192,0.5703,0.2539,0.1501,0.031,0.031,0.5581,0.4551,0.2588,0.1477,0.031,0.031
0.6116,0.4302,0.4985,0.249,0.144,0.031,0.031,0.5581,0.394,0.5605,0.2568,0.1477,0.031,0.031,0.6213,0.6396,0.2324,0.1501,0.031,0.031,0.3955,0.4253,0.252,0.1489,0.031,0.031,0.5322,0.5391,0.2231,0.1501,0.031,0.031,0.6157,0.5313,0.2417,0.1501,0.031,0.031,0.5254,0.3862,0.2783,0.1477,0.031,0.031,0.426,0.5361,0.252,0.1477,0.031,0.031,0.5491,0.52,0.2397,0.1489,0.031,0.031,0.4248,0.4683,0.2368,0.1489,0.031,0.031,0.4685,0.4224,0.249,0.1489,0.031,0.031,0.3567,0.4717,0.2593,0.1501,0.031,0.031,0.5095,0.4653,0.2588,0.144,0.031,0.031,0.481,0.4185,0.2075,0.1501,0.031,0.031,0.4727,0.4819,0.2061,0.1501,0.031,0.031,0.5886,0.5195,0.271,0.1465,0.031,0.031,0.5012,0.4819,0.2422,0.1501,0.031,0.031,0.5137,0.5049,0.2759,0.1282,0.031,0.031,0.4478,0.4702,0.2539,0.1501,0.031,0.031,0.5754,0.6924,0.249,0.1501,0.031,0.031,0.6462,0.4492,0.271,0.1501,0.031,0.031,0.467,0.605,0.2324,0.1501,0.031,0.031,0.4561,0.3926,0.2471,0.1501,0.031,0.031,0.3623,0.4702,0.2515,0.1477,0.031,0.031,0.6289,0.4766,0.2783,0.1501,0.031,0.031,0.5393,0.5435,0.2197,0.2231,0.1489,0.031,0.031,0.49,0.582,0.2563,0.1501,0.031,0.031,0.4219,0.4438,0.2686,0.1489,0.031,0.031,0.4192,0.5703,0.2539,0.1501,0.031,0.031,0.5581,0.4551,0.2588,0.1477,0.031,0.031
0.6116,0.4302,0.4985,0.249,0.144,0.031,0.031,0.5581,0.394,0.5605,0.2568,0.1477,0.031,0.031,0.6213,0.6396,0.2324,0.1501,0.031,0.031,0.3955,0.4253,0.252,0.1489,0.031,0.031,0.5322,0.5391,0.2231,0.1501,0.031,0.031,0.6157,0.5313,0.2417,0.1501,0.031,0.031,0.5254,0.3862,0.2783,0.1477,0.031,0.031,0.426,0.5361,0.252,0.1477,0.031,0.031,0.5491,0.52,0.2397,0.1489,0.031,0.031,0.4248,0.4683,0.2368,0.1489,0.031,0.031,0.4685,0.4224,0.249,0.1489,0.031,0.031,0.3567,0.4717,0.2593,0.1501,0.031,0.031,0.5095,0.4653,0.2588,0.144,0.031,0.031,0.481,0.4185,0.2075,0.1501,0.031,0.031,0.4727,0.4819,0.2061,0.1501,0.031,0.031,0.5886,0.5195,0.271,0.1465,0.031,0.031,0.5012,0.4819,0.2422,0.1501,0.031,0.031,0.5137,0.5049,0.2759,0.1282,0.031,0.031,0.4478,0.4702,0.2539,0.1501,0.031,0.031,0.5754,0.6924,0.249,0.1501,0.031,0.031,0.6462,0.4492,0.271,0.1501,0.031,0.031,0.467,0.605,0.2324,0.1501,0.031,0.031,0.4561,0.3926,0.249,0.1501,0.031,0.031,0.3623,0.4702,0.2515,0.1477,0.031,0.031,0.6289,0.4766,0.2783,0.1501,0.031,0.031,0.5393,0.5435,0.2197,0.2231,0.1489,0.031,0.031,0.49,0.582,0.2563,0.1501,0.031,0.031,0.4219,0.4438,0.2686,0.1489,0.031,0.031,0.4192,0.5703,0.2539,0.1501,0.031,0.031,0.5581,0.4551,0.2588,0.1477,0.031,0.031
0.6116,0.4302,0.4985,0.249,0.144,0.031,0.031,0.5581,0.394,0.5605,0.2568,0.1477,0.031,0.031,0.6213,0.6396,0.2324,0.1501,0.031,0.031,0.3955,0.4253,0.252,0.1489,0.031,0.031,0.5322,0.5391,0.2231,0.1501,0.031,0.031,0.6157,0.5313,0.2417,0.1501,0.031,0.031,0.5254,0.3862,0.2783,0.1477,0.031,0.031,0.426,0.5361,0.252,0.1477,0.031,0.031,0.5491,0.52,0.2397,0.1489,0.031,0.031,0.4248,0.4683,0.2368,0.1489,0.031,0.031,0.4685,0.4224,0.249,0.1489,0.031,0.031,0.3567,0.4717,0.2593,0.1501,0.031,0.031,0.5095,0.4653,0.2588,0.144,0.031,0.031,0.481,0.4185,0.2075,0.1501,0.031,0.031,0.4727,0.4819,0.2061,0.1501,0.031,0.031,0.5886,0.5195,0.271,0.1465,0.031,0.031,0.5012,0.4819,0.2422,0.1501,0.031,0.031,0.5137,0.5049,0.2759,0.1282,0.031,0.031,0.4478,0.4702,0.2539,0.1501,0.031,0.031,0.5754,0.6924,0.249,0.1501,0.031,0.031,0.6462,0.4492,0.271,0.1501,0.031,0.031,0.467,0.605,0.2324,0.1501,0.031,0.031,0.4561,0.3926,0.249,0.1501,0.031,0.031,0.3623,0.4702,0.2515,0.1477,0.031,0.031,0.6289,0.4766,0.2783,0.1501,0.031,0.031,0.5393,0.5435,0.2197,0.2231,0.1489,0.031,0.031,0.49,0.582,0.2563,0.1501,0.031,0.031,0.4219,0.4438,0.2686,0.1489,0.031,0.031,0.4192,0.5703,0.2539,0.1501,0.031,0.031,0.5581,0.4551,0.2588,0.1477,0.031,0.031
0.6116,0.4302,0.4985,0.249,0.1501,0.031,0.031,0.5581,0.394,0.5605,0.2568,0.1477,0.031,0.031,0.6213,0.6396,0.2324,0.1501,0.031,0.031,0.3955,0.4253,0.252,0.1489,0.031,0.031,0.5322,0.5391,0.2231,0.1501,0.031,0.031,0.6157,0.5313,0.2417,0.1501,0.031,0.031,0.5254,0.3862,0.2783,0.1477,0.031,0.031,0.426,0.5361,0.252,0.1477,0.031,0.031,0.5491,0.52,0.2397,0.1489,0.031,0.031,0.4248,0.4683,0.2368,0.1489,0.031,0.031,0.4685,0.4224,0.249,0.1489,0.031,0.031,0.3567,0.4717,0.2593,0.1501,0.031,0.031,0.5095,0.4653,0.2588,0.144,0.031,0.031,0.481,0.4185,0.2075,0.1501,0.031,0.031,0.4727,0.4819,0.2061,0.1501,0.031,0.031,0.5886,0.5195,0.271,0.1465,0.031,0.031,0.5012,0.4819,0.2422,0.1501,0.031,0.031,0.5137,0.5049,0.2759,0.1282,0.031,0.031,0.4478,0.4702,0.2539,0.1501,0.031,0.031,0.5754,0.6924,0.249,0.1501,0.031,0.031,0.6462,0.4492,0.2808,0.1501,0.031,0.031,0.467,0.605,0.2324,0.1501,0.031,0.031,0.4561,0.3926,0.249,0.1501,0.031,0.031,0.3623,0.4702,0.2515,0.1477,0.031,0.031,0.6289,0.4766,0.2783,0.1501,0.031,0.031,0.5393,0.5435,0.2197,0.2231,0.1489,0.031,0.031,0.49,0.582,0.2563,0.1501,0.031,0.031,0.4219,0.4438,0.2686,0.1489,0.031,0.031,0.4192,0.5703,0.2539,0.1501,0.031,0.031,0.5581,0.4551,0.2588,0.1477,0.031,0.031
0.6157,0.4302,0.4985,0.249,0.1501,0.031,0.031,0.5581,0.394,0.5605,0.2568,0.1477,0.031,0.031,0.6213,0.6396,0.2324,0.1501,0.031,0.031,0.3955,0.4253,0.252,0.1489,0.031,0.031,0.5322,0.5391,0.2231,0.1501,0.031,0.031,0.6157,0.5313,0.2417,0.1501,0.031,0.031,0.5254,0.3862,0.2783,0.1477,0.031,0.031,0.426,0.5361,0.252,0.1477,0.031,0.031,0.5491,0.52,0.2397,0.1489,0.031,0.031,0.4248,0.4766,0.2368,0.1489,0.031,0.031,0.47,0.4224,0.249,0.1489,0.031,0.031,0.3567,0.4717,0.2593,0.1501,0.031,0.031,0.5095,0.4653,0.2588,0.144,0.031,0.031,0.481,0.4185,0.2075,0.1501,0.031,0.031,0.4727,0.4819,0.2061,0.1501,0.031,0.031,0.5886,0.5195,0.271,0.1465,0.031,0.031,0.5012,0.4819,0.2422,0.1501,0.031,0.031,0.5137,0.5049,0.2759,0.1282,0.031,0.031,0.4478,0.4702,0.2539,0.1501,0.031,0.031,0.5754,0.6924,0.249,0.1501,0.031,0.031,0.6462,0.4492,0.2808,0.1501,0.031,0.031,0.467,0.605,0.2324,0.1501,0.031,0.031,0.4561,0.3926,0.249,0.1501,0.031,0.031,0.3623,0.4702,0.2515,0.1477,0.031,0.031,0.6289,0.4766,0.2783,0.1501,0.031,0.031,0.5393,0.5435,0.2197,0.2231,0.1489,0.031,0.031,0.49,0.582,0.2563,0.1501,0.031,0.031,0.4219,0.4438,0.2686,0.1489,0.031,0.031,0.4192,0.5703,0.2539,0.1501,0.031,0.031,0.5581,0.4551,0.2588,0.1477,0.031,0.031
0.6157,0.4302,0.4985,0.249,0.1501,0.031,0.031,0.5581,0.394,0.5605,0.2568,0.1477,0.031,0.031,0.6213,0.6396,0.2324,0.1501,0.031,0.031,0.3955,0.4253,0.252,0.1489,0.031,0.031,0.5322,0.5391,0.2231,0.1501,0.031,0.031,0.6157,0.5313,0.2417,0.1501,0.031,0.031,0.5254,0.3862,0.2783,0.1477,0.031,0.031,0.426,0.5361,0.252,0.1477,0.031,0.031,0.5491,0.52,0.2397,0.1489,0.031,0.031,0.4248,0.4766,0.2368,0.1489,0.031,0.031,0.47,0.4224,0.249,0.1489,0.031,0.031,0.3567,0.4717,0.2593,0.1501,0.031,0.031,0.5095,0.4653,0.2588,0.144,0.031,0.031,0.481,0.4185,0.2075,0.1501,0.031,0.031,0.4727,0.4819,0.2061,0.1501,0.031,0.031,0.5886,0.5195,0.271,0.1465,0.031,0.031,0.5012,0.4819,0.2422,0.1501,0.031,0.031,0.5137,0.5049,0.2759,0.1282,0.031,0.031,0.4478,0.4702,0.2539,0.1501,0.031,0.031,0.5754,0.6924,0.249,0.1501,0.031,0.031,0.6462,0.4492,0.2808,0.1501,0.031,0.031,0.467,0.605,0.2324,0.1501,0.031,0.031,0.4561,0.3926,0.271,0.1501,0.031,0.031,0.3623,0.4702,0.2515,0.1477,0.031,0.031,0.6289,0.4766,0.2783,0.1501,0.031,0.031,0.5393,0.5435,0.2197,0.2231,0.1489,0.031,0.031,0.49,0.582,0.2563,0.1501,0.031,0.031,0.4219,0.4438,0.2686,0.1489,0.031,0.031,0.4192,0.5703,0.2539,0.1501,0.031,0.031,0.5581,0.4551,0.2588,0.1477,0.031,0.031
0.6157,0.4302,0.4985,0.249,0.1501,0.031,0.031,0.5581,0.394,0.5605,0.2568,0.1477,0.031,0.031,0.6213,0.6396,0.2324,0.1501,0.031,0.031,0.3955,0.4253,0.252,0.1489,0.031,0.031,0.5322,0.5391,0.2231,0.1501,0.031,0.031,0.6157,0.5313,0.2417,0.1501,0.031,0.031,0.5254,0.3862,0.2783,0.1477,0.031,0.031,0.426,0.5361,0.252,0.1477,0.031,0.031,0.5491,0.52,0.2397,0.1501,0.031,0.031,0.4248,0.4766,0.2368,0.1489,0.031,0.031,0.47,0.4224,0.249,0.1489,0.031,0.031,0.3567,0.4717,0.2593,0.1501,0.031,0.031,0.5095,0.4653,0.2588,0.144,0.031,0.031,0.481,0.4185,0.2075,0.1501,0.031,0.031,0.4727,0.4819,0.2061,0.1501,0.031,0.031,0.5886,0.5195,0.271,0.1465,0.031,0.031,0.5012,0.4819,0.2422,0.1501,0.031,0.031,0.5137,0.5049,0.2759,0.1282,0.031,0.031,0.4478,0.4702,0.2539,0.1501,0.031,0.031,0.5754,0.6924,0.249,0.1501,0.031,0.031,0.6462,0.4492,0.2808,0.1501,0.031,0.031,0.467,0.605,0.2324,0.1501,0.031,0.031,0.4561,0.3926,0.271,0.1501,0.031,0.031,0.3623,0.4702,0.2515,0.1477,0.031,0.031,0.6289,0.4766,0.2783,0.1501,0.031,0.031,0.5393,0.5435,0.2197,0.2231,0.1489,0.031,0.031,0.49,0.582,0.2563,0.1501,0.031,0.031,0.4219,0.4438,0.2686,0.1489,0.031,0.031,0.4192,0.5703,0.2539,0.1501,0.031,0.031,0.5581,0.4551,0.2588,0.1477,0.031,0.031
0.6157,0.4302,0.4985,0.249,0.1501,0.031,0.031,0.5581,0.394,0.5605,0.2568,0.1477,0.031,0.031,0.6213,0.6396,0.2324,0.1501,0.031,0.031,0.3955,0.4253,0.252,0.1489,0.031,0.031,0.5322,0.5391,0.2231,0.1501,0.031,0.031,0.6157,0.5313,0.2417,0.1501,0.031,0.031,0.5254,0.3862,0.2783,0.1477,0.031,0.031,0.426,0.5361,0.252,0.1477,0.031,0.031,0.5491,0.52,0.2397,0.1501,0.031,0.031,0.4248,0.4766,0.2368,0.1489,0.031,0.031,0.47,0.4224,0.249,0.1489,0.031,0.031,0.3567,0.4717,0.2593,0.1501,0.031,0.031,0.5095,0.4653,0.2588,0.144,0.031,0.031,0.481,0.4185,0.2075,0.1501,0.031,0.031,0.4727,0.4819,0.2061,0.1501,0.031,0.031,0.5886,0.5195,0.271,0.1465,0.031,0.031,0.5012,0.4819,0.2422,0.1501,0.031,0.031,0.5137,0.5049,0.2759,0.1282,0.031,0.031,0.4478,0.4702,0.2539,0.1501,0.031,0.031,0.5754,0.6924,0.249,0.1501,0.031,0.031,0.6462,0.4492,0.2808,0.1501,0.031,0.031,0.467,0.605,0.2324,0.1501,0.031,0.031,0.4561,0.3926,0.271,0.1501,0.031,0.031,0.3623,0.4702,0.2515,0.1477,0.031,0.031,0.6289,0.4766,0.2783,0.1501,0.031,0.031,0.5393,0.5435,0.2197,0.2231,0.1489,0.031,0.031,0.49,0.582,0.2563,0.1501,0.031,0.031,0.4219,0.4438,0.2686,0.1489,0.031,0.031,0.4192,0.5703,0.2539,0.1501,0.031,0.031,0.5581,0.4551,0.2588,0.1477,0.031,0.031
0.6157,0.4302,0.4985,0.249,0.1501,0.031,0.031,0.5581,0.394,0.5605,0.2568,0.1477,0.031,0.031,0.6213,0.6396,0.2324,0.1501,0.031,0.031,0.3955,0.4253,0.2544,0.1489,0.031,0.031,0.5322,0.5391,0.2231,0.1501,0.031,0.031,0.6157,0.5313,0.2417,0.1501,0.031,0.031,0.5254,0.3862,0.2783,0.1477,0.031,0.031,0.426,0.5361,0.252,0.1477,0.031,0.031,0.5491,0.52,0.2397,0.1501,0.031,0.031,0.4248,0.4766,0.2368,0.1489,0.031,0.031,0.47,0.4224,0.249,0.1489,0.031,0.031,0.3567,0.4717,0.2593,0.1501,0.031,0.031,0.5095,0.4653,0.2588,0.144,0.031,0.031,0.481,0.4185,0.2075,0.1501,0.031,0.031,0.4727,0.4819,0.2061,0.1501,0.031,0.031,0.5886,0.5195,0.271,0.1465,0.031,0.031,0.5012,0.4819,0.2422,0.1501,0.031,0.031,0.5137,0.5049,0.2759,0.1282,0.031,0.031,0.4478,0.4702,0.2539,0.1501,0.031,0.031,0.5754,0.6924,0.249,0.1501,0.031,0.031,0.6462,0.4492,0.2808,0.1501,0.031,0.031,0.467,0.605,0.2324,0.1501,0.031,0.031,0.4561,0.3926,0.271,0.1501,0.031,0.031,0.3623,0.4702,0.2515,0.1477,0.031,0.031,0.6289,0.4766,0.2783,0.1501,0.031,0.031,0.5393,0.5435,0.2197,0.2231,0.1489,0.031,0.031,0.49,0.582,0.2563,0.1501,0.031,0.031,0.4219,0.4438,0.2686,0.1489,0.031,0.031,0.4192,0.5703,0.2539,0.1501,0.031,0.031,0.5581,0.4551,0.2588,0.1477,0.031,0.031
0.6157,0.4302,0.4985,0.249,0.1501,0.031,0.031,0.5581,0.394,0.5605,0.2568,0.1477,0.031,0.031,0.6213,0.6396,0.2324,0.1501,0.031,0.031,0.3955,0.4253,0.2544,0.1489,0.031,0.031,0.5322,0.5391,0.2231,0.1501,0.031,0.031,0.6157,0.5313,0.2417,0.1501,0.031,0.031,0.5254,0.3862,0.2783,0.1477,0.031,0.031,0.426,0.5361,0.252,0.1477,0.031,0.031,0.5491,0.52,0.2397,0.1501,0.031,0.031,0.4248,0.4766,0.2368,0.1489,0.031,0.031,0.47,0.4224,0.249,0.1489,0.031,0.031,0.3567,0.4717,0.2593,0.1501,0.031,0.031,0.5095,0.4653,0.2588,0.144,0.031,0.031,0.481,0.4185,0.2075,0.1501,0.031,0.031,0.4727,0.4819,0.2061,0.1501,0.031,0.031,0.5886,0.5195,0.271,0.1465,0.031,0.031,0.5012,0.4819,0.2422,0.1501,0.031,0.031,0.5137,0.5049,0.2759,0.1282,0.031,0.031,0.4478,0.4702,0.2539,0.1501,0.031,0.031,0.5754,0.6924,0.249,0.1501,0.031,0.031,0.6462,0.4492,0.2808,0.1501,0.031,0.031,0.467,0.605,0.2324,0.1501,0.031,0.031,0.4561,0.3926,0.271,0.1501,0.031,0.031,0.3623,0.4702,0.2515,0.1477,0.031,0.031,0.6289,0.4766,0.2783,0.1501,0.031,0.031,0.5393,0.5435,0.2197,0.2231,0.1489,0.031,0.031,0.49,0.582,0.2563,0.1501,0.031,0.031,0.4219,0.4438,0.2686,0.1489,0.031,0.031,0.4192,0.5703,0.2539,0.1501,0.031,0.031,0.5581,0.4551,0.2588,0.1477,0.031,0.031
0.6157,0.4302,0.4985,0.249,0.1501,0.031,0.031,0.5581,0.394,0.5605,0.2568,0.1477,0.031,0.031,0.6213,0.6396,0.2324,0.1501,0.031,0.031,0.3955,0.4253,0.2544,0.1489,0.031,0.031,0.5322,0.5391,0.2231,0.1501,0.031,0.031,0.6157,0.5313,0.2417,0.1501,0.031,0.031,0.5254,0.3862,0.2783,0.1477,0.031,0.031,0.426,0.5361,0.252,0.1477,0.031,0.031,0.5491,0.52,0.2397,0.1501,0.031,0.031,0.4248,0.4766,0.2368,0.1489,0.031,0.031,0.47,0.4224,0.249,0.1489,0.031,0.031,0.3567,0.4717,0.2593,0.1501,0.031,0.031,0.5095,0.4653,0.2588,0.144,0.031,0.031,0.481,0.4185,0.2075,0.1501,0.031,0.031,0.4727,0.4819,0.2061,0.1501,0.031,0.031,0.5886,0.5195,0.271,0.1465,0.031,0.031,0.5012,0.4819,0.2422,0.1501,0.031,0.031,0.5137,0.5049,0.2759,0.1282,0.031,0.031,0.4478,0.4702,0.2539,0.1501,0.031,0.031,0.5754,0.6924,0.249,0.1501,0.031,0.031,0.6462,0.4492,0.2808,0.1501,0.031,0.031,0.467,0.605,0.2324,0.1501,0.031,0.031,0.4561,0.3926,0.271,0.1501,0.031,0.031,0.3623,0.4702,0.2515,0.1477,0.031,0.031,0.6289,0.4766,0.2783,0.1501,0.031,0.031,0.5393,0.5435,0.2197,0.2231,0.1489,0.031,0.031,0.49,0.5859,0.2563,0.1501,0.031,0.031,0.4219,0.4438,0.2686,0.1489,0.031,0.031,0.4192,0.5703,0.2539,0.1501,0.031,0.031,0.5581,0.4551,0.2588,0.1477,0.031,0.031
0.6157,0.4302,0.4985,0.249,0.1501,0.031,0.031,0.5581,0.394,0.5605,0.2568,0.1477,0.031,0.031,0.6213,0.6396,0.2324,0.1501,0.031,0.031,0.3955,0.4253,0.2544,0.1489,0.031,0.031,0.5322,0.5391,0.2231,0.1501,0.031,0.031,0.6157,0.5313,0.2417,0.1501,0.031,0.031,0.5254,0.3862,0.2783,0.1477,0.031,0.031,0.4275,0.5361,0.252,0.1477,0.031,0.031,0.5491,0.52,0.2397,0.1501,0.031,0.031,0.4248,0.4766,0.2368,0.1489,0.031,0.031,0.47,0.4224,0.249,0.1489,0.031,0.031,0.3567,0.4717,0.2593,0.1501,0.031,0.031,0.5095,0.4653,0.2588,0.144,0.031,0.031,0.481,0.4185,0.2075,0.1501,0.031,0.031,0.4727,0.4819,0.2061,0.1501,0.031,0.031,0.5886,0.5195,0.271,0.1465,0.031,0.031,0.5012,0.4819,0.2422,0.1501,0.031,0.031,0.5137,0.5049,0.2759,0.1282,0.031,0.031,0.4478,0.4702,0.2539,0.1501,0.031,0.031,0.5754,0.6924,0.249,0.1501,0.031,0.031,0.6462,0.4492,0.2808,0.1501,0.031,0.031,0.467,0.605,0.2324,0.1501,0.031,0.031,0.4561,0.3926,0.271,0.1501,0.031,0.031,0.3623,0.4702,0.2515,0.1477,0.031,0.031,0.6289,0.4766,0.2783,0.1501,0.031,0.031,0.5393,0.5435,0.2197,0.2231,0.1489,0.031,0.031,0.49,0.5859,0.2563,0.1501,0.031,0.031,0.4219,0.4438,0.2686,0.1489,0.031,0.031,0.4192,0.5703,0.2539,0.1501,0.031,0.031,0.5581,0.4551,0.2588,0.1477,0.031,0.031
0.6157,0.4302,0.4985,0.249,0.1501,0.031,0.031,0.5581,0.394,0.5605,0.2568,0.1477,0.031,0.031,0.6213,0.6396,0.2324,0.1501,0.031,0.031,0.3955,0.4253,0.2544,0.1489,0.031,0.031,0.5322,0.5391,0.2231,0.1501,0.031,0.031,0.6157,0.5313,0.2417,0.1501,0.031,0.031,0.5254,0.3862,0.2783,0.1477,0.031,0.031,0.4275,0.5361,0.252,0.1477,0.031,0.031,0.5491,0.52,0.2397,0.1501,0.031,0.031,0.4248,0.4766,0.2368,0.1489,0.031,0.031,0.47,0.4224,0.249,0.1489,0.031,0.031,0.3567,0.4717,0.2593,0.1501,0.031,0.031,0.5095,0.4653,0.2588,0.144,0.031,0.031,0.481,0.4185,0.2075,0.1501,0.031,0.031,0.4727,0.4819,0.2061,0.1501,0.031,0.031,0.5977,0.5195,0.271,0.1465,0.031,0.031,0.5012,0.4819,0.2422,0.1501,0.031,0.031,0.5137,0.5049,0.2759,0.1282,0.031,0.031,0.4478,0.4702,0.2539,0.1501,0.031,0.031,0.5754,0.6924,0.249,0.1501,0.031,0.031,0.6462,0.4492,0.2808,0.1501,0.031,0.031,0.467,0.605,0.2324,0.1501,0.031,0.031,0.4561,0.3926,0.271,0.1501,0.031,0.031,0.3623,0.4702,0.2515,0.1477,0.031,0.031,0.6289,0.4766,0.2783,0.1501,0.031,0.031,0.5525,0.5435,0.2197,0.2231,0.1489,0.031,0.031,0.49,0.5859,0.2563,0.1501,0.031,0.031,0.4219,0.4438,0.2686,0.1489,0.031,0.031,0.4192,0.5703,0.2539,0.1501,0.031,0.031,0.5581,0.4551,0.2588,0.1477,0.031,0.031
0.6157,0.4302,0.4985,0.249,0.1501,0.031,0.031,0.5581,0.394,0.5605,0.2568,0.1477,0.031,0.031,0.6213,0.6396,0.2324,0.1501,0.031,0.031,0.3955,0.4253,0.2544,0.1489,0.031,0.031,0.5322,0.5391,0.2231,0.1501,0.031,0.031,0.6157,0.5313,0.2417,0.1501,0.031,0.031,0.5254,0.3862,0.2783,0.1477,0.031,0.031,0.4275,0.5361,0.252,0.1477,0.031,0.031,0.5491,0.52,0.2397,0.1501,0.031,0.031,0.4248,0.4766,0.2368,0.1489,0.031,0.031,0.47,0.4224,0.249,0.1489,0.031,0.031,0.3567,0.4717,0.2593,0.1501,0.031,0.031,0.5095,0.4653,0.2588,0.144,0.031,0.031,0.481,0.4185,0.2075,0.1501,0.031,0.031,0.4727,0.4819,0.2061,0.1501,0.031,0.031,0.5977,0.5195,0.271,0.1465,0.031,0.031,0.5012,0.4819,0.2422,0.1501,0.031,0.031,0.5137,0.5049,0.2759,0.1282,0.031,0.031,0.4478,0.4702,0.2539,0.1501,0.031,0.031,0.5754,0.6924,0.249,0.1501,0.031,0.031,0.6462,0.4492,0.2808,0.1501,0.031,0.031,0.467,0.605,0.2324,0.1501,0.031,0.031,0.4561,0.3926,0.271,0.1501,0.031,0.031,0.3623,0.4702,0.2515,0.1477,0.031,0.031,0.6289,0.4766,0.2783,0.1501,0.031,0.031,0.5525,0.5435,0.2197,0.2231,0.1489,0.031,0.031,0.49,0.5859,0.2563,0.1501,0.031,0.031,0.4219,0.4438,0.2686,0.1489,0.031,0.031,0.4192,0.5703,0.2539,0.1501,0.031,0.031,0.5581,0.4551,0.2588,0.1477,0.031,0.031
0.6157,0.4302,0.4985,0.249,0.1501,0.031,0.031,0.5581,0.394,0.5605,0.2568,0.1477,0.031,0.031,0.6213,0.6396,0.2324,0.1501,0.031,0.031,0.3955,0.4253,0.2544,0.1489,0.031,0.031,0.5322,0.5391,0.2231,0.1501,0.031,0.031,0.6157,0.5313,0.2417,0.1501,0.031,0.031,0.5254,0.3862,0.2783,0.1477,0.031,0.031,0.4275,0.5361,0.252,0.1477,0.031,0.031,0.5491,0.52,0.2397,0.1501,0.031,0.031,0.4248,0.4766,0.2368,0.1489,0.031,0.031,0.47,0.4224,0.249,0.1489,0.031,0.031,0.3567,0.4717,0.2593,0.1501,0.031,0.031,0.5095,0.4653,0.2588,0.144,0.031,0.031,0.481,0.4185,0.2075,0.1501,0.031,0.031,0.4727,0.4819,0.2061,0.1501,0.031,0.031,0.5977,0.5195,0.271,0.1465,0.031,0.031,0.5012,0.4819,0.2422,0.1501,0.031,0.031,0.5137,0.5049,0.2759,0.1282,0.031,0.031,0.4478,0.4702,0.2539,0.1501,0.031,0.031,0.5754,0.6924,0.249,0.1501,0.031,0.031,0.6462,0.4492,0.2808,0.1501,0.031,0.031,0.467,0.605,0.2324,0.1501,0.031,0.031,0.4561,0.3926,0.271,0.1501,0.031,0.031,0.3623,0.4702,0.2515,0.1477,0.031,0.031,0.6289,0.4766,0.2783,0.1501,0.031,0.031,0.5525,0.5435,0.2197,0.2231,0.1489,0.031,0.031,0.49,0.5859,0.2563,0.1501,0.031,0.031,0.4219,0.4438,0.2686,0.1489,0.031,0.031,0.4192,0.5703,0.2539,0.1501,0.031,0.031,0.5581,0.4551,0.2588,0.1477,0.031,0.031
0.6157,0.4302,0.4985,0.249,0.1501,0.031,0.031,0.5581,0.394,0.5605,0.2568,0.1477,0.031,0.031,0.6213,0.6396,0.2324,0.1501,0.031,0.031,0.3955,0.4253,0.2544,0.1489,0.031,0.031,0.5322,0.5391,0.2231,0.1501,0.031,0.031,0.6255,0.5313,0.2417,0.1501,0.031,0.031,0.5254,0.3862,0.2783,0.1477,0.031,0.031,0.4275,0.5361,0.252,0.1477,0.031,0.031,0.5491,0.52,0.2397,0.1501,0.031,0.031,0.4248,0.4766,0.2368,0.1489,0.031,0.031,0.47,0.4224,0.249,0.1489,0.031,0.031,0.3567,0.4717,0.2593,0.1501,0.031,0.031,0.5095,0.4653,0.2588,0.144,0.031,0.031,0.481,0.4185,0.2075,0.1501,0.031,0.031,0.4727,0.4819,0.2061,0.1501,0.031,0.031,0.5977,0.5195,0.271,0.1465,0.031,0.031,0.5012,0.4819,0.2422,0.1501,0.031,0.031,0.5137,0.5049,0.2759,0.1282,0.031,0.031,0.4478,0.4702,0.2539,0.1501,0.031,0.031,0.5754,0.6924,0.249,0.1501,0.031,0.031,0.6462,0.4492,0.2808,0.1501,0.031,0.031,0.467,0.605,0.2324,0.1501,0.031,0.031,0.4561,0.3926,0.271,0.1501,0.031,0.031,0.3623,0.4702,0.2515,0.1477,0.031,0.031,0.6289,0.4766,0.2783,0.1501,0.031,0.031,0.5525,0.5435,0.2197,0.2231,0.1489,0.031,0.031,0.49,0.5859,0.2563,0.1501,0.031,0.031,0.4219,0.4438,0.2686,0.1489,0.031,0.031,0.4192,0.5703,0.2539,0.1501,0.031,0.031,0.5581,0.4551,0.2588,0.1477,0.031,0.031
0.6157,0.4302,0.4985,0.249,0.1501,0.031,0.031,0.5581,0.394,0.5605,0.2568,0.1477,0.031,0.031,0.6213,0.6396,0.2324,0.1501,0.031,0.031,0.4038,0.4253,0.2544,0.1489,0.031,0.031,0.5322,0.5391,0.2231,0.1501,0.031,0.031,0.6255,0.5313,0.2417,0.1501,0.031,0.031,0.5254,0.3862,0.2783,0.1477,0.031,0.031,0.4275,0.5361,0.252,0.1477,0.031,0.031,0.5491,0.52,0.2397,0.1501,0.031,0.031,0.4248,0.4766,0.2368,0.1489,0.031,0.031,0.47,0.4224,0.249,0.1489,0.031,0.031,0.3567,0.4717,0.2593,0.1501,0.031,0.031,0.5095,0.4653,0.2588,0.144,0.031,0.031,0.481,0.4185,0.2075,0.1501,0.031,0.031,0.4727,0.4819,0.2061,0.1501,0.031,0.031,0.5977,0.5308,0.271,0.1465,0.031,0.031,0.5012,0.4819,0.2422,0.1501,0.031,0.031,0.5137,0.5049,0.2759,0.1282,0.031,0.031,0.4478,0.4702,0.2539,0.1501,0.031,0.031,0.5754,0.6924,0.249,0.1501,0.031,0.031,0.6462,0.4492,0.2808,0.1501,0.031,0.031,0.467,0.605,0.2324,0.1501,0.031,0.031,0.4561,0.3926,0.2734,0.1501,0.031,0.031,0.3623,0.4702,0.2515,0.1477,0.031,0.031,0.6289,0.4863,0.2783,0.1501,0.031,0.031,0.5525,0.5435,0.2197,0.2231,0.1489,0.031,0.031,0.49,0.5859,0.2563,0.1501,0.031,0.031,0.4219,0.4438,0.2686,0.1489,0.031,0.031,0.4192,0.5703,0.2539,0.1501,0.031,0.031,0.5581,0.4551,0.2588,0.1477,0.031,0.031
0.6157,0.4302,0.4985,0.249,0.1501,0.031,0.031,0.5581,0.394,0.5605,0.2568,0.1477,0.031,0.031,0.6213,0.6396,0.2324,0.1501,0.031,0.031,0.4038,0.4253,0.2544,0.1489,0.031,0.031,0.5322,0.5391,0.2231,0.1501,0.031,0.031,0.6255,0.5313,0.2417,0.1501,0.031,0.031,0.5254,0.3862,0.2783,0.1477,0.031,0.031,0.4275,0.5361,0.252,0.1477,0.031,0.031,0.5491,0.52,0.2397,0.1501,0.031,0.031,0.4248,0.4766,0.2368,0.1489,0.031,0.031,0.47,0.4224,0.249,0.1489,0.031,0.031,0.3567,0.4717,0.2593,0.1501,0.031,0.031,0.5095,0.4653,0.2588,0.144,0.031,0.031,0.481,0.4185,0.2075,0.1501,0.031,0.031,0.4727,0.4819,0.2061,0.1501,0.031,0.031,0.5977,0.5308,0.271,0.1465,0.031,0.031,0.5012,0.4819,0.2422,0.1501,0.031,0.031,0.5137,0.5049,0.2759,0.1282,0.031,0.031,0.4478,0.4702,0.2539,0.1501,0.031,0.031,0.5754,0.6924,0.249,0.1501,0.031,0.031,0.6462,0.4492,0.2808,0.1501,0.031,0.031,0.467,0.605,0.2324,0.1501,0.031,0.031,0.4561,0.3926,0.2734,0.1501,0.031,0.031,0.3623,0.4702,0.2515,0.1477,0.031,0.031,0.6289,0.4863,0.2783,0.1501,0.031,0.031,0.5615,0.5435,0.2197,0.2231,0.1489,0.031,0.031,0.49,0.5859,0.2563,0.1501,0.031,0.031,0.4219,0.4438,0.2686,0.1489,0.031,0.031,0.4192,0.5703,0.2539,0.1501,0.031,0.031,0.5581,0.4551,0.2588,0.1477,0.031,0.031
0.6157,0.4302,0.4985,0.249,0.1501,0.031,0.031,0.5581,0.394,0.5605,0.2568,0.1477,0.031,0.031,0.6213,0.6396,0.2324,0.1501,0.031,0.031,0.4038,0.4253,0.2544,0.1489,0.031,0.031,0.5322,0.5391,0.2231,0.1501,0.031,0.031,0.6255,0.5313,0.2417,0.1501,0.031,0.031,0.5254,0.3862,0.2783,0.1477,0.031,0.031,0.4275,0.5361,0.252,0.1477,0.031,0.031,0.5491,0.52,0.2397,0.1501,0.031,0.031,0.4248,0.4766,0.2368,0.1489,0.031,0.031,0.47,0.4224,0.249,0.1489,0.031,0.031,0.3567,0.4717,0.2593,0.1501,0.031,0.031,0.5095,0.4653,0.2588,0.144,0.031,0.031,0.481,0.4185,0.2075,0.1501,0.031,0.031,0.4727,0.4819,0.2061,0.1501,0.031,0.031,0.5977,0.5308,0.271,0.1465,0.031,0.031,0.5186,0.4819,0.2422,0.1501,0.031,0.031,0.5137,0.5049,0.2759,0.1282,0.031,0.031,0.4478,0.4702,0.2539,0.1501,0.031,0.031,0.5754,0.6924,0.249,0.1501,0.031,0.031,0.6462,0.4492,0.2808,0.1501,0.031,0.031,0.467,0.605,0.2324,0.1501,0.031,0.031,0.4561,0.3926,0.2734,0.1501,0.031,0.031,0.3623,0.4702,0.2515,0.1477,0.031,0.031,0.6289,0.4863,0.2783,0.1501,0.031,0.031,0.5747,0.5435,0.2197,0.2231,0.1489,0.031,0.031,0.49,0.5859,0.2563,0.1501,0.031,0.031,0.4219,0.4438,0.2686,0.1489,0.031,0.031,0.4192,0.5703,0.2539,0.1501,0.031,0.031,0.5581,0.4551,0.2588,0.1477,0.031,0.031
0.6157,0.4302,0.4985,0.249,0.1501,0.031,0.031,0.5581,0.394,0.5605,0.2568,0.1501,0.031,0.031,0.6213,0.6396,0.2324,0.1501,0.031,0.031,0.4038,0.4253,0.2544,0.1489,0.031,0.031,0.5322,0.5391,0.2231,0.1501,0.031,0.031,0.6255,0.5313,0.2417,0.1501,0.031,0.031,0.5254,0.3862,0.2783,0.1477,0.031,0.031,0.4275,0.5361,0.252,0.1477,0.031,0.031,0.5491,0.52,0.2397,0.1501,0.031,0.031,0.4248,0.4766,0.2368,0.1489,0.031,0.031,0.47,0.4224,0.249,0.1489,0.031,0.031,0.3567,0.4717,0.2593,0.1501,0.031,0.031,0.5095,0.4653,0.2588,0.144,0.031,0.031,0.481,0.4185,0.2075,0.1501,0.031,0.031,0.4727,0.4819,0.2061,0.1501,0.031,0.031,0.5977,0.5308,0.271,0.1465,0.031,0.031,0.5186,0.4819,0.2422,0.1501,0.031,0.031,0.5137,0.5049,0.2759,0.1282,0.031,0.031,0.4478,0.4702,0.2539,0.1501,0.031,0.031,0.5754,0.6924,0.249,0.1501,0.031,0.031,0.6462,0.4492,0.2808,0.1501,0.031,0.031,0.467,0.605,0.2324,0.1501,0.031,0.031,0.4561,0.3926,0.2734,0.1501,0.031,0.031,0.3623,0.4702,0.2515,0.1477,0.031,0.031,0.6289,0.4863,0.2783,0.1501,0.031,0.031,0.5747,0.5435,0.2197,0.2231,0.1489,0.031,0.031,0.49,0.5859,0.2563,0.1501,0.031,0.031,0.4219,0.4438,0.2686,0.1489,0.031,0.031,0.4192,0.5703,0.2539,0.1501,0.031,0.031,0.5581,0.4551,0.2588,0.1477,0.031,0.031
0.6157,0.4302,0.4985,0.249,0.1501,0.031,0.031,0.5581,0.394,0.5605,0.2568,0.1501,0.031,0.031,0.6213,0.6396,0.2324,0.1501,0.031,0.031,0.4038,0.4253,0.2544,0.1489,0.031,0.031,0.5322,0.5391,0.2231,0.1501,0.031,0.031,0.6255,0.5313,0.2417,0.1501,0.031,0.031,0.5254,0.3862,0.2783,0.1477,0.031,0.031,0.4275,0.5361,0.252,0.1477,0.031,0.031,0.5491,0.52,0.2397,0.1501,0.031,0.031,0.4248,0.4766,0.2368,0.1489,0.031,0.031,0.47,0.4224,0.249,0.1489,0.031,0.031,0.3567,0.4717,0.2593,0.1501,0.031,0.031,0.5095,0.4653,0.2588,0.144,0.031,0.031,0.481,0.4185,0.2075,0.1501,0.031,0.031,0.4727,0.4819,0.2061,0.1501,0.031,0.031,0.5977,0.5308,0.271,0.1465,0.031,0.031,0.5186,0.4819,0.2422,0.1501,0.031,0.031,0.5137,0.5049,0.2759,0.1282,0.031,0.031,0.4478,0.4702,0.2539,0.1501,0.031,0.031,0.5754,0.6924,0.249,0.1501,0.031,0.031,0.6462,0.4492,0.2808,0.1501,0.031,0.031,0.467,0.605,0.2324,0.1501,0.031,0.031,0.4561,0.3926,0.2734,0.1501,0.031,0.031,0.3623,0.4702,0.2515,0.1477,0.031,0.031,0.6289,0.5293,0.2783,0.1501,0.031,0.031,0.5747,0.5435,0.2197,0.2231,0.1489,0.031,0.031,0.49,0.5859,0.2563,0.1501,0.031,0.031,0.4219,0.4438,0.2686,0.1489,0.031,0.031,0.4192,0.5703,0.2539,0.1501,0.031,0.031,0.5581,0.4551,0.2588,0.1477,0.031,0.031
0.6157,0.4302,0.4985,0.249,0.1501,0.031,0.031,0.5581,0.394,0.5605,0.2568,0.1501,0.031,0.031,0.6213,0.6396,0.2324,0.1501,0.031,0.031,0.4038,0.4253,0.2544,0.1489,0.031,0.031,0.5322,0.5391,0.2231,0.1501,0.031,0.031,0.6255,0.5313,0.2417,0.1501,0.031,0.031,0.5254,0.3862,0.2783,0.1477,0.031,0.031,0.4275,0.5361,0.252,0.1477,0.031,0.031,0.5491,0.52,0.2397,0.1501,0.031,0.031,0.4248,0.4766,0.2368,0.1489,0.031,0.031,0.47,0.4224,0.249,0.1489,0.031,0.031,0.3567,0.4717,0.2593,0.1501,0.031,0.031,0.5095,0.4653,0.2588,0.144,0.031,0.031,0.481,0.4185,0.2075,0.1501,0.031,0.031,0.4727,0.4819,0.2061,0.1501,0.031,0.031,0.5977,0.5308,0.271,0.1465,0.031,0.031,0.5186,0.4819,0.2422,0.1501,0.031,0.031,0.5137,0.5049,0.2759,0.1282,0.031,0.031,0.4478,0.4702,0.2539,0.1501,0.031,0.031,0.5754,0.6924,0.249,0.1501,0.031,0.031,0.6462,0.4492,0.2808,0.1501,0.031,0.031,0.467,0.605,0.2324,0.1501,0.031,0.031,0.4561,0.3926,0.2734,0.1501,0.031,0.031,0.3623,0.4702,0.2515,0.1477,0.031,0.031,0.6289,0.5293,0.2783,0.1501,0.031,0.031,0.5747,0.5435,0.2197,0.2231,0.1489,0.031,0.031,0.49,0.5859,0.2563,0.1501,0.031,0.031,0.4219,0.4438,0.2686,0.1489,0.031,0.031,0.4192,0.5703,0.2539,0.1501,0.031,0.031,0.5581,0.4551,0.2588,0.1477,0.031,0.031
0.6157,0.4302,0.4985,0.249,0.1501,0.031,0.031,0.5581,0.394,0.5605,0.2568,0.1501,0.031,0.031,0.6213,0.6396,0.2324,0.1501,0.031,0.031,0.4038,0.4253,0.2544,0.1489,0.031,0.031,0.5322,0.5391,0.2231,0.1501,0.031,0.031,0.6255,0.5313,0.2417,0.1501,0.031,0.031,0.5254,0.3862,0.2783,0.1477,0.031,0.031,0.4275,0.5361,0.252,0.1477,0.031,0.031,0.5491,0.52,0.2397,0.1501,0.031,0.031,0.4248,0.4766,0.2368,0.1489,0.031,0.031,0.47,0.4224,0.249,0.1489,0.031,0.031,0.3567,0.4717,0.2593,0.1501,0.031,0.031,0.5095,0.4653,0.2588,0.144,0.031,0.031,0.481,0.4185,0.2075,0.1501,0.031,0.031,0.4727,0.4819,0.2061,0.1501,0.031,0.031,0.5977,0.5308,0.271,0.1465,0.031,0.031,0.5186,0.4819,0.2422,0.1501,0.031,0.031,0.5137,0.5049,0.2759,0.1282,0.031,0.031,0.4478,0.4702,0.2539,0.1501,0.031,0.031,0.5754,0.6924,0.249,0.1501,0.031,0.031,0.6462,0.4492,0.2808,0.1501,0.031,0.031,0.467,0.605,0.2324,0.1501,0.031,0.031,0.4561,0.3926,0.2734,0.1501,0.031,0.031,0.3623,0.4702,0.2515,0.1477,0.031,0.031,0.6289,0.5293,0.2783,0.1501,0.031,0.031,0.5747,0.5435,0.2197,0.2231,0.1489,0.031,0.031,0.49,0.5859,0.2563,0.1501,0.031,0.031,0.4219,0.4438,0.2686,0.1489,0.031,0.031,0.4192,0.5703,0.2539,0.1501,0.031,0.031,0.5581,0.4551,0.2588,0.1477,0.031,0.031
0.6157,0.4302,0.4985,0.249,0.1501,0.031,0.031,0.5581,0.394,0.5605,0.2568,0.1501,0.031,0.031,0.6213,0.6396,0.2324,0.1501,0.031,0.031,0.4038,0.4253,0.2544,0.1489,0.031,0.031,0.5322,0.5391,0.2231,0.1501,0.031,0.031,0.6255,0.5313,0.2417,0.1501,0.031,0.031,0.5254,0.3862,0.2783,0.1477,0.031,0.031,0.4275,0.5361,0.252,0.1477,0.031,0.031,0.5491,0.52,0.2397,0.1501,0.031,0.031,0.4248,0.4766,0.2368,0.1489,0.031,0.031,0.47,0.4224,0.249,0.1489,0.031,0.031,0.3567,0.4717,0.2593,0.1501,0.031,0.031,0.5095,0.4653,0.2588,0.144,0.031,0.031,0.481,0.4185,0.2075,0.1501,0.031,0.031,0.4727,0.4819,0.2061,0.1501,0.031,0.031,0.5977,0.5308,0.271,0.1465,0.031,0.031,0.5186,0.4819,0.2422,0.1501,0.031,0.031,0.5137,0.5049,0.2759,0.1282,0.031,0.031,0.4478,0.4702,0.2539,0.1501,0.031,0.031,0.5754,0.6924,0.249,0.1501,0.031,0.031,0.6462,0.4492,0.2808,0.1501,0.031,0.031,0.467,0.605,0.2324,0.1501,0.031,0.031,0.4561,0.3926,0.2734,0.1501,0.031,0.031,0.3623,0.4702,0.2515,0.1477,0.031,0.031,0.6289,0.5293,0.2783,0.1501,0.031,0.031,0.5747,0.5435,0.2197,0.2231,0.1489,0.031,0.031,0.49,0.5859,0.2563,0.1501,0.031,0.031,0.4219,0.4438,0.2686,0.1489,0.031,0.031,0.4192,0.5703,0.2539,0.1501,0.031,0.031,0.5581,0.4551,0.2588,0.1477,0.031,0.031
0.6157,0.4302,0.4985,0.249,0.1501,0.031,0.031,0.5581,0.394,0.5605,0.2568,0.1501,0.031,0.031,0.6213,0.6396,0.2324,0.1501,0.031,0.031,0.4038,0.4253,0.2544,0.1489,0.031,0.031,0.5322,0.5391,0.2231,0.1501,0.031,0.031,0.6255,0.5313,0.2417,0.1501,0.031,0.031,0.5254,0.3862,0.2783,0.1477,0.031,0.031,0.4275,0.5361,0.252,0.1477,0.031,0.031,0.5491,0.52,0.2397,0.1501,0.031,0.031,0.4248,0.4766,0.2368,0.1489,0.031,0.031,0.47,0.4224,0.249,0.1489,0.031,0.031,0.3567,0.4717,0.2593,0.1501,0.031,0.031,0.5095,0.4653,0.2588,0.144,0.031,0.031,0.481,0.4185,0.2075,0.1501,0.031,0.031,0.4727,0.4819,0.2061,0.1501,0.031,0.031,0.5977,0.5308,0.271,0.1465,0.031,0.031,0.5186,0.4819,0.2422,0.1501,0.031,0.031,0.5137,0.5049,0.2759,0.1282,0.031,0.031,0.4478,0.4702,0.2539,0.1501,0.031,0.031,0.5754,0.6924,0.249,0.1501,0.031,0.031,0.6462,0.4492,0.2808,0.1501,0.031,0.031,0.467,0.605,0.2324,0.1501,0.031,0.031,0.4824,0.3926,0.2734,0.1501,0.031,0.031,0.3623,0.4702,0.2515,0.1477,0.031,0.031,0.6289,0.5293,0.2783,0.1501,0.031,0.031,0.5747,0.5435,0.2197,0.2231,0.1489,0.031,0.031,0.49,0.5859,0.2563,0.1501,0.031,0.031,0.4219,0.4438,0.2686,0.1489,0.031,0.031,0.4192,0.5703,0.2539,0.1501,0.031,0.031,0.5581,0.4551,0.2588,0.1477,0.031,0.031
0.6157,0.4302,0.4985,0.249,0.1501,0.031,0.031,0.5581,0.394,0.5605,0.2568,0.1501,0.031,0.031,0.6213,0.6396,0.2324,0.1501,0.031,0.031,0.4038,0.4253,0.2544,0.1489,0.031,0.031,0.5322,0.5439,0.2231,0.1501,0.031,0.031,0.6255,0.5313,0.2417,0.1501,0.031,0.031,0.5254,0.3862,0.2783,0.1477,0.031,0.031,0.4275,0.5361,0.252,0.1477,0.031,0.031,0.5491,0.52,0.2397,0.1501,0.031,0.031,0.4248,0.4766,0.2368,0.1489,0.031,0.031,0.47,0.4224,0.249,0.1489,0.031,0.031,0.3567,0.4717,0.2593,0.1501,0.031,0.031,0.5095,0.4653,0.2588,0.144,0.031,0.031,0.481,0.4185,0.2075,0.1501,0.031,0.031,0.4727,0.4819,0.2061,0.1501,0.031,0.031,0.5977,0.5308,0.271,0.1465,0.031,0.031,0.5186,0.4819,0.2422,0.1501,0.031,0.031,0.5137,0.5049,0.2759,0.1282,0.031,0.031,0.4478,0.4702,0.2539,0.1501,0.031,0.031,0.5754,0.6924,0.249,0.1501,0.031,0.031,0.6462,0.4492,0.2808,0.1501,0.031,0.031,0.467,0.605,0.2324,0.1501,0.031,0.031,0.4824,0.3926,0.2734,0.1501,0.031,0.031,0.3623,0.4702,0.2515,0.1477,0.031,0.031,0.6289,0.5293,0.2783,0.1501,0.031,0.031,0.5747,0.5435,0.2197,0.2231,0.1489,0.031,0.031,0.49,0.5859,0.2563,0.1501,0.031,0.031,0.4219,0.4438,0.2686,0.1489,0.031,0.031,0.4192,0.5703,0.2539,0.1501,0.031,0.031,0.5581,0.4551,0.2588,0.1477,0.031,0.031
0.6157,0.4302,0.4985,0.249,0.1501,0.031,0.031,0.5581,0.394,0.5605,0.2568,0.1501,0.031,0.031,0.6213,0.6396,0.2324,0.1501,0.031,0.031,0.4038,0.4253,0.2544,0.1489,0.031,0.031,0.5322,0.5439,0.2231,0.1501,0.031,0.031,0.6255,0.5313,0.2417,0.1501,0.031,0.031,0.5254,0.3862,0.2783,0.1489,0.031,0.031,0.4275,0.5361,0.252,0.1477,0.031,0.031,0.5491,0.52,0.2397,0.1501,0.031,0.031,0.4248,0.4766,0.2368,0.1489,0.031,0.031,0.47,0.4224,0.249,0.1489,0.031,0.031,0.3567,0.4717,0.2593,0.1501,0.031,0.031,0.5095,0.4653,0.2588,0.144,0.031,0.031,0.481,0.4185,0.2075,0.1501,0.031,0.031,0.4727,0.4819,0.2061,0.1501,0.031,0.031,0.606,0.5308,0.271,0.1465,0.031,0.031,0.5186,0.4819,0.2422,0.1501,0.031,0.031,0.5137,0.5293,0.2759,0.1282,0.031,0.031,0.4478,0.4702,0.2539,0.1501,0.031,0.031,0.5754,0.6924,0.249,0.1501,0.031,0.031,0.6462,0.4492,0.2808,0.1501,0.031,0.031,0.467,0.605,0.2324,0.1501,0.031,0.031,0.4824,0.3926,0.2734,0.1501,0.031,0.031,0.3623,0.4702,0.2515,0.1477,0.031,0.031,0.6289,0.5293,0.2783,0.1501,0.031,0.031,0.5747,0.5435,0.2197,0.2231,0.1489,0.031,0.031,0.49,0.5859,0.2563,0.1501,0.031,0.031,0.4219,0.4438,0.2686,0.1489,0.031,0.031,0.4192,0.5703,0.2539,0.1501,0.031,0.031,0.5581,0.4551,0.2588,0.1477,0.031,0.031
0.6157,0.4302,0.4985,0.249,0.1501,0.031,0.031,0.5581,0.394,0.5605,0.2568,0.1501,0.031,0.031,0.6213,0.6396,0.2324,0.1501,0.031,0.031,0.4038,0.4253,0.2544,0.1489,0.031,0.031,0.5322,0.5439,0.2231,0.1501,0.031,0.031,0.6255,0.5313,0.2417,0.1501,0.031,0.031,0.5254,0.3862,0.2783,0.1489,0.031,0.031,0.4275,0.5361,0.252,0.1477,0.031,0.031,0.5491,0.52,0.2397,0.1501,0.031,0.031,0.4248,0.4766,0.2368,0.1489,0.031,0.031,0.47,0.4224,0.249,0.1489,0.031,0.031,0.3567,0.4717,0.2593,0.1501,0.031,0.031,0.5095,0.4653,0.2588,0.144,0.031,0.031,0.481,0.4185,0.2075,0.1501,0.031,0.031,0.4727,0.4819,0.2061,0.1501,0.031,0.031,0.606,0.5308,0.271,0.1465,0.031,0.031,0.5186,0.4819,0.2422,0.1501,0.031,0.031,0.5137,0.5293,0.2759,0.1282,0.031,0.031,0.4478,0.4702,0.2539,0.1501,0.031,0.031,0.5754,0.6924,0.249,0.1501,0.031,0.031,0.6462,0.4492,0.2808,0.1501,0.031,0.031,0.467,0.605,0.2324,0.1501,0.031,0.031,0.4824,0.3926,0.2734,0.1501,0.031,0.031,0.3623,0.4702,0.2515,0.1477,0.031,0.031,0.6289,0.5293,0.2783,0.1501,0.031,0.031,0.5747,0.5435,0.2197,0.2231,0.1489,0.031,0.031,0.49,0.5859,0.2588,0.1501,0.031,0.031,0.4219,0.4438,0.2686,0.1489,0.031,0.031,0.4192,0.5703,0.2539,0.1501,0.031,0.031,0.5581,0.4551,0.2588,0.1477,0.031,0.031
0.6157,0.4302,0.4985,0.249,0.1501,0.031,0.031,0.5581,0.394,0.5605,0.2568,0.1501,0.031,0.031,0.6213,0.6396,0.2324,0.1501,0.031,0.031,0.4038,0.4253,0.2544,0.1489,0.031,0.031,0.5322,0.5439,0.2231,0.1501,0.031,0.031,0.6255,0.5313,0.2417,0.1501,0.031,0.031,0.5254,0.3862,0.2783,0.1489,0.031,0.031,0.4275,0.5361,0.252,0.1477,0.031,0.031,0.5491,0.52,0.2397,0.1501,0.031,0.031,0.4248,0.4766,0.2368,0.1489,0.031,0.031,0.47,0.4224,0.249,0.1489,0.031,0.031,0.3567,0.4717,0.2593,0.1501,0.031,0.031,0.5095,0.4653,0.2588,0.144,0.031,0.031,0.481,0.4185,0.2075,0.1501,0.031,0.031,0.4727,0.4819,0.2061,0.1501,0.031,0.031,0.606,0.5308,0.271,0.1465,0.031,0.031,0.5186,0.4819,0.2422,0.1501,0.031,0.031,0.5137,0.5293,0.2759,0.1282,0.031,0.031,0.4478,0.4702,0.2539,0.1501,0.031,0.031,0.5754,0.6924,0.249,0.1501,0.031,0.031,0.6462,0.4546,0.2808,0.1501,0.031,0.031,0.467,0.605,0.2324,0.1501,0.031,0.031,0.4824,0.3926,0.2734,0.1501,0.031,0.031,0.3623,0.4702,0.2515,0.1477,0.031,0.031,0.6289,0.5293,0.2783,0.1501,0.031,0.031,0.5747,0.5435,0.2197,0.2231,0.1489,0.031,0.031,0.49,0.5859,0.2588,0.1501,0.031,0.031,0.4219,0.4438,0.2686,0.1489,0.031,0.031,0.4192,0.5703,0.2539,0.1501,0.031,0.031,0.5581,0.4551,0.2588,0.1477,0.031,0.031
0.6157,0.4302,0.4985,0.249,0.1501,0.031,0.031,0.5581,0.394,0.5605,0.2568,0.1501,0.031,0.031,0.6213,0.6396,0.2324,0.1501,0.031,0.031,0.4038,0.4253,0.2544,0.1489,0.031,0.031,0.5322,0.5439,0.2231,0.1501,0.031,0.031,0.6255,0.5313,0.2417,0.1501,0.031,0.031,0.5254,0.3862,0.2783,0.1489,0.031,0.031,0.4275,0.5361,0.252,0.1477,0.031,0.031,0.5491,0.52,0.2397,0.1501,0.031,0.031,0.4248,0.4766,0.2368,0.1489,0.031,0.031,0.47,0.4224,0.249,0.1489,0.031,0.031,0.3567,0.4717,0.2593,0.1501,0.031,0.031,0.5095,0.4653,0.2588,0.144,0.031,0.031,0.481,0.4185,0.2075,0.1501,0.031,0.031,0.4727,0.4819,0.2061,0.1501,0.031,0.031,0.606,0.5308,0.271,0.1465,0.031,0.031,0.5366,0.4819,0.2422,0.1501,0.031,0.031,0.5137,0.5293,0.2759,0.1282,0.031,0.031,0.4478,0.4702,0.2539,0.1501,0.031,0.031,0.5754,0.6924,0.249,0.1501,0.031,0.031,0.6462,0.4546,0.2808,0.1501,0.031,0.031,0.467,0.605,0.2324,0.1501,0.031,0.031,0.4824,0.3926,0.2759,0.1501,0.031,0.031,0.3623,0.4702,0.2515,0.1477,0.031,0.031,0.6289,0.5293,0.2783,0.1501,0.031,0.031,0.5747,0.5435,0.2197,0.2231,0.1489,0.031,0.031,0.49,0.5859,0.2588,0.1501,0.031,0.031,0.4219,0.4438,0.2686,0.1489,0.031,0.031,0.4192,0.5703,0.2539,0.1501,0.031,0.031,0.5581,0.4551,0.2588,0.1477,0.031,0.031
0.6157,0.4302,0.4985,0.249,0.1501,0.031,0.031,0.5581,0.394,0.5605,0.2593,0.1501,0.031,0.031,0.6213,0.6396,0.2324,0.1501,0.031,0.031,0.4038,0.4253,0.2544,0.1489,0.031,0.031,0.5322,0.5439,0.2231,0.1501,0.031,0.031,0.6255,0.5313,0.2417,0.1501,0.031,0.031,0.5254,0.3862,0.2783,0.1489,0.031,0.031,0.4275,0.5361,0.252,0.1477,0.031,0.031,0.5491,0.52,0.2397,0.1501,0.031,0.031,0.4248,0.4766,0.2368,0.1489,0.031,0.031,0.47,0.4224,0.249,0.1489,0.031,0.031,0.3567,0.4717,0.2593,0.1501,0.031,0.031,0.5095,0.4653,0.2588,0.144,0.031,0.031,0.481,0.4185,0.2075,0.1501,0.031,0.031,0.4727,0.4819,0.2061,0.1501,0.031,0.031,0.606,0.5308,0.271,0.1465,0.031,0.031,0.5366,0.4819,0.2422,0.1501,0.031,0.031,0.5137,0.5293,0.2759,0.1282,0.031,0.031,0.4478,0.4702,0.2539,0.1501,0.031,0.031,0.5754,0.6924,0.249,0.1501,0.031,0.031,0.6462,0.4546,0.2808,0.1501,0.031,0.031,0.467,0.605,0.2324,0.1501,0.031,0.031,0.4824,0.3926,0.2759,0.1501,0.031,0.031,0.3623,0.4702,0.2515,0.1477,0.031,0.031,0.6289,0.5293,0.2783,0.1501,0.031,0.031,0.5747,0.5435,0.2197,0.2231,0.1489,0.031,0.031,0.49,0.5859,0.2588,0.1501,0.031,0.031,0.4219,0.4438,0.2686,0.1489,0.031,0.031,0.4192,0.5703,0.2539,0.1501,0.031,0.031,0.5581,0.4551,0.2588,0.1477,0.031,0.031
0.6157,0.4302,0.4985,0.249,0.1501,0.031,0.031,0.5581,0.394,0.5605,0.2593,0.1501,0.031,0.031,0.6213,0.6396,0.2324,0.1501,0.031,0.031,0.4038,0.4253,0.2544,0.1489,0.031,0.031,0.5322,0.5439,0.2231,0.1501,0.031,0.031,0.6255,0.5313,0.2417,0.1501,0.031,0.031,0.5254,0.3862,0.2783,0.1489,0.031,0.031,0.4275,0.5361,0.252,0.1477,0.031,0.031,0.5491,0.52,0.2397,0.1501,0.031,0.031,0.4248,0.4766,0.2368,0.1489,0.031,0.031,0.47,0.4224,0.249,0.1489,0.031,0.031,0.3567,0.4717,0.2593,0.1501,0.031,0.031,0.5095,0.4653,0.2588,0.144,0.031,0.031,0.481,0.4185,0.2075,0.1501,0.031,0.031,0.4727,0.4819,0.2061,0.1501,0.031,0.031,0.606,0.5308,0.271,0.1465,0.031,0.031,0.5366,0.4819,0.2422,0.1501,0.031,0.031,0.5137,0.5293,0.2759,0.1282,0.031,0.031,0.4478,0.4702,0.2539,0.1501,0.031,0.031,0.5754,0.6924,0.249,0.1501,0.031,0.031,0.6462,0.4546,0.2808,0.1501,0.031,0.031,0.467,0.605,0.2324,0.1501,0.031,0.031,0.4824,0.3926,0.2759,0.1501,0.031,0.031,0.3623,0.4702,0.2515,0.1477,0.031,0.031,0.6289,0.5293,0.2783,0.1501,0.031,0.031,0.5747,0.5435,0.2197,0.2231,0.1489,0.031,0.031,0.49,0.5859,0.2588,0.1501,0.031,0.031,0.4219,0.4438,0.2686,0.1489,0.031,0.031,0.4192,0.5703,0.2539,0.1501,0.031,0.031,0.5581,0.4551,0.2588,0.1477,0.031,0.031
0.6157,0.4302,0.4985,0.249,0.1501,0.031,0.031,0.5581,0.394,0.5605,0.2593,0.1501,0.031,0.031,0.6213,0.6396,0.2324,0.1501,0.031,0.031,0.4038,0.4253,0.2544,0.1489,0.031,0.031,0.5322,0.5439,0.2231,0.1501,0.031,0.031,0.6255,0.5313,0.2417,0.1501,0.031,0.031,0.5254,0.3862,0.2783,0.1489,0.031,0.031,0.4275,0.5361,0.252,0.1477,0.031,0.031,0.5491,0.52,0.2397,0.1501,0.031,0.031,0.4248,0.4766,0.2368,0.1489,0.031,0.031,0.47,0.4224,0.249,0.1489,0.031,0.031,0.3567,0.4717,0.2593,0.1501,0.031,0.031,0.5095,0.4653,0.2588,0.144,0.031,0.031,0.481,0.4185,0.2075,0.1501,0.031,0.031,0.4727,0.4819,0.2061,0.1501,0.031,0.031,0.606,0.5308,0.271,0.1465,0.031,0.031,0.5366,0.4819,0.2422,0.1501,0.031,0.031,0.5137,0.5293,0.2759,0.1282,0.031,0.031,0.4478,0.4702,0.2539,0.1501,0.031,0.031,0.5754,0.6924,0.249,0.1501,0.031,0.031,0.6462,0.4546,0.2808,0.1501,0.031,0.031,0.467,0.605,0.2324,0.1501,0.031,0.031,0.4824,0.3926,0.2759,0.1501,0.031,0.031,0.3623,0.4702,0.2515,0.1477,0.031,0.031,0.6289,0.5293,0.2783,0.1501,0.031,0.031,0.5747,0.5435,0.2197,0.2231,0.1489,0.031,0.031,0.49,0.5859,0.2588,0.1501,0.031,0.031,0.4219,0.4438,0.2686,0.1489,0.031,0.031,0.4192,0.5703,0.2539,0.1501,0.031,0.031,0.5581,0.4551,0.2588,0.1477,0.031,0.031
0.6157,0.4302,0.4985,0.249,0.1501,0.031,0.031,0.5581,0.394,0.5605,0.2593,0.1501,0.031,0.031,0.6213,0.6396,0.2324,0.1501,0.031,0.031,0.4038,0.4253,0.2544,0.1489,0.031,0.031,0.5322,0.5439,0.2231,0.1501,0.031,0.031,0.6255,0.5313,0.2417,0.1501,0.031,0.031,0.5254,0.3862,0.2783,0.1489,0.031,0.031,0.4275,0.5361,0.252,0.1477,0.031,0.031,0.5491,0.52,0.2397,0.1501,0.031,0.031,0.4248,0.4766,0.2368,0.1489,0.031,0.031,0.47,0.4224,0.249,0.1489,0.031,0.031,0.3567,0.4717,0.2593,0.1501,0.031,0.031,0.5095,0.4653,0.2588,0.144,0.031,0.031,0.481,0.4185,0.2075,0.1501,0.031,0.031,0.4727,0.4819,0.2061,0.1501,0.031,0.031,0.606,0.5308,0.271,0.1465,0.031,0.031,0.5366,0.4819,0.2422,0.1501,0.031,0.031,0.5137,0.5293,0.2759,0.1282,0.031,0.031,0.4478,0.4702,0.2539,0.1501,0.031,0.031,0.5754,0.6924,0.249,0.1501,0.031,0.031,0.6462,0.4546,0.2808,0.1501,0.031,0.031,0.467,0.605,0.2324,0.1501,0.031,0.031,0.4824,0.3926,0.2759,0.1501,0.031,0.031,0.3623,0.4702,0.2515,0.1477,0.031,0.031,0.6289,0.5293,0.2783,0.1501,0.031,0.031,0.5747,0.5435,0.2197,0.2231,0.1489,0.031,0.031,0.49,0.5859,0.2588,0.1501,0.031,0.031,0.4219,0.4438,0.2686,0.1489,0.031,0.031,0.4192,0.5703,0.2539,0.1501,0.031,0.031,0.5581,0.4551,0.2588,0.1477,0.031,0.031
0.6157,0.4302,0.4985,0.249,0.1501,0.031,0.031,0.5581,0.394,0.5605,0.2593,0.1501,0.031,0.031,0.6213,0.6396,0.2324,0.1501,0.031,0.031,0.4038,0.4253,0.2544,0.1489,0.031,0.031,0.5322,0.5439,0.2231,0.1501,0.031,0.031,0.6255,0.5313,0.2417,0.1501,0.031,0.031,0.5254,0.3862,0.2783,0.1489,0.031,0.031,0.4275,0.5361,0.252,0.1477,0.031,0.031,0.5491,0.52,0.2397,0.1501,0.031,0.031,0.4248,0.4766,0.2368,0.1489,0.031,0.031,0.47,0.4224,0.249,0.1489,0.031,0.031,0.3567,0.4717,0.2593,0.1501,0.031,0.031,0.5095,0.4653,0.2588,0.144,0.031,0.031,0.481,0.4185,0.2075,0.1501,0.031,0.031,0.4727,0.4819,0.2061,0.1501,0.031,0.031,0.606,0.5308,0.271,0.1465,0.031,0.031,0.5366,0.4819,0.2422,0.1501,0.031,0.031,0.5137,0.5293,0.2759,0.1282,0.031,0.031,0.4478,0.4702,0.2539,0.1501,0.031,0.031,0.5754,0.6924,0.249,0.1501,0.031,0.031,0.6462,0.4546,0.2808,0.1501,0.031,0.031,0.467,0.605,0.2324,0.1501,0.031,0.031,0.4824,0.3926,0.2759,0.1501,0.031,0.031,0.3623,0.4702,0.2515,0.1477,0.031,0.031,0.6289,0.5293,0.2783,0.1501,0.031,0.031,0.5747,0.5435,0.2197,0.2231,0.1489,0.031,0.031,0.49,0.5859,0.2588,0.1501,0.031,0.031,0.4219,0.4438,0.2686,0.1489,0.031,0.031,0.4192,0.5703,0.2539,0.1501,0.031,0.031,0.5581,0.4551,0.2588,0.1477,0.031,0.031
0.6157,0.4302,0.4985,0.249,0.1501,0.031,0.031,0.5581,0.394,0.5605,0.2593,0.1501,0.031,0.031,0.6213,0.6396,0.2324,0.1501,0.031,0.031,0.4038,0.4253,0.2544,0.1489,0.031,0.031,0.5322,0.5439,0.2231,0.1501,0.031,0.031,0.6255,0.5313,0.2417,0.1501,0.031,0.031,0.5254,0.3862,0.2783,0.1489,0.031,0.031,0.4275,0.5361,0.252,0.1477,0.031,0.031,0.5491,0.52,0.2397,0.1501,0.031,0.031,0.4248,0.4766,0.2368,0.1489,0.031,0.031,0.47,0.4224,0.249,0.1489,0.031,0.031,0.3567,0.4717,0.2593,0.1501,0.031,0.031,0.5095,0.4653,0.2588,0.144,0.031,0.031,0.481,0.4185,0.2075,0.1501,0.031,0.031,0.4727,0.4819,0.2061,0.1501,0.031,0.031,0.606,0.5308,0.271,0.1465,0.031,0.031,0.5366,0.4819,0.2422,0.1501,0.031,0.031,0.5137,0.5293,0.2759,0.1282,0.031,0.031,0.4478,0.4702,0.2539,0.1501,0.031,0.031,0.5754,0.6924,0.249,0.1501,0.031,0.031,0.6462,0.4546,0.2808,0.1501,0.031,0.031,0.467,0.605,0.2324,0.1501,0.031,0.031,0.4824,0.3926,0.2759,0.1501,0.031,0.031,0.3623,0.4702,0.2515,0.1477,0.031,0.031,0.6289,0.5293,0.2783,0.1501,0.031,0.031,0.5747,0.5435,0.2197,0.2231,0.1489,0.031,0.031,0.49,0.5859,0.2588,0.1501,0.031,0.031,0.4219,0.4438,0.2686,0.1489,0.031,0.031,0.4192,0.5703,0.2539,0.1501,0.031,0.031,0.5581,0.4551,0.2588,0.1477,0.031,0.031
0.6157,0.4302,0.4985,0.249,0.1501,0.031,0.031,0.5581,0.394,0.5605,0.2593,0.1501,0.031,0.031,0.6213,0.6396,0.2324,0.1501,0.031,0.031,0.4038,0.4253,0.2544,0.1489,0.031,0.031,0.5322,0.5439,0.2231,0.1501,0.031,0.031,0.6255,0.5313,0.2417,0.1501,0.031,0.031,0.5254,0.3862,0.2783,0.1489,0.031,0.031,0.4275,0.5361,0.252,0.1477,0.031,0.031,0.5491,0.52,0.2397,0.1501,0.031,0.031,0.4248,0.4766,0.2368,0.1489,0.031,0.031,0.47,0.4224,0.249,0.1489,0.031,0.031,0.3567,0.4717,0.2593,0.1501,0.031,0.031,0.5095,0.4653,0.2588,0.144,0.031,0.031,0.481,0.4185,0.2075,0.1501,0.031,0.031,0.4727,0.4819,0.2061,0.1501,0.031,0.031,0.606,0.5308,0.271,0.1465,0.031,0.031,0.5366,0.4819,0.2422,0.1501,0.031,0.031,0.5137,0.5293,0.2759,0.1282,0.031,0.031,0.4478,0.4702,0.2539,0.1501,0.031,0.031,0.5754,0.6924,0.249,0.1501,0.031,0.031,0.6462,0.4546,0.2808,0.1501,0.031,0.031,0.467,0.605,0.2324,0.1501,0.031,0.031,0.4824,0.3926,0.2759,0.1501,0.031,0.031,0.3623,0.4702,0.2515,0.1477,0.031,0.031,0.6289,0.5293,0.2783,0.1501,0.031,0.031,0.5747,0.5435,0.2197,0.2231,0.1489,0.031,0.031,0.49,0.5859,0.2588,0.1501,0.031,0.031,0.4219,0.4438,0.2686,0.1489,0.031,0.031,0.4192,0.5703,0.2539,0.1501,0.031,0.031,0.5581,0.4551,0.2588,0.1477,0.031,0.031
0.6157,0.4302,0.4985,0.249,0.1501,0.031,0.031,0.5581,0.394,0.5605,0.2593,0.1501,0.031,0.031,0.6213,0.6396,0.2324,0.1501,0.031,0.031,0.4038,0.4253,0.2544,0.1489,0.031,0.031,0.5322,0.5439,0.2231,0.1501,0.031,0.031,0.6255,0.5313,0.2417,0.1501,0.031,0.031,0.5254,0.3862,0.2783,0.1489,0.031,0.031,0.4275,0.5361,0.252,0.1477,0.031,0.031,0.5491,0.52,0.2397,0.1501,0.031,0.031,0.4248,0.4766,0.2368,0.1489,0.031,0.031,0.47,0.4224,0.249,0.1489,0.031,0.031,0.3567,0.4717,0.2593,0.1501,0.031,0.031,0.5095,0.4653,0.2588,0.144,0.031,0.031,0.481,0.4185,0.2075,0.1501,0.031,0.031,0.4727,0.4819,0.2061,0.1501,0.031,0.031,0.606,0.5308,0.271,0.1465,0.031,0.031,0.5457,0.4819,0.2422,0.1501,0.031,0.031,0.5137,0.5293,0.2759,0.1282,0.031,0.031,0.4478,0.4702,0.2539,0.1501,0.031,0.031,0.5754,0.6924,0.249,0.1501,0.031,0.031,0.6462,0.4546,0.2808,0.1501,0.031,0.031,0.467,0.605,0.2324,0.1501,0.031,0.031,0.4824,0.3926,0.2759,0.1501,0.031,0.031,0.3623,0.4702,0.2515,0.1477,0.031,0.031,0.6289,0.5293,0.2783,0.1501,0.031,0.031,0.5747,0.5435,0.2197,0.2231,0.1489,0.031,0.031,0.49,0.5859,0.2588,0.1501,0.031,0.031,0.4219,0.4438,0.2686,0.1489,0.031,0.031,0.4192,0.5703,0.2539,0.1501,0.031,0.031,0.5581,0.4551,0.2588,0.1477,0.031,0.031
0.6157,0.4302,0.4985,0.249,0.1501,0.031,0.031,0.5581,0.394,0.5605,0.2593,0.1501,0.031,0.031,0.6213,0.6396,0.2324,0.1501,0.031,0.031,0.4038,0.4253,0.2544,0.1489,0.031,0.031,0.5322,0.5439,0.2231,0.1501,0.031,0.031,0.6255,0.5313,0.2417,0.1501,0.031,0.031,0.5254,0.3862,0.2783,0.1489,0.031,0.031,0.4275,0.5361,0.252,0.1477,0.031,0.031,0.5491,0.52,0.2397,0.1501,0.031,0.031,0.4248,0.4766,0.2368,0.1489,0.031,0.031,0.47,0.4224,0.249,0.1489,0.031,0.031,0.3567,0.4717,0.2593,0.1501,0.031,0.031,0.5095,0.4653,0.2588,0.144,0.031,0.031,0.481,0.4185,0.2075,0.1501,0.031,0.031,0.4727,0.4819,0.2295,0.1501,0.031,0.031,0.606,0.5308,0.271,0.1465,0.031,0.031,0.5457,0.4819,0.2422,0.1501,0.031,0.031,0.5137,0.5293,0.2759,0.1282,0.031,0.031,0.4478,0.4702,0.2539,0.1501,0.031,0.031,0.5754,0.6924,0.249,0.1501,0.031,0.031,0.6462,0.4546,0.2808,0.1501,0.031,0.031,0.467,0.605,0.2324,0.1501,0.031,0.031,0.4824,0.3926,0.2759,0.1501,0.031,0.031,0.3623,0.4702,0.2515,0.1477,0.031,0.031,0.6289,0.5293,0.2783,0.1501,0.031,0.031,0.5747,0.5435,0.2197,0.2231,0.1489,0.031,0.031,0.49,0.5859,0.2588,0.1501,0.031,0.031,0.4219,0.4438,0.2686,0.1489,0.031,0.031,0.4192,0.5703,0.2539,0.1501,0.031,0.031,0.5581,0.4551,0.2588,0.1477,0.031,0.031
0.6157,0.4302,0.4985,0.249,0.1501,0.031,0.031,0.5581,0.394,0.5605,0.2593,0.1501,0.031,0.031,0.6213,0.6396,0.2324,0.1501,0.031,0.031,0.4038,0.4253,0.2544,0.1489,0.031,0.031,0.5322,0.5439,0.2231,0.1501,0.031,0.031,0.6255,0.5313,0.2417,0.1501,0.031,0.031,0.5344,0.3862,0.2783,0.1489,0.031,0.031,0.4275,0.5361,0.252,0.1477,0.031,0.031,0.5491,0.52,0.2397,0.1501,0.031,0.031,0.4248,0.4766,0.2368,0.1489,0.031,0.031,0.47,0.4224,0.249,0.1489,0.031,0.031,0.3567,0.4717,0.2593,0.1501,0.031,0.031,0.5095,0.4653,0.2588,0.144,0.031,0.031,0.481,0.4185,0.2075,0.1501,0.031,0.031,0.4727,0.4819,0.2295,0.1501,0.031,0.031,0.606,0.5308,0.271,0.1465,0.031,0.031,0.5457,0.4819,0.2422,0.1501,0.031,0.031,0.5137,0.5293,0.2759,0.1282,0.031,0.031,0.4478,0.4702,0.2539,0.1501,0.031,0.031,0.5754,0.6924,0.249,0.1501,0.031,0.031,0.6462,0.4546,0.2808,0.1501,0.031,0.031,0.467,0.605,0.2324,0.1501,0.031,0.031,0.4824,0.3926,0.2759,0.1501,0.031,0.031,0.3623,0.4702,0.2515,0.1477,0.031,0.031,0.6289,0.5293,0.2783,0.1501,0.031,0.031,0.5747,0.5435,0.2197,0.2231,0.1489,0.031,0.031,0.49,0.5859,0.2588,0.1501,0.031,0.031,0.4219,0.4438,0.2686,0.1489,0.031,0.031,0.4192,0.5703,0.2539,0.1501,0.031,0.031,0.5581,0.4551,0.2588,0.1477,0.031,0.031
0.6157,0.4302,0.4985,0.249,0.1501,0.031,0.031,0.5581,0.394,0.5605,0.2593,0.1501,0.031,0.031,0.6213,0.6396,0.2324,0.1501,0.031,0.031,0.4038,0.4253,0.2544,0.1489,0.031,0.031,0.5322,0.5439,0.2231,0.1501,0.031,0.031,0.6255,0.5313,0.2417,0.1501,0.031,0.031,0.5344,0.3862,0.2783,0.1489,0.031,0.031,0.4275,0.5361,0.252,0.1477,0.031,0.031,0.5491,0.52,0.2397,0.1501,0.031,0.031,0.4248,0.4766,0.2368,0.1489,0.031,0.031,0.47,0.4224,0.249,0.1489,0.031,0.031,0.3567,0.4717,0.2593,0.1501,0.031,0.031,0.5095,0.4653,0.2588,0.144,0.031,0.031,0.481,0.4185,0.2075,0.1501,0.031,0.031,0.4727,0.4819,0.2295,0.1501,0.031,0.031,0.606,0.5308,0.271,0.1465,0.031,0.031,0.5457,0.4819,0.2422,0.1501,0.031,0.031,0.5137,0.5293,0.2759,0.1282,0.031,0.031,0.4478,0.4702,0.2539,0.1501,0.031,0.031,0.5754,0.6924,0.249,0.1501,0.031,0.031,0.6462,0.4546,0.2808,0.1501,0.031,0.031,0.467,0.605,0.2324,0.1501,0.031,0.031,0.4824,0.3926,0.2759,0.1501,0.031,0.031,0.3623,0.4702,0.2515,0.1477,0.031,0.031,0.6289,0.5293,0.2783,0.1501,0.031,0.031,0.5747,0.5435,0.2197,0.2231,0.1489,0.031,0.031,0.49,0.5859,0.2588,0.1501,0.031,0.031,0.4219,0.4438,0.2686,0.1489,0.031,0.031,0.4192,0.5703,0.2539,0.1501,0.031,0.031,0.5581,0.4551,0.2588,0.1477,0.031,0.031
0.6157,0.4302,0.4985,0.249,0.1501,0.031,0.031,0.5581,0.394,0.5605,0.2593,0.1501,0.031,0.031,0.6213,0.6396,0.2324,0.1501,0.031,0.031,0.4038,0.4253,0.2544,0.1489,0.031,0.031,0.5322,0.5439,0.2231,0.1501,0.031,0.031,0.6255,0.5313,0.2417,0.1501,0.031,0.031,0.5344,0.3862,0.2783,0.1489,0.031,0.031,0.4275,0.5361,0.252,0.1477,0.031,0.031,0.5491,0.52,0.2397,0.1501,0.031,0.031,0.4248,0.4766,0.2368,0.1489,0.031,0.031,0.47,0.4224,0.249,0.1489,0.031,0.031,0.3567,0.4717,0.2593,0.1501,0.031,0.031,0.5095,0.4653,0.2588,0.144,0.031,0.031,0.481,0.4185,0.2075,0.1501,0.031,0.031,0.4727,0.4819,0.2295,0.1501,0.031,0.031,0.606,0.5308,0.271,0.1465,0.031,0.031,0.5457,0.4819,0.2422,0.1501,0.031,0.031,0.5137,0.5293,0.2759,0.1282,0.031,0.031,0.4478,0.4702,0.2539,0.1501,0.031,0.031,0.5754,0.6924,0.249,0.1501,0.031,0.031,0.6462,0.4546,0.2808,0.1501,0.031,0.031,0.467,0.605,0.2324,0.1501,0.031,0.031,0.4824,0.3926,0.2759,0.1501,0.031,0.031,0.3623,0.4702,0.2515,0.1477,0.031,0.031,0.6289,0.5293,0.2783,0.1501,0.031,0.031,0.5747,0.5435,0.2197,0.2231,0.1489,0.031,0.031,0.49,0.5859,0.2588,0.1501,0.031,0.031,0.4219,0.4438,0.2686,0.1489,0.031,0.031,0.4192,0.5703,0.2539,0.1501,0.031,0.031,0.5581,0.4551,0.2588,0.1477,0.031,0.031
0.6157,0.4302,0.4985,0.249,0.1501,0.031,0.031,0.5581,0.394,0.5605,0.2593,0.1501,0.031,0.031,0.6213,0.6396,0.2324,0.1501,0.031,0.031,0.4038,0.4253,0.2544,0.1489,0.031,0.031,0.5322,0.5439,0.2231,0.1501,0.031,0.031,0.6255,0.5313,0.2417,0.1501,0.031,0.031,0.5344,0.3862,0.2783,0.1489,0.031,0.031,0.4275,0.5361,0.252,0.1477,0.031,0.031,0.5491,0.52,0.2397,0.1501,0.031,0.031,0.4248,0.4766,0.2368,0.1489,0.031,0.031,0.47,0.4224,0.249,0.1489,0.031,0.031,0.3567,0.4717,0.2593,0.1501,0.031,0.031,0.5095,0.4653,0.2588,0.144,0.031,0.031,0.481,0.4185,0.2075,0.1501,0.031,0.031,0.4727,0.4819,0.2295,0.1501,0.031,0.031,0.606,0.5308,0.271,0.1465,0.031,0.031,0.5457,0.4819,0.2422,0.1501,0.031,0.031,0.5137,0.5293,0.2759,0.1282,0.031,0.031,0.4478,0.4702,0.2539,0.1501,0.031,0.031,0.5754,0.6924,0.249,0.1501,0.031,0.031,0.6462,0.4546,0.2808,0.1501,0.031,0.031,0.467,0.605,0.2324,0.1501,0.031,0.031,0.4824,0.3926,0.2759,0.1501,0.031,0.031,0.3623,0.4702,0.2515,0.1477,0.031,0.031,0.6289,0.5293,0.2783,0.1501,0.031,0.031,0.5747,0.5435,0.2197,0.2231,0.1489,0.031,0.031,0.49,0.5859,0.2588,0.1501,0.031,0.031,0.4824,0.4438,0.2686,0.1489,0.031,0.031,0.4192,0.5703,0.2539,0.1501,0.031,0.031,0.5581,0.4551,0.2588,0.1477,0.031,0.031
0.6157,0.4302,0.4985,0.249,0.1501,0.031,0.031,0.5581,0.394,0.5605,0.2593,0.1501,0.031,0.031,0.6255,0.6396,0.2324,0.1501,0.031,0.031,0.4038,0.4253,0.2544,0.1489,0.031,0.031,0.5322,0.5439,0.2231,0.1501,0.031,0.031,0.6255,0.5313,0.2417,0.1501,0.031,0.031,0.5386,0.3862,0.2783,0.1489,0.031,0.031,0.4275,0.5361,0.252,0.1477,0.031,0.031,0.5491,0.52,0.2397,0.1501,0.031,0.031,0.4248,0.4766,0.2368,0.1489,0.031,0.031,0.47,0.4224,0.249,0.1489,0.031,0.031,0.3567,0.4717,0.2593,0.1501,0.031,0.031,0.5095,0.4653,0.2588,0.144,0.031,0.031,0.481,0.4185,0.2075,0.1501,0.031,0.031,0.4727,0.4819,0.2295,0.1501,0.031,0.031,0.606,0.5308,0.271,0.1465,0.031,0.031,0.5457,0.4819,0.2422,0.1501,0.031,0.031,0.5137,0.5293,0.2759,0.1282,0.031,0.031,0.4478,0.4702,0.2539,0.1501,0.031,0.031,0.5754,0.6924,0.249,0.1501,0.031,0.031,0.6462,0.4546,0.2808,0.1501,0.031,0.031,0.467,0.605,0.2324,0.1501,0.031,0.031,0.4998,0.3926,0.2759,0.1501,0.031,0.031,0.3623,0.4702,0.2515,0.1489,0.031,0.031,0.6289,0.5293,0.2783,0.1501,0.031,0.031,0.5747,0.5435,0.2197,0.2231,0.1489,0.031,0.031,0.49,0.5859,0.2588,0.1501,0.031,0.031,0.4824,0.4438,0.2686,0.1489,0.031,0.031,0.4192,0.5703,0.2539,0.1501,0.031,0.031,0.5581,0.4551,0.2588,0.1477,0.031,0.031
0.6157,0.4302,0.4985,0.249,0.1501,0.031,0.031,0.5581,0.394,0.5605,0.2593,0.1501,0.031,0.031,0.6255,0.6396,0.2324,0.1501,0.031,0.031,0.4038,0.4253,0.2544,0.1489,0.031,0.031,0.5322,0.5439,0.2231,0.1501,0.031,0.031,0.6255,0.5313,0.271,0.1501,0.031,0.031,0.5386,0.3862,0.2783,0.1489,0.031,0.031,0.4448,0.5361,0.252,0.1477,0.031,0.031,0.5491,0.52,0.2397,0.1501,0.031,0.031,0.4248,0.4766,0.2368,0.1489,0.031,0.031,0.47,0.4224,0.249,0.1489,0.031,0.031,0.3567,0.4717,0.2593,0.1501,0.031,0.031,0.5095,0.4653,0.2588,0.144,0.031,0.031,0.481,0.4185,0.2075,0.1501,0.031,0.031,0.4727,0.4819,0.2295,0.1501,0.031,0.031,0.606,0.5308,0.271,0.1465,0.031,0.031,0.5457,0.4819,0.2422,0.1501,0.031,0.031,0.5137,0.5293,0.2759,0.1282,0.031,0.031,0.4478,0.4702,0.2539,0.1501,0.031,0.031,0.5754,0.6924,0.249,0.1501,0.031,0.031,0.6462,0.4546,0.2808,0.1501,0.031,0.031,0.467,0.605,0.2324,0.1501,0.031,0.031,0.4998,0.3926,0.2759,0.1501,0.031,0.031,0.3623,0.4702,0.2515,0.1489,0.031,0.031,0.6289,0.5293,0.2783,0.1501,0.031,0.031,0.5747,0.5435,0.2197,0.2231,0.1489,0.031,0.031,0.49,0.5859,0.2588,0.1501,0.031,0.031,0.4824,0.4438,0.2686,0.1489,0.031,0.031,0.4192,0.5703,0.2539,0.1501,0.031,0.031,0.5581,0.4551,0.2588,0.1477,0.031,0.031
0.6157,0.4302,0.4985,0.249,0.1501,0.031,0.031,0.5581,0.394,0.5605,0.2593,0.1501,0.031,0.031,0.6255,0.6396,0.2324,0.1501,0.031,0.031,0.4038,0.4253,0.2544,0.1489,0.031,0.031,0.5322,0.5439,0.2231,0.1501,0.031,0.031,0.6255,0.5313,0.271,0.1501,0.031,0.031,0.5386,0.3862,0.2783,0.1489,0.031,0.031,0.4448,0.5361,0.252,0.1477,0.031,0.031,0.5491,0.52,0.2397,0.1501,0.031,0.031,0.4248,0.4766,0.2368,0.1489,0.031,0.031,0.47,0.4224,0.249,0.1489,0.031,0.031,0.3567,0.4717,0.2593,0.1501,0.031,0.031,0.5095,0.4653,0.2588,0.144,0.031,0.031,0.481,0.4185,0.2075,0.1501,0.031,0.031,0.4727,0.4819,0.2295,0.1501,0.031,0.031,0.606,0.5308,0.271,0.1465,0.031,0.031,0.5457,0.4819,0.2422,0.1501,0.031,0.031,0.5137,0.5293,0.2759,0.1282,0.031,0.031,0.4478,0.4702,0.2539,0.1501,0.031,0.031,0.5754,0.6924,0.249,0.1501,0.031,0.031,0.6462,0.4546,0.2808,0.1501,0.031,0.031,0.467,0.605,0.2324,0.1501,0.031,0.031,0.4998,0.3926,0.2759,0.1501,0.031,0.031,0.3623,0.4702,0.2515,0.1501,0.031,0.031,0.6289,0.5293,0.2783,0.1501,0.031,0.031,0.5747,0.5435,0.2197,0.2231,0.1489,0.031,0.031,0.49,0.5859,0.2588,0.1501,0.031,0.031,0.4824,0.4438,0.2686,0.1489,0.031,0.031,0.4192,0.5703,0.2539,0.1501,0.031,0.031,0.5581,0.4551,0.2588,0.1477,0.031,0.031
0.6157,0.4302,0.4985,0.249,0.1501,0.031,0.031,0.5581,0.394,0.5605,0.2593,0.1501,0.031,0.031,0.6255,0.6396,0.2324,0.1501,0.031,0.031,0.4038,0.4253,0.2544,0.1489,0.031,0.031,0.5322,0.5439,0.2231,0.1501,0.031,0.031,0.6255,0.5313,0.271,0.1501,0.031,0.031,0.5386,0.3862,0.2783,0.1489,0.031,0.031,0.4448,0.5361,0.252,0.1477,0.031,0.031,0.5491,0.52,0.2397,0.1501,0.031,0.031,0.4248,0.4766,0.2368,0.1489,0.031,0.031,0.47,0.4224,0.249,0.1489,0.031,0.031,0.3567,0.4717,0.2593,0.1501,0.031,0.031,0.5095,0.4653,0.2588,0.144,0.031,0.031,0.481,0.4185,0.2075,0.1501,0.031,0.031,0.4727,0.4819,0.2295,0.1501,0.031,0.031,0.606,0.5308,0.271,0.1465,0.031,0.031,0.554,0.4819,0.2422,0.1501,0.031,0.031,0.5137,0.5293,0.2759,0.1282,0.031,0.031,0.4478,0.4702,0.2539,0.1501,0.031,0.031,0.5754,0.6924,0.249,0.1501,0.031,0.031,0.6462,0.4546,0.2808,0.1501,0.031,0.031,0.467,0.605,0.2324,0.1501,0.031,0.031,0.4998,0.3926,0.2759,0.1501,0.031,0.031,0.3623,0.4702,0.2515,0.1501,0.031,0.031,0.6289,0.5293,0.2783,0.1501,0.031,0.031,0.5747,0.5435,0.2197,0.2231,0.1489,0.031,0.031,0.49,0.5859,0.2588,0.1501,0.031,0.031,0.4824,0.4438,0.2686,0.1489,0.031,0.031,0.4192,0.5703,0.2539,0.1501,0.031,0.031,0.5581,0.4551,0.2588,0.1477,0.031,0.031
0.6157,0.4302,0.4985,0.249,0.1501,0.031,0.031,0.5664,0.394,0.5605,0.2593,0.1501,0.031,0.031,0.6255,0.6396,0.2324,0.1501,0.031,0.031,0.4038,0.4253,0.2544,0.1489,0.031,0.031,0.5322,0.5439,0.2231,0.1501,0.031,0.031,0.6255,0.5313,0.271,0.1501,0.031,0.031,0.5386,0.3862,0.2783,0.1489,0.031,0.031,0.4448,0.5361,0.252,0.1477,0.031,0.031,0.5491,0.52,0.2397,0.1501,0.031,0.031,0.4248,0.4766,0.2368,0.1489,0.031,0.031,0.47,0.4224,0.249,0.1489,0.031,0.031,0.3567,0.4717,0.2593,0.1501,0.031,0.031,0.5095,0.4653,0.2588,0.144,0.031,0.031,0.481,0.4185,0.2075,0.1501,0.031,0.031,0.4727,0.4819,0.2295,0.1501,0.031,0.031,0.606,0.5308,0.271,0.1465,0.031,0.031,0.5547,0.4819,0.2422,0.1501,0.031,0.031,0.5137,0.5293,0.2759,0.1282,0.031,0.031,0.4478,0.4702,0.2539,0.1501,0.031,0.031,0.5754,0.6924,0.249,0.1501,0.031,0.031,0.6462,0.4546,0.2808,0.1501,0.031,0.031,0.467,0.605,0.2324,0.1501,0.031,0.031,0.4998,0.3926,0.2759,0.1501,0.031,0.031,0.3623,0.4702,0.2515,0.1501,0.031,0.031,0.6289,0.5293,0.2783,0.1501,0.031,0.031,0.5747,0.5435,0.2197,0.2231,0.1489,0.031,0.031,0.49,0.5859,0.2588,0.1501,0.031,0.031,0.4824,0.4438,0.2686,0.1489,0.031,0.031,0.4192,0.5703,0.2539,0.1501,0.031,0.031,0.5581,0.4551,0.2588,0.1477,0.031,0.031
0.6157,0.4302,0.4985,0.249,0.1501,0.031,0.031,0.5664,0.394,0.5605,0.2593,0.1501,0.031,0.031,0.6255,0.6396,0.2324,0.1501,0.031,0.031,0.4038,0.4253,0.2544,0.1489,0.031,0.031,0.5322,0.5439,0.2231,0.1501,0.031,0.031,0.6255,0.5313,0.271,0.1501,0.031,0.031,0.5386,0.3862,0.2783,0.1489,0.031,0.031,0.4448,0.5361,0.252,0.1477,0.031,0.031,0.5491,0.52,0.2397,0.1501,0.031,0.031,0.4248,0.4766,0.2466,0.1489,0.031,0.031,0.47,0.4224,0.249,0.1489,0.031,0.031,0.3567,0.4717,0.2593,0.1501,0.031,0.031,0.5095,0.4653,0.2588,0.144,0.031,0.031,0.481,0.4185,0.2075,0.1501,0.031,0.031,0.4727,0.4819,0.2295,0.1501,0.031,0.031,0.606,0.5308,0.271,0.1465,0.031,0.031,0.5547,0.4819,0.2422,0.1501,0.031,0.031,0.5137,0.5293,0.2759,0.1282,0.031,0.031,0.4478,0.4702,0.2539,0.1501,0.031,0.031,0.5754,0.6924,0.249,0.1501,0.031,0.031,0.6462,0.4546,0.2808,0.1501,0.031,0.031,0.467,0.605,0.2324,0.1501,0.031,0.031,0.4998,0.3926,0.2759,0.1501,0.031,0.031,0.3623,0.4702,0.2515,0.1501,0.031,0.031,0.6289,0.5293,0.2783,0.1501,0.031,0.031,0.5747,0.5435,0.2197,0.2231,0.1489,0.031,0.031,0.49,0.5859,0.2588,0.1501,0.031,0.031,0.4824,0.4438,0.2686,0.1489,0.031,0.031,0.4192,0.5703,0.2539,0.1501,0.031,0.031,0.5581,0.4551,0.2588,0.1477,0.031,0.031
0.6157,0.4302,0.4985,0.249,0.1501,0.031,0.031,0.5664,0.394,0.5605,0.2593,0.1501,0.031,0.031,0.6255,0.6396,0.2324,0.1501,0.031,0.031,0.4038,0.4253,0.2544,0.1489,0.031,0.031,0.5322,0.5439,0.2231,0.1501,0.031,0.031,0.6255,0.5313,0.271,0.1501,0.031,0.031,0.5386,0.3862,0.2783,0.1489,0.031,0.031,0.4448,0.5361,0.252,0.1477,0.031,0.031,0.5491,0.52,0.2397,0.1501,0.031,0.031,0.4248,0.4766,0.2466,0.1489,0.031,0.031,0.47,0.4224,0.249,0.1489,0.031,0.031,0.3567,0.4717,0.2593,0.1501,0.031,0.031,0.5095,0.4653,0.2588,0.144,0.031,0.031,0.481,0.4185,0.2075,0.1501,0.031,0.031,0.4727,0.4819,0.2295,0.1501,0.031,0.031,0.606,0.5308,0.271,0.1465,0.031,0.031,0.5547,0.4819,0.2422,0.1501,0.031,0.031,0.5137,0.5293,0.2759,0.1282,0.031,0.031,0.4478,0.4702,0.2539,0.1501,0.031,0.031,0.5754,0.6924,0.249,0.1501,0.031,0.031,0.6462,0.4546,0.2808,0.1501,0.031,0.031,0.467,0.605,0.2324,0.1501,0.031,0.031,0.4998,0.3926,0.2759,0.1501,0.031,0.031,0.3623,0.4702,0.2515,0.1501,0.031,0.031,0.6289,0.5293,0.2783,0.1501,0.031,0.031,0.5747,0.5435,0.2197,0.2231,0.1489,0.031,0.031,0.49,0.5859,0.2588,0.1501,0.031,0.031,0.4824,0.4438,0.2686,0.1489,0.031,0.031,0.4192,0.5703,0.2539,0.1501,0.031,0.031,0.5581,0.4551,0.2588,0.1477,0.031,0.031
0.6157,0.4302,0.4985,0.249,0.1501,0.031,0.031,0.5664,0.394,0.5605,0.2593,0.1501,0.031,0.031,0.6255,0.6396,0.2324,0.1501,0.031,0.031,0.4038,0.4253,0.2544,0.1489,0.031,0.031,0.5322,0.5439,0.2231,0.1501,0.031,0.031,0.6255,0.5313,0.271,0.1501,0.031,0.031,0.5386,0.3862,0.2783,0.1489,0.031,0.031,0.4448,0.5361,0.252,0.1477,0.031,0.031,0.5491,0.52,0.2397,0.1501,0.031,0.031,0.4248,0.4766,0.2466,0.1489,0.031,0.031,0.47,0.4224,0.249,0.1489,0.031,0.031,0.3657,0.4717,0.2593,0.1501,0.031,0.031,0.5095,0.4653,0.2588,0.144,0.031,0.031,0.481,0.4185,0.2075,0.1501,0.031,0.031,0.4727,0.4819,0.2295,0.1501,0.031,0.031,0.606,0.5308,0.271,0.1465,0.031,0.031,0.5547,0.4819,0.2422,0.1501,0.031,0.031,0.5137,0.5293,0.2759,0.1282,0.031,0.031,0.4478,0.4702,0.2539,0.1501,0.031,0.031,0.5754,0.6924,0.249,0.1501,0.031,0.031,0.6462,0.4546,0.2808,0.1501,0.031,0.031,0.467,0.605,0.2324,0.1501,0.031,0.031,0.4998,0.3926,0.2759,0.1501,0.031,0.031,0.3623,0.4702,0.2515,0.1501,0.031,0.031,0.6289,0.5293,0.2783,0.1501,0.031,0.031,0.5747,0.5435,0.2197,0.2231,0.1489,0.031,0.031,0.49,0.5859,0.2588,0.1501,0.031,0.031,0.4824,0.4438,0.2686,0.1489,0.031,0.031,0.4192,0.5703,0.2539,0.1501,0.031,0.031,0.5581,0.4551,0.2588,0.1477,0.031,0.031
0.6157,0.4302,0.4985,0.249,0.1501,0.031,0.031,0.5664,0.394,0.5605,0.2593,0.1501,0.031,0.031,0.6255,0.6396,0.2324,0.1501,0.031,0.031,0.4038,0.4253,0.2544,0.1489,0.031,0.031,0.5322,0.5439,0.2231,0.1501,0.031,0.031,0.6255,0.5313,0.271,0.1501,0.031,0.031,0.5386,0.3862,0.2783,0.1489,0.031,0.031,0.4448,0.5361,0.252,0.1477,0.031,0.031,0.5491,0.52,0.2397,0.1501,0.031,0.031,0.4248,0.4766,0.2466,0.1489,0.031,0.031,0.47,0.4224,0.249,0.1489,0.031,0.031,0.3657,0.4717,0.2593,0.1501,0.031,0.031,0.5095,0.4653,0.2588,0.144,0.031,0.031,0.481,0.4185,0.2075,0.1501,0.031,0.031,0.4727,0.4819,0.2295,0.1501,0.031,0.031,0.606,0.5308,0.271,0.1465,0.031,0.031,0.5547,0.4819,0.2422,0.1501,0.031,0.031,0.5137,0.5293,0.2759,0.1282,0.031,0.031,0.4478,0.4702,0.2539,0.1501,0.031,0.031,0.5754,0.6924,0.249,0.1501,0.031,0.031,0.6462,0.4546,0.2808,0.1501,0.031,0.031,0.467,0.605,0.2324,0.1501,0.031,0.031,0.4998,0.3926,0.2759,0.1501,0.031,0.031,0.3623,0.4702,0.2515,0.1501,0.031,0.031,0.6289,0.5293,0.2783,0.1501,0.031,0.031,0.5747,0.5435,0.2197,0.2231,0.1489,0.031,0.031,0.49,0.5859,0.2588,0.1501,0.031,0.031,0.4824,0.4438,0.2686,0.1489,0.031,0.031,0.4192,0.5703,0.2539,0.1501,0.031,0.031,0.5581,0.4551,0.2588,0.1477,0.031,0.031
0.6157,0.4302,0.4985,0.249,0.1501,0.031,0.031,0.5664,0.394,0.5605,0.2593,0.1501,0.031,0.031,0.6255,0.6396,0.2324,0.1501,0.031,0.031,0.4038,0.4253,0.2544,0.1489,0.031,0.031,0.5322,0.5439,0.2231,0.1501,0.031,0.031,0.6255,0.5313,0.271,0.1501,0.031,0.031,0.5386,0.3862,0.2783,0.1489,0.031,0.031,0.4448,0.5361,0.252,0.1477,0.031,0.031,0.5491,0.52,0.2397,0.1501,0.031,0.031,0.4248,0.4766,0.2466,0.1489,0.031,0.031,0.47,0.4224,0.249,0.1489,0.031,0.031,0.3657,0.4717,0.2593,0.1501,0.031,0.031,0.5095,0.4653,0.2588,0.144,0.031,0.031,0.481,0.4185,0.2075,0.1501,0.031,0.031,0.4727,0.4819,0.2295,0.1501,0.031,0.031,0.606,0.5308,0.271,0.1465,0.031,0.031,0.5547,0.4819,0.2422,0.1501,0.031,0.031,0.5137,0.5293,0.2759,0.1282,0.031,0.031,0.4478,0.4702,0.2539,0.1501,0.031,0.031,0.5754,0.6924,0.249,0.1501,0.031,0.031,0.6462,0.4546,0.2808,0.1501,0.031,0.031,0.467,0.605,0.2324,0.1501,0.031,0.031,0.4998,0.3926,0.2759,0.1501,0.031,0.031,0.3623,0.4702,0.2515,0.1501,0.031,0.031,0.6289,0.5293,0.2783,0.1501,0.031,0.031,0.5747,0.5435,0.2197,0.2231,0.1489,0.031,0.031,0.49,0.5859,0.2588,0.1501,0.031,0.031,0.4824,0.4438,0.2686,0.1489,0.031,0.031,0.4192,0.5703,0.2539,0.1501,0.031,0.031,0.5581,0.4551,0.2588,0.1477,0.031,0.031
0.6157,0.4302,0.4985,0.249,0.1501,0.031,0.031,0.5664,0.394,0.5605,0.2593,0.1501,0.031,0.031,0.6255,0.6396,0.2324,0.1501,0.031,0.031,0.4038,0.4253,0.2544,0.1489,0.031,0.031,0.5322,0.5439,0.2231,0.1501,0.031,0.031,0.6255,0.5313,0.271,0.1501,0.031,0.031,0.5386,0.3862,0.2783,0.1489,0.031,0.031,0.4448,0.5361,0.252,0.1477,0.031,0.031,0.5491,0.52,0.2397,0.1501,0.031,0.031,0.4248,0.4766,0.2466,0.1489,0.031,0.031,0.47,0.4224,0.249,0.1489,0.031,0.031,0.3657,0.4717,0.2593,0.1501,0.031,0.031,0.5095,0.4653,0.2588,0.144,0.031,0.031,0.481,0.4185,0.2075,0.1501,0.031,0.031,0.4727,0.4819,0.2295,0.1501,0.031,0.031,0.606,0.5308,0.271,0.1465,0.031,0.031,0.5547,0.4819,0.2422,0.1501,0.031,0.031,0.5137,0.5293,0.2759,0.1282,0.031,0.031,0.4478,0.4702,0.2539,0.1501,0.031,0.031,0.5754,0.6924,0.249,0.1501,0.031,0.031,0.6462,0.4546,0.2808,0.1501,0.031,0.031,0.467,0.605,0.2324,0.1501,0.031,0.031,0.4998,0.3926,0.2759,0.1501,0.031,0.031,0.3623,0.4702,0.2515,0.1501,0.031,0.031,0.6289,0.5293,0.2783,0.1501,0.031,0.031,0.5747,0.5435,0.2197,0.2231,0.1489,0.031,0.031,0.49,0.5859,0.2588,0.1501,0.031,0.031,0.4824,0.4438,0.2686,0.1489,0.031,0.031,0.4192,0.5703,0.2539,0.1501,0.031,0.031,0.5581,0.4551,0.2588,0.1477,0.031,0.031
0.6157,0.4302,0.4985,0.249,0.1501,0.031,0.031,0.5664,0.394,0.5605,0.2593,0.1501,0.031,0.031,0.6255,0.6396,0.2324,0.1501,0.031,0.031,0.4038,0.4253,0.2544,0.1489,0.031,0.031,0.5322,0.5439,0.2231,0.1501,0.031,0.031,0.6255,0.5313,0.271,0.1501,0.031,0.031,0.5386,0.3862,0.2783,0.1489,0.031,0.031,0.4448,0.5361,0.252,0.1477,0.031,0.031,0.5491,0.52,0.2397,0.1501,0.031,0.031,0.4248,0.4766,0.2466,0.1489,0.031,0.031,0.47,0.4224,0.249,0.1489,0.031,0.031,0.3657,0.4717,0.2593,0.1501,0.031,0.031,0.5095,0.4653,0.2588,0.144,0.031,0.031,0.481,0.4185,0.2075,0.1501,0.031,0.031,0.4727,0.4819,0.2295,0.1501,0.031,0.031,0.606,0.5308,0.271,0.1465,0.031,0.031,0.5547,0.4819,0.2422,0.1501,0.031,0.031,0.5137,0.5293,0.2759,0.1282,0.031,0.031,0.4478,0.4702,0.2539,0.1501,0.031,0.031,0.5754,0.6924,0.249,0.1501,0.031,0.031,0.6462,0.4546,0.2808,0.1501,0.031,0.031,0.467,0.605,0.2324,0.1501,0.031,0.031,0.4998,0.3926,0.2759,0.1501,0.031,0.031,0.3623,0.4702,0.2515,0.1501,0.031,0.031,0.6289,0.5293,0.2783,0.1501,0.031,0.031,0.5747,0.5435,0.2197,0.2231,0.1489,0.031,0.031,0.4976,0.5859,0.2588,0.1501,0.031,0.031,0.4824,0.4438,0.2686,0.1489,0.031,0.031,0.4192,0.5703,0.2539,0.1501,0.031,0.031,0.5581,0.4551,0.2588,0.1477,0.031,0.031
0.6157,0.4302,0.4985,0.249,0.1501,0.031,0.031,0.5664,0.394,0.5605,0.2593,0.1501,0.031,0.031,0.6255,0.6396,0.2324,0.1501,0.031,0.031,0.4038,0.4253,0.2544,0.1489,0.031,0.031,0.5322,0.5439,0.2231,0.1501,0.031,0.031,0.6255,0.5313,0.271,0.1501,0.031,0.031,0.5386,0.3862,0.2783,0.1489,0.031,0.031,0.4448,0.5361,0.252,0.1477,0.031,0.031,0.5491,0.52,0.2397,0.1501,0.031,0.031,0.4248,0.4766,0.2466,0.1489,0.031,0.031,0.47,0.4272,0.249,0.1489,0.031,0.031,0.3657,0.4717,0.2593,0.1501,0.031,0.031,0.5095,0.4653,0.2588,0.144,0.031,0.031,0.481,0.4185,0.2075,0.1501,0.031,0.031,0.4727,0.4819,0.2295,0.1501,0.031,0.031,0.606,0.5308,0.271,0.1465,0.031,0.031,0.5547,0.4819,0.2422,0.1501,0.031,0.031,0.5137,0.5293,0.2759,0.1282,0.031,0.031,0.4478,0.4702,0.2539,0.1501,0.031,0.031,0.5754,0.6924,0.249,0.1501,0.031,0.031,0.6462,0.4546,0.2808,0.1501,0.031,0.031,0.467,0.605,0.2324,0.1501,0.031,0.031,0.4998,0.3926,0.2759,0.1501,0.031,0.031,0.3623,0.4702,0.2515,0.1501,0.031,0.031,0.6289,0.5293,0.2783,0.1501,0.031,0.031,0.5747,0.5435,0.2197,0.2231,0.1489,0.031,0.031,0.4976,0.5859,0.2588,0.1501,0.031,0.031,0.4824,0.4438,0.2686,0.1489,0.031,0.031,0.4192,0.5703,0.2539,0.1501,0.031,0.031,0.5581,0.4551,0.2588,0.1477,0.031,0.031
0.6157,0.4302,0.4985,0.249,0.1501,0.031,0.031,0.5664,0.394,0.5605,0.2593,0.1501,0.031,0.031,0.6255,0.6396,0.2324,0.1501,0.031,0.031,0.4038,0.4253,0.2544,0.1489,0.031,0.031,0.5378,0.5439,0.2231,0.1501,0.031,0.031,0.6255,0.5313,0.271,0.1501,0.031,0.031,0.5386,0.3862,0.2783,0.1489,0.031,0.031,0.4448,0.5361,0.252,0.1477,0.031,0.031,0.5491,0.52,0.2397,0.1501,0.031,0.031,0.4248,0.4766,0.2466,0.1489,0.031,0.031,0.47,0.4272,0.249,0.1489,0.031,0.031,0.3657,0.4717,0.2593,0.1501,0.031,0.031,0.5095,0.4653,0.2588,0.144,0.031,0.031,0.481,0.4185,0.2075,0.1501,0.031,0.031,0.4727,0.4819,0.2295,0.1501,0.031,0.031,0.606,0.5308,0.271,0.1465,0.031,0.031,0.5547,0.4819,0.2422,0.1501,0.031,0.031,0.5137,0.5293,0.2759,0.1282,0.031,0.031,0.4478,0.4702,0.2539,0.1501,0.031,0.031,0.5754,0.6924,0.249,0.1501,0.031,0.031,0.6462,0.4546,0.2808,0.1501,0.031,0.031,0.467,0.605,0.2324,0.1501,0.031,0.031,0.4998,0.3926,0.2759,0.1501,0.031,0.031,0.3623,0.4702,0.2515,0.1501,0.031,0.031,0.6289,0.5293,0.2783,0.1501,0.031,0.031,0.5747,0.5435,0.2197,0.2231,0.1489,0.031,0.031,0.4976,0.5859,0.2588,0.1501,0.031,0.031,0.4824,0.4438,0.2686,0.1489,0.031,0.031,0.4192,0.5703,0.2539,0.1501,0.031,0.031,0.5581,0.4551,0.2612,0.1477,0.031,0.031
0.6157,0.4302,0.4985,0.249,0.1501,0.031,0.031,0.5664,0.394,0.5605,0.2593,0.1501,0.031,0.031,0.6255,0.6396,0.2324,0.1501,0.031,0.031,0.4038,0.4253,0.2544,0.1489,0.031,0.031,0.5378,0.5439,0.2231,0.1501,0.031,0.031,0.6255,0.5313,0.271,0.1501,0.031,0.031,0.5386,0.3862,0.2783,0.1489,0.031,0.031,0.4448,0.5361,0.252,0.1477,0.031,0.031,0.5491,0.52,0.2397,0.1501,0.031,0.031,0.4248,0.4766,0.2466,0.1489,0.031,0.031,0.47,0.4272,0.249,0.1489,0.031,0.031,0.3657,0.4717,0.2593,0.1501,0.031,0.031,0.5095,0.4653,0.2588,0.144,0.031,0.031,0.481,0.4185,0.2075,0.1501,0.031,0.031,0.4727,0.4819,0.2295,0.1501,0.031,0.031,0.606,0.5308,0.271,0.1465,0.031,0.031,0.5547,0.4819,0.2422,0.1501,0.031,0.031,0.5137,0.5293,0.2759,0.1282,0.031,0.031,0.4478,0.4702,0.2539,0.1501,0.031,0.031,0.5754,0.6924,0.249,0.1501,0.031,0.031,0.6462,0.4546,0.2808,0.1501,0.031,0.031,0.467,0.605,0.2324,0.1501,0.031,0.031,0.4998,0.3926,0.2759,0.1501,0.031,0.031,0.3623,0.4702,0.2515,0.1501,0.031,0.031,0.6289,0.5293,0.2808,0.1501,0.031,0.031,0.5747,0.5435,0.2197,0.2231,0.1489,0.031,0.031,0.4976,0.5859,0.2588,0.1501,0.031,0.031,0.4824,0.4438,0.2686,0.1489,0.031,0.031,0.4192,0.5703,0.2539,0.1501,0.031,0.031,0.5581,0.4551,0.2612,0.1477,0.031,0.031
0.6157,0.4302,0.4985,0.249,0.1501,0.031,0.031,0.5664,0.394,0.5605,0.2593,0.1501,0.031,0.031,0.6255,0.6396,0.2324,0.1501,0.031,0.031,0.4038,0.4253,0.2544,0.1489,0.031,0.031,0.5378,0.5439,0.2231,0.1501,0.031,0.031,0.6255,0.5313,0.271,0.1501,0.031,0.031,0.5386,0.3862,0.2783,0.1489,0.031,0.031,0.4448,0.5361,0.252,0.1477,0.031,0.031,0.5491,0.52,0.2397,0.1501,0.031,0.031,0.4248,0.4766,0.2466,0.1489,0.031,0.031,0.47,0.4272,0.249,0.1489,0.031,0.031,0.3657,0.4717,0.2593,0.1501,0.031,0.031,0.5095,0.4653,0.2588,0.144,0.031,0.031,0.481,0.4185,0.2075,0.1501,0.031,0.031,0.4727,0.4819,0.2295,0.1501,0.031,0.031,0.606,0.5308,0.271,0.1465,0.031,0.031,0.5706,0.4819,0.2422,0.1501,0.031,0.031,0.5137,0.5293,0.2759,0.1282,0.031,0.031,0.4478,0.4702,0.2539,0.1501,0.031,0.031,0.5754,0.6924,0.249,0.1501,0.031,0.031,0.6462,0.4546,0.2808,0.1501,0.031,0.031,0.467,0.605,0.2324,0.1501,0.031,0.031,0.4998,0.3926,0.2759,0.1501,0.031,0.031,0.3623,0.4702,0.2515,0.1501,0.031,0.031,0.6289,0.5293,0.2808,0.1501,0.031,0.031,0.5747,0.5435,0.2197,0.2231,0.1489,0.031,0.031,0.4976,0.5859,0.2588,0.1501,0.031,0.031,0.4824,0.4438,0.2686,0.1489,0.031,0.031,0.4192,0.5703,0.2539,0.1501,0.031,0.031,0.5581,0.4551,0.2612,0.1477,0.031,0.031
0.6157,0.4302,0.4985,0.249,0.1501,0.031,0.031,0.5664,0.394,0.5605,0.2593,0.1501,0.031,0.031,0.6255,0.6396,0.2324,0.1501,0.031,0.031,0.4038,0.4253,0.2544,0.1489,0.031,0.031,0.5378,0.5439,0.2231,0.1501,0.031,0.031,0.6255,0.5313,0.271,0.1501,0.031,0.031,0.5386,0.3862,0.2783,0.1489,0.031,0.031,0.4448,0.5361,0.252,0.1477,0.031,0.031,0.5491,0.52,0.2397,0.1501,0.031,0.031,0.4248,0.4766,0.2466,0.1489,0.031,0.031,0.47,0.4272,0.249,0.1489,0.031,0.031,0.3657,0.4717,0.2593,0.1501,0.031,0.031,0.5095,0.4653,0.2588,0.144,0.031,0.031,0.481,0.4185,0.2075,0.1501,0.031,0.031,0.4727,0.4819,0.2295,0.1501,0.031,0.031,0.606,0.5308,0.271,0.1465,0.031,0.031,0.5706,0.4819,0.2422,0.1501,0.031,0.031,0.5137,0.5293,0.2759,0.1282,0.031,0.031,0.4478,0.4702,0.2539,0.1501,0.031,0.031,0.5754,0.6924,0.249,0.1501,0.031,0.031,0.6462,0.4546,0.2808,0.1501,0.031,0.031,0.467,0.605,0.2324,0.1501,0.031,0.031,0.4998,0.3926,0.2759,0.1501,0.031,0.031,0.3623,0.4702,0.2515,0.1501,0.031,0.031,0.6289,0.5293,0.2808,0.1501,0.031,0.031,0.5747,0.5435,0.2197,0.2231,0.1489,0.031,0.031,0.4976,0.5859,0.2588,0.1501,0.031,0.031,0.4824,0.4438,0.2686,0.1489,0.031,0.031,0.4192,0.5703,0.2539,0.1501,0.031,0.031,0.5581,0.4551,0.2612,0.1477,0.031,0.031
0.6157,0.4302,0.4985,0.249,0.1501,0.031,0.031,0.5664,0.394,0.5605,0.2593,0.1501,0.031,0.031,0.6255,0.6396,0.2324,0.1501,0.031,0.031,0.4038,0.4507,0.2544,0.1489,0.031,0.031,0.5378,0.5439,0.2231,0.1501,0.031,0.031,0.6255,0.5313,0.271,0.1501,0.031,0.031,0.5386,0.3862,0.2783,0.1489,0.031,0.031,0.4448,0.5361,0.252,0.1477,0.031,0.031,0.5491,0.52,0.2397,0.1501,0.031,0.031,0.4248,0.4766,0.2466,0.1489,0.031,0.031,0.47,0.4272,0.249,0.1489,0.031,0.031,0.3657,0.4717,0.2593,0.1501,0.031,0.031,0.5095,0.4653,0.2588,0.144,0.031,0.031,0.481,0.4185,0.2075,0.1501,0.031,0.031,0.4727,0.4819,0.2295,0.1501,0.031,0.031,0.606,0.5308,0.271,0.1465,0.031,0.031,0.5706,0.4819,0.2422,0.1501,0.031,0.031,0.5137,0.5293,0.2759,0.1282,0.031,0.031,0.4478,0.4702,0.2539,0.1501,0.031,0.031,0.5754,0.6924,0.249,0.1501,0.031,0.031,0.6462,0.4546,0.2808,0.1501,0.031,0.031,0.467,0.605,0.2324,0.1501,0.031,0.031,0.4998,0.3926,0.2759,0.1501,0.031,0.031,0.3623,0.4702,0.2515,0.1501,0.031,0.031,0.6289,0.5293,0.2808,0.1501,0.031,0.031,0.5747,0.5435,0.2197,0.2231,0.1489,0.031,0.031,0.4976,0.5859,0.2588,0.1501,0.031,0.031,0.4824,0.4438,0.2686,0.1489,0.031,0.031,0.4192,0.5703,0.2539,0.1501,0.031,0.031,0.5581,0.4551,0.2612,0.1477,0.031,0.031
0.6157,0.4302,0.4985,0.249,0.1501,0.031,0.031,0.5664,0.394,0.5605,0.2593,0.1501,0.031,0.031,0.6255,0.6396,0.2324,0.1501,0.031,0.031,0.4038,0.4507,0.2544,0.1489,0.031,0.031,0.5378,0.5439,0.2231,0.1501,0.031,0.031,0.6255,0.5313,0.271,0.1501,0.031,0.031,0.5386,0.3862,0.2783,0.1489,0.031,0.031,0.4448,0.5361,0.252,0.1477,0.031,0.031,0.5491,0.52,0.2397,0.1501,0.031,0.031,0.4248,0.4766,0.2466,0.1489,0.031,0.031,0.47,0.4272,0.249,0.1489,0.031,0.031,0.394,0.4717,0.2593,0.1501,0.031,0.031,0.5095,0.4653,0.2588,0.144,0.031,0.031,0.481,0.4185,0.2075,0.1501,0.031,0.031,0.4727,0.4819,0.2295,0.1501,0.031,0.031,0.606,0.5308,0.271,0.1465,0.031,0.031,0.5706,0.4819,0.2422,0.1501,0.031,0.031,0.5137,0.5293,0.2759,0.1282,0.031,0.031,0.4478,0.4702,0.2539,0.1501,0.031,0.031,0.5754,0.6924,0.249,0.1501,0.031,0.031,0.6462,0.4546,0.2808,0.1501,0.031,0.031,0.467,0.605,0.2324,0.1501,0.031,0.031,0.4998,0.3926,0.2759,0.1501,0.031,0.031,0.3623,0.4702,0.2515,0.1501,0.031,0.031,0.6289,0.5293,0.2808,0.1501,0.031,0.031,0.5747,0.5435,0.2197,0.2231,0.1489,0.031,0.031,0.4976,0.5859,0.2588,0.1501,0.031,0.031,0.4824,0.4438,0.2686,0.1489,0.031,0.031,0.4192,0.5703,0.2539,0.1501,0.031,0.031,0.5581,0.4551,0.2612,0.1477,0.031,0.031
0.6157,0.4302,0.4985,0.249,0.1501,0.031,0.031,0.5664,0.394,0.5605,0.2593,0.1501,0.031,0.031,0.6255,0.6396,0.2324,0.1501,0.031,0.031,0.4038,0.4507,0.2544,0.1489,0.031,0.031,0.5378,0.5439,0.2231,0.1501,0.031,0.031,0.6255,0.5313,0.271,0.1501,0.031,0.031,0.5386,0.3862,0.2783,0.1489,0.031,0.031,0.4448,0.5361,0.252,0.1477,0.031,0.031,0.5491,0.52,0.2397,0.1501,0.031,0.031,0.4248,0.4766,0.2466,0.1489,0.031,0.031,0.47,0.437,0.249,0.1489,0.031,0.031,0.394,0.4717,0.2593,0.1501,0.031,0.031,0.5095,0.4653,0.2588,0.144,0.031,0.031,0.481,0.4185,0.2075,0.1501,0.031,0.031,0.4727,0.4819,0.2295,0.1501,0.031,0.031,0.606,0.5308,0.271,0.1465,0.031,0.031,0.6116,0.4819,0.2422,0.1501,0.031,0.031,0.5137,0.5293,0.2759,0.1282,0.031,0.031,0.4478,0.4702,0.2539,0.1501,0.031,0.031,0.5754,0.6924,0.249,0.1501,0.031,0.031,0.6462,0.4546,0.2808,0.1501,0.031,0.031,0.467,0.605,0.2324,0.1501,0.031,0.031,0.4998,0.3926,0.2759,0.1501,0.031,0.031,0.3623,0.4702,0.2515,0.1501,0.031,0.031,0.6289,0.5293,0.2808,0.1501,0.031,0.031,0.5747,0.5435,0.2197,0.2231,0.1489,0.031,0.031,0.4976,0.5859,0.2588,0.1501,0.031,0.031,0.4824,0.4438,0.2686,0.1489,0.031,0.031,0.4192,0.5703,0.2539,0.1501,0.031,0.031,0.5581,0.4551,0.2612,0.1477,0.031,0.031
0.6157,0.4302,0.4985,0.249,0.1501,0.031,0.031,0.5664,0.394,0.5605,0.2593,0.1501,0.031,0.031,0.6255,0.6396,0.2324,0.1501,0.031,0.031,0.4038,0.4507,0.2544,0.1489,0.031,0.031,0.5378,0.5439,0.2231,0.1501,0.031,0.031,0.6255,0.5313,0.271,0.1501,0.031,0.031,0.5386,0.3862,0.2783,0.1489,0.031,0.031,0.4448,0.5361,0.252,0.1477,0.031,0.031,0.5491,0.52,0.2397,0.1501,0.031,0.031,0.4248,0.4766,0.2466,0.1489,0.031,0.031,0.47,0.437,0.249,0.1489,0.031,0.031,0.394,0.4717,0.2593,0.1501,0.031,0.031,0.5095,0.4653,0.2588,0.144,0.031,0.031,0.481,0.4185,0.2075,0.1501,0.031,0.031,0.4727,0.4819,0.2295,0.1501,0.031,0.031,0.606,0.5308,0.271,0.1465,0.031,0.031,0.6116,0.4819,0.2422,0.1501,0.031,0.031,0.5137,0.5293,0.2759,0.1282,0.031,0.031,0.4478,0.4702,0.2539,0.1501,0.031,0.031,0.5754,0.6924,0.249,0.1501,0.031,0.031,0.6462,0.4546,0.2808,0.1501,0.031,0.031,0.467,0.605,0.2324,0.1501,0.031,0.031,0.4998,0.3926,0.2759,0.1501,0.031,0.031,0.3623,0.4702,0.2515,0.1501,0.031,0.031,0.6289,0.5293,0.2808,0.1501,0.031,0.031,0.5747,0.5435,0.2197,0.2231,0.1489,0.031,0.031,0.4976,0.5859,0.2588,0.1501,0.031,0.031,0.4824,0.4438,0.2686,0.1489,0.031,0.031,0.4192,0.5703,0.2539,0.1501,0.031,0.031,0.5581,0.4551,0.2612,0.1477,0.031,0.031
0.6157,0.4302,0.4985,0.249,0.1501,0.031,0.031,0.5664,0.394,0.5605,0.2593,0.1501,0.031,0.031,0.6255,0.6396,0.2324,0.1501,0.031,0.031,0.4038,0.4507,0.2544,0.1489,0.031,0.031,0.5378,0.5439,0.2231,0.1501,0.031,0.031,0.6255,0.5313,0.271,0.1501,0.031,0.031,0.5386,0.3862,0.2783,0.1489,0.031,0.031,0.4448,0.5361,0.252,0.1477,0.031,0.031,0.5491,0.52,0.2397,0.1501,0.031,0.031,0.4248,0.4766,0.2466,0.1489,0.031,0.031,0.47,0.437,0.249,0.1489,0.031,0.031,0.394,0.4717,0.2593,0.1501,0.031,0.031,0.5095,0.4653,0.2588,0.144,0.031,0.031,0.4907,0.4185,0.2075,0.1501,0.031,0.031,0.4727,0.4819,0.2295,0.1501,0.031,0.031,0.606,0.5308,0.271,0.1465,0.031,0.031,0.6116,0.4819,0.2422,0.1501,0.031,0.031,0.5137,0.5293,0.2759,0.1282,0.031,0.031,0.4478,0.4702,0.2539,0.1501,0.031,0.031,0.5754,0.6924,0.249,0.1501,0.031,0.031,0.6462,0.4546,0.2808,0.1501,0.031,0.031,0.467,0.605,0.2324,0.1501,0.031,0.031,0.4998,0.3926,0.2759,0.1501,0.031,0.031,0.3623,0.4702,0.2515,0.1501,0.031,0.031,0.6289,0.5293,0.2808,0.1501,0.031,0.031,0.5747,0.5435,0.2197,0.2231,0.1489,0.031,0.031,0.4976,0.5859,0.2588,0.1501,0.031,0.031,0.4824,0.4438,0.2686,0.1489,0.031,0.031,0.4192,0.5703,0.2539,0.1501,0.031,0.031,0.5581,0.4551,0.2612,0.1477,0.031,0.031
0.6157,0.4302,0.4985,0.249,0.1501,0.031,0.031,0.5664,0.394,0.5605,0.2593,0.1501,0.031,0.031,0.6255,0.6396,0.2324,0.1501,0.031,0.031,0.4038,0.4507,0.2544,0.1489,0.031,0.031,0.5378,0.5439,0.2231,0.1501,0.031,0.031,0.6255,0.5313,0.271,0.1501,0.031,0.031,0.5386,0.3862,0.2783,0.1489,0.031,0.031,0.4448,0.5361,0.252,0.1477,0.031,0.031,0.5491,0.52,0.2397,0.1501,0.031,0.031,0.4248,0.4766,0.2466,0.1489,0.031,0.031,0.47,0.437,0.249,0.1489,0.031,0.031,0.394,0.4717,0.2593,0.1501,0.031,0.031,0.5095,0.4653,0.2588,0.144,0.031,0.031,0.4907,0.4185,0.2075,0.1501,0.031,0.031,0.4727,0.4819,0.2295,0.1501,0.031,0.031,0.606,0.5308,0.271,0.1465,0.031,0.031,0.6116,0.4819,0.2422,0.1501,0.031,0.031,0.5137,0.5293,0.2759,0.1282,0.031,0.031,0.4478,0.4702,0.2539,0.1501,0.031,0.031,0.5754,0.6924,0.249,0.1501,0.031,0.031,0.6462,0.4546,0.2808,0.1501,0.031,0.031,0.467,0.605,0.2324,0.1501,0.031,0.031,0.4998,0.3926,0.2759,0.1501,0.031,0.031,0.3623,0.4702,0.2515,0.1501,0.031,0.031,0.6289,0.5293,0.2808,0.1501,0.031,0.031,0.5747,0.5435,0.2197,0.2231,0.1489,0.031,0.031,0.4976,0.5859,0.2588,0.1501,0.031,0.031,0.4824,0.4438,0.2686,0.1489,0.031,0.031,0.4192,0.5703,0.2539,0.1501,0.031,0.031,0.5581,0.4551,0.2612,0.1477,0.031,0.031
0.6157,0.4302,0.4985,0.249,0.1501,0.031,0.031,0.5664,0.394,0.5605,0.2593,0.1501,0.031,0.031,0.6255,0.6396,0.2324,0.1501,0.031,0.031,0.4038,0.4507,0.2544,0.1489,0.031,0.031,0.5378,0.5439,0.2231,0.1501,0.031,0.031,0.6255,0.5313,0.271,0.1501,0.031,0.031,0.5386,0.3862,0.2783,0.1489,0.031,0.031,0.4448,0.5361,0.252,0.1477,0.031,0.031,0.5491,0.52,0.2397,0.1501,0.031,0.031,0.4248,0.4766,0.2466,0.1489,0.031,0.031,0.47,0.437,0.249,0.1489,0.031,0.031,0.394,0.4717,0.2593,0.1501,0.031,0.031,0.5095,0.4653,0.2588,0.144,0.031,0.031,0.4907,0.4185,0.2075,0.1501,0.031,0.031,0.4727,0.4819,0.2295,0.1501,0.031,0.031,0.606,0.5308,0.271,0.1465,0.031,0.031,0.6116,0.4819,0.2422,0.1501,0.031,0.031,0.5137,0.5293,0.2759,0.1282,0.031,0.031,0.4478,0.4702,0.2539,0.1501,0.031,0.031,0.5754,0.6924,0.249,0.1501,0.031,0.031,0.6462,0.4546,0.2808,0.1501,0.031,0.031,0.467,0.605,0.2324,0.1501,0.031,0.031,0.4998,0.3926,0.2759,0.1501,0.031,0.031,0.3623,0.4702,0.2515,0.1501,0.031,0.031,0.6289,0.5293,0.2808,0.1501,0.031,0.031,0.5747,0.5435,0.2197,0.2231,0.1489,0.031,0.031,0.4976,0.5859,0.2588,0.1501,0.031,0.031,0.4824,0.4438,0.2686,0.1489,0.031,0.031,0.4192,0.5703,0.2539,0.1501,0.031,0.031,0.5581,0.4551,0.2612,0.1477,0.031,0.031
0.6157,0.4302,0.4985,0.249,0.1501,0.031,0.031,0.5664,0.394,0.5605,0.2593,0.1501,0.031,0.031,0.6255,0.6396,0.2324,0.1501,0.031,0.031,0.4038,0.4507,0.2544,0.1489,0.031,0.031,0.5378,0.5439,0.2231,0.1501,0.031,0.031,0.6255,0.5313,0.271,0.1501,0.031,0.031,0.5386,0.3862,0.2783,0.1489,0.031,0.031,0.4448,0.5361,0.252,0.1477,0.031,0.031,0.5491,0.52,0.2397,0.1501,0.031,0.031,0.4248,0.4766,0.2466,0.1489,0.031,0.031,0.47,0.437,0.249,0.1489,0.031,0.031,0.394,0.4717,0.2593,0.1501,0.031,0.031,0.5095,0.4653,0.2588,0.144,0.031,0.031,0.4907,0.4185,0.2075,0.1501,0.031,0.031,0.4727,0.4819,0.2295,0.1501,0.031,0.031,0.606,0.5308,0.271,0.1465,0.031,0.031,0.6116,0.4819,0.2422,0.1501,0.031,0.031,0.5137,0.5293,0.2759,0.1282,0.031,0.031,0.4478,0.4702,0.2539,0.1501,0.031,0.031,0.5754,0.6924,0.249,0.1501,0.031,0.031,0.6462,0.4546,0.2808,0.1501,0.031,0.031,0.467,0.605,0.2324,0.1501,0.031,0.031,0.4998,0.3926,0.2759,0.1501,0.031,0.031,0.3623,0.4702,0.2515,0.1501,0.031,0.031,0.6289,0.5293,0.2808,0.1501,0.031,0.031,0.5747,0.5435,0.2197,0.2231,0.1489,0.031,0.031,0.4976,0.5859,0.2588,0.1501,0.031,0.031,0.4824,0.4438,0.2686,0.1489,0.031,0.031,0.4192,0.5703,0.2539,0.1501,0.031,0.031,0.5581,0.4551,0.2612,0.1477,0.031,0.031
0.6157,0.4302,0.4985,0.249,0.1501,0.031,0.031,0.5664,0.394,0.5605,0.2593,0.1501,0.031,0.031,0.6255,0.6396,0.2324,0.1501,0.031,0.031,0.4038,0.4507,0.2544,0.1489,0.031,0.031,0.5378,0.5439,0.2231,0.1501,0.031,0.031,0.6255,0.5313,0.271,0.1501,0.031,0.031,0.5386,0.3862,0.2783,0.1489,0.031,0.031,0.4448,0.5361,0.252,0.1477,0.031,0.031,0.5491,0.52,0.2397,0.1501,0.031,0.031,0.4248,0.4766,0.2466,0.1489,0.031,0.031,0.47,0.437,0.249,0.1489,0.031,0.031,0.394,0.4717,0.2593,0.1501,0.031,0.031,0.5095,0.4653,0.2588,0.144,0.031,0.031,0.4907,0.4185,0.2075,0.1501,0.031,0.031,0.4727,0.4819,0.2295,0.1501,0.031,0.031,0.606,0.5308,0.271,0.1465,0.031,0.031,0.6116,0.4819,0.2422,0.1501,0.031,0.031,0.5137,0.5293,0.2759,0.1282,0.031,0.031,0.4478,0.4702,0.2539,0.1501,0.031,0.031,0.5754,0.6924,0.249,0.1501,0.031,0.031,0.6462,0.4546,0.2808,0.1501,0.031,0.031,0.467,0.605,0.2324,0.1501,0.031,0.031,0.4998,0.3926,0.2759,0.1501,0.031,0.031,0.3623,0.4702,0.2515,0.1501,0.031,0.031,0.6289,0.5293,0.2808,0.1501,0.031,0.031,0.5747,0.5435,0.2197,0.2231,0.1489,0.031,0.031,0.4976,0.5859,0.2588,0.1501,0.031,0.031,0.4824,0.4438,0.2686,0.1489,0.031,0.031,0.4192,0.5703,0.2539,0.1501,0.031,0.031,0.5581,0.4551,0.2612,0.1477,0.031,0.031
0.6157,0.4302,0.4985,0.249,0.1501,0.031,0.031,0.5664,0.394,0.5605,0.2593,0.1501,0.031,0.031,0.6255,0.6396,0.2324,0.1501,0.031,0.031,0.4038,0.4507,0.2544,0.1489,0.031,0.031,0.5378,0.5439,0.2231,0.1501,0.031,0.031,0.6255,0.5313,0.271,0.1501,0.031,0.031,0.5386,0.3862,0.2783,0.1489,0.031,0.031,0.4448,0.5361,0.2539,0.1477,0.031,0.031,0.5491,0.52,0.2397,0.1501,0.031,0.031,0.4248,0.4766,0.2466,0.1489,0.031,0.031,0.47,0.437,0.249,0.1489,0.031,0.031,0.394,0.4717,0.2593,0.1501,0.031,0.031,0.5095,0.4653,0.2588,0.144,0.031,0.031,0.4907,0.4185,0.2075,0.1501,0.031,0.031,0.4727,0.4819,0.2295,0.1501,0.031,0.031,0.606,0.5308,0.271,0.1465,0.031,0.031,0.6116,0.4819,0.2422,0.1501,0.031,0.031,0.5137,0.5293,0.2759,0.1282,0.031,0.031,0.4478,0.4702,0.2539,0.1501,0.031,0.031,0.5754,0.6924,0.249,0.1501,0.031,0.031,0.6462,0.4546,0.2808,0.1501,0.031,0.031,0.467,0.605,0.2324,0.1501,0.031,0.031,0.4998,0.3926,0.2759,0.1501,0.031,0.031,0.3623,0.4702,0.2515,0.1501,0.031,0.031,0.6289,0.5293,0.2808,0.1501,0.031,0.031,0.5747,0.5435,0.2197,0.2231,0.1489,0.031,0.031,0.4976,0.5859,0.2588,0.1501,0.031,0.031,0.4824,0.4438,0.2686,0.1489,0.031,0.031,0.4192,0.5703,0.2539,0.1501,0.031,0.031,0.5581,0.4634,0.2612,0.1477,0.031,0.031
0.6157,0.4302,0.4985,0.249,0.1501,0.031,0.031,0.5664,0.394,0.5605,0.2593,0.1501,0.031,0.031,0.6255,0.6396,0.2324,0.1501,0.031,0.031,0.4038,0.4507,0.2544,0.1489,0.031,0.031,0.5378,0.5439,0.2231,0.1501,0.031,0.031,0.6255,0.5313,0.271,0.1501,0.031,0.031,0.5386,0.3862,0.2783,0.1489,0.031,0.031,0.4448,0.5361,0.2539,0.1477,0.031,0.031,0.5491,0.52,0.2397,0.1501,0.031,0.031,0.4248,0.4766,0.2466,0.1489,0.031,0.031,0.47,0.437,0.249,0.1489,0.031,0.031,0.394,0.4717,0.2593,0.1501,0.031,0.031,0.5095,0.4653,0.2588,0.144,0.031,0.031,0.4907,0.4185,0.2075,0.1501,0.031,0.031,0.4727,0.4819,0.2295,0.1501,0.031,0.031,0.606,0.5308,0.271,0.1465,0.031,0.031,0.6116,0.4819,0.2422,0.1501,0.031,0.031,0.5137,0.5293,0.2759,0.1282,0.031,0.031,0.4478,0.4702,0.2539,0.1501,0.031,0.031,0.5754,0.6924,0.249,0.1501,0.031,0.031,0.6462,0.4546,0.2808,0.1501,0.031,0.031,0.467,0.605,0.2324,0.1501,0.031,0.031,0.4998,0.3926,0.2759,0.1501,0.031,0.031,0.3623,0.4702,0.2515,0.1501,0.031,0.031,0.6289,0.5293,0.2808,0.1501,0.031,0.031,0.5747,0.5435,0.2197,0.2231,0.1489,0.031,0.031,0.4976,0.5859,0.2588,0.1501,0.031,0.031,0.4824,0.4438,0.2686,0.1489,0.031,0.031,0.4192,0.5703,0.2539,0.1501,0.031,0.031,0.5581,0.4634,0.2612,0.1477,0.031,0.031
0.6157,0.4302,0.4985,0.249,0.1501,0.031,0.031,0.5664,0.394,0.5605,0.2593,0.1501,0.031,0.031,0.6255,0.6396,0.2324,0.1501,0.031,0.031,0.4038,0.4507,0.2544,0.1489,0.031,0.031,0.5378,0.5439,0.2231,0.1501,0.031,0.031,0.6255,0.5313,0.271,0.1501,0.031,0.031,0.5386,0.3862,0.2783,0.1489,0.031,0.031,0.4448,0.5361,0.2539,0.1477,0.031,0.031,0.5491,0.52,0.2397,0.1501,0.031,0.031,0.4248,0.4766,0.2466,0.1489,0.031,0.031,0.47,0.437,0.249,0.1489,0.031,0.031,0.394,0.4717,0.2593,0.1501,0.031,0.031,0.5095,0.4653,0.2588,0.144,0.031,0.031,0.4915,0.4185,0.2075,0.1501,0.031,0.031,0.4727,0.4819,0.2295,0.1501,0.031,0.031,0.606,0.5308,0.271,0.1465,0.031,0.031,0.6116,0.4819,0.2422,0.1501,0.031,0.031,0.5137,0.5293,0.2759,0.1282,0.031,0.031,0.4478,0.4702,0.2539,0.1501,0.031,0.031,0.5754,0.6924,0.249,0.1501,0.031,0.031,0.6462,0.4546,0.2808,0.1501,0.031,0.031,0.467,0.605,0.2324,0.1501,0.031,0.031,0.4998,0.3926,0.2759,0.1501,0.031,0.031,0.3623,0.4702,0.2515,0.1501,0.031,0.031,0.6289,0.5293,0.2808,0.1501,0.031,0.031,0.5747,0.5435,0.2197,0.2231,0.1489,0.031,0.031,0.4976,0.5859,0.2588,0.1501,0.031,0.031,0.4824,0.4438,0.2686,0.1489,0.031,0.031,0.4192,0.5703,0.2539,0.1501,0.031,0.031,0.5581,0.4634,0.2612,0.1477,0.031,0.031
0.6157,0.4302,0.4985,0.249,0.1501,0.031,0.031,0.5664,0.394,0.5605,0.2593,0.1501,0.031,0.031,0.6255,0.6396,0.2324,0.1501,0.031,0.031,0.4038,0.4507,0.2544,0.1489,0.031,0.031,0.5378,0.5439,0.2231,0.1501,0.031,0.031,0.6255,0.5313,0.271,0.1501,0.031,0.031,0.5386,0.3862,0.2783,0.1489,0.031,0.031,0.4448,0.5361,0.2539,0.1477,0.031,0.031,0.5491,0.52,0.2397,0.1501,0.031,0.031,0.4248,0.4766,0.2466,0.1489,0.031,0.031,0.47,0.437,0.249,0.1489,0.031,0.031,0.394,0.4717,0.2593,0.1501,0.031,0.031,0.5095,0.4653,0.2588,0.144,0.031,0.031,0.4915,0.4185,0.2075,0.1501,0.031,0.031,0.4727,0.4819,0.2295,0.1501,0.031,0.031,0.606,0.5308,0.271,0.1465,0.031,0.031,0.6116,0.4819,0.2422,0.1501,0.031,0.031,0.5137,0.5293,0.2759,0.1282,0.031,0.031,0.4478,0.4702,0.2539,0.1501,0.031,0.031,0.5754,0.6924,0.249,0.1501,0.031,0.031,0.6462,0.4546,0.2808,0.1501,0.031,0.031,0.467,0.605,0.2324,0.1501,0.031,0.031,0.4998,0.3926,0.2759,0.1501,0.031,0.031,0.3623,0.4702,0.2515,0.1501,0.031,0.031,0.6289,0.5293,0.2808,0.1501,0.031,0.031,0.5747,0.5435,0.2197,0.2231,0.1489,0.031,0.031,0.4976,0.5859,0.2588,0.1501,0.031,0.031,0.4824,0.4438,0.2686,0.1489,0.031,0.031,0.4192,0.5703,0.2539,0.1501,0.031,0.031,0.5581,0.4634,0.2612,0.1477,0.031,0.031
0.6157,0.4302,0.4985,0.249,0.1501,0.031,0.031,0.5664,0.394,0.5605,0.2593,0.1501,0.031,0.031,0.6255,0.6396,0.2324,0.1501,0.031,0.031,0.4038,0.4507,0.2544,0.1489,0.031,0.031,0.5378,0.5439,0.2231,0.1501,0.031,0.031,0.6255,0.5313,0.271,0.1501,0.031,0.031,0.5386,0.3862,0.2783,0.1489,0.031,0.031,0.4448,0.5361,0.2539,0.1477,0.031,0.031,0.5491,0.52,0.2397,0.1501,0.031,0.031,0.4248,0.4766,0.2466,0.1489,0.031,0.031,0.47,0.437,0.249,0.1489,0.031,0.031,0.394,0.4717,0.2593,0.1501,0.031,0.031,0.5095,0.4653,0.2588,0.144,0.031,0.031,0.4915,0.4185,0.2075,0.1501,0.031,0.031,0.4727,0.4819,0.2295,0.1501,0.031,0.031,0.606,0.5308,0.271,0.1465,0.031,0.031,0.6116,0.4819,0.2422,0.1501,0.031,0.031,0.5137,0.5293,0.2759,0.1282,0.031,0.031,0.4478,0.4702,0.2539,0.1501,0.031,0.031,0.5754,0.6924,0.249,0.1501,0.031,0.031,0.6462,0.4546,0.2808,0.1501,0.031,0.031,0.467,0.605,0.2324,0.1501,0.031,0.031,0.4998,0.3926,0.2759,0.1501,0.031,0.031,0.3623,0.4702,0.2515,0.1501,0.031,0.031,0.6289,0.5293,0.2808,0.1501,0.031,0.031,0.5747,0.5435,0.2197,0.2231,0.1489,0.031,0.031,0.4976,0.5859,0.2588,0.1501,0.031,0.031,0.4824,0.4438,0.2686,0.1489,0.031,0.031,0.4192,0.5703,0.2539,0.1501,0.031,0.031,0.5581,0.4634,0.2612,0.1477,0.031,0.031
0.6157,0.4302,0.4985,0.249,0.1501,0.031,0.031,0.5664,0.394,0.5605,0.2593,0.1501,0.031,0.031,0.6255,0.6396,0.2324,0.1501,0.031,0.031,0.4038,0.4507,0.2544,0.1489,0.031,0.031,0.5378,0.5439,0.2231,0.1501,0.031,0.031,0.6255,0.5313,0.271,0.1501,0.031,0.031,0.5386,0.3862,0.2783,0.1489,0.031,0.031,0.4448,0.5361,0.2539,0.1477,0.031,0.031,0.5491,0.52,0.2397,0.1501,0.031,0.031,0.4248,0.4766,0.2466,0.1489,0.031,0.031,0.47,0.437,0.249,0.1489,0.031,0.031,0.394,0.4717,0.2593,0.1501,0.031,0.031,0.5095,0.4653,0.2588,0.144,0.031,0.031,0.4915,0.4185,0.2075,0.1501,0.031,0.031,0.4727,0.4819,0.2295,0.1501,0.031,0.031,0.606,0.5308,0.271,0.1465,0.031,0.031,0.6116,0.4819,0.2422,0.1501,0.031,0.031,0.5137,0.5293,0.2759,0.1282,0.031,0.031,0.4478,0.4702,0.2539,0.1501,0.031,0.031,0.5754,0.6924,0.249,0.1501,0.031,0.031,0.6462,0.4546,0.2808,0.1501,0.031,0.031,0.467,0.605,0.2324,0.1501,0.031,0.031,0.4998,0.3926,0.2759,0.1501,0.031,0.031,0.3623,0.4702,0.2515,0.1501,0.031,0.031,0.6289,0.5293,0.2808,0.1501,0.031,0.031,0.5747,0.5435,0.2197,0.2231,0.1489,0.031,0.031,0.4976,0.5859,0.2588,0.1501,0.031,0.031,0.4824,0.4438,0.2686,0.1489,0.031,0.031,0.4192,0.5703,0.2539,0.1501,0.031,0.031,0.5581,0.4634,0.2612,0.1477,0.031,0.031
0.6157,0.4302,0.4985,0.249,0.1501,0.031,0.031,0.5664,0.394,0.5605,0.2593,0.1501,0.031,0.031,0.6255,0.6396,0.2324,0.1501,0.031,0.031,0.4038,0.4507,0.2544,0.1489,0.031,0.031,0.5378,0.5439,0.2231,0.1501,0.031,0.031,0.6255,0.5313,0.271,0.1501,0.031,0.031,0.5386,0.3862,0.2783,0.1489,0.031,0.031,0.4448,0.5361,0.2539,0.1477,0.031,0.031,0.5491,0.52,0.2397,0.1501,0.031,0.031,0.4248,0.4766,0.2466,0.1489,0.031,0.031,0.47,0.437,0.249,0.1489,0.031,0.031,0.394,0.4717,0.2593,0.1501,0.031,0.031,0.5095,0.4653,0.2588,0.144,0.031,0.031,0.4915,0.4185,0.2075,0.1501,0.031,0.031,0.4727,0.4819,0.2295,0.1501,0.031,0.031,0.606,0.5308,0.271,0.1465,0.031,0.031,0.6116,0.4819,0.2422,0.1501,0.031,0.031,0.5137,0.5293,0.2759,0.1282,0.031,0.031,0.4478,0.4702,0.2539,0.1501,0.031,0.031,0.5754,0.6924,0.249,0.1501,0.031,0.031,0.6462,0.4546,0.2808,0.1501,0.031,0.031,0.467,0.605,0.2324,0.1501,0.031,0.031,0.4998,0.3926,0.2759,0.1501,0.031,0.031,0.3623,0.4702,0.2515,0.1501,0.031,0.031,0.6289,0.5293,0.2808,0.1501,0.031,0.031,0.5747,0.5435,0.2197,0.2231,0.1489,0.031,0.031,0.4976,0.5859,0.2588,0.1501,0.031,0.031,0.4824,0.4438,0.2686,0.1489,0.031,0.031,0.4192,0.5703,0.2539,0.1501,0.031,0.031,0.5581,0.4634,0.2612,0.1477,0.031,0.031
0.6157,0.4302,0.4985,0.249,0.1501,0.031,0.031,0.5664,0.394,0.5605,0.2593,0.1501,0.031,0.031,0.6255,0.6396,0.2324,0.1501,0.031,0.031,0.4038,0.4507,0.2544,0.1489,0.031,0.031,0.5378,0.5439,0.2231,0.1501,0.031,0.031,0.6255,0.5313,0.271,0.1501,0.031,0.031,0.5386,0.3862,0.2783,0.1489,0.031,0.031,0.4448,0.5361,0.2539,0.1477,0.031,0.031,0.5491,0.52,0.2397,0.1501,0.031,0.031,0.4248,0.4766,0.2466,0.1489,0.031,0.031,0.47,0.437,0.249,0.1489,0.031,0.031,0.394,0.4717,0.2593,0.1501,0.031,0.031,0.5095,0.4653,0.2588,0.144,0.031,0.031,0.4915,0.4185,0.2075,0.1501,0.031,0.031,0.4727,0.4819,0.2295,0.1501,0.031,0.031,0.606,0.5308,0.271,0.1465,0.031,0.031,0.6116,0.4819,0.2422,0.1501,0.031,0.031,0.5137,0.5293,0.2759,0.1282,0.031,0.031,0.4478,0.4702,0.2539,0.1501,0.031,0.031,0.5754,0.6924,0.249,0.1501,0.031,0.031,0.6462,0.4546,0.2808,0.1501,0.031,0.031,0.467,0.605,0.2324,0.1501,0.031,0.031,0.4998,0.3926,0.2759,0.1501,0.031,0.031,0.3623,0.4702,0.2515,0.1501,0.031,0.031,0.6289,0.5293,0.2808,0.1501,0.031,0.031,0.5747,0.5435,0.2197,0.2231,0.1489,0.031,0.031,0.4976,0.5859,0.2588,0.1501,0.031,0.031,0.4824,0.4438,0.2686,0.1489,0.031,0.031,0.4192,0.5703,0.2539,0.1501,0.031,0.031,0.5581,0.4634,0.2612,0.1477,0.031,0.031
0.6157,0.4302,0.4985,0.249,0.1501,0.031,0.031,0.5664,0.394,0.5605,0.2593,0.1501,0.031,0.031,0.6255,0.6396,0.2324,0.1501,0.031,0.031,0.4038,0.4507,0.2544,0.1489,0.031,0.031,0.5378,0.5439,0.2231,0.1501,0.031,0.031,0.6255,0.5313,0.271,0.1501,0.031,0.031,0.5386,0.3862,0.2783,0.1489,0.031,0.031,0.4448,0.5361,0.2539,0.1477,0.031,0.031,0.5491,0.52,0.2397,0.1501,0.031,0.031,0.4248,0.4766,0.2466,0.1489,0.031,0.031,0.47,0.437,0.249,0.1489,0.031,0.031,0.394,0.4717,0.2593,0.1501,0.031,0.031,0.5095,0.4653,0.2588,0.1453,0.031,0.031,0.4915,0.4185,0.2075,0.1501,0.031,0.031,0.4727,0.4819,0.2295,0.1501,0.031,0.031,0.606,0.5308,0.271,0.1465,0.031,0.031,0.6116,0.4819,0.2422,0.1501,0.031,0.031,0.5137,0.5293,0.2759,0.1282,0.031,0.031,0.4478,0.4702,0.2539,0.1501,0.031,0.031,0.5754,0.6924,0.249,0.1501,0.031,0.031,0.6462,0.4546,0.2808,0.1501,0.031,0.031,0.467,0.605,0.2324,0.1501,0.031,0.031,0.4998,0.3926,0.2759,0.1501,0.031,0.031,0.3623,0.4702,0.2515,0.1501,0.031,0.031,0.6289,0.5293,0.2808,0.1501,0.031,0.031,0.5747,0.5435,0.2197,0.2231,0.1489,0.031,0.031,0.4976,0.5859,0.2588,0.1501,0.031,0.031,0.4824,0.4438,0.2686,0.1489,0.031,0.031,0.4192,0.5703,0.2539,0.1501,0.031,0.031,0.5581,0.4634,0.2661,0.1477,0.031,0.031
0.6157,0.4302,0.4985,0.249,0.1501,0.031,0.031,0.5664,0.394,0.5605,0.2593,0.1501,0.031,0.031,0.6255,0.6396,0.2324,0.1501,0.031,0.031,0.4038,0.4507,0.2544,0.1489,0.031,0.031,0.5378,0.5439,0.2231,0.1501,0.031,0.031,0.6255,0.5313,0.271,0.1501,0.031,0.031,0.5386,0.3862,0.2783,0.1489,0.031,0.031,0.4448,0.5361,0.2539,0.1477,0.031,0.031,0.5491,0.52,0.2397,0.1501,0.031,0.031,0.4248,0.4766,0.2466,0.1489,0.031,0.031,0.47,0.437,0.249,0.1489,0.031,0.031,0.394,0.4717,0.2593,0.1501,0.031,0.031,0.5095,0.4653,0.2588,0.1453,0.031,0.031,0.4915,0.4185,0.2075,0.1501,0.031,0.031,0.4727,0.4819,0.2295,0.1501,0.031,0.031,0.606,0.5308,0.271,0.1465,0.031,0.031,0.6116,0.4819,0.2422,0.1501,0.031,0.031,0.5137,0.5293,0.2759,0.1282,0.031,0.031,0.4478,0.4702,0.2539,0.1501,0.031,0.031,0.5754,0.6924,0.249,0.1501,0.031,0.031,0.6462,0.4546,0.2808,0.1501,0.031,0.031,0.467,0.605,0.2324,0.1501,0.031,0.031,0.4998,0.3926,0.2759,0.1501,0.031,0.031,0.3623,0.4702,0.2515,0.1501,0.031,0.031,0.6289,0.5293,0.2808,0.1501,0.031,0.031,0.5747,0.5435,0.2197,0.2231,0.1489,0.031,0.031,0.4976,0.5859,0.2588,0.1501,0.031,0.031,0.4824,0.4438,0.2686,0.1489,0.031,0.031,0.4192,0.5703,0.2539,0.1501,0.031,0.031,0.5581,0.4634,0.2661,0.1477,0.031,0.031
0.6157,0.4302,0.4985,0.249,0.1501,0.031,0.031,0.5664,0.394,0.5605,0.2593,0.1501,0.031,0.031,0.6255,0.6396,0.2324,0.1501,0.031,0.031,0.4038,0.4507,0.2544,0.1489,0.031,0.031,0.5378,0.5439,0.2231,0.1501,0.031,0.031,0.6255,0.5313,0.271,0.1501,0.031,0.031,0.5386,0.3862,0.2783,0.1489,0.031,0.031,0.4448,0.5361,0.2539,0.1477,0.031,0.031,0.5491,0.52,0.2397,0.1501,0.031,0.031,0.4248,0.4766,0.2466,0.1489,0.031,0.031,0.47,0.437,0.249,0.1489,0.031,0.031,0.394,0.4717,0.2593,0.1501,0.031,0.031,0.5095,0.4653,0.2588,0.1453,0.031,0.031,0.4915,0.4185,0.2075,0.1501,0.031,0.031,0.4727,0.4819,0.2295,0.1501,0.031,0.031,0.606,0.5308,0.271,0.1465,0.031,0.031,0.6116,0.4819,0.2422,0.1501,0.031,0.031,0.5137,0.5293,0.2759,0.1282,0.031,0.031,0.4478,0.4702,0.2539,0.1501,0.031,0.031,0.5754,0.6924,0.249,0.1501,0.031,0.031,0.6462,0.4546,0.2808,0.1501,0.031,0.031,0.467,0.605,0.2324,0.1501,0.031,0.031,0.4998,0.3926,0.2759,0.1501,0.031,0.031,0.3623,0.4702,0.2515,0.1501,0.031,0.031,0.6289,0.5293,0.2808,0.1501,0.031,0.031,0.5747,0.5435,0.2197,0.2231,0.1489,0.031,0.031,0.4976,0.5859,0.2588,0.1501,0.031,0.031,0.4824,0.4438,0.2686,0.1489,0.031,0.031,0.4192,0.5703,0.2539,0.1501,0.031,0.031,0.5581,0.4634,0.2661,0.1477,0.031,0.031
0.6157,0.4302,0.4985,0.249,0.1501,0.031,0.031,0.5664,0.394,0.5605,0.2593,0.1501,0.031,0.031,0.6255,0.6396,0.2324,0.1501,0.031,0.031,0.4038,0.4507,0.2544,0.1489,0.031,0.031,0.5378,0.5439,0.2231,0.1501,0.031,0.031,0.6255,0.5313,0.271,0.1501,0.031,0.031,0.5386,0.3862,0.2783,0.1489,0.031,0.031,0.4448,0.5361,0.2539,0.1477,0.031,0.031,0.5491,0.52,0.2397,0.1501,0.031,0.031,0.4248,0.4766,0.2466,0.1489,0.031,0.031,0.47,0.437,0.249,0.1489,0.031,0.031,0.394,0.4717,0.2593,0.1501,0.031,0.031,0.5095,0.4653,0.2588,0.1453,0.031,0.031,0.4915,0.4185,0.2075,0.1501,0.031,0.031,0.4727,0.4819,0.2295,0.1501,0.031,0.031,0.606,0.5308,0.271,0.1465,0.031,0.031,0.6116,0.4819,0.2422,0.1501,0.031,0.031,0.5137,0.5293,0.2759,0.1282,0.031,0.031,0.4478,0.4702,0.2539,0.1501,0.031,0.031,0.5754,0.6924,0.249,0.1501,0.031,0.031,0.6462,0.4546,0.2808,0.1501,0.031,0.031,0.467,0.605,0.2324,0.1501,0.031,0.031,0.4998,0.3926,0.2759,0.1501,0.031,0.031,0.3623,0.4702,0.2515,0.1501,0.031,0.031,0.6289,0.5293,0.2808,0.1501,0.031,0.031,0.5747,0.5435,0.2197,0.2231,0.1489,0.031,0.031,0.4976,0.5859,0.2588,0.1501,0.031,0.031,0.4824,0.4438,0.2686,0.1489,0.031,0.031,0.4192,0.5703,0.2539,0.1501,0.031,0.031,0.5581,0.4634,0.2661,0.1477,0.031,0.031
0.6157,0.4302,0.4985,0.249,0.1501,0.031,0.031,0.5664,0.394,0.5605,0.2593,0.1501,0.031,0.031,0.6255,0.6396,0.2324,0.1501,0.031,0.031,0.4038,0.4507,0.2544,0.1489,0.031,0.031,0.5378,0.5439,0.2231,0.1501,0.031,0.031,0.6255,0.5313,0.271,0.1501,0.031,0.031,0.5386,0.3862,0.2783,0.1489,0.031,0.031,0.4448,0.5361,0.2539,0.1477,0.031,0.031,0.5491,0.52,0.2397,0.1501,0.031,0.031,0.4248,0.4766,0.2466,0.1489,0.031,0.031,0.47,0.437,0.249,0.1489,0.031,0.031,0.394,0.4717,0.2593,0.1501,0.031,0.031,0.5095,0.4653,0.2588,0.1453,0.031,0.031,0.4915,0.4185,0.2075,0.1501,0.031,0.031,0.4727,0.4819,0.2295,0.1501,0.031,0.031,0.606,0.5308,0.271,0.1465,0.031,0.031,0.6116,0.4819,0.2422,0.1501,0.031,0.031,0.5137,0.5293,0.2759,0.1282,0.031,0.031,0.4478,0.4702,0.2539,0.1501,0.031,0.031,0.5754,0.6924,0.249,0.1501,0.031,0.031,0.6462,0.4546,0.2808,0.1501,0.031,0.031,0.467,0.605,0.2324,0.1501,0.031,0.031,0.4998,0.3926,0.2759,0.1501,0.031,0.031,0.3623,0.4702,0.2515,0.1501,0.031,0.031,0.6289,0.5293,0.2808,0.1501,0.031,0.031,0.5747,0.5435,0.2197,0.2231,0.1489,0.031,0.031,0.4976,0.5859,0.2588,0.1501,0.031,0.031,0.4824,0.4438,0.2686,0.1489,0.031,0.031,0.4192,0.5703,0.2539,0.1501,0.031,0.031,0.5581,0.4634,0.2661,0.1477,0.031,0.031
0.6157,0.4302,0.4985,0.249,0.1501,0.031,0.031,0.5664,0.394,0.5605,0.2593,0.1501,0.031,0.031,0.6255,0.6396,0.2324,0.1501,0.031,0.031,0.4038,0.4507,0.2544,0.1501,0.031,0.031,0.5378,0.5439,0.2231,0.1501,0.031,0.031,0.6255,0.5313,0.271,0.1501,0.031,0.031,0.5386,0.3862,0.2783,0.1489,0.031,0.031,0.4448,0.5361,0.2539,0.1477,0.031,0.031,0.5491,0.52,0.2397,0.1501,0.031,0.031,0.4248,0.4766,0.2466,0.1489,0.031,0.031,0.47,0.437,0.249,0.1489,0.031,0.031,0.394,0.4717,0.2593,0.1501,0.031,0.031,0.5095,0.4653,0.2588,0.1453,0.031,0.031,0.4915,0.4185,0.2075,0.1501,0.031,0.031,0.4727,0.4819,0.2295,0.1501,0.031,0.031,0.606,0.5308,0.271,0.1465,0.031,0.031,0.6116,0.4819,0.2422,0.1501,0.031,0.031,0.5137,0.5293,0.2759,0.1282,0.031,0.031,0.4478,0.4702,0.2539,0.1501,0.031,0.031,0.5754,0.6924,0.249,0.1501,0.031,0.031,0.6462,0.4546,0.2808,0.1501,0.031,0.031,0.467,0.605,0.2324,0.1501,0.031,0.031,0.4998,0.3926,0.2759,0.1501,0.031,0.031,0.3623,0.4702,0.2515,0.1501,0.031,0.031,0.6289,0.5293,0.2808,0.1501,0.031,0.031,0.5747,0.5435,0.2197,0.2231,0.1489,0.031,0.031,0.4976,0.5859,0.2588,0.1501,0.031,0.031,0.4824,0.4438,0.2686,0.1489,0.031,0.031,0.4192,0.5703,0.2539,0.1501,0.031,0.031,0.5581,0.4634,0.2661,0.1477,0.031,0.031
0.6157,0.4302,0.4985,0.249,0.1501,0.031,0.031,0.5664,0.394,0.5605,0.2593,0.1501,0.031,0.031,0.6255,0.6396,0.2324,0.1501,0.031,0.031,0.4038,0.4507,0.2544,0.1501,0.031,0.031,0.5378,0.5439,0.2231,0.1501,0.031,0.031,0.6255,0.5313,0.271,0.1501,0.031,0.031,0.5386,0.3862,0.2783,0.1489,0.031,0.031,0.4448,0.5361,0.2539,0.1477,0.031,0.031,0.5491,0.52,0.2397,0.1501,0.031,0.031,0.4248,0.4766,0.2466,0.1489,0.031,0.031,0.47,0.437,0.249,0.1489,0.031,0.031,0.394,0.4717,0.2593,0.1501,0.031,0.031,0.5095,0.4653,0.2588,0.1453,0.031,0.031,0.4915,0.4185,0.2075,0.1501,0.031,0.031,0.4727,0.4819,0.2295,0.1501,0.031,0.031,0.606,0.5308,0.271,0.1465,0.031,0.031,0.6116,0.4819,0.2422,0.1501,0.031,0.031,0.5137,0.5293,0.2759,0.1282,0.031,0.031,0.4478,0.4702,0.2539,0.1501,0.031,0.031,0.5754,0.6924,0.249,0.1501,0.031,0.031,0.6462,0.4546,0.2808,0.1501,0.031,0.031,0.467,0.605,0.2324,0.1501,0.031,0.031,0.4998,0.3926,0.2759,0.1501,0.031,0.031,0.3623,0.4702,0.2515,0.1501,0.031,0.031,0.6289,0.5293,0.2808,0.1501,0.031,0.031,0.5747,0.5435,0.2197,0.2231,0.1489,0.031,0.031,0.4976,0.5859,0.2588,0.1501,0.031,0.031,0.4824,0.4438,0.2686,0.1489,0.031,0.031,0.4192,0.5703,0.2539,0.1501,0.031,0.031,0.5581,0.4634,0.2661,0.1477,0.031,0.031
0.6157,0.4302,0.4985,0.249,0.1501,0.031,0.031,0.5664,0.394,0.5605,0.2593,0.1501,0.031,0.031,0.6255,0.6396,0.2324,0.1501,0.031,0.031,0.4038,0.4507,0.2544,0.1501,0.031,0.031,0.5378,0.5439,0.2231,0.1501,0.031,0.031,0.6255,0.5313,0.271,0.1501,0.031,0.031,0.5386,0.3862,0.2783,0.1489,0.031,0.031,0.4448,0.5361,0.2539,0.1477,0.031,0.031,0.5491,0.52,0.2397,0.1501,0.031,0.031,0.4248,0.4766,0.2466,0.1489,0.031,0.031,0.47,0.437,0.249,0.1489,0.031,0.031,0.394,0.4717,0.2593,0.1501,0.031,0.031,0.5095,0.4653,0.2588,0.1453,0.031,0.031,0.4915,0.4185,0.2075,0.1501,0.031,0.031,0.4727,0.4819,0.2295,0.1501,0.031,0.031,0.606,0.5308,0.271,0.1465,0.031,0.031,0.6116,0.4819,0.2422,0.1501,0.031,0.031,0.5137,0.5293,0.2759,0.1282,0.031,0.031,0.4478,0.4702,0.2539,0.1501,0.031,0.031,0.5754,0.6924,0.249,0.1501,0.031,0.031,0.6462,0.4546,0.2808,0.1501,0.031,0.031,0.467,0.605,0.2324,0.1501,0.031,0.031,0.4998,0.3926,0.2759,0.1501,0.031,0.031,0.3623,0.4702,0.2515,0.1501,0.031,0.031,0.6289,0.5293,0.2808,0.1501,0.031,0.031,0.5747,0.5435,0.2197,0.2231,0.1489,0.031,0.031,0.4976,0.5859,0.2588,0.1501,0.031,0.031,0.4824,0.4438,0.2686,0.1489,0.031,0.031,0.4192,0.5703,0.2539,0.1501,0.031,0.031,0.5581,0.4634,0.2661,0.1477,0.031,0.031
0.6157,0.4302,0.4985,0.249,0.1501,0.031,0.031,0.5664,0.394,0.5605,0.2593,0.1501,0.031,0.031,0.6255,0.6396,0.2324,0.1501,0.031,0.031,0.4038,0.4507,0.2544,0.1501,0.031,0.031,0.5378,0.5439,0.2231,0.1501,0.031,0.031,0.6255,0.5313,0.271,0.1501,0.031,0.031,0.5386,0.3862,0.2783,0.1489,0.031,0.031,0.4448,0.5361,0.2539,0.1477,0.031,0.031,0.5491,0.52,0.2397,0.1501,0.031,0.031,0.4248,0.4766,0.2466,0.1489,0.031,0.031,0.47,0.437,0.249,0.1489,0.031,0.031,0.394,0.4717,0.2593,0.1501,0.031,0.031,0.5095,0.4653,0.2588,0.1453,0.031,0.031,0.4915,0.4185,0.2075,0.1501,0.031,0.031,0.4727,0.4819,0.2295,0.1501,0.031,0.031,0.606,0.5308,0.271,0.1465,0.031,0.031,0.6116,0.4819,0.2422,0.1501,0.031,0.031,0.5137,0.5293,0.2759,0.1282,0.031,0.031,0.4478,0.4702,0.2539,0.1501,0.031,0.031,0.5754,0.6924,0.249,0.1501,0.031,0.031,0.6462,0.4546,0.2808,0.1501,0.031,0.031,0.467,0.605,0.2324,0.1501,0.031,0.031,0.4998,0.3926,0.2759,0.1501,0.031,0.031,0.3623,0.4702,0.2515,0.1501,0.031,0.031,0.6289,0.5293,0.2808,0.1501,0.031,0.031,0.5747,0.5435,0.2197,0.2231,0.1489,0.031,0.031,0.4976,0.5859,0.2588,0.1501,0.031,0.031,0.4824,0.4438,0.2686,0.1489,0.031,0.031,0.4192,0.5703,0.2539,0.1501,0.031,0.031,0.5581,0.4634,0.2661,0.1477,0.031,0.031
0.6157,0.4302,0.4985,0.249,0.1501,0.031,0.031,0.5664,0.394,0.5605,0.2593,0.1501,0.031,0.031,0.6255,0.6396,0.2324,0.1501,0.031,0.031,0.4038,0.4507,0.2544,0.1501,0.031,0.031,0.5378,0.5439,0.2231,0.1501,0.031,0.031,0.6255,0.5313,0.271,0.1501,0.031,0.031,0.5386,0.3862,0.2783,0.1489,0.031,0.031,0.4448,0.5361,0.2539,0.1477,0.031,0.031,0.5491,0.52,0.2397,0.1501,0.031,0.031,0.4248,0.4766,0.2466,0.1489,0.031,0.031,0.47,0.437,0.249,0.1489,0.031,0.031,0.394,0.4717,0.2593,0.1501,0.031,0.031,0.5095,0.4653,0.2588,0.1453,0.031,0.031,0.4915,0.4185,0.2075,0.1501,0.031,0.031,0.4727,0.4819,0.2295,0.1501,0.031,0.031,0.606,0.5308,0.271,0.1465,0.031,0.031,0.6116,0.4819,0.2422,0.1501,0.031,0.031,0.5137,0.5293,0.2759,0.1282,0.031,0.031,0.4478,0.4702,0.2539,0.1501,0.031,0.031,0.5754,0.6924,0.249,0.1501,0.031,0.031,0.6462,0.4546,0.2808,0.1501,0.031,0.031,0.467,0.605,0.2324,0.1501,0.031,0.031,0.4998,0.3926,0.2759,0.1501,0.031,0.031,0.3623,0.4702,0.2515,0.1501,0.031,0.031,0.6289,0.5293,0.2808,0.1501,0.031,0.031,0.5747,0.5435,0.2197,0.2231,0.1489,0.031,0.031,0.4976,0.5859,0.2588,0.1501,0.031,0.031,0.4824,0.4438,0.2686,0.1489,0.031,0.031,0.4192,0.5703,0.2539,0.1501,0.031,0.031,0.5581,0.4634,0.2661,0.1477,0.031,0.031
0.6157,0.4302,0.4985,0.249,0.1501,0.031,0.031,0.5664,0.394,0.5605,0.2593,0.1501,0.031,0.031,0.6255,0.6396,0.2324,0.1501,0.031,0.031,0.4038,0.4507,0.2544,0.1501,0.031,0.031,0.5378,0.5439,0.2231,0.1501,0.031,0.031,0.6255,0.5313,0.271,0.1501,0.031,0.031,0.5386,0.3862,0.2783,0.1489,0.031,0.031,0.4448,0.5361,0.2539,0.1477,0.031,0.031,0.5491,0.52,0.2397,0.1501,0.031,0.031,0.4248,0.4766,0.2466,0.1489,0.031,0.031,0.47,0.437,0.249,0.1489,0.031,0.031,0.394,0.4717,0.2593,0.1501,0.031,0.031,0.5095,0.4653,0.2588,0.1453,0.031,0.031,0.4915,0.4185,0.2075,0.1501,0.031,0.031,0.4727,0.4819,0.2295,0.1501,0.031,0.031,0.606,0.5308,0.271,0.1465,0.031,0.031,0.6116,0.4819,0.2422,0.1501,0.031,0.031,0.5137,0.5293,0.2759,0.1282,0.031,0.031,0.4478,0.4702,0.2539,0.1501,0.031,0.031,0.5754,0.6924,0.249,0.1501,0.031,0.031,0.6462,0.4546,0.2808,0.1501,0.031,0.031,0.467,0.605,0.2324,0.1501,0.031,0.031,0.4998,0.3926,0.2759,0.1501,0.031,0.031,0.3623,0.4702,0.2515,0.1501,0.031,0.031,0.6289,0.5293,0.2808,0.1501,0.031,0.031,0.5747,0.5435,0.2197,0.2231,0.1489,0.031,0.031,0.4976,0.5859,0.2588,0.1501,0.031,0.031,0.4824,0.4438,0.2686,0.1489,0.031,0.031,0.4192,0.5703,0.2539,0.1501,0.031,0.031,0.5581,0.4634,0.2661,0.1477,0.031,0.031
0.6157,0.4302,0.4985,0.249,0.1501,0.031,0.031,0.5664,0.394,0.5605,0.2593,0.1501,0.031,0.031,0.6255,0.6396,0.2324,0.1501,0.031,0.031,0.4038,0.4507,0.2544,0.1501,0.031,0.031,0.5378,0.5439,0.2231,0.1501,0.031,0.031,0.6255,0.5313,0.271,0.1501,0.031,0.031,0.5386,0.3862,0.2783,0.1489,0.031,0.031,0.4448,0.5361,0.2539,0.1477,0.031,0.031,0.5491,0.52,0.2397,0.1501,0.031,0.031,0.4248,0.4766,0.2466,0.1489,0.031,0.031,0.47,0.437,0.249,0.1489,0.031,0.031,0.394,0.4717,0.2593,0.1501,0.031,0.031,0.5095,0.4653,0.2588,0.1453,0.031,0.031,0.4915,0.4185,0.2075,0.1501,0.031,0.031,0.4727,0.4819,0.2295,0.1501,0.031,0.031,0.606,0.5308,0.271,0.1465,0.031,0.031,0.6116,0.4819,0.2422,0.1501,0.031,0.031,0.5137,0.5293,0.2759,0.1282,0.031,0.031,0.4478,0.4702,0.2539,0.1501,0.031,0.031,0.5754,0.6924,0.249,0.1501,0.031,0.031,0.6462,0.4546,0.2808,0.1501,0.031,0.031,0.467,0.605,0.2324,0.1501,0.031,0.031,0.4998,0.3926,0.2759,0.1501,0.031,0.031,0.3623,0.4702,0.2515,0.1501,0.031,0.031,0.6289,0.5293,0.2808,0.1501,0.031,0.031,0.5747,0.5435,0.2197,0.2231,0.1489,0.031,0.031,0.4976,0.5859,0.2588,0.1501,0.031,0.031,0.4824,0.4438,0.2686,0.1489,0.031,0.031,0.4192,0.5703,0.2539,0.1501,0.031,0.031,0.5581,0.4634,0.2661,0.1477,0.031,0.031
0.6157,0.4302,0.4985,0.249,0.1501,0.031,0.031,0.5664,0.394,0.5605,0.2593,0.1501,0.031,0.031,0.6255,0.6396,0.2324,0.1501,0.031,0.031,0.4038,0.4507,0.2544,0.1501,0.031,0.031,0.5378,0.5439,0.2231,0.1501,0.031,0.031,0.6255,0.5313,0.271,0.1501,0.031,0.031,0.5386,0.3862,0.2783,0.1489,0.031,0.031,0.4448,0.5361,0.2539,0.1477,0.031,0.031,0.5491,0.52,0.2397,0.1501,0.031,0.031,0.4248,0.4766,0.2466,0.1489,0.031,0.031,0.47,0.437,0.249,0.1489,0.031,0.031,0.394,0.4717,0.2593,0.1501,0.031,0.031,0.5095,0.4653,0.2759,0.1453,0.031,0.031,0.4915,0.4185,0.2075,0.1501,0.031,0.031,0.4727,0.4819,0.2295,0.1501,0.031,0.031,0.606,0.5308,0.271,0.1465,0.031,0.031,0.6116,0.4819,0.2422,0.1501,0.031,0.031,0.5137,0.5293,0.2759,0.1282,0.031,0.031,0.4478,0.4702,0.2539,0.1501,0.031,0.031,0.5754,0.6924,0.249,0.1501,0.031,0.031,0.6462,0.4546,0.2808,0.1501,0.031,0.031,0.467,0.605,0.2324,0.1501,0.031,0.031,0.4998,0.3926,0.2759,0.1501,0.031,0.031,0.3623,0.4702,0.2515,0.1501,0.031,0.031,0.6289,0.5293,0.2808,0.1501,0.031,0.031,0.5747,0.5435,0.2197,0.2231,0.1489,0.031,0.031,0.4976,0.5859,0.2588,0.1501,0.031,0.031,0.4824,0.4438,0.271,0.1489,0.031,0.031,0.4192,0.5703,0.2539,0.1501,0.031,0.031,0.5581,0.4634,0.2661,0.1477,0.031,0.031
0.6157,0.4302,0.4985,0.249,0.1501,0.031,0.031,0.5664,0.394,0.5605,0.2593,0.1501,0.031,0.031,0.6255,0.6396,0.2324,0.1501,0.031,0.031,0.4038,0.4507,0.2544,0.1501,0.031,0.031,0.5378,0.5439,0.2231,0.1501,0.031,0.031,0.6255,0.5313,0.271,0.1501,0.031,0.031,0.5386,0.3862,0.2783,0.1489,0.031,0.031,0.4448,0.5361,0.2539,0.1477,0.031,0.031,0.5491,0.52,0.2397,0.1501,0.031,0.031,0.4248,0.4766,0.2466,0.1489,0.031,0.031,0.47,0.437,0.249,0.1489,0.031,0.031,0.394,0.4717,0.2593,0.1501,0.031,0.031,0.5095,0.4653,0.2759,0.1453,0.031,0.031,0.4915,0.4185,0.2075,0.1501,0.031,0.031,0.4727,0.4819,0.2295,0.1501,0.031,0.031,0.606,0.5308,0.271,0.1465,0.031,0.031,0.6116,0.4819,0.2422,0.1501,0.031,0.031,0.5137,0.5293,0.2759,0.1282,0.031,0.031,0.4478,0.4702,0.2539,0.1501,0.031,0.031,0.5754,0.6924,0.249,0.1501,0.031,0.031,0.6462,0.4546,0.2808,0.1501,0.031,0.031,0.467,0.605,0.2324,0.1501,0.031,0.031,0.4998,0.3926,0.2759,0.1501,0.031,0.031,0.3623,0.4702,0.2515,0.1501,0.031,0.031,0.6289,0.5293,0.2808,0.1501,0.031,0.031,0.5747,0.5435,0.2197,0.2231,0.1489,0.031,0.031,0.4976,0.5859,0.2588,0.1501,0.031,0.031,0.4824,0.4438,0.271,0.1489,0.031,0.031,0.4192,0.5703,0.2539,0.1501,0.031,0.031,0.5581,0.4634,0.2661,0.1477,0.031,0.031
0.6157,0.4302,0.4985,0.249,0.1501,0.031,0.031,0.5664,0.394,0.5605,0.2593,0.1501,0.031,0.031,0.6255,0.6396,0.2324,0.1501,0.031,0.031,0.4038,0.4507,0.2544,0.1501,0.031,0.031,0.5378,0.5439,0.2231,0.1501,0.031,0.031,0.6255,0.5313,0.271,0.1501,0.031,0.031,0.5386,0.3862,0.2783,0.1489,0.031,0.031,0.4448,0.5361,0.2539,0.1477,0.031,0.031,0.5491,0.52,0.2397,0.1501,0.031,0.031,0.4248,0.4766,0.2466,0.1489,0.031,0.031,0.47,0.437,0.249,0.1489,0.031,0.031,0.394,0.4717,0.2593,0.1501,0.031,0.031,0.5095,0.4653,0.2759,0.1453,0.031,0.031,0.5129,0.4185,0.2075,0.1501,0.031,0.031,0.4727,0.4819,0.2295,0.1501,0.031,0.031,0.606,0.5308,0.271,0.1465,0.031,0.031,0.6116,0.4819,0.2422,0.1501,0.031,0.031,0.5137,0.5293,0.2759,0.1282,0.031,0.031,0.4478,0.4702,0.2539,0.1501,0.031,0.031,0.5754,0.6924,0.249,0.1501,0.031,0.031,0.6462,0.4546,0.2808,0.1501,0.031,0.031,0.467,0.605,0.2324,0.1501,0.031,0.031,0.4998,0.3926,0.2759,0.1501,0.031,0.031,0.3623,0.4702,0.2515,0.1501,0.031,0.031,0.6289,0.5293,0.2808,0.1501,0.031,0.031,0.5747,0.5435,0.2197,0.2231,0.1489,0.031,0.031,0.4976,0.5859,0.2588,0.1501,0.031,0.031,0.4824,0.4438,0.271,0.1489,0.031,0.031,0.4192,0.5703,0.2539,0.1501,0.031,0.031,0.5581,0.4634,0.2661,0.1477,0.031,0.031
0.6157,0.4302,0.4985,0.249,0.1501,0.031,0.031,0.5664,0.394,0.5605,0.2593,0.1501,0.031,0.031,0.6255,0.6396,0.2324,0.1501,0.031,0.031,0.4038,0.4507,0.2544,0.1501,0.031,0.031,0.5378,0.5439,0.2231,0.1501,0.031,0.031,0.6255,0.5313,0.271,0.1501,0.031,0.031,0.5386,0.3862,0.2783,0.1489,0.031,0.031,0.4448,0.5361,0.2539,0.1477,0.031,0.031,0.5491,0.52,0.2397,0.1501,0.031,0.031,0.4248,0.4766,0.2466,0.1489,0.031,0.031,0.47,0.437,0.249,0.1489,0.031,0.031,0.394,0.4717,0.2593,0.1501,0.031,0.031,0.5095,0.4653,0.2759,0.1453,0.031,0.031,0.5129,0.4185,0.2075,0.1501,0.031,0.031,0.4727,0.4819,0.2295,0.1501,0.031,0.031,0.606,0.5308,0.271,0.1465,0.031,0.031,0.6116,0.4819,0.2422,0.1501,0.031,0.031,0.5137,0.5293,0.2759,0.1282,0.031,0.031,0.4478,0.4702,0.2539,0.1501,0.031,0.031,0.5754,0.6924,0.249,0.1501,0.031,0.031,0.6462,0.4546,0.2808,0.1501,0.031,0.031,0.467,0.605,0.2324,0.1501,0.031,0.031,0.4998,0.3926,0.2759,0.1501,0.031,0.031,0.3623,0.4702,0.2515,0.1501,0.031,0.031,0.6289,0.5293,0.2808,0.1501,0.031,0.031,0.5747,0.5435,0.2197,0.2231,0.1489,0.031,0.031,0.4976,0.5859,0.2588,0.1501,0.031,0.031,0.4824,0.4438,0.271,0.1489,0.031,0.031,0.4192,0.5703,0.2539,0.1501,0.031,0.031,0.5581,0.4634,0.2661,0.1477,0.031,0.031
0.6157,0.4302,0.4985,0.249,0.1501,0.031,0.031,0.5664,0.394,0.5605,0.2593,0.1501,0.031,0.031,0.6255,0.6396,0.2324,0.1501,0.031,0.031,0.4038,0.4507,0.2544,0.1501,0.031,0.031,0.5378,0.5439,0.2231,0.1501,0.031,0.031,0.6255,0.5313,0.271,0.1501,0.031,0.031,0.5386,0.3862,0.2783,0.1489,0.031,0.031,0.4448,0.5361,0.2539,0.1477,0.031,0.031,0.5491,0.52,0.2397,0.1501,0.031,0.031,0.4248,0.4766,0.2466,0.1489,0.031,0.031,0.47,0.437,0.249,0.1489,0.031,0.031,0.394,0.4717,0.2593,0.1501,0.031,0.031,0.5095,0.4653,0.2759,0.1453,0.031,0.031,0.5129,0.4185,0.2075,0.1501,0.031,0.031,0.4727,0.4819,0.2295,0.1501,0.031,0.031,0.606,0.5308,0.271,0.1465,0.031,0.031,0.6116,0.4819,0.2422,0.1501,0.031,0.031,0.5137,0.5293,0.2759,0.1282,0.031,0.031,0.4478,0.4702,0.2539,0.1501,0.031,0.031,0.5754,0.6924,0.249,0.1501,0.031,0.031,0.6462,0.4546,0.2808,0.1501,0.031,0.031,0.467,0.605,0.2324,0.1501,0.031,0.031,0.4998,0.3926,0.2759,0.1501,0.031,0.031,0.3623,0.4702,0.2515,0.1501,0.031,0.031,0.6289,0.5293,0.2808,0.1501,0.031,0.031,0.5747,0.5435,0.2197,0.2231,0.1489,0.031,0.031,0.4976,0.5859,0.2588,0.1501,0.031,0.031,0.4824,0.4438,0.271,0.1489,0.031,0.031,0.4192,0.5703,0.2539,0.1501,0.031,0.031,0.5581,0.4634,0.2661,0.1477,0.031,0.031
0.6157,0.4302,0.4985,0.249,0.1501,0.031,0.031,0.5664,0.394,0.5605,0.2593,0.1501,0.031,0.031,0.6255,0.6396,0.2324,0.1501,0.031,0.031,0.4038,0.4507,0.2544,0.1501,0.031,0.031,0.5378,0.5439,0.2231,0.1501,0.031,0.031,0.6255,0.5313,0.271,0.1501,0.031,0.031,0.5386,0.3862,0.2783,0.1489,0.031,0.031,0.4448,0.5361,0.2539,0.1477,0.031,0.031,0.5491,0.52,0.2397,0.1501,0.031,0.031,0.4248,0.4766,0.2466,0.1489,0.031,0.031,0.47,0.437,0.249,0.1489,0.031,0.031,0.394,0.4717,0.2593,0.1501,0.031,0.031,0.5095,0.4653,0.2759,0.1453,0.031,0.031,0.5129,0.4185,0.2075,0.1501,0.031,0.031,0.4727,0.4819,0.2295,0.1501,0.031,0.031,0.606,0.5308,0.271,0.1465,0.031,0.031,0.6116,0.4819,0.2422,0.1501,0.031,0.031,0.5137,0.5293,0.2759,0.1282,0.031,0.031,0.4478,0.4702,0.2539,0.1501,0.031,0.031,0.5754,0.6924,0.249,0.1501,0.031,0.031,0.6462,0.4546,0.2808,0.1501,0.031,0.031,0.467,0.605,0.2324,0.1501,0.031,0.031,0.4998,0.3926,0.2759,0.1501,0.031,0.031,0.3623,0.4702,0.2515,0.1501,0.031,0.031,0.6289,0.5293,0.2808,0.1501,0.031,0.031,0.5747,0.5435,0.2197,0.2231,0.1489,0.031,0.031,0.4976,0.5859,0.2588,0.1501,0.031,0.031,0.4824,0.4438,0.271,0.1489,0.031,0.031,0.4192,0.5703,0.2539,0.1501,0.031,0.031,0.5581,0.4634,0.2661,0.1477,0.031,0.031
0.6157,0.4302,0.4985,0.249,0.1501,0.031,0.031,0.5664,0.394,0.5605,0.2593,0.1501,0.031,0.031,0.6255,0.6396,0.2324,0.1501,0.031,0.031,0.4268,0.4507,0.2544,0.1501,0.031,0.031,0.5378,0.5439,0.2231,0.1501,0.031,0.031,0.6255,0.5313,0.271,0.1501,0.031,0.031,0.5386,0.3862,0.2783,0.1489,0.031,0.031,0.4448,0.5361,0.2539,0.1477,0.031,0.031,0.5491,0.52,0.2397,0.1501,0.031,0.031,0.4248,0.4766,0.2466,0.1489,0.031,0.031,0.47,0.437,0.249,0.1489,0.031,0.031,0.394,0.4717,0.2593,0.1501,0.031,0.031,0.5095,0.4653,0.2759,0.1453,0.031,0.031,0.5129,0.4185,0.2075,0.1501,0.031,0.031,0.4727,0.4819,0.2295,0.1501,0.031,0.031,0.606,0.5308,0.271,0.1465,0.031,0.031,0.6116,0.4819,0.2422,0.1501,0.031,0.031,0.5137,0.5293,0.2759,0.1282,0.031,0.031,0.4478,0.4702,0.2539,0.1501,0.031,0.031,0.5754,0.6924,0.249,0.1501,0.031,0.031,0.6462,0.4546,0.2808,0.1501,0.031,0.031,0.467,0.605,0.2324,0.1501,0.031,0.031,0.4998,0.3926,0.2759,0.1501,0.031,0.031,0.3623,0.4702,0.2515,0.1501,0.031,0.031,0.6289,0.5293,0.2808,0.1501,0.031,0.031,0.5747,0.5435,0.2197,0.2231,0.1489,0.031,0.031,0.4976,0.5859,0.2588,0.1501,0.031,0.031,0.4824,0.4438,0.271,0.1489,0.031,0.031,0.4192,0.5703,0.2539,0.1501,0.031,0.031,0.5581,0.4634,0.2661,0.1477,0.031,0.031
0.6157,0.4302,0.4985,0.249,0.1501,0.031,0.031,0.5664,0.394,0.5605,0.2593,0.1501,0.031,0.031,0.6255,0.6396,0.2324,0.1501,0.031,0.031,0.4268,0.4507,0.2544,0.1501,0.031,0.031,0.5378,0.5439,0.2231,0.1501,0.031,0.031,0.6255,0.5313,0.271,0.1501,0.031,0.031,0.5386,0.3862,0.2783,0.1489,0.031,0.031,0.4448,0.5361,0.2539,0.1477,0.031,0.031,0.5491,0.52,0.2397,0.1501,0.031,0.031,0.4248,0.4766,0.2466,0.1489,0.031,0.031,0.47,0.437,0.249,0.1489,0.031,0.031,0.394,0.4717,0.2593,0.1501,0.031,0.031,0.5095,0.4653,0.2759,0.1453,0.031,0.031,0.5129,0.4185,0.2075,0.1501,0.031,0.031,0.4727,0.4819,0.2295,0.1501,0.031,0.031,0.606,0.5308,0.271,0.1465,0.031,0.031,0.6116,0.4819,0.2422,0.1501,0.031,0.031,0.5137,0.5293,0.2759,0.1282,0.031,0.031,0.4478,0.4702,0.2539,0.1501,0.031,0.031,0.5754,0.6924,0.249,0.1501,0.031,0.031,0.6462,0.4546,0.2808,0.1501,0.031,0.031,0.467,0.605,0.2324,0.1501,0.031,0.031,0.4998,0.3926,0.2759,0.1501,0.031,0.031,0.3623,0.4702,0.2515,0.1501,0.031,0.031,0.6289,0.5293,0.2808,0.1501,0.031,0.031,0.5747,0.5435,0.2197,0.2231,0.1489,0.031,0.031,0.4976,0.5859,0.2588,0.1501,0.031,0.031,0.4824,0.4438,0.271,0.1489,0.031,0.031,0.4192,0.5703,0.2539,0.1501,0.031,0.031,0.5581,0.4634,0.2661,0.1477,0.031,0.031
0.6157,0.4302,0.4985,0.249,0.1501,0.031,0.031,0.5664,0.394,0.5605,0.2593,0.1501,0.031,0.031,0.6255,0.6396,0.2324,0.1501,0.031,0.031,0.4268,0.4507,0.2544,0.1501,0.031,0.031,0.5378,0.5439,0.2231,0.1501,0.031,0.031,0.6255,0.5313,0.271,0.1501,0.031,0.031,0.5386,0.3862,0.2783,0.1489,0.031,0.031,0.4448,0.5361,0.2539,0.1477,0.031,0.031,0.5491,0.52,0.2397,0.1501,0.031,0.031,0.4248,0.4766,0.2466,0.1489,0.031,0.031,0.47,0.437,0.249,0.1489,0.031,0.031,0.394,0.4717,0.2593,0.1501,0.031,0.031,0.5095,0.4653,0.2759,0.1453,0.031,0.031,0.5129,0.4185,0.2075,0.1501,0.031,0.031,0.4727,0.4819,0.2295,0.1501,0.031,0.031,0.606,0.5308,0.271,0.1465,0.031,0.031,0.6116,0.4819,0.2422,0.1501,0.031,0.031,0.5137,0.5293,0.2759,0.1282,0.031,0.031,0.4478,0.4702,0.2539,0.1501,0.031,0.031,0.5754,0.6924,0.249,0.1501,0.031,0.031,0.6462,0.4546,0.2808,0.1501,0.031,0.031,0.467,0.605,0.2324,0.1501,0.031,0.031,0.4998,0.3926,0.2759,0.1501,0.031,0.031,0.3623,0.4702,0.2515,0.1501,0.031,0.031,0.6289,0.5293,0.2808,0.1501,0.031,0.031,0.5747,0.5435,0.2197,0.2231,0.1489,0.031,0.031,0.4976,0.5859,0.2588,0.1501,0.031,0.031,0.4824,0.4438,0.271,0.1489,0.031,0.031,0.4192,0.5703,0.2539,0.1501,0.031,0.031,0.5581,0.4634,0.2661,0.1477,0.031,0.031
0.6157,0.4302,0.4985,0.249,0.1501,0.031,0.031,0.5664,0.394,0.5605,0.2593,0.1501,0.031,0.031,0.6255,0.6396,0.2324,0.1501,0.031,0.031,0.4268,0.4507,0.2544,0.1501,0.031,0.031,0.5378,0.5439,0.2231,0.1501,0.031,0.031,0.6255,0.5313,0.271,0.1501,0.031,0.031,0.5386,0.3862,0.2783,0.1489,0.031,0.031,0.4448,0.5361,0.2539,0.1477,0.031,0.031,0.5491,0.52,0.2397,0.1501,0.031,0.031,0.4248,0.4766,0.2466,0.1489,0.031,0.031,0.47,0.437,0.249,0.1489,0.031,0.031,0.394,0.4717,0.2593,0.1501,0.031,0.031,0.5095,0.4653,0.2759,0.1453,0.031,0.031,0.5129,0.4185,0.2075,0.1501,0.031,0.031,0.4727,0.4819,0.2295,0.1501,0.031,0.031,0.606,0.5308,0.271,0.1465,0.031,0.031,0.6116,0.4819,0.2446,0.1501,0.031,0.031,0.5137,0.5293,0.2759,0.1282,0.031,0.031,0.4478,0.4702,0.2539,0.1501,0.031,0.031,0.5754,0.6924,0.249,0.1501,0.031,0.031,0.6462,0.4546,0.2808,0.1501,0.031,0.031,0.467,0.605,0.2324,0.1501,0.031,0.031,0.4998,0.3926,0.2759,0.1501,0.031,0.031,0.3623,0.4702,0.2515,0.1501,0.031,0.031,0.6289,0.5293,0.2808,0.1501,0.031,0.031,0.5747,0.5435,0.2197,0.2231,0.1489,0.031,0.031,0.4976,0.5859,0.2588,0.1501,0.031,0.031,0.4824,0.4438,0.271,0.1489,0.031,0.031,0.4192,0.5703,0.2539,0.1501,0.031,0.031,0.5581,0.4634,0.2661,0.1477,0.031,0.031
0.6157,0.4302,0.4985,0.249,0.1501,0.031,0.031,0.5664,0.394,0.5605,0.2593,0.1501,0.031,0.031,0.6255,0.6396,0.2324,0.1501,0.031,0.031,0.4268,0.4507,0.2544,0.1501,0.031,0.031,0.5378,0.5439,0.2231,0.1501,0.031,0.031,0.6255,0.5313,0.271,0.1501,0.031,0.031,0.5386,0.3862,0.2783,0.1489,0.031,0.031,0.4448,0.5361,0.2539,0.1477,0.031,0.031,0.5491,0.52,0.2397,0.1501,0.031,0.031,0.4248,0.4766,0.2466,0.1489,0.031,0.031,0.47,0.437,0.249,0.1489,0.031,0.031,0.394,0.4717,0.2593,0.1501,0.031,0.031,0.5095,0.4653,0.2759,0.1465,0.031,0.031,0.5129,0.4185,0.2075,0.1501,0.031,0.031,0.4727,0.4819,0.2295,0.1501,0.031,0.031,0.606,0.5308,0.271,0.1465,0.031,0.031,0.6116,0.4819,0.2446,0.1501,0.031,0.031,0.5137,0.5293,0.2759,0.1282,0.031,0.031,0.4478,0.4702,0.2539,0.1501,0.031,0.031,0.5754,0.6924,0.249,0.1501,0.031,0.031,0.6462,0.4546,0.2808,0.1501,0.031,0.031,0.467,0.605,0.2324,0.1501,0.031,0.031,0.4998,0.3926,0.2759,0.1501,0.031,0.031,0.3623,0.4702,0.2515,0.1501,0.031,0.031,0.6289,0.5293,0.2808,0.1501,0.031,0.031,0.5747,0.5435,0.2197,0.2231,0.1489,0.031,0.031,0.4976,0.5859,0.2588,0.1501,0.031,0.031,0.4824,0.4438,0.271,0.1489,0.031,0.031,0.4192,0.5703,0.2539,0.1501,0.031,0.031,0.5581,0.4634,0.2661,0.1477,0.031,0.031
0.6157,0.4302,0.4985,0.249,0.1501,0.031,0.031,0.5664,0.394,0.5605,0.2593,0.1501,0.031,0.031,0.6255,0.6396,0.2324,0.1501,0.031,0.031,0.4268,0.4507,0.2544,0.1501,0.031,0.031,0.5378,0.5439,0.2231,0.1501,0.031,0.031,0.6255,0.5313,0.271,0.1501,0.031,0.031,0.5386,0.3862,0.2783,0.1489,0.031,0.031,0.4448,0.5361,0.2539,0.1477,0.031,0.031,0.5491,0.52,0.2397,0.1501,0.031,0.031,0.4248,0.4766,0.2466,0.1489,0.031,0.031,0.47,0.437,0.249,0.1489,0.031,0.031,0.394,0.4717,0.2593,0.1501,0.031,0.031,0.5095,0.4653,0.2759,0.1465,0.031,0.031,0.5129,0.4185,0.2075,0.1501,0.031,0.031,0.4727,0.4819,0.2295,0.1501,0.031,0.031,0.606,0.5308,0.271,0.1465,0.031,0.031,0.6116,0.4819,0.2446,0.1501,0.031,0.031,0.5137,0.5293,0.2759,0.1282,0.031,0.031,0.4478,0.4702,0.2539,0.1501,0.031,0.031,0.5754,0.6924,0.249,0.1501,0.031,0.031,0.6462,0.4546,0.2808,0.1501,0.031,0.031,0.467,0.605,0.2324,0.1501,0.031,0.031,0.4998,0.3926,0.2759,0.1501,0.031,0.031,0.3623,0.4702,0.2515,0.1501,0.031,0.031,0.6289,0.5293,0.2808,0.1501,0.031,0.031,0.5747,0.5435,0.2197,0.2231,0.1489,0.031,0.031,0.4976,0.5859,0.2588,0.1501,0.031,0.031,0.4824,0.4438,0.271,0.1489,0.031,0.031,0.4192,0.5703,0.2539,0.1501,0.031,0.031,0.5581,0.4634,0.2661,0.1477,0.031,0.031
0.6157,0.4302,0.4985,0.249,0.1501,0.031,0.031,0.5664,0.394,0.5605,0.2593,0.1501,0.031,0.031,0.6255,0.6396,0.2324,0.1501,0.031,0.031,0.4268,0.4507,0.2544,0.1501,0.031,0.031,0.5378,0.5439,0.2231,0.1501,0.031,0.031,0.6255,0.5313,0.271,0.1501,0.031,0.031,0.5386,0.3862,0.2783,0.1489,0.031,0.031,0.4448,0.5361,0.2539,0.1477,0.031,0.031,0.5491,0.52,0.2397,0.1501,0.031,0.031,0.4248,0.4766,0.2466,0.1489,0.031,0.031,0.47,0.437,0.249,0.1489,0.031,0.031,0.394,0.4717,0.2593,0.1501,0.031,0.031,0.5095,0.4653,0.2759,0.1465,0.031,0.031,0.5129,0.4185,0.2075,0.1501,0.031,0.031,0.4727,0.4819,0.2295,0.1501,0.031,0.031,0.606,0.5308,0.271,0.1465,0.031,0.031,0.6116,0.4819,0.2446,0.1501,0.031,0.031,0.5137,0.5293,0.2759,0.1282,0.031,0.031,0.4478,0.4702,0.2539,0.1501,0.031,0.031,0.5754,0.6924,0.249,0.1501,0.031,0.031,0.6462,0.4546,0.2808,0.1501,0.031,0.031,0.467,0.605,0.2324,0.1501,0.031,0.031,0.4998,0.3926,0.2759,0.1501,0.031,0.031,0.3623,0.4702,0.2515,0.1501,0.031,0.031,0.6289,0.5293,0.2808,0.1501,0.031,0.031,0.5747,0.5435,0.2197,0.2231,0.1489,0.031,0.031,0.4976,0.5859,0.2588,0.1501,0.031,0.031,0.4824,0.4438,0.271,0.1489,0.031,0.031,0.4192,0.5703,0.2539,0.1501,0.031,0.031,0.5581,0.4634,0.2661,0.1477,0.031,0.031
0.6157,0.4302,0.4985,0.249,0.1501,0.031,0.031,0.5664,0.394,0.5605,0.2593,0.1501,0.031,0.031,0.6255,0.6396,0.2324,0.1501,0.031,0.031,0.4268,0.4507,0.2544,0.1501,0.031,0.031,0.5378,0.5439,0.2231,0.1501,0.031,0.031,0.6255,0.5313,0.271,0.1501,0.031,0.031,0.5386,0.3862,0.2783,0.1489,0.031,0.031,0.4448,0.5361,0.2539,0.1477,0.031,0.031,0.5491,0.52,0.2397,0.1501,0.031,0.031,0.4248,0.4766,0.2466,0.1489,0.031,0.031,0.47,0.437,0.249,0.1489,0.031,0.031,0.394,0.4717,0.2593,0.1501,0.031,0.031,0.5095,0.4653,0.2759,0.1465,0.031,0.031,0.5129,0.4185,0.2075,0.1501,0.031,0.031,0.4727,0.4819,0.2295,0.1501,0.031,0.031,0.606,0.5308,0.271,0.1465,0.031,0.031,0.6116,0.4819,0.2446,0.1501,0.031,0.031,0.5137,0.5293,0.2759,0.1282,0.031,0.031,0.4478,0.4702,0.2539,0.1501,0.031,0.031,0.5754,0.6924,0.249,0.1501,0.031,0.031,0.6462,0.4546,0.2808,0.1501,0.031,0.031,0.467,0.605,0.2324,0.1501,0.031,0.031,0.4998,0.3926,0.2759,0.1501,0.031,0.031,0.3623,0.4702,0.2515,0.1501,0.031,0.031,0.6289,0.5293,0.2808,0.1501,0.031,0.031,0.5747,0.5435,0.2197,0.2231,0.1489,0.031,0.031,0.4976,0.5859,0.2588,0.1501,0.031,0.031,0.4824,0.4438,0.271,0.1489,0.031,0.031,0.4192,0.5703,0.2539,0.1501,0.031,0.031,0.5581,0.4634,0.2661,0.1477,0.031,0.031
0.6157,0.4302,0.4985,0.249,0.1501,0.031,0.031,0.5664,0.394,0.5605,0.2593,0.1501,0.031,0.031,0.6255,0.6396,0.2324,0.1501,0.031,0.031,0.4268,0.4507,0.2544,0.1501,0.031,0.031,0.5378,0.5439,0.2231,0.1501,0.031,0.031,0.6255,0.5313,0.271,0.1501,0.031,0.031,0.5386,0.3862,0.2783,0.1489,0.031,0.031,0.4448,0.5361,0.2539,0.1477,0.031,0.031,0.5491,0.52,0.2397,0.1501,0.031,0.031,0.4248,0.4766,0.2466,0.1489,0.031,0.031,0.47,0.437,0.249,0.1489,0.031,0.031,0.394,0.4717,0.2593,0.1501,0.031,0.031,0.5095,0.4653,0.2759,0.1465,0.031,0.031,0.5129,0.4185,0.2075,0.1501,0.031,0.031,0.4727,0.4819,0.2295,0.1501,0.031,0.031,0.606,0.5308,0.271,0.1465,0.031,0.031,0.6116,0.4819,0.2446,0.1501,0.031,0.031,0.5137,0.5293,0.2759,0.1282,0.031,0.031,0.4478,0.4702,0.2539,0.1501,0.031,0.031,0.5754,0.6924,0.249,0.1501,0.031,0.031,0.6462,0.4546,0.2808,0.1501,0.031,0.031,0.467,0.605,0.2324,0.1501,0.031,0.031,0.4998,0.3926,0.2759,0.1501,0.031,0.031,0.3623,0.4702,0.2515,0.1501,0.031,0.031,0.6289,0.5293,0.2808,0.1501,0.031,0.031,0.5747,0.5435,0.2197,0.2231,0.1489,0.031,0.031,0.4976,0.5859,0.2588,0.1501,0.031,0.031,0.4824,0.4438,0.271,0.1489,0.031,0.031,0.4192,0.5703,0.2539,0.1501,0.031,0.031,0.5581,0.4634,0.2661,0.1477,0.031,0.031
0.6157,0.4302,0.4985,0.249,0.1501,0.031,0.031,0.5664,0.394,0.5605,0.2593,0.1501,0.031,0.031,0.6255,0.6396,0.2324,0.1501,0.031,0.031,0.4268,0.4507,0.2544,0.1501,0.031,0.031,0.5378,0.5439,0.2231,0.1501,0.031,0.031,0.6255,0.5313,0.271,0.1501,0.031,0.031,0.5386,0.3862,0.2783,0.1489,0.031,0.031,0.4448,0.5361,0.2539,0.1477,0.031,0.031,0.5491,0.52,0.2397,0.1501,0.031,0.031,0.4248,0.4766,0.2466,0.1489,0.031,0.031,0.47,0.437,0.249,0.1489,0.031,0.031,0.394,0.4717,0.2593,0.1501,0.031,0.031,0.5095,0.4653,0.2759,0.1465,0.031,0.031,0.5129,0.4185,0.2075,0.1501,0.031,0.031,0.4727,0.4819,0.2295,0.1501,0.031,0.031,0.606,0.5308,0.271,0.1465,0.031,0.031,0.6116,0.4819,0.2446,0.1501,0.031,0.031,0.5137,0.5293,0.2759,0.1282,0.031,0.031,0.4478,0.4702,0.2539,0.1501,0.031,0.031,0.5754,0.6924,0.249,0.1501,0.031,0.031,0.6462,0.4546,0.2808,0.1501,0.031,0.031,0.467,0.605,0.2324,0.1501,0.031,0.031,0.4998,0.3926,0.2759,0.1501,0.031,0.031,0.3623,0.4702,0.2515,0.1501,0.031,0.031,0.6289,0.5293,0.2808,0.1501,0.031,0.031,0.5747,0.5435,0.2197,0.2231,0.1489,0.031,0.031,0.4976,0.5859,0.2588,0.1501,0.031,0.031,0.4824,0.4438,0.271,0.1489,0.031,0.031,0.4192,0.5703,0.2539,0.1501,0.031,0.031,0.5581,0.4634,0.2661,0.1477,0.031,0.031
0.6157,0.4302,0.4985,0.249,0.1501,0.031,0.031,0.5664,0.394,0.5605,0.2593,0.1501,0.031,0.031,0.6255,0.6396,0.2324,0.1501,0.031,0.031,0.4268,0.4507,0.2544,0.1501,0.031,0.031,0.5378,0.5439,0.2231,0.1501,0.031,0.031,0.6255,0.5313,0.271,0.1501,0.031,0.031,0.5386,0.3862,0.2783,0.1489,0.031,0.031,0.4448,0.5361,0.2539,0.1477,0.031,0.031,0.5491,0.52,0.2397,0.1501,0.031,0.031,0.4248,0.4766,0.2466,0.1489,0.031,0.031,0.47,0.437,0.249,0.1489,0.031,0.031,0.394,0.4717,0.2593,0.1501,0.031,0.031,0.5095,0.4653,0.2759,0.1465,0.031,0.031,0.5129,0.4185,0.2075,0.1501,0.031,0.031,0.4727,0.4819,0.2295,0.1501,0.031,0.031,0.606,0.5308,0.271,0.1465,0.031,0.031,0.6116,0.4819,0.2446,0.1501,0.031,0.031,0.5137,0.5293,0.2759,0.1282,0.031,0.031,0.4478,0.4702,0.2539,0.1501,0.031,0.031,0.5754,0.6924,0.249,0.1501,0.031,0.031,0.6462,0.4546,0.2808,0.1501,0.031,0.031,0.467,0.605,0.2324,0.1501,0.031,0.031,0.4998,0.3926,0.2759,0.1501,0.031,0.031,0.3623,0.4702,0.2515,0.1501,0.031,0.031,0.6289,0.5293,0.2808,0.1501,0.031,0.031,0.5747,0.5435,0.2197,0.2231,0.1489,0.031,0.031,0.4976,0.5859,0.2588,0.1501,0.031,0.031,0.4824,0.4438,0.271,0.1489,0.031,0.031,0.4192,0.5703,0.2539,0.1501,0.031,0.031,0.5581,0.4634,0.2661,0.1477,0.031,0.031
0.6157,0.4302,0.4985,0.249,0.1501,0.031,0.031,0.5664,0.394,0.5605,0.2593,0.1501,0.031,0.031,0.6255,0.6396,0.2324,0.1501,0.031,0.031,0.4268,0.4507,0.2544,0.1501,0.031,0.031,0.5378,0.5439,0.2231,0.1501,0.031,0.031,0.6255,0.5313,0.271,0.1501,0.031,0.031,0.5386,0.3862,0.2783,0.1489,0.031,0.031,0.4448,0.5361,0.2539,0.1477,0.031,0.031,0.5491,0.52,0.2397,0.1501,0.031,0.031,0.4248,0.4766,0.2466,0.1489,0.031,0.031,0.47,0.437,0.249,0.1489,0.031,0.031,0.394,0.4717,0.2593,0.1501,0.031,0.031,0.5095,0.4653,0.2759,0.1465,0.031,0.031,0.5129,0.4185,0.2075,0.1501,0.031,0.031,0.4727,0.4819,0.2295,0.1501,0.031,0.031,0.606,0.5308,0.271,0.1465,0.031,0.031,0.6116,0.4819,0.2446,0.1501,0.031,0.031,0.5137,0.5293,0.2759,0.1282,0.031,0.031,0.4478,0.4702,0.2539,0.1501,0.031,0.031,0.5754,0.6924,0.249,0.1501,0.031,0.031,0.6462,0.4546,0.2808,0.1501,0.031,0.031,0.467,0.605,0.2324,0.1501,0.031,0.031,0.4998,0.3926,0.2759,0.1501,0.031,0.031,0.3623,0.4702,0.2515,0.1501,0.031,0.031,0.6289,0.5293,0.2808,0.1501,0.031,0.031,0.5747,0.5435,0.2197,0.2231,0.1489,0.031,0.031,0.4976,0.5859,0.2588,0.1501,0.031,0.031,0.4824,0.4438,0.271,0.1489,0.031,0.031,0.4192,0.5703,0.2539,0.1501,0.031,0.031,0.5581,0.4634,0.2661,0.1477,0.031,0.031
0.6157,0.4302,0.4985,0.249,0.1501,0.031,0.031,0.5664,0.394,0.5605,0.2593,0.1501,0.031,0.031,0.6255,0.6396,0.2324,0.1501,0.031,0.031,0.4268,0.4507,0.2544,0.1501,0.031,0.031,0.5378,0.5439,0.2231,0.1501,0.031,0.031,0.6255,0.5313,0.271,0.1501,0.031,0.031,0.5386,0.3862,0.2783,0.1489,0.031,0.031,0.4448,0.5361,0.2539,0.1477,0.031,0.031,0.5491,0.52,0.2397,0.1501,0.031,0.031,0.4248,0.4766,0.2466,0.1489,0.031,0.031,0.47,0.437,0.249,0.1489,0.031,0.031,0.394,0.4717,0.2593,0.1501,0.031,0.031,0.5095,0.4653,0.2759,0.1465,0.031,0.031,0.5129,0.4185,0.2075,0.1501,0.031,0.031,0.4727,0.4819,0.2295,0.1501,0.031,0.031,0.606,0.5308,0.271,0.1465,0.031,0.031,0.6116,0.4819,0.2446,0.1501,0.031,0.031,0.5137,0.5293,0.2759,0.1282,0.031,0.031,0.4478,0.4702,0.2539,0.1501,0.031,0.031,0.5754,0.6924,0.249,0.1501,0.031,0.031,0.6462,0.4546,0.2808,0.1501,0.031,0.031,0.467,0.605,0.2324,0.1501,0.031,0.031,0.4998,0.3926,0.2759,0.1501,0.031,0.031,0.3623,0.4702,0.2515,0.1501,0.031,0.031,0.6289,0.5293,0.2808,0.1501,0.031,0.031,0.5747,0.5435,0.2197,0.2231,0.1489,0.031,0.031,0.4976,0.5859,0.2588,0.1501,0.031,0.031,0.4824,0.4438,0.271,0.1489,0.031,0.031,0.4192,0.5703,0.2539,0.1501,0.031,0.031,0.5581,0.4634,0.2661,0.1477,0.031,0.031
0.6157,0.4302,0.4985,0.249,0.1501,0.031,0.031,0.5664,0.394,0.5605,0.2593,0.1501,0.031,0.031,0.6255,0.6396,0.2324,0.1501,0.031,0.031,0.4268,0.4507,0.2544,0.1501,0.031,0.031,0.5378,0.5439,0.2231,0.1501,0.031,0.031,0.6255,0.5313,0.271,0.1501,0.031,0.031,0.5386,0.3862,0.2783,0.1489,0.031,0.031,0.4448,0.5361,0.2539,0.1477,0.031,0.031,0.5491,0.52,0.2397,0.1501,0.031,0.031,0.4248,0.4766,0.2466,0.1489,0.031,0.031,0.47,0.437,0.249,0.1489,0.031,0.031,0.394,0.4717,0.2593,0.1501,0.031,0.031,0.5095,0.4653,0.2759,0.1465,0.031,0.031,0.5129,0.4185,0.2075,0.1501,0.031,0.031,0.4727,0.4819,0.2295,0.1501,0.031,0.031,0.606,0.5308,0.271,0.1465,0.031,0.031,0.6116,0.4819,0.2446,0.1501,0.031,0.031,0.5137,0.5293,0.2759,0.1282,0.031,0.031,0.4478,0.4702,0.2539,0.1501,0.031,0.031,0.5754,0.6924,0.249,0.1501,0.031,0.031,0.6462,0.4546,0.2808,0.1501,0.031,0.031,0.467,0.605,0.2324,0.1501,0.031,0.031,0.4998,0.3926,0.2759,0.1501,0.031,0.031,0.3623,0.4702,0.2515,0.1501,0.031,0.031,0.6289,0.5293,0.2808,0.1501,0.031,0.031,0.5747,0.5435,0.2197,0.2231,0.1489,0.031,0.031,0.4976,0.5859,0.2588,0.1501,0.031,0.031,0.4824,0.4438,0.271,0.1489,0.031,0.031,0.4192,0.5703,0.2539,0.1501,0.031,0.031,0.5581,0.4634,0.2661,0.1477,0.031,0.031
0.6157,0.4302,0.4985,0.249,0.1501,0.031,0.031,0.5664,0.394,0.5605,0.2593,0.1501,0.031,0.031,0.6255,0.6396,0.2324,0.1501,0.031,0.031,0.4268,0.4507,0.2544,0.1501,0.031,0.031,0.5378,0.5439,0.2231,0.1501,0.031,0.031,0.6255,0.5313,0.271,0.1501,0.031,0.031,0.5386,0.3862,0.2783,0.1489,0.031,0.031,0.4448,0.5361,0.2539,0.1477,0.031,0.031,0.5491,0.52,0.2397,0.1501,0.031,0.031,0.4248,0.4766,0.2466,0.1489,0.031,0.031,0.47,0.437,0.249,0.1489,0.031,0.031,0.394,0.4717,0.2593,0.1501,0.031,0.031,0.5095,0.4653,0.2759,0.1465,0.031,0.031,0.5129,0.4185,0.2075,0.1501,0.031,0.031,0.4727,0.4819,0.2295,0.1501,0.031,0.031,0.606,0.5308,0.271,0.1465,0.031,0.031,0.6116,0.4819,0.2446,0.1501,0.031,0.031,0.5137,0.5293,0.2759,0.1282,0.031,0.031,0.4478,0.4702,0.2539,0.1501,0.031,0.031,0.5754,0.6924,0.249,0.1501,0.031,0.031,0.6462,0.4546,0.2808,0.1501,0.031,0.031,0.467,0.605,0.2324,0.1501,0.031,0.031,0.4998,0.3926,0.2759,0.1501,0.031,0.031,0.3623,0.4702,0.2515,0.1501,0.031,0.031,0.6289,0.5293,0.2808,0.1501,0.031,0.031,0.5747,0.5435,0.2197,0.2231,0.1489,0.031,0.031,0.4976,0.5859,0.2588,0.1501,0.031,0.031,0.4824,0.4438,0.271,0.1489,0.031,0.031,0.4192,0.5703,0.2539,0.1501,0.031,0.031,0.5581,0.4634,0.2661,0.1477,0.031,0.031
0.6157,0.4302,0.4985,0.249,0.1501,0.031,0.031,0.5664,0.394,0.5605,0.2593,0.1501,0.031,0.031,0.6255,0.6396,0.2324,0.1501,0.031,0.031,0.4268,0.4507,0.2544,0.1501,0.031,0.031,0.5378,0.5439,0.2231,0.1501,0.031,0.031,0.6255,0.5313,0.271,0.1501,0.031,0.031,0.5386,0.3862,0.2783,0.1489,0.031,0.031,0.4448,0.5361,0.2539,0.1477,0.031,0.031,0.5491,0.52,0.2397,0.1501,0.031,0.031,0.4248,0.4766,0.249,0.1489,0.031,0.031,0.47,0.437,0.249,0.1489,0.031,0.031,0.394,0.4717,0.2593,0.1501,0.031,0.031,0.5095,0.4653,0.2759,0.1465,0.031,0.031,0.5129,0.4185,0.2075,0.1501,0.031,0.031,0.4727,0.4819,0.2295,0.1501,0.031,0.031,0.606,0.5308,0.271,0.1465,0.031,0.031,0.6116,0.4819,0.2446,0.1501,0.031,0.031,0.5137,0.5293,0.2759,0.1282,0.031,0.031,0.4478,0.4702,0.2539,0.1501,0.031,0.031,0.5754,0.6924,0.249,0.1501,0.031,0.031,0.6462,0.4546,0.2808,0.1501,0.031,0.031,0.467,0.605,0.2324,0.1501,0.031,0.031,0.4998,0.3926,0.2759,0.1501,0.031,0.031,0.3623,0.4702,0.2515,0.1501,0.031,0.031,0.6289,0.5293,0.2808,0.1501,0.031,0.031,0.5747,0.5435,0.2197,0.2231,0.1489,0.031,0.031,0.4976,0.5859,0.2588,0.1501,0.031,0.031,0.4824,0.4438,0.271,0.1489,0.031,0.031,0.4192,0.5703,0.2539,0.1501,0.031,0.031,0.5581,0.4634,0.2661,0.1477,0.031,0.031
0.6157,0.4302,0.4985,0.249,0.1501,0.031,0.031,0.5664,0.394,0.5605,0.2593,0.1501,0.031,0.031,0.6255,0.6396,0.2324,0.1501,0.031,0.031,0.4268,0.4507,0.2544,0.1501,0.031,0.031,0.5378,0.5439,0.2231,0.1501,0.031,0.031,0.6255,0.5313,0.271,0.1501,0.031,0.031,0.5386,0.3862,0.2783,0.1489,0.031,0.031,0.4448,0.5361,0.2539,0.1477,0.031,0.031,0.5491,0.52,0.2397,0.1501,0.031,0.031,0.4248,0.4766,0.249,0.1489,0.031,0.031,0.47,0.437,0.249,0.1489,0.031,0.031,0.394,0.4717,0.2593,0.1501,0.031,0.031,0.5095,0.4653,0.2759,0.1465,0.031,0.031,0.5129,0.4185,0.2075,0.1501,0.031,0.031,0.4727,0.4819,0.2344,0.1501,0.031,0.031,0.606,0.5308,0.271,0.1465,0.031,0.031,0.6116,0.4819,0.2446,0.1501,0.031,0.031,0.5137,0.5293,0.2759,0.1282,0.031,0.031,0.4478,0.4702,0.2539,0.1501,0.031,0.031,0.5754,0.6924,0.249,0.1501,0.031,0.031,0.6462,0.4546,0.2808,0.1501,0.031,0.031,0.467,0.605,0.2324,0.1501,0.031,0.031,0.4998,0.3926,0.2759,0.1501,0.031,0.031,0.3623,0.4702,0.2515,0.1501,0.031,0.031,0.6289,0.5293,0.2808,0.1501,0.031,0.031,0.5747,0.5435,0.2197,0.2231,0.1489,0.031,0.031,0.4976,0.5859,0.2588,0.1501,0.031,0.031,0.4824,0.4438,0.271,0.1489,0.031,0.031,0.4192,0.5703,0.2539,0.1501,0.031,0.031,0.5581,0.4634,0.2661,0.1477,0.031,0.031
0.6157,0.4302,0.4985,0.249,0.1501,0.031,0.031,0.5664,0.394,0.5605,0.2593,0.1501,0.031,0.031,0.6255,0.6396,0.2324,0.1501,0.031,0.031,0.4268,0.4507,0.2544,0.1501,0.031,0.031,0.5378,0.5439,0.2231,0.1501,0.031,0.031,0.6255,0.5313,0.271,0.1501,0.031,0.031,0.5386,0.3862,0.2783,0.1489,0.031,0.031,0.4448,0.5361,0.2539,0.1477,0.031,0.031,0.5491,0.52,0.2397,0.1501,0.031,0.031,0.4248,0.4766,0.249,0.1489,0.031,0.031,0.47,0.437,0.249,0.1489,0.031,0.031,0.394,0.4717,0.2593,0.1501,0.031,0.031,0.5095,0.4653,0.2759,0.1465,0.031,0.031,0.5129,0.4185,0.2075,0.1501,0.031,0.031,0.4727,0.4819,0.2344,0.1501,0.031,0.031,0.606,0.5308,0.271,0.1465,0.031,0.031,0.6116,0.4819,0.2446,0.1501,0.031,0.031,0.5137,0.5293,0.2759,0.1282,0.031,0.031,0.4478,0.4702,0.2539,0.1501,0.031,0.031,0.5754,0.6924,0.249,0.1501,0.031,0.031,0.6462,0.4546,0.2808,0.1501,0.031,0.031,0.467,0.605,0.2324,0.1501,0.031,0.031,0.4998,0.3926,0.2783,0.1501,0.031,0.031,0.3623,0.4702,0.2515,0.1501,0.031,0.031,0.6289,0.5293,0.2808,0.1501,0.031,0.031,0.5747,0.5435,0.2197,0.2231,0.1489,0.031,0.031,0.4976,0.5859,0.2588,0.1501,0.031,0.031,0.4824,0.4438,0.271,0.1489,0.031,0.031,0.4192,0.5703,0.2539,0.1501,0.031,0.031,0.5581,0.4634,0.2661,0.1477,0.031,0.031
0.6157,0.4302,0.4985,0.249,0.1501,0.031,0.031,0.5664,0.394,0.5605,0.2593,0.1501,0.031,0.031,0.6255,0.6396,0.2324,0.1501,0.031,0.031,0.4268,0.4507,0.2544,0.1501,0.031,0.031,0.5378,0.5439,0.2231,0.1501,0.031,0.031,0.6255,0.5313,0.271,0.1501,0.031,0.031,0.5386,0.3862,0.2783,0.1489,0.031,0.031,0.4448,0.5361,0.2539,0.1477,0.031,0.031,0.5491,0.52,0.2397,0.1501,0.031,0.031,0.4248,0.4766,0.249,0.1489,0.031,0.031,0.47,0.437,0.249,0.1489,0.031,0.031,0.394,0.4717,0.2593,0.1501,0.031,0.031,0.5095,0.4653,0.2759,0.1465,0.031,0.031,0.5129,0.4185,0.2075,0.1501,0.031,0.031,0.4727,0.4819,0.2344,0.1501,0.031,0.031,0.606,0.5308,0.271,0.1465,0.031,0.031,0.6116,0.4819,0.2446,0.1501,0.031,0.031,0.5137,0.5293,0.2759,0.1282,0.031,0.031,0.4478,0.4702,0.2539,0.1501,0.031,0.031,0.5754,0.6924,0.249,0.1501,0.031,0.031,0.6462,0.4546,0.2808,0.1501,0.031,0.031,0.467,0.605,0.2324,0.1501,0.031,0.031,0.4998,0.3926,0.2783,0.1501,0.031,0.031,0.3623,0.4702,0.2515,0.1501,0.031,0.031,0.6289,0.5293,0.2808,0.1501,0.031,0.031,0.5747,0.5435,0.2197,0.2231,0.1489,0.031,0.031,0.4976,0.5859,0.2588,0.1501,0.031,0.031,0.4824,0.4438,0.271,0.1489,0.031,0.031,0.4192,0.5703,0.2539,0.1501,0.031,0.031,0.5581,0.4634,0.2661,0.1477,0.031,0.031
0.6157,0.4302,0.4985,0.249,0.1501,0.031,0.031,0.5664,0.394,0.5605,0.2593,0.1501,0.031,0.031,0.6255,0.6396,0.2324,0.1501,0.031,0.031,0.4268,0.4507,0.2544,0.1501,0.031,0.031,0.5378,0.5439,0.2231,0.1501,0.031,0.031,0.6255,0.5313,0.271,0.1501,0.031,0.031,0.5386,0.3911,0.2783,0.1489,0.031,0.031,0.4448,0.5361,0.2539,0.1477,0.031,0.031,0.5491,0.52,0.2397,0.1501,0.031,0.031,0.4248,0.4766,0.249,0.1489,0.031,0.031,0.47,0.437,0.249,0.1489,0.031,0.031,0.394,0.4717,0.2593,0.1501,0.031,0.031,0.5095,0.4653,0.2759,0.1465,0.031,0.031,0.5129,0.4185,0.2075,0.1501,0.031,0.031,0.4727,0.4819,0.2344,0.1501,0.031,0.031,0.606,0.5308,0.271,0.1465,0.031,0.031,0.6116,0.4819,0.2446,0.1501,0.031,0.031,0.5137,0.5293,0.2759,0.1282,0.031,0.031,0.4478,0.4702,0.2539,0.1501,0.031,0.031,0.5754,0.6924,0.249,0.1501,0.031,0.031,0.6462,0.4546,0.2808,0.1501,0.031,0.031,0.467,0.605,0.2324,0.1501,0.031,0.031,0.4998,0.3926,0.2783,0.1501,0.031,0.031,0.3623,0.4702,0.2515,0.1501,0.031,0.031,0.6289,0.5293,0.2808,0.1501,0.031,0.031,0.5747,0.5435,0.2197,0.2231,0.1489,0.031,0.031,0.4976,0.5859,0.2588,0.1501,0.031,0.031,0.4824,0.4438,0.271,0.1489,0.031,0.031,0.4192,0.5703,0.2539,0.1501,0.031,0.031,0.5581,0.4634,0.2661,0.1477,0.031,0.031
0.6157,0.4302,0.4985,0.249,0.1501,0.031,0.031,0.5664,0.394,0.5605,0.2593,0.1501,0.031,0.031,0.6255,0.6396,0.2324,0.1501,0.031,0.031,0.4268,0.4507,0.2544,0.1501,0.031,0.031,0.5378,0.5439,0.2231,0.1501,0.031,0.031,0.6255,0.5313,0.271,0.1501,0.031,0.031,0.5386,0.3911,0.2783,0.1489,0.031,0.031,0.4448,0.5361,0.2539,0.1477,0.031,0.031,0.5491,0.52,0.2397,0.1501,0.031,0.031,0.4248,0.4766,0.249,0.1489,0.031,0.031,0.47,0.437,0.249,0.1489,0.031,0.031,0.394,0.4717,0.2593,0.1501,0.031,0.031,0.5095,0.4653,0.2759,0.1465,0.031,0.031,0.5129,0.4185,0.2075,0.1501,0.031,0.031,0.4727,0.4819,0.2368,0.1501,0.031,0.031,0.606,0.5308,0.271,0.1465,0.031,0.031,0.6116,0.4819,0.2446,0.1501,0.031,0.031,0.5137,0.5293,0.2759,0.1282,0.031,0.031,0.4478,0.4702,0.2539,0.1501,0.031,0.031,0.5754,0.6924,0.249,0.1501,0.031,0.031,0.6462,0.4546,0.2808,0.1501,0.031,0.031,0.467,0.605,0.2324,0.1501,0.031,0.031,0.4998,0.3926,0.2783,0.1501,0.031,0.031,0.3623,0.4702,0.2515,0.1501,0.031,0.031,0.6289,0.5293,0.2808,0.1501,0.031,0.031,0.5747,0.5435,0.2197,0.2231,0.1489,0.031,0.031,0.4976,0.5859,0.2588,0.1501,0.031,0.031,0.4824,0.4438,0.271,0.1489,0.031,0.031,0.4192,0.5703,0.2539,0.1501,0.031,0.031,0.5581,0.4634,0.2661,0.1477,0.031,0.031
0.6157,0.4302,0.4985,0.249,0.1501,0.031,0.031,0.5664,0.394,0.5605,0.2593,0.1501,0.031,0.031,0.6255,0.6396,0.2324,0.1501,0.031,0.031,0.4268,0.4507,0.2544,0.1501,0.031,0.031,0.5378,0.5439,0.2231,0.1501,0.031,0.031,0.6255,0.5313,0.271,0.1501,0.031,0.031,0.5386,0.3911,0.2783,0.1489,0.031,0.031,0.4448,0.5361,0.2539,0.1477,0.031,0.031,0.5491,0.52,0.2397,0.1501,0.031,0.031,0.4248,0.4766,0.249,0.1489,0.031,0.031,0.47,0.437,0.249,0.1489,0.031,0.031,0.394,0.4717,0.2593,0.1501,0.031,0.031,0.5095,0.4653,0.2759,0.1465,0.031,0.031,0.5129,0.4185,0.2075,0.1501,0.031,0.031,0.4727,0.4819,0.2368,0.1501,0.031,0.031,0.606,0.5308,0.271,0.1465,0.031,0.031,0.6116,0.4819,0.2446,0.1501,0.031,0.031,0.5137,0.5293,0.2759,0.1282,0.031,0.031,0.4478,0.4702,0.2539,0.1501,0.031,0.031,0.5754,0.6924,0.249,0.1501,0.031,0.031,0.6462,0.4546,0.2808,0.1501,0.031,0.031,0.467,0.605,0.2324,0.1501,0.031,0.031,0.4998,0.3926,0.2783,0.1501,0.031,0.031,0.3623,0.4702,0.2515,0.1501,0.031,0.031,0.6289,0.5293,0.2808,0.1501,0.031,0.031,0.5747,0.5435,0.2197,0.2231,0.1489,0.031,0.031,0.4976,0.5859,0.2588,0.1501,0.031,0.031,0.4824,0.4438,0.271,0.1489,0.031,0.031,0.4192,0.5703,0.2539,0.1501,0.031,0.031,0.5581,0.4634,0.2661,0.1477,0.031,0.031
0.6157,0.4302,0.4985,0.249,0.1501,0.031,0.031,0.5664,0.394,0.5605,0.2593,0.1501,0.031,0.031,0.6255,0.6396,0.2324,0.1501,0.031,0.031,0.4268,0.4507,0.2544,0.1501,0.031,0.031,0.5378,0.5439,0.2231,0.1501,0.031,0.031,0.6255,0.5313,0.271,0.1501,0.031,0.031,0.5386,0.3911,0.2783,0.1489,0.031,0.031,0.4448,0.5361,0.2539,0.1477,0.031,0.031,0.5491,0.52,0.2397,0.1501,0.031,0.031,0.4248,0.4766,0.249,0.1489,0.031,0.031,0.47,0.437,0.249,0.1489,0.031,0.031,0.394,0.4717,0.2593,0.1501,0.031,0.031,0.5095,0.4653,0.2759,0.1465,0.031,0.031,0.5129,0.4185,0.2075,0.1501,0.031,0.031,0.4727,0.4819,0.2368,0.1501,0.031,0.031,0.606,0.5308,0.271,0.1465,0.031,0.031,0.6116,0.4819,0.2446,0.1501,0.031,0.031,0.5137,0.5293,0.2759,0.1282,0.031,0.031,0.4478,0.4702,0.2539,0.1501,0.031,0.031,0.5754,0.6924,0.249,0.1501,0.031,0.031,0.6462,0.4546,0.2808,0.1501,0.031,0.031,0.467,0.605,0.2324,0.1501,0.031,0.031,0.4998,0.3926,0.2783,0.1501,0.031,0.031,0.3623,0.4702,0.2515,0.1501,0.031,0.031,0.6289,0.5293,0.2808,0.1501,0.031,0.031,0.5747,0.5435,0.2197,0.2231,0.1489,0.031,0.031,0.4976,0.5859,0.2588,0.1501,0.031,0.031,0.4824,0.4438,0.271,0.1489,0.031,0.031,0.4192,0.5703,0.2539,0.1501,0.031,0.031,0.5581,0.4634,0.2661,0.1477,0.031,0.031
0.6157,0.4302,0.4985,0.249,0.1501,0.031,0.031,0.5664,0.394,0.5605,0.2593,0.1501,0.031,0.031,0.6255,0.6396,0.2324,0.1501,0.031,0.031,0.4268,0.4507,0.2544,0.1501,0.031,0.031,0.5378,0.5439,0.2231,0.1501,0.031,0.031,0.6255,0.5313,0.271,0.1501,0.031,0.031,0.5386,0.3911,0.2783,0.1489,0.031,0.031,0.4448,0.5361,0.2539,0.1477,0.031,0.031,0.5491,0.52,0.2397,0.1501,0.031,0.031,0.4248,0.4766,0.249,0.1489,0.031,0.031,0.47,0.437,0.249,0.1489,0.031,0.031,0.394,0.4717,0.2593,0.1501,0.031,0.031,0.5095,0.4653,0.2759,0.1465,0.031,0.031,0.5129,0.4185,0.2075,0.1501,0.031,0.031,0.4727,0.4819,0.2368,0.1501,0.031,0.031,0.606,0.5308,0.271,0.1465,0.031,0.031,0.6116,0.4819,0.2446,0.1501,0.031,0.031,0.5137,0.5293,0.2759,0.1282,0.031,0.031,0.4478,0.4702,0.2539,0.1501,0.031,0.031,0.5754,0.6924,0.249,0.1501,0.031,0.031,0.6462,0.4546,0.2808,0.1501,0.031,0.031,0.467,0.605,0.2324,0.1501,0.031,0.031,0.4998,0.3926,0.2783,0.1501,0.031,0.031,0.3623,0.4702,0.2515,0.1501,0.031,0.031,0.6289,0.5293,0.2808,0.1501,0.031,0.031,0.5747,0.5435,0.2197,0.2231,0.1489,0.031,0.031,0.4976,0.5859,0.2588,0.1501,0.031,0.031,0.4824,0.4438,0.271,0.1489,0.031,0.031,0.4192,0.5703,0.2539,0.1501,0.031,0.031,0.5581,0.4634,0.2661,0.1477,0.031,0.031
0.6157,0.4302,0.4985,0.249,0.1501,0.031,0.031,0.5664,0.394,0.5605,0.2593,0.1501,0.031,0.031,0.6255,0.6396,0.2324,0.1501,0.031,0.031,0.4268,0.4507,0.2544,0.1501,0.031,0.031,0.5378,0.5439,0.2231,0.1501,0.031,0.031,0.6255,0.5313,0.271,0.1501,0.031,0.031,0.5386,0.3911,0.2783,0.1489,0.031,0.031,0.4448,0.5361,0.2539,0.1477,0.031,0.031,0.5491,0.52,0.2397,0.1501,0.031,0.031,0.4248,0.4766,0.249,0.1489,0.031,0.031,0.47,0.437,0.249,0.1489,0.031,0.031,0.394,0.4717,0.2593,0.1501,0.031,0.031,0.5095,0.4653,0.2759,0.1465,0.031,0.031,0.5129,0.4185,0.2075,0.1501,0.031,0.031,0.4727,0.4819,0.2368,0.1501,0.031,0.031,0.606,0.5308,0.271,0.1465,0.031,0.031,0.6116,0.4819,0.2446,0.1501,0.031,0.031,0.5137,0.5293,0.2759,0.1282,0.031,0.031,0.4478,0.4702,0.2539,0.1501,0.031,0.031,0.5754,0.6924,0.249,0.1501,0.031,0.031,0.6462,0.4546,0.2808,0.1501,0.031,0.031,0.467,0.605,0.2324,0.1501,0.031,0.031,0.4998,0.3926,0.2783,0.1501,0.031,0.031,0.3623,0.4702,0.2515,0.1501,0.031,0.031,0.6289,0.5293,0.2808,0.1501,0.031,0.031,0.5747,0.5435,0.2197,0.2231,0.1489,0.031,0.031,0.4976,0.5859,0.2588,0.1501,0.031,0.031,0.4824,0.4438,0.271,0.1489,0.031,0.031,0.4192,0.5703,0.2539,0.1501,0.031,0.031,0.5581,0.4634,0.2661,0.1477,0.031,0.031
0.6157,0.4302,0.4985,0.249,0.1501,0.031,0.031,0.5664,0.394,0.5605,0.2593,0.1501,0.031,0.031,0.6255,0.6396,0.2324,0.1501,0.031,0.031,0.4268,0.4507,0.2544,0.1501,0.031,0.031,0.5378,0.5439,0.2231,0.1501,0.031,0.031,0.6255,0.5313,0.271,0.1501,0.031,0.031,0.5386,0.3911,0.2783,0.1489,0.031,0.031,0.4448,0.5361,0.2539,0.1477,0.031,0.031,0.5491,0.52,0.2397,0.1501,0.031,0.031,0.4248,0.4766,0.249,0.1489,0.031,0.031,0.47,0.437,0.249,0.1489,0.031,0.031,0.394,0.4717,0.2593,0.1501,0.031,0.031,0.5095,0.4653,0.2759,0.1465,0.031,0.031,0.5129,0.4185,0.2075,0.1501,0.031,0.031,0.4727,0.4819,0.2368,0.1501,0.031,0.031,0.606,0.5308,0.271,0.1465,0.031,0.031,0.6116,0.4819,0.2446,0.1501,0.031,0.031,0.5137,0.5293,0.2759,0.1282,0.031,0.031,0.4478,0.4702,0.2539,0.1501,0.031,0.031,0.5754,0.6924,0.249,0.1501,0.031,0.031,0.6462,0.4546,0.2808,0.1501,0.031,0.031,0.467,0.605,0.2324,0.1501,0.031,0.031,0.4998,0.3926,0.2783,0.1501,0.031,0.031,0.3623,0.4702,0.2515,0.1501,0.031,0.031,0.6289,0.5293,0.2808,0.1501,0.031,0.031,0.5747,0.5435,0.2197,0.2231,0.1489,0.031,0.031,0.4976,0.5859,0.2588,0.1501,0.031,0.031,0.4824,0.4438,0.271,0.1489,0.031,0.031,0.4192,0.5703,0.2539,0.1501,0.031,0.031,0.5581,0.4634,0.2661,0.1477,0.031,0.031
0.6157,0.4302,0.4985,0.249,0.1501,0.031,0.031,0.5664,0.394,0.5605,0.2593,0.1501,0.031,0.031,0.6255,0.6396,0.2324,0.1501,0.031,0.031,0.4268,0.4507,0.2544,0.1501,0.031,0.031,0.5378,0.5439,0.2231,0.1501,0.031,0.031,0.6255,0.5313,0.271,0.1501,0.031,0.031,0.5386,0.3911,0.2783,0.1489,0.031,0.031,0.4448,0.5361,0.2539,0.1477,0.031,0.031,0.5491,0.52,0.2397,0.1501,0.031,0.031,0.4248,0.4766,0.249,0.1489,0.031,0.031,0.47,0.437,0.249,0.1489,0.031,0.031,0.394,0.4717,0.2593,0.1501,0.031,0.031,0.5095,0.4653,0.2759,0.1465,0.031,0.031,0.5129,0.4185,0.2075,0.1501,0.031,0.031,0.4727,0.4819,0.2368,0.1501,0.031,0.031,0.606,0.5308,0.271,0.1465,0.031,0.031,0.6116,0.4819,0.2446,0.1501,0.031,0.031,0.5137,0.5293,0.2759,0.1282,0.031,0.031,0.4478,0.4702,0.2539,0.1501,0.031,0.031,0.5754,0.6924,0.249,0.1501,0.031,0.031,0.6462,0.4546,0.2808,0.1501,0.031,0.031,0.467,0.605,0.2324,0.1501,0.031,0.031,0.4998,0.3926,0.2783,0.1501,0.031,0.031,0.3623,0.4702,0.2515,0.1501,0.031,0.031,0.6289,0.5293,0.2808,0.1501,0.031,0.031,0.5747,0.5435,0.2197,0.2231,0.1489,0.031,0.031,0.4976,0.5859,0.2588,0.1501,0.031,0.031,0.4824,0.4438,0.271,0.1489,0.031,0.031,0.4192,0.5703,0.2539,0.1501,0.031,0.031,0.5581,0.4634,0.2661,0.1477,0.031,0.031
0.6157,0.4302,0.4985,0.249,0.1501,0.031,0.031,0.5664,0.394,0.5605,0.2593,0.1501,0.031,0.031,0.6255,0.6396,0.2324,0.1501,0.031,0.031,0.4268,0.4507,0.2544,0.1501,0.031,0.031,0.5378,0.5439,0.2231,0.1501,0.031,0.031,0.6255,0.5313,0.271,0.1501,0.031,0.031,0.5386,0.3911,0.2783,0.1489,0.031,0.031,0.4448,0.5361,0.2539,0.1477,0.031,0.031,0.5491,0.52,0.2397,0.1501,0.031,0.031,0.4248,0.4766,0.249,0.1489,0.031,0.031,0.47,0.437,0.249,0.1489,0.031,0.031,0.394,0.4717,0.2593,0.1501,0.031,0.031,0.5095,0.4653,0.2759,0.1465,0.031,0.031,0.5129,0.4185,0.2075,0.1501,0.031,0.031,0.4727,0.4819,0.2368,0.1501,0.031,0.031,0.606,0.5308,0.271,0.1465,0.031,0.031,0.6116,0.4819,0.2446,0.1501,0.031,0.031,0.5137,0.5293,0.2759,0.1282,0.031,0.031,0.4478,0.4702,0.2539,0.1501,0.031,0.031,0.5754,0.6924,0.249,0.1501,0.031,0.031,0.6462,0.4546,0.2808,0.1501,0.031,0.031,0.467,0.605,0.2324,0.1501,0.031,0.031,0.4998,0.3926,0.2783,0.1501,0.031,0.031,0.3623,0.4702,0.2515,0.1501,0.031,0.031,0.6289,0.5293,0.2808,0.1501,0.031,0.031,0.5747,0.5435,0.2197,0.2231,0.1489,0.031,0.031,0.4976,0.5859,0.2588,0.1501,0.031,0.031,0.4824,0.4438,0.271,0.1489,0.031,0.031,0.4192,0.5703,0.2539,0.1501,0.031,0.031,0.5581,0.4634,0.2661,0.1477,0.031,0.031
0.6157,0.4302,0.4985,0.249,0.1501,0.031,0.031,0.5664,0.394,0.5605,0.2593,0.1501,0.031,0.031,0.6255,0.6396,0.2324,0.1501,0.031,0.031,0.4268,0.4507,0.2544,0.1501,0.031,0.031,0.5378,0.5439,0.2231,0.1501,0.031,0.031,0.6255,0.5313,0.271,0.1501,0.031,0.031,0.5386,0.3911,0.2783,0.1489,0.031,0.031,0.4448,0.5361,0.2539,0.1477,0.031,0.031,0.5491,0.52,0.2397,0.1501,0.031,0.031,0.4248,0.4766,0.249,0.1489,0.031,0.031,0.47,0.437,0.249,0.1489,0.031,0.031,0.394,0.4717,0.2593,0.1501,0.031,0.031,0.5095,0.4653,0.2759,0.1465,0.031,0.031,0.5129,0.4185,0.21,0.1501,0.031,0.031,0.4727,0.4819,0.2368,0.1501,0.031,0.031,0.606,0.5308,0.271,0.1465,0.031,0.031,0.6116,0.4819,0.2446,0.1501,0.031,0.031,0.5137,0.5293,0.2759,0.1282,0.031,0.031,0.4478,0.4702,0.2539,0.1501,0.031,0.031,0.5754,0.6924,0.249,0.1501,0.031,0.031,0.6462,0.4546,0.2808,0.1501,0.031,0.031,0.467,0.605,0.2324,0.1501,0.031,0.031,0.4998,0.3926,0.2783,0.1501,0.031,0.031,0.3623,0.4702,0.2515,0.1501,0.031,0.031,0.6289,0.5293,0.2808,0.1501,0.031,0.031,0.5747,0.5435,0.2197,0.2231,0.1489,0.031,0.031,0.4976,0.5859,0.2588,0.1501,0.031,0.031,0.4824,0.4438,0.271,0.1489,0.031,0.031,0.4192,0.5703,0.2539,0.1501,0.031,0.031,0.5581,0.4634,0.2661,0.1477,0.031,0.031
0.6157,0.4302,0.4985,0.249,0.1501,0.031,0.031,0.5664,0.394,0.5605,0.2593,0.1501,0.031,0.031,0.6255,0.6396,0.2324,0.1501,0.031,0.031,0.4268,0.4507,0.2544,0.1501,0.031,0.031,0.5378,0.5439,0.2231,0.1501,0.031,0.031,0.6255,0.5313,0.271,0.1501,0.031,0.031,0.5386,0.3911,0.2783,0.1489,0.031,0.031,0.4448,0.5361,0.2539,0.1477,0.031,0.031,0.5491,0.52,0.2397,0.1501,0.031,0.031,0.4248,0.4766,0.249,0.1489,0.031,0.031,0.47,0.437,0.249,0.1489,0.031,0.031,0.394,0.4717,0.2593,0.1501,0.031,0.031,0.5095,0.4653,0.2759,0.1465,0.031,0.031,0.5129,0.4185,0.21,0.1501,0.031,0.031,0.4727,0.4819,0.2368,0.1501,0.031,0.031,0.606,0.5308,0.271,0.1465,0.031,0.031,0.6116,0.4819,0.2446,0.1501,0.031,0.031,0.5137,0.5293,0.2759,0.1282,0.031,0.031,0.4478,0.4702,0.2539,0.1501,0.031,0.031,0.5754,0.6924,0.249,0.1501,0.031,0.031,0.6462,0.4546,0.2808,0.1501,0.031,0.031,0.467,0.605,0.2324,0.1501,0.031,0.031,0.4998,0.3926,0.2783,0.1501,0.031,0.031,0.3623,0.4702,0.2515,0.1501,0.031,0.031,0.6289,0.5293,0.2808,0.1501,0.031,0.031,0.5747,0.5435,0.2197,0.2231,0.1489,0.031,0.031,0.4976,0.5859,0.2588,0.1501,0.031,0.031,0.4824,0.4438,0.271,0.1489,0.031,0.031,0.4192,0.5703,0.2539,0.1501,0.031,0.031,0.5581,0.4634,0.2661,0.1477,0.031,0.031
0.6157,0.4302,0.4985,0.249,0.1501,0.031,0.031,0.5664,0.394,0.5605,0.2593,0.1501,0.031,0.031,0.6255,0.6396,0.2324,0.1501,0.031,0.031,0.4268,0.4507,0.2544,0.1501,0.031,0.031,0.5378,0.5439,0.2231,0.1501,0.031,0.031,0.6255,0.5313,0.271,0.1501,0.031,0.031,0.5386,0.3911,0.2783,0.1489,0.031,0.031,0.4448,0.5361,0.2539,0.1477,0.031,0.031,0.5491,0.52,0.2397,0.1501,0.031,0.031,0.4248,0.4766,0.249,0.1489,0.031,0.031,0.47,0.437,0.249,0.1489,0.031,0.031,0.394,0.4717,0.2593,0.1501,0.031,0.031,0.5095,0.4653,0.2759,0.1465,0.031,0.031,0.5129,0.4185,0.2222,0.1501,0.031,0.031,0.4727,0.4819,0.2368,0.1501,0.031,0.031,0.606,0.5308,0.271,0.1465,0.031,0.031,0.6248,0.4819,0.2446,0.1501,0.031,0.031,0.5137,0.5293,0.2759,0.1282,0.031,0.031,0.4478,0.4702,0.2539,0.1501,0.031,0.031,0.5754,0.6924,0.249,0.1501,0.031,0.031,0.6462,0.4546,0.2808,0.1501,0.031,0.031,0.467,0.605,0.2324,0.1501,0.031,0.031,0.4998,0.3926,0.2783,0.1501,0.031,0.031,0.3623,0.4702,0.2515,0.1501,0.031,0.031,0.6289,0.5293,0.2808,0.1501,0.031,0.031,0.5747,0.5435,0.2197,0.2231,0.1489,0.031,0.031,0.4976,0.5859,0.2588,0.1501,0.031,0.031,0.4824,0.4438,0.271,0.1489,0.031,0.031,0.4192,0.5703,0.2539,0.1501,0.031,0.031,0.5581,0.4634,0.2661,0.1477,0.031,0.031
0.6157,0.4302,0.4985,0.249,0.1501,0.031,0.031,0.5664,0.394,0.5605,0.2593,0.1501,0.031,0.031,0.6255,0.6396,0.2324,0.1501,0.031,0.031,0.4268,0.4507,0.2544,0.1501,0.031,0.031,0.5378,0.5439,0.2231,0.1501,0.031,0.031,0.6255,0.5313,0.271,0.1501,0.031,0.031,0.5386,0.3911,0.2783,0.1489,0.031,0.031,0.4448,0.5361,0.2539,0.1477,0.031,0.031,0.5491,0.52,0.2397,0.1501,0.031,0.031,0.4248,0.4766,0.249,0.1489,0.031,0.031,0.47,0.437,0.249,0.1489,0.031,0.031,0.394,0.4717,0.2593,0.1501,0.031,0.031,0.5095,0.4653,0.2759,0.1465,0.031,0.031,0.5129,0.4185,0.2222,0.1501,0.031,0.031,0.4727,0.5049,0.2368,0.1501,0.031,0.031,0.606,0.5308,0.271,0.1465,0.031,0.031,0.6248,0.4819,0.2446,0.1501,0.031,0.031,0.5137,0.5293,0.2759,0.1282,0.031,0.031,0.4478,0.4702,0.2539,0.1501,0.031,0.031,0.5754,0.6924,0.249,0.1501,0.031,0.031,0.6462,0.4546,0.2808,0.1501,0.031,0.031,0.467,0.605,0.2324,0.1501,0.031,0.031,0.4998,0.3926,0.2783,0.1501,0.031,0.031,0.3623,0.4702,0.2515,0.1501,0.031,0.031,0.6289,0.5293,0.2808,0.1501,0.031,0.031,0.5747,0.5435,0.2197,0.2231,0.1489,0.031,0.031,0.4976,0.5859,0.2588,0.1501,0.031,0.031,0.4824,0.4438,0.271,0.1489,0.031,0.031,0.4192,0.5703,0.2539,0.1501,0.031,0.031,0.5581,0.4634,0.2661,0.1477,0.031,0.031
0.6157,0.4302,0.4985,0.249,0.1501,0.031,0.031,0.5664,0.394,0.5605,0.2593,0.1501,0.031,0.031,0.6255,0.6396,0.2324,0.1501,0.031,0.031,0.4268,0.4507,0.2544,0.1501,0.031,0.031,0.5378,0.5439,0.2231,0.1501,0.031,0.031,0.6255,0.5313,0.271,0.1501,0.031,0.031,0.5386,0.3911,0.2783,0.1489,0.031,0.031,0.4448,0.5361,0.2539,0.1477,0.031,0.031,0.5491,0.52,0.2397,0.1501,0.031,0.031,0.4248,0.4766,0.249,0.1489,0.031,0.031,0.47,0.437,0.249,0.1489,0.031,0.031,0.394,0.4717,0.2593,0.1501,0.031,0.031,0.5095,0.4653,0.2759,0.1465,0.031,0.031,0.5129,0.4185,0.2222,0.1501,0.031,0.031,0.4727,0.5049,0.2368,0.1501,0.031,0.031,0.606,0.5308,0.271,0.1465,0.031,0.031,0.6248,0.4819,0.2446,0.1501,0.031,0.031,0.5137,0.5293,0.2759,0.1282,0.031,0.031,0.4478,0.4702,0.2539,0.1501,0.031,0.031,0.5754,0.6924,0.249,0.1501,0.031,0.031,0.6462,0.4546,0.2808,0.1501,0.031,0.031,0.467,0.605,0.2324,0.1501,0.031,0.031,0.4998,0.3926,0.2783,0.1501,0.031,0.031,0.3623,0.4702,0.2515,0.1501,0.031,0.031,0.6289,0.5293,0.2808,0.1501,0.031,0.031,0.5747,0.5435,0.2197,0.2231,0.1489,0.031,0.031,0.4976,0.5859,0.2588,0.1501,0.031,0.031,0.4824,0.4438,0.271,0.1489,0.031,0.031,0.4192,0.5703,0.2539,0.1501,0.031,0.031,0.5581,0.4634,0.2661,0.1477,0.031,0.031
0.6157,0.4302,0.4985,0.249,0.1501,0.031,0.031,0.5664,0.394,0.5605,0.2593,0.1501,0.031,0.031,0.6255,0.6396,0.2324,0.1501,0.031,0.031,0.4268,0.4507,0.2544,0.1501,0.031,0.031,0.5378,0.5439,0.2231,0.1501,0.031,0.031,0.6255,0.5313,0.271,0.1501,0.031,0.031,0.5386,0.3911,0.2783,0.1489,0.031,0.031,0.4448,0.5361,0.2539,0.1477,0.031,0.031,0.5491,0.52,0.2397,0.1501,0.031,0.031,0.4248,0.4766,0.249,0.1489,0.031,0.031,0.47,0.437,0.249,0.1489,0.031,0.031,0.394,0.4717,0.2593,0.1501,0.031,0.031,0.5095,0.4653,0.2759,0.1465,0.031,0.031,0.5129,0.4185,0.2222,0.1501,0.031,0.031,0.4727,0.5049,0.2368,0.1501,0.031,0.031,0.606,0.5308,0.271,0.1465,0.031,0.031,0.6248,0.4819,0.2446,0.1501,0.031,0.031,0.5137,0.5293,0.2759,0.1282,0.031,0.031,0.4478,0.4702,0.2539,0.1501,0.031,0.031,0.5754,0.6924,0.249,0.1501,0.031,0.031,0.6462,0.4546,0.2808,0.1501,0.031,0.031,0.467,0.605,0.2324,0.1501,0.031,0.031,0.4998,0.3926,0.2783,0.1501,0.031,0.031,0.3623,0.4702,0.2515,0.1501,0.031,0.031,0.6289,0.5293,0.2808,0.1501,0.031,0.031,0.5747,0.5435,0.2197,0.2231,0.1489,0.031,0.031,0.4976,0.5859,0.2588,0.1501,0.031,0.031,0.4824,0.4438,0.271,0.1489,0.031,0.031,0.4192,0.5703,0.2539,0.1501,0.031,0.031,0.5581,0.4634,0.2661,0.1477,0.031,0.031
0.6157,0.4302,0.4985,0.249,0.1501,0.031,0.031,0.5664,0.394,0.5605,0.2593,0.1501,0.031,0.031,0.6255,0.6396,0.2324,0.1501,0.031,0.031,0.4268,0.4507,0.2544,0.1501,0.031,0.031,0.5378,0.5439,0.2231,0.1501,0.031,0.031,0.6255,0.5313,0.271,0.1501,0.031,0.031,0.5386,0.3911,0.2783,0.1489,0.031,0.031,0.4448,0.5361,0.2539,0.1477,0.031,0.031,0.5491,0.52,0.2397,0.1501,0.031,0.031,0.4248,0.4766,0.249,0.1489,0.031,0.031,0.47,0.437,0.249,0.1489,0.031,0.031,0.394,0.4717,0.2593,0.1501,0.031,0.031,0.5095,0.4653,0.2759,0.1465,0.031,0.031,0.5129,0.4185,0.2222,0.1501,0.031,0.031,0.4727,0.5049,0.2368,0.1501,0.031,0.031,0.606,0.5308,0.271,0.1465,0.031,0.031,0.6248,0.4819,0.2446,0.1501,0.031,0.031,0.5137,0.5293,0.2759,0.1282,0.031,0.031,0.4478,0.4702,0.2539,0.1501,0.031,0.031,0.5754,0.6924,0.249,0.1501,0.031,0.031,0.6462,0.4546,0.2808,0.1501,0.031,0.031,0.467,0.605,0.2324,0.1501,0.031,0.031,0.4998,0.3926,0.2783,0.1501,0.031,0.031,0.3623,0.4702,0.2515,0.1501,0.031,0.031,0.6289,0.5293,0.2808,0.1501,0.031,0.031,0.5747,0.5435,0.2197,0.2231,0.1489,0.031,0.031,0.4976,0.5859,0.2588,0.1501,0.031,0.031,0.4824,0.4438,0.271,0.1489,0.031,0.031,0.4463,0.5703,0.2539,0.1501,0.031,0.031,0.5581,0.4634,0.2661,0.1477,0.031,0.031
0.6157,0.4302,0.4985,0.249,0.1501,0.031,0.031,0.5664,0.394,0.5605,0.2593,0.1501,0.031,0.031,0.6255,0.6396,0.2324,0.1501,0.031,0.031,0.4268,0.4507,0.2544,0.1501,0.031,0.031,0.5378,0.5439,0.2231,0.1501,0.031,0.031,0.6255,0.5313,0.271,0.1501,0.031,0.031,0.5386,0.3911,0.2783,0.1489,0.031,0.031,0.4448,0.5361,0.2539,0.1477,0.031,0.031,0.5491,0.52,0.2397,0.1501,0.031,0.031,0.4248,0.4766,0.249,0.1489,0.031,0.031,0.47,0.437,0.249,0.1489,0.031,0.031,0.394,0.4717,0.2593,0.1501,0.031,0.031,0.5095,0.4653,0.2759,0.1465,0.031,0.031,0.5129,0.4185,0.2222,0.1501,0.031,0.031,0.4727,0.5049,0.2368,0.1501,0.031,0.031,0.606,0.5308,0.271,0.1465,0.031,0.031,0.6248,0.4819,0.2446,0.1501,0.031,0.031,0.5137,0.5293,0.2759,0.1282,0.031,0.031,0.4478,0.4702,0.2539,0.1501,0.031,0.031,0.5754,0.6924,0.249,0.1501,0.031,0.031,0.6462,0.4546,0.2808,0.1501,0.031,0.031,0.467,0.605,0.2324,0.1501,0.031,0.031,0.4998,0.3926,0.2783,0.1501,0.031,0.031,0.3623,0.4702,0.2515,0.1501,0.031,0.031,0.6289,0.5293,0.2808,0.1501,0.031,0.031,0.5747,0.5435,0.2197,0.2231,0.1489,0.031,0.031,0.4976,0.5859,0.2588,0.1501,0.031,0.031,0.4824,0.4438,0.271,0.1489,0.031,0.031,0.4463,0.5703,0.2539,0.1501,0.031,0.031,0.5581,0.4634,0.2661,0.1477,0.031,0.031
0.6157,0.4302,0.4985,0.249,0.1501,0.031,0.031,0.5664,0.394,0.5605,0.2593,0.1501,0.031,0.031,0.6255,0.6396,0.2324,0.1501,0.031,0.031,0.4268,0.4507,0.2544,0.1501,0.031,0.031,0.5378,0.5439,0.2231,0.1501,0.031,0.031,0.6255,0.5313,0.271,0.1501,0.031,0.031,0.5386,0.3911,0.2783,0.1489,0.031,0.031,0.4448,0.5361,0.2539,0.1477,0.031,0.031,0.5491,0.52,0.2397,0.1501,0.031,0.031,0.4248,0.4766,0.249,0.1489,0.031,0.031,0.47,0.437,0.249,0.1489,0.031,0.031,0.394,0.4717,0.2593,0.1501,0.031,0.031,0.5095,0.4653,0.2759,0.1465,0.031,0.031,0.5129,0.4185,0.2222,0.1501,0.031,0.031,0.4727,0.5049,0.2368,0.1501,0.031,0.031,0.606,0.5308,0.271,0.1465,0.031,0.031,0.6248,0.4819,0.2446,0.1501,0.031,0.031,0.5137,0.5293,0.2759,0.1282,0.031,0.031,0.4478,0.4702,0.2539,0.1501,0.031,0.031,0.5754,0.6924,0.249,0.1501,0.031,0.031,0.6462,0.4546,0.2808,0.1501,0.031,0.031,0.467,0.605,0.2324,0.1501,0.031,0.031,0.4998,0.3926,0.2783,0.1501,0.031,0.031,0.3623,0.4702,0.2515,0.1501,0.031,0.031,0.6289,0.5293,0.2808,0.1501,0.031,0.031,0.5747,0.5435,0.2197,0.2231,0.1489,0.031,0.031,0.4976,0.5859,0.2588,0.1501,0.031,0.031,0.4824,0.4438,0.271,0.1489,0.031,0.031,0.4463,0.5703,0.2539,0.1501,0.031,0.031,0.5581,0.4634,0.2661,0.1477,0.031,0.031
0.6157,0.4302,0.4985,0.249,0.1501,0.031,0.031,0.5664,0.394,0.5605,0.2593,0.1501,0.031,0.031,0.6255,0.6396,0.2324,0.1501,0.031,0.031,0.4268,0.4507,0.2544,0.1501,0.031,0.031,0.5378,0.5439,0.2231,0.1501,0.031,0.031,0.6255,0.5313,0.271,0.1501,0.031,0.031,0.5386,0.3911,0.2783,0.1489,0.031,0.031,0.4448,0.5361,0.2539,0.1477,0.031,0.031,0.5491,0.52,0.2397,0.1501,0.031,0.031,0.4248,0.4766,0.249,0.1489,0.031,0.031,0.47,0.437,0.249,0.1489,0.031,0.031,0.394,0.4717,0.2593,0.1501,0.031,0.031,0.5095,0.4653,0.2759,0.1465,0.031,0.031,0.5129,0.4185,0.2222,0.1501,0.031,0.031,0.4727,0.5049,0.2368,0.1501,0.031,0.031,0.606,0.5308,0.271,0.1465,0.031,0.031,0.6248,0.4819,0.2446,0.1501,0.031,0.031,0.5137,0.5293,0.2759,0.1282,0.031,0.031,0.4478,0.4702,0.2539,0.1501,0.031,0.031,0.5754,0.6924,0.249,0.1501,0.031,0.031,0.6462,0.4546,0.2808,0.1501,0.031,0.031,0.467,0.605,0.2324,0.1501,0.031,0.031,0.4998,0.3926,0.2783,0.1501,0.031,0.031,0.3623,0.4702,0.2515,0.1501,0.031,0.031,0.6289,0.5293,0.2808,0.1501,0.031,0.031,0.5747,0.5435,0.2197,0.2231,0.1489,0.031,0.031,0.4976,0.5859,0.2588,0.1501,0.031,0.031,0.4824,0.4438,0.271,0.1489,0.031,0.031,0.4463,0.5703,0.2539,0.1501,0.031,0.031,0.5581,0.4634,0.2661,0.1477,0.031,0.031
0.6157,0.4302,0.4985,0.249,0.1501,0.031,0.031,0.5664,0.394,0.5605,0.2593,0.1501,0.031,0.031,0.6255,0.6396,0.2324,0.1501,0.031,0.031,0.4268,0.4507,0.2544,0.1501,0.031,0.031,0.5378,0.5439,0.2231,0.1501,0.031,0.031,0.6255,0.5313,0.271,0.1501,0.031,0.031,0.5386,0.3911,0.2783,0.1489,0.031,0.031,0.4448,0.5361,0.2539,0.1477,0.031,0.031,0.5491,0.52,0.2397,0.1501,0.031,0.031,0.4248,0.4766,0.249,0.1489,0.031,0.031,0.47,0.437,0.249,0.1489,0.031,0.031,0.394,0.4717,0.2593,0.1501,0.031,0.031,0.5095,0.4653,0.2759,0.1465,0.031,0.031,0.5129,0.4185,0.2222,0.1501,0.031,0.031,0.4727,0.5049,0.2368,0.1501,0.031,0.031,0.606,0.5308,0.271,0.1465,0.031,0.031,0.6248,0.4819,0.2446,0.1501,0.031,0.031,0.5137,0.5293,0.2759,0.1282,0.031,0.031,0.4478,0.4702,0.2539,0.1501,0.031,0.031,0.5754,0.6924,0.249,0.1501,0.031,0.031,0.6462,0.4546,0.2808,0.1501,0.031,0.031,0.467,0.605,0.2324,0.1501,0.031,0.031,0.4998,0.3926,0.2783,0.1501,0.031,0.031,0.3623,0.4702,0.2515,0.1501,0.031,0.031,0.6289,0.5293,0.2808,0.1501,0.031,0.031,0.5747,0.5435,0.2197,0.2231,0.1489,0.031,0.031,0.4976,0.5859,0.2588,0.1501,0.031,0.031,0.4824,0.4438,0.271,0.1489,0.031,0.031,0.4463,0.5703,0.2539,0.1501,0.031,0.031,0.5581,0.4634,0.2661,0.1477,0.031,0.031
0.6157,0.4302,0.4985,0.249,0.1501,0.031,0.031,0.5664,0.394,0.5605,0.2593,0.1501,0.031,0.031,0.6255,0.6396,0.2324,0.1501,0.031,0.031,0.4268,0.4507,0.2544,0.1501,0.031,0.031,0.5378,0.5439,0.2231,0.1501,0.031,0.031,0.6255,0.5313,0.271,0.1501,0.031,0.031,0.5386,0.3911,0.2783,0.1489,0.031,0.031,0.4448,0.5361,0.2539,0.1477,0.031,0.031,0.5491,0.52,0.2397,0.1501,0.031,0.031,0.4248,0.4766,0.249,0.1489,0.031,0.031,0.47,0.437,0.249,0.1489,0.031,0.031,0.394,0.4717,0.2593,0.1501,0.031,0.031,0.5095,0.4653,0.2759,0.1465,0.031,0.031,0.5129,0.4185,0.2222,0.1501,0.031,0.031,0.4727,0.5049,0.2368,0.1501,0.031,0.031,0.606,0.5308,0.271,0.1465,0.031,0.031,0.6248,0.4819,0.2446,0.1501,0.031,0.031,0.5137,0.5293,0.2759,0.1282,0.031,0.031,0.4478,0.4702,0.2539,0.1501,0.031,0.031,0.5754,0.6924,0.249,0.1501,0.031,0.031,0.6462,0.4546,0.2808,0.1501,0.031,0.031,0.467,0.605,0.2324,0.1501,0.031,0.031,0.4998,0.3926,0.2783,0.1501,0.031,0.031,0.3623,0.4702,0.2515,0.1501,0.031,0.031,0.6289,0.5293,0.2808,0.1501,0.031,0.031,0.5747,0.5435,0.2197,0.2231,0.1489,0.031,0.031,0.4976,0.5859,0.2588,0.1501,0.031,0.031,0.4824,0.4438,0.271,0.1489,0.031,0.031,0.4463,0.5703,0.2539,0.1501,0.031,0.031,0.5581,0.4634,0.2661,0.1477,0.031,0.031
0.6157,0.4302,0.4985,0.249,0.1501,0.031,0.031,0.5664,0.394,0.5605,0.2593,0.1501,0.031,0.031,0.6255,0.6396,0.2324,0.1501,0.031,0.031,0.4268,0.4507,0.2544,0.1501,0.031,0.031,0.5378,0.5439,0.2231,0.1501,0.031,0.031,0.6255,0.5313,0.271,0.1501,0.031,0.031,0.5386,0.3911,0.2783,0.1489,0.031,0.031,0.4448,0.5361,0.2539,0.1477,0.031,0.031,0.5491,0.52,0.2397,0.1501,0.031,0.031,0.4248,0.4766,0.249,0.1489,0.031,0.031,0.47,0.437,0.249,0.1489,0.031,0.031,0.394,0.4717,0.2593,0.1501,0.031,0.031,0.5095,0.4653,0.2759,0.1465,0.031,0.031,0.5129,0.4185,0.2222,0.1501,0.031,0.031,0.4727,0.5049,0.2368,0.1501,0.031,0.031,0.606,0.5308,0.271,0.1465,0.031,0.031,0.6248,0.4819,0.2446,0.1501,0.031,0.031,0.5137,0.5293,0.2759,0.1282,0.031,0.031,0.4478,0.4702,0.2539,0.1501,0.031,0.031,0.5754,0.6924,0.249,0.1501,0.031,0.031,0.6462,0.4546,0.2808,0.1501,0.031,0.031,0.467,0.605,0.2324,0.1501,0.031,0.031,0.4998,0.3926,0.2783,0.1501,0.031,0.031,0.3623,0.4702,0.2515,0.1501,0.031,0.031,0.6289,0.5293,0.2808,0.1501,0.031,0.031,0.5747,0.5435,0.2197,0.2231,0.1489,0.031,0.031,0.4976,0.5859,0.2588,0.1501,0.031,0.031,0.4824,0.4438,0.271,0.1489,0.031,0.031,0.4463,0.5703,0.2539,0.1501,0.031,0.031,0.5581,0.4634,0.2661,0.1477,0.031,0.031
0.6157,0.4302,0.4985,0.249,0.1501,0.031,0.031,0.5664,0.394,0.5605,0.2593,0.1501,0.031,0.031,0.6255,0.6396,0.2324,0.1501,0.031,0.031,0.4268,0.4507,0.2544,0.1501,0.031,0.031,0.5378,0.5439,0.2231,0.1501,0.031,0.031,0.6255,0.5313,0.271,0.1501,0.031,0.031,0.5386,0.3911,0.2783,0.1489,0.031,0.031,0.4448,0.5361,0.2539,0.1477,0.031,0.031,0.5491,0.52,0.2397,0.1501,0.031,0.031,0.4248,0.4766,0.249,0.1489,0.031,0.031,0.47,0.437,0.249,0.1489,0.031,0.031,0.394,0.4717,0.2593,0.1501,0.031,0.031,0.5095,0.4653,0.2759,0.1465,0.031,0.031,0.5129,0.4185,0.2222,0.1501,0.031,0.031,0.4727,0.5049,0.2368,0.1501,0.031,0.031,0.606,0.5308,0.271,0.1465,0.031,0.031,0.6338,0.4819,0.2446,0.1501,0.031,0.031,0.5137,0.5293,0.2759,0.1282,0.031,0.031,0.4478,0.4702,0.2539,0.1501,0.031,0.031,0.5754,0.6924,0.249,0.1501,0.031,0.031,0.6462,0.4546,0.2808,0.1501,0.031,0.031,0.467,0.605,0.2324,0.1501,0.031,0.031,0.4998,0.3926,0.2783,0.1501,0.031,0.031,0.3623,0.4702,0.2515,0.1501,0.031,0.031,0.6289,0.5293,0.2808,0.1501,0.031,0.031,0.5747,0.5435,0.2197,0.2231,0.1489,0.031,0.031,0.4976,0.5859,0.2588,0.1501,0.031,0.031,0.4824,0.4438,0.271,0.1489,0.031,0.031,0.4463,0.5703,0.2539,0.1501,0.031,0.031,0.5581,0.4634,0.2661,0.1477,0.031,0.031
0.6157,0.4302,0.4985,0.249,0.1501,0.031,0.031,0.5664,0.394,0.5605,0.2593,0.1501,0.031,0.031,0.6255,0.6396,0.2324,0.1501,0.031,0.031,0.4268,0.4507,0.2544,0.1501,0.031,0.031,0.5378,0.5439,0.2231,0.1501,0.031,0.031,0.6255,0.5313,0.271,0.1501,0.031,0.031,0.5386,0.3911,0.2783,0.1489,0.031,0.031,0.4448,0.5361,0.2539,0.1477,0.031,0.031,0.5491,0.52,0.2397,0.1501,0.031,0.031,0.4248,0.4766,0.249,0.1489,0.031,0.031,0.47,0.437,0.249,0.1489,0.031,0.031,0.394,0.4717,0.2593,0.1501,0.031,0.031,0.5095,0.4653,0.2759,0.1465,0.031,0.031,0.5129,0.4185,0.2222,0.1501,0.031,0.031,0.4727,0.5049,0.2368,0.1501,0.031,0.031,0.606,0.5308,0.271,0.1465,0.031,0.031,0.6338,0.4819,0.2446,0.1501,0.031,0.031,0.5137,0.5293,0.2759,0.1282,0.031,0.031,0.4478,0.4702,0.2539,0.1501,0.031,0.031,0.5754,0.6924,0.249,0.1501,0.031,0.031,0.6462,0.4546,0.2808,0.1501,0.031,0.031,0.467,0.605,0.2324,0.1501,0.031,0.031,0.4998,0.3926,0.2783,0.1501,0.031,0.031,0.3623,0.4702,0.2515,0.1501,0.031,0.031,0.6289,0.5293,0.2808,0.1501,0.031,0.031,0.5747,0.5435,0.2197,0.2231,0.1489,0.031,0.031,0.4976,0.5859,0.2588,0.1501,0.031,0.031,0.4824,0.4438,0.271,0.1489,0.031,0.031,0.4463,0.5703,0.2539,0.1501,0.031,0.031,0.5581,0.4634,0.2661,0.1477,0.031,0.031
0.6157,0.4302,0.4985,0.249,0.1501,0.031,0.031,0.5664,0.394,0.5605,0.2593,0.1501,0.031,0.031,0.6255,0.6396,0.2324,0.1501,0.031,0.031,0.4268,0.4507,0.2544,0.1501,0.031,0.031,0.5378,0.5439,0.2231,0.1501,0.031,0.031,0.6255,0.5313,0.271,0.1501,0.031,0.031,0.5386,0.3911,0.2783,0.1489,0.031,0.031,0.4448,0.5361,0.2539,0.1477,0.031,0.031,0.5491,0.52,0.2397,0.1501,0.031,0.031,0.4248,0.4766,0.249,0.1489,0.031,0.031,0.47,0.437,0.249,0.1489,0.031,0.031,0.394,0.4717,0.2593,0.1501,0.031,0.031,0.5095,0.4653,0.2759,0.1465,0.031,0.031,0.5129,0.4185,0.2222,0.1501,0.031,0.031,0.4727,0.5049,0.2368,0.1501,0.031,0.031,0.606,0.5308,0.271,0.1465,0.031,0.031,0.6338,0.4819,0.2446,0.1501,0.031,0.031,0.5137,0.5293,0.2759,0.1282,0.031,0.031,0.4478,0.4702,0.2539,0.1501,0.031,0.031,0.5754,0.6924,0.249,0.1501,0.031,0.031,0.6462,0.4546,0.2808,0.1501,0.031,0.031,0.467,0.605,0.2324,0.1501,0.031,0.031,0.4998,0.3994,0.2783,0.1501,0.031,0.031,0.3623,0.4702,0.2515,0.1501,0.031,0.031,0.6289,0.5293,0.2808,0.1501,0.031,0.031,0.5747,0.5435,0.2197,0.2231,0.1489,0.031,0.031,0.4976,0.5859,0.2588,0.1501,0.031,0.031,0.4824,0.4438,0.271,0.1489,0.031,0.031,0.4463,0.5703,0.2539,0.1501,0.031,0.031,0.5581,0.4634,0.2661,0.1477,0.031,0.031
0.6157,0.4302,0.4985,0.249,0.1501,0.031,0.031,0.5664,0.394,0.5605,0.2593,0.1501,0.031,0.031,0.6255,0.6396,0.2324,0.1501,0.031,0.031,0.4268,0.4507,0.2544,0.1501,0.031,0.031,0.5378,0.5439,0.2231,0.1501,0.031,0.031,0.6255,0.5313,0.271,0.1501,0.031,0.031,0.5386,0.3911,0.2783,0.1489,0.031,0.031,0.4448,0.5361,0.2539,0.1477,0.031,0.031,0.5491,0.52,0.2397,0.1501,0.031,0.031,0.4248,0.4766,0.249,0.1489,0.031,0.031,0.47,0.437,0.249,0.1489,0.031,0.031,0.394,0.4717,0.2593,0.1501,0.031,0.031,0.5095,0.4653,0.2759,0.1465,0.031,0.031,0.5129,0.4185,0.2466,0.1501,0.031,0.031,0.4727,0.5049,0.2368,0.1501,0.031,0.031,0.606,0.5308,0.271,0.1465,0.031,0.031,0.6338,0.4819,0.2446,0.1501,0.031,0.031,0.5137,0.5293,0.2759,0.1282,0.031,0.031,0.4478,0.4702,0.2539,0.1501,0.031,0.031,0.5754,0.6924,0.249,0.1501,0.031,0.031,0.6462,0.4546,0.2808,0.1501,0.031,0.031,0.467,0.605,0.2324,0.1501,0.031,0.031,0.4998,0.3994,0.2783,0.1501,0.031,0.031,0.3623,0.4702,0.2515,0.1501,0.031,0.031,0.6289,0.5293,0.2808,0.1501,0.031,0.031,0.5747,0.5435,0.2197,0.2231,0.1489,0.031,0.031,0.4976,0.5859,0.2588,0.1501,0.031,0.031,0.4824,0.4438,0.271,0.1489,0.031,0.031,0.4463,0.5703,0.2539,0.1501,0.031,0.031,0.5581,0.4634,0.2661,0.1477,0.031,0.031
0.6157,0.4302,0.4985,0.249,0.1501,0.031,0.031,0.5664,0.394,0.5605,0.2593,0.1501,0.031,0.031,0.6255,0.6396,0.2324,0.1501,0.031,0.031,0.4268,0.4507,0.2544,0.1501,0.031,0.031,0.5378,0.5439,0.2231,0.1501,0.031,0.031,0.6255,0.5313,0.271,0.1501,0.031,0.031,0.5386,0.3911,0.2783,0.1489,0.031,0.031,0.4448,0.5361,0.2539,0.1477,0.031,0.031,0.5491,0.52,0.2397,0.1501,0.031,0.031,0.4248,0.4766,0.249,0.1489,0.031,0.031,0.47,0.437,0.249,0.1489,0.031,0.031,0.394,0.4717,0.2593,0.1501,0.031,0.031,0.5095,0.4653,0.2759,0.1465,0.031,0.031,0.5129,0.4185,0.2466,0.1501,0.031,0.031,0.4727,0.5181,0.2368,0.1501,0.031,0.031,0.606,0.5308,0.271,0.1465,0.031,0.031,0.6338,0.4819,0.2446,0.1501,0.031,0.031,0.5137,0.5293,0.2759,0.1282,0.031,0.031,0.4478,0.4702,0.2539,0.1501,0.031,0.031,0.5754,0.6924,0.249,0.1501,0.031,0.031,0.6462,0.4546,0.2808,0.1501,0.031,0.031,0.467,0.605,0.2324,0.1501,0.031,0.031,0.4998,0.3994,0.2783,0.1501,0.031,0.031,0.3623,0.4702,0.2515,0.1501,0.031,0.031,0.6289,0.5293,0.2808,0.1501,0.031,0.031,0.5747,0.5435,0.2197,0.2231,0.1489,0.031,0.031,0.4976,0.5859,0.2588,0.1501,0.031,0.031,0.4824,0.4438,0.271,0.1489,0.031,0.031,0.4463,0.5703,0.2539,0.1501,0.031,0.031,0.5581,0.4634,0.2661,0.1477,0.031,0.031
0.6157,0.4302,0.4985,0.249,0.1501,0.031,0.031,0.5664,0.394,0.5605,0.2593,0.1501,0.031,0.031,0.6255,0.6396,0.2324,0.1501,0.031,0.031,0.4268,0.4507,0.2544,0.1501,0.031,0.031,0.5378,0.5439,0.2231,0.1501,0.031,0.031,0.6255,0.5313,0.271,0.1501,0.031,0.031,0.5386,0.3911,0.2783,0.1489,0.031,0.031,0.4448,0.5361,0.2539,0.1477,0.031,0.031,0.5491,0.52,0.2397,0.1501,0.031,0.031,0.4248,0.4766,0.249,0.1489,0.031,0.031,0.47,0.437,0.249,0.1489,0.031,0.031,0.394,0.4717,0.2593,0.1501,0.031,0.031,0.5095,0.4653,0.2759,0.1465,0.031,0.031,0.5129,0.4185,0.2466,0.1501,0.031,0.031,0.4727,0.5181,0.2368,0.1501,0.031,0.031,0.606,0.5308,0.271,0.1465,0.031,0.031,0.6338,0.4819,0.2446,0.1501,0.031,0.031,0.5137,0.5293,0.2759,0.1282,0.031,0.031,0.4478,0.4702,0.2539,0.1501,0.031,0.031,0.5754,0.6924,0.249,0.1501,0.031,0.031,0.6462,0.4546,0.2808,0.1501,0.031,0.031,0.467,0.605,0.2324,0.1501,0.031,0.031,0.4998,0.3994,0.2783,0.1501,0.031,0.031,0.3623,0.4702,0.2515,0.1501,0.031,0.031,0.6289,0.5293,0.2808,0.1501,0.031,0.031,0.5747,0.5435,0.2197,0.2231,0.1489,0.031,0.031,0.4976,0.5859,0.2588,0.1501,0.031,0.031,0.4824,0.4438,0.271,0.1489,0.031,0.031,0.4463,0.5703,0.2539,0.1501,0.031,0.031,0.5581,0.4634,0.2661,0.1477,0.031,0.031
0.6157,0.4302,0.4985,0.249,0.1501,0.031,0.031,0.5664,0.394,0.5605,0.2593,0.1501,0.031,0.031,0.6255,0.6396,0.2324,0.1501,0.031,0.031,0.4268,0.4507,0.2544,0.1501,0.031,0.031,0.5378,0.5439,0.2231,0.1501,0.031,0.031,0.6255,0.5313,0.271,0.1501,0.031,0.031,0.5386,0.3911,0.2783,0.1489,0.031,0.031,0.4448,0.5361,0.2539,0.1477,0.031,0.031,0.5491,0.52,0.2397,0.1501,0.031,0.031,0.4248,0.4766,0.249,0.1489,0.031,0.031,0.47,0.437,0.249,0.1489,0.031,0.031,0.394,0.4717,0.2593,0.1501,0.031,0.031,0.5095,0.4653,0.2759,0.1465,0.031,0.031,0.5129,0.4185,0.2466,0.1501,0.031,0.031,0.4727,0.5181,0.2368,0.1501,0.031,0.031,0.606,0.5308,0.271,0.1465,0.031,0.031,0.6338,0.4819,0.2446,0.1501,0.031,0.031,0.5137,0.5293,0.2759,0.1282,0.031,0.031,0.4478,0.4702,0.2539,0.1501,0.031,0.031,0.5754,0.6924,0.249,0.1501,0.031,0.031,0.6462,0.4546,0.2808,0.1501,0.031,0.031,0.467,0.605,0.2324,0.1501,0.031,0.031,0.4998,0.3994,0.2783,0.1501,0.031,0.031,0.3623,0.4702,0.2515,0.1501,0.031,0.031,0.6289,0.5293,0.2808,0.1501,0.031,0.031,0.5747,0.5435,0.2197,0.2231,0.1489,0.031,0.031,0.4976,0.5859,0.2588,0.1501,0.031,0.031,0.4824,0.4438,0.271,0.1489,0.031,0.031,0.4463,0.5703,0.2539,0.1501,0.031,0.031,0.5581,0.4634,0.2661,0.1477,0.031,0.031
0.6157,0.4302,0.4985,0.249,0.1501,0.031,0.031,0.5664,0.394,0.5605,0.2593,0.1501,0.031,0.031,0.6255,0.6396,0.2324,0.1501,0.031,0.031,0.4268,0.4507,0.2544,0.1501,0.031,0.031,0.5378,0.5439,0.2231,0.1501,0.031,0.031,0.6255,0.5313,0.271,0.1501,0.031,0.031,0.5386,0.3911,0.2783,0.1489,0.031,0.031,0.4448,0.5361,0.2539,0.1477,0.031,0.031,0.5491,0.52,0.2397,0.1501,0.031,0.031,0.4248,0.4766,0.249,0.1489,0.031,0.031,0.47,0.437,0.249,0.1489,0.031,0.031,0.394,0.4717,0.2593,0.1501,0.031,0.031,0.5095,0.4653,0.2759,0.1465,0.031,0.031,0.5129,0.4185,0.2466,0.1501,0.031,0.031,0.4727,0.5181,0.2368,0.1501,0.031,0.031,0.606,0.5308,0.271,0.1465,0.031,0.031,0.6338,0.4819,0.2446,0.1501,0.031,0.031,0.5137,0.5293,0.2759,0.1282,0.031,0.031,0.4478,0.4702,0.2539,0.1501,0.031,0.031,0.5754,0.6924,0.249,0.1501,0.031,0.031,0.6462,0.4546,0.2808,0.1501,0.031,0.031,0.467,0.605,0.2324,0.1501,0.031,0.031,0.4998,0.3994,0.2783,0.1501,0.031,0.031,0.3623,0.4702,0.2515,0.1501,0.031,0.031,0.6289,0.5293,0.2808,0.1501,0.031,0.031,0.5747,0.5435,0.2197,0.2231,0.1489,0.031,0.031,0.4976,0.5859,0.2588,0.1501,0.031,0.031,0.4824,0.4438,0.271,0.1489,0.031,0.031,0.4463,0.5703,0.2539,0.1501,0.031,0.031,0.5581,0.4634,0.2661,0.1477,0.031,0.031
0.6157,0.4302,0.4985,0.249,0.1501,0.031,0.031,0.5664,0.394,0.5605,0.2593,0.1501,0.031,0.031,0.6255,0.6396,0.2324,0.1501,0.031,0.031,0.4268,0.4507,0.2544,0.1501,0.031,0.031,0.5378,0.5439,0.2231,0.1501,0.031,0.031,0.6255,0.5313,0.271,0.1501,0.031,0.031,0.5386,0.3911,0.2783,0.1489,0.031,0.031,0.4448,0.5361,0.2539,0.1477,0.031,0.031,0.5491,0.52,0.2397,0.1501,0.031,0.031,0.4248,0.4766,0.249,0.1489,0.031,0.031,0.47,0.437,0.249,0.1489,0.031,0.031,0.394,0.4717,0.2593,0.1501,0.031,0.031,0.5095,0.4653,0.2759,0.1465,0.031,0.031,0.5129,0.4185,0.2466,0.1501,0.031,0.031,0.4727,0.5181,0.2368,0.1501,0.031,0.031,0.606,0.5308,0.271,0.1465,0.031,0.031,0.6338,0.4819,0.2446,0.1501,0.031,0.031,0.5137,0.5293,0.2759,0.1282,0.031,0.031,0.4478,0.4702,0.2539,0.1501,0.031,0.031,0.5754,0.6924,0.249,0.1501,0.031,0.031,0.6462,0.4546,0.2808,0.1501,0.031,0.031,0.467,0.605,0.2324,0.1501,0.031,0.031,0.4998,0.3994,0.2783,0.1501,0.031,0.031,0.3623,0.4702,0.2515,0.1501,0.031,0.031,0.6289,0.5293,0.2808,0.1501,0.031,0.031,0.5747,0.5435,0.2197,0.2231,0.1489,0.031,0.031,0.4976,0.5859,0.2588,0.1501,0.031,0.031,0.4824,0.4438,0.271,0.1489,0.031,0.031,0.4463,0.5703,0.2539,0.1501,0.031,0.031,0.5581,0.4634,0.2661,0.1477,0.031,0.031
0.6157,0.4302,0.4985,0.249,0.1501,0.031,0.031,0.5664,0.394,0.5605,0.2593,0.1501,0.031,0.031,0.6255,0.6396,0.2324,0.1501,0.031,0.031,0.4268,0.4507,0.2544,0.1501,0.031,0.031,0.5378,0.5439,0.2231,0.1501,0.031,0.031,0.6255,0.5313,0.271,0.1501,0.031,0.031,0.5386,0.3911,0.2783,0.1489,0.031,0.031,0.4448,0.5361,0.2539,0.1477,0.031,0.031,0.5491,0.52,0.2397,0.1501,0.031,0.031,0.4248,0.4766,0.249,0.1489,0.031,0.031,0.47,0.437,0.249,0.1489,0.031,0.031,0.394,0.4717,0.2593,0.1501,0.031,0.031,0.5095,0.4653,0.2759,0.1465,0.031,0.031,0.5129,0.4185,0.2466,0.1501,0.031,0.031,0.4727,0.5181,0.2368,0.1501,0.031,0.031,0.606,0.5308,0.271,0.1465,0.031,0.031,0.6338,0.4819,0.2446,0.1501,0.031,0.031,0.5137,0.5293,0.2759,0.1282,0.031,0.031,0.4478,0.4702,0.2539,0.1501,0.031,0.031,0.5754,0.6924,0.249,0.1501,0.031,0.031,0.6462,0.4546,0.2808,0.1501,0.031,0.031,0.467,0.605,0.2324,0.1501,0.031,0.031,0.4998,0.3994,0.2783,0.1501,0.031,0.031,0.3623,0.4702,0.2515,0.1501,0.031,0.031,0.6289,0.5293,0.2808,0.1501,0.031,0.031,0.5747,0.5435,0.2197,0.2231,0.1489,0.031,0.031,0.4976,0.5859,0.2588,0.1501,0.031,0.031,0.4824,0.4438,0.271,0.1489,0.031,0.031,0.4463,0.5703,0.2539,0.1501,0.031,0.031,0.5581,0.4634,0.2661,0.1477,0.031,0.031
0.6157,0.4302,0.4985,0.249,0.1501,0.031,0.031,0.5664,0.394,0.5605,0.2593,0.1501,0.031,0.031,0.6255,0.6396,0.2324,0.1501,0.031,0.031,0.4268,0.4507,0.2544,0.1501,0.031,0.031,0.5378,0.5439,0.2231,0.1501,0.031,0.031,0.6255,0.5313,0.271,0.1501,0.031,0.031,0.5386,0.3911,0.2783,0.1489,0.031,0.031,0.4448,0.5361,0.2539,0.1477,0.031,0.031,0.5491,0.52,0.2397,0.1501,0.031,0.031,0.4248,0.4766,0.249,0.1489,0.031,0.031,0.47,0.437,0.249,0.1489,0.031,0.031,0.394,0.4717,0.2593,0.1501,0.031,0.031,0.5095,0.4653,0.2759,0.1465,0.031,0.031,0.5129,0.4185,0.2466,0.1501,0.031,0.031,0.4727,0.5181,0.2368,0.1501,0.031,0.031,0.606,0.5308,0.271,0.1465,0.031,0.031,0.6338,0.4819,0.2446,0.1501,0.031,0.031,0.5137,0.5293,0.2759,0.1282,0.031,0.031,0.4478,0.4702,0.2539,0.1501,0.031,0.031,0.5754,0.6924,0.249,0.1501,0.031,0.031,0.6462,0.4546,0.2808,0.1501,0.031,0.031,0.467,0.605,0.2324,0.1501,0.031,0.031,0.4998,0.3994,0.2783,0.1501,0.031,0.031,0.3623,0.4702,0.2515,0.1501,0.031,0.031,0.6289,0.5293,0.2808,0.1501,0.031,0.031,0.5747,0.5435,0.2197,0.2231,0.1489,0.031,0.031,0.4976,0.5859,0.2588,0.1501,0.031,0.031,0.4824,0.4438,0.271,0.1489,0.031,0.031,0.4463,0.5703,0.2539,0.1501,0.031,0.031,0.5581,0.4634,0.2661,0.1477,0.031,0.031
0.6157,0.4302,0.4985,0.249,0.1501,0.031,0.031,0.5664,0.394,0.5605,0.2593,0.1501,0.031,0.031,0.6255,0.6396,0.2324,0.1501,0.031,0.031,0.4268,0.4507,0.2544,0.1501,0.031,0.031,0.5378,0.5439,0.2231,0.1501,0.031,0.031,0.6255,0.5313,0.271,0.1501,0.031,0.031,0.5386,0.3911,0.2783,0.1489,0.031,0.031,0.4448,0.5361,0.2539,0.1477,0.031,0.031,0.5491,0.52,0.2397,0.1501,0.031,0.031,0.4248,0.4766,0.249,0.1489,0.031,0.031,0.47,0.437,0.249,0.1489,0.031,0.031,0.394,0.4717,0.2593,0.1501,0.031,0.031,0.5095,0.4653,0.2759,0.1465,0.031,0.031,0.5129,0.4185,0.2466,0.1501,0.031,0.031,0.4727,0.5181,0.2368,0.1501,0.031,0.031,0.606,0.5308,0.271,0.1465,0.031,0.031,0.6338,0.4819,0.2446,0.1501,0.031,0.031,0.5137,0.5293,0.2759,0.1282,0.031,0.031,0.4478,0.4702,0.2539,0.1501,0.031,0.031,0.5754,0.6924,0.249,0.1501,0.031,0.031,0.6462,0.4546,0.2808,0.1501,0.031,0.031,0.467,0.605,0.2324,0.1501,0.031,0.031,0.4998,0.3994,0.2783,0.1501,0.031,0.031,0.3623,0.4702,0.2515,0.1501,0.031,0.031,0.6289,0.5293,0.2808,0.1501,0.031,0.031,0.5747,0.5435,0.2197,0.2231,0.1489,0.031,0.031,0.4976,0.5859,0.2588,0.1501,0.031,0.031,0.4824,0.4438,0.271,0.1489,0.031,0.031,0.4463,0.5703,0.2539,0.1501,0.031,0.031,0.5581,0.4634,0.2661,0.1477,0.031,0.031
0.6157,0.4302,0.4985,0.249,0.1501,0.031,0.031,0.5664,0.394,0.5605,0.2593,0.1501,0.031,0.031,0.6255,0.6396,0.2324,0.1501,0.031,0.031,0.4268,0.4507,0.2544,0.1501,0.031,0.031,0.5378,0.5439,0.2231,0.1501,0.031,0.031,0.6255,0.5313,0.271,0.1501,0.031,0.031,0.5386,0.3911,0.2783,0.1489,0.031,0.031,0.4448,0.5361,0.2539,0.1477,0.031,0.031,0.5491,0.52,0.2397,0.1501,0.031,0.031,0.4248,0.4849,0.249,0.1489,0.031,0.031,0.47,0.437,0.249,0.1489,0.031,0.031,0.394,0.4717,0.2593,0.1501,0.031,0.031,0.5095,0.4653,0.2759,0.1465,0.031,0.031,0.5129,0.4185,0.2466,0.1501,0.031,0.031,0.4727,0.5181,0.2368,0.1501,0.031,0.031,0.606,0.5308,0.271,0.1465,0.031,0.031,0.6338,0.4819,0.2446,0.1501,0.031,0.031,0.5137,0.5293,0.2759,0.1282,0.031,0.031,0.4478,0.4702,0.2539,0.1501,0.031,0.031,0.5754,0.6924,0.249,0.1501,0.031,0.031,0.6462,0.4546,0.2808,0.1501,0.031,0.031,0.467,0.605,0.2324,0.1501,0.031,0.031,0.4998,0.3994,0.2783,0.1501,0.031,0.031,0.3623,0.4702,0.2515,0.1501,0.031,0.031,0.6289,0.5293,0.2808,0.1501,0.031,0.031,0.5747,0.5435,0.2197,0.2231,0.1489,0.031,0.031,0.4976,0.5859,0.2588,0.1501,0.031,0.031,0.4824,0.4438,0.271,0.1489,0.031,0.031,0.4463,0.5703,0.2539,0.1501,0.031,0.031,0.5581,0.4634,0.2661,0.1477,0.031,0.031
0.6157,0.4302,0.4985,0.249,0.1501,0.031,0.031,0.5664,0.394,0.5605,0.2593,0.1501,0.031,0.031,0.6255,0.6396,0.2324,0.1501,0.031,0.031,0.4268,0.4507,0.2544,0.1501,0.031,0.031,0.5378,0.5439,0.2231,0.1501,0.031,0.031,0.6255,0.5313,0.271,0.1501,0.031,0.031,0.5386,0.3911,0.2783,0.1489,0.031,0.031,0.4448,0.5361,0.2539,0.1477,0.031,0.031,0.5491,0.52,0.2397,0.1501,0.031,0.031,0.4248,0.4849,0.249,0.1489,0.031,0.031,0.47,0.437,0.249,0.1489,0.031,0.031,0.394,0.4717,0.2593,0.1501,0.031,0.031,0.5095,0.4653,0.2759,0.1465,0.031,0.031,0.5129,0.4185,0.2466,0.1501,0.031,0.031,0.4727,0.5181,0.2368,0.1501,0.031,0.031,0.606,0.5308,0.271,0.1465,0.031,0.031,0.6338,0.4819,0.2446,0.1501,0.031,0.031,0.5137,0.5293,0.2759,0.1282,0.031,0.031,0.4478,0.4702,0.2539,0.1501,0.031,0.031,0.5754,0.6924,0.249,0.1501,0.031,0.031,0.6462,0.4546,0.2808,0.1501,0.031,0.031,0.467,0.605,0.2324,0.1501,0.031,0.031,0.4998,0.3994,0.2783,0.1501,0.031,0.031,0.3623,0.4702,0.2515,0.1501,0.031,0.031,0.6289,0.5293,0.2808,0.1501,0.031,0.031,0.5747,0.5435,0.2197,0.2231,0.1489,0.031,0.031,0.4976,0.5859,0.2588,0.1501,0.031,0.031,0.4824,0.4438,0.271,0.1489,0.031,0.031,0.4463,0.5703,0.2539,0.1501,0.031,0.031,0.5581,0.4634,0.2661,0.1477,0.031,0.031
0.6157,0.4302,0.4985,0.249,0.1501,0.031,0.031,0.5664,0.394,0.5605,0.2593,0.1501,0.031,0.031,0.6255,0.6396,0.2324,0.1501,0.031,0.031,0.4268,0.4507,0.2544,0.1501,0.031,0.031,0.5378,0.5439,0.2231,0.1501,0.031,0.031,0.6255,0.5313,0.271,0.1501,0.031,0.031,0.5386,0.3911,0.2783,0.1489,0.031,0.031,0.4448,0.5361,0.2539,0.1477,0.031,0.031,0.5491,0.52,0.2397,0.1501,0.031,0.031,0.4248,0.4849,0.249,0.1489,0.031,0.031,0.47,0.437,0.249,0.1489,0.031,0.031,0.394,0.4717,0.2593,0.1501,0.031,0.031,0.5095,0.4653,0.2759,0.1465,0.031,0.031,0.5129,0.4185,0.2466,0.1501,0.031,0.031,0.4727,0.5181,0.2368,0.1501,0.031,0.031,0.606,0.5308,0.271,0.1465,0.031,0.031,0.6338,0.4819,0.2446,0.1501,0.031,0.031,0.5137,0.5293,0.2759,0.1282,0.031,0.031,0.4478,0.4702,0.2539,0.1501,0.031,0.031,0.5754,0.6924,0.249,0.1501,0.031,0.031,0.6462,0.4546,0.2808,0.1501,0.031,0.031,0.467,0.605,0.2324,0.1501,0.031,0.031,0.4998,0.3994,0.2783,0.1501,0.031,0.031,0.3623,0.4702,0.2515,0.1501,0.031,0.031,0.6289,0.5293,0.2808,0.1501,0.031,0.031,0.5747,0.5435,0.2197,0.2231,0.1489,0.031,0.031,0.4976,0.5859,0.2588,0.1501,0.031,0.031,0.4824,0.4438,0.271,0.1489,0.031,0.031,0.4463,0.5703,0.2539,0.1501,0.031,0.031,0.5581,0.4634,0.2661,0.1477,0.031,0.031
0.6157,0.4302,0.4985,0.249,0.1501,0.031,0.031,0.5664,0.394,0.5605,0.2593,0.1501,0.031,0.031,0.6255,0.6396,0.2324,0.1501,0.031,0.031,0.4268,0.4507,0.2544,0.1501,0.031,0.031,0.5378,0.5439,0.2231,0.1501,0.031,0.031,0.6255,0.5313,0.271,0.1501,0.031,0.031,0.5386,0.3911,0.2783,0.1489,0.031,0.031,0.4448,0.5361,0.2539,0.1477,0.031,0.031,0.5491,0.52,0.2397,0.1501,0.031,0.031,0.4248,0.4849,0.249,0.1489,0.031,0.031,0.47,0.437,0.249,0.1489,0.031,0.031,0.394,0.4717,0.2593,0.1501,0.031,0.031,0.5095,0.4653,0.2759,0.1477,0.031,0.031,0.5129,0.4185,0.2466,0.1501,0.031,0.031,0.4727,0.5181,0.2368,0.1501,0.031,0.031,0.606,0.5308,0.271,0.1465,0.031,0.031,0.6338,0.4819,0.2446,0.1501,0.031,0.031,0.5137,0.5293,0.2759,0.1282,0.031,0.031,0.4478,0.4702,0.2539,0.1501,0.031,0.031,0.5754,0.6924,0.249,0.1501,0.031,0.031,0.6462,0.4546,0.2808,0.1501,0.031,0.031,0.467,0.605,0.2324,0.1501,0.031,0.031,0.4998,0.3994,0.2783,0.1501,0.031,0.031,0.3623,0.4702,0.2515,0.1501,0.031,0.031,0.6289,0.5293,0.2808,0.1501,0.031,0.031,0.5747,0.5435,0.2197,0.2231,0.1489,0.031,0.031,0.4976,0.5859,0.2588,0.1501,0.031,0.031,0.4824,0.4438,0.271,0.1489,0.031,0.031,0.4463,0.5703,0.2539,0.1501,0.031,0.031,0.5581,0.4634,0.2661,0.1477,0.031,0.031
0.6157,0.4302,0.4985,0.249,0.1501,0.031,0.031,0.5664,0.394,0.5605,0.2593,0.1501,0.031,0.031,0.6255,0.6396,0.2324,0.1501,0.031,0.031,0.4268,0.4507,0.2544,0.1501,0.031,0.031,0.5378,0.5439,0.2231,0.1501,0.031,0.031,0.6255,0.5313,0.271,0.1501,0.031,0.031,0.5386,0.3911,0.2783,0.1489,0.031,0.031,0.4448,0.5361,0.2539,0.1477,0.031,0.031,0.5491,0.52,0.2397,0.1501,0.031,0.031,0.4248,0.4849,0.249,0.1489,0.031,0.031,0.47,0.437,0.249,0.1489,0.031,0.031,0.394,0.4717,0.2593,0.1501,0.031,0.031,0.5095,0.4653,0.2759,0.1477,0.031,0.031,0.5129,0.4185,0.2466,0.1501,0.031,0.031,0.4727,0.5181,0.2368,0.1501,0.031,0.031,0.606,0.5308,0.271,0.1465,0.031,0.031,0.6338,0.4819,0.2446,0.1501,0.031,0.031,0.5137,0.5293,0.2759,0.1282,0.031,0.031,0.4478,0.4702,0.2539,0.1501,0.031,0.031,0.5754,0.6924,0.249,0.1501,0.031,0.031,0.6462,0.4546,0.2808,0.1501,0.031,0.031,0.467,0.605,0.2324,0.1501,0.031,0.031,0.4998,0.3994,0.2783,0.1501,0.031,0.031,0.3623,0.4702,0.2515,0.1501,0.031,0.031,0.6289,0.5293,0.2808,0.1501,0.031,0.031,0.5747,0.5435,0.2197,0.2231,0.1489,0.031,0.031,0.4976,0.5859,0.2588,0.1501,0.031,0.031,0.4824,0.4438,0.271,0.1489,0.031,0.031,0.4463,0.5703,0.2539,0.1501,0.031,0.031,0.5581,0.4634,0.2661,0.1477,0.031,0.031
0.6157,0.4302,0.4985,0.249,0.1501,0.031,0.031,0.5664,0.394,0.5605,0.2593,0.1501,0.031,0.031,0.6255,0.6396,0.2324,0.1501,0.031,0.031,0.4268,0.4507,0.2544,0.1501,0.031,0.031,0.5378,0.5439,0.2231,0.1501,0.031,0.031,0.6255,0.5313,0.271,0.1501,0.031,0.031,0.5386,0.3911,0.2783,0.1489,0.031,0.031,0.4448,0.5361,0.2539,0.1477,0.031,0.031,0.5491,0.52,0.2397,0.1501,0.031,0.031,0.4248,0.4849,0.249,0.1489,0.031,0.031,0.47,0.437,0.249,0.1489,0.031,0.031,0.394,0.4717,0.2593,0.1501,0.031,0.031,0.5095,0.4653,0.2759,0.1477,0.031,0.031,0.5129,0.4185,0.2466,0.1501,0.031,0.031,0.4727,0.5181,0.2368,0.1501,0.031,0.031,0.606,0.5308,0.271,0.1465,0.031,0.031,0.6338,0.4819,0.2446,0.1501,0.031,0.031,0.5137,0.5293,0.2759,0.1282,0.031,0.031,0.4478,0.4702,0.2539,0.1501,0.031,0.031,0.5754,0.6924,0.249,0.1501,0.031,0.031,0.6462,0.4546,0.2808,0.1501,0.031,0.031,0.467,0.605,0.2324,0.1501,0.031,0.031,0.4998,0.3994,0.2783,0.1501,0.031,0.031,0.3623,0.4702,0.2515,0.1501,0.031,0.031,0.6289,0.5293,0.2808,0.1501,0.031,0.031,0.5747,0.5435,0.2197,0.2231,0.1489,0.031,0.031,0.4976,0.5859,0.2588,0.1501,0.031,0.031,0.4824,0.4438,0.271,0.1489,0.031,0.031,0.4463,0.5703,0.2539,0.1501,0.031,0.031,0.5581,0.4634,0.2661,0.1477,0.031,0.031
0.6157,0.4302,0.4985,0.249,0.1501,0.031,0.031,0.5664,0.394,0.5605,0.2593,0.1501,0.031,0.031,0.6255,0.6396,0.2324,0.1501,0.031,0.031,0.4268,0.4507,0.2544,0.1501,0.031,0.031,0.5378,0.5439,0.2231,0.1501,0.031,0.031,0.6255,0.5313,0.271,0.1501,0.031,0.031,0.5386,0.3911,0.2783,0.1489,0.031,0.031,0.4448,0.5361,0.2539,0.1477,0.031,0.031,0.5491,0.52,0.2397,0.1501,0.031,0.031,0.4248,0.4849,0.249,0.1489,0.031,0.031,0.47,0.437,0.249,0.1489,0.031,0.031,0.394,0.4717,0.2593,0.1501,0.031,0.031,0.5095,0.4653,0.2759,0.1477,0.031,0.031,0.5129,0.4185,0.2466,0.1501,0.031,0.031,0.4727,0.5181,0.2368,0.1501,0.031,0.031,0.606,0.5308,0.271,0.1465,0.031,0.031,0.6338,0.4819,0.2446,0.1501,0.031,0.031,0.5137,0.5293,0.2759,0.1282,0.031,0.031,0.4478,0.4702,0.2539,0.1501,0.031,0.031,0.5754,0.6924,0.249,0.1501,0.031,0.031,0.6462,0.4546,0.2808,0.1501,0.031,0.031,0.467,0.605,0.2324,0.1501,0.031,0.031,0.4998,0.3994,0.2783,0.1501,0.031,0.031,0.3623,0.4702,0.2515,0.1501,0.031,0.031,0.6289,0.5293,0.2808,0.1501,0.031,0.031,0.5747,0.5435,0.2197,0.2231,0.1489,0.031,0.031,0.4976,0.5859,0.2588,0.1501,0.031,0.031,0.4824,0.4438,0.271,0.1489,0.031,0.031,0.4463,0.5703,0.2539,0.1501,0.031,0.031,0.5581,0.4634,0.2661,0.1477,0.031,0.031
0.6157,0.4302,0.4985,0.249,0.1501,0.031,0.031,0.5664,0.394,0.5605,0.2593,0.1501,0.031,0.031,0.6255,0.6396,0.2324,0.1501,0.031,0.031,0.4268,0.4507,0.2544,0.1501,0.031,0.031,0.5378,0.5439,0.2231,0.1501,0.031,0.031,0.6255,0.5313,0.271,0.1501,0.031,0.031,0.5386,0.3911,0.2783,0.1489,0.031,0.031,0.4448,0.5361,0.2539,0.1477,0.031,0.031,0.5491,0.52,0.2397,0.1501,0.031,0.031,0.4248,0.4849,0.249,0.1489,0.031,0.031,0.47,0.437,0.249,0.1489,0.031,0.031,0.394,0.4717,0.2593,0.1501,0.031,0.031,0.5095,0.4653,0.2759,0.1477,0.031,0.031,0.5129,0.4185,0.2466,0.1501,0.031,0.031,0.4727,0.5181,0.2368,0.1501,0.031,0.031,0.606,0.5308,0.271,0.1465,0.031,0.031,0.6338,0.4819,0.2446,0.1501,0.031,0.031,0.5137,0.5293,0.2759,0.1282,0.031,0.031,0.4478,0.4702,0.2539,0.1501,0.031,0.031,0.5754,0.6924,0.249,0.1501,0.031,0.031,0.6462,0.4546,0.2808,0.1501,0.031,0.031,0.467,0.605,0.2324,0.1501,0.031,0.031,0.4998,0.3994,0.2783,0.1501,0.031,0.031,0.3623,0.4702,0.2515,0.1501,0.031,0.031,0.6289,0.5293,0.2808,0.1501,0.031,0.031,0.5747,0.5435,0.2197,0.2231,0.1489,0.031,0.031,0.4976,0.5859,0.2588,0.1501,0.031,0.031,0.4824,0.4438,0.271,0.1489,0.031,0.031,0.4463,0.5703,0.2539,0.1501,0.031,0.031,0.5581,0.4634,0.2661,0.1477,0.031,0.031
0.6157,0.4302,0.4985,0.249,0.1501,0.031,0.031,0.5664,0.394,0.5605,0.2593,0.1501,0.031,0.031,0.6255,0.6396,0.2324,0.1501,0.031,0.031,0.4268,0.4507,0.2544,0.1501,0.031,0.031,0.5378,0.5439,0.2231,0.1501,0.031,0.031,0.6255,0.5313,0.271,0.1501,0.031,0.031,0.5386,0.3911,0.2783,0.1489,0.031,0.031,0.4448,0.5361,0.2539,0.1477,0.031,0.031,0.5491,0.52,0.2397,0.1501,0.031,0.031,0.4248,0.4849,0.249,0.1489,0.031,0.031,0.47,0.437,0.249,0.1489,0.031,0.031,0.394,0.4717,0.2593,0.1501,0.031,0.031,0.5095,0.4653,0.2759,0.1477,0.031,0.031,0.5129,0.4185,0.2466,0.1501,0.031,0.031,0.4727,0.5181,0.2368,0.1501,0.031,0.031,0.606,0.5308,0.271,0.1465,0.031,0.031,0.6338,0.4819,0.2446,0.1501,0.031,0.031,0.5137,0.5293,0.2759,0.1282,0.031,0.031,0.4478,0.4702,0.2539,0.1501,0.031,0.031,0.5754,0.6924,0.249,0.1501,0.031,0.031,0.6462,0.4546,0.2808,0.1501,0.031,0.031,0.4858,0.605,0.2324,0.1501,0.031,0.031,0.4998,0.3994,0.2783,0.1501,0.031,0.031,0.3623,0.4702,0.2515,0.1501,0.031,0.031,0.6289,0.5293,0.2808,0.1501,0.031,0.031,0.5747,0.5435,0.2197,0.2231,0.1489,0.031,0.031,0.4976,0.5859,0.2588,0.1501,0.031,0.031,0.4824,0.4438,0.271,0.1489,0.031,0.031,0.4463,0.5703,0.2539,0.1501,0.031,0.031,0.5581,0.4634,0.2661,0.1477,0.031,0.031
0.6157,0.4302,0.4985,0.249,0.1501,0.031,0.031,0.5664,0.394,0.5605,0.2593,0.1501,0.031,0.031,0.6255,0.6396,0.2324,0.1501,0.031,0.031,0.4268,0.4507,0.2544,0.1501,0.031,0.031,0.5378,0.5439,0.2231,0.1501,0.031,0.031,0.6255,0.5313,0.271,0.1501,0.031,0.031,0.5386,0.3911,0.2783,0.1489,0.031,0.031,0.4448,0.5361,0.2539,0.1477,0.031,0.031,0.5491,0.52,0.2397,0.1501,0.031,0.031,0.4248,0.4849,0.249,0.1489,0.031,0.031,0.47,0.437,0.249,0.1489,0.031,0.031,0.394,0.4717,0.2593,0.1501,0.031,0.031,0.5095,0.4653,0.2759,0.1477,0.031,0.031,0.5129,0.4185,0.2466,0.1501,0.031,0.031,0.4727,0.5181,0.2368,0.1501,0.031,0.031,0.606,0.5308,0.271,0.1465,0.031,0.031,0.6338,0.4819,0.2446,0.1501,0.031,0.031,0.5137,0.5293,0.2759,0.1282,0.031,0.031,0.4478,0.4702,0.2539,0.1501,0.031,0.031,0.5754,0.6924,0.249,0.1501,0.031,0.031,0.6462,0.4546,0.2808,0.1501,0.031,0.031,0.4858,0.605,0.2324,0.1501,0.031,0.031,0.4998,0.3994,0.2783,0.1501,0.031,0.031,0.3623,0.4702,0.2515,0.1501,0.031,0.031,0.6289,0.5293,0.2808,0.1501,0.031,0.031,0.5747,0.5435,0.2197,0.2231,0.1489,0.031,0.031,0.4976,0.5859,0.2588,0.1501,0.031,0.031,0.4824,0.4438,0.271,0.1489,0.031,0.031,0.4463,0.5703,0.2539,0.1501,0.031,0.031,0.5581,0.4634,0.2661,0.1477,0.031,0.031
0.6157,0.4302,0.4985,0.249,0.1501,0.031,0.031,0.5664,0.394,0.5605,0.2593,0.1501,0.031,0.031,0.6255,0.6396,0.2324,0.1501,0.031,0.031,0.4268,0.4507,0.2544,0.1501,0.031,0.031,0.5378,0.5439,0.2231,0.1501,0.031,0.031,0.6255,0.5313,0.271,0.1501,0.031,0.031,0.5483,0.3911,0.2783,0.1489,0.031,0.031,0.4448,0.5361,0.2539,0.1477,0.031,0.031,0.5491,0.52,0.2397,0.1501,0.031,0.031,0.4248,0.4849,0.249,0.1489,0.031,0.031,0.47,0.437,0.249,0.1489,0.031,0.031,0.394,0.4717,0.2593,0.1501,0.031,0.031,0.5095,0.4653,0.2759,0.1477,0.031,0.031,0.5129,0.4185,0.2466,0.1501,0.031,0.031,0.4727,0.5181,0.2368,0.1501,0.031,0.031,0.606,0.5308,0.271,0.1465,0.031,0.031,0.6338,0.4819,0.2446,0.1501,0.031,0.031,0.5137,0.5293,0.2759,0.1282,0.031,0.031,0.4478,0.4702,0.2539,0.1501,0.031,0.031,0.5754,0.6924,0.249,0.1501,0.031,0.031,0.6462,0.4546,0.2808,0.1501,0.031,0.031,0.4858,0.605,0.2324,0.1501,0.031,0.031,0.4998,0.3994,0.2783,0.1501,0.031,0.031,0.3623,0.4702,0.2515,0.1501,0.031,0.031,0.6289,0.5293,0.2808,0.1501,0.031,0.031,0.5747,0.5435,0.2197,0.2231,0.1489,0.031,0.031,0.4976,0.5859,0.2588,0.1501,0.031,0.031,0.4824,0.4438,0.271,0.1489,0.031,0.031,0.4463,0.5703,0.2539,0.1501,0.031,0.031,0.5581,0.4634,0.2661,0.1477,0.031,0.031
0.6157,0.4302,0.4985,0.249,0.1501,0.031,0.031,0.5664,0.394,0.5605,0.2593,0.1501,0.031,0.031,0.6255,0.6396,0.2324,0.1501,0.031,0.031,0.4268,0.4507,0.2544,0.1501,0.031,0.031,0.5378,0.5439,0.2231,0.1501,0.031,0.031,0.6255,0.5313,0.271,0.1501,0.031,0.031,0.5483,0.3911,0.2783,0.1489,0.031,0.031,0.4448,0.5361,0.2539,0.1477,0.031,0.031,0.5491,0.52,0.2397,0.1501,0.031,0.031,0.4248,0.4849,0.249,0.1489,0.031,0.031,0.47,0.437,0.249,0.1489,0.031,0.031,0.394,0.4717,0.2593,0.1501,0.031,0.031,0.5095,0.4653,0.2759,0.1477,0.031,0.031,0.5129,0.4185,0.2466,0.1501,0.031,0.031,0.4727,0.5181,0.2368,0.1501,0.031,0.031,0.606,0.5308,0.271,0.1465,0.031,0.031,0.6338,0.4819,0.2446,0.1501,0.031,0.031,0.5137,0.5293,0.2759,0.1282,0.031,0.031,0.4478,0.4702,0.2539,0.1501,0.031,0.031,0.5754,0.6924,0.249,0.1501,0.031,0.031,0.6462,0.4546,0.2808,0.1501,0.031,0.031,0.4858,0.605,0.2324,0.1501,0.031,0.031,0.4998,0.3994,0.2783,0.1501,0.031,0.031,0.3623,0.4702,0.2515,0.1501,0.031,0.031,0.6289,0.5293,0.2808,0.1501,0.031,0.031,0.5747,0.5435,0.2197,0.2231,0.1489,0.031,0.031,0.4976,0.5859,0.2588,0.1501,0.031,0.031,0.4824,0.4438,0.271,0.1489,0.031,0.031,0.4463,0.5703,0.2539,0.1501,0.031,0.031,0.5581,0.4634,0.2661,0.1477,0.031,0.031
0.6157,0.4302,0.4985,0.249,0.1501,0.031,0.031,0.5664,0.394,0.5605,0.2593,0.1501,0.031,0.031,0.6255,0.6396,0.2324,0.1501,0.031,0.031,0.4268,0.4507,0.2544,0.1501,0.031,0.031,0.5378,0.5557,0.2231,0.1501,0.031,0.031,0.6255,0.5313,0.271,0.1501,0.031,0.031,0.5483,0.3911,0.2783,0.1489,0.031,0.031,0.4448,0.5361,0.2612,0.1477,0.031,0.031,0.5491,0.52,0.2397,0.1501,0.031,0.031,0.4248,0.4849,0.249,0.1489,0.031,0.031,0.47,0.437,0.249,0.1489,0.031,0.031,0.394,0.4717,0.2593,0.1501,0.031,0.031,0.5095,0.4653,0.2759,0.1477,0.031,0.031,0.5129,0.4185,0.2466,0.1501,0.031,0.031,0.4727,0.5181,0.2368,0.1501,0.031,0.031,0.606,0.5308,0.271,0.1465,0.031,0.031,0.6338,0.4819,0.2446,0.1501,0.031,0.031,0.5137,0.5293,0.2759,0.1282,0.031,0.031,0.4478,0.4702,0.2539,0.1501,0.031,0.031,0.5754,0.6924,0.249,0.1501,0.031,0.031,0.6462,0.4546,0.2808,0.1501,0.031,0.031,0.4858,0.605,0.2324,0.1501,0.031,0.031,0.4998,0.3994,0.2783,0.1501,0.031,0.031,0.3623,0.4702,0.2515,0.1501,0.031,0.031,0.6289,0.5293,0.2808,0.1501,0.031,0.031,0.5747,0.5435,0.2197,0.2231,0.1489,0.031,0.031,0.4976,0.5859,0.2588,0.1501,0.031,0.031,0.4824,0.4438,0.271,0.1489,0.031,0.031,0.4463,0.5703,0.2539,0.1501,0.031,0.031,0.5581,0.4634,0.2661,0.1477,0.031,0.031
0.6157,0.4302,0.4985,0.249,0.1501,0.031,0.031,0.5664,0.394,0.5605,0.2593,0.1501,0.031,0.031,0.6255,0.6396,0.2324,0.1501,0.031,0.031,0.4268,0.4507,0.2544,0.1501,0.031,0.031,0.5378,0.5557,0.2231,0.1501,0.031,0.031,0.6255,0.5313,0.271,0.1501,0.031,0.031,0.5483,0.3911,0.2783,0.1489,0.031,0.031,0.4448,0.5361,0.2612,0.1477,0.031,0.031,0.5491,0.52,0.2397,0.1501,0.031,0.031,0.4248,0.4849,0.249,0.1489,0.031,0.031,0.47,0.437,0.249,0.1489,0.031,0.031,0.394,0.4717,0.2593,0.1501,0.031,0.031,0.5095,0.4653,0.2759,0.1477,0.031,0.031,0.5129,0.4185,0.2466,0.1501,0.031,0.031,0.4727,0.5181,0.2368,0.1501,0.031,0.031,0.606,0.5308,0.271,0.1465,0.031,0.031,0.6338,0.4819,0.2446,0.1501,0.031,0.031,0.5137,0.5293,0.2759,0.1282,0.031,0.031,0.4478,0.4702,0.2539,0.1501,0.031,0.031,0.5754,0.6924,0.249,0.1501,0.031,0.031,0.6462,0.4546,0.2808,0.1501,0.031,0.031,0.4858,0.605,0.2324,0.1501,0.031,0.031,0.4998,0.3994,0.2783,0.1501,0.031,0.031,0.3623,0.4702,0.2515,0.1501,0.031,0.031,0.6289,0.5293,0.2808,0.1501,0.031,0.031,0.5747,0.5435,0.2197,0.2231,0.1489,0.031,0.031,0.4976,0.5859,0.2588,0.1501,0.031,0.031,0.4824,0.4438,0.271,0.1489,0.031,0.031,0.4463,0.5703,0.2539,0.1501,0.031,0.031,0.5581,0.4634,0.2661,0.1477,0.031,0.031
0.6157,0.4302,0.4985,0.249,0.1501,0.031,0.031,0.5664,0.394,0.5605,0.2593,0.1501,0.031,0.031,0.6255,0.6396,0.2324,0.1501,0.031,0.031,0.4268,0.4507,0.2544,0.1501,0.031,0.031,0.5378,0.5557,0.2231,0.1501,0.031,0.031,0.6255,0.5313,0.271,0.1501,0.031,0.031,0.5483,0.3911,0.2783,0.1489,0.031,0.031,0.4448,0.5361,0.2612,0.1477,0.031,0.031,0.5491,0.52,0.2397,0.1501,0.031,0.031,0.4248,0.4849,0.249,0.1489,0.031,0.031,0.47,0.437,0.249,0.1489,0.031,0.031,0.394,0.4717,0.2593,0.1501,0.031,0.031,0.5095,0.4653,0.2759,0.1477,0.031,0.031,0.5129,0.4185,0.2466,0.1501,0.031,0.031,0.4727,0.5181,0.2368,0.1501,0.031,0.031,0.606,0.5308,0.271,0.1465,0.031,0.031,0.6338,0.4819,0.2446,0.1501,0.031,0.031,0.5137,0.5293,0.2759,0.1282,0.031,0.031,0.4478,0.4702,0.2539,0.1501,0.031,0.031,0.5754,0.6924,0.249,0.1501,0.031,0.031,0.6462,0.4546,0.2808,0.1501,0.031,0.031,0.4858,0.605,0.2324,0.1501,0.031,0.031,0.4998,0.3994,0.2783,0.1501,0.031,0.031,0.3623,0.4702,0.2515,0.1501,0.031,0.031,0.6289,0.5293,0.2808,0.1501,0.031,0.031,0.5747,0.5435,0.2197,0.2231,0.1489,0.031,0.031,0.4976,0.5859,0.2588,0.1501,0.031,0.031,0.4824,0.4438,0.271,0.1489,0.031,0.031,0.4463,0.5703,0.2539,0.1501,0.031,0.031,0.5581,0.4634,0.2661,0.1477,0.031,0.031
0.6157,0.4302,0.4985,0.249,0.1501,0.031,0.031,0.5664,0.394,0.5605,0.2593,0.1501,0.031,0.031,0.6255,0.6396,0.2324,0.1501,0.031,0.031,0.4268,0.4507,0.2544,0.1501,0.031,0.031,0.5378,0.5557,0.2231,0.1501,0.031,0.031,0.6255,0.5313,0.271,0.1501,0.031,0.031,0.5483,0.3911,0.2783,0.1489,0.031,0.031,0.4448,0.5361,0.2612,0.1477,0.031,0.031,0.5491,0.52,0.2397,0.1501,0.031,0.031,0.4248,0.4849,0.249,0.1489,0.031,0.031,0.47,0.437,0.249,0.1489,0.031,0.031,0.394,0.4717,0.2593,0.1501,0.031,0.031,0.5095,0.4653,0.2759,0.1477,0.031,0.031,0.5129,0.4185,0.2466,0.1501,0.031,0.031,0.4727,0.5181,0.2368,0.1501,0.031,0.031,0.606,0.5308,0.271,0.1465,0.031,0.031,0.6338,0.4819,0.2446,0.1501,0.031,0.031,0.5137,0.5293,0.2759,0.1282,0.031,0.031,0.4478,0.4702,0.2539,0.1501,0.031,0.031,0.5754,0.6924,0.249,0.1501,0.031,0.031,0.6462,0.4546,0.2808,0.1501,0.031,0.031,0.4858,0.605,0.2324,0.1501,0.031,0.031,0.4998,0.3994,0.2783,0.1501,0.031,0.031,0.3623,0.4702,0.2515,0.1501,0.031,0.031,0.6289,0.5293,0.2808,0.1501,0.031,0.031,0.5747,0.5435,0.2197,0.2231,0.1489,0.031,0.031,0.4976,0.5859,0.2588,0.1501,0.031,0.031,0.4824,0.4438,0.271,0.1489,0.031,0.031,0.4463,0.5703,0.2539,0.1501,0.031,0.031,0.5581,0.4634,0.2661,0.1477,0.031,0.031
0.6157,0.4302,0.4985,0.249,0.1501,0.031,0.031,0.5664,0.394,0.5605,0.2593,0.1501,0.031,0.031,0.6255,0.6396,0.2324,0.1501,0.031,0.031,0.4268,0.4507,0.2544,0.1501,0.031,0.031,0.5378,0.5557,0.2231,0.1501,0.031,0.031,0.6255,0.5313,0.271,0.1501,0.031,0.031,0.5483,0.3911,0.2783,0.1489,0.031,0.031,0.4448,0.5361,0.2612,0.1477,0.031,0.031,0.5491,0.52,0.2397,0.1501,0.031,0.031,0.4248,0.4849,0.249,0.1489,0.031,0.031,0.47,0.437,0.249,0.1489,0.031,0.031,0.394,0.4717,0.2593,0.1501,0.031,0.031,0.5095,0.4653,0.2759,0.1477,0.031,0.031,0.5129,0.4185,0.2466,0.1501,0.031,0.031,0.4727,0.5181,0.2368,0.1501,0.031,0.031,0.606,0.5308,0.271,0.1465,0.031,0.031,0.6338,0.4819,0.2446,0.1501,0.031,0.031,0.5137,0.5293,0.2759,0.1282,0.031,0.031,0.4478,0.4702,0.2539,0.1501,0.031,0.031,0.5754,0.6924,0.249,0.1501,0.031,0.031,0.6462,0.4546,0.2808,0.1501,0.031,0.031,0.4858,0.605,0.2324,0.1501,0.031,0.031,0.4998,0.3994,0.2783,0.1501,0.031,0.031,0.3623,0.4702,0.2515,0.1501,0.031,0.031,0.6289,0.5293,0.2808,0.1501,0.031,0.031,0.5747,0.5435,0.2271,0.2231,0.1489,0.031,0.031,0.4976,0.5859,0.2588,0.1501,0.031,0.031,0.4824,0.4438,0.271,0.1489,0.031,0.031,0.4463,0.5703,0.2539,0.1501,0.031,0.031,0.5581,0.4634,0.2661,0.1477,0.031,0.031
0.6157,0.4302,0.4985,0.249,0.1501,0.031,0.031,0.5664,0.394,0.5605,0.2593,0.1501,0.031,0.031,0.6255,0.6396,0.2324,0.1501,0.031,0.031,0.4268,0.4507,0.2544,0.1501,0.031,0.031,0.5378,0.5557,0.2231,0.1501,0.031,0.031,0.6255,0.5313,0.271,0.1501,0.031,0.031,0.5483,0.3911,0.2783,0.1489,0.031,0.031,0.4448,0.5361,0.2612,0.1477,0.031,0.031,0.5491,0.52,0.2397,0.1501,0.031,0.031,0.4248,0.4849,0.249,0.1489,0.031,0.031,0.47,0.437,0.249,0.1489,0.031,0.031,0.394,0.4717,0.2593,0.1501,0.031,0.031,0.5095,0.4653,0.2759,0.1489,0.031,0.031,0.5129,0.4185,0.2466,0.1501,0.031,0.031,0.4727,0.5181,0.2368,0.1501,0.031,0.031,0.606,0.5308,0.271,0.1465,0.031,0.031,0.6338,0.4819,0.2446,0.1501,0.031,0.031,0.5137,0.5293,0.2759,0.1282,0.031,0.031,0.4478,0.4702,0.2539,0.1501,0.031,0.031,0.5754,0.6924,0.249,0.1501,0.031,0.031,0.6462,0.4546,0.2808,0.1501,0.031,0.031,0.4858,0.605,0.2324,0.1501,0.031,0.031,0.4998,0.3994,0.2783,0.1501,0.031,0.031,0.3623,0.4702,0.2515,0.1501,0.031,0.031,0.6289,0.5293,0.2808,0.1501,0.031,0.031,0.5747,0.5435,0.2271,0.2231,0.1489,0.031,0.031,0.4976,0.5859,0.2588,0.1501,0.031,0.031,0.4824,0.4438,0.271,0.1489,0.031,0.031,0.4463,0.5703,0.2539,0.1501,0.031,0.031,0.5581,0.4634,0.2661,0.1477,0.031,0.031
0.6157,0.4302,0.4985,0.249,0.1501,0.031,0.031,0.5664,0.394,0.5605,0.2593,0.1501,0.031,0.031,0.6255,0.6396,0.2324,0.1501,0.031,0.031,0.4268,0.4507,0.2544,0.1501,0.031,0.031,0.5378,0.5557,0.2231,0.1501,0.031,0.031,0.6255,0.5313,0.271,0.1501,0.031,0.031,0.5483,0.3911,0.2783,0.1489,0.031,0.031,0.4448,0.5361,0.2612,0.1477,0.031,0.031,0.5491,0.52,0.2397,0.1501,0.031,0.031,0.4248,0.4849,0.249,0.1489,0.031,0.031,0.47,0.437,0.249,0.1489,0.031,0.031,0.394,0.4717,0.2593,0.1501,0.031,0.031,0.5095,0.4653,0.2759,0.1489,0.031,0.031,0.5129,0.4185,0.2466,0.1501,0.031,0.031,0.4727,0.5181,0.2368,0.1501,0.031,0.031,0.606,0.5308,0.271,0.1465,0.031,0.031,0.6338,0.4819,0.2446,0.1501,0.031,0.031,0.5137,0.5293,0.2759,0.1282,0.031,0.031,0.4478,0.4702,0.2539,0.1501,0.031,0.031,0.5754,0.6924,0.249,0.1501,0.031,0.031,0.6462,0.4546,0.2808,0.1501,0.031,0.031,0.4858,0.605,0.2324,0.1501,0.031,0.031,0.4998,0.3994,0.2783,0.1501,0.031,0.031,0.3623,0.4702,0.2515,0.1501,0.031,0.031,0.6289,0.5293,0.2808,0.1501,0.031,0.031,0.5747,0.5435,0.2271,0.2231,0.1489,0.031,0.031,0.4976,0.5859,0.2588,0.1501,0.031,0.031,0.4824,0.4438,0.271,0.1489,0.031,0.031,0.4463,0.5703,0.2539,0.1501,0.031,0.031,0.5581,0.4634,0.2661,0.1477,0.031,0.031
0.6157,0.4302,0.4985,0.249,0.1501,0.031,0.031,0.5664,0.394,0.5605,0.2593,0.1501,0.031,0.031,0.6255,0.6396,0.2324,0.1501,0.031,0.031,0.4268,0.4507,0.2544,0.1501,0.031,0.031,0.5378,0.5557,0.2231,0.1501,0.031,0.031,0.6255,0.5313,0.271,0.1501,0.031,0.031,0.5483,0.3911,0.2783,0.1489,0.031,0.031,0.4448,0.5361,0.2612,0.1477,0.031,0.031,0.5491,0.52,0.2397,0.1501,0.031,0.031,0.4248,0.4849,0.249,0.1489,0.031,0.031,0.47,0.437,0.249,0.1489,0.031,0.031,0.394,0.4717,0.2593,0.1501,0.031,0.031,0.5095,0.4653,0.2759,0.1489,0.031,0.031,0.5129,0.4707,0.2466,0.1501,0.031,0.031,0.4727,0.5181,0.2368,0.1501,0.031,0.031,0.606,0.5308,0.271,0.1465,0.031,0.031,0.6338,0.4819,0.2446,0.1501,0.031,0.031,0.5137,0.5293,0.2759,0.1282,0.031,0.031,0.4478,0.4702,0.2539,0.1501,0.031,0.031,0.5754,0.6924,0.249,0.1501,0.031,0.031,0.6462,0.4546,0.2808,0.1501,0.031,0.031,0.4858,0.605,0.2324,0.1501,0.031,0.031,0.4998,0.3994,0.2783,0.1501,0.031,0.031,0.3623,0.4702,0.2515,0.1501,0.031,0.031,0.6289,0.5293,0.2808,0.1501,0.031,0.031,0.5747,0.5435,0.2271,0.2231,0.1489,0.031,0.031,0.4976,0.5859,0.2588,0.1501,0.031,0.031,0.4824,0.4438,0.271,0.1489,0.031,0.031,0.4463,0.5703,0.2539,0.1501,0.031,0.031,0.5581,0.4634,0.2661,0.1477,0.031,0.031
0.6157,0.4302,0.4985,0.249,0.1501,0.031,0.031,0.5664,0.394,0.5605,0.2593,0.1501,0.031,0.031,0.6255,0.6396,0.2324,0.1501,0.031,0.031,0.4268,0.4507,0.2544,0.1501,0.031,0.031,0.5378,0.5557,0.2231,0.1501,0.031,0.031,0.6255,0.5313,0.271,0.1501,0.031,0.031,0.5483,0.3911,0.2783,0.1489,0.031,0.031,0.4448,0.5361,0.2612,0.1477,0.031,0.031,0.5491,0.52,0.2397,0.1501,0.031,0.031,0.4248,0.4849,0.249,0.1489,0.031,0.031,0.47,0.437,0.249,0.1489,0.031,0.031,0.394,0.4717,0.2593,0.1501,0.031,0.031,0.5095,0.4653,0.2759,0.1489,0.031,0.031,0.5129,0.4707,0.2466,0.1501,0.031,0.031,0.4727,0.5181,0.2368,0.1501,0.031,0.031,0.606,0.5308,0.271,0.1465,0.031,0.031,0.6338,0.4819,0.2446,0.1501,0.031,0.031,0.5137,0.5293,0.2759,0.1282,0.031,0.031,0.4478,0.4702,0.2539,0.1501,0.031,0.031,0.5754,0.6924,0.249,0.1501,0.031,0.031,0.6462,0.4546,0.2808,0.1501,0.031,0.031,0.4858,0.605,0.2324,0.1501,0.031,0.031,0.4998,0.3994,0.2783,0.1501,0.031,0.031,0.3623,0.4702,0.2515,0.1501,0.031,0.031,0.6289,0.5293,0.2808,0.1501,0.031,0.031,0.5747,0.5435,0.2271,0.2231,0.1489,0.031,0.031,0.4976,0.5859,0.2588,0.1501,0.031,0.031,0.4824,0.4438,0.271,0.1489,0.031,0.031,0.4463,0.5703,0.2539,0.1501,0.031,0.031,0.5581,0.4634,0.2661,0.1477,0.031,0.031
0.6157,0.4302,0.4985,0.249,0.1501,0.031,0.031,0.5664,0.394,0.5605,0.2593,0.1501,0.031,0.031,0.6255,0.6396,0.2324,0.1501,0.031,0.031,0.4268,0.4507,0.2544,0.1501,0.031,0.031,0.5378,0.5557,0.2231,0.1501,0.031,0.031,0.6255,0.5313,0.271,0.1501,0.031,0.031,0.5483,0.3911,0.2783,0.1489,0.031,0.031,0.4448,0.5361,0.2612,0.1477,0.031,0.031,0.5491,0.52,0.2397,0.1501,0.031,0.031,0.4248,0.4849,0.249,0.1489,0.031,0.031,0.47,0.437,0.249,0.1489,0.031,0.031,0.394,0.4717,0.2593,0.1501,0.031,0.031,0.5095,0.4653,0.2759,0.1489,0.031,0.031,0.5129,0.4707,0.2466,0.1501,0.031,0.031,0.4727,0.5181,0.2368,0.1501,0.031,0.031,0.606,0.5308,0.271,0.1465,0.031,0.031,0.6338,0.4819,0.2446,0.1501,0.031,0.031,0.5137,0.5293,0.2759,0.1282,0.031,0.031,0.4478,0.4702,0.2539,0.1501,0.031,0.031,0.5754,0.6924,0.249,0.1501,0.031,0.031,0.6462,0.4546,0.2808,0.1501,0.031,0.031,0.4858,0.605,0.2324,0.1501,0.031,0.031,0.4998,0.3994,0.2783,0.1501,0.031,0.031,0.3623,0.4702,0.2515,0.1501,0.031,0.031,0.6289,0.5293,0.2808,0.1501,0.031,0.031,0.5747,0.5435,0.2271,0.2231,0.1489,0.031,0.031,0.4976,0.5859,0.2588,0.1501,0.031,0.031,0.4824,0.4438,0.271,0.1489,0.031,0.031,0.4463,0.5703,0.2539,0.1501,0.031,0.031,0.5581,0.4634,0.2661,0.1477,0.031,0.031
0.6157,0.4302,0.4985,0.249,0.1501,0.031,0.031,0.5664,0.394,0.5605,0.2593,0.1501,0.031,0.031,0.6255,0.6396,0.2324,0.1501,0.031,0.031,0.4268,0.4507,0.2544,0.1501,0.031,0.031,0.5378,0.5557,0.2231,0.1501,0.031,0.031,0.6255,0.5313,0.271,0.1501,0.031,0.031,0.5483,0.3911,0.2783,0.1489,0.031,0.031,0.4448,0.5361,0.2612,0.1477,0.031,0.031,0.5491,0.52,0.2397,0.1501,0.031,0.031,0.4248,0.4849,0.249,0.1489,0.031,0.031,0.47,0.437,0.249,0.1489,0.031,0.031,0.394,0.4717,0.2593,0.1501,0.031,0.031,0.5095,0.4653,0.2759,0.1489,0.031,0.031,0.5129,0.4707,0.2466,0.1501,0.031,0.031,0.4727,0.5181,0.2368,0.1501,0.031,0.031,0.606,0.5308,0.271,0.1465,0.031,0.031,0.6338,0.4819,0.2446,0.1501,0.031,0.031,0.5137,0.5293,0.2759,0.1282,0.031,0.031,0.4478,0.4702,0.2539,0.1501,0.031,0.031,0.5754,0.6924,0.249,0.1501,0.031,0.031,0.6462,0.4546,0.2808,0.1501,0.031,0.031,0.4858,0.605,0.2324,0.1501,0.031,0.031,0.4998,0.3994,0.2783,0.1501,0.031,0.031,0.3623,0.4702,0.2515,0.1501,0.031,0.031,0.6289,0.5293,0.2808,0.1501,0.031,0.031,0.5747,0.5435,0.2271,0.2231,0.1489,0.031,0.031,0.4976,0.5859,0.2588,0.1501,0.031,0.031,0.4824,0.4438,0.271,0.1489,0.031,0.031,0.4463,0.5703,0.2539,0.1501,0.031,0.031,0.5581,0.4634,0.2661,0.1477,0.031,0.031
0.6157,0.4302,0.4985,0.249,0.1501,0.031,0.031,0.5664,0.394,0.5605,0.2593,0.1501,0.031,0.031,0.6255,0.6396,0.2324,0.1501,0.031,0.031,0.4268,0.4507,0.2544,0.1501,0.031,0.031,0.5378,0.5557,0.2231,0.1501,0.031,0.031,0.6255,0.5313,0.271,0.1501,0.031,0.031,0.5483,0.3911,0.2783,0.1489,0.031,0.031,0.4448,0.5361,0.2612,0.1477,0.031,0.031,0.5491,0.52,0.2397,0.1501,0.031,0.031,0.4248,0.4849,0.249,0.1489,0.031,0.031,0.47,0.437,0.249,0.1489,0.031,0.031,0.394,0.4717,0.2593,0.1501,0.031,0.031,0.5095,0.4653,0.2759,0.1489,0.031,0.031,0.5129,0.4707,0.2466,0.1501,0.031,0.031,0.4727,0.5181,0.2368,0.1501,0.031,0.031,0.606,0.5308,0.271,0.1465,0.031,0.031,0.6338,0.4819,0.2446,0.1501,0.031,0.031,0.5137,0.5293,0.2759,0.1282,0.031,0.031,0.4478,0.4702,0.2539,0.1501,0.031,0.031,0.5754,0.6924,0.249,0.1501,0.031,0.031,0.6462,0.4546,0.2808,0.1501,0.031,0.031,0.4858,0.605,0.2324,0.1501,0.031,0.031,0.4998,0.3994,0.2783,0.1501,0.031,0.031,0.3623,0.4702,0.2515,0.1501,0.031,0.031,0.6289,0.5293,0.2808,0.1501,0.031,0.031,0.5747,0.5435,0.2271,0.2231,0.1489,0.031,0.031,0.4976,0.5859,0.2588,0.1501,0.031,0.031,0.4824,0.4438,0.271,0.1489,0.031,0.031,0.4463,0.5703,0.2539,0.1501,0.031,0.031,0.5581,0.4634,0.2661,0.1477,0.031,0.031
0.6157,0.4302,0.4985,0.249,0.1501,0.031,0.031,0.5664,0.394,0.5605,0.2593,0.1501,0.031,0.031,0.6255,0.6396,0.2324,0.1501,0.031,0.031,0.4268,0.4507,0.2544,0.1501,0.031,0.031,0.5378,0.5557,0.2231,0.1501,0.031,0.031,0.6255,0.5313,0.271,0.1501,0.031,0.031,0.5483,0.3911,0.2783,0.1489,0.031,0.031,0.4448,0.5361,0.2612,0.1477,0.031,0.031,0.5491,0.52,0.2397,0.1501,0.031,0.031,0.4248,0.4849,0.249,0.1489,0.031,0.031,0.47,0.437,0.249,0.1489,0.031,0.031,0.394,0.4717,0.2593,0.1501,0.031,0.031,0.5095,0.4653,0.2759,0.1489,0.031,0.031,0.5129,0.4707,0.2466,0.1501,0.031,0.031,0.4727,0.5181,0.2368,0.1501,0.031,0.031,0.606,0.5308,0.271,0.1465,0.031,0.031,0.6338,0.4819,0.2446,0.1501,0.031,0.031,0.5137,0.5293,0.2759,0.1282,0.031,0.031,0.4478,0.4702,0.2539,0.1501,0.031,0.031,0.5754,0.6924,0.249,0.1501,0.031,0.031,0.6462,0.4546,0.2808,0.1501,0.031,0.031,0.4858,0.605,0.2324,0.1501,0.031,0.031,0.4998,0.3994,0.2783,0.1501,0.031,0.031,0.3623,0.4702,0.2515,0.1501,0.031,0.031,0.6289,0.5293,0.2808,0.1501,0.031,0.031,0.5747,0.5435,0.2271,0.2231,0.1489,0.031,0.031,0.4976,0.5859,0.2588,0.1501,0.031,0.031,0.4824,0.4438,0.271,0.1489,0.031,0.031,0.4463,0.5703,0.2539,0.1501,0.031,0.031,0.5581,0.4634,0.2661,0.1477,0.031,0.031
0.6157,0.4302,0.4985,0.249,0.1501,0.031,0.031,0.5664,0.394,0.5605,0.2593,0.1501,0.031,0.031,0.6255,0.6396,0.2324,0.1501,0.031,0.031,0.4268,0.4507,0.2544,0.1501,0.031,0.031,0.5378,0.5557,0.2231,0.1501,0.031,0.031,0.6255,0.5313,0.271,0.1501,0.031,0.031,0.5483,0.3911,0.2783,0.1489,0.031,0.031,0.4448,0.5361,0.2612,0.1477,0.031,0.031,0.5491,0.52,0.2397,0.1501,0.031,0.031,0.4248,0.4849,0.249,0.1489,0.031,0.031,0.47,0.437,0.249,0.1489,0.031,0.031,0.394,0.4717,0.2593,0.1501,0.031,0.031,0.5095,0.4653,0.2759,0.1489,0.031,0.031,0.5129,0.4707,0.2495,0.1501,0.031,0.031,0.4727,0.5181,0.2368,0.1501,0.031,0.031,0.606,0.5308,0.271,0.1465,0.031,0.031,0.6338,0.4819,0.2446,0.1501,0.031,0.031,0.5137,0.5293,0.2759,0.1282,0.031,0.031,0.4478,0.4702,0.2539,0.1501,0.031,0.031,0.5754,0.6924,0.249,0.1501,0.031,0.031,0.6462,0.4546,0.2808,0.1501,0.031,0.031,0.4858,0.605,0.2324,0.1501,0.031,0.031,0.4998,0.3994,0.2783,0.1501,0.031,0.031,0.3623,0.4702,0.2515,0.1501,0.031,0.031,0.6289,0.5293,0.2808,0.1501,0.031,0.031,0.5747,0.5435,0.2271,0.2231,0.1489,0.031,0.031,0.4976,0.5859,0.2588,0.1501,0.031,0.031,0.4824,0.4438,0.271,0.1489,0.031,0.031,0.4463,0.5703,0.2539,0.1501,0.031,0.031,0.5581,0.4634,0.2661,0.1477,0.031,0.031
0.6157,0.4302,0.4985,0.249,0.1501,0.031,0.031,0.5664,0.394,0.5605,0.2593,0.1501,0.031,0.031,0.6255,0.6396,0.2324,0.1501,0.031,0.031,0.4268,0.4507,0.2544,0.1501,0.031,0.031,0.5378,0.5557,0.2231,0.1501,0.031,0.031,0.6255,0.5313,0.271,0.1501,0.031,0.031,0.5483,0.3911,0.2783,0.1489,0.031,0.031,0.4448,0.5361,0.2612,0.1477,0.031,0.031,0.5491,0.52,0.2397,0.1501,0.031,0.031,0.4248,0.4849,0.249,0.1489,0.031,0.031,0.47,0.437,0.249,0.1489,0.031,0.031,0.394,0.4717,0.2593,0.1501,0.031,0.031,0.5095,0.4653,0.2759,0.1489,0.031,0.031,0.5129,0.4707,0.2495,0.1501,0.031,0.031,0.4727,0.5181,0.2368,0.1501,0.031,0.031,0.606,0.5308,0.271,0.1465,0.031,0.031,0.6338,0.4819,0.2446,0.1501,0.031,0.031,0.5137,0.5293,0.2759,0.1282,0.031,0.031,0.4478,0.4702,0.2539,0.1501,0.031,0.031,0.5754,0.6924,0.249,0.1501,0.031,0.031,0.6462,0.4546,0.2808,0.1501,0.031,0.031,0.4858,0.605,0.2324,0.1501,0.031,0.031,0.4998,0.3994,0.2783,0.1501,0.031,0.031,0.3623,0.4702,0.2515,0.1501,0.031,0.031,0.6289,0.5293,0.2808,0.1501,0.031,0.031,0.5747,0.5435,0.2271,0.2231,0.1489,0.031,0.031,0.4976,0.5859,0.2588,0.1501,0.031,0.031,0.4824,0.4438,0.271,0.1489,0.031,0.031,0.4463,0.5703,0.2539,0.1501,0.031,0.031,0.5581,0.4634,0.2661,0.1477,0.031,0.031
0.6157,0.4302,0.4985,0.249,0.1501,0.031,0.031,0.5664,0.394,0.5605,0.2593,0.1501,0.031,0.031,0.6255,0.6396,0.2324,0.1501,0.031,0.031,0.4268,0.4507,0.2544,0.1501,0.031,0.031,0.5378,0.5557,0.2231,0.1501,0.031,0.031,0.6255,0.5313,0.271,0.1501,0.031,0.031,0.5483,0.3911,0.2783,0.1489,0.031,0.031,0.4448,0.5361,0.2612,0.1477,0.031,0.031,0.5491,0.52,0.2397,0.1501,0.031,0.031,0.4248,0.4849,0.249,0.1489,0.031,0.031,0.47,0.437,0.249,0.1489,0.031,0.031,0.394,0.4717,0.2593,0.1501,0.031,0.031,0.5095,0.4653,0.2759,0.1489,0.031,0.031,0.5129,0.4707,0.2495,0.1501,0.031,0.031,0.4727,0.5181,0.2368,0.1501,0.031,0.031,0.606,0.5308,0.271,0.1465,0.031,0.031,0.6338,0.4819,0.2446,0.1501,0.031,0.031,0.5137,0.5293,0.2759,0.1282,0.031,0.031,0.4478,0.4702,0.2539,0.1501,0.031,0.031,0.5754,0.6924,0.249,0.1501,0.031,0.031,0.6462,0.4546,0.2808,0.1501,0.031,0.031,0.4858,0.605,0.2324,0.1501,0.031,0.031,0.4998,0.3994,0.2783,0.1501,0.031,0.031,0.3623,0.4702,0.2515,0.1501,0.031,0.031,0.6289,0.5293,0.2808,0.1501,0.031,0.031,0.5747,0.5435,0.2271,0.2231,0.1489,0.031,0.031,0.4976,0.5859,0.2588,0.1501,0.031,0.031,0.4824,0.4438,0.271,0.1489,0.031,0.031,0.4463,0.5703,0.2539,0.1501,0.031,0.031,0.5581,0.4634,0.2661,0.1477,0.031,0.031
0.6157,0.4302,0.4985,0.249,0.1501,0.031,0.031,0.5664,0.394,0.5605,0.2593,0.1501,0.031,0.031,0.6255,0.6396,0.2324,0.1501,0.031,0.031,0.4268,0.4507,0.2544,0.1501,0.031,0.031,0.5378,0.5557,0.2231,0.1501,0.031,0.031,0.6255,0.5313,0.271,0.1501,0.031,0.031,0.5483,0.3911,0.2783,0.1489,0.031,0.031,0.4448,0.5361,0.2612,0.1477,0.031,0.031,0.5491,0.52,0.2397,0.1501,0.031,0.031,0.4248,0.4849,0.249,0.1489,0.031,0.031,0.47,0.437,0.249,0.1489,0.031,0.031,0.394,0.4717,0.2593,0.1501,0.031,0.031,0.5095,0.4653,0.2759,0.1489,0.031,0.031,0.5129,0.4707,0.2495,0.1501,0.031,0.031,0.4727,0.5181,0.2368,0.1501,0.031,0.031,0.606,0.5308,0.271,0.1465,0.031,0.031,0.6338,0.4819,0.2446,0.1501,0.031,0.031,0.5137,0.5293,0.2759,0.1282,0.031,0.031,0.4478,0.4702,0.2539,0.1501,0.031,0.031,0.5754,0.6924,0.249,0.1501,0.031,0.031,0.6462,0.4546,0.2808,0.1501,0.031,0.031,0.4858,0.605,0.2324,0.1501,0.031,0.031,0.4998,0.3994,0.2783,0.1501,0.031,0.031,0.3623,0.4702,0.2515,0.1501,0.031,0.031,0.6289,0.5293,0.2808,0.1501,0.031,0.031,0.5747,0.5435,0.2271,0.2231,0.1489,0.031,0.031,0.4976,0.5859,0.2588,0.1501,0.031,0.031,0.4824,0.4438,0.271,0.1489,0.031,0.031,0.4463,0.5703,0.2539,0.1501,0.031,0.031,0.5581,0.4634,0.2661,0.1477,0.031,0.031
0.6157,0.4302,0.4985,0.249,0.1501,0.031,0.031,0.5664,0.394,0.5605,0.2593,0.1501,0.031,0.031,0.6255,0.6396,0.2324,0.1501,0.031,0.031,0.4268,0.4507,0.2544,0.1501,0.031,0.031,0.5378,0.5557,0.2231,0.1501,0.031,0.031,0.6255,0.5313,0.271,0.1501,0.031,0.031,0.5483,0.3911,0.2783,0.1489,0.031,0.031,0.4448,0.5361,0.2612,0.1477,0.031,0.031,0.5491,0.52,0.2397,0.1501,0.031,0.031,0.4248,0.4849,0.249,0.1489,0.031,0.031,0.47,0.4551,0.249,0.1489,0.031,0.031,0.394,0.4717,0.2593,0.1501,0.031,0.031,0.5095,0.4653,0.2759,0.1489,0.031,0.031,0.5129,0.4707,0.2495,0.1501,0.031,0.031,0.4727,0.5181,0.2368,0.1501,0.031,0.031,0.606,0.5308,0.271,0.1465,0.031,0.031,0.6338,0.4819,0.2446,0.1501,0.031,0.031,0.5137,0.5293,0.2759,0.1282,0.031,0.031,0.4478,0.4702,0.2539,0.1501,0.031,0.031,0.5754,0.6924,0.249,0.1501,0.031,0.031,0.6462,0.4546,0.2808,0.1501,0.031,0.031,0.4858,0.605,0.2324,0.1501,0.031,0.031,0.4998,0.3994,0.2783,0.1501,0.031,0.031,0.3623,0.4702,0.2515,0.1501,0.031,0.031,0.6289,0.5293,0.2808,0.1501,0.031,0.031,0.5747,0.5435,0.2271,0.2231,0.1489,0.031,0.031,0.4976,0.5859,0.2588,0.1501,0.031,0.031,0.4824,0.4438,0.271,0.1489,0.031,0.031,0.4463,0.5703,0.2539,0.1501,0.031,0.031,0.5581,0.4634,0.2661,0.1477,0.031,0.031
0.6157,0.4302,0.4985,0.249,0.1501,0.031,0.031,0.5664,0.394,0.5605,0.2593,0.1501,0.031,0.031,0.6255,0.6396,0.2324,0.1501,0.031,0.031,0.4268,0.4507,0.2544,0.1501,0.031,0.031,0.5378,0.5557,0.2231,0.1501,0.031,0.031,0.6255,0.5313,0.271,0.1501,0.031,0.031,0.5483,0.3911,0.2783,0.1489,0.031,0.031,0.4448,0.5361,0.2612,0.1477,0.031,0.031,0.5491,0.52,0.2397,0.1501,0.031,0.031,0.4248,0.4849,0.249,0.1489,0.031,0.031,0.47,0.4551,0.249,0.1489,0.031,0.031,0.394,0.4717,0.2593,0.1501,0.031,0.031,0.5095,0.4653,0.2759,0.1489,0.031,0.031,0.5129,0.4707,0.2495,0.1501,0.031,0.031,0.4727,0.5313,0.2368,0.1501,0.031,0.031,0.606,0.5308,0.271,0.1465,0.031,0.031,0.6338,0.4819,0.2446,0.1501,0.031,0.031,0.5137,0.5293,0.2759,0.1282,0.031,0.031,0.4478,0.4702,0.2539,0.1501,0.031,0.031,0.5754,0.6924,0.249,0.1501,0.031,0.031,0.6462,0.4546,0.2808,0.1501,0.031,0.031,0.4858,0.605,0.2324,0.1501,0.031,0.031,0.4998,0.3994,0.2783,0.1501,0.031,0.031,0.3623,0.4702,0.2515,0.1501,0.031,0.031,0.6289,0.5293,0.2808,0.1501,0.031,0.031,0.5747,0.5435,0.2271,0.2231,0.1489,0.031,0.031,0.4976,0.5859,0.2588,0.1501,0.031,0.031,0.4824,0.4438,0.271,0.1489,0.031,0.031,0.4463,0.5703,0.2539,0.1501,0.031,0.031,0.5581,0.4634,0.2661,0.1477,0.031,0.031
0.6157,0.4302,0.4985,0.249,0.1501,0.031,0.031,0.5664,0.394,0.5605,0.2593,0.1501,0.031,0.031,0.6255,0.6396,0.2324,0.1501,0.031,0.031,0.4268,0.4507,0.2544,0.1501,0.031,0.031,0.5378,0.5557,0.2231,0.1501,0.031,0.031,0.6255,0.5313,0.271,0.1501,0.031,0.031,0.5483,0.3911,0.2783,0.1489,0.031,0.031,0.4448,0.5361,0.2612,0.1477,0.031,0.031,0.5491,0.52,0.2397,0.1501,0.031,0.031,0.4248,0.4849,0.249,0.1489,0.031,0.031,0.47,0.4551,0.249,0.1489,0.031,0.031,0.3989,0.4717,0.2593,0.1501,0.031,0.031,0.5095,0.4653,0.2759,0.1489,0.031,0.031,0.5129,0.4707,0.2495,0.1501,0.031,0.031,0.4727,0.5313,0.2368,0.1501,0.031,0.031,0.606,0.5308,0.271,0.1465,0.031,0.031,0.6338,0.4819,0.2446,0.1501,0.031,0.031,0.5137,0.5293,0.2759,0.1282,0.031,0.031,0.4478,0.4702,0.2539,0.1501,0.031,0.031,0.5754,0.6924,0.249,0.1501,0.031,0.031,0.6462,0.4546,0.2808,0.1501,0.031,0.031,0.4858,0.605,0.2324,0.1501,0.031,0.031,0.4998,0.3994,0.2783,0.1501,0.031,0.031,0.3623,0.4702,0.2515,0.1501,0.031,0.031,0.6289,0.5293,0.2808,0.1501,0.031,0.031,0.5747,0.5435,0.2271,0.2231,0.1489,0.031,0.031,0.4976,0.5859,0.2588,0.1501,0.031,0.031,0.4824,0.4438,0.271,0.1489,0.031,0.031,0.4463,0.5703,0.2539,0.1501,0.031,0.031,0.5581,0.4634,0.2661,0.1477,0.031,0.031
0.6157,0.4302,0.4985,0.249,0.1501,0.031,0.031,0.5664,0.394,0.5605,0.2593,0.1501,0.031,0.031,0.6255,0.6396,0.2324,0.1501,0.031,0.031,0.4268,0.4507,0.2544,0.1501,0.031,0.031,0.5378,0.5557,0.2231,0.1501,0.031,0.031,0.6255,0.5313,0.271,0.1501,0.031,0.031,0.5483,0.3911,0.2783,0.1489,0.031,0.031,0.4448,0.5361,0.2612,0.1477,0.031,0.031,0.5491,0.52,0.2397,0.1501,0.031,0.031,0.4248,0.4849,0.249,0.1489,0.031,0.031,0.47,0.4551,0.249,0.1489,0.031,0.031,0.3989,0.4717,0.2593,0.1501,0.031,0.031,0.5095,0.4653,0.2759,0.1489,0.031,0.031,0.5129,0.4707,0.2495,0.1501,0.031,0.031,0.4727,0.5313,0.2368,0.1501,0.031,0.031,0.606,0.5308,0.271,0.1465,0.031,0.031,0.6338,0.4819,0.2446,0.1501,0.031,0.031,0.5137,0.5293,0.2759,0.1282,0.031,0.031,0.4478,0.4702,0.2539,0.1501,0.031,0.031,0.5754,0.6924,0.249,0.1501,0.031,0.031,0.6462,0.4546,0.2808,0.1501,0.031,0.031,0.4858,0.605,0.2324,0.1501,0.031,0.031,0.4998,0.3994,0.2783,0.1501,0.031,0.031,0.3623,0.4702,0.2515,0.1501,0.031,0.031,0.6289,0.5293,0.2808,0.1501,0.031,0.031,0.5747,0.5435,0.2271,0.2231,0.1489,0.031,0.031,0.4976,0.5859,0.2612,0.1501,0.031,0.031,0.4824,0.4438,0.271,0.1489,0.031,0.031,0.4463,0.5703,0.2539,0.1501,0.031,0.031,0.5581,0.4634,0.2661,0.1477,0.031,0.031
0.6157,0.4302,0.4985,0.249,0.1501,0.031,0.031,0.5664,0.394,0.5605,0.2593,0.1501,0.031,0.031,0.6255,0.6396,0.2324,0.1501,0.031,0.031,0.4268,0.4507,0.2544,0.1501,0.031,0.031,0.5378,0.5557,0.2231,0.1501,0.031,0.031,0.6255,0.5313,0.271,0.1501,0.031,0.031,0.5483,0.3911,0.2783,0.1489,0.031,0.031,0.4448,0.5361,0.2612,0.1477,0.031,0.031,0.5491,0.52,0.2397,0.1501,0.031,0.031,0.4248,0.4849,0.249,0.1489,0.031,0.031,0.47,0.4551,0.249,0.1489,0.031,0.031,0.3989,0.4717,0.2593,0.1501,0.031,0.031,0.5095,0.4653,0.2759,0.1489,0.031,0.031,0.5129,0.4707,0.2495,0.1501,0.031,0.031,0.4727,0.5313,0.2368,0.1501,0.031,0.031,0.606,0.5308,0.271,0.1465,0.031,0.031,0.6338,0.4819,0.2446,0.1501,0.031,0.031,0.5137,0.5293,0.2759,0.1282,0.031,0.031,0.4478,0.4702,0.2539,0.1501,0.031,0.031,0.5754,0.6924,0.249,0.1501,0.031,0.031,0.6462,0.4546,0.2808,0.1501,0.031,0.031,0.4858,0.605,0.2324,0.1501,0.031,0.031,0.4998,0.3994,0.2783,0.1501,0.031,0.031,0.3623,0.4702,0.2515,0.1501,0.031,0.031,0.6289,0.5293,0.2808,0.1501,0.031,0.031,0.5747,0.5435,0.2271,0.2231,0.1489,0.031,0.031,0.4976,0.5859,0.2612,0.1501,0.031,0.031,0.4824,0.4438,0.271,0.1489,0.031,0.031,0.4463,0.5703,0.2539,0.1501,0.031,0.031,0.5581,0.4634,0.2661,0.1477,0.031,0.031
0.6157,0.4302,0.4985,0.249,0.1501,0.031,0.031,0.5664,0.394,0.5605,0.2593,0.1501,0.031,0.031,0.6255,0.6396,0.2324,0.1501,0.031,0.031,0.4268,0.4507,0.2544,0.1501,0.031,0.031,0.5378,0.5557,0.2231,0.1501,0.031,0.031,0.6255,0.5313,0.271,0.1501,0.031,0.031,0.5483,0.3911,0.2783,0.1489,0.031,0.031,0.4448,0.5361,0.2612,0.1477,0.031,0.031,0.5491,0.52,0.2397,0.1501,0.031,0.031,0.4248,0.4849,0.249,0.1489,0.031,0.031,0.47,0.4551,0.249,0.1489,0.031,0.031,0.3989,0.4717,0.2593,0.1501,0.031,0.031,0.5095,0.4653,0.2759,0.1489,0.031,0.031,0.5129,0.4707,0.2495,0.1501,0.031,0.031,0.4727,0.5313,0.2368,0.1501,0.031,0.031,0.606,0.5308,0.271,0.1465,0.031,0.031,0.6338,0.4819,0.2446,0.1501,0.031,0.031,0.5137,0.5293,0.2759,0.1282,0.031,0.031,0.4478,0.4702,0.2539,0.1501,0.031,0.031,0.5754,0.6924,0.249,0.1501,0.031,0.031,0.6462,0.4546,0.2808,0.1501,0.031,0.031,0.4858,0.605,0.2324,0.1501,0.031,0.031,0.4998,0.3994,0.2783,0.1501,0.031,0.031,0.3623,0.4702,0.2515,0.1501,0.031,0.031,0.6289,0.5293,0.2808,0.1501,0.031,0.031,0.5747,0.5435,0.2271,0.2231,0.1489,0.031,0.031,0.4976,0.5859,0.2612,0.1501,0.031,0.031,0.4824,0.4438,0.271,0.1489,0.031,0.031,0.4463,0.5703,0.2539,0.1501,0.031,0.031,0.5581,0.4634,0.2661,0.1477,0.031,0.031
0.6157,0.4302,0.4985,0.249,0.1501,0.031,0.031,0.5664,0.394,0.5605,0.2593,0.1501,0.031,0.031,0.6255,0.6396,0.2324,0.1501,0.031,0.031,0.4268,0.4507,0.2544,0.1501,0.031,0.031,0.5378,0.5557,0.2231,0.1501,0.031,0.031,0.6255,0.5313,0.271,0.1501,0.031,0.031,0.5483,0.3911,0.2783,0.1489,0.031,0.031,0.4448,0.5361,0.2612,0.1477,0.031,0.031,0.5491,0.52,0.2397,0.1501,0.031,0.031,0.4248,0.4849,0.249,0.1489,0.031,0.031,0.47,0.4551,0.249,0.1489,0.031,0.031,0.3989,0.4717,0.2593,0.1501,0.031,0.031,0.5095,0.4653,0.2759,0.1489,0.031,0.031,0.5129,0.4707,0.2495,0.1501,0.031,0.031,0.4727,0.5313,0.2368,0.1501,0.031,0.031,0.606,0.5308,0.271,0.1465,0.031,0.031,0.6338,0.4819,0.2446,0.1501,0.031,0.031,0.5137,0.5293,0.2759,0.1282,0.031,0.031,0.4478,0.4702,0.2539,0.1501,0.031,0.031,0.5754,0.6924,0.249,0.1501,0.031,0.031,0.6462,0.4546,0.2808,0.1501,0.031,0.031,0.4858,0.605,0.2324,0.1501,0.031,0.031,0.4998,0.3994,0.2783,0.1501,0.031,0.031,0.3623,0.4702,0.2515,0.1501,0.031,0.031,0.6289,0.5293,0.2808,0.1501,0.031,0.031,0.5747,0.5435,0.2271,0.2231,0.1489,0.031,0.031,0.4976,0.5859,0.2612,0.1501,0.031,0.031,0.4824,0.4438,0.271,0.1489,0.031,0.031,0.4463,0.5703,0.2539,0.1501,0.031,0.031,0.5581,0.4634,0.2661,0.1477,0.031,0.031
0.6157,0.4302,0.4985,0.249,0.1501,0.031,0.031,0.5664,0.394,0.5605,0.2593,0.1501,0.031,0.031,0.6255,0.6396,0.2324,0.1501,0.031,0.031,0.4268,0.4507,0.2544,0.1501,0.031,0.031,0.5378,0.5557,0.2231,0.1501,0.031,0.031,0.6255,0.5313,0.271,0.1501,0.031,0.031,0.5483,0.3911,0.2783,0.1489,0.031,0.031,0.4448,0.5361,0.2612,0.1477,0.031,0.031,0.5491,0.52,0.2397,0.1501,0.031,0.031,0.4248,0.4849,0.249,0.1489,0.031,0.031,0.47,0.4551,0.249,0.1489,0.031,0.031,0.3989,0.4717,0.2593,0.1501,0.031,0.031,0.5095,0.4653,0.2759,0.1489,0.031,0.031,0.5129,0.4707,0.2495,0.1501,0.031,0.031,0.4727,0.5313,0.2368,0.1501,0.031,0.031,0.606,0.5308,0.271,0.1465,0.031,0.031,0.6338,0.4819,0.2446,0.1501,0.031,0.031,0.5137,0.5293,0.2759,0.1282,0.031,0.031,0.4478,0.4702,0.2539,0.1501,0.031,0.031,0.5754,0.6924,0.249,0.1501,0.031,0.031,0.6462,0.4546,0.2808,0.1501,0.031,0.031,0.4858,0.605,0.2324,0.1501,0.031,0.031,0.4998,0.3994,0.2783,0.1501,0.031,0.031,0.3623,0.4702,0.2515,0.1501,0.031,0.031,0.6289,0.5293,0.2808,0.1501,0.031,0.031,0.5747,0.5435,0.2271,0.2231,0.1489,0.031,0.031,0.4976,0.5859,0.2612,0.1501,0.031,0.031,0.4824,0.4438,0.271,0.1489,0.031,0.031,0.4463,0.5703,0.2539,0.1501,0.031,0.031,0.5581,0.4634,0.2661,0.1477,0.031,0.031
0.6157,0.4302,0.4985,0.249,0.1501,0.031,0.031,0.5664,0.394,0.5605,0.2593,0.1501,0.031,0.031,0.6255,0.6396,0.2324,0.1501,0.031,0.031,0.4268,0.4507,0.2544,0.1501,0.031,0.031,0.5378,0.5557,0.2231,0.1501,0.031,0.031,0.6255,0.5313,0.271,0.1501,0.031,0.031,0.5483,0.3911,0.2783,0.1489,0.031,0.031,0.4448,0.5361,0.2612,0.1477,0.031,0.031,0.5491,0.52,0.2397,0.1501,0.031,0.031,0.4248,0.4849,0.249,0.1489,0.031,0.031,0.47,0.4551,0.249,0.1489,0.031,0.031,0.3989,0.4717,0.2593,0.1501,0.031,0.031,0.5095,0.4653,0.2759,0.1489,0.031,0.031,0.5129,0.4707,0.2495,0.1501,0.031,0.031,0.4727,0.5313,0.2368,0.1501,0.031,0.031,0.606,0.5308,0.271,0.1465,0.031,0.031,0.6338,0.4819,0.2446,0.1501,0.031,0.031,0.5137,0.5293,0.2759,0.1282,0.031,0.031,0.4478,0.4702,0.2539,0.1501,0.031,0.031,0.5754,0.6924,0.249,0.1501,0.031,0.031,0.6462,0.4546,0.2808,0.1501,0.031,0.031,0.4858,0.605,0.2324,0.1501,0.031,0.031,0.4998,0.3994,0.2783,0.1501,0.031,0.031,0.3623,0.4702,0.2515,0.1501,0.031,0.031,0.6289,0.5293,0.2808,0.1501,0.031,0.031,0.5747,0.5435,0.2271,0.2231,0.1489,0.031,0.031,0.4976,0.5859,0.2612,0.1501,0.031,0.031,0.4824,0.4438,0.271,0.1489,0.031,0.031,0.4463,0.5703,0.2539,0.1501,0.031,0.031,0.5581,0.4634,0.2661,0.1477,0.031,0.031
0.6157,0.4302,0.4985,0.249,0.1501,0.031,0.031,0.5664,0.394,0.5605,0.2593,0.1501,0.031,0.031,0.6255,0.6396,0.2324,0.1501,0.031,0.031,0.4268,0.4507,0.2544,0.1501,0.031,0.031,0.5378,0.5557,0.2231,0.1501,0.031,0.031,0.6255,0.5313,0.271,0.1501,0.031,0.031,0.5483,0.3911,0.2783,0.1489,0.031,0.031,0.4448,0.5361,0.2612,0.1477,0.031,0.031,0.5491,0.52,0.2397,0.1501,0.031,0.031,0.4248,0.4849,0.249,0.1489,0.031,0.031,0.47,0.4551,0.249,0.1489,0.031,0.031,0.3989,0.4717,0.2593,0.1501,0.031,0.031,0.5095,0.4653,0.2759,0.1489,0.031,0.031,0.5129,0.4707,0.2495,0.1501,0.031,0.031,0.4727,0.5313,0.2368,0.1501,0.031,0.031,0.606,0.5308,0.271,0.1465,0.031,0.031,0.6338,0.4819,0.2446,0.1501,0.031,0.031,0.5137,0.5293,0.2759,0.1282,0.031,0.031,0.4478,0.4702,0.2539,0.1501,0.031,0.031,0.5754,0.6924,0.249,0.1501,0.031,0.031,0.6462,0.4546,0.2808,0.1501,0.031,0.031,0.4858,0.605,0.2324,0.1501,0.031,0.031,0.4998,0.3994,0.2783,0.1501,0.031,0.031,0.3623,0.4702,0.2515,0.1501,0.031,0.031,0.6289,0.5293,0.2808,0.1501,0.031,0.031,0.5747,0.5435,0.2271,0.2231,0.1489,0.031,0.031,0.4976,0.5859,0.2612,0.1501,0.031,0.031,0.4824,0.4438,0.271,0.1489,0.031,0.031,0.4463,0.5703,0.2539,0.1501,0.031,0.031,0.5581,0.4634,0.2661,0.1477,0.031,0.031
0.6157,0.4302,0.4985,0.249,0.1501,0.031,0.031,0.5664,0.394,0.5605,0.2593,0.1501,0.031,0.031,0.6255,0.6396,0.2324,0.1501,0.031,0.031,0.4268,0.4507,0.2544,0.1501,0.031,0.031,0.5378,0.5557,0.2231,0.1501,0.031,0.031,0.6255,0.5313,0.271,0.1501,0.031,0.031,0.5483,0.3911,0.2783,0.1489,0.031,0.031,0.4448,0.5361,0.2612,0.1477,0.031,0.031,0.5491,0.52,0.2397,0.1501,0.031,0.031,0.4248,0.4849,0.249,0.1489,0.031,0.031,0.47,0.4551,0.249,0.1489,0.031,0.031,0.3989,0.4717,0.2593,0.1501,0.031,0.031,0.5095,0.4653,0.2759,0.1489,0.031,0.031,0.5129,0.4707,0.2495,0.1501,0.031,0.031,0.4727,0.5313,0.2368,0.1501,0.031,0.031,0.606,0.5308,0.271,0.1465,0.031,0.031,0.6338,0.4819,0.2446,0.1501,0.031,0.031,0.5137,0.5293,0.2759,0.1282,0.031,0.031,0.4478,0.4702,0.2539,0.1501,0.031,0.031,0.5754,0.6924,0.249,0.1501,0.031,0.031,0.6462,0.4546,0.2808,0.1501,0.031,0.031,0.4858,0.605,0.2324,0.1501,0.031,0.031,0.4998,0.3994,0.2783,0.1501,0.031,0.031,0.3623,0.4702,0.2515,0.1501,0.031,0.031,0.6289,0.5293,0.2808,0.1501,0.031,0.031,0.5747,0.5435,0.2271,0.2231,0.1489,0.031,0.031,0.4976,0.5859,0.2661,0.1501,0.031,0.031,0.4824,0.4438,0.271,0.1489,0.031,0.031,0.4463,0.5703,0.2539,0.1501,0.031,0.031,0.5581,0.4634,0.2661,0.1477,0.031,0.031
0.6157,0.4302,0.4985,0.249,0.1501,0.031,0.031,0.5664,0.394,0.5605,0.2593,0.1501,0.031,0.031,0.6255,0.6396,0.2324,0.1501,0.031,0.031,0.4268,0.4507,0.2544,0.1501,0.031,0.031,0.5378,0.5557,0.2231,0.1501,0.031,0.031,0.6255,0.5313,0.271,0.1501,0.031,0.031,0.5483,0.3911,0.2783,0.1489,0.031,0.031,0.4448,0.5361,0.2612,0.1477,0.031,0.031,0.5491,0.52,0.2397,0.1501,0.031,0.031,0.4248,0.4849,0.249,0.1489,0.031,0.031,0.47,0.4551,0.249,0.1489,0.031,0.031,0.3989,0.4717,0.2593,0.1501,0.031,0.031,0.5095,0.4653,0.2759,0.1489,0.031,0.031,0.5129,0.4707,0.2495,0.1501,0.031,0.031,0.4727,0.5313,0.2368,0.1501,0.031,0.031,0.606,0.5308,0.271,0.1465,0.031,0.031,0.6338,0.4819,0.2446,0.1501,0.031,0.031,0.5137,0.5293,0.2759,0.1282,0.031,0.031,0.4478,0.4702,0.2539,0.1501,0.031,0.031,0.5754,0.6924,0.249,0.1501,0.031,0.031,0.6462,0.4546,0.2808,0.1501,0.031,0.031,0.4858,0.605,0.2324,0.1501,0.031,0.031,0.4998,0.3994,0.2783,0.1501,0.031,0.031,0.3623,0.4702,0.2515,0.1501,0.031,0.031,0.6289,0.5293,0.2808,0.1501,0.031,0.031,0.5747,0.5435,0.2271,0.2231,0.1489,0.031,0.031,0.4976,0.5859,0.2661,0.1501,0.031,0.031,0.4824,0.4438,0.271,0.1489,0.031,0.031,0.4463,0.5703,0.2539,0.1501,0.031,0.031,0.5581,0.4634,0.2661,0.1477,0.031,0.031
0.6157,0.4302,0.4985,0.249,0.1501,0.031,0.031,0.5664,0.394,0.5605,0.2593,0.1501,0.031,0.031,0.6255,0.6396,0.2324,0.1501,0.031,0.031,0.4268,0.4507,0.2544,0.1501,0.031,0.031,0.5378,0.5557,0.2231,0.1501,0.031,0.031,0.6255,0.5313,0.271,0.1501,0.031,0.031,0.5483,0.3911,0.2783,0.1489,0.031,0.031,0.4448,0.5361,0.2612,0.1477,0.031,0.031,0.5491,0.52,0.2397,0.1501,0.031,0.031,0.4248,0.4849,0.249,0.1489,0.031,0.031,0.47,0.4551,0.249,0.1489,0.031,0.031,0.3989,0.4717,0.2593,0.1501,0.031,0.031,0.5095,0.4653,0.2759,0.1489,0.031,0.031,0.5129,0.4707,0.2495,0.1501,0.031,0.031,0.4727,0.5313,0.2368,0.1501,0.031,0.031,0.606,0.5308,0.271,0.1465,0.031,0.031,0.6338,0.4819,0.2446,0.1501,0.031,0.031,0.5137,0.5293,0.2759,0.1282,0.031,0.031,0.4478,0.4702,0.2539,0.1501,0.031,0.031,0.5754,0.6924,0.249,0.1501,0.031,0.031,0.6462,0.4546,0.2808,0.1501,0.031,0.031,0.4858,0.605,0.2324,0.1501,0.031,0.031,0.4998,0.3994,0.2783,0.1501,0.031,0.031,0.3623,0.4702,0.2515,0.1501,0.031,0.031,0.6289,0.5293,0.2808,0.1501,0.031,0.031,0.5747,0.5435,0.2271,0.2231,0.1489,0.031,0.031,0.4976,0.5859,0.2661,0.1501,0.031,0.031,0.4824,0.4438,0.271,0.1489,0.031,0.031,0.4463,0.5703,0.2539,0.1501,0.031,0.031,0.5581,0.4634,0.2661,0.1477,0.031,0.031
0.6157,0.4302,0.4985,0.249,0.1501,0.031,0.031,0.5664,0.394,0.5605,0.2593,0.1501,0.031,0.031,0.6255,0.6396,0.2324,0.1501,0.031,0.031,0.4268,0.4507,0.2544,0.1501,0.031,0.031,0.5378,0.5557,0.2231,0.1501,0.031,0.031,0.6255,0.5313,0.271,0.1501,0.031,0.031,0.5483,0.3911,0.2783,0.1489,0.031,0.031,0.4448,0.5361,0.2612,0.1477,0.031,0.031,0.5491,0.52,0.2397,0.1501,0.031,0.031,0.4248,0.4849,0.249,0.1489,0.031,0.031,0.47,0.4551,0.249,0.1489,0.031,0.031,0.3989,0.4717,0.2593,0.1501,0.031,0.031,0.5095,0.4653,0.2759,0.1489,0.031,0.031,0.5129,0.4707,0.2495,0.1501,0.031,0.031,0.4727,0.5313,0.2368,0.1501,0.031,0.031,0.606,0.5308,0.271,0.1465,0.031,0.031,0.6338,0.4819,0.2446,0.1501,0.031,0.031,0.5137,0.5293,0.2759,0.1282,0.031,0.031,0.4478,0.4702,0.2539,0.1501,0.031,0.031,0.5754,0.6924,0.249,0.1501,0.031,0.031,0.6462,0.4546,0.2808,0.1501,0.031,0.031,0.4858,0.605,0.2324,0.1501,0.031,0.031,0.4998,0.3994,0.2783,0.1501,0.031,0.031,0.3623,0.4702,0.2515,0.1501,0.031,0.031,0.6289,0.5293,0.2808,0.1501,0.031,0.031,0.5747,0.5435,0.2271,0.2231,0.1489,0.031,0.031,0.4976,0.5859,0.2661,0.1501,0.031,0.031,0.4824,0.4438,0.271,0.1489,0.031,0.031,0.4463,0.5703,0.2539,0.1501,0.031,0.031,0.5581,0.4634,0.2661,0.1477,0.031,0.031
0.6157,0.4302,0.4985,0.249,0.1501,0.031,0.031,0.5664,0.394,0.5605,0.2593,0.1501,0.031,0.031,0.6255,0.6396,0.2324,0.1501,0.031,0.031,0.4268,0.4507,0.2544,0.1501,0.031,0.031,0.5378,0.5557,0.2231,0.1501,0.031,0.031,0.6255,0.5313,0.271,0.1501,0.031,0.031,0.5483,0.3911,0.2783,0.1489,0.031,0.031,0.4448,0.5361,0.2612,0.1477,0.031,0.031,0.5491,0.52,0.2397,0.1501,0.031,0.031,0.4248,0.4849,0.249,0.1489,0.031,0.031,0.47,0.4551,0.249,0.1489,0.031,0.031,0.3989,0.4717,0.2593,0.1501,0.031,0.031,0.5095,0.4653,0.2759,0.1489,0.031,0.031,0.5129,0.4707,0.2495,0.1501,0.031,0.031,0.4727,0.5313,0.2368,0.1501,0.031,0.031,0.606,0.5308,0.271,0.1465,0.031,0.031,0.6338,0.4819,0.2446,0.1501,0.031,0.031,0.5137,0.5293,0.2759,0.1282,0.031,0.031,0.4478,0.4702,0.2539,0.1501,0.031,0.031,0.5754,0.6924,0.249,0.1501,0.031,0.031,0.6462,0.4546,0.2808,0.1501,0.031,0.031,0.4858,0.605,0.2324,0.1501,0.031,0.031,0.4998,0.3994,0.2783,0.1501,0.031,0.031,0.3623,0.4702,0.2515,0.1501,0.031,0.031,0.6289,0.5293,0.2808,0.1501,0.031,0.031,0.5747,0.5435,0.2271,0.2231,0.1489,0.031,0.031,0.4976,0.5859,0.2661,0.1501,0.031,0.031,0.4824,0.4438,0.271,0.1489,0.031,0.031,0.4463,0.5703,0.2539,0.1501,0.031,0.031,0.5581,0.4634,0.2661,0.1477,0.031,0.031
0.6157,0.4302,0.4985,0.249,0.1501,0.031,0.031,0.5664,0.394,0.5605,0.2593,0.1501,0.031,0.031,0.6255,0.6396,0.2324,0.1501,0.031,0.031,0.4268,0.4507,0.2544,0.1501,0.031,0.031,0.5378,0.5557,0.2231,0.1501,0.031,0.031,0.6255,0.5313,0.271,0.1501,0.031,0.031,0.5483,0.3911,0.2783,0.1489,0.031,0.031,0.4504,0.5361,0.2612,0.1477,0.031,0.031,0.5491,0.52,0.2397,0.1501,0.031,0.031,0.4248,0.4849,0.249,0.1489,0.031,0.031,0.47,0.4551,0.249,0.1489,0.031,0.031,0.3989,0.4717,0.2593,0.1501,0.031,0.031,0.5095,0.4653,0.2759,0.1489,0.031,0.031,0.5129,0.4707,0.2495,0.1501,0.031,0.031,0.4727,0.5313,0.2368,0.1501,0.031,0.031,0.606,0.5308,0.271,0.1465,0.031,0.031,0.6338,0.4819,0.2446,0.1501,0.031,0.031,0.5137,0.5293,0.2759,0.1282,0.031,0.031,0.4478,0.4702,0.2539,0.1501,0.031,0.031,0.5754,0.6924,0.249,0.1501,0.031,0.031,0.6462,0.4546,0.2808,0.1501,0.031,0.031,0.4858,0.605,0.2324,0.1501,0.031,0.031,0.4998,0.3994,0.2783,0.1501,0.031,0.031,0.3623,0.4702,0.2515,0.1501,0.031,0.031,0.6289,0.5293,0.2808,0.1501,0.031,0.031,0.5747,0.5435,0.2271,0.2231,0.1489,0.031,0.031,0.4976,0.5859,0.2661,0.1501,0.031,0.031,0.4824,0.4438,0.271,0.1489,0.031,0.031,0.4463,0.5703,0.2539,0.1501,0.031,0.031,0.5581,0.4634,0.2661,0.1477,0.031,0.031
0.6157,0.4302,0.4985,0.249,0.1501,0.031,0.031,0.5664,0.394,0.5605,0.2593,0.1501,0.031,0.031,0.6255,0.6396,0.2324,0.1501,0.031,0.031,0.4268,0.4507,0.2544,0.1501,0.031,0.031,0.5378,0.5557,0.2231,0.1501,0.031,0.031,0.6255,0.5313,0.271,0.1501,0.031,0.031,0.5525,0.3911,0.2783,0.1489,0.031,0.031,0.4504,0.5361,0.2612,0.1477,0.031,0.031,0.5491,0.52,0.2397,0.1501,0.031,0.031,0.4248,0.4849,0.249,0.1489,0.031,0.031,0.47,0.4551,0.249,0.1489,0.031,0.031,0.3989,0.4717,0.2593,0.1501,0.031,0.031,0.5095,0.4653,0.2759,0.1489,0.031,0.031,0.5129,0.4707,0.2495,0.1501,0.031,0.031,0.4727,0.5313,0.2368,0.1501,0.031,0.031,0.606,0.5308,0.271,0.1465,0.031,0.031,0.6338,0.4819,0.2446,0.1501,0.031,0.031,0.5137,0.5293,0.2759,0.1282,0.031,0.031,0.4478,0.4702,0.2539,0.1501,0.031,0.031,0.5754,0.6924,0.249,0.1501,0.031,0.031,0.6462,0.4546,0.2808,0.1501,0.031,0.031,0.4858,0.605,0.2324,0.1501,0.031,0.031,0.4998,0.3994,0.2783,0.1501,0.031,0.031,0.3623,0.4702,0.2515,0.1501,0.031,0.031,0.6289,0.5293,0.2808,0.1501,0.031,0.031,0.5747,0.5435,0.2271,0.2231,0.1489,0.031,0.031,0.4976,0.5859,0.2661,0.1501,0.031,0.031,0.4824,0.4438,0.271,0.1489,0.031,0.031,0.4463,0.5703,0.2539,0.1501,0.031,0.031,0.5581,0.4634,0.2661,0.1477,0.031,0.031
0.6157,0.4302,0.4985,0.249,0.1501,0.031,0.031,0.5664,0.394,0.5605,0.2593,0.1501,0.031,0.031,0.6255,0.6396,0.2324,0.1501,0.031,0.031,0.4268,0.4507,0.2544,0.1501,0.031,0.031,0.5378,0.5557,0.2231,0.1501,0.031,0.031,0.6255,0.5313,0.271,0.1501,0.031,0.031,0.5525,0.3911,0.2783,0.1489,0.031,0.031,0.4504,0.5361,0.2612,0.1477,0.031,0.031,0.5491,0.52,0.2397,0.1501,0.031,0.031,0.4248,0.4849,0.249,0.1489,0.031,0.031,0.47,0.4551,0.249,0.1489,0.031,0.031,0.3989,0.4717,0.2593,0.1501,0.031,0.031,0.5095,0.4653,0.2759,0.1489,0.031,0.031,0.5129,0.4707,0.2544,0.1501,0.031,0.031,0.4727,0.5313,0.2368,0.1501,0.031,0.031,0.606,0.5308,0.271,0.1465,0.031,0.031,0.6338,0.4819,0.2446,0.1501,0.031,0.031,0.5137,0.5293,0.2759,0.1282,0.031,0.031,0.4478,0.4702,0.2539,0.1501,0.031,0.031,0.5754,0.6924,0.249,0.1501,0.031,0.031,0.6462,0.4546,0.2808,0.1501,0.031,0.031,0.4858,0.605,0.2324,0.1501,0.031,0.031,0.4998,0.3994,0.2783,0.1501,0.031,0.031,0.3623,0.4702,0.2515,0.1501,0.031,0.031,0.6289,0.5293,0.2808,0.1501,0.031,0.031,0.5747,0.5435,0.2271,0.2231,0.1489,0.031,0.031,0.4976,0.5859,0.2661,0.1501,0.031,0.031,0.4824,0.4438,0.271,0.1489,0.031,0.031,0.4463,0.5703,0.2539,0.1501,0.031,0.031,0.5581,0.4634,0.2661,0.1477,0.031,0.031
0.6157,0.4302,0.4985,0.249,0.1501,0.031,0.031,0.5664,0.394,0.5605,0.2593,0.1501,0.031,0.031,0.6255,0.6396,0.2324,0.1501,0.031,0.031,0.4268,0.4507,0.2544,0.1501,0.031,0.031,0.5378,0.5557,0.2231,0.1501,0.031,0.031,0.6255,0.5313,0.271,0.1501,0.031,0.031,0.5525,0.3911,0.2783,0.1489,0.031,0.031,0.4504,0.5361,0.2612,0.1477,0.031,0.031,0.5491,0.52,0.2397,0.1501,0.031,0.031,0.4248,0.4849,0.249,0.1489,0.031,0.031,0.47,0.4551,0.249,0.1489,0.031,0.031,0.3989,0.4717,0.2593,0.1501,0.031,0.031,0.5095,0.4653,0.2759,0.1489,0.031,0.031,0.5129,0.4707,0.2544,0.1501,0.031,0.031,0.4727,0.5313,0.2368,0.1501,0.031,0.031,0.606,0.5308,0.271,0.1465,0.031,0.031,0.6338,0.4819,0.2446,0.1501,0.031,0.031,0.5137,0.5293,0.2759,0.1282,0.031,0.031,0.4478,0.4702,0.2539,0.1501,0.031,0.031,0.5754,0.6924,0.249,0.1501,0.031,0.031,0.6462,0.4546,0.2808,0.1501,0.031,0.031,0.4858,0.605,0.2324,0.1501,0.031,0.031,0.4998,0.3994,0.2783,0.1501,0.031,0.031,0.3623,0.4702,0.2515,0.1501,0.031,0.031,0.6289,0.5293,0.2808,0.1501,0.031,0.031,0.5747,0.5435,0.2271,0.2231,0.1489,0.031,0.031,0.4976,0.5859,0.2661,0.1501,0.031,0.031,0.4824,0.4438,0.271,0.1489,0.031,0.031,0.4463,0.5703,0.2539,0.1501,0.031,0.031,0.5581,0.4634,0.2661,0.1477,0.031,0.031
0.6157,0.4302,0.4985,0.249,0.1501,0.031,0.031,0.5664,0.394,0.5605,0.2593,0.1501,0.031,0.031,0.6255,0.6396,0.2324,0.1501,0.031,0.031,0.4268,0.4507,0.2544,0.1501,0.031,0.031,0.5378,0.5557,0.2231,0.1501,0.031,0.031,0.6255,0.5313,0.271,0.1501,0.031,0.031,0.5525,0.3911,0.2783,0.1489,0.031,0.031,0.4504,0.5361,0.2612,0.1477,0.031,0.031,0.5491,0.52,0.2397,0.1501,0.031,0.031,0.4248,0.4849,0.249,0.1489,0.031,0.031,0.47,0.4551,0.249,0.1489,0.031,0.031,0.3989,0.4717,0.2593,0.1501,0.031,0.031,0.5095,0.4653,0.2759,0.1489,0.031,0.031,0.5129,0.4707,0.2544,0.1501,0.031,0.031,0.4727,0.5313,0.2368,0.1501,0.031,0.031,0.606,0.5308,0.271,0.1465,0.031,0.031,0.6338,0.4819,0.2446,0.1501,0.031,0.031,0.5137,0.5293,0.2759,0.1282,0.031,0.031,0.4478,0.4702,0.2539,0.1501,0.031,0.031,0.5754,0.6924,0.249,0.1501,0.031,0.031,0.6462,0.4546,0.2808,0.1501,0.031,0.031,0.4858,0.605,0.2324,0.1501,0.031,0.031,0.4998,0.3994,0.2783,0.1501,0.031,0.031,0.3623,0.4702,0.2515,0.1501,0.031,0.031,0.6289,0.5293,0.2808,0.1501,0.031,0.031,0.5747,0.5435,0.2271,0.2231,0.1489,0.031,0.031,0.4976,0.5859,0.2661,0.1501,0.031,0.031,0.4824,0.4438,0.271,0.1489,0.031,0.031,0.4463,0.5703,0.2539,0.1501,0.031,0.031,0.5581,0.4634,0.2661,0.1477,0.031,0.031
0.6157,0.4302,0.4985,0.249,0.1501,0.031,0.031,0.5664,0.394,0.5605,0.2593,0.1501,0.031,0.031,0.6255,0.6396,0.2324,0.1501,0.031,0.031,0.4268,0.4507,0.2544,0.1501,0.031,0.031,0.5378,0.5557,0.2231,0.1501,0.031,0.031,0.6255,0.5313,0.271,0.1501,0.031,0.031,0.5525,0.3911,0.2783,0.1489,0.031,0.031,0.4504,0.5361,0.2612,0.1477,0.031,0.031,0.5491,0.52,0.2397,0.1501,0.031,0.031,0.4248,0.4849,0.249,0.1489,0.031,0.031,0.47,0.4551,0.249,0.1489,0.031,0.031,0.3989,0.4717,0.2593,0.1501,0.031,0.031,0.5095,0.4653,0.2759,0.1489,0.031,0.031,0.5129,0.4707,0.2544,0.1501,0.031,0.031,0.4727,0.5313,0.2368,0.1501,0.031,0.031,0.606,0.5308,0.271,0.1465,0.031,0.031,0.6338,0.4819,0.2446,0.1501,0.031,0.031,0.5137,0.5293,0.2759,0.1282,0.031,0.031,0.4478,0.4702,0.2539,0.1501,0.031,0.031,0.5754,0.6924,0.249,0.1501,0.031,0.031,0.6462,0.4546,0.2808,0.1501,0.031,0.031,0.4858,0.605,0.2324,0.1501,0.031,0.031,0.4998,0.3994,0.2783,0.1501,0.031,0.031,0.3623,0.4702,0.2515,0.1501,0.031,0.031,0.6289,0.5293,0.2808,0.1501,0.031,0.031,0.5747,0.5435,0.2271,0.2231,0.1489,0.031,0.031,0.4976,0.5859,0.2661,0.1501,0.031,0.031,0.4824,0.4438,0.271,0.1489,0.031,0.031,0.4463,0.5703,0.2539,0.1501,0.031,0.031,0.5581,0.4634,0.2661,0.1477,0.031,0.031
0.6157,0.4302,0.4985,0.249,0.1501,0.031,0.031,0.5664,0.394,0.5605,0.2593,0.1501,0.031,0.031,0.6255,0.6396,0.2324,0.1501,0.031,0.031,0.4268,0.4507,0.2544,0.1501,0.031,0.031,0.5378,0.5557,0.2231,0.1501,0.031,0.031,0.6255,0.5313,0.271,0.1501,0.031,0.031,0.5525,0.3911,0.2783,0.1489,0.031,0.031,0.4504,0.5361,0.2612,0.1477,0.031,0.031,0.5491,0.52,0.2397,0.1501,0.031,0.031,0.4248,0.4849,0.249,0.1489,0.031,0.031,0.47,0.4551,0.249,0.1489,0.031,0.031,0.3989,0.4717,0.2593,0.1501,0.031,0.031,0.5095,0.4653,0.2759,0.1489,0.031,0.031,0.5129,0.4707,0.2544,0.1501,0.031,0.031,0.4727,0.5313,0.2368,0.1501,0.031,0.031,0.606,0.5308,0.271,0.1465,0.031,0.031,0.6338,0.4819,0.2446,0.1501,0.031,0.031,0.5137,0.5293,0.2759,0.1282,0.031,0.031,0.4478,0.4702,0.2539,0.1501,0.031,0.031,0.5754,0.6924,0.249,0.1501,0.031,0.031,0.6462,0.4546,0.2808,0.1501,0.031,0.031,0.4858,0.605,0.2324,0.1501,0.031,0.031,0.4998,0.3994,0.2783,0.1501,0.031,0.031,0.3623,0.4702,0.2515,0.1501,0.031,0.031,0.6289,0.5293,0.2808,0.1501,0.031,0.031,0.5747,0.5435,0.2271,0.2231,0.1489,0.031,0.031,0.4976,0.5859,0.2661,0.1501,0.031,0.031,0.4824,0.4438,0.271,0.1489,0.031,0.031,0.4463,0.5703,0.2539,0.1501,0.031,0.031,0.5581,0.4634,0.2661,0.1477,0.031,0.031
0.6157,0.4302,0.4985,0.249,0.1501,0.031,0.031,0.5664,0.394,0.5605,0.2593,0.1501,0.031,0.031,0.6255,0.6396,0.2324,0.1501,0.031,0.031,0.4268,0.4507,0.2544,0.1501,0.031,0.031,0.5378,0.5557,0.2231,0.1501,0.031,0.031,0.6255,0.5313,0.271,0.1501,0.031,0.031,0.5525,0.3911,0.2783,0.1489,0.031,0.031,0.4504,0.5361,0.2612,0.1477,0.031,0.031,0.5491,0.52,0.2397,0.1501,0.031,0.031,0.4248,0.4849,0.249,0.1489,0.031,0.031,0.47,0.4551,0.249,0.1489,0.031,0.031,0.3989,0.4717,0.2593,0.1501,0.031,0.031,0.5095,0.4653,0.2759,0.1489,0.031,0.031,0.5129,0.4707,0.2544,0.1501,0.031,0.031,0.4727,0.5313,0.2368,0.1501,0.031,0.031,0.606,0.5308,0.271,0.1465,0.031,0.031,0.6338,0.4819,0.2446,0.1501,0.031,0.031,0.5137,0.5293,0.2759,0.1282,0.031,0.031,0.4478,0.4702,0.2539,0.1501,0.031,0.031,0.5754,0.6924,0.249,0.1501,0.031,0.031,0.6462,0.4546,0.2808,0.1501,0.031,0.031,0.4858,0.605,0.2324,0.1501,0.031,0.031,0.4998,0.3994,0.2783,0.1501,0.031,0.031,0.3623,0.4702,0.2515,0.1501,0.031,0.031,0.6289,0.5293,0.2808,0.1501,0.031,0.031,0.5747,0.5435,0.2271,0.2231,0.1489,0.031,0.031,0.4976,0.5859,0.2661,0.1501,0.031,0.031,0.4824,0.4438,0.271,0.1489,0.031,0.031,0.4463,0.5703,0.2539,0.1501,0.031,0.031,0.5581,0.4634,0.2661,0.1477,0.031,0.031
0.6157,0.4302,0.4985,0.249,0.1501,0.031,0.031,0.5664,0.394,0.5605,0.2593,0.1501,0.031,0.031,0.6255,0.6396,0.2324,0.1501,0.031,0.031,0.4268,0.4507,0.2544,0.1501,0.031,0.031,0.5378,0.5557,0.2231,0.1501,0.031,0.031,0.6255,0.5313,0.271,0.1501,0.031,0.031,0.5525,0.3911,0.2783,0.1489,0.031,0.031,0.4539,0.5361,0.2612,0.1477,0.031,0.031,0.5491,0.52,0.2397,0.1501,0.031,0.031,0.4248,0.4849,0.249,0.1489,0.031,0.031,0.47,0.4551,0.249,0.1489,0.031,0.031,0.3989,0.4717,0.2593,0.1501,0.031,0.031,0.5095,0.4653,0.2759,0.1489,0.031,0.031,0.5129,0.4707,0.2544,0.1501,0.031,0.031,0.4727,0.5313,0.2368,0.1501,0.031,0.031,0.606,0.5308,0.271,0.1465,0.031,0.031,0.6338,0.4819,0.2446,0.1501,0.031,0.031,0.5137,0.5293,0.2759,0.1282,0.031,0.031,0.4478,0.4702,0.2539,0.1501,0.031,0.031,0.5754,0.6924,0.249,0.1501,0.031,0.031,0.6462,0.4546,0.2808,0.1501,0.031,0.031,0.4858,0.605,0.2324,0.1501,0.031,0.031,0.4998,0.3994,0.2783,0.1501,0.031,0.031,0.3623,0.4702,0.2515,0.1501,0.031,0.031,0.6289,0.5293,0.2808,0.1501,0.031,0.031,0.5747,0.5435,0.2271,0.2231,0.1489,0.031,0.031,0.4976,0.5859,0.2661,0.1501,0.031,0.031,0.4824,0.4438,0.271,0.1489,0.031,0.031,0.4463,0.5703,0.2539,0.1501,0.031,0.031,0.5581,0.4634,0.2661,0.1477,0.031,0.031
0.6157,0.4302,0.4985,0.249,0.1501,0.031,0.031,0.5664,0.394,0.5605,0.2593,0.1501,0.031,0.031,0.6255,0.6396,0.2324,0.1501,0.031,0.031,0.4268,0.4507,0.2544,0.1501,0.031,0.031,0.5378,0.5557,0.2231,0.1501,0.031,0.031,0.6255,0.5313,0.271,0.1501,0.031,0.031,0.5525,0.3911,0.2783,0.1489,0.031,0.031,0.4539,0.5361,0.2612,0.1477,0.031,0.031,0.5491,0.52,0.2397,0.1501,0.031,0.031,0.4248,0.4849,0.249,0.1489,0.031,0.031,0.47,0.4551,0.249,0.1489,0.031,0.031,0.3989,0.4717,0.2593,0.1501,0.031,0.031,0.5095,0.4653,0.2759,0.1489,0.031,0.031,0.5129,0.4707,0.2544,0.1501,0.031,0.031,0.4727,0.5313,0.2368,0.1501,0.031,0.031,0.606,0.5308,0.271,0.1465,0.031,0.031,0.6338,0.4819,0.2446,0.1501,0.031,0.031,0.5137,0.5293,0.2759,0.1282,0.031,0.031,0.4478,0.4702,0.2539,0.1501,0.031,0.031,0.5754,0.6924,0.249,0.1501,0.031,0.031,0.6462,0.4546,0.2808,0.1501,0.031,0.031,0.4858,0.605,0.2324,0.1501,0.031,0.031,0.4998,0.3994,0.2783,0.1501,0.031,0.031,0.3623,0.4702,0.2515,0.1501,0.031,0.031,0.6289,0.5293,0.2808,0.1501,0.031,0.031,0.5747,0.5435,0.2271,0.2231,0.1489,0.031,0.031,0.4976,0.5859,0.2661,0.1501,0.031,0.031,0.4824,0.4438,0.271,0.1489,0.031,0.031,0.4463,0.5703,0.2539,0.1501,0.031,0.031,0.5581,0.4634,0.2661,0.1477,0.031,0.031
0.6157,0.4302,0.4985,0.249,0.1501,0.031,0.031,0.5664,0.394,0.5605,0.2593,0.1501,0.031,0.031,0.6255,0.6396,0.2324,0.1501,0.031,0.031,0.4268,0.4507,0.2544,0.1501,0.031,0.031,0.5378,0.5557,0.2231,0.1501,0.031,0.031,0.6255,0.5313,0.271,0.1501,0.031,0.031,0.5525,0.3911,0.2783,0.1489,0.031,0.031,0.4539,0.5361,0.2612,0.1477,0.031,0.031,0.5491,0.52,0.2397,0.1501,0.031,0.031,0.4248,0.4849,0.249,0.1489,0.031,0.031,0.47,0.4551,0.249,0.1489,0.031,0.031,0.3989,0.4717,0.2593,0.1501,0.031,0.031,0.5095,0.4653,0.2759,0.1489,0.031,0.031,0.5129,0.4707,0.2544,0.1501,0.031,0.031,0.4727,0.5313,0.2368,0.1501,0.031,0.031,0.606,0.5308,0.271,0.1465,0.031,0.031,0.6338,0.4819,0.2446,0.1501,0.031,0.031,0.5137,0.5293,0.2759,0.1282,0.031,0.031,0.4478,0.4702,0.2539,0.1501,0.031,0.031,0.5754,0.6924,0.249,0.1501,0.031,0.031,0.6462,0.4546,0.2808,0.1501,0.031,0.031,0.4858,0.605,0.2324,0.1501,0.031,0.031,0.4998,0.3994,0.2783,0.1501,0.031,0.031,0.3623,0.4702,0.2515,0.1501,0.031,0.031,0.6289,0.5293,0.2808,0.1501,0.031,0.031,0.5747,0.5435,0.2271,0.2231,0.1489,0.031,0.031,0.4976,0.5859,0.2661,0.1501,0.031,0.031,0.4824,0.4438,0.271,0.1489,0.031,0.031,0.4463,0.5703,0.2539,0.1501,0.031,0.031,0.5581,0.4634,0.2661,0.1477,0.031,0.031
0.6157,0.4302,0.4985,0.249,0.1501,0.031,0.031,0.5664,0.394,0.5605,0.2593,0.1501,0.031,0.031,0.6255,0.6396,0.2324,0.1501,0.031,0.031,0.4268,0.4507,0.2544,0.1501,0.031,0.031,0.5378,0.5557,0.2231,0.1501,0.031,0.031,0.6255,0.5313,0.271,0.1501,0.031,0.031,0.5525,0.3911,0.2783,0.1489,0.031,0.031,0.4539,0.5361,0.2612,0.1477,0.031,0.031,0.5491,0.52,0.2397,0.1501,0.031,0.031,0.4248,0.4849,0.249,0.1489,0.031,0.031,0.47,0.4551,0.249,0.1489,0.031,0.031,0.3989,0.4717,0.2593,0.1501,0.031,0.031,0.5095,0.4653,0.2759,0.1489,0.031,0.031,0.5129,0.4707,0.2544,0.1501,0.031,0.031,0.4727,0.5313,0.2368,0.1501,0.031,0.031,0.606,0.5308,0.271,0.1465,0.031,0.031,0.6338,0.4819,0.2446,0.1501,0.031,0.031,0.5137,0.5293,0.2759,0.1282,0.031,0.031,0.4478,0.4702,0.2539,0.1501,0.031,0.031,0.5754,0.6924,0.249,0.1501,0.031,0.031,0.6462,0.4546,0.2808,0.1501,0.031,0.031,0.4858,0.605,0.2324,0.1501,0.031,0.031,0.4998,0.3994,0.2783,0.1501,0.031,0.031,0.3623,0.4702,0.2515,0.1501,0.031,0.031,0.6289,0.5293,0.2808,0.1501,0.031,0.031,0.5747,0.5435,0.2271,0.2231,0.1489,0.031,0.031,0.4976,0.5859,0.2661,0.1501,0.031,0.031,0.4824,0.4438,0.271,0.1489,0.031,0.031,0.4463,0.5703,0.2539,0.1501,0.031,0.031,0.5581,0.4634,0.2661,0.1477,0.031,0.031
0.6157,0.4302,0.4985,0.249,0.1501,0.031,0.031,0.5664,0.394,0.5605,0.2593,0.1501,0.031,0.031,0.6255,0.6396,0.2324,0.1501,0.031,0.031,0.4268,0.4507,0.2544,0.1501,0.031,0.031,0.5378,0.5557,0.2231,0.1501,0.031,0.031,0.6255,0.5313,0.271,0.1501,0.031,0.031,0.5574,0.3911,0.2783,0.1489,0.031,0.031,0.4539,0.5361,0.2612,0.1477,0.031,0.031,0.5491,0.52,0.2397,0.1501,0.031,0.031,0.4248,0.4849,0.249,0.1489,0.031,0.031,0.47,0.4551,0.249,0.1489,0.031,0.031,0.3989,0.4717,0.2593,0.1501,0.031,0.031,0.5095,0.4653,0.2759,0.1489,0.031,0.031,0.5129,0.4707,0.2544,0.1501,0.031,0.031,0.4727,0.5313,0.2368,0.1501,0.031,0.031,0.606,0.5308,0.271,0.1465,0.031,0.031,0.6338,0.4819,0.2446,0.1501,0.031,0.031,0.5137,0.5347,0.2759,0.1282,0.031,0.031,0.4478,0.4702,0.2539,0.1501,0.031,0.031,0.5754,0.6924,0.249,0.1501,0.031,0.031,0.6462,0.4546,0.2808,0.1501,0.031,0.031,0.4858,0.605,0.2324,0.1501,0.031,0.031,0.4998,0.3994,0.2783,0.1501,0.031,0.031,0.3623,0.4702,0.2515,0.1501,0.031,0.031,0.6289,0.5293,0.2808,0.1501,0.031,0.031,0.5747,0.5435,0.2271,0.2231,0.1489,0.031,0.031,0.4976,0.5859,0.2661,0.1501,0.031,0.031,0.4824,0.4438,0.271,0.1489,0.031,0.031,0.4463,0.5703,0.2539,0.1501,0.031,0.031,0.5581,0.4634,0.2661,0.1477,0.031,0.031
0.6157,0.4302,0.4985,0.249,0.1501,0.031,0.031,0.5664,0.394,0.5605,0.2593,0.1501,0.031,0.031,0.6255,0.6396,0.2324,0.1501,0.031,0.031,0.4268,0.4507,0.2544,0.1501,0.031,0.031,0.5378,0.5557,0.2231,0.1501,0.031,0.031,0.6255,0.5313,0.271,0.1501,0.031,0.031,0.5574,0.3911,0.2783,0.1489,0.031,0.031,0.4539,0.5361,0.2612,0.1489,0.031,0.031,0.5491,0.52,0.2397,0.1501,0.031,0.031,0.4248,0.4849,0.249,0.1489,0.031,0.031,0.47,0.4551,0.249,0.1489,0.031,0.031,0.3989,0.4717,0.2593,0.1501,0.031,0.031,0.5095,0.4653,0.2759,0.1489,0.031,0.031,0.5129,0.4707,0.2544,0.1501,0.031,0.031,0.4727,0.5313,0.2368,0.1501,0.031,0.031,0.606,0.5308,0.271,0.1465,0.031,0.031,0.6338,0.4819,0.2446,0.1501,0.031,0.031,0.5137,0.5347,0.2759,0.1282,0.031,0.031,0.4478,0.4702,0.2539,0.1501,0.031,0.031,0.5754,0.6924,0.249,0.1501,0.031,0.031,0.6462,0.4546,0.2808,0.1501,0.031,0.031,0.4858,0.605,0.2324,0.1501,0.031,0.031,0.4998,0.3994,0.2783,0.1501,0.031,0.031,0.3623,0.4702,0.2515,0.1501,0.031,0.031,0.6289,0.5293,0.2808,0.1501,0.031,0.031,0.5747,0.5435,0.2271,0.2231,0.1489,0.031,0.031,0.4976,0.5859,0.2661,0.1501,0.031,0.031,0.4824,0.4438,0.271,0.1489,0.031,0.031,0.4463,0.5703,0.2539,0.1501,0.031,0.031,0.5581,0.4634,0.2661,0.1477,0.031,0.031
0.6157,0.4302,0.4985,0.249,0.1501,0.031,0.031,0.5664,0.394,0.5605,0.2593,0.1501,0.031,0.031,0.6255,0.6396,0.2324,0.1501,0.031,0.031,0.4268,0.4507,0.2544,0.1501,0.031,0.031,0.5378,0.5557,0.2231,0.1501,0.031,0.031,0.6255,0.5313,0.271,0.1501,0.031,0.031,0.5574,0.3911,0.2783,0.1489,0.031,0.031,0.4539,0.5361,0.2612,0.1489,0.031,0.031,0.5491,0.52,0.2397,0.1501,0.031,0.031,0.4248,0.4849,0.249,0.1489,0.031,0.031,0.47,0.4551,0.249,0.1489,0.031,0.031,0.3989,0.4717,0.2593,0.1501,0.031,0.031,0.5095,0.4653,0.2759,0.1489,0.031,0.031,0.5129,0.4707,0.2544,0.1501,0.031,0.031,0.4727,0.5313,0.2368,0.1501,0.031,0.031,0.606,0.5308,0.271,0.1465,0.031,0.031,0.6338,0.4819,0.2446,0.1501,0.031,0.031,0.5137,0.5347,0.2759,0.1282,0.031,0.031,0.4478,0.4702,0.2539,0.1501,0.031,0.031,0.5754,0.6924,0.249,0.1501,0.031,0.031,0.6462,0.4546,0.2808,0.1501,0.031,0.031,0.4858,0.605,0.2324,0.1501,0.031,0.031,0.4998,0.3994,0.2783,0.1501,0.031,0.031,0.3623,0.4702,0.2515,0.1501,0.031,0.031,0.6289,0.5293,0.2808,0.1501,0.031,0.031,0.5747,0.5435,0.2271,0.2231,0.1489,0.031,0.031,0.4976,0.5859,0.2661,0.1501,0.031,0.031,0.4824,0.4438,0.271,0.1489,0.031,0.031,0.4463,0.5703,0.2539,0.1501,0.031,0.031,0.5581,0.4634,0.2661,0.1477,0.031,0.031
0.6157,0.4302,0.4985,0.249,0.1501,0.031,0.031,0.5664,0.394,0.5605,0.2593,0.1501,0.031,0.031,0.6255,0.6396,0.2324,0.1501,0.031,0.031,0.4268,0.4507,0.2544,0.1501,0.031,0.031,0.5378,0.5557,0.2231,0.1501,0.031,0.031,0.6255,0.5313,0.271,0.1501,0.031,0.031,0.5574,0.3911,0.2783,0.1489,0.031,0.031,0.4539,0.5361,0.2612,0.1489,0.031,0.031,0.5491,0.52,0.2397,0.1501,0.031,0.031,0.4248,0.4849,0.249,0.1489,0.031,0.031,0.47,0.4551,0.249,0.1489,0.031,0.031,0.3989,0.4717,0.2593,0.1501,0.031,0.031,0.5095,0.4653,0.2759,0.1489,0.031,0.031,0.5129,0.4707,0.2544,0.1501,0.031,0.031,0.4727,0.5313,0.2368,0.1501,0.031,0.031,0.606,0.5308,0.271,0.1465,0.031,0.031,0.6338,0.4819,0.2446,0.1501,0.031,0.031,0.5137,0.5347,0.2759,0.1282,0.031,0.031,0.4478,0.4702,0.2539,0.1501,0.031,0.031,0.5754,0.6924,0.249,0.1501,0.031,0.031,0.6462,0.4546,0.2808,0.1501,0.031,0.031,0.4858,0.605,0.2324,0.1501,0.031,0.031,0.4998,0.3994,0.2783,0.1501,0.031,0.031,0.3623,0.4702,0.2515,0.1501,0.031,0.031,0.6289,0.5293,0.2808,0.1501,0.031,0.031,0.5747,0.5435,0.2271,0.2231,0.1489,0.031,0.031,0.4976,0.5859,0.2661,0.1501,0.031,0.031,0.4824,0.4438,0.271,0.1489,0.031,0.031,0.4463,0.5703,0.2539,0.1501,0.031,0.031,0.5581,0.4634,0.2661,0.1477,0.031,0.031
0.6157,0.4302,0.4985,0.249,0.1501,0.031,0.031,0.5664,0.394,0.5605,0.2593,0.1501,0.031,0.031,0.6255,0.6396,0.2324,0.1501,0.031,0.031,0.4268,0.4507,0.2544,0.1501,0.031,0.031,0.5378,0.5557,0.2231,0.1501,0.031,0.031,0.6255,0.5313,0.271,0.1501,0.031,0.031,0.5574,0.3911,0.2783,0.1489,0.031,0.031,0.4539,0.5361,0.2612,0.1489,0.031,0.031,0.5491,0.52,0.2397,0.1501,0.031,0.031,0.4248,0.4849,0.249,0.1489,0.031,0.031,0.47,0.4551,0.249,0.1489,0.031,0.031,0.3989,0.4717,0.2593,0.1501,0.031,0.031,0.5095,0.4653,0.2759,0.1489,0.031,0.031,0.5129,0.4707,0.2544,0.1501,0.031,0.031,0.4727,0.5313,0.2368,0.1501,0.031,0.031,0.606,0.5308,0.271,0.1465,0.031,0.031,0.6338,0.4819,0.2446,0.1501,0.031,0.031,0.5137,0.5347,0.2759,0.1282,0.031,0.031,0.4478,0.4702,0.2539,0.1501,0.031,0.031,0.5754,0.6924,0.249,0.1501,0.031,0.031,0.6462,0.4546,0.2808,0.1501,0.031,0.031,0.4858,0.605,0.2324,0.1501,0.031,0.031,0.4998,0.3994,0.2783,0.1501,0.031,0.031,0.3623,0.4702,0.2515,0.1501,0.031,0.031,0.6289,0.5293,0.2808,0.1501,0.031,0.031,0.5747,0.5435,0.2271,0.2231,0.1489,0.031,0.031,0.4976,0.5859,0.2661,0.1501,0.031,0.031,0.4824,0.4438,0.271,0.1489,0.031,0.031,0.4463,0.5703,0.2539,0.1501,0.031,0.031,0.5581,0.4634,0.2661,0.1477,0.031,0.031
0.6157,0.4302,0.4985,0.249,0.1501,0.031,0.031,0.5664,0.394,0.5605,0.2593,0.1501,0.031,0.031,0.6255,0.6396,0.2324,0.1501,0.031,0.031,0.4268,0.4507,0.2544,0.1501,0.031,0.031,0.5378,0.5557,0.2231,0.1501,0.031,0.031,0.6255,0.5313,0.271,0.1501,0.031,0.031,0.5574,0.3911,0.2783,0.1489,0.031,0.031,0.4539,0.5361,0.2612,0.1489,0.031,0.031,0.5491,0.52,0.2397,0.1501,0.031,0.031,0.4248,0.4849,0.249,0.1489,0.031,0.031,0.47,0.4551,0.249,0.1489,0.031,0.031,0.3989,0.4717,0.2593,0.1501,0.031,0.031,0.5095,0.4653,0.2759,0.1489,0.031,0.031,0.5129,0.4707,0.2544,0.1501,0.031,0.031,0.4727,0.5313,0.2368,0.1501,0.031,0.031,0.606,0.5308,0.271,0.1465,0.031,0.031,0.6338,0.4819,0.2446,0.1501,0.031,0.031,0.5227,0.5347,0.2759,0.1282,0.031,0.031,0.4478,0.4702,0.2539,0.1501,0.031,0.031,0.5754,0.6924,0.249,0.1501,0.031,0.031,0.6462,0.4546,0.2808,0.1501,0.031,0.031,0.4858,0.605,0.2324,0.1501,0.031,0.031,0.4998,0.3994,0.2783,0.1501,0.031,0.031,0.3623,0.4702,0.2515,0.1501,0.031,0.031,0.6289,0.5293,0.2808,0.1501,0.031,0.031,0.5747,0.5435,0.2271,0.2231,0.1489,0.031,0.031,0.4976,0.5859,0.2661,0.1501,0.031,0.031,0.4824,0.4438,0.271,0.1489,0.031,0.031,0.4463,0.5703,0.2539,0.1501,0.031,0.031,0.5581,0.4634,0.2661,0.1477,0.031,0.031
