0,1,2,3,4,5,6,7,8,9,10,11,12,13,14,15,16,17,18,19,20,21,22,23,24,25,26,27,28,29,30,31,32,33,34,35,36,37,38,39,40,41,42,43,44,45,46,47,48,49,50,51,52,53,54,55,56,57,58,59,60,61,62,63,64,65,66,67,68,69,70,71,72,73,74
0.0191208,0.0069776,0.0061306,0.017072,0.006255,0.0178504,0.0064728,0.0184242,0.0066118,0.017865,0.0190756,0.0055314,0.0073848,0.0191438,0.0065472,0.0189534,0.006362,0.0065024,0.0186684,0.0058408,0.0066872,0.0184334,0.0056954,0.0061178,0.0188032,0.0067332,0.0185994,0.0067924,0.0185228,0.0072672,0.0056856,0.019198,0.0056598,0.0183308,0.0068026,0.0189328,0.006945,0.0184068,0.0055894,0.018314,0.0194094,0.0063078,0.0203084,0.0063554,0.0061672,0.0184114,0.0059508,0.0190046,0.0053088,0.0183292,0.006275,0.0189468,0.0065302,0.0181652,0.0062356,0.0061198,0.0185198,0.0187842,0.0065736,0.0183576,0.007018,0.0189768,0.006303,0.017892,0.007111,0.0181942,0.0184842,0.0055348,0.0065774,0.0189584,0.0068402,0.0066918,0.0187224,0.0174112,0.0056754
0.0193264,0.0073696,0.006735,0.016451,0.007102,0.0181588,0.0074514,0.0188314,0.006825,0.0179464,0.0195368,0.0062362,0.008361,0.0192808,0.0074662,0.0191738,0.0068156,0.007576,0.0190002,0.0068578,0.0073348,0.0189162,0.0067146,0.0069636,0.0189724,0.0077178,0.018311,0.0067902,0.0193874,0.0071974,0.0067054,0.019181,0.006427,0.0183918,0.0072708,0.0197456,0.0079014,0.0192762,0.006276,0.018018,0.0198548,0.0072068,0.0206588,0.007123,0.0073238,0.018963,0.0065608,0.0192694,0.0062474,0.0188798,0.0066,0.0193604,0.007484,0.0180814,0.0074226,0.0070174,0.0190168,0.0190464,0.0078194,0.01902,0.007525,0.0191368,0.0074826,0.0186636,0.0073372,0.0182712,0.0187866,0.0062934,0.0079846,0.0184956,0.007738,0.007361,0.018619,0.0175184,0.0069178
0.0188504,0.0073436,0.0074716,0.0171138,0.0073576,0.0180198,0.007454,0.018579,0.0075808,0.0182996,0.0200618,0.0072518,0.0081376,0.0197648,0.0078194,0.019072,0.0073924,0.008238,0.0192718,0.00716,0.0078156,0.0193318,0.007122,0.0076084,0.018645,0.008641,0.0192816,0.0074848,0.0194828,0.0070086,0.0069674,0.0196206,0.0077394,0.0184412,0.0080412,0.0197986,0.0081312,0.0190726,0.0062114,0.0183898,0.0203542,0.0075588,0.0206396,0.0083274,0.0083862,0.0193136,0.0084126,0.0187994,0.0068144,0.0191188,0.0071102,0.0195396,0.0082288,0.018742,0.0088438,0.0076856,0.0195276,0.0189922,0.0080904,0.0193748,0.0075582,0.0196304,0.0085714,0.0188008,0.007875,0.0183652,0.019195,0.0068748,0.0082536,0.0189444,0.008294,0.0083746,0.0191714,0.0177562,0.0068438
0.0187278,0.008482,0.0075882,0.0174632,0.007728,0.0185358,0.0081548,0.0186984,0.0077478,0.018819,0.0198318,0.007492,0.0083898,0.0200086,0.0086618,0.018756,0.0085394,0.0084012,0.019311,0.0080082,0.0087244,0.0191672,0.0079834,0.0079468,0.0186152,0.0079392,0.0189342,0.0074622,0.0196876,0.007544,0.0075696,0.0197282,0.0076582,0.018935,0.0082704,0.0202124,0.0082764,0.0189018,0.0069224,0.018827,0.020504,0.008582,0.0210076,0.0090008,0.0086302,0.0189042,0.0093008,0.0193664,0.0071664,0.0193766,0.0077298,0.0202302,0.0084294,0.018818,0.0092442,0.0085572,0.0196578,0.0185248,0.0079134,0.0196444,0.0081042,0.0196078,0.0087354,0.0190988,0.008079,0.0188374,0.019322,0.006967,0.0085608,0.0194996,0.00854,0.0089398,0.0196374,0.0183838,0.0073354
0.0192758,0.0091534,0.0078978,0.0177168,0.0081338,0.018796,0.0086972,0.0191716,0.007577,0.0188112,0.020401,0.0077866,0.0089558,0.02086,0.0092762,0.0190372,0.0088906,0.0092388,0.0194288,0.0085412,0.0091834,0.0192066,0.0082728,0.0080978,0.0182188,0.0093858,0.0198018,0.008127,0.0196594,0.0076516,0.0080698,0.0201806,0.008305,0.0195448,0.0083672,0.020117,0.0083256,0.019509,0.0072174,0.018339,0.0213684,0.0091252,0.0210578,0.0098304,0.0094812,0.0192316,0.0098578,0.0200224,0.0078896,0.0194768,0.0076442,0.020124,0.0090056,0.0187868,0.0095926,0.0082868,0.0200628,0.0192424,0.0081022,0.0199562,0.009282,0.0199896,0.009469,0.0190226,0.0091642,0.0194668,0.0189632,0.0075186,0.0087102,0.0195608,0.009223,0.0095622,0.0198834,0.0191312,0.0077396
0.019459,0.0099638,0.0086322,0.0185212,0.0091342,0.0188074,0.0093356,0.0197376,0.008237,0.0191972,0.0206354,0.0083498,0.0092098,0.0212304,0.010298,0.0191956,0.0091252,0.0097252,0.0197174,0.0091894,0.0097364,0.0194338,0.0084192,0.0083546,0.0188724,0.0097064,0.0201894,0.008976,0.019482,0.0078682,0.0084728,0.0207424,0.00911,0.0195894,0.0088934,0.0203822,0.0087086,0.0197976,0.0084234,0.0186914,0.021289,0.0101998,0.0213802,0.0101934,0.0089962,0.0204606,0.0104668,0.0193664,0.0078466,0.0196,0.0084176,0.020867,0.0092922,0.0192974,0.0099342,0.0088832,0.0205282,0.019109,0.0082644,0.020214,0.0094536,0.0197708,0.009831,0.0192516,0.0089332,0.019559,0.0189384,0.0080558,0.0099428,0.0194378,0.0096314,0.0100798,0.0201908,0.0197252,0.0083438
0.0195968,0.0099246,0.0093656,0.0187526,0.0093478,0.019035,0.0100906,0.019864,0.0086928,0.0195996,0.02064,0.0088168,0.0093924,0.0210894,0.0112962,0.019544,0.0096222,0.0101506,0.0201372,0.0091966,0.0097594,0.019101,0.0093332,0.0091652,0.0189742,0.0105452,0.0207846,0.010284,0.0195024,0.0082994,0.009195,0.0210338,0.0092362,0.019792,0.009078,0.02047,0.0093212,0.0195008,0.0086776,0.0179616,0.0219904,0.0098152,0.0217094,0.0109768,0.009497,0.0211374,0.011016,0.019197,0.0082076,0.0198522,0.0088498,0.0211028,0.0096582,0.0191466,0.0102568,0.0092772,0.0203346,0.0198264,0.0088968,0.0206998,0.0103212,0.0196288,0.0098468,0.0198116,0.0098986,0.0198214,0.0195324,0.0098084,0.0104166,0.0202528,0.0104174,0.0107758,0.0209886,0.0196484,0.0087502
0.0198014,0.0107658,0.0096694,0.0188316,0.0100082,0.0189826,0.01058,0.0204408,0.009531,0.0204894,0.0216038,0.0095346,0.0099796,0.0216964,0.011495,0.0196104,0.0105384,0.0104082,0.019893,0.0099866,0.0105196,0.0194292,0.0100522,0.0096176,0.0194768,0.0110998,0.0209706,0.0107152,0.0199802,0.0086622,0.0098536,0.0215384,0.0100318,0.0204274,0.0095754,0.0207794,0.0095784,0.0204394,0.0091674,0.0181374,0.022501,0.0102938,0.0221982,0.0120388,0.010492,0.021306,0.0114264,0.019721,0.0090616,0.0204798,0.0093552,0.0208242,0.0106212,0.0194314,0.011024,0.0098158,0.0210954,0.0200328,0.0096568,0.0211742,0.010818,0.0206134,0.0110176,0.020447,0.0104694,0.019938,0.0198504,0.0101628,0.0115172,0.0204836,0.0107152,0.0113242,0.021462,0.0193782,0.008721
0.0202578,0.0111368,0.0101978,0.0186112,0.0110492,0.01901,0.01205,0.021053,0.0098988,0.0208084,0.0222578,0.0109236,0.0103206,0.0224946,0.0121508,0.020614,0.0115466,0.0111394,0.0204532,0.0104512,0.0114048,0.0201032,0.0100406,0.0094788,0.0202042,0.0116314,0.0206368,0.0109562,0.019886,0.0090766,0.010023,0.0213972,0.0111856,0.020902,0.0102698,0.02085,0.0104982,0.0212702,0.0097184,0.018488,0.0229446,0.0107938,0.0217732,0.012637,0.0108564,0.0214604,0.0118062,0.020294,0.0091642,0.0205734,0.0098612,0.0208016,0.011501,0.0198344,0.0112038,0.0101214,0.021178,0.0208378,0.009359,0.0209276,0.011002,0.020799,0.0114958,0.0208308,0.0102552,0.0199344,0.0207506,0.0103032,0.011566,0.0211662,0.0110644,0.0115658,0.0216526,0.019704,0.0091432
0.0211312,0.012059,0.01008,0.0192984,0.0113452,0.0197468,0.0121662,0.0215164,0.010071,0.0208402,0.022822,0.0111964,0.0107766,0.023392,0.0122184,0.021155,0.0120812,0.0119786,0.0206934,0.0106048,0.0121706,0.0201546,0.011381,0.010025,0.020871,0.011735,0.0209804,0.0108628,0.0205046,0.009704,0.0106546,0.022191,0.0122782,0.0208198,0.010935,0.0213602,0.0112962,0.0220162,0.0106294,0.0183328,0.0234868,0.0116946,0.0216514,0.0134558,0.0114136,0.0211362,0.0127076,0.0205884,0.0102714,0.0205832,0.0102412,0.020996,0.0125812,0.020559,0.0111802,0.0104946,0.0210726,0.0208566,0.009785,0.021044,0.011209,0.0207562,0.0119092,0.021736,0.0114332,0.0200134,0.0209518,0.010719,0.011685,0.0215828,0.0110052,0.0118432,0.0219502,0.0206748,0.0104072
0.0210268,0.0129174,0.0108172,0.0193552,0.0116886,0.0196606,0.0124038,0.0224442,0.0107418,0.02253,0.0229126,0.0114224,0.0110362,0.0232614,0.0127902,0.0214582,0.012641,0.0124046,0.0211628,0.0112146,0.0126582,0.0206652,0.011746,0.0105466,0.021313,0.0120646,0.0216928,0.0115472,0.0207574,0.0100324,0.010831,0.022092,0.012287,0.0210688,0.0108936,0.0217106,0.0116622,0.0219214,0.0110924,0.0192874,0.0243952,0.0120442,0.0216742,0.013541,0.0120026,0.0221288,0.0126814,0.0203982,0.010536,0.0216712,0.0108558,0.0222584,0.0133682,0.0201464,0.0115434,0.0107596,0.0205662,0.021038,0.0109468,0.0211016,0.01187,0.0207088,0.0125948,0.0213978,0.011708,0.0203984,0.021228,0.0119284,0.0127252,0.021947,0.0112924,0.0128022,0.0226222,0.020614,0.010494
0.0209304,0.0127976,0.0121126,0.019292,0.0121804,0.0197274,0.013483,0.022674,0.0114284,0.0229224,0.0231054,0.0122984,0.0113674,0.0238588,0.0123234,0.0220848,0.0125808,0.0129236,0.0207832,0.0114516,0.0127112,0.0211726,0.0119882,0.0110992,0.0215442,0.0123526,0.022382,0.0115176,0.021542,0.0109264,0.0106846,0.0228662,0.012947,0.0214242,0.0112054,0.0220828,0.01278,0.022608,0.0115822,0.0195368,0.0248088,0.0119672,0.0224436,0.014014,0.0124356,0.0227062,0.0131894,0.0203374,0.010723,0.0219012,0.0113072,0.0227232,0.0144154,0.0203594,0.0127126,0.0111538,0.0211442,0.020749,0.0116304,0.0216624,0.0120736,0.0207686,0.013199,0.0214016,0.0120998,0.0209326,0.021408,0.0124276,0.013572,0.0222526,0.012036,0.0139398,0.0232366,0.0212954,0.010513
0.0211018,0.0129554,0.0122932,0.01976,0.0119442,0.0204066,0.0136904,0.02218,0.011596,0.0232748,0.0233126,0.0132532,0.0118562,0.023594,0.013424,0.021848,0.01442,0.0132826,0.0206816,0.0119518,0.0130668,0.0213608,0.0132162,0.0115094,0.0218066,0.0135456,0.0232236,0.0127076,0.0222084,0.0111264,0.0111556,0.0232484,0.0138356,0.0212322,0.0113582,0.0228106,0.0127748,0.0232898,0.0123434,0.0199802,0.0256702,0.0128364,0.0224498,0.0150416,0.0132338,0.0227444,0.013452,0.021077,0.010894,0.0221136,0.012538,0.0232502,0.015262,0.0199288,0.013988,0.0121446,0.0212904,0.0205236,0.0125468,0.0221528,0.0128864,0.020688,0.0138114,0.0217146,0.013524,0.0208184,0.0224892,0.0130836,0.0141446,0.0223872,0.012679,0.0144982,0.023631,0.0217362,0.0104592
0.0213604,0.0131522,0.0123852,0.0195252,0.0127596,0.0207546,0.0142482,0.0221954,0.0122126,0.023443,0.0235848,0.0143816,0.012132,0.024013,0.0136494,0.0214786,0.0152174,0.0132368,0.0213178,0.0129236,0.0133764,0.0212378,0.0137036,0.0117158,0.022413,0.0135032,0.0236672,0.0138428,0.0228046,0.0117184,0.0113834,0.0237978,0.0143078,0.0218408,0.0120016,0.023667,0.0138408,0.0240744,0.0119346,0.0206728,0.0259816,0.0134042,0.0226628,0.0153132,0.0144254,0.0230068,0.0139636,0.0211354,0.0111044,0.0223762,0.0131254,0.0231528,0.0152126,0.0202782,0.0143832,0.0125828,0.022001,0.021107,0.0138944,0.022348,0.0130396,0.0211174,0.0147464,0.022025,0.0145004,0.0212386,0.0225372,0.0131982,0.014496,0.0223756,0.0132142,0.0149232,0.0242252,0.0218228,0.0110882
0.021368,0.0136402,0.0128136,0.0198648,0.0135724,0.0214316,0.014983,0.0227758,0.012626,0.0236926,0.0239138,0.0147412,0.012486,0.0237158,0.0148446,0.022292,0.0159376,0.0138524,0.0214106,0.0134306,0.014073,0.0214838,0.0143986,0.012614,0.022974,0.0153482,0.0248778,0.0152226,0.0231276,0.0120888,0.0117126,0.0246394,0.0151834,0.022178,0.0120948,0.0243792,0.0144188,0.0244572,0.0120508,0.0214258,0.02662,0.0142618,0.0224638,0.0156854,0.0150712,0.023824,0.0144684,0.0206046,0.0119882,0.0226718,0.0131258,0.0231908,0.0158146,0.0205638,0.015078,0.0131322,0.0220498,0.0215184,0.0136934,0.0233198,0.0129068,0.021348,0.0151598,0.022183,0.0142922,0.0215234,0.0226618,0.0139282,0.014419,0.0226972,0.0132158,0.015464,0.02439,0.0226746,0.0118564
0.0218522,0.01413,0.0133932,0.020759,0.0137912,0.0220094,0.0160162,0.0232476,0.0128708,0.0241402,0.0242684,0.01518,0.0133604,0.0244304,0.0155214,0.0220676,0.0167996,0.014449,0.0221832,0.0146406,0.0144358,0.0221234,0.0149382,0.0129804,0.0224898,0.015354,0.0253788,0.0156754,0.022581,0.0135228,0.0124642,0.025339,0.0159324,0.0232318,0.0122136,0.0247682,0.0149162,0.0244296,0.0128714,0.021408,0.0271616,0.014842,0.0228822,0.016814,0.0157284,0.0238682,0.0147824,0.0212132,0.0129678,0.0227052,0.013435,0.023689,0.0174972,0.0207366,0.0151686,0.0136406,0.022473,0.022643,0.0140304,0.0241992,0.0139184,0.0222114,0.015345,0.0217036,0.0143204,0.0218152,0.0231394,0.0145428,0.0151414,0.0231038,0.013752,0.015069,0.0250372,0.0228828,0.0120752
0.022316,0.014917,0.0136192,0.0210088,0.014319,0.0227008,0.0161648,0.0235936,0.0126756,0.02416,0.0245816,0.0165452,0.0138784,0.0240864,0.0154946,0.0221306,0.0174038,0.0144182,0.0225652,0.0153984,0.0150888,0.0226314,0.0153098,0.0140778,0.0227556,0.0161586,0.0251184,0.0154228,0.0235736,0.0140114,0.0130472,0.0254294,0.016197,0.0232974,0.0123446,0.0246382,0.0154706,0.0247324,0.0130246,0.0220452,0.0272246,0.01563,0.0237168,0.0166056,0.0156982,0.0240912,0.0153758,0.0209108,0.0130038,0.0231328,0.0138208,0.0234328,0.0182006,0.020548,0.0157052,0.0142706,0.0225074,0.0233414,0.0141528,0.0239216,0.0142514,0.0226932,0.015548,0.022228,0.0147806,0.0216172,0.0232606,0.0147804,0.0162986,0.022755,0.0141786,0.0159942,0.0250238,0.023568,0.0122896
0.022567,0.015035,0.014368,0.0209344,0.0154452,0.0240538,0.0169628,0.0244976,0.0134784,0.0247532,0.0255796,0.0169654,0.0141314,0.0244764,0.016595,0.0223376,0.0177764,0.0142548,0.0226514,0.0162792,0.0160876,0.0225512,0.015908,0.0142302,0.0231888,0.0165812,0.0257642,0.016045,0.024297,0.0145962,0.0139716,0.0249918,0.0169306,0.0232664,0.0128288,0.0254044,0.0164044,0.02605,0.0136604,0.0217952,0.0284024,0.015668,0.0237226,0.0174866,0.0163296,0.024715,0.015696,0.0210604,0.013626,0.0233064,0.0143762,0.0232034,0.0187742,0.0209352,0.0163986,0.0148936,0.023091,0.0225608,0.0141108,0.0244632,0.0145182,0.0230838,0.0164716,0.0224432,0.0166834,0.0219668,0.0230798,0.0158042,0.015903,0.0229024,0.014331,0.0166452,0.0252984,0.0241322,0.0130428
0.022473,0.0160836,0.014752,0.0206252,0.0160194,0.0244756,0.0186902,0.024749,0.014551,0.0255654,0.026327,0.017579,0.01441,0.0252538,0.017271,0.0225446,0.0189696,0.0155072,0.0229398,0.0164974,0.0162898,0.0229734,0.0160386,0.0151666,0.0235826,0.017421,0.0260608,0.0166276,0.024306,0.01482,0.0142644,0.0252458,0.0173756,0.0241304,0.0136802,0.0257568,0.0169384,0.0258962,0.0142292,0.0215656,0.0287282,0.0165528,0.0238984,0.0186862,0.0170998,0.025729,0.015827,0.0215674,0.0141184,0.0240816,0.0145912,0.0236806,0.0196372,0.021027,0.017404,0.0153374,0.022825,0.0226064,0.0145202,0.0249268,0.0154074,0.0232072,0.0170316,0.0228594,0.0177924,0.0221476,0.0232708,0.0159774,0.016758,0.0238666,0.0148248,0.0176092,0.0256754,0.0242822,0.0130706
0.023205,0.016266,0.015305,0.0210726,0.0160252,0.0250738,0.0191858,0.0250364,0.0148166,0.025552,0.0270774,0.0187098,0.0149868,0.0253238,0.017933,0.022486,0.019849,0.0164586,0.0229988,0.0172268,0.0165442,0.0230736,0.0175994,0.0154408,0.0243236,0.0181572,0.0275774,0.0175152,0.0241188,0.015702,0.0148272,0.025375,0.0186116,0.0245844,0.0149438,0.0259954,0.0169562,0.0269646,0.0148574,0.0218734,0.0292634,0.0172844,0.023622,0.019387,0.0177612,0.0263528,0.0164004,0.0218942,0.0146708,0.0240522,0.0147216,0.0240922,0.0211472,0.0211134,0.017641,0.0155364,0.0232596,0.0233674,0.0149582,0.0257118,0.0160204,0.0240994,0.0166286,0.023366,0.0185138,0.0220316,0.0242558,0.017502,0.017823,0.0237942,0.0155472,0.0183542,0.0269142,0.0247594,0.0139352
0.0230972,0.0167164,0.0160684,0.0212292,0.0172578,0.0256796,0.019341,0.0256584,0.0154974,0.0258828,0.0275404,0.0188248,0.015172,0.0251452,0.0186174,0.0226698,0.0208496,0.0167496,0.0236356,0.0182346,0.016781,0.0232036,0.0174094,0.016067,0.0247172,0.0181768,0.0277458,0.017793,0.0244942,0.0164934,0.0150816,0.0252682,0.0193424,0.0242086,0.0149672,0.026479,0.0173176,0.0276814,0.0156308,0.0223378,0.0297546,0.0174418,0.0243862,0.0192432,0.017791,0.0260738,0.0165218,0.0220838,0.0151432,0.0243718,0.0157242,0.0240752,0.0221948,0.021099,0.0187044,0.0158154,0.023797,0.0232728,0.0151682,0.0265142,0.0162096,0.0240912,0.0173028,0.0234794,0.0190236,0.022389,0.02453,0.0183164,0.0175302,0.023708,0.0163542,0.01907,0.0272434,0.0253668,0.0144002
0.0232276,0.0168514,0.0166206,0.0210064,0.0179122,0.0269882,0.0198754,0.026285,0.0153794,0.0259122,0.0289156,0.0196408,0.0157114,0.0258538,0.019154,0.0229744,0.0225292,0.0165272,0.0247632,0.0185896,0.0175014,0.0229364,0.0178774,0.016228,0.0250714,0.0185572,0.0284222,0.0179742,0.0246334,0.0162406,0.0162302,0.0250948,0.0198692,0.0256388,0.0146476,0.0265544,0.0185588,0.0277582,0.0159548,0.0225872,0.029805,0.0184284,0.024758,0.0210188,0.0189746,0.026818,0.0165596,0.022858,0.0154972,0.025217,0.0159212,0.024124,0.0219036,0.0212016,0.0190252,0.016566,0.0233492,0.0232518,0.015118,0.0271784,0.0169346,0.0245802,0.0178322,0.0246676,0.0194044,0.0226902,0.0246248,0.018908,0.0185496,0.0243396,0.0165632,0.0190646,0.0270244,0.0258546,0.0156176
0.023452,0.017328,0.0175642,0.0216044,0.0191566,0.0275078,0.0206366,0.027155,0.0162448,0.026057,0.0285322,0.0202132,0.0161192,0.0260182,0.0199406,0.0237046,0.0235594,0.0167362,0.0251386,0.0193656,0.016831,0.0234962,0.0181494,0.0170054,0.0253064,0.0190358,0.028179,0.0188952,0.0252638,0.0167844,0.016823,0.0256188,0.0207522,0.0264268,0.0154518,0.026606,0.018889,0.0279196,0.0163976,0.0233426,0.031219,0.0187734,0.0247908,0.0219822,0.0195798,0.0262326,0.0169088,0.0232684,0.0165192,0.0256438,0.0164874,0.0243474,0.0226606,0.021891,0.0205218,0.018178,0.0243632,0.0233674,0.0155316,0.0273566,0.0177436,0.0249844,0.018441,0.0245396,0.0199686,0.0226694,0.025203,0.0198758,0.0176498,0.024938,0.0175558,0.0194726,0.027018,0.0257644,0.016764
0.0240636,0.017812,0.0177232,0.0221056,0.0198678,0.027771,0.021699,0.0273836,0.0169816,0.0264954,0.0290282,0.020668,0.0169856,0.0266386,0.0203984,0.0238726,0.0236456,0.0173512,0.0257184,0.0199148,0.0176412,0.0240828,0.0180554,0.0175362,0.025965,0.0193356,0.0285226,0.0197248,0.0258932,0.017597,0.016793,0.0267406,0.0210958,0.0258612,0.0149022,0.026703,0.0188598,0.0282342,0.0167236,0.0235972,0.0314354,0.0186648,0.0251486,0.0223606,0.0199236,0.0265366,0.0175222,0.0239188,0.016579,0.0253094,0.0164818,0.0252598,0.0249076,0.0226586,0.020874,0.0180124,0.0244886,0.0241354,0.0160462,0.0288568,0.0173036,0.0253172,0.0182724,0.024849,0.0198586,0.0228302,0.0257438,0.020677,0.0194092,0.025722,0.0176772,0.020037,0.0274122,0.0257496,0.0171884
0.0241498,0.0182936,0.018161,0.0227878,0.0206828,0.0283372,0.021725,0.0275938,0.017948,0.026148,0.0293444,0.0214036,0.0178022,0.0268268,0.020191,0.0241304,0.0242754,0.0178412,0.0259746,0.020383,0.0184676,0.0238454,0.0186236,0.0177138,0.0267496,0.019694,0.0288814,0.019644,0.0263478,0.0179998,0.0171254,0.027299,0.0221288,0.0256652,0.0159742,0.0270112,0.0202578,0.0280128,0.016959,0.0237842,0.0311924,0.0196482,0.0254128,0.0232918,0.0193708,0.0269546,0.0182642,0.0253904,0.0162088,0.025448,0.0164448,0.0258354,0.0258804,0.0230338,0.0208042,0.0185528,0.0255626,0.0242178,0.0167056,0.0292292,0.018059,0.025925,0.0196454,0.0261186,0.0201584,0.0237036,0.0258212,0.02192,0.0203616,0.026882,0.017963,0.0209774,0.0279316,0.0264032,0.0175936
0.0243326,0.018917,0.018287,0.0229936,0.0210794,0.0280776,0.0228034,0.02812,0.018156,0.0263532,0.03009,0.022823,0.0177746,0.0266526,0.0213246,0.0244912,0.0252054,0.018788,0.0264824,0.0214058,0.0192394,0.024688,0.0189474,0.0180574,0.0270872,0.0206428,0.0295862,0.0200094,0.026109,0.0187306,0.0182326,0.0280018,0.0222606,0.0265152,0.01687,0.0267672,0.0206462,0.0285448,0.0171002,0.024266,0.0317422,0.019929,0.0266008,0.0242426,0.0199556,0.0273664,0.0184214,0.0256832,0.0167466,0.025341,0.0163892,0.0269778,0.0259368,0.0232376,0.021025,0.019412,0.0262802,0.0247238,0.0165888,0.0301538,0.0181282,0.0266038,0.0197464,0.0262942,0.0202366,0.0240034,0.0261494,0.0224808,0.0206712,0.0271528,0.0177146,0.0217308,0.0274036,0.0268286,0.0177432
0.0246704,0.020396,0.019488,0.023128,0.0214322,0.0292572,0.0236608,0.0277094,0.0186002,0.0268884,0.0295174,0.0232428,0.0185324,0.0275498,0.0209978,0.0243216,0.0256844,0.0192062,0.026763,0.0210726,0.0198374,0.0251316,0.0191464,0.0178378,0.0273366,0.0216008,0.0304194,0.019846,0.026809,0.0199336,0.0191812,0.0283378,0.0228482,0.0274206,0.0169896,0.0269136,0.0211824,0.0290642,0.0188482,0.0245266,0.0315578,0.020493,0.026252,0.0247368,0.0202914,0.027932,0.0189564,0.025789,0.0167728,0.0256628,0.0169658,0.027118,0.0274834,0.0234356,0.02175,0.0200096,0.0258392,0.0243104,0.0167944,0.0301818,0.0183878,0.0271406,0.0201516,0.0265672,0.0212896,0.0237372,0.0261534,0.0224518,0.0212204,0.0273496,0.0191598,0.0222944,0.0273266,0.0275696,0.0190184
0.0251206,0.0211774,0.0202494,0.0234584,0.0227716,0.0299264,0.0243868,0.0283596,0.019048,0.0266698,0.0303722,0.0230234,0.0183828,0.02876,0.021949,0.0251352,0.0275838,0.0198002,0.0270936,0.02172,0.0202964,0.0252176,0.0197352,0.0188626,0.0286556,0.021693,0.031863,0.0199152,0.027407,0.0199146,0.020468,0.0290764,0.023492,0.0272882,0.0174274,0.0273812,0.0209738,0.0290718,0.0190538,0.0253188,0.0312944,0.0205456,0.0266188,0.0254924,0.021148,0.0280254,0.0189096,0.0261132,0.0169774,0.0260318,0.017925,0.0275526,0.0288216,0.0242768,0.0222394,0.0198892,0.0258798,0.0242076,0.0170838,0.0308296,0.0186312,0.027418,0.0203242,0.0268176,0.0224492,0.024009,0.026408,0.0233814,0.0223156,0.0270694,0.0198308,0.0227662,0.0269388,0.0275554,0.0192022
0.0255944,0.021465,0.020461,0.0236616,0.024882,0.0304942,0.024266,0.0281718,0.0195098,0.0273312,0.0307314,0.0239866,0.0190866,0.0289424,0.0213426,0.0252932,0.0285054,0.0201642,0.0280746,0.0236726,0.0210226,0.026355,0.0198484,0.0194084,0.028932,0.0232288,0.0323276,0.0214542,0.0281638,0.0209496,0.0200684,0.0299544,0.0246842,0.028128,0.0171094,0.0278222,0.0214594,0.0291478,0.019421,0.0261664,0.031692,0.0211046,0.0268314,0.0263086,0.0212248,0.028784,0.0188006,0.0262046,0.0171078,0.0271892,0.0186284,0.0280264,0.0292204,0.0242318,0.023654,0.0203592,0.0263468,0.0252342,0.017086,0.0309628,0.0198674,0.027999,0.0207904,0.0266214,0.023232,0.025639,0.026484,0.0236454,0.0230948,0.026892,0.0202962,0.0233832,0.0275276,0.0289396,0.0196486
0.0260644,0.0215766,0.0205756,0.0237598,0.0256698,0.0307336,0.0253732,0.0282296,0.0197558,0.0275826,0.0299468,0.0248326,0.0198476,0.0293298,0.0223366,0.0256726,0.0289242,0.0205096,0.0289178,0.0241058,0.0211656,0.0268932,0.0198828,0.0198446,0.029089,0.0235604,0.0330094,0.0216376,0.0284082,0.0210766,0.020422,0.0305356,0.0257236,0.0284028,0.018001,0.0283086,0.0215728,0.0295952,0.0203074,0.0262852,0.0327668,0.0212768,0.0272014,0.0269726,0.0213232,0.0291084,0.0194564,0.026501,0.0176974,0.0273358,0.0190758,0.027843,0.0293898,0.0247642,0.0244522,0.021109,0.0267594,0.025336,0.017572,0.0315382,0.0205294,0.0284242,0.0211828,0.0267474,0.0240268,0.0263472,0.0268698,0.024702,0.0235532,0.0275914,0.0201822,0.0236288,0.0287054,0.0292108,0.0195174
0.0264222,0.0222466,0.0217246,0.02421,0.0265996,0.0319056,0.0260414,0.0284236,0.0200292,0.0280504,0.030741,0.025791,0.0202702,0.0289976,0.023796,0.0259076,0.0304828,0.021173,0.0290822,0.0254642,0.0211888,0.027357,0.0204152,0.0212306,0.0291428,0.0238398,0.0328388,0.0220192,0.0279964,0.0217604,0.0205922,0.0309338,0.0267302,0.02827,0.0187174,0.0286874,0.022179,0.0303066,0.02092,0.0272494,0.0331986,0.02154,0.027756,0.027443,0.0213554,0.0289256,0.0195048,0.0264884,0.0186736,0.0280044,0.0194998,0.0281616,0.0304476,0.024868,0.0246586,0.0212952,0.0275406,0.0255214,0.0178996,0.0321528,0.0211178,0.0287518,0.021579,0.0276944,0.0249556,0.02647,0.0267432,0.0251654,0.0241356,0.0284464,0.020347,0.0247368,0.0287792,0.0296198,0.0203274
0.026651,0.0217714,0.021971,0.023662,0.026874,0.0317894,0.0271696,0.0281682,0.0203872,0.0282574,0.0307584,0.0261724,0.0203648,0.0292142,0.0250692,0.0262682,0.0304362,0.0219654,0.0299816,0.0257852,0.0211392,0.0279988,0.0213314,0.0215902,0.0301186,0.024961,0.0327636,0.0221592,0.028061,0.021915,0.0209684,0.0306956,0.026836,0.0280106,0.0193554,0.02955,0.022128,0.0305402,0.0223296,0.0276494,0.033576,0.021988,0.0281358,0.028737,0.0221352,0.0292234,0.0202342,0.0272328,0.0186088,0.0287062,0.0191394,0.0293576,0.0313004,0.0255164,0.0256306,0.0224622,0.0273418,0.0255794,0.0186044,0.0322574,0.0216278,0.029378,0.0223802,0.0278922,0.0254614,0.0264362,0.0275038,0.0261428,0.0239114,0.0286824,0.0210026,0.0256054,0.0292826,0.0292892,0.0211562
0.0265366,0.0222216,0.0219738,0.023402,0.0273112,0.0324946,0.027066,0.0286982,0.0212262,0.0287464,0.031248,0.027526,0.0206132,0.029781,0.0254448,0.0266322,0.0316388,0.0224054,0.0305568,0.0268806,0.022374,0.0280256,0.0213422,0.0217878,0.0316146,0.0255174,0.0326894,0.0223474,0.0286418,0.0221506,0.021417,0.0316874,0.026818,0.0285746,0.019361,0.0297096,0.0230294,0.0308044,0.0222788,0.0281588,0.0346744,0.0234132,0.0287054,0.0296824,0.0220816,0.029589,0.020501,0.0279338,0.018762,0.0292674,0.0195748,0.0300188,0.0326942,0.0259712,0.0255896,0.0226836,0.0274044,0.0262252,0.0187234,0.0331384,0.0224272,0.0301748,0.0229916,0.028831,0.0260334,0.0269068,0.0272168,0.0273674,0.02459,0.0289706,0.0214104,0.0257542,0.0302062,0.0295048,0.0217508
0.027141,0.0231552,0.022724,0.0241128,0.02735,0.0325634,0.02789,0.0284598,0.021748,0.029293,0.031242,0.0291738,0.0218422,0.0302974,0.0265582,0.0268868,0.0318962,0.0218718,0.0303702,0.026958,0.0219492,0.0285476,0.0211262,0.0222812,0.0323494,0.0259582,0.0348496,0.0231686,0.0293158,0.0235032,0.0219726,0.0318366,0.027508,0.0283906,0.0196822,0.0298686,0.0233858,0.0318284,0.0229804,0.0291852,0.0357132,0.0241716,0.0285448,0.0305014,0.02292,0.0296746,0.0207066,0.0283632,0.0191816,0.0297462,0.0201356,0.0303454,0.0321128,0.0257486,0.0255922,0.0225158,0.0279774,0.026907,0.0193436,0.033219,0.0225132,0.0305206,0.023736,0.0286976,0.0263562,0.0273446,0.02792,0.0289738,0.0255772,0.0295676,0.0218036,0.0272124,0.03064,0.030151,0.0217462
0.0275894,0.0237508,0.0240396,0.0252034,0.0290878,0.0328758,0.02786,0.0287582,0.0225804,0.0291386,0.0313728,0.0292312,0.0221946,0.0303768,0.027224,0.0280592,0.0326116,0.0225622,0.0308838,0.0274246,0.0223344,0.0288768,0.0222546,0.0227226,0.033023,0.0259926,0.0355076,0.0239302,0.0297516,0.023932,0.0227596,0.0319278,0.0289688,0.029116,0.0204488,0.0299374,0.023525,0.0323602,0.023288,0.0297146,0.0368536,0.025059,0.0289426,0.0314078,0.022996,0.029313,0.0204666,0.02867,0.0198222,0.0302934,0.0210588,0.0304828,0.032711,0.0259822,0.0260724,0.0231194,0.0285084,0.0272284,0.019593,0.0334764,0.0229096,0.0314896,0.0241306,0.0288448,0.0265764,0.0272492,0.028109,0.0288678,0.0257572,0.0297994,0.0222132,0.0284702,0.0316638,0.0306548,0.0226358
0.0275604,0.0244484,0.025115,0.0250246,0.029408,0.032939,0.028141,0.0285194,0.0228602,0.0301954,0.0318696,0.029954,0.0220784,0.0313016,0.0286258,0.0276462,0.0330832,0.0224328,0.0315026,0.0271742,0.022863,0.0288218,0.0221006,0.022985,0.0338072,0.0271012,0.0359878,0.024576,0.0297306,0.0247432,0.0226456,0.0318534,0.0289456,0.0301648,0.0207678,0.0302308,0.023413,0.0325432,0.0234216,0.0301886,0.0381446,0.0248874,0.0289984,0.0323562,0.0233404,0.0299398,0.0211922,0.0293612,0.0201786,0.0303906,0.0218102,0.0307062,0.0337382,0.0266072,0.026508,0.0237314,0.0294296,0.0271136,0.0195552,0.0330202,0.0229114,0.0317398,0.0246748,0.0292528,0.0272998,0.0275088,0.0289358,0.029544,0.0252182,0.0292438,0.0237582,0.0290072,0.0316718,0.031106,0.0229888
0.0277872,0.0248198,0.0255004,0.0247282,0.0294982,0.0330792,0.0283864,0.02911,0.0230788,0.0304368,0.0330392,0.029827,0.0226658,0.0316358,0.028889,0.0281582,0.0334878,0.0222186,0.0317772,0.0290054,0.023052,0.0285738,0.0223212,0.0226398,0.0346934,0.0282048,0.0362014,0.0244632,0.0300584,0.0254458,0.023404,0.031355,0.028517,0.030831,0.0214038,0.0304304,0.0251194,0.0329892,0.0239692,0.029912,0.0391144,0.0248942,0.0299452,0.0327672,0.0239642,0.0294992,0.0209644,0.0295354,0.0208378,0.0301946,0.0226054,0.0308648,0.0354414,0.0271514,0.027355,0.0239568,0.0304724,0.027716,0.0195852,0.0331898,0.0229952,0.0321984,0.0251494,0.0300906,0.0272492,0.0279542,0.0290668,0.029362,0.026031,0.030091,0.0234426,0.0289928,0.0326316,0.0314046,0.0231504
0.0276734,0.0255682,0.025482,0.0249766,0.0293518,0.0332118,0.0289526,0.029101,0.0243594,0.0304442,0.0341368,0.031087,0.0228128,0.0313936,0.0295468,0.0281828,0.0350704,0.0227488,0.0323666,0.0295096,0.0232944,0.0292846,0.0226498,0.0233928,0.0349066,0.0288466,0.0370478,0.025373,0.0313592,0.026685,0.024145,0.0314352,0.029409,0.0308834,0.021493,0.0312098,0.0248462,0.0336592,0.0251298,0.0305816,0.0396376,0.0255982,0.0295456,0.0337392,0.0236872,0.0299986,0.0215198,0.0292986,0.0211228,0.0310882,0.0226542,0.0307284,0.0356058,0.0269432,0.0273002,0.0242308,0.030713,0.0276894,0.0205188,0.0341968,0.0233816,0.032737,0.0250344,0.030836,0.0283646,0.0278636,0.0293028,0.0301306,0.0265126,0.0310086,0.0240866,0.029958,0.0336912,0.031306,0.0242928
0.0278064,0.0261168,0.02595,0.026038,0.0302472,0.03339,0.028902,0.0301962,0.023978,0.030718,0.0347488,0.0310418,0.022768,0.0314976,0.0308436,0.0288222,0.0356658,0.0224882,0.0323604,0.0304746,0.0229472,0.029884,0.0233976,0.0245854,0.0356694,0.0292814,0.0376232,0.0256766,0.030965,0.0267252,0.0250596,0.0317076,0.0297294,0.0313106,0.021681,0.031679,0.0251866,0.0341004,0.0255364,0.030719,0.039845,0.0260532,0.029763,0.0345278,0.0240712,0.030702,0.0213066,0.029306,0.0201942,0.031107,0.0236432,0.030577,0.0371304,0.027108,0.0284364,0.0243486,0.030707,0.0274982,0.0207784,0.0344082,0.024209,0.0329346,0.0257664,0.0312968,0.0286264,0.0282224,0.029237,0.0298992,0.0268952,0.0309878,0.024477,0.0307504,0.0340568,0.0319226,0.0242966
0.0284766,0.026431,0.0262644,0.02541,0.0307088,0.0335554,0.0295116,0.0310244,0.024684,0.0306648,0.0359154,0.0312288,0.0235444,0.032105,0.0309866,0.028982,0.03568,0.0226282,0.0326746,0.0309176,0.0233116,0.030955,0.0240284,0.024993,0.0364854,0.0295878,0.0380448,0.026142,0.0312726,0.0272048,0.0247788,0.0326752,0.030274,0.0313192,0.0221582,0.0323172,0.0261156,0.0342262,0.0259528,0.031301,0.0409564,0.0259504,0.0300106,0.0365448,0.0248298,0.0305462,0.0214372,0.0290444,0.0206436,0.0315238,0.0230166,0.0299242,0.0382862,0.0279994,0.0290506,0.0249784,0.0313902,0.0286194,0.0215664,0.0357064,0.024945,0.0341702,0.0266582,0.0324564,0.0289152,0.028234,0.029482,0.030408,0.0268148,0.0309934,0.0246208,0.0312188,0.0337292,0.0324256,0.0248178
0.0285742,0.0271752,0.0262644,0.0261628,0.0308004,0.0341706,0.0301618,0.031228,0.0260088,0.0306382,0.0365252,0.0319394,0.023898,0.0325178,0.0309294,0.0288808,0.0366426,0.0231456,0.0328574,0.0309692,0.0247688,0.0309782,0.0243934,0.0257018,0.037253,0.0299348,0.0384828,0.0258556,0.0313806,0.0276522,0.025222,0.0338068,0.0310276,0.0320182,0.0227246,0.0328784,0.0263056,0.034404,0.027338,0.030836,0.0412718,0.026464,0.0303118,0.0371026,0.0248214,0.0312194,0.022041,0.0296196,0.0210086,0.032268,0.0234064,0.0303968,0.0391656,0.0284848,0.0294308,0.0250032,0.0324684,0.0287524,0.0215062,0.0361514,0.0257276,0.0341768,0.0264264,0.0323004,0.0301954,0.0284836,0.029424,0.0304946,0.0278002,0.0305704,0.0249568,0.0314456,0.0342608,0.0321834,0.025088
0.028468,0.0272212,0.027393,0.026233,0.0312786,0.035066,0.0306132,0.0313064,0.0266444,0.0309866,0.0373816,0.0322506,0.0241476,0.0329172,0.031904,0.0291586,0.0368726,0.0233972,0.0334454,0.0318166,0.0253104,0.0316382,0.0243044,0.0256176,0.0369904,0.0305484,0.03854,0.027476,0.031683,0.0266456,0.0259528,0.0345792,0.030918,0.0318714,0.0230804,0.0325628,0.0259244,0.0342844,0.0283296,0.0314474,0.0418936,0.0273392,0.0309362,0.0379316,0.0255104,0.0315344,0.0226262,0.029958,0.020996,0.032431,0.0237166,0.0309378,0.0403022,0.0288902,0.0292674,0.025591,0.0323712,0.0284386,0.0221826,0.036924,0.0258254,0.0340922,0.0270534,0.0322542,0.0310758,0.0295608,0.0296556,0.0314424,0.0282314,0.0316374,0.025248,0.032001,0.0351218,0.0325042,0.0261684
0.0293662,0.027582,0.0272548,0.0266868,0.0322244,0.0347198,0.0303478,0.0318808,0.0265818,0.0314948,0.0377482,0.0325666,0.0246,0.032974,0.0334828,0.0296646,0.037946,0.0235738,0.0343966,0.032783,0.025444,0.031988,0.0240144,0.0266148,0.0369148,0.0306784,0.0395686,0.027601,0.0311304,0.0270336,0.0256802,0.0353944,0.0311316,0.032754,0.0233656,0.0328558,0.0263158,0.0335738,0.0286682,0.0314188,0.0428302,0.0284426,0.0314562,0.0377022,0.0265514,0.031515,0.0227812,0.0297546,0.0214356,0.0327862,0.023776,0.031827,0.0416942,0.0301374,0.0300892,0.0253218,0.0322028,0.0289144,0.0221548,0.0372014,0.0271794,0.034732,0.0269926,0.032463,0.0312346,0.029715,0.0295782,0.0325248,0.0289324,0.0327782,0.0259192,0.0335382,0.0362602,0.0322134,0.0264246
0.029717,0.0280908,0.0278728,0.0265592,0.0326438,0.0349152,0.0307272,0.032592,0.0267642,0.0329122,0.037396,0.0342414,0.0253992,0.033183,0.03425,0.0301698,0.038013,0.0238558,0.03586,0.0332128,0.0257296,0.0322344,0.0247876,0.0268538,0.037174,0.031811,0.040264,0.0284626,0.0316032,0.0277302,0.0254436,0.035363,0.0309674,0.0332138,0.0234382,0.03436,0.0266538,0.0337304,0.0291026,0.031347,0.0445988,0.0282808,0.0325418,0.0385586,0.0270058,0.031998,0.0232134,0.0298354,0.0215904,0.0327798,0.024148,0.0325924,0.042252,0.0294776,0.0298452,0.0259592,0.0318324,0.0292926,0.0228996,0.037527,0.027422,0.034578,0.0280068,0.0332754,0.0313366,0.030869,0.030968,0.032706,0.0293066,0.0329526,0.0259756,0.0343004,0.036929,0.0332108,0.0264976
0.0295828,0.0288218,0.0277768,0.0270672,0.0328256,0.0350756,0.0315068,0.0326674,0.0263486,0.0327406,0.0378478,0.0346914,0.0251802,0.033444,0.0347298,0.030319,0.0380552,0.0238284,0.0362822,0.03417,0.026608,0.032649,0.0256278,0.0277178,0.0381152,0.032023,0.0410278,0.029297,0.031782,0.0287188,0.026099,0.036089,0.0310672,0.0325878,0.0236104,0.0343728,0.0267,0.0341652,0.029216,0.0318574,0.0445676,0.0294906,0.032422,0.0392874,0.027983,0.0322658,0.0241842,0.0297594,0.0213094,0.0330786,0.0242118,0.0332118,0.0430286,0.0293572,0.030131,0.0259754,0.0325398,0.0295084,0.0227034,0.0382992,0.0275476,0.0351546,0.0283128,0.0340764,0.0324776,0.0319656,0.03102,0.0336378,0.0296816,0.0328828,0.0266066,0.0347572,0.0373888,0.0334718,0.027295
0.0299046,0.0294838,0.0281908,0.026858,0.0328864,0.0357174,0.0318782,0.0329388,0.0262518,0.0328276,0.0379174,0.0351496,0.0259984,0.0337736,0.0356158,0.0307764,0.038088,0.0243126,0.0361776,0.0344346,0.026585,0.0326958,0.0263436,0.027836,0.038766,0.031964,0.0409012,0.0296746,0.0319222,0.028563,0.026168,0.0367172,0.0315546,0.0328966,0.0236072,0.0350418,0.0272886,0.0351622,0.0299696,0.0324842,0.0464252,0.0293116,0.0331682,0.0400308,0.0284054,0.0327812,0.0249008,0.029614,0.021779,0.033656,0.024248,0.0337414,0.0441644,0.0295742,0.0310638,0.0260996,0.032687,0.0297002,0.0235148,0.0394518,0.0277924,0.0344172,0.0289956,0.0355288,0.0326002,0.0325624,0.031395,0.0337676,0.0292934,0.032529,0.0269332,0.0348706,0.036276,0.0333718,0.0277024
0.0299012,0.0302734,0.029003,0.0271892,0.0334022,0.0362448,0.0325886,0.0334892,0.0269876,0.0326014,0.0387682,0.0360058,0.0264388,0.0337902,0.035952,0.0307108,0.0392852,0.0241954,0.0368948,0.0345762,0.0271772,0.0331304,0.0266544,0.0281128,0.0394854,0.0330292,0.0413802,0.0303348,0.0322898,0.0297706,0.0265824,0.0375714,0.031556,0.032972,0.023258,0.0360134,0.027646,0.0367678,0.0302922,0.0331468,0.0468154,0.0287154,0.0334436,0.0408252,0.0282314,0.0328338,0.0248644,0.0302146,0.0227102,0.0335738,0.0242138,0.0334974,0.044746,0.0307938,0.0307184,0.0265372,0.0325882,0.0294802,0.0240332,0.0405822,0.0272928,0.0339728,0.0295592,0.036425,0.0317936,0.03295,0.0319658,0.0345156,0.0296818,0.0335928,0.0277718,0.034528,0.0366796,0.0336488,0.0275662
0.0301466,0.0308132,0.029057,0.0276036,0.0329926,0.0366288,0.0325588,0.0334748,0.027726,0.033372,0.0390308,0.0360696,0.0261632,0.0348936,0.037097,0.030907,0.0389556,0.0238714,0.0376724,0.0352258,0.0272166,0.0330178,0.026574,0.0283112,0.0390746,0.0333996,0.0410916,0.0298396,0.032395,0.0297084,0.0263128,0.037486,0.0315338,0.032983,0.02332,0.036035,0.0277108,0.0371454,0.0304688,0.0332342,0.0480882,0.0290632,0.033866,0.0417274,0.0282932,0.0329072,0.024907,0.0303398,0.022991,0.0352822,0.0246792,0.0336348,0.0455908,0.0318724,0.0307972,0.026507,0.0329292,0.0298574,0.0242484,0.0402526,0.0279786,0.0341366,0.0308636,0.0364156,0.032598,0.0335884,0.0321442,0.0346274,0.0298918,0.034362,0.028211,0.034661,0.0370508,0.0341742,0.0283244
0.0306628,0.0318918,0.0296844,0.0281198,0.0331124,0.0373524,0.0321842,0.0340262,0.0286786,0.0331476,0.0402886,0.0376598,0.0269814,0.0350018,0.0382488,0.0307778,0.039446,0.0241954,0.0381752,0.0354332,0.027658,0.0335234,0.0270344,0.0289308,0.0401614,0.0339568,0.0409872,0.0312482,0.0328428,0.0299014,0.0268164,0.0378328,0.032552,0.0333556,0.0240444,0.0360516,0.0292186,0.0373324,0.0305034,0.0334762,0.049508,0.0294864,0.034305,0.0416934,0.0286202,0.0332426,0.0248426,0.031121,0.0231906,0.0359504,0.0250016,0.0340486,0.0449812,0.0320964,0.0320082,0.0267794,0.0336844,0.0298534,0.0244004,0.0411314,0.027752,0.0343344,0.0306204,0.0372888,0.0330582,0.0341322,0.031697,0.0351318,0.0303552,0.0346966,0.0287548,0.0354598,0.0375882,0.0344336,0.0286792
0.0310184,0.0324264,0.030087,0.0286684,0.03436,0.0380762,0.0329856,0.0349312,0.02926,0.0335158,0.0406802,0.0380298,0.0267204,0.0353496,0.0381646,0.031407,0.0400318,0.0251098,0.0391844,0.0366876,0.0281092,0.0332794,0.0272566,0.0296588,0.0400588,0.0341198,0.0413158,0.031236,0.0325062,0.0301914,0.0269932,0.0381158,0.0326134,0.033983,0.024143,0.0358254,0.0293878,0.0374122,0.0315402,0.034565,0.0506588,0.0302696,0.0345062,0.042831,0.0296788,0.0335778,0.0251206,0.0322194,0.0237246,0.0365028,0.0258322,0.0339764,0.045721,0.0325632,0.0323808,0.027186,0.0335638,0.029509,0.0245212,0.0415902,0.0284508,0.0343282,0.0300466,0.0368936,0.0341284,0.034541,0.031697,0.0352574,0.0307948,0.0346756,0.0296696,0.0357696,0.0383884,0.0341598,0.0288068
0.0313944,0.032969,0.0298994,0.0287504,0.0349738,0.0384566,0.0337756,0.0350074,0.0294194,0.0335416,0.041266,0.0385062,0.0271794,0.0359894,0.0388142,0.0315306,0.0400686,0.0252898,0.0399436,0.0371946,0.0285504,0.0332886,0.027386,0.0308428,0.039868,0.0349172,0.0427958,0.0320588,0.03398,0.0309202,0.0273794,0.0390332,0.032833,0.0343904,0.0244252,0.0358462,0.0293216,0.0375584,0.032291,0.0347862,0.0516412,0.0306264,0.0350022,0.0430484,0.029194,0.033931,0.0251162,0.0331346,0.023869,0.0372748,0.0258338,0.0339752,0.045068,0.032058,0.033104,0.028144,0.0338538,0.0293596,0.0247504,0.0429792,0.0292932,0.0350032,0.0300428,0.0379096,0.0349296,0.034598,0.0325212,0.0356172,0.0306452,0.0351642,0.0301404,0.0360478,0.038832,0.0343136,0.0285498
0.0314502,0.0328862,0.030483,0.0288396,0.0351976,0.0392022,0.034396,0.0352742,0.0287338,0.0343764,0.0422404,0.038837,0.0272928,0.0360352,0.0384164,0.0323234,0.0410518,0.026175,0.0408612,0.0372178,0.0293934,0.0340988,0.0287482,0.0305804,0.040447,0.0355126,0.0433016,0.0336274,0.0351178,0.0312548,0.027686,0.0393234,0.0320538,0.0343746,0.0252212,0.035676,0.0297216,0.0378534,0.0325984,0.0360712,0.0534142,0.0309098,0.03499,0.0429454,0.030031,0.0352412,0.0254802,0.0336608,0.02391,0.0379218,0.0257772,0.0359402,0.0464146,0.0321078,0.0325278,0.0278586,0.0343702,0.03074,0.0245936,0.0445262,0.030292,0.035394,0.030878,0.0378152,0.0347792,0.0346518,0.033472,0.0350392,0.0304284,0.0356514,0.0307846,0.0370048,0.0391918,0.0341696,0.0289614
0.032747,0.0326382,0.0319254,0.029301,0.0360256,0.0397884,0.0349622,0.0352448,0.0291238,0.0355314,0.0431362,0.0398186,0.0276058,0.0371916,0.0392168,0.0327698,0.0420332,0.027131,0.0417598,0.0383228,0.0297088,0.0343378,0.0279642,0.0303488,0.0411664,0.0357736,0.043424,0.0335954,0.0348308,0.0323576,0.0278524,0.0396604,0.033572,0.034126,0.0257768,0.0361412,0.0305072,0.0380936,0.0324528,0.0361396,0.0550896,0.0316994,0.0356406,0.043959,0.029985,0.0349236,0.0261996,0.0344486,0.0240898,0.0390498,0.026469,0.0367836,0.046263,0.0332164,0.033301,0.028156,0.034833,0.0305944,0.0248912,0.0441896,0.02999,0.0354732,0.0305726,0.038317,0.0352102,0.0352234,0.033641,0.0352476,0.030686,0.0360204,0.0309932,0.037306,0.0403862,0.0345526,0.0296752
0.0322146,0.0330598,0.0318354,0.0295116,0.0360972,0.0401054,0.0342374,0.0354644,0.0291302,0.035628,0.042561,0.0405526,0.0274688,0.038132,0.0393838,0.0335226,0.0414466,0.027765,0.0424832,0.0380416,0.0301514,0.0350118,0.0287308,0.0308796,0.0416656,0.0364384,0.0427896,0.033646,0.03489,0.0317774,0.0285964,0.0402696,0.033299,0.0335718,0.0262394,0.0365836,0.0312676,0.039457,0.0336396,0.0370252,0.0562222,0.0316526,0.035931,0.0448494,0.0301072,0.0352402,0.0264872,0.0350504,0.0244066,0.0389122,0.0271604,0.0372004,0.0466234,0.0332794,0.034213,0.0275924,0.0348258,0.0315896,0.0253016,0.0442884,0.0303208,0.0353094,0.0311394,0.0388202,0.035667,0.035381,0.034141,0.0360216,0.031423,0.0371964,0.0318404,0.0388678,0.0398712,0.0357722,0.0297178
0.0326092,0.0330886,0.0320664,0.0298352,0.0362684,0.0400832,0.0339764,0.0360526,0.029765,0.0367818,0.0433214,0.0413902,0.0273104,0.0376866,0.0401504,0.0340022,0.0411078,0.0283092,0.0427388,0.0384842,0.0302336,0.0354354,0.029062,0.0310596,0.0417998,0.0365588,0.0436378,0.0348586,0.0354254,0.0327358,0.0294842,0.0404172,0.0339898,0.0338032,0.0262636,0.0360538,0.0319692,0.0407548,0.0338006,0.0383662,0.056368,0.0325204,0.0360324,0.0445494,0.0304526,0.0348848,0.0264506,0.0349848,0.025264,0.039921,0.0274368,0.0370752,0.0473614,0.0342202,0.0347304,0.0278576,0.0349226,0.0323576,0.0254558,0.0458146,0.0309282,0.0361836,0.0314664,0.0393478,0.0359844,0.0353694,0.0336786,0.0369894,0.0307608,0.0374166,0.0315512,0.0384396,0.0401986,0.0354008,0.0297382
0.0323718,0.0343994,0.0320434,0.0301498,0.0360536,0.0405824,0.0344194,0.035913,0.0300548,0.0372062,0.0439532,0.0420982,0.027676,0.0375488,0.0405468,0.0344964,0.0409954,0.0284464,0.0432906,0.0386476,0.0309428,0.0357006,0.0291276,0.0315218,0.042278,0.037926,0.0450982,0.0357356,0.0357066,0.032388,0.0291632,0.0414348,0.0344592,0.0339944,0.0263508,0.036455,0.0322444,0.0409462,0.0341574,0.0383994,0.0577506,0.0335356,0.0368472,0.044408,0.03098,0.0347626,0.026957,0.0350454,0.0256618,0.0409854,0.027505,0.0375156,0.0474044,0.0350752,0.0354932,0.0285328,0.0348658,0.0326768,0.0253718,0.0465562,0.0312204,0.0364872,0.0324176,0.0400698,0.035355,0.0357856,0.0342012,0.037177,0.0304634,0.0377832,0.0319316,0.0395904,0.0408452,0.0362704,0.030558
0.0326402,0.0342116,0.032626,0.0303478,0.036708,0.0406458,0.0347272,0.0358596,0.0298658,0.0386938,0.0433958,0.04194,0.0282922,0.0382484,0.0409894,0.0344452,0.0416478,0.0279212,0.0434014,0.0396024,0.0311562,0.0359086,0.0287798,0.0313816,0.0424254,0.0379326,0.044844,0.0358136,0.0357286,0.0331228,0.0296832,0.041347,0.034882,0.0335842,0.0259246,0.0375938,0.0324554,0.0411532,0.0345374,0.0386602,0.0580856,0.0345642,0.0376994,0.0438282,0.0315448,0.0351998,0.027521,0.0356084,0.0254962,0.041542,0.0282256,0.038298,0.0478778,0.0354646,0.0350394,0.0290552,0.0359702,0.0328164,0.025809,0.047005,0.0320802,0.0364404,0.0329234,0.0409678,0.0358694,0.0363078,0.0353366,0.0368056,0.0304198,0.0380188,0.0317854,0.040298,0.041693,0.036884,0.0305244
0.033029,0.0351904,0.0329574,0.0307122,0.0373522,0.04121,0.0354896,0.0360752,0.030025,0.0379194,0.0435056,0.042925,0.0283194,0.0388236,0.0418302,0.034952,0.0413844,0.0282882,0.0446324,0.0394876,0.0317458,0.0357848,0.0289178,0.0318162,0.0424558,0.0382992,0.0449622,0.036269,0.0358036,0.033511,0.0296648,0.0416264,0.0355138,0.0336728,0.0263966,0.038441,0.0326236,0.041124,0.0356552,0.0378806,0.0586668,0.0351722,0.0373832,0.0432794,0.0319492,0.036088,0.027298,0.0355566,0.0257602,0.0428208,0.027869,0.038355,0.049071,0.0363126,0.0354256,0.0292766,0.0356758,0.033522,0.0266366,0.0492376,0.0326084,0.036762,0.0323296,0.0407824,0.0363124,0.0363368,0.0357698,0.0373934,0.0304628,0.0390268,0.0319838,0.0405924,0.0418324,0.0372026,0.0310406
0.0326322,0.0352988,0.0329254,0.030231,0.0370476,0.0420586,0.0362268,0.0365594,0.0315672,0.0391166,0.0441582,0.0423922,0.0287554,0.0391414,0.042098,0.0361446,0.0409564,0.0284264,0.0451974,0.0396076,0.0319,0.0361024,0.0287894,0.0323258,0.0440134,0.038504,0.0450626,0.036724,0.0365708,0.0325542,0.0301334,0.0421402,0.0355044,0.0343468,0.026993,0.0382926,0.0332544,0.0419268,0.0363322,0.0390952,0.0597624,0.0362984,0.038042,0.0433078,0.0335152,0.0360922,0.028163,0.03631,0.0259558,0.0433616,0.0289636,0.038114,0.0497584,0.0366352,0.0358256,0.0297042,0.036188,0.0341992,0.0260634,0.0494724,0.0327734,0.0377682,0.032964,0.0414254,0.0375464,0.0363008,0.036475,0.0373216,0.0309102,0.039637,0.0323134,0.040742,0.042186,0.0363424,0.031323
0.0323658,0.0361446,0.033038,0.031244,0.0373612,0.0421682,0.0361912,0.0374176,0.0310898,0.0394468,0.0437872,0.0426004,0.0287088,0.0395456,0.0412196,0.0366038,0.0418158,0.0285058,0.0456646,0.0398344,0.032055,0.0363936,0.0289172,0.0323534,0.0453494,0.0390448,0.0457002,0.0378622,0.0373092,0.0324054,0.0302812,0.0424426,0.034888,0.0347246,0.0269976,0.0382742,0.0336812,0.042698,0.0360712,0.0388896,0.060763,0.035929,0.0385824,0.0436398,0.0335432,0.0366086,0.0285102,0.036573,0.026471,0.0433974,0.0286728,0.03826,0.050171,0.0368242,0.03603,0.0296486,0.0364394,0.0340458,0.0262022,0.0499694,0.0328724,0.0377384,0.0336002,0.041871,0.0378532,0.0370376,0.0363694,0.038265,0.0308928,0.0399554,0.0322104,0.0411422,0.0429414,0.0363032,0.0315528
0.0328806,0.0366202,0.0337662,0.0320864,0.0376844,0.0432706,0.03569,0.0380518,0.031753,0.0396764,0.0436916,0.0433354,0.0292134,0.0396268,0.0419764,0.03777,0.0418376,0.0291754,0.0459224,0.0401006,0.0327484,0.0366364,0.0287408,0.032733,0.045154,0.0391284,0.0468872,0.038474,0.0376916,0.032993,0.0307398,0.0431954,0.035079,0.034563,0.0272804,0.03839,0.0329526,0.0434382,0.0367748,0.0411536,0.0608294,0.0356498,0.0386208,0.044023,0.034526,0.036912,0.0298482,0.0375236,0.0260418,0.0447128,0.0297236,0.03884,0.0498854,0.0374254,0.0370838,0.0304346,0.0367278,0.0342826,0.0258546,0.0520044,0.0329136,0.038376,0.0335254,0.0425742,0.0377512,0.0371216,0.036802,0.0381448,0.0320868,0.0410072,0.0328388,0.041067,0.0438514,0.0375424,0.0321042
0.0325134,0.0353216,0.0339592,0.0322218,0.0381106,0.043226,0.0364654,0.0390506,0.0327062,0.0405308,0.0437116,0.043709,0.0293404,0.0401182,0.0421508,0.0385128,0.0423488,0.0286642,0.0465686,0.040024,0.0320506,0.0372948,0.0302318,0.033002,0.0456438,0.0390958,0.0470422,0.0374132,0.0383252,0.0330246,0.0312006,0.0435382,0.0351636,0.0356008,0.027284,0.0389446,0.0333164,0.0438038,0.0373102,0.0419642,0.0617272,0.0363928,0.0392702,0.0448686,0.0350448,0.037179,0.0303276,0.0381104,0.0261992,0.0446028,0.0296086,0.0389912,0.0508254,0.0374574,0.0367856,0.031147,0.0370936,0.0345592,0.0257062,0.0525466,0.0330318,0.0385496,0.0342986,0.0423304,0.0382082,0.0379362,0.0379402,0.0389514,0.0330222,0.0411764,0.0322642,0.0415772,0.0444914,0.0379954,0.032559
0.0328086,0.0354024,0.0338656,0.0321388,0.0377792,0.0436158,0.03664,0.039256,0.032658,0.0407202,0.044507,0.0445352,0.0292558,0.0404572,0.0425678,0.0393774,0.0421986,0.0289626,0.0469594,0.0407318,0.032117,0.0387886,0.0304408,0.033476,0.0463164,0.0394128,0.045992,0.0390496,0.0388874,0.0334446,0.031538,0.0438868,0.0349206,0.0352216,0.0272808,0.039208,0.0340306,0.0433384,0.0380678,0.0423826,0.0625466,0.0376726,0.0400638,0.0445858,0.035415,0.0375382,0.0305382,0.0382964,0.0264208,0.0459148,0.0291862,0.0398684,0.050558,0.0370566,0.0370718,0.0305558,0.0372326,0.0348068,0.0254054,0.0543788,0.0328304,0.0386432,0.0349216,0.0429524,0.0383926,0.0372498,0.0377652,0.0395976,0.0327772,0.0424746,0.0328954,0.0420228,0.0449022,0.0378142,0.0327922
0.0330974,0.0354676,0.034435,0.032158,0.0376228,0.0439506,0.036077,0.0387278,0.0327152,0.041453,0.0441952,0.0454212,0.0288732,0.0404694,0.0420452,0.0391208,0.0423708,0.0294662,0.047131,0.0419404,0.0319038,0.0391408,0.0305058,0.0337092,0.0468176,0.038883,0.0471042,0.0379326,0.0392948,0.0339666,0.031333,0.0441236,0.0345118,0.0360994,0.0277776,0.040713,0.0341362,0.043553,0.0386596,0.0427974,0.0643802,0.0387168,0.0402178,0.0449142,0.0355778,0.037336,0.0305766,0.0392792,0.0259348,0.047232,0.0287632,0.0416672,0.0507742,0.0376008,0.0366188,0.029523,0.0375344,0.0342742,0.0258602,0.0551706,0.03343,0.0389098,0.0355114,0.0427466,0.038792,0.0383732,0.0386954,0.0393982,0.0332918,0.0426718,0.0329282,0.042247,0.0449416,0.0381064,0.033581
0.0329528,0.0354138,0.0350936,0.0320768,0.0385552,0.0444158,0.0360066,0.0386012,0.0327898,0.0422604,0.044465,0.044872,0.029241,0.041416,0.042254,0.0393102,0.0425202,0.0293432,0.0473024,0.0421142,0.0322002,0.0392698,0.031282,0.0342908,0.0487246,0.0386012,0.0472506,0.0389412,0.0400552,0.034131,0.032244,0.0449196,0.0348648,0.0359042,0.0281708,0.041043,0.0347636,0.0435452,0.0391034,0.0428342,0.0645198,0.0389044,0.0405592,0.045192,0.0353828,0.0377536,0.0310928,0.0399724,0.0256788,0.0477516,0.0297258,0.041429,0.0509284,0.0382684,0.0361818,0.0298432,0.0388174,0.0350666,0.0258124,0.0568814,0.0344326,0.039401,0.0361292,0.043147,0.0395966,0.0378624,0.0401726,0.0388544,0.0336646,0.0432402,0.0328714,0.0430386,0.0448288,0.0383136,0.0333448
0.0338472,0.0361552,0.035471,0.0315414,0.0389006,0.0450788,0.0361118,0.0390516,0.0330964,0.042591,0.04478,0.0445934,0.0297918,0.0420118,0.0434458,0.0398742,0.0425154,0.0291822,0.0482174,0.0417052,0.0324508,0.0389168,0.0311242,0.0344582,0.048532,0.0395428,0.0486708,0.0392268,0.041056,0.0346498,0.0332036,0.0453174,0.0350436,0.0360684,0.0282406,0.041457,0.035312,0.0439306,0.0398508,0.0433014,0.0663648,0.039862,0.0403454,0.0445694,0.0356684,0.0379986,0.0311068,0.0402628,0.0258592,0.048293,0.0294428,0.0418716,0.0517168,0.0379192,0.0359344,0.0305682,0.0388868,0.035408,0.0261368,0.0580944,0.0344494,0.0404602,0.0366366,0.0436578,0.0395844,0.0383506,0.039563,0.0390414,0.0337512,0.0429482,0.033162,0.04345,0.0445196,0.0391448,0.0337026
0.0338542,0.0366002,0.0352792,0.0320238,0.0393392,0.0450014,0.036561,0.0385288,0.0333822,0.0427318,0.0460272,0.0448866,0.02983,0.0412018,0.0440218,0.0398752,0.0424358,0.0297446,0.048204,0.0415958,0.032628,0.0395916,0.031006,0.0342672,0.047901,0.0394104,0.0484886,0.0399694,0.0411804,0.0348048,0.033618,0.0455576,0.03599,0.0369464,0.0284072,0.0409118,0.035285,0.0439656,0.039966,0.043487,0.0684388,0.0397616,0.0401228,0.0444216,0.0367646,0.0388052,0.0317074,0.0409712,0.0256424,0.0494608,0.0292992,0.0417306,0.051886,0.0379676,0.0368146,0.0312146,0.0384938,0.0360194,0.026533,0.0592736,0.0353918,0.040072,0.0369996,0.0445838,0.0395966,0.0383582,0.0399692,0.039379,0.0341312,0.0435454,0.0335248,0.0435398,0.0449296,0.0391822,0.0336308
0.0343122,0.0363322,0.035403,0.0324842,0.0397888,0.045291,0.0372194,0.0387962,0.0343,0.0434052,0.046519,0.044792,0.02977,0.0412864,0.0439846,0.0404646,0.0425312,0.0310222,0.0484754,0.041418,0.0324414,0.0404066,0.0310422,0.034666,0.0490506,0.0395316,0.0482788,0.0392932,0.0412372,0.0347676,0.0341274,0.0463248,0.0356654,0.0373288,0.0288978,0.041579,0.0354068,0.0441808,0.0409394,0.043949,0.0690288,0.0396896,0.0413412,0.0444628,0.0365056,0.039715,0.031104,0.0407792,0.0261382,0.0505458,0.0290604,0.042742,0.0512668,0.0385912,0.036463,0.0315538,0.0385902,0.0359118,0.026757,0.0595784,0.0358688,0.0404348,0.0378588,0.0443988,0.0399928,0.0379872,0.0411716,0.0394182,0.0337462,0.0434736,0.0337402,0.0426844,0.045618,0.039669,0.0338212
0.0333756,0.0371614,0.035748,0.0326758,0.039896,0.0456658,0.0376746,0.0391054,0.0340912,0.0442194,0.0473264,0.045685,0.0305858,0.0418244,0.0441544,0.0417492,0.0427592,0.03086,0.0496132,0.0411866,0.032228,0.0409502,0.0312312,0.0346772,0.0505098,0.0404106,0.0483664,0.0404964,0.0419538,0.0350008,0.0339166,0.04701,0.0352332,0.0373904,0.0291368,0.0420232,0.0354356,0.0446002,0.0406166,0.044808,0.0708254,0.0400164,0.0416908,0.0451238,0.0367188,0.0406228,0.0317072,0.0410348,0.0255444,0.0510182,0.0291994,0.0429594,0.0509252,0.0382174,0.036465,0.0319906,0.03837,0.0363222,0.0267092,0.0606546,0.0361484,0.0403482,0.0381334,0.0446268,0.0401182,0.037948,0.0411254,0.040845,0.0338788,0.0440234,0.0335938,0.0431258,0.0455268,0.04048,0.0341312
0.0339372,0.0374156,0.0357258,0.0331666,0.0402434,0.0453928,0.037805,0.0392542,0.0348754,0.0442136,0.0471954,0.0469462,0.0307182,0.0411572,0.0448144,0.041447,0.043524,0.0313842,0.050021,0.0415184,0.03255,0.0412114,0.0311914,0.0349492,0.0518682,0.0412488,0.0491568,0.0409886,0.0429402,0.0354778,0.0340064,0.0479822,0.035536,0.0375396,0.0290274,0.0423648,0.0348074,0.0442864,0.0411008,0.0448468,0.0719326,0.0403304,0.0421522,0.0451186,0.037146,0.0416276,0.0319504,0.041043,0.0261502,0.0515182,0.0291578,0.043626,0.0516274,0.0392424,0.0365992,0.0319778,0.0387808,0.03564,0.02698,0.0620326,0.0365562,0.0407392,0.0381166,0.0448122,0.0406672,0.038252,0.0412636,0.0416536,0.0336012,0.0448934,0.0344274,0.0432316,0.0465584,0.0406386,0.0347516
0.0345802,0.0368976,0.0356338,0.0327008,0.040249,0.0457976,0.0382602,0.0391104,0.0359244,0.043763,0.0472512,0.0483008,0.0309136,0.0423742,0.045263,0.0415792,0.0442794,0.0317642,0.049485,0.0411906,0.0334054,0.0410848,0.0318434,0.0352626,0.0516626,0.0406298,0.049438,0.0403474,0.0433542,0.0359818,0.0352738,0.0480834,0.035386,0.0372222,0.0289464,0.0428952,0.0341936,0.0456542,0.0411076,0.04582,0.0723256,0.0412582,0.0420508,0.0448418,0.0374638,0.0433874,0.03277,0.041581,0.0256556,0.0519612,0.0298976,0.043293,0.0527206,0.040154,0.0358802,0.0316344,0.0385336,0.0363858,0.0271444,0.0635096,0.0368532,0.040735,0.0380324,0.0451868,0.041765,0.0393406,0.0422186,0.0411318,0.0327022,0.0465502,0.0337494,0.0438066,0.0466316,0.0409306,0.0346608
0.0351516,0.0373712,0.0352496,0.0333778,0.0412028,0.0450032,0.0368936,0.0397314,0.0364796,0.0442108,0.0479084,0.0485604,0.0317604,0.0428864,0.0459936,0.0420266,0.0446304,0.0321776,0.0509988,0.042026,0.0334048,0.0411018,0.031762,0.035713,0.0512616,0.0404846,0.0506188,0.0402612,0.0441176,0.036745,0.0353454,0.0478308,0.0354416,0.0376678,0.029025,0.0432654,0.0342848,0.0468118,0.041156,0.0458582,0.0731394,0.0421256,0.0429708,0.0444336,0.0381834,0.0436744,0.0330682,0.0422418,0.0260072,0.0521842,0.029945,0.0432292,0.0531928,0.0402876,0.0354588,0.0313192,0.0389562,0.0366904,0.0271468,0.0641582,0.037189,0.0402516,0.0376486,0.0466376,0.0422546,0.040061,0.0425686,0.0411992,0.0325806,0.0477056,0.0332892,0.0452836,0.046864,0.0415956,0.0346332
0.035423,0.0378216,0.0353054,0.0338842,0.0418066,0.0457586,0.0371104,0.0398632,0.037391,0.0442718,0.048387,0.0489416,0.0314868,0.0434524,0.046387,0.0419164,0.0447778,0.0316772,0.050967,0.0421928,0.033792,0.0413304,0.0319106,0.0352544,0.0520694,0.0412878,0.0509862,0.0412554,0.0446462,0.0373364,0.0354732,0.0495544,0.0353212,0.0376972,0.0290816,0.0432762,0.0347768,0.047002,0.0423846,0.0457186,0.0717654,0.0416092,0.0434174,0.0449604,0.038256,0.0439252,0.0331064,0.042347,0.0263882,0.0537336,0.0297048,0.0437048,0.0541804,0.0405802,0.0349566,0.0317114,0.0390276,0.0360936,0.026711,0.0662212,0.0371198,0.0404446,0.0378332,0.0466932,0.0424784,0.0399964,0.0425342,0.041481,0.0332838,0.0480458,0.0341744,0.0451898,0.0471272,0.0425432,0.0344442
0.035805,0.0378514,0.0356772,0.0352494,0.0416546,0.0468268,0.0368258,0.0396914,0.0377664,0.0442982,0.0479764,0.0491558,0.0325302,0.043379,0.0464048,0.0426818,0.0442438,0.0316928,0.0511576,0.0424884,0.0336754,0.0424846,0.0319264,0.035608,0.0519598,0.040936,0.0513162,0.0426712,0.0444842,0.036685,0.0356348,0.0499996,0.0357056,0.0379414,0.0292738,0.0441746,0.0351898,0.0467622,0.0429714,0.046331,0.0725028,0.0419586,0.0436894,0.0454156,0.0379004,0.0443316,0.0330644,0.042073,0.0260646,0.0565604,0.0299104,0.0438716,0.0547106,0.0406214,0.0349956,0.0315638,0.0395254,0.0365222,0.0269144,0.0677504,0.0372806,0.0406372,0.037697,0.0485292,0.0431262,0.0402928,0.043984,0.0410568,0.0338064,0.0494168,0.0349874,0.0445986,0.0480988,0.0427704,0.0348904
0.0361208,0.0369346,0.0363402,0.0352686,0.042176,0.0469014,0.0367574,0.0393048,0.0376802,0.0448872,0.0483502,0.0495074,0.032828,0.043916,0.0461072,0.0428944,0.0454672,0.0314908,0.0526548,0.0431638,0.033857,0.0427894,0.031974,0.0357398,0.0521618,0.0408708,0.051003,0.042723,0.04471,0.0362098,0.0361752,0.0497968,0.0359906,0.0382236,0.0286872,0.0457112,0.0356284,0.0475276,0.0429264,0.0460816,0.0726372,0.0420634,0.0435444,0.0450006,0.0378558,0.0449208,0.0338808,0.0417964,0.0264794,0.0573458,0.0307592,0.0444716,0.0543854,0.041832,0.0348148,0.0313136,0.0403918,0.037159,0.026951,0.0671126,0.0382522,0.0406704,0.037816,0.0497434,0.0427828,0.0403618,0.044113,0.0419014,0.0342552,0.0493794,0.034998,0.0450468,0.0484114,0.0430598,0.0350186
0.0358786,0.0361168,0.0367406,0.0348998,0.043056,0.0471126,0.0375706,0.0398166,0.0376964,0.0457422,0.0477822,0.0501274,0.0328872,0.0450292,0.0461716,0.0443292,0.0444774,0.0315642,0.052834,0.0431932,0.033838,0.0431752,0.0326256,0.0365584,0.0516378,0.0412666,0.0509944,0.0429074,0.0444198,0.036493,0.036053,0.0498392,0.0359742,0.0392358,0.0285038,0.0466846,0.0360682,0.0475888,0.043228,0.0461674,0.0726574,0.0429088,0.0431574,0.0449094,0.0377974,0.0453932,0.034651,0.0411086,0.0265918,0.0572022,0.0307574,0.0447398,0.0546038,0.0421128,0.0348464,0.0323216,0.041018,0.0367626,0.0274664,0.068136,0.0385718,0.0409976,0.0387814,0.0505026,0.0431194,0.0404652,0.0439574,0.0417838,0.0345868,0.0496666,0.0355522,0.0447296,0.0483228,0.043893,0.0350752
0.0360958,0.0370406,0.03645,0.03566,0.043688,0.0462598,0.0375164,0.0401414,0.0380642,0.0456942,0.048076,0.0510364,0.0325308,0.045534,0.0458648,0.0456182,0.0443428,0.0315964,0.0537386,0.0430014,0.0341246,0.0430424,0.0333418,0.0371346,0.0518778,0.0407216,0.052284,0.0436842,0.044168,0.0368962,0.0365996,0.0509994,0.0364326,0.0396484,0.0289886,0.0470576,0.0364268,0.0468446,0.0435802,0.045974,0.0732896,0.0427954,0.0444372,0.0453666,0.0388882,0.0450014,0.0340362,0.0414712,0.0261708,0.0580392,0.030433,0.0446866,0.0553596,0.0423698,0.0348928,0.0320396,0.0409954,0.037474,0.0275856,0.0688298,0.038646,0.0411252,0.0394158,0.0507634,0.0429316,0.0405474,0.0445818,0.0423878,0.0350792,0.0503036,0.0356788,0.0455494,0.0486154,0.0446902,0.0340848
0.036042,0.037329,0.0360984,0.036108,0.0447592,0.0471754,0.0374326,0.0397016,0.0369316,0.0447532,0.0476632,0.0507528,0.0322856,0.0450984,0.0458196,0.0460358,0.0454236,0.0316992,0.0550184,0.0429242,0.0344088,0.0435064,0.0340042,0.0377354,0.0526956,0.0408826,0.0522152,0.0445856,0.0453144,0.0365706,0.0361586,0.0522824,0.0359444,0.0391666,0.0291754,0.047856,0.036899,0.0472338,0.0437124,0.0470102,0.0748708,0.0434302,0.0440506,0.0462656,0.0389382,0.0453528,0.0344006,0.0421368,0.0267088,0.0597132,0.0296724,0.0447666,0.0556024,0.0434588,0.0357346,0.0331648,0.0422916,0.0373966,0.0273394,0.0689196,0.0396554,0.0412454,0.0402098,0.0512888,0.0431592,0.0405702,0.0451216,0.0432016,0.0355764,0.0508638,0.0357104,0.0464722,0.0497742,0.0442196,0.0344854
0.0372852,0.0371646,0.036698,0.0376254,0.0453304,0.0482108,0.038626,0.0401368,0.0368932,0.0452156,0.047694,0.0511588,0.0329284,0.0450512,0.0464782,0.047402,0.04496,0.0321446,0.0552492,0.0426344,0.0341744,0.0441334,0.0342914,0.0383106,0.0536904,0.0404828,0.0522378,0.0443952,0.0462274,0.0370786,0.0360292,0.0528704,0.036033,0.0387732,0.029661,0.0482838,0.0372998,0.0476042,0.044714,0.047368,0.0771916,0.0442636,0.0442846,0.0469728,0.039884,0.0454976,0.0345538,0.0426894,0.0269972,0.060012,0.0298236,0.0451846,0.0556476,0.0439016,0.0355944,0.0332868,0.0424652,0.0366698,0.0274284,0.0689636,0.040242,0.0413364,0.0404644,0.0514902,0.0423682,0.041177,0.045399,0.042918,0.0352156,0.0507674,0.036092,0.0457834,0.0497282,0.0439406,0.0356374
0.0370832,0.036872,0.0374828,0.0373656,0.0453826,0.0483124,0.039027,0.0402816,0.0368098,0.0455314,0.0479416,0.0513436,0.0327676,0.0458138,0.0456268,0.0485166,0.0452332,0.0326232,0.0552274,0.0425168,0.0341124,0.0434622,0.035341,0.0390706,0.0537922,0.0402844,0.0526306,0.044151,0.0461412,0.0371698,0.0354778,0.0542508,0.035605,0.0388716,0.0298442,0.0484508,0.0373962,0.0485744,0.0447908,0.04784,0.0784294,0.0438134,0.04515,0.0477474,0.0395116,0.0454776,0.0349578,0.0417538,0.0270462,0.0616908,0.029635,0.0459496,0.0559148,0.043981,0.0362914,0.032774,0.0427774,0.0373082,0.027979,0.0711876,0.0418594,0.0415272,0.0407562,0.0529184,0.0422994,0.0411582,0.0456186,0.042211,0.0355526,0.051692,0.0366482,0.045612,0.049517,0.0447664,0.035804
0.0372922,0.0375546,0.037474,0.0370688,0.0445498,0.0497898,0.0382954,0.0402894,0.037338,0.0453038,0.0480418,0.0511628,0.0325292,0.0456352,0.0457738,0.0493662,0.0453074,0.0329362,0.0559262,0.042764,0.0350916,0.0428476,0.0360366,0.0398578,0.0538018,0.0401848,0.0529592,0.0441018,0.045596,0.036822,0.0354282,0.05475,0.0358056,0.0390834,0.030554,0.0497578,0.037474,0.048066,0.0452722,0.048217,0.0799412,0.0444996,0.0454046,0.047889,0.039861,0.0458614,0.0356668,0.0421436,0.0271086,0.0622402,0.0294666,0.0455878,0.0553046,0.0444738,0.0366986,0.0331134,0.0426758,0.0374838,0.0279566,0.0725778,0.0420216,0.0418362,0.0414262,0.0535454,0.0426986,0.042131,0.0467462,0.042589,0.03596,0.0524012,0.036451,0.0453894,0.0510704,0.0444944,0.0359262
0.038087,0.0374634,0.0378778,0.0378902,0.0451164,0.0505006,0.0386852,0.040832,0.0379158,0.0464236,0.048859,0.0515312,0.0318518,0.0453612,0.0456756,0.0496386,0.0450184,0.0336816,0.0563296,0.0429346,0.0344858,0.0433588,0.0368428,0.0405002,0.05435,0.0404556,0.0532488,0.0448498,0.046047,0.037256,0.0348832,0.0558968,0.0354228,0.0384936,0.0305648,0.0501412,0.0378178,0.0495418,0.0462284,0.0477948,0.0808564,0.0443,0.0460706,0.047937,0.0399844,0.0464036,0.0357898,0.0421612,0.0273972,0.0636264,0.0291094,0.0454106,0.0555762,0.0450578,0.0366966,0.0328608,0.0427824,0.0382126,0.0286286,0.0738154,0.0424398,0.0421426,0.041159,0.0537224,0.0424212,0.0423464,0.0475966,0.0431186,0.0356116,0.0527606,0.036594,0.0455118,0.0510714,0.0450716,0.0362078
0.038519,0.0376174,0.0383138,0.038032,0.0458952,0.0508386,0.0384752,0.0405276,0.037774,0.0465548,0.0499154,0.051708,0.0320878,0.0456446,0.0450988,0.050746,0.0451266,0.0335758,0.0578448,0.0430994,0.0356554,0.0443506,0.035982,0.0403374,0.0549534,0.0402808,0.0536058,0.0452206,0.046822,0.0371742,0.0357084,0.0571152,0.0357418,0.0392344,0.0301052,0.051331,0.038112,0.0497252,0.0464928,0.0478478,0.0818524,0.0444578,0.0465418,0.0482076,0.0411074,0.0458194,0.0357846,0.0422492,0.0271794,0.0643488,0.0291794,0.0453896,0.0552826,0.0461374,0.0361498,0.0332544,0.0427854,0.0382094,0.0287844,0.0741976,0.0422256,0.0425322,0.041665,0.0549978,0.042285,0.0426058,0.0480198,0.0432818,0.0359106,0.0534896,0.0360536,0.0455904,0.0523508,0.0446172,0.0366434
0.0387754,0.0373906,0.038067,0.0388626,0.0456642,0.0515582,0.0387266,0.0404554,0.0372414,0.04654,0.050371,0.0514084,0.0324954,0.045998,0.0466286,0.0510376,0.0451932,0.0337548,0.0590504,0.0429796,0.0353438,0.0449874,0.0366722,0.0404448,0.0555778,0.0399554,0.0541654,0.0459546,0.0482912,0.0376694,0.0347472,0.0572524,0.0357238,0.039604,0.0309112,0.0521412,0.0382222,0.0500656,0.0467626,0.0484258,0.083686,0.0444956,0.0465638,0.0479494,0.0416172,0.0466094,0.0355082,0.0422474,0.027034,0.0644504,0.0300138,0.0462144,0.0555782,0.0464462,0.0360572,0.0332266,0.0430354,0.0387516,0.0286468,0.0744214,0.043003,0.0431638,0.0421266,0.0554428,0.0424104,0.0428366,0.0481122,0.0431884,0.0358346,0.0537494,0.0359668,0.0457878,0.052804,0.0456864,0.0364096
0.038607,0.037895,0.0385122,0.0407136,0.0453576,0.052695,0.0396736,0.0394166,0.0380912,0.0469042,0.0513202,0.0510382,0.0334168,0.0453474,0.0460712,0.0521242,0.0450558,0.034336,0.058993,0.0434386,0.0350154,0.0453998,0.0368102,0.0400878,0.055938,0.040278,0.0552492,0.0453478,0.0477762,0.0371516,0.035875,0.0580138,0.0358336,0.0403896,0.0310552,0.052043,0.0383748,0.050567,0.0461328,0.0492204,0.0846126,0.0448526,0.047592,0.0479106,0.042186,0.0468832,0.0360068,0.0426914,0.0271592,0.0655012,0.0305614,0.046563,0.0558302,0.0460854,0.0359226,0.0328128,0.0434012,0.0392006,0.029029,0.074019,0.0440644,0.0428544,0.0421554,0.0564552,0.0427434,0.0423898,0.0478854,0.0440796,0.0363716,0.0540312,0.03665,0.0466016,0.0528624,0.0453228,0.0360588
0.0389414,0.0381808,0.0376534,0.0405068,0.0457602,0.051569,0.0404754,0.0399666,0.0381994,0.0473814,0.0525408,0.0517684,0.033535,0.045137,0.046634,0.0528898,0.0455442,0.0353772,0.0592824,0.0432134,0.0353776,0.045683,0.0370588,0.0405656,0.057263,0.0402966,0.0556284,0.0453786,0.0491612,0.0371194,0.0359418,0.0581212,0.0357394,0.0406732,0.0309036,0.0529466,0.0385264,0.0512184,0.0470914,0.049892,0.0851506,0.0448582,0.0480632,0.0479624,0.0426268,0.046844,0.0363492,0.042721,0.0273818,0.065241,0.030234,0.047676,0.0560688,0.0465124,0.0364752,0.0331566,0.0433192,0.0392812,0.0288144,0.0749578,0.0450898,0.0425896,0.0420942,0.0572854,0.043367,0.0425646,0.048562,0.0435762,0.0362516,0.0551216,0.0368598,0.0466316,0.053325,0.0462406,0.0362536
0.0393098,0.0384444,0.0378268,0.0413624,0.0460726,0.0522346,0.041197,0.040214,0.0389548,0.0474684,0.0529136,0.0520842,0.0344222,0.045436,0.0466196,0.0533688,0.0464582,0.0354034,0.0600864,0.0433564,0.0357814,0.0458418,0.0374696,0.0407878,0.0578436,0.0405216,0.0570124,0.0461416,0.049997,0.037314,0.0365154,0.0584448,0.0356186,0.0404858,0.031518,0.0539842,0.0391522,0.0510854,0.0465402,0.0491432,0.085848,0.0451896,0.0481024,0.048069,0.0444766,0.04685,0.0368166,0.043207,0.0272948,0.0661184,0.0305274,0.0477012,0.0560044,0.047138,0.0376818,0.0328286,0.0439386,0.0393082,0.0289838,0.0756764,0.044952,0.0437166,0.0429738,0.0585118,0.0427994,0.0427656,0.0480906,0.043266,0.0365376,0.0573462,0.0370714,0.0466968,0.0531874,0.0470072,0.0366766
0.0399766,0.0384206,0.0377722,0.0408098,0.0459714,0.0521012,0.041344,0.0410038,0.0385574,0.0476126,0.0521046,0.052156,0.0347532,0.0451876,0.0469642,0.0539566,0.0469496,0.0352532,0.0610394,0.0435404,0.0362358,0.047049,0.0367094,0.041649,0.059423,0.0401438,0.0569436,0.0468922,0.0504196,0.0372866,0.0372418,0.0592738,0.0355288,0.041671,0.0313202,0.0553722,0.0389436,0.0505266,0.047019,0.0491342,0.0844436,0.0438412,0.0480516,0.04824,0.0436368,0.0467138,0.0369894,0.0419274,0.0274812,0.0666974,0.031206,0.0481336,0.0564874,0.0477156,0.0375614,0.032691,0.0439274,0.0394532,0.0291288,0.0769984,0.0444514,0.043951,0.0435724,0.0599174,0.0432018,0.0432164,0.0482192,0.0432134,0.0367274,0.057637,0.0372136,0.0474206,0.0532556,0.0477724,0.0375348
0.0392788,0.038573,0.0380778,0.0414402,0.046483,0.0528156,0.0420024,0.041089,0.0386986,0.0481616,0.052463,0.0523944,0.0349362,0.0447942,0.0469334,0.0538326,0.0468054,0.0351094,0.0621968,0.0438084,0.0363256,0.0475126,0.0374824,0.04237,0.0621742,0.0397972,0.0573824,0.04809,0.0510406,0.037128,0.036734,0.059459,0.0358272,0.0416816,0.0316538,0.0560954,0.0393386,0.0503588,0.047767,0.0494802,0.0864554,0.0438622,0.048482,0.0471828,0.0441332,0.0469064,0.0371974,0.0425468,0.0271788,0.068188,0.031239,0.0485938,0.056423,0.047856,0.0376294,0.0325332,0.0446392,0.0398664,0.029102,0.0782384,0.0443766,0.0440782,0.0433108,0.0601062,0.0431904,0.0426604,0.0491316,0.043289,0.037241,0.0586064,0.0373466,0.047864,0.0534292,0.0477512,0.0376074
0.0391164,0.0386522,0.0378766,0.04141,0.0460086,0.0527264,0.0415006,0.040897,0.0399972,0.0481742,0.0545418,0.0527234,0.0351658,0.0453502,0.0480082,0.0542028,0.0469012,0.0355908,0.0618104,0.0438688,0.0360886,0.0480108,0.0386742,0.0424088,0.0622032,0.0392136,0.0579106,0.0478174,0.0519362,0.0375874,0.0369514,0.0605318,0.036128,0.0421692,0.0312526,0.056795,0.0394844,0.0511418,0.0491996,0.0507342,0.0883086,0.045174,0.0484352,0.0463174,0.0438172,0.0480016,0.0373638,0.0436116,0.02725,0.0685572,0.0310364,0.048971,0.0562368,0.0475234,0.0372646,0.0320778,0.0443584,0.0400902,0.0296288,0.078514,0.0444022,0.0446598,0.043116,0.0591114,0.0430244,0.0434654,0.0493634,0.0429682,0.0383236,0.0593466,0.0369006,0.048401,0.0534642,0.0481812,0.0369902
0.0394774,0.038716,0.038151,0.0415202,0.0470964,0.0530626,0.042375,0.0405224,0.0402006,0.0480672,0.0554736,0.0533716,0.0357942,0.0441218,0.0476858,0.0543228,0.0467626,0.0351522,0.0619194,0.0435536,0.0361412,0.0479198,0.0391354,0.0420102,0.0625696,0.0396856,0.0585416,0.0485722,0.0526722,0.038377,0.0373684,0.0615306,0.035513,0.0431756,0.0319504,0.0583696,0.0393208,0.0520186,0.0488568,0.051018,0.0880622,0.0461728,0.04813,0.0458564,0.0439928,0.048161,0.0371546,0.0461586,0.0278702,0.0690522,0.0306942,0.0501626,0.056598,0.0480318,0.03733,0.032377,0.0445736,0.0402246,0.0304572,0.0796784,0.0440012,0.0451742,0.0432348,0.0594742,0.0428092,0.0432412,0.050404,0.0423922,0.037978,0.0611854,0.0366168,0.0485766,0.0541186,0.0485096,0.0374054
0.0398786,0.0385902,0.0391164,0.0421578,0.0470348,0.0528994,0.0428334,0.0404674,0.040433,0.0488444,0.056189,0.0535186,0.0361588,0.0451006,0.0470322,0.0541754,0.047133,0.0352752,0.0625432,0.0432946,0.0361418,0.048644,0.0385914,0.0409938,0.06287,0.040256,0.0602232,0.0491468,0.0530834,0.0383128,0.0383892,0.0635476,0.0359702,0.0435944,0.0318544,0.06046,0.0394938,0.0529296,0.0491366,0.052056,0.087671,0.0462268,0.0474732,0.0466718,0.0442818,0.0480068,0.037659,0.0461558,0.027531,0.0702592,0.0300564,0.050922,0.0576744,0.048041,0.0374748,0.0328398,0.0448738,0.040825,0.0300714,0.0820014,0.0435048,0.044672,0.0426126,0.0596388,0.042659,0.0436064,0.0508798,0.0423082,0.0383632,0.0613396,0.0365614,0.0489838,0.0541278,0.048407,0.0376028
0.040486,0.0390794,0.038698,0.0426636,0.046659,0.0539106,0.0428338,0.0405478,0.0403858,0.0488152,0.0572286,0.0534504,0.0359704,0.0455338,0.0464156,0.054465,0.0470976,0.035741,0.0637238,0.0440374,0.0362304,0.049408,0.0391702,0.040792,0.0634644,0.040511,0.0606046,0.0488398,0.0535798,0.0385474,0.0400826,0.0636036,0.0362292,0.0442474,0.0324138,0.0612234,0.040191,0.052542,0.0497092,0.0518448,0.0889792,0.0467334,0.048358,0.0465816,0.0442282,0.04861,0.037877,0.0458056,0.0280898,0.0702552,0.0301156,0.051355,0.057362,0.0480948,0.0374598,0.0329854,0.0453066,0.0409106,0.031019,0.0821434,0.0440296,0.0446194,0.042746,0.0598904,0.0425716,0.0436872,0.0519034,0.0432784,0.0380558,0.0621406,0.036964,0.0495946,0.0554612,0.0499756,0.0375832
0.0417818,0.0390462,0.0385652,0.0440264,0.0463186,0.0543762,0.0435854,0.0413066,0.0409268,0.0489688,0.0571562,0.0540772,0.0365966,0.0461174,0.04652,0.0545248,0.0474242,0.035804,0.0642174,0.0440434,0.0363812,0.0491294,0.039465,0.0414676,0.0635088,0.0411022,0.0611742,0.0494086,0.0548656,0.0387432,0.040907,0.0653048,0.0366412,0.0451112,0.0328802,0.061873,0.0409454,0.0530078,0.0491322,0.05182,0.0897178,0.0464198,0.0487556,0.0469008,0.044254,0.0485026,0.0387712,0.0477036,0.0275782,0.0708058,0.0301298,0.0516586,0.057764,0.0481634,0.03762,0.0327614,0.0458956,0.0414648,0.031858,0.0832758,0.0440084,0.0444364,0.0436334,0.0596078,0.0428656,0.0438884,0.052629,0.0436594,0.0380048,0.0624526,0.0364692,0.0489606,0.0555316,0.0503198,0.0381166
0.0415732,0.039167,0.039265,0.0447244,0.0459514,0.053919,0.043014,0.041877,0.0407696,0.0489196,0.057195,0.0547418,0.036834,0.0473154,0.046273,0.0552098,0.0477286,0.036156,0.0642808,0.0438498,0.0365588,0.0492578,0.0393578,0.0415354,0.0641838,0.041232,0.0610656,0.049998,0.0558696,0.0393366,0.0404596,0.0665442,0.036186,0.0451978,0.0323614,0.0628832,0.0401576,0.0533934,0.0493016,0.0528598,0.0896936,0.046353,0.0490172,0.0476916,0.0447658,0.0493524,0.039032,0.0478954,0.027764,0.0716854,0.02995,0.051512,0.0574536,0.0484236,0.0382226,0.0326608,0.0470388,0.0408872,0.0319564,0.0836394,0.0447834,0.0444574,0.0427666,0.0603754,0.0435926,0.0438136,0.0533738,0.0438994,0.0380318,0.0633076,0.0371778,0.0498456,0.0561544,0.0516848,0.0386708
0.0422068,0.040187,0.0398186,0.0448436,0.0459638,0.0550696,0.0429728,0.0418976,0.041539,0.0494952,0.0571252,0.0556626,0.0372814,0.046997,0.0469032,0.0547316,0.0479158,0.0367428,0.0651112,0.0441458,0.036781,0.0499662,0.0398384,0.0421358,0.0640062,0.0414308,0.0618488,0.0491576,0.05612,0.0388468,0.0401974,0.0676418,0.0363032,0.0455358,0.0326586,0.0638824,0.0413622,0.0537698,0.0499072,0.0530908,0.0904956,0.0471434,0.0496974,0.048107,0.0444776,0.0502044,0.0405366,0.048908,0.0286142,0.0715116,0.0299004,0.0516686,0.0561656,0.047927,0.0385676,0.0327584,0.0464834,0.0409346,0.0315582,0.0834542,0.045344,0.0451308,0.042626,0.060514,0.043297,0.0455392,0.05373,0.0440514,0.0376278,0.0644956,0.037433,0.0495322,0.0558128,0.0528962,0.0386996
0.0422066,0.0396284,0.0402836,0.0443984,0.0467456,0.0551386,0.0434948,0.0423002,0.0417436,0.0495844,0.0578286,0.0557388,0.037152,0.0473272,0.0475054,0.054533,0.047304,0.0357526,0.0657276,0.0444896,0.0369618,0.049539,0.0393998,0.0422534,0.0644208,0.0418476,0.0627486,0.0499764,0.0573996,0.0389594,0.040143,0.069105,0.0362008,0.0458904,0.0321782,0.0640904,0.041945,0.0541304,0.0495838,0.0537636,0.0910642,0.0474048,0.0490706,0.0481288,0.0447144,0.050044,0.0404398,0.0489254,0.0283056,0.0723792,0.0294202,0.052132,0.0556808,0.0481138,0.0388672,0.0333554,0.046765,0.0411492,0.031649,0.082957,0.0455858,0.0449462,0.0426634,0.0618702,0.043501,0.0459656,0.052731,0.0445096,0.037727,0.0643392,0.0376702,0.0489578,0.0566664,0.0537308,0.0385406
0.042353,0.0401804,0.0398966,0.044895,0.0473312,0.0553228,0.0430442,0.041704,0.0420884,0.0501408,0.0584322,0.0555586,0.0374384,0.0476562,0.047656,0.0548276,0.0471236,0.0362412,0.0662874,0.0442578,0.0375732,0.0504808,0.0393308,0.0429496,0.0645482,0.0421584,0.0630746,0.0494624,0.0577562,0.0392572,0.0404208,0.0706332,0.0363668,0.0460436,0.0323952,0.0649676,0.0416078,0.0542464,0.0497738,0.0547828,0.092352,0.0475698,0.0494814,0.048263,0.0456668,0.050264,0.0404558,0.048545,0.0278128,0.073217,0.0293508,0.052369,0.054446,0.0493078,0.0392948,0.0334738,0.0475924,0.041141,0.032703,0.0838394,0.0456748,0.0441312,0.0431194,0.0628756,0.043702,0.0457796,0.0532458,0.045137,0.0373304,0.0650252,0.0376434,0.048737,0.0572316,0.0554406,0.0384186
0.0434228,0.0398,0.0401826,0.0456782,0.0471052,0.0547516,0.0431108,0.0423288,0.0418422,0.0501758,0.0580834,0.0555142,0.0388894,0.0474566,0.0478712,0.0568942,0.0469494,0.0365212,0.0669792,0.0443352,0.0384762,0.0518018,0.0395288,0.0426478,0.0648968,0.04185,0.0628636,0.0503058,0.057246,0.0396394,0.0407512,0.0718848,0.03629,0.045685,0.0318502,0.0667696,0.0422952,0.0537676,0.050824,0.0553462,0.0921624,0.0471992,0.0500138,0.0483454,0.0462742,0.0513298,0.040623,0.048847,0.0284124,0.0733348,0.0295614,0.052656,0.0547956,0.049043,0.0387056,0.0338826,0.0470216,0.040695,0.0334044,0.0840304,0.046464,0.0444748,0.0440714,0.0631584,0.0435712,0.0464302,0.0551594,0.0454644,0.0375648,0.065504,0.0378674,0.0488652,0.058283,0.0559986,0.0391422
0.0431356,0.0400008,0.0408676,0.046442,0.0477836,0.0555306,0.042744,0.0427894,0.0415204,0.0508802,0.0589618,0.0559184,0.0394612,0.0486486,0.0482584,0.0572686,0.0473462,0.035662,0.0675578,0.0436456,0.0390966,0.0517958,0.0392854,0.0415344,0.065529,0.0409944,0.0634376,0.051394,0.0582644,0.0392826,0.0404976,0.073828,0.036932,0.0458692,0.0315512,0.0670304,0.0423882,0.0543028,0.0516628,0.0553114,0.0938486,0.046579,0.0506754,0.0480632,0.046726,0.0522542,0.0408672,0.0495062,0.028148,0.0724952,0.0291424,0.0522418,0.0559526,0.0494006,0.0388348,0.0336486,0.0471838,0.0402318,0.0338482,0.0861754,0.0466676,0.0455854,0.0434942,0.0635218,0.0427424,0.0460696,0.0559016,0.0451436,0.0377246,0.0660878,0.0378962,0.0492714,0.058631,0.0562488,0.0386922
0.0440228,0.0403352,0.0402558,0.0467056,0.0472722,0.0559848,0.0432874,0.0426008,0.041444,0.0503554,0.05947,0.0558876,0.0393928,0.0483378,0.047723,0.0586654,0.0478982,0.0361976,0.0683596,0.0448524,0.0390706,0.0524718,0.0395182,0.0407938,0.0658458,0.0407944,0.06298,0.0524488,0.058487,0.0384796,0.0404138,0.075208,0.0362752,0.0458656,0.0316586,0.06889,0.0426466,0.0546226,0.050658,0.0549052,0.0939068,0.047144,0.0512966,0.0480888,0.0465908,0.0522272,0.040897,0.0495038,0.0278952,0.073371,0.029052,0.0529664,0.055984,0.0499686,0.0381392,0.0338944,0.0469404,0.041449,0.033406,0.0867784,0.047296,0.0454826,0.0429834,0.0636684,0.04286,0.0464672,0.057081,0.045545,0.0379832,0.067682,0.0378856,0.048554,0.059427,0.0564202,0.0391814
0.0443968,0.039686,0.040503,0.0468436,0.0469362,0.0557646,0.0436024,0.0436146,0.0418072,0.0509354,0.0599272,0.0553894,0.0390414,0.0479788,0.048115,0.0588052,0.0473724,0.0369254,0.0684804,0.044688,0.039416,0.0525736,0.0395566,0.0416082,0.0653468,0.0407032,0.0646998,0.0523788,0.0600594,0.0391736,0.0405996,0.0763514,0.0365762,0.0453808,0.0319398,0.0700106,0.043145,0.0549674,0.0506974,0.0564602,0.0943688,0.0472446,0.0519042,0.0482134,0.0460744,0.0523418,0.0404338,0.0498854,0.0280832,0.075016,0.028971,0.0537828,0.0557586,0.0507274,0.0391354,0.0340636,0.0477028,0.0415724,0.0330778,0.0864452,0.0469524,0.045731,0.041722,0.0636974,0.0430078,0.0472732,0.058047,0.0462294,0.0377302,0.0677648,0.0380308,0.0480746,0.0600722,0.0563736,0.0396646
0.044345,0.039554,0.042216,0.0468894,0.0471576,0.0558858,0.0440544,0.0444878,0.041788,0.0517494,0.060219,0.0551698,0.0396046,0.0480272,0.0478864,0.0590872,0.047333,0.0369762,0.0699462,0.0450228,0.0390646,0.0524576,0.0389802,0.0407682,0.0661512,0.0408026,0.0650148,0.0537432,0.0605958,0.0391276,0.0406478,0.0776094,0.0366838,0.0455958,0.0321644,0.0711694,0.042233,0.0548688,0.0513972,0.0576042,0.0941008,0.04649,0.0520414,0.0488712,0.0460314,0.0532438,0.0405896,0.0491534,0.028067,0.0758864,0.028656,0.0537352,0.0562756,0.0503526,0.0386206,0.0346384,0.0471206,0.041843,0.0331796,0.0873144,0.0468502,0.045943,0.0420732,0.0639254,0.042457,0.047752,0.0575856,0.0458956,0.0381084,0.0691386,0.0381644,0.0481776,0.0598494,0.0573026,0.0395928
0.043822,0.039312,0.0421804,0.0470004,0.0472078,0.0554304,0.0446074,0.044495,0.0415844,0.0517486,0.0600976,0.0542234,0.0397658,0.0481172,0.0471192,0.0587588,0.0481618,0.0371444,0.070094,0.0457268,0.0387972,0.0523188,0.0394636,0.0408514,0.0663976,0.0411536,0.0648614,0.0538304,0.0630008,0.0396412,0.0407294,0.0791888,0.0368204,0.0457442,0.0316676,0.0722148,0.0421936,0.0556624,0.050609,0.0579122,0.0944918,0.046593,0.0522478,0.0478306,0.046596,0.0540332,0.0398066,0.0499574,0.0281864,0.077175,0.0291394,0.0535542,0.0566866,0.0512176,0.0383874,0.0345844,0.0468828,0.0421438,0.0330504,0.0857836,0.0470436,0.0467558,0.0419844,0.0646534,0.0425282,0.0482936,0.058274,0.045635,0.0376126,0.0703242,0.0376408,0.0481256,0.0594924,0.0580614,0.0396748
0.0439208,0.0393698,0.042119,0.0475864,0.0470618,0.055574,0.0447438,0.0445618,0.0405398,0.0520292,0.0606282,0.0549206,0.0405934,0.0491472,0.0482086,0.05878,0.0484218,0.0374178,0.0706454,0.0448756,0.0388712,0.0532968,0.0399808,0.0418702,0.0663018,0.0412376,0.0648872,0.0526638,0.0639196,0.0395768,0.0409322,0.0800334,0.0360766,0.0462186,0.0313482,0.0733504,0.0422068,0.05611,0.0521452,0.0583774,0.0953528,0.0464436,0.0523574,0.0480624,0.0463136,0.0561366,0.0402352,0.0501132,0.0277318,0.0775876,0.0292974,0.053225,0.0570998,0.0518536,0.0376884,0.035561,0.0472888,0.0429472,0.032594,0.0869502,0.0470414,0.0460084,0.0423052,0.0651108,0.042182,0.048381,0.0585232,0.0455502,0.0385544,0.0716496,0.0376536,0.047757,0.0596144,0.0587072,0.0393664
0.0424308,0.0387132,0.0426236,0.0470178,0.0486538,0.0565486,0.0446872,0.0447992,0.0418796,0.051661,0.0611192,0.0554032,0.0416344,0.0494562,0.0486106,0.0587332,0.0485402,0.0387238,0.0709676,0.0450264,0.0391334,0.0533936,0.0402486,0.041825,0.0659662,0.0409376,0.067411,0.0522928,0.0645592,0.0398098,0.0419252,0.0815512,0.0359932,0.046318,0.0318348,0.0744354,0.0427268,0.0566846,0.0528786,0.0581648,0.095506,0.0473626,0.0522762,0.0484236,0.045784,0.0558348,0.0417456,0.0522902,0.028262,0.0787166,0.029762,0.0532512,0.0569698,0.0521752,0.0373594,0.0355176,0.0484184,0.043062,0.0331146,0.086539,0.0469016,0.0463494,0.0426588,0.0652874,0.0426232,0.0485652,0.058608,0.0458522,0.0381284,0.071764,0.038484,0.0479332,0.0590204,0.0582824,0.039962
0.0426326,0.038579,0.042375,0.0477606,0.0491226,0.0566064,0.0454152,0.0444584,0.0422046,0.0516764,0.0610872,0.0552368,0.0419632,0.049788,0.0483314,0.0593152,0.0482244,0.0382268,0.0714808,0.0455332,0.0393116,0.0534548,0.039948,0.0424046,0.0666574,0.0409822,0.0667018,0.052282,0.0665524,0.0402484,0.0420854,0.0826856,0.0355844,0.0466702,0.0319184,0.0743516,0.0423984,0.0569662,0.053822,0.0576844,0.095145,0.0478944,0.053497,0.0489048,0.0458832,0.0557528,0.0422128,0.0528868,0.0287182,0.0777764,0.029825,0.0545678,0.0566954,0.0517682,0.0377068,0.0354688,0.0495502,0.0437626,0.0335774,0.086992,0.0463708,0.0469454,0.0424846,0.0650736,0.0428414,0.049194,0.0594534,0.045285,0.0380158,0.071839,0.0380332,0.0476534,0.0604116,0.0602386,0.0397542
0.0443202,0.0383578,0.0425176,0.0476744,0.0493294,0.0586318,0.0459074,0.0450466,0.0417392,0.0512804,0.060485,0.0553932,0.0426972,0.049976,0.0484424,0.0602254,0.0475814,0.0391724,0.0726554,0.0447028,0.0387304,0.0527408,0.0404966,0.0429426,0.0651426,0.0404366,0.0666872,0.0520262,0.068291,0.0400138,0.0417174,0.0839512,0.0359618,0.0467728,0.032544,0.0752756,0.0432832,0.0573274,0.0542428,0.0578734,0.09521,0.0483686,0.0541394,0.049173,0.046137,0.0571358,0.0425042,0.0523162,0.028327,0.078583,0.0301354,0.0543674,0.056793,0.0510786,0.038277,0.0353018,0.0495298,0.0433472,0.0334956,0.0874808,0.0472238,0.047348,0.0424194,0.0654434,0.0437184,0.0501638,0.058897,0.0452568,0.0386246,0.0720862,0.037858,0.0475856,0.0605134,0.0609244,0.0403206
0.0447302,0.0388962,0.0433184,0.0479896,0.0497252,0.057353,0.046016,0.0456192,0.04257,0.0507972,0.060682,0.0553086,0.0427142,0.0499164,0.0487422,0.060198,0.0467696,0.0386416,0.0727788,0.0451022,0.038737,0.0521244,0.0410438,0.0432054,0.0658804,0.0407372,0.066819,0.0516504,0.0673228,0.0400262,0.0421114,0.0842118,0.0351834,0.0460902,0.0324714,0.0766896,0.0429874,0.0580166,0.0550472,0.0584542,0.0956048,0.0484302,0.0553118,0.0489164,0.0464024,0.0572256,0.0428632,0.0520842,0.0284114,0.0788016,0.0308064,0.0547102,0.0569662,0.0506888,0.0380754,0.0350696,0.0495866,0.043041,0.033249,0.0885742,0.0469446,0.04697,0.0416212,0.0656954,0.0437408,0.0491654,0.0591934,0.0451782,0.0376532,0.0720702,0.036871,0.0475176,0.0602752,0.060564,0.0401518
0.0456382,0.0377882,0.0430328,0.048702,0.0479884,0.0584024,0.0453322,0.0460938,0.0419042,0.0514296,0.0600304,0.055496,0.043621,0.0504492,0.0500454,0.0610236,0.0468616,0.0381008,0.072374,0.0453328,0.0390482,0.052494,0.0421616,0.042716,0.0662218,0.0400362,0.066569,0.0517332,0.0689192,0.0401794,0.042463,0.0850982,0.035366,0.045984,0.0326734,0.07829,0.0422878,0.0582844,0.0553346,0.0589154,0.094693,0.0481668,0.0552698,0.0491146,0.0461706,0.0569914,0.0430724,0.0528314,0.0297046,0.080171,0.0313738,0.0545414,0.0573948,0.051471,0.0382066,0.0353344,0.0499802,0.0432594,0.033029,0.0877338,0.0464466,0.0478566,0.041201,0.0666142,0.0434052,0.0498012,0.060044,0.045803,0.0377812,0.0722592,0.0370362,0.0474378,0.0628044,0.059845,0.0398932
0.0462294,0.0380076,0.0430132,0.0498222,0.048002,0.0579412,0.045527,0.0470604,0.041762,0.0519004,0.060524,0.055187,0.0448414,0.0506662,0.0505242,0.0603228,0.047217,0.0384576,0.073354,0.047074,0.0393526,0.0521628,0.0427032,0.0422312,0.0673078,0.039277,0.06774,0.051886,0.0690204,0.0403712,0.0432406,0.088277,0.0354522,0.046288,0.0330136,0.0792146,0.0429478,0.0578658,0.056127,0.0585288,0.09492,0.047428,0.0551346,0.049695,0.0462798,0.0572226,0.0431762,0.0533964,0.0293564,0.0807328,0.0315044,0.0540832,0.0574948,0.0522878,0.0378332,0.0356196,0.0492376,0.0437144,0.0338812,0.087936,0.0465476,0.0486252,0.041345,0.066664,0.0435812,0.0505702,0.0608224,0.0455478,0.037058,0.0724452,0.037334,0.0473978,0.063773,0.0601642,0.0397804
0.0465474,0.0383164,0.0433498,0.0500112,0.0487186,0.0576672,0.0469168,0.0470854,0.0417986,0.0522648,0.0618924,0.055682,0.0449644,0.0505322,0.0507666,0.0626076,0.0467074,0.0383902,0.0735734,0.0476912,0.0399426,0.0536702,0.0422628,0.0428768,0.0674062,0.0393314,0.0691282,0.0515564,0.0709002,0.0406502,0.0430108,0.0889734,0.034863,0.0463904,0.0327862,0.0792506,0.0428716,0.058408,0.0554356,0.0593138,0.0939676,0.047994,0.0573996,0.0498278,0.0465904,0.0578882,0.0432692,0.0535654,0.0297766,0.0811222,0.032016,0.0547602,0.0578656,0.0526226,0.0379242,0.0349122,0.0497872,0.044056,0.0337464,0.0879846,0.0464672,0.0484226,0.0413178,0.06582,0.0438362,0.0506332,0.0593534,0.0458294,0.0374474,0.0730524,0.0378058,0.0480192,0.0644162,0.0597808,0.0388044
0.0461742,0.038316,0.0428578,0.0506526,0.0484692,0.0580534,0.0461244,0.0470346,0.0422052,0.05301,0.0616638,0.0558666,0.0455618,0.0508626,0.0501246,0.0620544,0.046587,0.03777,0.0743976,0.0482898,0.0391164,0.0533462,0.0423074,0.0429766,0.0678692,0.0392756,0.069258,0.0512904,0.0721806,0.0408344,0.042888,0.0892716,0.0354392,0.0471214,0.0330912,0.0803424,0.043008,0.0585842,0.0556118,0.0595422,0.0932648,0.0479836,0.0575814,0.050066,0.046644,0.0577982,0.0432798,0.0532916,0.0300076,0.0817972,0.0314938,0.0547364,0.058247,0.0542006,0.0375358,0.0351366,0.050423,0.0438258,0.0335872,0.088199,0.0462312,0.0490028,0.0409562,0.0656298,0.0436628,0.0508194,0.0605018,0.0452878,0.0372236,0.0741178,0.0380486,0.0485124,0.0649772,0.0592382,0.0395342
0.0466634,0.0385288,0.0421244,0.0506202,0.0476178,0.057699,0.0462492,0.046362,0.0427064,0.052834,0.0625202,0.0565164,0.044845,0.0505554,0.0505682,0.0619204,0.0465866,0.0395606,0.074793,0.0479244,0.0392456,0.0541828,0.0429148,0.0440328,0.068395,0.0391046,0.0680716,0.0503846,0.0730754,0.040907,0.0436286,0.0916182,0.035888,0.0466416,0.0327862,0.0824858,0.0428876,0.0580416,0.0553144,0.059632,0.0931188,0.0474482,0.0577564,0.0494442,0.0460582,0.0585008,0.0442802,0.053307,0.0304914,0.0810556,0.0310592,0.0549448,0.0577114,0.0560536,0.0377156,0.035435,0.0512492,0.043438,0.0339492,0.0879318,0.0451274,0.0488638,0.0406728,0.0655618,0.043363,0.0509782,0.0602272,0.0461406,0.0379434,0.0733026,0.0383224,0.0485032,0.0659552,0.0584268,0.0388568
0.0468532,0.039285,0.0423484,0.0510578,0.047339,0.0582,0.0462732,0.0461764,0.0423566,0.0530036,0.0626874,0.0559036,0.0454838,0.0510818,0.0512842,0.0617598,0.0466782,0.0392262,0.0740238,0.0483396,0.040203,0.0543714,0.0426296,0.0445534,0.0684766,0.0395354,0.0688224,0.0508484,0.0732276,0.0403304,0.0435934,0.0941052,0.036407,0.0467458,0.0334184,0.0831194,0.0433732,0.0581908,0.0562118,0.0610058,0.0930648,0.0474098,0.058983,0.0498052,0.046503,0.0593192,0.0442396,0.0540306,0.0304614,0.0815364,0.0306106,0.0550256,0.0581322,0.0561446,0.0380426,0.0353292,0.0516718,0.043439,0.0336606,0.0899934,0.0459456,0.0489248,0.0417998,0.0664008,0.0435958,0.0507798,0.0612882,0.046388,0.0375202,0.0737534,0.0378786,0.0488854,0.0661546,0.0597018,0.038365
0.0477762,0.0384372,0.0427522,0.051086,0.0471946,0.058396,0.045121,0.046633,0.0418876,0.0527716,0.0625808,0.0567412,0.047102,0.0514608,0.0517174,0.0611862,0.0463186,0.0393928,0.0756778,0.0482772,0.0400548,0.054635,0.0426224,0.0440816,0.0692858,0.040306,0.0694348,0.0510678,0.0749246,0.03984,0.0435604,0.0956318,0.0372042,0.0474934,0.0337588,0.0848688,0.0439818,0.0585884,0.0561174,0.061393,0.0919696,0.0468866,0.05977,0.0500564,0.045632,0.0598194,0.0452014,0.054314,0.0302668,0.0815968,0.0306716,0.0561828,0.0578432,0.0561444,0.0371982,0.035825,0.0517294,0.0433636,0.033762,0.0901956,0.045196,0.0493272,0.0424074,0.0686366,0.042786,0.0509006,0.060166,0.045354,0.0376834,0.074917,0.0378512,0.048673,0.0660738,0.0600794,0.0387506
0.0477474,0.0382506,0.0416874,0.0516896,0.0459542,0.0587882,0.0437074,0.0475166,0.0419432,0.0534286,0.0621724,0.0559804,0.0471054,0.0522026,0.0518512,0.0616,0.047015,0.0389022,0.076937,0.0489256,0.0402362,0.0547596,0.0418756,0.0433858,0.070083,0.0403378,0.0704834,0.0506082,0.0771524,0.0409684,0.0434184,0.096121,0.0370888,0.0478808,0.033237,0.0881848,0.043324,0.0590964,0.0561838,0.062521,0.0941734,0.0468374,0.060152,0.0495388,0.0454768,0.0617988,0.0452088,0.0537102,0.0304042,0.0820406,0.0300808,0.056158,0.0572902,0.0565134,0.0373792,0.0348832,0.0517204,0.044144,0.0341192,0.0906274,0.0450704,0.048809,0.0423838,0.0695116,0.0429364,0.0520248,0.0614356,0.0458582,0.0379724,0.0756822,0.0377914,0.0485156,0.0680584,0.0604098,0.0374828
0.0479354,0.0389394,0.0406132,0.0515366,0.0451558,0.058717,0.0444002,0.0483376,0.042809,0.0537582,0.0618246,0.0558662,0.0474184,0.0522144,0.051393,0.0610616,0.0473298,0.0393492,0.078255,0.0476494,0.0412496,0.0562758,0.0421184,0.044021,0.0705768,0.0407924,0.0708874,0.0512782,0.0778792,0.040831,0.0443546,0.097489,0.0365572,0.0487756,0.0329526,0.0891282,0.043965,0.0598922,0.05702,0.06291,0.094746,0.0469402,0.0610132,0.0493494,0.0459236,0.0621542,0.0451462,0.0542236,0.0307848,0.0830168,0.030046,0.0566884,0.0578636,0.057381,0.0371208,0.0347454,0.0522336,0.0450616,0.0335848,0.0901414,0.0458814,0.0490296,0.042105,0.0687954,0.0427482,0.0526378,0.0612258,0.0453126,0.038401,0.075432,0.0381668,0.0486312,0.0691524,0.0602816,0.037684
0.0490344,0.0385778,0.0406666,0.051939,0.0457776,0.05865,0.0442878,0.0486902,0.0435706,0.0550464,0.0634002,0.0560818,0.0476002,0.0517228,0.0513526,0.0617598,0.0462814,0.0398138,0.0789146,0.0480094,0.0415034,0.0558202,0.0423316,0.0449764,0.0707914,0.0411498,0.0706016,0.051491,0.0779342,0.041061,0.0445508,0.0986354,0.0363664,0.0496592,0.0336004,0.088088,0.0458264,0.0595684,0.0579354,0.0625076,0.0953584,0.0464946,0.0623162,0.0487598,0.0461568,0.0620594,0.0451608,0.054578,0.0303138,0.0828842,0.0303944,0.0565374,0.0578124,0.0584042,0.037816,0.0343144,0.0526282,0.0445718,0.0336484,0.089707,0.0464004,0.0489968,0.0434696,0.0695088,0.0438368,0.0526912,0.062753,0.0454602,0.0381576,0.0756644,0.0377326,0.049107,0.0691542,0.059796,0.0374834
0.0501998,0.0387168,0.0417302,0.0523702,0.0448292,0.059102,0.0442072,0.0487876,0.0426304,0.055101,0.0629814,0.0561038,0.0490596,0.0523626,0.0511128,0.0616264,0.0461894,0.040328,0.0787786,0.048269,0.0413576,0.0564864,0.042552,0.0456216,0.0709874,0.0406532,0.070479,0.0517542,0.0792192,0.0409252,0.0447022,0.098769,0.036706,0.0498156,0.0336678,0.0889496,0.0453002,0.060201,0.0586302,0.0625462,0.0959218,0.0465822,0.0625656,0.0499288,0.0467166,0.062348,0.0446392,0.0560278,0.0310264,0.0835852,0.0305398,0.056671,0.057055,0.0584474,0.038057,0.0347574,0.0524844,0.044688,0.0338428,0.0896832,0.0462816,0.0483978,0.0437318,0.0702154,0.0435526,0.0529096,0.062003,0.0457198,0.0379788,0.0764642,0.038361,0.0493524,0.0696704,0.0614522,0.0377186
0.050595,0.0388578,0.0420084,0.0524742,0.0443346,0.059189,0.0444282,0.0494974,0.0426496,0.0549242,0.0634612,0.055961,0.0488512,0.0522212,0.0513964,0.0620628,0.046724,0.040032,0.080031,0.0483948,0.0412002,0.0566912,0.0424726,0.044141,0.0708832,0.0402276,0.0715922,0.051963,0.0804256,0.0408468,0.0448238,0.0982306,0.0366376,0.049643,0.0342584,0.0896754,0.0459396,0.061421,0.0572392,0.0624396,0.0971092,0.0461626,0.06286,0.050463,0.0469676,0.0640236,0.0450914,0.0568572,0.0306466,0.0833358,0.0305902,0.0563438,0.0571014,0.0594156,0.037266,0.0352078,0.0525032,0.0449778,0.0336148,0.0912108,0.0470174,0.0485772,0.0439396,0.0699254,0.0430606,0.0526932,0.0619466,0.045644,0.0381386,0.0764036,0.0381668,0.0499812,0.0704662,0.0607526,0.0378262
0.0507696,0.0385776,0.0428756,0.0530736,0.0442026,0.059589,0.0445232,0.0495838,0.0429696,0.0542756,0.0636034,0.0556678,0.049204,0.0525748,0.0512844,0.062798,0.04717,0.0409146,0.0794962,0.0479088,0.041065,0.0569736,0.0423682,0.0450224,0.0716236,0.039532,0.071775,0.0528444,0.080796,0.041425,0.0440908,0.097936,0.0373224,0.0481094,0.0352758,0.0904658,0.0450846,0.0618642,0.0582746,0.0632842,0.0978688,0.0462986,0.0631576,0.0514902,0.0472576,0.0647222,0.0445724,0.0567242,0.0310482,0.0842666,0.0305362,0.0562962,0.0573564,0.0598502,0.0377514,0.0353768,0.0530776,0.0452662,0.0346876,0.0930866,0.0469408,0.0495602,0.0439986,0.070094,0.0429402,0.053053,0.0626808,0.0461326,0.039109,0.0762398,0.0379054,0.0490072,0.0712364,0.0622766,0.0386674
0.0506084,0.0395004,0.0427248,0.0532592,0.0437768,0.0594496,0.0454568,0.0498378,0.0436888,0.0535218,0.0640834,0.0555808,0.0499362,0.0528568,0.0514984,0.062248,0.0473738,0.0416204,0.0795592,0.0469542,0.042263,0.057626,0.0419438,0.044855,0.0719624,0.0388896,0.0718106,0.0534372,0.0818854,0.0403912,0.0451002,0.0985616,0.0378158,0.0479014,0.035668,0.0919284,0.045371,0.061044,0.0580416,0.0628218,0.0979382,0.0468682,0.0644498,0.0519394,0.0471858,0.064727,0.0446916,0.0573004,0.0306268,0.0852236,0.030783,0.0571712,0.0566722,0.0603572,0.0375462,0.035,0.0541372,0.0460654,0.0344922,0.0933774,0.0467536,0.0494238,0.0443398,0.0695692,0.0424612,0.0522116,0.0619608,0.0457524,0.039069,0.0750216,0.0385692,0.0486688,0.0714572,0.0624708,0.0386552
0.0509722,0.0400154,0.0426708,0.0552226,0.0439728,0.0602882,0.0453784,0.050787,0.043542,0.0545094,0.06367,0.0557274,0.050959,0.0530338,0.0512152,0.0632456,0.0466016,0.0417318,0.0801638,0.0486102,0.042079,0.0584092,0.0424138,0.0452596,0.072027,0.0396434,0.071744,0.0531864,0.0824346,0.0396624,0.045088,0.1002376,0.037918,0.0481568,0.0351146,0.092259,0.0449666,0.0613932,0.058606,0.0624674,0.098452,0.0464844,0.0644404,0.0516982,0.0473448,0.0659018,0.0447494,0.0588682,0.0310406,0.0843106,0.030608,0.0585884,0.0565562,0.0596704,0.037684,0.034841,0.0543282,0.0460138,0.0348904,0.0946918,0.0472836,0.0494574,0.0442354,0.0692542,0.04297,0.051579,0.0622024,0.0458324,0.0390642,0.0761946,0.0381736,0.0484044,0.071634,0.0629232,0.0381428
0.0517766,0.0391532,0.0432778,0.0557974,0.0441084,0.0614428,0.0453028,0.0513324,0.0432356,0.054078,0.0641686,0.054388,0.0514852,0.054137,0.0506956,0.0639018,0.0464918,0.0415452,0.0800792,0.0479958,0.0424116,0.0590838,0.0424998,0.044543,0.0712092,0.0398958,0.0720326,0.0538902,0.084345,0.0389556,0.044804,0.100404,0.0384182,0.0495336,0.0347608,0.092789,0.045699,0.0611962,0.0588528,0.0629574,0.0996536,0.0461748,0.0658418,0.052006,0.047967,0.0666974,0.0449456,0.0593892,0.0305366,0.086032,0.0307498,0.0593692,0.0566064,0.0598398,0.0382232,0.0352312,0.053879,0.0460048,0.0348016,0.0953344,0.0469336,0.0487704,0.0434874,0.0694334,0.0431304,0.051872,0.0622936,0.0456134,0.0388888,0.0773296,0.0383558,0.0481454,0.0720744,0.0631152,0.0391948
0.052434,0.0383744,0.042569,0.0554996,0.0446648,0.061679,0.0450596,0.0508626,0.0431164,0.0552646,0.0648932,0.0550654,0.0511976,0.05346,0.0504828,0.0649616,0.0469354,0.0425262,0.0794668,0.0488634,0.0425314,0.0587502,0.0418236,0.0452466,0.0717484,0.0397184,0.0718128,0.0530094,0.0853012,0.038823,0.044854,0.1016448,0.039156,0.0491084,0.0350548,0.0920114,0.0449918,0.0606804,0.0586674,0.063028,0.0999948,0.046607,0.0662972,0.0514596,0.0484748,0.067252,0.0451402,0.0593742,0.03072,0.0858712,0.0309264,0.0589672,0.0567376,0.0607408,0.0380858,0.03526,0.055423,0.046807,0.0346244,0.096052,0.047398,0.0491494,0.0438974,0.0698866,0.042931,0.0517392,0.0634416,0.0453656,0.0392696,0.0773138,0.0381588,0.0483498,0.07243,0.0636616,0.0392282
0.053035,0.038719,0.0427214,0.0567786,0.0451422,0.061998,0.0440586,0.0526648,0.0427892,0.0553092,0.065346,0.054854,0.0511874,0.053061,0.0512442,0.0664728,0.0471606,0.0416306,0.0796812,0.04905,0.0428796,0.0590992,0.0419982,0.0446906,0.0726844,0.0405428,0.0714576,0.052766,0.0872678,0.0392934,0.044994,0.1008888,0.0398154,0.0490544,0.035052,0.0931658,0.0449932,0.0613242,0.0594614,0.0625078,0.099243,0.0468492,0.0684464,0.0515076,0.047796,0.068259,0.0456168,0.0593744,0.0305306,0.0865228,0.03001,0.0590078,0.0567204,0.0603922,0.0380712,0.0351752,0.0559816,0.0470414,0.0341988,0.0966768,0.0481516,0.049868,0.0435394,0.0697034,0.042856,0.0529438,0.0628142,0.045489,0.0387968,0.07779,0.0385464,0.048336,0.0737242,0.0652664,0.0391104
0.0537612,0.0389232,0.0423478,0.0570124,0.04553,0.0614208,0.0439942,0.052332,0.0433708,0.0542156,0.0653536,0.054461,0.0510604,0.0538082,0.050684,0.0663696,0.0466944,0.0423618,0.0807906,0.0498326,0.0424618,0.0592622,0.0429874,0.0444646,0.072673,0.0402958,0.071307,0.0523206,0.0871488,0.0394426,0.0448844,0.1020192,0.0395196,0.048823,0.0350046,0.092372,0.0459322,0.0619818,0.0600842,0.0628722,0.1016556,0.047052,0.0695656,0.0515726,0.047191,0.0691344,0.045533,0.0604126,0.0314228,0.0858578,0.0303902,0.058815,0.0571572,0.0607894,0.0377422,0.0357026,0.0555954,0.0463788,0.034254,0.097315,0.0478896,0.0495924,0.0430012,0.0705304,0.0430278,0.0526816,0.0638764,0.045707,0.039278,0.0789134,0.0383072,0.0491534,0.0745294,0.0674968,0.0388418
0.0547,0.0388652,0.042978,0.0569596,0.0447522,0.0624324,0.0444866,0.0529612,0.0436428,0.055123,0.0650796,0.0546396,0.051373,0.0533936,0.0502894,0.0670224,0.0466418,0.042153,0.079978,0.049799,0.0422696,0.0592524,0.0426152,0.0458016,0.072924,0.0411472,0.072613,0.0527854,0.0875544,0.038774,0.0453938,0.1032454,0.0408438,0.0501814,0.0350558,0.0921568,0.0460326,0.0625672,0.0592832,0.062471,0.1019856,0.047578,0.0703054,0.0510752,0.0469548,0.0695998,0.045797,0.0602904,0.0313636,0.0860022,0.0305008,0.0582964,0.0574668,0.0614976,0.0380728,0.035328,0.0563092,0.0465212,0.033307,0.0974066,0.0475886,0.0504468,0.0427902,0.0698714,0.0443698,0.05308,0.0652492,0.0461764,0.0390312,0.0795954,0.0381702,0.0490892,0.0750418,0.0689226,0.0390246
0.054809,0.0393574,0.0434828,0.058128,0.0443412,0.0624772,0.0440844,0.0526882,0.0429906,0.0556146,0.065611,0.0543626,0.0519566,0.053144,0.0507394,0.0674234,0.0475598,0.0419094,0.0802696,0.050162,0.043058,0.0592584,0.0413264,0.0453172,0.073031,0.0406182,0.0719874,0.0531124,0.0883042,0.039438,0.045383,0.1031404,0.0413338,0.0506378,0.034853,0.0935798,0.04603,0.0629256,0.0595788,0.0617146,0.102328,0.0480472,0.0721606,0.0501844,0.0464876,0.0698098,0.0464372,0.0601622,0.0311928,0.085981,0.0301738,0.0587316,0.0574408,0.0609876,0.0386256,0.0352994,0.0567678,0.0476526,0.0340528,0.0984168,0.047222,0.050292,0.0429546,0.0704654,0.0446304,0.054059,0.065551,0.046972,0.0396338,0.0793902,0.039309,0.0492886,0.076534,0.069183,0.0385322
0.0557326,0.0391146,0.0421216,0.0598838,0.0441578,0.0623998,0.0429246,0.0529974,0.0436064,0.0566012,0.0657736,0.0535496,0.0505316,0.0526524,0.0506588,0.0677492,0.047799,0.0431828,0.0814706,0.0496002,0.0433952,0.059583,0.0411686,0.0460358,0.074511,0.0409184,0.0719688,0.0533836,0.088341,0.0398722,0.045037,0.1047358,0.0406024,0.050104,0.0345242,0.094197,0.04632,0.0632608,0.0590744,0.0620282,0.1015088,0.0487242,0.0729762,0.049272,0.0470208,0.0713804,0.0470356,0.0602502,0.0319718,0.0859186,0.030607,0.0593272,0.0570896,0.0607648,0.038768,0.036193,0.057591,0.047901,0.0343798,0.098261,0.0473976,0.0507874,0.0433144,0.0716682,0.0449256,0.0562948,0.0653278,0.047629,0.0401158,0.0811464,0.0394522,0.0490796,0.077319,0.0698396,0.0377598
0.056639,0.0384562,0.0427946,0.059534,0.0458694,0.0620222,0.0429498,0.0531542,0.0425814,0.0563684,0.0661154,0.0541562,0.050541,0.0527056,0.0514712,0.0678284,0.0476314,0.044127,0.0826234,0.0511178,0.0434322,0.0597076,0.0408806,0.0462122,0.0753624,0.0409986,0.0722886,0.0535848,0.089725,0.039765,0.0444354,0.1051296,0.0411198,0.050398,0.0343122,0.0954226,0.0461904,0.0628826,0.0591782,0.0623984,0.1029134,0.0492064,0.074366,0.0489342,0.0472562,0.0705872,0.0475554,0.0599998,0.031355,0.0868978,0.030138,0.0592538,0.0572802,0.0603136,0.0384232,0.0355042,0.0578162,0.0483652,0.0332136,0.0977108,0.0481214,0.0510346,0.0445178,0.0724552,0.0447012,0.0564492,0.0667996,0.047721,0.039818,0.0821942,0.0397616,0.0496234,0.0789864,0.0703232,0.0378932
0.0563274,0.0383462,0.0433174,0.0595948,0.0470496,0.0620542,0.0437416,0.0532016,0.043021,0.0564856,0.0666944,0.054535,0.0502456,0.053645,0.051417,0.0685364,0.046402,0.0430954,0.083141,0.0504908,0.0429988,0.0593976,0.040732,0.0466634,0.0766626,0.041234,0.0727962,0.0529904,0.091109,0.0392296,0.0447948,0.1054276,0.0410998,0.0512718,0.0342534,0.0971106,0.04724,0.0624744,0.0586234,0.0621894,0.1023672,0.0488318,0.076305,0.0487192,0.047414,0.0708228,0.0485994,0.0590204,0.0313184,0.08738,0.030096,0.0594522,0.0567236,0.060854,0.0388256,0.0357712,0.0578562,0.049169,0.0334244,0.0980948,0.0482898,0.0513462,0.0448068,0.073121,0.0453266,0.0566402,0.0663008,0.0472498,0.0398588,0.0829356,0.0393422,0.0494794,0.0779264,0.0715604,0.0377804
0.0562238,0.0385874,0.0421892,0.0602866,0.0468076,0.0623582,0.0437238,0.0542206,0.0433778,0.0559946,0.066449,0.0552644,0.0504912,0.053347,0.0508768,0.0686216,0.046688,0.0427616,0.0829514,0.0504046,0.0430248,0.0595744,0.0401382,0.046721,0.0750554,0.0421766,0.0733064,0.0539564,0.092691,0.0397714,0.0441778,0.1049416,0.0411946,0.0518524,0.0345158,0.0980346,0.048364,0.0631574,0.0582406,0.0614504,0.1026194,0.0484202,0.0753236,0.0486248,0.0480928,0.0701312,0.0494018,0.0588186,0.0300564,0.0876096,0.030525,0.059648,0.0567508,0.0612234,0.0396354,0.0362492,0.0578794,0.0487714,0.0334258,0.0991516,0.0478316,0.0510988,0.0448842,0.0733704,0.0454516,0.0583694,0.066476,0.04815,0.0399298,0.0822376,0.0404032,0.0490422,0.0786228,0.0721134,0.0382292
0.0575956,0.0388364,0.0428688,0.0609072,0.0466728,0.06217,0.043383,0.055123,0.0428584,0.0571502,0.0665086,0.0551872,0.0511914,0.0535634,0.050828,0.0691388,0.0464674,0.0426782,0.0833288,0.0504084,0.0438178,0.0594804,0.04163,0.0459638,0.0759246,0.042786,0.0739082,0.0541776,0.094092,0.0393764,0.0443408,0.1046024,0.0415362,0.0518902,0.0339782,0.0978058,0.0483252,0.0639514,0.0579172,0.0605866,0.1035538,0.0484066,0.076157,0.048964,0.0479716,0.0714922,0.0488734,0.059104,0.0307526,0.0886186,0.0305156,0.0600984,0.0564778,0.0621314,0.038802,0.036031,0.0580134,0.0492654,0.0343366,0.0982476,0.0478016,0.0510054,0.0454244,0.0760192,0.0465978,0.0586396,0.067154,0.0481924,0.0403704,0.0814784,0.039998,0.0494572,0.0786338,0.071939,0.038188
0.0587548,0.0389528,0.0427544,0.061172,0.0467216,0.0623736,0.0437006,0.0552124,0.0428366,0.0564496,0.0659048,0.0555194,0.0512568,0.0538156,0.050647,0.0700064,0.0465556,0.042683,0.0832702,0.0493986,0.0441164,0.058695,0.0413564,0.0461702,0.0760634,0.0427574,0.073647,0.0545654,0.0945626,0.0390054,0.0454918,0.1040658,0.0419134,0.0527228,0.033968,0.097597,0.0484094,0.0629746,0.0586622,0.0616496,0.1044526,0.0484934,0.077103,0.0490196,0.0479594,0.0717928,0.0494876,0.061174,0.0309232,0.089998,0.0315964,0.0596558,0.0556384,0.0620292,0.039365,0.0364264,0.0586482,0.0491872,0.034696,0.0985938,0.0484964,0.0515084,0.0446854,0.075585,0.0462854,0.0587392,0.0683696,0.0478934,0.0406042,0.0830106,0.040124,0.04916,0.0789988,0.0709884,0.0385084
0.0585198,0.0393158,0.0429982,0.0616386,0.0470458,0.0625508,0.0433622,0.0554346,0.0413734,0.0559054,0.0659076,0.0546572,0.0515176,0.0535646,0.0506082,0.0706088,0.0462858,0.043132,0.083108,0.0492298,0.0440966,0.0593054,0.0407932,0.0454556,0.076719,0.04298,0.0730268,0.0554466,0.0968362,0.0393,0.0456266,0.1036904,0.0420586,0.0523814,0.0345768,0.096732,0.0485492,0.0631352,0.0584326,0.0620178,0.1049042,0.0487282,0.0781692,0.0495866,0.0476966,0.0715762,0.050782,0.0598856,0.031703,0.0901798,0.0321846,0.0606768,0.0553762,0.063351,0.0390818,0.0363624,0.058926,0.0497288,0.0344158,0.0987768,0.0492306,0.0515838,0.0438712,0.0759002,0.0470364,0.058107,0.0691806,0.0477306,0.0403612,0.082588,0.0399136,0.0495228,0.0798144,0.0702802,0.0391996
0.0594472,0.0392552,0.0433908,0.064373,0.0470732,0.0624372,0.0453162,0.0561546,0.042593,0.056221,0.0660352,0.0541378,0.0515386,0.0532328,0.0511058,0.0710556,0.0459622,0.0433054,0.0822708,0.0499272,0.0440574,0.0603932,0.040789,0.04602,0.0766376,0.0429294,0.0719456,0.0552658,0.0986866,0.0396494,0.0462146,0.1039164,0.0415956,0.0517932,0.0350276,0.0964032,0.0485356,0.0633698,0.0583874,0.0618216,0.10489,0.048862,0.0787912,0.0497014,0.047084,0.0721328,0.0517074,0.060088,0.0316114,0.089818,0.0325966,0.0612368,0.05515,0.0631294,0.0398084,0.0372754,0.059062,0.0496884,0.0338614,0.098561,0.0494844,0.0507896,0.0443834,0.0750418,0.0461422,0.0589858,0.0697048,0.0476714,0.040014,0.082196,0.0404842,0.0501328,0.0799384,0.0697814,0.0389538
0.058854,0.0391912,0.0434174,0.064533,0.0471262,0.0632914,0.0464156,0.0565804,0.042816,0.057553,0.0663616,0.0538102,0.051219,0.0537716,0.0516536,0.0708436,0.0463458,0.0436186,0.0816092,0.0504348,0.043613,0.0607986,0.0404356,0.0460864,0.0774486,0.0424124,0.0736328,0.055199,0.0997204,0.0399322,0.0463436,0.1050072,0.0431938,0.051767,0.0338058,0.09595,0.047558,0.063461,0.059489,0.063212,0.10379,0.0494308,0.0788628,0.050249,0.048037,0.0725526,0.051372,0.0606078,0.031236,0.0897704,0.0321028,0.061602,0.0551774,0.0642838,0.0397004,0.037549,0.0595026,0.04939,0.0336502,0.0972638,0.0494538,0.0510918,0.0447616,0.075008,0.0468816,0.0597798,0.0712214,0.0474066,0.0407506,0.0821778,0.0399138,0.0509208,0.0811974,0.0714436,0.0387842
0.0593664,0.0393146,0.0444196,0.065854,0.0466632,0.0645028,0.0468888,0.0572814,0.0431324,0.058853,0.0656186,0.0538828,0.0514318,0.053566,0.0520336,0.0733204,0.0461362,0.0448526,0.0818964,0.0503812,0.0436456,0.0610062,0.0406516,0.0462444,0.0773428,0.0420888,0.07363,0.0551176,0.0993194,0.0403482,0.045833,0.1050424,0.0434592,0.0522984,0.0339222,0.0969416,0.0473452,0.0638732,0.0593082,0.063858,0.105808,0.048954,0.0779472,0.0498506,0.0491374,0.073382,0.0503988,0.0609686,0.0315802,0.0913706,0.0322044,0.062121,0.0549104,0.0642126,0.0405394,0.0374776,0.0606924,0.0501232,0.0336476,0.0970312,0.049574,0.0501968,0.044875,0.0747694,0.0474856,0.0591468,0.0716018,0.0479716,0.040532,0.0830054,0.0400956,0.0514264,0.0814538,0.0711824,0.0388732
0.0598654,0.0388034,0.04352,0.0667916,0.0467472,0.0653682,0.0465914,0.0577566,0.0435452,0.058528,0.0658974,0.0537646,0.051058,0.0538138,0.0523646,0.0737712,0.0457284,0.0450778,0.0808716,0.0507226,0.0438846,0.060798,0.0404974,0.0456076,0.07852,0.0419852,0.0748028,0.054841,0.099943,0.0398412,0.045696,0.104728,0.0436748,0.0527162,0.0342762,0.0961796,0.0468766,0.0643566,0.0599166,0.0644,0.1046392,0.0495792,0.0803922,0.0498464,0.0487008,0.0734314,0.049922,0.060023,0.0313946,0.0905684,0.0318182,0.0621482,0.0538816,0.0639092,0.0405188,0.0360672,0.0619224,0.0498186,0.0335182,0.0975042,0.0505312,0.0495074,0.0440918,0.0760626,0.0469444,0.0583324,0.0726054,0.048117,0.0403082,0.083483,0.039658,0.0517448,0.0817214,0.0714388,0.0389926
0.0597212,0.038693,0.043581,0.0682014,0.04635,0.0649534,0.046503,0.0578836,0.0437952,0.0590986,0.066336,0.0543166,0.0527428,0.0539,0.0527176,0.0743782,0.0456824,0.044917,0.0813098,0.0502364,0.0441774,0.0606472,0.0397722,0.0444162,0.0780332,0.0414936,0.0748222,0.053688,0.1002248,0.0402722,0.0457942,0.1056948,0.0440558,0.053889,0.0343784,0.0968872,0.0470134,0.0649112,0.0606908,0.0640556,0.106313,0.0482802,0.0814288,0.050343,0.0490422,0.0736922,0.0496316,0.0599264,0.0314154,0.0908228,0.032158,0.0621864,0.0545508,0.0650064,0.0402478,0.0363108,0.0626362,0.050091,0.03375,0.098092,0.0502066,0.0489974,0.0448222,0.0747032,0.0469882,0.0588924,0.073417,0.0479856,0.0399828,0.0836234,0.0395586,0.0524524,0.0823922,0.0719756,0.0389162
0.0607544,0.0390828,0.0432388,0.0690592,0.0452122,0.064614,0.0471018,0.058321,0.04412,0.058737,0.0653094,0.0540752,0.0529844,0.0541492,0.0527374,0.0756134,0.0457446,0.0445854,0.0819052,0.0492598,0.0438724,0.0614946,0.0394062,0.0451162,0.078567,0.041741,0.074749,0.0537648,0.0994104,0.0404262,0.0450814,0.1071552,0.0446664,0.0534942,0.0344832,0.098048,0.0470892,0.0642426,0.0600652,0.0648722,0.1064888,0.0477714,0.081735,0.0505766,0.048625,0.0736268,0.049295,0.0602658,0.0315452,0.0908196,0.0323966,0.0628958,0.0544356,0.0652624,0.0398974,0.0364626,0.0631974,0.050381,0.0342234,0.0966368,0.0503016,0.0497222,0.0445698,0.076491,0.0469304,0.059212,0.0753702,0.047255,0.04016,0.0841032,0.0405058,0.0522866,0.0832136,0.0718878,0.0386458
0.0615122,0.0395742,0.0433878,0.0697928,0.0455166,0.0646406,0.0475482,0.0579622,0.0437398,0.0582848,0.0651822,0.0538846,0.0529686,0.0548896,0.052293,0.0758988,0.045276,0.0433098,0.0820122,0.04995,0.043582,0.0623394,0.0402154,0.0442396,0.078288,0.0417244,0.0751304,0.0541896,0.0985918,0.0402004,0.0451434,0.1091536,0.0439574,0.0540502,0.0347308,0.0982616,0.046371,0.0641416,0.060332,0.0652802,0.105497,0.0465392,0.0837004,0.0499712,0.049639,0.0752734,0.0498868,0.0612332,0.0313568,0.0921272,0.0321868,0.0628884,0.0544064,0.066307,0.039352,0.0361554,0.0636558,0.0511474,0.0349748,0.0963764,0.0500162,0.0509952,0.0448014,0.0750776,0.0476524,0.0591132,0.0750848,0.0469178,0.0404244,0.0839978,0.0403918,0.051746,0.084201,0.0727554,0.0391412
0.0612264,0.0394834,0.0434044,0.072597,0.045916,0.0648164,0.0484834,0.0578088,0.0438828,0.057724,0.063597,0.0543872,0.0533724,0.0566736,0.0525964,0.0749294,0.0449116,0.0445444,0.0820766,0.0498136,0.0430214,0.0619954,0.0401904,0.0447946,0.0777808,0.041637,0.0768752,0.0539626,0.1004898,0.0404052,0.0443306,0.109317,0.0452376,0.053714,0.0350538,0.0986004,0.0466714,0.0635248,0.061948,0.0658698,0.106164,0.0471362,0.0852704,0.049821,0.0496202,0.0759124,0.0497138,0.0612164,0.0319048,0.092702,0.0319584,0.0634348,0.0541252,0.0662898,0.0387094,0.0366654,0.0626248,0.0505042,0.0356514,0.0959236,0.0505936,0.0513316,0.0459084,0.0755694,0.0478642,0.0600548,0.0761064,0.0467974,0.040553,0.0851222,0.0395114,0.0521864,0.0840304,0.0723302,0.0391296
0.0622842,0.0392004,0.044364,0.0737332,0.0448624,0.0640076,0.0492944,0.0583456,0.0434538,0.0584018,0.064786,0.053913,0.0551106,0.0573434,0.0528888,0.0751472,0.04521,0.0449568,0.0824098,0.049869,0.0435712,0.063249,0.039838,0.0450338,0.0774486,0.0413948,0.0768084,0.0540786,0.1009122,0.040604,0.043844,0.1103964,0.0462494,0.0542632,0.0345694,0.0981372,0.0466534,0.063153,0.0611816,0.0664472,0.1091828,0.0473138,0.0864364,0.0508492,0.0504698,0.0766354,0.0493492,0.0617066,0.0322926,0.092926,0.0322216,0.0643632,0.0539452,0.067266,0.0389152,0.0369054,0.0630154,0.0513298,0.0356892,0.097421,0.0506322,0.050576,0.0455812,0.0755174,0.0477174,0.0600306,0.0761284,0.0464954,0.040581,0.0856122,0.0390098,0.0526436,0.0853814,0.072269,0.0388366
0.0633094,0.0392706,0.043597,0.075228,0.0449676,0.064532,0.0490016,0.0579038,0.0432812,0.0567126,0.0644502,0.0540598,0.0552276,0.0578936,0.0530294,0.075211,0.045087,0.0450118,0.082616,0.0496414,0.0445478,0.0634344,0.039351,0.044662,0.0777234,0.0410036,0.0794344,0.053278,0.1010476,0.0406552,0.0434424,0.1103636,0.0465772,0.0542264,0.0351114,0.0993332,0.0469132,0.0630518,0.0609192,0.0664344,0.1086912,0.0463192,0.0862504,0.050215,0.0501802,0.0776424,0.0502632,0.0604786,0.0325328,0.0932438,0.032535,0.063741,0.0539348,0.0676982,0.0382942,0.0379528,0.0630738,0.0514894,0.035798,0.0972532,0.0511054,0.0503766,0.045629,0.075686,0.0484936,0.0598402,0.0760436,0.0454222,0.0402522,0.0876924,0.0388838,0.0525958,0.0852572,0.0714258,0.039623
0.065321,0.0397786,0.0433126,0.0767986,0.0449286,0.0653378,0.0484476,0.0574856,0.0433032,0.0557086,0.0657922,0.0541176,0.0556898,0.057841,0.0524944,0.0746106,0.0444508,0.0456226,0.0831478,0.0499398,0.0450096,0.0637512,0.0393126,0.0448326,0.0785478,0.0395014,0.0794912,0.0537556,0.1017932,0.0398106,0.0438588,0.107775,0.0469422,0.0542938,0.0343296,0.1004552,0.0467204,0.0627418,0.061928,0.0652794,0.1088492,0.0458118,0.0868448,0.0498918,0.0509722,0.0774632,0.0506084,0.0612076,0.0326698,0.0930874,0.0321922,0.0634718,0.0532724,0.067883,0.0379932,0.0388224,0.0626506,0.051085,0.036371,0.0971522,0.0502608,0.0509596,0.0454954,0.0762404,0.0486478,0.06006,0.0777926,0.0459486,0.039838,0.0884522,0.0387492,0.0536012,0.0856794,0.0721926,0.0400962
0.0649916,0.0393822,0.0438498,0.079084,0.0456718,0.064901,0.0487356,0.0579372,0.0443522,0.0550996,0.0656906,0.0532194,0.0553556,0.0582858,0.0535294,0.0744612,0.0445106,0.0448398,0.087385,0.0500236,0.0443144,0.063534,0.0402628,0.0440214,0.0787672,0.0399992,0.0791678,0.0523408,0.101517,0.0403716,0.0427448,0.1072562,0.0474178,0.054257,0.0343052,0.100128,0.0468676,0.0634686,0.061488,0.0651324,0.108567,0.0467242,0.0878884,0.0503886,0.0516622,0.0771044,0.0499854,0.0606828,0.0313952,0.0925646,0.0318856,0.0641598,0.0535296,0.0697128,0.0392566,0.0384942,0.0634878,0.0506482,0.0362848,0.0971474,0.0497418,0.0510988,0.0465874,0.0770964,0.0479726,0.0601452,0.0773594,0.0455964,0.0396966,0.088755,0.0384492,0.0530738,0.0857672,0.0723194,0.0409634
0.066098,0.039896,0.0444108,0.0799126,0.0455504,0.0660078,0.0487092,0.0585276,0.043236,0.0557742,0.0660686,0.0525266,0.0561988,0.0583848,0.0535984,0.0752254,0.0447042,0.0441976,0.0873604,0.0499304,0.0441094,0.063535,0.0394696,0.0440694,0.0787766,0.0406048,0.0797112,0.05259,0.1033558,0.0396472,0.042572,0.1065862,0.0479914,0.054382,0.0340306,0.0997382,0.0465624,0.0632724,0.0614894,0.066241,0.1086544,0.0470044,0.0886498,0.0505136,0.0513806,0.0785332,0.0500404,0.0607526,0.03114,0.092024,0.0314902,0.062973,0.0535282,0.0699236,0.0395822,0.0391486,0.0627578,0.052,0.036746,0.0974646,0.0489192,0.051226,0.0467958,0.0761962,0.0481226,0.060311,0.0781962,0.045589,0.0395714,0.0880346,0.0379002,0.0530756,0.0861386,0.0721896,0.0405428
0.0669812,0.0401434,0.0441038,0.0823816,0.044931,0.0655394,0.0487118,0.0586762,0.0437324,0.0565852,0.0659336,0.0522156,0.0569766,0.058029,0.053376,0.0753788,0.045096,0.0448444,0.0868228,0.0503728,0.0439704,0.0653346,0.0396118,0.0443782,0.0811726,0.0408588,0.0803578,0.052128,0.1027184,0.0395258,0.042701,0.1060254,0.048637,0.054576,0.0338756,0.0995126,0.0490658,0.064032,0.0623444,0.066155,0.1089526,0.047229,0.087668,0.049982,0.051221,0.0790938,0.0502474,0.061456,0.0307134,0.0923844,0.0315374,0.0620346,0.0540478,0.0703976,0.039618,0.0392994,0.0637372,0.0519408,0.0359882,0.0970076,0.0499062,0.0509954,0.0478446,0.075007,0.0488556,0.061214,0.0780888,0.049041,0.039971,0.088754,0.0377894,0.0528456,0.0853766,0.0727644,0.0403138
0.0674422,0.0400582,0.045535,0.084828,0.0449714,0.0670966,0.0486754,0.0591004,0.04299,0.0588848,0.0662246,0.051657,0.0561386,0.0580616,0.052922,0.0759758,0.0453082,0.0450738,0.0851912,0.049788,0.0441406,0.0652924,0.0396034,0.0443994,0.0819216,0.0413954,0.0812442,0.0533212,0.1032134,0.039101,0.0429804,0.1069134,0.0488522,0.0552014,0.0337884,0.099291,0.049149,0.0636434,0.0617596,0.0662132,0.1090388,0.0473752,0.0886936,0.0509422,0.0509348,0.0799962,0.0498704,0.0623228,0.0309144,0.0924328,0.0308744,0.0631326,0.0538236,0.070796,0.039467,0.0390878,0.0640672,0.0517554,0.0369584,0.096529,0.0499604,0.0517482,0.0482254,0.0756664,0.0496246,0.0614278,0.0783298,0.0484918,0.039394,0.090422,0.0376708,0.0524978,0.085615,0.073723,0.0399974
0.068271,0.0396864,0.046366,0.0860554,0.0442528,0.0672354,0.0493242,0.058512,0.0424058,0.0584892,0.0665384,0.0520028,0.0563764,0.0579694,0.0524692,0.0752894,0.0452666,0.0452792,0.085194,0.0496958,0.0439578,0.064361,0.0388018,0.044303,0.0812688,0.0407222,0.0826144,0.053143,0.1031772,0.0393876,0.0428586,0.1067882,0.0488504,0.0560806,0.0342428,0.0991324,0.0486932,0.0642264,0.0623996,0.066052,0.1095216,0.04783,0.0909034,0.0507612,0.0517296,0.0792858,0.0497646,0.0621806,0.0307376,0.092774,0.0312918,0.063328,0.0537262,0.0697006,0.0389526,0.0387606,0.0640872,0.0524868,0.0375852,0.0976522,0.0495696,0.0516614,0.0487252,0.0771882,0.0491142,0.061609,0.0783242,0.0491986,0.0395912,0.0915464,0.0373688,0.0521792,0.0856018,0.0735506,0.039916
0.0677588,0.0397078,0.0458332,0.0876192,0.0442782,0.067456,0.0493522,0.0582414,0.0428906,0.0577922,0.066782,0.051736,0.05671,0.0589912,0.0522756,0.0756022,0.0451896,0.0452626,0.085555,0.0508622,0.0437168,0.0649578,0.0386148,0.0442316,0.0819468,0.0410738,0.0818152,0.0528668,0.1037804,0.0394072,0.0420464,0.1061456,0.0488184,0.056071,0.0353288,0.0997158,0.049003,0.0634742,0.061934,0.065544,0.1100832,0.0487208,0.091769,0.0504832,0.0521794,0.0806274,0.050204,0.0611358,0.0305484,0.093446,0.0315688,0.0638484,0.0542942,0.0701692,0.039433,0.038407,0.0654204,0.0517804,0.0376786,0.0978174,0.0505094,0.0516734,0.0483148,0.0772182,0.048981,0.0617308,0.0798586,0.049182,0.0401358,0.0939704,0.0382214,0.0518526,0.086673,0.0731932,0.0393158
0.0687638,0.0401036,0.0465,0.0897372,0.044441,0.0670864,0.049403,0.0581112,0.043649,0.057873,0.0670616,0.0510472,0.0567992,0.0588162,0.0516084,0.0757114,0.0451076,0.0445244,0.086314,0.0507152,0.0436438,0.0657326,0.0395846,0.0436468,0.0817732,0.0400928,0.0826126,0.0529614,0.1051196,0.0389906,0.0422946,0.1062414,0.0489946,0.0554526,0.0361122,0.100368,0.0498192,0.064184,0.0624628,0.0655872,0.1090348,0.0487546,0.0921364,0.0503314,0.0526756,0.0814146,0.0503046,0.061821,0.0307268,0.0934912,0.0319178,0.0649004,0.0541128,0.0705572,0.0391406,0.0378548,0.0669386,0.0519732,0.0378272,0.0985718,0.0502772,0.0515642,0.0483168,0.077238,0.0482156,0.061569,0.0808004,0.0501726,0.0392972,0.0945918,0.0379348,0.0514774,0.086899,0.0738038,0.0388594
0.0704496,0.0394118,0.04552,0.0915758,0.0439358,0.067851,0.0487022,0.0583816,0.0439068,0.0572164,0.0666762,0.0516842,0.0567966,0.0595012,0.0520558,0.0756572,0.0446984,0.045059,0.0866362,0.0504734,0.0433926,0.0653284,0.039353,0.0427236,0.0830036,0.0401514,0.0837276,0.0528256,0.1050344,0.0392288,0.0426142,0.1064766,0.0491424,0.054776,0.0349476,0.099422,0.0499696,0.064037,0.062137,0.0664376,0.109492,0.0481552,0.0947066,0.0494252,0.052013,0.082506,0.0501712,0.062017,0.030845,0.0935632,0.0314724,0.0652688,0.054278,0.0715536,0.0391544,0.0381104,0.067338,0.0519612,0.0377658,0.0992972,0.0509274,0.0530696,0.0477516,0.0767792,0.0488874,0.0610648,0.0802962,0.0504678,0.0398184,0.0964324,0.0378938,0.0513408,0.0877168,0.0741916,0.03932
0.0725296,0.0397508,0.0456212,0.0928346,0.0437308,0.0678582,0.0494508,0.0580684,0.0434596,0.0566762,0.0669868,0.0515586,0.0583612,0.0601846,0.0522838,0.0754756,0.0446474,0.0459704,0.0866196,0.0501598,0.043705,0.0652382,0.0393414,0.043002,0.082356,0.0403866,0.0836332,0.052379,0.1054782,0.038701,0.0437364,0.10653,0.049994,0.0557074,0.0358718,0.099543,0.0494992,0.0637164,0.0622892,0.0676782,0.1103676,0.0475144,0.0950028,0.0489496,0.0522758,0.0837332,0.0503488,0.0623698,0.0309604,0.0929616,0.0316862,0.0664382,0.0537882,0.0727944,0.0392642,0.0378452,0.0674402,0.052471,0.0372338,0.0990416,0.051485,0.0531144,0.0488732,0.0783702,0.049037,0.0608034,0.0809576,0.0504604,0.0400904,0.0978882,0.0374092,0.0519004,0.0880158,0.0755132,0.0386518
0.0728414,0.0397398,0.0453818,0.0933178,0.0442112,0.0679894,0.0491992,0.0583228,0.0441002,0.0567104,0.066747,0.0524488,0.0575046,0.0603854,0.0533242,0.075618,0.0432622,0.046437,0.0846726,0.0495432,0.044048,0.0645088,0.0388142,0.0426376,0.0825132,0.040402,0.084775,0.0520516,0.1051704,0.037949,0.0450194,0.1075488,0.0505496,0.0547808,0.0365818,0.0997554,0.049675,0.0682372,0.0621892,0.067679,0.1102318,0.0479388,0.0971054,0.049177,0.0521188,0.0829768,0.0512126,0.0631298,0.030976,0.0929626,0.0312876,0.0660834,0.0533,0.0733498,0.039999,0.0384724,0.0683192,0.0522524,0.03733,0.0982178,0.0513934,0.0530154,0.0504968,0.0783414,0.0486802,0.062769,0.0831932,0.0508946,0.0402188,0.0995038,0.0373958,0.0513658,0.0892532,0.0759144,0.0386572
0.073442,0.0393786,0.0457432,0.0945056,0.0450628,0.067847,0.0497966,0.0585146,0.043924,0.057243,0.0668898,0.052882,0.0574292,0.0606236,0.0545408,0.0767438,0.043826,0.0467166,0.0857406,0.0500556,0.0434302,0.065329,0.038545,0.0425516,0.0821844,0.0399416,0.0848116,0.0528,0.1071194,0.03728,0.0441204,0.1082692,0.0502356,0.0554314,0.0366444,0.1014528,0.0501208,0.0687428,0.063159,0.0687536,0.1113874,0.04722,0.096224,0.048628,0.0517292,0.084449,0.0517712,0.0633916,0.0315136,0.0925136,0.031421,0.0661896,0.05389,0.0742516,0.039181,0.0390606,0.0684844,0.0523798,0.0375738,0.097895,0.0514256,0.052148,0.0499146,0.0793528,0.0491958,0.063109,0.0850752,0.0513852,0.0397346,0.1010238,0.0376242,0.0514466,0.090031,0.075542,0.0386766
0.0738164,0.0396386,0.0468504,0.0962976,0.0450734,0.067515,0.0503648,0.0587946,0.0439826,0.0610246,0.0663116,0.052444,0.0569076,0.0613798,0.0542828,0.0762044,0.0442054,0.0452928,0.0854822,0.0495536,0.0434986,0.065323,0.0390188,0.042389,0.08205,0.0397736,0.085229,0.0539068,0.1067158,0.0365274,0.0441972,0.1094054,0.0512442,0.0546654,0.0369452,0.101188,0.0497436,0.0681248,0.0643354,0.068373,0.1098074,0.046899,0.097005,0.0491388,0.0512322,0.0834424,0.0523732,0.0629292,0.0317942,0.0923606,0.0314598,0.0656274,0.053272,0.0742582,0.0393264,0.0387256,0.0688968,0.0523674,0.0375818,0.098551,0.0504356,0.0530878,0.0490752,0.0788022,0.0498494,0.0629578,0.0853234,0.0519698,0.0399846,0.101649,0.037662,0.0516354,0.0899508,0.0753028,0.0383234
0.0738584,0.0396034,0.0474222,0.0987754,0.0459112,0.0672674,0.051499,0.0577658,0.0442414,0.0624616,0.0661994,0.0516108,0.0573154,0.0621212,0.0550088,0.076154,0.0443676,0.045094,0.0849658,0.049008,0.0433918,0.0652184,0.0390358,0.042753,0.08336,0.0396576,0.0854144,0.0540478,0.1070306,0.036852,0.0445332,0.1089208,0.0522918,0.054205,0.0368734,0.1018344,0.0503662,0.0685876,0.0648638,0.0681032,0.1115592,0.046586,0.0976828,0.0494736,0.0505282,0.0841388,0.0531162,0.0636246,0.0313578,0.0932046,0.0316258,0.0653228,0.0530674,0.0754776,0.0395598,0.0378062,0.0685092,0.0516724,0.0373518,0.0988576,0.0504808,0.0532862,0.0502182,0.0811002,0.0500014,0.0629968,0.0862046,0.0510976,0.0403162,0.1018808,0.038009,0.0512038,0.0919018,0.0752028,0.038146
0.0754828,0.0395496,0.046679,0.1010288,0.0457502,0.0678256,0.0516016,0.058398,0.044339,0.061898,0.065922,0.0519316,0.0563236,0.06235,0.0549208,0.0765944,0.0443396,0.0463192,0.0842796,0.049055,0.0426886,0.065314,0.0400082,0.0430256,0.083275,0.0392696,0.0879328,0.053342,0.1072968,0.036361,0.0442926,0.1083734,0.0522802,0.0540572,0.036942,0.101725,0.0502026,0.0694676,0.0650124,0.0688768,0.111277,0.0467248,0.096089,0.049111,0.0504576,0.0837852,0.0535172,0.0632988,0.0310446,0.0935042,0.0309318,0.0654666,0.0533352,0.075123,0.0388812,0.037696,0.068573,0.052297,0.037485,0.0992902,0.0501392,0.0535804,0.050136,0.0827442,0.0504126,0.0624742,0.086587,0.0516702,0.0407308,0.102657,0.037571,0.0512552,0.0927336,0.0755498,0.0392072
0.0781842,0.0403084,0.0471574,0.1016672,0.0455654,0.0679208,0.0506884,0.058917,0.0441266,0.0624144,0.0653022,0.0519792,0.0570132,0.0624714,0.0545092,0.0768982,0.0442326,0.0470742,0.0853896,0.0483356,0.044285,0.0654456,0.0395098,0.0420248,0.0822202,0.0388622,0.0872444,0.0552032,0.1079826,0.0365112,0.0447604,0.1090642,0.0533482,0.054396,0.0371026,0.10132,0.0495024,0.0714272,0.0651354,0.0685794,0.112519,0.0464718,0.0968248,0.0484718,0.0506524,0.0847754,0.0536492,0.0637412,0.030704,0.0933176,0.030683,0.0654524,0.0537374,0.075244,0.0388082,0.0386468,0.0685544,0.0538456,0.0368942,0.100486,0.0498506,0.053245,0.049736,0.0819012,0.0520416,0.0629218,0.0879576,0.051719,0.039647,0.1035714,0.037941,0.0510694,0.0941044,0.0774588,0.0386988
0.0795484,0.0403472,0.0469746,0.1023556,0.0454898,0.067655,0.0513306,0.0596246,0.0435632,0.0628982,0.0660224,0.0519736,0.0577446,0.0635942,0.055056,0.0768066,0.0434204,0.0469208,0.0851298,0.048336,0.043793,0.066116,0.0407652,0.0420326,0.0840146,0.0385146,0.0873574,0.0541104,0.1071276,0.036456,0.0447136,0.1072962,0.05394,0.053318,0.0368216,0.1025242,0.0493656,0.071881,0.0663192,0.06807,0.1113458,0.0468232,0.0979438,0.048852,0.0513474,0.0852912,0.0556136,0.0634588,0.0309378,0.0925118,0.0297528,0.0663534,0.054234,0.0745508,0.0384832,0.0379154,0.0688166,0.0532442,0.0369634,0.100047,0.0502912,0.0530626,0.0502822,0.0819096,0.0518376,0.0630428,0.0900628,0.0511224,0.0399198,0.1028246,0.0379064,0.0505136,0.0952826,0.077859,0.0388718
0.0805466,0.040354,0.047252,0.1027766,0.0457972,0.067631,0.0514188,0.0595982,0.0443902,0.0616894,0.0653462,0.0523728,0.0584986,0.0635458,0.055358,0.0776324,0.0420456,0.0474198,0.0863926,0.0493154,0.0436956,0.0662386,0.0410778,0.0428152,0.0838026,0.0385202,0.0870748,0.0532972,0.107577,0.0368386,0.0449632,0.108312,0.0537874,0.0533138,0.0372192,0.1028536,0.0494276,0.0719016,0.066339,0.067192,0.1114534,0.0467726,0.097744,0.0496168,0.0515594,0.0852044,0.0558438,0.06402,0.031193,0.0939832,0.0303766,0.06549,0.0549596,0.0758086,0.039058,0.0370406,0.0694994,0.0540642,0.0373518,0.0998058,0.0502038,0.0514444,0.0514436,0.0818258,0.0524536,0.0628934,0.0913912,0.0514808,0.0403052,0.1056742,0.0384602,0.050079,0.0971748,0.0773276,0.0387856
0.0824786,0.0398818,0.047534,0.1054874,0.0459408,0.0673366,0.0519774,0.0605678,0.044222,0.0621936,0.0650354,0.0521152,0.05966,0.0634124,0.0549184,0.0771906,0.041705,0.0472762,0.0864938,0.049451,0.043721,0.0659728,0.0425726,0.0430428,0.0844212,0.0383454,0.0876362,0.0534786,0.106827,0.0365696,0.0446742,0.108691,0.0532304,0.053909,0.0372698,0.1044396,0.0493292,0.0722768,0.0657662,0.0682428,0.1124048,0.046993,0.0992796,0.0495162,0.0515974,0.0856258,0.056136,0.0638482,0.0316064,0.0934088,0.0300672,0.065691,0.0544282,0.0758184,0.0389378,0.0384222,0.067812,0.052994,0.0376712,0.0995994,0.0511922,0.0523718,0.0517436,0.0832144,0.0526654,0.0630196,0.0911866,0.0516494,0.0404258,0.1058448,0.0384638,0.0495624,0.0972954,0.0785714,0.0395528
0.0850822,0.0399308,0.0478118,0.1058024,0.0457386,0.0674994,0.0515368,0.0612212,0.0441088,0.0632608,0.0638088,0.0533644,0.0598614,0.0638534,0.0553324,0.0779446,0.0425268,0.046474,0.0864788,0.0493312,0.0436302,0.067307,0.0420198,0.043768,0.0850298,0.0378006,0.0872766,0.0520768,0.1060146,0.0367074,0.044555,0.1082544,0.0538962,0.053026,0.0376074,0.1054938,0.0486762,0.0723394,0.0656416,0.0681662,0.111618,0.047111,0.0998648,0.048595,0.0517658,0.0862744,0.0559304,0.0638334,0.0310792,0.0931582,0.0300478,0.0663378,0.054672,0.075843,0.0386328,0.0386688,0.068036,0.0531524,0.0377586,0.0993658,0.0505916,0.0532896,0.051949,0.0840992,0.0521484,0.0635334,0.0920618,0.0516358,0.0405944,0.1071182,0.0379426,0.049758,0.0968986,0.0789184,0.0398724
0.084022,0.0399474,0.0473622,0.1058516,0.0453872,0.0677404,0.0520348,0.0615768,0.04407,0.0631932,0.0635302,0.0528194,0.0600802,0.06444,0.055401,0.079019,0.0429056,0.0467096,0.0854314,0.0499736,0.0436508,0.06736,0.042613,0.0437996,0.0849336,0.0378856,0.0879172,0.0531122,0.1054996,0.037275,0.0442778,0.1097374,0.0536876,0.0530708,0.0380982,0.1063354,0.0484804,0.0725958,0.0655242,0.0681382,0.1099088,0.0470572,0.0999414,0.0490562,0.0505718,0.0869088,0.0554958,0.0638366,0.0304982,0.091951,0.0304996,0.0662938,0.0541824,0.074995,0.0389236,0.0387894,0.0687122,0.0544454,0.0372994,0.099724,0.0501776,0.0527642,0.0519292,0.0842566,0.052654,0.0648564,0.0924664,0.052242,0.0409378,0.1095706,0.038095,0.0494206,0.0983848,0.07953,0.0385628
0.0840888,0.039868,0.0471478,0.1070478,0.045389,0.0675118,0.0515444,0.0611078,0.0443752,0.0639102,0.0632674,0.0524196,0.0595244,0.0654278,0.0557716,0.0787958,0.043495,0.0462856,0.0862146,0.0499072,0.043976,0.0673306,0.0421924,0.0428108,0.0849278,0.037403,0.0890918,0.0530288,0.1068744,0.0376086,0.043895,0.1111052,0.0529982,0.0535996,0.038478,0.1059322,0.0485798,0.072952,0.0656512,0.0684896,0.1098164,0.0469138,0.1015832,0.049456,0.0507454,0.0875908,0.0547018,0.0640296,0.0306016,0.0927632,0.0303874,0.0673956,0.0545296,0.0746726,0.039221,0.0390554,0.0700356,0.05573,0.037263,0.0995732,0.0500288,0.0523962,0.0509462,0.0843174,0.0528862,0.0644262,0.0929248,0.0528922,0.0407916,0.1111348,0.0378354,0.0496332,0.099454,0.0790804,0.0392904
0.084672,0.039393,0.048214,0.1093944,0.0452398,0.0686734,0.052366,0.0609538,0.0444056,0.0639684,0.0628966,0.0522668,0.0594084,0.065302,0.055981,0.078482,0.0430372,0.0459546,0.0860172,0.0486786,0.0440284,0.0678734,0.0417092,0.0413948,0.085457,0.0372952,0.0895888,0.052746,0.106694,0.0372016,0.044618,0.1112564,0.0530692,0.0535158,0.0376358,0.105001,0.0487056,0.0726242,0.0656278,0.0688406,0.1103884,0.0454432,0.1018444,0.0498596,0.0514784,0.0880692,0.0537334,0.0638756,0.0305304,0.0921068,0.0310444,0.0674436,0.0537088,0.0753002,0.0389606,0.038331,0.0699508,0.056174,0.0370604,0.1008066,0.0501762,0.0532502,0.05136,0.0851418,0.054135,0.0654438,0.0951508,0.0533518,0.0409502,0.110974,0.0373384,0.049181,0.0990186,0.0808284,0.0384806
0.0858406,0.0387304,0.0479488,0.1090434,0.0450182,0.0684198,0.0520812,0.0612112,0.0437884,0.0647392,0.0631134,0.051841,0.0584192,0.0660212,0.0546216,0.078755,0.0429682,0.0456524,0.0861012,0.048383,0.044425,0.0685462,0.0409094,0.0419798,0.0854138,0.037308,0.0904174,0.053327,0.1061708,0.0374338,0.0440736,0.111044,0.0536096,0.0540092,0.037461,0.106219,0.0488578,0.0722374,0.0661594,0.0681038,0.1099374,0.0449792,0.1042724,0.050036,0.0513424,0.087229,0.0540994,0.0631744,0.0296834,0.0920506,0.0309242,0.0680856,0.0541108,0.0763382,0.0386852,0.0378488,0.0697674,0.0570426,0.037691,0.101559,0.0509784,0.0522236,0.0510952,0.0843384,0.0538826,0.0660344,0.0958074,0.053427,0.0401596,0.1113138,0.0369048,0.0494198,0.1009368,0.0815222,0.038426
0.0853266,0.0390146,0.047578,0.1102832,0.0446394,0.0686128,0.0518758,0.0634108,0.0443706,0.0657324,0.0621568,0.0524696,0.058475,0.066711,0.0544684,0.0794712,0.0426494,0.0456096,0.0864848,0.0484246,0.0452202,0.068412,0.0408746,0.0415634,0.0859176,0.0374684,0.0917356,0.0539204,0.106429,0.0372696,0.0438466,0.1135566,0.0538964,0.054535,0.0382252,0.1055288,0.0480728,0.0720346,0.0656252,0.0680414,0.1090978,0.0461502,0.1060444,0.0491726,0.0509436,0.08852,0.054571,0.0633422,0.0297346,0.0923982,0.0306224,0.0692324,0.0536842,0.07743,0.0384304,0.0374086,0.0691026,0.0560984,0.0374802,0.100786,0.05075,0.05276,0.050665,0.0844648,0.054374,0.0658288,0.1020194,0.0541826,0.0401022,0.11127,0.0369118,0.0494852,0.10089,0.080882,0.0389444
0.0855352,0.0388458,0.0480566,0.1118316,0.0435992,0.0692216,0.0525306,0.0637008,0.0436282,0.064654,0.0623784,0.0516894,0.0591616,0.0667568,0.0540544,0.0799388,0.0423474,0.0462908,0.0877938,0.0489556,0.0451098,0.0685532,0.0405556,0.041958,0.0859974,0.037359,0.091431,0.053887,0.1060358,0.0370006,0.0436644,0.1137332,0.0533434,0.0546394,0.0379186,0.1052186,0.0481514,0.0715236,0.065751,0.0686216,0.1099692,0.045095,0.108251,0.049141,0.050877,0.08781,0.0535798,0.0630562,0.0299446,0.092505,0.0302628,0.0703118,0.053677,0.0781128,0.0375486,0.0367418,0.069131,0.0567432,0.0371242,0.0989702,0.0505078,0.0540858,0.0508998,0.0842676,0.05402,0.0654506,0.1029876,0.0535718,0.0414878,0.1114866,0.036896,0.0496432,0.101501,0.0812292,0.0375908
0.0859232,0.038422,0.0480048,0.1121248,0.043523,0.0690362,0.052346,0.0642794,0.0449252,0.0644478,0.0629688,0.0512004,0.0598248,0.0680756,0.0543316,0.0798998,0.0427988,0.046125,0.0873042,0.0488244,0.0447914,0.0682924,0.0402904,0.0423126,0.087275,0.0361078,0.0917794,0.0529956,0.1073512,0.0363714,0.0445492,0.115132,0.0536738,0.056007,0.039192,0.1062904,0.0475064,0.0718636,0.0651172,0.0684692,0.110061,0.0452224,0.108811,0.0490728,0.0507866,0.0892322,0.0534012,0.0628758,0.029935,0.0920248,0.0306892,0.0698224,0.0547502,0.0772652,0.038613,0.0377974,0.0701698,0.0563036,0.0370192,0.0996702,0.0500734,0.0544036,0.0522312,0.0845914,0.0548416,0.0658984,0.104602,0.0531646,0.041484,0.1112186,0.0377534,0.0484402,0.1013656,0.0804692,0.037419
0.0867802,0.038414,0.04902,0.113429,0.0436956,0.0689208,0.0524164,0.0632344,0.0455618,0.0641634,0.0623278,0.0506604,0.06055,0.0681138,0.053724,0.079331,0.0431056,0.046301,0.0878478,0.0492054,0.0456984,0.067618,0.0405582,0.042646,0.0859342,0.0356412,0.091713,0.0527514,0.1085742,0.0367384,0.0452078,0.1166726,0.0534184,0.055395,0.039209,0.1063896,0.0480666,0.073335,0.0647864,0.0690568,0.1091562,0.04567,0.1088118,0.0490952,0.0519684,0.0905288,0.0534098,0.0628206,0.030452,0.0924662,0.0306336,0.070168,0.0553366,0.0782096,0.0387788,0.0370324,0.0706678,0.0572592,0.036995,0.1004672,0.049691,0.055768,0.052622,0.0858516,0.055427,0.0663624,0.1066064,0.0531828,0.0418486,0.1126572,0.0382202,0.0482396,0.1015694,0.0812606,0.036823
0.0869348,0.0387926,0.048474,0.1128614,0.042987,0.0681856,0.0524292,0.0644132,0.0446942,0.0646536,0.0619814,0.050138,0.0608456,0.0672776,0.0533576,0.0784234,0.0425552,0.0463416,0.0891104,0.0481198,0.045112,0.067899,0.0398914,0.041683,0.0864706,0.036134,0.0910508,0.0533234,0.1073148,0.0372214,0.045227,0.118374,0.0544252,0.0558568,0.0405254,0.1065694,0.0482626,0.0737954,0.0643042,0.0685412,0.1087544,0.0452232,0.109862,0.0493134,0.0516794,0.0900266,0.0536316,0.062597,0.0309534,0.0928946,0.0299564,0.0700428,0.0550546,0.0800198,0.038451,0.0375636,0.071175,0.0580082,0.0360884,0.0989314,0.0498642,0.0561738,0.0526498,0.0860284,0.0549284,0.06587,0.109386,0.0529162,0.0416942,0.112421,0.0376012,0.0481234,0.1011336,0.0818678,0.0414412
0.0869226,0.0385286,0.0481062,0.112845,0.043365,0.0687646,0.0523426,0.0645112,0.0451382,0.0644256,0.0615614,0.0492846,0.0613906,0.0668282,0.0527458,0.0795064,0.0429846,0.0454242,0.0893832,0.048103,0.0462132,0.0690394,0.0386648,0.0421702,0.0867422,0.0361456,0.091399,0.053712,0.1063222,0.0369786,0.044751,0.1196526,0.05528,0.057102,0.0402872,0.1074292,0.0483288,0.0748526,0.0647076,0.0670786,0.1094768,0.0453368,0.1123992,0.0496078,0.051205,0.0907626,0.0547648,0.0627404,0.031287,0.092317,0.030199,0.0694534,0.0549224,0.0809652,0.038624,0.0376644,0.0700802,0.0571162,0.0358026,0.098192,0.0490052,0.0557334,0.0513046,0.0874428,0.0545256,0.065878,0.1108092,0.052643,0.0417614,0.1136912,0.0377974,0.0480404,0.1034862,0.0827892,0.041266
0.0876348,0.0384538,0.0479824,0.1120934,0.0439138,0.0700346,0.0522656,0.0642318,0.0458708,0.0642488,0.0612166,0.0494774,0.0616118,0.06692,0.052936,0.0788574,0.0431968,0.0453882,0.0894126,0.047721,0.0474978,0.0680738,0.03868,0.0417112,0.0881938,0.0366198,0.0924874,0.0535746,0.1062676,0.036537,0.0450602,0.1201184,0.0544602,0.0572752,0.0399128,0.10775,0.0480042,0.075973,0.0650574,0.0664192,0.1103342,0.0450836,0.114453,0.0494172,0.0514516,0.0896362,0.0542764,0.0620706,0.0307554,0.0918128,0.030409,0.0691842,0.0547202,0.0823686,0.0383428,0.037853,0.0710434,0.0572532,0.0367584,0.0974028,0.0483298,0.0557954,0.0515588,0.0867818,0.0546598,0.0666654,0.112915,0.0537014,0.0417688,0.1143546,0.0386312,0.0479612,0.1043984,0.083874,0.0411612
0.0886112,0.0383996,0.047931,0.1116572,0.0436794,0.0704676,0.0520694,0.0644458,0.0458968,0.0626662,0.0624836,0.0490616,0.0604014,0.0670196,0.0529308,0.0797628,0.0433502,0.0455176,0.0903222,0.047716,0.0473936,0.0686264,0.03859,0.0415618,0.0885984,0.0358464,0.092024,0.0544118,0.1062788,0.0365238,0.0457706,0.118986,0.05518,0.057014,0.0399272,0.1076784,0.0462234,0.0756,0.0642924,0.0666548,0.1105478,0.045904,0.1152132,0.049808,0.0507106,0.0901234,0.054289,0.0622804,0.0293728,0.092388,0.0301902,0.0699926,0.0553938,0.0826624,0.0388564,0.0374932,0.0705086,0.0563112,0.0368464,0.096353,0.0486664,0.0565268,0.0512782,0.0883914,0.0551638,0.0670046,0.113707,0.0526266,0.0418908,0.1135894,0.038941,0.048078,0.1036906,0.082242,0.041373
0.0869652,0.0390696,0.0481744,0.111186,0.0435318,0.0707782,0.052667,0.0637964,0.047406,0.0621766,0.0619684,0.049173,0.060031,0.0686224,0.0533256,0.0799916,0.043321,0.0453654,0.0913568,0.048076,0.0471578,0.0690848,0.0385828,0.0418904,0.0887736,0.0367522,0.0930232,0.0536706,0.1075928,0.0365974,0.04639,0.1202502,0.0548746,0.0583936,0.039766,0.1076598,0.047131,0.0759158,0.0643648,0.0670464,0.1117858,0.0471794,0.1155526,0.049706,0.0507754,0.0898622,0.0540294,0.0625988,0.029139,0.0919014,0.0308734,0.0714096,0.0553826,0.0818594,0.0387404,0.0366862,0.0708124,0.0572782,0.0362006,0.0965144,0.0498632,0.0558518,0.0517114,0.0881994,0.0548264,0.0686972,0.1166972,0.0518272,0.0418038,0.1122016,0.0385174,0.0475128,0.1054302,0.0835774,0.0413282
0.0884266,0.0382744,0.048053,0.1124782,0.0424332,0.0707932,0.0529964,0.0629656,0.047533,0.0632498,0.0629632,0.0494768,0.0599588,0.0678214,0.0534214,0.0798152,0.0429492,0.0443832,0.090931,0.0475498,0.0469586,0.0694886,0.0390328,0.0409906,0.089014,0.0371294,0.0929016,0.0535964,0.1071002,0.0365628,0.0454826,0.1207154,0.0556002,0.0582566,0.040194,0.1091986,0.0473962,0.0778544,0.0654484,0.0666124,0.1121726,0.0467716,0.1164698,0.0500052,0.050657,0.090792,0.0538014,0.0634838,0.0296722,0.0918982,0.0305488,0.0705274,0.0557966,0.0834834,0.0386598,0.0364598,0.0709044,0.0597412,0.036231,0.0964698,0.0501786,0.055808,0.051555,0.0875334,0.0549846,0.0682376,0.1181772,0.0518512,0.0411054,0.1121944,0.0380778,0.0475908,0.1069504,0.0838082,0.0407572
0.0889642,0.0384992,0.0478822,0.1123654,0.0426142,0.0712768,0.0535116,0.0648446,0.0474046,0.0636134,0.063765,0.0492528,0.0599376,0.0688576,0.0535496,0.0824744,0.043607,0.0442958,0.0909622,0.0489402,0.0472832,0.0695534,0.03933,0.040771,0.0895756,0.0364126,0.0936034,0.0537134,0.1070116,0.0362914,0.045956,0.1230664,0.05566,0.0581812,0.0403448,0.1084868,0.0478012,0.0767724,0.066152,0.0672414,0.1113898,0.0463612,0.1179776,0.0513618,0.0500994,0.0915846,0.0538454,0.0640218,0.029666,0.0920284,0.0304038,0.0711344,0.0554088,0.0833266,0.0382798,0.036978,0.0714606,0.0603652,0.036087,0.095876,0.050988,0.0565418,0.0510452,0.0871734,0.0545146,0.0677922,0.1210526,0.0522588,0.0417552,0.1125236,0.0377396,0.047262,0.1077228,0.08416,0.0401424
0.0884666,0.0383394,0.0482894,0.1126338,0.0454604,0.0720518,0.054835,0.0646572,0.0483062,0.0646438,0.0640986,0.0499118,0.0597298,0.0682804,0.053771,0.0812018,0.0430422,0.044154,0.09081,0.0480368,0.0475892,0.069058,0.0384764,0.041349,0.0898248,0.0371042,0.093093,0.053513,0.1073942,0.0360688,0.0454818,0.1242974,0.055898,0.0579254,0.040168,0.1084862,0.050951,0.078436,0.0675424,0.0684564,0.1106938,0.0465124,0.1180106,0.0515226,0.0493376,0.089912,0.0541288,0.0640404,0.029719,0.0930932,0.0305902,0.0716082,0.0554122,0.0842252,0.0382084,0.036627,0.0729608,0.0604452,0.036102,0.0948996,0.0515282,0.0564708,0.0507602,0.0876218,0.0549634,0.0680978,0.1228374,0.0529424,0.0414924,0.114642,0.0377596,0.0471324,0.1075222,0.0838808,0.040273
0.088455,0.0379618,0.0485518,0.1119954,0.0451404,0.0707444,0.0541894,0.0640286,0.0480772,0.0647816,0.0641568,0.0498148,0.06072,0.068554,0.053825,0.0818172,0.0430296,0.044769,0.0912772,0.04715,0.0475188,0.069277,0.039303,0.0413512,0.0888648,0.0365072,0.0942338,0.053487,0.108166,0.0364148,0.045756,0.1261764,0.0551624,0.0593188,0.040665,0.1078156,0.0502518,0.077681,0.0659758,0.068824,0.110286,0.0465272,0.1198718,0.050989,0.0497256,0.089921,0.054473,0.0636576,0.030051,0.0937684,0.03077,0.071158,0.0557254,0.0854272,0.0384336,0.036504,0.0729586,0.0612144,0.036488,0.0948096,0.0517488,0.0578144,0.0516426,0.0897544,0.054352,0.0673416,0.122906,0.0527498,0.042206,0.1148,0.037571,0.0477106,0.1076166,0.0847488,0.040762
0.0873404,0.0384522,0.0480756,0.1122212,0.0441968,0.0706556,0.0535748,0.0651512,0.048731,0.0664132,0.064774,0.0503876,0.0605264,0.0691806,0.0537958,0.0824722,0.0432532,0.0454698,0.0919484,0.047025,0.047055,0.0692094,0.0388718,0.0412708,0.088967,0.0363294,0.0951978,0.0531472,0.1086318,0.0359608,0.045639,0.1311062,0.0553232,0.0599238,0.0398198,0.1080246,0.050267,0.0771598,0.0661336,0.0694128,0.1112238,0.046567,0.1209974,0.0502208,0.0494186,0.091761,0.0549038,0.0643114,0.030323,0.0946604,0.0308034,0.0717474,0.0557118,0.0863898,0.0388488,0.036965,0.0732374,0.0598818,0.0372232,0.0956424,0.0518912,0.0577116,0.0515866,0.0901294,0.0552234,0.0675156,0.125644,0.052209,0.0424782,0.1153104,0.037415,0.047282,0.1075862,0.085175,0.041177
0.0902992,0.0385922,0.0477642,0.112637,0.0440656,0.0711294,0.0532606,0.066532,0.0483398,0.0667974,0.0634766,0.0500466,0.0602886,0.069031,0.0547096,0.081678,0.0438972,0.0451812,0.0929086,0.0476854,0.0473172,0.0685212,0.0392378,0.0411002,0.0906386,0.036484,0.0958732,0.05318,0.1085926,0.0364268,0.0460002,0.134823,0.0559948,0.0598702,0.0399582,0.1079358,0.051238,0.0769786,0.0673058,0.0698202,0.1114566,0.046646,0.1222466,0.050064,0.0483374,0.0922752,0.054844,0.0637484,0.0297864,0.0943538,0.0309462,0.071924,0.0558998,0.0860682,0.0390956,0.03633,0.0746294,0.0602686,0.0393702,0.0947406,0.0516246,0.0583102,0.0522242,0.0884192,0.0555614,0.0685274,0.1286848,0.0520006,0.0430896,0.115826,0.036803,0.047209,0.1079016,0.08773,0.0423358
0.0904182,0.0390146,0.047347,0.111807,0.044072,0.0710492,0.0539514,0.0674676,0.0476832,0.0665366,0.0635394,0.0509466,0.0608496,0.069037,0.0547992,0.080572,0.0443532,0.0448498,0.0925636,0.0479764,0.0476624,0.0692988,0.0397342,0.0412982,0.0907322,0.0401584,0.0966638,0.0530614,0.109517,0.0367524,0.0452024,0.1379776,0.0548934,0.0606908,0.0412444,0.1072412,0.0530046,0.076807,0.0668518,0.069501,0.1130898,0.0470894,0.1252782,0.0500686,0.0486414,0.0925696,0.055855,0.0636758,0.029733,0.0949086,0.0307334,0.0713036,0.0556338,0.0873428,0.0394334,0.0365096,0.0747834,0.0602236,0.0393406,0.0944772,0.0514568,0.0580838,0.052378,0.0888944,0.0546068,0.0679292,0.130218,0.0522174,0.0431614,0.1151468,0.0368686,0.0479446,0.108537,0.0881834,0.0414792
0.0899542,0.0395598,0.0466838,0.1112708,0.043152,0.0701938,0.0534322,0.0687926,0.0488112,0.066869,0.0632942,0.0502198,0.0603664,0.070322,0.0537266,0.0814258,0.0435454,0.0448274,0.0935844,0.0486368,0.0479898,0.0692896,0.0390022,0.042125,0.0902556,0.0394578,0.0967238,0.0525278,0.1092324,0.0368128,0.0463256,0.140678,0.0554194,0.0603786,0.0416594,0.1074674,0.0530042,0.0768422,0.0663654,0.0697688,0.1128242,0.0476244,0.126814,0.0500504,0.0488796,0.0936486,0.0568292,0.0633958,0.0298572,0.0949564,0.0314996,0.0713626,0.0552468,0.0875402,0.0404156,0.0366022,0.0738706,0.0608126,0.0392298,0.0942038,0.0522346,0.0587546,0.0522498,0.0877294,0.0555022,0.0686142,0.1313388,0.0516052,0.0434198,0.1153864,0.0369782,0.0486688,0.1087834,0.0884806,0.0422548
0.0903904,0.0389292,0.046874,0.1120494,0.043443,0.0696448,0.054418,0.0692706,0.0490682,0.0660126,0.064008,0.0505864,0.06029,0.0718026,0.0536322,0.08252,0.0439136,0.0441918,0.0922296,0.0484174,0.0482132,0.068936,0.0386066,0.0419176,0.0905714,0.0394084,0.0959584,0.0530594,0.1115092,0.0364034,0.0471902,0.1434394,0.0549132,0.0603568,0.0413714,0.1063072,0.052892,0.078364,0.0661452,0.0688754,0.1117458,0.0480196,0.1273586,0.0495942,0.0487616,0.0945226,0.0572712,0.0641616,0.0309498,0.09571,0.0310842,0.071552,0.0545674,0.087233,0.040011,0.0364302,0.073979,0.0608844,0.0386014,0.0950836,0.0513456,0.0591232,0.0530326,0.087974,0.0568548,0.0685706,0.1323364,0.0513828,0.0441302,0.1149474,0.0373762,0.0484244,0.1108074,0.0877736,0.0409214
0.0910202,0.039127,0.047021,0.1120226,0.0433142,0.0699388,0.0547006,0.0708034,0.0487796,0.0670032,0.0635466,0.050348,0.0608708,0.0744948,0.0539438,0.083084,0.043392,0.0442806,0.091752,0.0495266,0.047534,0.0676912,0.038532,0.0424632,0.091953,0.0401216,0.0965704,0.0533702,0.111636,0.0365028,0.047894,0.1440546,0.055187,0.060477,0.0418086,0.1045594,0.0530912,0.0791188,0.065572,0.0698636,0.1118462,0.0483772,0.128497,0.0497266,0.0500846,0.094623,0.0579924,0.0637892,0.0312654,0.0965678,0.0313846,0.071624,0.054227,0.0875712,0.0405184,0.0378398,0.0746728,0.0618302,0.0384052,0.094415,0.0514886,0.0594728,0.0528832,0.0892124,0.0575996,0.0680022,0.1360636,0.0518372,0.0443702,0.1144874,0.0374418,0.0479126,0.1098934,0.0877926,0.03941
0.091663,0.0384986,0.0479776,0.1118004,0.043971,0.0698024,0.0544592,0.0710586,0.049217,0.0678774,0.0652152,0.0504058,0.0614998,0.075894,0.0543636,0.0823016,0.0424492,0.0447536,0.0909122,0.0486,0.0479922,0.067542,0.0386914,0.0429222,0.0922138,0.0405452,0.0977958,0.0527804,0.1133188,0.0363558,0.047546,0.1476612,0.0553658,0.0605214,0.041663,0.1026034,0.0525462,0.0803664,0.0653672,0.0699304,0.1127368,0.0487798,0.1272094,0.0496506,0.0491286,0.093741,0.0574404,0.0641406,0.0314222,0.0966168,0.0311562,0.072742,0.0535068,0.0877432,0.0390346,0.0382002,0.0744032,0.0608306,0.0380706,0.0947682,0.0515538,0.0596022,0.055088,0.0902898,0.0589268,0.0685966,0.1364402,0.051678,0.0438162,0.1145564,0.0379262,0.0479088,0.1115514,0.0899028,0.0410064
0.0919146,0.0392682,0.0473758,0.1101046,0.044728,0.0698668,0.0550884,0.0708048,0.0491134,0.0674714,0.0652934,0.051089,0.0621926,0.0768806,0.0539326,0.0828808,0.0425398,0.045297,0.0906318,0.0488712,0.0485888,0.0668604,0.038797,0.043559,0.0926394,0.0398674,0.0969766,0.0533402,0.1141044,0.036207,0.0474276,0.151634,0.0556284,0.0616118,0.0420064,0.1013044,0.052341,0.081354,0.0649632,0.0688588,0.1127054,0.049485,0.1300738,0.049438,0.048643,0.0935616,0.0574484,0.0639952,0.0308324,0.096736,0.0308842,0.0726376,0.0536588,0.0885766,0.0380564,0.0377312,0.0734516,0.0597818,0.0377334,0.094672,0.0511626,0.0598138,0.0566318,0.0912226,0.0584922,0.0683404,0.1391774,0.0519796,0.0434152,0.1130184,0.0385308,0.0472468,0.1114526,0.0891042,0.0409144
0.0923378,0.039916,0.0468238,0.1097584,0.0450692,0.07097,0.0554976,0.0701682,0.049101,0.0672096,0.065013,0.0507378,0.0623246,0.0769264,0.0530646,0.0828552,0.041861,0.0445682,0.089574,0.048598,0.049619,0.0673606,0.0392286,0.043558,0.0926742,0.0397028,0.0974912,0.0528308,0.113936,0.0363096,0.0466236,0.1550162,0.0542246,0.0623726,0.0417314,0.1015594,0.0532284,0.0819156,0.0645734,0.0692088,0.1137644,0.0502342,0.1317558,0.049154,0.0481482,0.0947964,0.0568108,0.0666564,0.030611,0.0963888,0.0309824,0.0728068,0.0536632,0.0897382,0.0391188,0.0373058,0.074317,0.0599504,0.0372772,0.0946266,0.0513382,0.059935,0.0560972,0.0914412,0.0576428,0.0682708,0.1394386,0.052473,0.0430124,0.1136782,0.0382692,0.0476436,0.1123102,0.0890842,0.0413248
0.09209,0.0388414,0.046855,0.1119682,0.043781,0.0718574,0.0551638,0.0710256,0.049691,0.0681694,0.0645298,0.050571,0.0623032,0.0785396,0.0528644,0.083005,0.0425604,0.0449906,0.0899548,0.0489786,0.0485788,0.0683574,0.039349,0.0438764,0.0916598,0.0397416,0.0978256,0.0522574,0.1139888,0.0362646,0.0473446,0.1579542,0.0548592,0.0650164,0.04105,0.1017808,0.0528202,0.0814044,0.0645004,0.0678,0.114366,0.0502162,0.1321902,0.0501676,0.0508232,0.095433,0.0570676,0.0673386,0.0306834,0.096192,0.031521,0.0720316,0.054107,0.0917834,0.0386738,0.0365986,0.0752752,0.0618396,0.037266,0.094989,0.0515702,0.060517,0.0572122,0.0905822,0.0573574,0.0691068,0.1422872,0.0525402,0.043355,0.1135596,0.037116,0.047445,0.1126112,0.0897174,0.0415062
0.0932958,0.0389108,0.046829,0.1123828,0.044116,0.0709336,0.0555984,0.070649,0.0495314,0.0666722,0.0641882,0.0508172,0.0616024,0.0801242,0.0530592,0.0835418,0.0420696,0.0454774,0.0911862,0.04925,0.0491454,0.0677112,0.0392094,0.0442916,0.0925228,0.0395134,0.098407,0.0522554,0.1140934,0.036547,0.0475844,0.1598736,0.0544776,0.064531,0.0418702,0.101516,0.0520994,0.0826174,0.0640984,0.0682344,0.1145988,0.0497944,0.1320002,0.0493226,0.0508394,0.0974462,0.05706,0.0674078,0.0299608,0.094736,0.0317852,0.0732968,0.054047,0.0918464,0.0387948,0.036698,0.075569,0.0618204,0.0368924,0.0956862,0.051337,0.0608488,0.0565498,0.0901178,0.0577516,0.070008,0.1434696,0.0526858,0.0432078,0.1127038,0.0372768,0.0464696,0.1140898,0.0899866,0.0419798
0.0945914,0.03928,0.0470454,0.113074,0.043331,0.072481,0.0562672,0.0715338,0.0484414,0.0675292,0.063628,0.050336,0.062819,0.08195,0.0532586,0.083254,0.0423156,0.0452166,0.0920618,0.048488,0.0489672,0.0695664,0.0387156,0.0442132,0.0929398,0.0397494,0.0970372,0.0518186,0.1134986,0.0363626,0.047348,0.1617036,0.05485,0.0645846,0.0414336,0.1017746,0.0520824,0.083183,0.0644182,0.0687208,0.1138008,0.0504728,0.1339716,0.0499962,0.051315,0.0975154,0.056974,0.0688392,0.0300568,0.0932038,0.0325318,0.0742028,0.0538438,0.0922764,0.0387204,0.0367712,0.0759244,0.0634322,0.0371412,0.0969636,0.0519944,0.0608002,0.0561276,0.091264,0.0586474,0.071333,0.1447716,0.052871,0.0439742,0.1118526,0.0371266,0.046158,0.1137168,0.0899004,0.0420954
0.0936752,0.0392648,0.0470832,0.1127988,0.0432972,0.0738184,0.056655,0.072956,0.0488464,0.0687062,0.062842,0.0497072,0.0619526,0.0834028,0.0532694,0.0831572,0.042185,0.0456706,0.0918504,0.0485084,0.0492978,0.0690492,0.0388598,0.0435026,0.0940368,0.0393666,0.0970764,0.0520304,0.1147842,0.0368466,0.0471474,0.166276,0.0559014,0.0645834,0.0418264,0.1019738,0.0516686,0.084111,0.064382,0.069076,0.1148442,0.050685,0.1353446,0.049311,0.0523406,0.0991864,0.0572942,0.067894,0.030538,0.09319,0.0322468,0.0740104,0.0539892,0.0932248,0.0390174,0.0381092,0.07662,0.0654848,0.0361216,0.0974808,0.0516124,0.060732,0.056221,0.0917312,0.0592024,0.070917,0.1465432,0.0508544,0.0438256,0.112015,0.0374966,0.0459642,0.115223,0.0901264,0.042439
0.0947798,0.0399346,0.0464202,0.1135678,0.043803,0.074125,0.0567116,0.0733178,0.0491782,0.0694242,0.0631976,0.049376,0.061797,0.0850346,0.0534934,0.0823768,0.0416192,0.0442988,0.0922,0.0486846,0.0504298,0.0688256,0.0388566,0.0445728,0.09221,0.0392936,0.0978918,0.0519962,0.1145452,0.0369772,0.0476088,0.1682476,0.0553304,0.0653888,0.0423798,0.1009438,0.0525132,0.0845144,0.0652948,0.0700604,0.1150102,0.051276,0.1360504,0.049175,0.0514628,0.0989276,0.0576104,0.0686456,0.0310942,0.094414,0.0319852,0.073399,0.054031,0.0939004,0.0387924,0.0380196,0.0780592,0.0674746,0.035019,0.0950332,0.0512274,0.0612124,0.057289,0.0919632,0.0591226,0.0699652,0.1496718,0.0509048,0.0436572,0.1124162,0.037025,0.0459686,0.115722,0.0893982,0.0425426
0.0955674,0.0408316,0.046732,0.1140156,0.0448928,0.075313,0.0570282,0.0738444,0.0497936,0.0698008,0.0631156,0.048993,0.0626704,0.088111,0.0536192,0.0835094,0.0418992,0.0436042,0.0922612,0.0479742,0.0501342,0.0690718,0.0393844,0.0443222,0.092852,0.03943,0.0989024,0.0521652,0.116128,0.0370702,0.0478466,0.1693466,0.0547188,0.0654944,0.0413038,0.1013968,0.051072,0.0844584,0.0656162,0.0698578,0.1157426,0.051172,0.1359632,0.049129,0.0514226,0.0982512,0.057574,0.0673146,0.0306754,0.0948474,0.03103,0.073975,0.053754,0.0941934,0.0388888,0.0391752,0.0785978,0.0673544,0.0352262,0.0950438,0.0515452,0.061706,0.059238,0.0914204,0.0592686,0.070232,0.1529762,0.0510812,0.0426424,0.113699,0.0371578,0.0465058,0.1175032,0.0888114,0.0418204
0.0970432,0.0407238,0.0470514,0.1151692,0.045502,0.0766112,0.0575244,0.0733798,0.0494412,0.0694162,0.0629854,0.0492438,0.0628106,0.0896444,0.0531862,0.0835922,0.0418176,0.0434458,0.0927002,0.0477418,0.0507144,0.0688868,0.0396628,0.0448576,0.0921602,0.039742,0.0982644,0.0533544,0.1173,0.0365994,0.0474016,0.171615,0.0556146,0.0672182,0.0414582,0.1028846,0.0515842,0.0839692,0.0652426,0.0703766,0.1157902,0.0508598,0.1360452,0.0488232,0.051199,0.0979838,0.057788,0.0677504,0.029604,0.0945566,0.0311688,0.0742698,0.0543832,0.094163,0.038309,0.039634,0.0789386,0.0681834,0.0357238,0.0943298,0.0524424,0.063016,0.0611562,0.0912304,0.0588024,0.070056,0.1570912,0.0518506,0.0427302,0.1144408,0.0370296,0.0454398,0.1192176,0.0896384,0.0427498
0.0965298,0.0404804,0.0473664,0.1140188,0.0452228,0.0760774,0.057623,0.072349,0.0490688,0.0684126,0.0616964,0.0496376,0.0628156,0.09241,0.0525168,0.0838316,0.0418236,0.0448978,0.0941886,0.0478258,0.0509738,0.0679254,0.0397994,0.0449878,0.0914408,0.0398852,0.099777,0.0534806,0.1162928,0.036276,0.0478336,0.1761992,0.0575752,0.0664004,0.041546,0.1012478,0.052288,0.0842374,0.0651298,0.0709158,0.1164466,0.0506196,0.1356914,0.0493142,0.0508428,0.09729,0.0575364,0.0676144,0.0302472,0.0933768,0.0320076,0.074692,0.0534414,0.0959246,0.038549,0.0396192,0.0792066,0.0680504,0.0353464,0.0951654,0.0525614,0.0631944,0.0615312,0.0909704,0.0608734,0.0695,0.1591266,0.052355,0.0434016,0.1139346,0.0373778,0.046065,0.1186428,0.0881422,0.042026
0.0975796,0.0411318,0.0473368,0.1152384,0.0447476,0.0768128,0.058524,0.0726628,0.0485522,0.0692654,0.0619732,0.0499062,0.063255,0.0955646,0.0526192,0.0839688,0.041916,0.0445538,0.09591,0.0490016,0.0524196,0.0671328,0.0400438,0.0454876,0.0934168,0.0397762,0.1011098,0.0539124,0.1176808,0.0362184,0.0472698,0.1797004,0.056688,0.067257,0.0412182,0.1016194,0.0518164,0.0839388,0.0649968,0.0705014,0.1174454,0.0512212,0.137234,0.0501672,0.0498064,0.0981946,0.0569258,0.0681786,0.0300886,0.0928154,0.0320886,0.07478,0.0534682,0.096855,0.0378994,0.038977,0.0791678,0.0685784,0.0349344,0.095103,0.0525962,0.0629582,0.060454,0.090848,0.060434,0.069453,0.157898,0.054766,0.0433406,0.1143186,0.0373528,0.0456452,0.1179912,0.0873944,0.0411978
0.0988036,0.0410268,0.0478496,0.1174456,0.0448942,0.077404,0.058152,0.0738502,0.0493196,0.0703846,0.0611384,0.0507904,0.0629084,0.0995552,0.0518454,0.0843882,0.0420546,0.0442944,0.096674,0.0491046,0.0526876,0.0674356,0.0402448,0.0453646,0.0944612,0.0394406,0.101217,0.0547958,0.1165976,0.0364552,0.0478396,0.179065,0.057504,0.0664404,0.0408364,0.1014156,0.0517194,0.0852972,0.0648572,0.0699618,0.1151154,0.0508954,0.1355998,0.0504366,0.0496824,0.0985458,0.0570176,0.0671442,0.0299976,0.0917046,0.0319662,0.0773768,0.0541066,0.0983352,0.0380182,0.038889,0.079452,0.0687368,0.034302,0.0956306,0.0529028,0.0612944,0.0608272,0.0920354,0.0604404,0.0692072,0.1605668,0.0553808,0.0433058,0.1129988,0.0372228,0.0466878,0.1180384,0.087314,0.041618
0.0985584,0.041,0.0481402,0.1175596,0.044598,0.076548,0.0593362,0.0749124,0.0491828,0.0698024,0.0620018,0.04979,0.0635288,0.1001976,0.0525884,0.0847484,0.042288,0.04414,0.0966334,0.0486644,0.0527678,0.0679902,0.0391484,0.0456344,0.0964038,0.0395126,0.100741,0.0546502,0.116078,0.0368878,0.0478668,0.1771166,0.0547784,0.066584,0.041368,0.1011334,0.0529216,0.084871,0.0647536,0.0708124,0.115848,0.051183,0.1366024,0.0509028,0.0501514,0.0992332,0.0570384,0.0677748,0.029601,0.091459,0.0321334,0.0764284,0.0536326,0.0982802,0.0377642,0.0388494,0.0807712,0.0685648,0.0338238,0.0950376,0.0533726,0.0610488,0.0589454,0.0929542,0.0615486,0.0694002,0.163002,0.0550582,0.0442394,0.113136,0.0375086,0.0469462,0.1196498,0.0885696,0.0417646
0.0987782,0.0403904,0.0491278,0.1169536,0.0444718,0.0762668,0.0592478,0.0755246,0.0498888,0.068679,0.0627838,0.0523498,0.0639608,0.102124,0.0530556,0.084846,0.0421014,0.0447684,0.0960716,0.0496656,0.0521312,0.0681736,0.0391478,0.045826,0.0964814,0.0392164,0.1000636,0.0538416,0.117305,0.0366398,0.0482754,0.1784122,0.0558898,0.0664266,0.0409676,0.1028888,0.0529772,0.0840886,0.0648044,0.0703232,0.1145088,0.0515126,0.1368638,0.0509382,0.0505468,0.100864,0.0570254,0.0676822,0.0298874,0.0913774,0.031989,0.075074,0.0537664,0.0996794,0.0382454,0.038951,0.0813324,0.06987,0.0336064,0.0941156,0.054039,0.061777,0.057911,0.0917298,0.0608388,0.0690866,0.1633676,0.0546472,0.044161,0.112975,0.038586,0.0468252,0.1218702,0.0894652,0.0423656
0.098269,0.0395992,0.0489372,0.115932,0.0440224,0.0752248,0.0599852,0.0758854,0.049926,0.0692096,0.0633414,0.0527108,0.0630742,0.1052598,0.0531496,0.0855176,0.0419886,0.0444814,0.097144,0.0490614,0.0525998,0.0674804,0.0395334,0.045883,0.0969976,0.0394312,0.1002458,0.0536592,0.1189834,0.0371826,0.0477472,0.1791472,0.0560406,0.067347,0.0410976,0.1040706,0.0534954,0.0844256,0.0641466,0.0696102,0.1166826,0.051992,0.136824,0.0502846,0.050641,0.1025708,0.056681,0.0671446,0.0300068,0.092276,0.0326402,0.0763148,0.053724,0.0993834,0.0380258,0.0394882,0.08284,0.0710086,0.0335718,0.093666,0.0537912,0.062681,0.0584692,0.0921536,0.0613104,0.0696594,0.165011,0.0550412,0.0435948,0.1133966,0.0383588,0.0461024,0.123152,0.0899204,0.0417726
0.0982978,0.0391626,0.049085,0.1149106,0.044328,0.0752188,0.061183,0.075166,0.0499568,0.0694864,0.063887,0.0532708,0.0639824,0.1038216,0.052746,0.0849034,0.040954,0.0446596,0.097928,0.0486144,0.0525674,0.0674384,0.0396666,0.0452186,0.0997134,0.038591,0.0995154,0.053429,0.1189408,0.0367342,0.0474014,0.1787182,0.0549468,0.0669542,0.041563,0.104033,0.0525746,0.085579,0.0647208,0.0706298,0.1170582,0.0510736,0.1375704,0.050003,0.0505548,0.1044874,0.056168,0.0669326,0.0310494,0.0925856,0.0324676,0.0769962,0.0542504,0.100744,0.0388864,0.0396126,0.0828704,0.070544,0.033264,0.0934604,0.05393,0.063886,0.0608036,0.0922934,0.0624196,0.0711306,0.1644184,0.0555696,0.0433948,0.1131558,0.0388776,0.0464214,0.123282,0.0907282,0.0421858
0.0981558,0.038999,0.0486024,0.114066,0.0447124,0.0749352,0.06208,0.075324,0.0504446,0.071471,0.0644752,0.0530986,0.0627106,0.1081966,0.05331,0.084029,0.0413884,0.0449166,0.0983326,0.0484452,0.052313,0.066598,0.0394152,0.0451062,0.0991504,0.0389882,0.099295,0.0538886,0.1179004,0.0368822,0.0468454,0.1815288,0.056032,0.0684134,0.042248,0.1027798,0.0520614,0.083009,0.0648582,0.07038,0.1182694,0.05007,0.1371622,0.0502756,0.0503162,0.103817,0.0560562,0.067448,0.030424,0.092905,0.032956,0.0766164,0.0544504,0.0993788,0.0398936,0.0391494,0.0829288,0.0706058,0.0331942,0.0928,0.0548812,0.062347,0.0606678,0.0911896,0.062192,0.07177,0.1649722,0.0553496,0.0436934,0.1133254,0.0388844,0.0469398,0.1242258,0.0899518,0.0422502
0.0981686,0.0391944,0.0481642,0.1150202,0.0444968,0.075916,0.0633832,0.074453,0.050317,0.070758,0.064757,0.0531298,0.064079,0.110945,0.0531898,0.0841648,0.0414212,0.044921,0.099395,0.0497582,0.0529168,0.0663008,0.0395904,0.0459876,0.0992932,0.0391288,0.0991892,0.053945,0.1171194,0.0367144,0.0458406,0.1831234,0.0562434,0.0673394,0.0423338,0.1020442,0.0515412,0.0837308,0.0636764,0.0694892,0.1199248,0.0501078,0.1361892,0.0495246,0.0503004,0.107227,0.0559324,0.0666228,0.031237,0.0917568,0.0326596,0.0761614,0.0555636,0.0995894,0.0401728,0.041815,0.0842156,0.0707956,0.0328492,0.091578,0.0544652,0.0623828,0.060325,0.0918532,0.0621256,0.0717808,0.1664796,0.0550912,0.0430446,0.113995,0.0390856,0.046963,0.1255658,0.0910722,0.0416126
0.0978516,0.0391178,0.04804,0.1142102,0.0453248,0.0749842,0.0636056,0.0752384,0.0508292,0.0715268,0.0650424,0.0529886,0.0644852,0.1134814,0.0524322,0.085066,0.0408804,0.0452846,0.0993246,0.05031,0.0540862,0.0673836,0.0393884,0.0468578,0.1003308,0.0390274,0.0996858,0.0527834,0.1153278,0.0365428,0.0464436,0.187593,0.0558726,0.0687068,0.0428582,0.102393,0.0523392,0.0833958,0.0645558,0.069326,0.1191552,0.0504666,0.1369776,0.0499394,0.0504436,0.1074214,0.0567478,0.0673804,0.0309314,0.0924812,0.0327606,0.0752482,0.0555268,0.0990576,0.0395074,0.042349,0.0845706,0.0715198,0.0334068,0.0912058,0.0532072,0.0620574,0.060537,0.0936616,0.0626894,0.0723998,0.1668594,0.055097,0.0441988,0.1141534,0.0385372,0.0468748,0.1261176,0.0928448,0.0412126
0.0971812,0.0394708,0.0470838,0.1138,0.0458486,0.0752036,0.0630856,0.0751812,0.0504914,0.0725894,0.0651956,0.0533398,0.0646398,0.116466,0.052724,0.0851438,0.0413804,0.0456266,0.101008,0.0497902,0.0545574,0.0679946,0.039058,0.0470034,0.1003606,0.0392226,0.0997144,0.0531184,0.1155886,0.0367264,0.046441,0.1917748,0.056148,0.0690008,0.0429588,0.1023958,0.05192,0.0846086,0.0649502,0.0702562,0.1189084,0.0509516,0.1381874,0.0491464,0.0499066,0.1087394,0.0564976,0.0679186,0.0308262,0.0965812,0.0329714,0.075652,0.0553244,0.1006056,0.0398296,0.0416758,0.0846152,0.0716946,0.0329104,0.0924094,0.0532188,0.0615304,0.0603334,0.0945556,0.0631388,0.072197,0.1682788,0.0552676,0.0446426,0.1123834,0.0383844,0.0475898,0.1262792,0.0928654,0.0412786
0.0983054,0.0403132,0.0470612,0.1126718,0.04606,0.0742402,0.0644182,0.075359,0.0516784,0.0722204,0.0661932,0.0526018,0.0642746,0.1201278,0.0529064,0.085244,0.041669,0.0464248,0.0997172,0.050588,0.0536692,0.0663828,0.038717,0.047019,0.1016308,0.0396966,0.0997478,0.0525416,0.1149746,0.0368868,0.045949,0.1914008,0.0558674,0.0694486,0.0435204,0.102262,0.053027,0.0852706,0.06496,0.0703244,0.1197586,0.0501124,0.138541,0.0501644,0.0498042,0.1091856,0.0567708,0.0671142,0.0310334,0.0959968,0.033805,0.0750922,0.0552776,0.1011826,0.039524,0.0419624,0.0855794,0.0722692,0.033414,0.0917908,0.053779,0.0608268,0.060242,0.0951396,0.0632998,0.0726072,0.169037,0.0553466,0.0446132,0.1118148,0.038631,0.0473418,0.1254986,0.0935256,0.0412024
0.098013,0.040313,0.0473136,0.1125084,0.0465016,0.0746308,0.0660304,0.0755744,0.0512216,0.0730502,0.0655666,0.0521988,0.0640954,0.12296,0.053083,0.0849044,0.0421612,0.0468676,0.0993786,0.0503452,0.0547132,0.0665128,0.0391768,0.0466634,0.1016974,0.0387196,0.099578,0.0529364,0.113834,0.037163,0.045789,0.191195,0.0557188,0.0711946,0.043578,0.103419,0.0531628,0.0865022,0.064448,0.0697664,0.1187966,0.0506634,0.138331,0.0500434,0.0503744,0.1090226,0.0575006,0.0678684,0.0309248,0.0960814,0.0340456,0.0758422,0.0546358,0.1027442,0.0390974,0.0415328,0.0868298,0.0744006,0.034207,0.0927666,0.053219,0.0617756,0.061754,0.0945574,0.061623,0.073341,0.1704738,0.055369,0.044639,0.1126916,0.0376222,0.0466262,0.1253972,0.093973,0.0417818
0.0993254,0.0404524,0.0478388,0.112204,0.04599,0.0739502,0.0667336,0.0761814,0.0512956,0.0743248,0.0658504,0.0519338,0.064266,0.12655,0.0524816,0.0846752,0.0421484,0.0477076,0.0995432,0.0497074,0.0537656,0.0667636,0.0389112,0.046148,0.101508,0.0389012,0.0993642,0.0518884,0.1150884,0.0370264,0.0450774,0.1916476,0.05518,0.071125,0.0436704,0.103983,0.0529118,0.0857384,0.0642728,0.069393,0.1210684,0.0508464,0.1380638,0.0512546,0.0505738,0.110247,0.057528,0.0683226,0.0310018,0.0956778,0.0336094,0.076198,0.0545494,0.1031,0.0395152,0.0421498,0.0860972,0.0754208,0.0344184,0.0919988,0.0534416,0.0612806,0.0620866,0.095035,0.0616166,0.0737262,0.1718554,0.0545534,0.0445446,0.1151084,0.0369632,0.0465172,0.1246186,0.0935198,0.041429
0.1010526,0.0405282,0.0485644,0.1156204,0.0457692,0.0734148,0.0678252,0.0755704,0.05062,0.0743562,0.0657804,0.0517188,0.0656298,0.1304906,0.0514952,0.0833678,0.0422072,0.04786,0.1012052,0.0496138,0.0529092,0.0670118,0.0393426,0.0465618,0.1012208,0.0393524,0.0993136,0.0526644,0.1155382,0.0363776,0.045093,0.1928088,0.054711,0.0734088,0.0439344,0.1045616,0.0520948,0.0866012,0.0645274,0.0697328,0.1197464,0.0506964,0.1371666,0.0517508,0.050861,0.1120662,0.0575672,0.068005,0.0306996,0.0963584,0.0334496,0.0759846,0.0531764,0.1039776,0.0389734,0.041374,0.087044,0.0758704,0.0337282,0.0913654,0.0533916,0.0605422,0.0617434,0.0924936,0.0618302,0.0741098,0.1729294,0.0540244,0.0444368,0.1138932,0.0370228,0.0464542,0.1249266,0.0931318,0.0419142
0.1034464,0.039846,0.0494672,0.115999,0.045934,0.072708,0.0672986,0.075762,0.0513876,0.0758862,0.064482,0.0513434,0.0643898,0.1337436,0.0512294,0.082989,0.042315,0.048697,0.10111,0.0488358,0.0530988,0.0672034,0.0385978,0.0465244,0.102705,0.0389932,0.0990622,0.0530402,0.1160578,0.036617,0.0445208,0.1954992,0.0556022,0.0744642,0.0448438,0.1045628,0.0522208,0.0887876,0.0646224,0.0705636,0.1169868,0.0496758,0.1395762,0.0516326,0.0510826,0.1143324,0.0575768,0.0690668,0.0306744,0.0966962,0.0335092,0.0769194,0.0530582,0.1053156,0.0391618,0.041392,0.0885118,0.0768288,0.0336322,0.0914472,0.0534298,0.06014,0.0620662,0.09153,0.0613122,0.0738048,0.1705272,0.0537244,0.0444848,0.1146902,0.0368316,0.0466376,0.126436,0.0930868,0.0414298
0.103387,0.0402784,0.0506076,0.1159128,0.0455624,0.0725706,0.067154,0.075855,0.0502414,0.0770748,0.0640968,0.051752,0.0640644,0.1341424,0.050833,0.0838518,0.0414108,0.0479764,0.1005202,0.0485274,0.0539936,0.0716618,0.0387104,0.0465604,0.1016174,0.0388346,0.1000018,0.0536292,0.1160596,0.0366432,0.0447722,0.197695,0.0549278,0.07212,0.045103,0.1043848,0.0529814,0.0887594,0.0640868,0.0698724,0.1180868,0.0503292,0.1404472,0.052233,0.050461,0.1162436,0.0574954,0.069554,0.030828,0.095844,0.0334926,0.077728,0.053091,0.1059118,0.0391446,0.0408546,0.0882688,0.0775292,0.0336116,0.0915046,0.0535408,0.0594124,0.0612502,0.093306,0.061907,0.0744488,0.1735248,0.0539288,0.044966,0.1161086,0.0371662,0.0467564,0.1267574,0.0921984,0.041236
0.1043718,0.0403238,0.0501142,0.1149668,0.0461652,0.0718514,0.0677336,0.0756848,0.0505592,0.0774106,0.0638562,0.0522672,0.063962,0.1361876,0.0506966,0.0836164,0.0407424,0.0481594,0.1010608,0.047618,0.0530256,0.0714208,0.0387438,0.0476214,0.1018874,0.0388938,0.0994344,0.0538056,0.1160722,0.0363748,0.0445918,0.1970806,0.0543462,0.072012,0.0442126,0.1037148,0.0529982,0.0903426,0.0638612,0.069746,0.1170412,0.0509866,0.1406088,0.0520782,0.0504748,0.1185954,0.0584118,0.0701778,0.0311428,0.096338,0.0324452,0.0788644,0.0528346,0.106881,0.0399966,0.0415358,0.0896256,0.0788108,0.0339254,0.0913028,0.0529206,0.0600976,0.0602886,0.0942542,0.0615014,0.0748068,0.1727582,0.0531862,0.0446384,0.1165432,0.0372784,0.0460698,0.1294156,0.0922098,0.0409496
0.1054272,0.0403894,0.0501226,0.1157668,0.0456566,0.0727192,0.0695746,0.0763338,0.0502046,0.078229,0.0628746,0.0526184,0.0627646,0.1395288,0.0516336,0.0844134,0.0410244,0.0484874,0.1019756,0.0478854,0.0529188,0.0712478,0.037714,0.047722,0.1020826,0.039723,0.1023224,0.0533452,0.1167426,0.036212,0.0443418,0.197888,0.0540786,0.0697184,0.0447858,0.1034714,0.0535058,0.0904336,0.0632132,0.0700908,0.1182808,0.0514626,0.1392426,0.0521628,0.051495,0.1182866,0.0580524,0.0696134,0.0311504,0.096439,0.031975,0.0791574,0.0525554,0.1078584,0.0402444,0.0418272,0.0901106,0.0798498,0.0333704,0.0933252,0.053029,0.059986,0.0613906,0.0950026,0.0606702,0.0753174,0.1754682,0.053774,0.0445586,0.1148996,0.0381288,0.046044,0.1295128,0.091739,0.0411324
0.1057886,0.0406408,0.0509976,0.1150472,0.045457,0.0727282,0.0694602,0.076731,0.0511588,0.077392,0.063321,0.0524732,0.0628102,0.1438108,0.0518484,0.0835862,0.0406478,0.0490632,0.1016758,0.0485754,0.0525782,0.0714996,0.0377044,0.047241,0.1015328,0.0395224,0.1025058,0.0538614,0.116272,0.0363088,0.0436864,0.1987004,0.0536234,0.070117,0.0446708,0.1047238,0.0543148,0.0913944,0.063374,0.0703974,0.1178252,0.0519992,0.1396414,0.052385,0.0515984,0.1200646,0.0584752,0.0683168,0.0311986,0.0969932,0.0321866,0.0798038,0.0522266,0.1075626,0.0400658,0.0417904,0.0902112,0.0795382,0.0389574,0.0967842,0.053163,0.0630294,0.0609336,0.0963198,0.060697,0.0744892,0.1763852,0.0540388,0.04527,0.114151,0.0378948,0.0461494,0.1319314,0.093193,0.041742
0.1052512,0.042077,0.0499574,0.1159598,0.0453638,0.0760574,0.0706112,0.0767362,0.0513218,0.0779454,0.0626822,0.0521088,0.0641208,0.145838,0.0507972,0.0829484,0.0402968,0.0486052,0.1042228,0.0487794,0.0527828,0.0711816,0.0376186,0.0468452,0.1013862,0.0389524,0.102254,0.0549712,0.1170426,0.0359114,0.0434462,0.1976852,0.0537494,0.070459,0.0449024,0.104138,0.0537036,0.0915044,0.0645104,0.0700944,0.1180674,0.0533328,0.1388248,0.0526124,0.0513364,0.1206602,0.0585236,0.0689256,0.031054,0.0967176,0.032605,0.080212,0.0533106,0.1086204,0.0399092,0.0420356,0.091222,0.0803424,0.0390964,0.0979676,0.0533932,0.0630958,0.061169,0.0965456,0.0611618,0.0757514,0.1784874,0.0534806,0.0448998,0.1122964,0.0384226,0.046288,0.1314578,0.0941598,0.0407466
0.106168,0.0418034,0.04905,0.1185196,0.0447152,0.0764894,0.0710228,0.0775666,0.0516356,0.0771054,0.0624836,0.0518366,0.0638986,0.1518558,0.0520586,0.0824054,0.0408092,0.0487968,0.1057628,0.0496848,0.0534788,0.0702644,0.0384602,0.0468578,0.102156,0.0389688,0.102922,0.0557342,0.1175164,0.0357992,0.0441798,0.197597,0.053684,0.0712756,0.0448666,0.1053424,0.0531076,0.0923524,0.0645886,0.0696264,0.120039,0.0528122,0.138409,0.0521234,0.0512312,0.1221678,0.0583282,0.0699006,0.0316556,0.0956234,0.0324438,0.0812146,0.0533934,0.1096962,0.0396602,0.0413156,0.0921202,0.081045,0.0399996,0.0967564,0.0538694,0.0639546,0.0609474,0.0963942,0.0602714,0.0756828,0.1752024,0.0524982,0.0448724,0.1135298,0.0385874,0.0473158,0.1309288,0.0940432,0.0406712
0.10425,0.0414736,0.0497408,0.1195066,0.0452362,0.0765176,0.0715472,0.07723,0.052382,0.0785864,0.0623488,0.051787,0.0634662,0.1533056,0.0515754,0.0822048,0.040773,0.0482526,0.1063812,0.0496364,0.0534048,0.0701504,0.0388146,0.0469008,0.1014882,0.0393414,0.103643,0.0560288,0.1173158,0.035861,0.0439718,0.1967814,0.0533408,0.0716588,0.045455,0.1059236,0.0542666,0.0928906,0.0639868,0.070251,0.1206122,0.0531592,0.1422764,0.052154,0.050513,0.1224496,0.057599,0.0705344,0.0317004,0.0953166,0.0332456,0.0811154,0.053107,0.1093446,0.0391134,0.0409942,0.0922086,0.0831932,0.0403982,0.0950828,0.0531376,0.0638182,0.0608312,0.0951904,0.0601762,0.0771608,0.1750748,0.051853,0.0446582,0.1144572,0.037874,0.048023,0.1319468,0.0941616,0.0410618
0.1027492,0.0417854,0.0505366,0.1194514,0.0454102,0.0764434,0.0724284,0.0769804,0.0536944,0.0781894,0.0639926,0.051396,0.0653018,0.153501,0.0520836,0.082824,0.040248,0.0480908,0.1058218,0.0498444,0.054438,0.0686032,0.038453,0.0467506,0.1011402,0.0398662,0.1047546,0.0564166,0.1182086,0.0360804,0.0447432,0.1983804,0.0539964,0.0722486,0.0458682,0.1071128,0.0532308,0.0922102,0.0640524,0.0712528,0.1212754,0.054221,0.1429746,0.0520544,0.0506794,0.1233288,0.0589274,0.0713366,0.0322982,0.0976316,0.032992,0.081177,0.052471,0.1107612,0.0392202,0.04099,0.0923702,0.0819182,0.0398904,0.0951986,0.054009,0.0636818,0.0614576,0.0948386,0.060174,0.078035,0.1764532,0.052316,0.0443878,0.115444,0.038039,0.0483574,0.1337848,0.0939208,0.0400152
0.1018816,0.0419506,0.0509952,0.1181926,0.0456482,0.0771488,0.072004,0.0768134,0.0533932,0.0792036,0.0643348,0.0509314,0.0667956,0.1527054,0.0516476,0.0810254,0.0397754,0.0486266,0.1066634,0.0499384,0.0553356,0.0688904,0.0388484,0.0467074,0.1007898,0.0403592,0.1056736,0.0562544,0.1177376,0.036783,0.0448128,0.199066,0.0539492,0.0726856,0.045765,0.1078368,0.0547618,0.0929368,0.0639794,0.0695076,0.1187016,0.054607,0.142884,0.052999,0.0504202,0.1248406,0.0585712,0.0700852,0.0324204,0.0987824,0.0329746,0.0827582,0.0516296,0.1105064,0.040158,0.0409374,0.0942916,0.0817792,0.0401204,0.0951148,0.0551634,0.0639102,0.0620246,0.0948396,0.0607834,0.0785034,0.1778558,0.0519368,0.0436928,0.1143528,0.0381494,0.0482126,0.1336716,0.0936052,0.0396604
0.103077,0.0420696,0.0509314,0.1176196,0.0460334,0.0762888,0.073006,0.0766876,0.0544988,0.079384,0.0648436,0.0509942,0.0665216,0.1560418,0.0508566,0.082086,0.0408474,0.0481002,0.1075138,0.0488792,0.0549594,0.0695528,0.0392938,0.046706,0.1019384,0.040295,0.1053256,0.0551294,0.117325,0.0363252,0.0440006,0.1973268,0.0535638,0.0731074,0.046614,0.107469,0.054521,0.093254,0.0640946,0.0697976,0.1181102,0.0537392,0.1411064,0.0537298,0.049631,0.1269184,0.059139,0.0707424,0.032457,0.0979418,0.033449,0.0823228,0.052229,0.1084186,0.0400668,0.0405156,0.094245,0.0839376,0.0407896,0.0955824,0.0550796,0.0641316,0.062373,0.0965352,0.0600692,0.0807618,0.1788916,0.051189,0.0438816,0.1141528,0.0380556,0.0510156,0.1339886,0.0941836,0.039234
0.1041928,0.041599,0.050354,0.1172166,0.0459934,0.0762436,0.0736222,0.076026,0.0537024,0.0799354,0.0641286,0.050752,0.0663226,0.1590186,0.0506656,0.0817578,0.0412174,0.0473478,0.1088868,0.0488534,0.0554576,0.0702008,0.039443,0.045589,0.102816,0.0407958,0.106488,0.054272,0.117442,0.0361462,0.0439458,0.1987892,0.053344,0.074652,0.0469944,0.1094888,0.0549874,0.0930622,0.063846,0.0700388,0.117435,0.0545434,0.1401902,0.05368,0.0493942,0.1288952,0.0588314,0.0702316,0.0321966,0.0984632,0.0329482,0.0826776,0.052543,0.1078178,0.039849,0.0402602,0.0945674,0.0840594,0.0405942,0.09524,0.0546938,0.0642312,0.0618572,0.0959174,0.0597074,0.0798678,0.1766688,0.0509816,0.0438594,0.114297,0.038,0.0507608,0.1347682,0.0939952,0.039738
0.1021726,0.0407038,0.0506098,0.1189722,0.045197,0.0772142,0.072962,0.0753774,0.0531536,0.0788,0.0638032,0.0508376,0.065973,0.1613336,0.0521896,0.0818676,0.0408538,0.0474794,0.1103892,0.0490282,0.0553288,0.0704874,0.039569,0.0452558,0.1033924,0.040249,0.108272,0.0544084,0.1160378,0.0359028,0.0435064,0.1992394,0.0542274,0.0758482,0.0476528,0.109541,0.053976,0.0930544,0.0639508,0.0703116,0.118646,0.054804,0.1428316,0.053484,0.0491728,0.1285712,0.0590212,0.071645,0.0325444,0.1000832,0.0330058,0.0825658,0.0530972,0.1093468,0.0392426,0.04085,0.0939522,0.083739,0.0408522,0.097181,0.0544054,0.0642096,0.0622904,0.096543,0.059763,0.0800152,0.1785504,0.0515978,0.0445262,0.1147794,0.0379902,0.0508262,0.133422,0.0938528,0.0408072
0.101547,0.0404496,0.0501206,0.1194686,0.0450932,0.0776806,0.0730416,0.0751824,0.053221,0.080205,0.0625574,0.051381,0.0666746,0.1638702,0.0519712,0.0822258,0.039841,0.0486546,0.1113492,0.0483454,0.055195,0.0709188,0.0394636,0.0451864,0.1035656,0.040563,0.107101,0.054759,0.1148132,0.0361358,0.0429978,0.1960562,0.0538254,0.0761788,0.048798,0.1095172,0.0538912,0.092264,0.063852,0.0715654,0.1202242,0.0538002,0.1431818,0.0534142,0.0488168,0.1297206,0.0583784,0.071936,0.0325156,0.0999786,0.0327146,0.0819542,0.0521952,0.1115914,0.0398606,0.0402782,0.094412,0.0845406,0.0409336,0.0980824,0.054055,0.0649502,0.062164,0.0982256,0.0598248,0.0807874,0.1808916,0.052003,0.0448178,0.1146644,0.0386388,0.0504508,0.1327728,0.0938608,0.0423816
0.1024356,0.0406954,0.0501504,0.1202898,0.0454202,0.0785608,0.0734492,0.0750328,0.0522298,0.079944,0.0629056,0.0512876,0.0669598,0.1640244,0.0523888,0.0826788,0.0393262,0.0478668,0.1107252,0.0473238,0.0555076,0.071885,0.0401678,0.045583,0.1031578,0.0406096,0.1090954,0.0557206,0.1138104,0.0359726,0.0428028,0.1996496,0.054093,0.0771204,0.0482128,0.1093232,0.05359,0.0914502,0.062688,0.0715522,0.1212548,0.053344,0.1438994,0.05398,0.0486248,0.1313768,0.0590038,0.0729692,0.0323518,0.1010364,0.0321822,0.0817704,0.051966,0.113038,0.0397386,0.0411662,0.0967802,0.0855754,0.0408042,0.097996,0.0540184,0.0642964,0.0620074,0.0986308,0.0593592,0.0826064,0.1823582,0.052134,0.044789,0.1132566,0.039355,0.050987,0.134453,0.0943676,0.0421868
0.103256,0.0405636,0.0497176,0.1219944,0.0455346,0.0794124,0.073444,0.0754616,0.0526854,0.0806762,0.0625166,0.0521752,0.0664296,0.161537,0.0530718,0.083161,0.0395234,0.0483378,0.1108842,0.047157,0.0554848,0.072059,0.0391414,0.0457338,0.1035782,0.040347,0.1084806,0.0566896,0.1152064,0.0358628,0.0434768,0.1986296,0.0553138,0.0770882,0.0483744,0.1101682,0.0533338,0.0919436,0.0612514,0.0719792,0.1221506,0.0543318,0.1454174,0.0535932,0.0492228,0.1340076,0.0585352,0.0717722,0.0330138,0.1003516,0.0321886,0.081526,0.052295,0.1121366,0.039395,0.0410932,0.0994476,0.0874682,0.0414258,0.0976728,0.0540402,0.0663276,0.061847,0.0978246,0.0598026,0.0828754,0.1812516,0.0520042,0.044866,0.1134476,0.0391016,0.0504778,0.1346324,0.0938408,0.0423598
0.10452,0.0400866,0.0494126,0.120349,0.0451446,0.0788696,0.0750402,0.075428,0.0526092,0.0823462,0.0622616,0.0515968,0.067182,0.1645562,0.0523512,0.0831204,0.0392338,0.0484256,0.1118376,0.0475598,0.0553242,0.0717656,0.038845,0.0452804,0.1033666,0.0406546,0.1085552,0.0561516,0.115704,0.0363242,0.0430432,0.1974364,0.0544536,0.0771614,0.0490294,0.1082948,0.0532398,0.0922834,0.061623,0.0721008,0.1220612,0.0545488,0.1447818,0.0539086,0.0492198,0.1386138,0.0586776,0.0729508,0.0326676,0.1001882,0.032014,0.0821132,0.0517524,0.1122904,0.0407792,0.0410456,0.0979084,0.0882256,0.0404122,0.0978968,0.0537102,0.066541,0.0622454,0.0979676,0.061024,0.0839676,0.182262,0.0520548,0.0448948,0.1122688,0.038474,0.0505236,0.1355874,0.0942852,0.0430984
0.1048364,0.0402828,0.0492626,0.121164,0.0452462,0.0788432,0.07567,0.0757878,0.0534992,0.083002,0.06208,0.0503374,0.0677572,0.165989,0.051528,0.08617,0.0393714,0.0488942,0.1136684,0.0475208,0.0561928,0.0727126,0.038956,0.0453304,0.1033894,0.0411844,0.1095296,0.0552034,0.11497,0.036012,0.0422816,0.1948262,0.0544718,0.0788044,0.0486998,0.1088772,0.0541444,0.0931736,0.0611008,0.0716806,0.1257056,0.0543844,0.1434842,0.0532886,0.0496828,0.137226,0.0587986,0.0729018,0.0325716,0.1015008,0.032245,0.0824092,0.052937,0.115534,0.0408582,0.0406198,0.0976308,0.0891286,0.0402274,0.0976056,0.053356,0.066938,0.0616014,0.0976354,0.0600526,0.083913,0.1805676,0.0520524,0.0448042,0.1131754,0.0388966,0.0506534,0.1358854,0.0936424,0.0429394
0.106025,0.040104,0.0495576,0.1201622,0.0450008,0.079279,0.0769446,0.0762796,0.0543516,0.0831684,0.0619206,0.0498938,0.0679424,0.1630098,0.0518502,0.0875076,0.0394862,0.0479536,0.1156106,0.0470616,0.0564396,0.073288,0.039228,0.044451,0.1036038,0.040906,0.1094976,0.054796,0.1162824,0.0361222,0.0420366,0.1938398,0.0548866,0.0799578,0.0487036,0.108642,0.0552576,0.0939952,0.0615886,0.0719732,0.125221,0.0540806,0.143691,0.054016,0.0511938,0.140602,0.059201,0.0729256,0.0316422,0.1034928,0.0320882,0.082701,0.052142,0.113765,0.0416868,0.0406048,0.0979112,0.089334,0.0408844,0.0989666,0.0528608,0.0674664,0.061242,0.0977688,0.0603502,0.0868588,0.180979,0.0523422,0.0445616,0.1145038,0.0384032,0.0510226,0.1371416,0.094943,0.0424452
0.1062228,0.0398364,0.0507586,0.120486,0.0442092,0.0801568,0.076093,0.0761686,0.0539896,0.083192,0.0614524,0.0497592,0.0687922,0.1642808,0.0521874,0.0880072,0.039485,0.0485276,0.115498,0.0475232,0.0567464,0.0728708,0.0396498,0.0444426,0.1035424,0.0404432,0.1095712,0.0557054,0.1162424,0.0361552,0.041924,0.1980982,0.0549244,0.0794222,0.0481984,0.1108094,0.054283,0.094196,0.061897,0.0722886,0.1267316,0.0539016,0.144489,0.0548114,0.0511926,0.1423226,0.0591218,0.0717512,0.0312976,0.104183,0.032805,0.0834638,0.0519178,0.1139206,0.0416348,0.0409228,0.0985824,0.0904476,0.0411388,0.0994212,0.0530354,0.068392,0.0617516,0.0979256,0.0598812,0.0879528,0.1823098,0.0517886,0.0452882,0.1138228,0.0381034,0.051323,0.1369876,0.0931708,0.0424934
0.1058676,0.0394174,0.0505142,0.1206848,0.0440766,0.0793856,0.0763008,0.0772178,0.0552004,0.0850602,0.0616238,0.0501846,0.0681084,0.1675172,0.0529554,0.0886534,0.0393856,0.049257,0.1158486,0.0464808,0.0570362,0.0739634,0.0405404,0.0443514,0.104238,0.0409792,0.110751,0.055478,0.1158342,0.0365608,0.0420122,0.1972202,0.0556068,0.080139,0.0486064,0.1119146,0.0535402,0.0947512,0.0612112,0.0718208,0.1264752,0.0546344,0.145355,0.0539754,0.0506604,0.1417936,0.0592986,0.0709754,0.0321384,0.10544,0.033059,0.0845026,0.0522342,0.1157796,0.0417132,0.0400228,0.0973682,0.0920776,0.0407216,0.0992702,0.0527616,0.0687086,0.061483,0.098614,0.059641,0.0884558,0.1856142,0.0514656,0.0446814,0.1139462,0.0381282,0.0516848,0.1369748,0.0946292,0.0422778
0.1038592,0.0393604,0.0500354,0.1225098,0.045027,0.0798646,0.0769378,0.0769218,0.0557348,0.084264,0.0620324,0.0500846,0.0682936,0.1694916,0.053304,0.0885722,0.0395022,0.0490858,0.1171626,0.0476184,0.0570196,0.0732106,0.040407,0.0436536,0.1048682,0.0408946,0.1107448,0.0571628,0.1151056,0.0357132,0.0410984,0.1964114,0.056092,0.0836692,0.0488184,0.1125988,0.0538258,0.0947452,0.0599178,0.072014,0.1255292,0.0543108,0.1443418,0.054937,0.050308,0.1438754,0.0590964,0.0724338,0.0318692,0.1074894,0.0325974,0.0847646,0.0524538,0.1167324,0.0423532,0.040181,0.0973376,0.0916556,0.040793,0.0987646,0.0521048,0.0687924,0.0624346,0.0994382,0.0599074,0.0884036,0.1857724,0.0519656,0.0452682,0.114879,0.038593,0.0513898,0.1397384,0.0946184,0.0417812
0.1033816,0.0395848,0.0495608,0.1221978,0.044318,0.0804568,0.078439,0.0770446,0.056129,0.0844826,0.0624604,0.0505718,0.0676004,0.172436,0.0539842,0.0889792,0.0398628,0.0491622,0.116405,0.04762,0.0569432,0.0734712,0.0400826,0.0440724,0.1052742,0.0419342,0.1123228,0.0568006,0.1146796,0.0358664,0.041003,0.2001318,0.0575956,0.0832074,0.0492586,0.113521,0.0542028,0.0956918,0.060246,0.0712812,0.1272956,0.0543442,0.1443954,0.0553412,0.0494256,0.1462486,0.0588172,0.073032,0.0314138,0.1093814,0.0320154,0.0846448,0.0521696,0.1175458,0.042421,0.0407952,0.0982436,0.0925464,0.0410652,0.0988318,0.0522142,0.0683642,0.0621656,0.1002576,0.059472,0.0885116,0.1866682,0.051804,0.0454166,0.1150934,0.0389504,0.0512826,0.1392542,0.094858,0.042207
0.1025028,0.0403522,0.0501662,0.121983,0.0442666,0.0815452,0.0778246,0.0779814,0.0557436,0.0861094,0.0612444,0.0512048,0.0669226,0.1735214,0.0533478,0.0892846,0.0389008,0.0489072,0.119392,0.0467712,0.0573414,0.0734646,0.0400094,0.045117,0.1071312,0.041769,0.1134984,0.056381,0.115376,0.0354576,0.040396,0.1984924,0.057906,0.0833798,0.0497688,0.113486,0.0539198,0.0954348,0.0594764,0.0707664,0.1276654,0.0540618,0.1427426,0.0553772,0.049477,0.1454444,0.0594606,0.0741076,0.030999,0.1118458,0.0322626,0.084881,0.051858,0.1173974,0.0419144,0.041107,0.0993226,0.095486,0.0410014,0.0985308,0.0519202,0.0682232,0.0627876,0.1007616,0.0606122,0.0887654,0.1863138,0.0522828,0.0458104,0.11585,0.038358,0.0507232,0.1383788,0.0967238,0.0422234
0.1033256,0.04094,0.0499316,0.1218164,0.04437,0.080637,0.0792196,0.0775036,0.0564122,0.086232,0.0609722,0.0506518,0.0676828,0.1734038,0.0528358,0.0889376,0.0388138,0.0496594,0.1197588,0.0468966,0.0571936,0.0737196,0.0398112,0.0447484,0.1062978,0.0417232,0.1135152,0.0566998,0.1146968,0.0356522,0.040788,0.198068,0.0576348,0.0831518,0.0506122,0.1149834,0.0546256,0.0953584,0.0588256,0.0718362,0.1269548,0.0548732,0.1447734,0.0557074,0.0494086,0.1461312,0.0595898,0.073976,0.0329028,0.1126378,0.031953,0.0846802,0.0518078,0.1166554,0.0419086,0.0418062,0.0978576,0.0952582,0.0412616,0.099611,0.0520708,0.0689826,0.0624618,0.1027324,0.0613982,0.0880614,0.1862848,0.0524226,0.0456662,0.115063,0.0389968,0.050061,0.1392268,0.096593,0.041731
0.1037906,0.0413868,0.0492578,0.121329,0.0438414,0.0811266,0.0791582,0.0778832,0.0565986,0.085633,0.0617782,0.0505422,0.0690302,0.174555,0.052462,0.0908582,0.0385308,0.0497634,0.119201,0.0467226,0.0565012,0.0733812,0.0403838,0.0444166,0.1068838,0.0415524,0.1127016,0.0570978,0.1149046,0.0361008,0.0403776,0.1991124,0.057604,0.0848614,0.0500176,0.1145558,0.054879,0.0953998,0.0596322,0.071083,0.126991,0.054928,0.1454106,0.0553748,0.048279,0.1457162,0.0588086,0.074385,0.0318894,0.113307,0.0317794,0.0861378,0.0516692,0.117456,0.0419078,0.041866,0.0979452,0.0966716,0.0411012,0.1017348,0.0520322,0.0702698,0.0626552,0.1036948,0.0615708,0.0892258,0.188031,0.0525232,0.045414,0.1146458,0.039272,0.0506016,0.1394994,0.0950666,0.0407332
0.1026262,0.0413498,0.0503132,0.1198862,0.0430022,0.0809228,0.07906,0.077446,0.056719,0.0852682,0.062629,0.0499454,0.0691944,0.174032,0.0529088,0.0921078,0.0394422,0.0487166,0.121524,0.0472482,0.0566314,0.0743964,0.0400272,0.0444412,0.1065784,0.0423172,0.1152738,0.0570496,0.1145784,0.0362824,0.0402376,0.1997614,0.057567,0.0843072,0.0501928,0.1137342,0.0545158,0.0953998,0.0612984,0.071346,0.1275112,0.0547448,0.146617,0.054874,0.0491384,0.146506,0.0590168,0.0734944,0.0326624,0.1160956,0.0316612,0.0854506,0.051436,0.1171402,0.0415162,0.0413212,0.1003382,0.0972564,0.0412454,0.1012024,0.0524364,0.071792,0.0627324,0.1037354,0.0627624,0.0896808,0.190278,0.0525786,0.0452534,0.114712,0.0392118,0.050277,0.1392576,0.094896,0.0403022
0.1024482,0.0413046,0.0500686,0.1200534,0.0433356,0.0820608,0.0801158,0.0782942,0.0567592,0.0857738,0.0624208,0.0495392,0.0693794,0.1730864,0.0526942,0.0919272,0.0393416,0.0481188,0.1229276,0.0468684,0.0569328,0.0735298,0.0400014,0.0451846,0.1070398,0.0421666,0.1151656,0.0553278,0.115445,0.0360556,0.0404996,0.1989146,0.0573532,0.0848358,0.0501944,0.114793,0.0547072,0.09547,0.062507,0.0704442,0.1266052,0.054249,0.1458168,0.0557504,0.0491938,0.1480324,0.0588866,0.0733308,0.032187,0.1177638,0.0317106,0.0843528,0.0507728,0.1191226,0.0411744,0.0404696,0.1005142,0.096586,0.0410342,0.1021812,0.052875,0.0717164,0.0630738,0.1029376,0.0628964,0.0889568,0.1891894,0.0523332,0.0443966,0.1134186,0.0397032,0.050649,0.1390784,0.0944318,0.03978
0.1016228,0.0410906,0.0505854,0.1201662,0.044659,0.0824226,0.080067,0.0792842,0.0557404,0.0839044,0.0625166,0.0499684,0.0696766,0.1730146,0.0542476,0.0937334,0.0391864,0.0481242,0.1239268,0.0458742,0.0578794,0.0742042,0.0404592,0.0456228,0.1078184,0.0422584,0.1163462,0.0548354,0.1155614,0.0361736,0.040235,0.1988914,0.0563606,0.0850654,0.0502448,0.1147626,0.0548426,0.09532,0.0626038,0.0701794,0.1273846,0.0543656,0.1483514,0.0559202,0.0501258,0.1465718,0.0592254,0.0736308,0.0327496,0.119848,0.0313632,0.0855428,0.0510626,0.1196146,0.0418348,0.0409606,0.1021182,0.0986988,0.0406472,0.1023764,0.0534312,0.0720264,0.063448,0.1023046,0.0628886,0.0903996,0.1878538,0.0529408,0.0449506,0.11272,0.0399612,0.051588,0.1372286,0.0955666,0.0401306
0.1027886,0.0414516,0.051768,0.1201406,0.0439388,0.0822814,0.0800002,0.078403,0.0557786,0.0841566,0.062319,0.0498596,0.0696302,0.1740596,0.054276,0.0939266,0.0393774,0.0477854,0.1257794,0.0464172,0.0582214,0.07482,0.0394986,0.0464466,0.1089422,0.0417106,0.1154818,0.0554094,0.1154164,0.0359976,0.039791,0.1973484,0.057206,0.086441,0.0504952,0.1155876,0.055212,0.0943102,0.0628414,0.0698444,0.126673,0.0539652,0.1475672,0.0553972,0.0504852,0.1468808,0.0597046,0.0737606,0.0326644,0.119922,0.0311886,0.0854142,0.0504802,0.118496,0.04269,0.0406504,0.1025194,0.0995176,0.0409738,0.103269,0.0536932,0.0720462,0.0633038,0.102948,0.0635388,0.090336,0.1874502,0.052396,0.045431,0.1119386,0.03904,0.05168,0.1402718,0.0946652,0.0405828
0.1037698,0.0407668,0.051576,0.1204854,0.044272,0.0819952,0.0809458,0.0790988,0.0558974,0.0843432,0.061688,0.0497166,0.0694304,0.1748844,0.0543616,0.0952214,0.0390512,0.0483562,0.1261404,0.0461476,0.057855,0.0755454,0.039878,0.0457926,0.1094522,0.0418774,0.1143154,0.05439,0.1153738,0.0353556,0.0402438,0.1985092,0.0572064,0.0873712,0.051508,0.1154118,0.0549166,0.0960462,0.0623976,0.06913,0.1267062,0.0534922,0.1480146,0.0557198,0.050414,0.1473434,0.059029,0.0736756,0.0327058,0.1218562,0.031253,0.0853114,0.0503296,0.1186884,0.0429578,0.0400154,0.1009986,0.1012206,0.0415886,0.1043842,0.0544316,0.0715634,0.0632266,0.104332,0.0643848,0.0914126,0.1901244,0.0524184,0.045342,0.1140314,0.0399346,0.0518618,0.141763,0.094525,0.0413696
0.1045116,0.0413038,0.0523746,0.121228,0.0446014,0.0826406,0.0822524,0.078726,0.056195,0.0844804,0.0618434,0.0495516,0.0693704,0.1731266,0.055446,0.0944726,0.0384152,0.0482406,0.1268934,0.0474018,0.0587366,0.0755612,0.0405754,0.047213,0.108883,0.0417842,0.1155158,0.054586,0.1155586,0.0351944,0.0399114,0.1980524,0.0552992,0.089612,0.052518,0.1179918,0.0549182,0.0943464,0.0626002,0.0692598,0.1276438,0.0534788,0.1464348,0.055739,0.0512342,0.1503506,0.0590568,0.0742138,0.0331446,0.125128,0.0313074,0.085285,0.0512488,0.1180706,0.0428418,0.0398628,0.1031322,0.1012866,0.0416182,0.1042618,0.054064,0.0720624,0.0628482,0.1029076,0.0649458,0.0911286,0.190288,0.0520206,0.0446958,0.114364,0.0392946,0.0517722,0.143014,0.0944632,0.0412974
0.1045092,0.0407714,0.0519258,0.120784,0.0444168,0.0832246,0.082363,0.0794496,0.05753,0.0849374,0.0643532,0.0491968,0.0698316,0.1742646,0.0553638,0.093795,0.038899,0.0477594,0.127959,0.0485992,0.0588354,0.0767432,0.040722,0.0469802,0.1096428,0.0407962,0.1135816,0.055286,0.1161756,0.036166,0.0398816,0.1984196,0.0553626,0.0924874,0.053048,0.1191196,0.0557092,0.0959156,0.0621836,0.0690898,0.1278266,0.05418,0.146839,0.0559148,0.0517308,0.1505068,0.0589602,0.0743676,0.0321932,0.1263898,0.031548,0.0846768,0.0506832,0.1193328,0.042618,0.0398114,0.1048792,0.100658,0.0420808,0.1047902,0.054176,0.0733098,0.0624506,0.1046858,0.065544,0.0919862,0.1896738,0.0528252,0.045027,0.1147376,0.0397004,0.0510312,0.142101,0.095018,0.0409456
0.1058514,0.039894,0.0518446,0.1219338,0.044197,0.0831292,0.0845644,0.081305,0.0581014,0.085154,0.0636692,0.048953,0.0712818,0.171267,0.0556584,0.0942302,0.0385788,0.0469126,0.1269742,0.0476274,0.0593188,0.0773254,0.0408264,0.0464984,0.1097938,0.0406238,0.1155512,0.0556744,0.116311,0.0359316,0.0390562,0.198347,0.0549526,0.0934882,0.0524974,0.1201682,0.054122,0.0952146,0.061192,0.0685114,0.1292986,0.0539562,0.1473744,0.0559586,0.0521262,0.1521986,0.058817,0.0745256,0.0324028,0.1286338,0.0327922,0.0851474,0.0505092,0.1181206,0.0431584,0.0406562,0.1045982,0.10067,0.0423328,0.106997,0.0539196,0.0733956,0.062978,0.1041844,0.066374,0.092463,0.1940234,0.0532768,0.044974,0.1153146,0.039715,0.052279,0.1428752,0.0957694,0.0406588
0.1063192,0.039489,0.051771,0.1216552,0.0444318,0.0834776,0.0847804,0.0818558,0.0567878,0.0868124,0.0629062,0.049476,0.0717174,0.1725378,0.0564806,0.0946994,0.0385418,0.047114,0.128665,0.0477964,0.059219,0.0771698,0.0409748,0.046165,0.1106198,0.0404094,0.116513,0.0560398,0.1170268,0.0359174,0.0385982,0.1982688,0.0546618,0.0963466,0.0535634,0.1206166,0.0548334,0.095136,0.0613518,0.0678516,0.1290792,0.0541482,0.1494566,0.0565868,0.0527326,0.152247,0.0587266,0.0739352,0.032917,0.1304058,0.0325354,0.0851606,0.0513732,0.1166832,0.0436282,0.0410144,0.1036856,0.1002472,0.0422282,0.1082598,0.0548292,0.0732934,0.0632174,0.1048722,0.0660094,0.0924172,0.194711,0.0529296,0.0455028,0.1143246,0.039388,0.0519726,0.1426046,0.095303,0.0412102
0.1056336,0.0393582,0.052773,0.1229674,0.0446378,0.0832924,0.0845112,0.0818844,0.0571598,0.0866524,0.0639366,0.0485846,0.0723486,0.1762862,0.056143,0.095283,0.0382188,0.0471218,0.1296676,0.046848,0.059889,0.0784016,0.0421574,0.0459926,0.1101478,0.0401692,0.1147496,0.0558838,0.116624,0.0361266,0.03908,0.1994656,0.053674,0.0962448,0.0553028,0.1204538,0.0543288,0.0950196,0.0609366,0.0685374,0.1291032,0.054056,0.1507904,0.0558002,0.052288,0.1538716,0.0584998,0.0738336,0.03356,0.1302298,0.0323246,0.0862388,0.0516896,0.1188252,0.0438106,0.0410158,0.1056524,0.1019782,0.041957,0.111185,0.0550764,0.0745616,0.0631058,0.1064276,0.0664062,0.0921274,0.1928286,0.0516436,0.0448474,0.1145594,0.0394382,0.0517368,0.142892,0.0947582,0.0422846
0.1051284,0.039889,0.052432,0.123711,0.0444018,0.0830684,0.0827284,0.0810594,0.0572096,0.0877404,0.063608,0.0489894,0.0717236,0.1778308,0.0555826,0.0946528,0.0380108,0.0470988,0.1302992,0.0471098,0.060084,0.0786666,0.0418552,0.0449748,0.109621,0.0403302,0.1158876,0.0575836,0.117607,0.0361018,0.0411854,0.1978126,0.0567552,0.0969422,0.0553746,0.1207544,0.0540998,0.0949702,0.0602658,0.0689046,0.1306096,0.0552312,0.151003,0.0569578,0.0523154,0.1547726,0.0576012,0.074206,0.0345888,0.13224,0.0325128,0.0881364,0.0508766,0.1181532,0.043771,0.0410482,0.1056234,0.1024198,0.0419446,0.1124098,0.054498,0.075125,0.0636388,0.1062224,0.0660626,0.091807,0.1915302,0.0520678,0.0446838,0.1149674,0.0395436,0.051536,0.1443116,0.0956062,0.042968
0.1046332,0.0413184,0.0517822,0.125174,0.0448446,0.0824498,0.0834972,0.0807746,0.0575226,0.0876594,0.0614868,0.0499946,0.0708684,0.1754666,0.0560996,0.0947902,0.0372928,0.0469464,0.1316696,0.0476244,0.0591362,0.0787896,0.0414402,0.0450246,0.110803,0.0408788,0.1164006,0.0581394,0.1174404,0.0360432,0.0407978,0.1985548,0.0558382,0.097779,0.0561008,0.121876,0.0534404,0.0933412,0.0604852,0.0696332,0.1295936,0.0549522,0.1508506,0.0580884,0.0508596,0.1523912,0.0572384,0.0747734,0.0345774,0.1328544,0.0324164,0.087937,0.0504508,0.1175178,0.0431804,0.0411484,0.1054274,0.1021456,0.0410132,0.1134076,0.0548684,0.0754224,0.0641618,0.1055046,0.0662938,0.0924684,0.1894662,0.0515978,0.045266,0.1153656,0.039712,0.0516468,0.1432208,0.0954188,0.0423682
0.1048204,0.0414064,0.051994,0.1256566,0.0438804,0.0827618,0.0838242,0.0806722,0.0572304,0.0879612,0.0618102,0.0498852,0.0711678,0.1767612,0.0557432,0.0953562,0.037254,0.047238,0.132525,0.0476452,0.0590964,0.0812502,0.0411682,0.0449204,0.1125524,0.0410574,0.116001,0.057812,0.117374,0.0355618,0.0413064,0.1965906,0.0568244,0.0958286,0.0560712,0.1228744,0.0536386,0.0940144,0.0612354,0.069699,0.1292182,0.0549584,0.1511596,0.057671,0.0516264,0.1522588,0.0570482,0.075624,0.0346178,0.1325512,0.0324482,0.0873322,0.0506862,0.1174924,0.043294,0.0416908,0.10498,0.102859,0.0412366,0.1136268,0.0541136,0.075011,0.0643536,0.1082852,0.0660092,0.095512,0.1887352,0.051672,0.0463738,0.1143092,0.0404716,0.051519,0.142612,0.0963504,0.0433068
0.103007,0.0411636,0.0514832,0.1264,0.0441628,0.0839128,0.0841712,0.080658,0.057823,0.0875278,0.0626694,0.0507652,0.0710882,0.1796404,0.0560612,0.0953866,0.0370708,0.0471066,0.1329224,0.047941,0.0595948,0.0820892,0.0408542,0.0441262,0.112875,0.0413358,0.117031,0.0564976,0.1179118,0.0355066,0.0422066,0.1947648,0.0573778,0.0953098,0.0561492,0.1226966,0.0531896,0.0958946,0.06039,0.0689182,0.1278566,0.0548812,0.1488266,0.058205,0.0527764,0.1511982,0.0569854,0.074857,0.0342958,0.13318,0.0324338,0.0869204,0.0499134,0.1169822,0.0437032,0.0424544,0.1032092,0.1032002,0.0406956,0.1145054,0.0551692,0.0764818,0.064234,0.1095284,0.066248,0.0971236,0.1893962,0.0511846,0.045606,0.114365,0.039525,0.050922,0.1447002,0.0953542,0.0434868
0.1036338,0.0418132,0.0513972,0.1261694,0.0450368,0.0850054,0.0839604,0.0801638,0.0571382,0.0882238,0.0627294,0.0509274,0.0712672,0.1785856,0.0561826,0.0953756,0.0379216,0.0477692,0.1325674,0.0478634,0.0592422,0.082344,0.0418282,0.04507,0.114412,0.041838,0.1162068,0.056374,0.1182576,0.0356736,0.0424092,0.1956068,0.0571048,0.0974162,0.0564248,0.1241524,0.0534756,0.0942516,0.0601018,0.0687714,0.1299326,0.0538966,0.1501968,0.0570822,0.0517274,0.1508302,0.0560726,0.0755242,0.0349028,0.1335468,0.0328504,0.0861514,0.0504914,0.1178616,0.0436278,0.0417602,0.1035362,0.1029348,0.0410376,0.116591,0.0551352,0.077315,0.0639264,0.1084462,0.066442,0.0965568,0.1899464,0.0519652,0.0449044,0.1145104,0.0398448,0.0506114,0.1443134,0.0956382,0.0433456
0.1034576,0.0419098,0.0512858,0.1266436,0.0448696,0.0844888,0.0842058,0.0809002,0.0569412,0.0878218,0.0634498,0.0517482,0.0721604,0.1771122,0.0553758,0.0955578,0.0380546,0.0485716,0.1329546,0.0483608,0.0604078,0.0823056,0.041713,0.0448432,0.1143996,0.0423906,0.1169162,0.0573872,0.1191692,0.0357128,0.041878,0.1942924,0.056768,0.0964062,0.0565646,0.1247364,0.0529738,0.0945654,0.0596438,0.069221,0.131848,0.055168,0.147707,0.0565606,0.05202,0.152474,0.0564,0.075655,0.0347398,0.1359576,0.033133,0.0856408,0.050698,0.1177522,0.0437768,0.0415876,0.1040096,0.1023028,0.0408386,0.1159742,0.0542308,0.0786462,0.063997,0.1098676,0.0662016,0.0952366,0.1887688,0.0522908,0.0452334,0.1147798,0.0397052,0.0513574,0.1431084,0.0952476,0.0433466
0.1044878,0.0426118,0.0525724,0.1263338,0.0456614,0.08411,0.0845856,0.0813126,0.0574546,0.0888124,0.0638168,0.0522448,0.0710282,0.1746068,0.055201,0.095776,0.0381092,0.0480712,0.134398,0.0481322,0.060211,0.0828348,0.0416848,0.0448354,0.116194,0.0414494,0.116826,0.0568438,0.1174384,0.0358692,0.0416648,0.1941566,0.0565146,0.0971888,0.0565224,0.1266748,0.0536262,0.0949566,0.058682,0.0685762,0.1323128,0.0559726,0.1470086,0.0560684,0.053029,0.1553268,0.0557304,0.0764686,0.0347284,0.1371934,0.0333784,0.0869304,0.0504546,0.1178598,0.0441188,0.041873,0.1053236,0.1024756,0.0407238,0.1177724,0.0541408,0.078534,0.0645418,0.1106402,0.0670402,0.0978008,0.190415,0.0531184,0.0447526,0.114592,0.0388362,0.051845,0.143207,0.0949992,0.0434882
0.1056608,0.0416908,0.0532644,0.1266352,0.0461312,0.083923,0.0843182,0.0814448,0.0569226,0.0910498,0.0634368,0.052823,0.0710464,0.176,0.0559452,0.095543,0.037211,0.048583,0.133618,0.0478478,0.0603342,0.0822226,0.0408716,0.0448848,0.116434,0.040819,0.1179098,0.055929,0.1182086,0.0354988,0.0426584,0.1939586,0.0560206,0.0968596,0.0562314,0.1269162,0.0537064,0.0959056,0.0580774,0.0687546,0.134067,0.0572504,0.1486232,0.0570696,0.0529586,0.1579682,0.0561758,0.0762272,0.034796,0.1400806,0.0330078,0.0867338,0.0502856,0.1170202,0.043864,0.0409622,0.105609,0.1035988,0.0407646,0.1193702,0.0542998,0.0781338,0.0643222,0.1110518,0.0674236,0.097504,0.192425,0.0529124,0.0447798,0.1154776,0.0385474,0.0520256,0.1448754,0.096484,0.0436522
0.105314,0.0413996,0.0533288,0.1274848,0.0454786,0.0838148,0.0845228,0.0816118,0.057476,0.0908616,0.0634976,0.0530254,0.07104,0.173043,0.0552624,0.0953214,0.036987,0.0478946,0.1347002,0.048234,0.0605538,0.0822678,0.0415032,0.0451438,0.1161044,0.0406934,0.1180806,0.0571858,0.118309,0.0350392,0.0424666,0.192324,0.0568684,0.0982964,0.0573532,0.1280102,0.0542106,0.0955326,0.0588968,0.0696038,0.133643,0.0569144,0.1482802,0.0584522,0.0524822,0.158716,0.0560184,0.075663,0.0345428,0.1420664,0.0333426,0.0871854,0.0497552,0.1194394,0.043742,0.0428736,0.107736,0.104839,0.0395942,0.119943,0.0544256,0.079369,0.0645406,0.1121226,0.0664418,0.0979168,0.1925612,0.0529266,0.0441616,0.1183256,0.0391018,0.051952,0.144141,0.096628,0.0435412
0.105054,0.041551,0.0527314,0.1265576,0.0452344,0.0836802,0.08531,0.0801358,0.0575536,0.0905142,0.063479,0.0519294,0.0702814,0.1762928,0.0547632,0.0957956,0.0366648,0.0492482,0.134352,0.0478532,0.0606054,0.0810224,0.0421284,0.0442258,0.1158332,0.0411758,0.1191104,0.057933,0.1183792,0.0353084,0.0438838,0.1935152,0.0577906,0.0986668,0.05915,0.129253,0.0540734,0.0935548,0.0591748,0.0699924,0.1345232,0.0577126,0.1499464,0.058987,0.052658,0.160359,0.0567,0.0745578,0.034027,0.1417564,0.0331616,0.0872976,0.0494198,0.1171608,0.0444654,0.0425706,0.1065232,0.1040622,0.0392978,0.1230556,0.0548934,0.0806824,0.0657142,0.1127768,0.066649,0.0999404,0.1919992,0.0533908,0.044904,0.1200374,0.039479,0.0520838,0.1438342,0.0954272,0.0432766
0.1053238,0.0405902,0.0526088,0.126823,0.0440536,0.0823328,0.0854218,0.079261,0.0584464,0.0905094,0.0627958,0.0522342,0.0698048,0.1776054,0.0552226,0.0963602,0.0366442,0.050281,0.1328878,0.0471056,0.0603184,0.0819934,0.042294,0.04433,0.1163706,0.0415772,0.1192726,0.0580308,0.1188584,0.0357506,0.0435224,0.192459,0.0573042,0.0999946,0.0596778,0.1312674,0.0557116,0.0940686,0.0590972,0.0696588,0.1328148,0.0575962,0.1509932,0.0594708,0.0533556,0.1605984,0.0568776,0.0749026,0.0346486,0.1422588,0.0325992,0.0880904,0.0485992,0.116513,0.0447002,0.0422968,0.1059988,0.1053024,0.039858,0.1259948,0.0548488,0.0821564,0.064648,0.1124628,0.067621,0.0985176,0.1934476,0.0526886,0.045132,0.1206528,0.0392884,0.0520212,0.144178,0.0953114,0.0436444
0.1064362,0.0404066,0.053399,0.1277896,0.0444132,0.081604,0.0869512,0.079887,0.0579816,0.0891936,0.0625338,0.0525198,0.0709932,0.1778602,0.0556342,0.0957246,0.038876,0.0493636,0.1362816,0.046895,0.061294,0.081286,0.0432236,0.0454416,0.115525,0.041444,0.1189364,0.0581156,0.118318,0.0356034,0.0428124,0.194531,0.0579762,0.0999224,0.0597422,0.1306298,0.0563534,0.094576,0.0585186,0.068216,0.133143,0.0568814,0.1535768,0.0586664,0.0530074,0.1621414,0.0563698,0.0739882,0.0355122,0.14304,0.0319892,0.088473,0.0488878,0.1172952,0.0449498,0.0427584,0.1069696,0.104,0.0396446,0.126244,0.0547994,0.0830974,0.0644204,0.1111592,0.0677072,0.0991196,0.1929316,0.0525342,0.045057,0.1219734,0.0397144,0.0524134,0.1416108,0.0952042,0.043003
0.1075462,0.0401864,0.0529802,0.1281776,0.043874,0.0804714,0.087862,0.0800448,0.0574142,0.0906512,0.0630156,0.0529132,0.0711026,0.1788528,0.0552586,0.0963412,0.0393486,0.0494958,0.1356106,0.0476612,0.0606676,0.0820508,0.0427818,0.0459616,0.1158058,0.042313,0.1179202,0.0589926,0.1194524,0.0353618,0.0430784,0.1979296,0.057437,0.1006438,0.0610956,0.134405,0.0562274,0.0959806,0.0594806,0.0677124,0.1328524,0.0571602,0.1516624,0.0581846,0.0522538,0.1635564,0.0549854,0.0745332,0.0343164,0.143738,0.032801,0.0881136,0.0489584,0.1162652,0.0447428,0.0422056,0.108511,0.1036448,0.0398804,0.127249,0.0546572,0.0838444,0.0648412,0.1123554,0.0670146,0.1005696,0.1924526,0.0529462,0.0453222,0.1207008,0.038862,0.0515392,0.1440542,0.0965974,0.0435674
0.1081198,0.0411012,0.0531496,0.1269306,0.0441478,0.0806098,0.0885564,0.0804332,0.0575564,0.0892292,0.0631738,0.0528986,0.069585,0.1821156,0.0544154,0.09608,0.038909,0.0488536,0.13455,0.0480358,0.0598978,0.082855,0.041646,0.0457694,0.1160732,0.041772,0.1168882,0.0585698,0.1192884,0.0357096,0.0434792,0.1978398,0.0575494,0.099678,0.0607394,0.1360256,0.0564346,0.0961278,0.0583254,0.0682988,0.1325634,0.0564664,0.1520162,0.0597528,0.0530242,0.1637682,0.0557322,0.0760474,0.0349706,0.1467258,0.0328804,0.087729,0.0489464,0.117025,0.0442298,0.0417548,0.1095758,0.105117,0.0408842,0.1291232,0.0549738,0.0856104,0.065476,0.1127894,0.0678338,0.10142,0.1951596,0.0532252,0.0457642,0.1203612,0.0389196,0.0511062,0.144857,0.0966824,0.0437594
0.1073224,0.0414948,0.0535924,0.1297006,0.0449874,0.0805374,0.088802,0.080942,0.0584572,0.089563,0.06398,0.0534594,0.0693628,0.1802244,0.0542952,0.0955204,0.0391284,0.0490292,0.1348466,0.048038,0.0598676,0.0816388,0.041758,0.0452342,0.1168634,0.0419292,0.1164932,0.0584568,0.1199606,0.035339,0.0433112,0.1994034,0.0578366,0.1005576,0.0614742,0.1360588,0.0575716,0.0941596,0.0591232,0.0690396,0.1327254,0.055291,0.1527428,0.0597914,0.0528706,0.1649242,0.056139,0.0745242,0.035596,0.1464662,0.033462,0.0864434,0.0492264,0.1158092,0.0447218,0.0417716,0.10978,0.105409,0.0402818,0.1312636,0.0554036,0.087928,0.0663738,0.112097,0.0681436,0.1027078,0.191586,0.0543358,0.0454416,0.1198082,0.0383018,0.0501298,0.1436688,0.0968634,0.043986
0.106831,0.0409132,0.0531434,0.1310236,0.044603,0.080232,0.0876034,0.0806694,0.0582152,0.089448,0.064088,0.053017,0.0705662,0.1793662,0.0548556,0.0958656,0.0398888,0.0491596,0.1369988,0.0480792,0.0601662,0.0814572,0.042787,0.0451422,0.115794,0.0414726,0.1166034,0.0581176,0.1215444,0.0348138,0.0428516,0.2028192,0.0579176,0.1018706,0.0614536,0.1375704,0.0575556,0.0953778,0.0599042,0.068349,0.1329798,0.0553818,0.1516554,0.0586864,0.0532788,0.1639502,0.0555254,0.074718,0.0350408,0.1483636,0.0328396,0.0869998,0.049392,0.1146966,0.0450818,0.0422632,0.1117522,0.1048818,0.0398594,0.1332628,0.0555224,0.0882722,0.0674562,0.112972,0.068303,0.102472,0.1923614,0.054469,0.045356,0.1196948,0.0391272,0.0492118,0.143912,0.0968604,0.0438872
0.1071834,0.0412814,0.052764,0.1305562,0.044419,0.0800314,0.0872808,0.0794334,0.0592248,0.08933,0.0645288,0.0532242,0.0703844,0.178921,0.0547134,0.096734,0.039832,0.0500456,0.1374532,0.0478842,0.060958,0.0837874,0.0426306,0.0448238,0.1157822,0.0411302,0.1159228,0.0578176,0.1230416,0.0345042,0.0426236,0.2026666,0.0581536,0.1022696,0.0613842,0.1391492,0.0573882,0.0953644,0.0595414,0.0691628,0.1322838,0.055908,0.1533304,0.0589212,0.0532506,0.1667172,0.055521,0.0760336,0.03485,0.1502076,0.0325658,0.0881222,0.0498988,0.115592,0.0450328,0.0423118,0.111025,0.1055602,0.0405254,0.1337616,0.0566956,0.0888852,0.0679664,0.111657,0.068242,0.1040152,0.1934082,0.053485,0.0443984,0.1192244,0.039057,0.0502546,0.1421202,0.0968938,0.0436948
0.108555,0.0411504,0.0527826,0.132032,0.044365,0.0796806,0.0897672,0.0788646,0.0585234,0.0892398,0.0638268,0.0514314,0.071159,0.1771006,0.053942,0.0965666,0.039248,0.0487318,0.1361834,0.0482232,0.0619544,0.0835854,0.042457,0.0445056,0.1153366,0.0415116,0.1168024,0.0578434,0.122392,0.0341898,0.0431216,0.202626,0.0581242,0.1030766,0.0606172,0.1403742,0.057489,0.0951374,0.0593756,0.069087,0.133075,0.056653,0.1557006,0.0588018,0.0531788,0.169314,0.055723,0.0761122,0.0347894,0.1484806,0.0324178,0.0889568,0.049982,0.1154118,0.0447618,0.0418028,0.1099598,0.1047362,0.0405982,0.1341778,0.0570112,0.089797,0.0677846,0.1123028,0.0691678,0.105428,0.1941844,0.0543948,0.044393,0.118863,0.0393572,0.0503726,0.1409534,0.097233,0.0432892
0.1077988,0.0411642,0.0526224,0.132219,0.0443906,0.0797088,0.089722,0.077835,0.058525,0.0902354,0.0645626,0.0511428,0.0709066,0.1787928,0.054436,0.0970434,0.0394346,0.048789,0.1367938,0.0474638,0.0608396,0.0837326,0.0420242,0.0442262,0.1147126,0.0414156,0.1181642,0.0587722,0.1220286,0.034919,0.0428626,0.2041062,0.0579632,0.1011746,0.0603568,0.1408166,0.0583944,0.0948628,0.0599406,0.0691912,0.1338398,0.0568868,0.1572662,0.059462,0.0535816,0.1697412,0.0560796,0.0763626,0.0352356,0.14841,0.0325636,0.088769,0.050211,0.1128608,0.0454584,0.0428738,0.111792,0.1051318,0.0395576,0.1339868,0.0576042,0.0904798,0.0686168,0.1127776,0.0693504,0.1057154,0.1943792,0.0542922,0.0438512,0.1181832,0.0388386,0.05162,0.1401426,0.0971352,0.0441812
0.1073162,0.0415704,0.0525104,0.1321104,0.0442556,0.0790384,0.0900178,0.078401,0.0571584,0.0902782,0.0658084,0.051515,0.0718702,0.1762346,0.0536196,0.0968052,0.0392708,0.0497352,0.1368994,0.0485012,0.0600502,0.0838984,0.0422448,0.0443344,0.1159522,0.0419238,0.1169612,0.05929,0.11966,0.0347288,0.0420786,0.2044218,0.0574916,0.1031166,0.060286,0.1445194,0.0577188,0.0944158,0.05929,0.069583,0.1321848,0.055994,0.1584184,0.0603446,0.053295,0.1706406,0.0548948,0.0773254,0.034526,0.149179,0.033086,0.0882012,0.0488488,0.1125054,0.0459938,0.0418758,0.1130824,0.1055912,0.040622,0.1358302,0.0578546,0.0906842,0.0684644,0.1133818,0.06863,0.1050832,0.1940764,0.0542898,0.0440014,0.1181982,0.0382576,0.051738,0.1398066,0.0974412,0.0434168
0.1088472,0.0415514,0.0526646,0.132723,0.0441612,0.0793362,0.0898984,0.078423,0.057,0.0913336,0.0663226,0.0512648,0.0717046,0.1746274,0.0538094,0.096277,0.0397238,0.0501754,0.1380308,0.048495,0.0595458,0.083289,0.0423336,0.0444626,0.117186,0.0416084,0.1164906,0.0589974,0.1194434,0.0346856,0.0414534,0.2057496,0.0576938,0.1040184,0.0606262,0.1452568,0.0573104,0.0955544,0.0591538,0.0698424,0.1330124,0.0556826,0.1576716,0.060339,0.053378,0.1699842,0.0543306,0.0774116,0.0346494,0.1501738,0.03302,0.0884378,0.04883,0.110972,0.0462748,0.0420036,0.1123446,0.1068868,0.0399626,0.1357534,0.0575376,0.0927286,0.068502,0.1154664,0.0674298,0.104228,0.193903,0.0540352,0.0437672,0.1177092,0.0383128,0.0505632,0.140768,0.0989182,0.0431798
0.1094118,0.0416772,0.0523216,0.1331086,0.0443654,0.080201,0.0908204,0.0776362,0.0565458,0.0912804,0.0661954,0.0510844,0.0722694,0.1751542,0.0538614,0.0955604,0.039248,0.05073,0.137659,0.049461,0.0610602,0.0859318,0.0421002,0.0440808,0.1169092,0.0419188,0.1158268,0.058587,0.1180874,0.0350548,0.0428022,0.2035234,0.0567056,0.1054952,0.0604232,0.145997,0.0584754,0.0953566,0.0583134,0.0698114,0.1325116,0.056008,0.1609652,0.06138,0.0524936,0.1712754,0.054441,0.0768434,0.034665,0.1526532,0.032628,0.0884976,0.0477436,0.1099666,0.0462374,0.0426226,0.1116066,0.1080032,0.0406618,0.1369104,0.0574886,0.0927258,0.0683508,0.115156,0.0678472,0.1046466,0.1935708,0.0544826,0.0444934,0.1182156,0.0379688,0.0501968,0.1431716,0.0984026,0.0435728
0.1092644,0.043136,0.0521784,0.1330104,0.0446664,0.0800508,0.091309,0.0786744,0.0569932,0.0905188,0.0656394,0.0513408,0.07178,0.1774148,0.0533424,0.0959206,0.0393068,0.049922,0.1388538,0.0486456,0.0612286,0.0840126,0.042685,0.0439464,0.1165292,0.0409898,0.1164132,0.057259,0.1167344,0.0344478,0.04323,0.198483,0.0564984,0.1059992,0.0606126,0.1470312,0.058107,0.0953936,0.0588314,0.0695774,0.1323208,0.0552552,0.1607964,0.062076,0.0522788,0.1701638,0.0543338,0.076196,0.0344954,0.1533126,0.0327156,0.0889292,0.0477922,0.110398,0.0468476,0.0429568,0.1121956,0.1074698,0.0410334,0.137469,0.0566034,0.0928346,0.0680424,0.1167344,0.0680926,0.1061112,0.1946084,0.0542408,0.0449446,0.1189582,0.0382994,0.0516356,0.1431672,0.099822,0.0442266
0.1082846,0.043005,0.0518796,0.1334508,0.044587,0.080835,0.0920202,0.07838,0.057809,0.0902432,0.0657986,0.0516302,0.071545,0.180005,0.0527882,0.0964514,0.0393292,0.0497584,0.1387078,0.0486164,0.0615472,0.0851894,0.0425194,0.0439122,0.116839,0.0409224,0.1184346,0.0564604,0.1148898,0.0344298,0.0433668,0.1976052,0.0580512,0.1059048,0.0608864,0.1465592,0.0583002,0.0949494,0.0581484,0.069947,0.1322588,0.0560626,0.1601958,0.0622974,0.0515914,0.1730748,0.0546342,0.0763268,0.0343514,0.1531052,0.0329292,0.090596,0.0487738,0.1092604,0.0469424,0.042909,0.1122728,0.1075246,0.0415788,0.1382732,0.0569584,0.093978,0.067946,0.1177462,0.0680952,0.1062652,0.195713,0.054688,0.0449056,0.1192548,0.0388748,0.0512802,0.1451172,0.0991298,0.0438182
0.1070108,0.0428194,0.0521122,0.1335642,0.043775,0.0804328,0.0922712,0.0787396,0.0578306,0.0904042,0.066174,0.0514668,0.0717092,0.1818482,0.0521512,0.0967962,0.0388916,0.0485828,0.1411466,0.049575,0.0608636,0.0861378,0.0422536,0.043474,0.1176808,0.0407398,0.1194694,0.058503,0.114403,0.0339728,0.0430702,0.1936828,0.0586988,0.1069124,0.0618166,0.1479558,0.0572832,0.0945336,0.057346,0.0695176,0.1339586,0.0554894,0.1598272,0.0623538,0.0514072,0.1730976,0.0579014,0.0755918,0.034885,0.1532428,0.0325132,0.0907944,0.0484314,0.108403,0.0480742,0.0423572,0.112489,0.1092206,0.041702,0.1391692,0.0562944,0.0942172,0.0674452,0.1192078,0.0669466,0.1067874,0.1964696,0.0545382,0.0446258,0.1203182,0.0388464,0.0516192,0.1454804,0.0989928,0.0443302
0.108582,0.0427562,0.0517356,0.1331232,0.0439036,0.0806404,0.0920512,0.0798486,0.0569812,0.0915234,0.065456,0.0500378,0.0707986,0.1814918,0.051776,0.0955006,0.038612,0.0479248,0.1421754,0.0501914,0.0603464,0.085454,0.0424238,0.0428846,0.1185256,0.0416746,0.1174108,0.0582284,0.114231,0.0333406,0.0443088,0.1917696,0.0582034,0.1085922,0.0628668,0.1487612,0.057634,0.0970548,0.0571832,0.069937,0.1350382,0.0561706,0.1638374,0.0623412,0.0515568,0.173645,0.0579486,0.0760964,0.0347578,0.152695,0.032502,0.0910584,0.0483802,0.1081756,0.0482426,0.0429686,0.114478,0.1097616,0.0416382,0.138317,0.0570036,0.0946184,0.0661202,0.1172528,0.0674948,0.107685,0.19919,0.055907,0.0444602,0.1221334,0.038412,0.0523758,0.1464852,0.0990838,0.0445536
0.109035,0.0420986,0.052769,0.1330806,0.044218,0.0804306,0.0919812,0.0792122,0.0577782,0.0915168,0.0654414,0.0504716,0.0705542,0.1812114,0.0505954,0.096792,0.0376154,0.0463374,0.1415414,0.0495308,0.0597324,0.0869988,0.0425292,0.0423716,0.1205192,0.0418334,0.1180572,0.058247,0.1140512,0.0338884,0.0444348,0.192927,0.0580592,0.1098328,0.0639056,0.147351,0.0575782,0.0980324,0.0562932,0.0701866,0.1367724,0.0563846,0.1642716,0.0626216,0.0510498,0.1742754,0.0575994,0.0758828,0.0351224,0.151934,0.0324764,0.091304,0.0478262,0.1076276,0.0481948,0.0432398,0.1148102,0.1098872,0.042166,0.1390616,0.056492,0.0942072,0.0673706,0.1187404,0.0678904,0.1089164,0.2020582,0.0556142,0.0434038,0.1227786,0.039306,0.0525854,0.146474,0.0976854,0.0448176
0.1105632,0.0419218,0.0518518,0.1334996,0.0442586,0.0811088,0.0916016,0.0781744,0.0575612,0.0925514,0.0655024,0.0500874,0.0710476,0.1832818,0.0508016,0.097746,0.0381548,0.0470728,0.141929,0.0505772,0.0595226,0.0865008,0.0421264,0.0425066,0.1211348,0.0421534,0.117929,0.0580036,0.1162248,0.03357,0.0431026,0.1945556,0.0591832,0.1082886,0.063807,0.1482982,0.0581296,0.097643,0.0575848,0.0698762,0.136991,0.0568626,0.1649986,0.0622806,0.050814,0.173055,0.0582478,0.0756758,0.0352158,0.1513386,0.0333958,0.0906148,0.0485862,0.1058432,0.0480748,0.0434886,0.1182,0.10903,0.0420376,0.1408144,0.0556292,0.0953642,0.0691594,0.1195998,0.0680044,0.1079248,0.2047032,0.0555666,0.0437588,0.1233338,0.039662,0.0526874,0.1481588,0.0985156,0.044502
0.1109584,0.041835,0.0522474,0.133824,0.044259,0.0815506,0.0904188,0.0797966,0.0579324,0.0940908,0.0642624,0.0508284,0.0707416,0.181465,0.051252,0.0985712,0.0386586,0.0462566,0.1406784,0.0499408,0.0588978,0.0852668,0.042209,0.0430978,0.1211482,0.0420324,0.117064,0.0567922,0.1164484,0.033325,0.042967,0.1980904,0.0581582,0.107677,0.063424,0.1484702,0.05758,0.0960864,0.057525,0.0701526,0.1357106,0.0566076,0.1669946,0.0624864,0.0508874,0.1759542,0.0578628,0.0741256,0.0344218,0.151634,0.032607,0.0915842,0.0484268,0.1061928,0.0475636,0.0439718,0.1194574,0.1089822,0.0416886,0.140719,0.0559212,0.0960818,0.0695254,0.1191912,0.0680998,0.109088,0.2068876,0.0554998,0.0446482,0.1231952,0.0393072,0.0525892,0.1510994,0.1004226,0.0449066
0.1119864,0.041804,0.0524626,0.1349564,0.0461822,0.084864,0.0907408,0.079538,0.0580842,0.0943584,0.06368,0.0499146,0.0710446,0.1834816,0.0512922,0.0983876,0.0382344,0.0459204,0.139743,0.049291,0.0581958,0.0859078,0.0425498,0.043009,0.1213904,0.0415814,0.1166964,0.0571016,0.1165862,0.0337314,0.0433178,0.1984626,0.0574096,0.1073748,0.0630794,0.1512374,0.056662,0.0967464,0.0576544,0.0702696,0.1347966,0.0564568,0.16765,0.0618366,0.0504472,0.1754308,0.0580276,0.0733982,0.0348834,0.152768,0.0330686,0.0899972,0.0483778,0.1073318,0.0478518,0.0440314,0.1210788,0.109292,0.0415006,0.1425258,0.0563222,0.0966164,0.069812,0.1213238,0.0690022,0.1093042,0.208772,0.055626,0.0448776,0.1220336,0.0389324,0.0520862,0.150924,0.0999844,0.0455418
0.112449,0.0425154,0.0514952,0.133176,0.0468522,0.0826132,0.0919134,0.0793652,0.0570402,0.0948238,0.0633976,0.0492762,0.071444,0.1860116,0.051491,0.0984858,0.0385632,0.0457012,0.1401632,0.049432,0.0586876,0.0859984,0.0429114,0.043255,0.120137,0.042013,0.116554,0.0576284,0.1200292,0.0336724,0.0431174,0.199811,0.0574976,0.1074338,0.0631882,0.1518324,0.0565592,0.0989888,0.0573484,0.070256,0.1345286,0.0558118,0.1693058,0.062025,0.050855,0.1764906,0.0578732,0.0740554,0.0351648,0.1529556,0.0327114,0.0909588,0.0487228,0.1071964,0.0475354,0.0439758,0.1201296,0.1110412,0.0417728,0.1419566,0.0573488,0.0971016,0.070627,0.11995,0.0701794,0.1085918,0.207712,0.0552624,0.044924,0.1211232,0.0384024,0.0527196,0.1495002,0.1011868,0.0453322
0.1116074,0.0432446,0.051606,0.1332842,0.046999,0.082838,0.0912242,0.0787668,0.0576504,0.0957114,0.063843,0.0485976,0.0713856,0.186577,0.0517298,0.0981054,0.038331,0.047148,0.1391992,0.0488676,0.0580344,0.0857896,0.0441168,0.0440608,0.1202078,0.0410136,0.1164054,0.0565482,0.1196086,0.0340032,0.0429816,0.2007786,0.056181,0.1072442,0.0639414,0.153228,0.0561474,0.0995802,0.0573908,0.069867,0.1353164,0.0552404,0.1688308,0.0624092,0.0507024,0.1758826,0.0583138,0.0750342,0.0355712,0.1558384,0.0325006,0.091578,0.0478586,0.1069228,0.0468374,0.044419,0.1220942,0.112073,0.0418322,0.1421408,0.0570368,0.096726,0.069345,0.1212112,0.0696424,0.1095022,0.2091694,0.0553726,0.0450024,0.120982,0.0391874,0.0531158,0.1492834,0.1024064,0.046147
0.1133416,0.0435738,0.0519558,0.133375,0.047222,0.0840026,0.0914948,0.0790566,0.058149,0.0964118,0.0649552,0.0482478,0.0711462,0.1849792,0.051924,0.0997908,0.0385012,0.0467272,0.1390578,0.0486094,0.0579032,0.0869848,0.0429494,0.0438848,0.1214948,0.0412546,0.1169118,0.0559564,0.121202,0.0338376,0.0418978,0.2025128,0.056794,0.108364,0.0630846,0.1563012,0.0558176,0.0999378,0.0577872,0.068682,0.1361726,0.056156,0.1705808,0.0622556,0.0505982,0.1770124,0.0580492,0.0744308,0.0358976,0.156842,0.0319892,0.0912276,0.0477348,0.1089052,0.0462656,0.044306,0.1244398,0.1119186,0.0424958,0.142146,0.0583232,0.0968212,0.069115,0.1209534,0.070561,0.1096972,0.2100326,0.054611,0.044504,0.1217714,0.0384704,0.0528706,0.1509848,0.1018754,0.046144
0.1130258,0.0438338,0.0517368,0.1341652,0.0464768,0.0836232,0.0920996,0.0798214,0.0578142,0.0962112,0.0650318,0.0490684,0.0722188,0.183592,0.0508956,0.1001724,0.0383062,0.0463698,0.1388072,0.0485444,0.0578014,0.087913,0.0422208,0.0436622,0.118394,0.0415594,0.1150996,0.0561892,0.1212008,0.0343948,0.04242,0.202452,0.0570636,0.1073212,0.0635182,0.1567984,0.0553568,0.0996686,0.057605,0.0685906,0.1378382,0.055314,0.1695496,0.0623282,0.0503644,0.1759404,0.0567184,0.0737156,0.0357512,0.1568264,0.0315766,0.0904894,0.047995,0.1082036,0.0462678,0.0443532,0.1256422,0.1118976,0.041717,0.1427642,0.0583664,0.0983204,0.0691472,0.1202068,0.0702856,0.1114558,0.2104224,0.0552196,0.044807,0.1217016,0.0381096,0.0527336,0.1487878,0.1022642,0.0457234
0.1123802,0.0435188,0.0518608,0.1347252,0.0460218,0.083903,0.0924974,0.0808034,0.0574738,0.0966722,0.0653928,0.0495316,0.071874,0.1829794,0.0514214,0.0989748,0.0383,0.0465314,0.138085,0.0479594,0.0573766,0.0873764,0.04302,0.043775,0.1203108,0.0413412,0.1141258,0.0578962,0.120656,0.034385,0.0430956,0.2000024,0.0562856,0.1087314,0.0640456,0.1580878,0.0552576,0.100539,0.0572454,0.0689452,0.1368938,0.0560678,0.169165,0.061427,0.0509288,0.1763046,0.056876,0.0748962,0.0359948,0.157552,0.0318724,0.0902986,0.0480132,0.1073948,0.0463672,0.043956,0.126034,0.111233,0.0416766,0.1431736,0.0579788,0.1007534,0.0694616,0.1204774,0.0703448,0.1107588,0.2114586,0.055553,0.0443522,0.1212886,0.0380228,0.0521112,0.1505674,0.1018666,0.045586
0.1125882,0.0441062,0.0532348,0.1353444,0.0454034,0.0832572,0.0931266,0.078513,0.0583388,0.0976524,0.0654656,0.0497954,0.0722544,0.1849144,0.0518936,0.1001174,0.0389056,0.0455534,0.1383956,0.0476782,0.0569966,0.087629,0.0420928,0.0433778,0.1209782,0.0406682,0.1154742,0.0597514,0.121643,0.0348556,0.0431292,0.199031,0.0564892,0.1081916,0.0646066,0.1591436,0.0558802,0.1006006,0.0569216,0.0685792,0.1373066,0.0561804,0.1690984,0.0628236,0.0504318,0.1755486,0.056076,0.0735254,0.0359756,0.1588094,0.0315562,0.091138,0.0467596,0.1078268,0.046102,0.0443684,0.1282818,0.110265,0.0413896,0.1443544,0.0578846,0.1016328,0.069673,0.1227586,0.0702718,0.1119422,0.2113034,0.055461,0.0447332,0.1210856,0.0386426,0.0517592,0.1498834,0.1015378,0.0451388
0.1125008,0.0439852,0.0528122,0.1369802,0.0452134,0.0832582,0.0930314,0.0782412,0.058777,0.097484,0.066477,0.0493708,0.0727694,0.186009,0.0516342,0.1001356,0.0393006,0.0451884,0.138871,0.0467704,0.0567864,0.0855046,0.0416914,0.0438036,0.122171,0.0404996,0.1159946,0.0596626,0.1222702,0.035079,0.043231,0.2000488,0.057031,0.109171,0.064626,0.1632132,0.0555818,0.1003794,0.0570388,0.066936,0.1360898,0.0544224,0.1673496,0.063216,0.050631,0.1758058,0.0557174,0.0731218,0.035832,0.1591386,0.0320912,0.0911914,0.0469064,0.1079872,0.0451544,0.0442872,0.1282536,0.1115038,0.041793,0.1441462,0.0581234,0.10292,0.0692356,0.1221506,0.0710224,0.1120994,0.21114,0.0550554,0.0444932,0.1208192,0.0391858,0.052203,0.1509224,0.1020326,0.0452462
0.1127412,0.0438736,0.052764,0.1386076,0.0458668,0.0828474,0.092034,0.0776368,0.059242,0.0997262,0.0653812,0.0493634,0.0721356,0.1836598,0.0514592,0.099048,0.0396646,0.044846,0.1392128,0.0462478,0.0566026,0.0869442,0.0415396,0.0437568,0.121337,0.040026,0.1159266,0.0590104,0.122446,0.0357474,0.0438732,0.1999694,0.0570906,0.1085888,0.064678,0.1618014,0.0561382,0.1026114,0.0560696,0.0669588,0.1354524,0.0540558,0.1674888,0.0622118,0.0509958,0.1777618,0.0557892,0.0737922,0.0356724,0.1586948,0.031573,0.092865,0.0473026,0.1141112,0.0452398,0.0442898,0.1298808,0.111739,0.0416126,0.1455604,0.0591484,0.103627,0.0701142,0.1248828,0.0702416,0.1127296,0.2117816,0.055249,0.0460468,0.1207268,0.038816,0.0526404,0.1500708,0.1019484,0.0451464
0.1122356,0.0433422,0.052686,0.136671,0.0459318,0.0835018,0.0897468,0.0774732,0.058765,0.1018176,0.0648498,0.0489528,0.0728432,0.1824564,0.0520238,0.0997304,0.039384,0.044807,0.138838,0.046565,0.0564102,0.0876048,0.0414468,0.0439416,0.1237658,0.0397866,0.1171784,0.0603918,0.1222574,0.0348256,0.0434584,0.2016564,0.0571906,0.1099012,0.0647916,0.1622358,0.0571326,0.1026136,0.0554262,0.0679402,0.1365268,0.0551214,0.1703078,0.0619152,0.0508896,0.177851,0.0558156,0.072843,0.035486,0.158016,0.031644,0.0933642,0.0472162,0.113328,0.0455586,0.0443178,0.13055,0.1117736,0.0416456,0.1463092,0.0587464,0.104795,0.069825,0.1253548,0.0708872,0.1153018,0.2139746,0.0554914,0.0459908,0.120537,0.039425,0.0529386,0.1506008,0.1027998,0.0448544
0.1122444,0.0430108,0.0525434,0.1379788,0.0464212,0.0844418,0.0901776,0.0778208,0.058315,0.1024984,0.0647218,0.048933,0.073741,0.1865778,0.0515252,0.0984194,0.039941,0.045411,0.139263,0.0457102,0.0568418,0.0880676,0.0410986,0.0437836,0.1236832,0.04029,0.117799,0.0592742,0.122427,0.0353544,0.0443054,0.2018894,0.0569976,0.1092884,0.0674126,0.1606912,0.057584,0.1027638,0.0555342,0.0685754,0.1358276,0.0538882,0.1707198,0.0620072,0.0503706,0.1780862,0.0556152,0.07498,0.0359468,0.159775,0.0324866,0.0925882,0.0472848,0.1128212,0.0454124,0.0443,0.1316902,0.1122462,0.0417672,0.146733,0.0583952,0.1046546,0.0691426,0.125166,0.0716396,0.114972,0.214209,0.0558784,0.045705,0.1200826,0.0393752,0.0519558,0.1521964,0.1023828,0.0446878
0.1126788,0.0426252,0.0518388,0.1374976,0.0462908,0.083814,0.0893516,0.0784742,0.0584542,0.105173,0.0643354,0.0489822,0.0741834,0.1867998,0.0518874,0.0985132,0.0400746,0.0456088,0.1392342,0.0457534,0.0568252,0.086895,0.0403628,0.0443026,0.125272,0.0405126,0.118257,0.0596362,0.1222656,0.0360076,0.0442382,0.2046766,0.057431,0.110163,0.0672446,0.1637558,0.0574466,0.1025798,0.0557236,0.0717532,0.135277,0.054277,0.1707822,0.0631416,0.0506562,0.1769914,0.054935,0.076009,0.0357254,0.1604948,0.0326762,0.0933918,0.0465784,0.111582,0.0455942,0.0442382,0.1328158,0.1132652,0.0420538,0.1473206,0.0590846,0.1053638,0.0694598,0.1250148,0.071702,0.1160008,0.2137324,0.0553714,0.0459256,0.118747,0.0396712,0.0517526,0.1547738,0.102696,0.0441102
0.1135466,0.0426986,0.052012,0.138638,0.046121,0.0845646,0.0894282,0.0778288,0.0580902,0.1059238,0.0647332,0.049341,0.0738612,0.1873738,0.0507448,0.098063,0.0399618,0.0459536,0.1405354,0.0451462,0.057212,0.087516,0.0404166,0.0437778,0.1246684,0.0404912,0.1182512,0.0582774,0.1250822,0.0357752,0.0444624,0.2068644,0.0573602,0.111021,0.068126,0.1659316,0.058591,0.1024008,0.0556216,0.0718266,0.1360318,0.0540728,0.1712658,0.0634504,0.0503268,0.1771736,0.0544918,0.076621,0.0355254,0.1612218,0.032439,0.0928318,0.0472208,0.1138074,0.0462826,0.043974,0.1323436,0.1151814,0.0423134,0.1477212,0.0584894,0.1058482,0.0701576,0.125706,0.0710796,0.1157564,0.2143642,0.0551228,0.0461128,0.1205014,0.0397678,0.0522624,0.1536436,0.101676,0.0440236
0.1126636,0.0427682,0.0523334,0.138568,0.046798,0.0859382,0.0891908,0.0777916,0.0573638,0.1081934,0.0648778,0.0491242,0.0742434,0.1821924,0.05297,0.0982374,0.0405926,0.0460956,0.1404516,0.0451166,0.0591596,0.0875498,0.040773,0.0431706,0.1246928,0.0399868,0.1195734,0.0586466,0.1239744,0.0358374,0.0445812,0.207928,0.0575004,0.109356,0.0675022,0.1631668,0.0582476,0.1006026,0.056027,0.071488,0.1349338,0.0550452,0.1729352,0.0643608,0.050706,0.1763078,0.0548628,0.0758892,0.0359212,0.1604372,0.032324,0.092795,0.0471854,0.1133436,0.0458064,0.0437036,0.1317198,0.1145792,0.0431648,0.1472578,0.059116,0.1073344,0.0704606,0.1237958,0.0711356,0.1142726,0.216095,0.0554772,0.046416,0.1208716,0.0408156,0.052009,0.1534992,0.1036588,0.0437084
0.1134962,0.0424404,0.051874,0.1394602,0.0464358,0.0857856,0.0903864,0.07864,0.0585098,0.109436,0.0644966,0.049461,0.073768,0.1804754,0.052986,0.0981976,0.0411594,0.0458514,0.140673,0.0456282,0.0592106,0.0879924,0.0412828,0.0428894,0.1250394,0.0398268,0.1211662,0.0584678,0.1223834,0.0357174,0.0441106,0.209325,0.0580584,0.1099006,0.0675324,0.162401,0.0585178,0.1014482,0.0559762,0.0718902,0.1353092,0.0541994,0.1733248,0.0637354,0.0511394,0.1776682,0.0543456,0.0750838,0.0354604,0.1595726,0.0325888,0.094025,0.04774,0.1133406,0.0467676,0.0446854,0.132636,0.1127474,0.0434538,0.1461372,0.0587344,0.1069356,0.0697548,0.1245486,0.0705152,0.1121684,0.2136808,0.0555758,0.0461678,0.1215098,0.0404678,0.0514688,0.1527894,0.102692,0.0429468
0.1134176,0.0436418,0.0517248,0.1389414,0.0463234,0.085817,0.0905664,0.077989,0.0593488,0.10867,0.0648574,0.049528,0.0733804,0.1817036,0.0534896,0.0987532,0.0409848,0.0459766,0.1417686,0.047146,0.0600046,0.0879364,0.0416192,0.0433664,0.1251126,0.0395206,0.1215606,0.0593712,0.1232214,0.0357468,0.0436834,0.2099728,0.058145,0.1092188,0.0670634,0.1613398,0.0576512,0.099762,0.0551186,0.071524,0.1355594,0.0549512,0.1729046,0.0642076,0.0520444,0.1779542,0.0539984,0.0754364,0.03607,0.1590886,0.0332278,0.0943864,0.0480466,0.1123876,0.046528,0.045375,0.1326682,0.1122192,0.0436312,0.146928,0.0590832,0.1076538,0.0685216,0.1241344,0.070934,0.1129758,0.212706,0.0556338,0.0468518,0.1217244,0.0396158,0.0514562,0.1509702,0.1027188,0.0428208
0.1132592,0.043435,0.0521088,0.1383436,0.0463044,0.08682,0.0911978,0.0800258,0.0585196,0.1116238,0.06525,0.050085,0.0738642,0.1836822,0.05357,0.1001454,0.040919,0.046091,0.143378,0.0473172,0.0599088,0.089369,0.0415614,0.0432362,0.1247508,0.040029,0.1203622,0.0593156,0.123321,0.0360644,0.0440528,0.2089682,0.0571802,0.1077564,0.0672818,0.1640922,0.0572336,0.0989466,0.0546656,0.0727054,0.1356928,0.0555222,0.1721184,0.0644074,0.0517808,0.1772572,0.054158,0.0748296,0.0359714,0.1578338,0.0334934,0.0952276,0.0472312,0.1132992,0.0469434,0.0448834,0.130622,0.1130448,0.0433158,0.1459486,0.0592138,0.1068212,0.0683528,0.1241842,0.0715986,0.1137882,0.214158,0.056387,0.0465166,0.1205712,0.0400872,0.0519284,0.1524214,0.1013346,0.0425698
0.1135428,0.0435832,0.0520724,0.138201,0.0464248,0.0869772,0.0920232,0.0790036,0.0586272,0.1114214,0.0651342,0.0499272,0.0732318,0.1853958,0.0530852,0.1005622,0.0416632,0.0453696,0.1421966,0.047473,0.0595056,0.0894074,0.0418662,0.0438348,0.1251136,0.0396244,0.1201668,0.0603302,0.1253082,0.0366074,0.0439104,0.2144096,0.0566246,0.1057288,0.0683516,0.1647088,0.0572832,0.0991594,0.0535394,0.0728424,0.1363304,0.0549366,0.171071,0.0648038,0.050994,0.1766418,0.0550144,0.0744354,0.0366454,0.1586982,0.0336204,0.093445,0.0482258,0.1155002,0.0469734,0.0441156,0.1321066,0.111886,0.0424504,0.1472036,0.0595456,0.1069984,0.0687216,0.123841,0.072894,0.1144876,0.2146514,0.056443,0.0470256,0.1212502,0.0406574,0.051884,0.151712,0.1022498,0.0430788
0.1129458,0.0437046,0.0520508,0.1403808,0.0454416,0.086908,0.0927788,0.078997,0.058586,0.1135954,0.0673686,0.0493374,0.073468,0.1852736,0.054248,0.1006392,0.0414162,0.0463706,0.1419956,0.0484886,0.0596034,0.090279,0.0414316,0.044025,0.125258,0.0401058,0.1241518,0.0605104,0.126632,0.036531,0.0437784,0.2129552,0.0563306,0.1040094,0.0689156,0.1676366,0.0584768,0.0995662,0.0531818,0.0724132,0.1383224,0.0557152,0.175335,0.0651046,0.0508442,0.1787518,0.054295,0.0742526,0.0365666,0.1620528,0.0334418,0.094797,0.0479984,0.1156766,0.0470272,0.0446348,0.1341734,0.1131604,0.0420092,0.1473592,0.0599072,0.1074322,0.0694654,0.1228798,0.0732204,0.1131704,0.2135136,0.0565448,0.0473482,0.1207478,0.0402072,0.0522532,0.1524652,0.1022824,0.0429438
0.112451,0.0436658,0.052406,0.1397394,0.045715,0.088029,0.094476,0.0805494,0.0587988,0.115888,0.0667922,0.0502506,0.0729736,0.188395,0.0546524,0.100316,0.0410116,0.0459722,0.143207,0.047619,0.0594286,0.0912376,0.0402592,0.0441436,0.1250066,0.0403918,0.1238412,0.061871,0.1258256,0.0357886,0.0444108,0.2144008,0.0562888,0.1067552,0.0682014,0.1665562,0.0581164,0.0999256,0.0522708,0.0729486,0.1371448,0.0550894,0.1724838,0.0653366,0.0504648,0.1813576,0.0544698,0.0741928,0.036685,0.163644,0.0342832,0.0950248,0.0472532,0.1151808,0.0467982,0.0440926,0.1346186,0.1139004,0.0412968,0.1482462,0.0596968,0.1077836,0.0701502,0.1221974,0.073028,0.1120902,0.2144238,0.057066,0.046906,0.1193048,0.0404506,0.0518718,0.1519634,0.102548,0.0431922
0.1124566,0.0436272,0.0517782,0.140008,0.0459214,0.088805,0.094753,0.080564,0.0595486,0.1162484,0.0659778,0.0508184,0.0730608,0.1907926,0.0553852,0.1005708,0.0403984,0.0462954,0.1412934,0.0467954,0.0591504,0.0901316,0.040928,0.044171,0.1252538,0.0405686,0.1234818,0.0628718,0.1275658,0.0361566,0.0443562,0.2147522,0.0563814,0.1059974,0.068564,0.1669144,0.0568164,0.0994906,0.0523394,0.0730874,0.1371138,0.0551866,0.1721982,0.0665306,0.0512136,0.1796954,0.0528232,0.0736882,0.0375088,0.1647582,0.0343932,0.0950532,0.0475628,0.1148582,0.0473292,0.044634,0.1370266,0.1130194,0.0418172,0.1486932,0.0604888,0.107974,0.0697962,0.1217802,0.0737362,0.115117,0.2127138,0.0565014,0.0477592,0.119509,0.0410102,0.0511514,0.153369,0.1027706,0.0450176
0.112634,0.0436764,0.0514098,0.1407044,0.0452346,0.0890806,0.0951838,0.0808842,0.0599716,0.11728,0.0656626,0.050058,0.0744578,0.1967492,0.0558044,0.0991478,0.0397224,0.0454132,0.1440874,0.0468952,0.059222,0.0892856,0.0411278,0.0441142,0.1262704,0.0407314,0.1234584,0.062121,0.1264134,0.0361522,0.0438188,0.2161404,0.0562626,0.1062028,0.069538,0.1673562,0.0567182,0.0987216,0.0528994,0.0724758,0.1381442,0.0549422,0.1738962,0.0666172,0.0513102,0.1776272,0.0538214,0.0741578,0.0370506,0.1648034,0.0346072,0.0956018,0.0483,0.114493,0.0474892,0.0438488,0.1393418,0.1132248,0.0416096,0.148973,0.0599554,0.1075202,0.0695768,0.124363,0.0745618,0.1152776,0.2132394,0.0558064,0.0477668,0.12063,0.0422784,0.0513926,0.1534314,0.1011312,0.0450866
0.1145242,0.0437366,0.0512738,0.1400182,0.0450732,0.0899926,0.096378,0.0798218,0.061382,0.1175396,0.0652592,0.0492896,0.0743932,0.1958408,0.0552428,0.0993546,0.0399228,0.0462396,0.1438362,0.0463532,0.0601366,0.0901906,0.0410094,0.0438698,0.1251852,0.0397784,0.1246696,0.06286,0.1278142,0.0356648,0.0451474,0.2138956,0.057706,0.106124,0.0709152,0.1682754,0.056163,0.1001514,0.0530736,0.0721364,0.1384372,0.0539262,0.1757964,0.0675028,0.0506744,0.1795746,0.0544482,0.074706,0.0369858,0.1644328,0.034904,0.0955094,0.047856,0.1135982,0.0473726,0.0437114,0.1417516,0.1121896,0.041715,0.1475156,0.059487,0.10789,0.0706898,0.1247782,0.0749298,0.1159508,0.213271,0.056627,0.047544,0.1211658,0.0422472,0.0504416,0.1514076,0.1024854,0.044368
0.1149584,0.043582,0.0511142,0.1392488,0.0450222,0.0892884,0.0962938,0.0802244,0.0608778,0.1167776,0.065901,0.0518584,0.0752778,0.1970522,0.0549516,0.0991692,0.0396066,0.046689,0.1427696,0.0462348,0.0599274,0.0899708,0.0408572,0.043918,0.1252384,0.0406708,0.1256716,0.0625244,0.1290192,0.0358062,0.0458202,0.215186,0.057364,0.1096436,0.0710306,0.1683564,0.0562786,0.100727,0.0520008,0.0711366,0.136856,0.0535174,0.1750576,0.06613,0.0504334,0.1793078,0.0540704,0.0758422,0.0369896,0.1649928,0.0342668,0.0953664,0.0476022,0.1153022,0.0477446,0.0439484,0.1432386,0.1122192,0.041199,0.1468774,0.0594172,0.1092118,0.0703538,0.1238712,0.0749288,0.1169956,0.2127086,0.0570062,0.0474358,0.1225816,0.0415094,0.051163,0.1517518,0.1024364,0.044478
0.1166698,0.0431,0.0511002,0.1387542,0.0453124,0.0897724,0.0955126,0.0802304,0.061429,0.1182074,0.0664514,0.0513732,0.0750978,0.202922,0.056218,0.0989972,0.0391954,0.0460378,0.142156,0.0472286,0.0597732,0.0893786,0.0415572,0.0442716,0.1239026,0.0407784,0.1231814,0.06226,0.1304482,0.0359872,0.0455084,0.2167964,0.0569902,0.1092114,0.0713134,0.1698538,0.0565774,0.0998136,0.0522766,0.071396,0.1377988,0.0533442,0.173515,0.0654296,0.050794,0.1794314,0.0534854,0.0764406,0.0374036,0.1672854,0.0338674,0.0935688,0.048455,0.11423,0.0477148,0.044194,0.140778,0.1131574,0.0407012,0.1476848,0.059085,0.1097134,0.0700584,0.1241404,0.0749682,0.115834,0.2141436,0.0569696,0.047832,0.1227902,0.0413872,0.0511616,0.1510672,0.102891,0.0439372
0.1184462,0.04302,0.0511546,0.1377694,0.0451718,0.090389,0.0953816,0.0807998,0.0617596,0.1189032,0.0672504,0.0517188,0.0742452,0.2044978,0.056477,0.099714,0.038607,0.0469326,0.142768,0.0488146,0.0592548,0.0894084,0.0416368,0.0436662,0.1235582,0.0404728,0.1233846,0.0619768,0.1322578,0.0361092,0.0450442,0.2172998,0.0574514,0.1094238,0.0710438,0.170797,0.0568418,0.1004562,0.0516916,0.0708678,0.1359302,0.0524928,0.1750076,0.0656744,0.0517368,0.1782514,0.0539466,0.0779664,0.038411,0.1654154,0.034341,0.093179,0.0484976,0.1142032,0.0482436,0.0437688,0.1385236,0.1139274,0.041186,0.1483596,0.0586988,0.1098862,0.0703022,0.1242206,0.0755196,0.116696,0.2152124,0.057278,0.0482154,0.1241816,0.0408798,0.051591,0.1510578,0.1025826,0.0440474
0.1197692,0.0434804,0.0507672,0.1383674,0.0450526,0.0895408,0.0952602,0.0810854,0.0622286,0.119409,0.067892,0.0516182,0.074437,0.2075478,0.056523,0.0990572,0.0384374,0.046601,0.1422278,0.0499378,0.0585,0.09069,0.0416038,0.0434086,0.124129,0.0402836,0.1215176,0.0608162,0.1306986,0.0366258,0.0443338,0.219882,0.057674,0.1086384,0.0716024,0.172373,0.0568664,0.1010248,0.0515666,0.070831,0.136077,0.0525762,0.176514,0.0659346,0.051105,0.179254,0.0530654,0.0770668,0.0387188,0.1669076,0.0340848,0.093788,0.0480176,0.1126832,0.0488304,0.0431554,0.1385972,0.1146978,0.0409652,0.1503202,0.0595376,0.110323,0.0698436,0.1251002,0.07582,0.1161412,0.2143418,0.0573838,0.0479348,0.1241778,0.0404796,0.0506126,0.1528434,0.1022772,0.0445574
0.1195088,0.0435456,0.0513526,0.138648,0.045505,0.0902834,0.0951542,0.0812124,0.0624824,0.1198874,0.0671944,0.051386,0.0743184,0.2094474,0.0556674,0.0992758,0.038547,0.0462968,0.1392106,0.0508984,0.0588672,0.089451,0.0414876,0.04412,0.1243434,0.0424018,0.1216282,0.0610726,0.1312246,0.035917,0.0445106,0.21952,0.0576778,0.1078862,0.0723496,0.1718026,0.0562182,0.1010676,0.0509034,0.0716838,0.1352836,0.053078,0.1739724,0.065165,0.050575,0.1793952,0.0537006,0.0754736,0.0382496,0.167728,0.0344884,0.0957128,0.0476292,0.1142254,0.048805,0.0430628,0.1394852,0.1135902,0.0404554,0.151564,0.0587528,0.1103748,0.0689678,0.1246184,0.0754174,0.1169328,0.2144128,0.058528,0.0487422,0.1247812,0.0403408,0.050619,0.1527962,0.1028388,0.0442412
0.1192114,0.0436712,0.0527202,0.1387564,0.0457352,0.0889918,0.0942532,0.082409,0.0618062,0.1199666,0.0665492,0.0505404,0.074893,0.2098624,0.0545784,0.100616,0.038345,0.0459678,0.1412314,0.051032,0.0595996,0.0898868,0.0421786,0.0434038,0.1232802,0.0424738,0.1215062,0.0594078,0.1314592,0.035777,0.0442744,0.2198926,0.0565346,0.1076962,0.071908,0.1711792,0.0566066,0.1012504,0.0504446,0.0702596,0.1364564,0.0536648,0.1750542,0.0652272,0.0508734,0.1762696,0.053136,0.0735938,0.0382856,0.1699462,0.0333804,0.095061,0.0476968,0.1132166,0.0490644,0.0427022,0.141865,0.114235,0.04036,0.1513106,0.0585168,0.1096508,0.069747,0.1252146,0.0751092,0.116952,0.2170668,0.0577974,0.0490272,0.123652,0.039477,0.0498158,0.1522032,0.1026096,0.044554
0.120992,0.0442532,0.0521102,0.1384098,0.04564,0.0897286,0.0939472,0.0819192,0.0614778,0.1196412,0.0667908,0.0511418,0.075057,0.2109708,0.0542394,0.1013966,0.0386746,0.046335,0.1416928,0.0500396,0.0601052,0.0893862,0.0421618,0.0441166,0.1240522,0.0426414,0.1211514,0.0583392,0.1323748,0.0356664,0.0445448,0.2193824,0.0562466,0.108185,0.0727002,0.1725238,0.0571032,0.1012356,0.0503016,0.0704314,0.1382594,0.0530874,0.175788,0.0639924,0.0515778,0.1761198,0.0534034,0.074116,0.0387468,0.1693928,0.0341306,0.0959714,0.0473462,0.11292,0.048342,0.0425006,0.1406044,0.113357,0.040563,0.1511072,0.058266,0.1094246,0.0694718,0.1260244,0.0740436,0.1153892,0.216012,0.0584532,0.0493938,0.1236806,0.0389124,0.05041,0.1549176,0.1028678,0.0442314
0.120681,0.044013,0.0517554,0.1405196,0.045682,0.090223,0.0939444,0.0825664,0.0609258,0.1212376,0.067593,0.0502464,0.0755218,0.2107564,0.0535438,0.100796,0.038047,0.0457758,0.1431498,0.0508226,0.0603368,0.0890348,0.0421288,0.0437074,0.1234568,0.0422622,0.1213264,0.057979,0.1321156,0.0351636,0.0442222,0.2190832,0.0561442,0.107891,0.0732358,0.1717538,0.0576838,0.1045778,0.052679,0.0711996,0.1355042,0.0533264,0.1753132,0.0632556,0.0512378,0.1757502,0.0535608,0.0765934,0.0379394,0.169951,0.0344522,0.0950504,0.047582,0.112504,0.0482974,0.0436944,0.1405172,0.1129118,0.0412142,0.1516124,0.058357,0.110669,0.0692666,0.1258806,0.0745774,0.1151906,0.215469,0.0579702,0.0497834,0.1241526,0.039728,0.051277,0.1535248,0.1045066,0.0443278
0.1206432,0.0442266,0.0507818,0.141594,0.0452972,0.0896394,0.093505,0.0830962,0.0609588,0.1225854,0.0688044,0.0497876,0.0746408,0.2104992,0.05557,0.10115,0.0376808,0.0461308,0.1427926,0.0504874,0.0594214,0.0897606,0.0425004,0.0440598,0.1246686,0.0429858,0.122214,0.0582872,0.131807,0.035693,0.0452236,0.218764,0.0565734,0.107814,0.0735326,0.1691964,0.0583446,0.1056516,0.0523964,0.0711152,0.1346312,0.0540836,0.175243,0.0631914,0.0517676,0.1766212,0.0532174,0.0770394,0.038372,0.169159,0.0345452,0.0960562,0.0473614,0.1135614,0.0484108,0.0438918,0.1423548,0.1120612,0.0412662,0.151713,0.0581008,0.111186,0.069408,0.1273348,0.0747982,0.1140084,0.2138744,0.0564252,0.0491884,0.123038,0.0394526,0.0511624,0.151069,0.104749,0.043993
0.120609,0.0441078,0.0510074,0.1404438,0.0455622,0.0882788,0.0933782,0.083817,0.0614842,0.1237258,0.069331,0.05005,0.0732952,0.2071696,0.0561258,0.1034928,0.0381518,0.0458782,0.1421326,0.0507834,0.0594054,0.0901734,0.0421356,0.044375,0.1252792,0.0430214,0.1230548,0.0585164,0.130966,0.0355476,0.0461784,0.2212724,0.0565096,0.1082132,0.0750118,0.1695296,0.0590006,0.1058932,0.0526148,0.0715994,0.1343822,0.0533554,0.1769168,0.0616832,0.0513652,0.179038,0.0526746,0.07747,0.0380972,0.1693962,0.034315,0.095028,0.0471822,0.1128884,0.0489712,0.0437676,0.1409968,0.1112294,0.0417588,0.1539046,0.0571188,0.1120172,0.0692492,0.1251938,0.0751814,0.1168696,0.2150722,0.0566616,0.049064,0.1230222,0.0390118,0.0508666,0.1529358,0.105208,0.0442078
0.1204072,0.0440788,0.0503166,0.1403762,0.0456052,0.0879392,0.0934604,0.0848578,0.0607952,0.1243302,0.0705672,0.0502792,0.074164,0.209767,0.0564468,0.1029034,0.0388124,0.046212,0.1422568,0.0501412,0.0591944,0.090964,0.0422242,0.0435718,0.124075,0.0436798,0.1226184,0.0591066,0.1303428,0.0351424,0.0467196,0.2247032,0.056095,0.109968,0.0776642,0.1748198,0.0597588,0.1054008,0.0533176,0.0719706,0.1340954,0.053952,0.1789224,0.0625662,0.052238,0.1808476,0.0523828,0.076737,0.0373772,0.169164,0.033971,0.096454,0.0472404,0.1139356,0.0493098,0.043962,0.1434436,0.113451,0.0419778,0.1558056,0.0573994,0.1128278,0.0696996,0.1260812,0.0750856,0.117557,0.2152322,0.0562426,0.049454,0.1241884,0.038908,0.0508824,0.1548968,0.106587,0.0444988
0.1213976,0.044424,0.0506032,0.140449,0.0456754,0.0882366,0.0933718,0.0843276,0.060813,0.1278524,0.0694844,0.0497872,0.0740656,0.2091796,0.055896,0.1043136,0.039566,0.046203,0.1434654,0.0502416,0.0589122,0.0921422,0.0422102,0.0445262,0.125915,0.0438738,0.122141,0.060111,0.1305246,0.0353132,0.0475342,0.2239272,0.0549082,0.1117598,0.078056,0.175021,0.0600178,0.1056042,0.0537384,0.0718142,0.1336732,0.054178,0.178704,0.0617822,0.0537896,0.1819362,0.0530046,0.0774986,0.0375058,0.1690086,0.033859,0.0968052,0.0479992,0.1128766,0.0495806,0.0432748,0.1447004,0.1146492,0.0418638,0.1571192,0.0577044,0.1146098,0.071055,0.1248848,0.0753944,0.11734,0.2136252,0.0573618,0.0500098,0.1239156,0.0394214,0.050489,0.1539072,0.107128,0.0442654
0.122075,0.0452162,0.0510382,0.139911,0.0451018,0.0876344,0.0932888,0.0855006,0.0612012,0.1268562,0.0705848,0.0496834,0.0739614,0.2109306,0.056294,0.1036734,0.039831,0.0461522,0.1436388,0.0496464,0.0601396,0.0919208,0.0426896,0.0436704,0.1260348,0.0440246,0.1225536,0.0606564,0.130569,0.035822,0.0465482,0.2207318,0.056138,0.1113532,0.076883,0.1761422,0.0598494,0.1074588,0.0538754,0.0713608,0.1341144,0.0548464,0.1762524,0.063813,0.0525628,0.181878,0.053148,0.0783186,0.0379998,0.1707552,0.0334542,0.0975366,0.0476716,0.1125258,0.0497164,0.0430556,0.1462768,0.1142758,0.042089,0.156207,0.0575282,0.1151916,0.0716748,0.124647,0.0766874,0.1188878,0.2131466,0.0577524,0.049126,0.1229248,0.0399792,0.049489,0.1541218,0.106968,0.0441656
0.1223448,0.0455178,0.0519392,0.140607,0.0455258,0.0872248,0.093548,0.0860708,0.0611386,0.1290724,0.0704772,0.0495258,0.0744964,0.2095544,0.0553262,0.1043262,0.039714,0.0460522,0.147154,0.0493088,0.0598422,0.0923756,0.0423112,0.0437518,0.1264164,0.0433752,0.123071,0.0605864,0.1308854,0.035562,0.0464994,0.224215,0.0546018,0.1106808,0.077765,0.175323,0.0594328,0.1061928,0.0538324,0.07136,0.136163,0.0562966,0.178537,0.0645434,0.0540578,0.1822746,0.0530332,0.0799208,0.0386432,0.1696422,0.0340602,0.0984144,0.0477444,0.1116206,0.0498098,0.0429422,0.1477408,0.1133044,0.0413116,0.1563936,0.0583224,0.1147858,0.0719644,0.1251792,0.0761686,0.119076,0.2151434,0.0595466,0.049589,0.1237786,0.0407734,0.0499312,0.1513496,0.1079934,0.044656
0.1247728,0.0461506,0.0519902,0.1417748,0.0453516,0.087801,0.0934734,0.0862342,0.0603826,0.1311616,0.0713472,0.0498528,0.0747906,0.2124904,0.0552526,0.1044452,0.0394984,0.04631,0.1454516,0.0489532,0.0605066,0.0921052,0.0419066,0.0438952,0.1259772,0.0435764,0.1238752,0.0611414,0.1284516,0.0360624,0.046523,0.2280304,0.0554284,0.1095508,0.078935,0.1729954,0.058221,0.105273,0.054076,0.0713186,0.1359422,0.0548716,0.178803,0.064645,0.0543762,0.1834162,0.0519984,0.0796674,0.0383996,0.1704566,0.0337142,0.0992452,0.047329,0.1120144,0.0500468,0.043094,0.1468114,0.1133578,0.0417598,0.1555502,0.058698,0.1130288,0.0720138,0.1243388,0.0755538,0.1187764,0.2134936,0.058758,0.050103,0.123081,0.04102,0.0498682,0.1534604,0.10727,0.0452544
0.123416,0.046704,0.0515876,0.1426176,0.0452552,0.0886016,0.0925434,0.0862818,0.0612378,0.128417,0.0716462,0.0489994,0.0743966,0.21471,0.0557414,0.1039756,0.038906,0.046058,0.1449588,0.0493,0.0609788,0.092744,0.041794,0.0432104,0.1252758,0.043145,0.1222728,0.0617238,0.1287858,0.0357212,0.0467622,0.228751,0.056297,0.108427,0.0787976,0.1719248,0.0575406,0.106943,0.0534118,0.0709874,0.1370552,0.054394,0.1780506,0.0645988,0.0543504,0.1828198,0.054066,0.0804882,0.0381586,0.1732084,0.0335466,0.0976372,0.0472178,0.113945,0.0489352,0.0437468,0.1465378,0.1149734,0.0413344,0.155492,0.0583876,0.115068,0.0718834,0.1231754,0.0764268,0.120392,0.212654,0.0588744,0.0503932,0.1232338,0.0408178,0.0496548,0.1533158,0.1080806,0.0451074
0.1238722,0.0468904,0.0516758,0.1443868,0.0450718,0.0880964,0.0914456,0.085973,0.0608006,0.1289166,0.0705326,0.049441,0.0737902,0.2168996,0.0554178,0.1038216,0.038718,0.0474126,0.1471732,0.049207,0.0606264,0.093498,0.0417902,0.0430542,0.1272608,0.0436806,0.1232434,0.062804,0.128414,0.035166,0.0466084,0.2294376,0.0566176,0.1091054,0.0804178,0.1723238,0.0566004,0.1085252,0.053153,0.0708024,0.1380396,0.0547704,0.1751768,0.0642614,0.0547074,0.1844586,0.0543966,0.0802542,0.0381466,0.172128,0.0332084,0.0994802,0.047606,0.1139172,0.0493998,0.0438684,0.146076,0.1141776,0.0405898,0.156846,0.05827,0.1143676,0.0719418,0.1239014,0.0763456,0.121068,0.2131874,0.0599336,0.0512964,0.126267,0.0412392,0.0492524,0.1545002,0.107155,0.0442256
0.1261102,0.0464094,0.0513018,0.1444978,0.0445594,0.0885984,0.0913698,0.0865974,0.061009,0.129813,0.0693742,0.050343,0.0748546,0.2145248,0.0550568,0.1028496,0.0376478,0.0469696,0.1472638,0.0492296,0.0606484,0.0940404,0.041723,0.0423082,0.125829,0.043936,0.1232574,0.062595,0.1289632,0.0352262,0.046176,0.228687,0.0562742,0.1097296,0.081641,0.1708518,0.0557182,0.1079114,0.051995,0.0703804,0.137476,0.0549376,0.1761886,0.064808,0.0542848,0.1843558,0.054075,0.0798894,0.0386766,0.1721166,0.0332648,0.0989792,0.0469924,0.1136126,0.0495208,0.0439684,0.1428056,0.1147928,0.0406924,0.1555068,0.0576514,0.1147262,0.0729438,0.1265346,0.075633,0.12135,0.2172052,0.0596818,0.051655,0.1258824,0.0407778,0.0497678,0.1561682,0.106312,0.045016
0.1256956,0.0452754,0.0522138,0.145705,0.0450328,0.0890326,0.0923264,0.0883704,0.0622998,0.1317314,0.0698918,0.0513274,0.0739266,0.216005,0.0548098,0.1045622,0.0378636,0.0463926,0.1476078,0.0504878,0.0596204,0.0946306,0.0411304,0.042107,0.1251252,0.0426696,0.1229602,0.0620922,0.1293036,0.0354088,0.046332,0.2294124,0.0565402,0.1104196,0.0817022,0.172445,0.0566846,0.1073674,0.0516126,0.0698312,0.1375646,0.0551882,0.1755198,0.064752,0.0543336,0.1860294,0.0535546,0.0798214,0.0383802,0.1721804,0.0332118,0.0980074,0.047408,0.1145382,0.0498028,0.0436794,0.1418496,0.1153046,0.0410748,0.1556062,0.0572114,0.1144962,0.0723042,0.126208,0.0748374,0.121706,0.218858,0.0602462,0.05171,0.1256192,0.0412118,0.0503066,0.1564668,0.105844,0.0460254
0.1258876,0.0456508,0.0530506,0.1454998,0.0457754,0.0882658,0.0914408,0.087349,0.0621756,0.1318684,0.0690276,0.0513932,0.0744572,0.2154632,0.0552848,0.1037736,0.0382158,0.0467194,0.1503852,0.0501978,0.060056,0.0962282,0.0413252,0.0416594,0.1260782,0.0423086,0.1231636,0.0616328,0.130336,0.0348334,0.0462936,0.227432,0.0574978,0.1105194,0.0807146,0.1739614,0.0569498,0.1077776,0.0518654,0.0700824,0.1365558,0.0547146,0.1756406,0.0658712,0.055065,0.1837572,0.0531372,0.0806896,0.0380432,0.1713348,0.033002,0.0981868,0.0473068,0.1143594,0.0495014,0.0446422,0.1422496,0.1135644,0.041586,0.1567742,0.0576534,0.1127804,0.0722186,0.126623,0.0745604,0.1227214,0.2175124,0.0614928,0.0517666,0.1255172,0.0415522,0.049598,0.1544966,0.1049884,0.0465526
0.1252228,0.0465992,0.052334,0.1471044,0.0464292,0.088832,0.0908328,0.0873738,0.0613188,0.133504,0.0695448,0.0505974,0.074802,0.2138188,0.0549852,0.1020902,0.0379156,0.0472832,0.1488746,0.0515998,0.0599976,0.0962794,0.041074,0.0417232,0.126202,0.041454,0.1227182,0.0612344,0.1299392,0.0342284,0.0462986,0.2261132,0.0563348,0.1095706,0.0808732,0.1768188,0.056042,0.1085766,0.0522088,0.0697142,0.1363018,0.0548648,0.1766062,0.0671242,0.0553896,0.183383,0.0536686,0.0811296,0.0383138,0.1735204,0.0331322,0.0979462,0.047807,0.114874,0.0497846,0.0443984,0.143358,0.1137832,0.0425572,0.1575202,0.057655,0.1141348,0.0721186,0.1263454,0.0737346,0.1235544,0.2174138,0.060987,0.0506226,0.1248558,0.040668,0.049311,0.1531872,0.105433,0.0464806
0.1245136,0.0471748,0.051932,0.1489124,0.046115,0.0882054,0.0896894,0.086629,0.0614124,0.1325314,0.07056,0.049817,0.074654,0.210417,0.0550098,0.101842,0.0374444,0.0456026,0.1484834,0.0510938,0.0598706,0.0953522,0.0409294,0.0425546,0.1260834,0.0411412,0.1225336,0.061473,0.130612,0.0341802,0.0473542,0.2301228,0.0565106,0.1099338,0.0801948,0.1796588,0.0559794,0.108363,0.0518416,0.0704138,0.137435,0.0529134,0.1778584,0.0662442,0.0552958,0.1832258,0.053037,0.079663,0.0376048,0.1723714,0.0332912,0.099087,0.0471752,0.1130236,0.0491238,0.044329,0.1438798,0.1126404,0.0425244,0.1565222,0.0581112,0.113343,0.072048,0.1261994,0.075393,0.123136,0.220536,0.0611658,0.051201,0.124257,0.0413258,0.0486124,0.1536828,0.1056336,0.045283
0.1247398,0.0468158,0.0521286,0.1488882,0.0458092,0.087661,0.0892252,0.0878188,0.0626992,0.1324458,0.0694708,0.0500064,0.0756894,0.2145752,0.0552678,0.1020692,0.0374586,0.0454428,0.1497844,0.050849,0.0602684,0.095614,0.0409442,0.042318,0.1247146,0.0412386,0.1240332,0.0618482,0.131878,0.0340136,0.0471048,0.2332686,0.0560078,0.1116532,0.080662,0.1789282,0.056148,0.1091452,0.0515066,0.0702516,0.1354184,0.0541168,0.175649,0.0670044,0.0555822,0.1834202,0.0535814,0.079934,0.0385314,0.172171,0.0331414,0.1018716,0.046809,0.1135278,0.0490946,0.0446618,0.146653,0.1128836,0.0420378,0.1570168,0.0592796,0.1140424,0.0721506,0.1253582,0.0747636,0.121939,0.217942,0.0608178,0.0511366,0.1260426,0.0406798,0.0485846,0.1527354,0.105698,0.0453794
0.1260672,0.04697,0.0524176,0.1499716,0.04531,0.0876298,0.0890198,0.0890536,0.06338,0.131819,0.069634,0.0495756,0.0768784,0.2168156,0.0557864,0.1015438,0.0376228,0.0460036,0.1484208,0.0502528,0.0603272,0.0964428,0.0411494,0.0414464,0.1256812,0.041235,0.1222024,0.0626748,0.1325208,0.0327186,0.0472486,0.2314852,0.0563284,0.1123888,0.081788,0.1798246,0.056258,0.1092224,0.0519174,0.0709326,0.1370782,0.0553562,0.1777356,0.0676484,0.0563304,0.1841982,0.0535468,0.0804156,0.0383576,0.1734044,0.0337368,0.1019294,0.046744,0.1126,0.0487534,0.0442584,0.1447076,0.1120398,0.0418098,0.1563344,0.0604728,0.1132658,0.0719262,0.12461,0.0745214,0.1211456,0.2174286,0.0610878,0.0516752,0.1276178,0.0412092,0.0493112,0.1537186,0.1056682,0.0454018
0.1272314,0.0469146,0.0522788,0.149803,0.0458116,0.0868064,0.0896728,0.0897472,0.0636768,0.1331444,0.0689702,0.0498046,0.0783004,0.2164822,0.0555092,0.1018488,0.0372102,0.0461212,0.1517906,0.0499528,0.0598818,0.096988,0.0411216,0.0413004,0.1278028,0.0411472,0.123429,0.062974,0.133124,0.0331418,0.0478314,0.2322614,0.0574648,0.1102756,0.0816866,0.1792402,0.05691,0.109171,0.0522684,0.072164,0.135252,0.0547008,0.1766054,0.0681008,0.056469,0.1845308,0.0532668,0.0800006,0.0386588,0.1738014,0.0340524,0.1030626,0.0469364,0.113981,0.04936,0.044117,0.145257,0.1116584,0.0425752,0.1560794,0.0599612,0.1133694,0.0721284,0.1243588,0.0757368,0.1215752,0.2191882,0.0606246,0.0515248,0.1283076,0.040566,0.0493536,0.1530946,0.1051476,0.04589
0.1273924,0.0477914,0.0517806,0.1493826,0.0458804,0.0875638,0.0897036,0.0909988,0.0630802,0.1332542,0.0692936,0.0504664,0.0772708,0.217493,0.0575176,0.10141,0.0371238,0.046105,0.153161,0.0494166,0.0595168,0.0970024,0.0405,0.041478,0.1272486,0.0411566,0.1225454,0.0623586,0.1324424,0.0330454,0.04693,0.2294624,0.0563588,0.1114746,0.0824804,0.179535,0.0577148,0.109675,0.0527468,0.0720236,0.135974,0.054323,0.1747444,0.0678352,0.0569358,0.186766,0.0534718,0.080514,0.0373254,0.1735012,0.0349104,0.1029092,0.046776,0.1139056,0.0500602,0.0445588,0.1463752,0.1130164,0.0416696,0.1575966,0.0596568,0.1131212,0.0722094,0.124295,0.0755642,0.12262,0.2184084,0.0615874,0.0509636,0.126355,0.0404976,0.0495284,0.1518146,0.1065704,0.0454566
0.128024,0.0473916,0.0525836,0.1483434,0.0460606,0.0871766,0.0891638,0.0917114,0.0625706,0.1340386,0.0691162,0.0499524,0.0776376,0.2198098,0.0569282,0.1019426,0.0366872,0.046419,0.1534514,0.0495296,0.0599554,0.0959592,0.040796,0.0416174,0.1275868,0.0405022,0.1226556,0.063419,0.1334626,0.0322486,0.0463484,0.229424,0.0553896,0.1095688,0.083002,0.17933,0.0557808,0.111465,0.052845,0.0725546,0.1356342,0.0543988,0.174564,0.0675688,0.0560124,0.188095,0.0541362,0.0814396,0.0368846,0.1722522,0.0346826,0.1015054,0.046522,0.11317,0.0508484,0.0448946,0.1472366,0.1126344,0.0416406,0.1553638,0.0604524,0.1126914,0.0714074,0.1220218,0.0743008,0.1232468,0.2158844,0.0628098,0.051122,0.1273022,0.0404174,0.0486146,0.152537,0.1067132,0.0451856
0.1283302,0.0474626,0.0537828,0.1511366,0.045373,0.0877274,0.0893492,0.091676,0.0623618,0.1347952,0.0699292,0.0492412,0.0768274,0.2175964,0.057634,0.101049,0.0365644,0.0463644,0.1520878,0.0492018,0.0594952,0.0973628,0.0405042,0.0414122,0.126274,0.0409254,0.1230818,0.0629578,0.1332696,0.0329818,0.0462596,0.2298426,0.0549984,0.1086558,0.0812914,0.1792458,0.0560642,0.111196,0.0523336,0.0728568,0.1347206,0.054984,0.1738268,0.0663756,0.0559776,0.1863788,0.0556184,0.0822292,0.037234,0.171308,0.0346556,0.1015592,0.0477756,0.1131236,0.050647,0.0441046,0.1475336,0.1133378,0.0425202,0.156117,0.0611928,0.112519,0.0714734,0.1234756,0.0748428,0.1247028,0.2173826,0.0623754,0.0514414,0.1273842,0.0407294,0.0484776,0.1537146,0.1070288,0.04548
0.1298906,0.0479392,0.0543076,0.152108,0.0467938,0.0896288,0.0888588,0.0931514,0.0630346,0.1335048,0.0695912,0.0488708,0.076309,0.220445,0.0573102,0.102652,0.0367408,0.0465082,0.1531454,0.0500244,0.060282,0.097496,0.0407684,0.0418454,0.126006,0.040978,0.1242524,0.0632682,0.1341518,0.0325818,0.0452188,0.2291676,0.0552012,0.1097684,0.0823824,0.1800928,0.0552484,0.1083594,0.0522864,0.0735086,0.1366234,0.0563326,0.1728838,0.0663116,0.056961,0.1868476,0.0558338,0.081453,0.0374428,0.1721024,0.0343666,0.1020052,0.048452,0.1145582,0.0500402,0.0433222,0.1505936,0.1121246,0.0426586,0.1569886,0.0619956,0.1112816,0.0708574,0.1230972,0.0758544,0.124799,0.21756,0.062186,0.0514132,0.127568,0.0403626,0.0480878,0.1530402,0.1053642,0.0454136
0.130565,0.047391,0.0535286,0.1536156,0.0468924,0.0901034,0.0886276,0.0918466,0.063004,0.132293,0.0702356,0.0486578,0.076202,0.2154436,0.0581822,0.101014,0.037309,0.046212,0.1549094,0.0500168,0.0593526,0.0995468,0.0406488,0.0414316,0.1275394,0.040606,0.1242558,0.061841,0.1346098,0.0327652,0.0449116,0.2317372,0.0560296,0.1124232,0.081185,0.1776376,0.0544102,0.1101966,0.0514962,0.0731296,0.1373614,0.0557502,0.174293,0.0654802,0.0572936,0.187146,0.0543446,0.0833702,0.0373812,0.1728082,0.0348948,0.1015306,0.0471642,0.115085,0.0491838,0.0436344,0.1497698,0.1105938,0.0426736,0.1581042,0.0623504,0.1117794,0.0706776,0.1244708,0.0746868,0.125556,0.2179622,0.0627598,0.0513906,0.1286148,0.0406524,0.048147,0.154315,0.1077166,0.0453184
0.130657,0.0484402,0.0533368,0.152945,0.0461586,0.0901742,0.0878836,0.0920668,0.0627198,0.1347862,0.0702354,0.0482166,0.0779182,0.2156544,0.057855,0.1008058,0.0367934,0.046832,0.155164,0.0499014,0.059526,0.0995556,0.0408566,0.04091,0.1253428,0.0409036,0.1247672,0.0623968,0.1329082,0.0327342,0.0454202,0.230506,0.0547176,0.1120186,0.0804466,0.1774692,0.05625,0.1108214,0.0517664,0.0726568,0.1375454,0.0563464,0.1747416,0.0644966,0.058153,0.1866518,0.0538376,0.0837758,0.0370418,0.1749592,0.0353098,0.1018684,0.0471568,0.1159124,0.0495318,0.0435334,0.150777,0.1112276,0.0425616,0.1597412,0.061564,0.111288,0.070083,0.1267128,0.0754022,0.1249488,0.2184682,0.061943,0.051467,0.1282944,0.040917,0.048407,0.1526518,0.107953,0.0454232
0.1302704,0.0481832,0.053082,0.1518426,0.0459094,0.0893706,0.0879078,0.0915396,0.062466,0.1348842,0.0698198,0.0477342,0.077626,0.2135302,0.0590158,0.100564,0.0368672,0.0467006,0.1566318,0.0499862,0.0599982,0.0998052,0.0409142,0.04175,0.1257798,0.0412344,0.1253146,0.0632514,0.1319362,0.0329012,0.0450516,0.232211,0.055122,0.1105582,0.080784,0.1771948,0.0559974,0.113095,0.0530026,0.072167,0.1400576,0.0558268,0.174194,0.0642452,0.0580046,0.1876398,0.0537736,0.0839884,0.037509,0.176985,0.0354414,0.1029476,0.0478138,0.1153812,0.0488654,0.0430076,0.1516222,0.11182,0.0422804,0.159808,0.0612396,0.112029,0.070814,0.1246444,0.0752642,0.1256344,0.2171682,0.0614946,0.0512096,0.1294006,0.041592,0.0489842,0.1508996,0.108955,0.045513
0.1311558,0.0474924,0.0528496,0.1553794,0.0455446,0.0898944,0.087265,0.0914236,0.0615904,0.1351822,0.0706094,0.0472556,0.0794238,0.2155608,0.0585648,0.1007656,0.0378522,0.0467128,0.1586438,0.0500676,0.0608284,0.1001772,0.0405172,0.0411492,0.1236524,0.0410102,0.1259276,0.0621588,0.131609,0.0329122,0.0453516,0.232368,0.0556378,0.1114682,0.0801378,0.180877,0.0568984,0.112657,0.0531384,0.0732114,0.1404302,0.0562514,0.1746388,0.0645454,0.0582856,0.1857834,0.054232,0.083514,0.0376714,0.1781302,0.035051,0.1021198,0.0483286,0.114909,0.0492154,0.0430506,0.148286,0.1102568,0.0418772,0.15808,0.0616472,0.113432,0.0704298,0.124407,0.0754414,0.1260978,0.2152926,0.0609818,0.0511034,0.1279026,0.0409674,0.0487928,0.1529736,0.108116,0.0459436
0.1331876,0.0472538,0.0529064,0.1573616,0.0441996,0.0888508,0.0880024,0.0910274,0.0622886,0.134906,0.0693934,0.0465288,0.078926,0.2164686,0.0584444,0.1007094,0.0377706,0.0468924,0.1603276,0.0500382,0.059719,0.1005742,0.041025,0.0411658,0.1240148,0.0415974,0.1246088,0.0630732,0.1317058,0.032635,0.0454518,0.2333214,0.0553818,0.1123602,0.082147,0.1817822,0.0557078,0.1143216,0.0539478,0.0730754,0.1405454,0.0559116,0.1762706,0.06508,0.0580014,0.1852782,0.0545082,0.0831012,0.038306,0.1790466,0.0355356,0.1011172,0.048069,0.1135672,0.0497224,0.0439378,0.1480622,0.1088816,0.0428832,0.1573072,0.0623522,0.1144162,0.0699602,0.1236758,0.0743084,0.1267144,0.2128502,0.0621204,0.0519318,0.1278812,0.0413674,0.049503,0.1549964,0.1088946,0.0455786
0.1329108,0.047785,0.0524778,0.1595862,0.0433386,0.0888236,0.090105,0.0918702,0.063189,0.1360644,0.069326,0.0466076,0.0781958,0.216226,0.058789,0.1012742,0.0374404,0.0472448,0.162583,0.0505568,0.0602842,0.099985,0.0409936,0.0413292,0.124299,0.0416216,0.1248454,0.0639528,0.1316068,0.0321078,0.0449598,0.2314338,0.0550814,0.113423,0.0837012,0.1816108,0.0552208,0.1151496,0.053804,0.073365,0.1434122,0.0559678,0.174278,0.0646582,0.0580756,0.1862738,0.0545818,0.0833408,0.0379016,0.178449,0.0357474,0.1009198,0.0478976,0.114235,0.0497392,0.0437486,0.1479156,0.1093106,0.042356,0.1593216,0.0631214,0.1148926,0.070343,0.1221218,0.0735428,0.127203,0.2148822,0.0623256,0.0522178,0.1277498,0.042527,0.0483166,0.1528358,0.1093352,0.0460186
0.1340714,0.048329,0.0518282,0.1595266,0.0444618,0.0893974,0.0902202,0.091266,0.0627932,0.1364246,0.069638,0.0481832,0.0789514,0.2163114,0.0591,0.101252,0.0378336,0.0471608,0.162643,0.050445,0.059968,0.1003612,0.0409802,0.0402644,0.1258326,0.042669,0.125695,0.0651702,0.1315742,0.0321716,0.0449172,0.2299488,0.0542596,0.1157528,0.0845148,0.1808642,0.055153,0.1156006,0.0536576,0.0729838,0.1432188,0.0557854,0.1768292,0.0642074,0.0584314,0.1856198,0.054253,0.0834798,0.037743,0.1774584,0.0357536,0.103518,0.047194,0.115052,0.0504574,0.0436254,0.1488584,0.1090102,0.042247,0.158673,0.0635508,0.1152624,0.0701086,0.1206744,0.0737036,0.1301626,0.2161304,0.0615268,0.0527302,0.1289824,0.04174,0.0491936,0.1540942,0.1083388,0.046453
0.1351098,0.0479186,0.0513472,0.1587824,0.04385,0.0885184,0.0902616,0.0907032,0.0621478,0.1359474,0.0688638,0.0486266,0.0788268,0.2158354,0.0587794,0.1015154,0.0378046,0.047073,0.166093,0.0498,0.0602112,0.1004146,0.041563,0.039872,0.1272132,0.0431218,0.1236048,0.0645808,0.1306204,0.0319526,0.0454342,0.233188,0.0539874,0.115721,0.0860546,0.1841094,0.0546838,0.117073,0.0526564,0.0731558,0.1423794,0.0554248,0.1770504,0.065085,0.058195,0.1844902,0.0540206,0.083274,0.037741,0.177018,0.0351062,0.1034992,0.0480062,0.1179164,0.0512578,0.0436852,0.1485436,0.108495,0.0422244,0.1592486,0.0636496,0.1149686,0.069849,0.1219388,0.0723318,0.1309678,0.2148786,0.062607,0.0526556,0.1288454,0.041432,0.0485284,0.1544328,0.1089962,0.0460522
0.1358506,0.0482692,0.051847,0.159386,0.0435268,0.0882476,0.0901552,0.0917202,0.0616772,0.1382732,0.0683074,0.0480324,0.0784332,0.2156232,0.0594864,0.1011286,0.0379198,0.046983,0.1677912,0.0503718,0.0607614,0.1020486,0.0415706,0.040523,0.1274674,0.0425996,0.1217592,0.0648844,0.1300556,0.0316242,0.0455522,0.2320066,0.053105,0.1164932,0.0864314,0.1851614,0.0544136,0.116806,0.0524494,0.0735406,0.1422666,0.0562274,0.178341,0.064917,0.05755,0.1832696,0.0540404,0.0840406,0.0377268,0.1752102,0.03531,0.1044516,0.0481956,0.1186882,0.050963,0.0435298,0.1455954,0.109745,0.0416206,0.1603546,0.0639492,0.1159152,0.0704034,0.1223898,0.0716486,0.1320956,0.216671,0.0615084,0.0515144,0.129531,0.0413708,0.0489792,0.1555418,0.1091118,0.0463658
0.1358372,0.0488012,0.0516016,0.15907,0.0447102,0.0887906,0.0898536,0.0916534,0.062444,0.140023,0.0680024,0.048205,0.078301,0.2139376,0.058845,0.0999218,0.0377038,0.0468538,0.1660318,0.0512926,0.0609578,0.1033444,0.0415708,0.0424446,0.1280242,0.0410294,0.1215942,0.0650924,0.13016,0.0323668,0.0451724,0.2322322,0.053043,0.117654,0.0873458,0.1847766,0.0543038,0.1163706,0.0533744,0.0739922,0.141581,0.0561766,0.1771222,0.0640262,0.0577492,0.1847184,0.053578,0.0834236,0.0377818,0.1742998,0.0351056,0.105517,0.0481268,0.1184426,0.0509418,0.043462,0.1496276,0.1116944,0.0416986,0.1591138,0.0643214,0.115254,0.0704812,0.1234664,0.0716206,0.135176,0.2131706,0.0610852,0.0514374,0.1313554,0.0408542,0.0496316,0.157111,0.109153,0.046359
0.135024,0.0501698,0.0504502,0.1594098,0.0441832,0.0895246,0.0908086,0.0923078,0.0619864,0.1385598,0.067388,0.048451,0.0764252,0.2117726,0.0580882,0.100068,0.0371326,0.0455094,0.166047,0.051607,0.0606598,0.1043536,0.041499,0.0428406,0.1287198,0.041635,0.1229732,0.065658,0.1294724,0.0331262,0.0444818,0.2310532,0.0537152,0.1179182,0.0886966,0.1832778,0.055111,0.1183514,0.053264,0.0762036,0.1399106,0.0560764,0.1758646,0.0634702,0.0572466,0.1876046,0.0533404,0.0845146,0.0374316,0.175076,0.0349566,0.1053138,0.0488694,0.119392,0.0501966,0.0433134,0.1505118,0.1108632,0.0425522,0.1589882,0.0642528,0.114615,0.0710906,0.125366,0.0718522,0.1390536,0.2143088,0.0610426,0.0510626,0.1313544,0.0416504,0.0487328,0.1580988,0.1088194,0.0463852
0.1346944,0.0499708,0.0512774,0.160021,0.04473,0.0897738,0.090921,0.0917004,0.0616192,0.139714,0.0670228,0.0478912,0.0762692,0.2160788,0.0582562,0.0998268,0.0376102,0.0467356,0.1690458,0.0522708,0.0610456,0.1042782,0.0405664,0.0422364,0.1296472,0.041714,0.1203736,0.0647852,0.1298332,0.0333616,0.044496,0.2309658,0.052573,0.1179126,0.0894098,0.1842958,0.055511,0.12001,0.0535424,0.076286,0.1411328,0.0558708,0.1777218,0.0640114,0.0577686,0.187386,0.0534976,0.0853518,0.0370848,0.176773,0.0355086,0.1046528,0.0489316,0.1181912,0.050364,0.0447298,0.1559794,0.1129282,0.0438658,0.1592178,0.064135,0.1138812,0.0711482,0.1255924,0.0720218,0.1382958,0.21628,0.060611,0.0510102,0.132267,0.042271,0.0480882,0.1569462,0.1085412,0.0469242
0.134719,0.0492928,0.0516044,0.1613758,0.0447306,0.0897228,0.0901136,0.090612,0.0624388,0.1382774,0.066709,0.0481468,0.0769,0.216627,0.057473,0.100545,0.0378022,0.047275,0.1692376,0.0520568,0.0613152,0.1042174,0.0404066,0.042082,0.1310088,0.0417416,0.1206788,0.064655,0.131298,0.0332742,0.0449246,0.2287852,0.0520514,0.117707,0.0891058,0.1829136,0.055318,0.1218678,0.0529764,0.0753496,0.1422694,0.0556816,0.1777294,0.0651208,0.0577318,0.1861482,0.0528188,0.0857764,0.0363534,0.1775288,0.0360434,0.1066552,0.049216,0.1182,0.049595,0.0444668,0.1594158,0.1122126,0.0438332,0.1613652,0.0650328,0.115311,0.0706618,0.1256074,0.0722142,0.1379044,0.2165164,0.0605052,0.0511138,0.1315812,0.041678,0.048235,0.1562576,0.1084104,0.046391
0.137315,0.0491358,0.0511526,0.1617812,0.0447834,0.0901202,0.089862,0.0901196,0.0628948,0.1386556,0.0659564,0.0481146,0.0774556,0.2190614,0.0572668,0.1000702,0.0380228,0.046537,0.1701414,0.0521362,0.0603098,0.1058304,0.0415014,0.0421382,0.1311062,0.042088,0.1218372,0.0633388,0.1316718,0.034764,0.0448142,0.2268024,0.0528596,0.1194526,0.0880074,0.1847402,0.0545906,0.1218586,0.0543166,0.074537,0.1428524,0.0557406,0.1799784,0.063539,0.0586204,0.184829,0.0512976,0.0855062,0.0376938,0.1766816,0.0352106,0.1054846,0.0482246,0.11768,0.0488916,0.0440308,0.160665,0.1118932,0.0439556,0.1634106,0.0650614,0.1166924,0.0705552,0.1267134,0.072361,0.1391706,0.2170256,0.0607364,0.051698,0.1313726,0.0413778,0.048131,0.1556366,0.1083092,0.0474294
0.136747,0.0484422,0.0508204,0.161649,0.0440488,0.0894482,0.0891594,0.0919452,0.062565,0.1382864,0.0647294,0.0480576,0.0782504,0.2182902,0.0575064,0.0994984,0.0378184,0.0467798,0.1714462,0.0512192,0.0609108,0.1065296,0.0410342,0.0420812,0.1323168,0.0425704,0.1230552,0.0640024,0.132313,0.0348542,0.0452578,0.2273396,0.0527004,0.1206778,0.0880694,0.1858118,0.054111,0.1246542,0.0542334,0.0756344,0.1465794,0.055825,0.1811412,0.0637452,0.0584568,0.1867298,0.0513582,0.0866006,0.0374448,0.1780254,0.0355402,0.1069722,0.0484134,0.1182208,0.048554,0.0446948,0.1624556,0.1116328,0.0440802,0.1637448,0.0652874,0.1161902,0.0701776,0.1262874,0.0724216,0.1377926,0.2185802,0.0606014,0.0519184,0.1316806,0.0417356,0.0481692,0.158258,0.1083362,0.0475498
0.138051,0.0492552,0.0503856,0.1605586,0.0435846,0.0888392,0.0896516,0.0933648,0.0620694,0.1400888,0.0653832,0.047001,0.0782472,0.219588,0.056593,0.0992132,0.0376026,0.0464976,0.1717256,0.052361,0.0623376,0.1065408,0.0413962,0.041488,0.1328914,0.0421292,0.1230178,0.0646602,0.1311606,0.0347084,0.0446646,0.2288456,0.0529886,0.1212348,0.0889558,0.1831082,0.0545012,0.1253108,0.0536452,0.074799,0.145811,0.0554188,0.177967,0.0648238,0.0577816,0.1871372,0.0517018,0.0882234,0.0389276,0.1771708,0.035746,0.1086036,0.0485958,0.1189028,0.0488874,0.0445574,0.1637462,0.1104718,0.0433764,0.1646998,0.0664932,0.1154356,0.0696928,0.1265606,0.0725502,0.138526,0.218728,0.0610458,0.0513766,0.1322372,0.0417062,0.0487504,0.1585854,0.1103204,0.0469232
0.1388154,0.050249,0.0499686,0.1599294,0.0427538,0.0886448,0.0906628,0.0949562,0.0621718,0.140874,0.0663678,0.0486246,0.0796014,0.2203516,0.0560132,0.1003846,0.0378502,0.0468412,0.1739082,0.0523256,0.061913,0.1056002,0.0408152,0.0417156,0.1320644,0.042251,0.1227424,0.0645752,0.1316082,0.034677,0.0464068,0.2278056,0.0527568,0.1192456,0.0889414,0.1845766,0.054155,0.1257726,0.054009,0.0738896,0.1440564,0.0557362,0.1783502,0.0632336,0.0576768,0.1869866,0.0518782,0.0879936,0.0388972,0.1772614,0.0361052,0.1084768,0.048941,0.1187778,0.0499658,0.0453354,0.1665448,0.1127232,0.0438344,0.164483,0.0661164,0.1159642,0.069967,0.1260482,0.071942,0.1380836,0.219599,0.0609102,0.0517166,0.1307756,0.0422818,0.049515,0.1574474,0.1099364,0.0468236
0.1375484,0.0505652,0.049813,0.159595,0.0414152,0.0885652,0.090667,0.0947876,0.0625676,0.1434016,0.0706882,0.0488918,0.0788504,0.2190398,0.056447,0.1007292,0.0379704,0.0471598,0.1735452,0.0522514,0.062484,0.107175,0.0411816,0.0413714,0.1314526,0.0414514,0.1236414,0.0632922,0.1311136,0.0354886,0.046052,0.2271896,0.0527412,0.1177332,0.0900828,0.1857822,0.0548696,0.1292848,0.0532352,0.0741944,0.146466,0.0559528,0.17954,0.0631856,0.0573446,0.1864196,0.051674,0.0881746,0.0400596,0.1769772,0.0358228,0.1068992,0.048278,0.1188476,0.0489194,0.0448338,0.1663378,0.1134198,0.044008,0.1656174,0.0662858,0.1148264,0.0712842,0.1269814,0.0714048,0.1386594,0.2197254,0.0603892,0.051851,0.130078,0.0413072,0.0495812,0.1581138,0.1108684,0.0464818
0.1390102,0.0515762,0.0499664,0.1599484,0.0411868,0.0879308,0.0912522,0.0949682,0.0625552,0.1437642,0.0698024,0.0494212,0.0796946,0.2222908,0.0565712,0.1000644,0.0378578,0.0474988,0.1740732,0.0525078,0.0629994,0.1074028,0.0407956,0.041407,0.131333,0.0412722,0.1227674,0.0630548,0.1315272,0.0358436,0.0459062,0.2269778,0.05105,0.1205438,0.089271,0.1869104,0.0543502,0.1290664,0.0533054,0.0749912,0.1480474,0.0560358,0.1778136,0.0643624,0.058089,0.1868714,0.0520432,0.0891114,0.040025,0.1777042,0.036296,0.1063728,0.0486898,0.1189216,0.048512,0.0447948,0.1662216,0.112243,0.0444868,0.1658254,0.0655166,0.1150724,0.0712222,0.1261076,0.0725706,0.142064,0.2196194,0.059672,0.0524878,0.1305452,0.0415184,0.0500048,0.1612622,0.109493,0.0467168
0.139199,0.051162,0.049528,0.1577706,0.041344,0.0878982,0.0901918,0.0946086,0.0621108,0.1445626,0.0696314,0.0499362,0.0799918,0.224453,0.0557952,0.0977184,0.037847,0.047601,0.1737194,0.0522346,0.0644922,0.106863,0.0410402,0.0409182,0.1325136,0.0414158,0.1234206,0.0625638,0.1318954,0.03482,0.0454478,0.2273678,0.0520236,0.1217846,0.0879366,0.1880178,0.0559828,0.1310142,0.053958,0.0747642,0.1492438,0.054856,0.177609,0.0651898,0.057918,0.1880612,0.0518978,0.0891922,0.0404346,0.1779522,0.0364896,0.1049294,0.0486494,0.1183356,0.0478484,0.0440724,0.1671838,0.1151278,0.044189,0.1666136,0.0664054,0.1160832,0.0710258,0.1277734,0.0724356,0.1443618,0.2179868,0.0606218,0.0521128,0.128461,0.0428266,0.0503698,0.1630236,0.1106718,0.0479172
0.140046,0.050473,0.0493406,0.1586788,0.0414488,0.0878816,0.091346,0.0953384,0.0621332,0.1457836,0.0699186,0.0496442,0.0796428,0.2215068,0.0563298,0.0983172,0.0376032,0.0480852,0.1726018,0.0524232,0.0651316,0.1069592,0.041163,0.041914,0.1337318,0.0411956,0.122772,0.0644934,0.131708,0.0351312,0.0453836,0.225271,0.0552434,0.122583,0.0883134,0.1874812,0.055501,0.131164,0.0542522,0.0740776,0.1494082,0.0551472,0.177853,0.064135,0.0572962,0.1867186,0.0509826,0.090755,0.0396198,0.177753,0.036138,0.1049904,0.04908,0.117895,0.047538,0.0451614,0.1672202,0.1155218,0.043991,0.1657324,0.0666104,0.1158636,0.0712418,0.1273904,0.0731072,0.1437054,0.218142,0.0600744,0.0524008,0.1296618,0.0425274,0.0508498,0.163935,0.1093398,0.0481878
0.1421904,0.0498766,0.049822,0.159253,0.040963,0.0872604,0.0927608,0.0959656,0.0627688,0.1471546,0.070141,0.050145,0.0796868,0.2279316,0.0560194,0.0970748,0.03794,0.048496,0.1742986,0.0526576,0.0650626,0.1063706,0.0410174,0.0419428,0.1328626,0.0410206,0.1241892,0.0642364,0.133321,0.0349958,0.0452616,0.2291546,0.0566868,0.1229686,0.0889036,0.1885286,0.0553266,0.1328156,0.0544072,0.0750086,0.1480224,0.0549152,0.1785596,0.0637294,0.0564298,0.187878,0.0502726,0.090576,0.040137,0.178247,0.0369872,0.1058386,0.049032,0.117802,0.0474852,0.044453,0.1679654,0.1174162,0.0439556,0.1665884,0.0683106,0.116185,0.072049,0.1274326,0.0727196,0.1438142,0.2191176,0.060777,0.0529106,0.1315574,0.042825,0.0505236,0.161885,0.108334,0.0485586
0.1430336,0.0495972,0.0501086,0.159992,0.042148,0.087199,0.0931414,0.0959738,0.0631684,0.1467626,0.0702266,0.052189,0.077619,0.2300398,0.0561222,0.096729,0.0379798,0.0480336,0.172495,0.0520778,0.0646878,0.1073294,0.0407636,0.0420146,0.13476,0.0405746,0.1250052,0.0662034,0.1320632,0.0351372,0.0445106,0.2311228,0.0565496,0.122895,0.0891472,0.1882438,0.055357,0.132597,0.0542404,0.0752828,0.1476482,0.0549818,0.178066,0.0648118,0.0566922,0.1890006,0.049488,0.0906954,0.0399444,0.1770302,0.0361312,0.10691,0.0497902,0.1179012,0.0479016,0.0441262,0.1679326,0.1178102,0.0451472,0.1658668,0.0696472,0.116858,0.0729486,0.1282588,0.0719062,0.1436042,0.217777,0.060762,0.0519204,0.134069,0.042928,0.0504674,0.1622682,0.1094726,0.0482836
0.1436974,0.0491042,0.0506162,0.161599,0.0424004,0.0871848,0.0932624,0.096705,0.0632392,0.1492882,0.0701318,0.0511682,0.0775566,0.233451,0.0557902,0.0952696,0.037789,0.0468216,0.1736414,0.0514064,0.0658228,0.108355,0.0403616,0.0418112,0.1352682,0.0407786,0.1241232,0.0660046,0.1320072,0.0345282,0.0439174,0.2349144,0.0566384,0.1214294,0.0901024,0.18961,0.0565894,0.132541,0.0542332,0.0762252,0.1498296,0.0552838,0.1781164,0.0649322,0.057254,0.188345,0.0499066,0.0900954,0.0394258,0.1759166,0.0354458,0.1075232,0.0495422,0.1192828,0.047811,0.0442088,0.1662742,0.1176078,0.0439646,0.1653058,0.0702278,0.119027,0.072264,0.1290824,0.0711032,0.1456658,0.2191894,0.0598882,0.052418,0.1334936,0.0435506,0.0502946,0.1614652,0.1095,0.0480496
0.1452244,0.0490218,0.0509058,0.1618394,0.0424488,0.0867192,0.0932024,0.0968618,0.063679,0.1510982,0.0697254,0.0504098,0.0777594,0.2350742,0.0556164,0.0940676,0.0365354,0.0465734,0.17343,0.0524616,0.06581,0.1098882,0.0404648,0.0423882,0.1340952,0.0407412,0.126868,0.0651574,0.132712,0.0340734,0.045153,0.2360684,0.0566868,0.1201554,0.089469,0.1857486,0.0574146,0.1342574,0.0541602,0.07546,0.150361,0.055239,0.1802464,0.0656314,0.0579954,0.1886502,0.050897,0.0909158,0.039653,0.1758984,0.0347732,0.1077694,0.0485442,0.1200246,0.047923,0.0437754,0.1655134,0.1176828,0.044466,0.1643918,0.0716374,0.1197958,0.0721672,0.1290416,0.0712172,0.1447792,0.2200396,0.0596486,0.0522646,0.1335758,0.0438278,0.0499192,0.1612882,0.10822,0.0474738
0.1469554,0.0481292,0.0505428,0.159944,0.0427836,0.087875,0.0923562,0.0973278,0.0635922,0.149282,0.0678214,0.051206,0.077396,0.2364502,0.0563422,0.0948832,0.0363868,0.0469744,0.1715782,0.0533148,0.066039,0.1115532,0.0405284,0.0426774,0.134015,0.0408346,0.1267082,0.064555,0.133096,0.0340566,0.0445644,0.2383942,0.0564552,0.1208202,0.089967,0.1884012,0.057141,0.1342584,0.0539948,0.0753838,0.151001,0.0553584,0.1793346,0.0653824,0.0577506,0.188199,0.0530632,0.092116,0.0393692,0.175822,0.034291,0.1082334,0.048413,0.1198368,0.0477952,0.0432656,0.1671442,0.1189652,0.044733,0.1664294,0.0718624,0.1195496,0.072976,0.1299058,0.070568,0.145512,0.2196742,0.0595134,0.0520252,0.1341342,0.0443982,0.0509362,0.1627598,0.1093006,0.0464288
0.150368,0.0479662,0.0515582,0.1640688,0.0432406,0.0886602,0.0913778,0.0968516,0.064086,0.150556,0.0677128,0.0507254,0.0770436,0.235341,0.0590382,0.094698,0.0367028,0.0473056,0.1724822,0.0538796,0.0659146,0.1107652,0.0409242,0.0428528,0.1354992,0.0406894,0.127109,0.0662384,0.1330978,0.0341122,0.0449306,0.2363716,0.0558954,0.117727,0.090133,0.1869974,0.0557044,0.1350816,0.0533516,0.0768066,0.1508746,0.0548512,0.1805066,0.065826,0.0573468,0.1890328,0.0529022,0.0915476,0.0398908,0.1780316,0.033949,0.1084884,0.0477824,0.118448,0.047274,0.0433926,0.1685498,0.1192444,0.0456026,0.1643808,0.0710486,0.1184432,0.0716732,0.129613,0.0706122,0.1433012,0.2194082,0.0596368,0.0524794,0.135522,0.045079,0.0504164,0.1639374,0.1108118,0.0471408
0.1506976,0.0483674,0.0522692,0.1640882,0.0421864,0.089651,0.0921258,0.0968886,0.0650692,0.1500176,0.0675928,0.0513778,0.0779034,0.2368276,0.0587214,0.0939928,0.0365624,0.0475154,0.1744922,0.053324,0.0662504,0.1111752,0.0413924,0.042541,0.1335622,0.040622,0.1278706,0.0659632,0.1330816,0.0339198,0.0450392,0.238341,0.0556176,0.1198402,0.090454,0.185484,0.0564944,0.1385426,0.0532528,0.0760828,0.1502394,0.0553302,0.179428,0.0653378,0.0569646,0.1785294,0.053089,0.0915662,0.0401182,0.1794148,0.0352496,0.1079798,0.0477408,0.1183518,0.0469064,0.043489,0.168298,0.1178422,0.0457698,0.1638774,0.0714406,0.1193732,0.0723034,0.1311292,0.0700632,0.1461286,0.2209628,0.0603872,0.0528746,0.1367928,0.0448856,0.0491436,0.1653338,0.1093636,0.0472342
0.15273,0.0481974,0.0511752,0.163546,0.0426772,0.0885516,0.0919028,0.0971738,0.0648046,0.1511628,0.0670616,0.0508672,0.077773,0.2403384,0.0582284,0.0939358,0.0365648,0.0475698,0.1737878,0.0538664,0.0669154,0.1096016,0.0418264,0.0426198,0.1333568,0.0406566,0.1281078,0.0649398,0.1322172,0.0338866,0.0449292,0.2344146,0.0555024,0.1176564,0.0885314,0.1847216,0.0558962,0.1405836,0.0540666,0.0768966,0.1498466,0.056203,0.1805498,0.0658388,0.0569668,0.179561,0.0518272,0.0908726,0.0398546,0.1794826,0.0352928,0.108864,0.0479158,0.1191298,0.0469052,0.043565,0.1706694,0.1196678,0.045153,0.164462,0.0709824,0.1194766,0.0720808,0.1294404,0.069921,0.1470846,0.2188482,0.0597936,0.0523386,0.1374178,0.0449376,0.0487272,0.1683742,0.1084276,0.0475158
0.1531708,0.048082,0.0521278,0.1653272,0.0423562,0.0884376,0.091447,0.0974118,0.0648636,0.152314,0.0675206,0.0507242,0.0770102,0.2430426,0.0575788,0.0942662,0.0372262,0.0479916,0.1759148,0.0534388,0.0666236,0.108535,0.0418784,0.0426982,0.134657,0.0405986,0.129491,0.0646082,0.1326574,0.0336712,0.0450066,0.2353138,0.0550352,0.117587,0.0867338,0.1862084,0.0561672,0.140562,0.053328,0.0768482,0.151224,0.0552708,0.1820882,0.0666934,0.0572576,0.1774374,0.0513082,0.0944616,0.0393866,0.1792002,0.0348462,0.109003,0.0476984,0.1218174,0.046597,0.0441834,0.1699202,0.1185898,0.044099,0.1644884,0.0720006,0.1188052,0.0711426,0.1287114,0.0691694,0.1469194,0.2181552,0.0604928,0.0526256,0.1376992,0.0444572,0.0492282,0.1694314,0.1067604,0.0472772
0.1535024,0.050895,0.0520718,0.1661108,0.0416908,0.0872538,0.0917536,0.0965318,0.06474,0.1525384,0.066411,0.0503628,0.0775712,0.2389518,0.0576924,0.094867,0.0373062,0.0483422,0.1751558,0.0533094,0.0656568,0.111122,0.0417004,0.0423748,0.1341458,0.0406032,0.1295404,0.0646392,0.1334496,0.034246,0.0446896,0.2365684,0.0543034,0.117166,0.0882992,0.1839066,0.055595,0.1421616,0.0532242,0.0762258,0.151979,0.0555642,0.1821178,0.0666546,0.0573934,0.1786076,0.051286,0.094447,0.0386444,0.1800412,0.0360716,0.1105032,0.0484656,0.1223866,0.0471222,0.0441552,0.1693608,0.1194422,0.0441368,0.1650372,0.0710596,0.1181924,0.0724432,0.128794,0.0690322,0.1461894,0.2186802,0.0599384,0.0532406,0.1380834,0.0447982,0.0499394,0.167972,0.1070468,0.047096
0.1531346,0.0511232,0.0524964,0.1664918,0.0415102,0.0875044,0.0935026,0.0981258,0.0648624,0.1507714,0.0669806,0.0500252,0.0769154,0.2369228,0.0569724,0.0941124,0.0375972,0.0475166,0.1778674,0.0522902,0.0665188,0.1124596,0.0419976,0.0426998,0.1336364,0.0416442,0.1297758,0.066262,0.1325726,0.0340332,0.0450612,0.23838,0.0549604,0.1191134,0.0915954,0.1838144,0.0565786,0.1411742,0.0537318,0.0763564,0.1547082,0.0555068,0.1806446,0.06579,0.0562502,0.180392,0.051306,0.0948276,0.0389684,0.1827794,0.0358438,0.1113644,0.049341,0.1211318,0.0477748,0.0438532,0.1708778,0.116726,0.0445708,0.1654896,0.0700772,0.117618,0.0729212,0.1282168,0.0696556,0.1469152,0.2202172,0.0601592,0.053092,0.1375652,0.045052,0.0495248,0.1682072,0.1067942,0.0470058
0.1542082,0.0515248,0.0528238,0.1660762,0.0413332,0.0872298,0.0928504,0.0961884,0.0647922,0.1530908,0.0662244,0.0496464,0.0770256,0.236542,0.0575574,0.0951106,0.0378658,0.0459912,0.1794866,0.0519256,0.066824,0.1108288,0.0418092,0.04312,0.1336078,0.0416982,0.1311854,0.0658534,0.1331054,0.0339014,0.0449766,0.239018,0.0559056,0.1197138,0.0918184,0.1851064,0.0572422,0.1408696,0.0544244,0.0758722,0.1530064,0.055836,0.179326,0.06598,0.0561818,0.1807134,0.050709,0.095283,0.0386722,0.1832274,0.0355372,0.111001,0.0487992,0.12193,0.047213,0.044069,0.1700948,0.116724,0.0446108,0.1654528,0.070387,0.1189356,0.0735104,0.1281038,0.0704754,0.14746,0.2195684,0.0587092,0.0522602,0.1392376,0.045685,0.049683,0.167413,0.1074468,0.0478666
0.1555684,0.0522356,0.0523162,0.1671062,0.0414478,0.0890578,0.0928532,0.09648,0.0651554,0.1531522,0.0672844,0.0498996,0.0779876,0.234103,0.0574282,0.0950816,0.0379672,0.0462138,0.1764092,0.0509222,0.0670196,0.110923,0.0417644,0.0438566,0.1327016,0.0421654,0.1320236,0.0661134,0.1329548,0.0342096,0.044671,0.23912,0.0564408,0.1218108,0.0928088,0.1845404,0.0568286,0.1393116,0.0538772,0.0753702,0.1521672,0.0549634,0.1792668,0.0662892,0.055993,0.1823024,0.051961,0.0958944,0.0390402,0.1831278,0.0360112,0.109846,0.0486302,0.121922,0.047474,0.044164,0.1703788,0.1149952,0.04442,0.165981,0.0708018,0.120214,0.0736176,0.1310594,0.0707448,0.1478266,0.2202098,0.0586758,0.0528778,0.141995,0.0464054,0.0497184,0.1705386,0.106619,0.0470212
0.1547904,0.0532926,0.0528456,0.1670964,0.0417892,0.0891872,0.0936934,0.0967178,0.0655814,0.1521138,0.0673642,0.0502304,0.0790542,0.235581,0.057277,0.094565,0.0373894,0.0460102,0.1787662,0.0496542,0.0669576,0.1121098,0.0427016,0.0449018,0.1339394,0.0419162,0.1320896,0.066112,0.1329134,0.034154,0.0454842,0.239782,0.0571922,0.1212386,0.0915798,0.183248,0.0562066,0.140544,0.0541854,0.0751134,0.1528226,0.056086,0.1760036,0.06724,0.0562948,0.180906,0.0518874,0.094843,0.039446,0.183765,0.036326,0.110169,0.048551,0.1237538,0.0468978,0.04383,0.16955,0.1194884,0.0449984,0.1678412,0.0738414,0.1195822,0.0729022,0.1301152,0.0699304,0.1483872,0.2189566,0.0596714,0.0531182,0.1411254,0.045959,0.0489804,0.1703786,0.1052282,0.0464436
0.154297,0.0539244,0.052787,0.1678106,0.0419764,0.0890602,0.09453,0.0963982,0.0639238,0.1530618,0.0669528,0.049695,0.078947,0.2379384,0.0577312,0.0933456,0.0378126,0.045103,0.1798716,0.0491618,0.0674694,0.1135936,0.042369,0.044726,0.1344236,0.0420408,0.1315962,0.065536,0.1331632,0.0341682,0.0454756,0.2382772,0.0574818,0.1212852,0.0917662,0.1827664,0.0568224,0.1406004,0.0545054,0.0749222,0.1554092,0.0566688,0.1769284,0.0667876,0.0565496,0.1823068,0.0513692,0.0955298,0.0393458,0.1835958,0.0363802,0.109814,0.0482692,0.1218882,0.048344,0.0441988,0.1691476,0.118962,0.0456636,0.168607,0.0743974,0.1207746,0.0730274,0.1297798,0.0695378,0.147204,0.2200144,0.0594344,0.0531536,0.1432404,0.0462558,0.0489172,0.1694978,0.1040076,0.0461776
0.1584104,0.0535644,0.0526314,0.16668,0.0420776,0.0886056,0.0950426,0.096682,0.0639504,0.1524288,0.067719,0.0488812,0.0779746,0.2392554,0.0562578,0.0938224,0.0376102,0.0452118,0.1786504,0.0490578,0.0676986,0.1141958,0.0420866,0.0449732,0.1347192,0.0425676,0.1310096,0.0673698,0.1325784,0.0341108,0.0458066,0.2364242,0.0581872,0.1194116,0.0933728,0.1840158,0.0577258,0.1424578,0.0544712,0.0749134,0.1560186,0.0564098,0.1776638,0.0663106,0.0561562,0.1829282,0.0537146,0.0958496,0.0403582,0.1857832,0.0364576,0.1089516,0.0482048,0.122168,0.047986,0.0429374,0.1705554,0.1199948,0.045697,0.1718854,0.0749136,0.1214016,0.0722454,0.1282338,0.0684782,0.1477476,0.2222834,0.0592864,0.0527512,0.143073,0.0466496,0.0491566,0.168334,0.103984,0.0469416
0.1593732,0.0540408,0.0524816,0.1662318,0.0417038,0.0889656,0.0938572,0.0966218,0.0633724,0.1515262,0.0676148,0.0495286,0.07787,0.2403058,0.0566112,0.0947432,0.0374412,0.0443896,0.1771738,0.0496942,0.0667738,0.114404,0.042631,0.04503,0.1357404,0.042708,0.131329,0.0669222,0.1311936,0.034663,0.046149,0.2374246,0.057899,0.117318,0.0940036,0.1883816,0.058023,0.141912,0.0548604,0.0764678,0.1537706,0.0569354,0.1775442,0.0670298,0.0561096,0.1827752,0.0536378,0.096471,0.0394446,0.1890422,0.0365618,0.1103254,0.0484382,0.1206508,0.0477022,0.0423616,0.170635,0.1221346,0.0459246,0.1754604,0.0746228,0.1211698,0.073062,0.1288984,0.0687672,0.1455882,0.2215702,0.0594634,0.0526024,0.1438374,0.0456428,0.0495876,0.167499,0.1035976,0.0470562
0.1598784,0.0551432,0.0516914,0.164974,0.0415538,0.0877196,0.094297,0.096681,0.0633022,0.1533594,0.068954,0.050331,0.0767008,0.2385954,0.0561074,0.0950034,0.0370724,0.0450294,0.1772914,0.0498532,0.0667724,0.1153086,0.0426082,0.0452382,0.1360244,0.043267,0.1314232,0.0676756,0.131693,0.0341928,0.0456606,0.2377898,0.058267,0.1170768,0.094726,0.1865192,0.0570736,0.1423566,0.0542728,0.076561,0.154049,0.0573204,0.1776066,0.0670448,0.0567832,0.182145,0.0533902,0.0965,0.0386722,0.188669,0.0362048,0.1088576,0.0482946,0.1208592,0.0476934,0.0436024,0.1699854,0.122438,0.0471658,0.1770752,0.0752,0.120643,0.0734716,0.1291684,0.0682624,0.1461572,0.2166646,0.0595728,0.0531848,0.1448978,0.0453408,0.048743,0.1699918,0.1052478,0.0469946
0.161085,0.0556898,0.0522588,0.1667998,0.0405122,0.0882862,0.094478,0.0970604,0.0641642,0.1551204,0.069704,0.050481,0.0768748,0.2380668,0.0566424,0.0953464,0.0371392,0.0453774,0.1771694,0.0509386,0.066632,0.114414,0.0428828,0.0451578,0.136394,0.0433184,0.1312378,0.066629,0.1312394,0.0336458,0.0455024,0.2395382,0.0581098,0.1173836,0.0951238,0.18592,0.0571034,0.145063,0.0539442,0.0760908,0.1540234,0.0571186,0.1788342,0.0676668,0.0567692,0.184194,0.0537188,0.098262,0.038732,0.1914116,0.036314,0.1091816,0.0474092,0.1204722,0.0463936,0.0420968,0.1708246,0.1224886,0.0472332,0.1799132,0.0754914,0.1211726,0.0741536,0.1298556,0.0680396,0.147451,0.2204802,0.0589512,0.0530996,0.1469006,0.0449078,0.0493064,0.1688568,0.10588,0.0463828
0.162924,0.0568612,0.0516078,0.167032,0.040612,0.0891062,0.0958238,0.0975526,0.0636854,0.1559518,0.0694584,0.0507402,0.0753234,0.2350204,0.058195,0.0932294,0.0368212,0.045259,0.1778472,0.0521448,0.0661724,0.1141326,0.0423106,0.0459148,0.1365532,0.0431802,0.1309734,0.066701,0.1300484,0.0330956,0.045261,0.2383016,0.0581728,0.1153704,0.0946832,0.1859142,0.0571448,0.1476986,0.0541408,0.0761956,0.1567384,0.0564356,0.1793348,0.0677696,0.0563674,0.1848496,0.0538284,0.098255,0.039063,0.1913072,0.0363798,0.1082098,0.0471948,0.1208098,0.0472828,0.0423294,0.1729434,0.1222998,0.0466934,0.1817676,0.074906,0.1207932,0.0740262,0.1287366,0.068412,0.1476632,0.2237752,0.058301,0.0535092,0.1464552,0.0449108,0.0485812,0.1703494,0.1061636,0.046819
0.165574,0.057343,0.0514008,0.1687454,0.0410688,0.0885214,0.0954738,0.0992944,0.0638942,0.1555716,0.0703534,0.0503904,0.075549,0.2338154,0.058145,0.0934018,0.0360742,0.0456586,0.1799082,0.0515516,0.0657258,0.1129158,0.0414312,0.0455182,0.135714,0.0438278,0.1323166,0.0653246,0.1295672,0.0329392,0.0445764,0.2391298,0.058084,0.1134682,0.0958128,0.18807,0.0564836,0.1469292,0.0546936,0.0772316,0.155919,0.0574544,0.1824098,0.0677252,0.056322,0.1864322,0.054467,0.0970904,0.038913,0.1910708,0.0360826,0.108376,0.0466232,0.1226508,0.0489658,0.0422058,0.1740968,0.1223584,0.046558,0.184039,0.0756572,0.1194526,0.0745596,0.1292244,0.068464,0.1484986,0.222836,0.0580266,0.0535254,0.146014,0.04507,0.0490468,0.1677188,0.1053818,0.0471164
0.1656372,0.057786,0.0519054,0.1691,0.0410552,0.0899538,0.0950154,0.0984694,0.0636832,0.1563364,0.0692516,0.0499112,0.0751506,0.2352238,0.0583664,0.0938306,0.0366254,0.0472248,0.1800272,0.0516338,0.0661414,0.11318,0.0420556,0.0458118,0.1337066,0.0442896,0.1319496,0.0654264,0.1288194,0.0324746,0.044234,0.2352856,0.0585126,0.11182,0.0942648,0.184786,0.0563488,0.1499682,0.0548504,0.076961,0.1559488,0.0571556,0.1829258,0.0671982,0.0564606,0.184792,0.0547176,0.0975108,0.0384638,0.1893206,0.0369378,0.1087622,0.045569,0.1227552,0.049708,0.041968,0.1714672,0.1220294,0.0477796,0.183188,0.0748384,0.1204056,0.0734262,0.1302686,0.0686552,0.1470422,0.2242794,0.0580444,0.0524482,0.1448854,0.0444602,0.048142,0.1718946,0.103955,0.0470864
0.1654898,0.058666,0.0516346,0.1704262,0.0413204,0.0883552,0.0954148,0.0984136,0.064481,0.157145,0.0704104,0.0495996,0.0741232,0.237255,0.0583024,0.0943678,0.0368592,0.0466056,0.1789016,0.0515844,0.0652458,0.1123736,0.0415808,0.0453966,0.1330386,0.044227,0.1339972,0.0659706,0.1302204,0.0323924,0.044405,0.236682,0.0585682,0.1138096,0.0956028,0.1863456,0.0564212,0.150247,0.0555888,0.0762376,0.1555108,0.0555802,0.1821062,0.0674406,0.0564632,0.1871254,0.0550594,0.0978792,0.0392818,0.1898124,0.0366844,0.1074436,0.0457794,0.122723,0.0498376,0.0411932,0.1698238,0.1226638,0.0475456,0.1853502,0.0761126,0.1213834,0.0728216,0.1309692,0.0684604,0.1477004,0.2248684,0.0587252,0.0529246,0.1456944,0.0448998,0.0481964,0.170502,0.1046828,0.0467562
0.1671576,0.0591102,0.0521264,0.171258,0.0419928,0.089581,0.0960836,0.097897,0.0656022,0.155487,0.0698932,0.0498634,0.074248,0.2404216,0.0570272,0.0935666,0.03655,0.0450616,0.1791428,0.0514142,0.0657486,0.1123212,0.0413892,0.0446504,0.1340998,0.043311,0.1341958,0.0662056,0.1296818,0.032614,0.0449772,0.2399302,0.0583438,0.1142184,0.0940582,0.1874254,0.0572812,0.147857,0.0547998,0.0763212,0.1562176,0.0560806,0.1790086,0.0672836,0.0567132,0.1847716,0.0557274,0.098913,0.0393538,0.188928,0.036267,0.1100566,0.0455252,0.1226852,0.0500616,0.0418084,0.1721606,0.1229184,0.048122,0.187717,0.075784,0.1225718,0.0743204,0.1294414,0.0694438,0.1479834,0.225382,0.058673,0.0532096,0.1460996,0.0454564,0.0483196,0.1733046,0.105031,0.046397
0.1634328,0.0595934,0.0515548,0.173043,0.0413252,0.0890742,0.0964884,0.097777,0.0662114,0.1573686,0.0700702,0.0496446,0.074578,0.241205,0.0571672,0.0953494,0.036251,0.0443842,0.180925,0.0517998,0.064556,0.1136466,0.0416634,0.0445222,0.1328604,0.0432642,0.1337322,0.0655362,0.1290654,0.0319196,0.0458496,0.2425772,0.0581972,0.1134892,0.0937246,0.1855376,0.056805,0.146888,0.0553782,0.0770172,0.1549282,0.0553338,0.1781162,0.0672266,0.0565002,0.1847224,0.0548754,0.099737,0.0401888,0.1901174,0.036053,0.1108716,0.0454192,0.1260278,0.0493448,0.0415664,0.17227,0.1240618,0.047778,0.1891044,0.075476,0.1220534,0.0739708,0.1318726,0.0689778,0.1494256,0.2264502,0.0590832,0.0520748,0.145935,0.0458558,0.048034,0.1715834,0.1029386,0.046028
0.1658034,0.0603546,0.051513,0.1739768,0.0414542,0.0886908,0.0961356,0.0973164,0.06557,0.159057,0.06948,0.0498706,0.073411,0.2436956,0.057556,0.0942572,0.0368122,0.0439826,0.1810342,0.0515924,0.0646398,0.1128346,0.0406168,0.045049,0.1342936,0.043049,0.1340768,0.0656388,0.127527,0.0317552,0.0458416,0.2446608,0.0582878,0.116264,0.0929436,0.1884028,0.0569472,0.1485034,0.0550666,0.0763786,0.1536242,0.0556792,0.1804336,0.06783,0.0571094,0.1859056,0.0550852,0.1007316,0.0406314,0.1907468,0.0355958,0.1107106,0.0451468,0.1256126,0.049101,0.0413882,0.1711826,0.1234274,0.0478008,0.1893452,0.0751728,0.1219634,0.0745334,0.1306594,0.0682636,0.149388,0.227407,0.059639,0.0525434,0.146379,0.0469114,0.0501034,0.1739906,0.1031622,0.0458862
0.1657376,0.0608788,0.051453,0.1721656,0.0421756,0.089259,0.0949728,0.0978368,0.0652856,0.158934,0.069444,0.0500978,0.0717856,0.2419698,0.057886,0.094233,0.0369638,0.045715,0.1837828,0.0519666,0.0645378,0.1133338,0.040733,0.044261,0.133495,0.0426822,0.1325644,0.0660692,0.1265972,0.0322622,0.0470086,0.2431148,0.0574632,0.1141298,0.092699,0.1944622,0.0578498,0.1511138,0.0544036,0.0768196,0.1544424,0.0545274,0.1809492,0.0682714,0.0569254,0.1847586,0.0542352,0.0999386,0.040784,0.1907344,0.0349878,0.1107392,0.045085,0.125298,0.048838,0.0411608,0.172208,0.121506,0.0473408,0.1860434,0.0758162,0.1220714,0.0757388,0.1321518,0.0691496,0.149149,0.224581,0.0595202,0.0531138,0.1481704,0.046995,0.050005,0.1739998,0.1022318,0.0460648
0.1683002,0.0612332,0.0524816,0.1729654,0.0419192,0.0894164,0.0946794,0.0978772,0.0661966,0.1601518,0.0684906,0.0497148,0.070536,0.241096,0.059178,0.0932636,0.0371806,0.0474032,0.1834186,0.0519952,0.064778,0.1127152,0.0410792,0.0446012,0.1329094,0.041582,0.131505,0.0655558,0.1256452,0.031974,0.0473822,0.2420474,0.0582104,0.1149722,0.0933488,0.1946392,0.058087,0.1530476,0.0552466,0.0778398,0.154753,0.0555836,0.1800162,0.0681748,0.05723,0.1863774,0.0542346,0.0997294,0.0415794,0.1901686,0.034932,0.11009,0.0457592,0.1241526,0.0483834,0.041736,0.173183,0.1209066,0.0481056,0.188756,0.0751286,0.1221936,0.0753852,0.1326334,0.0684432,0.1495802,0.226705,0.059778,0.0537822,0.1488758,0.0465822,0.0498414,0.1733056,0.102401,0.0466882
0.168775,0.061764,0.052202,0.1741756,0.0420688,0.0892834,0.0944978,0.0978778,0.067249,0.1595896,0.0681026,0.0487436,0.0708636,0.2377808,0.0595294,0.0965018,0.0369118,0.0465038,0.183987,0.0517522,0.0648456,0.1131432,0.041782,0.0445666,0.13447,0.0421002,0.133583,0.0658582,0.1266948,0.0317402,0.04693,0.2402696,0.057606,0.1175514,0.0923592,0.1961696,0.0574696,0.1521482,0.054127,0.078177,0.155489,0.0552316,0.1783024,0.0678866,0.0571282,0.1870924,0.0547358,0.1015712,0.0408938,0.1871894,0.0353804,0.1101398,0.045253,0.1234156,0.048629,0.0424328,0.1753636,0.1213208,0.0478622,0.1884202,0.0747822,0.120452,0.0754356,0.132498,0.0688416,0.1490104,0.224978,0.0598392,0.0536368,0.1496868,0.046393,0.0496338,0.1734096,0.1012186,0.04615
0.1698234,0.0615818,0.051795,0.1756122,0.0433974,0.0911278,0.0945852,0.0993514,0.0686382,0.1618876,0.0686308,0.0484602,0.0702684,0.2398448,0.059749,0.0953672,0.0362494,0.0451782,0.1844658,0.0503856,0.064792,0.1127682,0.041407,0.0435026,0.1348136,0.0419234,0.1344718,0.0662262,0.1279784,0.0315796,0.0458926,0.2427958,0.0583518,0.1181052,0.0917232,0.1999428,0.0580492,0.1510226,0.0540338,0.078303,0.1574152,0.055288,0.1798194,0.0677228,0.0563878,0.1882756,0.0544888,0.1020306,0.04034,0.1879746,0.0351758,0.1099894,0.045206,0.1243158,0.0489742,0.0431444,0.1764666,0.1207738,0.048324,0.1895572,0.074342,0.1203236,0.0758776,0.1324362,0.0695302,0.1473608,0.228573,0.059296,0.0545348,0.1504348,0.0463904,0.0493742,0.1722636,0.10118,0.0466136
0.1693362,0.0620538,0.0517412,0.1760214,0.0429906,0.0905548,0.0969236,0.0988588,0.068119,0.1607634,0.0684976,0.0482488,0.0715512,0.2397078,0.058571,0.0953776,0.0359618,0.0440324,0.184528,0.0503672,0.0649658,0.112379,0.0407022,0.0425564,0.133694,0.0417946,0.1349498,0.0664776,0.1275204,0.0317482,0.0452022,0.2409748,0.058919,0.1200172,0.0916052,0.199796,0.0585584,0.1520754,0.055518,0.0781558,0.156693,0.0553722,0.1814892,0.0686278,0.0553784,0.1892258,0.0546252,0.1020136,0.0407444,0.188472,0.0352436,0.111674,0.0453808,0.1242798,0.0488514,0.0428536,0.1758068,0.122996,0.0478924,0.190148,0.0740164,0.1211384,0.075305,0.1333032,0.070369,0.1471712,0.2265366,0.0595712,0.054721,0.1505798,0.0465126,0.049634,0.1705294,0.1020578,0.0461234
0.1692312,0.0629898,0.051005,0.1759284,0.0435386,0.089818,0.0970688,0.0989546,0.0686702,0.157703,0.0677174,0.0488698,0.0713728,0.2408732,0.0589898,0.0961074,0.0364086,0.0464722,0.1834602,0.0506216,0.0647134,0.113471,0.0417726,0.0425316,0.1337276,0.042065,0.1349298,0.0676724,0.1274124,0.0315368,0.0444666,0.2352498,0.0593932,0.1192124,0.0900856,0.2005836,0.0577484,0.1509118,0.05521,0.0791874,0.1553574,0.055655,0.1820762,0.068038,0.0556184,0.1873274,0.054903,0.1015768,0.04058,0.1890148,0.0346742,0.1124398,0.0463408,0.1253764,0.048447,0.0428944,0.1784954,0.1227378,0.047031,0.1894884,0.0739838,0.1192836,0.0759532,0.1316626,0.0707206,0.14863,0.2276786,0.0589162,0.0544318,0.1504888,0.0468474,0.0493172,0.170055,0.1011518,0.0466696
0.1695242,0.0633748,0.0506456,0.1750404,0.0434372,0.0885406,0.0960064,0.0986812,0.0673002,0.1600176,0.0678636,0.0484332,0.0717922,0.235998,0.0595016,0.0951472,0.0365524,0.0463672,0.1841904,0.0510834,0.0648056,0.114027,0.041258,0.0426854,0.132157,0.0416508,0.134768,0.0659622,0.1307026,0.0320986,0.0449848,0.2358962,0.0592846,0.1194284,0.0908486,0.203216,0.0587112,0.1530288,0.0554222,0.078629,0.155026,0.0547,0.1846028,0.068443,0.0553856,0.1898186,0.0548722,0.1030706,0.0415436,0.1914986,0.0352638,0.1125164,0.0470308,0.1252768,0.0479922,0.0431172,0.1789692,0.119723,0.0466596,0.1908608,0.0731344,0.1188892,0.0771446,0.1312278,0.071142,0.1482062,0.2246514,0.0598294,0.0535004,0.1512102,0.0461842,0.0496162,0.1706472,0.1011182,0.0464118
0.1704052,0.0634316,0.0501928,0.1761692,0.0436198,0.0888944,0.0963396,0.0983738,0.0675222,0.16033,0.067716,0.0490798,0.0724522,0.2343802,0.0591706,0.0945204,0.0366206,0.046091,0.1869674,0.051567,0.0656616,0.114491,0.0409486,0.0430222,0.1320442,0.042385,0.1359374,0.066435,0.1306084,0.0327408,0.0446352,0.2367246,0.0604756,0.1200248,0.0930302,0.2055122,0.0583728,0.1494262,0.0555026,0.0778732,0.1542286,0.0550448,0.1848818,0.0679044,0.056529,0.1898806,0.0555578,0.103338,0.041732,0.1907326,0.0351374,0.1127264,0.0467542,0.1261858,0.0483504,0.0433362,0.1780158,0.1208442,0.046969,0.1886546,0.073554,0.1165106,0.0767912,0.1311822,0.070211,0.1502258,0.224023,0.0594042,0.0542596,0.1511026,0.0462704,0.0503574,0.170321,0.100801,0.0466454
0.1694194,0.0629702,0.0507476,0.1774214,0.0429478,0.0885064,0.0962726,0.0989798,0.067598,0.16344,0.067454,0.0489452,0.0715638,0.2379594,0.0590494,0.093918,0.0371784,0.0455914,0.185115,0.0512298,0.066469,0.1146476,0.0406368,0.04318,0.1313376,0.0435142,0.1370538,0.0657612,0.129993,0.0328074,0.044311,0.232635,0.0601086,0.1202922,0.093051,0.2034332,0.0582668,0.1506262,0.05532,0.0780044,0.153826,0.0551792,0.1860076,0.0693338,0.055962,0.189899,0.0553708,0.1027136,0.0418168,0.1892534,0.0349998,0.1137454,0.0470228,0.1253118,0.0482542,0.0434614,0.1795042,0.1219978,0.0465838,0.1889984,0.074639,0.1150624,0.077577,0.1315306,0.069598,0.1490484,0.2269452,0.0591362,0.0536812,0.1515008,0.0476048,0.0506052,0.1708404,0.1011826,0.0468032
0.169215,0.063619,0.0508322,0.1761632,0.0425626,0.0890954,0.0963988,0.0997468,0.0689774,0.1619998,0.067129,0.0488998,0.0706266,0.2396372,0.0583626,0.0940974,0.0365954,0.0459038,0.187043,0.0529602,0.0662068,0.1140186,0.0412076,0.0426562,0.1317054,0.0427398,0.1366362,0.06489,0.1299118,0.0324366,0.0446798,0.2347322,0.0591844,0.1199542,0.0935624,0.2027988,0.0572552,0.152143,0.0551232,0.0786386,0.1543592,0.0548492,0.1851868,0.069045,0.0561704,0.1898258,0.0560502,0.1042756,0.0406064,0.1882612,0.0357336,0.1145326,0.0471708,0.1245866,0.0479984,0.042918,0.1796596,0.121655,0.045894,0.1921696,0.074604,0.1158566,0.0774144,0.1333546,0.0689374,0.148842,0.2278732,0.0587672,0.053586,0.150379,0.0486212,0.0509024,0.1676626,0.1007978,0.0474298
0.1710742,0.0656638,0.0504828,0.1757064,0.0423494,0.089497,0.0957952,0.0992298,0.0695116,0.1603354,0.0675156,0.0488368,0.0697476,0.2413158,0.0587798,0.0952866,0.0364552,0.0460592,0.1875886,0.0540794,0.0650696,0.1146228,0.0409726,0.0424196,0.131356,0.043049,0.1353778,0.0656852,0.1294584,0.0325624,0.045169,0.2358602,0.0592336,0.1191308,0.0916052,0.2046226,0.057697,0.1503792,0.0550174,0.0793608,0.1542008,0.0551364,0.1839264,0.0687184,0.0556992,0.1898346,0.0560586,0.105966,0.0403986,0.1895146,0.035088,0.1142708,0.0473986,0.1246774,0.0482102,0.0435194,0.18043,0.118843,0.0459184,0.1910818,0.074702,0.1154844,0.077614,0.135425,0.068788,0.1520916,0.229472,0.0584794,0.0537868,0.1500394,0.0488286,0.0511522,0.1698012,0.1022668,0.0479138
0.1719112,0.0659896,0.05062,0.1754962,0.0418726,0.0907256,0.0967064,0.0988206,0.0697854,0.1612388,0.0678758,0.048384,0.0705524,0.23699,0.0597712,0.094744,0.03618,0.0464586,0.1876324,0.0545122,0.0653694,0.1153644,0.0410616,0.041937,0.1305682,0.0425884,0.1352182,0.0656954,0.130601,0.0323046,0.0457452,0.2383026,0.0594762,0.1192326,0.0922396,0.2045028,0.0573208,0.1513072,0.0548524,0.0792916,0.1567058,0.0558648,0.1844432,0.06843,0.0555618,0.1885116,0.0562528,0.1050422,0.0402984,0.1912906,0.0346188,0.1148586,0.0462224,0.1235402,0.0481296,0.0440012,0.1779506,0.1187282,0.0467882,0.190395,0.0745986,0.1155096,0.0775568,0.1335136,0.0690916,0.151342,0.2265846,0.0591394,0.0529602,0.1483274,0.0485748,0.0501496,0.169257,0.1015498,0.0480728
0.1704668,0.066466,0.0494588,0.1765808,0.0419418,0.090768,0.0969416,0.0993162,0.0694052,0.162911,0.0678506,0.0488592,0.0707178,0.2390834,0.0591976,0.096049,0.035627,0.0466416,0.189707,0.054714,0.0655916,0.1146268,0.0397656,0.042372,0.1337758,0.042534,0.1327656,0.0649084,0.130044,0.0324256,0.046075,0.2362884,0.0588476,0.1207174,0.095004,0.2056412,0.0562024,0.1522874,0.0559784,0.0798334,0.1576158,0.056061,0.1855314,0.066673,0.0544946,0.1888804,0.056397,0.1043422,0.0403366,0.1913416,0.0343888,0.1162442,0.0462836,0.122591,0.0482082,0.0432124,0.1786734,0.1173292,0.0469828,0.1890084,0.0739026,0.1160336,0.0781426,0.1314968,0.0693024,0.1537498,0.22583,0.0587226,0.0531458,0.1493534,0.0484692,0.0498182,0.1685296,0.1026832,0.0480126
0.171512,0.067413,0.049254,0.1756832,0.0421894,0.0914226,0.0957338,0.098617,0.070399,0.1619464,0.0677846,0.049755,0.0707176,0.2431204,0.058928,0.096385,0.0364252,0.0458076,0.1897224,0.0542874,0.0662706,0.1155236,0.0394306,0.0438006,0.1354854,0.0422176,0.1340266,0.0664212,0.1286998,0.0324316,0.0459818,0.2382766,0.0590526,0.1200866,0.095719,0.2064946,0.0559994,0.1500126,0.0554454,0.080259,0.1568942,0.0555032,0.1858598,0.066929,0.0544514,0.188917,0.0559738,0.1031818,0.039752,0.1920474,0.0340788,0.1176136,0.046273,0.123813,0.0482796,0.0432482,0.179331,0.1159558,0.0478736,0.1899388,0.075102,0.1179074,0.0789404,0.132155,0.0684672,0.154528,0.2270452,0.0578334,0.0534396,0.1512618,0.0489242,0.0498172,0.1688754,0.1034652,0.0488984
0.1719708,0.0680214,0.0493482,0.1757414,0.0423036,0.0908502,0.0963904,0.0970784,0.0696328,0.1628008,0.0676674,0.0495054,0.0705032,0.2451978,0.0585022,0.0982262,0.0363488,0.0456326,0.1886614,0.0534952,0.0667714,0.115707,0.0398662,0.0440966,0.1355758,0.041461,0.1347392,0.0667314,0.1288058,0.0325424,0.0456964,0.2384924,0.0608758,0.11886,0.0979414,0.2069202,0.0562504,0.1510316,0.0557824,0.0821696,0.1557246,0.0555838,0.1847588,0.0670404,0.0546368,0.189899,0.0558374,0.103808,0.039513,0.19102,0.0348742,0.1179184,0.0458004,0.1219344,0.0489508,0.0428968,0.1836236,0.1167606,0.0473626,0.1903704,0.0754978,0.117598,0.0780238,0.1338028,0.069791,0.1569758,0.2282838,0.058173,0.0525582,0.1511386,0.049201,0.050198,0.1710102,0.1040624,0.0485212
0.1735726,0.0691154,0.0489792,0.1771724,0.0421754,0.0898298,0.0954524,0.0956008,0.0690046,0.1627516,0.0674482,0.0492364,0.0703916,0.2427188,0.0575662,0.0971588,0.0365466,0.0464354,0.1865036,0.053011,0.0671396,0.116037,0.0397148,0.044294,0.1347838,0.041802,0.1331204,0.0674232,0.1278612,0.0324484,0.0467332,0.238477,0.0597086,0.1189622,0.0970154,0.2081462,0.0569836,0.1502312,0.0558422,0.0838218,0.1559314,0.0547654,0.1828156,0.066798,0.0543068,0.1875936,0.0562498,0.104879,0.0400368,0.1918154,0.0357988,0.1175998,0.0456948,0.1207138,0.0490898,0.0432252,0.1846472,0.1173382,0.047718,0.190504,0.0751686,0.1163978,0.0789564,0.133785,0.0702072,0.15787,0.2280888,0.0581776,0.0520568,0.151506,0.0487174,0.0497194,0.1724542,0.1039456,0.0481372
0.1743654,0.0695892,0.0499922,0.1755152,0.0423008,0.0891416,0.0963816,0.096106,0.0683562,0.1631374,0.0686668,0.0494308,0.0701142,0.2469458,0.0601264,0.097378,0.0370424,0.046962,0.1870118,0.0526804,0.0672106,0.116445,0.0402062,0.0437394,0.1352296,0.0415122,0.132609,0.0658042,0.1257222,0.0321672,0.0464492,0.2380996,0.0607748,0.1201048,0.0977396,0.209246,0.0558672,0.1497394,0.0553784,0.0837722,0.1569592,0.05532,0.1846376,0.066039,0.0531888,0.1885946,0.0556754,0.1033448,0.0398462,0.1935132,0.0361876,0.1202318,0.045373,0.1203982,0.049043,0.0422366,0.1856722,0.116997,0.0473334,0.1895574,0.074845,0.1167496,0.0788658,0.1339902,0.070207,0.1591482,0.2307396,0.0593682,0.051536,0.1509244,0.0491562,0.0495912,0.1707622,0.1055992,0.0490396
0.172312,0.0699956,0.0497078,0.1750394,0.0417634,0.089776,0.096063,0.0963766,0.0693186,0.1646768,0.0686966,0.0484074,0.0703864,0.2468354,0.0611964,0.0972404,0.0373056,0.0469606,0.1863726,0.0524826,0.0678782,0.1159398,0.0400722,0.0437808,0.1369772,0.041049,0.1337996,0.0658706,0.1273232,0.0318072,0.046338,0.239738,0.0609634,0.122697,0.0989238,0.2086204,0.0556752,0.1483676,0.0549186,0.0831328,0.1589912,0.054403,0.185592,0.0671634,0.053785,0.187692,0.055097,0.102377,0.040179,0.1946504,0.0356408,0.1210582,0.0450036,0.119805,0.0494056,0.0419804,0.1888188,0.1171076,0.0473498,0.1914666,0.0747866,0.1159078,0.0792112,0.135211,0.069996,0.1586284,0.2302172,0.0591358,0.0532926,0.1519964,0.0485704,0.0498144,0.1713092,0.1057926,0.0491406
0.1735352,0.0717636,0.0506058,0.1750012,0.0424824,0.0905548,0.0975946,0.0967692,0.0689696,0.1640082,0.0698598,0.0480292,0.0723472,0.2466752,0.061063,0.0983662,0.0371572,0.0476616,0.1866342,0.0519322,0.0676312,0.1169136,0.0392718,0.043973,0.1378788,0.0404706,0.1334854,0.0648916,0.1284112,0.0314958,0.0472744,0.2392796,0.0599942,0.1210424,0.1020418,0.2090926,0.0559248,0.1520572,0.056344,0.0824666,0.1598116,0.0539698,0.187539,0.0670456,0.0529608,0.1911086,0.054899,0.1022144,0.0403138,0.1957872,0.0356286,0.122865,0.0446196,0.1207792,0.0491302,0.042232,0.186568,0.1180672,0.047124,0.1919658,0.0755558,0.1157654,0.0799826,0.136595,0.0696438,0.1581168,0.2299526,0.0581744,0.0534262,0.1506168,0.0485656,0.0499724,0.1714874,0.1064096,0.0486806
0.1733742,0.071537,0.0500904,0.1743736,0.0421926,0.0904378,0.0985486,0.0967382,0.0687102,0.1636058,0.0699126,0.0484154,0.0718694,0.2439416,0.061093,0.098588,0.0366144,0.0469956,0.1884022,0.0524692,0.0679734,0.1170246,0.0386784,0.0435862,0.1366934,0.0412352,0.1336914,0.0654174,0.1293314,0.031248,0.046365,0.2385412,0.0613586,0.1221154,0.1015082,0.211138,0.0562536,0.1503548,0.0556788,0.0825042,0.1624184,0.0533124,0.1879252,0.068572,0.0530756,0.1886146,0.056028,0.101901,0.038895,0.192925,0.0352442,0.1228532,0.0441908,0.1205668,0.0493174,0.042254,0.1883534,0.1194874,0.0475018,0.1906988,0.0763482,0.1153768,0.0802426,0.1360202,0.0691684,0.1593942,0.2309744,0.0584896,0.0531742,0.1494662,0.0488274,0.0492848,0.173188,0.1061704,0.0489974
0.1742156,0.0724494,0.0497444,0.1738974,0.0417296,0.0906988,0.0972774,0.0975032,0.0690248,0.1640192,0.0690496,0.0479506,0.0721934,0.2422362,0.0619548,0.0981158,0.0364426,0.048661,0.1890162,0.0522768,0.0679438,0.116925,0.0395392,0.0432994,0.1362728,0.0415156,0.1345016,0.0660248,0.1297898,0.0305686,0.0463032,0.2404702,0.0609426,0.1243212,0.1029822,0.212448,0.0559652,0.1515924,0.0561698,0.0819028,0.163408,0.0527848,0.1869016,0.0684222,0.0528422,0.1873468,0.0565056,0.1037356,0.03935,0.1924494,0.0352114,0.1236176,0.0450936,0.1212422,0.0493512,0.0435392,0.1909166,0.1184272,0.0478122,0.189245,0.0765548,0.1154142,0.0797502,0.135788,0.0695174,0.1615826,0.2304584,0.0582024,0.0523862,0.1484052,0.0491264,0.0499816,0.1743746,0.1050878,0.0488436
