0,1,2,3,4,5,6,7,8,9,10,11,12,13,14,15,16,17,18,19,20,21,22,23,24,25,26,27,28,29,30,31,32,33,34,35,36,37,38,39,40,41,42,43,44,45,46,47,48,49,50,51,52,53,54,55,56,57,58,59,60,61,62,63,64,65,66,67,68,69,70,71,72,73,74
0.0887,0.0837,0.0924,0.0849,0.0894,0.1206,0.0663,0.0936,0.1096,0.1215,0.137,0.0731,0.0818,0.1263,0.126,0.1389,0.0846,0.0866,0.1506,0.0846,0.0798,0.1196,0.0625,0.1029,0.1157,0.1251,0.108,0.1741,0.0791,0.0711,0.0779,0.1032,0.075,0.108,0.1357,0.1514,0.0683,0.1341,0.0827,0.1128,0.1379,0.0865,0.1341,0.0865,0.0885,0.0985,0.0885,0.1004,0.1009,0.1109,0.0692,0.1725,0.0855,0.0867,0.1645,0.1077,0.0984,0.0878,0.0759,0.1475,0.0894,0.0897,0.0798,0.0897,0.0827,0.1129,0.1052,0.0875,0.101,0.1109,0.0789,0.0855,0.083,0.0954,0.0654
0.0887,0.0837,0.0924,0.0849,0.0894,0.1206,0.0962,0.0936,0.1096,0.1215,0.137,0.0731,0.0818,0.1263,0.126,0.1389,0.0846,0.0866,0.1506,0.0846,0.0798,0.1196,0.0625,0.1029,0.1157,0.1251,0.108,0.1741,0.1119,0.0711,0.0903,0.1263,0.075,0.108,0.1357,0.1514,0.0702,0.1341,0.0827,0.1128,0.1379,0.0865,0.1341,0.0865,0.0885,0.0985,0.0885,0.1109,0.1009,0.1109,0.0692,0.1725,0.0855,0.0867,0.1645,0.1077,0.1283,0.108,0.0759,0.1475,0.0894,0.0917,0.0942,0.0926,0.0827,0.1129,0.1052,0.0875,0.1077,0.1109,0.0789,0.0855,0.083,0.0954,0.0654
0.0887,0.1222,0.0924,0.1272,0.0914,0.1206,0.0962,0.0984,0.1096,0.1215,0.137,0.0731,0.0818,0.1263,0.126,0.1389,0.0883,0.0894,0.1506,0.0894,0.0798,0.1196,0.0625,0.1029,0.1157,0.1251,0.108,0.1741,0.1119,0.0711,0.0903,0.1263,0.102,0.108,0.1357,0.1514,0.0837,0.1341,0.0827,0.1128,0.1379,0.1135,0.1341,0.0866,0.0885,0.0985,0.1299,0.1109,0.1009,0.1109,0.0846,0.1725,0.0855,0.0867,0.1645,0.1077,0.1283,0.108,0.0759,0.1475,0.0894,0.1022,0.0942,0.1089,0.0827,0.1129,0.1052,0.0875,0.1077,0.1109,0.0818,0.0855,0.0956,0.0954,0.0654
0.0946,0.1222,0.099,0.1272,0.0914,0.1226,0.0962,0.0984,0.1096,0.1215,0.137,0.0789,0.0818,0.1263,0.126,0.1389,0.0883,0.0894,0.1506,0.1087,0.0875,0.1196,0.0654,0.1029,0.1379,0.1251,0.108,0.1741,0.1119,0.0711,0.0903,0.1263,0.102,0.108,0.1357,0.1514,0.0837,0.1341,0.0827,0.1128,0.1379,0.1135,0.1341,0.1048,0.0885,0.0985,0.1299,0.1109,0.1009,0.1109,0.0846,0.1725,0.1107,0.0867,0.1645,0.1077,0.1283,0.108,0.0759,0.1475,0.0894,0.1022,0.0942,0.1089,0.0827,0.1129,0.1052,0.0875,0.1077,0.1109,0.0818,0.0855,0.0956,0.0954,0.0654
0.0946,0.1222,0.099,0.1272,0.0914,0.1226,0.0962,0.1215,0.1096,0.1215,0.137,0.0827,0.0818,0.1263,0.126,0.1389,0.1318,0.0894,0.1506,0.1087,0.0875,0.1196,0.0789,0.1029,0.1379,0.1251,0.108,0.1741,0.1119,0.0711,0.0903,0.1263,0.102,0.108,0.1357,0.1514,0.0837,0.1341,0.0827,0.1128,0.1379,0.1135,0.162,0.1048,0.126,0.1041,0.1299,0.1139,0.1009,0.1109,0.0846,0.1725,0.1107,0.0867,0.1645,0.1077,0.1283,0.108,0.0759,0.1475,0.0894,0.1137,0.0942,0.1089,0.0827,0.1129,0.1052,0.1164,0.1077,0.1137,0.0952,0.0855,0.0956,0.0954,0.0722
0.0993,0.1222,0.099,0.1272,0.1116,0.1226,0.0962,0.1215,0.1096,0.1215,0.137,0.1211,0.0827,0.1263,0.1375,0.1592,0.1318,0.0894,0.1506,0.1087,0.0875,0.1196,0.0789,0.1029,0.1379,0.1251,0.108,0.1741,0.1119,0.0711,0.0903,0.1263,0.102,0.108,0.1357,0.1514,0.0837,0.1341,0.0827,0.1128,0.1379,0.1135,0.162,0.1048,0.126,0.1148,0.1299,0.1139,0.1009,0.1109,0.0924,0.1725,0.1107,0.0867,0.1645,0.1077,0.1283,0.108,0.0759,0.1475,0.0894,0.1137,0.0942,0.1089,0.0827,0.1129,0.1052,0.1164,0.1077,0.1137,0.0952,0.0855,0.0956,0.1379,0.0739
0.1137,0.1222,0.099,0.1272,0.1116,0.1283,0.0962,0.1215,0.1096,0.1215,0.137,0.1211,0.0827,0.1263,0.1375,0.1592,0.1318,0.0894,0.1506,0.1087,0.0875,0.1196,0.0789,0.1029,0.1379,0.1251,0.1254,0.1741,0.1119,0.0711,0.0903,0.1263,0.102,0.108,0.1357,0.1514,0.0837,0.1341,0.0827,0.1128,0.1379,0.1135,0.162,0.1048,0.126,0.1272,0.1299,0.1139,0.1009,0.1311,0.0924,0.1725,0.1107,0.0867,0.1645,0.1077,0.1283,0.108,0.0837,0.1475,0.0894,0.1137,0.0942,0.1089,0.0827,0.1148,0.1581,0.1164,0.1173,0.1572,0.1077,0.0924,0.0993,0.1379,0.0739
0.1137,0.1222,0.099,0.1272,0.1116,0.1283,0.1068,0.1215,0.1096,0.1215,0.137,0.1211,0.0827,0.1263,0.1375,0.1592,0.1318,0.0894,0.1506,0.1087,0.101,0.1196,0.0789,0.1029,0.1379,0.1251,0.1254,0.1741,0.1119,0.0711,0.0903,0.1263,0.102,0.108,0.1357,0.1514,0.0837,0.1341,0.0885,0.1128,0.1379,0.1135,0.162,0.1048,0.126,0.1342,0.1299,0.1283,0.1009,0.1311,0.0924,0.1725,0.1453,0.0867,0.1645,0.1077,0.1283,0.108,0.1471,0.1475,0.1202,0.1137,0.0942,0.1119,0.0827,0.1148,0.1581,0.1164,0.1173,0.1572,0.1077,0.1038,0.1002,0.1379,0.0739
0.1137,0.1222,0.099,0.1272,0.1164,0.1283,0.1124,0.1446,0.1096,0.1215,0.137,0.1414,0.0914,0.1263,0.1375,0.1592,0.1318,0.0894,0.1506,0.1087,0.101,0.1196,0.0789,0.1346,0.1379,0.1251,0.1254,0.1741,0.1119,0.0711,0.0903,0.1263,0.102,0.108,0.1357,0.1514,0.0875,0.1341,0.0885,0.1128,0.1379,0.1355,0.162,0.1048,0.126,0.1342,0.1299,0.1283,0.1009,0.1311,0.0924,0.1725,0.1453,0.0867,0.1645,0.1077,0.1283,0.108,0.1471,0.1475,0.1202,0.1137,0.1403,0.1264,0.0866,0.1148,0.1581,0.1164,0.1173,0.1572,0.1077,0.1203,0.1071,0.1379,0.0739
0.1137,0.1222,0.099,0.1272,0.1164,0.1283,0.1124,0.1446,0.1096,0.1215,0.137,0.1414,0.0914,0.1263,0.1375,0.1842,0.1318,0.0894,0.1506,0.1087,0.101,0.1196,0.0827,0.1346,0.1379,0.1251,0.1254,0.1741,0.1119,0.0894,0.0903,0.1263,0.102,0.1341,0.1357,0.1514,0.0875,0.1341,0.0914,0.1128,0.1379,0.1355,0.162,0.1153,0.126,0.1407,0.1299,0.1283,0.1009,0.1311,0.0924,0.1725,0.1453,0.0936,0.1645,0.1077,0.1283,0.108,0.1471,0.1475,0.1202,0.1137,0.1403,0.1264,0.099,0.1148,0.1581,0.1164,0.1173,0.1572,0.1077,0.1203,0.1071,0.1379,0.1125
0.1137,0.1222,0.1009,0.1272,0.1164,0.1283,0.1183,0.1446,0.1096,0.1331,0.137,0.1414,0.0942,0.1263,0.1375,0.1842,0.1318,0.0894,0.1506,0.1087,0.101,0.1196,0.0952,0.1346,0.1379,0.1251,0.1254,0.1741,0.1206,0.099,0.0903,0.1263,0.102,0.1341,0.1357,0.1514,0.0875,0.1486,0.0914,0.1668,0.1525,0.1355,0.162,0.1192,0.126,0.1407,0.1299,0.1283,0.1009,0.1311,0.0924,0.1725,0.1453,0.0936,0.1645,0.1077,0.1283,0.108,0.1471,0.1475,0.1202,0.1137,0.1403,0.1264,0.099,0.1148,0.1581,0.1164,0.1173,0.1572,0.1222,0.1318,0.1071,0.1379,0.1125
0.1137,0.1222,0.1038,0.1272,0.1164,0.1283,0.1183,0.1446,0.1096,0.1331,0.137,0.1529,0.0942,0.1331,0.1375,0.1842,0.1318,0.0894,0.1506,0.1087,0.1096,0.1196,0.0972,0.1346,0.1379,0.1251,0.1254,0.1741,0.1639,0.099,0.0903,0.1292,0.1173,0.1341,0.1357,0.1514,0.0875,0.1486,0.0914,0.1668,0.1525,0.1355,0.162,0.1192,0.126,0.1407,0.1299,0.1283,0.1009,0.1398,0.0924,0.1725,0.1453,0.0936,0.1645,0.1077,0.1283,0.108,0.1471,0.1475,0.1202,0.1137,0.1403,0.1264,0.099,0.1148,0.1581,0.1164,0.1231,0.1572,0.1222,0.1318,0.1071,0.1379,0.1125
0.1137,0.1222,0.1038,0.1272,0.1164,0.1283,0.1183,0.1446,0.1096,0.1331,0.1766,0.1529,0.0942,0.1331,0.1375,0.1842,0.1346,0.099,0.1506,0.1087,0.1096,0.1196,0.0972,0.1346,0.1379,0.1251,0.1254,0.1741,0.1639,0.099,0.0903,0.1292,0.1173,0.1341,0.1357,0.1514,0.0952,0.1486,0.1125,0.1668,0.1525,0.1355,0.162,0.1202,0.126,0.1407,0.1299,0.1283,0.1009,0.1398,0.0924,0.1725,0.1453,0.0936,0.1645,0.1077,0.1283,0.108,0.1471,0.1475,0.1202,0.1137,0.1403,0.1264,0.099,0.1148,0.1581,0.1164,0.1231,0.1572,0.1222,0.1318,0.1071,0.1379,0.1125
0.1137,0.1222,0.1192,0.1272,0.1164,0.1283,0.1183,0.1446,0.1116,0.1331,0.1766,0.1529,0.0942,0.1331,0.1375,0.1842,0.1346,0.099,0.1506,0.1096,0.1096,0.1196,0.0972,0.1346,0.1379,0.1251,0.1254,0.1741,0.1639,0.099,0.0903,0.1312,0.1173,0.1341,0.1357,0.1514,0.0952,0.1486,0.1125,0.1668,0.1525,0.1355,0.162,0.1202,0.126,0.1407,0.1299,0.1283,0.1009,0.1398,0.1096,0.1725,0.1453,0.0936,0.1645,0.1077,0.1283,0.1128,0.1471,0.1475,0.1202,0.1137,0.1403,0.1264,0.099,0.1148,0.1581,0.1164,0.1231,0.1572,0.1222,0.1318,0.1148,0.1379,0.1125
0.1137,0.1222,0.1192,0.1272,0.126,0.1283,0.1183,0.1446,0.1116,0.1331,0.1766,0.1558,0.0942,0.1331,0.1375,0.1842,0.1346,0.099,0.1506,0.1144,0.1096,0.1196,0.0972,0.1346,0.1669,0.1279,0.1322,0.1741,0.1639,0.1057,0.0903,0.1331,0.1203,0.1341,0.1357,0.1514,0.0952,0.1486,0.1125,0.1668,0.1525,0.1355,0.162,0.1202,0.126,0.1407,0.1299,0.1283,0.1009,0.1398,0.1096,0.1725,0.1453,0.0936,0.1645,0.1077,0.1283,0.1157,0.1471,0.1475,0.1202,0.1137,0.1403,0.1264,0.099,0.1148,0.1581,0.1164,0.1279,0.1572,0.1222,0.1318,0.1148,0.1379,0.1125
0.1137,0.1222,0.1192,0.1272,0.126,0.1379,0.125,0.1446,0.1116,0.1331,0.1766,0.1558,0.0942,0.1331,0.1375,0.1842,0.1414,0.099,0.1506,0.1144,0.1096,0.1196,0.0972,0.1346,0.1669,0.1279,0.1322,0.1741,0.1639,0.1057,0.0903,0.1331,0.1203,0.1341,0.1357,0.1514,0.0962,0.1486,0.1125,0.1668,0.1525,0.1355,0.162,0.1202,0.126,0.1641,0.1299,0.1283,0.1009,0.1398,0.1096,0.1725,0.1453,0.0936,0.1731,0.1077,0.1312,0.1157,0.1471,0.1505,0.1202,0.1137,0.1413,0.1264,0.099,0.1148,0.1581,0.1164,0.1279,0.1572,0.1222,0.1318,0.1148,0.1379,0.1125
0.1137,0.1222,0.1192,0.1272,0.126,0.1379,0.125,0.1446,0.1116,0.1331,0.1766,0.1558,0.0942,0.1331,0.1471,0.1842,0.1414,0.099,0.1506,0.1144,0.1096,0.1196,0.0972,0.1346,0.1669,0.1347,0.1322,0.1741,0.1639,0.1057,0.0903,0.1331,0.1203,0.1341,0.1357,0.1514,0.1153,0.1486,0.1125,0.1668,0.1525,0.1355,0.162,0.1202,0.126,0.1641,0.1299,0.1283,0.1009,0.1562,0.1096,0.1725,0.1453,0.0936,0.1731,0.1077,0.1312,0.1157,0.1471,0.1505,0.1202,0.1137,0.1413,0.1264,0.099,0.1148,0.1581,0.1164,0.1279,0.1572,0.1222,0.1318,0.1572,0.1379,0.1125
0.1137,0.1222,0.1192,0.1272,0.126,0.1379,0.125,0.1446,0.1116,0.1331,0.1766,0.1616,0.1125,0.1331,0.1471,0.1842,0.1414,0.099,0.1506,0.1183,0.1096,0.1196,0.0972,0.1346,0.1669,0.1347,0.1322,0.1741,0.1639,0.1057,0.1059,0.1331,0.1299,0.1341,0.1357,0.1514,0.1153,0.1486,0.1125,0.1668,0.1525,0.1355,0.162,0.1336,0.126,0.1641,0.1299,0.1283,0.1009,0.1562,0.1096,0.1725,0.1453,0.0936,0.1731,0.1077,0.1312,0.1157,0.1471,0.1505,0.1202,0.1137,0.1413,0.1494,0.1164,0.1148,0.1581,0.1164,0.1279,0.1572,0.1222,0.1318,0.1572,0.1379,0.1125
0.1137,0.1308,0.1192,0.1272,0.126,0.1379,0.1366,0.1446,0.1116,0.1331,0.1766,0.1616,0.1125,0.1331,0.1471,0.1842,0.1414,0.099,0.1506,0.1183,0.1096,0.1196,0.0972,0.1346,0.1669,0.1347,0.1322,0.1741,0.1639,0.1057,0.1059,0.1331,0.1299,0.1341,0.1357,0.1514,0.1153,0.1486,0.1125,0.1668,0.1525,0.1355,0.162,0.1336,0.126,0.1641,0.1299,0.1283,0.1009,0.1562,0.1096,0.1725,0.1453,0.0954,0.1731,0.1096,0.1312,0.1176,0.1471,0.1505,0.1202,0.1137,0.1413,0.1494,0.1164,0.1148,0.1581,0.1164,0.1279,0.1572,0.1222,0.1318,0.1572,0.1379,0.1125
0.1137,0.1308,0.1192,0.1272,0.1414,0.1379,0.1366,0.1446,0.1116,0.1331,0.1766,0.1616,0.1125,0.1331,0.1471,0.1842,0.1462,0.099,0.1506,0.1183,0.1096,0.1196,0.102,0.1346,0.1669,0.1347,0.1322,0.1741,0.1639,0.1059,0.1059,0.1331,0.1299,0.1341,0.1357,0.1514,0.1153,0.1486,0.1125,0.1668,0.1525,0.1355,0.162,0.1336,0.126,0.1641,0.1299,0.1283,0.1009,0.1562,0.1096,0.1725,0.1453,0.1044,0.1731,0.1096,0.1312,0.1176,0.1471,0.1505,0.1202,0.1137,0.1413,0.1494,0.1164,0.1148,0.1581,0.1164,0.1279,0.1572,0.1222,0.1318,0.1572,0.1379,0.1125
0.1137,0.1318,0.1192,0.1494,0.1414,0.1379,0.1366,0.1446,0.1116,0.1331,0.1766,0.1616,0.1125,0.1331,0.1471,0.1842,0.1462,0.099,0.1506,0.127,0.1096,0.1196,0.1068,0.1346,0.1669,0.1347,0.1322,0.1741,0.1639,0.1183,0.1059,0.1331,0.1299,0.1341,0.1357,0.1514,0.1153,0.1486,0.1125,0.1668,0.1525,0.1355,0.162,0.1336,0.126,0.1978,0.1453,0.1283,0.1009,0.1562,0.1096,0.1725,0.1453,0.1044,0.1731,0.1096,0.1312,0.1176,0.1471,0.1505,0.1202,0.1137,0.1413,0.1494,0.1164,0.1148,0.1581,0.1164,0.1318,0.1572,0.1222,0.1318,0.1572,0.1379,0.1125
0.1137,0.1318,0.1192,0.1494,0.1414,0.1379,0.1366,0.1581,0.1116,0.1331,0.1766,0.1731,0.1125,0.1331,0.1471,0.1842,0.1462,0.1038,0.1506,0.127,0.1096,0.1196,0.1068,0.1346,0.1669,0.1347,0.1803,0.1741,0.1639,0.1183,0.1059,0.1331,0.1299,0.1341,0.1357,0.1514,0.1153,0.1486,0.1125,0.1668,0.1525,0.1664,0.162,0.1375,0.126,0.1978,0.1453,0.1379,0.1009,0.1562,0.1096,0.1725,0.1549,0.1128,0.1731,0.1096,0.135,0.1176,0.1471,0.1505,0.1202,0.1137,0.1413,0.1494,0.1164,0.1148,0.1581,0.1164,0.1318,0.1572,0.1222,0.1318,0.1572,0.1379,0.1125
0.1137,0.1318,0.125,0.1494,0.1414,0.1379,0.1481,0.1581,0.1116,0.1331,0.1766,0.1731,0.1125,0.1331,0.1471,0.1842,0.1462,0.1038,0.1506,0.1318,0.1096,0.1196,0.1068,0.1346,0.1669,0.1347,0.1803,0.1741,0.1639,0.1183,0.1203,0.1331,0.1299,0.1341,0.1357,0.1514,0.1366,0.1486,0.1125,0.1668,0.1525,0.1664,0.162,0.1375,0.126,0.1978,0.1453,0.1379,0.1009,0.1562,0.1096,0.1725,0.1549,0.1128,0.1731,0.1318,0.135,0.1176,0.1471,0.1505,0.1202,0.1137,0.1413,0.1494,0.1164,0.1254,0.1677,0.1164,0.1586,0.1572,0.1222,0.1318,0.1572,0.1379,0.1125
0.1137,0.1318,0.125,0.1494,0.1414,0.1379,0.1481,0.1581,0.1116,0.1331,0.1949,0.1731,0.1155,0.1331,0.1471,0.1842,0.1462,0.1038,0.1506,0.1318,0.1116,0.1196,0.1068,0.1346,0.1669,0.1347,0.1803,0.1741,0.1639,0.1183,0.1203,0.1331,0.1299,0.1341,0.1357,0.1514,0.1366,0.1486,0.1125,0.1668,0.1525,0.1664,0.162,0.1375,0.126,0.1978,0.1453,0.1379,0.1009,0.1562,0.1096,0.1725,0.1741,0.1128,0.1731,0.1318,0.135,0.1176,0.1471,0.1736,0.1366,0.1196,0.1413,0.1494,0.1164,0.1254,0.1677,0.1164,0.1586,0.1572,0.1222,0.1318,0.162,0.1379,0.1125
0.1137,0.1318,0.125,0.1494,0.1414,0.1379,0.1481,0.1581,0.1116,0.1331,0.1949,0.1788,0.1203,0.1331,0.1471,0.1842,0.1462,0.1038,0.1506,0.1318,0.1116,0.1196,0.1068,0.1346,0.1669,0.1347,0.1803,0.1741,0.1639,0.1183,0.1203,0.1331,0.1299,0.1341,0.1357,0.1514,0.1366,0.1486,0.1125,0.1668,0.1525,0.1664,0.162,0.1375,0.126,0.1978,0.1453,0.1379,0.1009,0.1562,0.1096,0.1725,0.1741,0.1128,0.1731,0.1318,0.135,0.1176,0.1471,0.1736,0.1442,0.1196,0.1413,0.1494,0.1164,0.1254,0.1677,0.1212,0.1586,0.1572,0.1222,0.1318,0.162,0.1379,0.1125
0.1137,0.1318,0.125,0.1494,0.1645,0.162,0.1481,0.1581,0.1116,0.1331,0.1949,0.1788,0.1203,0.1331,0.1471,0.1842,0.1462,0.1038,0.1506,0.1318,0.1116,0.1196,0.1068,0.1346,0.1669,0.1347,0.1803,0.1741,0.1639,0.1183,0.1203,0.1331,0.1299,0.1341,0.1357,0.1514,0.1366,0.1486,0.1125,0.1668,0.1525,0.1664,0.162,0.1375,0.126,0.1978,0.1453,0.1379,0.1009,0.1562,0.1096,0.1725,0.1741,0.1128,0.1731,0.1318,0.135,0.1244,0.1471,0.1929,0.1442,0.1196,0.1413,0.1494,0.1164,0.1254,0.1677,0.1212,0.1586,0.1572,0.1222,0.1318,0.162,0.1379,0.1125
0.1137,0.1318,0.125,0.1494,0.1645,0.162,0.1481,0.1581,0.1116,0.1331,0.1949,0.1788,0.1203,0.1331,0.1471,0.1842,0.1462,0.1038,0.1506,0.1318,0.1116,0.1196,0.1068,0.1442,0.1669,0.1347,0.1803,0.1741,0.1639,0.1183,0.1203,0.1475,0.1299,0.1341,0.1357,0.1514,0.1366,0.1486,0.1125,0.1668,0.1525,0.1664,0.162,0.1375,0.126,0.1978,0.1453,0.1379,0.1009,0.1871,0.1096,0.1725,0.1741,0.1314,0.1731,0.1318,0.135,0.1244,0.1471,0.1929,0.1442,0.1196,0.1413,0.1494,0.1211,0.1254,0.1677,0.1212,0.1586,0.1572,0.1222,0.1318,0.162,0.1379,0.1125
0.1176,0.1357,0.1375,0.1494,0.1645,0.162,0.1481,0.1629,0.1116,0.1331,0.1949,0.1788,0.127,0.1331,0.1471,0.1842,0.1462,0.1038,0.1506,0.1318,0.1116,0.1302,0.1192,0.1442,0.1669,0.1347,0.1803,0.1741,0.1835,0.1183,0.1211,0.1514,0.1299,0.1341,0.1357,0.1514,0.1366,0.1562,0.1125,0.1668,0.1525,0.1664,0.162,0.1375,0.126,0.1978,0.1453,0.1379,0.1009,0.1871,0.1096,0.1725,0.1741,0.1314,0.1731,0.1318,0.135,0.1244,0.1471,0.1929,0.1442,0.1196,0.1451,0.1494,0.1259,0.1398,0.1677,0.1212,0.1586,0.1572,0.1222,0.1345,0.162,0.1379,0.1125
0.1176,0.1357,0.1375,0.1494,0.1645,0.162,0.1481,0.1629,0.12,0.1331,0.1949,0.1788,0.127,0.1409,0.1471,0.1842,0.1462,0.1038,0.1506,0.1318,0.1116,0.1351,0.1385,0.1442,0.1784,0.1347,0.1803,0.1741,0.1835,0.1183,0.1394,0.1514,0.1299,0.1341,0.1357,0.1514,0.1366,0.1562,0.1405,0.1668,0.1708,0.1664,0.162,0.1375,0.126,0.1978,0.1453,0.1379,0.1009,0.1871,0.1096,0.1725,0.1741,0.1314,0.1731,0.1318,0.137,0.1244,0.1471,0.1929,0.1538,0.1196,0.1451,0.1494,0.1259,0.1398,0.1677,0.1212,0.1586,0.1572,0.1222,0.1548,0.162,0.1379,0.1125
0.1176,0.1357,0.1375,0.1494,0.1645,0.162,0.1481,0.1629,0.12,0.1331,0.1949,0.1818,0.127,0.1409,0.1471,0.189,0.1462,0.1038,0.1506,0.1318,0.1116,0.1351,0.1385,0.1442,0.1784,0.1347,0.1823,0.1741,0.1835,0.1183,0.149,0.1514,0.1299,0.1341,0.1357,0.1677,0.1366,0.1562,0.1414,0.1668,0.1708,0.1664,0.162,0.1375,0.1357,0.1978,0.1453,0.1379,0.1009,0.1871,0.1096,0.1725,0.1741,0.1314,0.1731,0.1318,0.137,0.1244,0.1471,0.1929,0.1538,0.1196,0.1451,0.1494,0.1259,0.1398,0.1677,0.1279,0.1586,0.1629,0.1222,0.1548,0.162,0.1379,0.1125
0.1361,0.1357,0.1375,0.1494,0.1645,0.162,0.1558,0.1629,0.12,0.1331,0.1949,0.1818,0.127,0.1409,0.1471,0.189,0.1462,0.1038,0.1506,0.1318,0.1116,0.1351,0.1385,0.1442,0.1784,0.1347,0.1823,0.1741,0.1835,0.1183,0.149,0.1514,0.1299,0.1341,0.1357,0.1677,0.1366,0.1562,0.1414,0.1668,0.1708,0.1664,0.162,0.1375,0.1357,0.1978,0.1453,0.1379,0.1009,0.1871,0.1096,0.1725,0.1741,0.1314,0.1731,0.1318,0.137,0.1244,0.1471,0.1929,0.174,0.1196,0.1451,0.188,0.1259,0.1398,0.1677,0.1279,0.1586,0.1629,0.1222,0.1548,0.162,0.1379,0.1125
0.1361,0.1357,0.1375,0.1494,0.1645,0.162,0.1558,0.1629,0.12,0.1331,0.1949,0.1818,0.1395,0.1409,0.1471,0.189,0.1462,0.1038,0.1506,0.1318,0.1116,0.1351,0.1385,0.1442,0.1784,0.1347,0.1823,0.1741,0.1835,0.1192,0.149,0.1514,0.1299,0.1341,0.1357,0.1852,0.1366,0.1562,0.152,0.1668,0.1708,0.1664,0.162,0.1423,0.1357,0.1978,0.1453,0.1379,0.1009,0.1871,0.1096,0.1725,0.1741,0.1314,0.1731,0.1558,0.137,0.1244,0.1471,0.1929,0.174,0.1311,0.1451,0.188,0.1259,0.1398,0.1677,0.1279,0.1586,0.1629,0.1222,0.1548,0.162,0.1379,0.1125
0.1361,0.1357,0.1375,0.1494,0.1645,0.162,0.1558,0.1629,0.12,0.1331,0.1949,0.1818,0.1395,0.1409,0.1471,0.189,0.1462,0.1125,0.1506,0.1318,0.1268,0.1399,0.1385,0.1442,0.1784,0.1347,0.1823,0.1741,0.1835,0.1192,0.149,0.1514,0.1299,0.1341,0.1357,0.1852,0.1366,0.161,0.152,0.1668,0.1708,0.1664,0.162,0.1423,0.1462,0.1978,0.1453,0.1719,0.1009,0.1871,0.1096,0.1725,0.1741,0.1314,0.1731,0.1558,0.137,0.1244,0.1471,0.1929,0.174,0.1311,0.1451,0.188,0.1259,0.1398,0.1677,0.1279,0.1586,0.1629,0.1222,0.1548,0.162,0.1379,0.1125
0.1361,0.1357,0.1375,0.1494,0.1645,0.1804,0.1558,0.1629,0.1259,0.1331,0.1949,0.1818,0.1395,0.1427,0.1471,0.189,0.1462,0.1125,0.1506,0.1318,0.1268,0.1438,0.1385,0.1442,0.1784,0.1347,0.1823,0.1741,0.1835,0.1192,0.149,0.1514,0.1299,0.1341,0.1597,0.1852,0.1366,0.161,0.152,0.1668,0.1708,0.1664,0.162,0.1423,0.1462,0.1978,0.1453,0.1719,0.1009,0.1871,0.1096,0.1725,0.1741,0.1314,0.1731,0.1558,0.137,0.1244,0.1471,0.1929,0.174,0.1485,0.1451,0.188,0.1259,0.1398,0.1677,0.149,0.1586,0.1629,0.1222,0.1548,0.162,0.1536,0.1203
0.1361,0.1357,0.1375,0.1494,0.1645,0.1804,0.1558,0.1629,0.1259,0.1331,0.1949,0.1866,0.1395,0.1457,0.1471,0.189,0.1462,0.1125,0.1786,0.1318,0.1576,0.1466,0.1385,0.1442,0.1784,0.1347,0.1823,0.1741,0.1835,0.1192,0.149,0.1514,0.1299,0.1341,0.1597,0.1852,0.1383,0.161,0.152,0.1668,0.1708,0.1664,0.162,0.1423,0.1462,0.1978,0.1453,0.1719,0.1048,0.1871,0.1096,0.1725,0.1741,0.1314,0.1731,0.1558,0.137,0.1244,0.1471,0.1939,0.174,0.1485,0.1451,0.188,0.1259,0.1601,0.1677,0.149,0.1586,0.1629,0.1222,0.1548,0.162,0.1536,0.1203
0.1361,0.1357,0.1683,0.1494,0.1645,0.1804,0.1558,0.1629,0.1259,0.1409,0.1949,0.1953,0.1395,0.1457,0.1471,0.189,0.1462,0.1125,0.1786,0.1318,0.1576,0.1466,0.1385,0.1442,0.1784,0.1347,0.1823,0.1741,0.1835,0.1192,0.149,0.1514,0.1299,0.1437,0.1597,0.1852,0.1383,0.161,0.152,0.1668,0.1842,0.1664,0.162,0.1423,0.1462,0.1978,0.1453,0.1719,0.1163,0.1871,0.1096,0.1725,0.1741,0.1363,0.1731,0.1558,0.137,0.1244,0.1471,0.1939,0.174,0.1485,0.1451,0.188,0.1308,0.1601,0.1677,0.149,0.1586,0.1649,0.1222,0.1548,0.1659,0.1536,0.1203
0.1361,0.1357,0.1683,0.1494,0.1645,0.1804,0.1558,0.1629,0.1259,0.1409,0.1949,0.1953,0.1395,0.1457,0.1471,0.189,0.1462,0.1125,0.1786,0.1318,0.1576,0.1466,0.1385,0.1442,0.1784,0.1347,0.1823,0.1741,0.1835,0.1192,0.149,0.1514,0.1299,0.1437,0.1597,0.1852,0.1383,0.161,0.152,0.1668,0.188,0.1664,0.162,0.1423,0.1558,0.1978,0.1453,0.1719,0.1163,0.1871,0.1096,0.1725,0.1741,0.1363,0.1731,0.1558,0.137,0.1263,0.1471,0.1939,0.174,0.1485,0.1451,0.188,0.1357,0.1601,0.1677,0.149,0.1586,0.1649,0.1222,0.1548,0.1659,0.1536,0.1422
0.1361,0.1357,0.1683,0.1494,0.1645,0.1919,0.1558,0.1629,0.1259,0.1409,0.1949,0.1953,0.1423,0.1544,0.1471,0.189,0.1462,0.1125,0.1786,0.1318,0.1576,0.1466,0.1385,0.1442,0.1784,0.1347,0.1823,0.1741,0.1835,0.1192,0.149,0.1514,0.1299,0.1437,0.1597,0.1852,0.1383,0.161,0.152,0.1668,0.188,0.1664,0.162,0.1423,0.1558,0.1978,0.1453,0.1719,0.1163,0.1871,0.1096,0.1725,0.176,0.1363,0.1731,0.1558,0.137,0.1263,0.1471,0.1939,0.174,0.1485,0.1451,0.188,0.1357,0.1601,0.1677,0.149,0.1683,0.1649,0.1222,0.174,0.1659,0.1668,0.1422
0.168,0.1357,0.1683,0.1494,0.1645,0.1919,0.1577,0.1629,0.1259,0.1409,0.1949,0.1953,0.1423,0.1544,0.1471,0.189,0.1462,0.1125,0.1786,0.1318,0.1576,0.1466,0.1385,0.1442,0.1843,0.1462,0.1823,0.1741,0.1835,0.1192,0.149,0.1514,0.1299,0.1437,0.1597,0.1852,0.1383,0.161,0.152,0.1668,0.188,0.1664,0.162,0.1423,0.1751,0.1978,0.1453,0.1719,0.1163,0.2054,0.1096,0.1725,0.176,0.1486,0.1731,0.1558,0.1389,0.1263,0.1471,0.1939,0.174,0.1485,0.1451,0.188,0.1357,0.1601,0.1677,0.1585,0.1683,0.1649,0.1222,0.174,0.1707,0.1668,0.1422
0.168,0.1357,0.1683,0.1494,0.1645,0.1919,0.1577,0.1629,0.1259,0.1409,0.2045,0.1953,0.152,0.1544,0.1471,0.189,0.1462,0.1125,0.1786,0.1385,0.1576,0.1514,0.1385,0.1442,0.1843,0.1462,0.1823,0.1741,0.1835,0.1192,0.149,0.1514,0.1299,0.1437,0.1597,0.1852,0.1383,0.161,0.152,0.1668,0.188,0.1664,0.162,0.1616,0.1751,0.1978,0.1453,0.1719,0.1163,0.2054,0.1096,0.1725,0.176,0.1486,0.1731,0.1558,0.1389,0.1263,0.1471,0.1998,0.174,0.1485,0.1451,0.188,0.1357,0.1601,0.1677,0.1692,0.1683,0.1649,0.1222,0.174,0.1707,0.1668,0.1422
0.168,0.1357,0.1683,0.1494,0.1645,0.1919,0.1577,0.1629,0.1259,0.1409,0.2045,0.1953,0.152,0.1544,0.1471,0.1938,0.1462,0.1125,0.1786,0.1509,0.1576,0.1514,0.1385,0.1442,0.1843,0.1462,0.1823,0.1741,0.1835,0.1192,0.149,0.1514,0.1299,0.1477,0.1597,0.1852,0.1383,0.161,0.152,0.1668,0.188,0.1664,0.162,0.1616,0.1751,0.1978,0.1625,0.1775,0.1163,0.2054,0.1096,0.1725,0.1799,0.1486,0.1731,0.1558,0.1389,0.1263,0.1471,0.1998,0.174,0.1485,0.1451,0.188,0.1443,0.1601,0.1677,0.1692,0.1683,0.1649,0.1251,0.174,0.1707,0.1668,0.1422
0.168,0.1357,0.1683,0.1494,0.1645,0.1919,0.1577,0.1629,0.1259,0.1409,0.2045,0.1953,0.152,0.1544,0.1471,0.1938,0.1462,0.1125,0.1786,0.1509,0.1576,0.1514,0.1385,0.1442,0.1843,0.1462,0.1823,0.1741,0.1835,0.1192,0.149,0.1719,0.1299,0.1477,0.1597,0.1852,0.1383,0.161,0.152,0.1668,0.188,0.1664,0.162,0.1616,0.1751,0.1978,0.1645,0.1775,0.1163,0.2054,0.1096,0.1725,0.1799,0.1486,0.1731,0.1558,0.1389,0.1263,0.1471,0.1998,0.174,0.1485,0.1451,0.188,0.1847,0.1601,0.1677,0.1729,0.1683,0.1649,0.1251,0.174,0.1707,0.1668,0.1422
0.168,0.1357,0.1683,0.1494,0.1645,0.1919,0.1577,0.1629,0.1259,0.1409,0.2045,0.1953,0.152,0.1544,0.149,0.1938,0.151,0.1125,0.1786,0.1509,0.1576,0.1601,0.1385,0.1442,0.1843,0.1462,0.1823,0.1741,0.1835,0.1192,0.149,0.1719,0.1299,0.1477,0.1597,0.1852,0.1383,0.161,0.152,0.1668,0.188,0.1664,0.162,0.1616,0.1751,0.1978,0.1645,0.1775,0.1163,0.2054,0.1096,0.1725,0.1799,0.1486,0.1731,0.1558,0.1389,0.1263,0.1471,0.1998,0.174,0.1485,0.148,0.188,0.1847,0.1601,0.1707,0.1729,0.1683,0.1649,0.1604,0.1836,0.1707,0.1668,0.1422
0.168,0.1357,0.1683,0.1494,0.1693,0.1919,0.1577,0.1629,0.1259,0.1409,0.2045,0.1953,0.152,0.1544,0.1606,0.1938,0.151,0.1125,0.1786,0.1509,0.1576,0.1601,0.1385,0.1451,0.1843,0.1462,0.1823,0.1741,0.193,0.125,0.149,0.1834,0.1299,0.1477,0.1597,0.1852,0.1383,0.1697,0.152,0.1668,0.188,0.1664,0.162,0.1616,0.1751,0.1978,0.1645,0.1775,0.1163,0.2054,0.1096,0.1725,0.1799,0.1553,0.1731,0.1558,0.1389,0.1263,0.1471,0.1998,0.174,0.1485,0.148,0.1958,0.1847,0.1601,0.1707,0.1729,0.1683,0.1649,0.1604,0.1836,0.1707,0.1668,0.1422
0.168,0.1357,0.1683,0.1494,0.1693,0.1938,0.1577,0.1629,0.1259,0.1409,0.2045,0.1953,0.152,0.1544,0.1606,0.1938,0.151,0.1125,0.1786,0.1605,0.1576,0.1601,0.1385,0.1506,0.1843,0.1462,0.1823,0.1741,0.193,0.125,0.149,0.2094,0.1299,0.1477,0.1597,0.1852,0.1383,0.1697,0.1768,0.1668,0.188,0.1664,0.162,0.1616,0.1751,0.1978,0.1645,0.1775,0.1163,0.2054,0.1096,0.1725,0.1799,0.1553,0.1731,0.1558,0.1437,0.1447,0.1471,0.1998,0.174,0.1485,0.148,0.1958,0.1847,0.1601,0.1707,0.1729,0.1683,0.1649,0.1604,0.1836,0.1707,0.1668,0.1422
0.168,0.1357,0.1683,0.1494,0.1703,0.1938,0.1577,0.1629,0.1414,0.1409,0.2045,0.1953,0.152,0.1544,0.1673,0.1938,0.151,0.1125,0.1786,0.1605,0.1576,0.1601,0.1385,0.1506,0.1843,0.1462,0.1823,0.1741,0.2037,0.125,0.149,0.2094,0.1375,0.1477,0.1597,0.1852,0.1383,0.1697,0.1768,0.1668,0.188,0.1664,0.162,0.1616,0.1751,0.1978,0.1894,0.1775,0.1163,0.2054,0.1096,0.1725,0.1838,0.1553,0.1731,0.1558,0.1437,0.1447,0.1471,0.2035,0.174,0.1485,0.148,0.1958,0.1847,0.1601,0.1707,0.1729,0.1683,0.1649,0.1604,0.1836,0.1707,0.1669,0.1422
0.168,0.1357,0.1683,0.1534,0.1808,0.1938,0.1664,0.1629,0.1414,0.1409,0.2045,0.1953,0.152,0.1544,0.1673,0.1938,0.151,0.1125,0.1786,0.1605,0.1576,0.1601,0.1385,0.1506,0.1843,0.1462,0.1823,0.1741,0.2037,0.1318,0.149,0.2094,0.1375,0.1477,0.1597,0.1852,0.1383,0.1697,0.1768,0.1668,0.189,0.1664,0.162,0.1616,0.1856,0.1978,0.1894,0.1775,0.1181,0.2054,0.1096,0.1725,0.1838,0.1689,0.1731,0.1558,0.1437,0.1447,0.1471,0.2035,0.174,0.1485,0.15,0.1958,0.1847,0.1601,0.1707,0.1729,0.1683,0.1649,0.1604,0.1836,0.1707,0.1669,0.1422
0.168,0.1357,0.1683,0.1534,0.1808,0.2035,0.1664,0.1629,0.1414,0.1409,0.2045,0.1953,0.152,0.1544,0.1673,0.1938,0.151,0.1125,0.1786,0.1731,0.1576,0.1601,0.1385,0.1506,0.1843,0.1462,0.1823,0.1741,0.2037,0.1318,0.149,0.2094,0.1375,0.1477,0.1597,0.1852,0.1383,0.1697,0.1768,0.1668,0.189,0.1664,0.1747,0.1616,0.1856,0.1978,0.1934,0.1775,0.1489,0.2054,0.1173,0.1725,0.1847,0.1689,0.1731,0.1558,0.1437,0.1447,0.1471,0.2035,0.174,0.1485,0.15,0.1958,0.1847,0.1601,0.1707,0.1729,0.1683,0.1649,0.1604,0.1836,0.1707,0.1669,0.1422
0.168,0.1357,0.1683,0.1534,0.1808,0.2035,0.1664,0.1629,0.1414,0.1409,0.2045,0.1953,0.152,0.1544,0.1673,0.1938,0.151,0.123,0.1786,0.1731,0.1576,0.1601,0.1385,0.1506,0.1843,0.1471,0.1823,0.1741,0.2037,0.1318,0.149,0.2094,0.1375,0.1477,0.1597,0.1852,0.1383,0.1862,0.1768,0.1668,0.189,0.1664,0.1747,0.1616,0.1856,0.1978,0.1934,0.1775,0.1489,0.2054,0.1173,0.1725,0.1847,0.1689,0.1731,0.1558,0.1437,0.1447,0.1471,0.2035,0.174,0.1485,0.15,0.1958,0.1847,0.1649,0.1774,0.1779,0.1683,0.1649,0.1604,0.1836,0.1707,0.1669,0.1422
0.168,0.1357,0.1683,0.1534,0.1866,0.2035,0.1664,0.1629,0.1414,0.1409,0.2045,0.1953,0.152,0.1544,0.1673,0.1938,0.1558,0.123,0.1786,0.1731,0.1576,0.1601,0.1385,0.1506,0.1843,0.1471,0.1823,0.1741,0.2181,0.1318,0.149,0.2094,0.139,0.1776,0.1597,0.1852,0.1383,0.1862,0.2134,0.1668,0.189,0.1664,0.1747,0.1616,0.2001,0.1978,0.1934,0.1775,0.1489,0.2054,0.1173,0.1725,0.1847,0.1689,0.1731,0.1558,0.1437,0.1447,0.1471,0.2084,0.174,0.1485,0.15,0.1958,0.1847,0.1649,0.1774,0.1779,0.1683,0.1649,0.1604,0.1836,0.1707,0.1669,0.1422
0.168,0.1357,0.1683,0.1534,0.1866,0.2035,0.1664,0.1629,0.1414,0.1409,0.2045,0.1953,0.152,0.1544,0.1673,0.1938,0.1558,0.123,0.1786,0.1731,0.1576,0.1601,0.1625,0.1506,0.1843,0.1471,0.1823,0.1741,0.2181,0.1318,0.1501,0.2094,0.139,0.1776,0.1597,0.1852,0.147,0.1862,0.2134,0.1668,0.189,0.1664,0.1747,0.1616,0.2001,0.1978,0.1934,0.1775,0.1489,0.2054,0.1173,0.1725,0.1856,0.1689,0.1731,0.1558,0.1437,0.1447,0.1471,0.2084,0.174,0.1485,0.1768,0.1958,0.1847,0.1649,0.1794,0.1779,0.1683,0.1649,0.1604,0.1836,0.1707,0.1669,0.1422
0.168,0.1357,0.1683,0.1534,0.1866,0.2035,0.1664,0.1629,0.1414,0.1409,0.2045,0.1953,0.152,0.1544,0.1673,0.1938,0.1558,0.123,0.1823,0.1731,0.1693,0.1601,0.1625,0.1538,0.1843,0.1471,0.1823,0.1741,0.2189,0.1318,0.1501,0.2094,0.139,0.1776,0.1597,0.1949,0.147,0.1862,0.2134,0.1668,0.189,0.1664,0.1747,0.1616,0.2058,0.1978,0.1934,0.1775,0.1489,0.2054,0.1183,0.1725,0.1856,0.1689,0.1731,0.1558,0.1437,0.1447,0.1471,0.2084,0.174,0.1485,0.1768,0.1958,0.1847,0.1649,0.1794,0.1779,0.1683,0.1649,0.1604,0.1836,0.1707,0.1669,0.1422
0.168,0.1357,0.1683,0.1534,0.1866,0.2035,0.1683,0.1629,0.1414,0.1409,0.2045,0.1953,0.152,0.1544,0.1692,0.215,0.1558,0.123,0.1823,0.1731,0.1693,0.1601,0.1625,0.1538,0.1843,0.1471,0.1823,0.1741,0.2189,0.1318,0.1501,0.2094,0.139,0.1776,0.1597,0.1949,0.147,0.1862,0.2134,0.1668,0.1929,0.1664,0.1747,0.1616,0.2058,0.1978,0.1934,0.1775,0.1489,0.2054,0.1183,0.1725,0.1856,0.1689,0.1731,0.1558,0.1437,0.1447,0.1471,0.2084,0.174,0.1485,0.1768,0.1958,0.1847,0.1649,0.1794,0.1779,0.1683,0.1649,0.1703,0.1836,0.1707,0.1669,0.1422
0.168,0.1357,0.1683,0.1534,0.1866,0.2035,0.1683,0.1629,0.1414,0.1409,0.2045,0.1953,0.152,0.1544,0.1692,0.215,0.1558,0.123,0.1823,0.1731,0.1693,0.1806,0.1625,0.1566,0.1843,0.1568,0.1823,0.1741,0.2189,0.1318,0.1501,0.2094,0.139,0.1776,0.1597,0.1949,0.147,0.1862,0.2134,0.1668,0.1929,0.1768,0.1747,0.1616,0.2058,0.1978,0.1934,0.1775,0.1489,0.2054,0.1183,0.1725,0.1856,0.1689,0.1731,0.1558,0.1437,0.1447,0.1471,0.2084,0.174,0.1485,0.1768,0.1958,0.1847,0.1649,0.1794,0.1779,0.1683,0.1649,0.1703,0.2097,0.1707,0.1669,0.1422
0.168,0.1357,0.1683,0.1534,0.1866,0.2035,0.1683,0.1629,0.1414,0.1409,0.2045,0.1953,0.1546,0.1544,0.1692,0.215,0.1558,0.127,0.1977,0.1731,0.1693,0.1806,0.1625,0.1566,0.1843,0.1568,0.1823,0.1741,0.2189,0.1318,0.1501,0.2094,0.139,0.1776,0.1597,0.1949,0.147,0.1862,0.2134,0.1668,0.1986,0.1768,0.1747,0.1616,0.2058,0.1978,0.1934,0.1775,0.1489,0.2054,0.1183,0.1725,0.1856,0.1689,0.1731,0.1558,0.1437,0.1447,0.1471,0.2084,0.174,0.1533,0.1768,0.1958,0.1847,0.1649,0.1794,0.1779,0.1683,0.1649,0.1703,0.1875,0.1707,0.1669,0.1422
0.168,0.1357,0.1683,0.1534,0.1866,0.2035,0.1683,0.1745,0.1414,0.1582,0.2045,0.1953,0.1546,0.1544,0.1712,0.215,0.1558,0.1394,0.1977,0.1731,0.1693,0.1806,0.1625,0.1566,0.1843,0.1568,0.1823,0.1741,0.2189,0.1318,0.1501,0.2094,0.1433,0.1776,0.1597,0.2035,0.147,0.1862,0.2134,0.1668,0.1986,0.1768,0.1871,0.1616,0.2058,0.1978,0.1934,0.1775,0.1489,0.2102,0.1183,0.1725,0.1856,0.1689,0.1731,0.1558,0.1437,0.1447,0.1471,0.2084,0.174,0.1533,0.1768,0.1958,0.1847,0.1649,0.1794,0.1799,0.1683,0.1649,0.1703,0.176,0.1707,0.1669,0.1422
0.168,0.1357,0.1683,0.1631,0.1866,0.2035,0.1683,0.1745,0.1414,0.1582,0.2045,0.1953,0.1546,0.1544,0.1712,0.215,0.1558,0.1394,0.1987,0.1731,0.1693,0.1806,0.1625,0.1566,0.1843,0.1568,0.1882,0.1748,0.2189,0.1318,0.1501,0.2094,0.1631,0.1776,0.1597,0.2035,0.147,0.1862,0.2134,0.1668,0.1986,0.1768,0.1938,0.1616,0.2058,0.1978,0.2097,0.1775,0.1489,0.2102,0.1327,0.1725,0.1905,0.1689,0.1731,0.1558,0.1437,0.1447,0.1471,0.2084,0.174,0.1533,0.1768,0.1958,0.1847,0.1649,0.1794,0.1799,0.1683,0.1649,0.1703,0.1847,0.1707,0.1804,0.1422
0.168,0.1357,0.1683,0.1631,0.1866,0.2035,0.1914,0.1745,0.1414,0.1582,0.2045,0.1953,0.1546,0.1544,0.1712,0.215,0.1558,0.1394,0.1987,0.1731,0.1693,0.1806,0.1625,0.1566,0.1843,0.1741,0.1882,0.1748,0.2189,0.1318,0.1501,0.2094,0.1631,0.1776,0.1597,0.2035,0.147,0.1862,0.2134,0.1668,0.1986,0.1768,0.1938,0.1616,0.2058,0.1978,0.2097,0.1775,0.1489,0.2122,0.1327,0.1725,0.1905,0.1689,0.1731,0.1558,0.1572,0.1447,0.1471,0.2084,0.174,0.1533,0.1768,0.1958,0.1847,0.1649,0.1794,0.1866,0.1683,0.1649,0.1703,0.1847,0.1707,0.1804,0.1566
0.168,0.1375,0.1683,0.1631,0.1866,0.2035,0.1914,0.1745,0.1414,0.1582,0.2045,0.1953,0.1546,0.1544,0.1721,0.215,0.1558,0.1394,0.1987,0.1731,0.1693,0.1806,0.1625,0.1566,0.1843,0.1741,0.1882,0.1748,0.2189,0.1318,0.1501,0.2094,0.1631,0.1776,0.1597,0.2035,0.147,0.1862,0.2134,0.1668,0.1986,0.1768,0.1938,0.1616,0.2106,0.1978,0.2097,0.1775,0.1489,0.2122,0.1327,0.1725,0.2049,0.1689,0.1731,0.1558,0.1572,0.1447,0.1471,0.2084,0.174,0.1533,0.1768,0.1958,0.1847,0.1649,0.1794,0.1866,0.1683,0.1688,0.1703,0.1847,0.1707,0.1804,0.1566
0.168,0.1549,0.1683,0.1631,0.1866,0.2035,0.1914,0.1745,0.1414,0.1582,0.2045,0.1953,0.1546,0.1544,0.1721,0.215,0.1558,0.1394,0.1987,0.1731,0.1693,0.1806,0.1625,0.1566,0.1843,0.1779,0.1882,0.1748,0.2189,0.1318,0.1501,0.2094,0.1631,0.1776,0.1597,0.2074,0.147,0.1949,0.2134,0.1668,0.1986,0.1768,0.1938,0.1616,0.2106,0.1978,0.2097,0.1775,0.1489,0.2122,0.1327,0.1725,0.2049,0.1689,0.1731,0.1558,0.1572,0.1447,0.1471,0.2084,0.174,0.1533,0.1768,0.1958,0.1847,0.1649,0.1794,0.1866,0.1683,0.1688,0.1703,0.1847,0.191,0.1804,0.1566
0.168,0.1549,0.1683,0.1631,0.1866,0.2035,0.1914,0.1745,0.1414,0.1621,0.2045,0.1953,0.1546,0.1544,0.1779,0.215,0.1558,0.1394,0.1987,0.174,0.1693,0.1806,0.1625,0.1566,0.1843,0.1779,0.1882,0.1748,0.2189,0.1318,0.1501,0.2094,0.1631,0.1776,0.1597,0.2074,0.147,0.1949,0.2134,0.1668,0.1986,0.1768,0.1938,0.1616,0.2106,0.1978,0.2097,0.1775,0.1489,0.2122,0.1327,0.1725,0.2049,0.1689,0.1731,0.1558,0.1572,0.1447,0.1471,0.2102,0.174,0.1533,0.1768,0.1958,0.1847,0.1649,0.1794,0.1866,0.1683,0.1688,0.1703,0.1847,0.191,0.1804,0.1566
0.168,0.1549,0.1683,0.1631,0.1866,0.2121,0.1914,0.1745,0.1414,0.1621,0.2045,0.1953,0.1546,0.1544,0.1779,0.215,0.1558,0.1394,0.1987,0.174,0.1693,0.1806,0.1625,0.1566,0.1843,0.1779,0.1882,0.1748,0.2189,0.1318,0.1501,0.2094,0.1631,0.1776,0.1597,0.2074,0.1471,0.1949,0.2134,0.1668,0.2228,0.1768,0.1938,0.1616,0.2106,0.1978,0.2097,0.1775,0.1489,0.2141,0.1327,0.1725,0.2114,0.1689,0.174,0.1558,0.1572,0.1447,0.1471,0.2102,0.174,0.1533,0.1768,0.1958,0.1847,0.1649,0.1794,0.1866,0.1683,0.1688,0.1703,0.1847,0.191,0.1804,0.1566
0.168,0.1549,0.1683,0.1631,0.1866,0.2121,0.1914,0.1745,0.1414,0.1621,0.2045,0.1953,0.1546,0.1544,0.1779,0.215,0.1558,0.1394,0.1987,0.174,0.1693,0.1806,0.1625,0.1664,0.1843,0.1779,0.1882,0.1748,0.2189,0.1318,0.1501,0.2094,0.1631,0.1776,0.1597,0.2074,0.1471,0.1949,0.2134,0.1668,0.2228,0.1768,0.1938,0.1616,0.2106,0.1978,0.2097,0.1775,0.1489,0.2141,0.1327,0.1725,0.2114,0.1689,0.174,0.1558,0.1572,0.1447,0.1471,0.2142,0.174,0.1533,0.1768,0.1958,0.1847,0.1649,0.1794,0.1866,0.1683,0.1688,0.1703,0.1847,0.191,0.1804,0.1566
0.168,0.1549,0.1683,0.1631,0.1866,0.2121,0.1914,0.1745,0.1414,0.1621,0.2045,0.1953,0.1546,0.1697,0.1779,0.2199,0.1558,0.1394,0.1987,0.174,0.1693,0.1806,0.1625,0.1664,0.1843,0.1779,0.1882,0.1748,0.2189,0.1433,0.154,0.2094,0.1631,0.1776,0.1597,0.2074,0.1576,0.1949,0.2134,0.1668,0.2228,0.1768,0.1938,0.1616,0.2106,0.1978,0.2097,0.1775,0.1489,0.2141,0.1327,0.1725,0.2114,0.1689,0.174,0.1558,0.1572,0.1447,0.1471,0.2142,0.174,0.1533,0.1768,0.1958,0.1847,0.1649,0.1794,0.1866,0.1683,0.1688,0.1703,0.1847,0.191,0.1998,0.1566
0.168,0.1625,0.1683,0.1631,0.1866,0.2169,0.1914,0.1745,0.1414,0.1621,0.2045,0.1953,0.1546,0.1697,0.1779,0.2199,0.1558,0.1394,0.1987,0.174,0.1693,0.1842,0.1625,0.1664,0.1843,0.1779,0.1882,0.1748,0.2189,0.1433,0.154,0.2094,0.1631,0.1776,0.1597,0.2074,0.1576,0.1949,0.2134,0.1668,0.2228,0.1768,0.1938,0.1663,0.2106,0.1978,0.2097,0.1775,0.1489,0.2141,0.1327,0.1774,0.2114,0.1689,0.174,0.1558,0.1572,0.1447,0.1471,0.2142,0.174,0.1533,0.1768,0.1958,0.1847,0.1649,0.189,0.1866,0.1683,0.1688,0.1703,0.1847,0.191,0.1998,0.1566
0.168,0.1625,0.1683,0.1631,0.1866,0.2169,0.1914,0.1745,0.1414,0.1621,0.2045,0.1953,0.1546,0.1697,0.1914,0.2199,0.1558,0.1433,0.1987,0.174,0.1693,0.2009,0.1625,0.1664,0.1843,0.1779,0.1882,0.1748,0.2229,0.1433,0.154,0.2094,0.1631,0.1776,0.1597,0.247,0.1576,0.1949,0.2134,0.1668,0.2228,0.1768,0.1938,0.1663,0.2106,0.1978,0.2097,0.1775,0.1489,0.2141,0.1327,0.1774,0.2114,0.1689,0.174,0.1558,0.1572,0.1447,0.1471,0.2142,0.174,0.1533,0.1768,0.1958,0.1847,0.1649,0.189,0.1866,0.1683,0.1688,0.1703,0.1847,0.191,0.1998,0.1566
0.168,0.1625,0.1683,0.1631,0.1866,0.2169,0.1914,0.1745,0.1414,0.1621,0.2045,0.1953,0.1546,0.1697,0.1914,0.2199,0.1558,0.1433,0.1987,0.174,0.1693,0.2009,0.1625,0.1664,0.1843,0.1779,0.1882,0.1748,0.2229,0.1433,0.1576,0.2094,0.1631,0.1776,0.1597,0.247,0.1597,0.1949,0.2134,0.1668,0.2228,0.1768,0.1938,0.1663,0.2106,0.1978,0.2097,0.1775,0.1489,0.2141,0.1327,0.1774,0.2126,0.1689,0.174,0.1558,0.1572,0.1494,0.1471,0.2142,0.174,0.1533,0.1768,0.1958,0.1847,0.1649,0.189,0.1866,0.1683,0.1688,0.1703,0.1847,0.191,0.1998,0.1566
0.168,0.1625,0.1683,0.1631,0.1866,0.2169,0.1914,0.1745,0.1414,0.1621,0.2045,0.2019,0.1546,0.1697,0.1914,0.2199,0.1558,0.1433,0.1987,0.174,0.1693,0.2009,0.1625,0.1664,0.1843,0.1779,0.1882,0.1748,0.2229,0.1433,0.1576,0.2094,0.1631,0.1776,0.1597,0.247,0.1597,0.1949,0.2134,0.1668,0.2228,0.1768,0.1938,0.1663,0.2106,0.1978,0.2097,0.1775,0.1489,0.2141,0.1327,0.1774,0.2126,0.1919,0.174,0.1558,0.1572,0.1494,0.149,0.2142,0.174,0.1533,0.1768,0.1958,0.2125,0.1649,0.189,0.1866,0.1683,0.1688,0.1703,0.1905,0.191,0.1998,0.1566
0.1727,0.1625,0.1683,0.1631,0.1866,0.2169,0.1914,0.1745,0.1414,0.1621,0.2045,0.2019,0.1709,0.1697,0.1914,0.2199,0.1558,0.1433,0.1987,0.174,0.1693,0.2009,0.1625,0.1664,0.1843,0.1779,0.1882,0.1748,0.2229,0.1433,0.1588,0.2094,0.1631,0.1776,0.1597,0.247,0.1597,0.1949,0.2134,0.1668,0.2228,0.1864,0.1938,0.1663,0.2106,0.1978,0.2097,0.1775,0.1489,0.2141,0.1327,0.1774,0.2126,0.1919,0.174,0.1558,0.1572,0.1533,0.149,0.2239,0.174,0.1533,0.1768,0.1958,0.2125,0.1649,0.189,0.1866,0.1683,0.1688,0.1703,0.1905,0.191,0.1998,0.1566
0.1727,0.1625,0.1683,0.1631,0.1962,0.2169,0.1914,0.1745,0.148,0.1621,0.2045,0.2019,0.1709,0.1697,0.1914,0.2199,0.1558,0.1433,0.1987,0.174,0.1693,0.2009,0.1625,0.1664,0.1843,0.1779,0.1882,0.1748,0.2363,0.1433,0.1588,0.2113,0.1631,0.1776,0.1597,0.247,0.1597,0.1949,0.2134,0.1668,0.2228,0.1864,0.1938,0.1663,0.2106,0.1978,0.2097,0.1775,0.1489,0.2141,0.1327,0.1774,0.2126,0.1919,0.174,0.1558,0.1572,0.1533,0.149,0.2239,0.174,0.1533,0.1768,0.1958,0.2125,0.1649,0.189,0.1866,0.1683,0.1688,0.1703,0.1905,0.191,0.1998,0.1566
0.1727,0.1625,0.1683,0.1631,0.1962,0.2169,0.1914,0.1745,0.148,0.1621,0.2045,0.2019,0.1709,0.1697,0.1914,0.2199,0.1558,0.1433,0.1987,0.174,0.1693,0.2025,0.1625,0.1664,0.1843,0.1779,0.1882,0.1748,0.2363,0.1433,0.1588,0.2113,0.1631,0.1776,0.1597,0.247,0.1597,0.1949,0.2134,0.1668,0.2228,0.1864,0.1938,0.1663,0.2154,0.1978,0.2097,0.1775,0.1489,0.2141,0.1327,0.1774,0.2126,0.1919,0.174,0.1558,0.1709,0.1533,0.149,0.2239,0.174,0.1533,0.1768,0.1958,0.2125,0.1649,0.189,0.1866,0.1683,0.1784,0.1703,0.2076,0.191,0.1998,0.1566
0.1727,0.1625,0.1683,0.1631,0.199,0.2169,0.1914,0.1745,0.148,0.1621,0.2045,0.2019,0.1709,0.1697,0.1914,0.2199,0.1558,0.1501,0.1987,0.174,0.1693,0.2025,0.1625,0.1673,0.1843,0.1779,0.1882,0.1748,0.2363,0.1433,0.1588,0.2113,0.1631,0.1776,0.1597,0.247,0.1597,0.1949,0.2134,0.1668,0.2228,0.1864,0.1938,0.1663,0.2154,0.1978,0.2097,0.1775,0.1489,0.2141,0.1327,0.1774,0.2145,0.1919,0.174,0.1558,0.1709,0.1533,0.1568,0.2239,0.174,0.1533,0.1768,0.1958,0.2125,0.1649,0.189,0.1866,0.1683,0.1784,0.1703,0.2211,0.191,0.2065,0.1566
0.1727,0.1625,0.1683,0.1631,0.1991,0.2169,0.1914,0.1745,0.148,0.1621,0.2045,0.2019,0.1709,0.1697,0.1914,0.2199,0.1558,0.1614,0.1987,0.174,0.1693,0.2025,0.1625,0.1673,0.1843,0.1779,0.1882,0.1748,0.2363,0.1433,0.1588,0.2122,0.1631,0.1776,0.1597,0.247,0.1597,0.1949,0.2134,0.1668,0.2228,0.1864,0.1938,0.1663,0.2154,0.1978,0.2097,0.1775,0.1489,0.2141,0.1327,0.1774,0.2145,0.1919,0.174,0.1558,0.1709,0.1533,0.1568,0.2239,0.174,0.1533,0.1768,0.1958,0.2125,0.1649,0.189,0.1866,0.1683,0.1784,0.1703,0.2211,0.191,0.2065,0.1566
0.1727,0.1625,0.1683,0.1631,0.1991,0.2169,0.1914,0.1745,0.1568,0.1621,0.2045,0.2019,0.1709,0.1766,0.2086,0.2199,0.1558,0.1614,0.1987,0.174,0.1913,0.2025,0.1625,0.1673,0.1843,0.1779,0.1882,0.1748,0.2363,0.1433,0.1588,0.2122,0.1631,0.1776,0.1597,0.247,0.1597,0.1949,0.2134,0.1668,0.2228,0.1864,0.1938,0.1663,0.2154,0.1978,0.2097,0.1775,0.1671,0.2141,0.1327,0.1774,0.2145,0.1919,0.174,0.1558,0.1709,0.1533,0.1568,0.2239,0.1798,0.1533,0.1768,0.1958,0.2125,0.1649,0.189,0.1866,0.1683,0.1784,0.1703,0.2211,0.191,0.2065,0.1566
0.1727,0.1625,0.1683,0.1631,0.1991,0.2343,0.1914,0.1803,0.1568,0.1621,0.2045,0.2019,0.1729,0.1766,0.2086,0.2199,0.1558,0.1614,0.1987,0.174,0.1913,0.2025,0.1625,0.1673,0.1843,0.1779,0.1882,0.1748,0.2363,0.1433,0.1731,0.2122,0.1631,0.1776,0.1597,0.247,0.1597,0.1949,0.2134,0.1668,0.2228,0.1864,0.1938,0.1663,0.2154,0.1978,0.2097,0.1775,0.1671,0.2141,0.1327,0.1774,0.2145,0.1919,0.174,0.1558,0.1709,0.1533,0.1568,0.2239,0.1798,0.1533,0.1768,0.1958,0.2125,0.1649,0.189,0.1866,0.1683,0.1784,0.1703,0.2211,0.191,0.2065,0.1566
0.1727,0.1625,0.1683,0.1631,0.1991,0.2343,0.1914,0.1832,0.1568,0.1621,0.2045,0.2019,0.1729,0.1766,0.2086,0.2199,0.1558,0.1614,0.1987,0.174,0.1913,0.2025,0.1625,0.1673,0.1843,0.1779,0.1882,0.1748,0.2363,0.1433,0.1731,0.2122,0.1631,0.1776,0.1597,0.247,0.1597,0.1949,0.2134,0.1668,0.2228,0.1864,0.1969,0.1663,0.2154,0.1978,0.2097,0.1775,0.1671,0.2141,0.1327,0.1774,0.2145,0.1919,0.174,0.1558,0.1709,0.1533,0.1568,0.2239,0.1798,0.1533,0.1768,0.1958,0.2125,0.1649,0.189,0.1866,0.1683,0.1958,0.1703,0.2211,0.191,0.2065,0.1566
0.1727,0.1625,0.1683,0.1631,0.1991,0.2343,0.1914,0.1832,0.1568,0.1747,0.2045,0.2019,0.1729,0.1766,0.2086,0.2199,0.1558,0.1614,0.1987,0.174,0.1913,0.2025,0.1683,0.1673,0.1843,0.1779,0.1882,0.1748,0.2633,0.1433,0.1731,0.2122,0.1631,0.1776,0.1597,0.247,0.1597,0.1949,0.2134,0.1668,0.2228,0.1864,0.2073,0.1663,0.2154,0.1978,0.2097,0.1775,0.1671,0.2141,0.1327,0.1774,0.2145,0.1919,0.174,0.1577,0.1709,0.1533,0.1568,0.2239,0.1798,0.1533,0.1768,0.1958,0.2125,0.1649,0.189,0.1866,0.1683,0.1958,0.1703,0.2211,0.191,0.2065,0.1566
0.1727,0.1625,0.1683,0.1631,0.2039,0.2343,0.1914,0.1832,0.1568,0.1747,0.2045,0.2019,0.1729,0.1766,0.2086,0.2199,0.1558,0.1614,0.1987,0.174,0.1913,0.2025,0.1683,0.1673,0.1843,0.1779,0.1882,0.1748,0.2633,0.1433,0.1731,0.2122,0.1631,0.1776,0.1597,0.247,0.1815,0.1949,0.2134,0.1668,0.2228,0.1864,0.2073,0.1663,0.2154,0.1978,0.2097,0.1775,0.1671,0.2141,0.1327,0.1774,0.2145,0.1919,0.174,0.1577,0.1709,0.1533,0.1568,0.2239,0.1798,0.1533,0.1768,0.2015,0.2125,0.1649,0.189,0.1866,0.1683,0.1958,0.1703,0.2211,0.191,0.2065,0.1566
0.1727,0.1625,0.1683,0.1631,0.2039,0.2343,0.1914,0.1832,0.1568,0.1747,0.2045,0.2019,0.1729,0.1766,0.2086,0.2199,0.1558,0.1614,0.1987,0.174,0.1913,0.2025,0.1683,0.1673,0.1843,0.1779,0.1882,0.1748,0.2633,0.1433,0.1731,0.2181,0.1631,0.1776,0.1597,0.247,0.1815,0.1949,0.2134,0.1668,0.2228,0.1864,0.2073,0.177,0.2154,0.1978,0.2097,0.1775,0.1671,0.2141,0.1365,0.1774,0.2145,0.1919,0.174,0.1577,0.1709,0.1533,0.1568,0.2239,0.1798,0.1542,0.1768,0.2015,0.2125,0.1649,0.189,0.1866,0.1683,0.1958,0.1703,0.2211,0.191,0.2065,0.1566
0.1727,0.1625,0.1692,0.1631,0.2106,0.2343,0.1914,0.1842,0.1568,0.1747,0.2045,0.2019,0.1729,0.1766,0.2086,0.2199,0.1558,0.1614,0.1987,0.174,0.1913,0.2025,0.1683,0.1673,0.1843,0.1779,0.1892,0.1748,0.2633,0.1433,0.1731,0.2181,0.1631,0.1776,0.1597,0.247,0.1815,0.1949,0.2134,0.1669,0.2228,0.1864,0.2073,0.177,0.2154,0.1978,0.2097,0.1775,0.1671,0.2141,0.1365,0.1774,0.2145,0.1919,0.1981,0.1577,0.1709,0.1533,0.1568,0.2239,0.1798,0.1542,0.1768,0.2015,0.2125,0.1649,0.189,0.1866,0.1683,0.1958,0.1703,0.2211,0.191,0.2065,0.1566
0.1727,0.1625,0.1692,0.1631,0.2106,0.2343,0.1914,0.1842,0.1644,0.1747,0.2045,0.2019,0.1729,0.1766,0.2086,0.2199,0.1558,0.1614,0.2073,0.174,0.1913,0.2025,0.1731,0.1673,0.1843,0.1779,0.1892,0.1748,0.2633,0.1433,0.1731,0.2181,0.1631,0.1776,0.1597,0.247,0.1815,0.1949,0.2134,0.1669,0.2228,0.1864,0.2073,0.177,0.2154,0.1978,0.2097,0.1775,0.1671,0.2141,0.1365,0.1774,0.2145,0.1919,0.1981,0.1759,0.1709,0.1533,0.1568,0.2239,0.1798,0.1542,0.1768,0.2141,0.2125,0.1784,0.189,0.1866,0.1683,0.1958,0.1703,0.2211,0.191,0.2065,0.1566
0.1727,0.1625,0.1692,0.1631,0.2154,0.2343,0.1914,0.188,0.1644,0.1747,0.2045,0.2019,0.1729,0.1766,0.2086,0.2199,0.1558,0.1614,0.2073,0.174,0.1913,0.2025,0.1731,0.1673,0.1843,0.1779,0.1892,0.1748,0.2633,0.1433,0.1731,0.2191,0.1875,0.1776,0.1597,0.247,0.1815,0.1949,0.2134,0.1669,0.2228,0.1864,0.2073,0.177,0.2154,0.1978,0.2097,0.1775,0.1671,0.2141,0.1365,0.1774,0.2145,0.1919,0.1981,0.1759,0.1709,0.1533,0.1568,0.2239,0.1798,0.1542,0.1768,0.2141,0.2125,0.1784,0.189,0.1866,0.1683,0.1958,0.1703,0.2211,0.191,0.2065,0.1566
0.1727,0.1625,0.1692,0.1631,0.2154,0.2343,0.1914,0.188,0.1644,0.1747,0.2045,0.2019,0.1729,0.1823,0.2086,0.2199,0.1558,0.1614,0.2073,0.174,0.1913,0.2025,0.1731,0.1673,0.1843,0.1779,0.1892,0.1748,0.2633,0.1433,0.1731,0.2191,0.1875,0.1776,0.1597,0.247,0.1815,0.1949,0.2134,0.1669,0.2228,0.1864,0.2073,0.177,0.2154,0.1978,0.2097,0.1775,0.1671,0.2141,0.1365,0.1774,0.2145,0.1919,0.1981,0.1759,0.1709,0.1533,0.1568,0.2239,0.1798,0.1542,0.1768,0.2141,0.2125,0.1784,0.189,0.1866,0.1683,0.1958,0.1703,0.2211,0.191,0.2065,0.1566
0.1727,0.1625,0.1692,0.1631,0.2154,0.2439,0.1914,0.188,0.1644,0.1747,0.2045,0.2019,0.1729,0.1823,0.2086,0.2199,0.1558,0.1614,0.2073,0.174,0.1913,0.2025,0.1731,0.1673,0.1843,0.1779,0.1892,0.1748,0.2633,0.1433,0.1731,0.2229,0.1875,0.1776,0.1597,0.247,0.1815,0.1949,0.2134,0.1669,0.2228,0.1864,0.2073,0.177,0.2154,0.1978,0.2097,0.1775,0.1671,0.2141,0.1365,0.1774,0.2145,0.1919,0.1981,0.1759,0.1709,0.1533,0.1568,0.2239,0.1798,0.1542,0.1768,0.2141,0.2125,0.1784,0.189,0.1866,0.1683,0.1958,0.1703,0.2211,0.191,0.2065,0.1566
0.1727,0.1625,0.1692,0.1688,0.2154,0.2439,0.1914,0.188,0.1644,0.1747,0.2045,0.2019,0.1729,0.1823,0.2086,0.2199,0.1558,0.1614,0.2073,0.174,0.1913,0.2025,0.1731,0.1673,0.1843,0.1779,0.1892,0.1748,0.2633,0.1433,0.1731,0.2229,0.1875,0.1776,0.1597,0.247,0.1815,0.1949,0.2134,0.1669,0.2228,0.1864,0.2073,0.177,0.2154,0.1978,0.2097,0.1775,0.1671,0.2141,0.1365,0.1774,0.2145,0.1919,0.1981,0.1759,0.1709,0.1533,0.1568,0.2239,0.1827,0.159,0.1768,0.2141,0.2125,0.1784,0.189,0.1866,0.1683,0.1958,0.1703,0.2211,0.191,0.2065,0.1566
0.1755,0.1625,0.1692,0.1688,0.2154,0.2439,0.1914,0.188,0.1644,0.1747,0.2045,0.2019,0.1729,0.1823,0.2086,0.2199,0.1558,0.1614,0.2073,0.174,0.1913,0.2025,0.1731,0.1673,0.1843,0.1779,0.1958,0.1748,0.2633,0.1433,0.1731,0.2229,0.1875,0.1776,0.1597,0.247,0.1815,0.1949,0.2134,0.1669,0.2228,0.1864,0.2073,0.177,0.2154,0.1978,0.2097,0.1775,0.1671,0.2141,0.1365,0.1774,0.2145,0.1919,0.1981,0.1759,0.1709,0.1533,0.1568,0.2239,0.1827,0.159,0.1768,0.2141,0.2125,0.1784,0.189,0.1866,0.1683,0.1958,0.1703,0.2211,0.191,0.2065,0.1566
0.1755,0.1625,0.1692,0.1688,0.2154,0.2487,0.1914,0.188,0.1644,0.1747,0.2045,0.2068,0.1729,0.1823,0.2086,0.2199,0.1558,0.174,0.2122,0.174,0.1913,0.2025,0.1731,0.1673,0.1843,0.1779,0.1958,0.1748,0.2633,0.1433,0.1731,0.2229,0.1875,0.1776,0.1597,0.247,0.1815,0.1949,0.2134,0.1669,0.2228,0.1864,0.2073,0.177,0.2221,0.1978,0.2097,0.1775,0.1671,0.2141,0.1365,0.1774,0.2145,0.2153,0.1981,0.1759,0.1709,0.1533,0.1568,0.2239,0.1835,0.1629,0.1989,0.2324,0.2125,0.1784,0.189,0.1866,0.1683,0.1958,0.1703,0.2211,0.191,0.2065,0.1566
0.1755,0.1625,0.1692,0.1688,0.2154,0.2487,0.2116,0.188,0.1644,0.1747,0.2045,0.2068,0.1729,0.1823,0.2086,0.2199,0.1558,0.174,0.2122,0.174,0.1913,0.2025,0.1731,0.1729,0.1843,0.1779,0.2007,0.1748,0.2633,0.1433,0.1731,0.2229,0.1875,0.1814,0.1597,0.247,0.1815,0.1949,0.2134,0.1669,0.2228,0.1864,0.2073,0.177,0.2221,0.1978,0.2097,0.1775,0.1671,0.2141,0.1365,0.1774,0.2145,0.2153,0.1981,0.1759,0.1709,0.1533,0.1568,0.2239,0.1835,0.1629,0.1989,0.2324,0.2125,0.1784,0.189,0.1866,0.1683,0.1958,0.1703,0.2211,0.191,0.2065,0.1566
0.1755,0.1625,0.1692,0.1688,0.2154,0.2487,0.2116,0.188,0.1644,0.1747,0.2045,0.2068,0.1729,0.2035,0.2086,0.2199,0.1558,0.174,0.2122,0.174,0.1913,0.2025,0.1731,0.1835,0.1882,0.1779,0.2007,0.1748,0.2633,0.1433,0.1767,0.2229,0.1875,0.1814,0.1597,0.247,0.1815,0.1949,0.2134,0.1669,0.2228,0.1864,0.2073,0.177,0.2221,0.1978,0.2097,0.1775,0.1671,0.2141,0.1365,0.1774,0.2145,0.2153,0.1981,0.1759,0.1709,0.1533,0.1568,0.2287,0.1835,0.1629,0.1989,0.2324,0.2125,0.1784,0.2141,0.1866,0.1683,0.1958,0.1703,0.2211,0.191,0.2065,0.1566
0.1842,0.1625,0.1692,0.1688,0.2154,0.2487,0.2116,0.188,0.1644,0.1747,0.2045,0.2068,0.1729,0.2035,0.2086,0.2199,0.1558,0.174,0.2122,0.174,0.1913,0.2025,0.1731,0.1835,0.1882,0.1779,0.2007,0.1748,0.2633,0.1433,0.1767,0.2229,0.1875,0.1862,0.1597,0.247,0.1815,0.1949,0.2134,0.1669,0.2228,0.1864,0.2073,0.177,0.2221,0.1978,0.2097,0.1775,0.1671,0.2189,0.1365,0.1774,0.2145,0.2153,0.1981,0.1759,0.1709,0.1533,0.1568,0.2287,0.1835,0.1629,0.1989,0.2324,0.2125,0.1784,0.2141,0.1866,0.1683,0.1978,0.1703,0.2211,0.191,0.2065,0.1566
0.1929,0.1625,0.1692,0.1688,0.2154,0.2487,0.2116,0.188,0.1644,0.1747,0.2045,0.2068,0.1729,0.2035,0.2086,0.2199,0.1558,0.174,0.2122,0.174,0.1913,0.2025,0.1731,0.1835,0.1882,0.1779,0.2007,0.1748,0.2633,0.1433,0.1767,0.2229,0.1875,0.1862,0.1597,0.247,0.1815,0.1949,0.2134,0.1669,0.2228,0.1864,0.2073,0.177,0.2221,0.1978,0.2097,0.1775,0.1671,0.2189,0.1365,0.1774,0.2145,0.2153,0.1981,0.1759,0.1709,0.1533,0.1568,0.2316,0.1835,0.1629,0.1989,0.2324,0.2125,0.1784,0.2141,0.1866,0.1683,0.1978,0.1703,0.2211,0.191,0.2065,0.1566
0.1929,0.1625,0.1692,0.1688,0.2154,0.2487,0.2116,0.188,0.1644,0.1747,0.2045,0.2068,0.1729,0.2035,0.2086,0.2199,0.1558,0.174,0.2122,0.174,0.1913,0.2025,0.1731,0.1835,0.1882,0.1818,0.2007,0.1748,0.2633,0.1433,0.1767,0.2229,0.1875,0.1862,0.1597,0.247,0.1815,0.1949,0.2134,0.1669,0.2228,0.1864,0.2073,0.177,0.2251,0.1978,0.222,0.1775,0.1671,0.2257,0.1365,0.1774,0.2145,0.2153,0.1981,0.1759,0.1709,0.1533,0.1568,0.2316,0.1835,0.1629,0.1989,0.2324,0.2125,0.1784,0.2141,0.1866,0.1683,0.1978,0.1703,0.2211,0.191,0.2065,0.1566
0.1929,0.1625,0.1692,0.1688,0.2154,0.2487,0.2116,0.188,0.1644,0.1747,0.2045,0.2068,0.1729,0.2035,0.2086,0.2199,0.1558,0.174,0.2122,0.174,0.1913,0.2025,0.1731,0.1835,0.1882,0.1818,0.2007,0.1748,0.2633,0.1433,0.1767,0.2229,0.1875,0.1862,0.1597,0.247,0.1815,0.1949,0.2134,0.1669,0.2228,0.1864,0.2073,0.177,0.2251,0.1978,0.222,0.1775,0.1671,0.2257,0.1365,0.1774,0.2145,0.2153,0.1981,0.1759,0.1709,0.1533,0.1568,0.2316,0.1835,0.1629,0.1989,0.2324,0.2125,0.1784,0.2141,0.1866,0.1683,0.1978,0.1703,0.2211,0.191,0.2065,0.1566
0.2276,0.1625,0.1692,0.1688,0.2154,0.2487,0.2116,0.189,0.1729,0.1747,0.2045,0.2068,0.1729,0.2035,0.2086,0.2199,0.1558,0.174,0.2122,0.174,0.1913,0.2025,0.1731,0.1835,0.1882,0.1818,0.2007,0.1748,0.2633,0.1433,0.1767,0.2229,0.1875,0.1862,0.1597,0.247,0.1815,0.1949,0.2134,0.1669,0.2228,0.1864,0.2073,0.177,0.2251,0.1978,0.222,0.1775,0.1671,0.2257,0.1365,0.1774,0.2145,0.2153,0.1981,0.1759,0.1709,0.1533,0.1568,0.2316,0.1835,0.1629,0.1989,0.2324,0.2125,0.1784,0.2141,0.1934,0.1683,0.1978,0.1703,0.2211,0.191,0.2065,0.1566
0.2276,0.1625,0.1692,0.1688,0.2154,0.2487,0.2116,0.189,0.1729,0.1747,0.2045,0.2068,0.1757,0.2035,0.2086,0.2199,0.1558,0.174,0.2122,0.174,0.1962,0.2025,0.1731,0.1835,0.1882,0.1818,0.2007,0.1748,0.2633,0.1433,0.1767,0.2229,0.1875,0.1862,0.1597,0.247,0.1815,0.1949,0.2134,0.1669,0.2228,0.1864,0.2073,0.177,0.2251,0.1978,0.222,0.1775,0.1671,0.2257,0.1365,0.1774,0.2145,0.2153,0.1981,0.1759,0.1709,0.1533,0.1568,0.2316,0.1835,0.1629,0.1989,0.2324,0.2125,0.1784,0.2141,0.1934,0.1683,0.1978,0.1703,0.2211,0.191,0.2065,0.1566
0.2276,0.1625,0.1692,0.1688,0.2154,0.2487,0.2116,0.189,0.1729,0.1747,0.2045,0.2068,0.1757,0.2035,0.2088,0.2199,0.1558,0.1884,0.2122,0.174,0.1962,0.2025,0.177,0.1835,0.1882,0.1818,0.2007,0.1748,0.2633,0.1433,0.1767,0.2229,0.1875,0.1899,0.1597,0.247,0.1815,0.1949,0.2134,0.1669,0.2287,0.1864,0.2073,0.177,0.2251,0.1978,0.222,0.1786,0.1671,0.2257,0.1365,0.1774,0.2145,0.2153,0.1981,0.1863,0.1794,0.1533,0.1568,0.2316,0.1835,0.1629,0.1989,0.2324,0.2125,0.1784,0.2141,0.1934,0.1683,0.2017,0.1703,0.2211,0.191,0.2065,0.1566
0.2276,0.1625,0.1692,0.1688,0.2154,0.2487,0.2116,0.189,0.1729,0.1747,0.2045,0.2068,0.1757,0.2035,0.2088,0.2199,0.1558,0.1884,0.2122,0.174,0.1962,0.2025,0.177,0.1835,0.1882,0.1818,0.2247,0.1748,0.2633,0.1433,0.1767,0.2229,0.1875,0.1899,0.1597,0.247,0.1815,0.1949,0.2134,0.1669,0.2287,0.1864,0.2073,0.177,0.2251,0.1978,0.222,0.1786,0.1671,0.2257,0.1365,0.1774,0.2145,0.2153,0.1981,0.1863,0.1794,0.1533,0.1577,0.2316,0.1835,0.1629,0.1989,0.2324,0.2125,0.1784,0.2141,0.1934,0.1683,0.2017,0.1703,0.2211,0.191,0.2065,0.1566
0.2276,0.1625,0.2026,0.1688,0.2154,0.2487,0.2116,0.189,0.1729,0.1747,0.2045,0.2068,0.1757,0.2035,0.226,0.2199,0.1558,0.1884,0.2122,0.174,0.1962,0.2025,0.177,0.1835,0.1882,0.1818,0.2247,0.1748,0.2633,0.1433,0.1808,0.2229,0.1875,0.1899,0.1597,0.247,0.1815,0.1949,0.2134,0.1669,0.2287,0.1914,0.2073,0.177,0.2251,0.1978,0.222,0.1786,0.1671,0.2257,0.1365,0.1774,0.2145,0.2153,0.1981,0.1863,0.1919,0.1533,0.1577,0.2316,0.1836,0.1629,0.1989,0.2324,0.2125,0.1784,0.2141,0.1934,0.1683,0.2017,0.1703,0.2211,0.191,0.2065,0.1566
0.2276,0.1625,0.2026,0.1688,0.2154,0.2487,0.2116,0.189,0.1729,0.1747,0.2045,0.2068,0.1757,0.2035,0.226,0.2199,0.1558,0.1884,0.2122,0.174,0.1962,0.2025,0.2212,0.1835,0.1882,0.1818,0.2247,0.1748,0.2633,0.1433,0.1808,0.2229,0.1875,0.1958,0.1597,0.247,0.1815,0.1949,0.2134,0.1669,0.2287,0.1914,0.2073,0.177,0.2251,0.1978,0.222,0.1786,0.1671,0.2257,0.1365,0.1774,0.2145,0.2153,0.1981,0.1863,0.1919,0.1533,0.1606,0.2384,0.2085,0.1629,0.1989,0.2324,0.2125,0.1784,0.2141,0.1934,0.1683,0.2017,0.1703,0.2211,0.191,0.2065,0.1566
0.2276,0.1625,0.2026,0.1688,0.2154,0.2487,0.2116,0.189,0.1729,0.1747,0.2045,0.2068,0.1757,0.2035,0.226,0.2199,0.1558,0.1884,0.2122,0.174,0.1962,0.2025,0.2212,0.1835,0.1882,0.1818,0.2247,0.1748,0.2633,0.1433,0.1808,0.2248,0.1875,0.1958,0.1597,0.247,0.1815,0.1949,0.2134,0.1747,0.2287,0.1914,0.2073,0.177,0.2251,0.1978,0.222,0.1786,0.1671,0.2257,0.1365,0.1774,0.2145,0.2153,0.1981,0.1863,0.1919,0.1533,0.1606,0.2384,0.2085,0.1629,0.1989,0.2324,0.2125,0.1784,0.2141,0.1934,0.1683,0.2017,0.1703,0.2211,0.191,0.2065,0.1566
0.2276,0.1625,0.2026,0.1716,0.2154,0.2487,0.2116,0.189,0.1729,0.1747,0.2045,0.2068,0.1843,0.2035,0.226,0.2199,0.1558,0.1884,0.2122,0.174,0.1962,0.2025,0.2212,0.1835,0.1919,0.1818,0.2247,0.1748,0.2633,0.1433,0.1808,0.2248,0.1875,0.2015,0.1597,0.247,0.1815,0.1949,0.2134,0.1747,0.2287,0.1914,0.2073,0.1953,0.2251,0.1978,0.222,0.1786,0.1671,0.2257,0.1365,0.1774,0.2145,0.2153,0.1981,0.1874,0.1919,0.1533,0.1606,0.2384,0.2085,0.1629,0.1989,0.2324,0.2125,0.1784,0.2141,0.2001,0.1683,0.22,0.1703,0.2211,0.191,0.2065,0.1566
0.2276,0.1625,0.2086,0.1716,0.2154,0.2487,0.2116,0.189,0.1739,0.1747,0.2045,0.2086,0.1843,0.2035,0.2375,0.2199,0.1558,0.1884,0.2122,0.174,0.1962,0.2025,0.2212,0.1835,0.1919,0.1818,0.2247,0.1748,0.2633,0.1433,0.1808,0.2248,0.1875,0.2015,0.1597,0.247,0.1815,0.1949,0.2134,0.1747,0.2287,0.1914,0.2073,0.1953,0.2251,0.1978,0.222,0.1786,0.1671,0.2257,0.1365,0.1774,0.2145,0.2153,0.1981,0.1874,0.1919,0.1533,0.1606,0.2384,0.2085,0.1629,0.1989,0.2324,0.2125,0.1784,0.2141,0.2001,0.1683,0.22,0.1703,0.2211,0.191,0.2065,0.1913
0.2276,0.1625,0.2086,0.1716,0.2154,0.2535,0.2116,0.189,0.1739,0.1747,0.2045,0.2086,0.2026,0.2035,0.2423,0.2199,0.1577,0.1884,0.2122,0.174,0.1962,0.2025,0.2212,0.1835,0.1919,0.1818,0.2247,0.1748,0.2633,0.1433,0.1808,0.2248,0.1875,0.2015,0.1605,0.247,0.1815,0.1949,0.2134,0.1747,0.2287,0.1914,0.2073,0.1953,0.2251,0.1978,0.222,0.1786,0.1756,0.2257,0.1365,0.1774,0.2145,0.2153,0.1981,0.1874,0.1919,0.1533,0.1606,0.2384,0.2085,0.1629,0.1989,0.2324,0.2125,0.1784,0.215,0.2001,0.1683,0.22,0.1703,0.2211,0.191,0.2065,0.1913
0.2276,0.1625,0.2086,0.1716,0.2154,0.2535,0.2116,0.189,0.1739,0.1747,0.2045,0.2086,0.2026,0.2035,0.2423,0.2199,0.1577,0.1884,0.2122,0.174,0.1962,0.2025,0.2212,0.1835,0.1919,0.1875,0.2247,0.179,0.2633,0.1433,0.1808,0.2288,0.1941,0.2015,0.1605,0.247,0.1815,0.1949,0.2134,0.1747,0.2287,0.1914,0.2073,0.1953,0.2251,0.1978,0.222,0.1786,0.1756,0.2257,0.1365,0.1774,0.2145,0.2153,0.1981,0.1874,0.1919,0.1533,0.1606,0.2384,0.2085,0.1629,0.1989,0.2324,0.2125,0.1784,0.215,0.2001,0.1683,0.2267,0.1703,0.2211,0.191,0.2065,0.1913
0.2276,0.1625,0.2086,0.1716,0.2154,0.2535,0.2116,0.189,0.1739,0.1747,0.2045,0.2086,0.2026,0.2035,0.2423,0.2199,0.1577,0.1884,0.2122,0.174,0.1962,0.2025,0.2212,0.1922,0.1919,0.1875,0.2247,0.179,0.2633,0.1538,0.1818,0.2288,0.1941,0.2015,0.1605,0.247,0.1815,0.1949,0.2134,0.1747,0.2287,0.1914,0.2073,0.1953,0.2251,0.1978,0.222,0.1786,0.1756,0.2257,0.1365,0.1774,0.2145,0.2153,0.1981,0.1874,0.1919,0.1794,0.1606,0.2384,0.2085,0.1629,0.1989,0.2324,0.2125,0.1784,0.2228,0.2001,0.1683,0.2402,0.1703,0.2211,0.191,0.2065,0.1913
0.2276,0.1625,0.2086,0.1716,0.2154,0.2844,0.2116,0.189,0.1739,0.1747,0.2045,0.2086,0.2026,0.2035,0.2423,0.2199,0.1577,0.1884,0.2122,0.174,0.1962,0.2025,0.2212,0.1922,0.1919,0.1875,0.2247,0.179,0.2633,0.1538,0.1818,0.2288,0.1941,0.2015,0.1701,0.247,0.1815,0.1949,0.2134,0.1747,0.2355,0.1914,0.2073,0.1953,0.2251,0.1978,0.222,0.1786,0.1756,0.2257,0.1365,0.1775,0.2145,0.2153,0.1981,0.1874,0.1919,0.1794,0.1606,0.2384,0.2085,0.1774,0.1989,0.2324,0.2125,0.1784,0.2498,0.2001,0.1683,0.2402,0.1703,0.2211,0.191,0.2065,0.1913
0.2276,0.1625,0.2086,0.1716,0.2154,0.2844,0.2116,0.189,0.176,0.1747,0.2045,0.2086,0.2026,0.2035,0.2423,0.2199,0.1577,0.1884,0.2122,0.174,0.1962,0.2025,0.2212,0.1922,0.1919,0.1875,0.2247,0.179,0.2633,0.1538,0.1818,0.2288,0.1941,0.2015,0.1701,0.247,0.1815,0.1949,0.2134,0.1747,0.2355,0.1914,0.2073,0.1953,0.2251,0.1978,0.222,0.1786,0.1756,0.2257,0.1365,0.1775,0.2145,0.2153,0.1981,0.1874,0.1919,0.1794,0.1606,0.2384,0.2085,0.1774,0.2046,0.2324,0.2125,0.1784,0.2498,0.2001,0.1683,0.2402,0.1703,0.2394,0.191,0.2065,0.1913
0.2276,0.1625,0.2086,0.1716,0.2154,0.2844,0.2116,0.189,0.176,0.1747,0.2045,0.2086,0.2026,0.2035,0.2423,0.2199,0.1577,0.1884,0.2122,0.174,0.1962,0.2073,0.2212,0.1922,0.1919,0.1875,0.2247,0.179,0.2633,0.1538,0.1818,0.2288,0.1941,0.2015,0.2086,0.247,0.1815,0.217,0.2134,0.1747,0.2355,0.1914,0.2073,0.1953,0.2251,0.1978,0.222,0.1786,0.1756,0.2257,0.1365,0.1775,0.2145,0.2153,0.1981,0.1874,0.1919,0.1794,0.1606,0.2384,0.2085,0.1774,0.2046,0.2344,0.2125,0.1784,0.2498,0.2001,0.1683,0.2402,0.1703,0.2394,0.191,0.2065,0.1913
0.2276,0.1625,0.2086,0.1716,0.2154,0.2844,0.2116,0.189,0.176,0.1747,0.2045,0.2086,0.2026,0.2035,0.2423,0.2199,0.1577,0.1884,0.215,0.174,0.1962,0.2073,0.2212,0.1922,0.1919,0.1875,0.2247,0.179,0.2633,0.1538,0.1818,0.2288,0.1941,0.2015,0.2086,0.247,0.1815,0.217,0.2134,0.1747,0.2355,0.1914,0.2073,0.1953,0.2251,0.1978,0.222,0.1786,0.1756,0.2257,0.1365,0.1775,0.2145,0.2153,0.1981,0.1874,0.1919,0.1794,0.1606,0.2384,0.2085,0.1774,0.2046,0.2344,0.2125,0.1784,0.2498,0.2001,0.1683,0.2402,0.1703,0.2394,0.191,0.2065,0.1913
0.2276,0.1625,0.2086,0.1716,0.2154,0.2844,0.2116,0.189,0.1798,0.2037,0.2045,0.2086,0.2026,0.2035,0.2423,0.2199,0.1577,0.1884,0.215,0.174,0.1962,0.2073,0.2212,0.1922,0.1919,0.1875,0.2247,0.179,0.2633,0.1538,0.1818,0.2288,0.1981,0.2015,0.2086,0.247,0.1815,0.217,0.2134,0.1747,0.2355,0.1914,0.2073,0.1953,0.2251,0.1978,0.222,0.1786,0.1756,0.2257,0.1365,0.1775,0.2145,0.2153,0.1981,0.1874,0.1919,0.1794,0.1922,0.2384,0.2085,0.1774,0.2046,0.2344,0.2125,0.1784,0.2498,0.2001,0.1683,0.2402,0.1703,0.2394,0.191,0.2065,0.1913
0.2276,0.1625,0.2086,0.1716,0.2154,0.2844,0.2116,0.189,0.1855,0.2037,0.2045,0.2086,0.2026,0.2035,0.2423,0.2199,0.1577,0.1884,0.215,0.174,0.1962,0.2073,0.2212,0.1922,0.1919,0.2068,0.2247,0.179,0.2633,0.1538,0.1818,0.2288,0.1981,0.2015,0.2086,0.247,0.1815,0.217,0.2134,0.1747,0.2355,0.1914,0.2073,0.1953,0.2251,0.1978,0.222,0.1786,0.1756,0.2257,0.1365,0.1775,0.2145,0.2153,0.1981,0.1874,0.1919,0.1794,0.1923,0.2384,0.222,0.1774,0.2046,0.2459,0.2125,0.1784,0.2498,0.2001,0.1683,0.2402,0.1703,0.2394,0.191,0.2065,0.1913
0.2276,0.1625,0.2086,0.1716,0.2154,0.2844,0.2116,0.189,0.1855,0.2037,0.2045,0.2086,0.2026,0.217,0.2423,0.2208,0.1577,0.1884,0.215,0.174,0.1962,0.2073,0.2212,0.1922,0.1919,0.2068,0.2247,0.179,0.2633,0.1538,0.1818,0.2288,0.1981,0.2015,0.2086,0.247,0.1815,0.217,0.2134,0.1747,0.2355,0.1914,0.2073,0.1953,0.2251,0.2237,0.222,0.1823,0.1756,0.2257,0.1365,0.1775,0.2145,0.2153,0.1981,0.1874,0.1919,0.1794,0.1923,0.2384,0.2229,0.1774,0.2046,0.2459,0.2125,0.1784,0.2498,0.2001,0.1683,0.2402,0.1703,0.2394,0.191,0.2065,0.1913
0.2276,0.1625,0.2086,0.1716,0.2154,0.2844,0.2116,0.189,0.1855,0.2037,0.2045,0.2086,0.2026,0.217,0.2423,0.2208,0.1577,0.1884,0.215,0.174,0.201,0.2073,0.2212,0.1922,0.1919,0.2068,0.2247,0.1939,0.2633,0.1538,0.1818,0.2288,0.1981,0.2015,0.2086,0.247,0.1815,0.217,0.2134,0.1747,0.2355,0.1914,0.2073,0.1953,0.2251,0.2237,0.222,0.1823,0.1756,0.2257,0.1365,0.1775,0.2193,0.2153,0.1981,0.1874,0.1919,0.1794,0.1923,0.2384,0.2229,0.1774,0.2046,0.2459,0.2125,0.1784,0.2498,0.2001,0.1683,0.2402,0.1703,0.2394,0.191,0.2065,0.1913
0.2276,0.1625,0.2086,0.222,0.2154,0.2844,0.2116,0.189,0.1855,0.2037,0.2045,0.2154,0.2026,0.217,0.2423,0.2208,0.1577,0.1884,0.215,0.174,0.201,0.2073,0.2212,0.1922,0.1919,0.2068,0.2247,0.1939,0.2633,0.1538,0.1818,0.2288,0.1981,0.2015,0.2086,0.247,0.1815,0.217,0.2134,0.1747,0.2355,0.1914,0.2073,0.1953,0.2251,0.2237,0.222,0.1823,0.1756,0.2257,0.1365,0.1775,0.2193,0.2153,0.1981,0.1874,0.1919,0.1794,0.1923,0.2384,0.2229,0.1774,0.2046,0.2459,0.2173,0.1784,0.2594,0.2001,0.1683,0.2402,0.1703,0.2394,0.191,0.2065,0.1913
0.2276,0.1625,0.2086,0.222,0.2154,0.2844,0.2116,0.189,0.1855,0.2037,0.2045,0.2154,0.2026,0.217,0.2423,0.2208,0.1577,0.1884,0.215,0.174,0.201,0.2073,0.2212,0.1922,0.1919,0.2068,0.2247,0.1939,0.2633,0.1538,0.1818,0.2423,0.1981,0.2015,0.2086,0.247,0.1815,0.217,0.2134,0.1747,0.2355,0.1914,0.2073,0.1953,0.2251,0.2237,0.222,0.1823,0.1756,0.2257,0.1394,0.1784,0.2193,0.2153,0.1981,0.1874,0.1919,0.1794,0.1923,0.2462,0.2229,0.1774,0.2046,0.2459,0.2173,0.1784,0.2594,0.2001,0.1683,0.2402,0.1703,0.2394,0.191,0.2065,0.1913
0.2276,0.1625,0.2086,0.222,0.2154,0.2844,0.2116,0.189,0.1855,0.2037,0.2045,0.2154,0.2122,0.217,0.2423,0.2208,0.1577,0.1884,0.215,0.174,0.201,0.2073,0.2212,0.1922,0.1919,0.2068,0.2247,0.1939,0.2633,0.1538,0.1818,0.2423,0.1981,0.2015,0.2086,0.247,0.1815,0.217,0.2134,0.1747,0.2364,0.1914,0.2073,0.1953,0.2251,0.2247,0.222,0.1823,0.1756,0.2257,0.1394,0.19,0.2193,0.2153,0.1981,0.1874,0.1919,0.1794,0.1923,0.2462,0.2229,0.1774,0.2046,0.2459,0.2173,0.1784,0.2594,0.2001,0.1683,0.2402,0.1703,0.2394,0.191,0.2065,0.1913
0.2276,0.1625,0.2086,0.2297,0.2154,0.2844,0.2116,0.189,0.1855,0.2037,0.2045,0.2173,0.2122,0.217,0.2423,0.2208,0.1577,0.1884,0.215,0.174,0.201,0.2073,0.2212,0.1922,0.1919,0.2068,0.2247,0.1939,0.2633,0.1538,0.1818,0.2423,0.1981,0.2015,0.2086,0.247,0.2049,0.217,0.2134,0.1747,0.2364,0.1914,0.2073,0.1953,0.2251,0.2247,0.222,0.1823,0.1756,0.2257,0.1394,0.19,0.2193,0.2153,0.1981,0.1874,0.2102,0.1794,0.1923,0.2462,0.2229,0.1774,0.2046,0.2459,0.2173,0.1784,0.2594,0.2001,0.1683,0.2402,0.1703,0.2394,0.191,0.2065,0.1913
0.2276,0.1625,0.2086,0.2297,0.2154,0.2844,0.2116,0.189,0.1959,0.2037,0.2045,0.2173,0.2122,0.217,0.2558,0.2208,0.1577,0.1884,0.215,0.174,0.201,0.2073,0.2212,0.1922,0.1919,0.2068,0.2247,0.1939,0.2633,0.1538,0.1818,0.2423,0.1981,0.2015,0.2086,0.247,0.2049,0.217,0.2134,0.1747,0.2364,0.1914,0.2073,0.1953,0.2251,0.2247,0.222,0.1823,0.1756,0.2257,0.1394,0.19,0.2193,0.2153,0.1981,0.1874,0.2102,0.1794,0.1923,0.2462,0.2229,0.1774,0.2046,0.2459,0.2173,0.1784,0.2594,0.2001,0.1683,0.2402,0.1703,0.2394,0.191,0.2065,0.1913
0.2276,0.1625,0.2086,0.2297,0.2154,0.2844,0.2116,0.189,0.1959,0.2037,0.2045,0.2173,0.2122,0.217,0.2558,0.2208,0.1577,0.1884,0.215,0.174,0.201,0.2073,0.2212,0.1922,0.2025,0.2068,0.2247,0.1939,0.2633,0.1538,0.1818,0.2423,0.1981,0.2015,0.2086,0.247,0.2049,0.217,0.2134,0.1747,0.2364,0.1914,0.2073,0.1953,0.2251,0.242,0.222,0.1823,0.1756,0.2257,0.1536,0.19,0.2193,0.2153,0.1981,0.1874,0.2102,0.1794,0.1923,0.2462,0.2229,0.1774,0.2046,0.2459,0.2173,0.1784,0.2594,0.2001,0.1683,0.2402,0.1703,0.2394,0.191,0.2065,0.1913
0.2276,0.174,0.2086,0.2297,0.2154,0.2844,0.2116,0.189,0.1959,0.2037,0.2045,0.2173,0.217,0.217,0.2558,0.2208,0.1577,0.1884,0.215,0.174,0.201,0.2073,0.2212,0.1922,0.2025,0.2068,0.2247,0.1939,0.2633,0.1538,0.1818,0.2423,0.1981,0.2015,0.2086,0.247,0.2049,0.217,0.2134,0.1794,0.2364,0.1914,0.2073,0.1953,0.2251,0.242,0.222,0.1823,0.2038,0.2257,0.1548,0.19,0.2193,0.2153,0.1981,0.1874,0.2102,0.1794,0.2144,0.2462,0.2229,0.1774,0.2046,0.2459,0.2173,0.1784,0.2594,0.2001,0.1683,0.2402,0.1703,0.2394,0.191,0.2065,0.1913
0.2276,0.174,0.2086,0.2297,0.2154,0.2844,0.2116,0.189,0.1959,0.2037,0.2045,0.2173,0.217,0.217,0.2558,0.2208,0.1577,0.1884,0.215,0.174,0.201,0.2073,0.2212,0.1922,0.2025,0.2068,0.2247,0.1939,0.2633,0.1538,0.1818,0.2423,0.1981,0.2015,0.2086,0.247,0.2049,0.217,0.2134,0.1794,0.2364,0.1914,0.2073,0.1953,0.2251,0.242,0.222,0.1823,0.2038,0.2257,0.1548,0.19,0.2193,0.2153,0.1981,0.1874,0.2102,0.1794,0.2144,0.2462,0.2229,0.1774,0.2046,0.2459,0.2201,0.1784,0.2594,0.2001,0.1683,0.2402,0.1703,0.2394,0.191,0.2065,0.1913
0.2276,0.174,0.2086,0.2297,0.2154,0.2844,0.2116,0.1986,0.1959,0.2037,0.2045,0.2173,0.217,0.217,0.2558,0.2208,0.1577,0.1884,0.215,0.174,0.201,0.2073,0.2212,0.1922,0.2025,0.2068,0.2247,0.1939,0.2633,0.1538,0.1818,0.2423,0.2076,0.2015,0.2086,0.247,0.2049,0.217,0.2134,0.1794,0.2403,0.1914,0.2073,0.1953,0.2251,0.242,0.222,0.1823,0.2038,0.2257,0.1548,0.19,0.2193,0.2153,0.1981,0.1874,0.2102,0.1794,0.2173,0.2462,0.2229,0.1774,0.2046,0.2459,0.2201,0.1784,0.269,0.2001,0.1788,0.2402,0.1703,0.2394,0.191,0.2065,0.1913
0.2276,0.174,0.2086,0.2297,0.2154,0.2844,0.2116,0.1986,0.1959,0.2037,0.2045,0.2173,0.217,0.217,0.2558,0.2208,0.1577,0.1884,0.215,0.174,0.201,0.2073,0.2212,0.1922,0.2025,0.2068,0.2247,0.1939,0.2633,0.1538,0.1818,0.2423,0.2076,0.2025,0.2086,0.247,0.2049,0.217,0.2134,0.1794,0.2403,0.1914,0.2073,0.1953,0.2251,0.242,0.222,0.1823,0.2038,0.2257,0.1548,0.19,0.2193,0.2153,0.1981,0.1874,0.2102,0.1794,0.2173,0.2462,0.2229,0.1774,0.2046,0.2459,0.2201,0.1784,0.269,0.2001,0.201,0.2402,0.1703,0.2394,0.191,0.2065,0.1913
0.2276,0.174,0.2086,0.2412,0.2154,0.2844,0.2116,0.1986,0.1959,0.2037,0.2045,0.2173,0.217,0.217,0.2558,0.2208,0.1577,0.1884,0.215,0.174,0.201,0.2073,0.2212,0.1931,0.2025,0.2068,0.2247,0.1939,0.2633,0.1538,0.1856,0.2423,0.2076,0.2025,0.2086,0.247,0.2049,0.217,0.2134,0.1794,0.2403,0.1914,0.2073,0.1953,0.2251,0.242,0.222,0.1823,0.2038,0.2287,0.1548,0.19,0.2193,0.2153,0.1981,0.1874,0.2102,0.1794,0.2173,0.2462,0.2229,0.1774,0.2046,0.2459,0.2201,0.1784,0.269,0.2001,0.201,0.2402,0.1703,0.2394,0.191,0.2065,0.1913
0.243,0.174,0.2086,0.2412,0.2154,0.2844,0.2116,0.1986,0.1959,0.2037,0.2045,0.2173,0.217,0.217,0.2558,0.2208,0.1577,0.1884,0.215,0.174,0.201,0.2073,0.2212,0.1931,0.2025,0.2068,0.2247,0.1939,0.2633,0.1538,0.1856,0.2423,0.2076,0.2025,0.2086,0.247,0.2049,0.217,0.2134,0.1794,0.2403,0.1914,0.2073,0.1953,0.2251,0.242,0.2241,0.1919,0.2038,0.2287,0.1548,0.19,0.2193,0.2153,0.1981,0.1874,0.2102,0.1794,0.2173,0.2462,0.2229,0.1774,0.2046,0.2459,0.2201,0.1784,0.269,0.2001,0.201,0.2402,0.1703,0.2394,0.191,0.2065,0.1913
0.243,0.174,0.2086,0.2412,0.2154,0.2844,0.2116,0.1986,0.1959,0.2037,0.2045,0.2173,0.217,0.217,0.2558,0.2208,0.1577,0.2019,0.215,0.174,0.201,0.2073,0.2212,0.1931,0.2025,0.2068,0.2247,0.1939,0.2633,0.1538,0.1856,0.2423,0.2076,0.2025,0.2086,0.247,0.2049,0.217,0.2134,0.1794,0.2403,0.1914,0.2073,0.1953,0.2251,0.242,0.2241,0.1919,0.2038,0.2287,0.1548,0.19,0.2193,0.2153,0.1981,0.1874,0.2102,0.1794,0.2173,0.2462,0.2229,0.1774,0.2046,0.2459,0.2201,0.1784,0.269,0.2001,0.201,0.2402,0.1703,0.2394,0.191,0.2065,0.1981
0.243,0.174,0.2086,0.2412,0.2154,0.2844,0.2116,0.1986,0.1959,0.2037,0.2046,0.2173,0.217,0.217,0.2558,0.2208,0.1577,0.2019,0.215,0.174,0.201,0.2073,0.2212,0.1931,0.2025,0.2068,0.2247,0.1939,0.2633,0.1538,0.1856,0.2423,0.2076,0.2025,0.2086,0.247,0.2049,0.217,0.2134,0.1794,0.2403,0.1914,0.2073,0.1953,0.2251,0.242,0.2241,0.1919,0.2038,0.2287,0.1548,0.19,0.2193,0.2153,0.1981,0.1874,0.2102,0.1794,0.2173,0.2462,0.2229,0.1774,0.2046,0.2459,0.2201,0.1784,0.269,0.2001,0.201,0.2402,0.1703,0.2394,0.191,0.2065,0.1981
0.243,0.174,0.2086,0.2412,0.2154,0.2844,0.2116,0.1986,0.1959,0.2037,0.2046,0.2173,0.217,0.217,0.2558,0.2208,0.1577,0.2019,0.215,0.174,0.201,0.2073,0.2212,0.1931,0.2025,0.2068,0.2247,0.1939,0.2633,0.1538,0.1856,0.2423,0.2076,0.2025,0.2086,0.247,0.2049,0.217,0.2134,0.1794,0.2403,0.1914,0.2073,0.1953,0.2251,0.242,0.2241,0.1919,0.2038,0.2287,0.1548,0.1958,0.2193,0.2153,0.1981,0.1874,0.2102,0.1794,0.2173,0.2462,0.2229,0.1774,0.2046,0.2459,0.2201,0.1784,0.269,0.2001,0.201,0.2402,0.1703,0.2394,0.191,0.2065,0.1981
0.243,0.174,0.2086,0.2412,0.2154,0.2844,0.2116,0.1986,0.1959,0.2037,0.2046,0.2173,0.217,0.217,0.2558,0.2208,0.1577,0.2019,0.215,0.174,0.201,0.2073,0.2212,0.1931,0.2025,0.2068,0.2247,0.1939,0.2633,0.1538,0.1856,0.2423,0.2076,0.2025,0.2086,0.247,0.2049,0.217,0.2134,0.1794,0.2403,0.1914,0.2073,0.1953,0.2251,0.242,0.2269,0.1919,0.2038,0.2287,0.1548,0.1958,0.2193,0.2153,0.1981,0.1874,0.2102,0.1794,0.2173,0.2462,0.2229,0.1774,0.2046,0.2459,0.2201,0.1784,0.269,0.2001,0.201,0.2402,0.1703,0.2394,0.191,0.2065,0.1981
0.243,0.174,0.2086,0.2412,0.2154,0.2844,0.2116,0.1986,0.1959,0.2037,0.2046,0.2173,0.217,0.217,0.2558,0.2208,0.1577,0.2019,0.215,0.174,0.201,0.2073,0.2212,0.1931,0.2025,0.2068,0.2247,0.1939,0.2681,0.1538,0.1856,0.2423,0.2076,0.2025,0.2086,0.247,0.2049,0.217,0.2134,0.1794,0.2412,0.2116,0.2073,0.1953,0.2251,0.242,0.2269,0.1919,0.2038,0.2287,0.1548,0.1958,0.2193,0.2153,0.1981,0.1874,0.2102,0.1794,0.2173,0.2462,0.2364,0.1774,0.2046,0.2459,0.2201,0.1784,0.269,0.2001,0.201,0.2422,0.1703,0.2394,0.1947,0.2065,0.1981
0.243,0.174,0.2086,0.2412,0.2154,0.2844,0.2116,0.1986,0.1959,0.2037,0.2046,0.2173,0.217,0.217,0.2558,0.2208,0.1577,0.2019,0.215,0.174,0.201,0.2073,0.2212,0.1931,0.2025,0.2068,0.2247,0.1939,0.2681,0.1538,0.1856,0.2423,0.2076,0.2025,0.2086,0.247,0.2049,0.217,0.2134,0.1794,0.2478,0.2116,0.2073,0.1953,0.2251,0.242,0.2269,0.1919,0.2038,0.2287,0.1548,0.1958,0.2193,0.2153,0.1981,0.1874,0.2102,0.1794,0.2173,0.2462,0.2364,0.1774,0.2046,0.2459,0.2201,0.1784,0.269,0.2001,0.201,0.2422,0.1703,0.2394,0.1947,0.2065,0.1981
0.243,0.174,0.2086,0.2412,0.2154,0.2844,0.2116,0.1986,0.1959,0.2037,0.2046,0.2173,0.217,0.217,0.2558,0.2248,0.1577,0.2019,0.215,0.1874,0.201,0.2073,0.2212,0.1931,0.2025,0.2068,0.2247,0.1939,0.2681,0.1538,0.1856,0.2423,0.2076,0.2025,0.2086,0.247,0.2049,0.217,0.2134,0.1794,0.2478,0.2116,0.2073,0.1962,0.2251,0.242,0.2269,0.1919,0.2038,0.2287,0.1548,0.1958,0.2193,0.2153,0.1981,0.1874,0.2102,0.1794,0.2173,0.2462,0.2364,0.1774,0.2046,0.2459,0.2201,0.1784,0.269,0.2001,0.201,0.2422,0.1703,0.2394,0.2082,0.2065,0.1981
0.2498,0.1807,0.2086,0.2412,0.2154,0.2844,0.2116,0.1986,0.1959,0.2037,0.2046,0.2173,0.217,0.217,0.2558,0.2248,0.1577,0.2019,0.215,0.1874,0.201,0.2073,0.2212,0.1931,0.2025,0.2068,0.2247,0.1939,0.2681,0.1538,0.1856,0.2423,0.2076,0.2025,0.2086,0.2481,0.2223,0.217,0.2134,0.1794,0.2478,0.2116,0.2073,0.2097,0.2251,0.242,0.2269,0.1919,0.2038,0.2287,0.1548,0.1958,0.2193,0.2153,0.1981,0.1874,0.2102,0.1794,0.2173,0.2462,0.2364,0.1774,0.2046,0.2459,0.2201,0.1784,0.269,0.2001,0.201,0.2422,0.1703,0.2394,0.2082,0.2065,0.1981
0.2498,0.1807,0.2086,0.2412,0.2154,0.2844,0.2116,0.1986,0.1959,0.2037,0.2046,0.2173,0.217,0.217,0.2558,0.2248,0.1577,0.2019,0.215,0.1874,0.201,0.2073,0.2212,0.1931,0.2025,0.2068,0.2247,0.1939,0.2681,0.1538,0.1856,0.2423,0.2076,0.2025,0.2086,0.2481,0.2223,0.217,0.2134,0.1794,0.2478,0.2116,0.2073,0.2097,0.2251,0.242,0.2269,0.1919,0.2038,0.2287,0.1548,0.1958,0.2193,0.2153,0.1981,0.1874,0.2102,0.1794,0.2173,0.2462,0.2364,0.1774,0.2046,0.2459,0.2201,0.1784,0.269,0.2001,0.201,0.2422,0.1703,0.2394,0.2082,0.2065,0.1981
0.2498,0.1807,0.2086,0.2412,0.2154,0.2844,0.2116,0.1986,0.1959,0.2037,0.2046,0.2173,0.217,0.217,0.2558,0.2248,0.1577,0.2019,0.2199,0.1874,0.201,0.2073,0.2212,0.1931,0.2025,0.2068,0.2247,0.1939,0.2681,0.1538,0.1856,0.2423,0.2076,0.2077,0.2086,0.2481,0.2223,0.217,0.2134,0.1794,0.2478,0.2116,0.2073,0.2097,0.2251,0.242,0.2269,0.1919,0.2038,0.2287,0.1548,0.1958,0.2193,0.2153,0.1981,0.1874,0.2102,0.1794,0.2173,0.2462,0.2364,0.1774,0.2046,0.2459,0.2201,0.1784,0.269,0.2001,0.201,0.2422,0.1703,0.2394,0.2082,0.2065,0.1981
0.2613,0.1807,0.2086,0.2412,0.2154,0.294,0.2116,0.1986,0.1959,0.2037,0.2046,0.2173,0.217,0.2209,0.2558,0.2248,0.1577,0.2019,0.2199,0.1874,0.201,0.2073,0.2212,0.1931,0.2025,0.2068,0.2247,0.1939,0.2681,0.1538,0.1856,0.2423,0.2076,0.2077,0.2086,0.2481,0.2223,0.217,0.2134,0.1832,0.2478,0.2116,0.2073,0.2097,0.2251,0.242,0.2269,0.1919,0.2038,0.2287,0.1548,0.1958,0.2193,0.2153,0.1981,0.1874,0.2102,0.1794,0.2173,0.2462,0.2364,0.1774,0.2046,0.2459,0.2201,0.1784,0.269,0.2001,0.201,0.2566,0.1703,0.2394,0.2082,0.2065,0.1981
0.2613,0.1807,0.2086,0.2412,0.2154,0.294,0.2116,0.1986,0.1959,0.2037,0.2046,0.2173,0.217,0.2209,0.2558,0.2248,0.1577,0.2019,0.2199,0.1874,0.201,0.2073,0.2212,0.1931,0.2025,0.2203,0.2247,0.1939,0.2681,0.1538,0.1856,0.2423,0.2076,0.2077,0.2086,0.2481,0.2223,0.217,0.2134,0.1832,0.2478,0.2116,0.2073,0.2097,0.2251,0.242,0.2269,0.1919,0.2038,0.2287,0.1548,0.1958,0.2193,0.2153,0.1981,0.1874,0.2141,0.1794,0.2173,0.2462,0.2364,0.1774,0.2046,0.2459,0.2269,0.1784,0.269,0.2001,0.201,0.2566,0.1703,0.2394,0.2082,0.2065,0.1981
0.2613,0.1807,0.2086,0.242,0.2154,0.294,0.2116,0.1986,0.1959,0.2037,0.2046,0.2173,0.217,0.2209,0.2558,0.2248,0.1577,0.2019,0.2199,0.1874,0.201,0.2073,0.2212,0.197,0.2025,0.2203,0.2247,0.1939,0.2681,0.1538,0.1856,0.2423,0.2076,0.2077,0.2086,0.2481,0.2223,0.217,0.2134,0.1832,0.2478,0.2116,0.2073,0.2097,0.2251,0.242,0.2269,0.1919,0.2038,0.2287,0.1548,0.1958,0.2193,0.2153,0.1981,0.2026,0.2141,0.1794,0.2173,0.2462,0.2364,0.1774,0.2046,0.2459,0.2269,0.1784,0.269,0.2001,0.201,0.2566,0.1703,0.2394,0.2082,0.2065,0.1981
0.2613,0.1807,0.2086,0.242,0.2154,0.294,0.2116,0.1986,0.1959,0.2037,0.2046,0.2173,0.217,0.2209,0.2558,0.2248,0.1577,0.2019,0.2199,0.1874,0.201,0.2073,0.2212,0.197,0.2025,0.2203,0.2247,0.1939,0.2681,0.1538,0.1856,0.2423,0.2076,0.2077,0.2086,0.2481,0.2223,0.217,0.2134,0.1832,0.2478,0.2116,0.2073,0.2097,0.2251,0.242,0.2269,0.1919,0.2045,0.2287,0.1548,0.1958,0.2193,0.2153,0.1981,0.2026,0.2141,0.1794,0.2173,0.251,0.2364,0.1774,0.2046,0.2459,0.2847,0.1784,0.269,0.2001,0.201,0.2566,0.1703,0.2394,0.2082,0.2065,0.1981
0.2613,0.1807,0.2086,0.2442,0.2154,0.294,0.2116,0.1986,0.1959,0.2037,0.2046,0.2173,0.217,0.2209,0.2558,0.2248,0.1577,0.2019,0.2199,0.1874,0.201,0.2073,0.2212,0.197,0.2025,0.2203,0.2247,0.1939,0.2681,0.1538,0.1856,0.2423,0.2076,0.2077,0.2086,0.2481,0.2223,0.217,0.2134,0.2104,0.2478,0.2116,0.2073,0.2097,0.2299,0.242,0.2269,0.1919,0.2045,0.2287,0.1548,0.1958,0.2193,0.2153,0.1981,0.2026,0.2141,0.1794,0.2173,0.251,0.2364,0.1774,0.2046,0.2459,0.2847,0.1784,0.269,0.2001,0.201,0.2653,0.1703,0.2394,0.2082,0.2065,0.1981
0.2613,0.1807,0.2086,0.2442,0.2154,0.294,0.2116,0.1986,0.1959,0.2037,0.2046,0.2173,0.217,0.2209,0.2558,0.2248,0.1577,0.2019,0.2199,0.1874,0.201,0.2073,0.2212,0.197,0.2025,0.2203,0.2247,0.1939,0.2681,0.1538,0.1856,0.2423,0.2076,0.2077,0.2086,0.2481,0.2223,0.217,0.2134,0.2104,0.2478,0.2116,0.2142,0.2097,0.2299,0.242,0.2269,0.1919,0.2045,0.2287,0.1548,0.1958,0.2193,0.2153,0.1981,0.2026,0.2141,0.1794,0.2173,0.251,0.2364,0.1774,0.2046,0.2459,0.2847,0.1784,0.269,0.2001,0.201,0.2653,0.1703,0.2394,0.2092,0.2065,0.1981
0.2613,0.1807,0.2086,0.2442,0.2154,0.294,0.2116,0.1986,0.1959,0.2037,0.2046,0.2173,0.217,0.2209,0.2558,0.2248,0.1577,0.2019,0.2199,0.1874,0.201,0.2073,0.2212,0.197,0.2025,0.2203,0.2247,0.1987,0.2681,0.1538,0.1856,0.2423,0.2076,0.2077,0.2086,0.2481,0.2223,0.217,0.2134,0.2104,0.2478,0.2116,0.2142,0.2097,0.2299,0.242,0.2269,0.1919,0.2045,0.2287,0.1548,0.1958,0.2193,0.2153,0.1999,0.2026,0.2141,0.1794,0.2173,0.251,0.2364,0.1774,0.2046,0.2459,0.2847,0.1784,0.269,0.2001,0.201,0.2653,0.1703,0.2394,0.2092,0.2065,0.1981
0.2613,0.1875,0.2086,0.2442,0.2154,0.294,0.2116,0.1986,0.2105,0.2037,0.2046,0.2173,0.217,0.2209,0.2558,0.2248,0.1577,0.2019,0.2199,0.1874,0.201,0.2073,0.2212,0.197,0.2025,0.2203,0.2247,0.1987,0.2681,0.1538,0.1856,0.2423,0.2076,0.2077,0.2086,0.2481,0.2223,0.217,0.2134,0.2104,0.2478,0.2116,0.2142,0.2097,0.2299,0.242,0.2269,0.1919,0.2045,0.2287,0.1548,0.1958,0.2193,0.2153,0.2077,0.2026,0.2141,0.1815,0.2173,0.251,0.2364,0.1774,0.2046,0.2459,0.2847,0.1784,0.269,0.2001,0.201,0.2653,0.1703,0.2394,0.2092,0.2065,0.1981
0.2613,0.1875,0.2086,0.2517,0.2154,0.294,0.2116,0.1986,0.2269,0.2037,0.2046,0.2173,0.217,0.2209,0.2558,0.2248,0.1577,0.2019,0.2199,0.1874,0.201,0.2073,0.2212,0.197,0.2025,0.2203,0.2247,0.1987,0.2681,0.1538,0.1856,0.2423,0.2076,0.2077,0.2086,0.2481,0.2223,0.217,0.2134,0.2104,0.2478,0.2116,0.2142,0.2308,0.2327,0.242,0.2269,0.1919,0.2045,0.2287,0.1548,0.1958,0.2193,0.2153,0.2077,0.2026,0.215,0.1815,0.2173,0.251,0.2364,0.1774,0.2046,0.2459,0.2847,0.1784,0.269,0.2001,0.201,0.2653,0.1703,0.2403,0.2092,0.2065,0.1981
0.2661,0.1875,0.2086,0.2517,0.2154,0.294,0.2116,0.1986,0.2269,0.2037,0.2046,0.2173,0.217,0.2209,0.2558,0.2248,0.1577,0.2019,0.2228,0.1874,0.201,0.2073,0.2212,0.197,0.2025,0.2203,0.2247,0.1987,0.2681,0.1538,0.1856,0.2423,0.2076,0.2077,0.2086,0.2481,0.2223,0.217,0.2134,0.2104,0.2478,0.2116,0.2142,0.2308,0.2327,0.242,0.2269,0.1919,0.2045,0.2287,0.1548,0.1958,0.2193,0.2153,0.2077,0.2026,0.215,0.1815,0.2173,0.251,0.2364,0.1774,0.2046,0.2459,0.2847,0.1784,0.269,0.2001,0.201,0.2653,0.1703,0.2403,0.2092,0.2065,0.1981
0.2661,0.1875,0.2086,0.2517,0.2154,0.294,0.2116,0.1986,0.2269,0.2037,0.2046,0.2173,0.217,0.2209,0.2558,0.2248,0.1577,0.2019,0.2228,0.1874,0.201,0.2073,0.2212,0.197,0.2025,0.2203,0.2247,0.1987,0.2681,0.1538,0.1856,0.2423,0.2076,0.2077,0.2086,0.2481,0.2223,0.217,0.2134,0.2104,0.2517,0.2116,0.2142,0.2308,0.2327,0.242,0.2269,0.1919,0.2045,0.2287,0.1612,0.1958,0.2193,0.2153,0.2077,0.2026,0.215,0.1815,0.2173,0.2558,0.2364,0.1774,0.2046,0.2459,0.2847,0.1784,0.269,0.2001,0.201,0.2653,0.1703,0.2403,0.2092,0.2065,0.1981
0.2661,0.1875,0.2086,0.2517,0.2154,0.294,0.2116,0.1986,0.2269,0.2037,0.2046,0.2173,0.217,0.2209,0.2558,0.2248,0.1577,0.2019,0.2228,0.1874,0.201,0.2073,0.2212,0.197,0.2025,0.2203,0.2247,0.2084,0.2681,0.1699,0.1856,0.2423,0.2076,0.2077,0.2086,0.2529,0.2223,0.217,0.2134,0.2104,0.2517,0.2116,0.2142,0.2308,0.2327,0.242,0.2269,0.1919,0.2045,0.2287,0.1612,0.1958,0.2193,0.2153,0.2077,0.2026,0.215,0.1815,0.2173,0.2558,0.2364,0.1774,0.2046,0.2459,0.2847,0.1784,0.269,0.2001,0.201,0.2692,0.1703,0.2403,0.2092,0.2065,0.1981
0.2661,0.1875,0.2086,0.2517,0.2154,0.294,0.2116,0.1986,0.2269,0.2037,0.2046,0.2173,0.217,0.2209,0.2558,0.2248,0.1577,0.2019,0.2228,0.1874,0.201,0.2073,0.2212,0.197,0.2025,0.2203,0.2247,0.2084,0.2681,0.1699,0.1856,0.2423,0.2076,0.2077,0.2086,0.2529,0.2223,0.217,0.2134,0.2104,0.2517,0.2116,0.2142,0.2308,0.2327,0.242,0.2269,0.1919,0.2045,0.2287,0.1612,0.1958,0.2193,0.2153,0.2077,0.2026,0.215,0.1815,0.2173,0.2558,0.2364,0.1774,0.2046,0.2459,0.2847,0.1784,0.269,0.2001,0.201,0.2692,0.1703,0.2403,0.2092,0.2065,0.1981
0.2661,0.1875,0.2086,0.2517,0.2154,0.294,0.2116,0.1986,0.2269,0.2037,0.2046,0.2173,0.217,0.2209,0.2558,0.2248,0.1577,0.2019,0.2228,0.1874,0.201,0.2073,0.2212,0.197,0.2025,0.2203,0.2247,0.2084,0.2681,0.1699,0.1856,0.2423,0.2076,0.2077,0.2086,0.2529,0.2223,0.217,0.2134,0.2104,0.2517,0.2116,0.2142,0.2308,0.2327,0.242,0.2269,0.1919,0.2045,0.2287,0.1612,0.1958,0.2193,0.2153,0.2077,0.2026,0.215,0.1815,0.2173,0.2558,0.2364,0.1794,0.2046,0.2459,0.2847,0.1784,0.269,0.2001,0.201,0.2692,0.1703,0.2403,0.2092,0.2065,0.1981
0.2661,0.1875,0.2086,0.2517,0.2154,0.294,0.2116,0.1986,0.2269,0.2037,0.2046,0.2173,0.217,0.2209,0.2558,0.2248,0.1577,0.2019,0.2228,0.1874,0.201,0.2073,0.2212,0.197,0.2025,0.2203,0.2247,0.2084,0.2681,0.1699,0.1856,0.2423,0.2076,0.2077,0.2086,0.2529,0.2223,0.217,0.2134,0.2104,0.2517,0.2116,0.2142,0.2308,0.2327,0.242,0.2338,0.1919,0.2045,0.2287,0.1612,0.1958,0.2193,0.2153,0.2077,0.2026,0.215,0.1815,0.2212,0.2558,0.2364,0.1794,0.2046,0.2459,0.2847,0.1784,0.269,0.2001,0.201,0.2692,0.1703,0.2403,0.2092,0.2065,0.1981
0.2661,0.1875,0.2086,0.2517,0.2154,0.294,0.2116,0.1986,0.2269,0.2037,0.2046,0.2173,0.217,0.2209,0.2558,0.2248,0.1577,0.2153,0.2228,0.1874,0.201,0.2073,0.2212,0.197,0.2034,0.2203,0.2247,0.2084,0.2681,0.1699,0.1856,0.2423,0.2124,0.2077,0.2086,0.2529,0.2223,0.217,0.2134,0.2104,0.2517,0.2116,0.2142,0.2308,0.2327,0.242,0.2338,0.1919,0.2045,0.2287,0.1612,0.1958,0.2193,0.2153,0.2077,0.2026,0.215,0.1815,0.2212,0.2558,0.2364,0.1794,0.2046,0.2459,0.2847,0.1784,0.269,0.2001,0.201,0.2692,0.1703,0.2403,0.2092,0.2065,0.1981
0.2661,0.195,0.2086,0.2517,0.2154,0.294,0.2116,0.1986,0.2269,0.2037,0.2046,0.2173,0.217,0.2209,0.2558,0.2248,0.1577,0.2153,0.2228,0.1874,0.201,0.2073,0.2212,0.197,0.2034,0.2203,0.2247,0.2084,0.2681,0.1699,0.1856,0.2423,0.2124,0.2077,0.2086,0.2529,0.2223,0.217,0.2134,0.2104,0.2517,0.2116,0.2188,0.2308,0.2327,0.242,0.2338,0.1919,0.2045,0.2287,0.1612,0.1958,0.2193,0.2153,0.2077,0.2152,0.215,0.1815,0.2212,0.2558,0.2364,0.1794,0.2046,0.2459,0.2847,0.1784,0.269,0.2001,0.201,0.2692,0.1703,0.2403,0.2092,0.2065,0.1981
0.2661,0.195,0.2086,0.2517,0.2154,0.294,0.2116,0.1986,0.2269,0.2037,0.2046,0.2173,0.217,0.2209,0.2558,0.2248,0.1577,0.2153,0.2228,0.1874,0.201,0.2141,0.2212,0.197,0.2034,0.2203,0.2247,0.2084,0.2681,0.1699,0.1856,0.2423,0.2124,0.2077,0.2086,0.2529,0.2223,0.217,0.2134,0.2104,0.2517,0.2116,0.2188,0.2308,0.2327,0.242,0.2338,0.1919,0.2045,0.2287,0.1612,0.1958,0.2193,0.2153,0.2077,0.2152,0.215,0.1815,0.2212,0.2558,0.2364,0.1794,0.2046,0.2459,0.2847,0.1784,0.269,0.2001,0.201,0.2692,0.1703,0.2403,0.2092,0.2065,0.1981
0.2661,0.195,0.2086,0.2517,0.2154,0.294,0.2116,0.1986,0.2269,0.2037,0.2046,0.2173,0.217,0.2209,0.2577,0.2248,0.1577,0.2153,0.2228,0.1874,0.201,0.2141,0.2212,0.197,0.2112,0.2203,0.2247,0.2084,0.2681,0.1699,0.1856,0.2423,0.2124,0.2077,0.2086,0.2529,0.2223,0.217,0.2134,0.2104,0.2517,0.2116,0.2188,0.2308,0.2327,0.242,0.2338,0.1919,0.2045,0.2287,0.1612,0.2073,0.2193,0.2153,0.2077,0.2152,0.215,0.1911,0.2212,0.2558,0.2364,0.1794,0.2046,0.2459,0.2847,0.1784,0.269,0.2001,0.201,0.2692,0.1703,0.2403,0.2092,0.2065,0.1981
0.2661,0.195,0.2086,0.2517,0.2154,0.294,0.2116,0.1986,0.2269,0.2037,0.2046,0.2173,0.217,0.2209,0.2577,0.2248,0.1577,0.2153,0.2228,0.1874,0.201,0.2141,0.2212,0.197,0.2112,0.2203,0.2247,0.2084,0.2681,0.1699,0.1856,0.2423,0.2124,0.2077,0.2086,0.2529,0.2223,0.217,0.2134,0.2104,0.2517,0.2116,0.2188,0.2308,0.2327,0.242,0.2338,0.1919,0.2045,0.2295,0.1612,0.2073,0.2193,0.2153,0.2077,0.2152,0.215,0.1959,0.2212,0.2558,0.2364,0.1794,0.2046,0.2459,0.2847,0.1784,0.269,0.2001,0.201,0.2692,0.1703,0.2403,0.2092,0.2065,0.1981
0.2661,0.195,0.2086,0.2517,0.2154,0.294,0.2116,0.1986,0.2269,0.2037,0.2046,0.2173,0.217,0.2209,0.2577,0.2248,0.1577,0.2153,0.2228,0.1874,0.201,0.2141,0.2212,0.197,0.2112,0.2203,0.2247,0.2084,0.2681,0.1699,0.1856,0.2423,0.2124,0.2077,0.2086,0.2529,0.2223,0.217,0.2134,0.2104,0.2517,0.2116,0.2188,0.2308,0.2327,0.2479,0.2338,0.1919,0.2045,0.2295,0.1612,0.2073,0.2193,0.2153,0.2077,0.2152,0.215,0.1959,0.2212,0.2558,0.2364,0.1794,0.2046,0.2459,0.2847,0.1832,0.269,0.2001,0.201,0.2692,0.1703,0.2403,0.2092,0.2065,0.1981
0.2661,0.195,0.2086,0.2517,0.2154,0.294,0.2116,0.1986,0.2269,0.2037,0.2046,0.2173,0.217,0.2209,0.2577,0.2248,0.1577,0.2153,0.2228,0.1874,0.201,0.2141,0.2212,0.197,0.2112,0.2203,0.2268,0.2084,0.2681,0.1699,0.1856,0.2423,0.2124,0.2077,0.2086,0.2529,0.2223,0.217,0.2134,0.2104,0.2517,0.2116,0.2188,0.2308,0.2327,0.2555,0.2338,0.1919,0.2045,0.2295,0.1612,0.2073,0.2193,0.2153,0.2077,0.2152,0.215,0.1959,0.222,0.2558,0.2364,0.1794,0.2046,0.2459,0.2847,0.1832,0.269,0.2001,0.201,0.2692,0.1703,0.2403,0.2092,0.2065,0.1981
0.2661,0.195,0.2086,0.2517,0.2154,0.294,0.2116,0.1986,0.2269,0.2037,0.2046,0.2173,0.217,0.2209,0.2577,0.2248,0.1577,0.2153,0.2228,0.1874,0.201,0.2141,0.2212,0.197,0.2112,0.2203,0.2268,0.2084,0.2681,0.1699,0.1856,0.2423,0.2124,0.2077,0.2086,0.2529,0.2223,0.217,0.2134,0.2104,0.2517,0.2116,0.2188,0.2308,0.2327,0.2555,0.2338,0.1919,0.2045,0.2295,0.1612,0.2073,0.2193,0.2153,0.2077,0.2152,0.215,0.1959,0.222,0.2558,0.2364,0.1794,0.2046,0.2459,0.2847,0.1832,0.269,0.2001,0.201,0.2692,0.1703,0.2403,0.2092,0.2065,0.1981
0.2661,0.195,0.2122,0.2517,0.2154,0.294,0.2116,0.1986,0.2269,0.2037,0.2046,0.2173,0.217,0.2209,0.2577,0.2248,0.1577,0.2153,0.2228,0.1874,0.201,0.2141,0.2212,0.197,0.2112,0.2203,0.2268,0.2084,0.2681,0.1699,0.1856,0.2423,0.2124,0.2077,0.2086,0.2529,0.2223,0.217,0.2134,0.2104,0.2517,0.2116,0.2188,0.2308,0.2327,0.2555,0.2338,0.1919,0.2045,0.2295,0.1612,0.2073,0.2193,0.2153,0.2077,0.22,0.215,0.1959,0.222,0.2558,0.2364,0.1794,0.2046,0.2459,0.2847,0.1832,0.269,0.2001,0.201,0.2692,0.1703,0.2403,0.2092,0.2065,0.1981
0.2661,0.195,0.2122,0.2517,0.2154,0.294,0.2116,0.1986,0.2269,0.2037,0.2046,0.2173,0.217,0.2209,0.2577,0.2248,0.1577,0.2153,0.2228,0.1874,0.201,0.2141,0.2212,0.197,0.2112,0.2203,0.2268,0.2084,0.2681,0.1699,0.1856,0.2423,0.2124,0.2077,0.2086,0.2529,0.2223,0.217,0.2134,0.2104,0.2517,0.2116,0.2188,0.2308,0.2327,0.2555,0.2338,0.1919,0.2045,0.2295,0.1612,0.2073,0.2193,0.2153,0.2077,0.22,0.215,0.1959,0.222,0.2558,0.2364,0.1794,0.2046,0.2459,0.2847,0.1832,0.269,0.2001,0.201,0.2692,0.1703,0.2403,0.2092,0.2065,0.1981
0.2661,0.195,0.2122,0.2517,0.2154,0.294,0.2116,0.1986,0.2269,0.2037,0.2046,0.2173,0.217,0.2209,0.2577,0.2248,0.1577,0.2153,0.2228,0.1874,0.201,0.2141,0.2212,0.197,0.2112,0.2203,0.2268,0.2084,0.2681,0.1699,0.1856,0.2546,0.2124,0.2077,0.2086,0.2529,0.2223,0.217,0.2134,0.2104,0.2517,0.2116,0.2188,0.2308,0.2327,0.2555,0.2338,0.1919,0.2045,0.2324,0.1612,0.2073,0.2193,0.2153,0.2077,0.22,0.215,0.1959,0.222,0.2558,0.2364,0.1794,0.2046,0.2498,0.2847,0.1832,0.269,0.2001,0.201,0.2692,0.1703,0.2403,0.213,0.2065,0.1981
0.2661,0.195,0.2122,0.2517,0.2154,0.294,0.2116,0.1986,0.2269,0.2037,0.2046,0.2173,0.217,0.2209,0.2577,0.2248,0.1577,0.2153,0.2228,0.1874,0.201,0.2154,0.2212,0.197,0.2112,0.2203,0.2268,0.2084,0.2681,0.1699,0.1856,0.2546,0.2124,0.2077,0.2086,0.2529,0.2223,0.217,0.2134,0.2104,0.2662,0.2116,0.2188,0.2308,0.2327,0.2555,0.2338,0.1919,0.2045,0.2324,0.1612,0.2073,0.2193,0.2153,0.2077,0.22,0.215,0.1959,0.222,0.2558,0.2364,0.1794,0.2046,0.2498,0.2847,0.1832,0.269,0.2001,0.201,0.2692,0.1703,0.2403,0.213,0.2065,0.1981
0.2661,0.195,0.2122,0.2517,0.2154,0.294,0.2116,0.1986,0.2269,0.2037,0.2046,0.2173,0.217,0.2209,0.2577,0.2248,0.1577,0.2153,0.2228,0.1874,0.2058,0.2154,0.2212,0.197,0.2112,0.2203,0.2268,0.2084,0.2681,0.1699,0.1856,0.2546,0.2124,0.2077,0.2086,0.2529,0.2223,0.217,0.2134,0.2104,0.2662,0.2116,0.2188,0.2308,0.2327,0.2555,0.2338,0.1919,0.2045,0.2324,0.1612,0.2073,0.2193,0.2153,0.2077,0.22,0.215,0.1959,0.222,0.2558,0.2364,0.1794,0.2046,0.2498,0.2847,0.1832,0.269,0.2001,0.201,0.2692,0.1703,0.2403,0.213,0.2065,0.1981
0.2661,0.195,0.2122,0.2517,0.2154,0.3249,0.2116,0.1986,0.2269,0.2037,0.2046,0.2173,0.217,0.2209,0.2577,0.2248,0.1577,0.2153,0.2228,0.1874,0.2058,0.2154,0.2212,0.197,0.2112,0.2203,0.2268,0.2084,0.2681,0.1699,0.1856,0.2546,0.2124,0.2077,0.2086,0.2529,0.2223,0.217,0.2134,0.2104,0.2662,0.2116,0.2188,0.2386,0.2327,0.2555,0.2338,0.1919,0.2045,0.2324,0.1612,0.2073,0.2193,0.2153,0.2077,0.22,0.215,0.1959,0.222,0.2558,0.2364,0.1794,0.2046,0.2498,0.2847,0.1832,0.269,0.2001,0.201,0.2692,0.1703,0.2403,0.213,0.2065,0.1981
0.2661,0.195,0.2122,0.2547,0.2154,0.3249,0.2116,0.1986,0.2269,0.2037,0.2065,0.2173,0.217,0.2209,0.2577,0.2248,0.1577,0.2153,0.2228,0.1874,0.2058,0.2154,0.2212,0.197,0.2112,0.2203,0.2268,0.2084,0.2681,0.1699,0.1856,0.2546,0.2124,0.2077,0.2086,0.2529,0.2223,0.217,0.2134,0.2104,0.2662,0.2116,0.2188,0.2386,0.2327,0.2555,0.2338,0.1919,0.2045,0.2324,0.1612,0.2073,0.2193,0.2153,0.2077,0.22,0.215,0.1959,0.222,0.2558,0.2364,0.1794,0.2046,0.2498,0.2847,0.1832,0.269,0.2001,0.201,0.2692,0.1703,0.2403,0.213,0.2065,0.1981
0.2661,0.195,0.2122,0.2547,0.2154,0.3249,0.2116,0.1986,0.2269,0.2037,0.2065,0.2173,0.217,0.2209,0.2577,0.2248,0.1577,0.2153,0.2228,0.1874,0.2058,0.2154,0.2212,0.197,0.2112,0.2203,0.2268,0.2084,0.2681,0.1699,0.1856,0.2546,0.2124,0.2077,0.2086,0.2529,0.2223,0.217,0.2134,0.2104,0.2662,0.2116,0.2188,0.2386,0.2327,0.2555,0.2338,0.1919,0.2045,0.2324,0.1612,0.2073,0.2193,0.2153,0.2077,0.22,0.215,0.1959,0.222,0.2558,0.2364,0.1794,0.2046,0.2498,0.2847,0.1832,0.269,0.2001,0.201,0.2692,0.1703,0.2403,0.216,0.2065,0.1981
0.2661,0.195,0.2122,0.2547,0.2154,0.3249,0.2116,0.1986,0.2269,0.2037,0.2065,0.2173,0.217,0.2209,0.2577,0.2248,0.1577,0.2153,0.2228,0.1874,0.2058,0.2228,0.2212,0.197,0.2112,0.2203,0.2268,0.2084,0.2681,0.1699,0.1856,0.2546,0.2124,0.2077,0.2086,0.2529,0.2223,0.217,0.2134,0.2104,0.2662,0.2116,0.2188,0.2386,0.2327,0.2555,0.2338,0.1919,0.2045,0.2324,0.1612,0.2073,0.2193,0.2153,0.2077,0.22,0.215,0.1959,0.222,0.2558,0.2364,0.1794,0.2046,0.2546,0.2847,0.1832,0.269,0.2001,0.201,0.274,0.1703,0.2403,0.216,0.2065,0.1981
0.2661,0.195,0.2122,0.2547,0.2154,0.3249,0.2116,0.1986,0.2269,0.2037,0.2065,0.2173,0.217,0.2209,0.2577,0.2248,0.1613,0.2153,0.2228,0.1874,0.2058,0.2228,0.2212,0.197,0.2112,0.2203,0.2268,0.2084,0.2681,0.1699,0.1856,0.2546,0.2124,0.2077,0.2086,0.2529,0.2223,0.217,0.2134,0.2104,0.2662,0.2116,0.2275,0.2386,0.2327,0.2555,0.2338,0.1947,0.2045,0.2324,0.1612,0.2073,0.2193,0.22,0.2077,0.22,0.215,0.1959,0.222,0.2558,0.2364,0.1794,0.2046,0.2546,0.2847,0.1832,0.269,0.2001,0.201,0.274,0.1703,0.2403,0.2199,0.2065,0.1981
0.2661,0.195,0.2122,0.2547,0.2154,0.3249,0.2116,0.1986,0.2269,0.2037,0.2065,0.2173,0.217,0.2209,0.2577,0.2248,0.1613,0.2153,0.2228,0.1874,0.2058,0.2228,0.2212,0.197,0.2112,0.2203,0.2334,0.2084,0.2681,0.1699,0.1856,0.2546,0.2124,0.2077,0.2086,0.2529,0.2223,0.217,0.2134,0.2104,0.2662,0.2116,0.2275,0.2386,0.2327,0.2555,0.2338,0.1947,0.2045,0.2324,0.1612,0.2073,0.2193,0.22,0.2077,0.22,0.215,0.1959,0.2412,0.2558,0.2364,0.1794,0.2046,0.2546,0.2847,0.1832,0.269,0.2001,0.201,0.274,0.1703,0.2403,0.2199,0.2065,0.1981
0.2661,0.195,0.2122,0.2547,0.2154,0.3249,0.2116,0.1986,0.2269,0.2037,0.2065,0.2173,0.217,0.2209,0.2577,0.2248,0.1613,0.2153,0.2228,0.1874,0.2058,0.2228,0.2212,0.197,0.2112,0.2203,0.2334,0.2084,0.2681,0.1699,0.1856,0.2546,0.2124,0.2114,0.2086,0.2529,0.2223,0.217,0.2134,0.2104,0.2662,0.2116,0.2275,0.2386,0.2327,0.2555,0.2338,0.1947,0.2045,0.2324,0.1612,0.2073,0.2193,0.22,0.2077,0.22,0.215,0.1959,0.2412,0.2662,0.2364,0.1794,0.2046,0.2546,0.2847,0.1832,0.269,0.2001,0.201,0.274,0.1703,0.2403,0.2199,0.2065,0.1981
0.2661,0.195,0.2122,0.2547,0.2154,0.3249,0.2116,0.1986,0.2269,0.2037,0.2065,0.2173,0.217,0.2209,0.2577,0.2248,0.1613,0.2153,0.2228,0.1874,0.2058,0.2228,0.2212,0.197,0.2112,0.2203,0.2334,0.2084,0.2681,0.1699,0.1856,0.2702,0.2124,0.2114,0.2086,0.2529,0.2223,0.217,0.2134,0.2104,0.2662,0.2116,0.2275,0.2386,0.2327,0.2555,0.2338,0.1947,0.2045,0.2324,0.1612,0.2073,0.2193,0.22,0.2077,0.22,0.215,0.1959,0.2412,0.2662,0.2364,0.1794,0.2046,0.2546,0.2847,0.1832,0.269,0.2001,0.201,0.274,0.1703,0.2403,0.2199,0.2065,0.1981
0.2661,0.195,0.2122,0.2547,0.2154,0.3249,0.2116,0.1986,0.2269,0.2037,0.2065,0.2173,0.217,0.2209,0.2577,0.2248,0.1613,0.2153,0.2228,0.1874,0.2058,0.2228,0.2212,0.197,0.2199,0.2203,0.2334,0.2084,0.2681,0.1699,0.1856,0.2777,0.2124,0.2114,0.2086,0.2529,0.2223,0.217,0.2134,0.2104,0.2662,0.2116,0.2275,0.2386,0.2327,0.2555,0.2338,0.1947,0.2045,0.2324,0.1612,0.2073,0.2193,0.22,0.2077,0.22,0.215,0.1959,0.2423,0.2662,0.2364,0.1899,0.2046,0.2546,0.2847,0.1832,0.269,0.2001,0.201,0.274,0.1703,0.2403,0.2199,0.2065,0.1981
0.2661,0.195,0.2122,0.2547,0.2154,0.3249,0.2116,0.1986,0.2269,0.2037,0.2065,0.2173,0.217,0.222,0.2577,0.2248,0.1613,0.2153,0.2228,0.1874,0.2058,0.2228,0.2212,0.197,0.2208,0.2203,0.2334,0.2084,0.2681,0.1699,0.1856,0.2904,0.2124,0.2114,0.2086,0.2529,0.2223,0.217,0.2134,0.2104,0.2662,0.2116,0.2402,0.2386,0.2327,0.2555,0.2338,0.1947,0.2045,0.2324,0.1612,0.2073,0.2193,0.22,0.2077,0.22,0.215,0.1959,0.2423,0.2662,0.2364,0.1899,0.2046,0.2546,0.2847,0.1832,0.269,0.2001,0.201,0.274,0.1703,0.2403,0.2199,0.2065,0.1981
0.2661,0.195,0.2122,0.2547,0.2154,0.3249,0.2116,0.1986,0.2277,0.2037,0.2065,0.2173,0.217,0.222,0.2577,0.2248,0.1613,0.2153,0.2228,0.1934,0.2173,0.2228,0.2212,0.197,0.2295,0.2203,0.2334,0.2084,0.2681,0.1699,0.1856,0.2904,0.2124,0.2201,0.2086,0.2529,0.2223,0.217,0.2134,0.2217,0.2662,0.2116,0.2402,0.2386,0.2327,0.2555,0.2338,0.1947,0.2045,0.2324,0.1612,0.2073,0.2355,0.22,0.2077,0.22,0.215,0.1959,0.2423,0.2662,0.2364,0.1899,0.2046,0.2546,0.2847,0.1832,0.269,0.2001,0.201,0.274,0.1703,0.2403,0.2199,0.2065,0.1981
0.2661,0.195,0.2122,0.2547,0.2154,0.3249,0.2116,0.1986,0.2277,0.2037,0.2065,0.2173,0.217,0.222,0.2577,0.2248,0.1613,0.2153,0.2228,0.1934,0.2173,0.2228,0.2212,0.197,0.2295,0.2203,0.2334,0.2084,0.2681,0.1699,0.1856,0.2904,0.2124,0.2201,0.2086,0.2529,0.2223,0.217,0.2134,0.2217,0.2662,0.2116,0.2402,0.2386,0.2327,0.2555,0.2338,0.1947,0.2045,0.2324,0.1612,0.2073,0.2355,0.22,0.2077,0.22,0.215,0.1959,0.2423,0.2662,0.2364,0.1899,0.2046,0.2546,0.2847,0.1832,0.269,0.2001,0.201,0.274,0.1703,0.2403,0.2199,0.2065,0.1981
0.2661,0.195,0.2122,0.2547,0.2154,0.3258,0.2116,0.1986,0.2277,0.2037,0.2065,0.2173,0.217,0.222,0.2577,0.2248,0.1613,0.2153,0.2228,0.1934,0.2173,0.2228,0.2212,0.197,0.2295,0.2203,0.2334,0.2084,0.2681,0.1699,0.1856,0.3077,0.2124,0.2201,0.2086,0.2529,0.2223,0.217,0.2134,0.2217,0.2662,0.2116,0.2402,0.2386,0.2327,0.2555,0.2338,0.1947,0.2045,0.2324,0.1612,0.2073,0.2355,0.22,0.2077,0.22,0.215,0.1959,0.2423,0.2662,0.2364,0.2015,0.2046,0.2546,0.2847,0.1832,0.269,0.2001,0.201,0.274,0.1703,0.249,0.2199,0.2065,0.1981
0.2661,0.195,0.2122,0.2547,0.2154,0.3258,0.2116,0.1986,0.2277,0.2037,0.2065,0.2173,0.217,0.222,0.2577,0.2248,0.1613,0.2153,0.2228,0.1934,0.2173,0.2228,0.2212,0.197,0.2295,0.2203,0.2334,0.2084,0.2681,0.1699,0.1856,0.3097,0.2124,0.2595,0.2086,0.2529,0.2223,0.217,0.2134,0.2217,0.2662,0.2116,0.2402,0.2386,0.2327,0.2555,0.2338,0.1947,0.2045,0.2324,0.1612,0.2073,0.2355,0.22,0.2077,0.22,0.215,0.1959,0.2423,0.2662,0.2364,0.2015,0.2046,0.2546,0.2847,0.1832,0.269,0.2001,0.201,0.274,0.1703,0.249,0.2199,0.2065,0.1981
0.2661,0.195,0.2122,0.2547,0.2154,0.3258,0.2116,0.1986,0.2277,0.2037,0.2065,0.2173,0.217,0.222,0.2577,0.2248,0.1613,0.2153,0.2228,0.1934,0.2173,0.2228,0.2212,0.197,0.2295,0.2203,0.2334,0.2084,0.2681,0.1699,0.1856,0.3097,0.2124,0.2595,0.2086,0.2529,0.2223,0.217,0.2134,0.2217,0.2662,0.2116,0.241,0.2386,0.2327,0.2555,0.2338,0.1947,0.2045,0.2324,0.1612,0.2073,0.2355,0.2209,0.2077,0.22,0.2247,0.1959,0.2423,0.2662,0.2364,0.2054,0.2046,0.2546,0.2847,0.1863,0.269,0.2001,0.201,0.274,0.1703,0.249,0.2199,0.2065,0.1981
0.2661,0.195,0.2122,0.2547,0.2154,0.3258,0.2116,0.1986,0.2277,0.2037,0.2065,0.2173,0.217,0.222,0.2577,0.2248,0.1613,0.2153,0.2228,0.1934,0.2173,0.2228,0.2212,0.197,0.2295,0.2203,0.2334,0.2084,0.2681,0.1699,0.1856,0.3097,0.2124,0.2595,0.2086,0.2529,0.2223,0.217,0.2134,0.2217,0.2662,0.2116,0.241,0.2386,0.2327,0.2555,0.2338,0.1947,0.2045,0.2324,0.1612,0.2073,0.2355,0.2304,0.2077,0.22,0.2247,0.1959,0.2423,0.2662,0.2364,0.2054,0.2046,0.2546,0.2847,0.1863,0.269,0.2001,0.201,0.274,0.1703,0.249,0.2199,0.2065,0.1981
0.2661,0.195,0.2122,0.2547,0.2154,0.3393,0.2116,0.1998,0.2277,0.2037,0.2065,0.2173,0.217,0.222,0.2577,0.2248,0.1613,0.2153,0.2228,0.1934,0.2173,0.2228,0.2212,0.197,0.2295,0.2203,0.2334,0.2084,0.2681,0.1699,0.1905,0.3097,0.2124,0.2595,0.2086,0.2529,0.2223,0.217,0.2134,0.2217,0.2662,0.2116,0.241,0.2386,0.2327,0.2555,0.2338,0.1947,0.2045,0.2324,0.1612,0.2073,0.2355,0.2304,0.2077,0.22,0.2247,0.1959,0.2423,0.2662,0.2364,0.2054,0.2046,0.2546,0.2847,0.1863,0.269,0.2001,0.201,0.274,0.1703,0.249,0.2199,0.2094,0.1981
0.2661,0.195,0.2122,0.2547,0.2154,0.3393,0.2116,0.1998,0.2277,0.2037,0.2065,0.2173,0.217,0.222,0.2577,0.2248,0.1613,0.2153,0.2228,0.1934,0.2173,0.2228,0.2212,0.197,0.2295,0.2203,0.2334,0.2084,0.2681,0.1699,0.1905,0.3097,0.2124,0.2595,0.2086,0.2529,0.2223,0.217,0.2134,0.2217,0.2662,0.2116,0.241,0.2386,0.2327,0.2555,0.2338,0.1947,0.2045,0.2324,0.1612,0.2073,0.2355,0.2304,0.2077,0.22,0.2247,0.1959,0.2423,0.2662,0.2364,0.2054,0.2046,0.2546,0.2847,0.1863,0.269,0.2001,0.201,0.274,0.1703,0.249,0.2352,0.2094,0.1981
0.2661,0.195,0.2122,0.2547,0.2154,0.3393,0.2116,0.1998,0.2277,0.2037,0.2065,0.2173,0.217,0.2285,0.2577,0.2248,0.1613,0.2153,0.2228,0.1934,0.2173,0.2228,0.2212,0.197,0.2295,0.2203,0.2334,0.2084,0.2681,0.1699,0.1905,0.3097,0.2124,0.2595,0.2086,0.2529,0.2223,0.2257,0.2201,0.2217,0.2662,0.2116,0.241,0.2386,0.2327,0.2555,0.2338,0.1947,0.2045,0.2324,0.1612,0.2073,0.2355,0.2304,0.2077,0.22,0.2247,0.1959,0.2423,0.2662,0.2364,0.2054,0.2046,0.2546,0.2847,0.1863,0.2738,0.2001,0.201,0.274,0.1703,0.249,0.2352,0.2217,0.1981
0.2661,0.195,0.2122,0.2547,0.2154,0.3393,0.2116,0.1998,0.2277,0.2037,0.2065,0.2173,0.217,0.2594,0.2577,0.2248,0.1613,0.2153,0.2228,0.1934,0.2173,0.2228,0.2212,0.197,0.2295,0.2203,0.2334,0.2084,0.2681,0.1699,0.1905,0.3097,0.2124,0.2595,0.2086,0.2529,0.2223,0.2257,0.2201,0.2217,0.2662,0.2116,0.241,0.2386,0.2327,0.2555,0.2338,0.1947,0.2045,0.2324,0.1612,0.2073,0.2355,0.2304,0.2077,0.22,0.2247,0.1959,0.2423,0.2662,0.2364,0.2054,0.2046,0.2546,0.2847,0.1863,0.2738,0.2001,0.201,0.274,0.1703,0.249,0.2352,0.2217,0.1981
0.2661,0.195,0.2153,0.2547,0.2154,0.3393,0.2116,0.1998,0.2277,0.2037,0.2065,0.2173,0.217,0.2594,0.2577,0.2248,0.1613,0.2153,0.2228,0.1934,0.2173,0.2228,0.2212,0.197,0.2295,0.2203,0.2334,0.2084,0.2681,0.1699,0.1905,0.3097,0.2124,0.2595,0.2086,0.2529,0.2223,0.2257,0.2201,0.2217,0.2662,0.2116,0.241,0.2386,0.2327,0.2555,0.2338,0.1947,0.2045,0.2324,0.1612,0.2073,0.2355,0.2304,0.2077,0.22,0.2247,0.218,0.2423,0.2662,0.2364,0.2054,0.2046,0.2546,0.2847,0.1863,0.2738,0.2001,0.201,0.274,0.1703,0.249,0.2352,0.2217,0.1981
0.2661,0.195,0.2153,0.2547,0.2154,0.3393,0.2116,0.1998,0.2277,0.2037,0.2074,0.2173,0.217,0.2594,0.2577,0.2248,0.1613,0.2153,0.2228,0.1934,0.2173,0.2228,0.2212,0.197,0.2295,0.2203,0.2334,0.2084,0.2681,0.1699,0.1905,0.3097,0.2124,0.2595,0.2086,0.2558,0.2223,0.2257,0.2201,0.2217,0.2662,0.2116,0.241,0.2386,0.2327,0.2555,0.2338,0.1947,0.2045,0.2324,0.1612,0.2073,0.2355,0.2304,0.2077,0.22,0.2247,0.218,0.2423,0.2662,0.2364,0.2102,0.2046,0.2546,0.2847,0.1863,0.2738,0.2001,0.201,0.274,0.1703,0.249,0.2352,0.2217,0.1981
0.2661,0.195,0.2153,0.2547,0.2154,0.3393,0.2116,0.1998,0.2277,0.2037,0.2074,0.2173,0.217,0.2594,0.2577,0.2248,0.1613,0.2153,0.2228,0.1934,0.2173,0.2228,0.2212,0.197,0.2295,0.2203,0.2334,0.2084,0.2681,0.1699,0.1905,0.326,0.2124,0.2595,0.2086,0.2558,0.2223,0.2257,0.2201,0.2217,0.2662,0.2116,0.241,0.2386,0.2327,0.2555,0.2338,0.1947,0.2045,0.2324,0.1612,0.2073,0.2355,0.2304,0.2077,0.22,0.2247,0.218,0.2423,0.2662,0.2364,0.2102,0.2046,0.2546,0.2847,0.1863,0.2738,0.2001,0.201,0.274,0.1703,0.249,0.2352,0.2217,0.1981
0.2661,0.195,0.2153,0.2547,0.2154,0.3393,0.2116,0.1998,0.2277,0.2037,0.2074,0.2173,0.217,0.2594,0.2577,0.2248,0.1613,0.2153,0.2228,0.1934,0.2173,0.2228,0.2212,0.197,0.2295,0.2203,0.2334,0.2084,0.2681,0.1699,0.1905,0.3327,0.2124,0.2595,0.2086,0.2558,0.2223,0.2257,0.2201,0.2217,0.2662,0.2116,0.2439,0.2386,0.2327,0.2555,0.2347,0.1947,0.2045,0.2324,0.1612,0.2073,0.2355,0.2304,0.2077,0.22,0.2247,0.218,0.2423,0.2662,0.2364,0.2102,0.2046,0.2546,0.2847,0.1863,0.2768,0.2001,0.201,0.274,0.1703,0.249,0.2352,0.2217,0.1981
0.2661,0.195,0.2153,0.2547,0.2154,0.3393,0.2116,0.1998,0.2277,0.2037,0.2074,0.2173,0.217,0.2594,0.2577,0.2248,0.1613,0.2153,0.2228,0.1934,0.2173,0.2228,0.2212,0.197,0.2295,0.2203,0.2334,0.2084,0.2681,0.1699,0.1905,0.3327,0.2124,0.2595,0.2086,0.2558,0.2223,0.2257,0.2201,0.2217,0.2662,0.2116,0.2439,0.2386,0.2327,0.2555,0.2347,0.1947,0.2045,0.2324,0.1612,0.2073,0.2355,0.2304,0.2077,0.22,0.2247,0.218,0.2423,0.2662,0.2364,0.2102,0.2046,0.2546,0.2847,0.1863,0.2768,0.2001,0.2019,0.274,0.1703,0.249,0.2352,0.2217,0.1981
0.2661,0.195,0.2153,0.2547,0.2154,0.3393,0.2116,0.1998,0.2277,0.2037,0.2074,0.2173,0.217,0.2594,0.2577,0.2248,0.1613,0.2153,0.2228,0.1934,0.2173,0.2228,0.2212,0.197,0.242,0.2203,0.2334,0.2084,0.2681,0.1699,0.1905,0.3327,0.2124,0.2595,0.2086,0.2558,0.2223,0.2257,0.2201,0.2217,0.2662,0.2116,0.2439,0.2386,0.2327,0.2555,0.2347,0.1947,0.2045,0.2324,0.1612,0.2073,0.2355,0.2304,0.2077,0.22,0.2247,0.218,0.2423,0.2662,0.2364,0.2102,0.2046,0.2546,0.2847,0.1863,0.2768,0.2001,0.2019,0.274,0.1703,0.249,0.2352,0.2217,0.1981
0.2661,0.195,0.2153,0.2547,0.2154,0.3393,0.2116,0.1998,0.2277,0.2037,0.2074,0.2173,0.217,0.2594,0.2577,0.2248,0.1613,0.2153,0.2228,0.1934,0.2173,0.2228,0.2212,0.197,0.242,0.2203,0.2334,0.2084,0.2681,0.1699,0.1905,0.3327,0.2124,0.2595,0.2086,0.2558,0.2223,0.2257,0.2201,0.2217,0.2662,0.2116,0.2439,0.2386,0.2327,0.2555,0.2347,0.1947,0.2045,0.2324,0.1612,0.2073,0.2355,0.2304,0.2077,0.22,0.2247,0.218,0.2423,0.2662,0.2364,0.2102,0.2046,0.2546,0.2847,0.1863,0.2768,0.2001,0.2019,0.274,0.1703,0.249,0.2352,0.2217,0.1981
0.2661,0.195,0.2153,0.2547,0.2154,0.3393,0.2116,0.1998,0.2277,0.2037,0.2074,0.2173,0.217,0.2613,0.2577,0.2248,0.1613,0.2153,0.2228,0.1934,0.2173,0.2228,0.2212,0.197,0.242,0.2203,0.2334,0.2084,0.2681,0.1699,0.1905,0.3396,0.2124,0.2644,0.2086,0.2558,0.2223,0.2257,0.2201,0.2217,0.2662,0.2116,0.2439,0.2386,0.2327,0.2555,0.2347,0.2074,0.2045,0.2324,0.1612,0.2073,0.2355,0.2304,0.2077,0.22,0.2247,0.218,0.2423,0.2662,0.2364,0.2102,0.2046,0.2546,0.2847,0.1863,0.2768,0.2001,0.2019,0.274,0.1703,0.249,0.2352,0.2217,0.1981
0.2661,0.195,0.2153,0.2547,0.2154,0.3393,0.2116,0.1998,0.2277,0.2037,0.2074,0.2173,0.217,0.2613,0.2577,0.2248,0.1613,0.2153,0.2228,0.1934,0.2173,0.2228,0.2212,0.197,0.242,0.2203,0.2334,0.2084,0.2681,0.1699,0.1905,0.3396,0.2124,0.2644,0.2086,0.2558,0.2223,0.2257,0.2201,0.2217,0.2662,0.2116,0.2439,0.2386,0.2327,0.2555,0.2347,0.2074,0.2045,0.2324,0.1612,0.2073,0.2355,0.2304,0.2077,0.22,0.2247,0.218,0.2423,0.2662,0.2364,0.2102,0.2046,0.2546,0.2847,0.1863,0.2768,0.2001,0.2019,0.274,0.1703,0.249,0.2352,0.2217,0.1981
0.2661,0.195,0.2153,0.2547,0.2154,0.3393,0.2116,0.1998,0.2277,0.2037,0.2074,0.2173,0.217,0.2613,0.2577,0.2248,0.1613,0.2153,0.2228,0.1934,0.2173,0.2228,0.2212,0.197,0.242,0.2203,0.2334,0.2084,0.2681,0.1699,0.1905,0.3396,0.2124,0.2644,0.2086,0.2558,0.2223,0.2257,0.2201,0.2217,0.2662,0.2116,0.2439,0.2386,0.2327,0.2555,0.2347,0.2074,0.2045,0.2324,0.1612,0.2073,0.2355,0.2304,0.2077,0.22,0.2247,0.2219,0.2423,0.2662,0.2364,0.2102,0.2046,0.2546,0.2847,0.1863,0.2768,0.2001,0.2019,0.274,0.1703,0.249,0.2352,0.2217,0.1981
0.2661,0.195,0.2153,0.2547,0.2154,0.3393,0.2116,0.1998,0.2277,0.2037,0.2074,0.2173,0.217,0.2614,0.2577,0.2248,0.1613,0.2153,0.2228,0.1934,0.2173,0.2228,0.2212,0.197,0.242,0.2203,0.2334,0.2084,0.2681,0.1699,0.1905,0.3396,0.2124,0.2644,0.2086,0.2558,0.2223,0.2257,0.2201,0.2217,0.2662,0.2116,0.2439,0.2386,0.2327,0.2555,0.2347,0.2074,0.2045,0.2324,0.1612,0.2073,0.2355,0.2304,0.2077,0.22,0.2247,0.2219,0.2423,0.2662,0.2364,0.2102,0.2046,0.2546,0.2847,0.1863,0.2768,0.2001,0.2019,0.274,0.1703,0.249,0.2352,0.2217,0.1981
0.2661,0.195,0.2153,0.2547,0.2154,0.3393,0.2116,0.1998,0.2277,0.2037,0.2074,0.2173,0.217,0.2614,0.2577,0.2248,0.1613,0.2153,0.2228,0.1934,0.2173,0.2228,0.2212,0.197,0.242,0.2203,0.2334,0.2084,0.2681,0.1699,0.1905,0.3444,0.2124,0.2644,0.2086,0.2558,0.2223,0.2257,0.2201,0.2217,0.2662,0.2116,0.2439,0.2386,0.2327,0.2555,0.2347,0.2074,0.2045,0.2324,0.1612,0.2073,0.2355,0.2487,0.2077,0.22,0.2247,0.2219,0.2423,0.2662,0.2364,0.2102,0.2046,0.2546,0.2847,0.1863,0.2768,0.2001,0.2019,0.274,0.1703,0.249,0.2352,0.2217,0.1981
0.2661,0.195,0.2153,0.2547,0.2154,0.3393,0.2116,0.1998,0.2277,0.2037,0.2074,0.2173,0.217,0.2652,0.2577,0.2248,0.1613,0.2153,0.2228,0.1934,0.2173,0.2228,0.2212,0.197,0.242,0.2203,0.2334,0.2084,0.2681,0.1699,0.1905,0.3483,0.2124,0.2644,0.2086,0.2558,0.2223,0.2257,0.2201,0.2217,0.2662,0.2116,0.2439,0.2386,0.2327,0.2555,0.2347,0.2287,0.2045,0.2324,0.1612,0.2073,0.2355,0.2487,0.2077,0.22,0.2247,0.2219,0.2423,0.2662,0.2364,0.2102,0.2046,0.2546,0.2847,0.1863,0.2768,0.2001,0.2019,0.274,0.1703,0.249,0.2352,0.2217,0.1981
0.2661,0.195,0.2153,0.2547,0.2154,0.3393,0.2116,0.1998,0.2277,0.2037,0.2074,0.2173,0.217,0.2729,0.2577,0.2248,0.1613,0.2153,0.2228,0.1934,0.2173,0.2228,0.2212,0.197,0.242,0.2203,0.2334,0.2084,0.2681,0.1699,0.1905,0.3483,0.2124,0.2644,0.2086,0.2558,0.2223,0.2257,0.2201,0.2217,0.2662,0.2116,0.244,0.2386,0.2327,0.2555,0.2347,0.2335,0.2045,0.2324,0.1612,0.2073,0.2451,0.2487,0.2077,0.22,0.2247,0.2219,0.2423,0.2662,0.2364,0.2102,0.2046,0.2546,0.2847,0.1863,0.2777,0.2001,0.2019,0.274,0.1703,0.249,0.2352,0.2217,0.1981
0.2661,0.195,0.2153,0.2547,0.2154,0.3393,0.2116,0.1998,0.2277,0.2037,0.2191,0.2173,0.217,0.2729,0.2577,0.2248,0.1613,0.2153,0.2228,0.1934,0.2173,0.2228,0.2212,0.197,0.242,0.2203,0.2334,0.2084,0.2681,0.1699,0.1905,0.3531,0.2124,0.2644,0.2086,0.2558,0.2223,0.2257,0.2201,0.2217,0.2662,0.2116,0.244,0.2386,0.2327,0.2555,0.2347,0.2335,0.2045,0.2324,0.1612,0.2073,0.2451,0.2487,0.2077,0.22,0.2247,0.2219,0.2423,0.2662,0.2364,0.2102,0.2046,0.2546,0.2847,0.1863,0.2777,0.2001,0.2019,0.274,0.1703,0.249,0.2352,0.2217,0.1981
0.2661,0.195,0.2153,0.2547,0.2154,0.3393,0.2116,0.1998,0.2277,0.2037,0.2191,0.2173,0.217,0.2729,0.2577,0.2248,0.1613,0.2153,0.2228,0.1934,0.2173,0.2228,0.2212,0.197,0.242,0.2203,0.2334,0.2084,0.2681,0.1699,0.1905,0.3531,0.2124,0.2644,0.2086,0.2558,0.2223,0.2257,0.2201,0.2217,0.2662,0.2116,0.244,0.2386,0.2327,0.2555,0.2347,0.2335,0.2045,0.2324,0.1635,0.2073,0.2451,0.2487,0.2077,0.22,0.2256,0.2219,0.2423,0.2662,0.2364,0.2102,0.2046,0.2546,0.2847,0.1863,0.2777,0.2001,0.2019,0.274,0.1703,0.249,0.2352,0.2217,0.1981
0.2661,0.195,0.2153,0.2547,0.2154,0.3393,0.2116,0.1998,0.2277,0.2037,0.2191,0.2173,0.217,0.2729,0.2577,0.2248,0.1613,0.2153,0.2228,0.1934,0.2173,0.2228,0.2212,0.197,0.242,0.2203,0.2334,0.2084,0.2681,0.1699,0.1905,0.3531,0.2124,0.2644,0.2086,0.2558,0.2223,0.2257,0.2201,0.2217,0.2662,0.2116,0.244,0.2386,0.2327,0.2555,0.2347,0.2335,0.2045,0.2324,0.1635,0.2073,0.2451,0.2487,0.2077,0.22,0.2285,0.2219,0.2423,0.2662,0.2364,0.2102,0.2046,0.2546,0.2847,0.1863,0.2777,0.2001,0.2019,0.274,0.1703,0.249,0.2352,0.2217,0.2029
0.2661,0.195,0.2153,0.2547,0.2154,0.3393,0.2116,0.1998,0.2277,0.2037,0.2191,0.2173,0.217,0.2729,0.2577,0.2248,0.1613,0.2153,0.2228,0.1934,0.2173,0.2228,0.2212,0.197,0.242,0.2203,0.2334,0.2084,0.2681,0.1699,0.1905,0.3531,0.2124,0.2644,0.2086,0.2558,0.2223,0.2257,0.2201,0.2217,0.2662,0.2116,0.244,0.2386,0.2327,0.2555,0.2347,0.2335,0.2045,0.2324,0.1635,0.2073,0.2451,0.2487,0.2077,0.22,0.2285,0.2219,0.2423,0.2662,0.2364,0.2102,0.2046,0.2546,0.2847,0.1863,0.2777,0.2001,0.2019,0.274,0.1703,0.249,0.2352,0.2217,0.2029
0.2661,0.195,0.2153,0.2547,0.2154,0.3393,0.2116,0.1998,0.2277,0.2037,0.2191,0.2173,0.217,0.2903,0.2577,0.2248,0.1613,0.2153,0.2228,0.1934,0.2173,0.2228,0.2212,0.197,0.242,0.2203,0.2334,0.2084,0.2681,0.1699,0.1953,0.3531,0.2124,0.2644,0.2086,0.2558,0.2223,0.2336,0.2201,0.2217,0.2662,0.2116,0.244,0.2386,0.2327,0.2555,0.2347,0.2335,0.2045,0.2324,0.1635,0.2073,0.2451,0.2487,0.2077,0.22,0.2285,0.2219,0.2423,0.2662,0.2364,0.2102,0.2104,0.2546,0.2847,0.1863,0.2777,0.2001,0.2019,0.274,0.1703,0.249,0.24,0.2257,0.2029
0.2661,0.195,0.2153,0.2547,0.2154,0.3393,0.2116,0.1998,0.2277,0.2037,0.2191,0.2212,0.217,0.2903,0.2577,0.2248,0.1613,0.2153,0.2228,0.1934,0.2173,0.2228,0.2212,0.197,0.242,0.2203,0.2334,0.2084,0.2681,0.1699,0.1953,0.3531,0.2124,0.2644,0.2086,0.2558,0.2223,0.2336,0.2201,0.2217,0.2662,0.2116,0.244,0.2386,0.2327,0.2555,0.2347,0.2335,0.2045,0.2324,0.1635,0.2112,0.2451,0.2487,0.2077,0.22,0.2285,0.2219,0.2423,0.2662,0.2364,0.2102,0.2104,0.2546,0.2847,0.1863,0.2777,0.2001,0.2019,0.274,0.1703,0.249,0.24,0.2257,0.2029
0.2661,0.195,0.2153,0.2547,0.2154,0.3393,0.2116,0.1998,0.2277,0.2037,0.2191,0.2212,0.217,0.2999,0.2577,0.2248,0.1613,0.2153,0.2228,0.1934,0.2173,0.2228,0.2212,0.197,0.242,0.2203,0.2334,0.2084,0.2681,0.1699,0.1953,0.3531,0.2124,0.2644,0.2086,0.2558,0.2223,0.2336,0.2201,0.2217,0.2662,0.2116,0.244,0.2386,0.2327,0.2555,0.2347,0.2335,0.2045,0.2324,0.1635,0.2112,0.2451,0.2487,0.2077,0.22,0.2285,0.2219,0.2423,0.2662,0.2364,0.2102,0.2116,0.2546,0.2847,0.1863,0.2777,0.2001,0.2019,0.274,0.1703,0.249,0.24,0.2257,0.2029
0.2661,0.195,0.2153,0.2547,0.2154,0.3393,0.2116,0.1998,0.2277,0.2037,0.2191,0.2212,0.217,0.2999,0.2577,0.2248,0.1613,0.2153,0.2228,0.1934,0.2173,0.2228,0.2212,0.197,0.242,0.2203,0.2334,0.2084,0.2681,0.1699,0.1953,0.3531,0.2124,0.2644,0.2086,0.2558,0.2223,0.2336,0.2201,0.2217,0.2662,0.2116,0.244,0.2386,0.2336,0.2555,0.2347,0.2335,0.2045,0.2324,0.1635,0.2112,0.2451,0.2487,0.2077,0.22,0.2285,0.2219,0.2423,0.2662,0.2403,0.2102,0.2116,0.2546,0.2847,0.1863,0.2787,0.2001,0.2019,0.274,0.1703,0.249,0.24,0.2257,0.2029
0.2661,0.195,0.2153,0.2547,0.2154,0.3393,0.2116,0.2027,0.2277,0.2037,0.2191,0.2212,0.217,0.2999,0.2577,0.2248,0.1613,0.2153,0.2228,0.1934,0.2173,0.2228,0.2212,0.197,0.242,0.2203,0.2334,0.2084,0.2681,0.1699,0.1953,0.3531,0.2124,0.2644,0.2086,0.2558,0.2223,0.2336,0.2201,0.2217,0.2662,0.2116,0.244,0.2386,0.2336,0.2555,0.2347,0.2335,0.2045,0.2324,0.1635,0.2112,0.2451,0.2487,0.2077,0.22,0.2285,0.2219,0.2423,0.2662,0.2403,0.2102,0.2116,0.2546,0.2847,0.1863,0.2787,0.2001,0.2019,0.274,0.1703,0.249,0.24,0.2257,0.2029
0.2661,0.195,0.2153,0.2547,0.2154,0.3393,0.2116,0.2027,0.2277,0.2037,0.2191,0.2212,0.217,0.2999,0.2577,0.2248,0.1613,0.2153,0.2228,0.1934,0.2173,0.2228,0.2212,0.197,0.242,0.2203,0.2334,0.2132,0.2681,0.1699,0.1953,0.3559,0.2124,0.2644,0.2086,0.2558,0.2223,0.2336,0.2201,0.2217,0.2662,0.2116,0.244,0.2386,0.2336,0.2555,0.2347,0.2335,0.2045,0.2324,0.1635,0.2112,0.2451,0.27,0.2077,0.22,0.2334,0.24,0.2423,0.2662,0.2403,0.2102,0.2116,0.2546,0.2847,0.191,0.2787,0.2001,0.2019,0.274,0.1703,0.249,0.24,0.2257,0.2029
0.2661,0.195,0.2411,0.2547,0.2154,0.3393,0.2116,0.2027,0.2277,0.2037,0.2191,0.2212,0.217,0.2999,0.2577,0.2248,0.1613,0.2153,0.2228,0.1934,0.2173,0.2228,0.2212,0.197,0.242,0.2203,0.2334,0.2132,0.2681,0.1699,0.1953,0.3559,0.2124,0.2644,0.2086,0.2558,0.2223,0.2336,0.2201,0.2217,0.2662,0.2116,0.244,0.2386,0.2336,0.2555,0.2347,0.2335,0.2045,0.2324,0.1635,0.2112,0.2451,0.27,0.2077,0.22,0.2334,0.24,0.2423,0.2662,0.2403,0.2102,0.2116,0.2546,0.2847,0.191,0.2787,0.2001,0.2019,0.274,0.1703,0.249,0.24,0.2257,0.2029
0.2661,0.195,0.2411,0.2547,0.2154,0.3393,0.2116,0.2027,0.2277,0.2037,0.2191,0.2212,0.217,0.2999,0.2577,0.2248,0.1613,0.2153,0.2228,0.1934,0.2173,0.2228,0.2212,0.197,0.242,0.2203,0.2334,0.2132,0.2681,0.1699,0.1953,0.3559,0.2124,0.2644,0.2086,0.2558,0.2223,0.2336,0.2201,0.2217,0.2807,0.2116,0.244,0.2386,0.2336,0.2555,0.2347,0.2335,0.2045,0.2324,0.1635,0.2112,0.2451,0.27,0.2077,0.22,0.2334,0.24,0.2423,0.2662,0.2403,0.2102,0.2116,0.2546,0.2847,0.191,0.2787,0.2001,0.2019,0.274,0.1703,0.249,0.24,0.2257,0.2029
0.2661,0.195,0.2411,0.2547,0.2154,0.3393,0.2116,0.2027,0.2277,0.2037,0.2191,0.2212,0.217,0.2999,0.2577,0.2248,0.1613,0.2153,0.2228,0.1934,0.2173,0.2228,0.2212,0.197,0.242,0.2203,0.2334,0.2132,0.2681,0.1699,0.1953,0.3559,0.2124,0.2644,0.2086,0.2558,0.2223,0.2336,0.2201,0.2217,0.2807,0.2116,0.244,0.2386,0.2336,0.2555,0.2347,0.2335,0.2045,0.2324,0.1635,0.2112,0.2451,0.27,0.2077,0.22,0.2334,0.24,0.2423,0.2662,0.2403,0.2102,0.2116,0.2546,0.2847,0.191,0.2787,0.2001,0.2019,0.274,0.201,0.249,0.24,0.2257,0.2029
0.2661,0.195,0.2411,0.2547,0.2154,0.3393,0.2116,0.2027,0.2277,0.2037,0.2191,0.2212,0.217,0.2999,0.2577,0.2248,0.1613,0.2153,0.2228,0.1934,0.2173,0.2228,0.2212,0.197,0.242,0.2203,0.2334,0.2132,0.2681,0.1699,0.1953,0.3559,0.2124,0.2644,0.2086,0.2558,0.2223,0.2336,0.2201,0.2217,0.2807,0.2116,0.244,0.2386,0.2336,0.2555,0.2347,0.2335,0.2045,0.2324,0.1635,0.2112,0.2451,0.27,0.2077,0.22,0.2334,0.24,0.2423,0.2662,0.2403,0.2102,0.2116,0.2546,0.2847,0.191,0.2787,0.2001,0.2019,0.274,0.201,0.249,0.24,0.2257,0.2029
0.2661,0.195,0.2411,0.2547,0.2154,0.3393,0.2116,0.2029,0.2277,0.2037,0.2191,0.2212,0.217,0.2999,0.2577,0.2248,0.1613,0.2153,0.2228,0.1934,0.2173,0.2228,0.2212,0.197,0.242,0.2203,0.2334,0.2132,0.2681,0.1699,0.1953,0.3559,0.2124,0.2644,0.2086,0.2558,0.2223,0.2336,0.2201,0.2217,0.2807,0.2116,0.244,0.2386,0.2336,0.2555,0.2347,0.2335,0.2045,0.2324,0.1635,0.2112,0.2451,0.27,0.2077,0.22,0.2334,0.24,0.2423,0.2662,0.2403,0.2102,0.2116,0.2546,0.2847,0.1938,0.2787,0.2001,0.2019,0.274,0.201,0.249,0.24,0.2257,0.2029
0.2661,0.195,0.2411,0.2547,0.2154,0.3393,0.2116,0.2029,0.2277,0.2037,0.2191,0.2212,0.217,0.2999,0.2577,0.2248,0.1711,0.2153,0.2228,0.1934,0.2173,0.2228,0.2212,0.197,0.242,0.2203,0.2334,0.2132,0.2681,0.1699,0.1953,0.3559,0.2124,0.272,0.2086,0.2558,0.2223,0.2336,0.2201,0.2217,0.2807,0.2116,0.244,0.2386,0.2336,0.2555,0.2347,0.2335,0.2045,0.2324,0.1635,0.2112,0.2451,0.27,0.2077,0.22,0.2334,0.24,0.2423,0.2662,0.2403,0.2102,0.2116,0.2546,0.2847,0.1938,0.2787,0.2001,0.2019,0.274,0.201,0.249,0.24,0.2257,0.2029
0.2661,0.195,0.2411,0.2547,0.2154,0.3393,0.2116,0.2029,0.2277,0.2037,0.2191,0.2212,0.217,0.2999,0.2577,0.2248,0.1711,0.2153,0.2228,0.1934,0.2173,0.2228,0.2212,0.197,0.242,0.2203,0.2334,0.2132,0.2681,0.1699,0.1953,0.3559,0.2124,0.272,0.2086,0.2558,0.2223,0.2336,0.2201,0.2217,0.2807,0.2116,0.244,0.2386,0.2336,0.2555,0.2347,0.2335,0.2045,0.2324,0.1635,0.2112,0.2451,0.27,0.2077,0.22,0.2334,0.24,0.2423,0.2662,0.2403,0.2102,0.2228,0.2546,0.2847,0.1947,0.2787,0.2001,0.2019,0.274,0.201,0.249,0.24,0.2257,0.2029
0.2661,0.195,0.2411,0.2547,0.2154,0.3393,0.2116,0.2029,0.2277,0.2037,0.2191,0.2212,0.217,0.2999,0.2577,0.2248,0.1711,0.2153,0.2535,0.1934,0.2173,0.2228,0.2212,0.197,0.242,0.2203,0.2334,0.2132,0.2681,0.1699,0.1953,0.3559,0.2124,0.272,0.2086,0.2558,0.2223,0.2336,0.2201,0.2217,0.2807,0.2116,0.244,0.2386,0.2336,0.2555,0.2347,0.2335,0.2045,0.2324,0.1635,0.2112,0.2451,0.27,0.2077,0.22,0.2334,0.24,0.2423,0.2662,0.2403,0.2102,0.2228,0.2546,0.2847,0.1947,0.2787,0.2001,0.2019,0.274,0.201,0.249,0.24,0.2257,0.2029
0.2661,0.195,0.2411,0.2547,0.2154,0.3393,0.2116,0.2029,0.2277,0.2037,0.2191,0.2212,0.217,0.2999,0.2577,0.2248,0.1711,0.2153,0.2535,0.1934,0.2173,0.2228,0.2212,0.197,0.242,0.2203,0.2334,0.2132,0.2681,0.1699,0.1953,0.3559,0.2124,0.272,0.2086,0.2558,0.2223,0.2363,0.2201,0.2217,0.2807,0.2116,0.2469,0.2386,0.2336,0.2555,0.2347,0.2335,0.2045,0.2324,0.1635,0.2112,0.2451,0.27,0.2077,0.22,0.2343,0.24,0.2423,0.2662,0.2403,0.2102,0.2228,0.2546,0.2847,0.2217,0.2787,0.2058,0.2019,0.274,0.2058,0.249,0.24,0.2257,0.2029
0.2661,0.195,0.2411,0.2547,0.2154,0.3393,0.2116,0.2076,0.2277,0.2037,0.2191,0.2212,0.217,0.2999,0.2577,0.2248,0.1711,0.2153,0.2535,0.1934,0.2173,0.2228,0.2212,0.197,0.242,0.2203,0.2334,0.2132,0.2681,0.1699,0.1953,0.3559,0.2124,0.272,0.2086,0.2558,0.2223,0.2363,0.2201,0.2217,0.2807,0.2116,0.2469,0.2386,0.2336,0.2555,0.2347,0.2335,0.2045,0.2324,0.1635,0.2112,0.2451,0.27,0.2077,0.22,0.2343,0.24,0.2423,0.2662,0.2403,0.2102,0.2228,0.2546,0.2847,0.2217,0.2787,0.2058,0.2019,0.274,0.2058,0.249,0.24,0.2257,0.2029
0.2661,0.195,0.2411,0.2547,0.2154,0.3393,0.2116,0.2076,0.2277,0.2037,0.2191,0.2212,0.217,0.2999,0.2577,0.2248,0.1711,0.2153,0.2535,0.1934,0.2173,0.2228,0.2212,0.197,0.242,0.2203,0.2334,0.2132,0.2681,0.1699,0.1953,0.3559,0.2124,0.272,0.2086,0.2558,0.2223,0.2363,0.2201,0.2217,0.2816,0.2116,0.2469,0.2386,0.2336,0.2555,0.2347,0.2335,0.2045,0.2324,0.1635,0.2112,0.2451,0.27,0.2077,0.22,0.2343,0.24,0.2423,0.2662,0.2403,0.2102,0.2228,0.2546,0.2847,0.2217,0.2787,0.2058,0.2019,0.274,0.2058,0.249,0.24,0.2257,0.2029
0.2661,0.195,0.2411,0.2547,0.2154,0.3393,0.2116,0.2076,0.2277,0.2037,0.2191,0.2212,0.217,0.2999,0.2577,0.2248,0.1711,0.2153,0.2535,0.1934,0.2173,0.2228,0.2212,0.197,0.242,0.2203,0.2334,0.2132,0.2681,0.1699,0.1953,0.3559,0.2124,0.272,0.2086,0.2558,0.2223,0.2363,0.2201,0.2217,0.2816,0.2116,0.2517,0.2386,0.2336,0.2555,0.2347,0.2335,0.2045,0.2324,0.1635,0.2112,0.2451,0.2709,0.2077,0.22,0.2343,0.24,0.2423,0.2662,0.2403,0.2102,0.2228,0.2546,0.2847,0.2217,0.2787,0.2058,0.2019,0.274,0.2058,0.249,0.24,0.2257,0.2029
0.2661,0.195,0.2411,0.2547,0.2154,0.3393,0.2116,0.2076,0.2277,0.2037,0.2191,0.2212,0.217,0.2999,0.2577,0.2248,0.1711,0.2153,0.2535,0.1934,0.2173,0.2228,0.2212,0.197,0.242,0.2203,0.2334,0.2132,0.2681,0.1699,0.1953,0.3559,0.2124,0.272,0.2086,0.2558,0.2223,0.2363,0.2201,0.2265,0.2816,0.2116,0.2517,0.2386,0.2336,0.2555,0.2347,0.2335,0.2045,0.2324,0.1635,0.2112,0.2451,0.2709,0.2077,0.22,0.2343,0.24,0.2423,0.2662,0.2403,0.2102,0.2228,0.2546,0.2847,0.2217,0.2787,0.2058,0.2019,0.274,0.2058,0.249,0.24,0.2257,0.2029
0.2661,0.195,0.2411,0.2547,0.2154,0.3393,0.2116,0.2076,0.2277,0.2045,0.2191,0.2212,0.217,0.2999,0.2577,0.2248,0.1711,0.2153,0.2535,0.201,0.2173,0.2228,0.2212,0.197,0.242,0.2203,0.2334,0.2132,0.2681,0.1699,0.1953,0.3559,0.2124,0.272,0.2086,0.2558,0.2223,0.2363,0.2201,0.2265,0.2816,0.2116,0.2517,0.2386,0.2336,0.2555,0.2347,0.2335,0.2045,0.2324,0.1635,0.2112,0.2451,0.2709,0.2077,0.22,0.2343,0.24,0.2423,0.2662,0.2403,0.2102,0.2228,0.2546,0.2847,0.2217,0.2835,0.2058,0.2019,0.274,0.2058,0.249,0.24,0.2257,0.2029
0.2661,0.195,0.2411,0.2547,0.2154,0.3393,0.2116,0.2076,0.2277,0.2045,0.2191,0.2212,0.217,0.2999,0.2577,0.2248,0.1711,0.2153,0.2535,0.201,0.2173,0.2228,0.2212,0.197,0.242,0.2203,0.2334,0.2132,0.2681,0.1699,0.1953,0.3559,0.2124,0.272,0.2086,0.2558,0.2223,0.2363,0.2201,0.2265,0.2816,0.2116,0.2517,0.2386,0.2336,0.2555,0.2347,0.2335,0.2045,0.2324,0.1635,0.2112,0.2451,0.2767,0.2077,0.22,0.2343,0.24,0.2423,0.2662,0.2403,0.2102,0.2228,0.2546,0.2847,0.2217,0.2835,0.2058,0.2019,0.274,0.2058,0.249,0.24,0.2257,0.2029
0.2661,0.195,0.2411,0.2547,0.2154,0.3393,0.2116,0.2076,0.2277,0.2045,0.2191,0.2212,0.217,0.2999,0.2577,0.2248,0.1711,0.2153,0.2535,0.201,0.2173,0.2228,0.2212,0.197,0.242,0.2203,0.2334,0.2132,0.2681,0.1699,0.1953,0.3559,0.2124,0.272,0.2086,0.2558,0.2223,0.2363,0.2201,0.2265,0.2816,0.2116,0.2517,0.2386,0.2336,0.2555,0.2347,0.2335,0.2045,0.2324,0.1635,0.2112,0.2451,0.2767,0.2077,0.22,0.2343,0.24,0.2423,0.2662,0.2403,0.2102,0.2228,0.2546,0.2847,0.2217,0.2835,0.2058,0.2019,0.274,0.2058,0.249,0.24,0.2257,0.2029
0.2661,0.195,0.2411,0.2547,0.2154,0.3393,0.2116,0.2076,0.2277,0.2045,0.2191,0.2212,0.217,0.2999,0.2577,0.2248,0.1711,0.2153,0.2535,0.201,0.2173,0.2228,0.2212,0.197,0.242,0.2203,0.2334,0.2132,0.2681,0.1699,0.1953,0.3559,0.2124,0.272,0.2086,0.2558,0.2223,0.2363,0.2201,0.2265,0.2816,0.2116,0.2517,0.2386,0.2336,0.2555,0.2347,0.2335,0.2045,0.2324,0.1635,0.2112,0.2451,0.2767,0.2077,0.22,0.2343,0.24,0.2423,0.2662,0.2403,0.2102,0.2228,0.2546,0.2847,0.2217,0.2835,0.2058,0.2019,0.274,0.2058,0.249,0.24,0.2257,0.2029
0.2661,0.195,0.2411,0.2547,0.2154,0.3393,0.2116,0.2076,0.2277,0.2045,0.2191,0.2212,0.217,0.2999,0.2577,0.2248,0.1711,0.2153,0.2535,0.201,0.2173,0.2228,0.2212,0.197,0.242,0.2203,0.2374,0.2132,0.2681,0.1699,0.1953,0.3579,0.2124,0.272,0.2086,0.2558,0.2223,0.2363,0.2201,0.2265,0.2816,0.2116,0.2517,0.2386,0.2336,0.2555,0.2347,0.2335,0.2045,0.2324,0.1635,0.2112,0.2451,0.2805,0.2077,0.22,0.2343,0.24,0.2423,0.2662,0.2403,0.2102,0.2228,0.2546,0.2847,0.2217,0.2835,0.2058,0.2019,0.274,0.2058,0.249,0.24,0.2257,0.2029
0.2661,0.195,0.2411,0.2547,0.2154,0.3393,0.2116,0.2076,0.2277,0.2045,0.2191,0.2212,0.217,0.2999,0.2577,0.2248,0.1711,0.2153,0.2535,0.201,0.2173,0.2228,0.2212,0.197,0.242,0.2203,0.2374,0.2132,0.2681,0.1699,0.1953,0.3579,0.2124,0.272,0.2086,0.2558,0.2223,0.2363,0.2201,0.2265,0.2816,0.2116,0.2517,0.2386,0.2336,0.2555,0.2355,0.2335,0.2045,0.2343,0.1635,0.2112,0.2451,0.2805,0.2077,0.22,0.243,0.24,0.2423,0.2662,0.2403,0.2102,0.2228,0.2546,0.2847,0.2217,0.2873,0.2058,0.2019,0.274,0.2058,0.249,0.24,0.2257,0.2029
0.2661,0.195,0.2411,0.2547,0.2154,0.3393,0.2116,0.2076,0.2277,0.2045,0.2191,0.2212,0.217,0.2999,0.2577,0.2248,0.1711,0.2153,0.2535,0.201,0.2173,0.2228,0.2212,0.197,0.242,0.2203,0.2507,0.2132,0.2681,0.1699,0.1953,0.3579,0.2124,0.272,0.2086,0.2558,0.2223,0.2363,0.2201,0.2265,0.2816,0.2116,0.2517,0.2386,0.2336,0.2555,0.2355,0.2335,0.2045,0.2343,0.1635,0.2112,0.2451,0.2805,0.2077,0.22,0.243,0.24,0.2423,0.2662,0.2403,0.2102,0.2228,0.2546,0.2847,0.2217,0.2873,0.2058,0.2019,0.274,0.2058,0.249,0.24,0.2257,0.2029
0.2661,0.195,0.2411,0.2547,0.2154,0.3393,0.2116,0.2076,0.2277,0.2045,0.2191,0.2212,0.217,0.2999,0.2577,0.2248,0.1711,0.2153,0.2535,0.201,0.2173,0.2228,0.2212,0.197,0.242,0.2203,0.2507,0.2132,0.2681,0.1699,0.1953,0.3579,0.2124,0.272,0.2086,0.2558,0.2223,0.2363,0.2201,0.2265,0.2816,0.2116,0.2517,0.2386,0.2336,0.2555,0.2355,0.2383,0.2045,0.2343,0.1635,0.2112,0.2451,0.2805,0.2077,0.22,0.243,0.24,0.2423,0.2662,0.2403,0.2102,0.2228,0.2546,0.2847,0.2217,0.2873,0.2058,0.2019,0.274,0.2058,0.249,0.24,0.2257,0.2029
0.2661,0.195,0.2411,0.2547,0.2154,0.3393,0.2116,0.2076,0.2277,0.2045,0.2191,0.2212,0.217,0.2999,0.2577,0.2248,0.1711,0.2153,0.2535,0.201,0.2173,0.2228,0.2212,0.197,0.242,0.2203,0.2507,0.2132,0.2681,0.1699,0.1953,0.3579,0.2124,0.272,0.2086,0.2558,0.2223,0.2363,0.2201,0.2265,0.2816,0.2116,0.2517,0.2386,0.2336,0.2555,0.2355,0.2383,0.2045,0.2372,0.1635,0.2112,0.2451,0.2815,0.2077,0.22,0.2439,0.24,0.2423,0.2662,0.2403,0.2102,0.2228,0.2546,0.2847,0.2217,0.2873,0.2058,0.2019,0.274,0.2058,0.249,0.24,0.2257,0.2029
0.2661,0.195,0.2411,0.2547,0.2154,0.3393,0.2116,0.2076,0.2277,0.2045,0.2191,0.2212,0.217,0.3018,0.2577,0.2248,0.1711,0.2153,0.2535,0.201,0.2173,0.2228,0.2212,0.197,0.242,0.2203,0.2507,0.2132,0.2681,0.1699,0.1953,0.3579,0.2124,0.272,0.2086,0.2558,0.2223,0.2363,0.2201,0.2265,0.2816,0.2116,0.2517,0.2386,0.2336,0.2555,0.2355,0.2383,0.2045,0.2372,0.1635,0.2112,0.2451,0.2815,0.2077,0.22,0.2439,0.24,0.2423,0.2662,0.2403,0.2102,0.2228,0.2546,0.2847,0.2217,0.2873,0.2058,0.2019,0.274,0.2058,0.249,0.24,0.2257,0.2029
0.2661,0.195,0.2411,0.2547,0.2193,0.3393,0.2116,0.2076,0.2277,0.2045,0.2191,0.2212,0.217,0.3018,0.2577,0.2248,0.1711,0.2153,0.2535,0.201,0.2173,0.2228,0.2212,0.197,0.242,0.2203,0.2507,0.2132,0.2681,0.1699,0.1953,0.3579,0.2124,0.272,0.2086,0.2558,0.2223,0.2363,0.2201,0.2265,0.2816,0.2116,0.2517,0.2386,0.2336,0.2555,0.2355,0.2383,0.2045,0.241,0.1635,0.2112,0.2451,0.2815,0.2077,0.22,0.2439,0.24,0.2423,0.2662,0.2403,0.2102,0.2228,0.2546,0.2847,0.2217,0.2873,0.2058,0.2019,0.274,0.2058,0.249,0.24,0.2257,0.2029
0.2661,0.195,0.2411,0.2547,0.2193,0.3393,0.2116,0.2076,0.2277,0.2045,0.2191,0.2212,0.217,0.3018,0.2577,0.2248,0.1711,0.2153,0.2535,0.201,0.2173,0.2228,0.2212,0.197,0.242,0.2203,0.2507,0.2132,0.2681,0.1699,0.1953,0.3579,0.2124,0.272,0.2086,0.2558,0.2223,0.2363,0.2201,0.2265,0.2816,0.2116,0.2517,0.2386,0.2336,0.2555,0.2355,0.2383,0.2045,0.241,0.1635,0.2112,0.2451,0.2815,0.2077,0.22,0.2439,0.24,0.2423,0.2662,0.2403,0.2102,0.2228,0.2546,0.2847,0.2217,0.2873,0.2058,0.2019,0.274,0.2058,0.249,0.24,0.2257,0.2029
0.2661,0.195,0.2411,0.2547,0.2193,0.3393,0.2116,0.2076,0.2277,0.2045,0.2191,0.2212,0.217,0.3018,0.2577,0.2248,0.1711,0.2249,0.2535,0.201,0.2173,0.2228,0.2212,0.197,0.242,0.2203,0.2507,0.2132,0.2681,0.1699,0.1953,0.3579,0.2124,0.272,0.2086,0.2558,0.2223,0.2363,0.2201,0.2265,0.2816,0.2116,0.2517,0.2386,0.2336,0.2555,0.2355,0.2383,0.2045,0.2633,0.1635,0.2112,0.2451,0.2815,0.2077,0.22,0.2439,0.24,0.2423,0.2662,0.2403,0.2102,0.2228,0.2546,0.2847,0.2217,0.2873,0.2058,0.2019,0.274,0.2058,0.249,0.24,0.2257,0.2029
0.2661,0.195,0.2411,0.2547,0.2193,0.3393,0.2116,0.2076,0.2277,0.2045,0.2191,0.2212,0.217,0.3018,0.2577,0.2248,0.1711,0.2249,0.2535,0.201,0.2173,0.2228,0.2212,0.197,0.242,0.2203,0.2507,0.2132,0.2681,0.1699,0.1953,0.3579,0.2124,0.272,0.2086,0.2558,0.2223,0.2363,0.2239,0.2265,0.2816,0.2116,0.2517,0.2386,0.2336,0.2555,0.2355,0.2383,0.2045,0.2633,0.1635,0.2112,0.2451,0.2815,0.2077,0.22,0.2439,0.24,0.2423,0.2662,0.2403,0.2102,0.2228,0.2546,0.2847,0.2217,0.2873,0.2058,0.2019,0.274,0.2058,0.249,0.24,0.2257,0.2029
0.2661,0.195,0.2411,0.2547,0.2193,0.3393,0.2116,0.2076,0.2277,0.2045,0.2191,0.2212,0.217,0.3018,0.2577,0.2248,0.1711,0.2249,0.2535,0.201,0.2173,0.2228,0.2212,0.197,0.242,0.2203,0.2507,0.2132,0.2681,0.1699,0.1953,0.3588,0.2124,0.272,0.2086,0.2558,0.2223,0.2363,0.2239,0.2265,0.2816,0.2116,0.2517,0.2386,0.2336,0.2555,0.2355,0.2383,0.2045,0.2633,0.1635,0.2112,0.2451,0.2815,0.2077,0.22,0.2439,0.24,0.2423,0.2662,0.2403,0.2102,0.2228,0.2546,0.2847,0.2217,0.2873,0.2058,0.2019,0.274,0.2058,0.249,0.24,0.2257,0.2029
0.2661,0.195,0.2411,0.2547,0.2193,0.3393,0.2116,0.2076,0.2277,0.2045,0.2191,0.2212,0.217,0.3018,0.2577,0.2248,0.1711,0.2249,0.2535,0.201,0.2173,0.2228,0.2212,0.197,0.242,0.2203,0.2507,0.2132,0.2681,0.1699,0.1953,0.3588,0.2124,0.272,0.2086,0.2558,0.2223,0.2363,0.2239,0.2265,0.2816,0.2116,0.2517,0.2386,0.2336,0.2555,0.2355,0.2383,0.2045,0.2633,0.1635,0.2112,0.2451,0.2815,0.2077,0.22,0.2439,0.24,0.2423,0.2662,0.2403,0.2102,0.2228,0.2546,0.2847,0.2217,0.2873,0.2058,0.2019,0.274,0.2058,0.249,0.24,0.2257,0.2029
0.2661,0.195,0.2411,0.2547,0.2193,0.3393,0.2116,0.2076,0.2277,0.2045,0.2191,0.2212,0.217,0.3018,0.2577,0.2248,0.1711,0.2249,0.2535,0.201,0.2173,0.2228,0.2212,0.197,0.242,0.2203,0.2507,0.2132,0.2681,0.1699,0.1953,0.3588,0.2124,0.272,0.2086,0.2558,0.2223,0.2363,0.2239,0.2265,0.2816,0.2116,0.2517,0.2386,0.2336,0.2555,0.2355,0.2383,0.2045,0.2633,0.1635,0.2112,0.2451,0.2815,0.2077,0.22,0.2439,0.24,0.2423,0.2662,0.2403,0.2102,0.2228,0.2546,0.2847,0.2217,0.2873,0.2058,0.2019,0.274,0.2279,0.249,0.24,0.2257,0.2029
0.2661,0.195,0.2411,0.2547,0.2193,0.3393,0.2116,0.2076,0.2277,0.2045,0.2191,0.2212,0.217,0.3018,0.2577,0.2248,0.1711,0.2249,0.2555,0.201,0.2173,0.2228,0.2212,0.197,0.242,0.2203,0.2507,0.2132,0.2681,0.1699,0.1953,0.3588,0.2124,0.2777,0.2086,0.2558,0.2271,0.2363,0.2239,0.2265,0.2912,0.2116,0.2517,0.2386,0.2336,0.2555,0.2355,0.2383,0.2045,0.2633,0.1635,0.2112,0.2451,0.2815,0.2077,0.22,0.2439,0.24,0.2423,0.2662,0.2403,0.2102,0.2228,0.2546,0.2847,0.2217,0.2873,0.2058,0.2019,0.274,0.2279,0.249,0.24,0.2295,0.2029
0.2661,0.195,0.2411,0.2547,0.2193,0.3393,0.2116,0.2076,0.2277,0.2045,0.2191,0.2212,0.217,0.3018,0.2577,0.2248,0.1711,0.2249,0.2555,0.201,0.2173,0.2228,0.2212,0.197,0.242,0.2203,0.2507,0.2132,0.2681,0.1699,0.1953,0.3588,0.2124,0.2777,0.2086,0.2558,0.2271,0.2363,0.2239,0.2265,0.2912,0.2116,0.2517,0.2386,0.2336,0.2555,0.2355,0.2383,0.2045,0.2633,0.1635,0.2112,0.2451,0.2853,0.2077,0.22,0.2439,0.24,0.2423,0.2709,0.2403,0.2102,0.2228,0.2546,0.2847,0.2217,0.2873,0.2058,0.2019,0.274,0.2279,0.249,0.24,0.2295,0.2029
0.2661,0.195,0.2411,0.2547,0.2193,0.3393,0.2116,0.2076,0.2277,0.2045,0.2191,0.2212,0.217,0.3066,0.2577,0.2248,0.1711,0.2249,0.2555,0.201,0.2173,0.2228,0.2212,0.197,0.242,0.2203,0.2507,0.2132,0.2681,0.1699,0.1953,0.3588,0.2124,0.2777,0.2086,0.2558,0.2271,0.2363,0.2239,0.2265,0.2912,0.2116,0.2517,0.2386,0.2336,0.2555,0.2355,0.2383,0.2045,0.2633,0.1635,0.2112,0.2451,0.2853,0.2077,0.22,0.2439,0.24,0.2423,0.2709,0.2403,0.2102,0.2228,0.2546,0.2847,0.2217,0.2873,0.2058,0.2019,0.274,0.2279,0.249,0.24,0.2295,0.2029
0.2661,0.195,0.2411,0.2547,0.2193,0.3393,0.2116,0.2076,0.2277,0.2045,0.2191,0.2212,0.217,0.3066,0.2577,0.2248,0.1711,0.2249,0.2555,0.201,0.2173,0.2228,0.2212,0.197,0.242,0.2203,0.2507,0.2132,0.2681,0.1699,0.1953,0.3588,0.2124,0.2777,0.2086,0.2558,0.2271,0.2363,0.2239,0.2265,0.2912,0.2116,0.2517,0.2386,0.2336,0.2555,0.2355,0.2383,0.2045,0.2633,0.1635,0.2112,0.2451,0.2853,0.2077,0.22,0.2439,0.24,0.2423,0.2709,0.2403,0.2231,0.2228,0.2546,0.2847,0.2217,0.2873,0.2058,0.2019,0.274,0.2279,0.249,0.24,0.2295,0.2029
0.2661,0.195,0.2411,0.2547,0.2193,0.3393,0.2116,0.2076,0.2277,0.2045,0.2191,0.2212,0.217,0.3066,0.2577,0.2248,0.1711,0.2249,0.2555,0.201,0.2173,0.2228,0.2212,0.197,0.242,0.2203,0.2507,0.2132,0.2681,0.1699,0.1953,0.3627,0.2124,0.2777,0.2086,0.2558,0.2271,0.2363,0.2239,0.2352,0.2912,0.2116,0.2517,0.2386,0.2336,0.2555,0.2355,0.2383,0.2045,0.2633,0.1635,0.2112,0.2451,0.2853,0.2077,0.22,0.2439,0.24,0.2423,0.2709,0.2403,0.2231,0.2228,0.2546,0.2847,0.2217,0.2873,0.2058,0.2019,0.274,0.2279,0.249,0.24,0.2295,0.2029
0.2661,0.195,0.2411,0.2547,0.2193,0.3393,0.2116,0.2076,0.2277,0.2045,0.2191,0.2212,0.217,0.3114,0.2577,0.2248,0.1711,0.2249,0.2555,0.201,0.2173,0.2228,0.2212,0.197,0.242,0.2203,0.2507,0.2132,0.2681,0.1699,0.1953,0.3627,0.2124,0.2777,0.2086,0.2558,0.2271,0.2363,0.2239,0.2352,0.2912,0.2116,0.2517,0.2386,0.2336,0.2555,0.2355,0.2383,0.2045,0.2633,0.1635,0.2112,0.2451,0.2853,0.2077,0.22,0.2439,0.24,0.2423,0.2709,0.2403,0.2231,0.2228,0.2546,0.2847,0.2217,0.2873,0.2058,0.2019,0.274,0.2279,0.249,0.24,0.2343,0.2029
0.2661,0.195,0.2411,0.2547,0.2193,0.3393,0.2116,0.2076,0.2277,0.2045,0.2191,0.2212,0.217,0.3114,0.2577,0.2248,0.1711,0.2249,0.2555,0.201,0.2173,0.2228,0.2212,0.197,0.242,0.2203,0.2507,0.2132,0.2681,0.1699,0.1953,0.3627,0.2124,0.2777,0.2086,0.2558,0.2271,0.2363,0.2239,0.2352,0.2912,0.2116,0.2517,0.2386,0.2336,0.2555,0.2355,0.2383,0.2045,0.2633,0.1635,0.2112,0.2451,0.2853,0.2077,0.22,0.2439,0.24,0.2423,0.2709,0.2403,0.2231,0.2228,0.2546,0.2847,0.2217,0.2873,0.2058,0.2019,0.274,0.2279,0.249,0.24,0.2343,0.2029
0.2661,0.195,0.2411,0.2547,0.2193,0.3393,0.2116,0.2076,0.2277,0.2045,0.2191,0.2212,0.217,0.3114,0.2577,0.2248,0.1711,0.2249,0.2555,0.201,0.2173,0.2228,0.2212,0.1979,0.242,0.2203,0.2507,0.2132,0.2681,0.1699,0.1953,0.3627,0.2124,0.2777,0.2086,0.2558,0.2271,0.2411,0.2239,0.2352,0.2912,0.2116,0.2517,0.2386,0.2336,0.2555,0.2355,0.2383,0.2045,0.2633,0.1635,0.2112,0.2451,0.2853,0.2077,0.22,0.2439,0.24,0.2423,0.2709,0.2403,0.2231,0.2228,0.2546,0.2847,0.2217,0.2873,0.2058,0.2019,0.274,0.2279,0.249,0.24,0.2343,0.2029
0.2661,0.195,0.2411,0.2547,0.2193,0.3393,0.2116,0.2076,0.2277,0.2045,0.2191,0.2212,0.217,0.3114,0.2577,0.2248,0.1711,0.2249,0.2555,0.201,0.2173,0.2228,0.2212,0.1979,0.242,0.222,0.2507,0.2132,0.2681,0.1699,0.1953,0.3627,0.2124,0.2777,0.2086,0.2558,0.2271,0.2411,0.2239,0.2352,0.2912,0.2116,0.2517,0.2386,0.2336,0.2555,0.2355,0.2383,0.2045,0.2633,0.1635,0.2112,0.2451,0.2853,0.2077,0.22,0.2439,0.24,0.2423,0.2709,0.2403,0.2231,0.2228,0.2546,0.2847,0.2217,0.2873,0.2058,0.2019,0.274,0.2279,0.249,0.24,0.2343,0.2029
0.2661,0.195,0.2411,0.2547,0.2193,0.3393,0.2116,0.2094,0.2277,0.2045,0.2191,0.2212,0.217,0.3114,0.2577,0.2248,0.1711,0.2249,0.2555,0.201,0.2173,0.2228,0.2212,0.1979,0.242,0.222,0.2507,0.2132,0.2681,0.1699,0.1953,0.3627,0.2124,0.2777,0.2086,0.2558,0.2271,0.2411,0.2239,0.2352,0.2912,0.2116,0.2517,0.2386,0.2336,0.2555,0.2355,0.2383,0.2045,0.2633,0.1635,0.2112,0.2451,0.2853,0.2077,0.22,0.2439,0.24,0.2423,0.2709,0.2403,0.2317,0.2228,0.2546,0.2847,0.2217,0.2873,0.2058,0.2019,0.274,0.2279,0.249,0.24,0.2343,0.2029
0.2661,0.195,0.2411,0.2547,0.2193,0.3393,0.2116,0.2094,0.2277,0.2045,0.2191,0.2212,0.217,0.3114,0.2577,0.2248,0.1711,0.2249,0.2555,0.201,0.2173,0.2228,0.2212,0.1979,0.242,0.222,0.2507,0.2132,0.2681,0.1699,0.1953,0.3627,0.2124,0.2777,0.2086,0.2558,0.2271,0.2411,0.2239,0.2352,0.2912,0.2116,0.2517,0.2386,0.2336,0.2555,0.2355,0.2383,0.2045,0.2633,0.1635,0.2114,0.2451,0.2853,0.2077,0.22,0.2439,0.24,0.2423,0.2709,0.2403,0.2317,0.2228,0.2546,0.2847,0.2217,0.2873,0.2058,0.2019,0.274,0.2279,0.249,0.24,0.2343,0.2029
0.2661,0.195,0.2411,0.2547,0.2193,0.3393,0.2116,0.2094,0.2277,0.2045,0.2191,0.2212,0.217,0.3143,0.2577,0.2248,0.1711,0.2249,0.2555,0.201,0.2173,0.2228,0.2212,0.1979,0.242,0.222,0.2507,0.2132,0.2681,0.1699,0.1953,0.3627,0.2124,0.2777,0.2162,0.2558,0.228,0.2411,0.2239,0.2352,0.2912,0.2116,0.2517,0.2386,0.2336,0.2555,0.2355,0.2383,0.2045,0.2681,0.1635,0.2114,0.2451,0.2853,0.2077,0.22,0.2439,0.24,0.2423,0.2709,0.2403,0.2317,0.2228,0.2546,0.2847,0.2217,0.2873,0.2058,0.2019,0.274,0.2279,0.249,0.24,0.2343,0.2029
0.2661,0.195,0.2411,0.2547,0.2193,0.3393,0.2116,0.2094,0.2277,0.2045,0.2191,0.2212,0.217,0.3143,0.2577,0.2248,0.1711,0.2249,0.2555,0.201,0.2173,0.2228,0.2212,0.1979,0.242,0.222,0.2507,0.2132,0.2681,0.1699,0.1953,0.3627,0.2124,0.2777,0.2162,0.2558,0.228,0.2411,0.2239,0.2352,0.2912,0.2116,0.2517,0.2386,0.2336,0.2555,0.2355,0.2383,0.2045,0.2681,0.1635,0.2114,0.2451,0.2853,0.2077,0.22,0.2439,0.2448,0.2423,0.2709,0.2403,0.2317,0.2228,0.2546,0.2847,0.2217,0.2873,0.2058,0.2019,0.274,0.2279,0.249,0.2448,0.2343,0.2029
0.2661,0.195,0.2411,0.2547,0.2193,0.3393,0.2116,0.2094,0.2277,0.2045,0.2191,0.2212,0.217,0.3143,0.2577,0.2248,0.1711,0.2249,0.2555,0.201,0.2173,0.2228,0.2212,0.1979,0.242,0.222,0.2507,0.2132,0.2681,0.1699,0.1953,0.3627,0.2124,0.2777,0.2162,0.2558,0.228,0.2411,0.2239,0.2352,0.2912,0.2116,0.2517,0.2386,0.2336,0.2555,0.2355,0.2383,0.2045,0.2681,0.1635,0.2161,0.2451,0.2853,0.2077,0.22,0.2439,0.2448,0.2423,0.2709,0.2403,0.2317,0.2228,0.2546,0.2847,0.2265,0.2873,0.2058,0.2019,0.274,0.2279,0.249,0.2448,0.2343,0.2029
0.2661,0.195,0.2411,0.2547,0.2193,0.3393,0.2116,0.2094,0.2277,0.2045,0.2191,0.2212,0.217,0.3143,0.2577,0.2248,0.1711,0.2249,0.2555,0.201,0.2173,0.2228,0.2212,0.1979,0.242,0.222,0.2507,0.2132,0.2681,0.1699,0.1953,0.3627,0.2124,0.2777,0.2162,0.2558,0.228,0.2411,0.2239,0.2352,0.2912,0.2116,0.2517,0.2386,0.2336,0.2555,0.2355,0.2383,0.2045,0.2681,0.1635,0.2161,0.2451,0.2853,0.2077,0.22,0.2439,0.2448,0.2423,0.2709,0.2403,0.2317,0.2228,0.2546,0.2847,0.2265,0.2873,0.2058,0.2019,0.274,0.2279,0.249,0.2448,0.2343,0.2029
0.2661,0.195,0.2411,0.2547,0.2193,0.3393,0.2116,0.2094,0.2277,0.2045,0.2191,0.2212,0.217,0.3143,0.2577,0.2248,0.1711,0.2249,0.2555,0.201,0.2173,0.2228,0.2212,0.1979,0.242,0.222,0.2507,0.2132,0.2681,0.1699,0.1953,0.3627,0.2124,0.2777,0.2162,0.2558,0.228,0.2411,0.2239,0.2352,0.2912,0.2116,0.2517,0.2386,0.2336,0.2555,0.2355,0.2383,0.2045,0.2681,0.1635,0.2161,0.2451,0.2853,0.2077,0.22,0.2439,0.2448,0.2423,0.2709,0.2403,0.2317,0.2228,0.2546,0.2847,0.2265,0.2873,0.2058,0.2019,0.274,0.2279,0.249,0.2448,0.2343,0.2029
0.2661,0.195,0.2411,0.2547,0.2193,0.3393,0.2116,0.2094,0.2277,0.2045,0.2191,0.2212,0.217,0.3143,0.2577,0.2248,0.1711,0.2249,0.2555,0.201,0.2173,0.2228,0.2212,0.1979,0.242,0.222,0.2507,0.2132,0.2681,0.1699,0.1953,0.3627,0.2124,0.2777,0.2162,0.2558,0.228,0.2411,0.2239,0.2352,0.2912,0.2133,0.2517,0.2386,0.2336,0.2555,0.2355,0.2383,0.2045,0.2681,0.1635,0.2161,0.2451,0.2853,0.2077,0.22,0.2439,0.2448,0.2423,0.2709,0.2403,0.2317,0.2228,0.2546,0.2847,0.2265,0.2873,0.2058,0.2019,0.274,0.2279,0.249,0.2448,0.2343,0.2029
0.2661,0.195,0.2411,0.2547,0.2193,0.3393,0.2116,0.2094,0.2277,0.2045,0.2191,0.2212,0.217,0.3143,0.2577,0.2248,0.1711,0.2249,0.2555,0.201,0.2173,0.2228,0.2212,0.1979,0.242,0.222,0.2507,0.2132,0.2681,0.1699,0.1953,0.3627,0.2124,0.2777,0.2162,0.2558,0.228,0.2411,0.2239,0.2352,0.2912,0.2133,0.2517,0.2386,0.2336,0.2555,0.2355,0.2383,0.2045,0.2681,0.1635,0.2161,0.2451,0.2853,0.2077,0.22,0.2439,0.2448,0.2423,0.2709,0.2403,0.2317,0.2228,0.2546,0.2847,0.2265,0.2873,0.2058,0.2019,0.274,0.2279,0.249,0.2448,0.2343,0.2029
0.2661,0.1979,0.2411,0.2547,0.2193,0.3393,0.2116,0.2094,0.2277,0.2045,0.2191,0.2212,0.217,0.3143,0.2577,0.2248,0.1711,0.2249,0.2603,0.201,0.2173,0.2228,0.2212,0.1979,0.242,0.222,0.2507,0.2132,0.2681,0.1699,0.1953,0.3627,0.2124,0.2777,0.2162,0.2558,0.228,0.2411,0.2239,0.2352,0.2912,0.2133,0.2517,0.2386,0.2336,0.2555,0.2355,0.2383,0.2045,0.2681,0.1635,0.2161,0.2451,0.2853,0.2077,0.22,0.2439,0.2448,0.2423,0.2709,0.2403,0.2317,0.2228,0.2546,0.2847,0.2265,0.2873,0.2058,0.2019,0.274,0.2279,0.249,0.2448,0.2343,0.2029
0.2661,0.1999,0.2411,0.2547,0.2193,0.3393,0.2116,0.2094,0.2277,0.2045,0.2191,0.2212,0.217,0.3143,0.2577,0.2248,0.1711,0.2249,0.2603,0.201,0.2173,0.2228,0.2212,0.1979,0.242,0.222,0.2507,0.2132,0.2681,0.1699,0.1953,0.3627,0.2124,0.2777,0.2162,0.2558,0.228,0.2411,0.2239,0.2352,0.2942,0.2133,0.2517,0.2386,0.2336,0.2555,0.2355,0.2383,0.2045,0.2681,0.1635,0.2199,0.2451,0.2853,0.2077,0.22,0.2439,0.2448,0.2423,0.2709,0.2403,0.2317,0.2228,0.2546,0.2847,0.2265,0.2873,0.2058,0.2019,0.274,0.2279,0.249,0.2448,0.2343,0.2029
0.2661,0.1999,0.2411,0.2547,0.2193,0.3393,0.2116,0.2094,0.2277,0.2045,0.2191,0.2212,0.217,0.3143,0.2577,0.2248,0.1711,0.2249,0.2603,0.201,0.2173,0.2228,0.2212,0.1979,0.242,0.2279,0.2507,0.2132,0.2681,0.1699,0.1953,0.3627,0.2124,0.2777,0.2162,0.2565,0.228,0.245,0.2239,0.2352,0.2942,0.2133,0.2517,0.2386,0.2336,0.2555,0.2355,0.2383,0.2045,0.2681,0.1635,0.2199,0.2451,0.2853,0.2077,0.22,0.2439,0.2448,0.2423,0.2709,0.2403,0.2317,0.2228,0.2546,0.2847,0.24,0.2873,0.2058,0.2019,0.274,0.2279,0.249,0.2448,0.2343,0.2029
0.2661,0.1999,0.2411,0.2547,0.2193,0.3393,0.2116,0.2094,0.2277,0.2045,0.2191,0.2212,0.217,0.3143,0.2577,0.2248,0.1711,0.2249,0.2603,0.201,0.2173,0.2228,0.2212,0.1979,0.242,0.2279,0.2507,0.2132,0.2681,0.1699,0.1953,0.3627,0.2124,0.2777,0.2162,0.2565,0.228,0.245,0.2239,0.2352,0.2942,0.2133,0.2517,0.2386,0.2336,0.2555,0.2355,0.2383,0.2045,0.2681,0.1635,0.2199,0.2451,0.2853,0.2077,0.22,0.2439,0.2448,0.2423,0.2805,0.2403,0.2317,0.2228,0.2546,0.2847,0.24,0.2873,0.2058,0.2019,0.274,0.2279,0.249,0.2448,0.2343,0.2029
0.2661,0.1999,0.2411,0.2547,0.2193,0.3393,0.2116,0.2094,0.2277,0.2045,0.2191,0.2212,0.217,0.3143,0.2577,0.2248,0.1711,0.2249,0.2603,0.201,0.2173,0.2228,0.2212,0.1979,0.242,0.2279,0.2507,0.2132,0.2681,0.1699,0.1953,0.3627,0.2124,0.2777,0.2288,0.2565,0.228,0.245,0.2239,0.2352,0.2942,0.2133,0.2517,0.2386,0.2336,0.2555,0.2355,0.2383,0.2045,0.2681,0.1635,0.2199,0.2451,0.2853,0.2077,0.22,0.2439,0.2448,0.2423,0.2805,0.2403,0.2317,0.2228,0.2546,0.2847,0.24,0.2873,0.2058,0.2019,0.274,0.2279,0.249,0.2448,0.2343,0.2029
0.2661,0.1999,0.2411,0.2547,0.2193,0.3393,0.2116,0.2094,0.2277,0.2045,0.2191,0.2212,0.217,0.3143,0.2577,0.2248,0.1711,0.2249,0.2603,0.201,0.2173,0.2228,0.2212,0.1979,0.242,0.2279,0.2507,0.2132,0.2681,0.1699,0.1953,0.3627,0.2124,0.2777,0.2288,0.2574,0.228,0.245,0.2316,0.2352,0.2942,0.2133,0.2517,0.2386,0.2336,0.2555,0.2355,0.2431,0.2045,0.2681,0.1635,0.2199,0.2451,0.2853,0.2077,0.22,0.2439,0.2497,0.2423,0.2805,0.2403,0.2317,0.2228,0.2546,0.2847,0.24,0.2873,0.2058,0.2019,0.274,0.2279,0.249,0.2448,0.2372,0.2029
0.2661,0.1999,0.2411,0.2547,0.2193,0.3393,0.2116,0.2094,0.2277,0.2045,0.2191,0.2212,0.217,0.3143,0.2577,0.2248,0.1711,0.2249,0.2603,0.201,0.2173,0.2228,0.2212,0.1979,0.242,0.2279,0.2507,0.2132,0.2681,0.1699,0.1953,0.3627,0.2124,0.2777,0.2288,0.2574,0.228,0.245,0.2316,0.2352,0.2942,0.2133,0.2517,0.2386,0.2336,0.2555,0.2355,0.2431,0.2045,0.2681,0.1635,0.2199,0.2451,0.2853,0.2077,0.22,0.2439,0.2497,0.2423,0.2805,0.2403,0.2317,0.2228,0.2546,0.2847,0.24,0.2873,0.2058,0.2019,0.274,0.2279,0.249,0.2448,0.2372,0.2029
0.2661,0.1999,0.2411,0.2547,0.2193,0.3393,0.2116,0.2094,0.2277,0.2045,0.2191,0.2212,0.217,0.3143,0.2577,0.2248,0.1711,0.2249,0.2603,0.201,0.2173,0.2228,0.2212,0.1979,0.242,0.2279,0.2507,0.2132,0.2681,0.1699,0.1953,0.3627,0.2124,0.2777,0.2288,0.2574,0.228,0.245,0.2316,0.2352,0.296,0.2133,0.2517,0.2386,0.2336,0.2555,0.2355,0.2431,0.2045,0.2681,0.1635,0.2285,0.2451,0.2853,0.2077,0.22,0.2439,0.2497,0.2423,0.2805,0.2403,0.2317,0.2228,0.2546,0.2847,0.24,0.2873,0.2058,0.2019,0.274,0.2279,0.249,0.2448,0.2372,0.2029
0.2661,0.1999,0.2411,0.2547,0.2193,0.3393,0.2116,0.2094,0.2277,0.2045,0.2191,0.2212,0.217,0.3143,0.2577,0.2248,0.1711,0.2249,0.2603,0.201,0.2173,0.2228,0.2212,0.1979,0.242,0.2279,0.2507,0.2132,0.2681,0.1699,0.1953,0.3627,0.2124,0.2777,0.2288,0.2613,0.228,0.245,0.2316,0.2352,0.296,0.2133,0.2517,0.2386,0.2336,0.2555,0.2355,0.2431,0.2045,0.2681,0.1635,0.2285,0.2451,0.2853,0.2077,0.22,0.2439,0.2497,0.2423,0.2805,0.2403,0.2317,0.2228,0.2546,0.2847,0.24,0.2873,0.2058,0.2019,0.274,0.2279,0.249,0.2448,0.2372,0.2029
0.2661,0.1999,0.2411,0.2547,0.2193,0.3393,0.2116,0.2094,0.2277,0.2045,0.2191,0.2212,0.217,0.3143,0.2577,0.2248,0.1711,0.2249,0.2603,0.201,0.2173,0.2228,0.2212,0.1979,0.242,0.2279,0.2507,0.2132,0.2681,0.1699,0.1953,0.3627,0.2124,0.2777,0.2288,0.2652,0.228,0.245,0.2316,0.2352,0.296,0.2133,0.2517,0.2386,0.2336,0.2555,0.2355,0.2431,0.2045,0.2681,0.1635,0.2285,0.2451,0.2853,0.2077,0.22,0.2439,0.2497,0.2423,0.2805,0.2403,0.2317,0.2228,0.2546,0.2847,0.24,0.2873,0.2058,0.2019,0.274,0.2279,0.249,0.2448,0.2372,0.2029
0.2661,0.1999,0.2411,0.2547,0.2193,0.3393,0.2116,0.2094,0.2277,0.2045,0.2191,0.2212,0.217,0.3143,0.2577,0.2248,0.1711,0.2249,0.2603,0.201,0.2173,0.2228,0.2212,0.1979,0.242,0.2279,0.2507,0.2132,0.2681,0.1699,0.1953,0.3627,0.2124,0.2777,0.2288,0.269,0.228,0.245,0.2316,0.2352,0.296,0.2133,0.2517,0.2386,0.2336,0.2555,0.2355,0.2431,0.2045,0.2681,0.1635,0.2285,0.2451,0.2853,0.2077,0.22,0.2439,0.2497,0.2423,0.2805,0.2616,0.2317,0.2228,0.2546,0.2847,0.24,0.2873,0.2058,0.2019,0.274,0.2279,0.249,0.2448,0.2372,0.2029
0.2661,0.1999,0.2411,0.2547,0.2193,0.3393,0.2116,0.2094,0.2277,0.2045,0.2191,0.2212,0.217,0.3143,0.2577,0.2248,0.1711,0.2249,0.2603,0.201,0.2173,0.2228,0.2212,0.1979,0.242,0.2279,0.2507,0.2132,0.2681,0.1699,0.1953,0.3627,0.2124,0.2777,0.2288,0.269,0.228,0.245,0.2316,0.2352,0.296,0.2133,0.2517,0.2386,0.2336,0.2555,0.2355,0.2431,0.2045,0.2681,0.1635,0.2285,0.2451,0.2853,0.2077,0.22,0.2439,0.2497,0.2423,0.2805,0.2616,0.2317,0.2228,0.2546,0.2847,0.24,0.2873,0.2058,0.2019,0.274,0.2279,0.249,0.2448,0.2372,0.2029
0.2661,0.1999,0.2411,0.2547,0.2193,0.3393,0.2116,0.2094,0.2277,0.2045,0.2191,0.2212,0.217,0.3143,0.2577,0.2248,0.1711,0.2249,0.2603,0.201,0.2173,0.2228,0.2212,0.1979,0.242,0.2279,0.2507,0.2132,0.2681,0.1699,0.1953,0.3627,0.2124,0.2777,0.2288,0.269,0.228,0.245,0.2316,0.2352,0.296,0.2133,0.2517,0.2386,0.2336,0.2555,0.2355,0.2431,0.2045,0.2681,0.1635,0.2285,0.2451,0.2853,0.2077,0.22,0.2439,0.2497,0.2423,0.2805,0.2616,0.2317,0.2228,0.2546,0.2847,0.24,0.2873,0.2058,0.2019,0.274,0.2279,0.249,0.2448,0.2372,0.2029
0.2661,0.1999,0.2411,0.2547,0.2193,0.3393,0.2116,0.2094,0.2277,0.2045,0.2191,0.2212,0.217,0.3143,0.2577,0.2248,0.1711,0.2249,0.2603,0.201,0.2173,0.2228,0.2212,0.1979,0.242,0.2279,0.2507,0.2132,0.2681,0.1699,0.1953,0.3627,0.2124,0.2777,0.2288,0.269,0.228,0.245,0.2316,0.2352,0.296,0.2133,0.2517,0.2386,0.2336,0.2555,0.2355,0.2431,0.2045,0.2681,0.1635,0.2285,0.2451,0.2853,0.2077,0.22,0.2439,0.2497,0.2423,0.2805,0.2616,0.2317,0.2228,0.2546,0.2847,0.24,0.2873,0.2058,0.2019,0.274,0.2279,0.249,0.2448,0.2372,0.2029
0.2661,0.1999,0.2411,0.2547,0.2193,0.3393,0.2116,0.2094,0.2277,0.2064,0.2191,0.2212,0.217,0.3143,0.2577,0.2248,0.1711,0.2249,0.2603,0.201,0.2173,0.2228,0.2212,0.1979,0.242,0.2279,0.2507,0.2132,0.2681,0.1699,0.1953,0.3627,0.2124,0.2777,0.2288,0.269,0.228,0.245,0.2316,0.2352,0.296,0.2133,0.2517,0.2386,0.2336,0.2555,0.2355,0.2431,0.2045,0.2681,0.1635,0.2285,0.2451,0.2853,0.2077,0.22,0.2439,0.2497,0.2423,0.2805,0.2616,0.2317,0.2228,0.2546,0.2847,0.24,0.2873,0.2058,0.2019,0.274,0.2279,0.249,0.2448,0.2372,0.2029
0.2661,0.1999,0.2411,0.2547,0.2193,0.3393,0.2116,0.2094,0.2277,0.2112,0.2191,0.2212,0.217,0.3143,0.2577,0.2248,0.1711,0.2249,0.2603,0.201,0.2173,0.2228,0.2212,0.1979,0.242,0.2279,0.2507,0.2132,0.2681,0.1699,0.1953,0.3627,0.2124,0.2777,0.2288,0.269,0.228,0.245,0.2316,0.2352,0.296,0.2133,0.2517,0.2386,0.2336,0.2555,0.2355,0.2431,0.2045,0.2681,0.1635,0.2285,0.2451,0.2853,0.2077,0.22,0.2439,0.2497,0.2423,0.2844,0.2616,0.2404,0.2228,0.2546,0.2847,0.24,0.2873,0.2058,0.2019,0.274,0.2279,0.249,0.2448,0.2372,0.2029
0.2661,0.1999,0.2411,0.2547,0.2193,0.3393,0.2116,0.2094,0.2277,0.2112,0.2191,0.2212,0.217,0.3143,0.2577,0.2248,0.1711,0.2249,0.2603,0.201,0.2173,0.2228,0.2212,0.1979,0.242,0.2279,0.2507,0.2132,0.2681,0.1699,0.1953,0.3627,0.2124,0.2777,0.2288,0.269,0.228,0.245,0.2316,0.2352,0.296,0.2133,0.2517,0.2386,0.2336,0.2555,0.2355,0.2431,0.2045,0.2681,0.1635,0.2307,0.2451,0.2853,0.2077,0.22,0.2439,0.2497,0.2423,0.2844,0.2616,0.2404,0.2228,0.2546,0.2847,0.24,0.2873,0.2058,0.2019,0.274,0.2279,0.249,0.2448,0.2372,0.2029
0.2661,0.1999,0.2411,0.2547,0.2193,0.3393,0.2116,0.2094,0.2277,0.2112,0.2191,0.2212,0.217,0.3143,0.2577,0.2248,0.1711,0.2249,0.2603,0.201,0.2173,0.2228,0.2212,0.1979,0.242,0.2279,0.2507,0.2132,0.2681,0.1699,0.1953,0.3627,0.2124,0.2777,0.2288,0.2738,0.228,0.245,0.2316,0.2352,0.296,0.2133,0.2517,0.2386,0.2336,0.2555,0.2355,0.2431,0.2045,0.2681,0.1635,0.2307,0.2451,0.2853,0.2077,0.22,0.2439,0.2497,0.2423,0.2844,0.2616,0.2404,0.2228,0.2546,0.2847,0.24,0.2873,0.2058,0.2019,0.274,0.2279,0.249,0.2448,0.2372,0.2029
0.2661,0.1999,0.2411,0.2547,0.2193,0.3393,0.2116,0.2094,0.2277,0.2112,0.2191,0.2212,0.217,0.3143,0.2577,0.2248,0.1711,0.2249,0.2603,0.201,0.2173,0.2228,0.2212,0.1979,0.242,0.2279,0.2507,0.2132,0.2681,0.1699,0.1953,0.3627,0.2124,0.2777,0.2288,0.2738,0.228,0.245,0.2316,0.2352,0.296,0.2133,0.2517,0.2386,0.2336,0.2555,0.2355,0.2431,0.2045,0.2681,0.1635,0.2307,0.2451,0.2853,0.2077,0.22,0.2439,0.2497,0.2423,0.2844,0.2616,0.2404,0.2228,0.2546,0.2847,0.24,0.2873,0.2058,0.2019,0.274,0.2279,0.249,0.2448,0.2372,0.2029
0.2661,0.1999,0.2411,0.2547,0.2193,0.3393,0.2116,0.2094,0.2277,0.2112,0.2191,0.2212,0.217,0.3143,0.2577,0.2248,0.1711,0.2249,0.2603,0.201,0.2173,0.2228,0.2212,0.1979,0.242,0.2279,0.2507,0.2132,0.2681,0.1699,0.1953,0.3627,0.2124,0.2777,0.2288,0.2738,0.228,0.245,0.2316,0.2352,0.296,0.2133,0.2517,0.2386,0.2336,0.2555,0.2355,0.2431,0.2045,0.2681,0.1635,0.2307,0.2451,0.2853,0.2077,0.22,0.2439,0.2497,0.2423,0.2844,0.2616,0.2404,0.2228,0.2546,0.2847,0.24,0.2873,0.2058,0.2019,0.274,0.2279,0.249,0.2448,0.2372,0.2029
0.2757,0.1999,0.2411,0.2547,0.2193,0.3393,0.2116,0.2094,0.2277,0.216,0.2191,0.2212,0.217,0.3143,0.2577,0.2248,0.1711,0.2249,0.2603,0.201,0.2173,0.2228,0.2212,0.1979,0.242,0.2279,0.2507,0.2132,0.2681,0.1699,0.1953,0.3627,0.2124,0.2777,0.2288,0.2748,0.228,0.245,0.2316,0.2352,0.296,0.2133,0.2517,0.2386,0.2336,0.2555,0.2355,0.2431,0.2045,0.2681,0.1635,0.2422,0.2451,0.2853,0.2077,0.22,0.2439,0.2497,0.2423,0.2844,0.2616,0.2404,0.2228,0.2546,0.2847,0.24,0.2873,0.2058,0.2019,0.274,0.2279,0.249,0.2448,0.2372,0.2029
0.2757,0.1999,0.2411,0.2547,0.2193,0.3393,0.2116,0.2094,0.2277,0.216,0.2191,0.2212,0.217,0.3143,0.2577,0.2248,0.1711,0.2249,0.2603,0.201,0.2173,0.2228,0.2212,0.1979,0.242,0.2279,0.2507,0.2132,0.2681,0.1699,0.1953,0.3627,0.2124,0.2777,0.2288,0.2748,0.228,0.245,0.2316,0.2352,0.296,0.2133,0.2517,0.2386,0.2336,0.2555,0.2355,0.2431,0.2045,0.2681,0.1635,0.2422,0.2451,0.2853,0.2077,0.22,0.2439,0.2497,0.2423,0.2844,0.2616,0.2404,0.2228,0.2546,0.2847,0.24,0.2873,0.2058,0.2019,0.274,0.2279,0.249,0.2448,0.2372,0.2029
0.2757,0.1999,0.2411,0.2547,0.2193,0.3393,0.2116,0.2094,0.2277,0.216,0.2191,0.2212,0.217,0.3143,0.2577,0.2248,0.1711,0.2249,0.2603,0.201,0.2173,0.2228,0.2212,0.1979,0.242,0.2279,0.2507,0.2132,0.2681,0.1699,0.1953,0.3627,0.2124,0.2777,0.2288,0.2748,0.228,0.245,0.2316,0.2352,0.296,0.2133,0.2517,0.2386,0.2336,0.2555,0.2355,0.2431,0.2045,0.2681,0.1635,0.2422,0.2451,0.2853,0.2077,0.22,0.2439,0.2497,0.2423,0.2844,0.2616,0.2404,0.2228,0.2546,0.2847,0.24,0.2873,0.2058,0.2019,0.274,0.2279,0.249,0.2448,0.2372,0.2029
0.2757,0.1999,0.2411,0.2547,0.2193,0.3393,0.2116,0.2094,0.2277,0.216,0.2191,0.2212,0.217,0.3143,0.2673,0.2248,0.1711,0.2249,0.2603,0.201,0.2173,0.2228,0.2212,0.1979,0.242,0.2279,0.2507,0.2132,0.2681,0.1699,0.1953,0.3627,0.2124,0.2777,0.2288,0.2748,0.228,0.245,0.2316,0.2352,0.296,0.2133,0.2517,0.2386,0.2336,0.2555,0.2355,0.2431,0.2045,0.2681,0.1635,0.2422,0.2451,0.2853,0.2077,0.22,0.2439,0.2497,0.2423,0.2844,0.2616,0.2404,0.2228,0.2546,0.2847,0.24,0.2873,0.2058,0.2019,0.274,0.2279,0.249,0.2448,0.2372,0.2029
0.2757,0.1999,0.2411,0.2547,0.2193,0.3393,0.2116,0.2094,0.2277,0.2208,0.2191,0.2212,0.217,0.3143,0.2673,0.2248,0.1711,0.2249,0.2603,0.201,0.2173,0.2228,0.2212,0.1979,0.242,0.2279,0.2507,0.2132,0.2681,0.1699,0.1953,0.3627,0.2124,0.2777,0.2288,0.2767,0.228,0.2603,0.2316,0.2352,0.296,0.2133,0.2517,0.2386,0.2336,0.2555,0.2355,0.2431,0.2045,0.2681,0.1635,0.2422,0.2451,0.2853,0.2077,0.22,0.2439,0.2497,0.2423,0.2844,0.2616,0.2404,0.2228,0.2546,0.2847,0.24,0.2873,0.2058,0.2019,0.274,0.2279,0.249,0.2497,0.2372,0.2029
0.2757,0.1999,0.2411,0.2547,0.2193,0.3393,0.2116,0.2094,0.2277,0.2208,0.2191,0.2212,0.217,0.3143,0.2673,0.2248,0.1711,0.2249,0.2603,0.201,0.2173,0.2228,0.2212,0.1979,0.242,0.2279,0.2507,0.2132,0.2681,0.1699,0.1953,0.3627,0.2124,0.2777,0.2288,0.2767,0.228,0.2603,0.2316,0.2352,0.296,0.218,0.2517,0.2386,0.2336,0.2555,0.2355,0.2431,0.2045,0.2681,0.1635,0.2422,0.2451,0.2853,0.2077,0.22,0.2439,0.2497,0.2423,0.2844,0.2616,0.2404,0.2228,0.2546,0.2847,0.24,0.2873,0.2058,0.2019,0.274,0.2279,0.249,0.2497,0.2372,0.2029
0.2757,0.1999,0.2411,0.2547,0.2193,0.3393,0.2116,0.2094,0.2277,0.2208,0.2191,0.2212,0.217,0.3143,0.2673,0.2248,0.1711,0.2249,0.2729,0.201,0.2173,0.2228,0.2212,0.1979,0.242,0.2279,0.2507,0.2132,0.2681,0.1699,0.1953,0.3627,0.2124,0.2777,0.2288,0.2767,0.228,0.2603,0.2316,0.2352,0.3038,0.218,0.2517,0.2386,0.2336,0.2555,0.2355,0.2431,0.2045,0.2681,0.1635,0.2422,0.2451,0.2853,0.2077,0.22,0.2439,0.2497,0.2423,0.2844,0.2616,0.2404,0.2228,0.2546,0.2847,0.24,0.2873,0.2058,0.2019,0.274,0.2279,0.249,0.2497,0.2372,0.2029
0.2757,0.1999,0.2411,0.2547,0.2193,0.3393,0.2134,0.2094,0.2277,0.2208,0.2191,0.2212,0.217,0.3143,0.2673,0.2248,0.1711,0.2249,0.2729,0.201,0.2173,0.2228,0.2212,0.1979,0.242,0.2279,0.2507,0.2132,0.2681,0.1699,0.1953,0.3627,0.2124,0.2777,0.2288,0.2767,0.228,0.2603,0.2316,0.2352,0.3038,0.218,0.2517,0.2386,0.2336,0.2555,0.2355,0.2431,0.2045,0.2681,0.1635,0.2422,0.2451,0.2853,0.2077,0.22,0.2439,0.2497,0.2423,0.2844,0.2616,0.2404,0.2228,0.2546,0.2847,0.24,0.2873,0.2058,0.2019,0.274,0.2279,0.249,0.2497,0.2372,0.2029
0.2892,0.1999,0.2411,0.2547,0.2193,0.3393,0.2134,0.2094,0.2277,0.2208,0.2191,0.2212,0.217,0.3143,0.2673,0.2248,0.1711,0.2249,0.2729,0.201,0.2173,0.2228,0.2212,0.1979,0.242,0.2279,0.2507,0.2132,0.2681,0.1699,0.1953,0.3627,0.2124,0.2894,0.2288,0.2767,0.228,0.2603,0.2316,0.2352,0.3038,0.218,0.2517,0.2386,0.2336,0.2555,0.2355,0.2431,0.2045,0.2681,0.1635,0.2422,0.2451,0.2853,0.2077,0.22,0.2439,0.2497,0.2423,0.2844,0.2616,0.2404,0.2228,0.2546,0.2847,0.24,0.2873,0.2058,0.2019,0.274,0.2279,0.249,0.2497,0.2372,0.2029
0.2892,0.1999,0.2411,0.2547,0.2193,0.3393,0.2134,0.2094,0.2277,0.2208,0.2191,0.2212,0.217,0.3143,0.2673,0.2248,0.1711,0.2249,0.2729,0.201,0.2173,0.2228,0.2212,0.1979,0.242,0.2279,0.2507,0.2132,0.2681,0.1699,0.1953,0.3627,0.2124,0.2894,0.2288,0.2767,0.228,0.2603,0.2316,0.2352,0.3038,0.218,0.2517,0.2386,0.2336,0.2555,0.2355,0.2431,0.2045,0.2681,0.1635,0.2422,0.2451,0.2853,0.2077,0.22,0.2439,0.2497,0.2423,0.2844,0.2616,0.2404,0.2228,0.2546,0.2847,0.24,0.2873,0.2058,0.2019,0.274,0.2279,0.249,0.2497,0.2372,0.2029
0.2892,0.1999,0.2411,0.2547,0.2193,0.3393,0.2134,0.2094,0.2277,0.2208,0.2191,0.2212,0.217,0.3143,0.2673,0.2248,0.1711,0.2249,0.2729,0.201,0.2173,0.2228,0.2212,0.1979,0.242,0.2279,0.2507,0.2132,0.2681,0.1699,0.1953,0.3627,0.2124,0.2894,0.2288,0.2767,0.228,0.2603,0.2316,0.2352,0.3038,0.218,0.2517,0.2386,0.2336,0.2555,0.2355,0.2431,0.2045,0.2681,0.1635,0.2422,0.2451,0.2853,0.2077,0.22,0.2439,0.2497,0.2423,0.2844,0.2616,0.2404,0.2228,0.2546,0.2847,0.24,0.2873,0.2058,0.2019,0.274,0.2279,0.249,0.2497,0.2372,0.2029
0.2892,0.1999,0.2411,0.2547,0.2193,0.3393,0.2134,0.2094,0.2277,0.2208,0.2191,0.2212,0.217,0.3143,0.2673,0.2248,0.1711,0.2249,0.2729,0.201,0.2173,0.2228,0.2212,0.1979,0.242,0.2279,0.2507,0.2132,0.2681,0.1699,0.1953,0.3627,0.2124,0.2894,0.2288,0.2767,0.228,0.2603,0.2316,0.2352,0.3038,0.218,0.2517,0.2386,0.2336,0.2555,0.2355,0.2431,0.2045,0.2681,0.1635,0.2422,0.2451,0.2853,0.2077,0.22,0.2439,0.2497,0.2423,0.2844,0.2616,0.2404,0.2228,0.2546,0.2847,0.24,0.2873,0.2058,0.2019,0.274,0.2279,0.249,0.2497,0.2372,0.2029
0.2892,0.1999,0.2411,0.2547,0.2193,0.3393,0.2134,0.2094,0.2277,0.2208,0.2191,0.2212,0.217,0.3143,0.2673,0.2248,0.1711,0.2249,0.2729,0.201,0.2173,0.2228,0.2212,0.1979,0.242,0.2279,0.2507,0.2132,0.2681,0.1699,0.1953,0.3627,0.2124,0.2894,0.2288,0.2787,0.2328,0.2603,0.2316,0.2352,0.3038,0.218,0.2517,0.2386,0.2336,0.2555,0.2355,0.2431,0.2045,0.2681,0.1635,0.2422,0.2451,0.2853,0.2077,0.22,0.2439,0.2497,0.2423,0.2844,0.2616,0.2404,0.2228,0.2546,0.2847,0.24,0.2873,0.2058,0.2019,0.274,0.2279,0.249,0.2497,0.2372,0.2029
0.2892,0.1999,0.2411,0.2547,0.2193,0.3393,0.2134,0.2094,0.2277,0.2208,0.2191,0.2212,0.217,0.3143,0.2673,0.2248,0.1711,0.2249,0.2729,0.201,0.2173,0.2228,0.2212,0.1979,0.242,0.2279,0.2507,0.2132,0.2681,0.1699,0.1953,0.3627,0.2124,0.2894,0.2288,0.2787,0.2328,0.2603,0.2316,0.2352,0.3038,0.218,0.2517,0.2386,0.2336,0.2555,0.2355,0.2431,0.2045,0.2681,0.1635,0.2422,0.2451,0.2853,0.2077,0.22,0.2439,0.2497,0.2423,0.2844,0.2616,0.2404,0.2228,0.2546,0.2847,0.2448,0.2873,0.2058,0.2019,0.274,0.2279,0.249,0.2497,0.2372,0.2029
0.2892,0.1999,0.2411,0.2547,0.2193,0.3393,0.2134,0.2094,0.2277,0.2208,0.2191,0.2212,0.217,0.3143,0.2673,0.2248,0.1711,0.2249,0.2729,0.201,0.2173,0.2228,0.2212,0.1979,0.242,0.2279,0.2507,0.2132,0.2681,0.1699,0.1953,0.3627,0.2124,0.2894,0.2288,0.2787,0.2328,0.2603,0.2316,0.2352,0.3038,0.218,0.2517,0.2386,0.2336,0.2555,0.2355,0.2431,0.2045,0.2681,0.1635,0.2422,0.2451,0.2853,0.2077,0.22,0.2439,0.2497,0.2423,0.2844,0.2616,0.2404,0.2228,0.2546,0.2847,0.2448,0.2873,0.2058,0.2019,0.274,0.2279,0.249,0.2497,0.2382,0.2029
0.2892,0.1999,0.2411,0.2547,0.2193,0.3393,0.2134,0.2094,0.2277,0.2208,0.2191,0.2212,0.217,0.3143,0.2673,0.2248,0.1711,0.2249,0.2729,0.201,0.2173,0.2228,0.2212,0.1979,0.242,0.2279,0.2729,0.2132,0.2681,0.1699,0.1953,0.3627,0.2124,0.2894,0.2288,0.2787,0.2328,0.2603,0.2316,0.2352,0.3038,0.218,0.2517,0.2386,0.2336,0.2555,0.2355,0.2431,0.2045,0.2681,0.1635,0.2422,0.2451,0.2853,0.2077,0.22,0.2478,0.2497,0.2423,0.2844,0.2616,0.2404,0.2228,0.2546,0.2847,0.2448,0.2873,0.2058,0.2019,0.274,0.2279,0.249,0.2497,0.2382,0.2029
0.2892,0.1999,0.2411,0.2547,0.2193,0.3393,0.2134,0.2094,0.2277,0.2208,0.2191,0.2212,0.217,0.3143,0.2673,0.2248,0.1711,0.2249,0.2729,0.201,0.2173,0.2228,0.2212,0.2018,0.242,0.2279,0.2729,0.2132,0.2681,0.1699,0.1953,0.3627,0.2124,0.2894,0.2288,0.2787,0.2328,0.2603,0.2316,0.2352,0.3038,0.218,0.2517,0.2386,0.2336,0.2555,0.2355,0.2431,0.2045,0.2681,0.1635,0.2422,0.2451,0.2853,0.2077,0.22,0.2487,0.2517,0.2423,0.2844,0.2616,0.2404,0.2228,0.2546,0.2847,0.2448,0.2873,0.2058,0.2019,0.2749,0.2279,0.249,0.2545,0.2382,0.2029
0.2892,0.1999,0.2411,0.2547,0.2193,0.3393,0.2134,0.2094,0.2277,0.2208,0.2191,0.2212,0.217,0.3143,0.2673,0.2248,0.1711,0.2249,0.2729,0.201,0.2173,0.2228,0.2212,0.2018,0.242,0.2279,0.2729,0.2132,0.2681,0.1699,0.1953,0.3627,0.2124,0.2894,0.2288,0.2787,0.2328,0.2603,0.2316,0.2352,0.3038,0.218,0.2517,0.2386,0.2336,0.2555,0.2355,0.2431,0.2045,0.2681,0.1635,0.2422,0.2451,0.2853,0.2077,0.22,0.2487,0.2517,0.2423,0.2844,0.2616,0.2404,0.2228,0.2642,0.2847,0.2448,0.2873,0.2058,0.2019,0.2749,0.2279,0.249,0.2545,0.2382,0.2029
0.2892,0.1999,0.2411,0.2547,0.2193,0.3393,0.2134,0.2094,0.2277,0.2208,0.2191,0.2212,0.217,0.3143,0.2673,0.2248,0.1711,0.2249,0.2729,0.201,0.2173,0.2228,0.2212,0.2018,0.242,0.2279,0.2729,0.2132,0.2681,0.1699,0.1953,0.3627,0.2124,0.2903,0.2288,0.2787,0.2328,0.2603,0.2316,0.2352,0.3038,0.218,0.2517,0.2386,0.2336,0.2555,0.2355,0.2431,0.2045,0.2681,0.1635,0.2422,0.2451,0.2853,0.2077,0.22,0.2487,0.2517,0.2423,0.2844,0.2616,0.2404,0.2228,0.2642,0.2847,0.2448,0.2873,0.2058,0.2019,0.2749,0.2279,0.249,0.2545,0.2382,0.2029
0.2892,0.1999,0.2411,0.2547,0.2193,0.3393,0.2134,0.2094,0.2277,0.2208,0.2191,0.2212,0.217,0.3143,0.2673,0.2248,0.1711,0.2249,0.2729,0.201,0.2173,0.2228,0.2212,0.2018,0.242,0.2279,0.2729,0.2132,0.2681,0.1699,0.1953,0.3627,0.2124,0.2903,0.2288,0.2787,0.2328,0.2603,0.2316,0.2352,0.3038,0.2239,0.2517,0.2386,0.2336,0.2555,0.2355,0.2431,0.2045,0.2681,0.1635,0.2422,0.2451,0.2853,0.2077,0.22,0.2487,0.2517,0.2423,0.2844,0.2616,0.2404,0.2228,0.2642,0.2847,0.2448,0.2873,0.2058,0.2019,0.2749,0.2279,0.249,0.2545,0.2382,0.2029
0.2892,0.1999,0.2411,0.2547,0.2193,0.3393,0.2134,0.2094,0.2277,0.2208,0.2191,0.2212,0.217,0.3143,0.2673,0.2248,0.1711,0.2249,0.2729,0.201,0.2173,0.2228,0.2212,0.2018,0.242,0.2279,0.2729,0.2132,0.2681,0.1699,0.1953,0.3627,0.2124,0.2903,0.2288,0.2815,0.2328,0.2603,0.2316,0.2352,0.3038,0.2239,0.2517,0.2386,0.2336,0.2555,0.2355,0.2431,0.2045,0.2681,0.1635,0.2422,0.2451,0.2853,0.2077,0.22,0.2487,0.2517,0.2423,0.2844,0.2616,0.2404,0.2228,0.2642,0.2847,0.2448,0.2873,0.2058,0.2019,0.2749,0.2279,0.249,0.2545,0.2382,0.2029
0.2892,0.1999,0.2411,0.2547,0.2193,0.3393,0.2134,0.2094,0.2277,0.2208,0.2191,0.2212,0.217,0.3143,0.2673,0.2248,0.1711,0.2249,0.2729,0.201,0.2173,0.2228,0.2212,0.2018,0.242,0.2279,0.2729,0.2132,0.2681,0.1699,0.1953,0.3627,0.2124,0.2903,0.2288,0.2815,0.2328,0.2603,0.2316,0.2352,0.3038,0.2239,0.2517,0.2386,0.2336,0.2555,0.2355,0.2431,0.2045,0.2681,0.1635,0.2422,0.2451,0.2853,0.2077,0.22,0.2487,0.2517,0.2423,0.2844,0.2616,0.2404,0.2228,0.2642,0.2847,0.2448,0.2873,0.2058,0.2019,0.2749,0.2279,0.249,0.2545,0.2382,0.2029
0.2892,0.1999,0.2411,0.2547,0.2193,0.3393,0.2134,0.2094,0.2277,0.2208,0.2191,0.2212,0.217,0.3143,0.2673,0.2248,0.1711,0.2249,0.2729,0.201,0.2173,0.2228,0.2212,0.2018,0.242,0.2279,0.2729,0.2132,0.2681,0.1699,0.1953,0.3627,0.2124,0.2903,0.2288,0.2815,0.2328,0.2603,0.2316,0.2352,0.3038,0.2239,0.2517,0.2386,0.2336,0.2555,0.2355,0.2431,0.2045,0.2681,0.1635,0.2422,0.2451,0.2853,0.2077,0.22,0.2487,0.2517,0.2423,0.2844,0.2616,0.2404,0.2228,0.2642,0.2847,0.2448,0.2873,0.2058,0.2019,0.2749,0.2279,0.249,0.2545,0.2382,0.2029
0.2892,0.1999,0.2411,0.2547,0.2193,0.3393,0.2134,0.2094,0.2277,0.2208,0.2191,0.2212,0.217,0.3143,0.2673,0.2248,0.1711,0.2249,0.2729,0.201,0.2173,0.2228,0.2212,0.2018,0.242,0.2279,0.2729,0.2132,0.2681,0.1699,0.1953,0.3627,0.2124,0.2903,0.2288,0.2815,0.2328,0.2603,0.2316,0.2352,0.3038,0.2315,0.2517,0.2386,0.2336,0.2555,0.2355,0.2431,0.2045,0.2681,0.1635,0.2422,0.2451,0.2853,0.2077,0.22,0.2487,0.2517,0.2423,0.2844,0.2616,0.2404,0.2228,0.2642,0.2847,0.2448,0.2873,0.2058,0.2019,0.2749,0.2279,0.249,0.2545,0.2382,0.2029
0.2892,0.1999,0.2411,0.2547,0.2193,0.3393,0.2134,0.2094,0.2277,0.2304,0.2191,0.2212,0.217,0.3143,0.2673,0.2248,0.1711,0.2249,0.2729,0.201,0.2173,0.2228,0.2212,0.2018,0.242,0.2279,0.2729,0.2132,0.2681,0.1699,0.1953,0.3627,0.2124,0.2903,0.2288,0.2815,0.2328,0.2603,0.2316,0.2352,0.3038,0.2315,0.2517,0.2386,0.2336,0.2555,0.2355,0.2431,0.2086,0.2681,0.1635,0.2422,0.2451,0.2853,0.2077,0.22,0.2487,0.2517,0.2423,0.2844,0.2616,0.2404,0.2228,0.2642,0.2847,0.2448,0.2873,0.2058,0.2019,0.2749,0.2279,0.249,0.2545,0.2382,0.2029
0.2892,0.1999,0.2411,0.2547,0.2193,0.3393,0.2134,0.2094,0.2277,0.2304,0.2191,0.2212,0.217,0.3143,0.2673,0.2248,0.1711,0.2249,0.2729,0.201,0.2173,0.2228,0.2212,0.2018,0.242,0.2279,0.2729,0.2132,0.2681,0.1699,0.1953,0.3627,0.2124,0.2903,0.2288,0.2815,0.2328,0.2603,0.2316,0.2352,0.3038,0.2315,0.2517,0.2386,0.2336,0.2555,0.2355,0.2431,0.2086,0.2681,0.1635,0.2422,0.2451,0.2853,0.2077,0.22,0.2487,0.2517,0.2423,0.2844,0.2616,0.2404,0.2228,0.2642,0.2847,0.2448,0.2873,0.2058,0.2019,0.2749,0.2279,0.249,0.2545,0.2382,0.2029
0.2892,0.1999,0.2411,0.2547,0.2193,0.3393,0.2134,0.2094,0.2277,0.2304,0.2191,0.2212,0.217,0.3143,0.2673,0.2248,0.1711,0.2249,0.2729,0.201,0.2173,0.2228,0.2212,0.2018,0.242,0.2279,0.2729,0.2132,0.2681,0.1699,0.1953,0.3627,0.2124,0.2903,0.2288,0.2815,0.2328,0.2603,0.2316,0.2352,0.3038,0.2315,0.2517,0.2386,0.2336,0.2555,0.2355,0.2431,0.2086,0.2681,0.1635,0.2422,0.2451,0.2853,0.2077,0.22,0.2487,0.2517,0.2423,0.2844,0.2616,0.2404,0.2228,0.2642,0.2847,0.2448,0.2873,0.2058,0.2019,0.2749,0.2279,0.249,0.2545,0.2382,0.2029
0.2892,0.1999,0.2411,0.2547,0.2193,0.3393,0.2134,0.2094,0.2277,0.2304,0.2191,0.2212,0.217,0.3143,0.2673,0.2248,0.1711,0.2249,0.2729,0.201,0.2173,0.2228,0.2212,0.2018,0.242,0.2279,0.2729,0.2132,0.2681,0.1699,0.1953,0.3675,0.2124,0.2903,0.2288,0.2815,0.2328,0.2603,0.2316,0.2352,0.3038,0.2315,0.2517,0.2386,0.2336,0.2555,0.2355,0.2431,0.2086,0.2681,0.1635,0.2422,0.2451,0.2853,0.2077,0.22,0.2487,0.2517,0.2423,0.2844,0.2616,0.2404,0.2228,0.2642,0.2847,0.2448,0.2873,0.2058,0.2019,0.2749,0.2279,0.249,0.2545,0.2382,0.2029
0.2892,0.1999,0.2411,0.2547,0.2193,0.3393,0.2134,0.2094,0.2277,0.2304,0.2191,0.2212,0.217,0.3143,0.2673,0.2248,0.1711,0.2249,0.2729,0.201,0.2173,0.2228,0.2212,0.2018,0.242,0.2279,0.2729,0.2132,0.2681,0.1699,0.1953,0.3675,0.2124,0.2903,0.2288,0.2815,0.2328,0.2603,0.2316,0.2352,0.3038,0.2315,0.2517,0.2386,0.2336,0.2555,0.2355,0.2431,0.2086,0.2681,0.1635,0.2422,0.2451,0.2853,0.2077,0.22,0.2487,0.2517,0.2423,0.2844,0.2616,0.2404,0.2228,0.2642,0.2847,0.2448,0.2873,0.2058,0.2019,0.2749,0.2279,0.249,0.2545,0.2382,0.2029
0.2892,0.1999,0.2411,0.2547,0.2193,0.3393,0.2134,0.2094,0.2277,0.2304,0.2191,0.2212,0.217,0.3143,0.2673,0.2248,0.1711,0.2249,0.2729,0.201,0.2173,0.2228,0.2212,0.2018,0.242,0.2279,0.2729,0.2132,0.2681,0.1699,0.1953,0.3675,0.2124,0.2903,0.2288,0.2815,0.2328,0.2603,0.2316,0.2352,0.3038,0.2315,0.2517,0.2386,0.2336,0.2555,0.2355,0.2431,0.2086,0.2681,0.1635,0.2422,0.2451,0.2853,0.2077,0.22,0.2487,0.2517,0.2423,0.2844,0.2616,0.2404,0.2228,0.2642,0.2847,0.2448,0.2873,0.2058,0.2019,0.2749,0.2279,0.249,0.2574,0.2382,0.2029
0.3123,0.1999,0.2411,0.2547,0.2193,0.3393,0.2134,0.2094,0.2277,0.2304,0.2191,0.2212,0.217,0.3143,0.2673,0.2248,0.1711,0.2249,0.2729,0.201,0.2173,0.2228,0.2212,0.2018,0.242,0.2279,0.2729,0.2132,0.2681,0.1699,0.1953,0.3675,0.2124,0.2903,0.2288,0.2815,0.2372,0.2603,0.2316,0.2352,0.3038,0.2315,0.2517,0.2386,0.2336,0.2555,0.2355,0.2431,0.2086,0.2681,0.1635,0.2422,0.2451,0.2853,0.2077,0.22,0.2487,0.2517,0.2423,0.2844,0.2616,0.2462,0.2228,0.2642,0.2847,0.2448,0.2873,0.2058,0.2019,0.2749,0.2279,0.249,0.2574,0.2392,0.2029
0.3123,0.1999,0.2411,0.2547,0.2193,0.3393,0.2134,0.2094,0.2277,0.2304,0.2191,0.2212,0.217,0.3143,0.2673,0.2248,0.1711,0.2249,0.2729,0.201,0.2173,0.2228,0.2212,0.2018,0.242,0.2279,0.2729,0.2132,0.2681,0.1699,0.1953,0.3675,0.2124,0.2903,0.2288,0.2815,0.2372,0.2603,0.2316,0.2352,0.3038,0.2383,0.2555,0.2386,0.2336,0.2555,0.2355,0.2431,0.2086,0.2768,0.1635,0.2422,0.2451,0.2853,0.2077,0.22,0.2487,0.2517,0.2423,0.2844,0.2616,0.2462,0.2228,0.2642,0.2847,0.2448,0.2873,0.2058,0.2019,0.2749,0.2279,0.249,0.2574,0.2392,0.2029
0.3123,0.1999,0.2411,0.2547,0.2193,0.3393,0.2134,0.2094,0.2277,0.2304,0.2191,0.2212,0.217,0.3143,0.2673,0.2248,0.1711,0.2249,0.2729,0.201,0.2173,0.2228,0.2212,0.2018,0.242,0.2279,0.2729,0.2132,0.2681,0.1699,0.1953,0.3675,0.2124,0.2903,0.2336,0.2815,0.2372,0.2603,0.2316,0.2352,0.3038,0.2383,0.2555,0.2386,0.2336,0.2555,0.2355,0.2431,0.2086,0.2768,0.1635,0.2422,0.2451,0.2853,0.2077,0.22,0.2487,0.2517,0.2423,0.2844,0.2616,0.2462,0.2228,0.2642,0.2847,0.2448,0.2873,0.2058,0.2019,0.2749,0.2279,0.249,0.2574,0.2392,0.2029
0.3123,0.1999,0.2411,0.2547,0.2193,0.3393,0.2134,0.2094,0.2277,0.2304,0.2191,0.2212,0.217,0.3143,0.2673,0.2248,0.1711,0.2249,0.2729,0.201,0.2173,0.2228,0.2212,0.2018,0.242,0.2279,0.2729,0.2132,0.2681,0.1699,0.1953,0.3675,0.2124,0.2903,0.2336,0.2815,0.2372,0.2603,0.2316,0.2352,0.3038,0.2383,0.2555,0.2386,0.2336,0.2555,0.2355,0.2431,0.2086,0.2768,0.1635,0.2422,0.2451,0.2853,0.2077,0.22,0.2487,0.2517,0.2423,0.2844,0.2616,0.2462,0.2228,0.2642,0.2847,0.2448,0.2873,0.2058,0.2019,0.2749,0.2279,0.249,0.2574,0.2392,0.2029
0.3123,0.1999,0.2411,0.2547,0.2193,0.3393,0.2134,0.2094,0.2277,0.2304,0.2191,0.2212,0.217,0.3143,0.2673,0.2248,0.1711,0.2249,0.2729,0.201,0.2173,0.2228,0.2212,0.2018,0.242,0.2279,0.2729,0.2132,0.2681,0.1699,0.1953,0.3675,0.2124,0.2903,0.2336,0.2815,0.2372,0.2603,0.2316,0.2352,0.3038,0.2383,0.2555,0.2386,0.2336,0.2555,0.2355,0.2431,0.2086,0.2768,0.1635,0.2422,0.2451,0.2853,0.2077,0.22,0.2487,0.2517,0.2423,0.2844,0.2616,0.2462,0.2228,0.2642,0.2847,0.2448,0.2873,0.2058,0.2019,0.2749,0.2279,0.249,0.2574,0.2392,0.2029
0.3123,0.1999,0.2411,0.2547,0.2193,0.3393,0.2134,0.2094,0.2277,0.2304,0.2191,0.2212,0.217,0.3143,0.2673,0.2248,0.1711,0.2249,0.2729,0.201,0.2173,0.2228,0.2212,0.2018,0.242,0.2279,0.2729,0.2132,0.2681,0.1699,0.1953,0.3675,0.2124,0.2903,0.2336,0.2835,0.2372,0.2603,0.2316,0.2352,0.3038,0.2383,0.2555,0.2386,0.2336,0.2555,0.2355,0.2431,0.2086,0.2768,0.1635,0.2422,0.2451,0.2853,0.2077,0.22,0.2487,0.2517,0.2423,0.2883,0.2616,0.2462,0.2228,0.2642,0.2847,0.2448,0.2873,0.2058,0.2019,0.2749,0.2279,0.249,0.2574,0.2392,0.2029
0.3123,0.1999,0.2411,0.2547,0.2193,0.3393,0.2134,0.2094,0.2277,0.2304,0.2191,0.2212,0.217,0.3143,0.2673,0.2248,0.1711,0.2249,0.2729,0.201,0.2173,0.2228,0.2212,0.2018,0.242,0.2279,0.2729,0.2132,0.2681,0.1699,0.1953,0.3675,0.2124,0.2903,0.2336,0.2835,0.2372,0.2603,0.2316,0.2352,0.3038,0.2383,0.2555,0.2386,0.2336,0.2555,0.2355,0.2431,0.2086,0.2768,0.1635,0.2422,0.2451,0.2853,0.2077,0.22,0.2487,0.2517,0.2423,0.2883,0.2616,0.2462,0.2228,0.2642,0.2847,0.2448,0.2873,0.2058,0.2019,0.2749,0.2279,0.249,0.2574,0.2392,0.2029
0.3123,0.1999,0.2411,0.2547,0.2193,0.3393,0.2134,0.2094,0.2277,0.2304,0.2191,0.2212,0.217,0.3143,0.2673,0.2268,0.1711,0.2249,0.2729,0.201,0.2173,0.2228,0.2212,0.2018,0.242,0.2279,0.2729,0.2132,0.2681,0.1699,0.1953,0.3675,0.2124,0.2903,0.2336,0.2835,0.2372,0.2603,0.2316,0.2352,0.3038,0.2383,0.2555,0.2386,0.2336,0.2555,0.2355,0.2431,0.2086,0.2768,0.1635,0.2422,0.2451,0.2853,0.2077,0.22,0.2487,0.2517,0.2423,0.2883,0.2616,0.2462,0.2228,0.2642,0.2847,0.2448,0.2873,0.2058,0.2019,0.2749,0.2279,0.249,0.2574,0.2392,0.2029
0.3123,0.1999,0.2411,0.2547,0.2193,0.3393,0.2134,0.2094,0.2277,0.2304,0.2191,0.2212,0.217,0.3143,0.2673,0.2268,0.1711,0.2249,0.2729,0.201,0.2173,0.2228,0.2212,0.2018,0.242,0.2279,0.2729,0.2132,0.2681,0.1699,0.1953,0.3675,0.2124,0.2903,0.2336,0.2835,0.2372,0.2603,0.2316,0.2352,0.3038,0.2383,0.2555,0.2386,0.2336,0.2555,0.2355,0.2431,0.2086,0.2768,0.1635,0.2422,0.2451,0.2853,0.2077,0.22,0.2487,0.2517,0.2423,0.2883,0.2616,0.2462,0.2228,0.2642,0.2847,0.2448,0.2873,0.2058,0.2019,0.2749,0.2279,0.249,0.2574,0.2392,0.2029
0.3123,0.1999,0.2411,0.2547,0.2193,0.3393,0.2134,0.2094,0.2277,0.2304,0.2191,0.2212,0.217,0.3143,0.2673,0.2268,0.1711,0.2249,0.2729,0.201,0.2173,0.2228,0.2212,0.2018,0.242,0.2279,0.2729,0.2132,0.2681,0.1699,0.1953,0.3675,0.2124,0.2903,0.2336,0.2835,0.2372,0.2603,0.2316,0.2352,0.3038,0.2383,0.2555,0.2386,0.2336,0.2555,0.2355,0.2431,0.2086,0.2768,0.1635,0.2422,0.2451,0.2853,0.2077,0.22,0.2487,0.2517,0.2423,0.2883,0.2616,0.2462,0.2228,0.2642,0.2847,0.2448,0.2873,0.2058,0.2019,0.2749,0.2279,0.249,0.2574,0.2392,0.2029
0.3123,0.1999,0.2411,0.2547,0.2193,0.3393,0.2134,0.2094,0.2277,0.2304,0.2191,0.2212,0.217,0.3143,0.2673,0.2268,0.1711,0.2249,0.2729,0.201,0.2173,0.2228,0.2212,0.2018,0.242,0.2279,0.2729,0.2132,0.2681,0.1699,0.1953,0.3675,0.2124,0.2971,0.2336,0.2835,0.2372,0.2603,0.2316,0.2352,0.3038,0.2383,0.2555,0.2386,0.2336,0.2555,0.2355,0.2431,0.2086,0.2768,0.1635,0.2422,0.2451,0.2853,0.2077,0.22,0.2487,0.2517,0.2423,0.2883,0.2616,0.2462,0.2228,0.2642,0.2847,0.2448,0.2883,0.2058,0.2019,0.2749,0.2279,0.249,0.2574,0.2448,0.2029
0.3123,0.1999,0.2411,0.2547,0.2193,0.3393,0.2134,0.2094,0.2277,0.2304,0.2191,0.2212,0.217,0.3143,0.2673,0.2268,0.1711,0.2249,0.2729,0.201,0.2173,0.2228,0.2212,0.2018,0.242,0.2279,0.2729,0.2132,0.2681,0.1699,0.1953,0.3675,0.2124,0.2971,0.2336,0.2835,0.2372,0.2603,0.2316,0.2352,0.3038,0.2383,0.2565,0.2386,0.2336,0.2555,0.2355,0.2431,0.2086,0.2768,0.1635,0.2422,0.2451,0.2853,0.2077,0.22,0.2487,0.2517,0.2423,0.299,0.2616,0.2462,0.2228,0.2642,0.2847,0.2448,0.2883,0.2058,0.2019,0.2749,0.2279,0.249,0.2574,0.2448,0.2029
0.3123,0.1999,0.2411,0.2547,0.2193,0.3393,0.2134,0.2094,0.2277,0.2304,0.2191,0.2212,0.217,0.3143,0.2673,0.2268,0.1711,0.2249,0.2729,0.201,0.2173,0.2228,0.2212,0.2018,0.242,0.2279,0.2729,0.2132,0.2681,0.1699,0.1953,0.3675,0.2124,0.2971,0.2336,0.2835,0.2372,0.2603,0.2316,0.2352,0.3038,0.2383,0.2565,0.2386,0.2336,0.2555,0.2355,0.2431,0.2086,0.2768,0.1635,0.2422,0.2451,0.2853,0.2077,0.22,0.2487,0.2517,0.2423,0.299,0.2616,0.2462,0.2228,0.2642,0.2847,0.2448,0.2883,0.2058,0.2019,0.2749,0.2279,0.249,0.2574,0.2448,0.2029
0.3123,0.1999,0.2411,0.2547,0.2193,0.3393,0.2134,0.2094,0.2277,0.2304,0.2191,0.2212,0.217,0.3143,0.2673,0.2268,0.1711,0.2249,0.2729,0.201,0.2173,0.2228,0.2212,0.2018,0.242,0.2279,0.2729,0.2132,0.2681,0.1699,0.1953,0.3675,0.2124,0.2971,0.2336,0.2835,0.2372,0.2603,0.2316,0.2352,0.3038,0.2383,0.2565,0.2386,0.2336,0.2555,0.2471,0.2431,0.2086,0.2768,0.1635,0.2422,0.2451,0.2853,0.2077,0.22,0.2487,0.2517,0.2423,0.299,0.2616,0.2462,0.2228,0.2642,0.2847,0.2448,0.2883,0.2058,0.2019,0.2749,0.2279,0.249,0.2574,0.2448,0.2029
0.3123,0.1999,0.2411,0.2547,0.2193,0.3393,0.2134,0.2094,0.2277,0.2304,0.2191,0.2212,0.217,0.3143,0.2673,0.2268,0.1711,0.2249,0.2729,0.201,0.2173,0.2257,0.2212,0.2018,0.242,0.2279,0.2729,0.2132,0.2681,0.1699,0.1953,0.3675,0.2124,0.2971,0.2336,0.2835,0.2372,0.2603,0.2316,0.2352,0.3038,0.2383,0.2565,0.2386,0.2336,0.2555,0.2471,0.2431,0.2086,0.2768,0.1635,0.2422,0.2451,0.2853,0.2077,0.22,0.2487,0.2517,0.2423,0.299,0.2616,0.2462,0.2228,0.2642,0.2847,0.2448,0.2883,0.2058,0.2019,0.2749,0.2279,0.249,0.2574,0.2448,0.2029
0.3123,0.2029,0.2411,0.2547,0.2193,0.3393,0.2134,0.2094,0.2277,0.2304,0.2191,0.2212,0.217,0.3143,0.2673,0.2268,0.1711,0.2249,0.2729,0.201,0.2173,0.2257,0.2212,0.2018,0.242,0.2355,0.2729,0.2132,0.2681,0.1699,0.1953,0.3675,0.2124,0.2971,0.2336,0.2835,0.2372,0.2603,0.2316,0.2352,0.3038,0.2383,0.2565,0.2386,0.2336,0.2555,0.2471,0.2431,0.2086,0.2768,0.1635,0.2422,0.2451,0.2853,0.2077,0.22,0.2487,0.2517,0.2423,0.299,0.2616,0.2462,0.2228,0.2642,0.2847,0.2448,0.2922,0.2058,0.2019,0.2749,0.2279,0.249,0.2574,0.2448,0.2029
0.3123,0.2029,0.2411,0.2547,0.2193,0.3393,0.2134,0.2094,0.2277,0.2304,0.2191,0.2212,0.217,0.3143,0.2673,0.2268,0.1711,0.2249,0.2729,0.201,0.2173,0.2257,0.2212,0.2018,0.242,0.2355,0.2729,0.2132,0.2681,0.1699,0.1953,0.3675,0.2124,0.2971,0.2336,0.2835,0.2372,0.2603,0.2316,0.2352,0.3038,0.2383,0.2565,0.2386,0.2336,0.2555,0.2471,0.2431,0.2086,0.2768,0.1635,0.2422,0.2451,0.2853,0.2077,0.22,0.2487,0.2517,0.2423,0.299,0.2616,0.2462,0.2228,0.2642,0.2847,0.2448,0.2922,0.2058,0.2019,0.2749,0.2279,0.249,0.2574,0.2448,0.2029
0.3123,0.2029,0.2411,0.2547,0.2193,0.3393,0.2134,0.2094,0.2277,0.2304,0.2191,0.2212,0.217,0.3143,0.2673,0.2268,0.1711,0.2249,0.2729,0.201,0.2173,0.2257,0.2212,0.2018,0.242,0.2355,0.2729,0.2132,0.2681,0.1699,0.1953,0.3675,0.2124,0.2971,0.2336,0.2835,0.2372,0.2603,0.2316,0.2352,0.3038,0.2383,0.2565,0.2386,0.2336,0.2555,0.2471,0.2431,0.2086,0.2768,0.1635,0.2422,0.2451,0.2853,0.2077,0.22,0.2487,0.2517,0.2423,0.299,0.2616,0.2462,0.2228,0.2642,0.2847,0.2448,0.2922,0.2058,0.2019,0.2749,0.2279,0.249,0.2574,0.2448,0.2029
0.3123,0.2029,0.2411,0.2547,0.2193,0.3393,0.2134,0.2094,0.2277,0.2304,0.2191,0.2212,0.217,0.3143,0.2673,0.2268,0.1711,0.2249,0.2729,0.201,0.2173,0.2257,0.2212,0.2018,0.242,0.2355,0.2729,0.2132,0.2681,0.1699,0.1953,0.3675,0.2124,0.2971,0.2336,0.2835,0.2372,0.2603,0.2316,0.2352,0.3038,0.2383,0.2565,0.2386,0.2336,0.2555,0.2471,0.2431,0.2086,0.2768,0.1635,0.2422,0.2451,0.2853,0.2078,0.22,0.2487,0.2517,0.2423,0.299,0.2616,0.2462,0.2228,0.2642,0.2847,0.2448,0.2922,0.2058,0.2019,0.2749,0.2279,0.249,0.2574,0.2448,0.2029
0.3123,0.2029,0.2411,0.2547,0.2193,0.3393,0.2134,0.2094,0.2277,0.2304,0.2191,0.2212,0.217,0.3143,0.2673,0.2268,0.1711,0.2249,0.2729,0.201,0.2173,0.2257,0.2212,0.2018,0.242,0.2355,0.2729,0.2132,0.2681,0.1699,0.1953,0.3675,0.2124,0.2971,0.2336,0.2883,0.2372,0.2603,0.2316,0.2352,0.3038,0.2383,0.2565,0.2386,0.2336,0.2555,0.2471,0.2431,0.2086,0.2768,0.1635,0.2422,0.2451,0.2853,0.2078,0.22,0.2487,0.2517,0.2423,0.299,0.2616,0.2462,0.2228,0.2642,0.2847,0.2448,0.2922,0.2058,0.2019,0.2749,0.2279,0.249,0.2574,0.2448,0.2029
0.3123,0.2029,0.2411,0.2547,0.2193,0.3393,0.2134,0.2094,0.2277,0.2304,0.2191,0.2212,0.217,0.3143,0.2673,0.2268,0.1711,0.2249,0.2729,0.201,0.2173,0.2257,0.2212,0.2018,0.242,0.2355,0.2729,0.2132,0.2692,0.1699,0.1953,0.3675,0.2124,0.2971,0.2336,0.2883,0.2372,0.2603,0.2316,0.2352,0.3038,0.2383,0.2565,0.2386,0.2336,0.2555,0.2471,0.2431,0.2086,0.2768,0.1635,0.2422,0.2451,0.2853,0.2078,0.22,0.2487,0.2517,0.2423,0.299,0.2616,0.2462,0.2228,0.2642,0.2847,0.2448,0.2922,0.2058,0.2019,0.2749,0.2279,0.249,0.2574,0.2448,0.2029
0.3123,0.2029,0.2411,0.2547,0.2193,0.3393,0.2134,0.2094,0.2277,0.2304,0.2191,0.2212,0.217,0.3143,0.2673,0.2268,0.1711,0.2249,0.2729,0.201,0.2173,0.2257,0.2212,0.2018,0.242,0.2355,0.2729,0.2132,0.2692,0.1699,0.1953,0.3675,0.2124,0.2971,0.2336,0.2883,0.2372,0.2603,0.2316,0.2352,0.3038,0.2383,0.2565,0.2386,0.2336,0.2555,0.2471,0.2431,0.2086,0.2768,0.1635,0.2422,0.2451,0.2853,0.2078,0.22,0.2487,0.2517,0.2423,0.299,0.2616,0.2462,0.2228,0.2642,0.2847,0.2448,0.2922,0.2058,0.2019,0.2749,0.2279,0.249,0.2574,0.2448,0.2029
0.3123,0.2029,0.2411,0.2547,0.2193,0.3393,0.2134,0.2094,0.2277,0.2304,0.2191,0.2212,0.217,0.3143,0.2673,0.2268,0.1711,0.2249,0.2729,0.201,0.2173,0.2257,0.2212,0.2018,0.242,0.2355,0.2729,0.2132,0.2692,0.1699,0.1953,0.3675,0.2124,0.2971,0.2336,0.2883,0.2372,0.2603,0.2316,0.2352,0.3038,0.2383,0.2565,0.2386,0.2336,0.2555,0.2471,0.2431,0.2086,0.2768,0.1635,0.2422,0.2451,0.2853,0.2078,0.22,0.2487,0.2517,0.2423,0.299,0.2616,0.2462,0.2228,0.2642,0.2847,0.2448,0.2922,0.2058,0.2019,0.2749,0.2279,0.249,0.2574,0.2448,0.2029
0.3123,0.2029,0.2411,0.2547,0.2193,0.3393,0.2134,0.2094,0.2277,0.2304,0.2191,0.2212,0.217,0.3143,0.2673,0.2268,0.1711,0.2249,0.2729,0.201,0.2173,0.2257,0.2212,0.2018,0.242,0.2355,0.2729,0.2132,0.2692,0.1699,0.1953,0.3675,0.2124,0.2971,0.2336,0.2931,0.2372,0.2603,0.2316,0.2352,0.3038,0.2383,0.2565,0.2386,0.2336,0.2555,0.2471,0.2431,0.2086,0.2768,0.1635,0.2422,0.2451,0.2853,0.2078,0.22,0.2487,0.2517,0.2423,0.299,0.2616,0.2462,0.2228,0.2642,0.2847,0.2448,0.2922,0.2058,0.2019,0.2749,0.2279,0.249,0.2574,0.2448,0.2029
0.3123,0.2029,0.2411,0.2547,0.2193,0.3393,0.2134,0.2094,0.2277,0.2304,0.2191,0.2212,0.217,0.3143,0.2673,0.2268,0.1711,0.2249,0.2729,0.201,0.2173,0.2326,0.2212,0.2018,0.242,0.2355,0.2729,0.2132,0.2692,0.1699,0.1953,0.3675,0.2124,0.2971,0.2336,0.2931,0.2372,0.2603,0.2316,0.2352,0.3038,0.2383,0.2565,0.2386,0.2336,0.2555,0.2471,0.2431,0.2086,0.2768,0.1635,0.2422,0.2451,0.2853,0.2078,0.22,0.2487,0.2517,0.2423,0.299,0.2616,0.2462,0.2228,0.2642,0.2847,0.2448,0.2922,0.2058,0.2019,0.2749,0.2279,0.249,0.2574,0.2448,0.2029
0.3123,0.2029,0.2411,0.2547,0.2193,0.3393,0.2134,0.2094,0.2277,0.2304,0.2191,0.2212,0.217,0.3143,0.2673,0.2268,0.1711,0.2249,0.2729,0.201,0.2173,0.2326,0.2212,0.2018,0.242,0.2355,0.2729,0.2132,0.2692,0.1699,0.1953,0.3675,0.2124,0.2971,0.2336,0.2931,0.2372,0.2603,0.2316,0.2352,0.3038,0.2431,0.2565,0.2386,0.2336,0.2555,0.2471,0.2431,0.2086,0.2768,0.1635,0.2422,0.2451,0.2853,0.2078,0.22,0.2487,0.2517,0.2423,0.299,0.2616,0.2462,0.2228,0.2642,0.2847,0.2448,0.2922,0.2058,0.2019,0.2749,0.2279,0.249,0.2574,0.2448,0.2029
0.3123,0.2029,0.2411,0.2547,0.2193,0.3393,0.2134,0.2094,0.2277,0.2304,0.2191,0.2212,0.217,0.3143,0.2673,0.2326,0.1711,0.2249,0.2729,0.201,0.2173,0.2326,0.2212,0.2018,0.242,0.2355,0.2729,0.2132,0.2692,0.1699,0.1953,0.3675,0.2124,0.2971,0.2336,0.2931,0.2372,0.2603,0.2316,0.2352,0.3038,0.2431,0.2565,0.2386,0.2336,0.2555,0.2471,0.2431,0.2086,0.2768,0.1635,0.2422,0.2451,0.2853,0.2078,0.22,0.2487,0.2517,0.2423,0.299,0.2616,0.2462,0.2228,0.2642,0.2847,0.2448,0.2922,0.2058,0.2019,0.2749,0.2279,0.249,0.2574,0.2448,0.2029
0.3123,0.2029,0.2411,0.2547,0.2193,0.3393,0.2134,0.2094,0.2277,0.2304,0.2191,0.2212,0.217,0.3143,0.2673,0.2326,0.1711,0.2249,0.2729,0.201,0.2173,0.2326,0.2212,0.2018,0.242,0.2355,0.2729,0.2132,0.2692,0.1699,0.1953,0.3675,0.2124,0.2971,0.2336,0.2931,0.2372,0.2603,0.2316,0.2352,0.3038,0.2431,0.2565,0.2386,0.2336,0.2555,0.2471,0.2431,0.2086,0.2768,0.1635,0.2422,0.2451,0.2853,0.2078,0.22,0.2487,0.2517,0.2423,0.299,0.2616,0.2462,0.2228,0.2642,0.2847,0.2448,0.2922,0.2058,0.2019,0.2749,0.2279,0.249,0.2574,0.2448,0.2029
0.3123,0.2029,0.2411,0.2547,0.2193,0.3393,0.2134,0.2094,0.2277,0.2304,0.2191,0.2212,0.217,0.3143,0.2673,0.2326,0.1711,0.2249,0.2729,0.201,0.2173,0.2326,0.2212,0.2018,0.242,0.2355,0.2729,0.2132,0.2692,0.1699,0.1953,0.3675,0.2124,0.298,0.2336,0.2931,0.2372,0.2603,0.2403,0.2352,0.3038,0.2431,0.2565,0.2386,0.2336,0.2555,0.2471,0.2431,0.2086,0.2768,0.1635,0.2422,0.2451,0.2853,0.2078,0.22,0.2487,0.2517,0.2423,0.299,0.2616,0.2462,0.2228,0.2642,0.2847,0.2448,0.2922,0.2058,0.2019,0.2749,0.2279,0.249,0.2574,0.2448,0.2029
0.3123,0.2029,0.2411,0.2547,0.2193,0.3393,0.2134,0.2094,0.2277,0.2304,0.2191,0.2212,0.217,0.3143,0.2673,0.2326,0.1711,0.2249,0.2729,0.201,0.2173,0.2326,0.2212,0.2018,0.242,0.2355,0.2729,0.2132,0.2692,0.1699,0.1953,0.3675,0.2124,0.298,0.2336,0.2931,0.2372,0.2603,0.2403,0.2352,0.3038,0.2431,0.2565,0.2386,0.2336,0.2555,0.2471,0.2431,0.2086,0.2768,0.1635,0.2422,0.2451,0.2853,0.2078,0.22,0.2487,0.2517,0.2423,0.299,0.2616,0.2462,0.2228,0.2642,0.2847,0.2448,0.2922,0.2058,0.2019,0.2749,0.2279,0.249,0.2574,0.2497,0.2029
0.3123,0.2029,0.2411,0.2547,0.2193,0.3393,0.2134,0.2094,0.2277,0.2304,0.2191,0.2212,0.217,0.3143,0.2673,0.2326,0.1711,0.2249,0.2729,0.201,0.2173,0.2326,0.2212,0.2018,0.242,0.2355,0.2729,0.2132,0.2692,0.1699,0.1953,0.3675,0.2124,0.298,0.2336,0.2931,0.2372,0.2603,0.2403,0.2352,0.3038,0.2431,0.2565,0.2386,0.2336,0.2555,0.2471,0.2431,0.2086,0.2768,0.1635,0.2422,0.2451,0.2853,0.2078,0.22,0.2487,0.2517,0.2423,0.299,0.2616,0.2462,0.2228,0.2642,0.2847,0.2448,0.2922,0.2058,0.2019,0.2749,0.2279,0.249,0.2574,0.2497,0.2029
0.3123,0.2029,0.2411,0.2547,0.2193,0.3393,0.2134,0.2094,0.2277,0.2304,0.2191,0.2212,0.217,0.3143,0.2673,0.2326,0.1711,0.2249,0.2729,0.201,0.2173,0.2326,0.2212,0.2018,0.242,0.2355,0.2729,0.2132,0.2692,0.1699,0.1953,0.3675,0.2124,0.298,0.2336,0.2931,0.2372,0.2603,0.2403,0.2352,0.3038,0.2633,0.2565,0.2386,0.2336,0.2555,0.2471,0.2431,0.2086,0.2768,0.1635,0.2422,0.2451,0.2853,0.2078,0.22,0.2487,0.2517,0.2423,0.299,0.2616,0.2462,0.2228,0.2642,0.2847,0.2448,0.2922,0.2058,0.2019,0.2749,0.2279,0.249,0.2574,0.2497,0.2029
0.3123,0.2029,0.2411,0.2547,0.2193,0.3393,0.2134,0.2094,0.2277,0.2304,0.2191,0.2212,0.217,0.3143,0.2673,0.2326,0.1711,0.2249,0.2729,0.201,0.2173,0.2326,0.2212,0.2018,0.242,0.2355,0.2729,0.2132,0.2692,0.1699,0.1953,0.3675,0.2124,0.298,0.2336,0.2931,0.2372,0.2603,0.2403,0.2352,0.3038,0.2633,0.2565,0.2386,0.2336,0.2555,0.2471,0.2431,0.2086,0.2768,0.1635,0.2422,0.2451,0.2853,0.2078,0.22,0.2487,0.2517,0.2423,0.299,0.2616,0.2462,0.2228,0.2642,0.2847,0.2448,0.2922,0.2058,0.2019,0.2749,0.2279,0.249,0.2574,0.2497,0.2029
0.3123,0.2029,0.2411,0.2547,0.2193,0.3393,0.2134,0.2094,0.2277,0.2304,0.2191,0.2212,0.217,0.3143,0.2673,0.2326,0.1711,0.2249,0.2729,0.201,0.2173,0.2326,0.2212,0.2018,0.242,0.2355,0.2729,0.2132,0.2692,0.1699,0.1953,0.3675,0.2124,0.298,0.2336,0.2931,0.2372,0.2603,0.2403,0.2352,0.3038,0.2633,0.2565,0.2386,0.2336,0.2555,0.2471,0.2431,0.2086,0.2768,0.1635,0.2422,0.2451,0.2853,0.2078,0.22,0.2487,0.2517,0.2423,0.299,0.2616,0.2462,0.2228,0.2642,0.2847,0.2448,0.2922,0.2058,0.2019,0.2749,0.2279,0.249,0.2574,0.2497,0.2029
0.3123,0.2029,0.2411,0.2547,0.2193,0.3393,0.2134,0.2094,0.2277,0.2304,0.2191,0.2212,0.217,0.3143,0.2673,0.2326,0.1711,0.2249,0.2729,0.201,0.2173,0.2326,0.2212,0.2018,0.242,0.2355,0.2729,0.2132,0.2692,0.1699,0.1953,0.3675,0.2124,0.298,0.2336,0.2931,0.2372,0.2603,0.2403,0.2352,0.3038,0.2633,0.2565,0.2386,0.2336,0.2555,0.2471,0.2431,0.2086,0.2768,0.1635,0.2422,0.2451,0.2853,0.2078,0.22,0.2487,0.2517,0.2423,0.299,0.2616,0.2462,0.2228,0.2642,0.2847,0.2448,0.2922,0.2058,0.2019,0.2749,0.2279,0.249,0.2574,0.2497,0.2029
0.3123,0.2029,0.2411,0.2547,0.2193,0.3393,0.2134,0.2094,0.2277,0.2304,0.2191,0.2212,0.217,0.3143,0.2673,0.2326,0.1711,0.2249,0.2729,0.201,0.2173,0.2326,0.2212,0.2018,0.242,0.2355,0.2729,0.2132,0.2692,0.1699,0.1953,0.3675,0.2124,0.3163,0.2336,0.2931,0.2372,0.2603,0.2403,0.2352,0.3095,0.2633,0.2565,0.2386,0.2336,0.2555,0.2471,0.2431,0.2086,0.2768,0.1635,0.2422,0.2451,0.2853,0.2078,0.22,0.2487,0.2517,0.2423,0.299,0.2616,0.2462,0.2228,0.2642,0.2847,0.2448,0.2922,0.2058,0.2019,0.2749,0.2279,0.249,0.2574,0.2497,0.2029
0.3123,0.2029,0.2411,0.2547,0.2193,0.3393,0.2134,0.2094,0.2277,0.2304,0.2191,0.2212,0.217,0.3143,0.2673,0.2326,0.1711,0.2249,0.2729,0.201,0.2173,0.2326,0.2212,0.2018,0.242,0.2355,0.2729,0.2132,0.2692,0.1699,0.1953,0.3675,0.2124,0.3163,0.2336,0.2931,0.2372,0.2603,0.2403,0.2352,0.3095,0.2633,0.2565,0.2386,0.2336,0.2555,0.2471,0.2431,0.2086,0.2768,0.1635,0.2422,0.2451,0.2853,0.2078,0.22,0.2487,0.2517,0.2423,0.299,0.2616,0.2462,0.2228,0.2642,0.2847,0.2448,0.2922,0.2058,0.2019,0.2749,0.2279,0.249,0.2574,0.2497,0.2029
0.3123,0.2029,0.2411,0.2547,0.2193,0.3393,0.2134,0.2094,0.2277,0.2304,0.2191,0.2212,0.217,0.3143,0.2673,0.2326,0.1711,0.2249,0.2729,0.201,0.2173,0.2326,0.2212,0.2018,0.242,0.2355,0.2729,0.2132,0.2692,0.1699,0.1953,0.3675,0.2124,0.3163,0.2384,0.2931,0.2372,0.2603,0.2403,0.2352,0.3095,0.2633,0.2565,0.2386,0.2336,0.2555,0.2471,0.2431,0.2086,0.2768,0.1635,0.2422,0.2451,0.2853,0.2078,0.22,0.2487,0.2517,0.2423,0.299,0.2616,0.2462,0.2228,0.2642,0.2847,0.2448,0.2922,0.2058,0.2019,0.2749,0.2279,0.249,0.2574,0.2497,0.2029
0.3123,0.2029,0.2411,0.2547,0.2193,0.3393,0.2134,0.2094,0.2277,0.2304,0.2191,0.2212,0.217,0.3143,0.2673,0.2326,0.1711,0.2249,0.2729,0.201,0.2173,0.2326,0.2212,0.2018,0.242,0.2355,0.2729,0.2132,0.2692,0.1699,0.1953,0.3675,0.2124,0.3163,0.2384,0.2931,0.2372,0.2603,0.2403,0.2352,0.3095,0.2633,0.2565,0.2386,0.2336,0.2555,0.2471,0.2431,0.2086,0.2768,0.1635,0.2422,0.2451,0.2853,0.2078,0.22,0.2487,0.2517,0.2423,0.299,0.2616,0.2462,0.2228,0.2642,0.2847,0.2448,0.2922,0.2058,0.2019,0.2749,0.2279,0.249,0.2574,0.2497,0.2029
0.3123,0.2029,0.2411,0.2547,0.2193,0.3393,0.2134,0.2094,0.2277,0.2304,0.2191,0.2212,0.217,0.3143,0.2673,0.2326,0.1711,0.2249,0.2729,0.201,0.2173,0.2326,0.2212,0.2018,0.242,0.2355,0.2729,0.2132,0.2692,0.1699,0.1953,0.3675,0.2124,0.3163,0.2384,0.2931,0.2372,0.2603,0.2403,0.2352,0.3095,0.2633,0.2565,0.2386,0.2336,0.2555,0.2471,0.2431,0.2086,0.2768,0.1635,0.2422,0.2451,0.2853,0.2078,0.22,0.2487,0.2517,0.2423,0.299,0.2616,0.2462,0.2228,0.2642,0.2847,0.2448,0.2922,0.2058,0.2019,0.2749,0.2279,0.249,0.2574,0.2497,0.2029
0.3123,0.2029,0.2411,0.2547,0.2193,0.3393,0.2134,0.2094,0.2277,0.2304,0.2191,0.2212,0.217,0.3143,0.2673,0.2326,0.1711,0.2249,0.2729,0.201,0.2173,0.2326,0.2212,0.2018,0.242,0.2355,0.2729,0.2132,0.2692,0.1699,0.1953,0.3675,0.2124,0.3163,0.2384,0.2931,0.2372,0.2603,0.2403,0.2352,0.3095,0.2633,0.2565,0.2386,0.2336,0.2555,0.2471,0.2431,0.2086,0.2768,0.1635,0.2422,0.2451,0.2853,0.2078,0.22,0.2487,0.2517,0.2423,0.299,0.2616,0.2462,0.2228,0.2642,0.2847,0.2448,0.2922,0.2058,0.2019,0.2749,0.2279,0.249,0.2574,0.2497,0.2029
0.3123,0.2029,0.2411,0.2547,0.2193,0.3393,0.2134,0.2094,0.2277,0.2304,0.2191,0.2212,0.217,0.3143,0.2673,0.2326,0.1711,0.2249,0.2729,0.201,0.2173,0.2326,0.2212,0.2018,0.242,0.2355,0.2729,0.2132,0.2692,0.1699,0.1953,0.3675,0.2124,0.3163,0.2384,0.2931,0.2372,0.2603,0.2403,0.2352,0.3095,0.2633,0.2565,0.2386,0.2336,0.2555,0.2471,0.2431,0.2086,0.2768,0.1635,0.2422,0.2451,0.2853,0.2078,0.22,0.2487,0.2517,0.2423,0.299,0.2616,0.2462,0.2228,0.2642,0.2847,0.2448,0.2922,0.2058,0.2019,0.2749,0.2279,0.249,0.2574,0.2497,0.2029
0.3123,0.2029,0.2411,0.2547,0.2193,0.3393,0.2134,0.2094,0.2277,0.2304,0.2191,0.2212,0.217,0.3143,0.2673,0.2326,0.1711,0.2249,0.2729,0.201,0.2173,0.2344,0.2212,0.2018,0.242,0.2355,0.2729,0.2132,0.2692,0.1699,0.1953,0.3675,0.2124,0.3163,0.2384,0.2931,0.2372,0.2603,0.2403,0.2352,0.3095,0.2633,0.2565,0.2386,0.2336,0.2555,0.2471,0.2431,0.2086,0.2768,0.1635,0.2422,0.2451,0.2853,0.2078,0.22,0.2487,0.2517,0.2423,0.299,0.2616,0.2462,0.2228,0.2642,0.2847,0.2448,0.2922,0.2058,0.2019,0.2749,0.2279,0.249,0.2574,0.2497,0.2029
0.3123,0.2029,0.2411,0.2547,0.2193,0.3393,0.2134,0.2094,0.2277,0.2304,0.2191,0.2212,0.217,0.3143,0.2673,0.2326,0.1711,0.2249,0.2729,0.201,0.2173,0.2344,0.2212,0.2018,0.242,0.2355,0.2729,0.2132,0.2692,0.1699,0.1953,0.3675,0.2124,0.3163,0.2384,0.2931,0.2372,0.2652,0.2403,0.2352,0.3095,0.2633,0.2565,0.2386,0.2336,0.2555,0.2471,0.2431,0.2086,0.2768,0.1635,0.2422,0.2451,0.2853,0.2078,0.22,0.2487,0.2517,0.2423,0.299,0.2616,0.2462,0.2228,0.2642,0.2847,0.2448,0.2922,0.2058,0.2019,0.2749,0.2279,0.249,0.2574,0.2497,0.2029
0.3123,0.2029,0.2411,0.2547,0.2193,0.3393,0.2134,0.2094,0.2277,0.2304,0.2191,0.2212,0.217,0.3143,0.2673,0.2326,0.1711,0.2249,0.2729,0.201,0.2173,0.2344,0.2212,0.2018,0.242,0.2355,0.2729,0.2132,0.2692,0.1699,0.1953,0.3675,0.2124,0.3163,0.2384,0.2931,0.2372,0.2652,0.2403,0.2352,0.3095,0.2633,0.2565,0.2386,0.2336,0.2555,0.2471,0.2431,0.2086,0.2768,0.1635,0.2422,0.2451,0.2853,0.2078,0.22,0.2487,0.2517,0.2423,0.299,0.2616,0.2462,0.2228,0.2642,0.2847,0.2448,0.2922,0.2058,0.2019,0.2749,0.2279,0.249,0.2574,0.2497,0.2029
0.3123,0.2029,0.2411,0.2547,0.2193,0.3393,0.2134,0.2094,0.2277,0.2304,0.2191,0.2212,0.217,0.3143,0.2673,0.2326,0.1711,0.2249,0.2729,0.201,0.2173,0.2344,0.2212,0.2018,0.242,0.2355,0.2729,0.2132,0.2692,0.1699,0.1953,0.3675,0.2124,0.3163,0.2384,0.2931,0.2372,0.2652,0.2403,0.2352,0.3095,0.2633,0.2565,0.2386,0.2336,0.2555,0.2471,0.2431,0.2086,0.2768,0.1635,0.2422,0.2451,0.2853,0.2078,0.22,0.2487,0.2517,0.2423,0.299,0.2616,0.2462,0.2228,0.2642,0.2847,0.2448,0.2922,0.2058,0.2019,0.2749,0.2279,0.249,0.2574,0.2497,0.2029
0.3123,0.2029,0.2411,0.2547,0.2193,0.3393,0.2134,0.2094,0.2277,0.2304,0.2191,0.2212,0.217,0.3143,0.2673,0.2326,0.1711,0.2249,0.2835,0.201,0.2173,0.2344,0.2212,0.2018,0.242,0.2355,0.2729,0.2132,0.2692,0.1699,0.1953,0.3675,0.2124,0.3163,0.2384,0.2931,0.2372,0.2652,0.2403,0.2352,0.3095,0.2633,0.2565,0.2386,0.2336,0.2555,0.2471,0.2431,0.2086,0.2768,0.1635,0.2422,0.2451,0.2853,0.2078,0.22,0.2487,0.2738,0.2423,0.299,0.2616,0.2462,0.2228,0.2642,0.2847,0.2448,0.2922,0.2058,0.2019,0.2749,0.2279,0.249,0.2574,0.2497,0.2029
0.3123,0.2029,0.2411,0.2547,0.2193,0.3393,0.2134,0.2114,0.2277,0.2304,0.2191,0.2212,0.217,0.3143,0.2673,0.2326,0.1711,0.2249,0.2835,0.201,0.2173,0.2344,0.2212,0.2018,0.242,0.2355,0.2729,0.2132,0.2692,0.1699,0.1953,0.3675,0.2124,0.3163,0.2384,0.2931,0.2372,0.2652,0.2403,0.2352,0.3095,0.2633,0.2565,0.2386,0.2336,0.2555,0.2471,0.2431,0.2086,0.2768,0.1635,0.2422,0.2451,0.2853,0.2078,0.22,0.2487,0.2738,0.2423,0.299,0.2616,0.2462,0.2228,0.2642,0.2847,0.2448,0.2922,0.2058,0.2019,0.2749,0.2279,0.249,0.2593,0.2497,0.2029
0.3123,0.2029,0.2411,0.2547,0.2193,0.3393,0.2134,0.2114,0.2277,0.2304,0.2191,0.2212,0.217,0.3143,0.2673,0.2326,0.1711,0.2249,0.2835,0.201,0.2173,0.2344,0.2212,0.2018,0.242,0.2355,0.2729,0.2132,0.2692,0.1699,0.1953,0.3675,0.2124,0.3163,0.2384,0.2931,0.2372,0.2652,0.2403,0.2352,0.3095,0.2633,0.2565,0.2386,0.2336,0.2555,0.2471,0.2431,0.2086,0.2768,0.1635,0.2422,0.2451,0.2853,0.2078,0.22,0.2487,0.2738,0.2423,0.299,0.2616,0.2462,0.2228,0.2642,0.2847,0.2448,0.2922,0.2058,0.2058,0.2749,0.2279,0.249,0.2593,0.2497,0.2029
0.3123,0.2029,0.2411,0.2547,0.2193,0.3393,0.2134,0.2114,0.2277,0.2304,0.2191,0.2212,0.217,0.3143,0.2673,0.2326,0.1711,0.2249,0.2835,0.201,0.2173,0.2344,0.2212,0.2018,0.242,0.2355,0.2729,0.2132,0.2692,0.1699,0.1953,0.3675,0.2124,0.3163,0.2384,0.2931,0.2372,0.2738,0.2403,0.2352,0.3095,0.2633,0.2565,0.2386,0.2336,0.2555,0.2471,0.2431,0.2086,0.2768,0.1635,0.2422,0.2451,0.2853,0.2078,0.22,0.2487,0.2738,0.2423,0.299,0.2616,0.2462,0.2228,0.2642,0.2847,0.2448,0.2922,0.2058,0.2058,0.2749,0.2279,0.249,0.2593,0.2497,0.2029
0.3123,0.2029,0.2411,0.2547,0.2193,0.3393,0.2134,0.2114,0.2277,0.2304,0.2191,0.2212,0.217,0.3143,0.2673,0.2326,0.1711,0.2249,0.2835,0.201,0.2173,0.2344,0.2212,0.2018,0.242,0.2355,0.2729,0.2132,0.2692,0.1699,0.1953,0.3675,0.2124,0.3163,0.2384,0.2931,0.2372,0.2738,0.2403,0.2352,0.3095,0.2633,0.2565,0.2386,0.2336,0.2555,0.2471,0.2431,0.2086,0.2768,0.1635,0.2422,0.2451,0.2853,0.2078,0.22,0.2487,0.2738,0.2423,0.299,0.2616,0.2462,0.2228,0.2642,0.2847,0.2448,0.2922,0.2058,0.2058,0.2749,0.2279,0.249,0.2593,0.2497,0.2029
0.3123,0.2029,0.2411,0.2547,0.2193,0.3393,0.2134,0.2114,0.2277,0.2304,0.2191,0.2212,0.217,0.3143,0.2673,0.2326,0.1711,0.2249,0.2835,0.201,0.2173,0.2344,0.2212,0.2018,0.242,0.2355,0.2729,0.2132,0.2692,0.1699,0.1953,0.3675,0.2124,0.3163,0.2384,0.2931,0.2372,0.2738,0.2403,0.2352,0.3095,0.2633,0.2565,0.2386,0.2336,0.2555,0.2471,0.2431,0.2086,0.2768,0.1635,0.2422,0.2451,0.2853,0.2078,0.22,0.2487,0.2738,0.2423,0.299,0.2616,0.2462,0.2228,0.2642,0.2847,0.2448,0.2922,0.2058,0.2058,0.2749,0.2279,0.249,0.2593,0.2497,0.2029
0.3123,0.2029,0.2411,0.2547,0.2193,0.3393,0.2134,0.2114,0.2277,0.2304,0.2191,0.2212,0.217,0.3143,0.2673,0.2326,0.1711,0.2249,0.2835,0.201,0.2173,0.2344,0.2212,0.2018,0.242,0.2355,0.2729,0.2132,0.2692,0.1699,0.1953,0.3675,0.2124,0.3163,0.2384,0.2931,0.2372,0.2738,0.2403,0.2352,0.3095,0.2633,0.2565,0.2386,0.2336,0.2555,0.2471,0.2431,0.2086,0.2768,0.1644,0.2422,0.2451,0.2853,0.2078,0.22,0.2487,0.2738,0.2423,0.299,0.2616,0.2462,0.2228,0.2642,0.2847,0.2448,0.2922,0.2058,0.2058,0.2749,0.2279,0.249,0.2593,0.2497,0.2029
0.3123,0.2029,0.2411,0.2547,0.2193,0.3393,0.2134,0.2114,0.2277,0.2304,0.2191,0.2212,0.217,0.3143,0.2673,0.2326,0.1711,0.2249,0.2835,0.201,0.228,0.2344,0.2212,0.2018,0.242,0.2355,0.2729,0.2132,0.2692,0.1699,0.1953,0.3675,0.2124,0.3163,0.2384,0.2931,0.2372,0.2738,0.2403,0.2352,0.3095,0.2633,0.2565,0.2386,0.2336,0.2555,0.2471,0.2431,0.2086,0.2768,0.1644,0.2422,0.2451,0.2853,0.2078,0.22,0.2487,0.2738,0.2423,0.299,0.2616,0.2462,0.2228,0.2642,0.2847,0.2448,0.2922,0.2058,0.2058,0.2749,0.2279,0.249,0.2593,0.2497,0.2029
0.3123,0.2029,0.2411,0.2547,0.2193,0.3393,0.2134,0.2114,0.2277,0.2304,0.2191,0.2212,0.217,0.3143,0.2673,0.2326,0.1711,0.2249,0.2835,0.201,0.228,0.2344,0.2212,0.2018,0.242,0.2355,0.2729,0.2132,0.2692,0.1699,0.1953,0.3675,0.2124,0.3163,0.2384,0.2931,0.2372,0.2738,0.2403,0.2352,0.3095,0.2633,0.2565,0.2386,0.2336,0.2555,0.2471,0.2431,0.2086,0.2768,0.1644,0.2422,0.2451,0.2853,0.2078,0.22,0.2487,0.2738,0.2423,0.299,0.2616,0.2462,0.2228,0.2642,0.2847,0.2448,0.2922,0.2058,0.2058,0.2749,0.2279,0.249,0.2593,0.2538,0.2029
0.3123,0.2029,0.2411,0.2547,0.2193,0.3393,0.2134,0.2114,0.2277,0.2304,0.2191,0.2212,0.217,0.3143,0.2673,0.2326,0.1711,0.2249,0.2835,0.201,0.228,0.2344,0.2212,0.2018,0.242,0.2355,0.2729,0.2132,0.2692,0.1699,0.1953,0.3675,0.2124,0.3163,0.2384,0.2931,0.2372,0.2738,0.2403,0.2352,0.3095,0.2633,0.2565,0.2386,0.2336,0.2555,0.2471,0.2431,0.2086,0.2768,0.1644,0.2422,0.2451,0.2853,0.2078,0.22,0.2487,0.2738,0.2423,0.299,0.2616,0.2462,0.2228,0.2642,0.2847,0.2448,0.2922,0.2058,0.2058,0.2749,0.2279,0.249,0.2593,0.2538,0.2029
0.3123,0.2029,0.2411,0.2547,0.2193,0.3393,0.2134,0.2114,0.2277,0.2304,0.2191,0.2212,0.217,0.3143,0.2673,0.2326,0.1711,0.2249,0.2912,0.201,0.228,0.2344,0.2212,0.2018,0.242,0.2355,0.2729,0.2132,0.2692,0.1699,0.1953,0.3675,0.2124,0.3163,0.2384,0.2931,0.2372,0.2738,0.2403,0.2352,0.3095,0.2633,0.2565,0.2386,0.2336,0.2555,0.2471,0.2431,0.2086,0.2768,0.1644,0.2422,0.2451,0.2853,0.2078,0.22,0.2487,0.2738,0.2423,0.299,0.2616,0.2462,0.2228,0.2642,0.2847,0.2448,0.2922,0.2058,0.2154,0.2749,0.2279,0.249,0.2593,0.2538,0.2029
0.3123,0.2029,0.2411,0.2547,0.2193,0.3393,0.2134,0.2114,0.2277,0.2304,0.2191,0.2212,0.217,0.3143,0.2673,0.2326,0.1711,0.2249,0.2912,0.201,0.228,0.2344,0.2212,0.2018,0.242,0.2355,0.2729,0.2132,0.2692,0.1699,0.1953,0.3675,0.2124,0.3163,0.2384,0.2931,0.2372,0.2738,0.2403,0.2352,0.3095,0.2633,0.2565,0.2386,0.2336,0.2555,0.2471,0.2431,0.2086,0.2768,0.1644,0.2422,0.2451,0.2853,0.2078,0.22,0.2487,0.2738,0.2423,0.299,0.2616,0.2462,0.2228,0.2642,0.2847,0.2448,0.2922,0.2058,0.2154,0.2749,0.2279,0.249,0.2593,0.2538,0.2029
0.3123,0.2029,0.2411,0.2547,0.2193,0.3393,0.2134,0.2114,0.2277,0.2304,0.2191,0.2212,0.217,0.3143,0.2673,0.2326,0.1711,0.2249,0.2912,0.201,0.228,0.2344,0.2212,0.2018,0.242,0.2355,0.2729,0.2132,0.2692,0.1699,0.1953,0.3675,0.2124,0.3163,0.2384,0.2931,0.2372,0.2738,0.2403,0.2352,0.3095,0.2633,0.2565,0.2386,0.2336,0.2555,0.2471,0.2431,0.2086,0.2768,0.1644,0.2422,0.2451,0.2853,0.2078,0.22,0.2487,0.2738,0.2423,0.299,0.2616,0.2462,0.2228,0.2642,0.2847,0.2448,0.2922,0.2058,0.2154,0.2749,0.2279,0.249,0.2593,0.2538,0.2029
0.3123,0.2029,0.2411,0.2547,0.2193,0.3393,0.2134,0.2114,0.2277,0.2304,0.2191,0.2212,0.217,0.3143,0.2673,0.2326,0.1711,0.2249,0.2912,0.201,0.228,0.2344,0.2212,0.2018,0.242,0.2355,0.2729,0.2132,0.2692,0.1699,0.1953,0.3675,0.2124,0.3163,0.2384,0.2931,0.2372,0.2738,0.2403,0.2352,0.3095,0.2633,0.2565,0.2386,0.2336,0.2555,0.2471,0.2431,0.2086,0.2768,0.1644,0.2422,0.2451,0.2853,0.2078,0.22,0.2487,0.2738,0.2423,0.299,0.2616,0.2462,0.2228,0.2642,0.2847,0.2448,0.2922,0.2058,0.2154,0.2749,0.2279,0.249,0.2593,0.2538,0.2029
0.3123,0.2029,0.2411,0.2547,0.2193,0.3393,0.2134,0.2114,0.2277,0.2304,0.2191,0.2212,0.217,0.3143,0.2673,0.2326,0.1711,0.2249,0.2912,0.201,0.228,0.2344,0.2212,0.2018,0.242,0.2355,0.2729,0.2132,0.2692,0.1699,0.1953,0.3675,0.2124,0.3163,0.2384,0.2931,0.2372,0.2738,0.2403,0.2352,0.3095,0.2633,0.2565,0.2386,0.2336,0.2555,0.2471,0.2431,0.2086,0.2768,0.1644,0.2422,0.2451,0.2853,0.2078,0.22,0.2487,0.2738,0.2423,0.299,0.2616,0.2462,0.2228,0.2642,0.2847,0.2448,0.2922,0.2058,0.2154,0.2749,0.2279,0.249,0.2593,0.2538,0.2029
0.3123,0.2029,0.2411,0.2547,0.2193,0.3393,0.2134,0.2114,0.2277,0.2304,0.2191,0.2212,0.217,0.3143,0.2673,0.2326,0.1711,0.2249,0.2912,0.201,0.228,0.2344,0.2212,0.2018,0.242,0.2355,0.2729,0.2132,0.2692,0.1699,0.1953,0.3675,0.2124,0.3163,0.2384,0.2931,0.2372,0.2738,0.2403,0.2352,0.3095,0.2633,0.2565,0.2386,0.2336,0.2555,0.2471,0.2431,0.2086,0.2768,0.1644,0.2422,0.2451,0.2853,0.2078,0.22,0.2487,0.2738,0.2423,0.299,0.2616,0.2462,0.2228,0.2642,0.2847,0.2448,0.2922,0.2058,0.2154,0.2749,0.2279,0.249,0.2593,0.2538,0.2029
0.3123,0.2029,0.2411,0.2547,0.2193,0.3393,0.2134,0.2114,0.2277,0.2304,0.2191,0.2212,0.217,0.3143,0.2673,0.2326,0.1711,0.2249,0.2912,0.201,0.228,0.2344,0.2212,0.2018,0.242,0.2355,0.2729,0.2132,0.2692,0.1699,0.1953,0.3675,0.2124,0.3163,0.2384,0.2931,0.2372,0.2738,0.2403,0.2352,0.3095,0.2633,0.2565,0.2386,0.2375,0.2555,0.2471,0.2431,0.2086,0.2768,0.1644,0.2422,0.2451,0.2853,0.2078,0.22,0.2487,0.2738,0.2423,0.299,0.2616,0.2462,0.2228,0.2642,0.2847,0.2448,0.2922,0.2058,0.2154,0.2749,0.2279,0.249,0.2593,0.2538,0.2029
0.3123,0.2029,0.2411,0.2547,0.2193,0.3393,0.2134,0.2114,0.2277,0.2304,0.2191,0.2212,0.217,0.3143,0.2673,0.2326,0.1711,0.2249,0.2912,0.201,0.228,0.2344,0.2212,0.2018,0.242,0.2355,0.2729,0.2132,0.2692,0.1699,0.1953,0.3675,0.2124,0.3163,0.2384,0.2931,0.2372,0.2738,0.2403,0.2352,0.3095,0.2633,0.2565,0.2386,0.2375,0.2555,0.2471,0.2431,0.2086,0.2768,0.1846,0.2422,0.2451,0.294,0.2078,0.22,0.2487,0.2738,0.2423,0.299,0.2616,0.2462,0.2228,0.2642,0.2847,0.2448,0.2922,0.2058,0.2154,0.2749,0.2279,0.249,0.2593,0.2538,0.2029
0.3123,0.2029,0.2411,0.2547,0.2193,0.3393,0.2134,0.2114,0.2277,0.2304,0.2191,0.2212,0.217,0.3143,0.2673,0.2326,0.1711,0.2249,0.2912,0.201,0.228,0.2344,0.2212,0.2018,0.242,0.2355,0.2729,0.2132,0.2692,0.1699,0.1953,0.3675,0.2124,0.3163,0.2384,0.2931,0.2372,0.2738,0.2403,0.2352,0.3095,0.2633,0.2565,0.2386,0.2375,0.2555,0.2471,0.2431,0.2086,0.2768,0.1846,0.2422,0.2451,0.294,0.2078,0.22,0.2487,0.2738,0.2423,0.299,0.2616,0.2462,0.2228,0.2642,0.2847,0.2448,0.2922,0.2058,0.2154,0.2749,0.2279,0.249,0.2593,0.2538,0.2029
0.3123,0.2029,0.2411,0.2547,0.2193,0.3393,0.2134,0.2114,0.2277,0.2304,0.2191,0.2212,0.217,0.3143,0.2673,0.2326,0.1711,0.2249,0.2912,0.201,0.228,0.2344,0.2212,0.2018,0.242,0.2375,0.2729,0.2132,0.2692,0.1699,0.1953,0.3675,0.2124,0.3163,0.2384,0.2931,0.2372,0.2738,0.2403,0.2352,0.3095,0.2633,0.2565,0.2386,0.2375,0.2555,0.2471,0.2431,0.2086,0.2768,0.1846,0.2422,0.2451,0.294,0.2078,0.22,0.2487,0.2738,0.2423,0.299,0.2616,0.2462,0.2228,0.2642,0.2847,0.2448,0.2922,0.2058,0.2154,0.2749,0.2279,0.249,0.2593,0.2538,0.2029
0.3123,0.2029,0.2411,0.2547,0.2193,0.3393,0.2134,0.2114,0.2277,0.2304,0.2191,0.2212,0.217,0.3143,0.2673,0.2326,0.1711,0.2249,0.2912,0.201,0.228,0.2344,0.2212,0.2018,0.242,0.2431,0.2729,0.2132,0.2692,0.1699,0.1953,0.3675,0.2124,0.3163,0.2384,0.2931,0.2372,0.2738,0.2403,0.2352,0.3095,0.2633,0.2565,0.2386,0.2375,0.2555,0.2471,0.2431,0.2086,0.2768,0.1846,0.2422,0.2451,0.294,0.2078,0.22,0.2487,0.2738,0.2423,0.299,0.2664,0.2462,0.2228,0.2642,0.2847,0.2448,0.2922,0.2086,0.2154,0.2749,0.2279,0.249,0.2593,0.2538,0.2029
0.3123,0.2029,0.2411,0.2547,0.2193,0.3393,0.2134,0.2114,0.2277,0.2304,0.2191,0.2212,0.217,0.3143,0.2673,0.2326,0.1711,0.2249,0.2912,0.201,0.228,0.2344,0.2212,0.2018,0.242,0.2431,0.2729,0.2132,0.2692,0.1699,0.1953,0.3675,0.2124,0.3163,0.2384,0.2931,0.2372,0.2738,0.2403,0.2352,0.3095,0.2633,0.2565,0.2386,0.2375,0.2555,0.2471,0.2431,0.2086,0.2768,0.1846,0.2422,0.2451,0.294,0.2078,0.22,0.2487,0.2738,0.2423,0.299,0.2664,0.2462,0.2228,0.2642,0.2847,0.2448,0.2922,0.2086,0.2154,0.2749,0.2279,0.249,0.2593,0.2538,0.2029
0.3123,0.2029,0.2411,0.2547,0.2193,0.3393,0.2134,0.2114,0.2277,0.2304,0.2191,0.2212,0.217,0.3143,0.2673,0.2326,0.1711,0.2249,0.2912,0.201,0.228,0.2344,0.2212,0.2018,0.242,0.2431,0.2729,0.2132,0.2692,0.1699,0.1953,0.3675,0.2124,0.3163,0.2384,0.2931,0.2372,0.2738,0.2403,0.2352,0.3095,0.2633,0.2565,0.2386,0.2375,0.2555,0.2471,0.2431,0.2086,0.2768,0.1846,0.2422,0.2451,0.294,0.2078,0.22,0.2487,0.2738,0.2423,0.299,0.2664,0.2462,0.2228,0.2642,0.2847,0.2448,0.2922,0.2086,0.2154,0.2749,0.2279,0.249,0.2593,0.2538,0.2029
0.3123,0.2029,0.2411,0.2547,0.2193,0.3393,0.2134,0.2114,0.2277,0.2304,0.2191,0.2212,0.217,0.3143,0.2673,0.2326,0.1711,0.2249,0.2912,0.201,0.228,0.2344,0.2212,0.2018,0.242,0.2431,0.2729,0.2132,0.2692,0.1699,0.1953,0.3675,0.2124,0.3163,0.2384,0.2931,0.2372,0.2738,0.2403,0.2352,0.3095,0.2633,0.2565,0.2386,0.2375,0.2555,0.2471,0.2431,0.2086,0.2768,0.1846,0.2422,0.2451,0.294,0.2078,0.22,0.2487,0.2738,0.2423,0.299,0.2702,0.2462,0.2228,0.2642,0.2847,0.2448,0.2922,0.2086,0.2154,0.2749,0.2279,0.249,0.2593,0.2538,0.2029
0.3123,0.2029,0.2411,0.2547,0.2193,0.3393,0.2134,0.2114,0.2277,0.2304,0.2191,0.2212,0.217,0.3143,0.2673,0.2326,0.1711,0.2249,0.2912,0.201,0.228,0.2344,0.2212,0.2018,0.242,0.2431,0.2729,0.2132,0.2692,0.1699,0.1953,0.3675,0.2124,0.3163,0.2384,0.2931,0.2372,0.2738,0.2403,0.2352,0.3095,0.2633,0.2565,0.2386,0.2375,0.2555,0.2471,0.2431,0.2086,0.2768,0.1846,0.2422,0.2451,0.294,0.2078,0.22,0.2487,0.2738,0.2423,0.299,0.2702,0.2462,0.2228,0.2642,0.2847,0.2448,0.2922,0.2086,0.2154,0.2749,0.2279,0.249,0.2593,0.2538,0.2029
0.3123,0.2066,0.2411,0.2547,0.2193,0.3393,0.2134,0.2114,0.2277,0.2304,0.2191,0.2212,0.217,0.3143,0.2673,0.2326,0.1711,0.2249,0.2912,0.201,0.228,0.2344,0.2212,0.2018,0.242,0.2431,0.2729,0.2132,0.2692,0.1699,0.1953,0.3675,0.2124,0.3163,0.2384,0.2931,0.2372,0.2738,0.2403,0.2352,0.3095,0.2633,0.2565,0.2386,0.2375,0.2555,0.2471,0.2431,0.2086,0.2768,0.1846,0.2422,0.2451,0.294,0.2078,0.22,0.2487,0.2738,0.2423,0.299,0.2702,0.2462,0.2228,0.2642,0.2847,0.2448,0.2922,0.2086,0.2154,0.2749,0.2279,0.249,0.2593,0.2538,0.2029
0.3123,0.2066,0.2411,0.2547,0.2193,0.3393,0.2134,0.2114,0.2277,0.2304,0.2191,0.2212,0.217,0.3143,0.2673,0.2326,0.1711,0.2249,0.2912,0.201,0.228,0.2344,0.2212,0.2018,0.242,0.2431,0.2729,0.2132,0.2692,0.1699,0.1953,0.3675,0.2124,0.3163,0.2384,0.2931,0.2372,0.2738,0.2403,0.2352,0.3095,0.2633,0.2565,0.2386,0.2375,0.2555,0.2471,0.2431,0.2086,0.2768,0.1846,0.2422,0.2451,0.294,0.2078,0.22,0.2487,0.2738,0.2423,0.299,0.2702,0.2462,0.2228,0.2642,0.2847,0.2448,0.2922,0.2086,0.2154,0.2749,0.2279,0.249,0.2593,0.2538,0.2029
0.3123,0.2066,0.2411,0.2547,0.2193,0.3393,0.2134,0.2114,0.2277,0.2304,0.2191,0.2212,0.217,0.3143,0.2673,0.2326,0.1711,0.2249,0.2912,0.201,0.228,0.2344,0.2212,0.2018,0.242,0.2431,0.2729,0.2132,0.2692,0.1699,0.1953,0.3675,0.2124,0.3163,0.2384,0.2931,0.2372,0.2738,0.2403,0.2352,0.3095,0.2633,0.2565,0.2386,0.2375,0.2555,0.2471,0.2431,0.2086,0.2768,0.1846,0.2422,0.2451,0.294,0.2078,0.22,0.2487,0.2738,0.2423,0.299,0.2702,0.2462,0.2228,0.2642,0.2847,0.2448,0.2922,0.2086,0.2154,0.2749,0.2279,0.249,0.2593,0.2538,0.2029
0.3123,0.2066,0.2411,0.2547,0.2193,0.3393,0.2134,0.2114,0.2277,0.2304,0.2191,0.2212,0.217,0.3143,0.2673,0.2326,0.1711,0.2249,0.2912,0.201,0.228,0.2344,0.2212,0.2018,0.242,0.2431,0.2729,0.2132,0.2692,0.1699,0.1953,0.3675,0.2124,0.3163,0.2384,0.2931,0.2372,0.2738,0.2403,0.2352,0.3095,0.2633,0.2565,0.2386,0.2375,0.2555,0.2471,0.2431,0.2086,0.2768,0.1846,0.2422,0.2451,0.294,0.2078,0.22,0.2487,0.2738,0.2423,0.299,0.2702,0.2462,0.2228,0.2642,0.2847,0.2448,0.2922,0.2086,0.2154,0.2749,0.2279,0.249,0.2593,0.2538,0.2029
0.3123,0.2066,0.2411,0.2547,0.2193,0.3393,0.2134,0.2114,0.2277,0.2304,0.2191,0.2212,0.217,0.3143,0.2673,0.2326,0.1711,0.2249,0.2912,0.201,0.228,0.2344,0.2212,0.2018,0.242,0.2431,0.2729,0.2132,0.2692,0.1699,0.1953,0.3675,0.2124,0.3163,0.2384,0.2931,0.2372,0.2748,0.2403,0.2352,0.3095,0.2633,0.2565,0.2443,0.2375,0.2555,0.2471,0.2431,0.2086,0.2768,0.1846,0.2422,0.2451,0.294,0.2078,0.22,0.2487,0.2738,0.2423,0.299,0.2702,0.2462,0.2228,0.2642,0.2847,0.2448,0.2922,0.2086,0.2154,0.2749,0.2279,0.249,0.2593,0.2538,0.2029
0.3123,0.2066,0.2411,0.2547,0.2193,0.3393,0.2134,0.2114,0.2277,0.2304,0.2191,0.2212,0.217,0.3143,0.2673,0.2326,0.1711,0.2249,0.2912,0.201,0.228,0.2344,0.2212,0.2018,0.242,0.2431,0.2729,0.2132,0.2692,0.1699,0.1953,0.3675,0.2124,0.3163,0.2384,0.2931,0.2372,0.2748,0.2403,0.2352,0.3095,0.2633,0.2565,0.2443,0.2375,0.2555,0.2471,0.2431,0.2086,0.2768,0.1846,0.2422,0.2451,0.294,0.2078,0.22,0.2487,0.2738,0.2423,0.299,0.2702,0.2462,0.2228,0.2642,0.2847,0.2448,0.2922,0.2086,0.2154,0.2749,0.2279,0.249,0.2593,0.2538,0.2029
0.3123,0.2066,0.2411,0.2547,0.2193,0.3393,0.2134,0.2114,0.2277,0.2304,0.2191,0.2212,0.217,0.3143,0.2673,0.2326,0.1711,0.2249,0.2912,0.201,0.228,0.2344,0.2212,0.2018,0.242,0.2431,0.2729,0.2132,0.2692,0.1699,0.1953,0.3675,0.2124,0.3163,0.2384,0.2931,0.2372,0.2748,0.2403,0.2352,0.3095,0.2633,0.2565,0.2443,0.2375,0.2555,0.2471,0.2431,0.2086,0.2768,0.1846,0.2422,0.2451,0.294,0.2078,0.22,0.2487,0.2738,0.2423,0.299,0.2702,0.2462,0.2228,0.2642,0.2847,0.2448,0.2922,0.2088,0.2154,0.2749,0.2279,0.249,0.2593,0.2538,0.2029
0.3123,0.2066,0.2411,0.2547,0.2193,0.3393,0.2134,0.2114,0.2277,0.2304,0.2191,0.2212,0.217,0.3143,0.2673,0.2326,0.1711,0.2249,0.2912,0.201,0.228,0.2344,0.2212,0.2018,0.242,0.2431,0.2729,0.2132,0.2692,0.1699,0.1953,0.3675,0.2124,0.3163,0.2384,0.2931,0.2372,0.2748,0.2403,0.2352,0.3095,0.2633,0.2565,0.2443,0.2375,0.2555,0.2471,0.2431,0.2086,0.2768,0.1846,0.2422,0.2451,0.294,0.2078,0.22,0.2487,0.2738,0.2423,0.299,0.2702,0.2462,0.2228,0.2642,0.2847,0.2448,0.2922,0.2088,0.2154,0.2749,0.2279,0.249,0.2593,0.2538,0.2029
0.3123,0.2066,0.2411,0.2547,0.2193,0.3393,0.2134,0.2114,0.2277,0.2304,0.2191,0.2212,0.217,0.3143,0.2673,0.2326,0.1711,0.2249,0.2912,0.201,0.228,0.2344,0.2212,0.2018,0.242,0.2431,0.2729,0.2132,0.2692,0.1699,0.1953,0.3675,0.2124,0.3163,0.2384,0.2931,0.2372,0.2748,0.2403,0.2352,0.3095,0.2633,0.2565,0.2443,0.2375,0.2555,0.2471,0.2431,0.2086,0.2768,0.1846,0.2422,0.2451,0.294,0.2078,0.22,0.2487,0.2738,0.2423,0.299,0.2702,0.2462,0.2228,0.2642,0.2847,0.2448,0.2922,0.2088,0.2154,0.2749,0.2279,0.249,0.2593,0.2538,0.2029
0.3123,0.2066,0.2411,0.2547,0.2193,0.3393,0.2134,0.2114,0.2277,0.2304,0.2191,0.2212,0.217,0.3143,0.2673,0.2326,0.1711,0.2249,0.2912,0.201,0.228,0.2344,0.2212,0.2018,0.242,0.2431,0.2729,0.2132,0.2692,0.1699,0.1953,0.3675,0.2124,0.3163,0.2384,0.2931,0.2372,0.2748,0.2403,0.2352,0.3095,0.2633,0.2565,0.2443,0.2375,0.2555,0.2471,0.2431,0.2086,0.2768,0.1846,0.2422,0.2451,0.294,0.2078,0.22,0.2487,0.2738,0.2423,0.299,0.2702,0.2462,0.2228,0.2642,0.2847,0.2448,0.2922,0.2088,0.2154,0.2749,0.2279,0.249,0.2593,0.2538,0.2029
0.3123,0.2066,0.2411,0.2547,0.2193,0.3393,0.2134,0.2114,0.2277,0.2304,0.2191,0.2212,0.217,0.3143,0.2673,0.2326,0.1711,0.2249,0.2912,0.201,0.228,0.2344,0.2212,0.2018,0.242,0.2431,0.2729,0.2132,0.2692,0.1699,0.1953,0.3675,0.2124,0.3163,0.2384,0.2931,0.2372,0.2748,0.2403,0.2352,0.3095,0.2633,0.2565,0.2443,0.2375,0.2555,0.2471,0.2431,0.2086,0.2768,0.1846,0.2422,0.2451,0.294,0.2078,0.22,0.2487,0.2738,0.2423,0.299,0.2702,0.2462,0.2228,0.2642,0.2847,0.2448,0.2922,0.2088,0.2154,0.2749,0.2279,0.249,0.2593,0.2538,0.2029
0.3123,0.2066,0.2411,0.2547,0.2193,0.3393,0.2134,0.2114,0.2277,0.2304,0.2191,0.2212,0.217,0.3143,0.2673,0.2326,0.1711,0.2249,0.2912,0.201,0.228,0.2344,0.2212,0.2018,0.242,0.2431,0.2729,0.2132,0.2692,0.1699,0.1953,0.3675,0.2124,0.3163,0.2384,0.2931,0.2372,0.2748,0.2403,0.2352,0.3095,0.2633,0.2565,0.2617,0.2375,0.2555,0.2471,0.2431,0.2086,0.2768,0.1846,0.2422,0.2451,0.294,0.2078,0.22,0.2487,0.2738,0.2423,0.299,0.2702,0.2462,0.2228,0.2642,0.2847,0.2448,0.2922,0.2088,0.2154,0.2749,0.2279,0.249,0.2593,0.2538,0.2029
0.3123,0.2066,0.2411,0.2547,0.2193,0.3393,0.2134,0.2114,0.2277,0.2304,0.2191,0.2212,0.217,0.3143,0.2673,0.2326,0.1711,0.2249,0.2912,0.201,0.228,0.2344,0.2212,0.2018,0.242,0.2431,0.2729,0.2132,0.2692,0.1699,0.1953,0.3675,0.2124,0.3163,0.2384,0.2931,0.2372,0.2748,0.2403,0.2352,0.3095,0.2633,0.2565,0.2617,0.2375,0.2555,0.2471,0.2431,0.2086,0.2768,0.1846,0.2422,0.2451,0.294,0.2078,0.22,0.2487,0.2738,0.2423,0.299,0.2702,0.2491,0.2228,0.2642,0.2847,0.2448,0.2922,0.2088,0.2154,0.2749,0.2279,0.249,0.2593,0.2538,0.2029
0.3123,0.2066,0.2411,0.2547,0.2193,0.3393,0.2134,0.2114,0.2277,0.2304,0.2191,0.2212,0.217,0.3143,0.2673,0.2326,0.1711,0.2249,0.2912,0.201,0.228,0.2344,0.2212,0.2018,0.242,0.2431,0.2729,0.2132,0.2692,0.1699,0.1953,0.3675,0.2124,0.326,0.2384,0.2931,0.2372,0.2836,0.2403,0.2352,0.3095,0.2633,0.2565,0.2617,0.2375,0.2555,0.2471,0.2431,0.2086,0.2768,0.1846,0.2422,0.2451,0.294,0.2078,0.22,0.2487,0.2738,0.2423,0.299,0.2702,0.2491,0.2228,0.2642,0.2847,0.2448,0.2922,0.2088,0.2154,0.2757,0.2279,0.249,0.2593,0.2538,0.2029
0.3123,0.2066,0.2411,0.2547,0.2193,0.3393,0.2134,0.2114,0.2277,0.2304,0.2191,0.2212,0.217,0.3143,0.2673,0.2326,0.1711,0.2249,0.2912,0.201,0.228,0.2344,0.2212,0.2018,0.242,0.2431,0.2729,0.2132,0.2692,0.1699,0.1953,0.3675,0.2124,0.326,0.2384,0.2931,0.2372,0.2836,0.2403,0.2352,0.3095,0.2633,0.2565,0.2617,0.2375,0.2555,0.2471,0.2431,0.2086,0.2768,0.1846,0.2422,0.2451,0.294,0.2078,0.22,0.2487,0.2738,0.2423,0.299,0.2702,0.2491,0.2228,0.2642,0.2847,0.2448,0.2922,0.2088,0.2154,0.2757,0.2279,0.249,0.2593,0.2538,0.2029
0.3123,0.2066,0.2411,0.2547,0.2193,0.3393,0.2134,0.2114,0.2277,0.2304,0.2191,0.2212,0.217,0.3143,0.2673,0.2326,0.1711,0.2249,0.2912,0.201,0.228,0.2344,0.2212,0.2018,0.242,0.2431,0.2729,0.2132,0.2692,0.1699,0.1953,0.3675,0.2124,0.326,0.2384,0.2931,0.2372,0.2836,0.2403,0.2352,0.3095,0.2633,0.2565,0.2617,0.2375,0.2555,0.2471,0.2431,0.2086,0.2768,0.1846,0.2422,0.2451,0.294,0.2078,0.22,0.2487,0.2738,0.2423,0.299,0.2702,0.2491,0.2228,0.2642,0.2847,0.2448,0.2922,0.2088,0.2154,0.2757,0.2279,0.249,0.2593,0.2538,0.2029
0.3123,0.2066,0.2411,0.2547,0.2193,0.3393,0.2134,0.2114,0.2277,0.2304,0.2191,0.2212,0.217,0.3143,0.2673,0.2326,0.1711,0.2249,0.2912,0.201,0.228,0.2344,0.2212,0.2018,0.242,0.2431,0.2729,0.2132,0.2692,0.1699,0.1953,0.3675,0.2124,0.326,0.2384,0.2931,0.2372,0.2836,0.2403,0.2352,0.3095,0.2633,0.2565,0.2617,0.2375,0.2555,0.2471,0.2431,0.2086,0.2768,0.1846,0.2422,0.2451,0.294,0.2078,0.22,0.2487,0.2738,0.2423,0.299,0.2702,0.2491,0.2228,0.2642,0.2847,0.2448,0.2922,0.2088,0.2154,0.2757,0.2279,0.249,0.2593,0.2538,0.2029
0.3123,0.2066,0.2411,0.2547,0.2193,0.3393,0.2134,0.2114,0.2277,0.2304,0.2191,0.2212,0.217,0.3143,0.2673,0.2326,0.1711,0.2249,0.2912,0.201,0.228,0.2344,0.2212,0.2018,0.242,0.2431,0.2729,0.2132,0.2692,0.1699,0.1953,0.3675,0.2124,0.326,0.2384,0.2931,0.2372,0.2836,0.2403,0.2352,0.3095,0.2633,0.2565,0.2617,0.2375,0.2555,0.2471,0.2431,0.2086,0.2768,0.1846,0.2422,0.2451,0.294,0.2078,0.22,0.2487,0.2738,0.2423,0.299,0.2702,0.2491,0.2228,0.2642,0.2847,0.2448,0.2922,0.2088,0.2154,0.2757,0.2279,0.249,0.2593,0.2538,0.2029
0.3123,0.2066,0.2411,0.2547,0.2193,0.3393,0.2134,0.2114,0.2277,0.2304,0.2191,0.2212,0.217,0.3143,0.2673,0.2326,0.1711,0.2249,0.2912,0.201,0.228,0.2344,0.2212,0.2018,0.242,0.2431,0.2729,0.2132,0.2692,0.1699,0.1953,0.3675,0.2124,0.326,0.2384,0.2931,0.2372,0.2836,0.2403,0.2352,0.3095,0.2633,0.2565,0.2617,0.2375,0.2555,0.2471,0.2431,0.2086,0.2768,0.1846,0.2422,0.2451,0.294,0.2078,0.22,0.2487,0.2738,0.2423,0.299,0.2702,0.2491,0.2228,0.2642,0.2847,0.2448,0.2922,0.2088,0.2154,0.2757,0.2279,0.249,0.2593,0.2538,0.2279
0.3123,0.2066,0.2411,0.2547,0.2193,0.3393,0.2134,0.2114,0.2277,0.2304,0.2191,0.2212,0.217,0.3143,0.2673,0.2326,0.1711,0.2249,0.2912,0.201,0.228,0.2344,0.2212,0.2018,0.242,0.2431,0.2729,0.2132,0.2692,0.1699,0.1953,0.3675,0.2124,0.326,0.2384,0.2931,0.2372,0.2836,0.2403,0.2352,0.3095,0.2633,0.2565,0.2617,0.2375,0.2555,0.2471,0.2431,0.2086,0.2768,0.1846,0.2422,0.2451,0.294,0.2078,0.22,0.2487,0.2738,0.2423,0.299,0.2702,0.2491,0.2228,0.2642,0.2847,0.2448,0.2922,0.2088,0.2154,0.2757,0.2279,0.249,0.2593,0.2538,0.2279
0.3123,0.2066,0.2411,0.2547,0.2193,0.3393,0.2134,0.2114,0.2277,0.2304,0.2191,0.2212,0.217,0.3143,0.2673,0.2326,0.1711,0.2249,0.2912,0.201,0.228,0.2344,0.2212,0.2018,0.242,0.2431,0.2729,0.2132,0.2692,0.1699,0.1953,0.3675,0.2124,0.326,0.2384,0.2931,0.2372,0.2836,0.2403,0.2352,0.3095,0.2633,0.2565,0.2617,0.2375,0.2555,0.2471,0.2431,0.2086,0.2768,0.1846,0.2422,0.2451,0.294,0.2078,0.22,0.2487,0.2738,0.2423,0.299,0.2702,0.2491,0.2228,0.2642,0.2847,0.2448,0.2922,0.2088,0.2154,0.2757,0.2279,0.249,0.2593,0.2538,0.2279
0.3123,0.2066,0.2411,0.2547,0.2193,0.3393,0.2134,0.2114,0.2277,0.2304,0.2191,0.2212,0.217,0.3143,0.2673,0.2326,0.1711,0.2249,0.2912,0.201,0.228,0.2344,0.2212,0.2018,0.242,0.2431,0.2729,0.2132,0.2692,0.1699,0.1953,0.3675,0.2124,0.326,0.2384,0.2931,0.2372,0.2836,0.2403,0.2352,0.3095,0.2633,0.2565,0.2617,0.2375,0.2555,0.2471,0.2431,0.2086,0.2768,0.1846,0.2422,0.2451,0.294,0.2078,0.22,0.2487,0.2738,0.2423,0.299,0.2702,0.2491,0.2228,0.2642,0.2847,0.2448,0.2922,0.2088,0.2154,0.2757,0.2279,0.249,0.2593,0.2538,0.2279
0.3123,0.2066,0.2411,0.2547,0.2193,0.3393,0.2134,0.2114,0.2277,0.2304,0.2191,0.2212,0.217,0.3143,0.2673,0.2326,0.1711,0.2249,0.2912,0.201,0.228,0.2344,0.2212,0.2018,0.242,0.2431,0.2729,0.2132,0.2692,0.1699,0.1953,0.3675,0.2124,0.326,0.2384,0.2931,0.2372,0.2836,0.2403,0.2352,0.3095,0.2633,0.2565,0.2617,0.2375,0.2555,0.2471,0.2431,0.2086,0.2768,0.1846,0.2422,0.2451,0.294,0.2078,0.22,0.2487,0.2738,0.2423,0.299,0.2702,0.2491,0.2228,0.2642,0.2847,0.2448,0.2922,0.2088,0.2154,0.2757,0.2279,0.249,0.2593,0.2538,0.2279
0.3123,0.2066,0.2411,0.2547,0.2193,0.3393,0.2134,0.2114,0.2277,0.2304,0.2191,0.2212,0.217,0.3143,0.2673,0.2326,0.1711,0.2249,0.2912,0.201,0.228,0.2344,0.2212,0.2018,0.242,0.2431,0.2729,0.2132,0.2692,0.1699,0.1953,0.3675,0.2124,0.326,0.2384,0.2931,0.2372,0.2836,0.2403,0.2352,0.3095,0.2633,0.2565,0.2617,0.2375,0.2555,0.2471,0.2431,0.2086,0.2768,0.1846,0.2422,0.2451,0.294,0.2078,0.22,0.2487,0.2738,0.2423,0.299,0.2702,0.2491,0.2228,0.2642,0.2847,0.2448,0.2922,0.2088,0.2154,0.2757,0.2279,0.249,0.2593,0.2538,0.2279
