0,1,2,3,4,5,6,7,8,9,10,11,12,13,14,15,16,17,18,19,20,21,22,23,24,25,26,27,28,29,30,31,32,33,34,35,36,37,38,39,40,41,42,43,44,45,46,47,48,49,50,51,52,53,54,55,56,57,58,59,60,61,62,63,64,65,66,67,68,69,70,71,72,73,74,75,76,77,78,79,80,81,82,83,84,85,86,87,88,89,90,91,92,93,94,95,96,97,98,99,100,101,102,103,104,105,106,107,108,109,110,111,112,113,114,115,116,117,118,119,120,121,122,123,124,125,126,127,128,129,130,131,132,133,134,135,136,137,138,139,140,141,142,143,144,145,146,147,148,149,150,151,152,153,154,155,156,157,158,159,160,161,162,163,164,165,166,167,168,169,170,171,172,173,174,175,176,177,178,179,180,181
-1.2098127,-0.9849601,-1.1748177,-0.9686175,-1.1645732,-1.0100191,-0.9648403,-0.9876625,-1.1104081,-0.995719,-1.1145758,-1.1395493,-1.1393865,-1.2023813,-1.0565867,-1.1048855,-1.0496494,-1.1035149,-0.9533502,-1.1134226,-1.0065337,-1.0514051,-1.0235962,-1.1328199,-1.0151127,-1.0372685,-1.0900533,-1.1283486,-1.1019803,-1.0558507,-1.0278031,-1.1172702,-1.0575909,-1.0903932,-0.892784,-1.0281295,-0.9899951,-1.2047353,-1.2167499,-1.0852379,-0.9818075,-0.9076746,-0.9751249,-1.0985379,-0.9761601,-1.2524673,-1.0398237,-0.8995717,-1.0040382,-0.9428126,-1.1906009,-1.037387,-0.9469011,-1.1777156,-1.1260217,-1.1919852,-0.9813669,-1.0732739,-0.9091068,-1.089282,-1.0608382,-0.9353368,-0.9942584,-1.0340936,-0.956115,-1.0767727,-0.9675073,-1.0834563,-1.1030927,-1.0100159,-1.1327632,-1.1828457,-0.7787816,-1.1598026,-0.9026033,-0.945092,-1.0969044,-0.9208251,-1.1430179,-1.1882606,-1.042439,-1.1304823,-0.9117521,-1.0940281,-1.0302139,-0.9470201,-1.2232951,-1.0579209,-0.8818758,-1.286699,-0.8925096,-1.0072055,-1.074806,-1.0015446,-1.102306,-0.9295336,-1.0538626,-0.9099798,-1.0072677,-0.9820634,-1.0708376,-1.1133192,-0.8796283,-0.8368382,-1.1384454,-1.1916583,-0.9514415,-0.9505734,-1.0320217,-1.0160554,-1.0208758,-1.035785,-1.0405606,-1.0115718,-0.8930263,-0.8274933,-0.8000467,-1.0936474,-1.0476377,-0.9880616,-1.0747825,-0.8925876,-1.1288735,-1.2636782,-0.8402229,-1.1093382,-1.0996057,-1.0127418,-0.9477108,-1.1235403,-1.0464205,-0.8909465,-1.0849374,-1.123465,-0.928996,-1.2942318,-1.1901706,-0.9279447,-1.0043139,-0.83654,-1.0927769,-1.2068262,-1.1566522,-1.1840341,-1.1643555,-1.0021652,-1.0473757,-1.1149159,-1.0009281,-1.0507506,-0.9681099,-0.9575449,-1.0866566,-1.0732624,-0.9294141,-1.1316647,-0.7923674,-1.1591098,-1.2368635,-1.2366722,-1.1135132,-0.9674844,-1.0744312,-0.9553472,-0.9920546,-1.2595128,-1.1109898,-1.0024782,-1.2692162,-1.002595,-1.0909233,-1.1288623,-1.0551856,-1.2786822,-0.9303245,-1.0454543,-1.159499,-1.1754722,-1.1102361,-1.0124835,-0.8929895,-1.2269678
-0.7125326,-0.6241608,-0.7422334,-0.5876426,-0.6980357,-0.5918738,-0.6241869,-0.5189586,-0.6460116,-0.6091677,-0.6718924,-0.6322071,-0.6184396,-0.6918266,-0.543146,-0.7149593,-0.6621412,-0.6686558,-0.6124692,-0.7221208,-0.6012615,-0.6503769,-0.6085091,-0.7536656,-0.5055987,-0.6317268,-0.7086192,-0.7196495,-0.5826634,-0.7342323,-0.6484649,-0.6721858,-0.6420121,-0.6598696,-0.5410468,-0.6619069,-0.5695975,-0.7191066,-0.7038773,-0.579264,-0.6014315,-0.5215294,-0.5771095,-0.7086199,-0.5659625,-0.7648878,-0.565588,-0.6322601,-0.6230783,-0.5326935,-0.7270428,-0.7420072,-0.4768477,-0.6346042,-0.6600119,-0.8046335,-0.6643195,-0.65391,-0.5627491,-0.6102749,-0.6537182,-0.5903741,-0.6173316,-0.6000476,-0.5370093,-0.6705506,-0.5705919,-0.6526242,-0.7324725,-0.5641353,-0.8080952,-0.7242361,-0.4792584,-0.6555576,-0.4959732,-0.5780836,-0.6635295,-0.4880304,-0.706775,-0.7775996,-0.6185098,-0.6885383,-0.5993441,-0.6262832,-0.5762401,-0.5998674,-0.7291249,-0.6075617,-0.5780812,-0.8075773,-0.5207591,-0.4980814,-0.631914,-0.5773563,-0.6277979,-0.5962563,-0.6121864,-0.3739864,-0.5358935,-0.564788,-0.6605644,-0.6382661,-0.5414062,-0.4578543,-0.6455416,-0.689442,-0.5314687,-0.5469254,-0.6347208,-0.5480543,-0.6448779,-0.6663808,-0.6175369,-0.6049773,-0.4610643,-0.4338237,-0.460096,-0.675343,-0.5948184,-0.6091684,-0.7028312,-0.5705549,-0.638044,-0.7732232,-0.4463199,-0.5893286,-0.7037059,-0.5339785,-0.6060848,-0.6975962,-0.5936367,-0.5012906,-0.6152389,-0.6981859,-0.5392192,-0.7322914,-0.8213283,-0.6157945,-0.5000239,-0.512179,-0.6707195,-0.7434233,-0.7500052,-0.6593029,-0.6871372,-0.6237181,-0.6154312,-0.6643908,-0.5310554,-0.6449684,-0.517259,-0.5913488,-0.7094127,-0.7095677,-0.6469386,-0.7592909,-0.3992613,-0.7033502,-0.844611,-0.7331425,-0.7098799,-0.6055628,-0.704536,-0.5637888,-0.6976945,-0.6947558,-0.6895612,-0.5872104,-0.7139229,-0.6737179,-0.6434419,-0.6635567,-0.6933679,-0.7733971,-0.5034261,-0.6482882,-0.7158528,-0.5910839,-0.6758084,-0.7137449,-0.5216708,-0.7652465
-0.4153479,-0.3799394,-0.3542412,-0.4281498,-0.4532333,-0.3416273,-0.2771401,-0.2652939,-0.4142323,-0.2981555,-0.4422877,-0.3265919,-0.3107344,-0.4050993,-0.3287002,-0.4186883,-0.3165805,-0.3898232,-0.3520965,-0.3791578,-0.4087795,-0.4368061,-0.35997,-0.4336493,-0.2916922,-0.4205525,-0.4084554,-0.377325,-0.3031347,-0.4557741,-0.4842488,-0.3531208,-0.3961851,-0.35615,-0.2398586,-0.3845203,-0.3175232,-0.4324311,-0.2913661,-0.3632554,-0.3222518,-0.2546364,-0.3052786,-0.4376588,-0.3923757,-0.4879753,-0.4033837,-0.4114869,-0.3302326,-0.3530901,-0.4899435,-0.4939418,-0.2220686,-0.334141,-0.3506253,-0.4018091,-0.4268816,-0.3923195,-0.2982741,-0.2988823,-0.438335,-0.3317044,-0.3746088,-0.3424425,-0.325511,-0.385712,-0.3435939,-0.3219461,-0.4893141,-0.2900573,-0.4767934,-0.4539851,-0.3117931,-0.321481,-0.2529537,-0.2923488,-0.3540177,-0.2719473,-0.3041745,-0.4589252,-0.3768511,-0.4525634,-0.351085,-0.3879657,-0.336589,-0.3295275,-0.287808,-0.325755,-0.3330633,-0.3490535,-0.2862542,-0.2738854,-0.3483705,-0.3467638,-0.3166656,-0.3153576,-0.3257764,-0.2221614,-0.2347647,-0.3597739,-0.3465989,-0.4567904,-0.3138987,-0.2494393,-0.3970189,-0.4807766,-0.2524763,-0.28136,-0.3552168,-0.2533459,-0.3161924,-0.3802377,-0.3736421,-0.2974455,-0.2148214,-0.1726659,-0.2131349,-0.3660795,-0.3635143,-0.3459412,-0.3432453,-0.3571068,-0.3899191,-0.4526392,-0.29878,-0.2501226,-0.2966975,-0.2458482,-0.3495992,-0.4461579,-0.3107617,-0.2873535,-0.3626928,-0.3252547,-0.3131954,-0.3983395,-0.4263476,-0.386129366667,-0.2624773,-0.3076937,-0.5119753,-0.4615362,-0.4622528,-0.3517658,-0.3295808,-0.3233974,-0.3446999,-0.429181,-0.3170994,-0.2916026,-0.2123207,-0.3196643,-0.3979966,-0.3872337,-0.3164824,-0.4205845,-0.2700293,-0.280331,-0.4278731,-0.4909449,-0.3992253,-0.3678179,-0.410369,-0.2759692,-0.401197,-0.4347559,-0.395055,-0.3451011,-0.4479463,-0.4255422,-0.4221417,-0.4551957,-0.4037328,-0.4732926,-0.2463257,-0.2499899,-0.338146,-0.3837035,-0.365115,-0.407812,-0.3374271,-0.4978729
-0.2335138,-0.1815778,-0.2258352,-0.2418051,-0.2083884,-0.1715051,-0.1314649,-0.1388559,-0.2044853,-0.1622113,-0.2703321,-0.1120358,-0.148151,-0.1469522,-0.1733381,-0.2788915,-0.134022,-0.1882766,-0.2105992,-0.1667911,-0.1955532,-0.2952989,-0.1526833,-0.1885961,-0.1564606,-0.202979,-0.2203307,-0.1690517,-0.1904729,-0.2571071,-0.2527933,-0.1779032,-0.2373033,-0.1744124,-0.0769907333333,-0.1943962,-0.1288096,-0.1981334,-0.1366086,-0.1770594,-0.1751047,-0.1476772,-0.1652923,-0.2576898,-0.2293238,-0.3275347,-0.1875025,-0.2509802,-0.1516879,-0.1737881,-0.3295811,-0.2561038,-0.0872688,-0.109745,-0.1901093,-0.1569062,-0.2484497,-0.1716878,-0.1519109,-0.1279316,-0.223688,-0.1660989,-0.2420759,-0.2207244,-0.1669307,-0.1758695,-0.1838592,-0.1979455,-0.2158169,-0.1399503,-0.2419225,-0.3487841,-0.1627347,-0.1197056,-0.1355995,-0.1819146,-0.1863247,-0.1375011,-0.1672032,-0.224367,-0.1977457,-0.2383501,-0.2450032,-0.2228652,-0.2011846,-0.1792328,-0.1300675,-0.1959661,-0.1761655,-0.2200649,-0.1628464,-0.1078799,-0.1806828,-0.2451368,-0.2140365,-0.1687793,-0.1209623,-0.0968744,-0.1457357,-0.2007265,-0.1321354,-0.301608,-0.1567366,-0.1469615,-0.1676991,-0.2996199,-0.1315053,-0.1271997,-0.1351058,-0.1418959,-0.1007281,-0.1970463,-0.2017695,-0.1887974,-0.0945507,-0.0125527,-0.0628258,-0.2400394,-0.2033818,-0.2272651,-0.1961491,-0.1309347,-0.2073171,-0.2456614,-0.1335089,-0.1854284,-0.138912,-0.1132844,-0.1430595,-0.2559527,-0.1482079,-0.1739087,-0.1893094,-0.1313273,-0.1471147,-0.2178132,-0.2674228,-0.1767875,-0.1304169,-0.1436639,-0.2252156,-0.3100298,-0.3302251,-0.1475221,-0.0947781,-0.143245,-0.1975853,-0.1879764,-0.2083519,-0.1038474,-0.121297,-0.154492,-0.2054844,-0.2719516,-0.1883146,-0.225209,-0.0877899,-0.1084664,-0.2273842,-0.3711238,-0.2051201,-0.2062853,-0.1647232,-0.0905828,-0.2221187,-0.2739404,-0.2355164,-0.2012865,-0.2154639,-0.2864208,-0.2541856,-0.2075281,-0.3024305,-0.2893666,-0.1044621,-0.1430851,-0.1948491,-0.2061225,-0.1385048,-0.2692294,-0.2025669,-0.2165467
-0.1139245,-0.06214,-0.1146632,-0.1016427,-0.0544004,-0.0399541,-0.0538831,-0.0373046,-0.0847246,-0.1005334,-0.1795433,-0.0081332,-0.0062445,-0.0356695,-0.0531396,-0.1274411,-0.0277666,-0.1321416,-0.0523241,-0.0295686,-0.1219336,-0.1944284,-0.0731555,-0.0879878,-0.0795229,-0.0627114,-0.1245803,-0.0968004,-0.1010312,-0.1420675,-0.1061188,-0.010831,-0.1098532,-0.0971023,0.0172214,-0.0606581,-0.010849,-0.0885527,-0.0708955,-0.0945058,-0.0418097,-0.0492636,-0.0090263,-0.1038086,-0.1402875,-0.10353,-0.1352194,-0.1297284,-0.0735516,-0.0629,-0.1753549,-0.1402416,-0.0073951,0.0060532,-0.0517377,-0.0660644,-0.1237511,-0.1075782,-0.0506583,0.0066188,-0.1063308,-0.0125451,-0.1087298,-0.1052688,-0.0829783,-0.0355215,-0.057686,-0.0898712,-0.1049434,-0.0503385,-0.1616904,-0.2576292,-0.0404483,0.0053761,-0.0129458,-0.0773351,-0.0810903,-0.0436369,-0.0339556,-0.137452,-0.0496185,-0.12006,-0.1535245,-0.1091826,-0.0823149,-0.0692536,-0.0582434,-0.0652416,-0.0367283,-0.1071869,-0.084277,0.0230718,-0.0516684,-0.1484509,-0.1198718,-0.0747262,0.0058507,-0.0197668,-0.0085549,-0.1350854,-0.0484658,-0.1706476,-0.0782836,-0.0241816,-0.0340144,-0.1323304,-0.0754495,-0.0510148,-0.0211997,-0.005348,-0.0189706,-0.0981432,-0.1262665,-0.0755081,0.0215058,0.0708011,0.0501236,-0.1103141,-0.0767703,-0.1043644,-0.1188418,-0.0126047,-0.0617932,-0.1253245,-0.0926949,-0.1096574,-0.0421088,-0.0182391,-0.0983592,-0.0786553,-0.0834058,-0.087974,-0.0836619,0.0607952,-0.0365594,-0.1214121,-0.1524037,-0.0767375,-0.0018541,0.0123862,-0.1244582,-0.2011197,-0.2355498,-0.0331593,-0.0311399,-0.0239102,-0.0709134,-0.1434689,-0.1057622,-0.0134744,-0.0351291,-0.0377007,-0.0846857,-0.1214764,-0.11334,-0.1244871,0.0028951,0.0005248,-0.1099404,-0.2726401,-0.0927301,-0.1585991,-0.0701201,-0.0020168,-0.106902,-0.1369914,-0.1907401,-0.1205027,-0.125433,-0.1262857,-0.0910132,-0.1112748,-0.1776962,-0.0819482,-0.0261836,0.0338983,0.0221197,-0.0509247,-0.0451092,-0.1504318,-0.1077714,-0.09579
0.0208886,-0.0114394,-0.0248257,-0.0409449,0.0108396,0.0387596,0.0642589,0.0306253,-0.0275974,-0.0097459,-0.1015008,0.0429778,0.1046895,0.0395477,-0.0009416,-0.0492288,0.0317,0.0042365,0.0323954,0.0431482,-0.0127615,-0.0995908,-0.0445865,-0.0469427,0.019183,-0.0134154,-0.0622488,-0.0288734,-0.007626,-0.011239,0.0085499,0.038047,-0.0399995,-0.0425022,0.0521542,0.0282675,0.0693527,-0.0296853,-0.0150798,-0.042122,0.0127624,0.0495384,0.0940351,-0.0288469,-0.0499095,-0.0588516,-0.0547246,-0.0541541,-0.0194488,0.0245892,-0.1135106,-0.1153758,0.0609591,0.0742036,0.0561635,0.0183591,-0.0432392,-0.0783143,0.0025073,0.0619692,0.0037408,0.05552,-0.0623963,-0.0305736,-0.0301672,0.019091,0.0046377,0.0543247,0.0106426,-0.0172355,-0.110808,-0.1271091,-0.0086051,0.0739914,0.020608,-0.0232904,-0.0075784,0.0356182,0.0487994,-0.0644916,0.0177213,-0.058218,-0.1116881,0.013551,-0.0055595,0.0368887,0.0484892,-0.0134895,0.0088788,-0.0330356,0.0539402,0.0572317,0.0563944,-0.0126991,-0.0584937,-0.0322727,0.0632206,0.0217547,0.043749,-0.080373,-0.0265774,-0.0628945,0.0088665,0.0247749,0.0206312,-0.0707714,-0.0329559,0.0103309,0.0349459,0.0602978,0.075457,-0.0371678,-0.0538448,-0.01059,0.0799956,0.1352254,0.0958569,-0.0368356,-0.0023083,-0.0390565,0.0043616,0.0522423,0.029902,-0.0596496,-0.0144995,-0.0290057,0.0025536,0.0736478,0.0108756,-0.0316751,-0.0296668,0.0091862,0.013871,0.1179936,0.0375094,-0.0390942,-0.064835,-0.0027333,0.0611383,0.0995553,0.0143366,-0.0769966,-0.1083508,0.0217168,0.0314576,0.0737541,0.024053,-0.0889867,-0.0341712,0.0129162,0.0202399,0.0212593,-0.002175,-0.0449754,-0.048804,-0.0174084,0.030843,0.0532918,-0.0406298,-0.070709,-0.0465613,-0.1049404,0.0413824,0.0580951,-0.0155759,-0.057479,-0.0960588,-0.0002144,-0.016879,0.0469051,-0.0190862,-0.0261987,-0.0985768,-0.028097,0.0333151,0.1125952,0.0749681,0.0434246,-0.0145348,-0.0605217,-0.0005916,-0.0218386
0.1316261,0.0492694,-0.010266,-0.0086377,0.0326146,0.0762916,0.0998605,0.0854329,0.0249302,0.0113418,-0.0078946,0.080018,0.1310364,0.0776256,0.0366804,-0.021548,0.0596062,0.0547571,0.1221254,0.0683862,0.0135814,-0.0651411,0.0184738,0.03051,0.093146,0.0190111,-0.0242796,-0.0052992,0.0437885,0.018616,0.1047637,0.0936164,0.0333212,-0.0244371,0.0649474,0.1175552,0.1471613,0.0406961,0.0178777,-0.0242859,0.0347402,0.0809545,0.1412327,0.0285794,0.0145506,0.0035289,-0.0142828,0.0440846,0.0264358,0.0525686,-0.0510492,-0.0692239,0.0930056,0.1166185,0.1200586,0.0796664,-0.0036364,-0.0640449,0.0328109,0.1067983,0.0805981,0.1028576,0.0301259,-0.0033662,0.0489886,0.0398372,0.070905,0.1026901,0.057209,0.0362689,-0.0391364,-0.0166925,0.0598321,0.139881,0.0673548,0.005782,0.0072512,0.071119,0.118207,0.0389444,0.067593,0.0092779,-0.0380987,0.049309,0.057848,0.1055813,0.1002232,0.037683,0.0178854,0.0411797,0.1000614,0.1366022,0.0734874,0.0192087,-0.0423182,0.017219,0.1423186,0.1054055,0.0924937,-0.0318948,0.0187342,-0.0151223,0.048749,0.100266,0.0432096,-0.02561,0.0069844,0.043307,0.0804724,0.1192508,0.1152868,0.0030802,-0.0037114,0.0190539,0.1029408,0.1775064,0.132294,0.0059906,0.0132649,0.0199556,0.0746286,0.1104338,0.0959356,0.0114202,0.0104454,0.0101216,0.0201354,0.1465728,0.0442126,0.0183345,0.0128227,0.044043,0.0525304,0.1562104,0.097083,0.0067035,-0.0440522,0.0289757,0.1186846,0.150666,0.0476498,-0.0028204,-0.0730046,0.070934,0.0841,0.1162885,0.0539842,-0.025023,-0.0050676,0.0593699,0.0909202,0.0883984,0.052208,-0.0072549,-0.0363324,0.0236644,0.0866164,0.0991419,0.0037436,-0.0457537,-0.0375644,0.0140952,0.0943352,0.1076365,0.0334454,-0.0141908,-0.0478037,0.0406656,0.0958438,0.1243349,0.0322965,0.0217133,-0.0463352,0.0210686,0.0935785,0.1377238,0.1220868,0.1080735,0.0120438,-0.0112099,0.0528222,0.0550146
0.1906965,0.1043922,0.014941,0.0283662,0.054708,0.1097888,0.13734,0.1517216,0.0462834,0.0257258,0.0496516,0.1234594,0.182396,0.1304184,0.0565434,0.0109416,0.0983331,0.1067106,0.188308,0.1267386,0.0377886,-0.032029,0.0511885,0.0878332,0.1281572,0.102575,0.0099751,0.0041318,0.0704435,0.0649338,0.1821868,0.115197,0.0655648,-0.015832,0.0826212,0.1298156,0.1830973,0.0924846,0.0484666,0.0277964,0.043464,0.1115141,0.1710032,0.0848392,0.0208022,0.0396436,0.0592604,0.0788302,0.0970483,0.1229646,-0.0150589,-0.0136563,0.1035086,0.1381546,0.153363,0.1037424,0.0133346,-0.0218002,0.0685922,0.1446941,0.1363766,0.160533,0.0376593,0.0275312,0.0943174,0.0827284,0.1329681,0.1270017,0.1392422,0.0532302,0.0112322,0.0009581,0.0908607,0.1808768,0.1005199,0.0488558,0.0284694,0.0926164,0.1649275,0.134339,0.138359,0.0257722,0.0009768,0.083716,0.0932158,0.1741622,0.1513928,0.0405378,0.0355588,0.0743772,0.1273028,0.1740352,0.129948,0.0291254,-0.0223084,0.0783048,0.165277,0.1551849,0.1321738,-0.0271836,0.0287642,-0.0006347,0.0895926,0.1219172,0.0826016,0.0084819,0.0271614,0.063435,0.0979958,0.1511698,0.1505702,0.018241,0.01928,0.0572472,0.1337059,0.210094,0.1678804,0.0483078,0.033046,0.0683838,0.1061763,0.1578594,0.1209702,0.0281632,0.0256293,0.0346898,0.0857565,0.188017,0.0740426,0.0269025,0.0171531,0.0589896,0.0877946,0.19863,0.1258288,0.0275446,-0.0326842,0.0509291,0.1462276,0.1785466,0.0837282,0.0303318,-0.0532712,0.0900702,0.132089,0.1713398,0.1050278,0.009447,0.019582,0.0839296,0.1450384,0.1770929,0.1107849,0.0110604,-0.012841,0.0600733,0.1353238,0.1499604,0.1152376,0.0087125,0.022507,0.0537226,0.1353972,0.1496595,0.0744756,0.0170322,-0.0336108,0.0608305,0.1685014,0.1666595,0.0778751,0.0349023,0.0269342,0.0597078,0.1382306,0.2007196,0.153561,0.1430437,0.0402602,0.012337,0.0813256,0.079379
0.2149021,0.153647,0.0465926,0.0365674,0.067335,0.1534976,0.1593848,0.1738746,0.062543,0.0564636,0.0731238,0.1354366,0.2072624,0.17392,0.0679338,0.0153906,0.1043726,0.1240096,0.2194942,0.1695546,0.05081,0.0063964,0.0795468,0.1301758,0.1613712,0.1451848,0.0491589,0.0155494,0.0809205,0.1051226,0.225918,0.1387509,0.0718182,-0.0013372,0.0997018,0.1670945,0.2198533,0.1434326,0.0746284,0.0327072,0.0628112,0.1280913,0.1907262,0.1272078,0.0408278,0.0516936,0.0813288,0.1050417,0.1486219,0.149286,0.0229421,0.0222524,0.1149996,0.1591662,0.1793274,0.13983,0.0411858,0.0048924,0.0837708,0.1798517,0.1918816,0.187242,0.0566274,0.0361414,0.1037552,0.1172475,0.172616,0.1450665,0.158563,0.0627766,0.0376608,0.0648336,0.1387299,0.2141534,0.1408544,0.0706996,0.0449772,0.1015474,0.1835695,0.1702162,0.1594572,0.0485084,0.0204833,0.0977916,0.1442102,0.2006014,0.1737036,0.0669958,0.046262,0.095193,0.1653304,0.189,0.17075,0.0622756,0.0319856,0.0877338,0.1808812,0.1843572,0.1525154,-0.020292,0.048739,0.0371022,0.1295438,0.1881848,0.1082443,0.0570542,0.0396404,0.075251,0.1503772,0.1997044,0.1737338,0.040168,0.0647034,0.0710286,0.1643165,0.2326166,0.2049368,0.0575314,0.0381756,0.0809244,0.1249146,0.1845416,0.1483976,0.0411894,0.0414652,0.0607337,0.1260454,0.2124492,0.1392562,0.0365311,0.047591,0.0820788,0.1246642,0.2204584,0.1483786,0.053945,-0.0138807,0.0957853,0.1724902,0.2017458,0.1233282,0.0536466,-0.0287401,0.0949418,0.1659748,0.2239916,0.1195928,0.023205,0.0451482,0.100173,0.1752478,0.2072784,0.1583638,0.057982,0.0168168,0.0751502,0.1663092,0.1970694,0.147937,0.0351304,0.0309924,0.0996454,0.16449,0.1962302,0.1144088,0.0305126,0.0019021,0.0823624,0.1815214,0.2128052,0.1219647,0.0470916,0.0264334,0.075647,0.1547876,0.2168372,0.1947344,0.1712026,0.0454234,0.0504672,0.0903558,0.1065866
0.2284659,0.1759092,0.0717942,0.039686,0.0741558,0.1667236,0.1789624,0.1900958,0.083572,0.0639256,0.0928282,0.1608572,0.2291704,0.1951158,0.0770856,0.0218696,0.1201322,0.1544302,0.2406908,0.191493,0.060392,0.0165548,0.0871876,0.147029,0.1927424,0.162776,0.0668396,0.041206,0.0871171,0.122848,0.2435088,0.1632923,0.0799074,0.0059683,0.1104098,0.1763791,0.2424179,0.1691238,0.0826028,0.0368362,0.0687156,0.1294683,0.2361846,0.1486006,0.0500972,0.0590638,0.0910661,0.1384117,0.1821147,0.1697298,0.0737797,0.0521546,0.130281,0.1967212,0.20849,0.1621782,0.0490746,0.0116946,0.0907912,0.1956186,0.2120362,0.2269848,0.0613986,0.056189,0.109257,0.139975866667,0.1959408,0.1748664,0.1743272,0.079514,0.0412538,0.0824196,0.165902,0.2364898,0.1572648,0.0910872,0.0605218,0.1061732,0.1979695,0.1920722,0.1763464,0.0608616,0.0455978,0.103428,0.157329,0.2361282,0.1904226,0.0774584,0.0540746,0.1031108,0.1779456,0.2060364,0.2008984,0.0742124,0.0481354,0.1015402,0.195681,0.2079137,0.1722598,-0.0050045,0.0596086,0.0522506,0.15023,0.2016528,0.1417628,0.066019,0.0570962,0.085014,0.169307,0.2194028,0.1970516,0.0714536,0.0690008,0.082042,0.1864862,0.2475592,0.2261544,0.0655224,0.0442938,0.102836,0.1561793,0.2332004,0.1898236,0.066279,0.0452342,0.1008816,0.1660296,0.2246526,0.1605966,0.0463051,0.051583,0.0897194,0.1410272,0.256979,0.1721582,0.0841596,0.020419,0.1162735,0.1958886,0.2309234,0.1454948,0.0657954,0.0316933,0.1063018,0.1799858,0.2391374,0.1356424,0.0535564,0.0501906,0.108253,0.1845488,0.2340438,0.1758234,0.0767178,0.0257404,0.083476,0.1786408,0.2153484,0.1868914,0.0584623,0.0400316,0.1144272,0.1966048,0.237133,0.1529798,0.0562742,0.0314276,0.0955308,0.1949786,0.2336606,0.1862039,0.0599766,0.0337646,0.0782314,0.186097,0.2351318,0.2150044,0.193905,0.068837,0.0559714,0.100929,0.1338526
0.2435481,0.1927354,0.0772862,0.0568742,0.0776014,0.1697994,0.199353,0.2117672,0.0876368,0.0667454,0.0970936,0.1998996,0.2460678,0.2083524,0.0861414,0.0471482,0.125571,0.1708256,0.2722078,0.2077942,0.0721322,0.0212728,0.1204736,0.1776012,0.2196842,0.1769586,0.0775058,0.0531176,0.0937471,0.1562826,0.2595392,0.189588,0.0889856,0.0149928,0.1184228,0.1965776,0.2586771,0.1909838,0.0880964,0.042516,0.069479,0.1390467,0.261006,0.1640736,0.0924184,0.0643026,0.0972128,0.164425,0.1979637,0.1998346,0.0811356,0.0577307,0.132962,0.2075816,0.222173,0.1776864,0.0681524,0.0530277,0.102157,0.2023482,0.2278808,0.2412992,0.0782582,0.0626082,0.1117354,0.1550526,0.2277646,0.2048866,0.2035166,0.0885342,0.0446984,0.1007005,0.1779666,0.2499168,0.173165,0.094526,0.0673604,0.1097458,0.2137543,0.2265178,0.196409,0.0770646,0.0522996,0.1123305,0.1689276,0.2513324,0.2081742,0.0854188,0.0604902,0.1035556,0.1990576,0.2392646,0.2158478,0.0847886,0.0630146,0.1072606,0.2080742,0.2548915,0.1994294,0.0220289,0.0635848,0.0614326,0.1671166,0.2165034,0.1594354,0.0821528,0.0636798,0.094186,0.1815644,0.2500778,0.2102816,0.0816288,0.0735548,0.0864034,0.1987246,0.2611772,0.2416308,0.0730568,0.056091,0.1054494,0.1764109,0.2609973,0.2077754,0.0858708,0.0507196,0.1088948,0.1782796,0.2502902,0.191389,0.0589192,0.0658258,0.0970642,0.173013,0.270932,0.1916784,0.093749,0.036002,0.1223114,0.212886,0.2480746,0.1618418,0.074037,0.0404714,0.1119112,0.1886162,0.2631256,0.1530112,0.085992,0.0580834,0.1109336,0.1924794,0.2492442,0.1951894,0.0856724,0.035404,0.085432,0.1941336,0.253464,0.207197,0.0677022,0.053933,0.1273612,0.2049142,0.2539258,0.1676752,0.0646566,0.0304652,0.1019294,0.2055512,0.2645506,0.2011359,0.0656278,0.038319,0.1091428,0.2024274,0.2469716,0.249158,0.2115358,0.080898,0.0692106,0.1156092,0.1793611
0.2587137,0.2213452,0.0890392,0.0635226,0.0732276,0.174705,0.2190696,0.2344324,0.101748,0.0688456,0.0964066,0.2123814,0.276743,0.2245544,0.0965826,0.0510456,0.1276348,0.1819742,0.2858966,0.2203904,0.0785578,0.0335616,0.1207518,0.2127484,0.23556,0.1910472,0.0824462,0.0568238,0.1016053,0.1894352,0.2841986,0.2019252,0.0952636,0.0381286,0.1199772,0.2075628,0.2706509,0.2083098,0.0949662,0.0451338,0.0686208,0.1630775,0.2777974,0.2105698,0.098796,0.069555,0.0990736,0.1986374,0.2500737,0.2286914,0.0899118,0.0656744,0.1340166,0.2205968,0.2500178,0.1980598,0.0737944,0.0669858,0.1012608,0.2096882,0.2410876,0.2523864,0.083617,0.071459,0.1163296,0.1810626,0.2604846,0.222931,0.2195228,0.0948942,0.049495,0.1030089,0.1911202,0.2633472,0.1893758,0.100432,0.070309,0.1143888,0.2305738,0.2364418,0.2123622,0.0835916,0.054182,0.1219728,0.1838128,0.2660428,0.2185908,0.0940426,0.0641038,0.1076624,0.207689,0.2618792,0.2309386,0.0948988,0.0665904,0.1171118,0.2165114,0.2787956,0.2127208,0.0739741,0.067041,0.0746248,0.177623,0.2323218,0.1674308,0.0885378,0.0656852,0.1246404,0.1882636,0.262425,0.2199958,0.0862286,0.0754602,0.0974228,0.210389,0.273417,0.2529516,0.0795784,0.0598884,0.1300666,0.190563,0.2771507,0.2283366,0.0908004,0.0654896,0.1123686,0.1912972,0.2620272,0.2117638,0.067421,0.0699172,0.1008476,0.2021258,0.2901806,0.2100548,0.0993292,0.0393766,0.1244104,0.2217006,0.2573346,0.1758822,0.0808014,0.058306,0.1144878,0.1969504,0.2770526,0.1700724,0.0899366,0.059918,0.1122632,0.1963422,0.2728504,0.2114594,0.0926738,0.0504632,0.085224,0.2061106,0.2632192,0.2361178,0.0732682,0.0683726,0.1305842,0.2226384,0.27964,0.195278,0.0837226,0.0631444,0.1087304,0.217801,0.2857186,0.2192105,0.0899082,0.0584606,0.1156488,0.2159076,0.2721724,0.2628518,0.2261948,0.086674,0.072548,0.1172758,0.1921551
0.2748068,0.2358288,0.0950976,0.0689284,0.0726796,0.2061374,0.228204,0.245888,0.1071582,0.0742474,0.0959882,0.2354234,0.285572,0.2384712,0.1039818,0.0536168,0.1311786,0.1897032,0.2956826,0.2316504,0.0928526,0.0346952,0.1237326,0.2196106,0.2423186,0.2090788,0.087606,0.0591016,0.109783,0.2019376,0.292586,0.2144,0.1013602,0.0436918,0.1213166,0.2169318,0.2815501,0.225368,0.0995926,0.0529584,0.0696716,0.1784789,0.2870572,0.2407686,0.1024824,0.0718824,0.1173442,0.2087674,0.2605427,0.2383932,0.0990854,0.068243,0.1346792,0.2395924,0.2680134,0.2318538,0.079006,0.0691282,0.1017736,0.2184488,0.2503356,0.2665034,0.0880952,0.0737728,0.1201728,0.2045938,0.2811166,0.2371198,0.2323934,0.0986166,0.064667,0.1020739,0.1963418,0.2751012,0.209278,0.1035912,0.0728414,0.1165438,0.2360872,0.26092,0.224204,0.0876914,0.0616284,0.1336856,0.2058414,0.2830762,0.2279338,0.101843,0.0668482,0.1101528,0.2178384,0.2725648,0.2412724,0.1024368,0.0692232,0.1179784,0.2242756,0.2861634,0.2244252,0.0807149,0.0719638,0.0793234,0.1988508,0.2643292,0.1839288,0.0956916,0.0686662,0.128059,0.2143886,0.274034,0.2306458,0.0917786,0.0760938,0.1001106,0.220074,0.2841286,0.262525,0.0922226,0.065155,0.1336058,0.2024602,0.2904455,0.2501464,0.0975166,0.0690324,0.1140452,0.1998616,0.278262,0.222518,0.0721576,0.0737952,0.1303946,0.217976,0.3014442,0.2226304,0.10415,0.0378014,0.1273764,0.2352236,0.269048,0.1989248,0.0886394,0.0626066,0.1176884,0.2030806,0.2885066,0.2039212,0.0959396,0.0632586,0.1135806,0.2046082,0.2810378,0.2259696,0.100612,0.0537114,0.0876254,0.2119774,0.2764314,0.255096,0.0913016,0.0733796,0.1331052,0.2328738,0.2931932,0.2135684,0.1024058,0.0664316,0.1109422,0.2282156,0.2923486,0.2310184,0.0947132,0.0673732,0.1313644,0.2263126,0.2826874,0.2807166,0.2382772,0.0898288,0.076565,0.1193538,0.2047623
0.284822,0.2426404,0.0981384,0.071533,0.084164,0.2184914,0.2435058,0.2569294,0.1112352,0.0767452,0.0974414,0.2397952,0.2956736,0.2473108,0.105749,0.0567254,0.1312262,0.2037638,0.3051726,0.2439782,0.0994384,0.0396028,0.128834,0.2261776,0.2713528,0.217501,0.1054748,0.064753,0.132824,0.2227106,0.3047524,0.228964,0.1065822,0.0628254,0.1221944,0.2406174,0.2938174,0.2382916,0.1061192,0.0539334,0.0674706,0.2016187,0.2995056,0.2520826,0.1068138,0.0759944,0.1215696,0.2143886,0.2712414,0.2510744,0.104599,0.068904,0.1361694,0.2427772,0.2806978,0.2419632,0.0873988,0.0706788,0.1056756,0.2254336,0.2733182,0.2739048,0.0929748,0.0785312,0.1225168,0.2120788,0.2905208,0.2416742,0.2441804,0.103729,0.0665536,0.1099391,0.2065734,0.2834662,0.2453916,0.1084214,0.0760466,0.1170366,0.2422708,0.2832984,0.2307756,0.092028,0.0656382,0.1337746,0.2099666,0.2906034,0.239726,0.1054896,0.0688204,0.1124752,0.228698,0.2827262,0.2524186,0.1056628,0.0714552,0.1206226,0.2293272,0.2928996,0.2373334,0.0888506,0.0749398,0.1079098,0.2036412,0.2735046,0.1971824,0.1001468,0.070494,0.1270114,0.2213708,0.2830578,0.236623,0.0974254,0.0771032,0.1322562,0.2273225,0.2934286,0.27219,0.0960748,0.0688582,0.1330676,0.2067418,0.2981847,0.25878,0.1025872,0.072865,0.113587,0.209863,0.2876708,0.2296018,0.0778814,0.0745782,0.1299332,0.2254222,0.3130076,0.2336102,0.1100492,0.0389296,0.1295622,0.2394744,0.2806022,0.2093864,0.1132888,0.0644306,0.1177055,0.2097814,0.298903,0.2317814,0.1009636,0.0723952,0.1153228,0.2118724,0.2934692,0.2361034,0.1067058,0.0541206,0.0922214,0.2225926,0.2879988,0.2649652,0.0945136,0.0764762,0.1329654,0.2378226,0.3072872,0.2241312,0.1100462,0.070544,0.1264918,0.233588,0.3031664,0.2407546,0.1018806,0.0708516,0.1324004,0.2310748,0.2906948,0.2911606,0.2499746,0.097347,0.077322,0.124398,0.209669
0.2912178,0.2528164,0.1029134,0.0711656,0.0852208,0.2250186,0.286676,0.2681054,0.1158616,0.077878,0.096065,0.245104,0.3063374,0.2521472,0.1119736,0.0711696,0.1315774,0.2265972,0.315505,0.251563,0.1025584,0.0589056,0.130181,0.2306536,0.2804622,0.2266852,0.1085304,0.0669412,0.133853,0.227844,0.3136302,0.238786,0.1105578,0.0678376,0.1218678,0.2484298,0.2958558,0.2468578,0.115491,0.0541002,0.0727946,0.2324564,0.309647,0.2611174,0.1127708,0.0761816,0.11938,0.2201036,0.2800355,0.2595776,0.1074118,0.0717566,0.1377176,0.2465344,0.2880178,0.2497922,0.0902322,0.0737554,0.1034936,0.230187,0.2822164,0.2805218,0.0995526,0.0805284,0.1222388,0.2215676,0.300469,0.2492092,0.2491822,0.1087504,0.0699796,0.1105952,0.2138886,0.2849836,0.2584086,0.1133196,0.0771826,0.1224756,0.249648,0.2915178,0.2375744,0.1003118,0.0705618,0.1374518,0.2215892,0.3001098,0.2467322,0.1093704,0.070788,0.1127768,0.2397846,0.2905096,0.2614804,0.1095766,0.0746288,0.1238992,0.2325294,0.2992164,0.2430472,0.1057572,0.0786306,0.1081084,0.210831,0.2835544,0.2116396,0.1059242,0.072941,0.1274656,0.228578,0.2940848,0.2447774,0.1026332,0.0798686,0.1365912,0.2293919,0.3035976,0.278772,0.108662,0.0718712,0.134038,0.2224334,0.3008869,0.2658296,0.1069274,0.0747522,0.1152846,0.2231574,0.2968748,0.2377654,0.1031752,0.076786,0.1311078,0.2308376,0.3182808,0.2398548,0.114846,0.0434984,0.1313802,0.2462108,0.2924006,0.237296,0.1166694,0.0658038,0.1144183,0.2210096,0.3075854,0.2386406,0.1067192,0.0753478,0.1172498,0.216902,0.3043542,0.2462796,0.1125052,0.0692396,0.0891896,0.2325268,0.2953556,0.2730204,0.1002626,0.0769032,0.1342602,0.2427626,0.3097418,0.23454,0.1162424,0.0725132,0.1271768,0.2393844,0.3144398,0.2495608,0.1057992,0.0727686,0.1345328,0.2404462,0.3020536,0.301726,0.2590524,0.1003926,0.0785444,0.1260908,0.2314332
0.2956578,0.2623606,0.1107392,0.073403,0.0858036,0.2289076,0.2960992,0.2743662,0.1193624,0.0796936,0.0936812,0.2534164,0.310625,0.266568,0.1173232,0.071461,0.1344412,0.2315212,0.3175454,0.270112,0.1078018,0.0596724,0.1341372,0.23676,0.2877406,0.237926,0.1114544,0.0673284,0.1354732,0.2330882,0.319994,0.2459514,0.1127038,0.0814752,0.124803,0.2548292,0.2974846,0.2562322,0.1208446,0.0744676,0.0747652,0.2382688,0.3191988,0.2681438,0.1161088,0.0764642,0.1199552,0.2263926,0.2917562,0.2658996,0.1119376,0.074842,0.1380598,0.253046,0.303108,0.2535834,0.1133964,0.0754482,0.1038256,0.23436,0.2936346,0.2811802,0.1066256,0.0833616,0.122171,0.2225852,0.3097266,0.2543096,0.2574688,0.1122374,0.0709668,0.1162002,0.2202184,0.293073,0.2624798,0.1169266,0.0786152,0.1247674,0.257944,0.2998196,0.246711,0.1139186,0.0739246,0.1367174,0.2431206,0.3094658,0.2485572,0.1113744,0.0713918,0.1103796,0.250304,0.2996664,0.267461,0.1126952,0.0763474,0.1255708,0.2404802,0.3062994,0.256837,0.1112352,0.0786188,0.106498,0.2251576,0.2928268,0.2196462,0.111298,0.0739608,0.1282988,0.2331924,0.3037192,0.2549982,0.106239,0.080358,0.1373606,0.2356919,0.3115346,0.2818988,0.1130818,0.0739582,0.1342124,0.2276014,0.3094665,0.2725154,0.1114518,0.0758666,0.1138946,0.2297728,0.3003792,0.2586434,0.1094282,0.0784184,0.1295864,0.2345264,0.3216224,0.244406,0.1178866,0.0723156,0.133306,0.2511642,0.3035696,0.2451538,0.121001,0.0666576,0.1176854,0.2287978,0.3157108,0.2530676,0.1113332,0.07598,0.117264,0.2226812,0.30999,0.254238,0.116255,0.0769478,0.08996,0.2390218,0.2994846,0.2759078,0.106414,0.078191,0.136271,0.2484244,0.3170964,0.2422592,0.119988,0.0754342,0.1301086,0.2455756,0.3197342,0.2599882,0.1104802,0.0744936,0.1357022,0.245838,0.3085926,0.3081834,0.2661546,0.1044116,0.0804106,0.126614,0.2348218
0.306322,0.266146,0.1154476,0.0748488,0.0931004,0.2308804,0.297574,0.2783578,0.1229856,0.0817004,0.0942272,0.2607558,0.3168544,0.271833,0.1244858,0.0727864,0.1306222,0.2358264,0.323597,0.273679,0.1139082,0.0619722,0.1362006,0.2391082,0.2934878,0.245361,0.113245,0.0690086,0.1333338,0.236088,0.3226866,0.2542024,0.1187342,0.0841784,0.1222996,0.2619636,0.2988132,0.2666618,0.124195,0.0792576,0.0801228,0.2458514,0.3244504,0.2699742,0.1203192,0.0781056,0.1318514,0.2298024,0.2990272,0.2680776,0.1163572,0.076695,0.1397718,0.2558982,0.3102888,0.2615322,0.1190676,0.0761114,0.102159,0.2406266,0.3024808,0.285676,0.1092408,0.0835516,0.1204576,0.2271402,0.3126912,0.2637778,0.263938,0.116547,0.0727946,0.1143382,0.223446,0.2979036,0.2686498,0.120005,0.0801876,0.1222704,0.2630992,0.3038104,0.2541566,0.1174622,0.0744246,0.1361798,0.2474456,0.3128188,0.254363,0.1141688,0.0761364,0.1109514,0.2532818,0.307231,0.2724764,0.1164338,0.077041,0.127188,0.2448158,0.3097456,0.2620922,0.1114852,0.0807862,0.109039,0.2299458,0.2959492,0.2288964,0.1155096,0.0745526,0.1307948,0.2350916,0.3080378,0.263524,0.1099174,0.0810876,0.139133,0.2388763,0.3131744,0.2902436,0.1156898,0.0766332,0.1350812,0.2471184,0.3136033,0.2770158,0.1157164,0.0771854,0.1159386,0.2329788,0.3038826,0.2676616,0.1136462,0.0811732,0.1339908,0.2399276,0.3294506,0.2526476,0.1192078,0.0733688,0.1333642,0.2559222,0.3122934,0.2516658,0.1253148,0.069671,0.1190862,0.2520888,0.321952,0.2597354,0.1159668,0.076266,0.1173624,0.226685,0.3184578,0.2608342,0.1225306,0.0781068,0.110994,0.2444944,0.3044262,0.2814652,0.1098468,0.0771348,0.138345,0.2547322,0.3250468,0.252511,0.1234366,0.076616,0.131888,0.2484732,0.3231646,0.265619,0.1123484,0.0757506,0.1340164,0.2517752,0.3153894,0.3150414,0.2697644,0.1078602,0.0822618,0.1279702,0.2423418
0.3121606,0.2738258,0.1198214,0.075613,0.0928472,0.233286,0.300281,0.2868824,0.1264158,0.082154,0.11487,0.2629076,0.3214052,0.274124,0.130791,0.0766168,0.1339496,0.2416262,0.32449,0.2771564,0.1162932,0.064038,0.1328994,0.2450528,0.2997678,0.2554018,0.1150604,0.0697286,0.135937,0.238616,0.3256548,0.25788,0.1222702,0.0858356,0.1239844,0.266589,0.3043264,0.2789572,0.1268984,0.0794416,0.0804724,0.260032,0.3267486,0.275229,0.1205988,0.0796058,0.1340754,0.2345698,0.305892,0.2714252,0.11819,0.0773796,0.1386016,0.2578702,0.316025,0.2671918,0.1227482,0.0783874,0.1056986,0.2465288,0.3061432,0.289491,0.113112,0.0853372,0.1232016,0.2274212,0.317162,0.2682138,0.2711352,0.1190404,0.0738566,0.116648,0.2274068,0.3045118,0.271363,0.124766,0.0814468,0.1234906,0.2664628,0.3057416,0.2640506,0.1193964,0.0746036,0.1354418,0.2522384,0.3194984,0.2596816,0.1171978,0.078364,0.1046432,0.2553756,0.3102626,0.2729352,0.1188014,0.0797344,0.1245604,0.246431,0.315762,0.2685864,0.1147578,0.0815964,0.1094204,0.232765,0.303543,0.2390502,0.1197776,0.074377,0.128771,0.2515484,0.3115198,0.2681812,0.1139982,0.0823862,0.137336,0.2499598,0.3201102,0.2954064,0.116029,0.0779042,0.135,0.251112,0.3177586,0.2772966,0.1177012,0.0774968,0.1328406,0.2337118,0.3106884,0.2707776,0.1186068,0.0822286,0.133487,0.2452434,0.3334388,0.2586598,0.1213886,0.0764136,0.1356446,0.259267,0.3169986,0.256336,0.1269978,0.073802,0.116459,0.2557146,0.3258564,0.2632662,0.1180562,0.0778408,0.1175184,0.2306428,0.3233716,0.2685256,0.125846,0.0794728,0.113846,0.2481752,0.309907,0.2861038,0.1145302,0.0778806,0.1388974,0.2578934,0.328772,0.2595472,0.1260458,0.078438,0.1319472,0.2530062,0.328062,0.26999,0.1150802,0.0762352,0.1347134,0.2543904,0.3194196,0.3199924,0.269812,0.1125098,0.0830666,0.126814,0.2458732
0.3179014,0.2768972,0.12383,0.0804218,0.092951,0.2354046,0.3040344,0.2879552,0.1260272,0.082986,0.1188598,0.2704875,0.3229146,0.2796456,0.1322128,0.0769752,0.1359784,0.2463632,0.328606,0.2794492,0.1170436,0.064686,0.1325736,0.2464342,0.3029778,0.2619582,0.118845,0.0694868,0.1367508,0.2414686,0.3299716,0.2607046,0.1254776,0.089306,0.125749,0.2697832,0.3103346,0.278978,0.1293226,0.079189,0.096292,0.266385,0.3269914,0.2751386,0.122133,0.0817844,0.1348182,0.2367712,0.31254,0.2729518,0.1205272,0.0820876,0.138258,0.2615908,0.3159508,0.276496,0.1254022,0.0812398,0.1070178,0.252096,0.3164226,0.2909712,0.1174466,0.0876698,0.123701,0.2331842,0.324966,0.2699724,0.2773654,0.1212776,0.0767648,0.1165894,0.2334528,0.3077586,0.2731344,0.1268246,0.082543,0.1237028,0.2711474,0.3093542,0.2717536,0.1216166,0.0764898,0.1351716,0.2570592,0.321964,0.266131,0.1213296,0.080153,0.1056832,0.2603872,0.3130708,0.275054,0.1215074,0.0808212,0.1251014,0.2491704,0.319854,0.272791,0.1181842,0.081318,0.1145216,0.235718,0.310637,0.2751828,0.1226142,0.0760222,0.1297512,0.2568176,0.3182698,0.2707926,0.116817,0.0841236,0.137482,0.2518688,0.3208592,0.2999964,0.1174004,0.078797,0.1360448,0.257364,0.3169958,0.2784008,0.1221246,0.0779994,0.1330254,0.2358926,0.313141,0.2758912,0.1206664,0.0825102,0.1336194,0.2581718,0.3369672,0.266207,0.1247654,0.0789474,0.1364846,0.2624338,0.3235508,0.2798456,0.1299344,0.0755384,0.1172496,0.2555608,0.3290308,0.2692454,0.1223162,0.0775766,0.1261236,0.2362706,0.3255872,0.27305,0.1304306,0.0799764,0.1146156,0.2516884,0.3259446,0.2861938,0.1167318,0.0783488,0.1391776,0.2629876,0.331628,0.2632862,0.1288004,0.0805252,0.1322292,0.2620954,0.3300084,0.271662,0.1176346,0.0771096,0.136527,0.2605814,0.3233476,0.3217948,0.2723542,0.1150196,0.0841228,0.1269184,0.2549192
0.3189394,0.2827106,0.127284,0.081893,0.0903136,0.2396826,0.3125834,0.2932014,0.12795,0.083659,0.1211808,0.2710747,0.3246746,0.2811734,0.1351226,0.0767622,0.1349904,0.2508038,0.3364764,0.2813894,0.118809,0.0673778,0.1330924,0.2504472,0.3032082,0.270609,0.1206388,0.0711688,0.1366226,0.2445212,0.3297348,0.2637858,0.128551,0.0911536,0.1246478,0.2722298,0.3153922,0.283129,0.1306288,0.0801282,0.0974834,0.2720026,0.3295694,0.280551,0.1233344,0.0825094,0.1352062,0.2420112,0.3152626,0.2792038,0.1223116,0.0827874,0.1389994,0.267011,0.320138,0.2812244,0.1269558,0.0816394,0.1046036,0.2534858,0.3203196,0.2881552,0.1203876,0.0887432,0.1244732,0.2475966,0.3319496,0.271525,0.2838792,0.1237368,0.0787514,0.1333144,0.2360658,0.315671,0.2811336,0.127449,0.0829082,0.1251116,0.271846,0.3140884,0.2733062,0.1238622,0.0775042,0.1358494,0.2637854,0.3232388,0.272963,0.1230042,0.0806608,0.1075532,0.2609936,0.3137804,0.2766106,0.12395,0.0826022,0.1229524,0.2508366,0.3222808,0.2838442,0.1216662,0.081528,0.1179686,0.2445108,0.3145792,0.2746046,0.1241974,0.0760914,0.130463,0.26142,0.3232618,0.2740512,0.1193528,0.0847004,0.1365994,0.2535042,0.3196876,0.2994116,0.119831,0.0791816,0.1369894,0.2603808,0.3204188,0.2805634,0.1230206,0.07864,0.1365302,0.2398962,0.317606,0.2787274,0.1228152,0.0849148,0.1334646,0.2618238,0.3379122,0.2694274,0.1269766,0.0786968,0.1370238,0.2649878,0.3251514,0.2871228,0.131905,0.0745516,0.1165254,0.2619532,0.3342596,0.2718658,0.1255626,0.0790868,0.1252746,0.2373562,0.3292686,0.2776258,0.1311654,0.0813462,0.115122,0.255622,0.326795,0.2876262,0.118558,0.0803336,0.1376046,0.2670944,0.3337894,0.262877,0.1302806,0.0815452,0.130197,0.2655582,0.3353136,0.2788872,0.1223768,0.0771574,0.1355026,0.2628932,0.3286536,0.3229068,0.2744246,0.1168134,0.084979,0.1284022,0.259304
0.321031,0.2838918,0.1288898,0.0824048,0.0903874,0.2477888,0.3171054,0.2977842,0.1288016,0.084477,0.1377788,0.2730989,0.3237454,0.2864296,0.1365262,0.0797668,0.1361764,0.2552784,0.3425934,0.2860798,0.122111,0.0686694,0.1344766,0.254255,0.306503,0.2766056,0.1262138,0.073033,0.1383738,0.2471562,0.3313668,0.2711662,0.1292352,0.0899512,0.1237708,0.2706034,0.3175818,0.2849224,0.1312722,0.0810922,0.118978,0.2732398,0.3300532,0.2846554,0.1260628,0.0819812,0.1318382,0.2450186,0.3156588,0.280625,0.1221016,0.0818498,0.1372071,0.269499,0.3259702,0.2827766,0.1282026,0.0837096,0.106044,0.2566012,0.3245882,0.2922708,0.12222,0.0883882,0.1232648,0.250627,0.3372414,0.273438,0.283067,0.1279102,0.0793138,0.1346848,0.2402714,0.316764,0.2834816,0.128713,0.082317,0.127781,0.2739038,0.3177148,0.2778042,0.1257306,0.0794072,0.135374,0.2676566,0.3254022,0.2757522,0.1250984,0.081332,0.1034838,0.2653354,0.3182268,0.2785548,0.1274154,0.0819628,0.125887,0.255268,0.324805,0.2877782,0.123566,0.0819476,0.1172898,0.2452756,0.31395,0.2789656,0.127166,0.0761482,0.128993,0.2650646,0.3248496,0.277154,0.120245,0.0859014,0.1372074,0.2537758,0.3223538,0.3019194,0.1235574,0.0799572,0.1370154,0.2628994,0.3210492,0.2865776,0.1231186,0.0787142,0.1341568,0.2431988,0.3216326,0.2782814,0.1262668,0.085345,0.1337724,0.2622274,0.337134,0.2721698,0.1283894,0.0796588,0.1373854,0.2645736,0.3301226,0.289986,0.1327546,0.0761176,0.118195,0.2677832,0.3346698,0.2709458,0.126939,0.080693,0.1332936,0.241638,0.3330936,0.2848578,0.1323498,0.0826204,0.1184572,0.260452,0.3281606,0.291828,0.1201766,0.082044,0.136598,0.2706014,0.344404,0.264179,0.1307754,0.0820118,0.130626,0.2633422,0.332522,0.2774222,0.1224752,0.078461,0.135406,0.2663232,0.3316356,0.3286688,0.2707122,0.121367,0.0866188,0.1285938,0.2632412
0.3252798,0.285195,0.1292636,0.083051,0.0878982,0.2532382,0.3178562,0.2985014,0.1318802,0.085338,0.1390914,0.2783449,0.3306158,0.2907216,0.1368334,0.0799412,0.1328764,0.2573808,0.3465698,0.2832942,0.1251474,0.0675732,0.1373166,0.2583494,0.3091022,0.281005,0.1272406,0.0734604,0.1367204,0.2516654,0.3284916,0.2740574,0.1302908,0.0896916,0.1234878,0.2737282,0.3181468,0.2894238,0.1325382,0.081222,0.1198228,0.2760658,0.3296578,0.2894642,0.1275596,0.0826846,0.134325,0.2510972,0.3150222,0.2814986,0.1239226,0.0814096,0.1411189,0.2744314,0.3262926,0.2819396,0.1292948,0.0847548,0.1127004,0.258955,0.323191,0.290673,0.124647,0.0894858,0.123727,0.2540002,0.3396304,0.2768646,0.2829916,0.1297164,0.080186,0.1332894,0.2477422,0.3205374,0.2890068,0.1312258,0.0817566,0.1244296,0.278186,0.3216446,0.2823494,0.1283238,0.08087,0.1367546,0.2706762,0.328535,0.2780734,0.1274504,0.0790428,0.1040322,0.2706272,0.3234842,0.2848226,0.12953,0.0813362,0.1272014,0.2587496,0.323593,0.2888678,0.1242998,0.0825264,0.1204914,0.250625,0.3118844,0.2789654,0.1289596,0.0766662,0.1314894,0.2661602,0.3219566,0.2806772,0.1229522,0.0867906,0.136661,0.2605878,0.3246044,0.3006184,0.1236082,0.0805614,0.1385054,0.2632822,0.3224782,0.2901,0.124128,0.0809288,0.1361358,0.246056,0.3227564,0.2833664,0.1312316,0.086499,0.1341994,0.2658102,0.3397604,0.271265,0.1299388,0.0788448,0.137779,0.2675262,0.3337924,0.2933604,0.1344392,0.0775766,0.1171478,0.2694492,0.3355816,0.2753446,0.1300666,0.0817814,0.1328576,0.2443444,0.3322052,0.2843728,0.1344986,0.0838866,0.1244028,0.2654712,0.331731,0.2920624,0.1224564,0.0814004,0.1396388,0.2745242,0.3448732,0.2669904,0.1329748,0.0815506,0.129603,0.2643832,0.3328438,0.2829014,0.1240246,0.0809472,0.1362386,0.267553,0.3337372,0.3255678,0.2738606,0.1234718,0.086519,0.1278842,0.2688446
0.3287542,0.2865304,0.1302624,0.0827574,0.0857124,0.2558256,0.3225774,0.3003594,0.1330044,0.086104,0.1394498,0.278764,0.3295454,0.289471,0.1379986,0.0798894,0.1341604,0.2581124,0.349887,0.2895848,0.1263218,0.0675098,0.1351872,0.26018,0.3125266,0.2847228,0.1293148,0.0724732,0.136585,0.2530924,0.331674,0.2725252,0.1327418,0.090799,0.1242308,0.2731458,0.3197594,0.2923868,0.131345,0.0825156,0.1224664,0.2728162,0.3311658,0.289603,0.1307502,0.0821314,0.1358714,0.2558268,0.3193978,0.2828754,0.126147,0.0825196,0.1399554,0.2768898,0.329154,0.2850906,0.1312968,0.0849828,0.1352012,0.2598278,0.3260428,0.2916488,0.128271,0.0882244,0.1245744,0.255462,0.3436588,0.279191,0.285716,0.1311194,0.0801974,0.134225,0.2493372,0.3217878,0.293124,0.1325016,0.0840132,0.1253106,0.2764646,0.3276662,0.2872454,0.1299136,0.0815084,0.1356654,0.2726486,0.3290854,0.2785414,0.1290622,0.0804852,0.1039372,0.2720898,0.3264588,0.2869228,0.132497,0.0826174,0.1299102,0.261143,0.3273242,0.2916248,0.1274272,0.084394,0.1180186,0.2528344,0.313799,0.2811858,0.129242,0.0771836,0.1323364,0.2729682,0.3210052,0.2833088,0.1233462,0.0865114,0.1375174,0.2629336,0.3266282,0.3016642,0.12595,0.0820092,0.1367994,0.266627,0.3240038,0.2921292,0.1272472,0.0816278,0.1381568,0.2466712,0.3230724,0.2890242,0.1319638,0.0867244,0.1342852,0.2653056,0.344738,0.2762202,0.130473,0.078796,0.1351202,0.2708634,0.335343,0.291066,0.1343198,0.0806862,0.1131742,0.2697418,0.3377996,0.2769648,0.1312484,0.081975,0.1333132,0.248766,0.3361338,0.2865614,0.1355384,0.0845896,0.124772,0.2665584,0.332005,0.2939386,0.1244048,0.08328,0.1403202,0.2748336,0.3438378,0.2702846,0.1324104,0.0828966,0.1301102,0.2665796,0.3323156,0.2817242,0.125662,0.0805808,0.133771,0.2674396,0.3360836,0.3315438,0.276183,0.1247108,0.0856716,0.1291378,0.2705252
0.3285574,0.287739,0.1333532,0.082621,0.0862464,0.2605754,0.3257046,0.2988004,0.1327414,0.086423,0.1368296,0.2790092,0.3299758,0.2914348,0.1390184,0.080519,0.135541,0.2619968,0.3501504,0.2897904,0.1285382,0.0785562,0.1375992,0.2618322,0.3137986,0.2830684,0.127752,0.0730188,0.1363712,0.2561518,0.333672,0.2731688,0.1324102,0.091554,0.123906,0.2736348,0.3207836,0.2917214,0.133941,0.082237,0.1219552,0.276649,0.3342316,0.2919068,0.1305578,0.083132,0.1348382,0.2587906,0.3199282,0.2842742,0.1275232,0.0823772,0.1392196,0.2816758,0.3304536,0.291822,0.132865,0.0855424,0.1346108,0.262382,0.332142,0.291201,0.128126,0.0900304,0.1250156,0.256575,0.3466706,0.2840048,0.288311,0.1317152,0.0811878,0.1335566,0.2507828,0.3262424,0.2957414,0.1336198,0.0851274,0.1312014,0.2791832,0.3287554,0.2912626,0.1307752,0.0811526,0.1373528,0.2738604,0.325647,0.279771,0.131825,0.0811922,0.1084028,0.2731956,0.3313242,0.2906138,0.133251,0.0834442,0.1278594,0.2632534,0.3298644,0.292278,0.1282388,0.084811,0.1217732,0.2552284,0.3213854,0.2824958,0.1297608,0.0803506,0.130255,0.2743126,0.3260192,0.2833618,0.1279346,0.0856698,0.1381618,0.2651504,0.3284084,0.3050578,0.1268452,0.082757,0.1366484,0.270974,0.3243142,0.2927864,0.1277106,0.081838,0.1383912,0.2537706,0.3288328,0.2901522,0.1323414,0.0862044,0.1340438,0.2695828,0.3488192,0.2793626,0.1318558,0.0790816,0.1348934,0.2692436,0.3375026,0.2935706,0.1347798,0.0793764,0.1108706,0.271796,0.3403632,0.2764038,0.1326382,0.0821604,0.137601,0.2522154,0.3343436,0.2876466,0.1352112,0.0834058,0.1250464,0.2695844,0.3313258,0.2996108,0.1263704,0.0852834,0.1401586,0.2747084,0.345293,0.274818,0.133294,0.08346,0.1297461,0.268714,0.3345012,0.2859464,0.1262812,0.0815354,0.1364932,0.2710652,0.3371856,0.330706,0.2760104,0.1265224,0.0878154,0.1299566,0.2721894
0.329158,0.2892766,0.134422,0.0835682,0.085201,0.258593,0.3252368,0.2996012,0.1323472,0.08862,0.1377522,0.2801594,0.3353622,0.2948196,0.1405894,0.081701,0.1347888,0.2653116,0.350664,0.2930338,0.130475,0.0794108,0.1393514,0.2631914,0.3154218,0.289368,0.1288574,0.0762874,0.1368246,0.2603986,0.3350092,0.2753302,0.134405,0.0906938,0.1260342,0.2781506,0.3215142,0.2933274,0.135634,0.0829032,0.1210914,0.278627,0.3326506,0.2909232,0.1312106,0.0823622,0.1347872,0.2602196,0.3243074,0.286026,0.1281978,0.084981,0.1398532,0.2827174,0.3327682,0.2910352,0.1337454,0.0842264,0.1355022,0.2627528,0.3335856,0.2967,0.1297116,0.090195,0.1240072,0.2599144,0.3487004,0.2855128,0.289979,0.1335068,0.0825378,0.1322622,0.2500782,0.327711,0.2931116,0.1367672,0.0857678,0.1315642,0.276028,0.3318396,0.2912294,0.131667,0.0827708,0.1378054,0.2767252,0.3236316,0.2832774,0.1352328,0.0825138,0.1062528,0.2754094,0.3340028,0.2886064,0.1340912,0.0842208,0.138353,0.267271,0.327453,0.29226,0.1277832,0.0849154,0.1230402,0.256698,0.3198094,0.2851272,0.1318304,0.0802694,0.1303314,0.2732714,0.3265694,0.285824,0.1270738,0.0861084,0.1397148,0.2688348,0.3304638,0.3061716,0.1294102,0.0838992,0.138153,0.2717282,0.3241868,0.303883,0.1300378,0.0828136,0.1377206,0.256682,0.3300254,0.2901534,0.1339686,0.088429,0.133006,0.270615,0.3489212,0.2798816,0.1334018,0.0788816,0.1341886,0.270775,0.3419954,0.2948732,0.1367998,0.080683,0.1102264,0.2743226,0.348012,0.2773888,0.1319416,0.0811232,0.1379842,0.2561774,0.3359112,0.2843772,0.1369946,0.0835692,0.1262394,0.2704636,0.3335446,0.3012134,0.126958,0.0852512,0.1402608,0.2768916,0.3506676,0.2745186,0.13478,0.0843472,0.1297631,0.2707756,0.337354,0.2829254,0.1290442,0.0826776,0.1368442,0.271658,0.3394424,0.3301672,0.2774444,0.1287284,0.0871986,0.1312892,0.271294
0.3289002,0.2896178,0.1358406,0.0839858,0.1114102,0.2586134,0.327647,0.3001658,0.13364,0.0885836,0.1390384,0.2840134,0.3331428,0.2950854,0.1424556,0.0832956,0.136889,0.2699164,0.3523056,0.2934794,0.130131,0.079397,0.1375202,0.265742,0.3176256,0.290662,0.128731,0.0782104,0.1362228,0.261809,0.3334338,0.2758812,0.1346054,0.0894132,0.126671,0.2795468,0.3228306,0.2967902,0.136631,0.083657,0.11871,0.2820456,0.3298008,0.2856476,0.1325058,0.0827388,0.1341552,0.265698,0.326138,0.288023,0.1304358,0.0853932,0.139711,0.2859644,0.3338478,0.288319,0.134417,0.0853794,0.1325888,0.2617106,0.336833,0.2933422,0.1319624,0.0897638,0.1257192,0.2618392,0.3523476,0.2848252,0.2895658,0.1348418,0.0819032,0.1320122,0.2715774,0.3301738,0.2926748,0.1372632,0.0860234,0.1318936,0.2802292,0.33231,0.2939464,0.1330712,0.083531,0.1400216,0.27788,0.3233618,0.2844412,0.1353866,0.0832494,0.1073064,0.2779934,0.3322352,0.2875674,0.1353488,0.0831264,0.1376228,0.2701334,0.3282996,0.2937822,0.1282438,0.0842894,0.123125,0.2568268,0.3218608,0.2861008,0.1328214,0.0795534,0.1280668,0.2747064,0.3283926,0.286202,0.1283138,0.086541,0.1403406,0.2734412,0.3313116,0.3053756,0.1313088,0.0851874,0.138175,0.2756672,0.3250794,0.3009574,0.1296146,0.0819868,0.1396824,0.2601926,0.3301154,0.2852346,0.1323268,0.0889622,0.1316534,0.271345,0.3525504,0.2830758,0.1338156,0.080785,0.1356134,0.2763618,0.3446208,0.295505,0.1386594,0.080994,0.0968108,0.2736886,0.3466246,0.2801092,0.133293,0.0818922,0.1386714,0.2635038,0.3372598,0.2863646,0.1380138,0.0839618,0.125556,0.2723648,0.3356598,0.299446,0.127547,0.0857496,0.1393014,0.2782108,0.3525478,0.2760908,0.136345,0.0849632,0.1304087,0.272638,0.3358498,0.280089,0.1307012,0.0832564,0.1365142,0.270667,0.3397876,0.3315634,0.280455,0.1298474,0.0875132,0.1312832,0.273148
0.327682,0.290635,0.1372438,0.0846776,0.110103,0.2701266,0.329572,0.301711,0.1356156,0.0889016,0.1382958,0.2871788,0.3323464,0.2957886,0.1424746,0.0819242,0.1383702,0.267309,0.3521238,0.2943984,0.1329428,0.0791754,0.1368374,0.2705952,0.3180914,0.2952386,0.131265,0.07848,0.1359982,0.2613198,0.3388044,0.2772934,0.1348624,0.0909268,0.1361802,0.2797106,0.3205534,0.298299,0.1356572,0.0841136,0.1203504,0.2834532,0.3294512,0.2888944,0.1333916,0.0853312,0.134643,0.2678198,0.3254036,0.2840152,0.1321352,0.0859806,0.1401696,0.2874052,0.3349712,0.2857932,0.1339802,0.0860962,0.1360072,0.2641788,0.3392088,0.2912734,0.1325494,0.0897042,0.1248466,0.266789,0.3558228,0.2877008,0.2879626,0.1330444,0.0811774,0.1337852,0.2745856,0.3320684,0.2884348,0.1379442,0.086502,0.1320866,0.2798218,0.3371992,0.294725,0.134743,0.0820718,0.1394262,0.2811348,0.325937,0.2837822,0.1389414,0.0861342,0.106401,0.2786136,0.3323106,0.2888228,0.1362212,0.0837922,0.1374834,0.2703542,0.3272156,0.2917268,0.1307904,0.085505,0.1231424,0.2577496,0.3222886,0.289092,0.1338476,0.07932,0.12778,0.2763164,0.3288794,0.2872526,0.1294636,0.0869148,0.1394266,0.2769654,0.3297598,0.3057194,0.132349,0.0852442,0.1378734,0.2787674,0.3221912,0.2991388,0.1300502,0.0827716,0.1383408,0.2631398,0.3298152,0.2881526,0.1344768,0.0886662,0.1315892,0.273558,0.3544134,0.285373,0.1356812,0.0857502,0.1364874,0.2785496,0.3434024,0.2978334,0.1379728,0.0805216,0.0965538,0.2742938,0.3519356,0.2811608,0.1361114,0.0825528,0.137228,0.2671846,0.3395386,0.29078,0.1371158,0.0844976,0.1236064,0.2733168,0.335481,0.2980328,0.1309988,0.0859754,0.1406068,0.2813684,0.3517212,0.27798,0.1373366,0.0848222,0.1325229,0.2769318,0.3324484,0.2842732,0.1331516,0.0842064,0.1352364,0.2764714,0.3392674,0.3364644,0.280073,0.1323584,0.0872498,0.129872,0.2737486
0.324794,0.2914458,0.1374966,0.0850658,0.1117904,0.274255,0.3297128,0.3024334,0.1338538,0.0890198,0.13637,0.2840404,0.3302218,0.2943084,0.1422544,0.083155,0.138845,0.2681644,0.3555568,0.2915098,0.131663,0.0806428,0.137787,0.273108,0.3207622,0.2951974,0.1321856,0.0800724,0.1367714,0.2621946,0.337814,0.2798878,0.13533,0.0913952,0.1355002,0.2810798,0.321703,0.2943858,0.1368762,0.084293,0.1204654,0.2843298,0.3281584,0.2927416,0.1340258,0.08426,0.1391652,0.2715404,0.322373,0.286652,0.133862,0.0849848,0.1389372,0.2858692,0.335181,0.288871,0.1350134,0.0868526,0.139804,0.2639988,0.3384008,0.2910858,0.133338,0.0892768,0.1232392,0.2664752,0.358742,0.2869724,0.2887424,0.1343962,0.082845,0.1334928,0.2745234,0.3332048,0.2863054,0.1388416,0.0870354,0.130877,0.2805638,0.3389266,0.2955624,0.1339738,0.081144,0.1380744,0.284167,0.325197,0.2804656,0.1386466,0.0859838,0.1044954,0.279429,0.3362868,0.2914266,0.138025,0.08336,0.1383848,0.2733848,0.3295274,0.2949354,0.1310294,0.0847952,0.1261088,0.2585836,0.3254892,0.2843728,0.1342394,0.078493,0.1290574,0.2785164,0.3310748,0.288014,0.13134,0.0870962,0.137214,0.2752758,0.3305212,0.3084736,0.1348832,0.0843526,0.1346998,0.2764418,0.3239676,0.2974866,0.1299584,0.0829796,0.1360566,0.2691132,0.3312482,0.2867248,0.1325696,0.0890216,0.1345552,0.2740406,0.35696,0.284111,0.135586,0.0853688,0.1355984,0.2776398,0.342706,0.2971536,0.1410314,0.0816262,0.0884166,0.2757148,0.3488282,0.2792044,0.1377756,0.0825532,0.1360998,0.2651472,0.340973,0.2925332,0.138108,0.084363,0.1272594,0.2750372,0.3363534,0.2938112,0.132131,0.0855826,0.1393406,0.2833628,0.3550092,0.2793438,0.1394684,0.0859862,0.1315879,0.2802914,0.3312864,0.2866308,0.1343504,0.0840386,0.1379218,0.274154,0.3390014,0.3412452,0.2797996,0.132305,0.0873168,0.1290548,0.2749584
0.3244186,0.2897256,0.1386976,0.0853888,0.1095664,0.2748974,0.3321374,0.3009718,0.1339308,0.0896964,0.1362454,0.2872578,0.3312512,0.2928862,0.1431698,0.0831894,0.1351968,0.2695318,0.3566774,0.2944074,0.1343636,0.0805626,0.1360796,0.2754906,0.3191714,0.2941804,0.1317976,0.0809964,0.1377306,0.2613368,0.3382918,0.2758888,0.1363802,0.0920426,0.1366312,0.2798754,0.3234574,0.2958792,0.1374176,0.0835418,0.1180314,0.2860418,0.3273312,0.2961916,0.1335582,0.0858616,0.1387552,0.2688998,0.3214606,0.2855508,0.1346708,0.0850068,0.1385664,0.2877586,0.3352758,0.289294,0.134829,0.0861308,0.1391266,0.2687026,0.3445584,0.2899046,0.1346364,0.0902092,0.1222976,0.2681334,0.35965,0.2872806,0.2866416,0.1353162,0.0841798,0.1339708,0.2757624,0.336337,0.28649,0.1379684,0.08695,0.1296246,0.2812984,0.3413972,0.295048,0.13466,0.0841986,0.1357656,0.2822676,0.327687,0.2821474,0.1375476,0.0858522,0.103514,0.2793248,0.338228,0.2909652,0.140739,0.0833114,0.1385612,0.273139,0.3300062,0.2944822,0.1317866,0.0864256,0.1276168,0.2614122,0.3274766,0.2843638,0.1338102,0.078053,0.1292788,0.2798118,0.330607,0.2897008,0.1309904,0.0880472,0.1377756,0.2739158,0.3332306,0.3075968,0.1350464,0.0847434,0.1381744,0.2747726,0.3232406,0.2980126,0.132471,0.0850838,0.1387944,0.2722998,0.3344866,0.2899732,0.1351366,0.0891266,0.133034,0.2728674,0.3553784,0.2803906,0.1365332,0.087833,0.1352526,0.2766752,0.3500834,0.2961006,0.1399024,0.0814382,0.0891884,0.2779428,0.351678,0.2789994,0.1382388,0.0833988,0.138656,0.2649866,0.3412468,0.292274,0.1406088,0.084686,0.122805,0.2763028,0.3364028,0.292243,0.1313698,0.085644,0.140357,0.282288,0.353578,0.2805622,0.1415082,0.086526,0.1314057,0.2794558,0.3307052,0.28707,0.1367118,0.0849132,0.138082,0.278204,0.3376222,0.3411008,0.2761584,0.1311692,0.0865868,0.1280244,0.2735188
0.3248986,0.291381,0.1395954,0.0846168,0.1094224,0.2739244,0.3328748,0.3001814,0.1348338,0.0882958,0.1388946,0.2858336,0.3311228,0.2914184,0.1442794,0.0827894,0.1375476,0.2692288,0.3600816,0.293271,0.133589,0.0809056,0.1363202,0.2758894,0.3219194,0.2950934,0.1325888,0.0815724,0.1367634,0.2649766,0.3389826,0.2724538,0.137342,0.09381,0.1360644,0.2775612,0.3202874,0.2931958,0.138525,0.0866468,0.1152352,0.2904086,0.3247352,0.295613,0.1329062,0.0877864,0.1370376,0.2708464,0.320371,0.2819144,0.1357218,0.0861476,0.1386434,0.2887606,0.337819,0.2905702,0.1352864,0.0859286,0.13792,0.266917,0.3440086,0.290578,0.1364502,0.0911204,0.1218592,0.268118,0.3635726,0.2856276,0.286443,0.1339212,0.08389,0.1346038,0.2768894,0.3373872,0.2867126,0.1391662,0.087022,0.138581,0.2855632,0.3402878,0.2957824,0.1362628,0.0851146,0.1365532,0.2839548,0.3301654,0.281897,0.1371304,0.087236,0.1286556,0.2781258,0.3415642,0.2903074,0.1369626,0.0835208,0.138112,0.2722316,0.3265594,0.2938296,0.1316482,0.0868788,0.1271806,0.2602094,0.3269008,0.2865722,0.1345316,0.0795276,0.1305258,0.2810966,0.3275252,0.2861116,0.1301568,0.0883182,0.1358638,0.2750616,0.3338056,0.307168,0.135932,0.086056,0.1391024,0.274972,0.3232466,0.2961488,0.1338176,0.0844372,0.1366106,0.2753638,0.3387596,0.2887462,0.1332176,0.089604,0.1323182,0.2707718,0.3577686,0.2819948,0.1361692,0.0880378,0.1368552,0.2752722,0.3491242,0.2958534,0.1394286,0.0820228,0.0759556,0.2790092,0.3562266,0.2787612,0.1401888,0.0826764,0.1384144,0.2639418,0.3406216,0.2929468,0.1401586,0.0847348,0.1211842,0.2784204,0.3357882,0.294563,0.131953,0.0855594,0.1426598,0.2810856,0.3574156,0.27962,0.1409666,0.0841732,0.1338953,0.280244,0.3325656,0.286875,0.1353862,0.0846332,0.139126,0.2758042,0.3374886,0.3452926,0.2779958,0.1348032,0.0873922,0.1286458,0.2739942
0.3256714,0.2938652,0.1402572,0.0846486,0.109198,0.2738754,0.3350576,0.2978576,0.1345472,0.0902206,0.137598,0.2869228,0.3344156,0.2918968,0.1440478,0.082817,0.136495,0.2710618,0.3605948,0.296806,0.1333556,0.0827866,0.1355558,0.2777946,0.3240426,0.2939774,0.1335882,0.080155,0.1353996,0.26694,0.3393404,0.2754236,0.1376658,0.0933766,0.138626,0.2798712,0.3208104,0.2923298,0.140454,0.0856576,0.1194042,0.2897382,0.3251306,0.29506,0.1360586,0.0881868,0.137723,0.2709008,0.3227564,0.283466,0.1350878,0.0862786,0.1380542,0.2907586,0.3385814,0.290605,0.1367716,0.0868508,0.139314,0.2684566,0.3475468,0.288982,0.1359436,0.0914272,0.1226782,0.268906,0.3637556,0.2834432,0.284889,0.1336952,0.084595,0.1332298,0.2793684,0.3374464,0.2844262,0.1393202,0.0885066,0.1369892,0.2796874,0.3430106,0.292533,0.1365786,0.084985,0.136828,0.2820402,0.3293764,0.2838136,0.1382176,0.088511,0.1288854,0.281023,0.343281,0.2882364,0.1382592,0.0842614,0.1403714,0.2732454,0.32812,0.2948546,0.1309816,0.086073,0.1269074,0.2608604,0.3310644,0.2855986,0.1360968,0.080726,0.1294754,0.2845696,0.3265362,0.284438,0.1295568,0.0884568,0.1378036,0.2784996,0.3354264,0.3062612,0.1354954,0.0859564,0.139724,0.2798438,0.3239308,0.2938594,0.135929,0.086084,0.1364522,0.2745606,0.336207,0.2881082,0.1342226,0.091345,0.1324668,0.2704012,0.3582554,0.2822964,0.1368986,0.0880012,0.1337784,0.2759726,0.3505916,0.2957396,0.1387064,0.0826834,0.0765442,0.2808068,0.3580638,0.2768558,0.1399288,0.0827438,0.1353122,0.2650394,0.3404236,0.2911168,0.141361,0.0853252,0.1249082,0.2819366,0.3345462,0.2944672,0.1327126,0.0856584,0.1432246,0.2814444,0.355656,0.279759,0.1406828,0.0846624,0.1362632,0.2824478,0.3308638,0.287685,0.1382088,0.0848108,0.140133,0.2756932,0.3390116,0.3459608,0.274872,0.1343892,0.0881226,0.1289134,0.2758704
0.3255666,0.2941858,0.138248,0.0843134,0.1084558,0.2735074,0.3386956,0.2948768,0.135954,0.0898146,0.140168,0.2852734,0.335261,0.289971,0.1443466,0.081618,0.1380606,0.268897,0.3607002,0.2956654,0.1337418,0.0838278,0.1350154,0.2768936,0.3257968,0.2905798,0.1349908,0.0826172,0.1366722,0.2693818,0.339371,0.2774076,0.1376484,0.094536,0.1381738,0.2778466,0.3233252,0.2936032,0.140459,0.086171,0.1191626,0.2901992,0.3268046,0.2929304,0.1359308,0.0882254,0.138516,0.26986,0.3247274,0.2824872,0.1358928,0.0883338,0.1398562,0.2866836,0.3403578,0.2860944,0.1373338,0.0873342,0.1406118,0.2707112,0.3488724,0.2888148,0.1359276,0.090945,0.1362192,0.269302,0.3667798,0.2835984,0.2814628,0.1345884,0.0853112,0.1346662,0.2840208,0.3389636,0.2861132,0.1390648,0.0871218,0.1361848,0.2801512,0.3462228,0.2936604,0.1367524,0.0848834,0.1351846,0.2809278,0.3309126,0.2827964,0.1418868,0.0877928,0.1295112,0.2808478,0.342707,0.2873644,0.1384864,0.083015,0.141047,0.2768848,0.3295252,0.2944778,0.1321616,0.0862326,0.1286086,0.260981,0.3346732,0.2886282,0.137054,0.0798738,0.1278766,0.2816804,0.3267948,0.2849104,0.1299722,0.0890608,0.1368582,0.2800876,0.3348022,0.3061922,0.1355488,0.0866452,0.1383518,0.2785764,0.3216606,0.2948702,0.1351332,0.0864206,0.1361078,0.273905,0.3364944,0.2878388,0.1385914,0.0901044,0.1343892,0.2723712,0.3578374,0.2833956,0.1375348,0.087949,0.1329468,0.2768806,0.3528916,0.2920178,0.1418554,0.0825044,0.070942,0.2803384,0.3638126,0.279604,0.1397472,0.0825508,0.1375042,0.2661256,0.3398152,0.2899082,0.1413308,0.0853304,0.1234072,0.2801784,0.3397958,0.2938406,0.1339088,0.0854316,0.1419068,0.2779202,0.3526468,0.2769766,0.1401536,0.0842502,0.136973,0.2815968,0.3316372,0.2829122,0.1386776,0.083715,0.1383924,0.2801236,0.340908,0.3472512,0.2762236,0.135313,0.088024,0.1265556,0.2766716
0.3239662,0.2876458,0.1393906,0.0839978,0.11134,0.2744102,0.3418842,0.2934098,0.135915,0.089643,0.137877,0.2882746,0.3335674,0.288831,0.142379,0.0821934,0.1383474,0.269944,0.3613216,0.2951952,0.1356908,0.0822858,0.1361066,0.2758954,0.325667,0.2944474,0.1359002,0.08206,0.1361938,0.2690778,0.3437628,0.277453,0.138646,0.0935276,0.1367546,0.2781888,0.3236826,0.2889472,0.1406584,0.0857896,0.1181308,0.2837582,0.3248864,0.2927682,0.1357598,0.0876368,0.1396838,0.2719486,0.326717,0.2830652,0.1381292,0.0885596,0.1395526,0.2907106,0.3367136,0.2865326,0.1373134,0.0867344,0.1373078,0.2689582,0.3484854,0.2882732,0.1374392,0.091038,0.1348426,0.2703588,0.367733,0.28014,0.2800208,0.1352894,0.08428,0.133509,0.2814126,0.3402572,0.2849512,0.1385858,0.088337,0.1383964,0.2797108,0.3499652,0.2941086,0.136772,0.0848068,0.1384588,0.2816192,0.3318496,0.2806908,0.1425016,0.0876072,0.1280476,0.2802818,0.3446864,0.2873406,0.140169,0.0834332,0.140649,0.2746138,0.3270712,0.2970172,0.131824,0.0856084,0.1286234,0.2637416,0.334516,0.2852064,0.1373216,0.079691,0.1305574,0.2840288,0.3275472,0.284034,0.130753,0.0892992,0.137583,0.2811632,0.3354968,0.3026882,0.1358314,0.0863152,0.1384416,0.2778444,0.3212406,0.2945956,0.1339342,0.0860478,0.136905,0.274497,0.3373538,0.287851,0.1387786,0.0902146,0.1346148,0.2752558,0.3566318,0.284943,0.1388078,0.0869976,0.1357932,0.2798556,0.3523926,0.2938522,0.1427572,0.0831218,0.0564642,0.28054,0.3640542,0.2812516,0.1408328,0.0834358,0.1368722,0.2638658,0.3404818,0.2886264,0.1428454,0.0861126,0.1271502,0.2830332,0.3401202,0.2924814,0.133866,0.0867624,0.1383356,0.2817984,0.351101,0.2748786,0.1424626,0.0856562,0.1371614,0.2815284,0.3272656,0.2845988,0.1399254,0.0846722,0.1382484,0.283794,0.3406258,0.3494672,0.2754128,0.1370216,0.088189,0.1260972,0.277807
0.3259798,0.287499,0.1408008,0.085243,0.1067508,0.2741576,0.3384842,0.2936754,0.1372708,0.0897342,0.1397764,0.2831462,0.3383342,0.2859928,0.142827,0.0833276,0.1374932,0.2698058,0.364262,0.2932788,0.1343302,0.0817738,0.137249,0.2765088,0.3283018,0.2940484,0.1358448,0.0821346,0.1354066,0.2715384,0.3449918,0.2767206,0.1373562,0.092924,0.1367284,0.2796682,0.322123,0.291126,0.140214,0.0860432,0.117907,0.281944,0.3250724,0.2913252,0.13449,0.087456,0.1366348,0.2721684,0.329575,0.2813132,0.136107,0.0891032,0.1395724,0.2898482,0.338646,0.28591,0.139916,0.0879786,0.1387516,0.2697202,0.3521836,0.2842428,0.1384442,0.0902702,0.1350788,0.2714004,0.3693542,0.2819196,0.281348,0.134741,0.0866856,0.1344958,0.2822148,0.3434064,0.2846126,0.140798,0.087143,0.138006,0.2789148,0.355618,0.2932508,0.1372582,0.0849784,0.1373162,0.2842726,0.330644,0.2778682,0.1420062,0.087857,0.1285994,0.2854752,0.34829,0.2878544,0.1407826,0.0828392,0.139672,0.2757764,0.3293236,0.2946154,0.132555,0.0870444,0.1285392,0.2624016,0.3312424,0.2832804,0.1362468,0.0802024,0.130611,0.281068,0.3267296,0.2825092,0.1315146,0.0891258,0.138933,0.2793336,0.3360968,0.3035512,0.1362732,0.0871836,0.1386644,0.2742762,0.3213282,0.2949696,0.1353066,0.0857326,0.1362626,0.274834,0.3394408,0.2882306,0.13751,0.0908346,0.1345248,0.2781008,0.3569964,0.2804492,0.1370882,0.0863418,0.137584,0.2796924,0.3539928,0.291465,0.1410018,0.0836636,0.055428,0.278473,0.3688118,0.2790026,0.1414966,0.0829114,0.1370292,0.2631812,0.342072,0.2876958,0.1417064,0.0859508,0.1263606,0.2842768,0.3405218,0.290666,0.1314972,0.086384,0.1385134,0.2798224,0.3521518,0.2799446,0.142355,0.0853734,0.134264,0.281812,0.3275078,0.2937144,0.140623,0.0829504,0.1386164,0.2807034,0.3415632,0.352077,0.274625,0.1366196,0.0872862,0.128824,0.2780164
0.326856,0.2865844,0.140002,0.0856722,0.1060876,0.2732464,0.3428268,0.2917738,0.1383826,0.0897178,0.1392502,0.2871699,0.3393594,0.2834714,0.141354,0.0827942,0.1372998,0.2707388,0.3675264,0.291887,0.1357618,0.0825822,0.1369064,0.2787334,0.3244756,0.2974106,0.1353822,0.0831822,0.1366076,0.2721114,0.3453088,0.273248,0.1382622,0.0931088,0.1384872,0.2782928,0.3239576,0.2909656,0.1390572,0.085421,0.1172622,0.284983,0.3255152,0.2921366,0.1346818,0.0880386,0.1370712,0.2756986,0.3285342,0.2804926,0.1372356,0.0896558,0.139392,0.2909202,0.3441828,0.2847826,0.140073,0.087523,0.1364386,0.2713498,0.3527124,0.2794512,0.1391514,0.0896512,0.1396778,0.2700154,0.3676512,0.2827318,0.2748366,0.1355108,0.0859252,0.1342442,0.282111,0.3416724,0.284295,0.1413154,0.0862312,0.1418668,0.2790176,0.3559238,0.2941674,0.1361786,0.0839978,0.1350414,0.2852604,0.3295652,0.2799126,0.1426232,0.0870834,0.1304158,0.284556,0.3502256,0.2880874,0.1396666,0.084524,0.139616,0.2744292,0.330162,0.293355,0.1313928,0.086702,0.1278204,0.26322,0.3303634,0.2854186,0.1367134,0.0811996,0.1306026,0.2829774,0.3256408,0.2833926,0.131557,0.0890464,0.1379532,0.2791762,0.3362666,0.3042578,0.1378518,0.0866228,0.13761,0.2751508,0.3182466,0.2950538,0.1365674,0.0847056,0.1373976,0.2759502,0.3406356,0.2882964,0.1378312,0.0908528,0.1376052,0.279848,0.3628894,0.2810474,0.1366442,0.0855096,0.137551,0.2771076,0.3545688,0.2913162,0.1395728,0.0830222,0.0574592,0.2772308,0.3683688,0.275915,0.1417688,0.082615,0.135992,0.2617298,0.3414566,0.2880882,0.1422396,0.0857426,0.1294136,0.2868094,0.3414886,0.2934682,0.132773,0.087205,0.1383446,0.2796652,0.3532682,0.2793126,0.1428004,0.084635,0.1377316,0.2800046,0.3250292,0.2928768,0.1406198,0.0855344,0.1383864,0.2820018,0.3420008,0.3509748,0.2746782,0.1375842,0.0881302,0.1276336,0.2793308
0.3259418,0.285758,0.1385614,0.0843398,0.1089756,0.2729386,0.3447468,0.2899434,0.137526,0.0899186,0.137869,0.287103,0.339506,0.2826224,0.1407588,0.082865,0.1363016,0.2751554,0.370094,0.29058,0.1352818,0.0836842,0.1371068,0.277474,0.3258498,0.296853,0.1338564,0.0829044,0.1372032,0.2693888,0.3482076,0.2731308,0.1387188,0.0928016,0.1376344,0.2765242,0.3234624,0.2933502,0.1393696,0.086359,0.116639,0.2835678,0.327357,0.292542,0.1363502,0.0881928,0.1383456,0.2758638,0.331886,0.276675,0.1371306,0.089448,0.1404292,0.2927316,0.3429264,0.2826656,0.140202,0.0879012,0.136248,0.2674502,0.352815,0.2796014,0.1394726,0.0899364,0.1377126,0.2680148,0.3670236,0.2820944,0.275832,0.1351868,0.0843742,0.1342888,0.2819724,0.3449506,0.2847626,0.1412814,0.087025,0.1398558,0.2785242,0.3567598,0.2920414,0.1384066,0.0831828,0.1389112,0.2849012,0.330969,0.2804766,0.1420742,0.0870466,0.1273788,0.2849502,0.3493358,0.2850494,0.1397038,0.086183,0.139649,0.2793798,0.3312328,0.28975,0.1330146,0.0868904,0.127911,0.2633648,0.3330764,0.2820684,0.1360588,0.0806666,0.1304428,0.284687,0.3253278,0.281472,0.131922,0.089066,0.1358006,0.2828658,0.3380968,0.3018334,0.1382474,0.0877094,0.1380216,0.2784316,0.3172666,0.2920386,0.1354652,0.0848624,0.1380304,0.2749006,0.3394476,0.2878148,0.1403524,0.0923012,0.1345754,0.278132,0.3614946,0.2817424,0.1372808,0.0858126,0.1374196,0.2773846,0.3571478,0.2890784,0.1385594,0.0845402,0.0575046,0.2772544,0.371876,0.2776154,0.1417248,0.0827228,0.1367978,0.26567,0.343343,0.2893206,0.1432458,0.086676,0.1307174,0.2877228,0.3440436,0.2928192,0.1325424,0.0860392,0.1384406,0.2818188,0.35571,0.2802912,0.1426172,0.085072,0.1375428,0.2810216,0.3277264,0.291163,0.140567,0.0857872,0.1383692,0.2828542,0.3443984,0.3513692,0.2752138,0.1384756,0.0880936,0.128917,0.279108
0.327197,0.2846172,0.1392754,0.0835082,0.108963,0.2749368,0.3439256,0.2872554,0.1376404,0.0906318,0.1378732,0.2888454,0.3369482,0.2825676,0.141145,0.0832156,0.1382988,0.2758632,0.3708946,0.2890286,0.1364102,0.0836492,0.137523,0.278384,0.3265098,0.2948486,0.1354972,0.0816422,0.1365622,0.2683404,0.3469412,0.2748112,0.1389924,0.0932794,0.1391086,0.2746248,0.322424,0.2904136,0.1402318,0.0862018,0.11847,0.2835336,0.3297238,0.2899258,0.1384818,0.0885834,0.1386526,0.2726516,0.333824,0.275358,0.1385634,0.0886726,0.1423634,0.2954292,0.3438594,0.281068,0.138346,0.0881526,0.1388622,0.270722,0.3544124,0.2780136,0.1372672,0.0905764,0.139422,0.2661622,0.3651694,0.2818464,0.2774792,0.1360434,0.0861666,0.1350156,0.2811716,0.3479332,0.282556,0.141306,0.0882002,0.1409054,0.2767448,0.3554108,0.2896954,0.1403384,0.0817404,0.1380792,0.2846572,0.330175,0.27919,0.142219,0.087418,0.1288372,0.2837862,0.3477528,0.2832806,0.138733,0.0856776,0.141076,0.2781508,0.3279472,0.2886758,0.134638,0.0868374,0.1276632,0.2652914,0.3341912,0.279773,0.1363168,0.0805308,0.1309056,0.2822204,0.3267434,0.2804846,0.1328146,0.089324,0.1385046,0.2827852,0.3394024,0.2996714,0.1382418,0.0864046,0.1357628,0.277001,0.3178222,0.2931452,0.1356338,0.0858474,0.1376202,0.2791508,0.3405886,0.2857636,0.1409704,0.0913016,0.1354984,0.2803504,0.3603582,0.2808688,0.1390722,0.0869616,0.1363132,0.2791952,0.3624552,0.2899796,0.1383704,0.0854866,0.0564924,0.2800612,0.3708656,0.276353,0.1423764,0.082906,0.1365926,0.267716,0.3422142,0.2898218,0.1446378,0.0861456,0.1305396,0.2901974,0.3437118,0.2907478,0.1338322,0.0860784,0.1388574,0.2830844,0.352766,0.277103,0.1415398,0.0850984,0.137818,0.2827582,0.3267294,0.2897334,0.14375,0.0861364,0.1391702,0.2821964,0.343285,0.3520918,0.2722602,0.1399506,0.0873262,0.1289114,0.2811686
0.3262042,0.2820976,0.139407,0.0844228,0.1128838,0.2757616,0.3455126,0.2847852,0.137948,0.0906634,0.1390634,0.2899962,0.3360938,0.280118,0.141532,0.0842742,0.1377908,0.2733956,0.3712888,0.2923526,0.1362458,0.0822358,0.1363432,0.2805506,0.3265028,0.297042,0.1371854,0.0819434,0.1376012,0.2698756,0.3439142,0.2729594,0.1396306,0.0938084,0.1392282,0.2808042,0.324523,0.2884468,0.1404526,0.0867702,0.1210474,0.285945,0.3292872,0.2936284,0.1371712,0.088392,0.138117,0.2765772,0.3351062,0.27174,0.1375742,0.088981,0.1415654,0.2930148,0.3458426,0.2782832,0.1374474,0.087194,0.1393084,0.272959,0.3547712,0.275708,0.1379386,0.0915324,0.139299,0.2658544,0.3672218,0.2816764,0.277011,0.1374396,0.0848024,0.1318826,0.2812988,0.3494692,0.2806914,0.1403096,0.088451,0.1415144,0.2781318,0.3548664,0.288033,0.139794,0.0821258,0.1375042,0.2836366,0.3313556,0.2789924,0.1435636,0.0893672,0.1274364,0.280512,0.3489494,0.279786,0.1393452,0.0860204,0.1415854,0.2761756,0.3287456,0.2859214,0.134029,0.0880202,0.1273046,0.26646,0.3347698,0.280771,0.1348772,0.0817376,0.1299344,0.2840728,0.3214854,0.2775218,0.1341852,0.0890068,0.1376716,0.2847354,0.3380576,0.2996004,0.1394282,0.0857068,0.137774,0.2783744,0.318012,0.2910918,0.134779,0.085788,0.1398354,0.2804542,0.341014,0.2873846,0.1416814,0.091237,0.136715,0.2784332,0.3617836,0.2777454,0.1386304,0.0868714,0.1379296,0.2761912,0.3648178,0.2852092,0.1414706,0.0851682,0.0394162,0.2807004,0.3701094,0.27607,0.142109,0.0831538,0.137478,0.2691138,0.3412714,0.2910338,0.1435424,0.087336,0.1304126,0.2877698,0.3463002,0.2889546,0.1332326,0.08609,0.1387742,0.2867808,0.3523726,0.2781836,0.1417374,0.0857498,0.137866,0.2830868,0.3249674,0.2906526,0.1423144,0.0855942,0.1378434,0.280838,0.345861,0.3526466,0.2713304,0.1430638,0.0876602,0.1269092,0.280747
0.3261648,0.2814844,0.1383728,0.0851298,0.1106022,0.2761778,0.3473694,0.2806302,0.1381684,0.0907836,0.1382378,0.2942374,0.33446,0.2815262,0.1418048,0.0854108,0.1370716,0.2715144,0.3686736,0.2938928,0.1378126,0.0828912,0.1388504,0.2809466,0.3265016,0.2982144,0.1360426,0.0819654,0.1370708,0.275335,0.3461832,0.2733324,0.1407942,0.0936624,0.13649,0.2829886,0.3256824,0.2881876,0.1410708,0.0863608,0.120251,0.284128,0.3305252,0.2948378,0.1376952,0.0881642,0.1383108,0.2763048,0.3368684,0.272098,0.1359272,0.0887816,0.1403286,0.291404,0.3463212,0.2771728,0.1367086,0.0880622,0.136279,0.2746624,0.3543208,0.2720374,0.1395268,0.0905084,0.1401202,0.2685436,0.3668402,0.2790752,0.2741426,0.1369544,0.0855306,0.136391,0.2828776,0.3506694,0.2794674,0.140937,0.087826,0.1416152,0.2777502,0.3532846,0.2895728,0.138471,0.0824862,0.1389806,0.2828494,0.3337674,0.2762374,0.1425938,0.089112,0.1264216,0.2834494,0.3471152,0.2786024,0.1409782,0.087709,0.1404136,0.2775304,0.3283608,0.2881146,0.1337674,0.0881204,0.1306418,0.2673984,0.3329926,0.2766754,0.135423,0.0806996,0.1295976,0.2803816,0.320593,0.2772932,0.1352244,0.0895366,0.1372456,0.285248,0.3395158,0.3018408,0.1393266,0.0869112,0.139862,0.27922,0.318876,0.2886794,0.1349332,0.0855952,0.1389974,0.27575,0.3411356,0.2852208,0.1416452,0.0901228,0.1361446,0.2807324,0.3617926,0.277958,0.1411938,0.0886138,0.1355446,0.2750212,0.3653994,0.2836918,0.1420346,0.0847782,0.0386074,0.2814508,0.3670914,0.2750326,0.1423968,0.0833376,0.1388734,0.2688336,0.3418412,0.2899644,0.1425718,0.0864038,0.1303418,0.2870354,0.3500774,0.2867256,0.1326608,0.0865738,0.1386806,0.2859178,0.3540008,0.276765,0.1428164,0.0857758,0.1356798,0.2832126,0.3216446,0.2893848,0.14378,0.0858482,0.1395888,0.2814314,0.3469874,0.3532346,0.2694272,0.1414966,0.0881276,0.1275698,0.2832448
0.3248182,0.2791676,0.1363802,0.0852706,0.1117052,0.2770026,0.3483084,0.2775256,0.137238,0.0900514,0.1365052,0.292383,0.3366198,0.2813516,0.142557,0.0857058,0.1379366,0.2711548,0.3693194,0.2923092,0.1393788,0.0826918,0.1352062,0.2852268,0.3278448,0.2944392,0.1371628,0.0833002,0.1380864,0.268767,0.3462084,0.2729012,0.1395942,0.0934784,0.13806,0.2830418,0.3258192,0.28675,0.1416888,0.086244,0.1219638,0.284339,0.3289782,0.2895502,0.1364212,0.0879176,0.1392434,0.274816,0.3392152,0.2702806,0.1369804,0.0881518,0.140133,0.2932028,0.3449948,0.2790284,0.1383612,0.0880498,0.1379656,0.2720682,0.3589844,0.2728924,0.1397552,0.0903182,0.1405956,0.2694204,0.3696624,0.2793322,0.272403,0.1372738,0.0855914,0.135814,0.2789566,0.3507758,0.279782,0.1392954,0.0881922,0.1418978,0.2771596,0.3537424,0.282864,0.1380388,0.082637,0.1375386,0.2859882,0.3327346,0.2752216,0.1421998,0.0884702,0.1283448,0.2852336,0.3466396,0.2770294,0.1413486,0.0871644,0.1424732,0.2767288,0.3290592,0.2896156,0.1338448,0.0880844,0.1296592,0.2666514,0.332765,0.2791084,0.1350816,0.0806344,0.1303132,0.2805744,0.3196042,0.2746284,0.1350756,0.0899834,0.137199,0.2831682,0.335591,0.2987242,0.1392904,0.0875828,0.1394284,0.277647,0.3182334,0.2861448,0.1346278,0.0839008,0.137537,0.2779696,0.3430082,0.2842578,0.141962,0.0918814,0.137222,0.2768782,0.3644062,0.2746404,0.1403888,0.090703,0.1366344,0.2760852,0.3670304,0.2863696,0.1420382,0.0834324,0.0401116,0.2789072,0.3712648,0.2751154,0.1436818,0.0834226,0.1382466,0.2654568,0.3415664,0.2865406,0.1434976,0.0873782,0.1293208,0.2893512,0.3545936,0.2860898,0.133464,0.0861444,0.140319,0.2880114,0.3561376,0.2784166,0.1419986,0.0850954,0.136024,0.2838986,0.326023,0.285009,0.1436816,0.0850468,0.1391528,0.282018,0.350317,0.3529592,0.270476,0.1404324,0.0875272,0.1253432,0.2837334
0.3254794,0.2786202,0.1366966,0.0859566,0.1114794,0.2745672,0.3472534,0.2752852,0.1365998,0.0913584,0.1374318,0.2896566,0.339646,0.2821656,0.142298,0.0850864,0.1380794,0.2721924,0.3731046,0.2902752,0.1392464,0.0824738,0.1333376,0.2843712,0.3318384,0.293169,0.1356142,0.0849842,0.1379256,0.2709004,0.3480906,0.2719178,0.1415128,0.0930564,0.1391172,0.2784384,0.325166,0.291309,0.1414416,0.0860758,0.1205954,0.2903738,0.3323546,0.2867746,0.1364432,0.0865444,0.1381062,0.2774232,0.3376278,0.2674166,0.1370154,0.087539,0.1400836,0.294924,0.3445006,0.278932,0.1404172,0.0864866,0.138741,0.2722048,0.3591082,0.2728038,0.1406194,0.0907406,0.1391722,0.2736986,0.3674716,0.2801166,0.273019,0.1388392,0.0857694,0.1370958,0.2787026,0.350049,0.2731448,0.1393428,0.087261,0.1410326,0.275637,0.3547726,0.2866484,0.1389164,0.0823816,0.1381228,0.2821372,0.3334794,0.2771926,0.1429766,0.0891426,0.1257454,0.2877566,0.3470978,0.2740364,0.1412004,0.0891036,0.1420414,0.2770998,0.3278144,0.2893396,0.1352566,0.0869318,0.1319166,0.2671278,0.330793,0.2746906,0.1357512,0.0806558,0.129485,0.279734,0.3204202,0.2725786,0.1339772,0.0894954,0.138684,0.285153,0.3388184,0.2970746,0.1394702,0.0854932,0.1400328,0.2789922,0.3171088,0.285385,0.1349008,0.0845504,0.1388276,0.2767466,0.3450392,0.2842316,0.140767,0.0919734,0.1379096,0.27603,0.365648,0.27691,0.1402294,0.0901502,0.1365154,0.2777352,0.367778,0.2883702,0.1419958,0.0828692,0.136745,0.282572,0.3691018,0.276107,0.1423812,0.0837836,0.1374074,0.2679564,0.3412808,0.287916,0.1434516,0.0871768,0.1286978,0.2865408,0.3566052,0.2867152,0.1334312,0.0861334,0.13957,0.2885864,0.356861,0.2771226,0.140668,0.085604,0.136439,0.2839034,0.3230934,0.285939,0.141935,0.086295,0.1411136,0.2786872,0.3517098,0.3519184,0.2707718,0.1388628,0.0879838,0.1269712,0.2854488
0.3222072,0.2802428,0.1389426,0.0862616,0.1103402,0.2791874,0.3445482,0.2781536,0.135713,0.0907732,0.1389078,0.2910026,0.3444432,0.280399,0.1435932,0.0853652,0.1377782,0.2752494,0.372817,0.288959,0.1395802,0.0834572,0.1343186,0.2813844,0.3306246,0.2949336,0.1362948,0.0848506,0.1401724,0.2703978,0.3523746,0.2710744,0.141366,0.094089,0.1384346,0.280629,0.3254054,0.2872206,0.1418804,0.0868736,0.1193668,0.2906098,0.3335604,0.2854666,0.1375106,0.0873018,0.1395134,0.2776452,0.338872,0.2665524,0.136996,0.0877308,0.1397138,0.2931476,0.3446288,0.2790098,0.1409992,0.0876194,0.1368762,0.2723442,0.3594264,0.2704252,0.1408816,0.0899558,0.1384952,0.2717886,0.3632134,0.278712,0.2733672,0.1393752,0.0855082,0.1339304,0.2824682,0.3488008,0.2714748,0.1406604,0.0884398,0.1412266,0.278203,0.3558376,0.2832432,0.1392868,0.0838194,0.1361788,0.2790276,0.3329616,0.2757674,0.1430134,0.0885832,0.1305582,0.2876966,0.3489448,0.2725102,0.140521,0.090275,0.142887,0.2799476,0.3297634,0.2896124,0.1346016,0.0872278,0.1294786,0.265902,0.3318014,0.2782454,0.13675,0.0806874,0.130069,0.2800088,0.319353,0.2685106,0.133767,0.089043,0.1364776,0.2853302,0.3378446,0.2985776,0.1382566,0.0863044,0.1382576,0.276303,0.315236,0.2854804,0.1338752,0.0849214,0.1365006,0.277512,0.3446802,0.2815942,0.1403418,0.0903058,0.1372026,0.2777848,0.3648178,0.2760926,0.141253,0.0893992,0.1372718,0.2747666,0.3649156,0.2881796,0.1409238,0.0832542,0.1375418,0.2797566,0.3701424,0.2745384,0.1429494,0.0837372,0.1373182,0.2660138,0.34097,0.288213,0.1425954,0.0870798,0.1309728,0.2884442,0.3575394,0.286407,0.1347918,0.0861918,0.1369518,0.2880938,0.3542956,0.2781586,0.141728,0.0862224,0.1356084,0.2870464,0.3250064,0.2851482,0.141045,0.0864054,0.1392636,0.2827686,0.352948,0.3497366,0.2676664,0.140547,0.0877084,0.125925,0.2867502
0.3208186,0.2775216,0.1403316,0.0869464,0.112828,0.2761906,0.3444342,0.279465,0.1368774,0.0918034,0.1397644,0.2906784,0.3425974,0.2795234,0.1443722,0.0837594,0.1369586,0.2745132,0.3750304,0.288524,0.140706,0.0827608,0.1344716,0.280427,0.3331834,0.2967324,0.1371038,0.0841694,0.1402972,0.270855,0.3534016,0.2743036,0.1409708,0.0938032,0.1382686,0.2788094,0.324722,0.2857562,0.1422088,0.0872154,0.1181032,0.2883756,0.3305718,0.2834086,0.137111,0.0889834,0.1399906,0.273108,0.340545,0.2632082,0.1371822,0.0875628,0.137662,0.2959798,0.3439782,0.2743334,0.1390186,0.0863758,0.1375246,0.2768418,0.3603276,0.2688776,0.1413018,0.0907786,0.1381704,0.2737874,0.3640916,0.2803898,0.2700924,0.139236,0.0853876,0.1364308,0.2824834,0.3498394,0.2680686,0.1419456,0.0875712,0.140281,0.2793494,0.3548756,0.2835618,0.1385024,0.0836912,0.1356608,0.2803856,0.3351582,0.2757036,0.1445996,0.0901282,0.124323,0.283758,0.350996,0.271033,0.1408432,0.089579,0.1436204,0.2786674,0.3344426,0.287351,0.1348536,0.0871526,0.1305254,0.2667458,0.3327448,0.2740452,0.1361716,0.081695,0.1289094,0.2818578,0.3192812,0.2666258,0.1345962,0.0901084,0.1372952,0.2834174,0.3387338,0.2963458,0.1388262,0.086417,0.1378162,0.2748314,0.315676,0.2814912,0.1347554,0.084561,0.1384354,0.2777304,0.3433368,0.2790266,0.1405756,0.090416,0.1373896,0.2768882,0.3645752,0.273186,0.1407274,0.088927,0.137372,0.2783892,0.3638244,0.2871792,0.1417086,0.0821536,0.1375858,0.281531,0.3667604,0.273854,0.1440182,0.0846466,0.1362362,0.2668544,0.3438182,0.2864032,0.1440334,0.087794,0.131643,0.2846942,0.357864,0.2859616,0.1360246,0.0866706,0.1386356,0.2867428,0.3532202,0.276511,0.1423414,0.0867706,0.1360516,0.2849362,0.3239986,0.2857514,0.1416258,0.0865244,0.1389964,0.283029,0.352736,0.3477132,0.2632288,0.1414702,0.0885266,0.1275028,0.2848934
0.3184286,0.2728752,0.1414752,0.0866832,0.1117398,0.2820266,0.3448214,0.2746466,0.1362564,0.0919462,0.1406514,0.2919012,0.34286,0.2782602,0.1450768,0.0850322,0.1369056,0.273359,0.369907,0.289939,0.140118,0.0824008,0.1363312,0.2769184,0.3323566,0.2968566,0.1362824,0.083168,0.1377072,0.2715582,0.354089,0.273053,0.1400528,0.0929444,0.1387904,0.278238,0.327538,0.283946,0.143504,0.0863164,0.1193948,0.2900694,0.3289746,0.284104,0.1365562,0.0891166,0.137994,0.2771018,0.339459,0.2628896,0.1390292,0.0872466,0.1379248,0.2952886,0.342399,0.2714674,0.1382914,0.0874064,0.1392052,0.2763264,0.3595556,0.2648488,0.1422082,0.09227,0.1404806,0.2719978,0.3643076,0.2781318,0.268072,0.1391136,0.0846078,0.1377262,0.2817646,0.3507476,0.2700154,0.1424058,0.0880458,0.1418938,0.2741842,0.3540918,0.2829414,0.1384954,0.0836168,0.1356536,0.2833982,0.333709,0.2761018,0.1460394,0.0893858,0.1255332,0.2837526,0.3528482,0.2710654,0.1404732,0.0885314,0.1430642,0.277704,0.3354072,0.285633,0.1330872,0.0864408,0.1284536,0.2681578,0.3351808,0.2726754,0.1360224,0.0815246,0.1293788,0.2822674,0.3185302,0.266208,0.1343192,0.089925,0.1391414,0.2857176,0.3436644,0.2971348,0.141233,0.0866242,0.1383862,0.2746942,0.315481,0.2821114,0.1356934,0.0842648,0.1401732,0.2750822,0.344416,0.2790328,0.1393376,0.0900494,0.1369594,0.2794312,0.3624886,0.2741474,0.1422788,0.0893048,0.1367128,0.2778138,0.3676498,0.2862928,0.142455,0.0846036,0.1357372,0.2833822,0.3720432,0.2728336,0.1448952,0.0833516,0.1364454,0.2691332,0.3420332,0.284725,0.1431376,0.0874018,0.133671,0.2879368,0.358919,0.2830534,0.1367748,0.0872854,0.139391,0.2846472,0.3506806,0.2742628,0.1400242,0.0858188,0.1352132,0.2842296,0.3237068,0.2862416,0.141944,0.0866922,0.138658,0.2815646,0.3523056,0.349176,0.2622586,0.1431294,0.0890768,0.1264116,0.2902276
0.315094,0.2742532,0.14108,0.0879446,0.1139724,0.2801254,0.3472248,0.2750824,0.1368272,0.0924878,0.1425562,0.2914146,0.3427042,0.27792,0.1449976,0.0842058,0.1378772,0.2706746,0.3692082,0.2866688,0.1403792,0.0815896,0.1355788,0.2791006,0.3349714,0.2930774,0.1382972,0.082814,0.1374894,0.2745788,0.355727,0.2742032,0.1400404,0.093177,0.1398008,0.2795814,0.3271084,0.2823634,0.1434872,0.0884252,0.1208724,0.28529,0.3304648,0.2834144,0.1381962,0.0896176,0.1385584,0.2748828,0.3403468,0.2625058,0.1382134,0.0878286,0.1395542,0.2952156,0.3393402,0.2719758,0.1403122,0.0868258,0.1366882,0.2775414,0.3637894,0.2588598,0.1421726,0.0917268,0.1400224,0.2711502,0.3641682,0.2781042,0.2674472,0.137568,0.0856642,0.138426,0.2792518,0.3526828,0.2704724,0.1417538,0.0890456,0.1428616,0.2775124,0.3550954,0.2845838,0.1384696,0.0825894,0.1368028,0.2811008,0.3352462,0.2767524,0.145912,0.0897884,0.128118,0.288479,0.351936,0.2708988,0.1397062,0.08962,0.1437444,0.2733966,0.3355056,0.2835508,0.1332582,0.0854652,0.129618,0.2700802,0.3352884,0.2722864,0.1368928,0.0823872,0.1314286,0.283864,0.3192486,0.265483,0.134111,0.0901872,0.136459,0.2870882,0.3438632,0.294779,0.1401366,0.08621,0.138134,0.2778334,0.3155142,0.2807782,0.1382262,0.0844378,0.1385412,0.272693,0.3425952,0.2757648,0.1413196,0.0905148,0.135993,0.2793944,0.3672128,0.2719112,0.1427092,0.089858,0.137239,0.2790132,0.364863,0.2831938,0.1421942,0.0843112,0.1343556,0.283997,0.372835,0.2731814,0.1446076,0.0846894,0.1359532,0.269067,0.342128,0.2825758,0.1427612,0.0877938,0.1300632,0.285683,0.3573824,0.2797804,0.1364514,0.0875644,0.1379944,0.2821078,0.3517032,0.2764684,0.1421612,0.08623,0.1345588,0.2863506,0.3250212,0.2863668,0.1425106,0.0857896,0.1388052,0.2794372,0.3513468,0.3479656,0.2641044,0.1426264,0.0892214,0.1271086,0.2919614
0.3117344,0.2750362,0.1412198,0.0880452,0.1151808,0.2804232,0.3464108,0.2745614,0.136985,0.091936,0.1412524,0.2936966,0.342687,0.2770242,0.1456526,0.0853672,0.1391134,0.2723362,0.3703894,0.2830738,0.1399578,0.0810098,0.1360996,0.2786554,0.3365478,0.2930928,0.1385758,0.0830622,0.1383272,0.2761916,0.3557238,0.2709264,0.1402342,0.0930022,0.1404506,0.281313,0.3276498,0.277614,0.1417108,0.0894522,0.1190924,0.2882602,0.3298548,0.2840392,0.1364064,0.0882554,0.1398426,0.2739098,0.3403282,0.2652202,0.1388446,0.0872758,0.139725,0.2960886,0.3389862,0.2752976,0.1403366,0.0874232,0.1378696,0.2774144,0.3648918,0.2618964,0.1426036,0.0907588,0.139029,0.2711922,0.362337,0.275679,0.265803,0.1369894,0.0857488,0.1374986,0.2809234,0.3534612,0.2680924,0.1429486,0.0895318,0.1417234,0.2775366,0.353657,0.2809718,0.1388644,0.0819686,0.135801,0.2803098,0.333581,0.2750086,0.1467502,0.091036,0.1277526,0.2862318,0.3487264,0.2710314,0.1415816,0.0913666,0.1428348,0.276613,0.336984,0.2825126,0.1324002,0.0867546,0.1301482,0.2677038,0.3350294,0.2719482,0.1366124,0.082601,0.129673,0.2819158,0.3189844,0.2640362,0.1344846,0.0896392,0.1377188,0.28195,0.3459582,0.2940482,0.141582,0.0853746,0.1394486,0.2783886,0.313964,0.2807786,0.1381882,0.085458,0.1363884,0.2751958,0.3455068,0.2722202,0.1425802,0.0907382,0.1360848,0.2823832,0.3676592,0.2683954,0.1409326,0.0891086,0.1398784,0.2774502,0.3622364,0.2821828,0.1448878,0.0842062,0.135443,0.285023,0.3711916,0.2731882,0.145099,0.0842722,0.1342898,0.2674742,0.3396002,0.2837042,0.142235,0.0878466,0.1284552,0.2885852,0.3553184,0.2801294,0.1356958,0.086965,0.13883,0.2792494,0.3518192,0.2744452,0.1424584,0.0869466,0.131732,0.2874856,0.3292692,0.2843278,0.1444558,0.0871154,0.1377538,0.2795088,0.349894,0.3481346,0.2650676,0.142646,0.0897896,0.1262814,0.2900288
0.3121742,0.2759608,0.1404452,0.0876192,0.1117394,0.27864,0.3463466,0.2747374,0.1362376,0.0919414,0.137599,0.2914076,0.348052,0.27374,0.1453896,0.0844946,0.1384082,0.2721046,0.3700552,0.2812632,0.14065,0.0823758,0.1357804,0.2795904,0.337387,0.291371,0.1385642,0.0833972,0.1380098,0.2763126,0.3559318,0.2735124,0.1389532,0.0930726,0.1400218,0.2804456,0.3247038,0.273652,0.1418434,0.0885108,0.1195864,0.291811,0.3304036,0.2802398,0.1378958,0.0887954,0.1405482,0.276883,0.3382184,0.2633492,0.1393478,0.087174,0.1396,0.2937776,0.3375544,0.2702844,0.1399754,0.087993,0.1381048,0.2750924,0.3654674,0.2589212,0.1422174,0.0908212,0.1393366,0.2713984,0.3613922,0.2745708,0.2678638,0.138924,0.085523,0.1381508,0.2787262,0.3537198,0.2702678,0.1421346,0.0894314,0.1421514,0.2771826,0.3541896,0.280386,0.1398526,0.0828838,0.135847,0.281256,0.3337782,0.2749734,0.1458778,0.0893614,0.1380212,0.2846268,0.346854,0.271417,0.1418052,0.090854,0.1433986,0.2785974,0.3348806,0.2836238,0.1321918,0.0860774,0.1317304,0.269268,0.3359184,0.2672294,0.1358504,0.0828834,0.1291694,0.2815516,0.3177784,0.2630936,0.1334184,0.0900272,0.1388954,0.2821092,0.3446836,0.2934606,0.1425402,0.0857862,0.1398324,0.2812442,0.3126102,0.2820136,0.1405354,0.0842866,0.1386374,0.2732596,0.3434108,0.2760036,0.1430536,0.0907302,0.1338688,0.2801108,0.366063,0.2652684,0.1410656,0.0896426,0.1392456,0.2766862,0.3648622,0.2848126,0.1438394,0.0825116,0.1369046,0.2885,0.3729726,0.2705966,0.1451696,0.0828844,0.1359466,0.2647134,0.3401508,0.2832558,0.1417462,0.088099,0.1290314,0.2911848,0.3517858,0.2784838,0.138045,0.087851,0.1392502,0.2809518,0.350647,0.2736766,0.1428346,0.0861272,0.1335026,0.2877966,0.325805,0.2849384,0.1446018,0.0877714,0.1365202,0.2793276,0.3493104,0.3441474,0.2644238,0.1431238,0.0890508,0.127099,0.2890916
0.3124904,0.2763276,0.1393812,0.0866952,0.1128338,0.2758206,0.3450624,0.2730376,0.136703,0.0924036,0.1359782,0.291669,0.3502468,0.2720288,0.1450394,0.0854134,0.140894,0.271729,0.3690838,0.2799624,0.1404474,0.0830308,0.134837,0.2850904,0.336401,0.2881202,0.1392942,0.0830222,0.1361108,0.2716732,0.3560306,0.2741448,0.1395712,0.0944736,0.1386964,0.2820804,0.325463,0.2752796,0.1422346,0.088452,0.1232224,0.2930834,0.3314518,0.2820556,0.1365646,0.0896576,0.137343,0.2785974,0.3402578,0.2622238,0.1370946,0.0866344,0.1368858,0.2936304,0.339398,0.268012,0.1389148,0.0879614,0.1371644,0.2772516,0.3673536,0.2588006,0.1414244,0.091424,0.1377422,0.2699858,0.3619514,0.2754578,0.2698856,0.1377768,0.0848376,0.1392784,0.2788544,0.3504208,0.2710144,0.1424224,0.0902054,0.1431492,0.2773972,0.352474,0.2799486,0.138076,0.0839354,0.1334024,0.277252,0.3309444,0.2709996,0.1445378,0.0891694,0.1403904,0.285949,0.3476252,0.271161,0.1414788,0.0901054,0.1420378,0.2830512,0.3323092,0.280712,0.1310734,0.0864942,0.129591,0.2705046,0.3384004,0.2665364,0.1367532,0.0815344,0.1326874,0.282721,0.3178176,0.2608212,0.1334766,0.089622,0.1390586,0.2843746,0.3486974,0.2958462,0.1417538,0.0853154,0.1396302,0.2806366,0.3103536,0.2827156,0.140605,0.0851096,0.1391516,0.2760938,0.3441174,0.271812,0.1436022,0.090504,0.1359958,0.283717,0.3647866,0.2628616,0.1421462,0.0891434,0.1407068,0.2763892,0.3671296,0.2832996,0.144513,0.0837168,0.1381376,0.2832824,0.3746138,0.2710004,0.1440906,0.0828252,0.138325,0.2636798,0.3408664,0.2818724,0.1408248,0.087828,0.1282596,0.2879992,0.3498768,0.275775,0.139312,0.087502,0.1395032,0.2829776,0.348111,0.270858,0.1432658,0.0876402,0.1327052,0.2877372,0.3284548,0.2832594,0.1437446,0.0873318,0.1363022,0.2807492,0.3478022,0.3473568,0.2639408,0.1439084,0.087756,0.1257692,0.2847452
0.31137,0.2785258,0.1387284,0.0870414,0.115039,0.278293,0.3453294,0.2704296,0.1381196,0.0924168,0.1390652,0.2915478,0.3517336,0.2692192,0.1444604,0.0862246,0.1394068,0.273285,0.367613,0.2775072,0.1405756,0.083923,0.1345416,0.2834508,0.3379388,0.2891978,0.1376386,0.09004,0.1389106,0.2713292,0.3525502,0.2719026,0.1380428,0.0932518,0.1366658,0.2829992,0.3303938,0.2760506,0.1428048,0.0896582,0.1220016,0.2924344,0.3333938,0.2789632,0.1382722,0.0902148,0.1378526,0.2775106,0.341723,0.261113,0.1377052,0.0883298,0.1378012,0.2921944,0.3392604,0.2662322,0.1377802,0.088577,0.1381418,0.2774064,0.3678332,0.2576876,0.1412684,0.0910324,0.1367362,0.2711466,0.3636068,0.2716196,0.2643046,0.1388414,0.0848714,0.1401448,0.2780022,0.3506562,0.2684824,0.1417394,0.0902636,0.1409116,0.2788644,0.35268,0.2805418,0.1380198,0.0855022,0.1329294,0.2779878,0.332978,0.2712716,0.1442576,0.0896204,0.140764,0.2882536,0.3484862,0.2708236,0.1425002,0.0899782,0.1415728,0.2804594,0.3346458,0.2805274,0.1334348,0.086892,0.1318932,0.2713298,0.3377558,0.267106,0.1359384,0.0816278,0.1314372,0.2828616,0.3177092,0.2624052,0.1342806,0.0901762,0.137466,0.2811432,0.3478388,0.2974072,0.1414968,0.085841,0.1399304,0.2811258,0.309707,0.2819262,0.1388736,0.0851886,0.1365222,0.2758244,0.3465428,0.273858,0.1435022,0.0904226,0.1369166,0.280388,0.3626342,0.2634716,0.1416558,0.0893276,0.1401602,0.2777068,0.36701,0.2791778,0.144809,0.0836214,0.1364476,0.2861162,0.3743076,0.2687092,0.1443206,0.0846856,0.13736,0.2663014,0.339902,0.280614,0.1409168,0.0886042,0.1325424,0.2894068,0.35413,0.273978,0.1391018,0.0876808,0.1385878,0.283076,0.3493584,0.2688252,0.1426724,0.0880326,0.1334718,0.2857934,0.3317612,0.2846402,0.1425834,0.0872824,0.136292,0.2775222,0.3478342,0.3457866,0.2622028,0.1431862,0.0885854,0.1258532,0.285776
0.3130758,0.2784386,0.140983,0.0865764,0.1155694,0.2821514,0.3439216,0.268,0.1392216,0.0920392,0.1409996,0.2935266,0.3498398,0.2720592,0.1456028,0.0853178,0.1394924,0.2739274,0.36555,0.2785922,0.1391018,0.0838612,0.1362316,0.2822336,0.3329784,0.2880356,0.139355,0.0900492,0.1373796,0.2707816,0.3541922,0.2725856,0.1383452,0.0932312,0.1392574,0.28361,0.3322012,0.2782546,0.143147,0.0889136,0.1323434,0.2929504,0.3364788,0.2807506,0.1386402,0.0886174,0.1395536,0.2770862,0.3416276,0.2612304,0.1376286,0.0868402,0.1405576,0.2925884,0.3368766,0.2672528,0.139554,0.0888382,0.1374516,0.277082,0.3694972,0.2560762,0.142338,0.0920762,0.1396108,0.2731504,0.3638786,0.2721596,0.265574,0.1393756,0.0863258,0.1395932,0.2818266,0.3503646,0.269128,0.1419926,0.0885148,0.1421988,0.2795344,0.3546092,0.2765776,0.1390644,0.0855296,0.1325904,0.2808842,0.3323552,0.2765666,0.145765,0.0911528,0.1405288,0.2868886,0.348541,0.2681346,0.142964,0.089666,0.1397714,0.2786124,0.3319248,0.2780464,0.134422,0.0861784,0.130941,0.2712778,0.3385748,0.2649248,0.1370158,0.0826606,0.1326062,0.2794184,0.3160392,0.2624164,0.134659,0.0920458,0.1375678,0.2818584,0.3480124,0.2959462,0.1433832,0.0849958,0.1401368,0.282689,0.309539,0.2820872,0.1384448,0.084856,0.1365666,0.2716678,0.3444642,0.2730996,0.142283,0.0902416,0.138049,0.2806314,0.3597998,0.2605064,0.14322,0.0883328,0.1396558,0.2787508,0.3630568,0.2801816,0.1460896,0.0842064,0.1357898,0.2881398,0.369501,0.2654908,0.1439762,0.0849566,0.1392544,0.2657708,0.3392996,0.280622,0.142355,0.088603,0.1337996,0.288854,0.3557096,0.2721396,0.1396826,0.087403,0.1382194,0.2842606,0.3488614,0.268796,0.143051,0.0874696,0.134568,0.2847788,0.3314762,0.2820764,0.1439148,0.0862824,0.1359354,0.281076,0.3488182,0.3460898,0.2595822,0.1432078,0.0892086,0.1283306,0.2871854
0.3122698,0.2742314,0.1415924,0.0870188,0.1167296,0.2849484,0.3415146,0.2667728,0.1388112,0.0918892,0.1416214,0.290139,0.3501828,0.2685782,0.143831,0.0856352,0.1377264,0.2736002,0.368072,0.2765268,0.1408008,0.0844394,0.134258,0.2850998,0.3327066,0.288489,0.1400722,0.0897986,0.1362264,0.2698388,0.3545012,0.2693632,0.1407248,0.0946128,0.1396488,0.2781122,0.3279512,0.2768974,0.1424892,0.0884354,0.1341852,0.2897228,0.3369916,0.278579,0.138165,0.088589,0.1402986,0.2802768,0.3437932,0.2587192,0.1362704,0.0874656,0.1402422,0.2968148,0.33436,0.2674684,0.1380416,0.0886238,0.1390288,0.2764546,0.3686218,0.2567388,0.1435012,0.0919388,0.139804,0.2680894,0.3638352,0.2687976,0.2651922,0.1383406,0.0853812,0.1369658,0.2787456,0.3518544,0.2701914,0.1435776,0.087664,0.1423442,0.2789766,0.3524778,0.2772852,0.1378842,0.0859544,0.132059,0.283044,0.3292842,0.2731882,0.1436944,0.091787,0.141324,0.2858182,0.347779,0.2693946,0.1434958,0.0893644,0.1402224,0.282289,0.3323798,0.2755252,0.1339306,0.0858304,0.1302602,0.2693382,0.3393784,0.2669196,0.1365586,0.0822016,0.1351626,0.2798382,0.3167828,0.2634596,0.1354892,0.0909124,0.1386208,0.2842602,0.3415462,0.294844,0.1434616,0.0865378,0.1399744,0.282658,0.3079224,0.278117,0.1393418,0.0842456,0.1375178,0.2739298,0.3456776,0.2729724,0.1425766,0.0904334,0.1383778,0.2819714,0.3610898,0.259361,0.1414584,0.088736,0.139401,0.277604,0.3632486,0.2801758,0.144824,0.0832308,0.136436,0.2869286,0.3697212,0.2629612,0.1436554,0.0851784,0.1396864,0.2681334,0.338775,0.2759784,0.1437264,0.0875008,0.135189,0.2879456,0.3552614,0.2716298,0.1404826,0.0887232,0.1383904,0.2860232,0.3477174,0.2698136,0.142847,0.0867722,0.136498,0.2859838,0.3331536,0.282322,0.1440586,0.087473,0.1356122,0.2848302,0.3484788,0.3480584,0.2584832,0.1434868,0.0895888,0.1289918,0.2859846
0.3110208,0.2709212,0.141594,0.0869862,0.0661755,0.1615442,0.3414526,0.26745,0.1394626,0.0918812,0.0505967,0.1901834,0.3528576,0.2667962,0.144907,0.0850332,0.0752866,0.2754944,0.372666,0.277173,0.140558,0.0846586,0.0573705,0.2829312,0.3333638,0.2879202,0.13807,0.0886044,0.1142264,0.2736388,0.353702,0.268456,0.1415704,0.0933842,0.0705616,0.1939984,0.3295324,0.2726082,0.1406518,0.0873356,0.0726438,0.2910998,0.3363686,0.2796634,0.1387504,0.0896014,0.0866225,0.1992208,0.3485352,0.2580912,0.1364594,0.0876884,0.120907,0.298182,0.3325734,0.2683474,0.1378112,0.0876464,0.0469677,0.2733118,0.3667602,0.2576524,0.142756,0.0913718,0.0650099,0.2019881,0.3614042,0.2671684,0.2660296,0.1379574,0.0858934,0.0936167,0.284185,0.3536008,0.2693042,0.1443328,0.0894402,0.0428611,0.2804362,0.3515858,0.2781466,0.1387506,0.0861086,0.053518,0.2791592,0.3280198,0.2736624,0.1438328,0.090069,0.0837566,0.2138176,0.3487402,0.2652672,0.1432754,0.0896804,0.0635426,0.2795484,0.3313244,0.2769376,0.13413,0.0871404,0.0864446,0.2716108,0.3371806,0.2657058,0.1352294,0.082338,0.0299187,0.2810108,0.3159384,0.2633718,0.1340824,-0.0126677,0.0928365,0.2241939,0.3443702,0.2920078,0.1451654,0.0860438,0.0536989,0.2797292,0.3058628,0.2747298,0.1398988,0.0847792,0.0611846,0.2764836,0.3455388,0.2731318,0.1426374,0.0914926,0.0986262,0.2083881,0.3604628,0.2561896,0.1424632,0.0895158,0.015717,0.2813306,0.3624654,0.2784618,0.144375,0.084015,0.0207213,0.2860604,0.3693498,0.2627334,0.1418816,0.0861204,0.071058,0.2673182,0.339914,0.2771724,0.142674,0.0887042,0.0209045,0.2849448,0.3543118,0.2682188,0.1382104,0.0883508,0.0586709,0.2840534,0.3490212,0.2711212,0.1440934,0.0886698,0.0674254,0.2007757,0.3305834,0.279336,0.1449196,0.0875546,0.0261735,0.2833762,0.3479496,0.3462652,0.2586394,0.1426134,0.0894804,0.0436746,0.286019
0.3094258,0.2702778,0.1421342,0.0873938,0.1258141,0.2366828,0.3409042,0.266315,0.140567,0.0924706,0.0788563,0.2320604,0.356071,0.2658722,0.1463696,0.0858036,0.1141868,0.2193507,0.3748764,0.275723,0.1416378,0.0842944,0.0831626,0.2830826,0.3351786,0.2837236,0.1375828,0.0890136,0.1181652,0.2715504,0.3551858,0.2679438,0.1405056,0.0930694,0.0935592,0.2417981,0.3349216,0.2741048,0.1403638,0.0867752,0.1007418,0.2925682,0.336559,0.2777106,0.1390162,0.0891106,0.1059425,0.2262504,0.3467908,0.25632,0.1366018,0.0881358,0.1257254,0.2953008,0.3330194,0.2649118,0.136083,0.088863,0.098341,0.2737892,0.366966,0.2538864,0.1410332,0.0917162,0.1156386,0.2332377,0.3647448,0.2685872,0.2646928,0.1394322,0.085199,0.1143798,0.2850058,0.352715,0.2692292,0.1418298,0.089277,0.0621343,0.2781064,0.353794,0.276475,0.1398538,0.086732,0.1048916,0.2204738,0.331426,0.273826,0.143011,0.0902234,0.1169145,0.2388592,0.3488284,0.267643,0.1432406,0.0901554,0.1090044,0.2798276,0.3275838,0.2772852,0.1352424,0.087069,0.1082366,0.274452,0.3391164,0.2621412,0.1363784,0.0799688,0.1080472,0.2136746,0.3174706,0.2620384,0.1335616,0.0750896,0.1290698,0.2671855,0.3447944,0.2915416,0.1452352,0.0858036,0.0860556,0.2775868,0.3057052,0.273073,0.1390394,0.084413,0.0863974,0.2763696,0.3453304,0.2700162,0.1417468,0.0917706,0.1283004,0.2636287,0.3584344,0.2534666,0.1417564,0.0900614,0.0456208,0.2243646,0.3630588,0.2769558,0.1472968,0.082831,0.0675075,0.2856778,0.3679892,0.2624592,0.1432714,0.0854252,0.0905483,0.26647,0.3382662,0.2768192,0.1428022,0.087694,0.0568206,0.2833436,0.3567868,0.2704458,0.1382598,0.0887924,0.1175766,0.2297954,0.3449064,0.2659342,0.1425388,0.0901704,0.085664,0.2315625,0.3336556,0.2789392,0.144619,0.086527,0.050342,0.2788368,0.3487646,0.3492564,0.2572536,0.1428208,0.0890166,0.1060554,0.2864446
0.3093064,0.266548,0.14313,0.0882024,0.1262495,0.2876354,0.3415232,0.2621852,0.1393752,0.0924648,0.1122296,0.2542816,0.3597734,0.2642454,0.1478736,0.0851958,0.1234522,0.2813976,0.3755304,0.2758494,0.1440098,0.0845256,0.0890528,0.2842534,0.3357758,0.2835266,0.1376594,0.0901038,0.1199284,0.271932,0.3562446,0.2654878,0.1389974,0.0948312,0.1380642,0.2691909,0.3391366,0.2720652,0.1402976,0.0868786,0.1189484,0.2885798,0.340579,0.276611,0.1409832,0.0889554,0.1266236,0.2752348,0.3470176,0.2542416,0.137107,0.0883808,0.1413616,0.2923594,0.3337924,0.265371,0.137515,0.0872976,0.113733,0.2703912,0.3666218,0.2550956,0.1417614,0.092519,0.1410008,0.2815316,0.3594016,0.2671312,0.2657806,0.1389022,0.0862308,0.1342412,0.2851216,0.3518906,0.2685364,0.1420988,0.0892132,0.0753406,0.2803054,0.353765,0.2769408,0.1397874,0.0860306,0.1295638,0.2941492,0.3320734,0.271958,0.144834,0.0902186,0.132072,0.2895438,0.3500978,0.2640314,0.143347,0.0899,0.1088256,0.2249313,0.326821,0.2781276,0.1354092,0.0875356,0.1087458,0.274004,0.3375614,0.2599616,0.1372246,0.0802526,0.1233062,0.2665573,0.3163082,0.2641292,0.1341184,0.0782646,0.139482,0.2738931,0.3445092,0.2892364,0.1445752,0.0871576,0.0901433,0.279979,0.309322,0.2721844,0.1392822,0.0846008,0.0911506,0.277406,0.341511,0.2693376,0.1423026,0.0920668,0.132661,0.2712314,0.3610852,0.2523798,0.1415582,0.0891344,0.09665,0.2605269,0.3651224,0.2772684,0.1453512,0.0829464,0.1167358,0.283876,0.3639988,0.2645874,0.14584,0.0858026,0.120205,0.1767904,0.3394408,0.275046,0.1416632,0.0870822,0.057189,0.2829864,0.353765,0.2706938,0.1375488,0.0887452,0.1192368,0.279465,0.3475708,0.267872,0.1441314,0.089084,0.1205506,0.267571133333,0.334688,0.2771392,0.1441604,0.087678,0.0646932,0.2789246,0.3467642,0.3462614,0.2546854,0.1427914,0.0895076,0.124176,0.28869
0.3072956,0.2666806,0.142051,0.0880978,0.134702,0.292844,0.3422306,0.2616146,0.1389078,0.0916306,0.1230892,0.2763084,0.3575284,0.2602326,0.1450632,0.0851826,0.1243862,0.2894416,0.376621,0.2753842,0.1434696,0.085228,0.1058022,0.2840424,0.3385326,0.2856006,0.1380348,0.0907488,0.1406396,0.2176572,0.3549574,0.2632204,0.1388596,0.0935858,0.1425402,0.2956725,0.33921,0.2701642,0.1402568,0.0864082,0.1196135,0.2896798,0.336481,0.2771028,0.1391018,0.0323436,0.1280046,0.3049042,0.3479692,0.2517874,0.1376598,0.0881372,0.1407204,0.2615886,0.3325508,0.2640266,0.1402988,0.0879112,0.1432258,0.2707662,0.3698682,0.2536386,0.1413376,0.0919922,0.1473264,0.2872343,0.3577394,0.266656,0.2644684,0.1401698,0.0861386,0.1382714,0.2860748,0.354653,0.2667186,0.1435914,0.0911912,0.080854,0.279466,0.3546762,0.2737228,0.1389316,0.0855792,0.130291,0.3024392,0.3324876,0.2672708,0.1440242,0.0901254,0.1311262,0.2911134,0.3505026,0.2614634,0.1442032,0.089798,0.1142626,0.253041,0.3273242,0.276401,0.134485,0.0862536,0.1195378,0.2734096,0.3339252,0.2590458,0.1363742,0.080648,0.1247016,0.2718368,0.314427,0.2625114,0.1346604,0.0779804,0.1380328,0.2951185,0.346123,0.2933736,0.1436264,0.0866266,0.0899513,0.2067498,0.3111244,0.2716722,0.1406922,0.0854372,0.1045556,0.278378,0.3435464,0.2676514,0.141381,0.0922258,0.1365068,0.2959547,0.3639546,0.2504466,0.1426558,0.0891238,0.1323018,0.2663357,0.3645162,0.2759164,0.1461588,0.083127,0.1247314,0.2836532,0.3640304,0.2638996,0.1452022,0.0860398,0.1223132,0.243586,0.3403284,0.271501,0.142894,0.0880754,0.0797846,0.278219,0.3494242,0.2716322,0.1366342,0.0883304,0.1211076,0.2886478,0.3461556,0.2651636,0.14458,0.0897166,0.1257116,0.289289666667,0.3358106,0.2748428,0.1432894,0.0867774,0.0670128,0.2788332,0.3491998,0.3447244,0.252823,0.1414322,0.0902368,0.1263796,0.2866382
0.308315,0.2659518,0.1417296,0.0877274,0.1369306,0.3097506,0.3407166,0.255613,0.1384106,0.091646,0.1280178,0.3063118,0.3565178,0.2645768,0.1449414,0.0850154,0.1256252,0.2936862,0.380423,0.2741164,0.141507,0.0841988,0.1274448,0.2865672,0.3406036,0.2842854,0.1393608,0.090303,0.1399528,0.2579048,0.35712,0.261931,0.140732,0.0938526,0.1431978,0.2986249,0.3410016,0.2684644,0.1430532,0.0864888,0.1190959,0.2926952,0.3356438,0.2735968,0.1383266,0.0533712,0.1274398,0.3039854,0.348239,0.2494718,0.1383738,0.087402,0.1428704,0.3047904,0.3357424,0.2591324,0.1400026,0.0875754,0.1461192,0.2733334,0.3721298,0.2532154,0.1380564,0.0927588,0.1470228,0.2917929,0.3620598,0.2643074,0.2616246,0.13974,0.0865882,0.1392152,0.2848414,0.3570456,0.2626088,0.1431464,0.0908156,0.0813418,0.2819398,0.3562394,0.11911,0.1380112,0.0864974,0.131686,0.3016278,0.3305714,0.264757,0.1456172,0.0884138,0.1298936,0.2957174,0.3497316,0.2597662,0.1436622,0.0897678,0.1095072,0.2800884,0.3264096,0.2727866,0.1359706,0.086072,0.1156666,0.2724258,0.3347834,0.2560482,0.135973,0.0805456,0.1445756,0.2965908,0.3164596,0.2601722,0.1334994,0.0778152,0.1410146,0.3050406,0.3482802,0.2920068,0.1428626,0.087757,0.0970681,0.2551788,0.3123178,0.270596,0.1413128,0.0848126,0.1084214,0.2767924,0.341665,0.2652022,0.1431484,0.091213,0.1347246,0.2981512,0.367743,0.249634,0.1427372,0.0884012,0.1479844,0.2982784,0.3641286,0.2744848,0.1449868,0.0842436,0.126101,0.280344,0.3646776,0.2616284,0.1457818,0.084846,0.1264352,0.2660532,0.3407188,0.2684164,0.1419168,0.0889678,0.0799334,0.2826068,0.3497758,0.2706458,0.1382118,0.0873682,0.1241072,0.2979936,0.343481,0.2640668,0.1445784,0.0887256,0.126187,0.3033882,0.3377872,0.2755482,0.1428584,0.0858762,0.0868082,0.2767904,0.3490344,0.3463604,0.2484562,0.140828,0.0897112,0.1298406,0.287533
0.3092688,0.2651536,0.1410274,0.087727,0.1358566,0.3131506,0.3407224,0.2585872,0.1383074,0.0922072,0.1307064,0.3089986,0.3560024,0.264196,0.1434566,0.0855648,0.1252188,0.2958138,0.3760584,0.2720072,0.1419044,0.084535,0.1298928,0.2862444,0.341567,0.2851306,0.1375884,0.0883,0.1386554,0.2892422,0.3574926,0.2599686,0.1417096,0.0949538,0.1443574,0.3021996,0.3426764,0.2712944,0.1427912,0.0871404,0.1179005,0.2092513,0.332599,0.271982,0.1392886,0.0839238,0.1252504,0.3087898,0.349181,0.2483372,0.1392046,0.0882376,0.143255,0.307969,0.3365194,0.2572542,0.1411764,0.0876516,0.146705,0.2724452,0.3733682,0.2540032,0.1427302,0.0922722,0.1480756,0.298609,0.3640428,0.262498,0.2635662,0.1388336,0.0860436,0.1385818,0.2825272,0.3580294,0.2619766,0.1424796,0.0904342,0.079321,0.2823644,0.3565914,0.1739583,0.1375034,0.0863442,0.1303652,0.3000902,0.3306484,0.264281,0.143948,0.089141,0.1312732,0.2948578,0.3471158,0.2613148,0.1455238,0.0897434,0.1083428,0.2942912,0.3269698,0.2737942,0.1354134,0.0865602,0.1160962,0.2723898,0.3356244,0.2577562,0.1367906,0.0813332,0.145838,0.3058884,0.3176642,0.2580414,0.1328564,0.08094,0.1452044,0.3088328,0.3471664,0.2924956,0.143652,0.0874102,0.0949973,0.2761796,0.3165882,0.2710246,0.1427628,0.0850354,0.1100302,0.2793714,0.342801,0.2640544,0.1442382,0.0915386,0.135036,0.2996532,0.3592726,0.2514934,0.1416264,0.088917,0.1477372,0.306337,0.3606432,0.2696114,0.1430326,0.0826046,0.1248868,0.2830232,0.365066,0.261305,0.1474004,0.0847292,0.13081,0.2782738,0.3406888,0.267094,0.1435258,0.088137,0.0903764,0.2866992,0.3510984,0.2715858,0.1374962,0.0877756,0.1232562,0.3001136,0.3445304,0.2599278,0.1459692,0.0882728,0.1232458,0.3051208,0.3404232,0.2730892,0.1453712,0.0852696,0.0841172,0.274134,0.348412,0.3465096,0.2481774,0.1411446,0.090351,0.1282996,0.2879162
0.311754,0.2640148,0.1406662,0.0884128,0.1378166,0.3132194,0.3395096,0.2592862,0.1391054,0.0925934,0.1318076,0.3095646,0.3548944,0.26283,0.142405,0.085894,0.1365962,0.292819,0.3746964,0.2718678,0.143401,0.0839908,0.1307298,0.284452,0.3422468,0.2810244,0.1375132,0.0895296,0.1394742,0.291233,0.355463,0.26135,0.1405976,0.0934238,0.1445682,0.2989862,0.3373558,0.2701906,0.1434372,0.089605,0.1182453,0.2589502,0.33003,0.2738982,0.139014,0.0854908,0.1259428,0.3140078,0.3514668,0.2473452,0.1412348,0.0882216,0.1414854,0.3127144,0.334458,0.2581172,0.1401002,0.0882638,0.1482088,0.27728,0.3723922,0.1523103,0.1431002,0.0919358,0.1476292,0.3029092,0.3628608,0.261925,0.2604692,0.1380328,0.0864588,0.1412332,0.281442,0.358517,0.258009,0.1403728,0.089678,0.083788,0.2796864,0.3563588,0.2364157,0.1388148,0.0861466,0.1305506,0.305923,0.328756,0.2639732,0.1441756,0.0890286,0.131381,0.311416,0.3462274,0.2639236,0.1430734,0.089733,0.10824,0.3069134,0.3292548,0.2735444,0.1357948,0.0870412,0.1176286,0.2732044,0.3338408,0.2552742,0.1346576,0.081447,0.1449874,0.302285,0.3191642,0.258349,0.1327462,0.0816928,0.14447,0.3112788,0.3502624,0.2906324,0.1446292,0.0872082,0.0949923,0.2848968,0.316466,0.2690994,0.141591,0.0850988,0.1211658,0.2793916,0.3432004,0.2646808,0.1458944,0.0899502,0.1351952,0.3020892,0.357851,0.2529124,0.141921,0.0879112,0.1457574,0.302838,0.3612038,0.2678568,0.143382,0.0824208,0.125324,0.2874758,0.3663302,0.2602456,0.1471196,0.0861092,0.1280552,0.2855556,0.3403276,0.2700034,0.1459546,0.0890676,0.0869218,0.2859464,0.3530792,0.2669024,0.13826,0.0868724,0.1261288,0.3111102,0.3409272,0.2589,0.1447648,0.0900054,0.1300532,0.3099614,0.3384582,0.2733584,0.145226,0.0838352,0.0902628,0.2807192,0.345913,0.3474788,0.246557,0.14116,0.0906824,0.1256568,0.2892414
0.3106222,0.2647252,0.1394902,0.088621,0.136181,0.3124874,0.3375834,0.2564892,0.138565,0.091855,0.1302544,0.3114024,0.3545478,0.2623408,0.1442238,0.0863682,0.1359818,0.2952248,0.3735664,0.270697,0.1448036,0.0847314,0.1297886,0.2849932,0.3388636,0.2813506,0.1403044,0.0899484,0.1396894,0.2951466,0.3563184,0.2629112,0.1418772,0.0929716,0.1450846,0.300583,0.3388328,0.271839,0.143479,0.0883838,0.1172991,0.2641838,0.3323064,0.2737074,0.1403258,0.0855212,0.120878,0.3093926,0.3487044,0.2463036,0.1392246,0.0890386,0.1427068,0.3085098,0.336268,0.2571754,0.139936,0.088297,0.1472812,0.276389,0.3736558,0.2134197,0.1425128,0.0904078,0.1485504,0.3017646,0.3618482,0.26237,0.2610514,0.1383516,0.087208,0.1425486,0.2855066,0.358,0.2589834,0.1412328,0.0892616,0.083533,0.2814374,0.3568066,0.24806,0.1387946,0.0863874,0.1292642,0.3040804,0.3267246,0.2645342,0.1443264,0.0911242,0.129646,0.3119262,0.3463404,0.2645538,0.1398256,0.0897086,0.1112118,0.3081548,0.3301186,0.2713026,0.1360694,0.086853,0.1138758,0.2785904,0.333725,0.2533142,0.136753,0.0811164,0.1430882,0.305985,0.3218906,0.257898,0.1339578,0.0776866,0.1433228,0.3091578,0.3532364,0.2904082,0.1440724,0.0882046,0.0993125,0.2927254,0.3166194,0.2681492,0.142397,0.086091,0.1443392,0.2824492,0.3448742,0.265048,0.1441396,0.091393,0.1357218,0.303572,0.3613534,0.2486236,0.1438472,0.0892792,0.148014,0.306284,0.3627128,0.2680482,0.1440438,0.083881,0.1242612,0.2854192,0.3658538,0.2540936,0.1466642,0.087077,0.132637,0.2843424,0.3401368,0.269175,0.1466428,0.0888332,0.0867424,0.2825468,0.3532098,0.2697986,0.1375774,0.0863176,0.1268222,0.3133736,0.3437586,0.2585456,0.1439072,0.0898378,0.1339858,0.3111428,0.3394756,0.2708308,0.1435038,0.0842112,0.091237,0.278514,0.3449656,0.3468252,0.2436682,0.1427036,0.0913338,0.1275044,0.288252
0.3083344,0.2663592,0.1407456,0.0874708,0.1407112,0.3105754,0.3402152,0.2554016,0.1386972,0.0911626,0.12922,0.3131084,0.3509648,0.2622512,0.1442072,0.0869384,0.136537,0.2961366,0.3721644,0.2695306,0.1431616,0.0841462,0.133018,0.2819814,0.3374908,0.2807826,0.1397432,0.089245,0.1401072,0.2966802,0.3548482,0.2624062,0.1418824,0.092987,0.1443994,0.301913,0.3357666,0.2706582,0.1414618,0.0886,0.1120405,0.3062778,0.3322338,0.2726362,0.1418732,0.0888996,0.1190348,0.3121754,0.347253,0.2474064,0.1391782,0.0884808,0.1433466,0.310363,0.3387454,0.2555156,0.1427986,0.089489,0.1464568,0.2748254,0.3728996,0.2268347,0.142302,0.091489,0.1460158,0.3009794,0.361424,0.2626778,0.2595848,0.1383384,0.0872826,0.1427252,0.2843396,0.3595784,0.2597696,0.1423198,0.0892,0.084822,0.2794368,0.3544552,0.2670876,0.1386982,0.087722,0.129336,0.3075044,0.3255366,0.2634044,0.143676,0.0913216,0.135052,0.3128332,0.3464912,0.263737,0.1404754,0.090014,0.1102704,0.3070872,0.332044,0.2721916,0.1351112,0.0868528,0.1142978,0.2742026,0.3344268,0.2528098,0.1375762,0.081625,0.1424366,0.3023838,0.3246834,0.2588538,0.1336846,0.0819842,0.1424868,0.3093744,0.3515878,0.2887676,0.1437346,0.088995,0.0965409,0.3060708,0.3191882,0.2649078,0.1424112,0.0845472,0.1456018,0.2826776,0.346087,0.2648826,0.1444272,0.0913096,0.1356412,0.3033806,0.3625038,0.2457996,0.144339,0.08923,0.1498906,0.3093004,0.3641226,0.268985,0.1429374,0.0843344,0.1191224,0.2806716,0.3651072,0.2541592,0.1447086,0.0878648,0.1333488,0.2858,0.3427262,0.2691602,0.145439,0.0887014,0.0881744,0.2852944,0.3600636,0.2674048,0.1373708,0.0890346,0.1247246,0.3091334,0.3426838,0.256563,0.1433598,0.0904368,0.134267,0.3109794,0.3375636,0.2689034,0.1433612,0.0851554,0.0922918,0.2821634,0.3445562,0.3474796,0.2418508,0.1421126,0.0915466,0.1290332,0.28169
0.305354,0.266663,0.1398706,0.0882606,0.1416186,0.3111848,0.3424108,0.2504618,0.1388366,0.0910536,0.1268174,0.3142038,0.35259,0.2619326,0.144919,0.0864608,0.137841,0.298356,0.3720532,0.2659234,0.1424002,0.084204,0.1321574,0.2831612,0.3359382,0.2793194,0.1402264,0.0896636,0.141883,0.2980636,0.3523658,0.2632848,0.1423552,0.0915546,0.1466864,0.3021344,0.336535,0.2675268,0.1418254,0.089369,0.1198161,0.311059,0.3327906,0.2697686,0.143159,0.0891866,0.1185028,0.310126,0.3494052,0.2439742,0.1387462,0.0879536,0.1427558,0.3135226,0.3381048,0.2533692,0.1413468,0.0893086,0.144744,0.273559,0.3729178,0.2307565,0.1420998,0.0914168,0.147018,0.3008986,0.3628244,0.262641,0.25699,0.1389586,0.087485,0.1433788,0.2826516,0.360328,0.2590416,0.1439428,0.088618,0.0855782,0.2827334,0.3554388,0.2864044,0.1386086,0.0871366,0.1286996,0.303534,0.323997,0.261244,0.1433362,0.091918,0.1350272,0.3132296,0.3464172,0.2592484,0.1405536,0.0899544,0.106884,0.3072864,0.3314856,0.2676616,0.1354346,0.0883274,0.1118662,0.2761034,0.3325486,0.250493,0.1374502,0.0813486,0.1445408,0.3065466,0.327232,0.2573722,0.1332786,0.0800944,0.1446182,0.30798,0.3537582,0.2867674,0.1439122,0.0889316,0.1003929,0.3026146,0.3209932,0.2635346,0.1418806,0.0871874,0.1431242,0.2825048,0.3456248,0.2630678,0.1430202,0.0910176,0.1331934,0.3005706,0.3639244,0.2442518,0.145225,0.0897832,0.147963,0.3068954,0.3617394,0.2692156,0.1428088,0.0844958,0.122815,0.2847334,0.3638936,0.1036699,0.1443604,0.0878958,0.1449626,0.281616,0.342931,0.271044,0.143062,0.0888252,0.0923448,0.2842574,0.3582224,0.2640248,0.13786,0.0880896,0.123707,0.312093,0.344216,0.2540254,0.1446288,0.0900232,0.1326146,0.3104672,0.3392654,0.2675554,0.1420728,0.08576,0.0898094,0.2806538,0.3438594,0.3491216,0.2418654,0.1424608,0.0900254,0.126241,0.283911
0.3108942,0.2655716,0.1398862,0.0882916,0.1413408,0.3100564,0.3442984,0.2514034,0.1389664,0.0912272,0.1265518,0.3146778,0.3535762,0.263508,0.1446096,0.0862514,0.1358492,0.3028228,0.3716552,0.2691284,0.1445472,0.0844472,0.1304574,0.284081,0.3372932,0.2771696,0.1401642,0.0895504,0.1412288,0.2971066,0.3523588,0.2641176,0.141256,0.0930144,0.145277,0.3014462,0.3351288,0.26462,0.1427924,0.0885802,0.1208035,0.3125142,0.3343692,0.2685244,0.1427088,0.0963118,0.1194662,0.3077812,0.3497266,0.2449572,0.1377108,0.0890566,0.1421586,0.3163032,0.3379994,0.2525734,0.1406026,0.0892528,0.1464858,0.2747884,0.3722406,0.2351879,0.1445274,0.091455,0.1477494,0.2996274,0.3642102,0.1265848,0.2554058,0.13886,0.0871546,0.1433148,0.2817178,0.3585906,0.2586664,0.1423644,0.0877532,0.085932,0.28263,0.3544856,0.28316,0.1394906,0.0872136,0.1296984,0.3072078,0.3190328,0.2596164,0.1442864,0.092532,0.134911,0.3113492,0.3431174,0.257376,0.140899,0.0902812,0.1074804,0.3043958,0.3330652,0.2675722,0.1350892,0.0890954,0.1097848,0.2747912,0.3347188,0.244693,0.1399042,0.0825502,0.143176,0.3098156,0.3238868,0.253417,0.1325446,0.0833908,0.1445996,0.3094508,0.3562932,0.286185,0.1436766,0.0867948,0.1011749,0.309296,0.3223572,0.2654374,0.1425806,0.0865534,0.1454876,0.2829704,0.3435552,0.2603846,0.1427826,0.0905612,0.1368802,0.3012874,0.3666798,0.2398754,0.1437894,0.0884878,0.1466912,0.3055168,0.361618,0.267585,0.1439662,0.0859028,0.1211794,0.287095,0.3623762,0.1457019,0.1446624,0.0862822,0.1427172,0.2921772,0.3481924,0.2683996,0.1452746,0.0883092,0.0899186,0.2841222,0.35759,0.2625094,0.1394914,0.0881804,0.1242616,0.3124296,0.3378964,0.2537708,0.143948,0.089395,0.1329604,0.3095996,0.3400454,0.2685306,0.1449632,0.0874578,0.0906046,0.2814778,0.3437486,0.3499676,0.2415846,0.1441268,0.0898492,0.1258106,0.2853662
0.3115246,0.2658338,0.1402498,0.0883952,0.1412028,0.3110238,0.344304,0.2493296,0.1386418,0.0911244,0.1272954,0.316205,0.352107,0.2596338,0.1435814,0.0873836,0.134317,0.3027036,0.3716668,0.2681998,0.1436642,0.0838402,0.1336472,0.284794,0.3382792,0.2767016,0.1410374,0.088903,0.140942,0.297263,0.3549716,0.2660036,0.1415732,0.0938202,0.1465558,0.3072054,0.3317942,0.2652522,0.1422002,0.0877796,0.1198538,0.3168194,0.336922,0.270885,0.1420264,0.0951164,0.1197992,0.3085178,0.3499238,0.24457,0.1403934,0.089581,0.1413764,0.3161768,0.3392916,0.2536564,0.141446,0.0900834,0.1485796,0.2717564,0.3737752,0.2500759,0.143566,0.0923582,0.1460252,0.301362,0.3653376,0.1681721,0.2550648,0.1379778,0.087125,0.1409494,0.2829708,0.361598,0.2564408,0.1427218,0.0884662,0.0852372,0.2779434,0.3532132,0.2833646,0.1387246,0.0862362,0.1274118,0.3068658,0.3194332,0.2568998,0.1430196,0.0925302,0.1345612,0.3118356,0.3451726,0.2555934,0.1410426,0.0890186,0.1093908,0.306139,0.3328704,0.2651634,0.1353094,0.0877338,0.118097,0.276397,0.3331802,0.2468244,0.139889,0.0821648,0.1439646,0.306837,0.3273338,0.2518292,0.133674,0.0832744,0.144995,0.3125892,0.3611492,0.2879486,0.1442714,0.085796,0.0995961,0.3091168,0.3220224,0.2604514,0.1443406,0.087608,0.1432834,0.2811726,0.3451192,0.2603846,0.1442816,0.0909324,0.1381908,0.3049482,0.3636734,0.238356,0.1443368,0.0885068,0.1473908,0.3066506,0.3600558,0.2690398,0.1443596,0.0855052,0.1222748,0.2877842,0.359727,0.1630485,0.1451414,0.0857448,0.1404696,0.2933818,0.3488468,0.2649224,0.146323,0.087578,0.0859526,0.2864232,0.3571256,0.2623072,0.1398626,0.0885424,0.1274174,0.310253,0.3385676,0.2538144,0.142423,0.0897546,0.131423,0.3118566,0.3355896,0.1458098,0.1427212,0.0872118,0.097488,0.2795744,0.3448992,0.3456468,0.239909,0.1443244,0.0902172,0.124056,0.2860608
0.3105956,0.2624704,0.1391026,0.088233,0.1429086,0.3134784,0.3439344,0.2468676,0.139052,0.0918244,0.1275378,0.3174492,0.3543374,0.2636942,0.1461156,0.0884652,0.1353302,0.3033942,0.3711032,0.2662222,0.0843087,0.0837018,0.13254,0.2824246,0.3352644,0.2752582,0.1410442,0.0901966,0.1398902,0.2964606,0.3538578,0.2628786,0.1403412,0.092657,0.1441614,0.3061114,0.3330494,0.2620714,0.1413884,0.0886176,0.1167404,0.3149406,0.3352056,0.2661278,0.1414756,0.0947624,0.1170898,0.3063742,0.3541236,0.241911,0.1397264,0.0892976,0.1429274,0.3151134,0.3400426,0.2528888,0.1408192,0.0894364,0.1477268,0.2757814,0.3722092,0.2612147,0.1456768,0.0915384,0.1482086,0.2969444,0.3639648,0.1735301,0.1557314,0.1365336,0.0863048,0.143223,0.2841134,0.3601634,0.2577704,0.1421214,0.089656,0.0861516,0.2821156,0.3551988,0.2830386,0.1411,0.0864614,0.1292914,0.308479,0.3209928,0.2627714,0.144154,0.0921304,0.1354156,0.3086076,0.3459858,0.2539034,0.1410496,0.0881938,0.1124382,0.307567,0.3298792,0.2630988,0.1356956,0.0885678,0.1196772,0.2741184,0.3360606,0.2443552,0.139952,0.0827696,0.144558,0.3065488,0.325166,0.2530058,0.135773,0.082646,0.14421,0.3140206,0.3604304,0.2855434,0.1448422,0.0870276,0.1000471,0.307299,0.3216448,0.2584722,0.143333,0.0876278,0.1419834,0.2800554,0.3444652,0.2594804,0.1448574,0.0910772,0.1346646,0.3047926,0.3620052,0.238809,0.1438132,0.0878424,0.1469698,0.3060864,0.3602688,0.2639624,0.144433,0.0855824,0.1240602,0.2897504,0.360708,0.1914631,0.1446768,0.0852054,0.1399142,0.294885,0.3503116,0.2647722,0.1446534,0.0874908,0.084202,0.2893776,0.3562584,0.2598886,0.1365692,0.0887016,0.126926,0.3071128,0.3421362,0.2533718,0.1434406,0.0904254,0.1452038,0.3118334,0.3419926,0.1864871,0.1427458,0.088428,0.0979128,0.2800802,0.3442916,0.346541,0.239232,0.1413794,0.0908314,0.1269916,0.2853932
0.311674,0.2630918,0.1395926,0.0892326,0.1413286,0.3136604,0.3458408,0.2456142,0.1402262,0.0916106,0.1279182,0.3140314,0.3577042,0.26045,0.14397,0.0875572,0.1350408,0.3022114,0.372161,0.2643306,0.1130606,0.0832278,0.1328934,0.2842012,0.3312092,0.2771492,0.1418882,0.0919576,0.1398924,0.2958452,0.3539116,0.2620166,0.1388532,0.0923124,0.1454914,0.3089842,0.3331886,0.2585138,0.1414686,0.088565,0.1188342,0.3200654,0.332173,0.2672072,0.1435798,0.0945568,0.116258,0.3076502,0.3591286,0.2402288,0.1375548,0.0891092,0.1418294,0.3158768,0.344177,0.2533822,0.1414588,0.0903618,0.1458028,0.2738454,0.3727876,0.2615611,-0.007372,0.0918112,0.1470474,0.2982958,0.3647918,0.1893326,0.1887942,0.1383466,0.084607,0.143952,0.2792948,0.3623968,0.2559306,0.1415824,0.0896418,0.0869694,0.2839382,0.353709,0.2827752,0.1415738,0.0856546,0.1290498,0.3047568,0.3236802,0.2615896,0.1444094,0.0917292,0.1369116,0.31411,0.3445994,0.2525276,0.14056,0.0889286,0.1126538,0.3059624,0.330857,0.2623772,0.1366716,0.0874396,0.1212692,0.274467,0.3363654,0.2437048,0.142054,0.0825024,0.1447682,0.309151,0.3228678,0.2540436,0.1362918,0.0799122,0.1445366,0.310977,0.3568,0.2854762,0.1429654,0.0868046,0.0994041,0.3082286,0.3238806,0.2582714,0.1426004,0.0875184,0.146351,0.2813004,0.3430934,0.258042,0.1450048,0.0910998,0.1335638,0.30595,0.3574336,0.2442694,0.1443404,0.087524,0.147327,0.3062522,0.3607042,0.263715,0.1444164,0.0844372,0.1251192,0.2883262,0.3645564,0.2285903,0.1457704,0.0864006,0.1417402,0.2944864,0.3512462,0.264279,0.1437816,0.0887688,0.0845214,0.282513,0.3537886,0.2610762,0.135999,0.0884566,0.125064,0.307967,0.3426556,0.1282158,0.142874,0.090298,0.1467146,0.3116942,0.341693,0.2032313,0.1416,0.0870006,0.1008474,0.2799166,0.3470918,0.3462786,0.2353102,0.1429712,0.090739,0.1259542,0.284101
0.3172718,0.262456,0.1401728,0.0892196,0.1433022,0.315316,0.345505,0.244393,0.1397266,0.0906244,0.1257454,0.3169894,0.3575096,0.2572592,0.1452676,0.0880348,0.1346882,0.304286,0.371889,0.2636334,0.113717,0.085033,0.1323482,0.2824582,0.3293814,0.274,0.140352,0.0910648,0.1424886,0.2965194,0.3561488,0.2595786,0.1387716,0.0931068,0.1474874,0.309848,0.3327054,0.2606932,0.1414812,0.0885878,0.1178258,0.3204724,0.3350534,0.2649526,0.1434802,0.0951466,0.1471356,0.3080584,0.3590378,0.2379938,0.1388354,0.0873584,0.1436456,0.3153286,0.3452632,0.157419,0.14289,0.0888984,0.1470944,0.2730014,0.3679682,0.2613353,0.0405235,0.0918806,0.1485696,0.3007166,0.3644716,0.2257134,0.1998113,0.1390244,0.0844384,0.1431544,0.2812856,0.3627634,0.256584,0.1443994,0.0894408,0.0834214,0.2814798,0.3542792,0.2831458,0.1411574,0.085781,0.1264254,0.3073496,0.3227314,0.2588686,0.144491,0.0919646,0.1374366,0.3103418,0.3452034,0.2476856,0.1421558,0.0877768,0.1129494,0.3074698,0.3280632,0.2592278,0.1366788,0.0874304,0.1215518,0.2763462,0.3375622,0.2437436,0.1403938,0.0814256,0.1449638,0.3076772,0.3231202,0.1391061,0.1368682,0.0802088,0.1437512,0.3127484,0.358851,0.2812112,0.1458438,0.0879584,0.1023293,0.309341,0.3234866,0.2550882,0.141684,0.0880022,0.144911,0.2812792,0.3418602,0.2564524,0.1465056,0.0908286,0.134257,0.3062256,0.355478,0.2404728,0.1423342,0.0878198,0.1480276,0.309656,0.359019,0.2638134,0.1449898,0.0851608,0.1246014,0.2900522,0.366706,0.2319053,0.1453576,0.0855056,0.1409796,0.2943128,0.3539566,0.2645388,0.1466854,0.0894182,0.0807202,0.280767,0.353291,0.2578744,0.1353054,0.088937,0.1266676,0.3097216,0.3389586,0.1745178,0.1411044,0.090055,0.1477258,0.3132062,0.337498,0.2096041,0.142914,0.0854292,0.0992096,0.2811684,0.3509882,0.345851,0.2329136,0.1432972,0.0898732,0.1263358,0.2815574
0.3183072,0.2627568,0.0421942,0.0887806,0.1423706,0.314069,0.3466572,0.2440724,0.1412728,0.0916244,0.1220048,0.3163694,0.3563994,0.2550436,0.1451286,0.088522,0.1368508,0.3057756,0.370701,0.2626384,0.1428296,0.0839652,0.1341118,0.2819224,0.3327964,0.270213,0.1404714,0.0913942,0.1425122,0.2989336,0.3566046,0.258197,0.1384948,0.0933654,0.1459734,0.3080734,0.334411,0.2597964,0.139398,0.0879804,0.1146376,0.3193228,0.3332956,0.2632784,0.1415636,0.0947452,0.1505508,0.3063052,0.356154,0.2398256,0.1400494,0.0874988,0.1400862,0.3167858,0.3401424,0.2066122,0.1416346,0.0881764,0.1464982,0.275245,0.3698276,0.2588309,0.0978298,0.0913872,0.1486974,0.3017464,0.3613772,0.2258926,0.2266886,0.1363276,0.0864562,0.139787,0.2846286,0.3622168,0.2553198,0.1414822,0.089673,0.085336,0.280053,0.3557154,0.2819442,0.1408654,0.0863392,0.12556,0.308572,0.3237382,0.2578588,0.1453822,0.0927744,0.1351258,0.3086906,0.3445284,0.2502852,0.1401692,0.085984,0.1179098,0.3077214,0.3276994,0.2576938,0.1347804,0.088953,0.1213742,0.2764652,0.33762,0.2422754,0.1414014,0.0821576,0.1439062,0.3032304,0.3235994,0.1534565,0.1372576,0.0797732,0.1440874,0.31211,0.3609596,0.281493,0.1459326,0.0884016,0.1009413,0.3064172,0.3235004,0.2569756,0.144738,0.087485,0.141301,0.2835512,0.3410598,0.2539316,0.142895,0.0918454,0.1378018,0.303769,0.3513378,0.240669,0.1425376,0.0884158,0.1474328,0.3081382,0.3592656,0.2611984,0.144375,0.0859162,0.1233784,0.2906662,0.3665704,0.26027,0.145188,0.0866402,0.1409686,0.2951394,0.3547236,0.2640058,0.1462092,0.088207,0.084801,0.2789126,0.3525606,0.261569,0.1357782,0.088101,0.1239566,0.3102842,0.3381152,0.1969275,0.1420766,0.0900326,0.1462796,0.3083488,0.33983,0.2131021,0.1440252,0.0844352,0.1111993,0.2810398,0.3532772,0.3444578,0.2320366,0.1464002,0.089492,0.1280442,0.2823464
0.3205936,0.2618268,0.0740884,0.088368,0.1442106,0.3123482,0.345428,0.2423716,0.1410936,0.089958,0.1263088,0.3194876,0.3549388,0.2508186,0.1000923,0.0875986,0.1379576,0.302377,0.3683338,0.2628846,0.1431878,0.0847856,0.1353788,0.2824004,0.3351994,0.2707664,0.1409706,0.0923014,0.1452844,0.299025,0.3552296,0.257669,0.1393516,0.0928108,0.145818,0.3062668,0.3336354,0.2582982,0.1407346,0.0885156,0.1136642,0.319864,0.3353912,0.1554608,0.1422848,0.0949228,0.1499048,0.308503,0.3548036,0.2353088,0.1388356,0.0879898,0.1406288,0.3183166,0.3405304,0.2324597,0.1415516,0.088902,0.1465724,0.2753092,0.3683176,0.2614268,0.098864,0.0904884,0.1486026,0.3014004,0.3584962,0.2359607,0.2292648,0.1368198,0.0863968,0.1403564,0.2872646,0.3620194,0.2547796,0.1399936,0.0892238,0.0788222,0.2796954,0.3565496,0.2797134,0.1427982,0.0869252,0.1275342,0.3069168,0.3248324,0.2571916,0.1456116,0.0922914,0.132446,0.307563,0.3442784,0.2513326,0.1397994,0.0236566,0.1224208,0.3041874,0.328173,0.2580038,0.1363846,0.0896708,0.1248794,0.2766538,0.3389564,0.1564154,0.1418902,0.0825054,0.1446746,0.3086078,0.3276136,0.2013974,0.136636,0.0807166,0.1443634,0.3146056,0.358575,0.2814632,0.1433656,0.088204,0.1014781,0.3072562,0.3230716,0.2559926,0.1438528,0.086896,0.1428886,0.28443,0.3409192,0.2531278,0.1443488,0.0908632,0.138698,0.302779,0.3510384,0.2424174,0.1406908,0.0895424,0.1474462,0.3092284,0.3614514,0.258064,0.1420804,0.0850644,0.1246992,0.288992,0.363191,0.2617222,0.144942,0.086471,0.140426,0.295699,0.3540956,0.261254,0.1425332,0.0876464,0.0874928,0.2789306,0.351159,0.2610244,0.1358626,0.0880836,0.1223892,0.3126126,0.3388596,0.1983457,0.143061,0.0896362,0.146953,0.3062588,0.3418698,0.2295931,0.1443992,0.0855206,0.1127889,0.2843688,0.3546314,0.3439682,0.2331102,0.1470944,0.0895964,0.128514,0.2830476
0.3217958,0.257889,0.1354132,0.0887928,0.1437448,0.3118958,0.3467538,0.2452854,0.140931,0.0903178,0.1228484,0.3196552,0.3534808,0.2505218,0.1334725,0.0869676,0.1366052,0.3046116,0.3674996,0.2633018,0.1440228,0.0847926,0.137663,0.2856762,0.338947,0.271201,0.1424246,0.0926086,0.1441306,0.3011362,0.351464,0.2546712,0.140173,0.0940264,0.1480142,0.3056922,0.3326744,0.2555674,0.1416216,0.0875342,0.1158734,0.3153962,0.3340744,0.166226,0.1426856,0.0955418,0.149675,0.3107778,0.3510672,0.2336842,0.1397328,0.0893602,0.1409014,0.3195634,0.3424724,0.2350179,0.1409952,0.0892422,0.1476334,0.275558,0.3665836,0.2636822,0.100617,0.0905868,0.1482348,0.2972862,0.3550036,0.2395774,0.2485814,0.1382436,0.0853362,0.1413472,0.2841252,0.3671768,0.2517304,0.139601,0.0893246,0.0829688,0.284686,0.3580598,0.2780982,0.1421752,0.0856906,0.1259914,0.3077964,0.3262784,0.2587792,0.1437824,0.0916014,0.1330406,0.3084328,0.3413312,0.2516582,0.1412616,0.0422116,0.123087,0.3068546,0.324696,0.2555744,0.1369184,0.0893252,0.1239198,0.2708174,0.3424964,0.1752978,0.1432622,0.0828094,0.1445394,0.3060336,0.3246106,0.205634,0.1352506,0.0819988,0.143109,0.3165406,0.3606578,0.2800366,0.1432796,0.0876244,0.0999948,0.3053448,0.3235578,0.2571528,0.1443284,0.0874006,0.1438362,0.2827812,0.342235,0.2520114,0.1431672,0.091214,0.1378446,0.3033038,0.3559552,0.2414428,0.1400912,0.0896644,0.147141,0.310333,0.358356,0.2569238,0.1452102,0.0839398,0.1213508,0.2860698,0.3602496,0.2641188,0.147134,0.0865866,0.1401258,0.2967162,0.3549864,0.2627352,0.1412828,0.0881978,0.0912854,0.2787664,0.3531492,0.2597756,0.1368068,0.0882096,0.1238312,0.3106334,0.3359392,0.2004819,0.1425582,0.0887008,0.1485608,0.3078618,0.340156,0.2364879,0.1448672,0.0866234,0.1129921,0.2828968,0.354212,0.3465422,0.232148,0.1458082,0.0885098,0.1276742,0.2823336
0.3199586,0.2578722,0.1382324,0.0896086,0.1436082,0.314241,0.3479482,0.2441054,0.1401454,0.091084,0.1230472,0.3206456,0.3503768,0.2479832,0.1440192,0.08553,0.1378032,0.3040338,0.3663444,0.2617252,0.1463978,0.084392,0.134814,0.2887332,0.3394298,0.2703222,0.1428324,0.0900704,0.1435686,0.2989664,0.348034,0.2522702,0.141983,0.094695,0.1471496,0.3095848,0.3343312,0.2582276,0.1416964,0.0877708,0.1168994,0.3182246,0.3321148,0.1780477,0.144191,0.0946964,0.1490948,0.30864,0.350789,0.2311522,0.1398848,0.0895654,0.139119,0.3208524,0.343067,0.232287,0.1402496,0.089305,0.1476404,0.2737694,0.3644616,0.2618226,0.1338198,0.0902816,0.1498108,0.297191,0.3523772,0.245861,0.2521632,0.136849,0.0870386,0.1396988,0.2841554,0.3664184,0.2510134,0.1394992,0.090782,0.0780382,0.2825862,0.3585278,0.2775002,0.1442858,0.0862472,0.1277284,0.3071168,0.3256586,0.257858,0.1444624,0.090844,0.1345102,0.3106624,0.3420718,0.2491608,0.1409858,0.0506047,0.122775,0.3040568,0.3262764,0.2565358,0.1369506,0.0885182,0.124369,0.2731334,0.3410424,0.221129,0.143411,0.0829142,0.1427654,0.3042922,0.3258044,0.2236224,0.1358858,0.0818434,0.1416414,0.314555,0.3572824,0.2793486,0.0706708,0.0875046,0.103463,0.3049834,0.3230504,0.2550996,0.1429316,0.087029,0.1427396,0.2826754,0.3427754,0.1233076,0.1433128,0.090319,0.1374024,0.301874,0.3642274,0.2419984,0.139917,0.088899,0.1463298,0.305158,0.3593464,0.2557054,0.1445144,0.0843662,0.1214808,0.286771,0.3584336,0.2638916,0.1479648,0.087427,0.140011,0.29379,0.353969,0.2645114,0.1433334,0.0882424,0.0890398,0.2815478,0.3522612,0.2612138,0.136145,0.0891566,0.1206738,0.310491,0.3353762,0.2133031,0.1435546,0.0899292,0.1485106,0.3083924,0.3373838,0.2375156,0.1456704,0.0877234,0.1138233,0.2819602,0.351492,0.3463074,0.234435,0.1457878,0.0891736,0.1259388,0.2799054
0.3217586,0.2550886,0.1403682,0.0895754,0.1449902,0.311035,0.3469228,0.2421448,0.1396136,0.0903652,0.1229218,0.3221516,0.3517124,0.247722,0.1470674,0.085623,0.1374782,0.2991706,0.3676868,0.2575196,0.1480048,0.0838008,0.1340268,0.284213,0.3346502,0.2709144,0.1427784,0.0904916,0.142579,0.3050908,0.3456094,0.2520546,0.1444262,0.0940088,0.1459968,0.3106744,0.335061,0.2555986,0.1435462,0.0877716,0.1176546,0.3169572,0.334081,0.1960006,0.1431588,0.0948074,0.1497728,0.3064956,0.351828,0.2318374,0.1394956,0.089861,0.1411806,0.3155496,0.34602,0.247671,0.1394342,0.0895192,0.1461942,0.2754488,0.3657902,0.2632838,0.1351514,0.0902788,0.1476464,0.2979642,0.355158,0.2433804,0.252126,0.137072,0.0879124,0.1426492,0.2823156,0.3714824,0.2503746,0.1416448,0.0918062,0.0798496,0.285784,0.357804,0.2785546,0.1448428,0.0864676,0.1269872,0.3070064,0.3241824,0.2581452,0.144284,0.0907242,0.1317594,0.309886,0.3400986,0.2460196,0.142388,0.0553478,0.1235834,0.3064594,0.322952,0.2556602,0.1358622,0.0883284,0.1254348,0.274489,0.3417506,0.2303636,0.1405444,0.0815036,0.1443612,0.3036874,0.325858,0.2288546,0.135784,0.0827382,0.1428064,0.3146272,0.3558848,0.2802542,0.1343184,0.0866718,0.1047552,0.3075708,0.3244736,0.2581322,0.141338,0.0868564,0.1421084,0.2821988,0.3461008,0.1778564,0.144569,0.0896966,0.1335702,0.3028792,0.3611534,0.2441552,0.1409132,0.0884578,0.1443948,0.3034346,0.364903,0.2575498,0.1449824,0.0833824,0.1230042,0.2882262,0.3546928,0.2724422,0.147001,0.0867106,0.1427122,0.2946682,0.3563132,0.2641728,0.1447114,0.0881476,0.0878022,0.283224,0.349486,0.26103,0.1363256,0.087947,0.119362,0.3146816,0.3368928,0.2274125,0.1422336,0.0902742,0.1463358,0.3113948,0.3343796,0.2513278,0.143611,0.0869444,0.1144628,0.2804782,0.3511334,0.346134,0.2327278,0.1430438,0.0893516,0.1262042,0.2831658
0.3193504,0.256043,0.1440032,0.0904702,0.1453892,0.3106012,0.3468254,0.1517225,0.1383356,0.090255,0.1248594,0.3220822,0.3534982,0.249226,0.149237,0.0848918,0.1374844,0.3031998,0.3636962,0.2577588,0.1489936,0.0843716,0.136555,0.2835624,0.3340166,0.270925,0.141545,0.090922,0.1435862,0.3030418,0.342508,0.1202686,0.0657312,0.0931964,0.143674,0.3078244,0.3377942,0.2555264,0.142741,0.0879734,0.1171896,0.313813,0.3311344,0.2127664,0.1446898,0.094654,0.1495342,0.3060706,0.3486274,0.230496,0.1389744,0.090887,0.1397358,0.318566,0.3484668,0.254929,0.1405714,0.088727,0.1441782,0.2701856,0.3643858,0.259854,0.1336832,0.0888974,0.1479308,0.2970986,0.3574476,0.2459494,0.2557086,0.1380112,0.0871408,0.1420408,0.2841854,0.3706582,0.249398,0.1427494,0.0915464,0.074272,0.2830966,0.3578658,0.276972,0.0899792,0.08577,0.1273856,0.3078506,0.3234616,0.2555326,0.0637342,0.0914384,0.1307916,0.307227,0.3405308,0.0971156,0.1401216,0.0520974,0.122945,0.3076016,0.322267,0.2527864,0.1364036,0.0875796,0.1254596,0.2755538,0.3431918,0.2285076,0.140857,0.0813366,0.1452098,0.3030172,0.3253716,0.265152,0.1348468,0.0838776,0.1425424,0.3078016,0.3574846,0.2782252,0.135402,0.087433,0.1006498,0.305649,0.3263388,0.2569242,0.139905,0.08646,0.1413134,0.28385,0.3455582,0.2011012,0.1437814,0.088306,0.1354412,0.2991354,0.3581692,0.2472896,0.140917,0.0889794,0.1463608,0.3054706,0.3614492,0.2542706,0.145532,0.0825062,0.1266988,0.2879688,0.3534172,0.2736688,0.1481828,0.0882354,0.1411538,0.294315,0.3579336,0.2616124,0.1449024,0.089021,0.0853574,0.2809462,0.349714,0.1811965,0.1360986,0.0875958,0.1205694,0.3136706,0.3327352,0.2276559,0.1432156,0.0896844,0.1489118,0.3123086,0.3378582,0.2552108,0.1437762,0.086228,0.1243572,0.2796008,0.3481288,0.3466574,0.2323826,0.1442562,0.088823,0.1274518,0.2826832
0.3177366,0.2574342,0.1449022,0.0907626,0.145422,0.3111618,0.3474798,0.1878819,0.1362244,0.0909202,0.1315748,0.320015,0.3525258,0.2466544,0.1503692,0.0851078,0.1379684,0.304188,0.365187,0.2564512,0.1499536,0.0832446,0.1399722,0.2852546,0.33636,0.271403,0.1437298,0.0923272,0.1422564,0.2983666,0.3429712,0.1654134,0.094703,0.09501,0.1466226,0.3084744,0.333533,0.25571,0.1430008,0.088323,0.1179076,0.3150232,0.3294492,0.2386688,0.145411,0.0941756,0.1503268,0.3078048,0.3499766,0.228093,0.13927,0.0912724,0.1393928,0.3151546,0.3459216,0.2599522,0.1406852,0.088077,0.1469254,0.2728224,0.3621084,0.263832,0.1443736,0.0903266,0.1478928,0.2941174,0.3533128,0.248914,0.253088,0.1361488,0.0875164,0.1433576,0.2829118,0.3705112,0.2491836,0.141995,0.0913298,0.077459,0.2809424,0.3561704,0.2762594,0.1301236,0.0874642,0.1254468,0.3103764,0.323328,0.1064041,0.1267192,0.0919396,0.1321646,0.3070394,0.3384336,0.1646928,0.1380844,0.0582632,0.1263228,0.3097152,0.323568,0.2545514,0.059901,0.0868304,0.1277242,0.2802806,0.3438742,0.2266782,0.1396404,0.081558,0.1455682,0.3035966,0.3249888,0.2667768,0.1358066,0.0823322,0.1427656,0.3063864,0.357415,0.2763572,0.1364752,0.0877418,0.101795,0.304698,0.3276504,0.2564412,0.1400252,-0.0654798,0.144122,0.2810304,0.347687,0.2132392,0.1449512,0.0893344,0.1359372,0.2997456,0.2339398,0.2446234,0.1426008,0.0889464,0.1478402,0.304086,0.3629712,0.254283,0.1443788,0.0821402,0.1269438,0.2871976,0.356238,0.2748572,0.1470954,0.0884132,0.1397828,0.2926986,0.3590306,0.259703,0.145245,0.088682,0.0850164,0.2819462,0.356779,0.2080032,0.137768,0.0882044,0.1216956,0.3145604,0.3352716,0.2251132,0.1456868,0.0884994,0.1479224,0.3115758,0.3378706,0.2533512,0.1449294,0.0861656,0.123258,0.2794804,0.3468336,0.3455748,0.2293996,0.1433992,0.0889128,0.1276406,0.2838282
0.3176392,0.1313552,0.1443032,-0.0241012,0.1462392,0.3128048,0.3492136,0.1920352,0.1356084,0.089885,0.1335988,0.3170982,0.3526904,0.2491314,0.1487328,0.0845502,0.1369984,0.3015918,0.3644952,0.2563474,0.1491142,0.0838696,0.1400966,0.2822816,0.3370002,0.2723046,0.1459934,0.0911158,0.1435208,0.301125,0.3471894,0.1727602,0.1106012,0.0956304,0.147017,0.3103568,0.3341756,0.2558646,0.1442256,0.089863,0.1193258,0.3154042,0.3285578,0.2539164,0.1455212,0.0955618,0.1492364,0.3103726,0.3513582,0.2299722,0.1102388,0.0910906,0.14268,0.3130936,0.3454192,0.2605744,0.1415336,0.0880078,0.146935,0.273936,0.3614722,0.2656874,0.1445066,0.0912466,0.1483908,0.298269,0.3538864,0.246214,0.256166,0.137356,0.086795,0.142056,0.2858822,0.3660506,0.2491926,0.143654,0.0913892,0.0766012,0.2826536,0.3542224,0.275414,0.1433836,0.0863642,0.1232294,0.3099468,0.3232816,0.1336992,0.1322112,0.0914082,0.1340622,0.3082448,0.3387744,0.1843898,0.138305,0.0644574,0.1259964,0.3118812,0.325392,0.2502112,0.1101584,0.0876606,0.1260108,0.2778878,0.3448622,0.231636,0.1396564,0.0816258,0.1458224,0.307937,0.3249974,0.2686884,0.1362248,0.0816692,0.1433274,0.3090274,0.3570398,0.271305,0.146455,0.0879306,0.0994312,0.3063974,0.328568,0.2532502,0.1421078,0.0224851,0.1418384,0.2794026,0.3456318,0.2199136,0.1468224,0.0897674,0.1385628,0.297465,0.2667034,0.2453098,0.1429452,0.0906398,0.1452084,0.3097444,0.3615614,0.2535622,0.1417908,0.084607,0.1254134,0.2838052,0.3592788,0.2730436,0.1473836,0.0879292,0.140434,0.2940452,0.360026,0.2580022,0.14415,0.0889308,0.0843892,0.2810324,0.3535306,0.228817,0.1364394,0.0870848,0.1241714,0.3129288,0.3323756,0.2362681,0.1458642,0.0882824,0.1468126,0.310847,0.3432664,0.2527235,0.1433966,0.0873884,0.1214572,0.2845104,0.345094,0.3429792,0.233016,0.141283,0.0894822,0.1279196,0.286749
0.3175108,0.1619272,0.147334,0.0280208,0.144727,0.3145866,0.3462292,0.2228796,0.1359196,0.0900728,0.133139,0.3151028,0.3531914,0.24814,0.1489114,0.084394,0.1368816,0.3057924,0.364701,0.25594,0.1488308,0.0851878,0.139509,0.283198,0.332587,0.2718348,0.1450302,0.0906496,0.143296,0.3006222,0.34671,0.2011778,0.110909,0.0942488,0.1460188,0.3085536,0.333866,0.2527584,0.1431552,0.0903366,0.1192754,0.320513,0.3288098,0.2569234,0.1444448,0.0964464,0.1496672,0.3119814,0.3533704,0.230609,0.1234728,0.0914654,0.143283,0.3088216,0.3438648,0.2586036,0.1409738,0.0884366,0.147539,0.2727492,0.3588658,0.263999,0.144885,0.0912492,0.1477332,0.2969352,0.3581742,0.2499052,0.2550838,0.1380444,0.0876058,0.142436,0.2871164,0.364921,0.2487684,0.142941,0.0914398,0.0774778,0.2818524,0.3577334,0.2765734,0.1458044,0.085888,0.123274,0.3109012,0.3256814,0.1636002,0.147162,0.091924,0.1345794,0.307411,0.3371614,0.1986417,0.1392808,0.0643414,0.1238626,0.3109986,0.3290438,0.1388054,0.1400994,0.087892,0.1236332,0.2786688,0.3435676,0.2312942,0.1406218,0.083179,0.145545,0.3056876,0.3269284,0.2687572,0.1358964,0.0807938,0.1450432,0.3108474,0.3526318,0.2709482,0.1465764,0.0887018,0.0983456,0.3074522,0.3283894,0.1950946,0.1441838,0.0391758,0.1417076,0.281761,0.3437694,0.2261004,0.146752,0.088972,0.1383474,0.2961134,0.3170258,0.2418788,0.1436924,0.0899948,0.1476114,0.308257,0.3592372,0.2519366,0.1412558,0.0830634,0.1245326,0.2871306,0.3593264,0.271194,0.146022,0.0871968,0.14049,0.2937568,0.3559292,0.2561214,0.0546263,0.0890722,0.081516,0.2839624,0.3496874,0.2338328,0.1374834,0.0878278,0.119225,0.3115718,0.3335202,0.245109,0.1470948,0.0878446,0.1457274,0.311331,0.341892,0.2603437,0.1447544,0.087799,0.1216308,0.2815764,0.3494556,0.343919,0.0739079,0.142538,0.0894838,0.127429,0.2874612
0.3191472,0.188848,0.1475152,0.043179,0.1445184,0.3123152,0.3481742,0.2245258,0.135104,0.0910344,0.1341274,0.3144922,0.3508246,0.2485934,0.1488936,0.0842768,0.1345636,0.3053716,0.362687,0.2541172,0.1496902,0.0847854,0.1401584,0.2816704,0.3360458,0.2714592,0.143947,0.092111,0.143458,0.2985198,0.2587961,0.2316232,0.1165284,0.0938814,0.1468972,0.3090306,0.3367194,0.2507686,0.1438438,0.0892026,0.118947,0.3174786,0.3330256,0.2685626,0.1442452,0.0956868,0.1482868,0.3145492,0.3538628,0.2332908,0.136192,0.0916022,0.1417728,0.3120466,0.3444864,0.2614618,0.141177,0.0111556,0.1458696,0.2732356,0.35998,0.2605928,0.1448914,0.0904826,0.1483664,0.2967064,0.3579926,0.252124,0.2571666,0.138637,0.0877706,0.1400808,0.2851648,0.366153,0.2443164,0.1451026,0.090384,0.0780978,0.2829606,0.354776,0.2760444,0.1459848,0.0868448,0.1241848,0.3074328,0.329479,0.2182292,0.1465186,0.0924638,0.1321066,0.308,0.3368672,0.2045661,0.1397544,0.0641642,0.1213166,0.3097068,0.3268646,0.1413342,0.1408276,0.0886648,0.1244318,0.2764924,0.3445586,0.2532512,0.1385238,0.0836644,0.1452968,0.3042608,0.3242356,0.269213,0.1348416,0.0826204,0.1432896,0.3124478,0.3532822,0.270189,0.1469486,0.0891958,0.0998016,0.307226,0.3295442,0.2080844,0.1442026,0.047282,0.1412054,0.2814704,0.3457462,0.242432,0.1466292,0.089129,0.1401076,0.2997074,0.3487278,0.243912,0.1431678,0.0894368,0.1491846,0.311102,0.3617862,0.248848,0.1422324,0.0852176,0.1245926,0.2886384,0.3550418,0.2698942,0.1468038,0.0865846,0.137405,0.2933802,0.357223,0.2542926,0.0833331,0.0882958,0.0795128,0.280879,0.350328,0.2352834,0.13753,0.0883432,0.119572,0.3102862,0.337923,0.2393424,0.1479856,0.0874364,0.1460858,0.3066298,0.3407156,0.2684462,0.1443044,0.0884292,0.1348288,0.282982,0.3488148,0.3447064,0.1031057,0.1423676,0.0898564,0.1280832,0.2893732
0.3172516,0.2094256,0.1471634,0.0571396,0.1442978,0.3127522,0.3468238,0.2299108,0.0255718,0.0919358,0.1334608,0.3152444,0.3475096,0.248031,0.147344,0.085061,0.13686,0.3035424,0.3663884,0.2545578,0.1480872,0.0835906,0.1402538,0.2853176,0.337636,0.2714536,0.1438808,0.0917964,0.1425524,0.306395,0.3061172,0.249389,0.1203412,0.0947462,0.1472522,0.3099768,0.3371186,0.2480338,0.1449596,0.088175,0.119507,0.3128714,0.3308898,0.2694934,0.1425122,0.0964288,0.1503522,0.313132,0.354129,0.2334434,0.1354858,0.0921534,0.1442998,0.313251,0.3434422,0.2621082,0.140138,0.063247,0.1464502,0.2705426,0.3560296,0.2591456,0.1447788,0.0899012,0.1495808,0.29588,0.3541674,0.253952,0.255228,0.1396802,0.0885396,0.1386606,0.2807226,0.3680214,0.1504346,0.1463768,0.0910024,0.0779472,0.281374,0.3588758,0.277671,0.1437016,0.0875204,0.1248496,0.307599,0.3275734,0.2317838,0.1478952,0.0922106,0.1340332,0.3067728,0.3378278,0.2137022,0.1392816,0.0621704,0.1216512,0.3101214,0.3243984,0.1809114,0.1421474,0.088283,0.127062,0.2764616,0.3422482,0.2511934,0.1398164,0.0832118,0.1463178,0.3087362,0.3233734,0.2689812,0.1357936,0.081868,0.1420518,0.3113488,0.351398,0.2685786,0.1478306,0.08902,0.098687,0.3069412,0.3269836,0.2156233,0.1441178,0.0624832,0.1407934,0.2833888,0.3494286,0.2415232,0.1476002,0.0900986,0.1384252,0.3034466,0.3677862,0.242141,0.1418072,0.0885802,0.1489234,0.3092994,0.357923,0.2479804,0.1404266,0.0851386,0.1248438,0.2860386,0.3567846,0.2719926,0.146052,0.0865776,0.1380136,0.2922804,0.3570266,0.255908,0.1361869,0.0885698,0.0795878,0.2776,0.3439234,0.2369926,0.1376788,0.0885602,0.1190128,0.3105756,0.3336796,0.2450226,0.1470262,0.0877086,0.1455636,0.3027728,0.3413572,0.2638342,0.145599,0.088431,0.136243,0.2798626,0.3525034,0.3460404,0.1259119,0.144063,0.0897404,0.128023,0.2918752
0.3166148,0.2465082,0.147468,0.0847678,0.1453966,0.3114478,0.3503842,0.2296694,0.1288114,0.0919342,0.1285538,0.3153922,0.3459514,0.246604,0.1485812,0.0871676,0.1370822,0.3029924,0.3645196,0.2534446,0.1483736,-0.1022958,0.1404108,0.2890446,0.336384,0.2724918,0.1453426,0.0901762,0.143775,0.3049816,0.3167496,0.25024,0.140442,0.0944028,0.1458886,0.3115162,0.3378178,0.247136,0.1461482,0.088119,0.120976,0.3137562,0.3303464,0.2683936,0.14588,0.0955108,0.1508534,0.3119526,0.3520168,0.2298502,0.1415512,0.0906772,0.1443382,0.3139946,0.3413086,0.2615354,0.1403338,0.0674664,0.1447042,0.2685678,0.3562746,0.2586314,0.144416,0.0910046,0.1470692,0.2973964,0.3532396,0.2549852,0.2526868,0.1392026,0.0882012,0.1387568,0.282382,0.3671766,0.1919126,0.1466528,0.091778,0.0784456,0.2790886,0.3598384,0.2775654,0.1453768,0.0879574,0.1239158,0.308654,0.324636,0.2471396,0.1489038,0.0911552,0.1355448,0.3048992,0.3376756,0.216757,0.1407172,0.0617018,0.121839,0.3065454,0.3243508,0.198617,0.141049,0.0875864,0.1265658,0.2788534,0.340631,0.2493832,0.1385488,0.0827832,0.1450564,0.3106296,0.3262054,0.2670884,0.1374662,0.0824476,0.1438228,0.308934,0.3494232,0.2688654,0.1473552,0.0889982,0.1023118,0.3086774,0.3272204,0.2513124,0.1471848,0.0630316,0.1410596,0.2844136,0.3473654,0.2428524,0.1464058,0.0902746,0.1361792,0.3031254,0.3692308,0.2388056,0.1422474,0.088226,0.1492596,0.3091362,0.358733,0.2496584,0.142472,0.0858908,0.1276644,0.2806972,0.3585696,0.2696408,0.1492438,0.0858846,0.1387332,0.2937548,0.3574432,0.2534718,0.1457336,0.0885944,0.0799014,0.2820996,0.3452444,0.2388972,0.1380202,0.089337,0.1164528,0.3110994,0.3360388,0.248263,0.1470402,0.0883834,0.1455244,0.3124288,0.3394962,0.2626282,0.1450066,0.0871502,0.1373766,0.2831544,0.3507412,0.344341,0.1462815,0.1443578,0.08908,0.1305134,0.2886542
0.311862,0.2530028,0.1465996,0.0861778,0.1435184,0.3104478,0.350537,0.2349366,0.1314032,0.0915822,0.1296866,0.3230712,0.3435418,0.2473462,0.1479878,0.087434,0.1368992,0.3027218,0.3637418,0.2516598,0.1463072,-0.0734954,0.1400296,0.2860042,0.3350936,0.2703702,0.1451556,0.0914484,0.1442228,0.305231,0.349546,0.2567284,0.1412516,0.093876,0.1462426,0.3110852,0.344166,0.2485992,0.0820096,0.0885196,0.1175952,0.317477,0.3262076,0.2719978,0.1471112,0.0953278,0.1500106,0.3121986,0.3497634,0.2261152,0.141587,0.090426,0.1436842,0.3161058,0.340077,0.2628438,0.1409004,0.0833426,0.146502,0.2727558,0.357396,0.259594,0.1447574,0.0913602,0.148479,0.2996684,0.3564798,0.2555898,0.2674032,0.1388576,0.0877728,0.1391488,0.281025,0.3684542,0.222934,0.1432888,0.0917328,0.0775386,0.2804744,0.3589372,0.2776182,0.1471736,0.087938,0.1256246,0.3044672,0.323547,0.247347,0.1492046,0.0926718,0.1378932,0.305252,0.3382438,0.21859,0.1398498,0.0789132,0.1227662,0.3092658,0.3267064,0.2301302,0.1415632,0.0875286,0.13106,0.2759432,0.3386052,0.253162,0.1396998,0.0821812,0.145006,0.3123538,0.3267134,0.2668648,0.1379566,0.0832342,0.1433516,0.3116268,0.3517576,0.2682364,0.1470882,0.0870468,0.1012476,0.3086132,0.3261444,0.2532146,0.1470778,0.0635324,0.1426578,0.282956,0.3451374,0.24177,0.145385,0.0913254,0.1358712,0.2990234,0.384454,0.239932,0.1426604,0.088671,0.1492166,0.3037372,0.3579764,0.2474596,0.1436872,0.0849702,0.125207,0.2821798,0.352885,0.2696544,0.075882,0.0857696,0.138194,0.2930674,0.360743,0.251386,0.1459802,0.0884094,0.0792528,0.283566,0.3510944,0.2695178,0.1370198,0.0892072,0.1174592,0.3100872,0.335621,0.2450902,0.1475424,0.0892608,0.148458,0.3105964,0.340574,0.2599558,0.146262,0.0870564,0.1355648,0.2804584,0.35357,0.3452842,0.2076182,0.1445348,0.0890346,0.1311192,0.2902106
0.310736,0.2601768,0.1471798,0.0866362,0.1424558,0.3087726,0.3498816,0.2417112,0.1333146,0.090612,0.1294816,0.3176272,0.3415524,0.2457064,0.1462176,0.0860336,0.137075,0.3035568,0.3659076,0.2529322,0.1488492,0.0064852,0.1409408,0.2864806,0.3340266,0.2692674,0.1435522,0.0913388,0.1441762,0.3058502,0.3689444,0.2604372,0.144549,0.0939058,0.1460784,0.311184,0.3446484,0.2483234,0.12811,0.0903204,0.117919,0.315462,0.323677,0.2722974,0.1446758,0.0944684,0.1470922,0.311271,0.3486178,0.2225684,0.1417932,0.090985,0.1425832,0.3144542,0.3406408,0.262182,0.1400606,0.095501,0.1473192,0.2704586,0.3564856,0.2588864,0.146445,0.0910326,0.1497348,0.3004622,0.3567934,0.2534442,0.2678932,0.1381168,0.0879464,0.1357556,0.2807534,0.3680458,0.240238,0.141783,0.0920878,0.0795408,0.2802292,0.3587148,0.2805718,0.1460504,0.088093,0.1271056,0.3046732,0.3254012,0.2494524,0.1480032,0.0926554,0.1416434,0.306777,0.3401002,0.2396366,0.1405186,0.0792812,0.125285,0.3079306,0.3291584,0.2332096,0.1406162,0.0882168,0.1285874,0.2780256,0.3414628,0.2503978,0.139724,0.0810438,0.1445124,0.3097926,0.3262548,0.2700086,0.1385846,0.0848562,0.142843,0.316371,0.3490254,0.2671242,0.147362,0.0875726,0.107483,0.311422,0.3264288,0.2546066,0.1470526,0.063035,0.1418858,0.278556,0.34155,0.2417516,0.1455174,0.0910134,0.1366262,0.3019694,0.383273,0.2369718,0.144059,0.0887522,0.1484154,0.304546,0.3570936,0.2480604,0.1434126,-0.0176206,0.1213996,0.286922,0.3469784,0.2672106,0.117457,0.0857598,0.138349,0.2959806,0.3653484,0.2512468,0.1460608,0.0882904,0.0840308,0.2821202,0.351946,0.267123,0.1378448,0.0889994,0.1158506,0.306959,0.3386338,0.2442764,0.1476826,0.0888102,0.1475376,0.3123446,0.3372966,0.2571448,0.1471176,0.0872012,0.135562,0.2854584,0.35617,0.3462108,0.2169808,0.1443704,0.0888676,0.1323636,0.2866464
0.309424,0.2625763,0.1471486,0.0874864,0.1409826,0.3095128,0.3502224,0.2409642,0.1358584,0.090233,0.1255514,0.3159416,0.3447122,0.2454724,0.1462362,0.0864868,0.1384536,0.304069,0.3640884,0.2545766,0.1467246,0.0275786,0.1406694,0.2862288,0.332839,0.2689438,0.1438806,0.091937,0.1427158,0.3057022,0.371813,0.2613802,0.1468432,0.0933964,0.146053,0.3121348,0.341856,0.2491342,0.1299438,0.0904442,0.118477,0.31275,0.3258996,0.27142,0.1445832,0.095635,0.1472996,0.311955,0.3476048,0.2219638,0.14116,0.090551,0.1411414,0.3177478,0.3463766,0.2598664,0.141315,0.0961432,0.1465918,0.2703146,0.3539092,0.2582164,0.1469362,0.0917868,0.1513406,0.3003624,0.3573382,0.2531154,0.264757,0.1380346,0.0873974,0.139081,0.2822382,0.3688022,0.2486778,0.0732468,0.090966,0.0788722,0.2812306,0.3590266,0.2779466,0.14588,0.0871204,0.1215096,0.3054532,0.3286418,0.2699455,0.1487148,0.0920588,0.1408236,0.307637,0.3416336,0.2376104,0.1406914,0.082429,0.1246648,0.3138736,0.3252038,0.2364926,0.1408872,0.0892758,0.1276068,0.2764188,0.339934,0.2505052,0.1385962,0.0825594,0.1443914,0.3091674,0.3258592,0.2654978,0.1392312,0.084099,0.1429894,0.3125678,0.3494038,0.2689506,0.1478836,0.0887512,0.106632,0.3088538,0.3286002,0.262917,0.1464256,0.0647768,0.1421146,0.2796284,0.3412912,0.2424712,0.1466414,0.0895886,0.135492,0.302485,0.384031,0.1910927,0.1434922,0.0895996,0.146032,0.2990852,0.3580282,0.247726,0.145642,0.0557692,0.120698,0.2903182,0.348206,0.2686384,0.1232522,0.0856764,0.1366124,0.2922616,0.361979,0.251017,0.1458632,0.0889936,0.0862466,0.2798092,0.3516304,0.266132,0.1365446,0.0891522,0.1199044,0.3071806,0.339565,0.2452868,0.1472412,0.0887862,0.1481726,0.3111572,0.3362778,0.2583168,0.147705,0.0877684,0.1374924,0.283607,0.3571662,0.3468472,0.2214492,0.1453578,0.0883646,0.1311148,0.288478
0.311355,0.2642608,0.1468196,0.087331,0.1426728,0.3137798,0.3501544,0.2584402,0.1372814,0.0909388,0.122763,0.3144992,0.345117,0.2434084,0.1459036,0.0865012,0.1409196,0.3038008,0.3656082,0.2540324,0.146029,0.033347,0.143511,0.285703,0.3324052,0.2634036,0.1438602,0.0917204,0.1432316,0.3073094,0.3695404,0.2599788,0.1479184,0.0945632,0.1472474,0.3130602,0.3386722,0.248775,0.1379468,0.089983,0.1169068,0.315989,0.33048,0.2690482,0.1419142,0.0955722,0.1479866,0.311835,0.3490112,0.2205388,0.1403988,0.0909566,0.1441052,0.320676,0.34334,0.2579764,0.1414214,0.0956474,0.1467696,0.272361,0.353203,0.2536468,0.146259,0.0913236,0.1485214,0.2994954,0.3561972,0.2531122,0.2646974,0.136318,0.0875168,0.1377516,0.2807732,0.3710828,0.2510222,0.1097208,0.0907348,0.0826718,0.2805722,0.3616184,0.2784296,0.1453624,0.0877502,0.121314,0.3063442,0.3275324,0.2710107,0.149287,0.0918268,0.1415312,0.3111094,0.3414562,0.2519278,0.1422478,0.0800108,0.113689,0.309262,0.3258346,0.2338344,0.140965,0.0896104,0.1314974,0.2772818,0.3410458,0.250165,0.14003,0.0834718,0.145968,0.3116016,0.3241418,0.2664064,0.1395136,0.085728,0.1449186,0.312511,0.353153,0.2668386,0.1496104,0.0894504,0.1015766,0.3072934,0.3288838,0.262984,0.1480026,0.0640366,0.1404752,0.2817694,0.3400228,0.241858,0.146357,0.090636,0.1373056,0.3015574,0.3818696,0.2174373,0.143742,0.089746,0.147307,0.3008586,0.3560472,0.2456232,0.1459716,0.062181,0.122531,0.288951,0.3453058,0.2663418,0.1485288,0.0859268,0.138624,0.2937536,0.3613838,0.2500946,0.1469624,0.089373,0.0873254,0.2839018,0.3504656,0.2746202,0.1356134,0.0890516,0.1196156,0.3083918,0.341888,0.246223,0.1475332,0.0891692,0.1488948,0.3108214,0.332314,0.2583588,0.146952,0.0875988,0.139189,0.2871318,0.3576656,0.3476578,0.2229952,0.1448234,0.0884576,0.1330078,0.2906276
0.3100472,0.2640104,0.1445666,0.0957336,0.1445748,0.3148786,0.3528182,0.2531572,0.139101,0.0907778,0.1222144,0.31196,0.3472232,0.2413994,0.14624,-0.0106689,0.1406754,0.3024532,0.3639042,0.2510704,0.147156,0.0527934,0.1440088,0.2893196,0.3336838,0.2619892,0.1427602,0.0919996,0.1442004,0.3063986,0.367398,0.2695468,0.1476274,0.094291,0.1470558,0.3094084,0.3405274,0.2494266,0.1455864,0.0897772,0.1170112,0.3141216,0.3307716,0.2711816,0.1423402,0.0954432,0.150196,0.3138832,0.346632,0.2198022,0.1394538,0.0909242,0.1433846,0.3163138,0.3410868,0.257637,0.139375,0.0963924,0.1443658,0.2713556,0.3487908,0.25359,0.1461392,0.0910008,0.1467068,0.3009006,0.360903,0.252212,0.2613998,0.1353726,0.088116,0.1387326,0.283781,0.3722498,0.2649062,0.1289444,0.0916742,0.089346,0.2804658,0.360314,0.27714,0.1468234,0.0884854,0.1222856,0.3062282,0.3259298,0.2667269,0.1486538,0.0921636,0.1409238,0.3086034,0.3424472,0.2512324,0.0812163,0.0792538,0.113719,0.3087442,0.3222404,0.2329994,0.142395,0.0882964,0.1331256,0.2795876,0.3426838,0.2517492,0.1395794,0.0848786,0.1458102,0.3149006,0.3263326,0.266382,0.1374688,0.0858642,0.1432078,0.312628,0.353757,0.2621938,0.1493474,0.0892064,0.0999526,0.3102484,0.3262424,0.2636772,0.1473046,0.0640174,0.1406652,0.279513,0.3410234,0.2434974,0.1473152,0.0904494,0.1365862,0.3021264,0.3809672,0.2325071,0.1415536,0.0888208,0.1466018,0.3040382,0.3530398,0.246422,0.0263289,0.0810374,0.1227478,0.2902146,0.3452218,0.2667156,0.1471078,0.0857582,0.1398188,0.2933226,0.361406,0.2483178,0.1461244,0.0872128,0.0883428,0.2832994,0.3511758,0.276152,0.1350572,0.089351,0.1237294,0.3087358,0.3410722,0.2470786,0.1459902,0.0900302,0.1491914,0.3125798,0.3335306,0.2586486,0.1477548,0.0873776,0.1364408,0.2873214,0.3539238,0.3486012,0.2231998,0.146138,0.0894194,0.1320348,0.286734
0.3064808,0.2659458,0.1438244,0.0954974,0.1456486,0.3145942,0.3506812,0.2537584,0.140958,0.0912766,0.11976,0.3186144,0.346116,0.2409204,0.1482992,0.050729,0.1391702,0.300352,0.361247,0.2516844,0.1470948,0.0536822,0.1428156,0.2860042,0.3347714,0.2629924,0.143202,0.0918944,0.1444414,0.3092694,0.365484,0.268382,0.1459718,0.0939362,0.1469352,0.3106416,0.3412326,0.247068,0.1456168,0.0894192,0.1138498,0.3151656,0.3298084,0.270097,0.142764,0.0957868,0.1497354,0.3107146,0.3460192,0.217518,0.1406292,0.090314,0.1444438,0.3179602,0.3396866,0.2580932,0.1385722,0.0961926,0.1459358,0.271239,0.3451942,0.2535634,0.1494248,0.091413,0.1469586,0.3010192,0.358025,0.251048,0.2636124,0.1350618,0.0875722,0.1378656,0.2847092,0.3699554,0.2663484,0.134965,0.091754,0.088812,0.279381,0.3595154,0.276046,0.1468744,0.0885864,0.123588,0.3076558,0.3245538,0.2731302,0.149671,0.0924322,0.1429166,0.3088106,0.3435862,0.254291,0.113458,0.0962108,0.1099818,0.3100988,0.3235124,0.2351084,0.1435876,0.0882312,0.133395,0.2818052,0.3413324,0.2511898,0.1392966,0.0849408,0.1434464,0.3096834,0.3271812,0.2595892,0.1387332,0.0853688,0.1433436,0.3116872,0.3515936,0.2619978,0.1506548,0.089583,0.1017632,0.308792,0.3247318,0.266231,0.1465466,0.0633298,0.1422374,0.2792602,0.3402806,0.2448412,0.1458128,0.089045,0.1370272,0.2997638,0.3780148,0.2460056,0.1425516,0.088273,0.1473984,0.3054448,0.352859,0.2465004,0.1032893,0.0841476,0.1189634,0.289062,0.3478118,0.2637874,0.147081,0.0863718,0.1410906,0.2941876,0.3596472,0.2505462,0.1449266,0.0870964,0.0928198,0.2857826,0.3533608,0.2767766,0.134931,0.0887646,0.1239884,0.3068538,0.340899,0.244698,0.0454831,0.0892516,0.1492532,0.3134002,0.3312458,0.2604646,0.1489132,0.0875156,0.1359478,0.2854658,0.3546364,0.3533946,0.236562,0.1427694,0.0897846,0.1342796,0.2898098
0.3069244,0.2641578,0.144615,0.095569,0.1447638,0.3128044,0.348944,0.2522108,0.1410866,0.0920576,0.1230996,0.3136176,0.3404124,0.237286,0.1456484,0.0789614,0.1392766,0.300481,0.3615054,0.254482,0.149355,0.0543994,0.1409114,0.2835752,0.3339586,0.259781,0.1424372,0.0917024,0.1453404,0.3083472,0.3694074,0.2685804,0.1455002,0.0944358,0.1457502,0.3095806,0.3436672,0.2452378,0.1466654,0.0887972,0.107557,0.3133258,0.3263442,0.271419,0.144209,0.0957836,0.1497354,0.3124122,0.3477874,0.2165488,0.1404908,0.0901042,0.1441962,0.317664,0.3348028,0.257787,0.1375408,0.0961498,0.1470618,0.2708978,0.347361,0.25454,0.1510132,0.0900058,0.1487076,0.3025124,0.3583232,0.2483366,0.2613098,0.1341356,0.0880484,0.1372136,0.2864074,0.3736192,0.2646258,0.1378884,0.0904818,0.093958,0.2788038,0.3560582,0.273221,0.1462796,0.0879874,0.1222234,0.3114522,0.319353,0.2727548,0.1477124,0.0922548,0.1426998,0.3063962,0.3447842,0.2551322,0.1286752,0.0948602,0.1086712,0.3105388,0.3252824,0.2354112,0.1428348,0.088459,0.1307878,0.2762938,0.3419892,0.250337,0.1407008,0.0847372,0.1438602,0.3091674,0.3258058,0.260243,0.1376126,0.0864638,0.1434662,0.3105058,0.354916,0.2621714,0.1499802,0.0878814,0.1043624,0.3072828,0.3256648,0.2654762,0.144342,0.0734034,0.1422914,0.2786662,0.3401624,0.2444082,0.1462746,0.0888386,0.136851,0.3026806,0.376507,0.2457658,0.144103,0.0891094,0.1471724,0.3048902,0.3550936,0.2440122,0.1201,0.0832606,0.1160212,0.287341,0.3467282,0.260788,0.1482812,0.085697,0.1435666,0.2950384,0.3582366,0.251658,0.144835,0.0885226,0.0898828,0.28524,0.3536434,0.2734616,0.1361068,0.0886882,0.1238814,0.312192,0.3369076,0.244817,0.0716717,0.088678,0.147441,0.3134874,0.3294428,0.2590262,0.1490284,0.0877624,0.1334816,0.2868734,0.3562462,0.349637,0.2384586,0.1431724,0.0901156,0.135021,0.2862538
0.3101272,0.2623108,0.1468456,0.0972062,0.1450568,0.3116766,0.3513124,0.2521508,0.1412412,0.0915802,0.1251614,0.3168418,0.3424428,0.2347288,0.1477164,0.0857166,0.1393098,0.298754,0.2827228,0.2538202,0.1482536,0.0538276,0.1413466,0.2839418,0.3326358,0.2607126,0.1396492,0.0923044,0.1430942,0.3062432,0.3714726,0.2656728,0.1450676,0.0937402,0.1478326,0.3132874,0.34231,0.242083,0.1473968,0.0892288,0.1081276,0.3171508,0.321601,0.2715308,0.1443762,0.0944486,0.151135,0.3127402,0.3438042,0.0573185,0.1413854,0.0905808,0.1417746,0.3166794,0.3355,0.2579314,0.136908,0.0972304,0.1463014,0.2712988,0.3456692,0.2515812,0.1485098,0.0914694,0.1471618,0.3008672,0.3576752,0.2455106,0.2629396,0.133404,0.0874938,0.1374312,0.2827636,0.3748698,0.263448,0.1390046,0.0902742,0.089141,0.2743794,0.3549914,0.270885,0.1491212,0.0879504,0.119107,0.308533,0.3187024,0.2698476,0.1501706,0.0929994,0.141925,0.3057986,0.3442372,0.250144,0.1301546,0.0955564,0.1063014,0.3116762,0.3245914,0.2364398,0.1433252,0.0876614,0.1296524,0.2780444,0.3418132,0.2514606,0.138339,0.0843806,0.1448826,0.310079,0.330283,0.2566604,0.1398202,0.0839238,0.145555,0.3142284,0.3547364,0.2583236,0.1501178,0.0870482,0.0996962,0.3011448,0.3226406,0.2647748,0.1456382,0.0745182,0.1412626,0.2787806,0.3402368,0.2436804,0.1464146,0.090338,0.133094,0.301042,0.3813572,0.2454258,0.145241,0.0902378,0.1475632,0.306287,0.3545092,0.2456386,0.1428658,0.087165,0.1153148,0.2863038,0.344888,0.2586412,0.1510866,0.0863826,0.1408344,0.2961134,0.3581028,0.2489762,0.1459696,0.0882018,0.0904,0.2825386,0.3541154,0.2777884,0.1359166,0.0881692,0.1247944,0.3117338,0.3352632,0.241672,0.0973691,0.0873664,0.1489246,0.3101638,0.3280086,0.2581962,0.1459564,0.0873678,0.1348242,0.2853056,0.3566476,0.3475232,0.2382978,0.1418006,0.0904572,0.1345152,0.2890168
0.3093486,0.2648762,0.144957,0.0960274,0.1453442,0.3147984,0.350696,0.249477,0.1420892,0.0914276,0.1250606,0.3153166,0.3407086,0.2354984,0.1455806,0.0859432,0.143054,0.3007556,0.3140416,0.251432,0.1489042,0.0545544,0.1425098,0.2831528,0.3351666,0.258441,0.1412326,0.0931074,0.142026,0.3048504,0.3715434,0.2643074,0.1463232,0.093585,0.1483148,0.311505,0.3443548,0.2436362,0.1487196,0.0881184,0.1073264,0.3159202,0.3216758,0.2732458,0.143833,0.0948826,0.1504392,0.3123106,0.3475656,0.1028695,0.1414138,0.0892744,0.140544,0.3133734,0.3339056,0.2557684,0.1374152,0.096965,0.1453032,0.2677,0.3450518,0.2516354,0.1492132,0.0922242,0.1469822,0.3009684,0.3520922,0.2429774,0.2617218,0.1358064,0.0885892,0.1390146,0.2818558,0.370094,0.2634872,0.1394496,0.0901252,0.089341,0.2782588,0.3540632,0.2697922,0.150506,0.0877856,0.1196958,0.310962,0.3207444,0.2701326,0.1498386,0.0922264,0.1421334,0.3057094,0.3432918,0.2510058,0.1301776,0.0962908,0.1046812,0.3113292,0.3208302,0.2423058,0.1448652,0.0890312,0.1296094,0.2782924,0.3401042,0.2490344,0.1381632,0.0833554,0.1445152,0.3064658,0.3269604,0.2557262,0.1388936,0.0839374,0.1427364,0.3136624,0.3490522,0.2565444,0.148271,0.0878704,0.099063,0.3038116,0.3237652,0.2648878,0.1462584,0.0764388,0.142479,0.2808874,0.3395812,0.2456154,0.1455886,0.0900532,0.1355572,0.3041562,0.381447,0.2519564,0.142738,0.0877282,0.1480774,0.3070868,0.3539652,0.2435962,0.144626,0.087166,0.1180936,0.2870492,0.3475216,0.2599408,0.1511442,0.0868128,0.139851,0.2986886,0.3568092,0.2471838,0.1460494,0.0872878,0.0953202,0.281315,0.3522546,0.273107,0.1369616,0.0891546,0.1216384,0.3120928,0.3346438,0.2402134,0.0968031,0.0598404,0.147402,0.3132014,0.332086,0.2561772,0.1460306,0.0874432,0.1348344,0.285673,0.3547604,0.3476806,0.239241,0.1400802,0.0906282,0.1333154,0.286584
0.3075226,0.2634906,0.1475292,0.097002,0.1471826,0.3149696,0.348015,0.251002,0.1439156,0.092784,0.124367,0.3147424,0.339031,0.2361656,0.1471004,0.0839884,0.1413094,0.3000726,0.3437396,0.2491838,0.150391,0.0539178,0.1420954,0.2807526,0.3350786,0.2544078,0.142593,0.0926806,0.1418694,0.30648,0.3714938,0.2638596,0.1484576,0.0945968,0.147507,0.3133914,0.3427356,0.2426018,0.1470502,0.0880982,0.1072604,0.3164936,0.323118,0.2689756,0.1450802,0.094605,0.14848,0.3127448,0.3471228,0.1211931,0.1431344,0.089319,0.1414462,0.3120368,0.3331872,0.2550286,0.1379494,0.0979072,0.1447554,0.2733654,0.3466702,0.2509476,0.1507186,0.0910344,0.1462056,0.2945692,0.3541698,0.2410002,0.2605022,0.1373478,0.0881774,0.1368788,0.2786074,0.3693312,0.2666734,0.1379758,0.0903406,0.0882238,0.2797514,0.3531352,0.2689308,0.1482556,0.0874908,0.1206626,0.307739,0.3184178,0.2691248,0.1506786,0.0926848,0.1442624,0.3064782,0.344381,0.2531462,0.1285952,0.094628,0.1067128,0.3116192,0.3151626,0.2415646,0.1459788,0.088949,0.132466,0.2761968,0.3378422,0.251129,0.1404668,0.08414,0.146338,0.3100326,0.3266582,0.253424,0.1396758,0.0794582,0.1435464,0.3135974,0.3466554,0.2540306,0.149869,0.0884012,0.099075,0.3080126,0.3245768,0.2648818,0.147389,0.0740674,0.1411742,0.279297,0.3393584,0.2458972,0.1465038,0.0907026,0.1388054,0.3065522,0.3815044,0.250241,0.1409306,0.0875178,0.1490814,0.3067066,0.3527402,0.2401804,0.1442532,0.0872574,0.1220516,0.2901954,0.3491032,0.2615584,0.1513528,0.0865174,0.144189,0.2990592,0.3555546,0.2456588,0.1452268,0.0880872,0.0951204,0.2821116,0.2679575,0.2711566,0.1369052,0.0891692,0.124342,0.3150816,0.3362376,0.257828,0.0953313,0.0748002,0.1477242,0.3121702,0.3297708,0.2544494,0.1462288,0.0871218,0.1353674,0.2872726,0.3550614,0.3485456,0.2446556,0.1435212,0.0907598,0.131054,0.2850402
0.3098942,0.2618472,0.1458708,0.0973964,0.146296,0.3163698,0.3466374,0.249889,0.1437206,0.0919224,0.1229224,0.3179086,0.3386952,0.2359532,0.1484272,0.0856818,0.1413092,0.300965,0.3640494,0.2467468,0.1492926,0.0484586,0.1435854,0.2818448,0.3368722,0.2542506,0.1427442,0.092136,0.1422832,0.3040464,0.3715738,0.2659114,0.1477828,0.0946068,0.1462664,0.313423,0.3440636,0.2418372,0.147164,0.0880758,0.1058062,0.3189844,0.3226874,0.2664722,0.14522,0.0945186,0.1476932,0.310653,0.3471584,0.1450186,0.1418934,0.0900032,0.1420022,0.3165512,0.3350264,0.2531804,0.1384218,0.0975596,0.144107,0.2755818,0.3446354,0.2536614,0.1498912,0.0915878,0.1486596,0.2970462,0.357392,0.2405774,0.2571278,0.137781,0.0883584,0.1369394,0.278683,0.3671548,0.2660134,0.139741,0.0168112,0.0932118,0.2818222,0.350391,0.2665334,0.1465422,-0.009883,0.1212628,0.3074098,0.3219938,0.2664994,0.1485772,0.091934,0.1434092,0.3061958,0.3447526,0.252493,0.1313222,0.0960902,0.1040718,0.310364,0.3160158,0.2396304,0.1446766,0.0886836,0.1324404,0.2757138,0.33693,0.2478806,0.1391046,0.0825636,0.1441184,0.3094488,0.326528,0.2492496,0.1406034,0.0788472,0.1434118,0.3133252,0.3467246,0.2542132,0.149501,0.088955,0.094497,0.3099628,0.3244496,0.2632254,0.068056,0.0751556,0.1414448,0.2808928,0.341551,0.247526,0.1474196,0.0906348,0.1403096,0.3041552,0.3748926,0.2510472,0.1426478,-0.016936,0.151128,0.3051432,0.3524062,0.2390806,0.1455552,0.088151,0.1223014,0.2881164,0.3489732,0.261034,0.1523864,0.0861312,0.1425178,0.298541,0.3550238,0.2435446,0.1467604,0.0895752,0.0915628,0.2825942,0.2720171,0.2718528,0.1366994,0.0893994,0.1249022,0.3144948,0.3328408,0.2580296,0.1037374,0.0889902,0.1443048,0.3103546,0.3276122,0.2530166,0.1464548,0.0861304,0.1368184,0.247756,0.3531812,0.3492822,0.2448356,0.1424616,0.090364,0.132752,0.2917882
0.3079588,0.2601832,0.1465088,0.0966844,0.1460522,0.3137526,0.3490848,0.2502722,0.143099,0.091643,0.1222496,0.3126658,0.3387172,0.2355672,0.149527,0.0855348,0.143143,0.30603,0.3860338,0.247043,0.1497086,0.0525836,0.144555,0.2805684,0.3362786,0.2535626,0.1440194,0.0927794,0.1421644,0.3032338,0.3702976,0.2671298,0.1466728,0.0934668,0.1475492,0.31118,0.3417194,0.2395672,0.1487462,0.087751,0.1079088,0.3189952,0.321935,0.2653668,0.143484,0.0949018,0.149893,0.3087168,0.3454042,0.1662074,0.1415606,0.090605,0.1425192,0.3159418,0.3377326,0.2541814,0.1380718,0.0990094,0.1462212,0.274294,0.346786,0.2516342,0.1487384,0.092306,0.146313,0.2975792,0.3547478,0.2405988,0.2578236,0.0805915,0.0883998,0.136531,0.2812744,0.3661576,0.2646378,0.1414512,0.0513454,0.0974862,0.2844112,0.3471978,0.2650626,0.1465204,0.0338464,0.1218712,0.3068666,0.321701,0.2641176,0.1497172,0.0911114,0.1418724,0.310116,0.3448934,0.2521764,0.1321164,0.0972822,0.1048526,0.3112616,0.3202708,0.240887,0.1448652,0.0890228,0.1335632,0.2813828,0.3345612,0.2473188,0.139812,0.0834924,0.1440264,0.3086472,0.3265928,0.247641,0.1415378,0.0795126,0.1405398,0.3126924,0.3482782,0.2542178,0.150592,0.0884576,0.0955542,0.3075658,0.3253336,0.265313,0.1203036,0.0747452,0.1397628,0.2808794,0.3429294,0.244786,0.1461678,0.091076,0.1394526,0.3036736,0.37622,0.2568582,0.1435568,0.0498944,0.1483288,0.3070002,0.3515202,0.2385042,0.145887,0.091406,0.121374,0.2887224,0.3500764,0.2603338,0.152009,0.0384527,0.1402956,0.2935824,0.3515606,0.2418146,0.1486392,0.0896612,0.0945286,0.285247,0.2811391,0.2701392,0.1370848,0.0893664,0.1272778,0.3137438,0.3282908,0.2575724,0.1034086,0.0898444,0.144598,0.3117798,0.3260146,0.2541934,0.1464552,0.0874594,0.1382278,0.2642132,0.3540254,0.3471394,0.2436478,0.1413962,0.090365,0.1321498,0.2878088
0.307946,0.2608618,0.1450254,0.0968486,0.1455222,0.3141084,0.3488808,0.2526398,0.1419896,0.0923518,0.123636,0.315276,0.338662,0.2334592,0.150395,0.0836024,0.142809,0.3032862,0.386982,0.2472454,0.1491578,0.057144,0.1436916,0.2842652,0.3419732,0.2550656,0.1454356,0.0930336,0.1435658,0.3025142,0.3690674,0.262633,0.1460974,0.0952808,0.1468622,0.31157,0.3402626,0.236945,0.1475322,0.0883336,0.1146656,0.3175848,0.3191028,0.2611298,0.1444424,0.0946216,0.1496002,0.3080114,0.3465628,0.2040902,0.1414242,0.0898738,0.1449618,0.3148638,0.3328122,0.250252,0.1384438,0.0983842,0.1453886,0.2756108,0.3455946,0.2528066,0.1489514,0.0928808,0.1466146,0.2993658,0.3573724,0.2413052,0.254668,0.1265781,0.0892304,0.1375412,0.2759424,0.3701312,0.2638548,0.140786,0.0525828,0.0987786,0.2809972,0.3477536,0.2658232,0.14839,0.0575094,0.1219562,0.3093996,0.3204216,0.2650346,0.148823,0.0917672,0.1428238,0.3074256,0.3454082,0.2522788,0.145445,0.0975268,0.1141638,0.3111546,0.324052,0.239829,0.1459588,0.0885814,0.1322548,0.2799802,0.3343822,0.2464774,0.1380998,0.08307,0.1442078,0.3068706,0.3300194,0.2452846,0.1403586,0.0799304,0.1404196,0.3111436,0.3521068,0.2537398,0.1508366,0.0897582,0.0999056,0.3015758,0.3261064,0.2631744,0.122223,0.075347,0.1378908,0.2833826,0.3444994,0.2460064,0.1465508,0.0909302,0.1397134,0.3046958,0.3767468,0.2562918,0.1412482,0.0903794,0.147826,0.304801,0.3523104,0.2397144,0.1438794,0.0912252,0.1212026,0.291748,0.3495508,0.2574206,0.1529698,0.058517,0.1419262,0.293285,0.350892,0.2420794,0.1482782,0.0895644,0.0946934,0.2830086,0.3469448,0.2687348,0.1376522,0.0886488,0.1267556,0.312253,0.3289672,0.2556636,0.1046428,0.0885118,0.1463956,0.313362,0.3280576,0.2502084,0.147227,0.0876412,0.1376186,0.2929252,0.3523924,0.3488346,0.2459936,0.1431912,0.0914982,0.1373664,0.2846286
0.3078434,0.2576664,0.1441482,0.095785,0.1455994,0.3150414,0.3469192,0.2529924,0.1408194,0.0926348,0.1207892,0.3164648,0.3405314,0.2342664,0.1506818,0.085173,0.1416802,0.3014768,0.3868006,0.24505,0.1491572,0.0578558,0.1419896,0.2796016,0.341923,0.254175,0.1455968,0.0929812,0.1433912,0.3033168,0.3640512,0.2594324,0.1463428,0.093704,0.1437664,0.3118234,0.3377438,0.235151,0.1466254,0.088529,0.1147066,0.3166368,0.3193048,0.2607202,0.1436406,0.094844,0.147873,0.3085274,0.3443984,0.2092398,0.1412334,0.090647,0.1455942,0.3141224,0.3352104,0.249441,0.1378902,0.0986392,0.1473468,0.2735496,0.3452102,0.2511886,0.1487422,0.0917146,0.1458432,0.3011824,0.3586318,0.2550398,0.2552166,0.1303607,0.0886686,0.1387346,0.2762188,0.3666936,0.2638454,0.1409246,0.0627624,0.0960122,0.280997,0.3494426,0.2629586,0.149541,0.067877,0.1220556,0.3074732,0.322097,0.2635358,0.1488216,0.0913126,0.1400034,0.3102692,0.3464748,0.2526822,0.148221,0.0970154,0.1129814,0.3132146,0.3251952,0.2365838,0.1435588,0.0889636,0.1360258,0.2803516,0.3317504,0.245453,0.1361646,0.0824164,0.1442882,0.3100456,0.3280826,0.2445246,0.1392862,0.081608,0.1405264,0.3134862,0.3504398,0.2525698,0.1513832,0.0891044,0.0991258,0.3001768,0.3255618,0.266315,0.1192094,0.0722014,0.1353926,0.2835598,0.343378,0.2447252,0.1466248,0.0908692,0.1407986,0.30652,0.3776312,0.2571284,0.1409852,0.094502,0.1480334,0.30416,0.3550208,0.2402262,0.1456296,0.0903784,0.1264404,0.2885384,0.3484108,0.2574222,0.1539028,0.0724104,0.1448276,0.297551,0.349213,0.2418334,0.1491714,0.0883124,0.0887668,0.2842458,0.3514252,0.2685652,0.1388158,0.0884944,0.1257558,0.3106986,0.3290692,0.2535776,0.1456128,0.0889326,0.1459692,0.3119954,0.3288294,0.250419,0.147144,0.0865672,0.13537,0.2981076,0.353805,0.3504358,0.2459464,0.14248,0.0914724,0.1341576,0.2853576
0.3071228,0.2592048,0.1452194,0.0951588,0.1446514,0.315828,0.353165,0.252331,0.141588,0.0927702,0.1198842,0.3170252,0.3410794,0.2331324,0.1500224,0.0852232,0.1405762,0.302167,0.3852666,0.2418386,0.1497026,0.0572522,0.1442534,0.2833,0.3414176,0.255724,0.14388,0.0925152,0.1450064,0.3052786,0.3652134,0.2599092,0.1460722,0.0921976,0.1458,0.3116586,0.3352688,0.2336828,0.14677,0.0890038,0.1135826,0.3145866,0.3152076,0.2590552,0.142923,0.0945396,0.147875,0.3069572,0.344518,0.2104526,0.1427586,0.0885458,0.1469476,0.3153016,0.3300146,0.2488236,0.1372338,0.0983828,0.145173,0.272695,0.343804,0.2476716,0.1491128,0.0915168,0.1472026,0.3020606,0.3585798,0.2551412,0.2540464,0.1323255,0.0877208,0.138857,0.2804052,0.3637134,0.2598528,0.139822,0.0643298,0.09383,0.2842238,0.3467396,0.2647594,0.1489624,0.0688678,0.1193556,0.3085232,0.3225606,0.2634274,0.1494362,0.0916068,0.1411814,0.3116432,0.3491736,0.2538748,0.147523,0.097434,0.1140674,0.3137652,0.3228878,0.2357166,0.1424576,0.0889394,0.1389228,0.2810822,0.33008,0.2409382,0.1384314,0.0825136,0.1467402,0.3080978,0.3242384,0.2457212,0.1393368,0.0813686,0.1387134,0.3126228,0.3516816,0.2509558,0.1517746,0.0891642,0.0997512,0.3068572,0.323371,0.2633104,0.1173864,0.0754552,0.1389936,0.281829,0.3421124,0.2463036,0.1444862,0.0916946,0.1381664,0.3052316,0.3769182,0.258724,0.1397646,0.0952568,0.1484314,0.3082014,0.3537204,0.2384694,0.1474208,0.089181,0.1243258,0.2862004,0.348289,0.2547756,0.1535842,0.0748836,0.1433426,0.2937498,0.3465114,0.2396798,0.1474388,0.088176,0.0910956,0.2828146,0.3789626,0.2701244,0.139172,0.0886664,0.1262682,0.3095704,0.329506,0.2543498,0.1450322,0.0898012,0.1465798,0.311129,0.3301158,0.2506816,0.148217,0.0869036,0.1389576,0.299743,0.353225,0.3497132,0.2425352,0.1430146,0.0920274,0.135061,0.2868294
0.3116678,0.260326,0.1463976,0.095836,0.1459342,0.3134822,0.3539578,0.2467576,0.141982,0.0928398,0.1218378,0.313244,0.338109,0.2310018,0.1515714,0.0851742,0.1409676,0.3012104,0.3845292,0.2423498,0.1512852,0.0589086,0.1418666,0.2840454,0.3419498,0.2537646,0.1417658,0.0923994,0.1445968,0.3052746,0.364166,0.2586936,0.1448654,0.093656,0.1445878,0.311823,0.3321158,0.2340178,0.1461464,0.0878654,0.1180132,0.3146852,0.3160782,0.2595172,0.141552,0.0938418,0.1490666,0.30463,0.3458854,0.2109854,0.1444994,0.0894782,0.1460946,0.3173614,0.3316298,0.2493698,0.1387594,0.0976342,0.1477874,0.2732044,0.3447714,0.2473046,0.1506558,0.0922642,0.1463674,0.2983242,0.3569118,0.253592,0.2538418,0.1385828,0.0878036,0.1383992,0.2831352,0.363654,0.2583436,0.140499,0.0791786,0.089778,0.2834694,0.3445106,0.2618892,0.1486346,0.0917294,0.119857,0.3078732,0.3233114,0.2628434,0.1501544,0.0918948,0.1418784,0.3085944,0.350349,0.2520266,0.148017,0.0969714,0.1119568,0.3121102,0.3224702,0.2397888,0.142874,0.0883952,0.1374756,0.2795366,0.3321642,0.2379888,0.139195,0.0825902,0.1460224,0.3039356,0.322647,0.2425716,0.138044,0.0809984,0.1394474,0.3130004,0.3503642,0.25172,0.1510454,0.0872782,0.0995566,0.3076994,0.3239842,0.2622978,0.1179392,0.0748572,0.1405784,0.282163,0.3450344,0.2444132,0.143705,0.0924772,0.136959,0.3065486,0.372957,0.2559112,0.1391786,0.0957452,0.1485418,0.3059208,0.3568586,0.2372702,0.148489,0.0909786,0.1236356,0.288414,0.3497816,0.2525864,0.154067,0.0768536,0.1429986,0.2935074,0.343734,0.2399186,0.1495128,0.0884376,0.0934402,0.2827882,0.3799454,0.2680304,0.1386538,0.088426,0.1257824,0.3149466,0.3303532,0.2547976,0.1457964,0.089408,0.1483946,0.3139006,0.3297862,0.2483304,0.1503384,0.0869862,0.1359832,0.3097232,0.3532472,0.3482902,0.242248,0.0416402,0.090392,0.1346062,0.286183
0.309434,0.2588928,0.1451544,0.096359,0.1452616,0.3109582,0.3558834,0.2441312,0.1409866,0.0930226,0.1195656,0.3153332,0.3379046,0.2285516,0.1495182,0.0848378,0.1411564,0.3026348,0.3843482,0.2424218,0.1501696,0.0589254,0.1423966,0.2849358,0.3419104,0.2518492,0.1421404,0.093327,0.1442436,0.3049052,0.3630374,0.2585636,0.1458156,0.093899,0.1467942,0.3090882,0.3295314,0.232969,0.1468386,0.0890304,0.1168978,0.3074686,0.319599,0.2569966,0.1415886,0.0929154,0.1485448,0.306353,0.3440652,0.2135756,0.142794,0.0900188,0.1457352,0.3187094,0.3315732,0.251765,0.1401598,0.0985214,0.1466982,0.2741352,0.3469896,0.2485966,0.1505976,0.0917392,0.1486246,0.3005878,0.3651202,0.2508118,0.2533262,0.1399456,0.087598,0.1353366,0.1812101,0.3598692,0.2581804,0.141644,0.0803248,0.090683,0.2808814,0.3438458,0.259299,0.1481566,0.0965464,0.1192154,0.3082356,0.3231054,0.264674,0.151053,0.092121,0.143132,0.3062878,0.3512822,0.2489312,0.14724,0.096814,0.1082528,0.3119668,0.3230168,0.2369964,0.144194,0.0867746,0.1330994,0.2776974,0.3307084,0.2372022,0.1396936,0.083612,0.1452712,0.3010746,0.3226922,0.2427094,0.1387414,0.082783,0.1432064,0.3137168,0.3503224,0.250712,0.1506314,0.089673,0.0978626,0.3069186,0.3234372,0.2619166,0.117987,0.0847018,0.1434702,0.2845956,0.3442738,0.2458036,0.1458772,0.090902,0.1351436,0.3048568,0.371624,0.254333,-0.0055974,0.0959264,0.148301,0.302984,0.355505,0.238382,0.147539,0.0917738,0.1253418,0.287916,0.3528112,0.256436,0.1544864,0.075679,0.1424678,0.2929352,0.3393868,0.2385022,0.1470484,0.0888938,0.0942114,0.284899,0.3802264,0.2680566,0.1388004,0.087194,0.1262684,0.3124506,0.3276588,0.2522726,0.1465024,0.0929266,0.1487326,0.3117272,0.3241632,0.2497898,0.1502412,0.0868806,0.13728,0.3116396,0.3531358,0.3496138,0.2401646,0.0844679,0.0898164,0.132957,0.2896644
0.3114896,0.2590072,0.1454282,0.0955516,0.1453036,0.3110446,0.3579504,0.2448054,0.1399846,0.0933942,0.1232184,0.3194108,0.3380556,0.2273252,0.1501484,0.0838946,0.1405182,0.3036976,0.3866592,0.242431,0.1498478,0.0744572,0.1445574,0.205049,0.344249,0.2508748,0.1426,0.0921964,0.1446222,0.3075972,0.365955,0.2566474,0.1440512,0.0944732,0.147542,0.3115444,0.3281692,0.2307488,0.1478378,0.0887498,0.1171628,0.3107746,0.3213972,0.255553,0.1407334,0.0940698,0.1487296,0.3101708,0.3426726,0.2153348,0.1446706,0.089173,0.147556,0.3171014,0.3313596,0.2480276,0.1403446,0.098581,0.1483234,0.2738906,0.346477,0.2456442,0.1486256,0.092507,0.147624,0.3028726,0.3606806,0.2533372,0.2515312,0.1398762,0.0877068,0.1368276,0.2307209,0.363467,0.2565616,0.144618,0.0822076,0.0911396,0.2772232,0.3428062,0.2573276,0.1473726,0.0971656,0.1184502,0.3073382,0.3225272,0.264329,0.1509756,0.0910626,0.1437078,0.3021518,0.3538612,0.2482296,0.1474384,0.0972078,0.1054978,0.309479,0.319845,0.2275344,0.143773,0.0892398,0.1355306,0.273701,0.3318188,0.2347614,0.1399474,0.084167,0.1463114,0.3070008,0.32281,0.2417428,0.1393992,0.0854788,0.1398572,0.3139572,0.3504408,0.2518414,0.1514326,0.0902678,0.0945018,0.3035658,0.323264,0.2620652,0.1474172,0.0838638,0.1425682,0.2829058,0.3457438,0.2486912,0.146647,0.090645,0.138128,0.302358,0.371033,0.2530324,0.0887562,0.0959606,0.1465362,0.303727,0.3551018,0.2359572,0.1461258,0.0925702,0.121607,0.2889044,0.350522,0.255697,0.1541012,0.0753312,0.1428528,0.2928966,0.34029,0.2402546,0.1484832,0.0896158,0.0966188,0.2866254,0.3786134,0.2651322,0.1402784,0.0866474,0.1269998,0.3064236,0.3243712,0.253106,0.1459874,0.0971024,0.1483278,0.3090342,0.3218146,0.2475264,0.1503932,0.0856092,0.1367,0.313011,0.351989,0.3464844,0.2383254,0.1048093,0.09042,0.133439,0.29321
0.3100414,0.2580616,0.1458714,0.0964098,0.1466018,0.3139346,0.3575966,0.2465754,0.1412738,0.0930526,0.1288142,0.320068,0.3345084,0.2295592,0.1505174,0.083109,0.1404974,0.3025574,0.3891538,0.2389902,0.1497858,0.074441,0.1442608,0.2217832,0.3428642,0.2519358,0.1420046,0.0927376,0.1422544,0.3046246,0.3646316,0.251871,0.1461176,0.0948788,0.1446002,0.307474,0.3314336,0.2270798,0.1471532,0.0882098,0.1171994,0.3112374,0.3206776,0.2558142,0.1418252,0.0951122,0.1486556,0.3065086,0.3431826,0.2269434,0.143279,0.0892764,0.1461376,0.3214036,0.3314638,0.2461422,0.1401104,0.0982434,0.1469736,0.2779994,0.346604,0.2453488,0.1483372,0.0925202,0.1482476,0.2999852,0.3622786,0.2530126,0.2524316,0.1416974,0.0885222,0.1385564,0.2722154,0.3592914,0.2575576,0.143862,0.0826798,0.1034817,0.2832042,0.345502,0.2555482,0.1467156,0.0967832,0.1225632,0.307221,0.3235722,0.263615,0.149023,0.0910704,0.1439002,0.3060548,0.352045,0.2479876,0.1503728,0.0970632,0.1069204,0.3141662,0.3206552,0.2268018,0.1455254,0.0893138,0.1367262,0.271263,0.3328166,0.2347888,0.139291,0.085575,0.1453512,0.3067134,0.32141,0.2413268,0.1415426,0.0853326,0.142852,0.3128664,0.3453498,0.2503978,0.1496932,0.0905126,0.0973836,0.3039828,0.3226114,0.2613428,0.1457208,0.084035,0.141447,0.2826034,0.3420018,0.2465996,0.1451356,0.0899824,0.1387408,0.3026448,0.369794,0.2512534,0.099787,0.0970364,0.147358,0.3028368,0.3580292,0.233564,0.1462754,0.0927922,0.1205868,0.285161,0.3519008,0.2568264,0.1530406,0.0776646,0.1414128,0.2926558,0.3406052,0.2372926,0.1490896,0.08991,0.0942172,0.2836276,0.3750746,0.2637666,0.138398,0.0874802,0.1264826,0.3097542,0.3228582,0.2510284,0.146977,0.0979506,0.1481246,0.3105428,0.3237,0.245547,0.1504836,0.0859746,0.1358036,0.3132278,0.3525736,0.3459084,0.2358228,0.1241512,0.0896788,0.1346064,0.2908064
0.3106388,0.2571472,0.1468232,0.0982498,0.1452632,0.3116898,0.3552616,0.2445636,0.1390414,0.0927958,0.126133,0.321082,0.3378426,0.2291902,0.15089,0.0833548,0.1435168,0.298649,0.3895144,0.2380394,0.14955,0.075184,0.142141,0.2618462,0.3406658,0.2521282,0.1437736,0.0925584,0.1444916,0.3035124,0.3622616,0.2509664,0.1460404,0.094115,0.1479832,0.311439,0.3309326,0.2282686,0.1496906,0.0883208,0.1223322,0.3138796,0.3203852,0.2535972,0.1413784,0.0946884,0.145759,0.3079528,0.3421878,0.2265952,0.1426786,0.0903982,0.144342,0.3212162,0.3302436,0.2459996,0.1404076,0.0969594,0.1460088,0.2748604,0.345515,0.2418796,0.1493654,0.0909222,0.14871,0.3020588,0.3587588,0.253279,0.248502,0.1424718,0.0888214,0.1407768,0.2800214,0.3560862,0.2554736,0.1457932,0.0808576,0.1084067,0.282214,0.3446454,0.2540172,0.1466794,0.097197,0.121721,0.3091552,0.325037,0.2641638,0.1483432,0.0918918,0.1423808,0.307973,0.348302,0.2471796,0.1495786,0.096325,0.1047252,0.310334,0.320467,0.2255196,0.1459654,0.0884018,0.1356252,0.2740428,0.330455,0.2334356,0.1395186,0.0852362,0.1406746,0.3128274,0.3208714,0.2405492,0.1427734,0.0844464,0.1425328,0.3114756,0.348731,0.2505312,0.149002,0.0906672,0.0996846,0.3013718,0.325018,0.2623336,0.1473474,0.0834046,0.1413462,0.2827088,0.3412012,0.2646278,0.1466886,0.0902606,0.135714,0.3032996,0.3709532,0.2490554,0.1039508,0.099347,0.1469134,0.3066158,0.3593676,0.2320136,0.1480484,0.0931304,0.1206622,0.2877586,0.352226,0.257961,0.1513392,0.0747526,0.1422346,0.293093,0.337707,0.2363402,0.1488624,0.0899434,0.1010456,0.2840668,0.3779062,0.2625334,0.1390566,0.0886076,0.1302312,0.3122094,0.3257704,0.2499762,0.1473424,0.0986492,0.1455176,0.3141006,0.3237694,0.2454452,0.149238,0.0869928,0.1355834,0.313302,0.3552624,0.343556,0.2338236,0.1267316,0.089276,0.127736,0.2882844
0.3103638,0.2579076,0.1481002,0.0982118,0.1442862,0.3127142,0.3555074,0.2440282,0.1392878,0.0928362,0.127287,0.3184056,0.3398968,0.2289616,0.1519074,0.0843684,0.1420906,0.2989408,0.390559,0.2390862,0.1474058,0.0748898,0.1432616,0.2844705,0.3436396,0.2507232,0.142976,0.0929516,0.142157,0.302555,0.3629022,0.2531316,0.147848,0.0935682,0.1457378,0.3113362,0.3312932,0.2291278,0.151637,-0.0203132,0.1206112,0.3150142,0.3216992,0.2523908,0.139627,0.0960516,0.1475362,0.3110902,0.340842,0.226253,0.143296,0.0899044,0.1443002,0.3147062,0.3300314,0.243366,0.1408336,0.098109,0.1455036,0.1470627,0.3451046,0.242237,0.1498766,0.0916442,0.1473884,0.3004862,0.359514,0.2530684,0.2470396,0.1411824,0.0880838,0.14178,0.291076,0.3506848,0.2510228,0.146277,0.0834454,0.110136,0.2816062,0.345878,0.255351,0.1464386,0.0980664,0.1253788,0.3108624,0.3241188,0.2660556,0.1504852,0.0913062,0.1424942,0.3053086,0.3497438,0.246034,0.1498656,0.0961872,0.1078584,0.3084802,0.3164642,0.2241422,0.1456674,0.08947,0.1351182,0.2756118,0.3344196,0.2308428,0.1390742,0.0845446,0.141907,0.3097736,0.3194756,0.2391962,0.1433522,0.0830172,0.1429188,0.3105194,0.3460178,0.2482424,0.1495442,0.0893998,0.0983624,0.305962,0.3227636,0.261512,0.148969,0.08458,0.1433014,0.2792008,0.3443302,0.2622234,0.1457352,0.0903648,0.1384966,0.300711,0.3726498,0.2485338,0.1310314,0.1004654,0.150803,0.3057946,0.3594756,0.232759,0.147933,0.0917738,0.1191474,0.2364536,0.3569334,0.2607002,0.1520224,0.07438,0.1424498,0.2913322,0.3340548,0.2353378,0.149041,0.0885546,0.1037688,0.2834012,0.3793202,0.257955,0.1392996,0.0898944,0.1287306,0.3114132,0.3256464,0.2509886,0.1477978,0.0981886,0.1476078,0.3141614,0.3253842,0.2435088,0.1495338,0.0870334,0.1366366,0.3135714,0.356355,0.3428706,0.2340706,0.1282342,0.0901344,0.1277916,0.2887508
0.309361,0.2550526,0.147255,0.0955412,0.1429436,0.3131608,0.3542574,0.240467,0.1397178,0.0916736,0.1268206,0.316521,0.339713,0.2283888,0.1504206,0.0793358,0.1432586,0.3029922,0.393207,0.238937,0.1478802,0.0818724,0.1440952,0.301512,0.3435398,0.2487768,0.1433554,0.0929846,0.1439614,0.3020714,0.3653726,0.2500246,0.1469512,0.0931972,0.147318,0.3052428,0.3276278,0.224816,0.1510926,0.0287094,0.121198,0.3153632,0.3193906,0.2513412,0.1397564,0.094121,0.147205,0.311939,0.3340268,0.2292626,0.144694,0.0896098,0.1446892,0.3136486,0.3304852,0.242102,0.1401558,0.0976726,0.1461054,0.2451735,0.3428768,0.2442094,0.149351,0.0013317,0.1473886,0.3021324,0.360505,0.2527002,0.2481706,0.1411092,0.0874606,0.1404866,0.2995903,0.3506664,0.249588,0.144822,0.0842358,0.107962,0.2815446,0.3447994,0.2530748,0.1462712,0.0984658,0.1282274,0.3123478,0.3241874,0.2609786,0.1501128,0.0917292,0.1428902,0.3093716,0.3518188,0.2466894,0.1495328,0.0975748,0.1028796,0.310842,0.3187798,0.224246,0.1445494,0.0036785,0.1363936,0.278131,0.3347844,0.2308954,0.1401076,0.0848056,0.1449636,0.3119,0.3185682,0.2395534,0.1426144,0.082921,0.1407286,0.3166968,0.3429974,0.2472352,0.1481928,0.0890788,0.0949182,0.3086406,0.324307,0.2645292,0.146618,0.0844558,0.143285,0.2790322,0.3425486,0.2617052,0.1454962,0.088841,0.138426,0.3052222,0.3714524,0.2451738,0.1322488,0.1016138,0.1489158,0.305694,0.3562674,0.2308382,0.1488916,0.091678,0.123359,0.2665816,0.3555434,0.2573594,0.1523566,0.0940412,0.1454964,0.2920408,0.3349096,0.2338718,0.1470362,0.0886068,0.1035706,0.2880028,0.3792414,0.2569482,0.1394102,0.0896294,0.127312,0.3134596,0.3280838,0.2510742,0.1469318,0.098187,0.1475598,0.3154066,0.3208812,0.2419664,0.1466012,0.0867888,0.1361066,0.3149448,0.3554384,0.343098,0.2328236,0.1273672,0.0897562,0.1295092,0.2890316
0.305852,0.2536012,0.1502294,0.0969406,0.145074,0.3126152,0.3550868,0.2380474,0.139555,0.091267,0.1270126,0.317158,0.3370054,0.2262234,0.1477966,0.0780812,0.1444556,0.3005906,0.3922854,0.2379862,0.1460628,0.0817668,0.1415608,0.3074064,0.3430916,0.248111,0.063513,0.0926608,0.1436696,0.3045256,0.365278,0.249429,0.1470138,0.0934204,0.1458962,0.310572,0.3289942,0.2267332,0.1499772,0.0362572,0.1264602,0.3147132,0.3195204,0.248456,0.1420198,0.0953012,0.1485288,0.3092192,0.3372332,0.230419,0.1471606,0.0898124,0.145126,0.3138386,0.32597,0.2409498,0.1413044,0.0977638,0.1460374,0.2827599,0.3420182,0.2432616,0.1491798,0.0798285,0.1479384,0.3025954,0.3611024,0.2530316,0.2476654,0.1412902,0.0891206,0.1411828,0.3010273,0.3482702,0.2479858,0.1465082,0.0835286,0.1063257,0.281853,0.3431188,0.2515904,0.1484598,0.097696,0.1271614,0.311686,0.323952,0.2605476,0.1509512,0.091678,0.143186,0.3097458,0.3538908,0.2456282,0.1516486,0.0966104,0.103447,0.3112694,0.3174864,0.2226468,0.1438522,0.0153637,0.1348348,0.2780192,0.3289046,0.2310272,0.1396608,0.0840462,0.1462888,0.3088876,0.3159108,0.2393622,0.1415572,0.0833234,0.1404268,0.3173826,0.3425758,0.2453546,0.1495936,0.089407,0.0946768,0.3083032,0.3257778,0.2609992,0.147901,0.0856502,0.1424428,0.2821036,0.3409932,0.2612862,0.1455882,0.0894046,0.1380152,0.3044042,0.3694334,0.2452916,0.1474064,0.1009558,0.147669,0.304625,0.3529292,0.2298428,0.149264,0.0919206,0.1223308,0.3056012,0.3568394,0.254943,0.15171,0.0946412,0.1454462,0.290456,0.332996,0.1157602,0.1475322,0.0886198,0.1057844,0.2860254,0.3767688,0.2576174,0.1388902,0.08974,0.1300162,0.3082486,0.3289984,0.2508756,0.145988,0.0993304,0.1480774,0.317635,0.319203,0.2415526,0.1460708,0.0865106,0.1370708,0.3122558,0.353824,0.3462952,0.2319324,0.1267254,0.088476,0.127705,0.2915408
0.308434,0.2542518,0.1491268,0.0977254,0.1439376,0.3144772,0.3494038,0.2389856,0.1419742,0.0903826,0.124975,0.3154336,0.336908,0.2277468,0.1499976,0.0778838,0.1427514,0.3008494,0.3945868,0.2371908,0.1480628,0.0811616,0.142896,0.30954,0.3417084,0.2477252,0.1245986,0.091865,0.142346,0.3061512,0.3669418,0.2475878,0.146297,0.0936286,0.146316,0.3068716,0.3267798,0.227458,0.1485968,0.055574,0.1257574,0.3139226,0.3180176,0.2476146,0.1415116,0.0972144,0.1469618,0.3130552,0.3365582,0.2317006,0.1464488,0.0906348,0.1450008,0.3168834,0.327436,0.2394336,0.1416108,0.0984044,0.146419,0.2862124,0.3401466,0.2434618,0.1492192,0.0839244,0.1470882,0.3004692,0.3599224,0.2495164,0.2474026,0.140335,0.0891172,0.1414146,0.3067364,0.3462354,0.2497596,0.1467094,0.0873,0.1244878,0.281936,0.3411898,0.2528422,0.1500544,0.0979446,0.12564,0.3096034,0.322104,0.2593162,0.1492278,0.092358,0.1446752,0.3079238,0.3556746,0.2433446,0.1493098,0.0968946,0.1031792,0.311898,0.3167704,0.2229056,0.143226,0.0254728,0.1340682,0.2804046,0.330604,0.2284908,0.139683,0.0837802,0.1445966,0.3110342,0.3171128,0.239942,0.1416962,0.0852752,0.1401976,0.3127616,0.344422,0.243991,0.1499372,0.0895412,0.0920222,0.3077406,0.3245356,0.2608596,0.1475692,0.0858232,0.141921,0.2814326,0.3406336,0.2591826,0.1465076,0.0896398,0.138447,0.3068272,0.3655194,0.2463416,0.1475086,0.0994126,0.1466178,0.3054254,0.3527756,0.2283282,0.1459718,0.09172,0.1222508,0.3178662,0.3548386,0.2523384,0.1525892,0.0937836,0.145613,0.2904082,0.3317828,0.147235,0.148992,0.0883994,0.1083854,0.2868616,0.3773578,0.2580652,0.14172,0.0903868,0.1293136,0.3075744,0.327876,0.2470206,0.145889,0.0989636,0.1500174,0.3173674,0.3194448,0.2420386,0.1472878,0.0861012,0.1350388,0.3139424,0.35128,0.346751,0.2330854,0.1260972,0.0870326,0.129122,0.2858058
0.309377,0.2524156,0.1478622,0.097079,0.1174012,0.3096388,0.3462536,0.2366382,0.1416088,0.0902724,0.0805332,0.3151906,0.3370514,0.228786,0.1496826,0.095452,0.0586521,0.3015472,0.3979786,0.2346316,0.14744,0.0820194,0.0436688,0.3132024,0.3409066,0.247704,0.13202,0.0922368,0.1175958,0.3065898,0.365589,0.2458322,0.1457456,0.0928028,0.0762032,0.312957,0.3292068,0.228435,0.1495586,0.054758,0.0521174,0.3175864,0.3171656,0.2467918,0.1421972,0.0954854,0.1019235,0.3128062,0.3351484,0.2302746,0.1464396,0.0902416,0.065461,0.3185098,0.327416,0.2413606,0.1407574,0.0976838,0.064576,0.2918185,0.3411448,0.2453596,0.1490272,0.0897702,0.0792787,0.300105,0.3590018,0.2526108,0.245836,0.1414808,0.089221,0.020857,0.308279,0.3445592,0.2467554,0.1443208,0.089,0.0282022,0.2851052,0.3405504,0.2497522,0.1492712,0.0987784,0.0475342,0.3079702,0.319838,0.2578894,0.149104,0.0918636,0.0140902,0.3085818,0.3561282,0.241964,0.149288,0.098327,0.0177479,0.314883,0.3165196,0.2197996,0.144834,0.0597012,0.0090448,0.20497,0.3335326,0.226502,0.1402332,0.0862188,0.068742,0.3111052,0.3152398,0.2399762,0.1427346,0.0827216,0.086079,0.3155246,0.3483892,0.2468662,0.1495082,0.0907204,0.0801758,0.3083594,0.3241712,0.2589946,0.146066,0.0985604,0.1187568,0.2817368,0.3425088,0.2589948,0.1464628,0.0903896,0.0060794,0.2429877,0.3695916,0.2451506,0.147387,0.0994064,0.098649,0.303118,0.3552046,0.2307884,0.1489186,0.0913772,0.0940419,0.3161508,0.3518868,0.2490412,0.1539682,0.093658,0.1060518,0.292336,0.3284308,0.1513456,0.1490404,0.0888394,0.0948496,0.28973,0.374892,0.258545,0.0973179,0.0201054,0.0531609,0.3101496,0.3279306,0.2469266,0.1450568,0.099551,0.0724486,0.3163004,0.3249182,0.240218,0.146517,0.0897074,0.0634502,0.3141438,0.3527686,0.3451156,0.2307152,0.12701,0.087352,0.0804896,0.2126325
0.3098558,0.2538934,0.1477656,0.096866,0.1389602,0.3111356,0.3486022,0.2325184,0.141018,0.0905104,0.1200948,0.317756,0.3349036,0.2284546,0.150503,0.0964106,0.0814548,0.297711,0.3997822,0.2350784,0.1454812,0.0816958,0.0984232,0.308567,0.3406222,0.2467886,0.1375814,0.0929874,0.118818,0.304233,0.3646268,0.2418992,0.1460438,0.0935436,0.1003542,0.3145642,0.3299144,0.2276714,0.149519,0.0549566,0.1058988,0.3143356,0.315022,0.247733,0.1415896,0.0949048,0.1327124,0.3117182,0.3323314,0.2305438,0.1447812,0.0896626,0.0945832,0.3195426,0.3260182,0.2427056,0.1414248,0.0988018,0.0712802,0.2925929,0.337474,0.2416182,0.1508384,0.088805,0.1024438,0.3015876,0.360165,0.2526462,0.2461586,0.1441498,0.087652,0.0810188,0.3113318,0.3429618,0.2484758,0.1448982,0.0905818,0.0329502,0.149619,0.3384866,0.2502556,0.1472134,0.0976118,0.1054568,0.3107652,0.3196828,0.2537336,0.1497722,0.0944102,0.0580311,0.3106314,0.3548186,0.2400358,0.1488606,0.0990932,0.0418151,0.3143196,0.3171684,0.2181308,0.1456172,0.0636868,0.0663192,0.2243182,0.3307706,0.224562,0.1416388,0.0479766,0.1221828,0.3079272,0.3168776,0.2376654,0.1413472,0.0962532,0.1136615,0.3118978,0.3455902,0.0095376,0.149252,0.0907732,0.1172386,0.3083578,0.32253,0.2557722,0.1469492,0.098053,0.1330494,0.2790058,0.3408604,0.2583334,0.1457916,0.0905132,0.0966472,0.2668234,0.36988,0.2429318,0.1480824,0.1000698,0.1216588,0.3049948,0.3583566,0.2288322,0.1482984,0.091813,0.1110991,0.316701,0.3556184,0.249399,0.1527818,0.09424,0.1402326,0.2866858,0.3278086,0.156734,0.1489226,0.088746,0.126478,0.290341,0.3793892,0.255802,0.1188447,0.0680646,0.1052612,0.2552919,0.331269,0.2488212,0.1443548,0.0983932,0.0989896,0.3162452,0.3244996,0.2392474,0.1479924,0.091057,0.1015946,0.309968,0.3525708,0.3442182,0.2292988,0.1245208,0.089024,0.1275868,0.2693815
0.3094036,0.2511294,0.1484754,0.0958212,0.1429784,0.3157942,0.3454166,0.2299072,0.1412978,0.0911376,0.1365922,0.3162032,0.332286,0.2274184,0.1513244,0.0962558,0.1051614,0.2996514,0.4018546,0.2341962,0.1466052,0.0792638,0.1205168,0.315465,0.3399824,0.246658,0.139361,0.092997,0.1328942,0.3045952,0.3626326,0.241692,0.1466624,0.0939294,0.1124186,0.3130008,0.332995,0.2267662,0.147968,0.0488672,0.1139122,0.313772,0.317406,0.2452414,0.140266,0.0958964,0.13769,0.308642,0.3331728,0.2293798,0.1457174,0.0885936,0.110648,0.3169044,0.3232438,0.242495,0.1415042,0.0986592,0.0743023,0.2964522,0.3372082,0.2420612,0.150068,0.0891008,0.1045956,0.3006906,0.3579914,0.2545706,0.2470894,0.143165,0.088081,0.1069006,0.311773,0.3425024,0.245555,0.1448302,0.0911722,0.0524918,0.2045778,0.3364298,0.2494074,0.1472464,0.0981704,0.1111206,0.3042118,0.3217678,0.251441,0.1502456,0.092573,0.0823418,0.309279,0.3531966,0.2385112,0.1491676,0.0984194,0.0592883,0.3124032,0.3169366,0.210519,0.1464684,0.0634816,0.0966548,0.242049,0.3289908,0.227176,0.1402792,0.056958,0.1314224,0.3089216,0.3189328,0.238859,0.1410636,0.0994398,0.1244638,0.3135124,0.3427102,0.0644884,0.1507534,0.0908648,0.1375686,0.3107324,0.3218738,0.2583154,0.1466344,0.0976646,0.1401388,0.2802036,0.342143,0.2578104,0.1450718,0.0896018,0.1138938,0.281799,0.3654088,0.2432842,0.147681,0.0996384,0.1210082,0.3033866,0.3586138,0.2290738,0.1479868,0.09154,0.1331888,0.3183326,0.356514,0.2486418,0.152226,0.0942432,0.142276,0.289028,0.3262548,0.1570686,0.1493272,0.0875298,0.126704,0.2872638,0.373436,0.2562184,0.144542,0.0820132,0.1195543,0.2846004,0.3288882,0.2475342,0.149367,0.0989026,0.1135162,0.3166984,0.323843,0.238658,0.1462302,0.089862,0.1223054,0.3090928,0.3501888,0.3412436,0.2304884,0.122475,0.0903648,0.1401432,0.2854998
0.3091566,0.2501844,0.147158,0.096268,0.141453,0.3120634,0.343298,0.2317414,0.1418196,0.0912828,0.147017,0.3140482,0.3312362,0.0526914,0.1495018,0.0954392,0.1149966,0.2992208,0.400171,0.2342818,0.1493,0.0800974,0.1468626,0.3118844,0.3410306,0.244523,0.1435088,0.0928148,0.1313922,0.3041154,0.3608388,0.2415432,0.1456026,0.0931296,0.1142774,0.3105522,0.3382046,0.2252976,0.1489124,0.0452538,0.1155496,0.3137854,0.3189598,0.2438292,0.1418674,0.0958066,0.1423344,0.3129074,0.3362412,0.232046,0.1468916,0.088302,0.119498,0.317968,0.3240338,0.2414138,0.1409818,0.0972872,0.0899194,0.3048912,0.3329342,0.2403946,0.149439,0.0882344,0.107895,0.3002656,0.3564036,0.252213,0.2453674,0.1433144,0.0881248,0.1080358,0.3121988,0.3425176,0.2478516,0.144668,0.0931504,0.07902,0.2281412,0.3367878,0.247306,0.1493916,0.097036,0.1102708,0.3041536,0.3221292,0.2530164,0.1496796,0.0922256,0.1016824,0.3067816,0.3509256,0.2369782,0.1470092,0.0984718,0.0570131,0.3091614,0.3177216,0.2001668,0.1452836,0.0641622,0.1112119,0.2590882,0.3296568,0.2273172,0.1416196,0.0565286,0.1317976,0.3087854,0.3144224,0.2374134,0.1424966,0.1004772,0.1236749,0.3133684,0.342665,0.0987112,0.1512,0.0902808,0.1411632,0.3089896,0.3198774,0.2547976,0.1491962,0.0976492,0.1391152,0.2807422,0.337644,0.257963,0.145642,0.0898412,0.113508,0.3048806,0.3644174,0.2421534,0.146318,0.1004064,0.117876,0.3062136,0.3580376,0.2282606,0.1489244,0.0913996,0.1348954,0.3159302,0.355319,0.2471076,0.1517118,0.094941,0.1412596,0.2889888,0.3243236,0.1569948,0.1509846,0.087832,0.1289306,0.2897018,0.3737642,0.254787,0.145478,0.0817152,0.1298844,0.3061104,0.3311522,0.2452124,0.149272,0.0989398,0.116332,0.3128894,0.3234408,0.2391,0.1450384,0.0897888,0.1202754,0.3086494,0.348431,0.338574,0.2332008,0.12111,0.0894086,0.1399012,0.3048264
0.3090024,0.2525588,0.1491052,0.0961622,0.1404674,0.3139108,0.3413822,0.2344934,0.1408904,0.0917114,0.1461482,0.3171212,0.3368218,0.0853335,0.1479234,0.0953316,0.1174102,0.2953456,0.3978568,0.2319998,0.1510168,0.0803172,0.1455792,0.3101474,0.3428748,0.244225,0.1467844,0.0920654,0.1322468,0.3036098,0.362072,0.2418514,0.1459456,0.0935276,0.1184064,0.3152506,0.3389534,0.2239472,0.149515,0.0452282,0.1165242,0.3135124,0.3165152,0.2424156,0.1415532,0.0955506,0.142837,0.3110492,0.3369674,0.2297108,0.145629,0.0876572,0.1197592,0.3164162,0.3226438,0.2401934,0.1410564,0.0965446,0.0941284,0.3064046,0.3362652,0.2406716,0.149882,0.0886966,0.1113138,0.297451,0.352098,0.2491004,0.244637,0.1428268,0.0881808,0.112437,0.3092432,0.344023,0.2478414,0.1439542,0.0926854,0.079296,0.2511908,0.3317324,0.1717095,0.1502628,0.0971616,0.1130662,0.3048472,0.3187874,0.2527522,0.1481784,0.0926062,0.0991366,0.3059596,0.3522222,0.236063,0.1454568,0.0973012,0.0597532,0.3115278,0.3158234,0.197735,0.1453026,0.0576652,0.1347014,0.2868126,0.3319916,0.2281296,0.1419084,0.0675408,0.1320798,0.310449,0.312992,0.2355766,0.1426426,0.1015114,0.1272546,0.314452,0.3445802,0.1391868,0.1508266,0.0902452,0.1410408,0.3114478,0.3170804,0.2542778,0.1483188,0.0979476,0.1367198,0.2808094,0.3387032,0.2550436,0.1445354,0.0907122,0.114141,0.319834,0.3641072,0.2433042,0.1477254,0.0993682,0.1162694,0.3063512,0.3523666,0.2264162,0.14884,0.092362,0.1318044,0.3213714,0.3481718,0.2484184,0.1524498,0.0939566,0.1415614,0.294218,0.3231886,0.166643,0.1472848,0.0875422,0.131602,0.2891218,0.3718726,0.2551558,0.1454604,0.0821848,0.13374,0.313357,0.3339516,0.2423214,0.1501728,0.0986098,0.1126112,0.3137154,0.321109,0.2365426,0.145796,0.0900254,0.1217802,0.3137508,0.345894,0.3393572,0.2351866,0.1370962,0.0888656,0.1386518,0.3045434
0.3063326,0.2524892,0.1478518,0.096516,0.1400644,0.3137118,0.344586,0.2328838,0.1417506,0.0919886,0.1463526,0.3121366,0.3384854,0.1032328,0.1489552,0.0946342,0.115342,0.3026386,0.3971412,0.2304506,0.1542734,0.078751,0.1474152,0.3158546,0.342617,0.2443278,0.1445542,0.0928822,0.1360142,0.3027172,0.3585826,0.2394974,0.1453286,0.0930692,0.1183878,0.3144916,0.3366528,0.0856259,0.1501926,0.0476356,0.1102492,0.3127148,0.3186828,0.2406086,0.1420098,0.0955728,0.1441384,0.3107644,0.3329096,0.2285184,0.1461578,0.0886582,0.1213898,0.31481,0.3215962,0.2389108,0.1415922,0.0954286,0.0969896,0.3033824,0.3352306,0.2371248,0.1493418,0.0876848,0.109766,0.2969,0.3525266,0.246073,0.2435548,0.1429928,0.0890592,0.1104312,0.3091416,0.342482,0.2464678,0.141882,0.0928476,0.0785308,0.2520816,0.3299652,0.1754242,0.150281,0.0966858,0.1188534,0.3071878,0.3242434,0.2510644,0.1492902,0.092931,0.0998708,0.3070898,0.3519982,0.2333096,0.1466084,0.096788,0.0636036,0.3118602,0.3164924,0.195696,0.1452864,0.0559834,0.1358858,0.2999264,0.3317426,0.2266148,0.1421752,0.0698876,0.1320374,0.307624,0.3142414,0.2365522,0.143374,0.1006566,0.1283462,0.3149396,0.3422378,0.1903758,0.1505816,0.0905576,0.140668,0.3091828,0.3165954,0.251397,0.1480942,0.097849,0.1392276,0.283271,0.334078,0.2536664,0.1448606,0.0910774,0.1123336,0.3159918,0.3649202,0.245836,0.1467888,0.099006,0.1177504,0.3062886,0.3514228,0.2230216,0.147734,0.091765,0.132515,0.3153502,0.3430976,0.2454798,0.1531752,0.0929284,0.1409722,0.2934022,0.3233008,0.1667104,0.1498334,0.0874048,0.1285466,0.2880564,0.3699736,0.2522978,0.143983,0.0826536,0.136317,0.3182558,0.3364806,0.2412674,0.1509726,0.0989494,0.1174884,0.3107688,0.3203646,0.2351598,0.14645,0.0896464,0.141696,0.3118742,0.346165,0.3376488,0.2315636,0.1381072,0.089958,0.1403576,0.310136
0.3062432,0.2498832,0.1471542,0.096376,0.142455,0.283585,0.3431048,0.2328692,0.1419022,0.0915484,0.1466614,0.3154278,0.3348138,0.1068956,0.1489222,0.0957784,0.1162022,0.3010692,0.398493,0.2279314,0.1532414,0.0779024,0.1470106,0.3130176,0.3418598,0.2422438,0.14327,0.0929184,0.138198,0.3058444,0.3596836,0.2369726,0.1450088,0.0911024,0.1185004,0.3128796,0.3328354,0.1329164,0.1516256,0.0482248,0.1113008,0.3154156,0.3087636,0.2384788,0.1423686,0.0966616,0.1443762,0.3135282,0.3332798,0.2272272,0.1467024,0.0892264,0.1201118,0.3148536,0.3245378,0.237232,0.1411916,0.097884,0.0965896,0.3027086,0.334387,0.1215306,0.1497008,0.0865884,0.1141616,0.301193,0.352633,0.2456908,0.2438538,0.1436116,0.087903,0.1103824,0.3095398,0.340237,0.2446978,0.1432868,0.0939256,0.0790498,0.286832,0.330372,0.1905506,0.1489116,0.0958466,0.1197876,0.3157954,0.3252704,0.2524708,0.1502504,0.0937796,0.1093894,0.307923,0.3527436,0.2326866,0.1462172,0.096537,0.0610986,0.3125726,0.3153446,0.191466,0.1448968,0.055852,0.1395798,0.3020924,0.3304756,0.2246438,0.1419574,0.0704066,0.1311502,0.3063114,0.3143784,0.2358214,0.1431186,0.1005204,0.1306814,0.3122134,0.3404372,0.2083352,0.149616,0.0897672,0.140803,0.308117,0.3209722,0.2511798,0.1475012,0.0969384,0.138025,0.2822138,0.3343572,0.2516592,0.1447622,0.0902054,0.112989,0.3218268,0.363743,0.2425454,0.14716,0.0991628,0.1179204,0.307252,0.347355,0.2229646,0.1455868,0.0929582,0.135593,0.3202148,0.351763,0.2431912,0.150396,0.0961256,0.1429958,0.2949098,0.3278526,0.1826964,0.1490096,0.0887066,0.1265122,0.2833792,0.367139,0.2534146,0.1435244,0.0816348,0.137427,0.319899,0.3356324,0.2400876,0.1503192,0.0988826,0.1287222,0.3157636,0.320087,0.2338784,0.14592,0.0896552,0.1422046,0.31302,0.3451392,0.3369086,0.2309764,0.1411034,-0.0084083,0.1408498,0.3162126
0.3112288,0.2464876,0.147898,0.097468,0.1442316,0.3196792,0.3445002,0.2350306,0.1416254,0.0906768,0.1469162,0.3146522,0.3316398,0.1481948,0.1499998,0.0955318,0.1115736,0.2971768,0.3967724,0.2254992,0.1510028,0.0799008,0.1488664,0.3113218,0.3417564,0.242616,0.144989,0.093251,0.1360962,0.304381,0.3570698,0.2355566,0.1439562,0.092341,0.121689,0.3117808,0.3282392,0.1550145,0.1497586,0.048301,0.1152264,0.3113162,0.3054164,0.2365652,0.1434188,0.0966304,0.1440396,0.3121274,0.3329906,0.2279362,0.1473202,0.0892528,0.1367682,0.3198018,0.3239626,0.236525,0.1413784,0.0979918,0.0950396,0.3037192,0.3334216,0.12067,0.1498624,0.0874794,0.1185754,0.3022336,0.3512868,0.245042,0.2446518,0.143303,0.0876532,0.1122454,0.3087514,0.338368,0.2433046,0.1431968,0.093569,0.0766766,0.3077282,0.3309872,0.1978584,0.1493528,0.0971378,0.1168956,0.3145712,0.3267508,0.2506048,0.1489986,0.093372,0.1240236,0.3084816,0.3514352,0.2360028,0.1474334,0.097437,0.060828,0.3143726,0.3147204,0.1896742,0.1469096,0.0937582,0.1380978,0.3039088,0.3322904,0.2247382,0.1422124,0.0725132,0.1356106,0.3069284,0.3169904,0.235297,0.1429664,0.1003668,0.130694,0.3139358,0.3426366,0.215351,0.149817,0.0896174,0.140604,0.3094152,0.3239094,0.2513146,0.1471252,0.098423,0.138798,0.279707,0.3349992,0.2507648,0.1445862,0.0899566,0.1125602,0.3197098,0.3669656,0.2422436,0.1479018,0.0980764,0.118352,0.3092832,0.3444108,0.2239128,0.1462746,0.0931724,0.135558,0.3203916,0.298398,0.2396358,0.1509992,0.0965216,0.1424492,0.2943928,0.3262334,0.1833276,0.148265,0.0884872,0.1281794,0.2853918,0.3711454,0.2538118,0.1437432,0.0817442,0.1368946,0.3202178,0.3328682,0.239043,0.151089,0.0983282,0.1253152,0.3110414,0.3194778,0.2304372,0.1459996,0.089406,0.1423302,0.3147242,0.343544,0.3371046,0.2293042,0.138847,0.0356241,0.14413,0.3138012
0.3101132,0.246805,0.1482396,0.0983112,0.1422928,0.3226976,0.3439698,0.2322186,0.1425054,0.089469,0.145471,0.311874,0.3328536,0.155906,0.1521428,0.0963326,0.1141244,0.2951382,0.3956278,0.2263512,0.1503232,0.0797074,0.1456074,0.3093288,0.3410104,0.240312,0.149074,0.0930586,0.1367492,0.3053004,0.3544418,0.2368858,0.1453934,0.093012,0.1213996,0.3120292,0.3310638,0.1536798,0.152979,0.0714744,0.1134324,0.3096632,0.3064478,0.2378584,0.0449815,0.096086,0.1424374,0.3129402,0.330781,0.2271634,0.147687,0.0888364,0.1353708,0.3161634,0.3233366,0.2339548,0.1414342,0.0977052,0.0959996,0.30668,0.3310316,0.1495242,0.1525542,0.0877694,0.1208864,0.296586,0.350441,0.2431102,0.241575,0.1448546,0.087542,0.1203918,0.3133456,0.3406448,0.2411666,0.1410632,0.093905,0.0765012,0.3076764,0.3275874,0.2197531,0.1490894,0.0972574,0.1154828,0.3116326,0.3234038,0.249688,0.1486026,0.0935528,0.1247254,0.3085786,0.3503448,0.2373264,0.1477564,0.0977752,0.0593102,0.3108368,0.3153964,0.1911606,0.1463892,0.0936396,0.1376014,0.3049922,0.332293,0.2248842,0.1423628,0.0706792,0.1356464,0.3084786,0.319087,0.2369698,0.141515,0.1004302,0.1282466,0.3157776,0.3378122,0.2484494,0.1495144,0.0885932,0.1393448,0.309663,0.3218394,0.2486476,0.1474998,0.0970768,0.1377826,0.2808936,0.3304576,0.249972,0.1449242,0.0908072,0.1138462,0.3194348,0.3648804,0.2437102,0.148853,0.0971136,0.1218244,0.3035512,0.3396296,0.2249106,0.1470652,0.093036,0.1374918,0.3166694,0.3175644,0.2382338,0.1499248,0.095925,0.1421122,0.2950618,0.3261194,0.1999884,0.1488086,0.0883534,0.1332154,0.285828,0.3698446,0.252803,0.1436548,0.08213,0.1361354,0.319843,0.3335152,0.2390982,0.1501748,0.0983252,0.1248578,0.3137332,0.3208288,0.2313118,0.1447042,-0.0235034,0.1413438,0.3109454,0.3416826,0.3355326,0.2250342,0.14099,0.0502708,0.1430406,0.3114708
0.3122612,0.244405,0.1475678,0.0987208,0.1457432,0.3226072,0.344387,0.23133,0.1418694,0.0911632,0.1451412,0.3136298,0.3351132,0.1772476,0.1513534,0.0962196,0.1153146,0.3011758,0.3988884,0.2251104,0.1497436,0.0770446,0.1458018,0.3122592,0.3428252,0.238961,0.1483718,0.094236,0.1366926,0.306679,0.352899,0.2378334,0.1467372,0.0930576,0.118325,0.3087512,0.3321984,0.1706222,0.152961,0.071363,0.1209508,0.3105086,0.3102578,0.2360726,0.1000121,0.0962716,0.143453,0.3134398,0.3302858,0.2290742,0.1472628,0.0899008,0.1353516,0.3184492,0.3257512,0.2331074,0.1403186,0.0978816,0.0924858,0.3072644,0.328421,0.1485648,0.1504464,0.0884544,0.1217846,0.3021494,0.3555518,0.2432278,0.2400414,0.1438156,0.0874906,0.1153794,0.314089,0.3400898,0.238286,0.140646,0.0938238,0.0786112,0.3097504,0.3278752,0.2189975,0.1488762,0.0970594,0.1174736,0.3081374,0.3231348,0.2457384,0.1480468,0.0939096,0.1246248,0.3083932,0.3482292,0.2371772,0.148315,0.0965628,0.05621,0.3089996,0.3140866,0.190083,0.1462044,0.094039,0.137735,0.3070054,0.3277564,0.225373,0.1411666,0.0681246,0.1345792,0.307507,0.3154018,0.235231,0.1410418,0.1003926,0.124698,0.3160522,0.3409146,0.2428384,0.149465,-0.0222533,0.1390458,0.3114374,0.3215064,0.2461704,0.1475608,0.0973758,0.1466162,0.2807908,0.3342498,0.2497072,0.1453784,0.090728,0.1086836,0.3206084,0.361218,0.2443216,0.147584,0.0969244,0.1230184,0.3075344,0.3376422,0.2240434,0.1456954,0.0929848,0.1368802,0.318248,0.3367936,0.1520938,0.1509314,0.09517,0.1431876,0.2937338,0.3259884,0.2167386,0.1489882,0.0876682,0.142018,0.2890806,0.3685918,0.2512836,0.1431818,0.0834744,0.1368796,0.320193,0.3323804,0.2384068,0.1520378,0.0986428,0.1255756,0.3115154,0.320088,0.2328364,0.1461444,-0.01067,0.140867,0.3082388,0.342895,0.3314536,0.2244382,0.141202,0.0466324,0.1415942,0.3143074
0.315023,0.2408932,0.1485008,0.0989958,0.141756,0.322951,0.3432374,0.2292184,0.143174,0.0910196,0.1463484,0.313284,0.3354668,0.2290974,0.1516308,0.0959836,0.1167558,0.300363,0.398142,0.2230134,0.1473146,0.0772592,0.1491158,0.3160672,0.343251,0.2384448,0.1486588,0.0940008,0.1360468,0.2518961,0.3563982,0.233099,0.1464318,0.093727,0.1161506,0.3116394,0.3327512,0.1865454,0.1541974,0.0699574,0.1213386,0.3120646,0.3114778,0.2331362,0.1011119,0.0962444,0.1437626,0.3123366,0.3285098,0.2281412,0.1475244,0.0907848,0.1343472,0.3152542,0.3273278,0.2317152,0.138382,0.0976636,0.0924906,0.3035478,0.3303282,0.1996836,0.1499206,0.0898154,0.1189548,0.3023314,0.3523234,0.1149397,0.2386874,0.145408,0.0877536,0.1123796,0.3109956,0.3376098,0.2392346,0.1419816,0.0931902,0.079831,0.3118174,0.3269362,0.2108208,0.1468606,0.0981252,0.1190062,0.3035016,0.3228148,0.2466456,0.1482728,0.0927334,0.1231336,0.3097262,0.3475338,0.2362218,0.148072,0.0975478,0.0573276,0.3128798,0.3117394,0.190728,0.145058,0.094644,0.1367166,0.309648,0.3291652,0.223407,0.1404508,0.0732948,0.1360412,0.3098688,0.316924,0.2361584,0.14093,0.100452,0.1238918,0.3171908,0.3400906,0.240095,0.1490322,0.0452691,0.1395996,0.3092348,0.3193814,0.24723,0.14643,0.0964852,0.1456848,0.28235,0.337385,0.2502406,0.1457994,0.0896756,0.1133022,0.3195318,0.360216,0.2432842,0.1473888,0.0962032,0.1255606,0.3049602,0.3420902,0.2234268,0.1456204,0.093795,0.1377514,0.3189058,0.3684024,0.1906361,0.1524432,0.094963,0.1438804,0.2952744,0.3262638,0.215762,0.1485366,0.0883078,0.142748,0.2874092,0.3654002,0.25087,0.1445768,0.0884124,0.1372102,0.3234722,0.3333904,0.2401836,0.1520226,0.0978912,0.1244588,0.3128496,0.3189036,0.2296892,0.145547,0.0393438,0.1433918,0.3096652,0.3435928,0.3325614,0.2228414,0.1399826,0.0701266,0.1420782,0.3078966
0.3153522,0.2384332,0.146322,0.0989526,0.144224,0.3250794,0.3389956,0.2274464,0.1422298,0.0911362,0.1459688,0.313652,0.3368366,0.2435534,0.1522276,0.0962372,0.1182028,0.3017628,0.3963638,0.2238848,0.1487712,0.073696,0.1474796,0.313742,0.3443724,0.2371724,0.1489452,0.093579,0.1346884,0.2769287,0.3603388,0.2340452,0.146305,0.0929238,0.1189056,0.3114658,0.3321662,0.2059238,0.1527528,0.0692448,0.1213656,0.3161744,0.3097708,0.2304782,0.1099862,0.0943334,0.1449724,0.3096594,0.3287742,0.2270636,0.14748,0.0915776,0.1342022,0.3168948,0.327982,0.2355908,0.1401234,0.0963684,0.0941686,0.301638,0.328849,0.201857,0.1490306,0.090117,0.122944,0.3012722,0.2517472,0.1565283,0.2356052,0.143787,0.0877564,0.1129802,0.3100906,0.3357418,0.237608,0.1433856,0.0928538,0.084345,0.3069496,0.3277816,0.2282902,0.1462128,0.0982564,0.1170272,0.3105362,0.3229136,0.2462244,0.148879,0.0924448,0.1184974,0.3071486,0.3465446,0.235926,0.1475604,0.0967502,0.0587944,0.3125404,0.311566,0.1890922,0.1440428,0.0931826,0.1375416,0.3051076,0.3256016,0.2229212,0.139512,0.0718818,0.1375796,0.3116768,0.3125372,0.234921,0.1387434,0.1003068,0.1354784,0.3136222,0.3393504,0.2411548,0.148651,0.0694504,0.1377026,0.3074544,0.3228076,0.2465446,0.1461238,0.096974,0.1491996,0.2804838,0.3347612,0.245942,0.147521,0.0897682,0.113735,0.3221442,0.3584196,0.2421684,0.149359,0.0972206,0.1237678,0.3023914,0.3409324,0.2240596,0.147789,0.0928152,0.1375038,0.3197726,0.3740748,0.1938903,0.1545908,0.0943882,0.1444018,0.2912792,0.3274838,0.2149646,0.146543,0.0884096,0.142469,0.2892802,0.3640058,0.2501964,0.1466274,0.088201,0.135498,0.3156292,0.333308,0.239174,0.1533864,0.0985162,0.1285398,0.3161422,0.3175812,0.2275,0.1440898,0.043727,0.1432838,0.3116952,0.3402758,0.3306016,0.2222386,0.1400388,0.0713116,0.142176,0.3041772
0.3103838,0.2382072,0.1466208,0.0986466,0.1429554,0.3246686,0.3404884,0.2263688,0.1416308,0.0918258,0.143415,0.3162226,0.3355108,0.239913,0.1511772,0.096741,0.1160362,0.3006942,0.3969568,0.2230892,0.0319784,0.0739528,0.1490464,0.3139998,0.3441846,0.2336682,0.149726,0.0944364,0.135362,0.3026246,0.3581664,0.2319778,0.146453,0.092754,0.123245,0.3141964,0.3309242,0.2099182,0.150753,0.0673108,0.1216074,0.3169992,0.3097142,0.2316168,0.1125462,0.0963186,0.1435592,0.3136194,0.3321334,0.2261928,0.146923,0.0910302,0.1375188,0.3164196,0.3301664,0.2339384,0.140824,0.0975194,0.0935544,0.3020358,0.3257766,0.2040802,0.1506166,0.0877578,0.1206036,0.2983978,0.3288749,0.1704413,0.112191,0.1414958,0.087132,0.115019,0.3079564,0.3354974,0.2362674,0.1433594,0.0931964,0.0825184,0.3043726,0.3260422,0.2227874,0.1470034,0.0973264,0.1171636,0.3108696,0.3232528,0.2456748,0.1491564,0.0924512,0.1163856,0.3062794,0.3446898,0.2358086,0.1486884,0.0970908,0.056393,0.3104798,0.310652,0.2022932,0.147042,0.0930694,0.1410482,0.3038908,0.325823,0.2221702,0.1395352,0.0707498,0.1352866,0.3084494,0.3116496,0.2305952,0.1413042,0.099379,0.1412576,0.2515226,0.3334988,0.2379522,0.1508572,0.0782782,0.1389422,0.3071816,0.323443,0.2440898,0.1468998,0.0963368,0.1488996,0.2788968,0.3325764,0.2433844,0.1471972,0.089515,0.1159162,0.3193172,0.3602298,0.2408086,0.1500186,0.0982288,0.1243014,0.3021936,0.344494,0.0961988,0.1482954,0.0919238,0.1347104,0.3226326,0.3811052,0.1979165,0.1527938,0.0946908,0.1426374,0.294257,0.323587,0.2137786,0.1478644,0.0874984,0.1417822,0.2864884,0.3653384,0.2496816,0.1474358,0.0906582,0.1335572,0.3197598,0.3334978,0.2389104,0.1516034,0.0987606,0.1294644,0.3160374,0.3198368,0.2290088,0.1471926,0.0616616,0.1410742,0.312655,0.3417158,0.328864,0.221447,0.1475916,0.0703666,0.1412964,0.308828
0.3089594,0.2359582,0.1477464,0.0986282,0.1444032,0.3240496,0.341732,0.2266718,0.1416026,0.0916764,0.1440426,0.3145694,0.3373344,0.2405986,0.1499946,0.096671,0.1161382,0.2522889,0.3953182,0.2234338,0.088835,0.0736258,0.146813,0.3152364,0.342603,0.2332716,0.1481192,0.0936698,0.1367924,0.3230158,0.3553334,0.2307376,0.1446084,-0.0028478,0.1240702,0.31165,0.3351558,0.2120338,0.1488366,0.0871806,0.1195008,0.3166788,0.3060408,0.2331764,0.1429704,0.0966158,0.142188,0.3122434,0.3318728,0.2250148,0.146075,0.09054,0.1385688,0.3161992,0.3283974,0.2338494,0.1404784,0.0967748,0.097697,0.3057678,0.325391,0.2039004,0.0630228,0.0884954,0.1217632,0.303699,0.3353677,0.1766196,0.157529,0.1412764,0.0871956,0.1150342,0.3092218,0.335267,0.2347338,0.1421078,0.0931298,0.0790888,0.3016986,0.323109,0.2248966,0.146377,0.0969646,0.117038,0.3068354,0.3206714,0.2462556,0.1495756,0.093626,0.1162924,0.3077362,0.3454178,0.2358282,0.146504,0.0959866,0.0494156,0.307164,0.3096554,0.2066698,0.1472838,0.0939152,0.141358,0.3063716,0.3225046,0.2206292,0.1391208,0.0791726,0.1359414,0.3069834,0.3069758,0.2300506,0.1404554,0.1000276,0.1420718,0.2972688,0.3335636,0.2369782,0.1501952,0.079623,0.1364386,0.3022738,0.322217,0.2451342,0.1467032,0.096144,0.1468376,0.2800344,0.3275388,0.238917,0.1449106,0.0895458,0.1146734,0.3173944,0.3592318,0.2426276,0.148944,0.0994684,0.1248908,0.3061322,0.3407284,0.119257,0.1467154,0.0917794,0.1374964,0.3181288,0.382395,0.2025971,0.1548818,0.095931,0.1451552,0.2904684,0.3193926,0.2232487,0.1482506,0.0886518,0.1424552,0.2863384,0.3646464,0.2469416,0.1471774,0.0900858,0.1341794,0.3201822,0.3325272,0.123703,0.1499758,0.0981808,0.1306656,0.3131198,0.3159762,0.2264016,0.1472504,0.086725,0.140839,0.3089326,0.344536,0.3299338,0.2210502,0.1479014,0.0712074,0.141679,0.3052876
0.30781,0.2370236,0.1490344,0.0979138,0.145434,0.3200388,0.3424496,0.2256178,0.1401662,0.0892034,0.1430028,0.3161106,0.3386482,0.244397,0.1483942,0.0961518,0.1135948,0.277859,0.3950936,0.2219202,0.133646,0.074974,0.1459332,0.313473,0.3451938,0.2317046,0.1497404,0.0931032,0.1365826,0.3252684,0.3577024,0.2300726,0.1448862,0.0089044,0.125206,0.3111902,0.3367432,0.210727,0.1501206,0.097417,0.1224208,0.3176804,0.3096502,0.234357,0.1454488,0.0974852,0.1416226,0.3124186,0.328308,0.2237694,0.1468392,0.0921994,0.13725,0.3168804,0.32603,0.143533,0.1404394,0.0968848,0.0872,0.305569,0.3257688,0.2133694,0.1107098,0.0850802,0.1212642,0.299609,0.3605416,0.1954852,0.1715997,0.1392468,0.0872316,0.115396,0.3124658,0.3327172,0.2332758,0.1397278,0.0951618,0.079208,0.3067032,0.3220298,0.222832,0.147605,0.0965216,0.1174744,0.3100176,0.3227912,0.2453402,0.1497048,0.093755,0.115409,0.3117386,0.3471476,0.2346972,0.1457472,0.0964568,0.045169,0.3064784,0.3088176,0.208241,0.145875,0.0962616,0.1401106,0.3052866,0.3215604,0.219625,0.1404494,0.0764206,0.1368394,0.3101232,0.3100564,0.229887,0.1403904,0.0994642,0.1412536,0.3257726,0.3361408,0.2344466,0.1511962,0.0798028,0.1381704,0.308228,0.3255994,0.2454246,0.1474264,0.0973926,0.1471666,0.2799464,0.325968,0.238125,0.144394,0.0903878,0.1127196,0.3235874,0.3566144,0.243009,0.149391,0.0996482,0.124974,0.2092464,0.3421954,0.1763378,0.1473858,0.0916914,0.1345596,0.3167608,0.380525,0.2069761,0.1533958,0.0955104,0.1440556,0.2886592,0.3205432,0.225164,0.1494038,0.08747,0.1431186,0.2844514,0.365603,0.2464974,0.1452506,0.0919608,0.1334136,0.3220666,0.3291534,0.141174,0.149505,0.0981732,0.1311154,0.3129086,0.3184368,0.2255488,0.146156,0.0873096,0.1416944,0.3080676,0.341837,0.329072,0.2195066,0.1484684,0.0689192,0.1428066,0.3105674
0.3064128,0.2341956,0.0711702,0.0984034,0.144123,0.3194628,0.342026,0.227438,0.1426106,0.0360336,0.1444082,0.3162622,0.3365906,0.2433416,0.1474812,0.0952324,0.112457,0.303543,0.3939936,0.2196326,0.134498,0.0734526,0.146785,0.3161252,0.3460422,0.227396,0.1467498,0.0922258,0.1343342,0.32379,0.357358,0.227973,0.144169,0.0404386,0.1229912,0.3091034,0.3362266,0.2224918,0.1497688,0.0973146,0.1215628,0.3134592,0.3102188,0.2348552,0.1484918,0.09709,0.1439052,0.3114736,0.322021,0.2214736,0.1458132,0.092192,0.1375772,0.3173356,0.3234982,0.1645618,0.1394958,0.0980016,0.0891872,0.2991848,0.3264078,0.2120854,0.1413906,0.1018878,0.1225414,0.3033204,0.3753196,0.2109393,0.1725349,0.1382284,0.087821,0.1112158,0.306087,0.3371438,0.2321726,0.140584,0.0957016,0.0834704,0.3030102,0.322431,0.2226754,0.1489768,0.0959126,0.1133976,0.3103796,0.3231094,0.2445126,0.1494928,0.092506,0.1139184,0.3079136,0.3442728,0.235207,0.1455266,0.0981168,0.0476216,0.3072348,0.3103374,0.2043764,0.1451358,0.0980562,0.1403984,0.3035524,0.3260152,0.2238706,0.1405126,0.0765006,0.1356828,0.3089552,0.3105052,0.2271162,0.1412216,0.0989806,0.1425984,0.3245572,0.335262,0.234826,0.1502972,0.0800646,0.137949,0.310776,0.3236102,0.244008,0.1481386,0.0976194,0.148559,0.284155,0.326884,0.236037,0.1450308,0.0907172,0.1121744,0.3237574,0.35756,0.2429748,0.1477304,0.0999006,0.12193,0.2280866,0.3418606,0.1789612,0.1481438,0.0925992,0.135395,0.316049,0.374013,0.2195318,0.1525838,0.0952526,0.145795,0.291717,0.3218042,0.2347994,0.1499908,0.0861292,0.1442462,0.2853844,0.36325,0.2449068,0.1453764,0.0915168,0.13608,0.3154314,0.3244446,0.1512636,0.1490264,0.0979172,0.1323072,0.312666,0.3130788,0.2263042,0.1467796,0.0871792,0.142312,0.3110178,0.338628,0.330803,0.2197358,0.1485232,0.0704348,0.143852,0.3103396
0.3091306,0.2320682,0.0937487,0.097488,0.1428044,0.321188,0.3405222,0.2273732,0.143275,0.0525568,0.143816,0.3167084,0.3360346,0.2435424,0.1086006,0.095942,0.1150226,0.308821,0.3927002,0.2194594,0.133283,0.0940132,0.1477688,0.3121596,0.341783,0.2284024,0.146837,0.092889,0.1309176,0.3250168,0.3548624,0.2258288,0.1452012,0.0379862,0.1246386,0.3118284,0.3340942,0.229521,0.1514534,0.095677,0.120361,0.3143392,0.3101418,0.0660135,0.1464022,0.0953976,0.145561,0.3105464,0.3212406,0.2190402,0.1454544,0.0922872,0.1389794,0.3172376,0.3251604,0.1807774,0.1406768,0.098013,0.091138,0.3000424,0.3230376,0.2111958,0.1394774,0.101046,0.121254,0.2999206,0.3764928,0.2185752,0.1762636,0.1388902,0.087746,0.113325,0.3060644,0.3390364,0.230033,0.142083,0.096015,0.0821774,0.3020234,0.3268692,0.2236912,0.147717,0.095919,0.1145828,0.3094352,0.3220626,0.2433688,0.149172,0.091814,0.1178914,0.308886,0.3464992,0.2355448,0.1460046,0.0460555,0.0495174,0.3059824,0.3109968,0.203768,0.1447496,0.0980742,0.1409514,0.3056328,0.3233024,0.0205221,0.1403174,0.0771144,0.1359182,0.305924,0.3126746,0.2263894,0.1402288,0.098939,0.1415568,0.3232358,0.3407896,0.2359738,0.148942,0.0782634,0.1401756,0.310286,0.3265172,0.2423,0.148884,0.0981316,0.1470176,0.2823094,0.32401,0.2371976,0.1462926,0.0906208,0.114282,0.3237296,0.354747,0.2410748,0.1465614,0.0993682,0.1218506,0.2349658,0.3395708,0.1796614,0.1473008,0.0918506,0.1348412,0.320171,0.3720644,0.216443,0.1539358,0.0946506,0.144491,0.2920182,0.3179188,0.2366474,0.149883,0.0864782,0.1434932,0.2894416,0.3638878,0.243055,0.1438616,0.0911892,0.1384564,0.3196658,0.3273938,0.178173,0.1486284,0.097281,0.1335852,0.3087924,0.3147208,0.2257424,0.146804,0.0872158,0.1388234,0.311134,0.3405708,0.3288914,0.2163522,0.1478884,0.0698416,0.1411272,0.30276
0.3069094,0.232029,0.1453778,0.0974572,0.1415494,0.3254284,0.3381974,0.224174,0.1423262,0.073843,0.144174,0.3180408,0.3374008,0.244731,0.1185776,0.095255,0.1157612,0.316297,0.3877348,0.2195108,0.1477694,0.0943028,0.1490702,0.309421,0.3430204,0.225998,0.147633,0.093327,0.1322832,0.3258652,0.3526108,0.2237406,0.145704,0.0343676,0.122335,0.3084628,0.3359584,0.2270912,0.1495208,0.0960126,0.1255038,0.3101354,0.308653,0.0649697,0.1484548,0.0953242,0.1450792,0.3131952,0.3228468,0.2172028,0.1472012,0.0920856,0.1357924,0.3182774,0.328635,0.2008836,0.1424624,0.0983982,0.086257,0.3065162,0.3176164,0.2116594,0.1392558,0.1010454,0.1224826,0.294445,0.3788652,0.222383,0.1847686,0.1401398,0.088368,0.1123558,0.3074162,0.3389496,0.2307334,0.143028,0.0967446,0.0814664,0.303161,0.3290552,0.2178464,0.1500428,0.0963526,0.1145074,0.3065134,0.3206884,0.2425604,0.1489688,0.0915944,0.1190452,0.3094758,0.3479564,0.235202,0.1475632,0.0712072,0.0468694,0.308546,0.3096602,0.20427,0.14629,0.0993748,0.1433756,0.3063232,0.323374,0.0893367,0.14113,0.0938056,0.1342382,0.3060258,0.3161976,0.2227672,0.0478602,0.0973814,0.1424864,0.3255646,0.336391,0.2376974,0.1492034,0.0797008,0.1382094,0.3102794,0.3253142,0.238582,0.1472908,0.0979798,0.1463914,0.2816146,0.3247746,0.2359752,0.1467416,0.0915204,0.1127872,0.322055,0.3552552,0.2390994,0.1485994,0.0989254,0.1288954,0.2780808,0.342884,0.1797206,0.1465224,0.09072,0.1339884,0.3167118,0.3722732,0.2328246,0.1545228,0.094517,0.1418158,0.2902014,0.3218546,0.2364168,0.149435,0.0873572,0.1424636,0.2831648,0.3647336,0.2404362,0.1445036,0.0912576,0.141394,0.3211882,0.3279098,0.2070644,0.1505924,0.0975442,0.1351046,0.3107442,0.3129346,0.2237808,0.146711,0.0871978,0.143043,0.3114896,0.339705,0.3277502,0.219039,0.1484692,0.0860786,0.1458934,0.3064806
0.3075906,0.2310904,0.145672,0.0979548,0.1427854,0.3249136,0.3380128,0.2229386,0.1440006,0.0867756,0.1458178,0.3189586,0.3379912,0.2433532,0.1318138,0.0951392,0.1166006,0.3191288,0.3892888,0.2178372,0.1474444,0.094336,0.1472536,0.3101754,0.342328,0.2266798,0.1461372,0.093595,0.1338658,0.3233376,0.3498412,0.2231924,0.1433676,0.0369988,0.1208078,0.3092868,0.3383072,0.2255826,0.1506028,0.096489,0.123628,0.3145566,0.3127204,0.1057903,0.1479628,0.0959568,0.1468848,0.308804,0.321418,0.2170098,0.1465434,0.0928864,0.1367644,0.315842,0.3257246,0.2158938,0.143941,0.0983956,0.0857588,0.3035568,0.3177618,0.2080246,0.139434,0.102303,0.1228854,0.2992008,0.3791966,0.2188956,0.2113348,0.1406268,0.0872542,0.1144236,0.3056824,0.33792,0.2281598,0.1440142,0.0951108,0.083891,0.3030124,0.3295566,0.2197472,0.1508096,0.096379,0.1209114,0.305183,0.3168324,0.2413842,0.1477332,0.0935188,0.120134,0.306138,0.3471982,0.2319188,0.1494676,0.0736936,0.0528762,0.307678,0.3125236,0.2419222,0.146784,0.0982132,0.1407522,0.303273,0.3252866,0.1443716,0.1416018,0.0940948,0.1354582,0.3066118,0.3163406,0.221717,0.0800944,0.0987174,0.1428924,0.326263,0.333853,0.2373158,0.0488262,0.0796122,0.1383888,0.3048868,0.325687,0.2367404,0.148357,0.0974022,0.1469858,0.282271,0.3215608,0.0972502,0.1445692,0.0918664,0.1083598,0.3206656,0.3564906,0.238397,0.1482722,0.0990014,0.1246936,0.304752,0.3461994,0.1814408,0.1444192,0.0921296,0.1342052,0.3185276,0.3699296,0.2340186,0.1550104,0.0947584,0.1420554,0.287655,0.3193612,0.234732,0.1502512,0.0888766,0.1419084,0.2850582,0.3591044,0.2382632,0.146991,0.08989,0.1393032,0.3176942,0.3295724,0.2148044,0.1481952,0.0967358,0.1331742,0.3141782,0.312187,0.2224964,0.1474738,0.0867358,0.142403,0.3108902,0.3375448,0.3245476,0.2168192,0.149742,0.0869806,0.1435186,0.3101222
0.3068538,0.2283326,0.1480436,0.0989604,0.1412844,0.318507,0.3346546,0.2264822,0.1442846,0.0893664,0.1444504,0.3156822,0.3355456,0.2428624,0.1321474,0.0949954,0.1157816,0.3188572,0.3878746,0.2174412,0.1466932,0.094576,0.1485836,0.3084782,0.342954,0.2259276,0.1473934,0.0938532,0.133978,0.3223918,0.348829,0.2251024,0.1409434,0.0384978,0.1205546,0.3101984,0.3376438,0.2274428,0.1509968,0.0958492,0.1232598,0.3155738,0.312197,0.1428528,0.148302,0.0953218,0.1437482,0.3092016,0.3187382,0.2170272,0.1463634,0.0925474,0.1370924,0.2477821,0.3218724,0.2173782,0.1418704,0.0976114,0.0921096,0.3045288,0.315518,0.2108424,0.1403438,0.1025084,0.1222282,0.2983374,0.3777794,0.2381268,0.2136412,0.1415736,0.0872026,0.1153145,0.3112128,0.3396654,0.2250388,0.1432768,0.095102,0.0842576,0.3057346,0.3286896,0.2495838,0.150176,0.0964566,0.1192868,0.3019234,0.2210822,0.2433494,0.1462694,0.093261,0.1197984,0.3086836,0.3448064,0.2317144,0.150174,0.0731196,0.0515998,0.3110618,0.3118138,0.2412578,0.1480338,0.0993664,0.1403864,0.3038494,0.324221,0.1890898,0.1411806,0.0924376,0.1349012,0.3060614,0.3146372,0.2228436,0.0946728,0.097806,0.1407432,0.3298884,0.3316258,0.233923,0.1245612,0.08188,0.1379852,0.3059754,0.3250816,0.2365056,0.1494292,0.094978,0.1464244,0.2840088,0.3204926,0.1207194,0.1458716,0.0909628,0.1169184,0.3216484,0.35876,0.2385384,0.149044,0.0993578,0.1193698,0.3183554,0.3461516,0.1785086,0.1458174,0.0919982,0.1351352,0.3194574,0.3654774,0.2331028,0.1537456,0.0950462,0.1416738,0.2894742,0.3190278,0.23315,0.148696,0.0883192,0.1401416,0.2890772,0.3604636,0.2377682,0.1447784,0.0908656,0.1392148,0.3184918,0.32612,0.2173966,0.1489942,0.0965464,0.134652,0.3160776,0.3159906,0.2206702,0.1460434,0.086664,0.1432564,0.3079082,0.3325462,0.327181,0.2153346,0.1489836,0.0999908,0.1417738,0.3071668
0.3085542,0.2272598,0.1477078,0.0982664,0.1434192,0.3221062,0.3305996,0.0674673,0.1428456,0.090785,0.1443496,0.3138672,0.3338658,0.2437452,0.1374734,0.0949858,0.1196322,0.3204814,0.3864878,0.2176428,0.1468972,0.0932112,0.1498492,0.3093272,0.3428398,0.226029,0.1473806,0.093608,0.1356354,0.3240608,0.346395,0.2256138,0.0670522,0.0386492,0.123935,0.3127054,0.334057,0.2405264,0.1517414,0.0960406,0.122801,0.3158354,0.3100964,0.1861128,0.1496442,0.0957184,0.1426244,0.310691,0.3178202,0.2164464,0.1477682,0.0932112,0.1382512,0.2921663,0.3240466,0.2322008,0.1422142,0.0975104,0.0880154,0.304908,0.314295,0.2115268,0.1407734,0.10167,0.1194828,0.299052,0.37517,0.2369564,0.2174946,0.14141,0.0860428,0.115508,0.3109842,0.3405522,0.2277204,0.142516,0.0950132,0.0842592,0.3053906,0.3294038,0.2510464,0.0755998,0.0958116,0.1184114,0.3053962,0.255649,0.2418008,0.0731617,0.093382,0.1142368,0.31031,0.3430546,0.0457244,0.1504582,0.0731058,0.0544122,0.3119078,0.3135682,0.2427004,0.147233,0.0989298,0.1391386,0.302789,0.3238638,0.1936748,0.1409682,0.0925944,0.1353364,0.3088998,0.3187458,0.2204522,0.0961764,0.0982868,0.1392084,0.3329522,0.328846,0.2316828,0.1279334,0.0840174,0.1391284,0.3061284,0.3258976,0.2349374,0.1488344,0.0963222,0.1482168,0.281329,0.3196292,0.1343568,0.1457008,0.0911954,0.118688,0.3187858,0.3630494,0.2381788,0.1477026,0.0998496,0.1193282,0.3205366,0.3463794,0.1827984,0.147773,0.092616,0.1353672,0.3174816,0.3673196,0.2333176,0.152547,0.096757,0.1423752,0.2935194,0.31882,0.2311632,0.1497686,0.0874836,0.1376746,0.285214,0.3588756,0.0937932,0.1467046,0.0905518,0.136729,0.3192896,0.3249342,0.2356538,0.149995,0.0967374,0.1328312,0.3151306,0.3164466,0.2207128,0.1453638,0.0858802,0.1421886,0.3070666,0.3312922,0.3229342,0.2136756,0.1495528,0.0990872,0.1426298,0.3079184
0.30755,0.2275338,0.1485464,0.0978286,0.143949,0.3226578,0.332052,0.0862127,0.142266,0.0968434,0.1462074,0.3158872,0.3336122,0.241968,0.1386752,0.0959042,0.1142786,0.3189824,0.3848894,0.2159142,0.14833,0.0938388,0.1477154,0.3105624,0.3462686,0.2248872,0.1488278,0.0931274,0.1353332,0.3241272,0.3474102,0.2264058,0.0909696,0.0357792,0.1248964,0.3094426,0.3319606,0.2406666,0.1518236,0.0956886,0.1239348,0.3183132,0.3145572,0.1881551,0.1489088,0.0956136,0.1422352,0.313864,0.3205398,0.215892,0.1468068,0.0922324,0.1375942,0.3159326,0.32364,0.2329094,0.1436458,0.0977884,0.0916516,0.3044124,0.3165738,0.20777,0.1417318,0.1011962,0.1211224,0.297778,0.376833,0.2362196,0.220003,0.143214,0.0863376,0.116835,0.308611,0.3370824,0.2270764,0.1424828,0.0946058,0.080716,0.3056726,0.3266486,0.2523404,0.113392,0.0977052,0.1215036,0.3075672,0.2620814,0.0967517,0.1136518,0.0931466,0.1140818,0.3090774,0.3406858,0.1030701,0.149408,0.0706548,0.06101,0.2127521,0.3114218,0.2417892,0.0231255,0.0992678,0.1379142,0.3076044,0.319353,0.1950214,0.1408706,0.0933032,0.1383112,0.3052344,0.317613,0.219661,0.0989494,0.0985934,0.1398856,0.3308514,0.3274672,0.2288798,0.1344558,0.0951218,0.13929,0.3070486,0.3260098,0.2356792,0.149241,0.0966946,0.1462668,0.2809504,0.3197518,0.15483,0.144644,0.0918974,0.121471,0.3179128,0.3605132,0.2345156,0.148144,0.0988362,0.1200808,0.325018,0.346296,0.1888316,0.1492946,0.092652,0.1368678,0.317816,0.3673528,0.2386856,0.1535282,0.096762,0.144122,0.2897678,0.3228236,0.2344062,0.1507048,0.0885326,0.1392924,0.2839818,0.3578424,0.137133,0.1463856,0.0906494,0.1364562,0.3180258,0.3251036,0.2350246,0.148844,0.0963466,0.13454,0.3149942,0.3154064,0.1349193,0.1442994,0.0865124,0.143394,0.3087418,0.332237,0.3197172,0.2132792,0.1485556,0.0989656,0.143418,0.3092098
0.3049014,0.2237342,0.1489084,-0.0094756,0.1455356,0.3212912,0.3297426,0.1054157,0.1441734,0.0972302,0.1438372,0.313168,0.3318894,0.2416734,0.138419,0.0949002,0.1131684,0.3188438,0.3860766,0.2159688,0.147114,0.0947926,0.147993,0.3124938,0.3457282,0.2223276,0.1485754,0.0926784,0.1352946,0.3185122,0.3486596,0.2267768,0.1126156,0.0327058,0.1269478,0.310395,0.3302694,0.2404976,0.1502582,0.0970828,0.1223872,0.3186072,0.3122242,0.187844,0.1480744,0.0972794,0.1424268,0.3141486,0.3194686,0.2125788,0.0276073,0.0916006,0.1374784,0.318365,0.3236864,0.2366556,0.1441394,0.0978714,0.0938568,0.3026046,0.3185494,0.204422,0.1404064,0.1016368,0.1223238,0.3016622,0.3765194,0.2363044,0.2200436,0.144549,0.0863892,0.1150236,0.3116766,0.3348592,0.2268338,0.1406616,0.0955444,0.0832334,0.303512,0.3241364,0.2534386,0.1437672,0.0969296,0.120987,0.3080784,0.2727435,0.1358856,0.1421642,0.0923812,0.114539,0.3111616,0.343152,0.1469559,0.1493704,0.0739036,0.064439,0.2706425,0.3085092,0.2421676,0.072432,0.100143,0.1403704,0.307812,0.3197698,0.1949758,0.1034214,0.0931256,0.1381242,0.3053386,0.3158862,0.2185852,0.0998468,0.0994042,0.1412532,0.324548,0.3289334,0.2292666,0.1446354,0.0948686,0.1392668,0.3087692,0.3235642,0.2333926,0.1482358,0.096232,0.1480286,0.2842742,0.3177388,0.1728024,0.1450132,0.0912078,0.122596,0.3186746,0.3574792,0.2328024,0.1487984,0.0996148,0.1179734,0.3247716,0.3450598,0.1943306,0.1477268,0.0922318,0.1377704,0.3197606,0.3646676,0.2361524,0.1540676,0.0963938,0.144191,0.2910958,0.3194024,0.2343182,0.1501834,0.0874298,0.1391824,0.2858314,0.35769,0.1620364,0.1482364,0.0919998,0.1358746,0.3182496,0.3283154,0.2457246,0.1515652,0.096878,0.1332576,0.2158877,0.3171936,0.1539834,0.1458766,0.0865478,0.1447758,0.3084492,0.332005,0.3205118,0.2116664,0.1491728,0.0978456,0.143942,0.312104
0.3039122,0.2251282,0.149997,0.0430431,0.1447082,0.3190824,0.3293102,0.1439677,0.1426004,0.098245,0.1469736,0.3166678,0.3334368,0.2404962,0.1367446,0.0951028,0.111346,0.3217658,0.380965,0.2138422,0.1475028,0.095539,0.1465812,0.3111148,0.34175,0.226325,0.1487704,0.093613,0.1338744,0.3178118,0.347532,0.2244314,0.1249084,0.0248198,0.1232026,0.3094818,0.3321586,0.243674,0.1503714,0.097135,0.1174994,0.3154524,0.3145454,0.188652,0.1477414,0.0977032,0.1429228,0.315049,0.3199656,0.2140976,0.0565462,0.0918888,0.136847,0.3223982,0.323916,0.234709,0.1419242,0.097508,0.0969314,0.3026264,0.3194814,0.2051982,0.140089,0.1011982,0.1249938,0.3018724,0.3722664,0.2372512,0.2192322,0.146242,0.0865718,0.118906,0.31242,0.3322864,0.2263912,0.1479032,0.0969462,0.0877172,0.3039998,0.3211528,0.2506906,0.1472348,0.0958866,0.1250522,0.3046892,0.2702101,0.1451651,0.1449762,0.0936842,0.114097,0.3072488,0.3389244,0.1507181,0.14939,0.0756458,0.0640516,0.2930942,0.3089658,0.0851796,0.0978552,0.0986826,0.1385908,0.3083164,0.3198748,0.1920642,0.1196764,0.0928134,0.1368074,0.3075246,0.3107792,0.216332,0.0979338,0.0974344,0.1411044,0.3232642,0.3273374,0.228341,0.1426002,0.0940532,0.1376232,0.3043292,0.325398,0.1191003,0.147351,0.0960904,0.1475138,0.2842846,0.3182948,0.2061188,0.14501,0.0918952,0.1216358,0.3237812,0.3565134,0.2327842,0.1494592,0.0990114,0.118746,0.3275936,0.3434286,0.1986622,0.149469,0.0921208,0.1393972,0.318732,0.3669784,0.2373718,0.1543436,0.0968112,0.1444576,0.2935158,0.3196648,0.236619,0.0427668,0.0870568,0.1413324,0.2865382,0.3584542,0.1823818,0.1471874,0.094978,0.135703,0.3170026,0.325847,0.2476402,0.1530472,0.0969174,0.133021,0.2233297,0.3191072,0.1566148,0.1456034,0.0871496,0.1431114,0.3066924,0.3332966,0.3209342,0.1182808,0.1489816,0.0974912,0.1463772,0.3123046
0.3034502,0.2252486,0.150253,0.0734453,0.1431808,0.32191,0.3275596,0.1584647,0.142431,0.0992784,0.1461256,0.3114344,0.334822,0.2403958,0.137844,0.0953662,0.1098202,0.3195244,0.3813988,0.2138984,0.1479436,0.0942368,0.1472268,0.311829,0.343628,0.2248624,0.1491262,0.0935414,0.1305878,0.3157842,0.344662,0.2240342,0.1269304,0.018528,0.1210628,0.3091274,0.3319438,0.2395126,0.1487162,0.0973538,0.1222334,0.3145472,0.3179856,0.2241588,0.1473812,0.0972298,0.1428848,0.3135822,0.3205016,0.2129132,0.1059554,0.0923938,0.1351558,0.3216602,0.3226144,0.233673,0.1419518,0.0470623,0.0973494,0.3045674,0.3219022,0.232647,0.1434528,0.1012052,0.1254786,0.299274,0.3755258,0.234625,0.2376676,0.1454604,0.0870796,0.1221868,0.3077818,0.3283208,0.2252238,0.1485072,0.096166,0.0864736,0.3051262,0.319123,0.249369,0.147393,0.0953874,0.1229274,0.3051734,0.2856383,0.1639679,0.1457864,0.093409,0.1158528,0.309385,0.3386608,0.1716961,0.1479464,0.0769158,0.0618444,0.318871,0.311188,0.1006695,0.1161812,0.0975794,0.1382952,0.3107202,0.3208778,0.2028724,0.1414938,0.0919992,0.1342034,0.3065162,0.3115422,0.2131214,0.098732,0.0978614,0.1405044,0.3223948,0.3294648,0.2297096,0.1413156,0.0947084,0.138642,0.3055576,0.322418,0.1287273,0.1487544,0.0976618,0.146151,0.2849302,0.3179958,0.2126626,0.0076992,0.0911976,0.1226016,0.3218836,0.3563712,0.2311246,0.1500324,0.0991276,0.1237968,0.3261558,0.3419688,0.2158552,0.148949,0.091492,0.1393076,0.3172264,0.367955,0.2359312,0.1544274,0.0961106,0.1466808,0.2946598,0.3186086,0.234126,0.0803938,0.0872428,0.1431926,0.2851368,0.3549456,0.205295,0.147409,0.0939418,0.13782,0.3173142,0.327916,0.246983,0.1520026,0.097329,0.133973,0.2976687,0.321488,0.1649769,0.146074,0.086567,0.1429232,0.309813,0.3319798,0.3235118,0.1688676,0.1501698,0.0978252,0.1468372,0.3073784
0.3035182,0.2251122,0.1504934,0.0899075,0.1415524,0.3236756,0.329751,0.1943093,0.1414178,0.0989154,0.1448764,0.3172126,0.3371378,0.2399578,0.1356424,0.0954802,0.1088048,0.323192,0.378903,0.2129746,0.1476488,0.0926896,0.1478172,0.3117758,0.3409886,0.2242702,0.1496472,0.0930584,0.132836,0.3221412,0.3463872,0.2208224,0.128846,0.0149964,0.1211552,0.3154664,0.3357356,0.2375712,0.148463,0.0972616,0.1211368,0.312351,0.3160516,0.2256814,0.1489142,0.0970326,0.145222,0.3147014,0.3199392,0.2120124,0.1397922,0.0927736,0.1350888,0.3224278,0.3192104,0.2340792,0.142385,0.0900178,0.0976014,0.3052396,0.3233626,0.233369,0.1434014,0.1007202,0.1234862,0.3021814,0.3742132,0.236105,0.2374462,0.1454996,0.0872396,0.124433,0.310657,0.3255334,0.0693006,0.1489538,0.0951828,0.0904502,0.3013816,0.3241344,0.2495364,0.1470192,0.0973604,0.1239828,0.3083078,0.3083202,0.1902032,0.1442952,0.0941818,0.1164622,0.3095138,0.3355382,0.1837323,0.1457076,0.0852514,0.0630642,0.32045,0.3100894,0.1270321,0.1364156,0.0974336,0.137912,0.3081144,0.3216948,0.2026546,0.1446378,0.0916536,0.1331172,0.3104364,0.3090622,0.2114536,0.1501252,0.0982948,0.1408486,0.3278188,0.3284424,0.2315798,0.1433916,0.0941776,0.1385944,0.3053658,0.32055,0.181125,0.1484924,0.097573,0.1466218,0.2840564,0.3185638,0.2238398,0.1082836,0.0919784,0.1202542,0.3194552,0.3550582,0.2288552,0.1510796,0.0988584,0.1234066,0.3187912,0.3388512,0.214009,0.1492846,0.090455,0.1394304,0.3218346,0.3668068,0.2485468,0.1542948,0.0960254,0.1455214,0.292378,0.3170612,0.2349116,0.1012848,0.0882424,0.1416306,0.2841026,0.3502544,0.2095068,0.1479392,0.0955576,0.1395882,0.3194636,0.324569,0.2500384,0.1503106,0.0986098,0.1347488,0.3049863,0.3214914,0.1598412,0.1461852,0.0872256,0.1431196,0.3096742,0.3331056,0.319597,0.1780688,0.1480582,0.1016138,0.1452074,0.3065028
0.307565,0.2245238,0.1490994,0.0912539,0.1424528,0.3246272,0.3324782,0.221189,0.1392554,0.0981608,0.143858,0.3142134,0.3349626,0.238589,0.138179,0.0947392,0.1075366,0.319354,0.375874,0.2125176,0.148562,0.0932882,0.1460222,0.311424,0.3411308,0.2220456,0.149092,0.093277,0.1323248,0.3227034,0.3461932,0.2229274,0.1302328,0.014886,0.121271,0.3187864,0.3356736,0.2374546,0.1483014,0.0981318,0.1187904,0.317973,0.3129166,0.2279522,0.1485094,0.0959274,0.1408828,0.310331,0.3169732,0.2132596,0.1415388,0.092812,0.135993,0.3231004,0.324279,0.2349496,0.1436632,0.0909376,0.0955458,0.3046356,0.3224472,0.2309112,0.1438722,0.1009766,0.1213952,0.2991832,0.3728648,0.234531,0.2374738,0.145552,0.0872616,0.1247058,0.310449,0.3278674,0.1541644,0.150519,0.0968598,0.0920386,0.3010504,0.321153,0.2503346,0.149339,0.096641,0.1204716,0.31002,0.3142604,0.2129598,0.1449464,0.0934288,0.1164118,0.3066176,0.3381346,0.1917897,0.14766,0.0859544,0.0598398,0.3206142,0.3115264,0.125372,0.1467074,0.0982646,0.1396286,0.3044136,0.3176368,0.216479,0.145478,0.0906844,0.1325994,0.3106676,0.3066922,0.2104314,0.1496094,0.098332,0.143409,0.3242122,0.3226224,0.2313168,0.1433372,0.0941054,0.1398424,0.3087446,0.3206032,0.1929514,0.1486926,0.097176,0.1464834,0.2794144,0.3185702,0.2351494,0.1104731,0.0911682,0.1170272,0.3178982,0.349558,0.2297936,0.1503374,0.0974974,0.1215646,0.317859,0.3400774,0.2134062,0.1479242,0.0909836,0.1364868,0.3173618,0.3707426,0.247486,0.1525072,0.0952076,0.1433688,0.2943398,0.3166684,0.23426,0.1104158,0.0886474,0.140751,0.2846468,0.3515792,0.2178496,0.1471928,0.0942526,0.1380604,0.3174992,0.3222064,0.2495808,0.1504346,0.0992244,0.1339916,0.3124112,0.3207672,0.1611068,0.1461914,0.0899376,0.1440774,0.310663,0.328815,0.3185764,0.1750713,0.14833,0.1016042,0.1456136,0.3066984
0.307122,0.224528,0.149433,0.0961242,0.1418014,0.3249666,0.3338578,0.222835,0.139737,0.0994696,0.1445714,0.3158854,0.3315196,0.2375232,0.1379936,0.0932054,0.1081874,0.3229142,0.3741814,0.210581,0.1487984,0.093196,0.147254,0.3148042,0.3411772,0.2215154,0.1494144,0.0933172,0.1297726,0.3173476,0.3437552,0.222772,0.1301608,0.0155088,0.1200758,0.3163286,0.3356712,0.2368854,0.082479,0.0980076,0.1196078,0.3156478,0.3130774,0.2306228,0.150928,0.0958264,0.1417852,0.309463,0.3129006,0.2102366,0.1422708,0.0930926,0.134561,0.3263684,0.323529,0.2356714,0.0503633,0.0905526,0.0929816,0.3076144,0.3175332,0.228318,0.1475696,0.1003352,0.1190152,0.3007776,0.3740802,0.2332748,0.2374052,0.1450976,0.0858084,0.1252698,0.3099238,0.3267892,0.1709152,0.1513478,0.096773,0.0956584,0.3024276,0.3189194,0.249263,0.1482432,0.0980156,0.121998,0.310341,0.3485812,0.212173,0.145069,0.0947604,0.1194038,0.306491,0.3383844,0.189089,0.1477446,0.0857132,0.059884,0.321355,0.3079928,0.1302244,0.1461622,0.0983914,0.1406266,0.308333,0.3156096,0.2177896,0.1454424,0.0949568,0.1325336,0.3108884,0.3031832,0.2082642,0.1488464,0.0987482,0.1449004,0.3244196,0.323087,0.2317982,0.1443692,0.0959246,0.139215,0.3069534,0.3203902,0.1933957,0.14784,0.0962178,0.1480792,0.2453704,0.3196398,0.23307,0.1378456,0.0915306,0.1171536,0.3227114,0.3496004,0.2245422,0.1502692,0.0985196,0.1210186,0.3209032,0.3393594,0.2198886,0.1471396,0.0898174,0.1384406,0.3167818,0.3679236,0.2468858,0.0364902,0.0949638,0.1440294,0.2915344,0.3154502,0.232656,0.1108812,0.087923,0.1408782,0.2854606,0.3531114,0.218527,0.1456162,0.0979474,0.1386756,0.3151888,0.3190706,0.251142,0.1505624,0.0991218,0.1350802,0.3185022,0.3190772,0.1721528,0.146009,0.0907038,0.144312,0.3126554,0.324944,0.3178372,0.1862627,0.146754,0.1014066,0.1446438,0.3097966
0.3077826,0.2245004,0.1492552,0.0961764,0.1401868,0.324974,0.3318916,0.2200634,0.1369856,0.0996584,0.1440874,0.24458,0.330376,0.23712,0.1389882,0.0941038,0.1105146,0.3258784,0.3721446,0.2105644,0.1476924,0.0942416,0.1485994,0.3147348,0.3406082,0.219952,0.1480424,0.0576817,0.1289704,0.3212802,0.3409518,0.2205678,0.1309606,0.0249378,0.1212466,0.3128398,0.3333788,0.233735,0.0935824,0.0985148,0.1172162,0.31294,0.3147128,0.2323414,0.148575,0.0953448,0.1436268,0.3101162,0.313327,0.2089636,0.1439538,0.092689,0.133523,0.3255612,0.3247726,0.2388256,0.0801817,0.0903104,0.098067,0.305693,0.314944,0.2277228,0.1496916,0.1010074,0.1200434,0.2974866,0.3742164,0.2362706,0.234577,0.1437126,0.0860732,0.1237994,0.3081794,0.3303526,0.190387,0.1500452,0.0965806,0.0941564,0.3079106,0.3160286,0.2459234,0.1481142,0.0983546,0.1228566,0.3074748,0.3487246,0.2095204,0.145524,0.0948206,0.1201528,0.3058752,0.3362476,0.2294182,0.1476426,0.0852314,0.0743956,0.321367,0.3089844,0.141915,0.1458742,0.0983184,0.1406592,0.30706,0.313316,0.2176484,0.1451138,0.0960776,0.13262,0.3097688,0.306293,0.2100046,0.1496318,0.0986192,0.1425786,0.3260258,0.3276816,0.2314628,0.1467668,0.0949742,0.1373758,0.3035086,0.3195818,0.2191006,0.1484724,0.095605,0.1479232,0.2834178,0.3183074,0.2320004,0.1392498,0.0903946,0.116517,0.3220642,0.348628,0.224928,0.1490292,0.098657,0.1216294,0.3203136,0.3381136,0.2232492,0.1473142,0.0179405,0.1370266,0.3164818,0.3676386,0.2496254,0.0844368,0.095255,0.1428242,0.2904092,0.314823,0.2322814,0.1381196,0.087414,0.1420942,0.2847098,0.3527842,0.225221,0.146315,0.0980924,0.1392572,0.3183232,0.3169162,0.2487158,0.151068,0.0983636,0.137233,0.3175296,0.2255805,0.1831727,0.1459546,0.0893184,0.1439556,0.3143404,0.3226318,0.3198812,0.1830732,0.1472078,0.1017434,0.1436424,0.3106162
0.3089876,0.22453,0.148883,0.0963688,0.1417698,0.323471,0.328759,0.218762,0.1384262,0.0997664,0.1460284,0.2796382,0.3340378,0.2354014,0.1405318,0.0957684,0.1075124,0.3218396,0.3727124,0.210803,0.147074,0.093923,0.1474448,0.3119766,0.3444576,0.2160548,0.1478786,0.086258,0.1271656,0.3227238,0.3428406,0.2191376,0.13181,0.0239066,0.1237128,0.3072422,0.332661,0.2341236,0.0996098,0.09901,0.116659,0.311687,0.3140142,0.2347418,0.148297,0.0967046,0.1413206,0.3084902,0.3148458,0.211167,0.1424844,0.0919282,0.1331174,0.3225248,0.3275176,0.2398246,0.1299995,0.0915482,0.0992878,0.3035012,0.3196432,0.228085,0.1495154,0.1004926,0.1228524,0.2997166,0.373385,0.2359188,0.2369338,0.146121,0.085478,0.121596,0.3085126,0.3269846,0.1890538,0.0585646,0.0967094,0.0916292,0.3095756,0.3132706,0.2453398,0.1466098,0.0974472,0.1216164,0.3036262,0.3481762,0.213962,0.1430294,0.094906,0.1164234,0.3114958,0.3369164,0.226353,0.1469634,0.0848028,0.0760012,0.3228214,0.3091898,0.1570593,0.1468492,0.097568,0.1411618,0.3053646,0.3138568,0.2185904,0.1466978,0.0951866,0.1325176,0.3099124,0.3077268,0.211905,0.1483886,0.0985164,0.141534,0.324158,0.3287798,0.232032,0.146417,0.0963334,0.1365878,0.303374,0.3156044,0.2194296,0.1469562,0.0953256,0.1492122,0.2965372,0.3169776,0.2321208,0.1381756,0.0915664,0.1200928,0.321059,0.3500908,0.0483947,0.15034,0.0979502,0.1247466,0.321861,0.3372118,0.2253924,0.1478278,0.0400438,0.1328514,0.3110256,0.3665808,0.2484386,0.1127768,0.096936,0.1421278,0.2898964,0.309281,0.2316462,0.137921,0.0874256,0.1411744,0.2859256,0.3518496,0.2265616,0.1470292,0.0979378,0.137966,0.3209412,0.3152508,0.2458046,0.1504558,0.0984398,0.1349152,0.3189136,0.3217272,0.1952324,0.146373,0.0885042,0.1427062,0.3147294,0.3208686,0.3231466,0.186357,0.147765,0.101154,0.146188,0.3133236
0.3074126,0.2239616,0.1484008,0.0947512,0.1406424,0.3169124,0.3259314,0.2382358,0.0889847,0.0985008,0.1444782,0.3024546,0.3321802,0.2357704,0.1414648,0.0968046,0.1091382,0.3220024,0.3673594,0.209284,0.1454202,0.093399,0.1483752,0.3143698,0.3431854,0.2159348,0.1500354,0.0874074,0.1284734,0.3264622,0.3396368,0.2187394,0.1436956,0.023239,0.1247096,0.305146,0.3327618,0.232746,0.125508,0.1000816,0.1176942,0.310787,0.3140552,0.2405798,0.1483516,0.0970064,0.1438136,0.3107966,0.3126844,0.208536,0.14292,0.091131,0.133183,0.324029,0.3281292,0.2392898,0.1290296,0.0916794,0.0954762,0.3065916,0.3176954,0.23897,0.1495644,0.1010362,0.1212812,0.2437662,0.3686604,0.2383874,0.2377758,0.144066,0.0846252,0.1202426,0.311037,0.326074,0.1915192,0.0857512,0.095466,0.0925098,0.3030528,0.3140926,0.2438626,0.1456288,0.0967336,0.1220584,0.3038242,0.346564,0.2130132,0.1463498,0.0949956,0.1169222,0.3089184,0.3343058,0.2240086,0.1473724,0.0859334,0.0761166,0.3257872,0.3058564,0.1682077,0.1479918,0.097304,0.1386266,0.3052002,0.3107712,0.2193842,0.145816,0.0952128,0.1294536,0.3085568,0.3060596,0.2116742,0.1453466,0.0987188,0.141775,0.3250936,0.329925,0.2269918,0.146141,0.0955568,0.1372502,0.3015566,0.314459,0.2186885,0.1481098,0.0953976,0.1486884,0.3074844,0.323086,0.2425712,0.1408298,0.0922442,0.11929,0.3196926,0.3493928,0.0720983,0.148667,0.1000072,0.1238272,0.3192738,0.334496,0.223165,0.148692,0.0856158,0.1347498,0.31008,0.3696836,0.2504362,0.125142,0.0957616,0.1419676,0.2884122,0.3105078,0.2301948,0.1325472,0.0877796,0.1444146,0.2817948,0.349577,0.2258592,0.148977,0.098427,0.1363382,0.3232858,0.3183896,0.2437798,0.14944,0.0992464,0.138729,0.317541,0.3288866,0.1964418,0.1472858,0.0891298,0.143476,0.3118206,0.319961,0.3212414,0.1875534,0.14544,0.101772,0.1466564,0.3112702
0.3065476,0.222131,0.1477158,0.09375,0.1399918,0.3188114,0.3255796,0.236714,0.1118032,0.0979506,0.1437696,0.3043368,0.332268,0.2352118,0.139958,0.0971928,0.1057584,0.3227642,0.3684046,0.2090056,0.1461418,0.0925752,0.149826,0.316663,0.3408314,0.2149088,0.150298,0.090012,0.1281542,0.3281294,0.3370466,0.215835,0.1448978,0.0500786,0.1256312,0.3118356,0.3338038,0.23048,0.1339434,0.0977942,0.1193898,0.3162544,0.311865,0.240659,0.1477028,0.0981764,0.1417232,0.3096692,0.3111732,0.2070442,0.1473194,0.0909432,0.1332956,0.3226492,0.3279456,0.236874,0.1359226,0.0915598,0.0885064,0.3053524,0.3206626,0.2383688,0.1487424,0.1021032,0.1231222,0.2782412,0.364446,0.2361188,0.237559,0.1452442,0.0845732,0.1143256,0.3119606,0.3256534,0.2241368,0.1091856,0.0956508,0.0935374,0.3061454,0.3155496,0.2431134,0.1451864,0.097345,0.1220026,0.3032322,0.3473592,0.2204844,0.143982,0.0946204,0.1159852,0.3088762,0.3332998,0.228078,0.0735751,0.0851798,0.076269,0.3231902,0.3057286,0.1663835,0.1463956,0.0975024,0.138002,0.3033358,0.3107518,0.2194606,0.1437716,0.0960746,0.1313898,0.3051524,0.304533,0.210934,0.1477764,0.0995878,0.1431242,0.3269742,0.3306654,0.2281958,0.1475632,0.0967156,0.13645,0.3054694,0.313616,0.219438,0.1496918,0.0967314,0.1483318,0.3106318,0.3228998,0.241698,0.1416586,0.092303,0.1247214,0.3208918,0.3524054,0.086579,0.146578,0.0990256,0.1240482,0.3228674,0.3333112,0.2244646,0.0221271,0.089358,0.1366248,0.3129992,0.3684478,0.2503876,0.136399,0.0942214,0.1443502,0.2929924,0.1601518,0.231152,0.1328888,0.0878572,0.1452106,0.283618,0.3518888,0.226453,0.1495124,0.0985996,0.1366408,0.3225444,0.3208008,0.245516,0.1497666,0.099236,0.134462,0.3201876,0.332188,0.1976238,0.146617,0.0891084,0.1420232,0.309275,0.320167,0.3189614,0.1919462,0.1469312,0.101818,0.1460128,0.3112102
0.3072064,0.2235354,0.1458228,0.0957854,0.1409818,0.320255,0.321445,0.2368064,0.136307,0.097467,0.1463546,0.3045484,0.3326412,0.2345544,0.1376598,0.0947926,0.1055794,0.323217,0.3692072,0.210676,0.143616,0.0942782,0.146804,0.3166792,0.3413978,0.2165824,0.1512598,0.0943834,0.1271448,0.3248992,0.3324036,0.2157728,0.1450304,0.0505278,0.1266048,0.3101494,0.3363118,0.2327418,0.1340824,0.0969832,0.1171762,0.3167756,0.3080536,0.2408194,0.146476,0.0979568,0.1433262,0.3121416,0.3125392,0.2051928,0.1476298,0.091476,0.1334342,0.323016,0.3315058,0.2384226,0.1423776,0.0923,0.0878284,0.3032594,0.3218434,0.236057,0.1481718,0.1021906,0.122883,0.3085982,0.363473,0.23556,0.2381288,0.1450074,0.0834454,0.1137674,0.3128506,0.327,0.2330088,0.1161008,0.0955246,0.086023,0.3059404,0.3165654,0.2398276,0.1462362,0.0968898,0.1255332,0.3058986,0.3440136,0.226517,0.1464506,0.0949946,0.1161954,0.3062134,0.3332268,0.2315342,0.118437,0.0833162,0.075024,0.319536,0.3049674,0.1665841,0.148184,0.0979492,0.1394126,0.3059878,0.307575,0.2180288,0.145318,0.096714,0.1329814,0.3113786,0.3068398,0.20989,0.1473086,0.0971346,0.1417536,0.3263728,0.3275504,0.22767,0.146995,0.0969564,0.137151,0.3016284,0.3109622,0.2225478,0.1503452,0.0978268,0.149924,0.3095344,0.3208892,0.2431542,0.1391658,0.0925768,0.1250224,0.3245252,0.351695,0.1179761,0.1472064,0.0983376,0.1279018,0.3216842,0.3333832,0.2216434,0.0610869,0.0893912,0.1350056,0.314905,0.367797,0.2462776,0.1361236,0.094549,0.1421092,0.2933926,0.1731824,0.2296998,0.1324168,0.0875454,0.1433986,0.2815682,0.3491218,0.2266236,0.1491794,0.0979464,0.1389604,0.3193808,0.3205652,0.244031,0.0455514,0.0992384,0.1361972,0.3193254,0.3343476,0.1959546,0.091676,0.0868928,0.1420568,0.3071656,0.3209766,0.3227498,0.2100004,0.1466924,0.1022808,0.145182,0.3077944
0.3067322,0.220107,0.1471326,0.0945796,0.1419024,0.3203068,0.3174622,0.2334148,0.1406764,0.0995264,0.1479638,0.308833,0.3262716,0.2378744,0.138847,0.0949968,0.1037916,0.3212268,0.3700142,0.2105274,0.1468486,0.0931682,0.1454008,0.3180148,0.3438028,0.214114,0.1495692,0.0967154,0.1273686,0.324005,0.3340926,0.214481,0.1431916,0.0525518,0.1256864,0.311452,0.3317986,0.2352082,0.137673,0.0963558,0.119061,0.315614,0.3082434,0.2390832,0.1489688,0.0978102,0.1457914,0.3151774,0.3090332,0.2039944,0.1484258,0.0904804,0.1320872,0.3253728,0.3301436,0.2401204,0.1422496,0.0925726,0.0831704,0.304225,0.3199666,0.2362628,0.148887,0.1024834,0.1242486,0.31212,0.3708578,0.2348532,0.2368466,0.1448946,0.083937,0.1127378,0.3091424,0.3232738,0.2363004,0.1201706,0.0947974,0.0872206,0.3105648,0.3196946,0.2396538,0.1479214,0.0967178,0.1286334,0.3100544,0.3420088,0.2277128,0.146678,0.0955152,0.1147856,0.2915221,0.3354426,0.2313236,0.1424054,0.082166,0.076069,0.3217342,0.301194,0.1650295,0.1482726,0.0981032,0.1412354,0.3095026,0.3071818,0.2187362,0.1447384,0.0971542,0.131833,0.3120238,0.3101316,0.2083296,0.1474316,0.0975458,0.1415586,0.3247284,0.3262682,0.2257966,0.1477732,0.097832,0.133337,0.3016884,0.3077166,0.2356122,0.1495292,0.0979,0.1494084,0.3114572,0.3206338,0.2445926,0.1384858,0.0922544,0.124642,0.320526,0.3488278,0.1429666,0.1461452,0.0980694,0.1284016,0.3237704,0.335813,0.2248376,0.0910906,0.088917,0.1350732,0.314609,0.3681822,0.2464412,0.1368472,0.0950782,0.1398448,0.2892262,0.2032526,0.2289944,0.1353802,0.0865714,0.1447768,0.286223,0.3471958,0.2263046,0.1499784,0.0981366,0.1397876,0.3196846,0.3197506,0.2434878,0.0661819,0.0996494,0.136141,0.3239808,0.3346568,0.1961144,0.1173932,0.085422,0.1417866,0.3087056,0.322556,0.3200364,0.210865,0.147182,0.1027318,0.145044,0.3058696
0.3047736,0.2201102,0.1476082,0.0936796,0.1441202,0.3211708,0.3157682,0.231078,0.1411072,0.0986788,0.1467732,0.3095618,0.3245316,0.237316,0.1502806,0.0942242,0.1002148,0.3200314,0.3679814,0.2103718,0.1473508,0.0934698,0.1486448,0.3134812,0.342904,0.213594,0.1489368,0.0969932,0.1289204,0.3193862,0.3366672,0.2122414,0.1422826,0.0553654,0.1262518,0.3121804,0.3278114,0.234544,0.151379,0.097583,0.121959,0.3181682,0.3092848,0.2359966,0.1488212,0.097197,0.1450078,0.3129352,0.306967,0.0148236,0.1481994,0.090991,0.1336032,0.325896,0.332512,0.2371778,0.1434326,0.091455,0.0880552,0.3057748,0.3184766,0.2330936,0.1473766,0.102734,0.1265248,0.313923,0.368586,0.232489,0.2348264,0.1445308,0.0838438,0.1071826,0.3102334,0.3213682,0.2366008,0.1251064,0.094246,0.0868528,0.3074014,0.3206518,0.2384222,0.1483204,0.096445,0.1293256,0.3101426,0.3412224,0.2262956,0.1461644,0.0943498,0.1161972,0.3028284,0.3356858,0.2303856,0.143911,0.086088,0.083435,0.3210922,0.2988476,0.1770121,0.146507,0.0971872,0.1422084,0.311959,0.3044544,0.2164042,0.1442702,0.0968432,0.1318394,0.3116448,0.307659,0.2112334,0.1461244,0.098223,0.1415018,0.3281328,0.3297112,0.223808,0.1491386,0.0980508,0.1334292,0.3014246,0.3055298,0.2366984,0.1476622,0.0981632,0.1489152,0.3107988,0.3187836,0.2457092,0.1383382,0.091485,0.1240168,0.3175114,0.3484944,0.1654318,0.1457218,0.0978036,0.1276882,0.3215594,0.3295068,0.2257674,0.1085993,0.089454,0.135878,0.3137532,0.3718618,0.2458702,0.1359854,0.0946628,0.1397484,0.2888968,0.2321687,0.2300872,0.1333844,0.0867566,0.143722,0.2832972,0.3447756,0.2271588,0.1458748,0.0993074,0.1377942,0.3203016,0.3201358,0.243781,0.0925779,0.0992644,0.1340398,0.3257706,0.3370578,0.1953682,0.1346656,0.0875682,0.1403316,0.307511,0.3205064,0.3189,0.2127184,0.1490264,0.1017268,0.1476546,0.3084944
0.3042228,0.2174966,0.1460688,0.0956048,0.1433838,0.3230228,0.3132306,0.2310208,0.1426604,0.0983452,0.1478926,0.307083,0.326101,0.2375824,0.1518548,0.0947972,0.1009282,0.3232,0.3687112,0.209106,0.1479306,0.0930068,0.1477396,0.314124,0.3423694,0.2124062,0.1485046,0.0971726,0.1293668,0.3214904,0.3376524,0.2107826,0.1433626,0.0612976,0.1259692,0.308404,0.3290782,0.2338948,0.1495116,0.0965388,0.1235038,0.3151332,0.3114168,0.2352556,0.1514262,0.0966196,0.1437378,0.3099786,0.30557,0.031624,0.1482224,0.0905068,0.1343378,0.3224278,0.3350866,0.2360488,0.1492666,0.0899728,0.087096,0.3053006,0.3142854,0.2313086,0.1494766,0.103273,0.124513,0.3106734,0.3701384,0.2344052,0.2337312,0.1445592,0.084253,0.1071696,0.3132252,0.3181746,0.23537,0.1240532,0.0944268,0.094251,0.3032656,0.3178128,0.2373306,0.1506646,0.0957288,0.1270992,0.3089584,0.3436344,0.2234972,0.1461938,0.0941952,0.1164166,0.311846,0.3330354,0.2256222,0.1447708,0.0901576,0.092578,0.3221562,0.2953216,0.1860715,0.1462878,0.0977484,0.142545,0.3110042,0.3055042,0.21493,0.1448988,0.0958682,0.1324948,0.310826,0.3088134,0.2106646,0.1454156,0.1023538,0.1422092,0.3244814,0.3316114,0.2241592,0.15023,0.0972052,0.1333102,0.3018016,0.3093734,0.240296,0.1493374,0.0973844,0.1470544,0.307452,0.3177424,0.2426628,0.1387062,0.0920576,0.12231,0.319018,0.3461606,0.1648109,0.146741,0.0984136,0.1322754,0.3184782,0.331382,0.2265646,0.1098371,0.0880096,0.1386618,0.3197986,0.3667796,0.246273,0.1354496,0.0955142,0.1399976,0.2881028,0.2663589,0.2279492,0.1344722,0.0859068,0.1443018,0.2838998,0.350239,0.226873,0.1445484,0.09921,0.1371064,0.3207182,0.3168548,0.2419708,0.0946266,0.0244486,0.1354182,0.3230038,0.3391326,0.2134842,0.1340932,0.0876162,0.139826,0.310437,0.3229866,0.3150392,0.2326454,0.1477116,0.1016674,0.146332,0.3090374
0.3031274,0.2177328,0.1457142,0.0954514,0.144414,0.3179258,0.311157,0.2331416,0.1413242,0.0974488,0.1454168,0.3080158,0.3247054,0.23536,0.1497836,0.0957532,0.0962576,0.3265028,0.372043,0.2079566,0.1474306,0.0014086,0.1504358,0.3150058,0.34002,0.2108776,0.1474248,0.096862,0.1276188,0.3208644,0.3385826,0.2116736,0.14377,0.0620136,0.125947,0.2549992,0.3314188,0.2352136,0.1488176,0.096385,0.1211064,0.3133146,0.3080128,0.2361612,0.1501832,0.0965948,0.1432866,0.3074174,0.3057914,0.0944004,0.14684,0.091103,0.134237,0.3199898,0.3302846,0.234077,0.146062,0.0928746,0.0818926,0.3006566,0.3129896,0.2304768,0.1523092,0.1024456,0.121961,0.309974,0.3712916,0.2336168,0.2346728,0.145796,0.0830558,0.109456,0.3105954,0.3233974,0.2362574,0.124053,0.0956206,0.0933226,0.3071118,0.3154762,0.2370948,0.1488182,0.096519,0.126297,0.3089616,0.3470744,0.2203656,0.1465022,0.0947954,0.1170234,0.315497,0.331063,0.2238576,0.146751,0.0918006,0.0912764,0.323138,0.2977998,0.2153461,0.1474036,0.0976006,0.138629,0.3110686,0.3034092,0.2147592,0.146794,0.095947,0.1324858,0.311922,0.3094512,0.2103352,0.1463758,0.1033014,0.142899,0.3253264,0.330835,0.2272702,0.146999,0.0971238,0.1338036,0.3026026,0.3036574,0.2521688,0.1482572,0.0963648,0.1490868,0.3079988,0.3139864,0.242371,0.1393534,0.0914134,0.1219852,0.3217634,0.3477276,0.168644,0.1468112,0.098331,0.1322028,0.319643,0.3350304,0.2245416,0.1164236,0.087977,0.1379766,0.3216114,0.3633854,0.2431596,0.1340306,0.0943978,0.1413668,0.2889296,0.2730482,0.2293436,0.1488782,0.0856034,0.1427116,0.2833174,0.3493436,0.2265742,0.1452836,0.099914,0.1363376,0.3214,0.3142732,0.2435848,0.128705,0.0490126,0.1385786,0.32235,0.3358386,0.225511,0.1355412,0.087183,0.1408444,0.3104172,0.326314,0.3170014,0.2342268,0.146834,0.1016414,0.1446176,0.3081742
0.302246,0.2175014,0.1450986,0.0943362,0.1424832,0.3198188,0.306846,0.2327734,0.141109,0.0970712,0.1435968,0.3287056,0.3199898,0.2337274,0.149281,0.0950712,0.1051786,0.3259446,0.3709486,0.2054,0.1468106,0.0439467,0.148124,0.3139274,0.3427986,0.2106588,0.1482702,0.0967886,0.1261628,0.3218792,0.34011,0.2105374,0.1436716,0.0680028,0.1276976,0.2876396,0.329449,0.2334274,0.1508238,0.096741,0.1214028,0.31576,0.3057294,0.2375396,0.1505284,0.0965884,0.1432696,0.30943,0.3087308,0.1184594,0.1462244,0.092095,0.1337986,0.3193558,0.3310498,0.2339802,0.1479782,0.089795,0.0822646,0.307049,0.312188,0.2281372,0.1519756,0.1016614,0.1254898,0.312932,0.369996,0.231661,0.2371452,0.142991,0.084188,0.1102752,0.3123346,0.3214228,0.2385506,0.1246068,0.0010564,0.0920678,0.3055798,0.3140756,0.2365736,0.1479436,-0.0448111,0.127003,0.3096524,0.3501434,0.2205006,0.1475306,0.0952322,0.116862,0.3139544,0.3267204,0.2252848,0.1441432,0.0922066,0.0980084,0.3242108,0.2955712,0.2149047,0.1486284,0.0972518,0.137983,0.3112738,0.3029252,0.2142108,0.145109,0.0955188,0.1332062,0.3064586,0.3078392,0.2090384,0.1457664,0.1026116,0.1413604,0.3299326,0.331889,0.22569,0.1460966,0.0971386,0.1349178,0.3039376,0.3044296,0.25086,0.0851613,0.0965168,0.146179,0.3115304,0.3103438,0.2410538,0.140097,0.0924776,0.1206396,0.3225358,0.3453944,0.1777246,0.1467856,0.0245333,0.131648,0.3162178,0.332348,0.221362,0.116448,0.0886138,0.1375056,0.3181108,0.371346,0.2401856,0.1521176,0.0937478,0.1432516,0.294131,0.2760564,0.2279904,0.146998,0.0855168,0.143117,0.2850344,0.348695,0.2239406,0.1472442,0.0999072,0.1370044,0.3188608,0.3113046,0.242031,0.1510314,0.0789782,0.1390076,0.3215212,0.334147,0.2234034,0.1490192,0.0869156,0.1394266,0.3080626,0.3273764,0.311053,0.231908,0.1467616,0.102412,0.1422878,0.3074304
0.3028398,0.2145308,0.1455296,0.094486,0.1435768,0.3199346,0.3041282,0.2327532,0.1396126,0.0978224,0.1438392,0.3295042,0.3199768,0.2302388,0.1497646,0.095328,0.1121276,0.3234532,0.3715896,0.2043888,0.1464924,0.0635069,0.1488438,0.3131826,0.3409444,0.210427,0.148672,0.099996,0.1249564,0.3226396,0.3387048,0.2095926,0.1460192,0.0763236,0.1322088,0.2932838,0.3288168,0.2314472,0.1502338,0.0962108,0.1172384,0.319154,0.3044536,0.2401524,0.1501426,0.0966138,0.1420846,0.3109696,0.307648,0.1195658,0.1463814,0.0914158,0.1393722,0.3191276,0.183933,0.2324294,0.1483574,0.0903352,0.084339,0.3011536,0.3125116,0.2276436,0.1495154,0.1019428,0.1276354,0.3100378,0.3670364,0.2329704,0.2386666,-0.0009069,0.0852046,0.1114116,0.3091464,0.3205564,0.2441226,0.1228858,0.0158202,0.0943574,0.30724,0.3142592,0.2366316,0.1490452,-0.0057879,0.1300038,0.310056,0.3497046,0.2398212,0.1472206,0.0951498,0.1154632,0.3088622,0.3295906,0.2265064,0.142974,0.0935414,0.103357,0.3253934,0.298328,0.2127919,0.1469008,0.0972962,0.1375742,0.3127808,0.306147,0.214941,0.1466306,0.0963062,0.132439,0.1690891,0.3057712,0.2099092,0.1453736,0.1030234,0.1442336,0.3297352,0.3323826,0.2248116,0.147227,0.0974246,0.1325254,0.30349,0.300064,0.248489,0.1007871,0.0972578,0.149074,0.3177174,0.310439,0.2430028,0.1408836,-0.0191798,0.1155226,0.3227366,0.3456988,0.1772318,0.1498302,0.0932474,0.1332786,0.3193346,0.3299566,0.2226048,0.1210766,0.0900076,0.134955,0.3177218,0.371937,0.2400544,0.1508346,0.0282781,0.1446652,0.2937396,0.2994242,0.2278844,0.1488774,0.0872506,0.1457574,0.286663,0.3441656,0.2231346,0.1488128,0.0992758,0.1377636,0.3202364,0.3084594,0.2388196,0.1507822,0.0857646,0.138209,0.3251922,0.3371516,0.2265108,0.1503796,0.086811,0.1406492,0.3085258,0.3251746,0.3085606,0.2316652,0.147846,0.1023602,0.1429288,0.3093466
0.3011852,0.2137456,0.1458242,0.0953886,0.1431922,0.3176396,0.301691,0.2340826,0.1390396,0.0982332,0.144878,0.327339,0.3200298,0.2308448,0.150238,0.0939284,0.1062862,0.32173,0.366273,0.2039638,0.1464878,0.0707406,0.148522,0.3109674,0.3429056,0.1187004,0.1493528,0.1014574,0.126466,0.3211786,0.3402698,0.2087822,0.1460402,0.0814678,0.1331158,0.2928156,0.3274394,0.2328824,0.150431,0.0956122,0.1156304,0.3175852,0.3051046,0.2379722,0.1504434,0.095827,0.14271,0.3119584,0.3063118,0.1386502,0.1481604,0.0915836,0.1405986,0.3209858,0.2665636,0.2325944,0.1478976,0.0903926,0.0795882,0.3049516,0.3128104,0.2270446,0.148652,0.10253,0.1275594,0.3119804,0.3694488,0.2318746,0.2371856,0.1068684,0.0851894,0.111816,0.3073728,0.320134,0.2447794,0.127139,0.0487598,0.0941084,0.3069942,0.3108416,0.236768,0.1483082,0.0632787,0.1288878,0.3116456,0.3535926,0.2404166,0.1483772,0.0946328,0.1154946,0.3128174,0.3294086,0.2274806,0.1427882,0.0946766,0.1024754,0.3260814,0.29592,0.2173175,0.1464236,0.0980126,0.1395316,0.3101566,0.3040978,0.21449,0.1476804,0.0955432,0.1328256,0.2546294,0.3013756,0.2066776,0.1460652,0.1022166,0.1438282,0.3271038,0.3303036,0.2358946,0.1484966,0.0977934,0.1334668,0.3020878,0.3011948,0.2481902,0.1377416,0.0975756,0.1500878,0.314559,0.3116,0.2412946,0.1406324,0.0596946,0.1153206,0.3217556,0.3441938,0.207275,0.1458594,0.0966706,0.1343978,0.3214492,0.328894,0.222277,0.1187856,0.090749,0.1340644,0.3190138,0.3734006,0.2427904,0.1514246,0.0601882,0.1424422,0.289628,0.2981892,0.2267252,0.1490788,0.0866474,0.144188,0.2867278,0.3427352,0.2237418,0.1479894,0.0976326,0.1394318,0.3230244,0.3073712,0.2394654,0.1507062,0.082432,0.1389064,0.3307946,0.3390286,0.2256172,0.1500992,0.0882772,0.138621,0.309643,0.32448,0.3083312,0.230607,0.1488784,0.100812,0.1443262,0.310708
0.3018112,0.2109744,0.1465794,0.0961356,0.1441098,0.325406,0.3023558,0.2340344,0.1407326,0.0983374,0.1431162,0.325466,0.3225912,0.2297026,0.150342,-0.0042256,0.1068664,0.3217128,0.3649556,0.2068784,0.1467682,0.0693338,0.147568,0.3132868,0.3424988,0.1271198,0.1491692,0.1020522,0.1264626,0.3178854,0.340489,0.2071982,0.1457184,0.0804648,0.1329918,0.28993,0.3262858,0.2352182,0.150923,0.0970764,0.116078,0.316649,0.3053286,0.2352648,0.1526444,0.0970334,0.1403718,0.3104518,0.3109838,0.1721466,0.1468308,0.0918942,0.1419586,0.3227802,0.2883192,0.233199,0.1482812,0.0902028,0.076776,0.3036094,0.3153096,0.2292312,0.1483184,0.1017714,0.1286932,0.3102142,0.3687734,0.2288834,0.236989,0.111013,0.0853912,0.109437,0.3085298,0.3205192,0.2438786,0.1387078,0.0638242,0.0886726,0.3088314,0.3098428,0.2366274,0.1484748,0.0914987,0.1309952,0.3097386,0.3524886,0.2384602,0.1475342,0.0945914,0.1141764,0.3101106,0.3241358,0.2260124,0.1443776,0.0941998,0.098178,0.3270592,0.2941258,0.2201778,0.1469854,0.0971706,0.1407424,0.3076992,0.3043926,0.2119032,0.1483512,0.0963948,0.133751,0.30511,0.3007682,0.208293,0.1476206,0.103536,0.1429862,0.3245862,0.3329012,0.2335726,0.1496452,0.097665,0.1345714,0.3041664,0.299938,0.2478772,0.1371462,0.0977444,0.149233,0.3120954,0.3089348,0.2402774,0.1399682,0.0882462,0.1120296,0.3197456,0.3433806,0.2065744,0.1486722,0.0974552,0.13436,0.320639,0.3297574,0.2224546,0.1216214,0.0926994,0.1359056,0.3184512,0.3722316,0.2425334,0.1513018,0.0983394,0.1417316,0.2914854,0.301343,0.2270502,0.1493894,0.0857424,0.1400658,0.2844374,0.3458044,0.2213556,0.1480772,0.0987268,0.1408976,0.3225936,0.308059,0.2383236,0.1496442,0.0842436,0.1380716,0.325826,0.3366168,0.2258302,0.1501436,0.087457,0.1342488,0.3085282,0.3263374,0.307451,0.2299046,0.1499566,0.1006748,0.1448278,0.3130006
0.2996016,0.112499,0.1466056,0.0934622,0.14444,0.3238042,0.3031068,0.2416254,0.1397932,0.0991972,0.1414186,0.3212944,0.320639,0.227718,0.1491546,0.0302596,0.1053988,0.3190352,0.3635408,0.2052628,0.1487802,0.073479,0.1481102,0.3153952,0.340997,0.1732842,0.1486504,0.1005532,0.1275286,0.321698,0.342152,0.2073546,0.1470048,0.0798454,0.1302696,0.3196942,0.3235364,0.2347374,0.1488168,0.09657,0.119873,0.3159794,0.3079334,0.236949,0.1514842,0.0959604,0.1426202,0.3136712,0.3103764,0.1748086,0.1456416,0.091806,0.1415074,0.3250144,0.2898428,0.2334002,0.1481036,0.0908796,0.07679,0.3022642,0.3129864,0.2257088,0.149397,0.1012582,0.1263964,0.3126758,0.3656132,0.231335,0.2391172,0.124845,0.0851616,0.105615,0.305448,0.3192346,0.2448202,0.1391534,0.0882048,0.0875718,0.3101256,0.3096386,0.2341558,0.1483748,0.0977414,0.1287542,0.3085238,0.3463184,0.2365254,0.1473796,0.0949934,0.110924,0.3127696,0.3206722,0.2241168,0.1428544,0.0943886,0.0978152,0.326024,0.291084,0.2095286,0.1472008,0.0971788,0.1402456,0.3077208,0.3008754,0.2116326,0.1488258,0.0962194,0.1328408,0.3230084,0.300691,0.2063664,0.1460426,0.1040504,0.1422978,0.3275342,0.331648,0.2309292,0.146576,0.0979628,0.1344444,0.3064688,0.3028152,0.2468216,0.1407856,0.0964218,0.1463048,0.3137572,0.3132798,0.2389486,0.141554,0.0892036,0.108498,0.3180572,0.3452244,0.218447,0.1502062,0.0983132,0.1329332,0.3207748,0.3277262,0.2232546,0.1212404,0.0924584,0.1362358,0.3168172,0.3733916,0.2417558,0.1525728,0.102628,0.1412618,0.29255,0.3005108,0.225649,0.1493112,0.0854126,0.1429538,0.284227,0.3456006,0.223525,0.14955,0.0984282,0.1399904,0.322988,0.3040972,0.238259,0.1517986,0.0894328,0.1370904,0.3216048,0.3392336,0.2240536,0.1495392,0.0864004,0.138816,0.1570354,0.3304662,0.308144,0.2282582,0.150656,0.1005024,0.1472806,0.3108432
0.3023114,0.1183447,0.147717,0.0930128,0.1416644,0.32231,0.3038658,0.2382204,0.1416994,0.0993708,0.1437024,0.318432,0.3251552,0.2248584,0.1503996,0.044104,0.1122134,0.3188964,0.3636902,0.2026158,0.148228,0.073301,0.148482,0.3109816,0.3395736,0.1764364,0.1504958,0.10226,0.12561,0.3222756,0.3384146,0.2063798,0.1461164,0.079548,0.1316858,0.3237518,0.3257884,0.2309164,0.1496268,0.096999,0.1181838,0.3171688,0.3086978,0.2351562,0.1496234,0.095315,0.1411388,0.3136338,0.3107634,0.1719032,0.1460158,0.09245,0.1421424,0.3242978,0.2962718,0.232457,0.1481062,0.09428,0.0779764,0.3032478,0.3096934,0.2237478,0.1489738,0.1008382,0.127077,0.3129464,0.3645142,0.2323348,0.2361304,0.1441196,0.0847036,0.1052054,0.3038932,0.318113,0.246014,0.1387404,0.0915088,0.0899284,0.311184,0.3090442,0.2343568,0.1476942,0.0998824,0.1253054,0.3068848,0.3424474,0.244578,0.1479484,0.0948918,0.1083754,0.3155072,0.3228576,0.2248704,0.1411564,0.0945694,0.1053872,0.3260166,0.2923654,0.213437,0.1472822,0.0982648,0.1384408,0.3100278,0.2995782,0.2129292,0.147089,0.096116,0.1328106,0.3233966,0.2976754,0.2050846,0.1448626,0.1039954,0.144654,0.323554,0.333194,0.230102,0.147537,0.096632,0.1354302,0.3043242,0.3052882,0.2456766,0.1411018,0.0969068,0.1466192,0.3157644,0.313282,0.2361604,0.149281,0.0918986,0.1057602,0.3176596,0.3441322,0.2203634,0.151975,0.098161,0.1334928,0.320077,0.3256382,0.2198294,0.1207982,0.0895868,0.1366644,0.316829,0.3722962,0.2364968,0.153629,0.1029594,0.1396592,0.290386,0.2986368,0.2235492,0.149727,0.0862868,0.1456902,0.2839226,0.3446102,0.2225026,0.1493782,0.0975246,0.1386022,0.3224464,0.3018752,0.2375906,0.1507204,0.0923982,0.138969,0.324441,0.341823,0.2227052,0.1510692,0.0864452,0.136999,0.2386806,0.3283682,0.3095262,0.2256926,0.0580812,0.1014384,0.1439184,0.3160374
0.3024802,0.1435821,0.1473212,0.0935614,0.1431742,0.3197516,0.3093704,0.2368372,0.141295,0.0992322,0.1450348,0.3196708,0.3241456,0.2244446,0.1502876,0.0716642,0.1096474,0.3156956,0.3626792,0.0541309,0.1487674,0.0732202,0.1475978,0.3135406,0.3406822,0.1826554,0.14899,0.103252,0.1276908,0.3213742,0.3357658,0.2033118,0.1457354,0.0793874,0.1335166,0.3234232,0.3254396,0.231357,0.1499302,0.0966536,0.120882,0.3201492,0.3088962,0.234044,0.1515158,0.0956548,0.1396552,0.3139472,0.3132694,0.1770718,0.145908,0.0921082,0.1410202,0.321465,0.2971458,0.2328478,0.1498886,0.0961782,0.0817064,0.3088866,0.3078122,0.223783,0.1498818,0.100871,0.124814,0.3102362,0.3614494,0.2331402,0.2375222,0.1428078,0.08384,0.1068776,0.2454867,0.3209854,0.247263,0.1373634,0.0918122,0.091798,0.3133196,0.309507,0.237708,0.149422,0.0999106,0.1215248,0.3046904,0.336615,0.2428758,0.1478618,0.094976,0.1023852,0.3146936,0.3209696,0.2261318,0.1390306,0.093997,0.1115706,0.3268136,0.2933172,0.2122236,0.1472202,0.0983042,0.1382338,0.306618,0.3010498,0.2126522,0.1477826,0.0962046,0.130904,0.324154,0.2981842,0.2018464,0.1451602,0.1038566,0.1450008,0.326348,0.330632,0.2330806,0.1493938,0.0969208,0.1306422,0.3065798,0.301723,0.2441986,0.1444134,0.096907,0.1469526,0.3140954,0.3121712,0.2384096,0.1501958,0.092602,0.10303,0.3207578,0.3416424,0.2211918,0.111221,0.0989824,0.1354746,0.3235452,0.3248304,0.2167554,0.1207794,0.0894038,0.1349758,0.3183208,0.3690686,0.2355284,0.153745,0.1029012,0.140793,0.2905344,0.3000894,0.2224772,0.1516486,0.0868652,0.1454126,0.286046,0.3468526,0.2231294,0.1494406,0.097855,0.1385,0.324435,0.303949,0.2351536,0.151111,0.093939,0.138773,0.3226754,0.3423466,0.2218662,0.1530674,0.0851498,0.1476352,0.2558478,0.3270282,0.307374,0.2261542,0.1131753,0.1012968,0.1454894,0.310609
0.3006296,0.1462157,0.1461116,0.0952558,0.1417812,0.32289,0.3074644,0.2367354,0.1405554,0.09848,0.147607,0.3294252,0.3246998,0.2231812,0.148794,0.0720722,0.1110546,0.317384,0.3603948,0.0740441,0.1496192,0.070473,0.1483964,0.2173218,0.3336682,0.177206,0.1476406,0.1031004,0.128187,0.3222648,0.332727,0.2051838,0.1437748,0.0771052,0.133837,0.3210886,0.324337,0.2311876,0.1504962,0.0953338,0.1188854,0.3213992,0.307134,0.234027,0.1492218,0.0955654,0.1398684,0.3152674,0.3134522,0.1781172,0.1472986,0.092232,0.1402896,0.324704,0.2999768,0.2297218,0.151399,0.0952882,0.079919,0.3036648,0.3093688,0.2241734,0.1492014,0.1007466,0.124193,0.3115108,0.3577242,0.2317644,0.2356076,0.1438108,0.0855152,0.1052676,0.3086888,0.3208692,0.247158,0.139059,0.1055356,0.0915924,0.3100584,0.304571,0.236192,0.1500022,0.1004134,0.122391,0.3063328,0.3380238,0.2438302,0.148511,0.0941968,0.1035424,0.3146684,0.3220642,0.2276498,0.1408494,0.093171,0.1152218,0.326652,0.2934792,0.23365,0.146834,0.0986422,0.13907,0.3041258,0.3012692,0.210684,0.1467772,0.0954872,0.131479,0.322572,0.302155,0.2007804,0.1472546,0.103951,0.1457372,0.3262162,0.2515301,0.233584,0.147622,0.0966034,0.1312394,0.3041384,0.3000932,0.2409562,0.1433868,0.097222,0.147283,0.3139686,0.310781,0.2381118,0.1495844,0.0934352,0.1128008,0.3175792,0.3365148,0.222385,0.1271392,0.0992344,0.1377634,0.3224088,0.3216242,0.2168482,0.1349612,0.0897994,0.1348248,0.3192716,0.3692134,0.234355,0.1544462,0.1030048,0.1424158,0.2928136,0.3034418,0.2249186,0.1517744,0.086631,0.1453662,0.2860416,0.3434078,0.2230836,0.148627,0.0972472,0.1375566,0.3255702,0.3042382,0.2341776,0.1517244,0.0949076,0.1400524,0.3220326,0.3436008,0.2234062,0.1540226,0.0844574,0.1468714,0.3014978,0.3275554,0.3079192,0.2264544,0.132869,0.1022086,0.1442812,0.3112474
0.3022898,0.1729726,0.1476582,0.0957476,0.1441508,0.3228886,0.3071294,0.2370216,0.142054,0.0986898,0.1459156,0.3312808,0.3231946,0.2234182,0.1489792,0.0937474,0.1072934,0.3193518,0.3572894,0.0863243,0.1489348,0.0701912,0.1461664,0.2927972,0.3347188,0.1870398,0.1490552,0.10229,0.1315822,0.3225616,0.332727,0.2050116,0.1456912,0.0771544,0.1339104,0.3236222,0.3247172,0.228469,0.1517086,0.096732,0.1148254,0.3159078,0.3009828,0.231629,0.1506014,0.096424,0.1390076,0.3111916,0.3117414,0.1761769,0.148423,0.091149,0.1416836,0.3223326,0.3348858,0.226529,0.1511194,0.0951248,0.0829346,0.3054762,0.3098784,0.2226794,0.1480872,0.1021442,0.1243274,0.3175462,0.356886,0.2311878,0.241278,0.1414044,0.0863694,0.1038638,0.3183598,0.3243524,0.2483142,0.1370362,0.1050494,0.0877296,0.3114996,0.3056968,0.2357258,0.147039,0.0997938,0.1195546,0.3047892,0.3360444,0.242529,0.1471512,0.0934522,0.1024374,0.3128958,0.3179164,0.2257136,0.1415878,0.0919512,0.1159004,0.3253206,0.2975484,0.2332606,0.1467206,0.0978954,0.1374518,0.3031742,0.3007338,0.2095748,0.1479538,0.0943722,0.1338438,0.3239436,0.3039586,0.2009564,0.147654,0.1043646,0.1437306,0.3261454,0.2814059,0.232927,0.1463974,0.0967158,0.1304088,0.303582,0.3012612,0.2423022,0.143769,0.0972988,0.1491548,0.3110304,0.3070196,0.2393884,0.1496526,0.0928734,0.1137056,0.321838,0.3317928,0.2227434,0.145194,0.0987018,0.138448,0.3195496,0.3208448,0.216421,0.13029,0.0901014,0.1326798,0.3217338,0.370762,0.2343922,0.155863,0.1021822,0.1417696,0.2937762,0.3022264,0.2216956,0.1510768,0.0873772,0.1475782,0.2838924,0.3463038,0.218867,0.1497194,0.0991034,0.1425972,0.3248146,0.3041944,0.2337098,0.1501456,0.0951822,0.1407712,0.3184502,0.3393204,0.2213304,0.1533622,0.0836658,0.1434728,0.3015444,0.3257982,0.306369,0.2268464,0.1333404,0.1011542,0.1457044,0.3152546
0.3013038,0.1742576,0.1468394,0.0962448,0.143713,0.3239378,0.305726,0.2359556,0.1430826,0.098846,0.1473236,0.3318602,0.3214196,0.2231224,0.1482014,0.0928816,0.1086624,0.3203942,0.3586448,0.1194543,0.1492338,0.0693948,0.1497642,0.3142306,0.3360128,0.1937538,0.1477802,0.1026656,0.1313902,0.324261,0.3336292,0.2028204,0.1458532,0.077769,0.133755,0.325114,0.3247772,0.2312408,0.150074,0.0968436,0.1163034,0.3124716,0.2987248,0.2298478,0.1510224,0.0963568,0.1408134,0.3131954,0.3098918,0.1814521,0.148344,0.0921176,0.141095,0.3249832,0.3564608,0.2238306,0.150026,0.0924164,0.0796718,0.3069206,0.3050902,0.2207318,0.1474144,0.1010326,0.1241396,0.3173746,0.3562834,0.2317626,0.2377482,0.1417688,0.0860874,0.1024838,0.3203056,0.3235676,0.2474042,0.1362572,0.1048374,0.0863366,0.3092832,0.306572,0.2367298,0.1478348,0.1005554,0.1243794,0.306854,0.3403094,0.2408492,0.1497594,0.0937258,0.097883,0.3165282,0.318355,0.2243306,0.1403718,0.0924506,0.1137724,0.3266902,0.2998446,0.2319798,0.147597,0.0980144,0.1365794,0.3095304,0.2986004,0.2151074,0.1489696,0.0953198,0.1322586,0.325036,0.3009224,0.2001954,0.1482728,0.1052476,0.1419252,0.3272176,0.3157294,0.228761,0.1475342,0.0981946,0.1327376,0.3025372,0.3004172,0.2427302,0.1451504,0.0976228,0.1506294,0.3124202,0.3028506,0.239912,0.1513924,0.0918862,0.1132922,0.3191076,0.3392844,0.2250174,0.1474918,0.1006422,0.138572,0.322789,0.3200918,0.218157,0.1309016,0.09242,0.1342626,0.3167254,0.3676786,0.2339724,0.155099,0.1023816,0.1406694,0.2899862,0.3178692,0.2211184,0.149943,0.0870704,0.1468116,0.2822142,0.346849,0.2162368,0.1505726,0.0984348,0.1454738,0.3258626,0.3049952,0.2344714,0.1518864,0.093216,0.1418426,0.3171252,0.3399586,0.2217368,0.15216,0.0829064,0.1466144,0.3190192,0.3248556,0.3029688,0.2282768,0.1322612,0.1018344,0.143746,0.315738
0.3024774,0.1907302,0.1486844,0.0971602,0.1428048,0.3235088,0.3008792,0.2332838,0.143999,0.0986842,0.1475454,0.3266452,0.319334,0.2216334,0.1463722,0.08899,0.1093178,0.321407,0.3577186,0.1405391,0.1478224,0.0705564,0.1473974,0.3169492,0.3332266,0.1955376,0.1476292,0.1011894,0.1334102,0.324754,0.3334872,0.0873672,0.1444636,0.0735992,0.1332582,0.3252648,0.3218332,0.2301674,0.1487798,-0.0071616,0.1170952,0.317231,0.2972858,0.2277536,0.1514728,0.096955,0.1417644,0.3148134,0.3084634,0.1840055,0.145828,0.0915776,0.1389842,0.3233596,0.3572924,0.2220242,0.1511038,0.0915606,0.078404,0.2366675,0.3043246,0.2222194,0.145463,0.100105,0.1242748,0.3146384,0.356142,0.2385242,0.2354588,0.1438072,0.0854836,0.1019024,0.321218,0.3258608,0.2464872,0.1374962,0.1056662,0.0886686,0.3081708,0.3063314,0.2363888,0.147842,0.1017606,0.1236126,0.3076058,0.3410216,0.2414828,0.1484176,0.0944078,0.0990826,0.3209822,0.3168104,0.2236146,0.1423894,0.0933014,0.1122444,0.3250686,0.2997176,0.2321652,0.1495192,0.0987798,0.1379988,0.30949,0.3023696,0.215504,0.150049,0.0971414,0.1317116,0.3266062,0.3012774,0.2015168,0.1451214,0.1026824,0.1398588,0.324219,0.34896,0.2260032,0.148313,0.098805,0.1328752,0.2202276,0.3012198,0.2400648,0.1478536,0.096343,0.1495764,0.3100134,0.3053378,0.2394698,0.1506304,0.0929646,0.1133678,0.3254606,0.3392024,0.2349314,0.1470072,0.1007546,0.1370018,0.3233722,0.3170952,0.2149442,0.131281,0.0920248,0.1342734,0.3211962,0.364002,0.2367566,0.1541486,0.1023146,0.1416088,0.291317,0.3200618,0.2208804,0.149109,0.086765,0.1482908,0.2837998,0.346774,0.2128128,0.1516468,0.0976464,0.1472846,0.3244018,0.3066406,0.2316806,0.1511412,0.0938576,0.140245,0.3186796,0.3397488,0.2216202,0.1537686,0.0829548,0.148805,0.3180194,0.3256094,0.3022468,0.2282752,0.131471,0.102451,0.1436144,0.3167638
0.3036228,0.2094278,0.14734,0.1050038,0.1421694,0.3200434,0.3016144,0.2305942,0.1424276,0.0986386,0.1485648,0.3250806,0.3183576,0.2204746,0.1480376,0.0903842,0.11064,0.3194786,0.3601868,0.1421092,0.148472,0.0707814,0.14793,0.3139118,0.330524,0.2062994,0.1460252,0.1010576,0.1323762,0.3203936,0.3309796,0.1314652,0.1458442,0.0719502,0.1349378,0.3276908,0.3229576,0.2306562,0.1460238,0.0233886,0.1164446,0.3178088,0.297497,0.2288052,0.1513444,0.0991742,0.138959,0.3135004,0.3109826,0.2101296,0.1469708,0.0912152,0.1351444,0.3241812,0.3586602,0.2215184,0.1504416,0.0918694,0.0790196,0.2932442,0.303969,0.221775,0.1471132,0.0509867,0.1276568,0.3121442,0.3585612,0.2379622,0.2348004,0.143621,0.0848556,0.105579,0.323572,0.3236612,0.2453362,0.1376478,0.1048714,0.0841514,0.3107654,0.3080766,0.2356338,0.1482532,0.1011998,0.1236768,0.3071526,0.3403414,0.2426102,0.1493278,0.0952062,0.0990794,0.3207026,0.314689,0.2241162,0.1429996,0.094835,0.111148,0.3286942,0.2964838,0.231896,0.1497866,0.098738,0.1378116,0.3117354,0.301472,0.2149276,0.1481094,0.0961424,0.1322112,0.3268804,0.2982194,0.2026726,0.1472862,0.1032792,0.1416968,0.3224272,0.3551222,0.2254454,0.1502952,0.0980248,0.1316134,0.2628508,0.2979402,0.2392906,0.1457904,0.096594,0.148311,0.3129258,0.3053952,0.2371132,0.1502726,0.093458,0.1167356,0.3246578,0.3373354,0.2325284,0.1443518,0.100193,0.139059,0.3199414,0.3165162,0.2133422,0.1486552,0.0899348,0.1375868,0.3174568,0.3626338,0.2373736,0.152411,0.1022326,0.1427176,0.2905752,0.3180612,0.2203624,0.1486432,0.0861936,0.1469302,0.2865032,0.3474838,0.214726,0.149815,0.1006628,0.1478816,0.321364,0.3057282,0.2305402,0.1511846,0.0940332,0.1390582,0.3204142,0.3380658,0.2234168,0.153837,0.082185,0.1451168,0.321047,0.323735,0.3016714,0.227222,0.135812,0.1015156,0.1464864,0.3173814
0.3052968,0.2083214,0.1461978,0.1039016,0.1431046,0.3183502,0.3031504,0.2295568,0.142954,0.0984554,0.1463812,0.32431,0.3181362,0.2212744,0.1468696,0.0899858,0.1122668,0.317164,0.363123,0.1495568,0.1486546,0.0711456,0.147847,0.3163914,0.3278362,0.2099166,0.0623206,0.1018288,0.1300538,0.322774,0.329522,0.1412512,0.1463714,0.071549,0.1317116,0.3249934,0.3259682,0.2287332,0.1462074,0.0388792,0.1179266,0.316808,0.2968704,0.2264104,0.151533,0.0999794,0.1407944,0.3099156,0.3101896,0.2131662,0.1477676,0.0904274,0.1380242,0.3269312,0.3604624,0.2227,0.1491904,0.0927512,0.076786,0.3017252,0.3036242,0.2234588,0.148066,0.0844322,0.1248304,0.313935,0.3554548,0.2370618,0.2306052,0.1450092,0.0862038,0.1061362,0.3262622,0.323268,0.242532,0.137808,0.1046444,0.0858442,0.310576,0.306605,0.2358948,0.148027,0.101381,0.124907,0.3081822,0.338651,0.2444574,0.1487498,0.09493,0.0986026,0.3194082,0.3144868,0.224675,0.1434084,0.0924024,0.1121474,0.3249082,0.2929354,0.2295996,0.1510552,0.0971782,0.138537,0.3095738,0.3011244,0.2162114,0.1476658,0.0962398,0.1305722,0.327251,0.2967666,0.2015134,0.1461814,0.104276,0.1426036,0.3259962,0.3609224,0.2247914,0.1498242,0.0973084,0.1334916,0.2858314,0.2985474,0.2354142,0.1500352,0.0963464,0.1503478,0.3113824,0.3057036,0.2368756,0.1482252,0.0912164,0.1173096,0.3229398,0.3369078,0.232443,0.1461946,0.1009354,0.1382608,0.3227408,0.3163036,0.2117406,0.1480578,0.0902364,0.1362932,0.3175168,0.3609034,0.2351536,0.1532384,0.1028054,0.1422124,0.290144,0.3206224,0.0685733,0.1484896,0.0469124,0.1470526,0.2833974,0.3498976,0.2132668,0.1482088,0.1010002,0.14599,0.3202106,0.3026146,0.2278266,0.1510246,0.0928222,0.1385538,0.3208962,0.3335172,0.2221704,0.1542356,0.0826932,0.1467908,0.3206966,0.3218392,0.301654,0.2268062,0.1363918,0.1008456,0.1464814,0.3125734
0.3029288,0.2086524,0.1459396,0.1046038,0.1438806,0.3211368,0.3069536,0.2259798,0.1428694,0.0967944,0.1461028,0.3290628,0.3146816,0.2206002,0.149267,0.08503,0.1105644,0.317691,0.3581012,0.1554386,0.1486474,0.0905374,0.1500346,0.3189972,0.3278312,0.2077702,0.0921906,0.1023246,0.1298506,0.3237574,0.3281872,0.138837,0.1474806,0.0725784,0.1298874,0.324822,0.3212686,0.2282558,0.148427,0.0475546,0.1180794,0.3195222,0.2952708,0.2256296,0.149702,0.0258154,0.1403372,0.3127022,0.3118734,0.2122368,0.1472126,0.090895,0.1387656,0.3217876,0.3571208,0.2235368,0.1481724,0.0934662,0.0748616,0.3109456,0.3037934,0.2208058,0.148418,0.1021585,0.1267288,0.318477,0.3569588,0.2351008,0.2322856,0.1471206,0.0874294,0.1102908,0.3280842,0.3226644,0.2419986,0.1474454,0.1041842,0.0869956,0.3066622,0.3054442,0.2327534,0.1485232,0.1012666,0.123845,0.3060212,0.3394156,0.2426126,0.1496042,0.0948508,0.097641,0.3175112,0.317193,0.2245366,0.1480992,0.0926932,0.110836,0.326449,0.2898766,0.2269504,0.151188,0.0966214,0.1397786,0.3087392,0.301521,0.2153358,0.1478636,0.0955574,0.1331604,0.3228594,0.296391,0.2011666,0.1469428,0.104087,0.143097,0.3211506,0.36241,0.2244444,0.149314,0.0973468,0.1317304,0.3132156,0.2955534,0.2365302,0.1474616,0.0973022,0.149438,0.311891,0.3033402,0.2327702,0.14847,0.0911538,0.1154394,0.321483,0.3367614,0.2327944,0.1457226,0.0984282,0.138833,0.3242246,0.3158274,0.2115432,0.1472806,0.0893282,0.1368454,0.3204804,0.3612246,0.2342542,0.152017,0.1035838,0.1419904,0.2900718,0.3222238,0.0813301,0.1494284,0.0701278,0.147918,0.2851404,0.3482456,0.2108004,0.148906,0.1005272,0.14698,0.3199332,0.3055376,0.2291282,0.1534664,0.091864,0.1395796,0.3203538,0.3334974,0.220923,0.153865,0.0829098,0.1481172,0.3229498,0.3204578,0.2997876,0.2273806,0.136267,0.1018424,0.1452084,0.311146
0.308332,0.218237,0.146196,0.1048446,0.076558,0.3216148,0.3066842,0.227971,0.143489,0.0968708,0.0719096,0.3287338,0.3122974,0.2187,0.1504624,0.0849166,0.056373,0.320605,0.3550292,0.1792568,0.1468674,0.0897978,0.0874722,0.3244704,0.3258652,0.208877,0.1031562,0.1028904,0.1204018,0.320633,0.3279918,0.1480457,0.1479536,0.0726818,0.1070351,0.3231254,0.321891,0.2290552,0.1478932,0.047344,0.0436022,0.2197864,0.2976996,0.223633,0.1493008,0.0646248,0.0504695,0.3125504,0.3143516,0.2221448,0.1469238,0.0920634,0.0742086,0.3221336,0.3586286,0.2252242,0.1487374,0.0932938,0.0436558,0.320104,0.3028044,0.2224572,0.1479148,0.1029899,0.0885929,0.3137718,0.3603862,0.2364996,0.2314408,0.1464912,0.0870002,0.1178682,0.3236556,0.3199336,0.2405288,0.1491822,0.1037238,0.0918077,0.3077214,0.3031328,0.2324518,0.1489194,0.1008986,0.0792452,0.3119912,0.3373254,0.2418586,0.1478052,0.016164,0.0097659,0.3189044,0.318827,0.2223832,0.1482682,0.0902542,0.0578254,0.3201536,0.293827,0.2275402,0.1510754,0.0961534,0.0599619,0.3044146,0.3047676,0.2144676,0.148425,0.0955686,0.0274041,0.325336,0.293734,0.0721749,0.1465128,0.104918,0.0674956,0.3217012,0.3613554,0.224704,0.149173,0.0974738,0.1126642,0.3141304,0.2930934,0.235977,0.1492108,0.0960872,0.0583514,0.3128628,0.2996074,0.232994,0.1482924,0.0912352,0.0766544,0.1824784,0.335964,0.2299374,0.1463738,0.0999652,0.1017122,0.32041,0.3177086,0.2106536,0.1473662,0.0895068,0.0583345,0.3210546,0.356674,0.2374706,0.155802,0.1029126,0.1009866,0.2889914,0.3220942,0.0991688,0.1467322,0.0726316,0.0566775,0.2870244,0.350624,0.2140248,0.0013872,0.1011302,0.0864797,0.3229452,0.3048756,0.2291348,0.1540516,0.091935,0.0648574,0.3232948,0.33017,0.2205752,0.1541744,0.0802552,0.0485522,0.3225862,0.3201886,0.2988122,0.2246156,0.1368056,0.1019238,0.0191244,0.3145152
0.3055686,0.2180198,0.1443312,0.104424,0.1366526,0.3246454,0.3054042,0.2275326,0.1437592,0.0965284,0.1008722,0.328471,0.3144384,0.2193606,0.1507516,0.0822496,0.092965,0.3203982,0.35275,0.1800212,0.1472416,0.0887772,0.1227612,0.3227266,0.3253862,0.2084652,0.1352116,0.103056,0.1338694,0.3203976,0.3299648,0.1695805,0.148212,0.0725124,0.1423912,0.3213,0.3218074,0.2262146,0.1485952,0.0471742,0.1056558,0.2922166,0.2955136,0.2225144,0.1492376,0.0793008,0.113894,0.3123042,0.3148314,0.2227068,0.147662,0.090926,0.0809313,0.3245426,0.360696,0.2218082,0.1475942,0.0913908,0.1069208,0.3211118,0.301389,0.2215816,0.1479116,0.1032135,0.1170949,0.3142368,0.3609294,0.2342652,0.2307798,0.145906,0.009008,0.1226058,0.3228802,0.3177744,0.2359348,0.1489998,0.1046074,0.1304815,0.2708202,0.305405,0.2300858,0.1483152,0.1017108,0.0970628,0.3112956,0.335847,0.2390956,0.14888,0.0224316,0.0674508,0.3180642,0.31806,0.2207342,0.1488742,0.0901544,0.111872,0.3218622,0.2931356,0.2265876,0.1507568,0.0965078,0.0794784,0.3069664,0.3066714,0.214835,0.1494278,0.0955232,0.0661686,0.3239712,0.2969192,0.0931798,0.145421,0.1058514,0.1221644,0.3283788,0.3607552,0.089027,0.1464618,0.0979432,0.1257012,0.3191262,0.29188,0.2371974,0.147434,0.0959226,0.1265144,0.3106222,0.2975926,0.2331496,0.1481496,0.0903722,0.0966774,0.2682348,0.3405442,0.2305608,0.1478952,0.0985172,0.1273544,0.3260232,0.3152624,0.2095834,0.1462636,0.0893038,0.087385,0.3192666,0.3539722,0.2348412,0.1553962,0.103046,0.1185614,0.2919944,0.3221974,0.1131288,0.1450642,0.0882272,0.0899238,0.285883,0.3502514,0.211232,0.124582,0.0998852,0.1052842,0.3196446,0.2998316,0.2276278,0.1510074,0.0922598,0.0960392,0.3207368,0.330526,0.2210228,0.1548016,0.0796302,0.0912916,0.3254572,0.319112,0.298955,0.2247968,0.1394454,0.1024602,0.0882726,0.31488
0.305376,0.2188834,0.1433952,0.1047988,0.141337,0.3245794,0.3045684,0.222833,0.1443668,0.0972966,0.1108298,0.3281258,0.3133768,0.2188584,0.1516356,0.084138,0.1042584,0.320994,0.3537008,0.1783172,0.1472684,0.0879846,0.1306172,0.3225554,0.3227578,0.2082082,0.1376356,0.1031532,0.1343214,0.321023,0.3309274,0.1720822,0.1464468,0.072098,0.144054,0.3259714,0.3204472,0.226037,0.1493954,0.0470026,0.1115138,0.3163374,0.2978184,0.2225624,0.1485094,0.0794388,0.1123316,0.3122402,0.3126006,0.2231624,0.1467482,0.0909042,0.1053381,0.3267026,0.361516,0.2189518,0.1473738,0.0919164,0.1130178,0.3180982,0.3009698,0.220009,0.1488478,0.1036914,0.1238342,0.3120692,0.3586816,0.2345832,0.2303856,0.1471016,0.0594452,0.1266596,0.3210686,0.3166926,0.2358838,0.1503942,0.1041556,0.1359659,0.291785,0.306248,0.2317112,0.146593,0.102226,0.1215872,0.30808,0.331765,0.2370552,0.1492746,0.0233112,0.069819,0.3190414,0.3189224,0.2215324,0.1487688,0.0910356,0.1242902,0.3253738,0.2902354,0.2254886,0.1486402,0.0967468,0.1005628,0.3106294,0.3051594,0.2148476,0.1488982,0.0964808,0.0889574,0.3215434,0.2991192,0.1245924,0.1467998,0.1058048,0.1392966,0.3245112,0.3575554,0.0946303,0.1444242,0.0962302,0.1305816,0.3164746,0.291906,0.2379924,0.1480644,0.096306,0.1456608,0.3106236,0.3025392,0.2319582,0.1466066,0.0904872,0.1203534,0.2928144,0.3436104,0.231525,0.1476408,0.0994964,0.1353866,0.3228926,0.317664,0.2081892,0.1476386,0.0888358,0.0901896,0.3184794,0.3536994,0.2361454,0.1541452,0.1035766,0.1262608,0.2898596,0.3207852,0.1292425,0.1474548,0.0889906,0.0915368,0.2841978,0.3479044,0.2121274,0.1439142,0.0994564,0.1066284,0.3195738,0.3032256,0.2270042,0.1497234,0.0926368,0.1019526,0.3249826,0.3315352,0.2212246,0.1537834,0.0795092,0.109116,0.3230334,0.319056,0.299876,0.2257928,0.1382234,0.1006774,0.1016696,0.2492184
0.3063068,0.2190672,0.1445902,0.1047176,0.1468138,0.3200676,0.3051508,0.22073,0.1446282,0.0983358,0.1289294,0.3304332,0.3143188,0.0572108,0.1499266,0.0862264,0.1018212,0.3240988,0.354776,0.1814704,0.1478152,0.0887354,0.1307836,0.3205242,0.3230406,0.2094248,0.1465646,0.1021564,0.1372242,0.3195852,0.330851,0.1831618,0.1460366,0.0715678,0.150339,0.3216732,0.3207436,0.2236372,0.1503946,0.046288,0.1280378,0.3252908,0.3012272,0.2217876,0.1478452,0.0812528,0.1161782,0.3088746,0.3115086,0.2204922,0.1464396,0.0904212,0.1214413,0.324948,0.3601992,0.2167734,0.1463006,0.0918032,0.1152614,0.3184598,0.299433,0.217031,0.1475956,0.1040826,0.1208998,0.3146656,0.3546324,0.2310512,0.230763,0.1461176,0.0695785,0.1268222,0.3260592,0.3201042,0.235395,0.1509856,0.1051212,0.1483786,0.3142634,0.3049496,0.2325314,0.1465702,0.1007506,0.1208168,0.3073754,0.3313218,0.2355216,0.150819,0.0609626,0.0688648,0.3200394,0.3234056,0.2223672,0.1496526,0.0914892,0.1239616,0.323045,0.2903726,0.2241756,0.1499464,0.0977928,0.1104322,0.3065364,0.3035412,0.2152396,0.1476408,0.0959128,0.0868618,0.3199932,0.2996088,0.1203872,0.145573,0.1049078,0.1402234,0.3252816,0.3553402,0.1257177,0.145833,0.0973138,0.1355842,0.3177546,0.2908644,0.2373336,0.1495698,0.0967352,0.1469818,0.3121204,0.3022116,0.2327956,0.1477106,0.0911056,0.122505,0.3235194,0.3431696,0.2304722,0.1478722,0.0985848,0.1381626,0.3213186,0.3141646,0.2083394,0.1464964,0.0881906,0.0928168,0.3167136,0.35429,0.2334394,0.1547434,0.1032354,0.128657,0.2924232,0.321265,0.1653457,0.149276,0.0883174,0.0930332,0.284002,0.3457036,0.212815,0.1470048,0.1002062,0.1021128,0.321345,0.3033142,0.227948,0.148784,0.0920482,0.1052654,0.3226878,0.3309182,0.222597,0.1537378,0.0770816,0.1249538,0.3206048,0.315719,0.2993902,0.2223754,0.1391536,0.1000354,0.1216722,0.274692
0.307223,0.2182538,0.1441448,0.1059334,0.146753,0.3215428,0.2993204,0.2211968,0.143588,0.0981862,0.1342588,0.3305974,0.3142472,0.0757415,0.149692,0.085191,0.10039,0.3218428,0.354198,0.1821353,0.148777,0.089714,0.1319594,0.3218616,0.32202,0.2129658,0.1481534,0.1014564,0.1456712,0.3201218,0.331426,0.193701,0.145443,0.0710886,0.1494084,0.3213658,0.3199286,0.2230208,0.1517772,0.0451654,0.1308666,0.3236188,0.3019604,0.2197016,0.1480484,0.0809794,0.1168548,0.3078428,0.3103638,0.2181764,0.1481798,0.0904566,0.1211725,0.322711,0.3597052,0.2173004,0.146409,0.0924018,0.1164506,0.3218996,0.3037596,0.2156938,0.147347,0.1038466,0.1212146,0.3150684,0.3512752,0.2313924,0.2296374,0.1463588,0.0700721,0.1282798,0.3244256,0.3199412,0.2319418,0.1509652,0.1050766,0.1483258,0.318971,0.3036154,0.0167815,0.1472708,0.100805,0.1178596,0.3029016,0.3309686,0.2342898,0.1505478,0.0608236,0.0615008,0.3207318,0.3242314,0.2215048,0.1507438,0.0935918,0.1240286,0.326896,0.2904478,0.2245704,0.1493564,0.0989092,0.112369,0.3049928,0.3005648,0.2170952,0.1468622,0.0958936,0.0878872,0.3256462,0.297845,0.1262458,0.1449668,0.1052652,0.1466644,0.326168,0.3564302,0.1517017,0.1458508,0.0984374,0.1452094,0.3190016,0.2919672,0.2374126,0.149349,0.0964168,0.1432638,0.3100632,0.3047154,0.2320754,0.1483994,0.0915516,0.1203874,0.3256722,0.3418952,0.2314748,0.1478714,0.0977414,0.148443,0.3217358,0.3139348,0.2074336,0.1466108,0.0891826,0.1211104,0.3178146,0.3558922,0.2338562,0.1527578,0.103304,0.1278302,0.288358,0.3212296,0.1670651,0.1502858,0.087599,0.0940008,0.2826404,0.343406,0.2089126,0.1475428,0.0995828,0.1030812,0.3212844,0.3015278,0.2284836,0.1487502,0.0919774,0.1071046,0.325773,0.330661,0.2197482,0.1529264,0.075818,0.126402,0.3175674,0.3168598,0.2963804,0.2221894,0.1378758,0.100333,0.1225168,0.3009816
0.306562,0.2158584,0.1430548,0.1052628,0.1444458,0.3226816,0.2994444,0.2196542,0.1428376,0.0984084,0.135054,0.328806,0.3131724,0.0889426,0.1490296,0.102155,0.124599,0.3243656,0.3519022,0.190533,0.1480936,0.0898852,0.1330108,0.3235696,0.3219978,0.219728,0.1493162,0.1014484,0.1457784,0.321154,0.3313262,0.1969762,0.1448358,0.0745776,0.149711,0.3243226,0.3174726,0.0988938,0.1491632,0.0538512,0.1280762,0.3292008,0.3004492,0.2201968,0.1500452,0.079737,0.1151202,0.3082496,0.311607,0.2186646,0.1484292,0.091598,0.1253653,0.3208422,0.361444,0.2160982,0.1495456,0.0931194,0.117021,0.3214394,0.3014856,0.2124608,0.1478298,0.1031846,0.1229764,0.3178626,0.3491368,0.2280926,0.2277338,0.1454934,0.069304,0.1291326,0.326293,0.3184854,0.2304356,0.1498932,0.1043126,0.1508802,0.3201034,0.3031866,0.0626328,0.1482314,0.1008918,0.1239424,0.3081072,0.3284206,0.2324766,0.150877,0.0633992,0.0656134,0.319555,0.3234818,0.2179726,0.150856,0.0946456,0.125868,0.324341,0.2918366,0.2236262,0.1485988,0.0983374,0.1110436,0.306547,0.298108,0.2138266,0.147747,0.0956876,0.104836,0.329476,0.3004248,0.1282736,0.1465574,0.1045166,0.146956,0.3278258,0.35746,0.1545345,0.1480042,0.098089,0.1475224,0.3225668,0.2922804,0.2368458,0.1491304,0.0968404,0.143488,0.3083124,0.3012186,0.2308496,0.148254,0.0919382,0.1217028,0.3286518,0.3446386,0.2327116,0.146119,0.0984986,0.1482622,0.3206274,0.3119714,0.207841,0.1487904,0.0890606,0.1201762,0.2218642,0.3544458,0.2359028,0.1506348,0.1030342,0.1317296,0.2918452,0.3208608,0.1809933,0.1486738,0.0878316,0.0928482,0.2835476,0.3416488,0.2086146,0.1467492,0.1011828,0.1014858,0.3207524,0.301361,0.2279732,0.1512252,0.093611,0.1054954,0.321494,0.3317152,0.219669,0.1526938,0.0783112,0.1265026,0.3221108,0.318524,0.29524,0.2193628,0.140807,0.1010342,0.1268076,0.3047168
0.211876,0.2149736,0.1450732,0.1046498,0.1460496,0.2117147,0.300477,0.2193872,0.1415246,0.0979434,0.137085,0.3273254,0.3109994,0.1147664,0.1490532,0.10209,0.124248,0.3219574,0.3499162,0.1982092,0.1477086,0.0886918,0.1313728,0.326039,0.323905,0.222969,0.1473502,0.1024538,0.1458478,0.3199598,0.3255778,0.1986016,0.1444812,0.074034,0.1486774,0.3248968,0.3215296,0.17534,0.1488734,0.0611954,0.1296902,0.3264944,0.2971496,0.2192258,0.1505472,0.0811758,0.113028,0.303057,0.3097814,0.217456,0.1483412,0.0914742,0.12905,0.3203198,0.3610106,0.2199666,0.149049,0.0928582,0.1151414,0.3227594,0.3015126,0.0946222,0.14833,0.1044656,0.1239088,0.3168236,0.3511838,0.2256234,0.227443,0.145194,0.0768588,0.1291108,0.3296208,0.3167096,0.2294232,0.1485842,0.103946,0.1502602,0.3203182,0.3025564,0.1185462,0.1490648,0.1006076,0.1231316,0.3073986,0.3287838,0.2340548,0.1489518,0.0621244,0.0655992,0.3203128,0.3208286,0.2170328,0.1514624,0.091801,0.1253558,0.3272756,0.290071,0.2250834,0.1495072,0.0979452,0.1095464,0.3062176,0.2977016,0.2135498,0.147435,0.0942252,0.1351196,0.3266238,0.3022242,0.126564,0.1475518,0.1049144,0.14537,0.3275036,0.3557014,0.1592462,0.1490844,0.0974816,0.1464266,0.3175262,0.2895348,0.2356252,0.1494562,0.0969252,0.1457288,0.3080764,0.3019594,0.2300822,0.1514632,0.0909728,0.1208018,0.3251586,0.3498092,0.2308978,0.1468804,0.097044,0.1485254,0.3261218,0.3131536,0.2086094,0.1478096,0.0882608,0.1190788,0.2600857,0.3530342,0.23255,0.1520624,0.1034964,0.1306836,0.2945858,0.3169284,0.1838894,0.147471,0.097005,0.0965076,0.284548,0.3455762,0.2079204,0.1465054,0.1002338,0.0995872,0.3247876,0.3037086,0.226446,0.149122,0.096307,0.1059062,0.3245434,0.3333048,0.2180326,0.153251,0.0815258,0.1287604,0.3224182,0.3160784,0.2970274,0.217479,0.1403232,0.0068346,0.1342212,0.3197534
0.2547384,0.2142544,0.1468406,0.1045784,0.143773,0.2720592,0.2998888,0.2166,0.1432526,0.097674,0.1373768,0.324436,0.3102382,0.1326645,0.1495292,0.1019204,0.1250406,0.3187532,0.3503328,0.1981864,0.1475888,0.0986354,0.1304852,0.3256042,0.3229802,0.2216122,0.1476752,0.1020398,0.1470204,0.3208614,0.328748,0.1982735,0.1456258,0.0741206,0.1485204,0.324518,0.3197736,0.1869012,0.150811,0.0610966,0.129243,0.3299332,0.2944908,0.2164898,0.1487068,0.0830826,0.114302,0.307122,0.3093334,0.2131244,0.1488958,0.0920488,0.1288996,0.3218832,0.3615876,0.2189366,0.1488766,0.0922218,0.1132266,0.3242352,0.3030382,0.1001326,0.1464484,0.1043984,0.1230188,0.3165248,0.344905,0.2259902,0.2252404,0.144367,0.0798518,0.1285838,0.3243548,0.3158856,0.229784,0.146511,0.1037066,0.1499552,0.3211728,0.3042178,0.1388242,0.1477536,0.1007714,0.1212892,0.2404349,0.329221,0.2335306,0.149709,0.0604578,0.0585568,0.3192404,0.3165434,0.2162594,0.1523632,0.0909684,0.1252116,0.3262078,0.2884584,0.2236494,0.1487682,0.0979696,0.1100986,0.3041402,0.2920968,0.2136188,0.148282,0.0949404,0.133974,0.326763,0.3005112,0.15339,0.1467552,0.103052,0.1471106,0.3254934,0.3579862,0.1699089,0.147777,0.0977792,0.1482696,0.3164792,0.2858374,0.2357992,0.1474306,0.0972242,0.148533,0.3104236,0.3016684,0.2288642,0.148799,0.0925056,0.1204496,0.3253338,0.3441694,0.226839,0.1479452,0.0960538,0.1482806,0.3272136,0.3129798,0.2101312,0.1492302,0.0879228,0.121911,0.3068329,0.2620921,0.232965,0.151041,0.1026138,0.1327996,0.2889476,0.3159434,0.1864444,0.148686,0.0973864,0.0957542,0.2830648,0.3437492,0.206456,0.148782,0.0990868,0.0995814,0.3205146,0.3037842,0.226049,0.148438,0.0965968,0.1053158,0.3185346,0.3338634,0.2176156,0.1525926,0.081847,0.13228,0.324521,0.3109792,0.2986956,0.2152026,0.1422038,0.056628,0.1334724,0.320489
0.2695204,0.2138394,0.1477214,0.1046342,0.1437154,0.3123502,0.2997152,0.2156562,0.1416372,0.0982858,0.1369882,0.323109,0.3082564,0.1676212,0.1500804,0.102208,0.1280236,0.3172298,0.3512446,0.208528,0.1490864,0.0987664,0.130364,0.3183514,0.3217254,0.2218516,0.148978,0.1013518,0.1454202,0.3226562,0.3284708,0.20843,0.1453344,0.074837,0.1486556,0.3215454,0.3210346,0.1948356,0.149649,0.0624318,0.127747,0.3291682,0.28893,0.2157378,0.0749316,0.0857242,0.1143802,0.3077492,0.2312795,0.215452,0.1483486,0.0910284,0.1269724,0.3208578,0.3622636,0.219658,0.1482676,0.0914852,0.1085508,0.319722,0.300101,0.1183614,0.1479402,0.104357,0.1233084,0.3145014,0.3468518,0.225228,0.2251864,0.1458106,0.0795894,0.1297608,0.3219808,0.31638,0.2274044,0.1463698,0.105202,0.145798,0.3229096,0.3050706,0.1673306,0.1492714,0.1004506,0.1217724,0.2866378,0.3312494,0.2334244,0.1473424,0.0601292,0.0544608,0.3230086,0.319528,0.2147106,0.14945,0.0923174,0.125858,0.3263664,0.2881796,0.2210324,0.148564,0.0975492,0.1119388,0.3078418,0.293675,0.2133536,0.1486652,0.0944376,0.1324708,0.3261722,0.2982864,0.1517416,0.1474968,0.1034444,0.14958,0.3248474,0.359641,0.1800081,0.1484546,0.096692,0.1468672,0.3192996,0.2877684,0.234849,0.1482402,0.0975284,0.1478518,0.3102778,0.300287,0.2271962,0.1482242,0.0921538,0.1215416,0.3271938,0.3456508,0.227011,0.149712,0.094738,0.1485668,0.323081,0.3183036,0.2090602,0.148493,0.087573,0.1217026,0.3182792,0.2834837,0.2306932,0.1518892,0.1030184,0.1333908,0.2897206,0.317021,0.182683,0.148287,0.0971282,0.100787,0.2869084,0.342666,0.2051698,0.147482,0.100207,0.1009094,0.3211248,0.3015956,0.22423,0.1497892,0.0963776,0.1070324,0.3213192,0.3316448,0.218754,0.1528364,-0.0101219,0.1312548,0.3234258,0.3119298,0.2979064,0.214419,0.1416916,0.077732,0.1314182,0.3195592
0.3022852,0.212639,0.1477674,0.1047912,0.142453,0.3159882,0.2976746,0.2141096,0.1438538,0.0988314,0.1350456,0.3226178,0.3071482,0.165554,0.1500022,0.1012496,0.1257872,0.3198934,0.3500972,0.207191,0.14909,0.0984268,0.1306476,0.3211774,0.321852,0.2242882,0.149399,0.1017252,0.1484414,0.3233126,0.3291974,0.2034356,0.1451672,0.0710358,0.1486304,0.3185986,0.3241104,0.1976292,0.1491666,0.06638,0.1279968,0.3255672,0.2902864,0.2148832,0.0950192,0.0837642,0.114912,0.3086164,0.276402,0.2177462,0.1498304,0.0921644,0.128471,0.3242948,0.3596646,0.2194992,0.1520364,0.1042906,0.1112252,0.3227532,0.2969402,0.1339416,0.1486496,0.1039142,0.122522,0.3188574,0.3441098,0.2254852,0.224471,0.1469886,0.0790958,0.1285332,0.3280928,0.3179742,0.2260636,0.147989,0.1045338,0.1490322,0.3234606,0.3042698,0.1815514,0.1484888,0.1009792,0.1227206,0.2947648,0.3287246,0.231932,0.1467098,0.0619066,0.055361,0.319878,0.3187002,0.215563,0.1489696,0.092328,0.123849,0.3259702,0.287864,0.2204292,0.150295,0.09687,0.1095332,0.3087616,0.2946824,0.2164632,0.1487132,0.0942058,0.1364412,0.3275148,0.2936612,0.1602894,0.1481526,0.1038626,0.146957,0.3279706,0.3603778,0.1955719,0.1473026,0.0257292,0.1441422,0.3215954,0.2859974,0.232912,0.1496096,0.096858,0.1484938,0.307518,0.2988278,0.2279042,0.148428,0.0920868,0.1237038,0.3284458,0.3421394,0.2256626,0.1484348,0.095952,0.1491952,0.3244634,0.322785,0.2088648,0.150182,0.088387,0.1222822,0.324684,0.3186068,0.1856584,0.1520816,0.104721,0.1334048,0.290301,0.314838,0.1812638,0.1479566,0.0965736,0.0992474,0.2877858,0.3367076,0.203093,0.1477818,0.100546,0.0964876,0.31862,0.3001728,0.2224988,0.1487636,0.095519,0.1093682,0.322188,0.3285422,0.2173232,0.1525672,0.0577173,0.132074,0.3215484,0.3106136,0.299328,0.2154478,0.1388056,0.0851336,0.129927,0.3207738
0.307865,0.2109654,0.1474596,0.1050636,0.1442322,0.314138,0.29315,0.213018,0.1424912,0.0989986,0.1345568,0.3219662,0.3071178,0.1679208,0.1512244,0.1028312,0.1245758,0.3209728,0.349089,0.2096182,0.1495574,0.0991404,0.1302922,0.323483,0.3208638,0.2251056,0.1482086,0.1024782,0.1464504,0.2682919,0.3303212,0.2048314,0.146361,0.0679106,0.1486676,0.3206178,0.3204658,0.1996004,0.1509626,0.066828,0.1309082,0.325512,0.2886996,0.2150262,0.1160796,0.0829342,0.1142366,0.3101668,0.3036432,0.2175504,0.1493662,0.0940488,0.131085,0.3232624,0.3580928,0.2182852,0.1511088,0.1039294,0.1090182,0.3243234,0.3001388,0.1587596,0.1491458,0.1040288,0.1243676,0.3154452,0.3436866,0.1076872,0.2233304,0.146624,0.0777352,0.1268618,0.3256416,0.3200156,0.2250276,0.1505238,0.104692,0.1494834,0.3204904,0.3015246,0.1852882,0.1476496,0.10092,0.1213798,0.3125932,0.3260844,0.2315336,0.1480976,0.0613828,0.0556912,0.317965,0.3184868,0.2136376,0.149021,0.0909676,0.1237196,0.3232384,0.2838568,0.2176104,0.149406,0.0962246,0.1085706,0.3087154,0.2916814,0.2163118,0.149138,0.0947216,0.1356872,0.3278076,0.291592,0.1864324,0.1480364,0.1047488,0.1466674,0.3256416,0.3606398,0.2006476,0.1482304,0.0626644,0.1468104,0.3210526,0.2883536,0.2318322,0.1482672,0.0956822,0.1467084,0.3142402,0.2987568,0.2268404,0.1467766,0.0933226,0.1269112,0.3275076,0.3427478,0.2248032,0.1492496,0.0970076,0.1510634,0.325728,0.324224,0.2102434,0.148779,0.0894682,0.1239776,0.3285582,0.358823,0.2022256,0.1513406,0.10358,0.1337956,0.2867822,0.3132432,0.1837946,0.1462482,0.097352,0.0953016,0.2855668,0.3371576,0.202958,0.148123,0.1000856,0.094809,0.323028,0.2973074,0.2197146,0.1484762,0.0965854,0.1083278,0.3207314,0.3267192,0.2166522,0.1532532,0.0746496,0.1346558,0.319209,0.3119672,0.3026314,0.2163534,0.1402352,0.085913,0.12902,0.3231102
0.3107538,0.2099652,0.1463964,0.1055434,0.1450912,0.326835,0.291986,0.213836,0.1423586,0.098491,0.1358046,0.323848,0.3082466,0.173156,0.148884,0.1016954,0.1247752,0.3209554,0.3490008,0.2102064,0.1486364,0.098917,0.1302086,0.320677,0.3200838,0.226272,0.1485866,0.1024492,0.146553,0.2685621,0.3313134,0.203089,0.1474542,0.0714616,0.1476366,0.3253908,0.318743,0.2016352,0.1502178,0.0703508,0.1314086,0.3262628,0.2908284,0.2135524,0.1284004,0.0833242,0.1152242,0.3085244,0.3125821,0.220192,0.1485994,0.0932266,0.1323862,0.3233446,0.3514306,0.2191192,0.1498416,0.1043494,0.1119798,0.3252646,0.2985192,0.1607894,0.1500172,0.1046946,0.1258122,0.3145542,0.2637748,0.1164328,0.222792,0.1473224,0.0808042,0.1258804,0.3219788,0.3139758,0.2271874,0.1499656,0.1037916,0.1494126,0.3190332,0.2997572,0.1846204,0.1477646,0.1016694,0.1186218,0.3115928,0.3228518,0.2297744,0.1469102,0.0617814,0.0556784,0.3186984,0.3169262,0.2107718,0.1495928,0.0925262,0.122805,0.3223224,0.2829642,0.2165316,0.1523728,0.09623,0.109839,0.3086374,0.2864116,0.2160846,0.1507352,0.0954218,0.1358002,0.3283794,0.2910476,0.1877536,0.1494066,0.1035676,0.1483028,0.3262158,0.356143,0.2014678,0.1498342,0.061949,0.1448538,0.3169634,0.289203,0.231161,0.1483288,0.0964988,0.1467544,0.311831,0.2983872,0.2258004,0.1464592,0.09284,0.1288378,0.3310476,0.3452276,0.226586,0.1500754,0.0965688,0.1504764,0.3211722,0.323705,0.208754,0.1478322,0.0842896,0.125751,0.3275986,0.3795424,0.2248852,0.1516806,0.1044338,0.1343676,0.2861412,0.309848,0.1844588,0.1485898,0.0979192,0.0984084,0.2833248,0.3346714,0.2016544,0.1466344,0.0999252,0.1026168,0.3227164,0.298269,0.2190274,0.1500094,0.0978928,0.1059326,0.3236652,0.3272256,0.2160638,0.1531826,0.077769,0.1463962,0.3216296,0.3093064,0.3010422,0.2144226,0.1397186,0.0809564,0.127299,0.3198684
0.3109638,0.2108456,0.1466996,0.1050506,0.142674,0.327979,0.2952186,0.2105492,0.1441378,0.0987024,0.1344474,0.3232246,0.3056286,0.2004752,0.1504896,0.1008732,0.1246304,0.321172,0.3507828,0.2114734,0.1156595,0.0996054,0.132172,0.3242442,0.3208016,0.2282778,0.1484128,0.1021732,0.1466896,0.283515,0.3317664,0.2027834,0.1469496,0.0725112,0.147609,0.323646,0.3183628,0.2088958,0.1505566,0.068587,0.1311206,0.3258812,0.29451,0.2131216,0.1297884,0.0833342,0.116185,0.3090226,0.3166563,0.217625,0.1494466,-0.068537,0.134587,0.3255736,0.3518792,0.2144896,0.1514832,0.105193,0.1094368,0.3239366,0.3012028,0.1635974,0.1506326,0.1037444,0.1258016,0.3183438,0.3133304,0.1207498,0.1186444,0.146265,0.0816592,0.1305558,0.3295856,0.3110782,0.2249362,0.150331,0.1029676,0.147921,0.3203866,0.300944,0.1837062,0.1474724,0.1012794,0.1176952,0.3172106,0.322851,0.2314046,0.147828,0.0619826,0.0564326,0.3221068,0.3155176,0.209473,0.1494498,0.091218,0.1208158,0.3270042,0.2848882,0.2150774,0.1503214,0.0952342,0.1089512,0.308049,0.2866676,0.213781,0.149961,0.0963058,0.1381372,0.3261428,0.2912726,0.181339,0.1480242,0.104043,0.1483462,0.205995,0.3565728,0.1995202,0.1492042,0.061268,0.1465326,0.316821,0.1326171,0.2303902,0.1507726,0.09632,0.1459914,0.311078,0.300533,0.2235768,0.1488758,0.0925448,0.1264056,0.3302254,0.3399436,0.2269228,0.1472212,0.0948418,0.148364,0.3236038,0.3240966,0.1077445,0.1454688,0.0843506,0.1215288,0.3304752,0.384554,0.2319488,0.1506722,0.1036706,0.1340698,0.286158,0.3098972,0.1816042,0.1508106,0.0979126,0.0993296,0.2808222,0.3396108,0.199225,0.1461828,0.0996994,0.1046894,0.321665,0.3018656,0.2170058,0.1495352,0.098941,0.1075268,0.3245292,0.3278204,0.2167946,0.1544652,0.1011762,0.1465626,0.32107,0.310027,0.3000666,0.2128002,0.142458,0.0852752,0.1257516,0.3163878
0.3328558,0.2100758,0.144534,0.1051934,0.1430212,0.3282718,0.2945702,0.2090218,0.1434344,0.09937,0.134988,0.3258692,0.3034228,0.2013884,0.1488568,0.099455,0.1279668,0.2331924,0.3501536,0.2129828,0.1255931,0.0988418,0.1323986,0.3244612,0.3206382,0.225634,0.1457804,0.102425,0.146798,0.3111989,0.3285202,0.2012924,0.1474962,0.0174685,0.1465738,0.324516,0.3171584,0.21018,0.1513548,0.0676338,0.1369178,0.3270582,0.2952362,0.2147106,0.1337576,0.0844458,0.1157824,0.3131348,0.3186683,0.2144608,0.1493584,0.0115683,0.1344128,0.3229612,0.3552802,0.2145938,0.151563,0.1045304,0.1104316,0.3258904,0.3005958,0.165429,0.0677578,0.1040256,0.1232244,0.3177714,0.3356167,0.1458224,0.1444754,0.1476154,0.0906406,0.127986,0.3281478,0.3145522,0.223219,0.1496302,0.1049184,0.1488156,0.3201976,0.3019164,0.1893628,0.148468,0.1024126,0.1178906,0.3209056,0.320687,0.2280724,0.1474622,0.062049,0.055631,0.3234614,0.3156756,0.2071534,0.149162,0.0904038,0.1231226,0.3267874,0.283032,0.2130262,0.1478218,0.0945734,0.1083794,0.2464804,0.2830438,0.2110348,0.1492878,0.0956362,0.13623,0.3230812,0.289706,0.1855794,0.1486758,0.103964,0.1494906,0.2764402,0.3561388,0.203664,0.1502672,0.0618844,0.1479484,0.3163842,0.1658812,0.2282122,0.1500178,0.0964326,0.1454264,0.3128874,0.3043068,0.2229204,0.1485334,0.0924172,0.126816,0.3255622,0.337059,0.2265592,0.148014,0.09545,0.1505468,0.324537,0.3277046,0.1417528,0.1459758,0.0880044,0.1204746,0.3294376,0.383737,0.2332662,0.151242,0.10385,0.1350008,0.2887418,0.3087336,0.1832958,0.1493434,0.0975936,0.0951336,0.2833906,0.3365076,0.1948562,0.1469778,0.0981156,0.1084598,0.324333,0.3025774,0.0389492,0.1515722,0.098193,0.1081898,0.3242958,0.3289852,0.2151126,0.1538674,0.1051294,0.146326,0.323094,0.3086212,0.3013568,0.2130494,0.1425398,0.0855402,0.1275216,0.3169714
0.3319568,0.2107366,0.1463446,0.1052216,0.1428684,0.3263074,0.2970994,0.2094414,0.1437104,0.0989414,0.135333,0.3270662,0.3027852,0.2003836,0.1478748,0.0988252,0.1273816,0.2649218,0.3486992,0.2140486,0.1267123,0.1006254,0.129475,0.3226718,0.224694,0.2254792,0.14793,0.1011542,0.144989,0.3108815,0.3276372,0.2022284,0.1472774,0.0672146,0.1474466,0.3273154,0.3178752,0.211062,0.1493674,0.0659594,0.1362268,0.323901,0.2911776,0.2122982,0.135354,0.0833826,0.1210224,0.3091424,0.3175525,0.2133534,0.1475852,0.0710985,0.1328722,0.3233194,0.3504762,0.0957143,0.151131,0.1042276,0.109751,0.3219332,0.3028696,0.180438,0.0906496,0.1045196,0.125941,0.31571,0.3396373,0.1453452,0.1759421,0.1486312,0.091678,0.129469,0.326202,0.3134072,0.2223922,0.1495256,0.1043746,0.147838,0.3191114,0.3014326,0.1847092,0.147568,0.101455,0.113417,0.320422,0.3241084,0.2271182,0.1478438,0.061915,0.0668478,0.3173878,0.3133038,0.209604,0.1507782,0.0903538,0.1246144,0.32525,0.2841248,0.208411,0.1472428,0.0950182,0.1126658,0.2589858,0.280698,0.2073494,0.1503546,0.0953358,0.1335364,0.3249102,0.2864046,0.1818222,0.148397,0.103216,0.1486234,0.2844838,0.3550542,0.2131975,0.1481042,0.0624686,0.1479988,0.3239464,0.1899501,0.2264346,0.1503916,0.0972136,0.1447792,0.310829,0.3040604,0.2206502,0.1520048,0.092677,0.1316166,0.327302,0.3371752,0.2229832,0.1479648,0.0958224,0.1498506,0.2506119,0.3226028,0.1547082,0.1459466,0.089096,0.1217906,0.3275614,0.3868828,0.2370302,0.1536046,0.1050542,0.1322794,0.1757599,0.3096892,0.188162,0.1469144,0.097438,0.097646,0.284774,0.3417676,0.1978816,0.1462178,0.0984432,0.1074158,0.3206272,0.3025294,0.075221,0.1498174,0.0981788,0.1019692,0.3243976,0.3275174,0.21082,0.1529178,0.1052654,0.1449316,0.3237666,0.305289,0.302229,0.213322,0.141537,0.0851472,0.122294,0.3185908
0.3323252,0.2110708,0.0120634,0.104663,0.1421128,0.3289656,0.2990284,0.209074,0.1441732,-0.0092759,0.1346842,0.3252086,0.3064252,0.201674,0.1483242,0.1005632,0.1260182,0.2852132,0.3507202,0.2163058,0.1269555,0.1010344,0.1310402,0.3202094,0.2790425,0.227281,0.1490806,0.1002594,0.1488266,0.3175725,0.3268206,0.2023106,0.1476278,0.0695308,0.1464302,0.3231764,0.3181868,0.2092948,0.1506022,0.065624,0.1354166,0.3272276,0.288497,0.210797,0.1351478,0.084619,0.1189094,0.3138696,0.3241732,0.2131902,0.1485824,0.0796336,0.1323938,0.319662,0.3514216,0.1185106,0.149979,0.1058048,0.1167942,0.323859,0.301412,0.2134934,0.1239658,0.1030544,0.1300152,0.3175332,0.3630618,0.1691676,0.1911956,0.148586,0.0980594,0.126723,0.3269954,0.3150072,0.2208396,0.1485386,0.1054982,0.147964,0.320868,0.3017302,0.2063744,0.147043,0.1006252,0.1215084,0.3183648,0.3247252,0.2276184,0.1489368,0.0630042,0.0646064,0.3153624,0.312238,0.2089532,0.150071,0.0928504,0.1210644,0.3230818,0.2849472,0.2072906,0.149072,0.0968472,0.110541,0.2881238,0.2795248,0.2069606,0.1501318,0.0957034,0.1332564,0.3254034,0.2874522,0.1844692,0.1481116,0.1025302,0.1472146,0.3102278,0.3512612,0.2113398,0.1475868,0.0600144,0.1488826,0.3208916,0.2427481,0.2256698,0.1503002,0.096246,0.1470756,0.3091152,0.3030264,0.2172876,0.1517038,0.092893,0.1304232,0.3266104,0.3361246,0.2205032,0.148359,0.0979384,0.1495232,0.2757675,0.3200916,0.157865,0.1465508,0.0896328,0.1203546,0.33054,0.3881154,0.2378476,0.154445,0.1054784,0.1334076,0.2418836,0.3075944,0.1868658,0.1468376,0.0987094,0.0975572,0.284592,0.1536238,0.1956894,0.1452524,0.098036,0.109419,0.3184342,0.301467,0.0994536,0.152016,0.096417,0.113841,0.3229774,0.3249984,0.2115146,0.1543652,0.1047924,0.1432906,0.318683,0.3034492,0.3007398,0.212917,0.1406122,0.0852054,0.1216894,0.317165
0.3393434,0.2097628,0.0566234,0.104769,0.1450386,0.327073,0.2989028,0.2072438,0.1450866,0.0130279,0.1321044,0.3274398,0.3054314,0.2026994,0.0530789,0.1002432,0.1274212,0.3156424,0.3528722,0.2205932,0.1307026,0.1000948,0.1322548,0.3261526,0.3112393,0.2291144,0.148154,0.1009184,0.149794,0.3254704,0.327286,0.2019432,0.1471306,0.076738,0.1472492,0.3280206,0.3209506,0.2067526,0.151297,0.0632494,0.137519,0.3310178,0.2864628,0.0093114,0.1437564,0.0827972,0.1384172,0.312486,0.3263132,0.2131648,0.148512,0.082069,0.1326114,0.3249582,0.3526608,0.12054,0.1503808,0.1062264,0.11442,0.3232834,0.2994798,0.2259876,0.127237,0.10459,0.1327544,0.3160022,0.367928,0.1799901,0.1924932,0.1507086,0.0978444,0.1270418,0.3254638,0.3141888,0.2201692,0.1479368,0.105475,0.1485814,0.3226986,0.2991306,0.2071998,0.1472306,0.100433,0.1201166,0.3210688,0.3275692,0.2289026,0.1482776,0.0650486,0.0658882,0.3165664,0.3110272,0.2075208,0.1517934,0.0704414,0.1212602,0.3241716,0.2829238,0.2165358,0.1474574,0.0986488,0.111221,0.302029,0.2821672,0.0280981,0.152275,0.0955334,0.1360192,0.3232448,0.285992,0.2087934,0.1487034,0.102246,0.1483034,0.3268184,0.3488958,0.2112742,0.1470114,0.0546168,0.1493592,0.320932,0.2404857,0.2236476,0.148056,0.0102828,0.1470226,0.3084376,0.3014552,0.2169638,0.1508056,0.0911144,0.1297628,0.3238512,0.3355646,0.219507,0.1489666,0.0972332,0.1473844,0.2782183,0.3212318,0.157523,0.1475804,0.0892008,0.1231242,0.3266608,0.3867312,0.2411296,0.1533332,0.1039202,0.1316308,0.283034,0.3078382,0.1828712,0.1478826,0.0986132,0.0971968,0.280338,0.2412904,0.2006134,0.1464522,0.0989288,0.1120136,0.3186098,0.3003734,0.1045494,0.1503752,0.0953182,0.1131056,0.3197974,0.3236064,0.2118494,0.1555188,0.1058846,0.1464988,0.3221268,0.3053292,0.3020944,0.2136794,0.141488,0.0850306,0.1230912,0.3229974
0.3429564,0.2110284,0.0791128,0.1045862,0.1420604,0.3252178,0.2952582,0.2040252,0.1439982,0.0249229,0.1330742,0.3291912,0.306715,0.2077125,0.1293334,0.0996484,0.1267424,0.3237106,0.352724,0.2200338,0.1310214,0.1013732,0.1272742,0.32597,0.3399014,0.231713,0.1494994,0.1015314,0.1482788,0.3226044,0.3270508,0.2017432,0.1492666,0.0778946,0.1462056,0.3253962,0.3165402,0.2033908,0.151006,0.0645616,0.1344162,0.3257862,0.290428,0.0363052,0.1445574,0.078196,0.1355034,0.3104966,0.3282986,0.2122802,0.1481162,0.081359,0.1335288,0.326331,0.3534866,0.1500165,0.1512296,0.105741,0.1176838,0.3187064,0.2978408,0.224111,0.135372,0.1039824,0.1346422,0.3161062,0.3679418,0.1810536,0.1952448,0.1476704,0.0977338,0.1274112,0.3290952,0.3166262,0.219263,0.1453436,0.104332,0.1476842,0.3213814,0.3021626,0.206064,0.1486496,0.1013486,0.1219898,0.320194,0.328528,0.2269886,0.1478814,0.0706774,0.0693444,0.3168162,0.3104018,0.205146,0.1505442,0.080218,0.1213848,0.3209454,0.2820528,0.213815,0.1482928,0.0986678,0.1091792,0.3014246,0.281505,0.0364907,0.1517382,0.095102,0.1380178,0.3210976,0.2837636,0.210179,0.0794274,0.103228,0.1485886,0.327054,0.3530212,0.2098268,0.146594,0.0557028,0.1466368,0.3182042,0.2420733,0.2233008,0.1472512,0.0735504,0.1460014,0.3078648,0.301461,0.2198058,0.150373,0.0908782,0.1303742,0.3268114,0.3368752,0.221294,0.1484136,0.0972976,0.146558,0.298476,0.3216152,0.1688798,0.1479888,0.0886054,0.117313,0.327629,0.385399,0.2419702,0.1528358,0.1031172,0.1311972,0.286363,0.3093778,0.1791314,0.1488554,0.0982476,0.1009586,0.2819998,0.3195667,0.1963946,0.1465238,0.099306,0.1082546,0.3240758,0.2992532,0.117275,0.150628,0.093874,0.113657,0.3250576,0.3211904,0.210178,0.155692,0.107006,0.1448804,0.320572,0.3081452,0.3025374,0.2119724,0.1409854,0.0854136,0.1228666,0.3235092
0.340086,0.211294,0.101741,0.1047604,0.1464952,0.3274996,0.2928104,0.2023604,0.1440694,0.049873,0.1357376,0.3279262,0.3088602,0.2187789,0.1415336,0.0998788,0.1283942,0.3242118,0.3508714,0.219468,0.1311108,0.1006176,0.1268478,0.324566,0.346785,0.2314032,0.1486226,0.1022018,0.1469934,0.3268864,0.3248418,0.1984536,0.1481048,0.0787364,0.1478272,0.323037,0.3151388,0.2018268,0.151091,0.063633,0.136353,0.326471,0.2892496,0.060058,0.1452468,0.104285,0.1366826,0.3070174,0.3254892,0.2096092,0.149612,0.0780356,0.1346198,0.3247492,0.3505124,0.1940595,0.1507094,0.1055196,0.1182624,0.319015,0.2966418,0.225312,0.137657,0.103675,0.1311928,0.3181266,0.3656458,0.1874348,0.2018818,0.1469196,0.0982518,0.1271868,0.327422,0.3150832,0.221221,0.1459682,0.1043314,0.150331,0.3179378,0.29929,0.226976,0.1491278,0.1001106,0.120893,0.322385,0.33101,0.2271,0.1504968,0.071961,0.0656398,0.3185246,0.3120432,0.2037846,0.1486872,0.0975386,0.1214556,0.3226792,0.2848362,0.2128596,0.1485054,0.0988794,0.1108592,0.3205954,0.2818514,0.0700911,0.151699,0.0953578,0.138027,0.3264604,0.2853124,0.2077178,0.10414,0.1022692,0.1491388,0.3243882,0.3530138,0.2091004,0.0875652,0.0535814,0.146052,0.3179888,0.2651964,0.224776,0.1479876,0.0742507,0.1458468,0.3074586,0.2996668,0.0883598,0.1490362,0.0923872,0.1310926,0.3300524,0.3364684,0.221213,0.148465,0.0974002,0.1483648,0.3183324,0.3185198,0.1693412,0.1478738,0.088835,0.1205426,0.3282676,0.3841506,0.2420478,0.1531432,0.1040724,0.1317738,0.2943402,0.3075002,0.1788084,0.1485094,0.0983638,0.102419,0.2836958,0.3416254,0.1939354,0.1474922,0.099759,0.1110188,0.3224922,0.3005338,0.1372414,0.149041,0.0962266,0.113522,0.325219,0.3224926,0.2110948,0.1543914,0.1066176,0.1472598,0.3212854,0.3090162,0.198803,0.2091304,0.1408688,0.0855308,0.1236822,0.3216682
0.3392282,0.2112366,0.1207816,0.1050714,0.1443418,0.3271948,0.289359,0.2000782,0.1426204,0.0506676,0.1327734,0.3261938,0.3055024,0.2162226,0.146103,0.0997166,0.1294464,0.3242552,0.353284,0.217127,0.1315912,0.1001242,0.1302468,0.3249938,0.349399,0.2328286,0.1493132,0.1024308,0.1438746,0.3268976,0.3217062,0.1986244,0.1463322,0.0789232,0.1465336,0.3237922,0.3158168,0.1941374,0.151897,0.0649414,0.1360942,0.326525,0.2883746,0.088901,0.1442966,0.1045018,0.134479,0.3092022,0.3213178,0.207875,0.1478644,0.0774752,0.1349676,0.2438853,0.3522942,0.2199271,0.1501742,0.1051168,0.1197396,0.3222732,0.2966946,0.2271474,0.1377484,0.1055622,0.1318328,0.3193304,0.364011,0.191474,0.2029024,0.1470654,0.0979058,0.1247054,0.3258446,0.3151202,0.221909,0.147226,0.1041184,0.1496348,0.3173706,0.298058,0.224703,0.1450938,0.0999622,0.1207928,0.322288,0.3297268,0.2278806,0.1506798,0.073371,0.0615388,0.3204662,0.3102596,0.2054408,0.1480152,0.0984238,0.1199856,0.3215176,0.2838258,0.2106518,0.1494874,0.0976114,0.1096158,0.3223076,0.2767148,0.1279556,0.1505808,0.0961514,0.1377412,0.320896,0.2828096,0.2087692,0.1234842,0.1029318,0.1482072,0.3265504,0.353715,0.2094594,0.0910796,0.0509334,0.1447192,0.3157412,0.2648262,0.2233896,0.1489362,0.0735973,0.1470246,0.3090136,0.2979292,0.150047,0.1498524,0.0916912,0.1320372,0.3277346,0.3348506,0.2226266,0.1470016,0.0984758,0.1484558,0.3225204,0.3195348,0.1732072,0.1471806,0.0882234,0.118681,0.32579,0.381874,0.2429586,0.1544312,0.1038734,0.135891,0.2958474,0.3079582,0.1785184,0.148342,0.0980326,0.0986412,0.2855688,0.3440274,0.195123,0.147274,0.0995848,0.1058946,0.3247264,0.3032442,0.1590678,0.1482918,0.0963178,0.1103828,0.3261588,0.3235042,0.211753,0.1540622,0.1062864,0.145762,0.322427,0.3101382,0.2213674,0.2078858,0.1392394,0.0798726,0.1260266,0.3208032
0.3400292,0.2131664,0.1400804,0.104904,0.1454012,0.3309314,0.290463,-0.0121124,0.144841,0.0839728,0.1302966,0.3288368,0.3033224,0.219228,0.1450534,0.099822,0.1280134,0.3272974,0.3524114,0.2165108,0.1297052,0.1001096,0.1290884,0.3241486,0.3503644,0.2312372,0.1500928,0.1020392,0.1453014,0.3268354,0.319032,0.196012,0.08074,0.0781972,0.1475466,0.3275384,0.3166484,0.195411,0.1514234,0.05893,0.138058,0.329017,0.2883274,0.0969224,0.1454794,0.1047158,0.1335632,0.3114742,0.3225494,0.208601,0.1471704,0.0774698,0.1289326,0.2987861,0.3516718,0.2214905,0.1496328,0.1049506,0.1207482,0.3216888,0.298955,0.2256628,0.137997,0.105525,0.1274156,0.3206684,0.3653388,0.2135912,0.2099238,0.1463068,0.0979786,0.1256308,0.3257624,0.313469,0.2196974,0.1480532,0.1041286,0.1483618,0.3202168,0.2978426,0.229215,0.0916134,0.0995164,0.1232174,0.3190104,0.32817,0.2259264,0.0724704,0.075647,0.0688348,0.31843,0.3121788,0.0568835,0.1474972,0.0975026,0.118287,0.3263288,0.2822064,0.2098856,0.149422,0.0983434,0.1106892,0.32302,0.277643,0.1334819,0.1504062,0.0954968,0.1362352,0.3237208,0.2843286,0.2080948,0.1247098,0.1030946,0.1483826,0.3285098,0.3514912,0.2087746,0.0945688,0.0504528,0.1461182,0.3174104,0.266788,0.222861,0.1489672,0.0822542,0.147169,0.3109922,0.297006,0.1609196,0.1492964,0.102128,0.1349274,0.3286448,0.3413866,0.2222822,0.149031,0.09783,0.1478148,0.3236412,0.3176732,0.1742486,0.147868,0.0890484,0.1206022,0.326789,0.3809554,0.2503066,0.1503492,0.104207,0.1382628,0.3122434,0.303695,0.1788224,0.1485986,0.0966032,0.0989934,0.2853072,0.3443582,0.094602,0.1491352,0.099741,0.1048236,0.3256242,0.3017418,0.1693932,0.1477358,0.096155,0.1108218,0.31896,0.3220436,0.2106684,0.1530872,0.1048342,0.1458324,0.3239962,0.3102826,0.2516812,0.207962,0.1405568,0.0820892,0.125892,0.3253566
0.3381062,0.2108788,0.1415056,0.1043662,0.1458478,0.3284616,0.2875736,0.0261258,0.1448312,0.0843194,0.1330906,0.3303504,0.303007,0.2208336,0.146571,0.1001836,0.1264212,0.3266028,0.3533714,0.215496,0.128687,0.0990188,0.129444,0.3244554,0.351443,0.2296324,0.1483568,0.1023268,0.1465492,0.3281282,0.3178042,0.1963862,0.1083634,0.0770512,0.1483608,0.3256254,0.313927,0.1917154,0.1512656,0.0822516,0.1367572,0.3282946,0.2891098,0.1102177,0.1452648,0.1050832,0.1346876,0.3139926,0.3236064,0.2099184,0.1480044,0.0782444,0.13026,0.319501,0.3505838,0.2200983,0.1493308,0.1045462,0.1209772,0.3240072,0.2990674,0.2244282,0.1390262,0.1045656,0.1282004,0.3207808,0.3659366,0.2141284,0.2089046,0.1476228,0.0969976,0.1305382,0.3221962,0.3166446,0.2195386,0.1474928,0.1040526,0.1480414,0.324398,0.2969194,0.2282188,0.115031,0.0998848,0.1216854,0.319805,0.3268242,0.0883062,0.076399,0.0773746,0.070202,0.3180416,0.3100892,0.1053392,0.1489578,0.1047416,0.1217528,0.230792,0.2834706,0.2092632,0.150433,0.0991084,0.1136282,0.3213748,0.2813478,0.1381695,0.1485892,0.0960928,0.1364744,0.3234526,0.1757339,0.20858,0.1247598,0.1040916,0.1488434,0.3287718,0.3463658,0.2095522,0.107776,0.0464776,0.148639,0.320791,0.2769108,0.2229432,0.1496844,0.0802554,0.1461934,0.3101136,0.3009442,0.1812688,0.149411,0.101956,0.1334662,0.3271988,0.3429918,0.2211526,0.1464904,0.0976926,0.1486862,0.3287922,0.3126184,0.1948216,0.1471934,0.0888786,0.1186662,0.3274954,0.3806062,0.2477654,0.1501456,0.1025068,0.1378244,0.3114184,0.3080708,0.1798182,0.1476672,0.0967132,0.1002946,0.2808444,0.3649596,0.1275813,0.149757,0.099984,0.1039726,0.320454,0.2979216,0.171646,0.1483686,0.096106,0.1168368,0.3207242,0.323305,0.0727511,0.152728,0.10639,0.1467676,0.321672,0.3121804,0.2841648,0.2076164,0.1422244,0.0815924,0.1313498,0.3211398
0.339131,0.2102366,0.1421496,0.0278238,0.1449704,0.3301804,0.2851126,0.0755664,0.1453468,0.0842108,0.1324746,0.328119,0.3026912,0.2210536,0.144688,0.1000624,0.1281262,0.325723,0.3528188,0.2158756,0.1277854,0.098524,0.1304528,0.3275908,0.350117,0.2308776,0.150372,0.1018528,0.1484236,0.3270176,0.3202324,0.1956868,0.143362,0.0756398,0.148932,0.320379,0.3128676,0.2190892,0.1487976,0.0827616,0.1394204,0.3278916,0.289707,0.1335343,0.1443292,0.1051506,0.1350552,0.3140894,0.3258294,0.2070978,0.0842852,0.0747096,0.1280976,0.325689,0.3480042,0.2257418,0.149962,0.1043692,0.1216398,0.3257746,0.3002036,0.2275692,0.1376078,0.1038138,0.1293804,0.3148012,0.3629332,0.2128304,0.2135712,0.1457986,0.0957442,0.1322156,0.3233864,0.3141122,0.2188546,0.1483016,0.1038208,0.1477062,0.3250004,0.2959896,0.2272778,0.1301538,0.0999996,0.1230618,0.3218912,0.3262194,0.1321802,0.0788584,0.0749208,0.0699992,0.318506,0.3088908,0.1164431,0.150588,0.1046618,0.1209622,0.3002907,0.2826408,0.2101838,0.1513682,0.098573,0.111899,0.3224034,0.2828166,0.1543467,0.1103772,0.095255,0.1377058,0.323,0.2277889,0.2091786,0.1238268,0.1040868,0.1498664,0.3260348,0.3474256,0.2135508,0.1353646,0.0461872,0.1466968,0.3232714,0.2778838,0.2228794,0.1530192,0.079445,0.144339,0.3166042,0.3018206,0.1849232,0.1488412,0.100086,0.1344266,0.3307108,0.3377174,0.2204112,0.1461252,0.0977592,0.1483812,0.324337,0.3117722,0.1964555,0.1448198,0.087822,0.11967,0.3278242,0.3781894,0.2468314,0.1497676,0.1037996,0.1371604,0.310638,0.309631,0.1700126,0.1490034,0.0978684,0.1002334,0.283221,0.3625664,0.161449,0.1491166,0.099742,0.1053822,0.3237906,0.2979192,0.1652788,0.1507086,0.096504,0.1159998,0.1968513,0.3226622,0.116829,0.1529836,0.1062318,0.1473772,0.323457,0.3081134,0.3066775,0.2051212,0.1451294,0.087073,0.125441,0.3201836
0.3377348,0.210957,0.1407166,0.0395784,0.147719,0.3290172,0.2858588,0.1329828,0.1451428,0.088703,0.13346,0.3270662,0.2982748,0.2204152,0.1475262,0.1020444,0.1269902,0.3284356,0.3490916,0.2153956,0.1267608,0.0995512,0.1310654,0.3230156,0.3457354,0.2273944,0.1525118,0.1019158,0.1435862,0.3304004,0.3160972,0.1955666,0.1452664,0.081925,0.147131,0.3235116,0.313395,0.2173508,0.147324,0.084046,0.1359874,0.3305074,0.285059,0.1477531,0.142442,0.1045994,0.1345108,0.3151684,0.3261098,0.2049118,0.1045396,0.079173,0.1292682,0.3203046,0.348987,0.2243716,0.1519234,0.1046022,0.1220674,0.3266622,0.3003778,0.2290896,0.1395562,0.1044432,0.1269348,0.3177358,0.3591736,0.2139178,0.2140014,0.1472154,0.0954894,0.130846,0.326157,0.3117448,0.2173976,0.1484754,0.1048454,0.150719,0.326557,0.2942904,0.2243588,0.1316358,0.099307,0.1222396,0.320834,0.3291318,0.1374228,0.1343542,0.0748434,0.0742582,0.3214646,0.3062354,0.1372522,0.1503854,0.10448,0.1186866,0.3134342,0.2793672,0.1110839,0.150629,0.0990304,0.1125266,0.3227118,0.2829468,0.1603831,0.1176936,0.0264792,0.1373072,0.3256756,0.2446893,0.2105598,0.1193292,0.1031312,0.1469038,0.323999,0.347014,0.2143758,0.136034,0.0456874,0.1482624,0.3199058,0.2798788,0.1833896,0.1508932,0.0807986,0.14628,0.3167658,0.301607,0.205006,0.1491918,0.1018864,0.1370486,0.3275624,0.3407404,0.219027,0.1442496,0.1057846,0.1505982,0.3268676,0.3136314,0.1868042,0.1491526,0.0873394,0.1236748,0.328972,0.3798026,0.2454842,0.1510638,0.1036166,0.1387458,0.312235,0.3110534,0.1689224,0.0687889,0.0974434,0.1007648,0.2859576,0.3624048,0.162707,0.1491526,0.1004724,0.104627,0.3210738,0.3011274,0.1657586,0.1501364,0.0962106,0.113699,0.2269712,0.3190234,0.1198964,0.1545388,0.1062894,0.1471354,0.3232294,0.3064552,0.2945996,0.0252209,0.1496404,0.0878762,0.124735,0.3208614
0.3373542,0.210048,0.1456592,0.0515906,0.1482892,0.3259856,0.2845518,0.1440177,0.1467682,0.0886584,0.1338604,0.3278536,0.2981202,0.2217114,0.1469296,0.102159,0.1267632,0.32874,0.347103,0.2154878,0.1344988,0.0999114,0.1281426,0.3247192,0.3488242,0.225911,0.1526758,0.1020642,0.1449016,0.3255322,0.3153838,0.1981078,0.1456078,0.0816176,0.1479782,0.3244648,0.3121238,0.2170782,0.148883,0.0818138,0.1357314,0.3305594,0.2870772,0.1585396,0.1425594,0.1044536,0.1365804,0.310955,0.3211834,0.202884,0.1048088,0.0790846,0.1269362,0.3237318,0.3466712,0.224087,0.15125,0.0432686,0.1194764,0.3226518,0.3013918,0.2288996,0.1386858,0.1043548,0.1321444,0.3172658,0.357749,0.2142742,0.2223786,0.1469836,0.0949916,0.1311116,0.3251608,0.310171,0.217411,0.147874,0.1041702,0.1485434,0.3238106,0.2933062,0.221234,0.1320904,0.0989824,0.1238074,0.3221606,0.3261322,0.1652288,0.137397,0.0763724,0.071861,0.322583,0.307143,0.1775272,0.1510446,0.1040716,0.1193498,0.3168012,0.2800694,0.1480385,0.059394,0.0995106,0.1154246,0.3268018,0.283432,0.167619,0.1174066,0.0559898,0.1407982,0.3270444,0.2779794,0.2103848,0.1174788,0.1023912,0.1465852,0.321687,0.3476458,0.2138146,0.1385716,0.0473472,0.149576,0.3186648,0.2864842,0.1986152,0.1483408,0.0842112,0.1459108,0.3140646,0.2993228,0.2175146,0.0922348,0.1008966,0.1379006,0.3261622,0.3373736,0.2201656,0.1458108,0.1053782,0.1495038,0.3270804,0.313887,0.1848728,0.1483814,0.0916032,0.1264238,0.3283696,0.3784178,0.2484968,0.1526304,0.1035794,0.1382108,0.3108206,0.313552,0.1766582,0.0781865,0.0983208,0.099818,0.2861488,0.3630462,0.1710252,0.1497446,0.100765,0.1048334,0.320488,0.3022612,0.1620466,0.1508764,0.0956756,0.1138912,0.2804567,0.3181752,0.1366455,0.1539444,0.106286,0.1455212,0.3221114,0.3087312,0.2976374,0.070223,0.1498056,0.0872106,0.1284994,0.3213374
0.3370912,0.2086214,0.1456502,0.054404,0.1468354,0.325416,0.2844914,0.173818,0.1461806,0.0892498,0.1353702,0.3268086,0.2989454,0.2196376,0.1465624,0.1021946,0.1243158,0.3274698,0.34632,0.21621,0.1319806,0.1012964,0.1286218,0.3226126,0.3456696,0.2264872,0.1494384,0.102167,0.1450286,0.3241622,0.3147182,0.198169,0.1465134,0.083893,0.1468612,0.3234344,0.311845,0.2140682,0.1485274,0.082861,0.137728,0.335269,0.2876648,0.1590246,0.1429886,0.104756,0.1372228,0.3140622,0.3207704,0.2004414,0.1179522,0.0786356,0.1242452,0.3261494,0.3467666,0.2227332,0.1510374,0.0590456,0.1224408,0.322853,0.3010332,0.2286,0.1389798,0.1039402,0.132636,0.3224504,0.3597162,0.2170088,0.2477668,0.146293,0.0967438,0.131692,0.3239586,0.3103264,0.0558989,0.1467628,0.1019134,0.1483642,0.3247724,0.291995,0.2176932,0.133668,0.099089,0.1201416,0.322141,0.3264102,0.189303,0.1375666,0.0767168,0.072028,0.3195898,0.3059112,0.1815654,0.149936,0.104289,0.1193342,0.3208602,0.2791456,0.1704166,0.088881,0.0989564,0.112729,0.3261102,0.2794232,0.159564,0.117922,0.0737448,0.1380214,0.3226032,0.2765248,0.2104432,0.117927,0.1021774,0.1470696,0.3256536,0.343589,0.2125378,0.139328,0.0452906,0.1487366,0.3164874,0.2896834,0.2025586,0.1489728,0.0837666,0.1470494,0.3125622,0.2959876,0.233123,0.10883,0.1009468,0.1390728,0.3254764,0.336433,0.2160512,0.149181,0.1051304,0.1476282,0.3301918,0.3105994,0.1867868,0.147295,0.0920226,0.1266806,0.3274482,0.3791374,0.2489244,0.1517078,0.103352,0.1379558,0.3119512,0.3149974,0.177114,0.1188338,0.0984144,0.0983938,0.2871344,0.3655998,0.1700444,0.151969,0.1003548,0.104263,0.3245702,0.3027872,0.1647674,0.1496988,0.0957518,0.1146366,0.3072193,0.3173714,0.1727292,0.1527594,0.1058292,0.1471626,0.319963,0.3108458,0.2993606,0.0921713,0.1501788,0.0847232,0.1298556,0.3213134
0.3397016,0.2093108,0.1480648,0.0546466,0.1469704,0.3296816,0.2860974,0.1763908,0.1458292,0.091508,0.1378482,0.3266142,0.2978392,0.2191446,0.1456218,0.1014302,0.1249214,0.326327,0.3459782,0.2128866,0.1417578,0.1002034,0.1262028,0.322012,0.3461242,0.2274434,0.1510098,0.1025276,0.1464742,0.3223226,0.3160554,0.1995236,0.1462212,0.0757864,0.1484074,0.3242616,0.3095376,0.2132604,0.1481286,0.084683,0.137813,0.3316838,0.2901318,0.1587161,0.1450806,0.105694,0.1363736,0.3168418,0.3243202,0.2028594,0.1176598,0.078179,0.1245812,0.3305054,0.3456066,0.2199764,0.1489122,0.0797254,0.1166666,0.3204978,0.3040346,0.231576,0.1391404,0.1036808,0.1353124,0.3198468,0.3594918,0.2157868,0.248011,0.1470632,0.0972002,0.1283284,0.3265464,0.3081176,0.1102063,0.146062,0.1027828,0.148992,0.3223552,0.293334,0.2163706,0.1318512,0.0996006,0.121071,0.3224078,0.3255616,0.2232149,0.1370812,0.076365,0.0726274,0.3226804,0.3079128,0.1927128,0.14951,0.1045292,0.1201842,0.3244602,0.278342,0.179153,0.1261104,0.0977812,0.1115186,0.3219168,0.2815272,0.1591986,0.1466448,0.0749726,0.1374724,0.3223616,0.3009254,0.208217,0.1177184,0.1028588,0.1464472,0.3283674,0.3449486,0.2115652,0.1373074,0.045973,0.1477182,0.3162094,0.2861872,0.2070602,0.1484182,0.0827158,0.1464108,0.3064926,0.2919752,0.231918,0.113495,0.1007608,0.138793,0.3256744,0.3340738,0.2154472,0.1494864,0.1057286,0.1484852,0.3301756,0.3103642,0.1879984,0.1462274,0.0925432,0.125015,0.329543,0.3757988,0.2509406,0.1516144,0.1031534,0.1378592,0.3107888,0.3143802,0.1785702,0.1214186,0.0981064,0.102449,0.2866058,0.3667826,0.1740628,0.15104,0.1006346,0.105017,0.3239854,0.3008284,0.1654346,0.152078,0.0951704,0.1132046,0.3101643,0.316806,0.1869842,0.1531762,0.1056036,0.14801,0.314315,0.30842,0.3231652,0.1214616,0.1498862,0.0838236,0.1261722,0.322395
0.3399136,0.2115424,0.1492406,0.04608,0.1460112,0.3298338,0.282941,0.186891,0.1439714,0.0935408,0.1364272,0.3286222,0.2968438,0.2192966,0.1453858,0.1023392,0.1282012,0.3246728,0.3418054,0.2118682,0.143376,0.1014146,0.127646,0.3252428,0.3434412,0.2283246,0.1509552,0.1014112,0.1482718,0.3238494,0.314028,0.1980678,0.1462582,0.077643,0.1490906,0.3215052,0.3173104,0.2211022,0.0340639,0.0848522,0.1403106,0.3313554,0.292586,0.1582343,0.1452652,0.1061386,0.1357002,0.3144946,0.3268034,0.2028992,0.1237746,0.075359,0.1257644,0.3232854,0.3469894,0.2203286,0.0844013,0.078929,0.1102728,0.3223566,0.3028058,0.228798,0.1401444,0.1043812,0.1340164,0.31544,0.3581636,0.2183392,0.2485076,0.1472274,0.0966956,0.1280532,0.327563,0.307876,0.1192773,0.1468788,0.1035012,0.1480974,0.3243284,0.2924192,0.2179056,0.1459686,0.0996568,0.1213256,0.316517,0.3242302,0.2235843,0.1374924,0.076809,0.0762596,0.3215722,0.3064386,0.2213822,0.1494278,0.1019212,0.1224474,0.3259088,0.2802722,0.201126,0.1281412,0.0989494,0.1140264,0.3218224,0.2815918,0.1663788,0.146136,0.0758852,0.1371016,0.3243678,0.3176124,0.207761,0.1184586,0.1042046,0.1483058,0.3294378,0.3452392,0.2183172,0.136015,0.0452022,0.150186,0.3190084,0.2879256,0.209776,0.1485278,0.0799614,0.1470618,0.2348349,0.289737,0.234214,0.1308816,0.1012676,0.1379786,0.3285112,0.3344482,0.2148478,0.148245,0.1054822,0.1486964,0.3294276,0.3041104,0.1853308,0.1476518,0.0910684,0.1252034,0.3285232,0.3725594,0.2497632,0.084964,0.1037158,0.1394762,0.3104936,0.3136824,0.2262734,0.1236908,0.0980364,0.0998748,0.288674,0.3656116,0.194845,0.1496696,0.1003994,0.0998718,0.3232108,0.300754,0.1903966,0.1514406,0.0970814,0.1120232,0.3091282,0.3170538,0.209975,0.1544092,0.1055392,0.146351,0.3185024,0.3072934,0.324529,0.1151264,0.1494822,0.0843344,0.1225808,0.322933
0.3406972,0.2132026,0.1483834,0.0547088,0.1449374,0.3293182,0.2861552,0.1861568,0.1441448,0.0946882,0.1366456,0.2385407,0.2995532,0.2189852,0.1440172,0.1019814,0.1286286,0.3227314,0.3415592,0.2122902,0.1455238,0.0999708,0.1243814,0.3268722,0.3438128,0.2289082,0.1505432,0.0640301,0.1494258,0.3193608,0.31231,0.1988782,0.1459504,0.082568,0.1478982,0.3198704,0.315995,0.2212154,0.0854472,0.085231,0.1379976,0.3305044,0.2948338,0.1591519,0.1446722,0.1052836,0.1369648,0.3135904,0.3275966,0.2025914,0.1282608,0.0745466,0.1299108,0.3280878,0.3450372,0.2234552,0.1288054,0.0833732,0.1114952,0.3192062,0.3027654,0.2283796,0.1410042,0.1058294,0.1341904,0.3143286,0.358828,0.2174432,0.2482794,0.1479684,0.0960298,0.1410188,0.3274174,0.1749268,0.1255425,0.146672,0.1052336,0.1499878,0.3269234,0.2902856,0.2219046,0.1463856,0.0997642,0.1250414,0.318038,0.3229362,0.2277969,0.1382862,0.0750332,0.0775654,0.320458,0.306627,0.222229,0.1500362,0.1042326,0.1251652,0.3229702,0.2785538,0.2022278,0.1403522,0.0987338,0.1072636,0.3239662,0.2846768,0.1676894,0.1440274,0.0911728,0.14065,0.3255078,0.3191368,0.2089596,0.144796,0.104,0.1463056,0.3258074,0.3457376,0.2160524,0.1416882,0.0456052,0.1512044,0.3203928,0.3093054,0.2145774,0.1483882,0.0820338,0.1474926,0.2551781,0.2861228,0.23627,0.134747,0.101189,0.1381764,0.3244414,0.3295904,0.2132174,0.1476374,0.105838,0.149218,0.3305332,0.3056896,0.2038024,0.1491576,-0.0345934,0.1236436,0.3304896,0.3695178,0.2488502,0.1296728,0.1039382,0.1372454,0.3116236,0.3164014,0.225989,0.1267642,0.0992172,0.1007696,0.2868668,0.3676164,0.1932692,0.150094,0.0991132,0.09808,0.3235354,0.2999092,0.1900118,0.1504336,0.096906,0.1133438,0.3134209,0.1982163,0.2115797,0.1545376,0.1051874,0.1472432,0.3186866,0.308038,0.3247624,0.1582025,0.1481262,0.0860544,0.1197596,0.3205884
0.3429236,0.2121316,0.1489468,0.0545052,0.1457122,0.3263054,0.2837848,0.2171138,0.145141,0.0944674,0.1374598,0.2827398,0.3006392,0.2196498,0.1443314,0.1013908,0.1282528,0.3255504,0.3396176,0.2102998,0.1471322,0.0994564,0.127761,0.327884,0.3435754,0.2326602,0.1501658,0.0758207,0.1477576,0.3279884,0.3139418,0.1962388,0.1480566,0.0822074,0.1490126,0.3207262,0.3168628,0.2212532,0.1277122,0.0837462,0.1360216,0.3275064,0.294466,0.1529787,0.1416238,0.1056634,0.1347256,0.2505269,0.327263,0.2037766,0.1302438,0.072671,0.1275458,0.3280442,0.3430618,0.2227316,0.1389548,0.0830212,0.1120822,0.3234004,0.300445,0.2269226,0.1493938,0.1041874,0.1323274,0.3143076,0.3614254,0.2157962,0.2462864,0.1471442,0.0971766,0.1402576,0.3263464,0.2135429,0.1604235,0.0593385,0.1054544,0.1508776,0.3248428,0.2923372,0.2222596,0.1482598,0.0990192,0.1264982,0.3188288,0.3189076,0.2280415,0.1370378,0.084254,0.0703172,0.3214866,0.3076686,0.2225102,0.149394,0.1042014,0.125316,0.325026,0.2778162,0.2039864,0.1429896,0.0023841,0.1087842,0.3237156,0.2854916,0.1630888,0.1475434,0.090581,0.1430152,0.3255354,0.3183558,0.2088476,0.1449824,0.1022198,0.1470598,0.3281158,0.3476954,0.2175028,0.1402808,0.0689816,0.1492432,0.3210412,0.3084076,0.2151196,0.1493418,0.0818328,0.148241,0.2964568,0.2858016,0.2364176,0.135766,0.1014096,0.136123,0.3235858,0.3299202,0.0444132,0.1486134,0.1057236,0.14855,0.3292604,0.3026846,0.2030846,0.1517428,0.023101,0.1233654,0.3308802,0.3680874,0.2519906,0.1367532,0.1032036,0.1395168,0.3126296,0.3154648,0.2258504,0.1397538,0.0981994,0.100157,0.2851454,0.3625876,0.1953712,0.1520144,0.10009,0.0956808,0.316065,0.302152,0.190257,0.1496268,0.0967098,0.1144466,0.3092969,0.2405655,0.2128131,0.1535684,0.1041782,0.1452818,0.3218512,0.3074202,0.3252112,0.1831265,0.1482134,0.0880004,0.119145,0.3208296
0.3361858,0.210304,0.147022,0.0557348,0.1465396,0.3255838,0.2805374,0.2185642,0.0527299,0.096428,0.1341842,0.302982,0.3002116,0.2174568,0.1463784,0.1018178,0.1253658,0.3292478,0.3418002,0.2110296,0.149235,0.0990038,0.131642,0.3259298,0.3450164,0.234987,0.1530608,0.0838462,0.1474336,0.3275232,0.315425,0.1945294,0.1484162,0.0811264,0.1478162,0.320282,0.3130378,0.2224288,0.1281166,0.0832572,0.1353968,0.32636,0.2918984,0.1537293,0.142923,0.1044928,0.1355338,0.2956528,0.3240236,0.2038854,0.1279244,0.0719948,0.1267336,0.3228092,0.3435682,0.2232598,0.141406,0.0826538,0.1138644,0.321002,0.296601,0.2263432,0.1497404,0.1046028,0.1311766,0.3169242,0.360997,0.216293,0.2457962,0.1479904,0.0972572,0.1396084,0.3283308,0.2566982,0.1895217,0.121703,0.1045432,0.149408,0.320077,0.2933644,0.219202,0.1471574,0.0995236,0.1254064,0.3189214,0.3183188,0.2279633,0.1395366,0.0824522,0.0688834,0.3179322,0.3054168,0.2262744,0.1485266,0.103217,0.1218958,0.3252392,0.2775254,0.207106,0.1453576,0.0378019,0.1088406,0.3228736,0.2869326,0.1574694,0.147625,0.0912822,0.1396348,0.3289118,0.3199494,0.2085616,0.1431688,0.1021432,0.1456782,0.3259706,0.3484202,0.2157974,0.1397504,0.0688958,0.1473854,0.3221654,0.3088422,0.215905,0.1499832,0.0851302,0.14967,0.3167336,0.2877786,0.2377636,0.1373434,0.1010386,0.1373806,0.324719,0.3333594,0.0573379,0.1468358,0.1051484,0.1480052,0.3265172,0.3032648,0.2171338,0.1520724,0.0549484,0.1262294,0.3311934,0.3699394,0.2507652,0.149523,0.1037434,0.1387932,0.3097326,0.3158524,0.2236264,0.1394146,0.0978088,0.0970704,0.2864188,0.364974,0.1979816,0.1512264,0.100961,0.0971146,0.3219138,0.3024568,0.1878274,0.150908,0.0963192,0.108791,0.3132168,0.2877246,0.2228287,0.1530978,0.1042016,0.1454808,0.3221362,0.3069182,0.3226692,0.1843829,0.1466502,0.087666,0.112261,0.3181608
0.3369276,0.2111352,0.146086,0.053655,0.144953,0.3259084,0.2805128,0.2165348,0.126782,0.095925,0.133952,0.3070074,0.1609726,0.2174586,0.146417,0.1011362,0.1274306,0.3243422,0.3411368,0.2077374,0.1486868,0.0993406,0.1286546,0.3229208,0.3422262,0.2344846,0.1504074,0.0840076,0.1473054,0.3321312,0.3155378,0.193933,0.1473656,0.080309,0.1491128,0.3226246,0.2016867,0.2200642,0.1461608,0.0831016,0.1356758,0.3286344,0.2903308,0.1579639,0.144447,0.1040126,0.135564,0.2985002,0.3236762,0.203653,0.1258684,0.0951128,0.1279254,0.322394,0.3415454,0.2217508,0.1430936,0.0880618,0.1110034,0.3204496,0.3019566,0.2244842,0.1489316,0.103305,0.1313132,0.3146226,0.360581,0.214967,0.2463986,0.1492352,0.096697,0.1440878,0.327432,0.290787,0.1968169,0.1257416,0.1047084,0.1494254,0.3162066,0.2935218,0.219002,0.1483242,0.0984962,0.1242328,0.3204908,0.3174596,0.2248999,0.1395518,0.0825862,0.0625494,0.3182044,0.3060342,0.2254056,0.0569044,0.103931,0.122586,0.3273494,0.2781208,0.2097876,0.14504,0.068143,0.1087798,0.3208718,0.2873694,0.1968368,0.1480358,0.0924274,0.1401922,0.3272254,0.3258886,0.2059718,0.1449376,0.1022096,0.148569,0.3247294,0.3518176,0.2154308,0.1420432,0.069092,0.1468482,0.320192,0.307785,0.2119476,0.1489142,0.0838914,0.1482962,0.3209862,0.2861406,0.2364836,0.1364418,0.1011372,0.13485,0.323474,0.332811,0.1474924,0.148448,0.1054528,0.1467078,0.3260438,0.300127,0.2165398,0.0412209,0.075583,0.1249574,0.3312058,0.372757,0.2481006,0.1524302,0.1032306,0.1394918,0.3145978,0.2306302,0.2217388,0.1402268,0.0975972,0.0954974,0.284675,0.3643994,0.1978768,0.1505608,0.1002742,0.0988748,0.3242778,0.3025278,0.1852618,0.1505872,0.0965514,0.1137378,0.3153172,0.3053654,0.2245361,0.1513882,0.104815,0.145343,0.3251462,0.3033534,0.3231954,0.1869769,0.1476074,0.0826616,0.1110062,0.3218488
0.3391902,0.2108156,0.145414,0.05601,0.1456752,0.3262038,0.2804196,0.2174542,0.1397454,0.0951512,0.1306838,0.3246344,0.2377018,0.215945,0.1465092,0.1024406,0.125369,0.324813,0.339222,0.2062258,0.148389,0.0992148,0.130308,0.3236638,0.343197,0.2352738,0.1491364,0.0829372,0.14878,0.330273,0.3123142,0.1926384,0.1472522,0.0816,0.1496016,0.3236766,0.2615074,0.2207446,0.149065,0.0858518,0.137172,0.3283582,0.2865842,0.1697555,0.1458218,0.1050482,0.1371972,0.327296,0.3207054,0.2045656,0.1354866,0.0955542,0.128235,0.326158,0.3411516,0.2228208,0.1450294,0.0880512,0.1105218,0.3194274,0.3022926,0.2220866,0.1490902,0.1045374,0.1307674,0.318089,0.3568534,0.2128636,0.2442574,0.1477966,0.096759,0.1434248,0.32729,0.2921808,0.1936043,0.1283588,0.1048112,0.1482714,0.3190116,0.1771384,0.2195084,0.1505438,0.0991594,0.1229488,0.3194404,0.3168372,0.2250396,0.1400358,0.0937084,0.0576282,0.3202402,0.3092622,0.230981,0.097973,0.10402,0.1221804,0.3255898,0.2798222,0.2118232,0.1439818,0.0855938,0.1023004,0.3211048,0.2872818,0.1943392,0.148713,0.0929602,0.1365918,0.323462,0.3218196,0.2088058,0.1459358,0.1033766,0.1480308,0.3283864,0.3522698,0.2142838,0.139657,0.0697068,0.1473324,0.3176318,0.3029408,0.2115356,0.1477738,0.0816182,0.146468,0.318246,0.2819048,0.2352902,0.1348996,0.1013238,0.1372246,0.3278554,0.3365466,0.1551229,0.1474166,0.1059098,0.1488512,0.326047,0.3024628,0.213849,0.1169531,0.0762746,0.1266316,0.3349406,0.3760312,0.2486582,0.1522122,0.1036354,0.1399652,0.313001,0.2536411,0.216561,0.1389836,0.0975614,0.0991008,0.2794522,0.3621634,0.1966804,0.1475312,0.1000584,0.1041552,0.322881,0.3045766,0.1838266,0.0527393,0.0968968,0.1183456,0.3175612,0.3085312,0.2295828,0.0918868,0.1058242,0.145124,0.3207048,0.1573984,0.3268644,0.1948273,0.1475736,0.0866794,0.1164996,0.320746
0.337306,0.2118692,0.1482,0.0515374,0.1435774,0.3261062,0.2811152,0.2180338,0.1432046,0.0951908,0.1319726,0.3259524,0.2496564,0.2132218,0.1452742,0.1002164,0.1253808,0.3272654,0.3399096,0.2045572,0.1484816,0.099556,0.1300078,0.3286426,0.3424134,0.234935,0.1494556,0.0795508,0.1458674,0.3306076,0.3113272,0.1905082,0.1491404,0.0846852,0.1499548,0.3209528,0.2683972,0.2189854,0.1482834,0.0858278,0.1381854,0.3269794,0.2835898,0.1724421,0.1444586,0.1045914,0.13837,0.328857,0.3207006,0.2022912,0.1358002,0.0948938,0.1306674,0.3269344,0.3378432,0.2241754,0.1431676,0.0897348,0.1108538,0.3231622,0.3034538,0.2214246,0.1512966,0.1039964,0.1322844,0.3175016,0.3619836,0.2093608,0.248547,0.1469662,0.0974968,0.1403468,0.3282224,0.3081292,0.2076909,0.1310354,0.1060812,0.1480924,0.3207714,0.2125736,0.2211456,0.1493838,0.098779,0.1238386,0.3197246,0.3160736,0.2256099,0.1382966,0.0943512,0.050356,0.2447366,0.3090826,0.2297126,0.1418866,0.1052688,0.1234194,0.3260342,0.2823524,0.2104372,0.1428648,0.0857202,0.1072788,0.3246522,0.2886286,0.1944266,0.1485216,0.0930664,0.1378092,0.3228502,0.3209286,0.2089732,0.1451926,0.1026838,0.147082,0.3260842,0.3460538,0.2171954,0.1399068,0.080471,0.146802,0.3156096,0.3028452,0.2109222,0.1478674,0.0844804,0.1483966,0.3206474,0.2846842,0.2367962,0.1333854,0.1023416,0.1367432,0.331311,0.3350912,0.1765721,0.148752,0.1059962,0.14896,0.3261056,0.3017192,0.2139836,0.1207837,0.073974,0.1253258,0.327947,0.3810058,0.2455074,0.1524184,0.1044726,0.142913,0.3104066,0.2675766,0.2170552,0.1417602,0.0979076,0.0950378,0.2816156,0.359305,0.1952356,0.148681,0.1007046,0.1015678,0.3232156,0.3047562,0.193337,0.1185671,0.096342,0.1177946,0.3167102,0.3126997,0.2301728,0.0987592,0.1047094,0.1456522,0.319687,0.2362553,0.325069,0.1978807,0.1482924,0.0871302,0.115689,0.320967
0.3373512,0.2096602,0.1487144,0.0555694,0.1453094,0.3256608,0.2796372,0.2208562,0.142356,0.0977016,0.1337848,0.3281906,0.2656444,0.2165292,0.1458878,0.0994528,0.1272748,0.3269218,0.3414942,0.2061502,0.148212,0.100008,0.128691,0.3265866,0.3444174,0.2360976,0.1504016,0.0779924,0.1469986,0.328668,0.3152612,0.190991,0.1477364,0.0842564,0.145856,0.322628,0.2779108,0.2188768,0.1484774,0.0862566,0.1357024,0.3265134,0.2825606,0.1682703,0.145116,0.106012,0.1384592,0.3272896,0.3177048,0.0732778,0.1354316,0.0944544,0.1290422,0.3254896,0.3383072,0.2234164,0.1446012,0.0887544,0.1103144,0.3238034,0.300064,0.222779,0.1499386,0.104507,0.1295726,0.3202106,0.3668488,0.2060994,0.2471342,0.147859,0.0971696,0.1428298,0.3266352,0.3058162,0.2064349,0.1342434,0.1053214,0.1499278,0.3229456,0.2340972,0.2209506,0.1463532,0.0986282,0.1269256,0.31907,0.3155578,0.2274238,0.1415998,0.0936508,0.0556814,0.2931606,0.3090664,0.2274118,0.1420702,0.1052248,0.1257592,0.324089,0.2802912,0.2100268,0.142303,0.0835162,0.107058,0.3225188,0.290845,0.1971976,0.1476754,0.0934406,0.1414614,0.3243968,0.325896,0.2113912,0.146685,0.102372,0.1476136,0.3284286,0.3482168,0.2137568,0.1455154,0.078328,0.1455042,0.3181542,0.3001182,0.2139168,0.1465482,0.0861606,0.1482428,0.3251472,0.287547,0.2333682,0.1328612,0.1022398,0.1366876,0.32944,0.3330316,0.1852955,0.1485478,0.1064272,0.1478084,0.3258384,0.3001908,0.2166308,0.1372957,0.0725366,0.125467,0.3304222,0.3736618,0.2447224,0.1520246,0.1038638,0.1417762,0.3133142,0.2975242,0.2155342,0.1409946,0.0971326,0.0943134,0.2810494,0.3613236,0.1940496,0.1498076,0.0997386,0.1045398,0.3243334,0.3050278,0.1906574,0.1361518,0.0954218,0.120463,0.324837,0.3126521,0.2276478,0.1107278,0.1052268,0.1467032,0.3249422,0.269563,0.322924,0.2035861,0.1499918,0.0877894,0.113896,0.320733
0.3366296,0.2085476,0.1496108,0.0566932,0.1445434,0.3299312,0.2821378,0.2205208,0.1433538,0.0979214,0.1329834,0.3290448,0.2951884,0.2147854,0.1440262,0.099173,0.1251386,0.3255202,0.340716,0.2048256,0.1471438,0.0990638,0.126518,0.3254488,0.34367,0.2405162,0.1503884,0.0786444,0.1482968,0.3305354,0.315118,0.1915006,0.145539,0.0852682,0.1448926,0.3245942,0.3042192,0.2198668,0.150392,0.0835758,0.1375784,0.3323106,0.2868468,0.1671695,0.1427048,0.1051516,0.1352572,0.3263636,0.3130172,0.1012746,0.1344728,0.095746,0.125153,0.3281212,0.3350726,0.2217788,0.143196,0.0905872,0.1098322,0.323809,0.3024016,0.2224612,0.1498378,0.1036026,0.1296736,0.3175636,0.3682384,0.2061158,0.2509454,0.1462656,0.0967174,0.1418896,0.3238146,0.3091364,0.2043335,0.1344374,0.1044174,0.1484882,0.322605,0.2350064,0.2190972,0.1497902,0.098577,0.127981,0.319311,0.3128608,0.2270488,0.1405564,0.0941308,0.0489782,0.3105272,0.311359,0.2260298,0.1432938,0.1056106,0.1229658,0.3260046,0.2812362,0.2115332,0.1448408,0.0840126,0.1084548,0.3245438,0.2925662,0.1976432,0.1465858,0.0956542,0.1412018,0.323084,0.3276438,0.2080424,0.1470162,0.101378,0.1487822,0.3255102,0.345138,0.2112216,0.147751,0.07567,0.1478974,0.322008,0.302805,0.218847,0.1458218,0.0831564,0.147353,0.327422,0.2846286,0.2332332,0.134484,0.1014818,0.1367128,0.3278822,0.3306244,0.1835537,0.1495788,0.1061066,0.1484338,0.330807,0.2981548,0.2168008,0.1451394,0.0724014,0.1241426,0.329314,0.3740748,0.2431144,0.1551652,0.1037936,0.1404092,0.312256,0.311755,0.2151406,0.1413468,0.097587,0.0921372,0.282954,0.3576886,0.2052254,0.1488474,0.0995342,0.1062892,0.3253438,0.3051342,0.1945662,0.1404824,0.0165673,0.1229334,0.3269942,0.3120155,0.2272142,0.1287088,0.1055112,0.1450534,0.317269,0.2810504,0.3180008,0.2019884,0.1500514,0.0866052,0.1126798,0.323044
0.3320058,0.208919,0.1472516,0.0485054,0.1451676,0.3276896,0.282086,0.2220638,0.1468454,0.0989442,0.1345576,0.3255226,0.2921488,0.214421,0.1444436,0.099716,0.1292246,0.3247492,0.3422502,0.2022648,0.1487004,0.0289836,0.1278582,0.3252756,0.3431052,0.2442214,0.1490724,0.0797004,0.1490824,0.3274596,0.314864,0.191436,0.1466206,0.0869438,0.1448412,0.3247288,0.3243592,0.2199832,0.1491646,0.0832226,0.137039,0.328907,0.2884874,0.1648451,0.1417556,0.1043814,0.1345974,0.3240596,0.3152988,0.1241719,0.1338258,0.0961984,0.1312862,0.3280996,0.3366926,0.219772,0.1439868,0.0920318,0.1112704,0.323272,0.3001182,0.2217796,0.1497698,0.1043472,0.1301692,0.3204,0.3707846,0.2038596,0.2488672,0.1493222,0.0976098,0.1398276,0.3213212,0.3105316,0.2064118,0.1359896,0.1041948,0.147102,0.3223642,0.24519,0.2162708,0.1457436,0.097621,0.1310126,0.3200484,0.3147702,0.2271286,0.1395064,0.0930054,0.0520528,0.3163778,0.3101882,0.2245016,0.1435422,0.1054696,0.1227274,0.3290536,0.2809868,0.216675,0.144806,0.0848464,0.1061584,0.3233008,0.2899458,0.208678,0.1464376,0.103166,0.13749,0.3262834,0.3273794,0.2061814,0.14589,0.1009694,0.149491,0.3210718,0.3492278,0.209178,0.149204,0.0753346,0.1477688,0.3222358,0.3082302,0.2298886,0.148774,0.0842308,0.1479634,0.3250288,0.2844492,0.2317074,0.1357278,0.102171,0.1370178,0.3277822,0.33315,0.1863073,0.1462862,0.1042624,0.1477654,0.328997,0.3024922,0.2259276,0.14514,0.0720644,0.1244254,0.3297916,0.372901,0.23993,0.1556528,0.104459,0.1436814,0.3122758,0.31589,0.2116136,0.1427854,0.0976574,0.0899198,0.2827742,0.3578502,0.204719,0.1496426,0.1003336,0.105165,0.3193812,0.3049364,0.1954752,0.1470622,0.0552842,0.1176488,0.3255422,0.3164197,0.2274942,0.1297276,0.1053446,0.144796,0.318286,0.2830678,0.3229902,0.2083152,0.1493584,0.0858022,0.1016284,0.323496
0.3348912,0.208816,0.1477944,0.049797,0.1443946,0.3318808,0.2823712,0.2212938,0.1476644,0.0982078,0.1352648,0.3263344,0.2949982,0.212164,0.146293,0.1001066,0.1315492,0.3282062,0.3447464,0.2008632,0.1510672,0.0730256,0.1274856,0.3295606,0.3420804,0.247328,0.1481202,0.0791452,0.1466256,0.3245006,0.3158412,0.1892166,0.1459878,0.0880772,0.1460108,0.3235556,0.3362406,0.2177856,0.150426,0.085795,0.138571,0.3303168,0.2842742,0.1950447,0.143841,0.1045986,0.1345252,0.3232122,0.31312,0.1453366,0.133445,0.1010388,0.1348608,0.3249288,0.336204,0.2193854,0.1433576,0.089817,0.1088626,0.3287296,0.299275,0.2220186,0.1513716,0.1038018,0.1309048,0.318811,0.3742706,0.2072316,0.2476142,0.1488522,0.0976126,0.138641,0.3224682,0.3086022,0.208273,0.146685,-0.0075292,0.1486044,0.3202374,0.2535822,0.2176422,0.145414,0.0989106,0.1280582,0.3218522,0.3098292,0.226425,0.1401314,0.0970482,0.0542306,0.3229782,0.313237,0.225436,0.1443464,0.1061766,0.1216134,0.3275944,0.2801448,0.2147124,0.1442544,0.0852546,0.114961,0.322778,0.2909858,0.2073292,0.1469592,0.1019086,0.1379992,0.3252302,0.3303976,0.2091316,0.1465656,0.1024434,0.148459,0.3224268,0.3464048,0.2080184,0.1478282,0.076653,0.1490418,0.3217186,0.3078516,0.2322298,0.0902658,0.08343,0.1471128,0.3252702,0.2877252,0.2306756,0.1345854,0.100623,0.1388278,0.327577,0.3336498,0.1902725,0.1471294,0.1059278,0.1478234,0.3270114,0.3013668,0.2261124,0.1454462,0.0754992,0.1234286,0.3250788,0.3768532,0.241105,0.1554346,0.1049362,0.1432206,0.3110636,0.3239328,0.2103182,0.1418758,0.0966278,0.0978316,0.2816544,0.3555454,0.2102014,0.147752,0.0998796,0.1084164,0.3212654,0.3039966,0.1937436,0.14894,0.0634744,0.1150894,0.3296082,0.3163664,0.2263236,0.1466712,0.1066576,0.1469108,0.3175862,0.3051494,0.322431,0.2170427,0.1482094,0.0839408,0.094802,0.323447
0.3389724,0.2100504,0.1490544,0.0547078,0.1465388,0.3298634,0.2837142,0.2223868,0.1487972,0.0988382,0.1323356,0.3234652,0.2932226,0.2122476,0.147133,0.0997094,0.1297062,0.3340162,0.341366,0.1983844,0.1503684,0.0888012,0.1309512,0.329037,0.3419344,0.2492182,0.1481566,0.0851204,0.146066,0.318965,0.3146612,0.1900986,0.1445706,0.0885348,0.1481462,0.3248614,0.3358024,0.2167438,0.152089,0.0869094,0.1360866,0.3305904,0.2845136,0.2054198,0.1435422,0.104379,0.1375934,0.3238808,0.3085686,0.1582123,0.132593,0.1020838,0.1341978,0.3267162,0.3361132,0.218649,0.1438322,0.0899856,0.1102392,0.3247112,0.2973472,0.2209828,0.1523796,0.103583,0.130537,0.3199092,0.3688082,0.2100368,0.2473586,0.1316006,0.097571,0.1422732,0.326558,0.3255204,0.2143582,0.145936,0.0496524,0.1487052,0.3193898,0.2606848,0.2146356,0.1446872,0.0988202,0.1269644,0.3219884,0.3145128,0.2226737,0.1466238,0.0982032,0.055342,0.3238764,0.3135094,0.225677,0.1457894,0.1072362,0.1308432,0.3268352,0.2776408,0.2132132,0.142857,0.0884508,0.114971,0.3200242,0.2908032,0.2081102,0.1475784,0.102759,0.1388086,0.3263104,0.328558,0.2117526,0.1456626,0.1022894,0.1476448,0.3205694,0.3480066,0.2087874,0.1485722,0.077603,0.1495836,0.323396,0.3117346,0.2327986,0.0957672,0.100132,0.1481488,0.3232178,0.2888656,0.2281688,0.1322124,-0.0129694,0.1378598,0.3304794,0.3300354,0.1893087,0.147065,0.1057274,0.1470092,0.3300148,0.3066556,0.2249686,0.1465628,0.0741688,0.1256434,0.327479,0.3777876,0.2437642,0.1541042,0.0259803,0.144142,0.3088502,0.3303474,0.2068238,0.1426968,0.0969674,0.0987582,0.2809946,0.354163,0.2098668,0.1471498,0.099347,0.1105988,0.321713,0.3069088,0.1937472,0.149805,0.0648606,0.1141004,0.328483,0.3168416,0.2234132,0.1491334,0.1066562,0.1487366,0.3212362,0.3151618,0.3239676,0.214269,0.1473548,0.0843224,0.0970894,0.3234024
0.3403198,0.2075564,0.146591,0.0537672,0.1464226,0.3230926,0.2791086,0.2243986,0.1501312,0.0976404,0.1351388,0.3276468,0.3011254,0.2102988,0.1465292,0.1006862,0.1286516,0.3282606,0.3421464,0.2014634,0.1489396,0.0944576,0.1296808,0.3266558,0.3387222,0.0902278,0.1497038,0.085061,0.1470296,0.3227202,0.3139644,0.1881108,0.144615,0.0886666,0.1464192,0.322829,0.3373858,0.2174374,0.1508414,0.0879332,0.1373632,0.3322052,0.287784,0.2069258,0.1423236,0.1044326,0.1355602,0.3281076,0.3065648,0.1679237,0.1329728,0.1010194,0.1341858,0.323631,0.3337,0.2159832,0.1429542,0.0894074,0.1096534,0.3248014,0.2965616,0.2204284,0.1534038,0.1045336,0.1306026,0.3194832,0.366877,0.2083608,0.246656,0.1368716,0.09779,0.1420772,0.3277722,0.3294936,0.2158268,0.1459858,0.0667436,0.151657,0.3234668,0.2807896,0.220596,0.1457022,0.0982638,0.1309288,0.3169554,0.3137384,0.2288582,0.1445588,0.0965748,0.0548028,0.3223424,0.3129572,0.225794,0.1455216,0.1073844,0.132716,0.329062,0.281073,0.2116284,0.1438614,0.0894378,0.1128034,0.3236314,0.2940878,0.2073516,0.1481658,0.1024338,0.137697,0.3265612,0.3308292,0.2093338,0.148324,0.1009794,0.1489934,0.3259866,0.3486256,0.2071728,0.1479212,0.0784878,0.149329,0.320961,0.3095212,0.2341756,0.1162454,0.1003444,0.149447,0.3245732,0.2885276,0.2275426,0.1482286,0.063225,0.1342386,0.3286718,0.3295066,0.1944058,0.1485574,0.1056876,0.1477654,0.3289702,0.3057074,0.2245218,0.1469492,0.0742078,0.1259258,0.3237854,0.3789818,0.2385806,0.1519634,0.0434203,0.1464378,0.309932,0.3274794,0.2077424,0.1481096,0.0973944,0.0932092,0.2835406,0.354717,0.2084518,0.1476902,0.0989432,0.108286,0.321559,0.307765,0.1938882,0.1480866,0.0649632,0.1133422,0.3260584,0.318273,0.2224448,0.147064,0.1065986,0.1454846,0.3210264,0.3196056,0.3219378,0.221394,0.1462962,0.0827212,0.100706,0.3248482
0.3361758,0.2069978,0.1459718,0.0545614,0.1452878,0.323322,0.2776924,0.224984,0.14913,0.0975404,0.1356108,0.3236846,0.3143344,0.209645,0.146895,-0.0460364,0.1291324,0.3284468,0.3404182,0.2012016,0.1485906,0.0966496,0.1283448,0.3268064,0.339233,0.113956,0.1499488,0.0847338,0.146382,0.3257512,0.3118146,0.1861054,0.1446752,0.089084,0.1458296,0.3279798,0.3462602,0.2158794,0.1505336,0.0897466,0.1390106,0.3320178,0.191326,0.2047606,0.1430906,0.1051498,0.1357098,0.3273402,0.3053914,0.1968374,0.1330028,0.099611,0.1338796,0.3242302,0.3339136,0.2175206,0.1446314,0.086404,0.1102588,0.3246894,0.2944576,0.2181294,0.1515204,0.1038358,0.128514,0.3169968,0.363761,0.2081572,0.2456812,0.1395908,0.0985398,0.140973,0.331892,0.3289428,0.2117312,0.1472386,0.0648856,0.1487304,0.3221254,0.2799402,0.2227932,0.1483952,0.0979902,0.134301,0.321932,0.3106242,0.2279776,0.1451162,0.0965862,0.0506984,0.3247794,0.3131484,0.225174,0.1459948,0.1078292,0.1284858,0.3289492,0.283572,0.2106212,0.146687,0.1048574,0.1135506,0.3234208,0.2937094,0.205011,0.1483312,0.1018752,0.1386364,0.324608,0.3295374,0.206417,0.1472948,0.101882,0.1475602,0.324404,0.3478794,0.2086324,0.1490644,0.078074,0.1485604,0.318044,0.309515,0.2327164,0.1285866,0.1035218,0.1485674,0.323217,0.2900572,0.2267722,0.1484348,0.0679718,0.1351284,0.3281732,0.329454,0.194356,0.1476228,0.1062508,0.1496162,0.3241078,0.3045666,0.2251996,0.1463036,0.0744132,0.1250838,0.3292546,0.3776984,0.23915,0.1530498,0.0696974,0.1460338,0.3084612,0.3255762,0.207741,0.1493352,0.0967672,0.0906838,0.2826082,0.3555828,0.2042594,0.1480728,0.100717,0.1090852,0.323661,0.3050278,0.1910188,0.1476366,0.0656556,0.1160978,0.3272256,0.315583,0.2236528,0.1503966,0.1066406,0.1445876,0.320749,0.316956,0.3249522,0.2189762,0.1457124,0.0840962,0.10095,0.3219866
0.3357444,0.0467536,0.1472566,0.0546694,0.1467038,0.3266384,0.2802054,0.2226894,0.147772,0.099097,0.137975,0.3289556,0.3126742,0.2083584,0.1468046,0.0254722,0.1301176,0.3242698,0.3388734,0.1992266,0.148887,0.0956566,0.1292096,0.3270716,0.338712,0.151184,0.1533236,0.0842628,0.1486326,0.3296976,0.310211,0.1868082,0.1480488,0.0910362,0.1483526,0.3292268,0.3473052,0.2156818,0.1505238,0.0897414,0.139509,0.3312594,0.2007792,0.2035738,0.1427396,0.1037884,0.1358316,0.3316662,0.310101,0.1987376,0.1329896,0.1004534,0.133029,0.3232502,0.3341096,0.2148952,0.1448114,0.0891704,0.1115428,0.3211054,0.2926014,0.2165644,0.1515514,0.1044854,0.1271524,0.3168852,0.3642926,0.2099982,0.2427542,0.1380256,0.0976492,0.1402834,0.3301004,0.3277212,0.2136026,0.1467902,0.0778214,0.1471776,0.3193174,0.2796464,0.2169424,0.147104,0.0965532,0.132617,0.3201814,0.3098524,0.2311124,0.1453604,0.0960984,0.04806,0.3204332,0.3130164,0.223721,0.1470072,0.1072014,0.1274878,0.3231302,0.283565,0.2114542,0.1460746,0.104351,0.1206698,0.3251032,0.294012,0.2118094,0.1481946,0.1018452,0.1345376,0.3250636,0.3291184,0.2042452,0.147381,0.1017924,0.145176,0.3215294,0.3427438,0.2078702,0.149725,0.078953,0.1469068,0.3208352,0.306514,0.2330438,0.1309872,0.1037562,0.1490814,0.3226096,0.28926,0.2248062,0.1497892,0.0777164,0.1344402,0.330495,0.3308288,0.1933868,0.1488658,0.1062632,0.1491044,0.324849,0.3022264,0.2255442,0.1483256,0.0748156,0.1279122,0.3308406,0.3765408,0.242944,0.1509156,0.0703908,0.1438638,0.3089754,0.325025,0.2039346,0.1494122,0.099002,0.0940126,0.2863394,0.348999,0.2068162,0.1478558,0.0993008,0.1194812,0.3241682,0.3059864,0.1899702,0.1486536,0.0652148,0.1212464,0.3276586,0.3178773,0.219649,0.1510272,0.1049786,0.1448236,0.2476411,0.3181818,0.3220596,0.2178908,0.1469748,0.0824766,0.0915716,0.3198226
0.3371134,0.0470825,0.1474932,0.0486962,0.147812,0.3274018,0.2832478,0.222638,0.149546,0.098073,0.1366344,0.3250564,0.3088228,0.2062112,0.1458982,0.070277,0.1277986,0.3261344,0.3371236,0.1986676,0.149741,0.0947598,0.1274146,0.3232556,0.33998,0.166411,0.15088,0.0848996,0.1480858,0.3292894,0.3060112,0.1875322,0.1468718,0.103086,0.147584,0.3246338,0.3475658,0.2138678,0.150497,0.0886308,0.1393292,0.3317532,0.2556702,0.2031256,0.1433856,0.104579,0.133796,0.3282254,0.310103,0.2018044,0.1338598,0.1010848,0.1315906,0.3248536,0.3337118,0.211918,0.1457984,0.0908876,0.1073078,0.3259198,0.2926386,0.2168976,0.1531906,0.1046364,0.1281532,0.3158168,0.3618828,0.2076966,0.245334,0.1391062,0.0972242,0.1385994,0.3293866,0.3294358,0.2353984,0.1435608,0.0769894,0.150026,0.3211566,0.2915849,0.219355,0.1463086,0.096158,0.1335722,0.3202722,0.30988,0.232644,0.144664,0.0960874,0.0515616,0.3256302,0.3136524,0.2220546,0.144959,0.107449,0.1266486,0.3229608,0.2831778,0.2135542,0.1458892,0.1055016,0.1197324,0.3259246,0.294181,0.2121946,0.1473904,0.1006992,0.1352484,0.3223588,0.3306144,0.2059686,0.1496314,0.0063789,0.1467084,0.3234072,0.3369968,0.2075496,0.1484122,0.07716,0.1464984,0.3234812,0.3077008,0.2317584,0.133641,0.1028156,0.1489302,0.3240182,0.2898768,0.2239006,0.1487662,0.0866238,0.1360628,0.330136,0.2588109,0.1947214,0.149746,0.1052264,0.1495128,0.326492,0.299871,0.2228402,0.149073,0.0749476,0.1297538,0.3279054,0.3722014,0.2406776,0.1514576,0.0764594,0.143518,0.3131236,0.3246864,0.2053746,0.1485712,0.0998812,0.0888992,0.285643,0.348041,0.2058568,0.1495916,0.0994312,0.1186852,0.321379,0.3069842,0.1902552,0.1485004,0.0851684,0.1175326,0.328537,0.3111165,0.2177106,0.151071,0.1055456,0.1478614,0.2669497,0.3197254,0.3215908,0.2168258,0.078445,0.0825928,0.0958852,0.3212514
0.3371686,0.0830087,0.1467864,0.0455336,0.1488218,0.3275142,0.281859,0.2223232,0.149328,0.1001568,0.1350078,0.3208752,0.3090502,0.205653,0.1462194,0.0820072,0.1278008,0.325204,0.3372904,0.056978,0.1505354,0.0959926,0.1291376,0.324193,0.336866,0.2070384,0.1497352,0.0842202,0.1475744,0.3253536,0.3073724,0.1876138,0.1447922,0.1025962,0.1469796,0.3273516,0.3471338,0.21252,0.150228,0.088673,0.140735,0.3317176,0.2599296,0.2012992,0.1492976,0.1051206,0.1297604,0.329365,0.3103684,0.2003436,0.13495,0.100982,0.128789,0.3238132,0.3328738,0.2140458,0.1448808,0.0902542,0.1083428,0.3258874,0.2907804,0.2146976,0.1508488,0.10458,0.1283198,0.3161926,0.3613776,0.2034982,0.2426968,0.1461016,0.09793,0.139586,0.2349102,0.3282232,0.2359582,0.1445866,0.0758174,0.1481682,0.316767,0.286257,0.2195852,0.1461776,0.096202,0.1366618,0.3232696,0.3108648,0.23908,0.1462822,0.0977046,0.0506566,0.3238382,0.3094196,0.2239162,0.1449752,0.1067166,0.1246292,0.3247256,0.2830094,0.2113242,0.1497812,0.1055926,0.1178766,0.3271096,0.288932,0.2102476,0.1502296,0.101184,0.1358658,0.3261764,0.3243926,0.2061926,0.1476966,0.0307438,0.1477286,0.3235214,0.3380532,0.207732,0.1498236,0.0778064,0.1468008,0.319934,0.3068104,0.2306912,0.1329176,0.101754,0.1471558,0.3234482,0.2878012,0.2240384,0.1488902,0.0958084,0.1370216,0.3290164,0.2962575,0.1984846,0.0240082,0.104717,0.1467046,0.3310494,0.3060818,0.2225264,0.14733,0.0761198,0.1265316,0.3308422,0.3695492,0.238853,0.153088,0.0770354,0.1449832,0.3114198,0.3422898,0.2057164,0.1479644,0.0981712,0.0878012,0.2859838,0.3471132,0.2067228,0.1479004,0.0989156,0.1163824,0.3231412,0.3055224,0.1900732,0.147875,0.0842544,0.1191272,0.3299652,0.3105743,0.2184842,0.1528104,0.1053284,0.1471258,0.2849588,0.3290142,0.3231568,0.21926,0.1097282,0.0815086,0.1063622,0.31992
0.3409864,0.0935897,0.1479352,0.0494534,0.1486498,0.3270374,0.281031,0.220253,0.151812,0.0995794,0.137539,0.324407,0.3128688,0.2048932,0.1470186,0.0818548,0.1291646,0.3254174,0.338771,0.0602507,0.1488756,0.0953576,0.127252,0.2515811,0.336442,0.2093684,0.1484086,0.0843986,0.1494842,0.325913,0.3055762,0.1849116,0.1451092,0.1026506,0.1491778,0.3254462,0.3491684,0.2130156,0.1528508,0.0895384,0.1399154,0.3304638,0.2807534,0.199972,0.1491504,0.1055078,0.1285118,0.3245222,0.312644,0.2020582,0.1362914,0.1009432,0.1305568,0.327909,0.3314166,0.2108682,0.1473858,0.0904306,0.1110764,0.3215464,0.2928792,0.2145914,0.1510182,0.105848,0.1288596,0.3142344,0.3622134,0.203745,0.2424088,0.1475554,0.0973792,0.1381532,0.3017036,0.336172,0.2331818,0.1474402,0.0763692,0.148627,0.3176586,0.3005172,0.2191338,0.1466056,0.0961352,0.1323488,0.3200378,0.3119516,0.2396824,0.1460116,0.0980372,0.0523208,0.3248938,0.3084714,0.221697,0.1446664,0.1056548,0.1257434,0.3259526,0.2831986,0.2175516,0.1487312,0.1060382,0.118018,0.3283218,0.2868082,0.2087472,0.1487512,0.1022886,0.1369598,0.324949,0.3256862,0.2039636,0.1489144,0.0509204,0.1490948,0.322095,0.2695918,0.2071048,0.1506398,0.0800848,0.1476958,0.3185286,0.3050518,0.230158,0.1333066,0.101531,0.1475138,0.326163,0.284256,0.221867,0.1489042,0.1067452,0.1392096,0.325572,0.3151629,0.215262,0.0854892,0.1056094,0.148031,0.3264924,0.308707,0.223032,0.1501648,0.075081,0.1276914,0.3287772,0.3732472,0.240319,0.1540132,0.0784546,0.1426948,0.3124842,0.3443542,0.2060168,0.1475456,0.0993194,0.0945026,0.2818542,0.342692,0.2057932,0.1461462,0.100453,0.1144426,0.32049,0.305649,0.1867332,0.145082,0.0839626,0.120657,0.33066,0.3092431,0.2180056,0.152579,0.1075732,0.1460502,0.3151178,0.3301402,0.3191074,0.2195006,0.121885,0.0830034,0.1141302,0.3212704
0.3407564,0.0936801,0.1471624,0.048789,0.1482626,0.3217752,0.2825526,0.2198716,0.1492348,0.0993746,0.1378944,0.3263604,0.3153032,0.2084718,0.1464324,0.0860562,0.1294188,0.321708,0.3370438,0.0587621,0.151139,0.0945038,0.129276,0.2798402,0.3321196,0.2059828,0.1478858,0.0858972,0.1465528,0.3256144,0.3060336,0.1860036,0.1455064,0.1014212,0.1492308,0.322704,0.3489352,0.2098322,0.1525652,0.089046,0.1414786,0.3335346,0.2882776,0.200751,0.1488944,0.105886,0.1284034,0.3273932,0.3121154,0.2012306,0.1383944,0.102057,0.1300506,0.3284844,0.3289042,0.2115756,0.1462242,0.090038,0.1193798,0.320686,0.2911304,0.213487,0.1510542,0.1049178,0.128635,0.3165202,0.3609122,0.203318,0.2413912,0.1471382,0.0976688,0.1368326,0.3204434,0.3362408,0.2346494,0.1477478,0.0803106,0.150079,0.3187852,0.2979574,0.2192202,0.147783,0.0952004,0.1338526,0.3236974,0.308591,0.2374104,0.1459392,0.0962086,0.0586174,0.3246894,0.3056236,0.2213742,0.145076,0.1052452,0.1267504,0.3259168,0.280926,0.2173872,0.1510492,0.1056332,0.1229646,0.3194848,0.2868932,0.2103438,0.1486572,0.1011458,0.1368964,0.322956,0.3300918,0.2054404,0.1481058,0.0614684,0.148583,0.325527,0.3052305,0.206199,0.149548,0.0797122,0.1498838,0.323532,0.3052678,0.2274704,0.135433,0.1033518,0.1478912,0.324552,0.282438,0.2210312,0.1504046,0.1066024,0.1421246,0.3216178,0.3270472,0.2141742,0.1183188,0.104538,0.1490288,0.328868,0.3095298,0.2220586,0.1510088,0.0762906,0.1262848,0.3278612,0.36648,0.2404298,0.1543038,0.07931,0.1436468,0.313912,0.3421056,0.2072252,0.1463164,0.0970146,0.0962342,0.2820364,0.3430222,0.204843,0.14573,0.098579,0.1148106,0.3193628,0.3092182,0.1871944,0.1439802,0.084673,0.1196608,0.3310352,0.3102653,0.218293,0.1546622,0.105278,0.1437826,0.322063,0.3266016,0.3197386,0.2189786,0.1309364,0.0863066,0.119948,0.3237498
0.344216,0.1265987,0.1474638,0.046963,0.1453714,0.3276584,0.2845488,0.2189636,0.1479174,0.0979034,0.1389406,0.3248754,0.3173068,0.2067104,0.1465172,0.0882464,0.1307674,0.3226654,0.3352268,0.0997284,0.1484934,0.0955008,0.1274832,0.286752,0.3293992,0.2118726,0.147021,0.0848206,0.1468212,0.3240876,0.3042222,0.1849266,0.1497692,0.1007624,0.1473828,0.323998,0.3494376,0.2089744,0.1533326,0.084962,0.1423438,0.331172,0.3007816,0.199211,0.1500032,0.1047886,0.1263562,0.3266516,0.3112504,0.2105186,0.1390836,0.1015366,0.1319268,0.3271524,0.3349172,0.2105986,0.145703,0.0906488,0.1193208,0.3218888,0.2925508,0.2121014,0.150684,0.105475,0.127068,0.3152804,0.360755,0.2090328,0.238856,0.146487,0.0980674,0.1369368,0.3226206,0.3381236,0.231922,0.1458558,0.0808262,0.1510948,0.3180652,0.297717,0.2153292,0.1483278,0.0941292,0.1335212,0.3227032,0.3080372,0.2356908,0.1478882,0.0967004,0.0563064,0.3294902,0.305176,0.2211934,0.1458616,0.1062884,0.1260064,0.3253562,0.279958,0.2167432,0.1491074,0.1052528,0.1223294,0.31751,0.2845124,0.2099276,0.147856,0.1016958,0.1350898,0.3204596,0.3296138,0.2056844,0.1466568,0.0596422,0.1494356,0.3276506,0.3389914,0.2041972,0.1490492,0.0962204,0.1504686,0.3203684,0.3036582,0.228601,0.136124,0.1034728,0.1500062,0.3201688,0.2810294,0.2203916,0.1496158,0.1064386,0.1394274,0.3230156,0.3342554,0.2095104,0.1177712,0.1048324,0.1464824,0.328628,0.3115468,0.2218898,0.1472268,0.0773428,0.1260452,0.3263718,0.36612,0.2358596,0.151929,0.0812314,0.1460544,0.3088814,0.340959,0.2094532,0.1486958,0.0975516,0.0928366,0.2833606,0.3424242,0.20699,0.1498044,0.099415,0.1118476,0.3239774,0.3061092,0.2130954,0.146122,0.085238,0.118146,0.3274894,0.3213284,0.216388,0.1534316,0.1059374,0.143069,0.3213416,0.3280998,0.317348,0.2183708,0.1327324,0.0817446,0.126735,0.3226662
0.3459686,0.1298803,0.1462038,0.0449272,0.1459262,0.326516,0.2839352,0.2228794,0.1458432,0.098381,0.1384876,0.3244238,0.3158374,0.2064164,0.1483784,0.086484,0.1293118,0.327612,0.334458,0.1382768,0.148325,0.0942464,0.1297002,0.3186672,0.3290792,0.2159524,0.1449932,0.0874386,0.1482644,0.32509,0.3027338,0.022395,0.1484912,0.1021154,0.14974,0.3209664,0.3487008,0.2072694,0.1516834,0.041159,0.1411936,0.3276688,0.302454,0.2004606,0.1492436,0.1036476,0.1233708,0.3251928,0.30936,0.2104862,0.1400466,0.1016276,0.1269882,0.3261332,0.3331052,0.2109204,0.1461194,0.0926922,0.1186962,0.2233603,0.293778,0.2137388,0.1506442,0.1041706,0.1292678,0.3202558,0.3549424,0.2103776,0.237568,0.145684,0.097393,0.1378434,0.3225898,0.336995,0.2328398,0.1475246,0.0804614,0.1517552,0.3221744,0.296452,0.2160624,0.1508888,0.0966396,0.1308452,0.3230944,0.3066336,0.2355488,0.1477892,0.0970836,0.051085,0.325224,0.3041174,0.2215502,0.14637,0.1060358,0.1275856,0.3253684,0.2807844,0.2124248,0.1485956,0.105214,0.1227164,0.3190102,0.2848886,0.212032,0.1479904,0.1018028,0.1340838,0.3239416,0.3278562,0.2075814,0.1483906,0.0624666,0.1484246,0.3274262,0.3494296,0.2033102,0.1484084,0.0964524,0.148636,0.2421009,0.304356,0.2286082,0.1348034,0.1024972,0.1489352,0.3232502,0.2845474,0.2206856,0.1501218,0.1067852,0.141565,0.3282148,0.3305122,0.2127316,0.1183634,0.104554,0.1465708,0.3291478,0.3111058,0.2176138,0.1472766,0.08787,0.1281836,0.3281008,0.3629482,0.234493,0.1528424,0.0820756,0.1457762,0.3121096,0.3423802,0.2088136,0.1483112,0.0988976,0.0879858,0.2849618,0.3470968,0.2072548,0.1504412,0.0995734,0.1110998,0.3213672,0.305346,0.209877,0.1463586,0.083169,0.1186344,0.3318386,0.3227552,0.2143252,0.1530302,0.1055964,0.1446036,0.3232086,0.3290226,0.3176146,0.2163694,0.1321992,0.0841598,0.1262438,0.3244716
0.3455534,0.1507711,0.147056,0.0488592,0.1469418,0.3287682,0.2831118,0.2238738,0.1472546,0.0988034,0.137318,0.3244022,0.3162046,0.205267,0.148369,0.08774,0.1302354,0.3233608,0.3322024,0.1649662,0.1490652,0.0933862,0.129318,0.3205304,0.3311492,0.2119046,0.1456548,0.0857002,0.1468752,0.324147,0.3037246,0.0329912,0.1508338,0.1044766,0.1493846,0.3212472,0.347606,0.2052502,0.1507698,0.0772979,0.1404956,0.3276056,0.30156,0.199939,0.1487006,0.104032,0.1261382,0.3276122,0.3079098,0.2136706,0.139492,0.1004434,0.1271832,0.327755,0.334328,0.208593,0.1472264,0.0914914,0.1186182,0.2708334,0.2902866,0.213971,0.1506132,0.0807482,0.1251052,0.3218536,0.3520298,0.211386,0.2378634,0.1451938,0.0973562,0.1335414,0.317925,0.3350746,0.2335682,0.1458498,0.089069,0.1494412,0.3220942,0.2985936,0.2161396,0.1502812,0.0951514,0.1314858,0.321359,0.303263,0.2361146,0.1486744,0.0973918,0.0556446,0.3223652,0.302124,0.2200824,0.1465956,0.1063456,0.1270952,0.319821,0.2768698,0.2123656,0.1501714,0.1052104,0.1226722,0.3206746,0.286249,0.2126586,0.1489694,0.10129,0.1357878,0.322911,0.324733,0.2063644,0.1477872,0.0638516,0.1474818,0.3270822,0.3517288,0.203885,0.1478182,0.0967356,0.1473378,0.2972538,0.3027958,0.2274348,0.1475178,0.1019928,0.1478386,0.325236,0.2869788,0.2188638,0.1469102,0.1071854,0.143342,0.327014,0.3369474,0.2141876,0.1187152,0.103434,0.147168,0.3290328,0.3092238,0.21676,0.1494544,0.0859168,0.126522,0.3210264,0.3589618,0.2326286,0.1539836,0.0805486,0.1446894,0.3070456,0.342318,0.2079534,0.1494052,0.0975928,0.0817782,0.2839442,0.3436486,0.208197,0.149955,0.0994808,0.1115546,0.3263044,0.300171,0.2096898,0.146303,0.0807106,0.1191168,0.3297386,0.3225928,0.2117496,0.1523084,0.1062152,0.1443794,0.3203062,0.3288008,0.3159514,0.2181404,0.1305482,0.0808564,0.1271534,0.3248372
0.3433122,0.1555151,0.146552,0.0471104,0.1477556,0.3267604,0.28157,0.2229368,0.1474006,0.097502,0.1378896,0.3201808,0.3146214,0.205909,0.147562,0.0876506,0.1287734,0.3267064,0.3318656,0.1712396,0.1479566,0.0936944,0.1333134,0.3234192,0.3320162,0.2487584,0.0310846,0.0871384,0.1487454,0.3252418,0.3060668,0.0360912,0.148093,0.1041962,0.1503372,0.3230284,0.3471984,0.2026036,0.1518308,0.0996336,0.1407016,0.3270968,0.302518,0.2015616,0.1488378,0.1056902,0.1248864,0.3249626,0.3069414,0.2143296,0.1420976,0.1005882,0.126645,0.3260496,0.3309828,0.2074076,0.1481024,0.09303,0.1105764,0.2993186,0.2904966,0.2130806,0.1490662,0.0885816,0.1245208,0.1951498,0.3526002,0.2153152,0.2337826,0.1443322,0.0976798,0.1355374,0.3210438,0.333131,0.2322746,0.1466626,0.088372,0.1470536,0.320999,0.298536,0.222261,0.1489786,0.0952058,0.1344126,0.3216756,0.3045234,0.2344552,0.149142,0.0950292,0.061338,0.3250808,0.3016956,0.2182632,0.1463722,0.1066368,0.1300336,0.3241576,0.2781776,0.22282,0.149952,0.1050998,0.1211858,0.3249198,0.0804158,0.2123498,0.1496356,0.1004494,0.1372982,0.3248246,0.3226606,0.2041706,0.1487792,0.0630254,0.1466318,0.3255994,0.3659382,0.199895,0.1462702,0.096495,0.147794,0.3198596,0.3025652,0.2301024,0.148378,0.1016504,0.1472284,0.323519,0.289283,0.216907,0.1492798,0.1058272,0.1407986,0.32812,0.3329984,0.213997,0.1179252,0.1043392,0.1477404,0.3297484,0.3104146,0.214544,0.1468516,0.0864344,0.128083,0.326653,0.3617568,0.2323284,0.1535512,0.0818744,0.1447154,0.3060094,0.3388362,0.1178858,0.1491496,0.0609577,0.0803724,0.280787,0.3416798,0.207056,0.1491804,0.0430482,0.1090872,0.3265846,0.2969152,0.2089126,0.1461226,0.081949,0.1206792,0.3268898,0.3217512,0.2118216,0.1520686,0.1053824,0.1452796,0.320171,0.330279,0.3140216,0.2156742,0.1294656,0.077613,0.1222862,0.3198098
0.3423128,0.185192,0.1481336,0.0454424,0.1478392,0.3269238,0.278412,0.22257,0.1480526,0.0987564,0.1370534,0.3207584,0.3095892,0.205832,0.1466916,0.0874432,0.1285106,0.326871,0.3285454,0.1720845,0.1472226,0.0932624,0.1327098,0.3219316,0.3334628,0.2529742,0.1188732,0.0867466,0.1487126,0.3260966,0.3076624,0.0610262,0.1459262,0.104323,0.147073,0.321613,0.3469338,0.2038532,0.1500468,0.1020882,0.1401268,0.330218,0.3007388,0.2003386,0.1483236,0.0669682,0.1254684,0.3273514,0.3074212,0.2139106,0.1415088,0.0994332,0.1291644,0.3279336,0.3296334,0.207806,0.147624,0.0910714,0.119103,0.323045,0.2901582,0.2119108,0.1502644,0.0868468,0.1244226,0.2656388,0.3557756,0.2117706,0.2341046,0.1439338,0.097235,0.134789,0.3221236,0.3322192,0.2291048,0.1444598,0.0898074,0.148859,0.3203936,0.2946732,0.2239064,0.1478692,0.0953172,0.1358134,0.3219094,0.30448,0.2319924,0.14912,0.0965872,0.0629922,0.3266948,0.1619556,0.2176598,0.1466628,0.10613,0.12677,0.3224844,0.2757944,0.222392,0.1492892,0.1050286,0.1178102,0.3251844,0.1583843,0.2118692,0.1496696,0.1016486,0.1340506,0.3244914,0.3215588,0.202326,0.1498474,0.0654354,0.1495386,0.3294184,0.3709528,0.2007932,0.1464606,0.0952448,0.1494224,0.3228076,0.3008792,0.2299322,0.1481088,0.1027652,0.1481714,0.326797,0.2845576,0.2154802,0.1488388,0.1062284,0.1400984,0.3218336,0.347025,0.2148646,0.1174978,0.1046212,0.1464798,0.3280732,0.3075082,0.212214,0.1468308,0.0842932,0.1254974,0.3239858,0.3607642,0.231896,0.1530942,0.085171,0.1431504,0.310613,0.3396304,0.1529776,0.1492836,0.0958215,0.0818622,0.284081,0.3416232,0.206892,0.150463,0.085468,0.1050502,0.322331,0.2979048,0.2091426,0.1487594,0.0829334,0.1201356,0.3283786,0.322055,0.2126616,0.1516914,0.1048454,0.1465028,0.324872,0.3342712,0.3129814,0.215497,0.1264198,0.077633,0.1235162,0.3158648
0.340857,0.1884152,0.1480124,0.043211,0.0933866,0.3269726,0.2742602,0.220686,0.1498542,0.099973,0.1152176,0.3243738,0.3061582,0.2024452,0.1472892,0.091408,0.0583864,0.3307402,0.3260326,0.1737851,0.1479692,0.0933414,0.0878058,0.3223938,0.329195,0.2536228,0.1311212,0.0906872,0.0378965,0.3255916,0.3098822,0.0662125,0.1465342,0.103361,0.0389182,0.320709,0.3460696,0.2031232,0.1508058,0.1031768,0.0453102,0.1502298,0.3016824,0.198996,0.1493344,0.0857972,0.0623585,0.3248764,0.3089714,0.2135478,0.13812,0.0992908,0.0602944,0.333375,0.332837,0.2064812,0.1474006,0.0919718,0.0789676,0.3244058,0.2886216,0.2095366,0.1508636,0.0858558,0.0724781,0.3128058,0.3529248,0.2125206,0.2349442,0.147259,0.0967348,0.0850916,0.3235206,0.3277234,0.2284142,0.1432864,0.089398,0.0695765,0.3209244,0.2953992,0.224634,0.1471116,0.09387,0.0666001,0.3217456,0.304636,0.2301484,0.148269,0.0321489,0.0470443,0.3228132,0.2533534,0.2138958,0.1466914,0.1061094,-0.0019373,0.3260684,0.2778966,0.2227418,0.149669,0.1055626,0.0806168,0.3217468,0.218025,0.2140574,0.150107,0.1015152,0.077585,0.3234754,0.3209374,0.0649294,0.148607,0.0717858,0.025639,0.3275564,0.3694596,0.199165,0.1490338,0.0955798,0.0681202,0.3231288,0.2992046,0.2273484,0.1485806,0.1019778,0.0626422,0.325752,0.282994,0.2130114,0.1476054,0.105836,0.0252978,0.1814473,0.3482176,0.2184384,0.129371,0.1058256,0.0330659,0.3282468,0.3052136,0.208601,0.145921,0.0831542,0.072787,0.3287568,0.356881,0.2279646,0.1515276,0.0863122,0.0907537,0.310025,0.339505,0.1533468,0.1492056,0.0970379,0.0595516,0.2851034,0.3373814,0.206648,0.0925589,0.0953258,0.068144,0.325298,0.2989762,0.2071234,0.1470968,0.08252,0.0750872,0.3301622,0.3225954,0.2122708,0.150156,0.1045604,0.0516467,0.32321,0.3324586,0.3143762,0.2155948,0.1258738,0.0779732,0.0818048,0.3125168
0.3433486,0.1954088,0.1492542,0.0387768,0.1405974,0.3253848,0.2790356,0.2216994,0.1476788,0.1011488,0.1398092,0.3207692,0.3050024,0.2004126,0.1484142,0.0931666,0.0981018,0.3259836,0.1702502,0.1749865,0.146204,0.0979896,0.1378506,0.3235606,0.3264344,0.2547076,0.13186,0.0929178,0.1214586,0.3260734,0.3076854,0.0688523,0.148718,0.1028246,0.1055546,0.3199992,0.34617,0.2023958,0.1513198,0.1028724,0.0686424,0.227986,0.3065188,0.2017086,0.1482792,0.101778,0.1008802,0.3235154,0.305383,0.2116608,0.1390246,0.1015706,0.114154,0.3248522,0.3314126,0.2058304,0.1473274,0.0923028,0.094325,0.3258272,0.290103,0.2092836,0.1491694,0.0856544,0.0954012,0.3104506,0.3542038,0.2130784,0.2360486,0.148415,0.032945,0.1117996,0.3244848,0.325777,0.2291,0.1430964,0.088402,0.0979595,0.2382585,0.2943348,0.2249562,0.1485768,0.0942092,0.0770703,0.3237118,0.30681,0.230423,0.1484664,0.0836882,0.0918017,0.3213826,0.2715762,0.2136916,0.1451806,0.1067202,0.0644244,0.3266544,0.1863124,0.2200776,0.1484242,0.1070836,0.1128014,0.3214338,0.2309248,0.2131238,0.149548,0.1013996,0.0902446,0.3213324,0.3230566,0.0735042,0.1487348,0.0684728,0.0721372,0.3273812,0.3713884,0.0440708,0.1495698,0.0960928,0.0907548,0.3213402,0.2961866,0.2283152,0.1475282,0.1026502,0.1201991,0.3247804,0.2810082,0.213974,0.1491262,0.105923,0.1022132,0.2326083,0.3460608,0.2188798,0.130723,0.1063142,0.1090264,0.3299318,0.3064428,0.2083666,0.1489756,0.0841144,0.1003716,0.325538,0.35296,0.2254528,0.1518674,0.0865992,0.126876,0.3140142,0.3375016,0.1498752,0.1482518,0.0966697,0.0958015,0.2054449,0.3354262,0.2072268,0.1492412,0.0974254,0.0724288,0.3228472,0.3015784,0.2056182,0.1484462,0.0816982,0.1147068,0.3327682,0.3224456,0.2119038,0.148221,0.104305,0.1142964,0.3211732,0.3339288,0.3153122,0.217811,0.1265804,0.0779938,0.0920824,0.3152136
0.3424528,0.1992378,0.146776,0.0415262,0.140526,0.32614,0.278119,0.2219538,0.1474484,0.0987986,0.1395854,0.3188454,0.3075118,0.1999684,0.1500298,0.096463,0.1007608,0.3314754,0.2231042,0.1822262,0.146538,0.09515,0.1416842,0.3227308,0.3276052,0.2524664,0.1378914,0.0919154,0.1219368,0.329439,0.3054616,0.1091421,0.1489422,0.102989,0.1181948,0.322567,0.3428458,0.2011526,0.149949,0.1035072,0.0864912,0.2722956,0.3145728,0.2033618,0.1511742,0.102781,0.102184,0.3260614,0.3081414,0.2109014,0.1380198,0.1009656,0.1426726,0.3237902,0.333705,0.2069868,0.146734,0.0916672,0.0989136,0.326557,0.2900802,0.2091888,0.1509518,0.088851,0.1133704,0.3218088,0.3523466,0.2142566,0.2335806,0.148491,0.0797892,0.1308918,0.325047,0.328056,0.226361,0.1436824,0.0892502,0.1366508,0.2717812,0.2897664,0.225086,0.1474304,0.0951208,0.109415,0.3215546,0.3076058,0.2281216,0.1496112,0.1010014,0.10354,0.3246616,0.2942135,0.2141408,0.1465202,0.1073626,0.0644787,0.3318882,0.2124036,0.2174706,0.1514594,0.1065796,0.1162652,0.3229966,0.2635314,0.2115148,0.1509214,0.1008234,0.1164002,0.3229214,0.319062,0.106601,0.1484892,0.0666506,0.1104256,0.3278318,0.367332,0.0823162,0.14816,0.0954212,0.1050408,0.320902,0.2950764,0.227285,0.1477504,0.1032366,0.1375609,0.3246818,0.284016,0.2129806,0.1492976,0.1054074,0.1317475,0.2879159,0.343279,0.2194424,0.1315088,0.1063632,0.1221424,0.328695,0.3055584,0.208691,0.1492448,0.0840806,0.102515,0.3274806,0.3528168,0.2229306,0.1506346,0.0861362,0.1335292,0.3130644,0.336478,0.1514972,0.1501906,0.1047034,0.114907,0.2681407,0.3364072,0.2050206,0.1482324,0.0980304,0.0795662,0.3247472,0.3025956,0.2090718,0.1484792,0.0827242,0.140353,0.329193,0.3249898,0.2115248,0.1503864,0.1044628,0.1156198,0.3214798,0.331206,0.3153404,0.2186322,0.1238342,0.0765936,0.0982182,0.2765675
0.341423,0.2190942,0.146016,0.0375576,0.1435672,0.3248238,0.279683,0.2218784,0.14768,0.0986176,0.1456486,0.3250706,0.309011,0.0939525,0.1480368,0.0970668,0.1004076,0.33092,0.2578136,0.1969066,0.147559,0.0969148,0.145343,0.3266642,0.322598,0.257303,0.1410564,0.0909994,0.1224382,0.3286566,0.305695,0.1290588,0.1491634,0.1038832,0.1238428,0.3238596,0.3415354,0.19832,0.1493216,0.1029636,0.0921758,0.2844202,0.314972,0.200706,0.1508896,0.1032376,0.1042304,0.3265908,0.309786,0.2109304,0.1398446,0.1006108,0.1461852,0.3269644,0.3332826,0.205102,0.1464708,0.0908672,0.1170478,0.3245286,0.2939772,0.2071412,0.1494614,0.0908484,0.112647,0.3256946,0.3515526,0.210174,0.2347556,0.1476014,0.101513,0.1307884,0.3236352,0.3297556,0.2253032,0.143931,0.0892946,0.137993,0.2707628,0.31277,0.2259592,0.1475878,0.0946512,0.1114618,0.3232338,0.307772,0.2278524,0.1509698,0.1002098,0.107359,0.3228852,0.2963737,0.2161642,0.146557,0.1051102,0.1200156,0.3312864,0.2531722,0.2169178,0.1513964,0.105706,0.117504,0.3231484,0.2727886,0.2101326,0.1527922,0.1005844,0.119122,0.3221008,0.3208692,0.1092803,0.1491614,0.0676076,0.112579,0.3260468,0.3674038,0.1075616,0.148424,0.0949156,0.1074178,0.3229308,0.2933548,0.228454,0.1506358,0.1023448,0.146407,0.3253906,0.2821766,0.2148292,0.1490898,0.105264,0.1316513,0.2894696,0.341481,0.218145,0.1458094,0.106834,0.122644,0.3330314,0.3024638,0.2053802,0.1486084,0.0854804,0.1071076,0.3307012,0.352621,0.2231682,0.1527874,0.0940468,0.1338662,0.316426,0.3334216,0.1517454,0.1501528,0.104035,0.1142362,0.291366,0.3335388,0.2032236,0.1487708,0.0993362,0.0811406,0.3222502,0.3018868,0.2074026,0.1498102,0.0824962,0.1395392,0.3296736,0.326336,0.208333,0.1504456,0.1053316,0.1163404,0.3242768,0.3270068,0.3172496,0.220932,0.1260848,0.076682,0.1049004,0.312041
0.343044,0.2213254,0.1479958,0.0370734,0.1428854,0.3301254,0.2803816,0.2225658,0.1479044,0.0984612,0.1458544,0.325932,0.31102,0.1243667,0.1460256,0.0958836,0.0941706,0.3286668,0.2916983,0.1928682,0.1479074,0.0967694,0.1473874,0.326567,0.3242876,0.256015,0.1394458,0.0927744,0.1258274,0.3311272,0.3075814,0.125069,0.1483002,0.1041406,0.1262502,0.3284412,0.3435734,0.1980324,0.1502004,0.1014918,0.0884342,0.3097422,0.3137096,0.1976274,0.1475032,0.1026766,0.117987,0.3248948,0.3065898,0.2115078,0.139616,0.101273,0.147757,0.3270902,0.3341422,0.2055846,0.1467938,0.0905594,0.1323434,0.3235366,0.2940282,0.2051522,0.1505404,0.0971846,0.1175878,0.326908,0.3452146,0.2097192,0.237225,0.14805,0.1021034,0.1319186,0.3229922,0.3319338,0.2261728,0.1459336,0.0863372,0.1395618,0.3163402,0.3140704,0.0332508,0.1475704,0.0949426,0.1115548,0.3197268,0.3099134,0.2264408,0.1482406,0.1030952,0.1226714,0.3245736,0.3068714,0.2140746,0.1459664,0.1068806,0.1343646,0.3278652,0.2590094,0.2153162,0.1509692,0.1071944,0.1387356,0.322492,0.2834112,0.210633,0.1498224,0.1009064,0.1168815,0.3216604,0.3234728,0.1385972,0.1504772,0.0679974,0.1148212,0.3272304,0.3663678,0.1267042,0.1474654,0.0953184,0.1259644,0.3208448,0.2934826,0.2263564,0.1502702,0.101965,0.1458876,0.3244588,0.2816062,0.2143342,0.1471326,0.1055814,0.1401288,0.3081934,0.3450158,0.2178408,0.1459608,0.10613,0.1227052,0.3293372,0.2988372,0.206164,0.1484822,0.0860008,0.1079276,0.33297,0.35933,0.222806,0.15341,0.0944708,0.1352086,0.3132534,0.333252,0.1882172,0.1496436,0.1044338,0.1145884,0.309691,0.3333278,0.2033502,0.1494664,0.100041,0.0841272,0.2378485,0.3008802,0.2064224,0.1489202,0.0849162,0.1387544,0.3284778,0.3244568,0.2077694,0.1498886,0.1048988,0.129246,0.3250506,0.324572,0.3185566,0.218259,0.1256146,0.0767484,0.0987898,0.315451
0.342545,0.220069,0.1468376,0.0403708,0.1437308,0.3306964,0.2826202,0.223391,0.1480938,0.098927,0.1458584,0.3269494,0.3116184,0.127489,0.1467736,0.095872,0.1067908,0.3289278,0.2961928,0.19698,0.1499168,0.0963432,0.1479374,0.3256276,0.3252238,0.2572776,0.1412034,0.0927786,0.1238308,0.3305708,0.3039964,0.1384538,0.1470092,0.1050302,0.1250386,0.3282426,0.3438624,0.108706,0.1508164,0.1016746,0.0820472,0.325482,0.3075382,0.195405,0.148826,0.1016512,0.1206124,0.3244094,0.3046336,0.2114204,0.139852,0.1014204,0.1495364,0.327866,0.3310516,0.204693,0.1459848,0.0903624,0.1321146,0.3206988,0.2918852,0.2040974,0.1497288,0.0970838,0.117174,0.3309198,0.34786,0.2105098,0.2375036,0.1460728,0.1035438,0.1346092,0.3246486,0.3284584,0.2242202,0.146028,0.0838416,0.1392412,0.3188322,0.3130664,0.1066555,0.1474156,0.094225,0.1116296,0.3182016,0.3062364,0.2254602,0.1485592,0.101674,0.1191138,0.3229074,0.3090944,0.2126048,0.1467428,0.1063062,0.1359256,0.3261378,0.2751742,0.2167872,0.1511424,0.1076114,0.1357834,0.3199568,0.2871876,0.2111774,0.1487882,0.1012602,0.1155691,0.3220844,0.3240448,0.1582856,0.1488026,0.0632136,0.1133118,0.3248342,0.3677026,0.146337,0.147939,0.095197,0.1312298,0.3216284,0.294477,0.2254964,0.1504968,0.101753,0.1463072,0.326392,0.2852176,0.211932,0.1464086,0.1057484,0.1408226,0.3276598,0.3425438,0.2151214,0.1458976,0.105742,0.1222414,0.3278232,0.2973512,0.2047554,0.1475108,0.0837104,0.1072654,0.3331654,0.3596554,0.2205754,0.150316,0.0948154,0.1328654,0.3180284,0.3352066,0.1952954,0.1498804,0.1047846,0.115506,0.3091358,0.3322784,0.2037666,0.1483538,0.1004426,0.079202,0.2806834,0.3031762,0.2035356,0.1497446,0.085706,0.1419556,0.3240966,0.3251628,0.2075836,0.15104,0.1054958,0.1265782,0.3259422,0.3246942,0.314622,0.217048,0.1247526,0.0776998,0.09843,0.3148172
0.3441846,0.218137,0.1475896,0.0438876,0.1453784,0.2968256,0.2829238,0.2231712,0.1471708,0.0992566,0.1486414,0.3253574,0.3163568,0.138859,0.1472664,0.0982012,0.1093488,0.3302876,0.329704,0.203885,0.1489372,0.09571,0.1481978,0.3249074,0.324964,0.2591546,0.1428182,0.0919044,0.1215886,0.3300662,0.3036252,0.159372,0.1468162,0.1042468,0.1244714,0.3242638,0.3409732,0.1362809,0.1507806,0.10137,0.079658,0.3244366,0.3092572,0.1946312,0.1487772,0.1019396,0.1205984,0.3266352,0.2997424,0.2111176,0.13832,0.101181,0.1466324,0.329245,0.3287622,0.2041678,0.1488242,0.09118,0.1340664,0.3213368,0.2936694,0.0943328,0.1474122,0.0983022,0.113185,0.3251346,0.3447772,0.2079068,0.2363926,0.1481032,0.1030148,0.1366548,0.3250326,0.328278,0.2188102,0.1452158,0.0881512,0.1386084,0.3192346,0.307216,0.1593937,0.1457248,0.0934258,0.1096464,0.3156286,0.3085686,0.223893,0.1476174,0.1008744,0.1185996,0.3272828,0.3101872,0.2099012,0.14673,0.1060618,0.137848,0.3232254,0.2846109,0.2168804,0.1502686,0.1067812,0.1335864,0.3228944,0.303407,0.2107796,0.1498348,0.100356,0.116228,0.3237664,0.3235828,0.1740072,0.1486144,0.0629666,0.1142186,0.3256016,0.3685412,0.154813,0.1489632,0.0956316,0.141434,0.3202288,0.2944244,0.2248466,0.1489086,0.1016228,0.1474278,0.3195864,0.282562,0.21159,0.1485098,0.1073638,0.1415856,0.3241012,0.337596,0.2164128,0.1457844,0.1060272,0.1244244,0.3254134,0.2932212,0.2038566,0.1495674,0.0834996,0.1091216,0.3273294,0.3567884,0.2186948,0.1518426,0.0916806,0.1338158,0.3162134,0.3356456,0.19595,0.1502464,0.1047914,0.1138208,0.3113582,0.3310418,0.2012244,0.1498374,0.0995532,0.0831298,0.2811384,0.3019744,0.202698,0.1491452,0.0833078,0.142711,0.3267226,0.3237956,0.2064464,0.1512956,0.1059436,0.1288528,0.3237914,0.3238952,0.3119906,0.215644,0.143164,0.0127724,0.0979378,0.322376
0.3465136,0.2283764,0.148644,0.040651,0.145523,0.3210956,0.2807396,0.2232112,0.1467392,0.0970068,0.1503348,0.3276432,0.3112234,0.1549674,0.1467412,0.0968714,0.1080318,0.3260138,0.3286514,0.2052384,0.1494002,0.0947872,0.1479384,0.323455,0.3279722,0.2577194,0.1420464,0.0925754,0.1215266,0.3287606,0.307705,0.1621202,0.1477468,0.1041018,0.1239918,0.3264638,0.3383418,0.1395861,0.151815,0.104923,0.0798964,0.3265156,0.3112946,0.1968388,0.149575,0.1016672,0.1207048,0.3206712,0.2968026,0.2141008,0.148056,0.1007694,0.1477868,0.3291712,0.324991,0.2023576,0.1495848,0.0896808,0.1328568,0.322432,0.2942168,0.1001858,0.1486038,0.0987016,0.1112566,0.3293924,0.3488598,0.2063282,0.2359838,0.1488582,0.102907,0.1336372,0.3266124,0.3304658,0.2189764,0.1449606,0.0888858,0.1410748,0.318798,0.3077752,0.1635264,0.146965,0.091692,0.1079926,0.2299405,0.3054444,0.2230234,0.1470466,0.1021384,0.123108,0.329813,0.3086174,0.2108412,0.1482294,0.1063662,0.1394302,0.3274508,0.2842717,0.2173336,0.1497046,0.1068116,0.136093,0.321462,0.3056218,0.210543,0.1501694,0.1007044,0.1258702,0.323841,0.3226004,0.1723834,0.1478958,0.0629506,0.1185346,0.3245018,0.3702784,0.1529782,0.1503064,0.0946388,0.139067,0.3231024,0.2946444,0.2212048,0.1496774,0.1021008,0.1473382,0.3221124,0.2830588,0.2106232,0.1471402,0.1068126,0.1408202,0.3256024,0.3380608,0.218188,0.1475996,0.1063894,0.1266998,0.3272354,0.2928746,0.199947,0.1486602,0.0880218,0.1104168,0.3286654,0.2533588,0.2171782,0.1523574,0.09046,0.134671,0.3148374,0.3368754,0.1972635,0.1504016,0.1045342,0.1131612,0.314186,0.3280712,0.2015086,0.1510884,0.0987228,0.088673,0.3146338,0.302475,0.2030074,0.1491222,0.0837822,0.138801,0.3275016,0.3205274,0.2058996,0.150612,0.1060798,0.1287952,0.3253644,0.3240864,0.3128044,0.2130878,0.1426006,0.0873313,0.0983324,0.3240612
0.345895,0.2296484,0.1495736,0.0400768,0.1447304,0.3221302,0.2818488,0.2185154,0.1469384,0.0975544,0.1475088,0.3236894,0.31013,0.1562784,0.1476498,0.0956594,0.110148,0.3248556,0.3285286,0.205921,0.1465578,0.0957328,0.1484538,0.3253826,0.3253622,0.2548322,0.1476776,0.104214,0.1172136,0.3278916,0.3067706,0.1704676,0.149414,0.1043934,0.1217106,0.3259798,0.3376652,0.1425,0.1511632,0.1043836,0.0763112,0.3224328,0.3133044,0.195435,0.0488332,0.1010574,0.1172296,0.3256948,0.1881755,0.2099612,0.1492044,0.1007296,0.1479418,0.3252462,0.3272612,0.2022244,0.1507572,0.089718,0.1303528,0.3207056,0.2945126,0.1252944,0.1491696,0.0990816,0.1121086,0.327322,0.3480556,0.2077282,0.2370086,0.1495076,0.1064424,0.1336028,0.3286604,0.3289006,0.2169346,0.1445146,0.0888754,0.1403076,0.3221094,0.3068226,0.1627956,0.1490002,0.0925994,0.107194,0.291733,0.299937,0.2225636,0.1462198,0.1027434,0.1238696,0.3245054,0.3095156,0.2119096,0.1474034,0.1061854,0.1381058,0.3231804,0.3059125,0.2142794,0.149112,0.1070762,0.1395402,0.3243176,0.3014284,0.2095074,0.1508538,0.1007442,0.131133,0.324004,0.3210878,0.1895878,0.1500262,0.0638684,0.1176146,0.3269236,0.3725876,0.1543918,0.150604,0.0957352,0.1410294,0.3201446,0.2943542,0.2200402,0.1484254,0.1018168,0.147618,0.3237214,0.2850482,0.2075658,0.1473646,0.1067972,0.1416162,0.3277996,0.3388572,0.2184758,0.1459524,0.1075646,0.1261818,0.3287462,0.2953208,0.199715,0.149375,0.0882462,0.1107206,0.3274378,0.337389,0.218257,0.1517964,0.091793,0.1366186,0.314904,0.3336328,0.2046974,0.148026,0.1064472,0.1128092,0.3153176,0.3224898,0.2016122,0.1507836,0.0979652,0.0892338,0.3181844,0.2976976,0.1997498,0.149046,0.0856174,0.1414506,0.3276604,0.3207104,0.2038568,0.1482496,0.1049986,0.1468906,0.324597,0.3243052,0.3082354,0.2221194,0.1425442,0.0951748,0.1017458,0.3209448
0.3444582,0.2275702,0.150165,0.0389738,0.1445416,0.3238366,0.2792928,0.2167436,0.146693,0.0971498,0.1487062,0.3242482,0.3079778,0.1549408,0.149005,0.0952564,0.1124142,0.3258234,0.3279084,0.2042632,0.1474252,0.0961158,0.148632,0.3247824,0.3228108,0.2590048,0.1477474,0.1038668,0.1189646,0.3247772,0.3065526,0.183865,0.1482414,0.103004,0.1238164,0.3255722,0.3355602,0.1663526,0.1510308,0.1050318,0.0824534,0.3233856,0.3125142,0.1948254,0.102305,0.1021336,0.1157772,0.3266058,0.245711633333,0.209212,0.1492088,0.100483,0.1463798,0.3255638,0.326064,0.2023004,0.1494108,0.0913658,0.1262262,0.3239386,0.2971906,0.131691,0.1489624,0.1004582,0.11124,0.326367,0.348316,0.206851,0.2358528,0.1487418,0.1049438,0.1318924,0.3257344,0.3280246,0.2180902,0.1463538,0.0880442,0.1414674,0.3234616,0.3063406,0.1634662,0.145935,0.0922622,0.1078894,0.2874348,0.3013876,0.2189424,0.1466798,0.1013,0.1238824,0.3249394,0.3054154,0.2106892,0.1472646,0.105922,0.1380652,0.323547,0.3088631,0.2140564,0.150301,0.108078,0.1372184,0.32247,0.3089644,0.2069234,0.1507902,0.1013366,0.1306764,0.319596,0.324396,0.190778,0.1495284,0.0608438,0.118338,0.326103,0.3731544,0.1597952,0.149765,0.0455398,0.1398358,0.3201416,0.2925324,0.2194716,0.1464962,0.1034912,0.1474766,0.3249434,0.287499,0.2089134,0.146807,0.1069652,0.1402116,0.326894,0.3375076,0.2182562,0.1461338,0.105799,0.123223,0.3254368,0.297807,0.1999288,0.1501262,0.0886678,0.1085562,0.3271652,0.3408764,0.1373489,0.1544732,0.0914998,0.1393522,0.3174458,0.3335272,0.2045522,0.1494552,0.1052626,0.109528,0.3157636,0.3218896,0.2025326,0.149604,0.0976692,0.0906624,0.3171608,0.2968486,0.2010804,0.149964,0.0884002,0.1425866,0.3296138,0.3237134,0.2017176,0.1487532,0.1059218,0.1496114,0.3277804,0.3233696,0.3092714,0.2237456,0.1434674,0.0950284,0.1035424,0.320805
0.343754,0.2267714,0.1506738,0.0356216,0.1466704,0.3260118,0.2775898,0.214172,0.1464118,0.097777,0.1503632,0.3245956,0.3072674,0.1581088,0.1484386,0.093525,0.1094926,0.3248844,0.3286078,0.2048878,0.1464542,0.0958444,0.1474026,0.325575,0.3235202,0.2594194,0.1467144,0.1038918,0.1216654,0.2437487,0.30273,0.1864796,0.1488432,0.1036008,0.1244796,0.3251902,0.3358632,0.1715032,0.1487262,0.1052424,0.0972892,0.3271486,0.3119676,0.195599,0.1125062,0.101103,0.1135992,0.3242214,0.249300566667,0.2075564,0.1502126,0.1002048,0.1450252,0.3222944,0.3265798,0.202684,0.149686,0.0913444,0.1290398,0.3240534,0.2986692,0.1362248,0.1508352,0.0999976,0.1121432,0.327175,0.34808,0.0859728,0.2347362,0.1484316,0.1062218,0.133936,0.3265036,0.3283178,0.21738,0.145338,0.0870072,0.1413596,0.3236044,0.3055602,0.1652317,0.1454468,0.0926644,0.1109886,0.303261,0.300339,0.216963,0.1497984,0.1013698,0.121785,0.323495,0.3029098,0.2108618,0.1452716,0.106289,0.137753,0.3179396,0.3071106,0.2149194,0.1485284,0.1075416,0.1370176,0.3220738,0.3055708,0.2052552,0.149645,0.1012216,0.1316096,0.320262,0.3240864,0.1934738,0.1508086,0.066975,0.1166906,0.3235198,0.3698416,0.1730542,0.1504906,0.0750368,0.1408456,0.3236062,0.2912476,0.2197214,0.1478848,0.103381,0.1468118,0.3277394,0.285316,0.2080602,0.146385,0.10579,0.1417354,0.3283854,0.3376796,0.21712,0.1462034,0.1054752,0.1225316,0.3282044,0.296422,0.2001822,0.1482264,0.087665,0.1104964,0.3296306,0.3544878,0.1571296,0.1528274,0.0921578,0.1387242,0.3120676,0.332757,0.2036422,0.1513812,0.1048046,0.1107004,0.3140242,0.3220188,0.2006332,0.14938,0.097098,0.0864448,0.3204062,0.294655,0.199533,0.1491176,0.0869848,0.1414706,0.3250626,0.3231604,0.2014576,0.1494476,0.1057412,0.1511856,0.3235212,0.3220936,0.3078004,0.2242626,0.1491102,0.0958954,0.1018072,0.3220374
0.3401208,0.2265366,0.1489742,0.0382946,0.1469282,0.3242944,0.1686788,0.2165374,0.1479124,0.0968994,0.1487644,0.326347,0.3100256,0.1603866,0.1465022,0.0943738,0.1071712,0.3247924,0.3245716,0.204641,0.1446254,0.0942844,0.1494766,0.325118,0.3203784,0.257606,0.1456458,0.1042002,0.1208808,0.275927,0.2953852,0.1877286,0.1497132,0.1037368,0.1235714,0.3242624,0.3370298,0.1867437,0.1486092,0.105546,0.0955194,0.3246118,0.3118642,0.1951944,0.1146078,0.1016348,0.1136526,0.328106,0.2541485,0.2116952,0.1474822,0.1009234,0.1440824,0.3250984,0.3261626,0.2036124,0.150061,0.0889144,0.1289576,0.3209992,0.2990892,0.1521162,0.1496542,0.0980402,0.1125866,0.3268626,0.3443168,0.0896614,0.2332148,0.148653,0.1056504,0.1363818,0.3205966,0.3305272,0.2147476,0.146221,0.0875052,0.139657,0.321267,0.3057648,0.1869255,0.1450958,0.0910298,0.1171498,0.3165316,0.2965434,0.2174452,0.1503632,0.1026666,0.1213096,0.3235544,0.3048906,0.2114544,0.1483762,0.1059428,0.1342924,0.3209518,0.3047822,0.215152,0.150433,0.107817,0.1353566,0.320519,0.3064574,0.2047894,0.1499504,0.1015546,0.1360602,0.3260916,0.3266584,0.1955964,0.1508144,0.068089,0.1179356,0.3242668,0.36763,0.1745534,0.1497432,0.0915622,0.1414252,0.3210998,0.2922778,0.2184168,0.1489788,0.1023872,0.1479456,0.3265352,0.2821496,0.2050128,0.1477766,0.106632,0.1408448,0.3255676,0.3357858,0.2162186,0.1458336,0.1060758,0.1241972,0.3248894,0.2932438,0.1991616,0.1493938,0.0881064,0.111384,0.3271902,0.3618954,0.1838429,0.1538966,0.0927606,0.137643,0.3106678,0.3303192,0.2036052,0.1500248,0.104869,0.1065486,0.3127974,0.3232016,0.1990398,0.1502376,0.0964884,0.0875494,0.3208854,0.294451,0.1988428,0.148286,0.0877154,0.1406562,0.3249678,0.3232396,0.2017366,0.151188,0.1054214,0.1491582,0.3245118,0.3231296,0.3073718,0.2231268,0.149303,0.0960572,0.103504,0.3195148
0.3392788,0.2275642,0.1495968,0.0350956,0.1455116,0.3214042,0.2044248,0.216502,0.1477306,0.0980012,0.1485864,0.33004,0.3103724,0.173672,0.1474516,0.0952258,0.1042714,0.3260896,0.3265,0.2046378,0.0366076,0.0948552,0.1472608,0.3246302,0.319221,0.259857,0.1454194,0.1039804,0.120321,0.3017266,0.2967516,0.1900704,0.1488396,0.104525,0.1244446,0.3251766,0.339037,0.1918251,0.1488852,0.1045052,0.0970282,0.324965,0.3112374,0.1954106,0.1183452,0.1018242,0.1105834,0.325756,0.2649914,0.2114844,0.1458938,0.0688474,0.1472288,0.3269154,0.3247688,0.2029868,0.1496286,0.089027,0.1299182,0.3270842,0.298442,0.1503522,0.1510584,0.0987006,0.110553,0.3310356,0.345337,0.0912092,0.1552097,0.14762,0.1065472,0.1331074,0.3251464,0.3304404,0.2128854,0.145078,0.0865256,0.1392676,0.318383,0.3064284,0.1860609,0.145873,0.0921028,0.1148512,0.319965,0.2981174,0.2177528,0.1495952,0.1026218,0.1225352,0.32348,0.3049634,0.2105194,0.1461124,0.1051888,0.1372438,0.322222,0.3017282,0.2129072,0.148548,0.1069522,0.1355866,0.3221704,0.308075,0.2066902,0.1495608,0.1014566,0.136343,0.3267684,0.3241258,0.2058164,0.1484244,0.0683932,0.1129384,0.2244466,0.3680466,0.1743758,0.1492842,0.0914896,0.1411078,0.3211262,0.2951834,0.2173198,0.1512542,0.1020266,0.1488872,0.3278964,0.281953,0.2021014,0.1461394,0.107548,0.1396836,0.3261612,0.3376226,0.2158828,0.1480236,0.1054128,0.121024,0.3296232,0.2902076,0.0202313,0.1488718,0.0882056,0.1159104,0.3260528,0.3773826,0.1852277,0.1524472,0.0923802,0.1412544,0.3127546,0.3298266,0.2034606,0.149688,0.1053022,0.107719,0.314421,0.3257768,0.1966976,0.1499156,0.0973998,0.0923408,0.3227438,0.2945006,0.1981782,0.1473536,0.0982202,0.1396384,0.3317028,0.3247542,0.1987818,0.1528108,0.1050236,0.1474354,0.3240726,0.32073,0.3102728,0.2221646,0.1492482,0.0961302,0.104963,0.3206364
0.3357848,0.2256952,0.1492264,0.0392246,0.147608,0.31978,0.2071941,0.2155638,0.1473682,0.0970506,0.1493592,0.32959,0.308006,0.2088892,0.1459378,0.0954634,0.1080644,0.2480214,0.326744,0.2052342,0.0946808,0.0930674,0.1487204,0.325703,0.3229064,0.2614706,0.1469822,0.1032326,0.1187728,0.3190012,0.2972154,0.1922384,0.1493136,0.0541662,0.1239744,0.3252406,0.3367734,0.1925301,0.1490796,0.1044404,0.0893254,0.3232054,0.3102056,0.193432,0.1279954,0.1023076,0.1113202,0.3285196,0.2867998,0.2088044,0.1465778,0.0813495,0.1477942,0.3204872,0.322964,0.2020722,0.1504998,0.0905454,0.1298728,0.3267156,0.2936066,0.1541628,0.0409618,0.0978144,0.1142598,0.3292516,0.3472098,0.1137918,0.1746066,0.1475382,0.1054096,0.1325496,0.3258156,0.3290898,0.2126452,0.145185,0.0877544,0.1384506,0.327907,0.3080188,0.1983176,0.1467972,0.0921974,0.1160736,0.322448,0.303753,0.2181894,0.1487842,0.1034334,0.1233568,0.3233818,0.3041858,0.210668,0.1491862,0.1062818,0.1386074,0.3237184,0.305243,0.2133424,0.1474914,0.1070974,0.137205,0.2173514,0.3075344,0.204385,0.148964,0.100594,0.134076,0.3238534,0.3251572,0.2027536,0.1479654,0.0687934,0.1130418,0.2623554,0.3674926,0.1726226,0.1503538,0.091273,0.14127,0.3245278,0.2932866,0.2177654,0.1507546,0.101036,0.1479368,0.3253974,0.2800154,0.2034222,0.1470194,0.1071868,0.1388924,0.3277066,0.3394076,0.2147442,0.147297,0.1046376,0.1239796,0.32631,0.2890928,0.0587392,0.1494348,0.0883662,0.1143482,0.3257964,0.3792438,0.1892016,0.1536018,0.092483,0.141431,0.311711,0.3294016,0.214412,0.15106,0.1051226,0.1115456,0.3134178,0.3243282,0.2075506,0.1501694,0.09719,0.0893166,0.321956,0.2915474,0.0028285,0.1473916,0.098095,0.1406696,0.325363,0.3261646,0.1974728,0.1526614,0.1048196,0.146323,0.32495,0.3189582,0.3114388,0.2220334,0.1486332,0.0966016,0.1046124,0.3264608
0.3344382,0.224308,0.1490978,0.0572498,0.1490206,0.3218204,0.2275839,0.2163322,0.1472734,0.0960726,0.1499838,0.3269004,0.3100046,0.2103774,0.147222,0.0952984,0.1093472,0.291526,0.3408986,0.2045938,0.1171976,0.0928296,0.14997,0.3274714,0.2437953,0.2599954,0.1436888,0.1024526,0.1177738,0.3217444,0.2967104,0.1950554,0.147799,0.0848216,0.1232644,0.3277126,0.3361894,0.1936419,0.1500454,0.1048118,0.0902118,0.3234938,0.3098632,0.194587,0.1290994,0.1013128,0.1119798,0.3277788,0.2938857,0.205236,0.145518,0.1007028,0.1462506,0.321742,0.324365,0.1151355,0.1514476,0.0902136,0.1289154,0.3288114,0.294408,0.1559404,0.094406,0.1035766,0.1117548,0.3288244,0.3453776,0.1203142,0.1894646,0.1485638,0.1059566,0.1284012,0.3278434,0.3316672,0.2140584,0.1454636,0.0873718,0.1361116,0.3261364,0.3066542,0.2064832,0.147075,0.0931272,0.1154424,0.3228492,0.3025828,0.2194356,0.1495694,0.1015576,0.1230018,0.3252868,0.303422,0.2081748,0.1505104,0.1073562,0.137325,0.3272832,0.30511,0.2123736,0.1479128,0.1068626,0.137573,0.2765936,0.3100658,0.2012828,0.1487778,0.100799,0.1331462,0.3251876,0.3257372,0.2033524,0.1471086,0.0675866,0.115896,0.2916494,0.3675098,0.170829,0.1489198,0.0916154,0.1427136,0.322121,0.2905218,0.217271,0.1501042,0.100917,0.1471858,0.3240102,0.27784,0.2041062,0.1458894,0.1071036,0.1375708,0.3278484,0.3404198,0.2168572,0.1472644,0.1062032,0.1220492,0.2046971,0.288597,0.0756072,0.1485328,0.0885602,0.1168168,0.3236554,0.379504,0.1889202,0.1518278,0.0928876,0.1385418,0.2247017,0.330448,0.2128692,0.152571,0.1053396,0.1134628,0.3140718,0.3263236,0.2072474,0.1521122,0.0957292,0.0916516,0.3212188,0.2914328,0.038788,0.1486588,0.0973432,0.138869,0.3267766,0.3253372,0.1974214,0.1536682,0.1047236,0.14779,0.324593,0.3178112,0.3101764,0.2222958,0.1486076,0.0959258,0.1032832,0.3233302
0.3351142,0.2237348,0.0412317,0.0588022,0.148502,0.3232088,0.259235,0.2171236,0.1455162,0.0799906,0.1473156,0.3282194,0.3090478,0.2068222,0.1490198,0.0948494,0.1104728,0.3108584,0.3390104,0.2041582,0.1193732,0.0949988,0.1500734,0.327651,0.2600925,0.2601524,0.1441102,0.1021114,0.1215726,0.3213314,0.2958146,0.1939726,0.1517982,0.0858084,0.1204684,0.3259816,0.3384072,0.2004495,0.1512652,0.104543,0.0859902,0.3249566,0.310533,0.1946266,0.1368682,0.101758,0.1136666,0.3244986,0.2949467,0.201062,0.1467152,0.1034062,0.1466186,0.3257448,0.3252978,0.1335635,0.1503278,0.0896372,0.1302484,0.3271104,0.2943712,0.1614149,0.1315312,0.103789,0.1210124,0.3295024,0.3434594,0.1402474,0.2070158,0.1475922,0.1057868,0.1336218,0.3233624,0.3304444,0.2139772,0.1440394,0.0870426,0.139902,0.3210654,0.3037008,0.2134328,0.1465022,0.094536,0.1161494,0.3252236,0.3012072,0.2193454,0.14945,0.1018,0.121881,0.326751,0.3030532,0.2061916,0.1514336,0.1064864,0.13801,0.3219708,0.3048554,0.2130978,0.147592,0.10656,0.136328,0.2787096,0.3051934,0.201574,0.1495512,0.1024044,0.1317754,0.3279586,0.3267956,0.201626,0.1464612,0.0654842,0.116885,0.3218614,0.3672792,0.1736576,0.1480596,0.0915868,0.142953,0.3235458,0.293473,0.217225,0.14977,0.101813,0.1484362,0.3247238,0.2758556,0.2020726,0.1480876,0.1059848,0.1402282,0.3278344,0.3381528,0.2165708,0.1454126,0.1065202,0.1219726,0.2720231,0.2884314,0.085884,0.1472598,0.0883178,0.1158014,0.3304124,0.3774576,0.190605,0.1516054,0.0927202,0.1390416,0.2735514,0.330551,0.2138384,0.1505352,0.105093,0.117816,0.3134324,0.2175064,0.2045852,0.1493552,0.0966928,0.0908962,0.3196834,0.288024,0.0570804,0.147851,0.0967944,0.1384724,0.3276742,0.3235794,0.1949586,0.1534854,0.1041706,0.1469788,0.3200772,0.3198586,0.3073112,0.2230416,0.1495426,0.096781,0.1068784,0.3214406
0.3369744,0.2237772,0.1063747,0.0585034,0.1498262,0.3229846,0.2630214,0.215228,0.1461564,0.0970004,0.1471814,0.325256,0.3098026,0.2082646,0.0289134,0.0943552,0.1068898,0.3162514,0.3436062,0.2028726,0.1216452,0.096096,0.1482612,0.3271452,0.2853212,0.2605804,0.1457982,0.10341,0.1208604,0.3264292,0.2950482,0.1931108,0.149691,0.102641,0.1210152,0.3251154,0.3383988,0.2101932,0.15111,0.1043782,0.0862608,0.325349,0.311914,-0.0057662,0.136708,0.10285,0.118349,0.3275554,0.2970263,0.2022138,0.1477736,0.1031322,0.1460784,0.3263108,0.3219518,0.1520416,0.149453,0.0878184,0.1306036,0.3290362,0.2920482,0.1631801,0.1482952,0.103226,0.122056,0.3292696,0.3460018,0.142557,0.2075574,0.1482994,0.1064506,0.1314254,0.3180486,0.3312216,0.2125466,0.1432532,0.0873622,0.1408876,0.3253488,0.3045368,0.2087872,0.1454412,0.0385092,0.1155822,0.3257576,0.2988022,0.215853,0.1504616,0.1016156,0.121748,0.32496,0.3121638,0.2067692,0.1502996,0.0469616,0.1379856,0.3204284,0.3071738,0.210439,0.1483252,0.1061748,0.1348652,0.295795,0.3071928,0.0767046,0.1469582,0.1025942,0.129536,0.3259672,0.327173,0.2021318,0.1485536,0.066694,0.1239552,0.323583,0.3706914,0.171687,0.1489346,0.091933,0.1444546,0.3252474,0.29346,0.218233,0.1490404,0.033187,0.1493212,0.3247326,0.2760028,0.2006244,0.1481864,0.1061936,0.1374996,0.322708,0.337364,0.216837,0.1458704,0.105761,0.1248252,0.2922599,0.2894166,0.0880346,0.1468718,0.0895986,0.1155218,0.3275364,0.3753758,0.1992004,0.1536906,0.093156,0.140842,0.3043098,0.3306654,0.2118274,0.1521242,0.1050674,0.116452,0.3138012,0.2478641,0.2053606,0.1485628,0.0964348,0.0880146,0.3209128,0.2881374,0.0808152,0.1470732,0.0979898,0.1418126,0.3276116,0.323295,0.195182,0.15302,0.1040384,0.1479156,0.3242908,0.318297,0.3067658,0.2244708,0.1490016,0.0967432,0.1053418,0.3245094
0.339754,0.2238818,0.1031634,0.0585414,0.1488276,0.3276498,0.276329,0.2165582,0.1471044,0.1023916,0.1471128,0.3258018,0.310355,0.2081174,0.0656114,0.094084,0.1070492,0.3137166,0.3433016,0.2005172,0.1231862,0.0948958,0.1481806,0.3253314,0.3078596,0.2608938,0.1455202,0.1024708,0.1258792,0.3216318,0.293892,0.2021042,0.1485162,0.104213,0.120897,0.325437,0.3403236,0.2114184,0.149696,0.1053672,0.0884176,0.328963,0.3109162,-0.0005626,0.1386246,0.101437,0.1186228,0.3274718,0.3096376,0.2018572,0.1467984,0.1036894,0.1469118,0.3223598,0.3208454,0.1661384,0.1503656,0.0889356,0.1330362,0.3294612,0.2904532,0.1640713,0.1481926,0.1034636,0.1279382,0.3277588,0.344693,0.1408294,0.2108562,0.1484686,0.105524,0.1326356,0.3223324,0.331696,0.2125476,0.14314,0.0876866,0.138625,0.3241216,0.3041876,0.210334,0.146259,0.07222,0.1189976,0.325344,0.298975,0.2141292,0.1512368,0.1014192,0.1200366,0.322027,0.321982,0.204487,0.1493624,0.065865,0.1383482,0.3259236,0.3051322,0.2085054,0.1464346,0.1063512,0.137365,0.3227214,0.3074636,0.0814566,0.147462,0.1017196,0.1272494,0.3264642,0.3253522,0.2005324,0.0125235,0.0704806,0.1238212,0.32351,0.3662128,0.1708526,0.1474196,0.0914724,0.1440134,0.3219534,0.2910824,0.2166822,0.1511902,0.0759597,0.1474224,0.3199052,0.2751824,0.2013398,0.1480532,0.1054942,0.1383028,0.3276338,0.334422,0.217018,0.1467518,0.1060818,0.122812,0.302887,0.2934782,0.1232772,0.147427,0.0894402,0.1156456,0.3284466,0.3748044,0.2149044,0.1536498,0.092948,0.13848,0.3156202,0.330274,0.2112666,0.1532112,0.1045542,0.1144158,0.316147,0.2873538,0.2053646,0.150257,0.0959352,0.0912662,0.3223568,0.2893638,0.0953637,0.1465816,0.0983922,0.1405016,0.3263988,0.3204114,0.19614,0.1546186,0.1043672,0.1460206,0.3251442,0.3194166,0.3083994,0.2211526,0.1503606,0.0962674,0.107528,0.3276684
0.3379156,0.222933,0.1424454,0.058991,0.1481578,0.3273412,0.2998346,0.2137266,0.1461338,0.1006788,0.148387,0.32813,0.3106638,0.210937,0.0949954,0.091167,0.1123492,0.3214828,0.3446552,0.199632,0.12225,0.0940434,0.1501394,0.3230384,0.310446,0.2552444,0.1471594,0.102836,0.1253866,0.3207726,0.29758,0.2023934,0.1483314,0.1046054,0.1208262,0.3224606,0.3374286,0.2093598,0.1505188,0.1049042,0.094166,0.3289154,0.309504,0.0194212,0.1387758,0.10238,0.1203084,0.3288276,0.310921,0.2024922,0.1486182,0.104492,0.149847,0.3261652,0.3204222,0.1646068,0.1520708,0.0885906,0.1295764,0.3278776,0.2903974,0.1673167,0.1496398,0.1034638,0.1278576,0.3304558,0.3427806,0.1421156,0.2142087,0.1481304,0.1049484,0.1341354,0.3220464,0.3322892,0.2104784,0.1436484,0.0876578,0.138586,0.3232672,0.3040556,0.2073948,0.1473788,0.0905696,0.119362,0.3254248,0.2977818,0.2145146,0.151744,0.1027808,0.1190888,0.325424,0.3208264,0.206387,0.1490188,0.0731866,0.1392828,0.3246496,0.3057636,0.2069816,0.1486338,0.1055762,0.1394144,0.3246556,0.307269,0.0895142,0.14949,0.1020574,0.1289464,0.3258184,0.3296078,0.2019102,0.0459343,0.0690152,0.1238814,0.3252988,0.3662454,0.1699184,0.0581748,0.0926992,0.143306,0.3247076,0.2905548,0.215426,0.1505208,0.0764961,0.1481036,0.3189508,0.2757988,0.0842286,0.146437,0.1052712,0.1408788,0.3223336,0.3337774,0.213919,0.146114,0.1046048,0.125075,0.323142,0.2041026,0.1294714,0.1473176,0.0883718,0.1164544,0.3277068,0.3760532,0.2133524,0.1519846,0.0924644,0.1382882,0.3237518,0.3328392,0.2100582,0.151018,0.104074,0.114359,0.3169392,0.313153,0.2033212,0.1512956,0.0956532,0.0895174,0.3191212,0.2897354,0.1139113,0.1468944,0.099743,0.141848,0.326765,0.3202408,0.196079,0.1505258,0.10502,0.146698,0.3246778,0.3155234,0.3082654,0.2218972,0.1502434,0.0971862,0.1068468,0.3231686
0.3387266,0.2203854,0.1423512,0.0620554,0.1498428,0.3263592,0.308248,0.2129998,0.14569,0.1023046,0.1472708,0.3244356,0.3075258,0.21302,0.123733,0.091955,0.1132782,0.3244532,0.344543,0.200571,0.1226114,0.0956748,0.1493782,0.3231302,0.3278284,0.2560944,0.1475558,0.1031104,0.1265708,0.3240718,0.2953552,0.2039646,0.148218,0.1053886,0.1235034,0.32524,0.335738,0.2082384,0.1507696,0.1051262,0.0944518,0.3260254,0.3101518,0.0750729,0.1411876,0.1041076,0.1188816,0.3265324,0.3204,0.20291,0.1483718,0.103975,0.1462242,0.2111451,0.3220162,0.1651544,0.1512308,0.0881604,0.1298718,0.3299788,0.290657,0.159596,0.1491734,0.1015392,0.1250462,0.3289628,0.3478388,0.141448,0.2135775,0.147319,0.1050706,0.133868,0.323341,0.3334382,0.21041,0.1446134,0.0879616,0.1388576,0.327026,0.3043314,0.2103136,0.1484972,0.0912994,0.117954,0.326643,0.295485,0.2126692,0.1506024,0.1041746,0.119097,0.3235514,0.3188066,0.2059488,0.1471764,0.0868924,0.1382254,0.3239768,0.3029766,0.20591,0.1500196,0.1068634,0.1368422,0.3249104,0.3053472,0.1076107,0.1492834,0.1014812,0.1290546,0.3222826,0.3260854,0.2021958,0.0920264,0.076914,0.1185786,0.3262456,0.369197,0.1698892,0.1049516,0.0941984,0.1424732,0.3260802,0.2884714,0.2143636,0.1498078,0.09732,0.1473072,0.3248276,0.2763938,0.1183881,0.1478528,0.1065514,0.1400006,0.3229206,0.3304756,0.2131476,0.1455366,0.1053976,0.1258978,0.3240718,0.2373731,0.1242728,0.1473686,0.0878588,0.1185434,0.3271956,0.379285,0.2147224,0.1552664,0.0918332,0.1382478,0.3221338,0.3251072,0.2080496,0.1509914,0.1040228,0.1150704,0.3154504,0.339996,0.2015832,0.1526368,0.0955544,0.0913228,0.318821,0.2898912,0.1434569,0.1468392,0.0997638,0.1425384,0.3279428,0.3210218,0.1969966,0.1529242,0.1043098,0.1467638,0.3239846,0.3128378,0.3067624,0.2223822,0.1504726,0.0951754,0.1074338,0.3217362
0.3379064,0.2199794,0.1424538,0.0722628,0.1462042,0.3287094,0.3123554,0.0819244,0.1460136,0.1030782,0.1492792,0.3263604,0.309637,0.2157376,0.125119,0.0920582,0.1125684,0.3269504,0.3459976,0.2006376,0.1248304,0.0963516,0.1519448,0.3260376,0.3295538,0.2562278,0.1467426,0.1027796,0.1282456,0.3248,0.2945954,0.2043138,0.0368662,0.1053876,0.1191582,0.3247924,0.3347194,0.2110504,0.151032,0.1042368,0.0988684,0.321448,0.3118082,0.1141095,0.1394594,0.1044612,0.117859,0.3274788,0.32148,0.2034432,0.1491152,0.104358,0.149554,0.2545111,0.3227992,0.1567587,0.1503666,0.087916,0.12836,0.3277314,0.2884976,0.1597684,0.1491492,0.1012552,0.1275804,0.3299052,0.3432838,0.1870808,0.2125671,0.1470876,0.105617,0.1311352,0.3246682,0.3345986,0.210786,0.1452774,0.0878344,0.1368678,0.334578,0.303541,0.208411,0.0843567,0.0941838,0.1197456,0.325432,0.29459,0.21092,0.0671655,0.1038536,0.1211408,0.3213998,0.3189494,0.1011446,0.1456776,0.0872054,0.1381134,0.3251002,0.3043868,0.2069982,0.1499154,0.106393,0.1343206,0.3245738,0.3068624,0.1012737,0.1505392,0.1010056,0.129137,0.3251024,0.3253358,0.200833,0.0986228,0.0757586,0.1200362,0.3279256,0.3698034,0.1702056,0.1055864,0.0942136,0.1443588,0.322862,0.2897256,0.2169624,0.1487886,0.0971906,0.1499226,0.3271514,0.2751036,0.1480477,0.1466854,0.1058834,0.1431414,0.3216112,0.3309774,0.2115394,0.1458548,0.1059638,0.124588,0.3221898,0.2534126,0.1216408,0.1482072,0.0886054,0.120434,0.3280058,0.3780456,0.2116894,0.1538712,0.0913068,0.139328,0.3249594,0.3264504,0.2076852,0.149239,0.1037022,0.11444,0.3120782,0.3432052,0.0296539,0.1517372,0.0951758,0.0865624,0.3218396,0.2887086,0.1539573,0.1470276,0.0994794,0.1400912,0.3296844,0.3176902,0.1958614,0.1539818,0.103308,0.145155,0.3204614,0.3130198,0.3061576,0.2240738,0.1479682,0.0955584,0.1135078,0.3255898
0.335943,0.219751,0.1447978,0.0695028,0.1475144,0.328978,0.3139852,0.1449016,0.1463786,0.1039338,0.1491044,0.3261286,0.3074098,0.2140536,0.1218302,0.0899212,0.1093808,0.3246318,0.3411058,0.204334,0.1243466,0.0950078,0.1484308,0.3301784,0.3446561,0.2552124,0.1457752,0.101246,0.1265274,0.326424,0.2937148,0.2030278,0.102805,0.1050698,0.1133344,0.3216718,0.337492,0.2115098,0.1515176,0.1060192,0.098041,0.325382,0.3105902,0.1312467,0.1489102,0.1040346,0.12071,0.3242408,0.3223498,0.2058658,0.1490868,0.1038748,0.1493948,0.313427,0.3230958,0.1549273,0.1513812,0.0881582,0.1278098,0.3316372,0.2925756,0.1719038,0.149671,0.101538,0.1268936,0.3279166,0.3469952,0.1886056,0.2134877,0.1495936,0.1059346,0.1300414,0.3262918,0.3335272,0.208465,0.1453482,0.0872956,0.1377202,0.3282522,0.3047068,0.2106714,0.0897185,0.0948162,0.1167856,0.3248494,0.292024,0.1600644,0.1129814,0.1038988,0.1182876,0.3264832,0.3180396,0.1106076,0.145744,0.0845938,0.1403804,0.2124668,0.3029732,0.2069764,0.1491896,0.1050468,0.1367698,0.3274046,0.3114328,0.1288725,0.1487904,0.1009978,0.127897,0.324205,0.2434458,0.2003894,0.0998986,0.07864,0.1226,0.3260458,0.366889,0.1693374,0.0963772,0.0935218,0.142448,0.3211166,0.2919804,0.2164588,0.1471218,0.0980798,0.1481542,0.3228516,0.2736516,0.1642354,0.1478782,0.105008,0.1435118,0.3238398,0.3317442,0.2092926,0.1463152,0.1053028,0.1262008,0.3232338,0.2538086,0.1366622,0.1471608,0.0888908,0.1213768,0.3282632,0.376909,0.2124704,0.1515892,0.0932262,0.1400078,0.3250912,0.325011,0.2085652,0.150026,0.1039824,0.1197568,0.3093842,0.3446248,0.0739403,0.1529096,0.0999962,0.0861372,0.3217184,0.2918706,0.1648812,0.150897,0.0987626,0.140792,0.3280388,0.3169888,0.0880967,0.1558972,0.1027162,0.1455436,0.3244676,0.31567,0.3045474,0.2241862,0.148654,0.095599,0.1139592,0.3248598
0.3327762,0.219189,0.1440828,0.004412,0.1477776,0.3254982,0.3133198,0.1522694,0.146821,0.103256,0.1473112,0.3257018,0.3082204,0.2145092,0.1221704,0.0893312,0.1081384,0.3218898,0.3391902,0.2045844,0.12519,0.0940456,0.1489212,0.3283314,0.3498029,0.255623,0.1468676,0.1034528,0.1251236,0.324699,0.296468,0.2034952,0.1420706,0.1042558,0.1112172,0.323239,0.3356158,0.2129808,0.1526728,0.1055202,0.1054526,0.3293,0.3052256,0.1393511,0.1483488,0.1036816,0.1188978,0.3233546,0.324158,0.2068492,0.0414185,0.1044478,0.1480542,0.3154168,0.322039,0.1813342,0.1495552,0.0875556,0.1299272,0.3307912,0.291712,0.166775,0.1507944,0.1025612,0.1269664,0.3236746,0.3481104,0.1927692,0.2249838,0.1503232,0.1062744,0.1337616,0.3256886,0.3329042,0.209562,0.1456076,0.0874428,0.1401184,0.3214776,0.3061864,0.2158642,0.1102467,0.1006956,0.1163524,0.3226344,0.2910716,0.1797716,0.1374274,0.104448,0.1187716,0.3230504,0.3193518,0.145292,0.1444464,0.0888034,0.1383368,0.3018867,0.3045822,0.2081662,0.1500958,0.1053208,0.1366188,0.3229694,0.3105402,0.1212887,0.0837999,0.1008312,0.128866,0.3237172,0.263101,0.2001798,0.1194802,0.0773178,0.1178622,0.3276586,0.361256,0.1936476,0.1268288,0.0977848,0.1411204,0.3195556,0.2898254,0.2155694,0.1493712,0.097025,0.1483504,0.3212528,0.274582,0.1676866,0.1472768,0.104943,0.1430106,0.325672,0.3287702,0.2117348,0.1473544,0.1054806,0.1239212,0.3232422,0.2665434,0.1345994,0.1473432,0.0905892,0.1229384,0.3328488,0.3757062,0.2122141,0.1523586,0.089368,0.1404754,0.3254566,0.325369,0.207552,0.1493144,0.1029776,0.117555,0.3147146,0.3425516,0.1113791,0.1504216,0.100535,0.0814908,0.32152,0.2885558,0.16948,0.1498618,0.0995084,0.140129,0.1308048,0.3172918,0.1132618,0.1545992,0.102958,0.1461368,0.3236152,0.313964,0.3063562,0.2253324,0.1495828,0.0944592,0.1129058,0.3271286
0.3269108,0.219272,0.1457988,0.043236,0.147463,0.329172,0.310474,0.1807876,0.147758,0.1031618,0.1467628,0.3278156,0.309077,0.2121302,0.1249062,0.0898552,0.1091982,0.3258142,0.341491,0.2070864,0.127882,0.0943716,0.1497794,0.3257632,0.357608,0.2574286,0.1475094,0.1042664,0.1295962,0.3252766,0.2943152,0.2039222,0.1426816,0.1038962,0.1149858,0.3222196,0.334554,0.2140706,0.1544086,0.1050156,0.1043914,0.3265852,0.3078162,0.1417661,0.1487814,0.1028274,0.1218074,0.3260374,0.3245758,0.2050158,0.1033636,0.103992,0.1478676,0.3223742,0.3225204,0.179905,0.149702,0.0880874,0.1302938,0.3284476,0.2901568,0.167292,0.1492744,0.100965,0.1262242,0.3231472,0.3517172,0.1938436,0.2395552,0.1499702,0.1059808,0.134437,0.3232106,0.3347544,0.2085618,0.14534,0.0887464,0.1382836,0.32682,0.3065746,0.2189726,0.106483,0.1011406,0.115515,0.3226434,0.2906246,0.1829382,0.139598,0.1045096,0.1191018,0.3243364,0.31928,0.1497314,0.145111,0.0881404,0.1359666,0.3134947,0.3053752,0.0356589,0.151596,0.1065778,0.1357918,0.321574,0.310508,0.1356602,0.1066138,0.022921,0.1302912,0.3219428,0.321808,0.199652,0.1341728,0.0775964,0.1179176,0.323604,0.3590418,0.193678,0.127233,0.0986742,0.1391842,0.3226578,0.2900178,0.0429123,0.149004,0.0971562,0.1453802,0.3220034,0.2735216,0.1723104,0.1480138,0.1060836,0.1434086,0.3247488,0.327404,0.2097096,0.147741,0.1059082,0.1269998,0.3251008,0.2764518,0.1416777,0.1492614,0.0907188,0.125086,0.330734,0.3739764,0.2119605,0.1520496,0.0870224,0.1403884,0.324629,0.328159,0.2056922,0.0847275,0.1028556,0.1152006,0.312928,0.3435084,0.1176694,0.1512858,0.100191,0.0801906,0.324723,0.285308,0.1687198,0.1482952,0.1010108,0.1382026,0.1898198,0.3160768,0.1245977,0.1517818,0.1032512,0.144933,0.3238758,0.313394,0.302869,0.0779534,0.149289,0.0937764,0.1182166,0.3236798
0.3316278,0.2154272,0.1439736,0.074969,0.1463454,0.3266196,0.3078628,0.1940642,0.1473752,0.102666,0.1470404,0.324144,0.3106878,0.2135072,0.1237974,0.0898066,0.1107584,0.327284,0.3442894,0.207253,0.1287814,0.0928988,0.1483526,0.3252682,0.3558166,0.256443,0.1487368,0.104038,0.1313406,0.3231886,0.2922422,0.204738,0.143681,0.1047596,0.1132414,0.3221694,0.3334664,0.2170344,0.15328,0.1042742,0.107733,0.328574,0.3058388,0.1262604,0.151283,0.1025598,0.1202044,0.3282038,0.32172,0.206062,0.117989,0.1045002,0.1495552,0.3188596,0.320246,0.180084,0.1492498,0.0361308,0.1287346,0.3292986,0.2916898,0.1684442,0.150842,0.1016652,0.1258622,0.326625,0.3532718,0.192368,0.2415428,0.151459,0.1057162,0.1339478,0.321778,0.3296552,0.2082684,0.1457522,0.087464,0.1368778,0.3235148,0.3062302,0.2199528,0.1286986,0.1002666,0.1170516,0.323979,0.2909262,0.183746,0.1423162,0.1044752,0.1164734,0.3236148,0.3199304,0.1632648,0.1468426,0.0870254,0.1364434,0.3221832,0.305718,0.0446193,0.013975,0.1064218,0.1361414,0.3216014,0.3124452,0.1763088,0.1434528,0.0598018,0.12892,0.3222338,0.333541,0.1974686,0.1328242,0.0932572,0.1162838,0.3252006,0.3630168,0.1953464,0.1259082,0.0971394,0.1377672,0.3238486,0.2858946,0.0914708,0.1482312,0.0959518,0.1474926,0.3210936,0.2757562,0.179146,-0.0154394,0.1056094,0.1422834,0.324938,0.331681,0.208803,0.1500054,0.105419,0.1274714,0.3222866,0.2946762,0.1423061,0.149497,0.090223,0.1261754,0.3321158,0.3699668,0.2093779,0.1530468,0.0866042,0.1402086,0.3254764,0.3282764,0.2064578,0.1134108,0.1047844,0.113935,0.3143738,0.3436774,0.163842,0.1510078,0.0984998,0.0808304,0.3260822,0.1554147,0.1668388,0.1496814,0.1014006,0.1399216,0.2648892,0.3144794,0.1228699,0.1507914,0.1028876,0.1457202,0.3255918,0.3130262,0.3017304,0.1554783,0.1496604,0.094179,0.1192878,0.3255836
0.3337834,0.215262,0.1441482,0.0756944,0.1457544,0.3260492,0.3139808,0.1930702,0.1476474,0.1025922,0.1474258,0.3232182,0.3086566,0.2092044,0.1312902,0.0886284,0.1118952,0.328439,0.3401558,0.2044556,0.1326346,0.093753,0.1483804,0.3173638,0.355001,0.2671794,0.1495934,0.1033576,0.1358508,0.3248934,0.2945012,0.206902,0.1425786,0.1055802,0.116727,0.3240638,0.334023,0.217955,0.152319,0.104844,0.1031914,0.3249352,0.3065744,0.139166,0.1507608,0.1038628,0.1216,0.3307226,0.3213724,0.2039896,0.1288181,0.1033738,0.1485528,0.324094,0.3195238,0.1796386,0.1496242,0.0503192,0.1319356,0.3253916,0.289766,0.1790594,0.1503196,0.102109,0.1287204,0.3259238,0.3508418,0.1909936,0.2436102,0.1516606,0.1069222,0.1363942,0.3217944,0.329486,0.0518444,0.144633,0.0870992,0.136567,0.3214718,0.305118,0.223927,0.1344578,0.1015842,0.1172478,0.323521,0.289263,0.1849922,0.146547,0.1038482,0.1190206,0.3241734,0.319275,0.1765528,0.1478478,0.0855498,0.1360602,0.319938,0.3024906,0.071549,0.0636462,0.1064122,0.1357582,0.3246478,0.3123662,0.1795442,0.1461174,0.0644216,0.1305296,0.3224752,0.345218,0.1947718,0.1328092,0.0931414,0.1141382,0.327725,0.3626512,0.1951644,0.12593,0.0972092,0.1403232,0.3229744,0.2884728,0.120522,0.149077,0.0976702,0.1466254,0.3224288,0.27522,0.1822916,0.033466,0.1045602,0.1423056,0.3242262,0.331412,0.2093224,0.1481106,0.1060236,0.1240874,0.3285126,0.300082,0.1386267,0.1489864,0.0906196,0.1270302,0.3301136,0.3696112,0.2075711,0.153009,0.0875932,0.1378852,0.3232614,0.328694,0.2069422,0.1132004,0.1046978,0.1118956,0.3157484,0.343069,0.1756099,0.1491022,0.0990248,0.0823676,0.3254098,0.1819066,0.171283,0.1503654,0.105365,0.1389488,0.2829174,0.3175278,0.1397499,0.1499906,0.1038806,0.1466378,0.3228702,0.3131148,0.3040066,0.1611003,0.149539,0.0933698,0.1185996,0.3231772
0.3326694,0.2129028,0.1435364,0.0770598,0.144463,0.3254408,0.313871,0.1972934,0.1480822,0.1028276,0.1478058,0.3243988,0.3071378,0.211432,0.1313594,0.0901086,0.113935,0.326924,0.3370502,0.2052972,0.1342106,0.0937554,0.145676,0.3193834,0.354202,0.2655044,0.1468216,0.1013754,0.1358308,0.3273176,0.2961866,0.2068752,0.1434164,0.1045722,0.116204,0.3223814,0.3303888,0.2159302,0.1535942,0.1048386,0.1001468,0.323084,0.301905,0.1473276,0.1507066,0.1031582,0.1214008,0.3277514,0.3227708,0.2014616,0.1380557,0.1047538,0.148674,0.326499,0.316517,0.1751152,0.1485214,0.077431,0.1294272,0.325006,0.293508,0.178364,0.1498616,0.1024536,0.1294132,0.322205,0.3479272,0.1927396,0.2445328,0.150054,0.1069726,0.1353532,0.3254002,0.3305522,0.0619826,0.1449834,0.086925,0.1390676,0.3221666,0.3048264,0.2239472,0.1417788,0.1008582,0.1205304,0.322607,0.1940219,0.1981676,0.1467756,0.103777,0.1186496,0.3268122,0.3178472,0.1765904,0.1492242,0.1026814,0.135869,0.3171404,0.3056696,0.1104952,0.0826114,0.1066578,0.1370684,0.3250168,0.3121534,0.184473,0.1479018,0.0642322,0.1302896,0.3242858,0.3455218,0.1956492,0.1326462,0.091949,0.1140826,0.3223746,0.3598416,0.1950652,0.1290068,0.098343,0.1402192,0.3227742,0.2870742,0.1322909,0.1510096,0.0970756,0.148703,0.323786,0.2762486,0.1898626,0.0504246,0.1042218,0.1423094,0.3262072,0.3277184,0.2065706,0.148762,0.1038544,0.125771,0.3269252,0.3011366,0.1628026,0.1504848,0.0900076,0.1255278,0.3279024,0.3709084,0.2092321,0.1530744,0.087945,0.1414132,0.3255178,0.3245932,0.2056808,0.1439038,0.105116,0.1112544,0.3141454,0.3404496,0.1836843,0.1506396,0.0973772,0.0883768,0.31789,0.2272297,0.1968044,0.1494944,0.1053332,0.1392466,0.325891,0.3174568,0.1358172,0.1498566,0.1043408,0.148085,0.3194264,0.3116996,0.3040626,0.1833963,0.1484506,0.0945596,0.116934,0.3229686
0.3335018,0.2132112,0.1428708,0.0795674,0.145522,0.3226458,0.3148208,0.200909,0.1487054,0.1033276,0.1467564,0.3224684,0.3060552,0.212969,0.147524,0.0910056,0.1137884,0.3266316,0.334968,0.2047046,0.145598,0.0943464,0.146038,0.3201584,0.3527584,0.2654912,0.1479802,0.102099,0.134812,0.327478,0.2937696,0.2062428,0.1416966,0.1042372,0.1146212,0.3255802,0.3285254,0.2154112,0.0930633,0.1041916,0.1025014,0.3232758,0.3041434,0.1429706,0.149527,0.1052066,0.1197794,0.3284928,0.3221338,0.1989138,0.1394773,0.1050452,0.149892,0.3250958,0.3155392,0.1776042,0.086367,0.0808112,0.128252,0.3255646,0.2898624,0.1774894,0.1499762,0.1016822,0.1311234,0.3237816,0.3469602,0.1916352,0.2426036,0.1495788,0.1073602,0.1364208,0.325497,0.3297282,0.0658447,0.145793,0.0877572,0.1392446,0.3214584,0.3062224,0.2213186,0.1414604,0.1005972,0.1209086,0.3246548,0.2013372,0.2037706,0.1470226,0.1051252,0.117243,0.3235172,0.3182174,0.1775956,0.1498122,0.1014608,0.1356428,0.3231534,0.3059584,0.1220707,0.0860694,0.107198,0.1367786,0.3250298,0.312548,0.1817312,0.148123,0.0765854,0.1253048,0.3258236,0.3447798,0.1920652,0.1327308,0.100143,0.115651,0.3259564,0.3642786,0.1973536,0.1282534,0.0991092,0.141481,0.3211918,0.2866258,0.1509245,0.148927,0.098082,0.1523038,0.230082,0.274844,0.1840568,0.0786804,0.1049048,0.143188,0.3248068,0.3286158,0.2029574,0.1473794,0.1050428,0.124367,0.3277424,0.3013976,0.1646054,0.1488242,0.0908416,0.1294852,0.3256264,0.3728194,0.2204228,0.061677,0.0841216,0.1422332,0.3266146,0.3283786,0.2027844,0.14526,0.1037374,0.1159822,0.3155494,0.3391348,0.2001214,0.149105,0.1043346,0.0848356,0.324363,0.2475407,0.2161754,0.1479404,0.1056678,0.1402962,0.3232084,0.3177786,0.1492132,0.1498808,0.1032098,0.146426,0.3220098,0.3100872,0.3029924,0.2058531,0.1497976,0.0947938,0.1187042,0.3245404
0.3335592,0.2121316,0.143254,0.0812994,0.1470728,0.3240474,0.3150194,0.200326,0.1467408,0.1032938,0.1480092,0.2745992,0.3072984,0.2165882,0.148387,0.0914636,0.1156006,0.3243334,0.3335218,0.2067416,0.1436774,0.0946374,0.1474884,0.3188566,0.3520308,0.2654294,0.1467264,0.0556976,0.1330512,0.3258698,0.293481,0.2039008,0.1419868,0.1041932,0.1198776,0.3213374,0.3308148,0.2184962,0.1139075,0.103637,0.102059,0.327841,0.3012072,0.1648268,0.1500772,0.1050048,0.1184992,0.3261788,0.3225008,0.1979154,0.1398519,0.10577,0.1478852,0.3289498,0.3140472,0.179263,0.1212556,0.0869154,0.129475,0.3320236,0.2864536,0.179766,0.1492856,0.1006674,0.131197,0.3260944,0.3519634,0.18969,0.2434768,0.148664,0.1059412,0.1384136,0.3297332,0.2219193,0.0808407,0.145504,0.08812,0.1401664,0.326061,0.3033416,0.220107,0.1409534,0.102111,0.124349,0.3239926,0.2493875,0.204055,0.1495618,0.1043252,0.1191858,0.3260696,0.3176586,0.173704,0.1472664,0.1022492,0.1340406,0.326134,0.307854,0.1200709,0.0876636,0.106796,0.1343434,0.3284332,0.3115266,0.194588,0.150313,0.0785574,0.1251048,0.3268108,0.3459646,0.190646,0.13215,0.1015452,0.1228202,0.3293694,0.3653238,0.1963204,0.1299288,0.098903,0.1430804,0.3198764,0.2872738,0.16193,0.1502274,0.0966932,0.1480334,0.286378,0.2740538,0.1915206,0.0957898,0.104061,0.1433154,0.3238784,0.3286676,0.2022968,0.1481888,0.105586,0.1241818,0.3240918,0.3051066,0.1629682,0.1467186,-0.0189184,0.126805,0.3300316,0.3725998,0.2209726,0.0944662,0.0842614,0.1392246,0.3275422,0.3318154,0.2046764,0.14726,0.1037282,0.1197908,0.3149302,0.3406154,0.2037084,0.1507912,0.1041974,0.087332,0.328253,0.2492111,0.2169886,0.1499886,0.104986,0.138575,0.3227512,0.2035388,0.1475229,0.1484254,0.1029828,0.1504226,0.3231552,0.3055268,0.3012816,0.2139995,0.149425,0.0951632,0.123604,0.3263982
0.3334226,0.213841,0.1413832,0.0969792,0.1467634,0.326701,0.3155006,0.2055128,0.1446328,0.1039262,0.1467374,0.2921024,0.307849,0.2194138,0.1476886,0.0904626,0.1141862,0.3255974,0.3321368,0.2072064,0.1430532,0.0940758,0.1476122,0.3263256,0.34723,0.2626206,0.147331,0.0824851,0.1325322,0.326698,0.295102,0.2061938,0.1431364,0.103208,0.1210028,0.3243996,0.3284954,0.2173352,0.1436954,0.1036666,0.0994422,0.3249956,0.3049006,0.1662424,0.1495142,0.104297,0.121488,0.2489809,0.3201556,0.1993836,0.1384058,0.1051886,0.147986,0.3255384,0.1133323,0.1786602,0.1296276,0.0874172,0.1325572,0.3305786,0.2872318,0.1794648,0.149022,0.1031484,0.1310934,0.3274602,0.3531846,0.1860006,0.245122,0.1499324,0.105943,0.1384042,0.3312766,0.248637,0.1024105,0.0349863,0.0877082,0.1396038,0.327343,0.3002416,0.2146138,0.1415796,0.1026046,0.124035,0.3259024,0.2896059,0.2080762,0.1480794,0.1047474,0.1189466,0.326443,0.3141446,0.17904,0.147126,0.1033692,0.133205,0.3258458,0.3070246,0.1293183,0.0874034,0.0196856,0.1331566,0.3252992,0.3103716,0.1963448,0.1507438,0.0759276,0.1277534,0.324238,0.3452378,0.189106,0.1307532,0.1015688,0.1217228,0.3281854,0.3641086,0.195943,0.1276414,0.098488,0.1405986,0.3222472,0.2905656,0.1570187,0.146802,0.0970434,0.1469068,0.2979918,0.2722964,0.191899,0.1159396,0.1032004,0.1428006,0.324536,0.327363,0.0372169,0.1474856,0.1052636,0.1261812,0.3256794,0.303136,0.1622984,0.1471724,0.0523976,0.1274866,0.3255374,0.371533,0.2233824,0.1161712,0.0847982,0.1424336,0.3237546,0.3308168,0.204112,0.1463038,0.103884,0.1209194,0.3180576,0.3419352,0.2066354,0.1528124,0.1051504,0.0811296,0.3244278,0.2539089,0.2182254,0.1487968,0.1066844,0.139605,0.3257722,0.2209236,0.1604589,0.1501894,0.1029038,0.1457444,0.3219844,0.3025954,0.3015532,0.2138225,0.1484256,0.0945986,0.1239308,0.3241106
0.3320704,0.2110176,0.1425666,0.0948452,0.1485068,0.3272608,0.3146472,0.203599,0.0510612,0.1043788,0.1456332,0.32212,0.3080858,0.2233024,0.1476106,0.091444,0.1188302,0.324532,0.3370362,0.2101972,0.1425532,0.094339,0.1469486,0.328828,0.3512312,0.2611356,0.1498044,0.0963592,0.1329498,0.3294476,0.292236,0.2045658,0.1464274,0.1055316,0.1210784,0.2603641,0.3313994,0.2142786,0.1471668,0.1041968,0.1018266,0.3246276,0.3090532,0.1692354,0.148344,0.1045168,0.1236134,0.302075,0.3271208,0.1998324,0.141993,0.1049988,0.1469778,0.322714,0.1774895,0.1779502,0.1285828,0.0867784,0.1328118,0.3292502,0.2865374,0.1793774,0.1504548,0.103613,0.1295656,0.3240898,0.3495794,0.197955,0.246015,0.1499528,0.1056364,0.138226,0.3284266,0.2623384,0.1056504,0.0899178,0.0855332,0.1393102,0.3267584,0.2982264,0.2130934,0.1424112,0.1021302,0.1211622,0.3269992,0.2888104,0.207585,0.1485636,0.104809,0.1190974,0.326275,0.3154842,0.1939316,0.1470462,0.103782,0.1369736,0.3277638,0.3077804,0.1596131,0.087643,0.0457868,0.1323398,0.3242276,0.3099406,0.1967846,0.1485654,0.0745596,0.1274642,0.3218876,0.3415898,0.1897236,0.1307798,0.1017518,0.1212904,0.3304008,0.3598852,0.1958176,0.1277766,0.098153,0.1425778,0.3234236,0.1613881,0.1592711,0.147632,0.0965454,0.1498612,0.3200544,0.2697356,0.189541,0.119435,0.104666,0.1406022,0.3226252,0.327727,0.0741336,0.1482512,0.1049674,0.1287372,0.323331,0.3198458,0.1859392,0.1464256,0.072129,0.1297431,0.3265962,0.367948,0.2278344,0.1262196,0.0842606,0.1400578,0.3232598,0.3297412,0.2015352,0.1456614,0.1044444,0.1174564,0.3143806,0.3385778,0.2150158,0.1505802,0.1047256,0.082472,0.3270092,0.2807533,0.2188006,0.1495604,0.1054476,0.140162,0.322362,0.2214762,0.1629546,0.1519894,0.1025096,0.1486368,0.3212888,0.3037956,0.3004616,0.2170492,0.148375,0.0949674,0.123832,0.323007
0.3323482,0.2097588,0.141666,0.0959122,0.1488416,0.321487,0.313148,0.2069622,0.1052606,0.1044218,0.1463698,0.3246746,0.1463075,0.2230612,0.1474012,0.090815,0.1158072,0.3254798,0.3335206,0.2066238,0.142946,0.0949222,0.147662,0.3255654,0.348178,0.260476,0.149088,0.0991188,0.1334106,0.3299466,0.2929582,0.2045392,0.1467348,0.105993,0.125946,0.2839924,0.309382,0.214093,0.1483354,0.1042714,0.106225,0.3257578,0.3083428,0.1700086,0.1469766,0.1036828,0.1246312,0.3185744,0.3225874,0.198473,0.143568,0.1043262,0.1473834,0.3225858,0.2493916,0.1773062,0.1293112,0.0862952,0.1332176,0.3286108,0.2864752,0.180452,0.1504872,0.1030654,0.1301346,0.3243184,0.3523528,0.1970482,0.2443336,0.1504822,0.104065,0.1390906,0.327182,0.2665278,0.1535434,0.1271696,0.0869718,0.1387436,0.3271254,0.29867,0.213964,0.1457498,0.1027784,0.1212762,0.3281126,0.2925658,0.206311,0.1493146,0.1053438,0.118535,0.3271502,0.3161878,0.1914454,0.0692672,0.1058666,0.1367344,0.3277154,0.3060196,0.1573239,0.092381,0.0805032,0.1313262,0.3254774,0.3095518,0.1971906,0.1490602,0.0756482,0.1267502,0.3265932,0.3377494,0.1891178,0.12739,0.1008512,0.1221056,0.328245,0.3605528,0.1964942,0.1280898,0.0974174,0.1431626,0.3195416,0.1855451,0.1577356,0.1470368,0.0960106,0.1483084,0.3232622,0.2695846,0.187685,0.11991,0.1055346,0.1390484,0.3245496,0.324836,0.1038386,0.1496756,0.104697,0.1282012,0.3248338,0.3154254,0.1825206,0.062486,0.0884614,0.1306565,0.325091,0.3677172,0.2290254,0.1384028,0.084002,0.1405532,0.3268842,0.32887,0.2002338,0.1477132,0.1038694,0.1186384,0.3134052,0.3408684,0.2151816,0.1495878,0.1060708,0.081492,0.3243382,0.2864713,0.2189954,0.149805,0.1056928,0.137742,0.3233618,0.2336926,0.169745,0.1501304,0.1023026,0.1467636,0.324681,0.309132,0.299244,0.2281576,0.1481202,0.0977912,0.1246926,0.3237544
0.336673,0.2071732,0.1425214,0.0965384,0.1484888,0.3257892,0.312721,0.2066982,0.1223337,0.1038578,0.1489016,0.3220406,0.1957414,0.2213334,0.1477766,0.0893326,0.1147384,0.3254798,0.3348472,0.2085494,0.1423684,0.093008,0.1511884,0.3237062,0.3504738,0.2586816,0.149178,0.098602,0.1325414,0.329062,0.2917424,0.2054748,0.1471826,0.1052454,0.125509,0.3068366,0.3373862,0.213293,0.1483214,0.1044458,0.1025036,0.3284372,0.3091576,0.1737958,0.1485646,0.1050932,0.1234526,0.3253918,0.3191712,0.196304,0.1432816,0.103443,0.149074,0.3257594,0.288083,0.175477,0.1333208,0.0863716,0.1315562,0.3244722,0.2828088,0.1818038,0.1492656,0.1019174,0.1304338,0.3225162,0.356606,0.1939314,0.2408406,0.149745,0.1052806,0.139358,0.3308802,0.2925288,0.1584446,0.1332224,0.089125,0.136933,0.3287662,0.2968886,0.2100648,0.1448396,0.1030162,0.123259,0.3242304,0.2976978,0.2046812,0.1493102,0.105477,0.1179002,0.3228486,0.3173624,0.1925004,0.1084105,0.105375,0.1370774,0.3276502,0.306736,0.1565793,0.0917432,0.0798566,0.1321764,0.3260822,0.3092374,0.2082186,0.1454388,0.075755,0.1293208,0.3247694,0.3408254,0.1881668,0.12939,0.1005696,0.1227954,0.3317836,0.354741,0.1953554,0.1297184,0.0965566,0.1435354,0.3230212,0.1973772,0.1586604,0.1464926,0.0928916,0.1514064,0.3221158,0.2672212,0.189328,0.1207462,0.1053288,0.143817,0.3279458,0.323773,0.1344208,0.1479514,0.0053224,0.1310118,0.3273172,0.3127736,0.1817136,0.0925108,0.0891686,0.1344612,0.32492,0.3721738,0.2296408,0.1370702,0.0835724,0.1409902,0.3246464,0.3289542,0.1986482,0.1478816,0.1045138,0.118672,0.3157676,0.3425226,0.214256,0.149752,0.1059,0.0780724,0.31968,0.2951308,0.219825,0.0805282,0.1036424,0.1397052,0.3228704,0.2740256,0.1737098,0.0445288,0.10191,0.1487298,0.327503,0.1511674,0.2949456,0.2273056,0.148977,0.0965746,0.1197714,0.3243114
0.3365912,0.2079314,0.1426596,0.0970108,0.147706,0.3271616,0.30908,0.21246,0.1335689,0.1040146,0.1474868,0.3203384,0.2485451,0.222622,0.148196,0.0886952,0.1121092,0.3297094,0.3335902,0.2075676,0.1443794,0.094353,0.1499004,0.3237836,0.3514082,0.2583296,0.1503482,0.0984002,0.1359026,0.3290106,0.2911864,0.2029862,0.1481712,0.105723,0.123809,0.3084052,0.346946,0.2115946,0.1491462,0.1045178,0.1041228,0.3258152,0.3092966,0.1809506,0.1499632,0.105745,0.125681,0.3306954,0.3206078,0.19814,0.1429334,0.1036532,0.1484336,0.3264638,0.3123326,0.1802376,0.1395178,0.0834336,0.1336386,0.327907,0.284226,0.1801122,0.1497658,0.1024222,0.1294958,0.318547,0.3545272,0.1920244,0.2417648,0.1510684,0.1046398,0.1402214,0.329586,0.3215236,0.1826116,0.1361506,0.089186,0.1371792,0.3276988,0.292576,0.2097644,0.1460182,0.103063,0.1260244,0.3272632,0.2991234,0.2055802,0.1485308,0.106041,0.1232202,0.2594799,0.3194198,0.1920914,0.1159734,0.1055124,0.1368222,0.3298644,0.3070078,0.1769385,0.0938154,0.0799118,0.1314634,0.3237382,0.3098802,0.2110738,0.1473544,0.0724864,0.1297748,0.325357,0.3402066,0.1827468,0.1281014,0.1009886,0.121703,0.3296134,0.3575998,0.1951286,0.1320354,0.0967028,0.1415856,0.3213828,0.2094562,0.1567488,0.1473872,0.0919642,0.1493444,0.3247446,0.1053825,0.1884228,0.1207004,0.1056166,0.145913,0.326737,0.321929,0.1523214,0.1482686,0.0584538,0.1311838,0.3255002,0.3102466,0.1812244,0.0921608,0.091957,0.1347956,0.3206184,0.3716238,0.2262466,0.1377318,0.0836838,0.140305,0.3226266,0.327435,0.198113,0.1497858,0.104149,0.1155486,0.314493,0.3447918,0.2150646,0.1481088,0.1045688,0.0741356,0.3242172,0.3010692,0.2191904,0.1397672,0.1045126,0.1394754,0.3206258,0.3074688,0.1714468,0.1118662,0.102599,0.148115,0.3250172,0.2124492,0.2953108,0.2302304,0.148962,0.0968478,0.1205886,0.3247894
0.3340294,0.2064726,0.1427452,0.0968082,0.1486466,0.3286592,0.3062086,0.2220872,0.1368284,0.1037926,0.1470918,0.3233108,0.3010324,0.2253708,0.1476044,0.0881254,0.11161,0.3291214,0.3347172,0.2074964,0.143312,0.0937602,0.1494424,0.3248322,0.350295,0.2566202,0.1515264,0.0989088,0.1380542,0.3281438,0.2929688,0.201995,0.1479302,0.1068288,0.123977,0.3112313,0.3491476,0.210932,0.148065,0.1063,0.1031958,0.3251562,0.3050324,0.1982796,0.151623,0.104814,0.1259576,0.3299112,0.3221008,0.0637421,0.1446202,0.1032474,0.1495554,0.3285936,0.3241412,0.188051,0.1393512,0.0813998,0.1336412,0.329441,0.2847322,0.1771686,0.1499844,0.1030826,0.1266288,0.3177384,0.3550202,0.19138,0.2385026,0.1494644,0.1050274,0.1376266,0.3291964,0.3239218,0.1842828,0.1383322,0.0902796,0.1372456,0.3240288,0.2908366,0.2112672,0.1466268,0.103525,0.126174,0.3295868,0.3066483,0.207288,0.1489768,0.1038898,0.1242088,0.2853947,0.317957,0.1924894,0.1153936,0.105199,0.1338076,0.3285456,0.305471,0.1746199,0.095016,0.0790328,0.1296726,0.3254164,0.3090528,0.2100192,0.1480848,0.0723986,0.1294068,0.324133,0.3372332,0.1793562,0.130716,0.1013414,0.1189054,0.327861,0.3607654,0.2047884,0.1329158,0.1060576,0.1425554,0.3240854,0.2221549,0.15852,0.1462788,0.0906158,0.1483084,0.3237746,0.118833,0.1902034,0.123258,0.1056144,0.1460496,0.3242474,0.3198048,0.1709938,0.1494138,0.0652338,0.1308966,0.3222964,0.3135188,0.182632,0.1021342,0.093648,0.1332322,0.3260284,0.3684278,0.2267564,0.1534974,0.083642,0.1414596,0.323224,0.3303986,0.198246,0.1499002,0.1033768,0.1171492,0.3090842,0.3441602,0.216841,0.148631,0.104644,0.0838086,0.3297414,0.3055414,0.2181848,0.1397692,0.105211,0.1405478,0.3294098,0.3079434,0.1703808,0.1308974,0.104338,0.1486196,0.3239676,0.2311864,0.2960426,0.2315012,0.1487892,0.097113,0.1192914,0.3262162
0.3352362,0.206121,0.144914,0.0973768,0.1477904,0.3322332,0.3064876,0.2225688,0.1402784,0.1028518,0.1471132,0.3209304,0.3023218,0.223469,0.146883,0.0885824,0.1132158,0.3270532,0.3327962,0.208445,0.1462268,0.0943996,0.1484432,0.3229854,0.3461528,0.254738,0.1493922,0.098019,0.13627,0.3249748,0.2945164,0.2052974,0.146334,0.1059382,0.1252202,0.316231,0.3485126,0.2104006,0.1515114,0.1052128,0.1051976,0.3222976,0.3039556,0.2003168,0.1515978,0.1051148,0.1264802,0.3302764,0.3190178,0.0839953,0.143486,0.1037792,0.1456958,0.3244322,0.3240076,0.1895816,0.1385696,0.0810248,0.133137,0.3249636,0.2866068,0.1760568,0.1487734,0.103504,0.1291626,0.3223714,0.3500128,0.2013882,0.2400186,0.1484962,0.104963,0.137223,0.3266864,0.3432128,0.196036,0.1396568,0.0904242,0.1384822,0.3213866,0.2909932,0.2108298,0.1464526,0.1038432,0.1235314,0.3265672,0.3103712,0.2072118,0.1491546,0.1059058,0.1212504,0.3054351,0.3158154,0.193566,0.1170518,0.1056858,0.1371154,0.328062,0.3039138,0.1860643,0.1017246,0.0776898,0.1254204,0.3259874,0.3076944,0.2100174,0.1485176,0.0699494,0.1257746,0.3230738,0.3372804,0.1822702,0.1300356,0.102742,0.1222446,0.325565,0.3594208,0.204519,0.1322968,0.105982,0.1410278,0.3253096,0.227774,0.1625128,0.1487856,0.0938136,0.148205,0.322599,0.1507033,0.1915016,0.1381706,0.1057492,0.1440866,0.3243374,0.3179146,0.1713132,0.1475366,0.0850044,0.1283012,0.329085,0.3108512,0.1836142,0.110276,0.0938788,0.1299984,0.326754,0.3703696,0.2267604,0.1541734,0.0815416,0.1428958,0.3251252,0.3280224,0.1982062,0.1504226,0.1031996,0.1156424,0.310678,0.3379576,0.2156896,0.149455,0.1056568,0.080419,0.3300954,0.306801,0.2155028,0.144795,0.02068,0.141427,0.3240822,0.3235966,0.1664174,0.137399,0.1027898,0.147659,0.3243058,0.2363568,0.2986556,0.2312526,0.1473636,0.0959406,0.1241998,0.3263522
0.3329828,0.2082108,0.146146,0.0977772,0.1478224,0.3253494,0.306692,0.2228678,0.1407242,0.103109,0.1491594,0.3241524,0.3219964,0.2221144,0.1479814,0.0882336,0.1150184,0.3246902,0.3317436,0.2050412,0.1444636,-0.0160768,0.1501232,0.3246176,0.347062,0.2536634,0.1489642,0.099784,0.1350786,0.3234122,0.2928742,0.2035076,0.1459248,0.1055366,0.1257136,0.3225466,0.3536534,0.2105854,0.152057,0.1048828,0.1078712,0.326171,0.3060734,0.199214,0.151389,0.1057794,0.1274062,0.330912,0.3157994,0.1012661,0.1449558,0.1052396,0.1474656,0.3252618,0.3238362,0.1906466,0.1378582,0.0810322,0.1369254,0.328512,0.287587,0.1762456,0.1492718,0.101929,0.1293518,0.3257074,0.3506274,0.202344,0.2423168,0.149774,0.1049672,0.1352174,0.3293036,0.345356,0.2050476,0.1482036,0.0905678,0.1360356,0.3232814,0.2947138,0.2141462,0.147525,0.1050632,0.1278006,0.3254944,0.3090914,0.2067437,0.149479,0.1063908,0.1246722,0.3184104,0.3150092,0.1936768,0.114735,0.1054242,0.135865,0.3261952,0.3041784,0.2011982,0.101277,0.0799766,0.1252546,0.3248448,0.3070716,0.2089284,0.1482482,0.0675982,0.1270352,0.3237442,0.3359816,0.1812886,0.132645,0.1032616,0.1188464,0.3227338,0.359292,0.2025894,0.1320514,0.1062074,0.142363,0.3265794,0.2562086,0.165764,0.1484234,0.0934942,0.1484546,0.3258032,0.175635,0.191666,0.152057,0.1066824,0.1441472,0.3245754,0.3211962,0.1789164,0.1454124,0.0849472,0.1260298,0.3269978,0.3120144,0.1843912,0.1190384,0.0930074,0.1309622,0.3264306,0.3739622,0.226675,0.1543206,0.082269,0.1425532,0.3209498,0.3307062,0.198551,0.1509226,0.1037356,0.1156998,0.313618,0.3420322,0.2152712,0.1498522,0.10662,0.079889,0.3257416,0.3101236,0.2151522,0.1472704,0.0421984,0.1422412,0.3230502,0.3246278,0.1659906,0.1398418,0.1040458,0.1464588,0.3259264,0.2658408,0.2948446,0.2327474,0.1483476,0.0984256,0.1223216,0.3288408
0.3313878,0.207336,0.1460374,0.097255,0.1452064,0.32686,0.303675,0.2302462,0.139155,0.1022794,0.1476046,0.3252972,0.3284848,0.2202986,0.1487964,0.089427,0.1135112,0.3282054,0.3316264,0.206252,0.146008,3.13e-05,0.1479164,0.3244954,0.3444342,0.253565,0.1516262,0.098501,0.1352952,0.3291158,0.291568,0.2043368,0.1481906,0.1057908,0.126867,0.3250304,0.3596372,0.2130292,0.1504372,0.1050184,0.1084558,0.3215152,0.3036014,0.198413,0.1528472,0.105781,0.1263082,0.3266882,0.3150172,0.135199,0.1451266,0.1053642,0.1459738,0.3261254,0.3400994,0.1908524,0.1378136,0.0751898,0.1351036,0.328925,0.1680512,0.1761772,0.1490032,0.1021982,0.1298684,0.3261078,0.346896,0.200594,0.2425078,0.1505402,0.1053686,0.1372648,0.3312576,0.3605478,0.2046646,0.1478874,0.061915,0.135953,0.3256612,0.29583,0.2145498,0.1453706,0.1042364,0.128126,0.326426,0.3129686,0.2045271,0.1479754,0.1066524,0.1227418,0.3233674,0.3162628,0.1930272,0.1117926,0.1056092,0.134609,0.3303802,0.3012722,0.2022244,0.0994862,0.0789922,0.129364,0.3253344,0.3066024,0.211378,0.150111,0.0644504,0.126324,0.3261572,0.3365556,0.1820824,0.1325312,0.1038548,0.1199628,0.327516,0.3638224,0.203486,0.133286,0.1063136,0.1404966,0.3218312,0.2898196,0.1661312,0.044177,0.09623,0.1480464,0.3265906,0.1889918,0.1860622,0.1512208,0.1059952,0.143045,0.3289542,0.323067,0.177849,0.1458402,0.0849066,0.1258208,0.3289992,0.3113858,0.185396,0.1202472,0.093186,0.1353146,0.3241092,0.3735304,0.2258202,0.1541132,0.0829036,0.1372972,0.3251686,0.3292448,0.1984284,0.150852,0.10285,0.1128376,0.3130776,0.3399478,0.2123664,0.149218,0.1062256,0.0833076,0.3220066,0.3111038,0.2142012,0.1489488,0.0478314,0.1429246,0.3255522,0.3235672,0.1638858,0.1486432,0.1055522,0.145769,0.3242788,0.2779242,0.2980728,0.2323232,0.1465414,0.09889,0.1205758,0.327631
0.3299202,0.206019,0.1426986,0.0965228,0.1438162,0.3291642,0.3043704,0.2270124,0.1390414,0.1012978,0.1481602,0.323336,0.3303216,0.218522,0.14835,0.0908252,0.1137106,0.3259932,0.3299076,0.2037342,0.1448216,0.0457738,0.1491342,0.3210186,0.3485416,0.2537248,0.1497682,0.099082,0.137191,0.3277672,0.2922924,0.203733,0.1473758,0.1062528,0.1313124,0.3265294,0.359696,0.2127874,0.1496546,0.1058296,0.1104774,0.3226242,0.3042706,0.1976608,0.150849,0.1053508,0.1271014,0.3256688,0.3135052,0.149533,0.1435586,0.1058092,0.1484946,0.3255508,0.340148,0.187839,0.139752,0.0701332,0.1345692,0.3302934,0.2201274,0.1757394,0.1510574,0.1020568,0.1311064,0.3263668,0.3498062,0.1990028,0.241259,0.06957,0.1056912,0.1404392,0.3282358,0.3581784,0.2021353,0.1491102,0.0976934,0.1361096,0.3248958,0.2946424,0.2149174,0.1456024,0.1054882,0.1282472,0.3258046,0.313643,0.2057685,0.1487868,0.1071578,0.121063,0.327044,0.3168476,0.1920894,0.105275,0.105629,0.1324712,0.326385,0.2986746,0.2054532,0.0992516,0.0770352,0.127826,0.3266056,0.3036156,0.2110492,0.149587,0.0668742,0.128403,0.3229192,0.3355106,0.1815644,0.1326394,0.1023722,0.1196584,0.3269294,0.3597564,0.2031906,0.1313592,0.1067412,0.1412132,0.321228,0.2946733,0.1651484,0.0825992,0.095493,0.148248,0.3265146,0.2479526,0.189402,0.1514724,-0.0384412,0.141951,0.3261732,0.3234044,0.1913598,0.1473946,0.083055,0.1303868,0.32781,0.3095218,0.2043334,0.1208204,0.0931714,0.1338818,0.3295668,0.3718834,0.2254756,0.1531042,0.0203778,0.1391686,0.3263692,0.3274868,0.197185,0.1490196,0.1033438,0.1183154,0.3125834,0.342864,0.2123984,0.1491078,0.1057736,0.0810744,0.3258888,0.3113614,0.2148632,0.149019,0.0657508,0.1429358,0.327432,0.3274614,0.1634372,0.1471274,0.1045448,0.1456732,0.3238792,0.2907598,0.297672,0.2333374,0.1464744,0.0985866,0.1244882,0.3275122
0.328667,0.2063224,0.1407478,0.0973694,0.1473442,0.3266446,0.3046952,0.2258482,0.1402766,0.1020866,0.147241,0.324097,0.3309526,0.2174902,0.1494582,0.0886528,0.1107108,0.3255446,0.331763,0.2032386,0.144387,0.0466706,0.1482948,0.3244014,0.3462706,0.0714349,0.1486302,0.100364,0.1349874,0.3282002,0.292217,0.1995032,0.1466864,0.1059296,0.1306834,0.3243404,0.3566272,0.2132834,0.1506526,0.1048304,0.1080928,0.3226916,0.3044282,0.209664,0.1510726,0.1049046,0.1294458,0.3244688,0.3139508,0.1775388,0.14198,0.1045972,0.1479902,0.3241312,0.3410162,0.1997288,0.1400114,0.0697564,0.1331902,0.3307434,0.2546644,0.1690166,0.152594,0.1017818,0.1286144,0.3245704,0.353575,0.1994076,0.2440392,0.118562,0.1052478,0.1366706,0.3294672,0.3569642,0.2009923,0.1483912,0.1006572,0.1348476,0.322249,0.2935028,0.2134564,0.146622,0.1051732,0.1288898,0.3236072,0.3160614,0.2063796,0.1476292,0.1064626,0.122023,0.3249634,0.313453,0.1920516,0.1081102,0.1046136,0.1374564,0.3272194,0.2990848,0.2037928,0.094394,0.0775232,0.1254646,0.3220472,0.301046,0.2100872,0.1483356,0.0679816,0.1262154,0.3255754,0.3358132,0.1846134,0.1331714,0.1037584,0.1239542,0.3286556,0.3616444,0.2034248,0.1339454,0.1058074,0.1406402,0.3210598,0.2946178,0.1655288,0.1196084,0.0957326,0.1486816,0.3257288,0.2526484,0.189288,0.1520994,0.0369038,0.1420074,0.3250244,0.3256802,0.194972,0.1473568,0.0838738,0.1322698,0.3220848,0.3071114,0.2038924,0.1314362,0.0929286,0.136987,0.3304744,0.370792,0.223698,0.1530428,0.0672248,0.1429094,0.3285836,0.3264012,0.198179,0.1482088,0.103946,0.1169294,0.3138496,0.3415306,0.2108454,0.1480802,0.106212,0.0870588,0.324874,0.3167368,0.2152994,0.147405,0.0667716,0.142006,0.3250022,0.3291506,0.1686434,0.1490312,0.1045726,0.1476052,0.3246238,0.2922842,0.2968306,0.2334582,0.1464434,0.097486,0.1244616,0.3300248
0.3264416,0.2047672,0.1423146,0.09521,0.1484876,0.3300136,0.3047094,0.226083,0.1441632,0.1019904,0.14925,0.3213954,0.3322947,0.2166736,0.1514718,0.001157,0.109489,0.3285068,0.3336454,0.2021268,0.1444948,0.0475448,0.1506796,0.3225502,0.3501708,0.130385,0.1482368,0.099768,0.1397048,0.3266098,0.2922768,0.1996516,0.1464378,0.1060528,0.1340464,0.3214212,0.3567544,0.2127282,0.1513358,0.1050228,0.1086732,0.3243282,0.3044648,0.2100168,0.149326,0.106142,0.130009,0.3213614,0.3128474,0.1773816,0.1426052,0.1040922,0.1469794,0.3250346,0.342432,0.2004002,0.1429716,0.0695212,0.1341582,0.3286018,0.2894556,0.1695966,0.1510114,0.1007816,0.1235438,0.3244036,0.3535654,0.2006598,0.2418646,0.1223576,0.1051442,0.1383242,0.3308032,0.355992,0.2096616,0.1488118,0.1010788,0.137187,0.3228056,0.2895784,0.2276736,0.148364,0.106023,0.1286496,0.324428,0.3185728,0.2076086,0.1507588,0.1057828,0.1237974,0.3167886,0.3133098,0.1896552,0.1019258,0.1056612,0.1362404,0.3258956,0.301036,0.204717,0.0965028,0.0783744,0.1247982,0.3224108,0.2986488,0.2084154,0.1483024,0.0657856,0.1303362,0.3252504,0.3371212,0.1754974,0.1322672,0.1029376,0.129867,0.3279944,0.3566308,0.2045108,0.134303,0.1045398,0.139523,0.320547,0.302171,0.17187,0.1137178,0.0965628,0.148021,0.32485,0.2592826,0.1856762,0.151904,0.0447068,0.1446038,0.3279212,0.323534,0.1958272,0.146969,0.0833966,0.130591,0.3257256,0.3093336,0.2020752,0.13447,0.0933774,0.131203,0.3260904,0.3696002,0.224727,0.1534058,0.0810496,0.1416876,0.3267658,0.322021,0.1971238,0.147643,0.1035284,0.1181542,0.3157322,0.341758,0.210192,0.1488014,0.1068226,0.0841426,0.3270578,0.3141988,0.2157848,0.1470214,0.0640586,0.1420076,0.3246972,0.3276904,0.1714528,0.148254,0.1041934,0.1486238,0.326944,0.2932544,0.2974672,0.231963,0.1467624,0.0987618,0.1223354,0.3311036
0.3255922,0.0279247,0.14354,0.0965812,0.1492934,0.3262708,0.305826,0.2256476,0.1480686,0.101371,0.1467934,0.3243386,0.3300179,0.2156564,0.1498874,0.066638,0.1118104,0.330766,0.3322824,0.2009202,0.1446236,0.0477054,0.1500192,0.3240208,0.3496618,0.1815672,0.1498934,0.0989204,0.1402766,0.3265358,0.2910256,0.2044016,0.1449956,0.1067368,0.1346128,0.3231946,0.3569894,0.2123362,0.1473888,0.1045888,0.1096976,0.3280084,0.3021054,0.206304,0.1510418,0.1056232,0.1318866,0.3249062,0.3115856,0.1795052,0.1464684,0.1039924,0.14943,0.3264466,0.3395252,0.2003276,0.1395966,0.0800498,0.1338784,0.3256512,0.2933402,0.1673516,0.1498928,0.0989272,0.1267878,0.327772,0.3525006,0.1978206,0.2401236,0.1219188,0.10544,0.1384468,0.3285874,0.3554656,0.2084508,0.1474754,0.1004458,0.136932,0.3239758,0.2913192,0.2252346,0.1480986,0.1049152,0.1262072,0.3222346,0.3183422,0.2064274,0.1510786,0.1062088,0.1241198,0.3231222,0.31401,0.18827,0.1031714,0.1060132,0.1384378,0.3286868,0.3026246,0.208449,0.0986936,0.0765336,0.1258208,0.3206568,0.2970078,0.2090716,0.1467282,0.0629148,0.1316304,0.3228198,0.3371006,0.1741726,0.131184,0.1038748,0.129041,0.3232656,0.3563378,0.2092736,0.1333354,0.1051888,0.1401854,0.3252842,0.3148596,0.1718932,0.11369,0.0947814,0.146695,0.3218812,0.274795,0.1881014,0.1519026,0.0454178,0.1439552,0.3295568,0.3245392,0.1965014,0.1474618,0.0825746,0.1308734,0.3274568,0.307671,0.2020192,0.1287424,0.09407,0.1321208,0.3284566,0.3667132,0.2215758,0.154633,0.0797636,0.1417332,0.3270148,0.319018,0.1953772,0.1488672,0.1035882,0.117645,0.3128974,0.3413788,0.2084002,0.1493162,0.1054094,0.0847212,0.3273274,0.3161376,0.2143894,0.1470734,0.0640732,0.1415514,0.3254758,0.3300158,0.1724178,0.1487776,0.104741,0.148536,0.2391158,0.3124482,0.2971028,0.2460376,0.1471962,0.1003762,0.1231758,0.3277388
0.3228192,0.0584182,0.1437402,0.096531,0.1462982,0.3247694,0.30787,0.225617,0.1474488,0.1005462,0.1459572,0.325775,0.3311771,0.2134954,0.1493316,0.0715648,0.1114026,0.3265622,0.32954,0.2022114,0.1454644,0.0550472,0.1480452,0.3285178,0.350766,0.2002902,0.148764,0.098125,0.138435,0.3271,0.290483,0.2051576,0.1436648,0.1061136,0.132333,0.3220028,0.3557154,0.210339,0.1475374,0.1049606,0.1108234,0.3250454,0.2987902,0.2061598,0.1488724,0.1053224,0.1328162,0.3274096,0.3163658,0.1793274,0.1448454,0.1041162,0.1486108,0.3268272,0.334335,0.1987152,0.1389354,0.0791966,0.132005,0.3282614,0.3086064,0.1667256,0.1503004,0.099324,0.1259024,0.325196,0.3473186,0.1958142,0.2391182,0.1211158,0.1062242,0.1368412,0.326201,0.3546756,0.211245,0.1476878,0.1008198,0.1354496,0.3278564,0.2908176,0.2231202,0.1478044,0.1057666,0.133532,0.323748,0.3172395,0.2098592,0.1518348,0.1052098,0.1230576,0.3304982,0.3121628,0.1876028,0.103324,0.1055024,0.1393836,0.3265966,0.3022388,0.2077564,0.0966776,0.0796656,0.130692,0.3235034,0.294793,0.2066654,0.1485474,0.0903314,0.133162,0.3257368,0.3393494,0.1741828,0.1297244,0.0347419,0.1322222,0.3263888,0.3587136,0.2052094,0.1335046,0.1056584,0.1419596,0.3263114,0.3177818,0.1985866,0.1076108,0.0955424,0.1472214,0.324704,0.2748772,0.186849,0.151545,0.0634136,0.1440022,0.3259566,0.32356,0.2116934,0.1481654,0.0864396,0.1309258,0.328204,0.309049,0.1976272,0.1284924,0.092293,0.1314016,0.3264952,0.3648094,0.2198002,0.1536626,0.0801168,0.1428882,0.3273026,0.318779,0.1947188,0.1476954,0.1050296,0.1172066,0.3145396,0.3432344,0.2085286,0.1492854,0.104885,0.081952,0.3263258,0.3168942,0.2152828,0.1507646,0.063573,0.1418358,0.3261262,0.3288852,0.1728948,0.1492558,0.1045952,0.1480296,0.2863708,0.3136774,0.2978436,0.2468808,0.1068396,0.1002604,0.1227556,0.3273204
0.3228668,0.0855533,0.142148,0.096567,0.1472226,0.3261784,0.3034888,0.2253684,0.148446,0.0996358,0.145627,0.3248296,0.3275849,0.2133974,0.1496336,0.079723,0.109958,0.328632,0.3298832,0.0977785,0.1419708,0.0484898,0.1511856,0.3300978,0.3481744,0.2006386,0.1491882,0.0987468,0.1376126,0.3286524,0.2878532,0.2053028,0.1456284,0.1058148,0.1334682,0.3237978,0.3561422,0.2079842,0.1480126,0.1040274,0.1126568,0.3245216,0.2978662,0.2039096,0.1487674,0.1060264,0.1323978,0.3287206,0.3129002,0.182987,0.1473998,0.1039792,0.1488152,0.3283468,0.3327636,0.198012,0.150009,0.0803214,0.1349548,0.3267098,0.3143772,0.166522,0.1516602,0.1004586,0.12682,0.3272034,0.349235,0.1955088,0.2385092,0.138481,0.1062574,0.1412272,0.2572237,0.355144,0.210244,0.1498414,0.1012544,0.1353146,0.3239056,0.2919244,0.223151,0.1471118,0.1064244,0.1403006,0.325082,0.3160271,0.2124072,0.1521102,0.1061028,0.123429,0.3279708,0.3132188,0.1857868,0.1020246,0.1056374,0.1374226,0.3280086,0.3027228,0.2069922,0.0967992,0.0772626,0.1320106,0.3236746,0.2956096,0.206713,0.1503334,0.089648,0.1349552,0.3266016,0.3364184,0.1704196,0.131886,0.05485,0.1329046,0.3273046,0.3593968,0.2067454,0.1331396,0.1054988,0.1397824,0.327042,0.3185142,0.1988673,0.1010326,0.0957018,0.1497926,0.3209808,0.290141,0.1897434,0.1509514,0.0655718,0.1427342,0.3270204,0.326367,0.2112778,0.0700502,0.0898586,0.1318514,0.3261752,0.3065388,0.1978904,0.1305986,0.0920742,0.1326144,0.3276956,0.3645204,0.2209252,0.1537616,0.078733,0.140402,0.3270396,0.3205936,0.1938788,0.1475832,0.1042898,0.11792,0.3157738,0.3434054,0.2128254,0.1499544,0.105117,0.0796287,0.3224186,0.3186916,0.2153508,0.1510316,0.0641646,0.142738,0.324269,0.3270192,0.171757,0.1486924,-0.0314168,0.14707,0.3167008,0.312421,0.2950826,0.2456648,0.134912,0.098729,0.1230184,0.32418
0.3200812,0.0941833,0.1410998,0.0967692,0.14701,0.3277894,0.3070792,0.2243126,0.1493908,0.0998768,0.1466964,0.3201234,0.325852,0.2124002,0.1506554,0.0812454,0.109711,0.3302076,0.328082,0.114994,0.1437444,0.0489724,0.149771,0.2558414,0.34805,0.2107534,0.1496786,0.099382,0.1360664,0.330921,0.2885182,0.2030518,0.1461616,0.1070914,0.1350644,0.3259708,0.3552804,0.206919,0.1492068,0.1050688,0.1113712,0.325521,0.293696,0.202462,0.1504852,0.1050372,0.1326522,0.3323504,0.3097514,0.1958114,0.146853,0.105445,0.14945,0.3241992,0.3359374,0.202267,0.150162,0.0818636,0.1329926,0.3253882,0.3132602,0.1630544,0.1514686,0.1010388,0.1239242,0.3267966,0.3457468,0.1942032,0.2389176,0.1437164,0.105562,0.1407684,0.2970886,0.3553724,0.2104138,0.1488934,0.1026824,0.1359594,0.3246194,0.291139,0.2218038,0.1457258,0.1062524,0.1391942,0.328062,0.3111542,0.210478,0.151308,0.105747,0.1266498,0.325564,0.3115572,0.1849432,0.0971332,0.1052048,0.1390258,0.3271846,0.3055538,0.2090092,0.0992526,0.079705,0.1326104,0.3228238,0.295363,0.2054004,0.1491666,0.0917796,0.1370832,0.323166,0.3351362,0.1675988,0.1319046,0.062398,0.1340554,0.3298982,0.3571424,0.2069532,0.1325976,0.1044406,0.1380668,0.323301,0.3165734,0.2000659,0.1008988,0.0958802,0.147407,0.3238492,0.2970806,0.1904086,0.1520018,0.0633252,0.1457272,0.3267498,0.3230206,0.2145568,0.1065456,0.0850922,0.1346132,0.3262372,0.3013284,0.1985004,0.128336,0.0923352,0.1324496,0.3276838,0.368068,0.222298,0.1541254,0.0782742,0.14129,0.328575,0.3192572,0.1955202,0.1485126,0.1043108,0.1176872,0.3160742,0.3407522,0.2128134,0.1491546,0.1063558,0.0726669,0.3236448,0.311589,0.213779,0.1510992,0.0641532,0.1448166,0.32797,0.3280004,0.1705082,0.1511276,0.0243288,0.1462732,0.3193016,0.3107808,0.2939896,0.2461614,0.1427356,0.0990262,0.1220356,0.323488
0.3203842,0.1296349,0.1414312,0.0970746,0.1471638,0.3269196,0.3054896,0.2240278,0.1503168,0.0995266,0.1480576,0.320637,0.3268424,0.2120552,0.1516082,0.0824658,0.111283,0.328789,0.3263986,0.1417938,0.1430766,0.046696,0.1487276,0.2884786,0.3470918,0.219068,0.1501754,0.1022272,0.135803,0.3297726,0.288815,0.2029178,0.1450452,0.1053684,0.1333826,0.3257438,0.3545706,0.2087154,0.1491244,0.1055252,0.1115258,0.3292526,0.2911988,0.2038894,0.148547,0.1063886,0.1309716,0.330314,0.3109758,0.1952176,0.1458284,0.1048138,0.1490496,0.3279334,0.3371882,0.2019158,0.1478832,0.0775444,0.1345026,0.3272796,0.3150048,0.1686126,0.1527678,0.1000818,0.1178294,0.3246902,0.345551,0.1940526,0.237049,0.1444376,0.1057162,0.1394384,0.3066486,0.3562204,0.208971,0.1476874,0.1026888,0.137197,0.3272912,0.2901776,0.2226904,0.1444976,0.1075404,0.1389858,0.3241022,0.3138662,0.2078904,0.1510876,0.1065336,0.1256926,0.3254348,0.3095594,0.1858976,0.097118,0.1054682,0.1385032,0.3239012,0.3023486,0.2072582,0.100058,0.0802196,0.1368774,0.3249858,0.2949078,0.2034756,0.148008,0.0881414,0.1376982,0.3231614,0.340339,0.1652628,0.1328422,0.0647014,0.1350656,0.3299602,0.3588964,0.2053186,0.1448192,0.105427,0.1386776,0.3258908,0.3155778,0.1944412,0.1010838,0.0952462,0.1475314,0.3261908,0.2968136,0.1871672,0.1488876,0.0729532,0.143502,0.3252446,0.3265876,0.2152824,0.117893,0.0846464,0.1353014,0.3259078,0.3005998,0.1968674,0.1285108,0.0921168,0.1329544,0.326996,0.3743562,0.2202354,0.1521872,0.0773224,0.1417052,0.3277532,0.3170978,0.1931422,0.1497044,0.1041788,0.1182172,0.315077,0.3402924,0.210012,0.147157,0.105009,0.0677154,0.3238826,0.3156328,0.210733,0.1508142,0.064981,0.1465232,0.3319826,0.3335268,0.1860052,0.1509036,0.0552412,0.147967,0.3218628,0.3114862,0.2931534,0.2444708,0.143926,0.098889,0.1259388,0.3242752
0.3161182,0.1514067,0.142621,0.0989006,0.1475606,0.3260994,0.305519,0.2237944,0.1495734,0.1003622,0.1472622,0.3207142,0.3286326,0.2106378,0.149816,0.0885176,0.1126268,0.3275334,0.3245068,0.1434672,0.143103,0.0403572,0.149658,0.2944032,0.3464798,0.2404234,0.150597,0.1019396,0.1349734,0.3296208,0.2904508,0.2039852,0.1457876,0.1046558,0.1373188,0.3260826,0.353656,0.2080952,0.151334,0.1052674,0.1126032,0.3299074,0.2866096,0.2049916,0.1487996,0.1064544,0.135917,0.3295526,0.3114498,0.1902794,0.1480946,0.1048234,0.1503446,0.3275146,0.3363344,0.2004144,0.1475336,0.0775154,0.1359294,0.3272194,0.312786,0.1681258,0.152507,0.1010014,0.1201964,0.3275062,0.3453692,0.1948294,0.2350582,0.142576,0.1055086,0.1402804,0.3147836,0.3587546,0.2089178,0.1480054,0.1015004,0.1368782,0.3247394,0.2906742,0.222047,0.1486888,0.1078246,0.1373454,0.3258094,0.3130812,0.2063872,0.150925,0.10663,0.1266956,0.3286796,0.3122528,0.1888288,0.1017634,0.1044838,0.1387762,0.3267992,0.3013904,0.2052646,0.1468102,0.080964,0.1367864,0.3256198,0.2944452,0.204606,0.1497834,0.0918668,0.1368114,0.3276484,0.3387614,0.169745,0.133196,0.059116,0.1312224,0.3309544,0.3590604,0.2041214,0.1457118,0.1050034,0.1404116,0.3234544,0.3124776,0.195907,0.1001286,0.0943578,0.1479304,0.3242248,0.3011786,0.1875932,0.1466078,0.0706532,0.1442936,0.3270086,0.3245674,0.2134802,0.1263308,0.0833434,0.1380512,0.326583,0.3000604,0.1989662,0.1271382,0.0924688,0.1338164,0.2387268,0.3708466,0.219104,0.1526412,0.079971,0.142625,0.3280138,0.3130058,0.1920554,0.1495246,0.1027168,0.117547,0.3116256,0.3378352,0.209068,0.1473902,0.1056054,0.0685638,0.3211618,0.3140724,0.209368,0.1490102,0.0669718,0.1453302,0.3291558,0.330339,0.18235,0.1482324,0.0535462,0.147841,0.325158,0.3100024,0.2941664,0.2417896,0.143802,0.0995828,0.1284066,0.3269318
0.3149082,0.1565157,0.1423094,0.0974818,0.143992,0.3281336,0.3062186,0.2227596,0.1481644,0.1002094,0.1489942,0.322325,0.3299457,0.2099432,0.1510994,0.10577,0.1135948,0.3324256,0.3237226,0.1439222,0.1429442,0.0409086,0.149666,0.3180004,0.3451886,0.2579322,0.150349,0.101999,0.134039,0.3283854,0.2911496,0.0616082,0.147235,0.104742,0.1376428,0.323861,0.3559758,0.208084,0.1520876,0.105547,0.113181,0.3270188,0.2902052,0.2027784,0.150036,0.1061718,0.1331726,0.3308044,0.3093938,0.188097,0.1464146,0.105123,0.1488928,0.3245898,0.3384488,0.1988292,0.148833,0.0778746,0.134138,0.2633504,0.3101926,0.1673718,0.1496286,0.1007918,0.1213902,0.3277286,0.3431864,0.1939336,0.2340382,0.1427832,0.1030382,0.1399226,0.322383,0.3586716,0.2078912,0.1488022,0.1020716,0.1352948,0.3243758,0.2899992,0.2222246,0.1482594,0.1068968,0.1396958,0.3278532,0.3149892,0.20801,0.1505716,0.1064926,0.1284574,0.3256674,0.3106094,0.1896214,0.0938028,0.1059314,0.141138,0.3275168,0.2976916,0.2079472,0.149314,0.0829018,0.135152,0.3249078,0.291164,0.2055178,0.150262,0.093025,0.1375448,0.3255716,0.337479,0.1686816,0.131368,0.0590472,0.1316398,0.3265764,0.359518,0.2056072,0.1470776,0.1055794,0.1436406,0.3202764,0.3109444,0.198194,0.0982386,0.094659,0.147086,0.3250102,0.300631,0.1881984,0.1466194,0.0743886,0.1462034,0.3230474,0.3274058,0.2152652,0.1268076,0.0817616,0.1363396,0.3290824,0.3044856,0.2012126,0.1273444,0.0929868,0.1321302,0.2602166,0.369314,0.2188002,0.1521736,0.0803738,0.1406966,0.3258644,0.3111316,0.1925114,0.147327,0.1034678,0.116974,0.3146706,0.339056,0.2095308,0.1490964,0.1055026,0.068867,0.3195722,0.312086,0.2070006,0.1484238,0.0681636,0.14474,0.328416,0.3309224,0.182611,0.149532,0.0532632,0.1471278,0.3271108,0.3098122,0.2990418,0.2412768,0.1429306,0.0993414,0.1256524,0.3290862
0.315912,0.1595701,0.1421546,0.0956486,0.1445606,0.327474,0.3066274,0.2222154,0.1480048,0.1003258,0.1488432,0.3266264,0.3276442,0.2069422,0.1504006,0.1066562,0.1122074,0.3267808,0.3237896,0.1605362,0.1426878,0.0438522,0.1485844,0.3223062,0.3442434,0.2557306,0.1483576,0.1040474,0.1357484,0.3281502,0.2922714,0.0958546,0.1483552,0.1050376,0.1389388,0.3229294,0.355255,0.207363,0.1527116,0.1057874,0.1132858,0.3269384,0.2887662,0.203843,0.1506332,0.1059614,0.137317,0.3309308,0.3110372,0.1898226,0.146866,0.105815,0.1493418,0.3254766,0.3395014,0.2009758,0.1483814,0.0722398,0.1350904,0.3043614,0.3096618,0.1646374,0.1503894,-0.0242286,0.1217456,0.3268478,0.3440206,0.1934842,0.2309382,0.1427092,0.1037498,0.139141,0.324435,0.3593872,0.2082354,0.1484916,0.102675,0.1370474,0.3290646,0.2892404,0.2227538,0.1487956,0.1063042,0.1374158,0.3238138,0.3150724,0.2084708,0.1486862,0.1064016,0.1274436,0.3202022,0.3074354,0.1890176,0.1361794,0.105005,0.1425418,0.327759,0.2980594,0.207937,0.1507662,0.0830478,0.135368,0.3248116,0.2892586,0.2051238,0.1498402,0.095311,0.134056,0.2195515,0.340645,0.1674858,0.1303334,0.0544462,0.1358578,0.3311304,0.3608684,0.2072634,0.1478856,0.1059702,0.142738,0.3236502,0.3112726,0.2010488,0.1060386,0.0937402,0.1490978,0.3246416,0.297406,0.1853914,0.1451718,0.073601,0.1447192,0.326921,0.3249524,0.215518,0.1420504,0.0807484,0.1381238,0.3279754,0.2994818,0.1979444,0.1302278,0.091283,0.1331326,0.3189154,0.3687888,0.2180292,0.1520634,0.0804396,0.1393818,0.3316638,0.3119204,0.190391,0.1470696,0.1035812,0.1148216,0.3166912,0.337796,0.2063754,0.1478004,0.1049626,0.0698754,0.3213982,0.3128002,0.206765,0.149055,0.071129,0.1435474,0.3265762,0.3288928,0.200878,0.1504916,0.052807,0.1477338,0.3287572,0.3183928,0.2992778,0.2402636,0.1443512,0.0981282,0.1295722,0.3269432
0.3159282,0.1659835,0.1445732,0.0952336,0.1460378,0.3254132,0.3049562,0.220255,0.1479754,0.098121,0.1482776,0.3271512,0.3283564,0.204847,0.1510544,0.1064536,0.1109556,0.3260698,0.3250802,0.1818358,0.1442458,0.054929,0.1487356,0.3220544,0.3406662,0.2530286,0.0797004,0.102957,0.1346608,0.3263392,0.2949384,0.1545219,0.1487312,0.1054082,0.1372804,0.3255586,0.3568044,0.2113936,0.1508626,0.1061508,0.1156424,0.3264644,0.2883076,0.2034576,0.1519122,0.1053986,0.135867,0.3305656,0.3047926,0.1914364,0.1489142,0.1057682,0.148163,0.3272822,0.3385338,0.199794,0.1470376,0.07231,0.1355606,0.3070014,0.3132656,0.1615252,0.1485736,0.05927,0.1211104,0.2344447,0.3411842,0.1898498,0.2306624,0.147158,0.1046626,0.1402098,0.3245748,0.356915,0.2111132,0.149385,0.1028914,0.1375454,0.3260072,0.291884,0.2193704,0.1496422,0.1060916,0.1353564,0.3245316,0.3188434,0.2081998,0.148441,0.1064178,0.1297468,0.3204926,0.3059814,0.1900832,0.147391,0.1047516,0.1398844,0.3286706,0.2974558,0.2076384,0.1510122,0.0841406,0.1343374,0.3210544,0.1936808,0.2061142,0.152051,0.095209,0.1359768,0.2732624,0.3432816,0.1685654,0.1346716,0.055682,0.1375394,0.3302826,0.3594274,0.2077046,0.1471046,0.106761,0.141379,0.3192656,0.3085778,0.2056806,0.0999928,0.0940502,0.147797,0.3269944,0.2995964,0.1819178,0.1461248,0.0672226,0.145329,0.3246582,0.3206698,0.2159416,0.140206,0.0854458,0.1364124,0.32782,0.2993824,0.199115,0.1298182,0.0926414,0.1315522,0.3232122,0.3696048,0.217992,0.1542934,0.082007,0.1384212,0.3302944,0.3112128,0.0944932,0.147628,0.0371985,0.1155666,0.3149836,0.34078,0.2060042,0.1489474,0.0172157,0.0841496,0.3235044,0.3126458,0.205657,0.1499268,0.0688994,0.1441632,0.3276654,0.3250514,0.1981958,0.1502618,0.0524342,0.1473682,0.3331778,0.3185842,0.3030706,0.2392518,0.1442682,0.099921,0.1294528,0.325831
0.3129996,0.1724036,0.1471532,0.0954152,0.1442596,0.325497,0.3012146,0.2187188,0.1507396,0.0988014,0.147015,0.3249606,0.3226416,0.2072352,0.1520756,0.105458,0.1134886,0.3258346,0.3265956,0.1882932,0.1427418,0.0543228,0.1500916,0.3244348,0.3399268,0.2539734,0.1122528,0.1029412,0.136452,0.3251746,0.2918562,0.1536047,0.147616,0.1074534,0.1405862,0.3256928,0.357298,0.2123228,0.1503396,0.1048572,0.1139256,0.3273014,0.2899108,0.2034886,0.1504132,0.0257494,0.1357698,0.3300434,0.3025596,0.1893774,0.1486772,0.1046312,0.14965,0.3298702,0.3356454,0.199444,0.1487444,0.0725878,0.1367296,0.3205398,0.3132012,0.1613662,0.1500046,0.0896468,0.1236408,0.2917903,0.3345698,0.1900048,0.2288156,0.146375,0.105854,0.1363226,0.327012,0.3544064,0.2098834,0.1497712,0.104494,0.1362256,0.325652,0.2928886,0.2183916,0.1475654,0.1074306,0.1354312,0.3284228,0.3184802,0.2070092,0.1472496,0.107591,0.1283324,0.3231312,0.1678245,0.1889252,0.1481424,0.1060382,0.1384786,0.3295712,0.2926564,0.2060248,0.1507358,0.0837098,0.1346928,0.3234232,0.231055733333,0.2061334,0.1493066,0.0941514,0.1382982,0.3048804,0.3405052,0.1694962,0.1334998,0.0529764,0.1368308,0.3280928,0.3570988,0.2066752,0.1483058,0.1061066,0.1396132,0.3185248,0.3117348,0.2061752,0.1065472,0.1073194,0.1485104,0.3232316,0.2988074,0.1771368,0.1444572,0.0681644,0.1441618,0.3266618,0.3261748,0.2127896,0.1390866,0.0856948,0.134323,0.3270062,0.2982766,0.1978482,0.1282264,0.0882636,0.1324604,0.3254592,0.3689698,0.2156992,0.1543256,0.0806768,0.1417904,0.330123,0.3088626,0.1219006,0.1462996,0.0553726,0.1114912,0.3128302,0.3410452,0.2075014,0.15019,0.0568597,0.0822638,0.326518,0.3125712,0.2032738,0.1501572,0.0687652,0.1456666,0.3243798,0.3237706,0.195688,0.1497346,0.055361,0.1482928,0.3302474,0.315504,0.3022496,0.2395002,0.1417426,0.0991566,0.1290218,0.322818
0.3098482,0.170971,0.1471428,0.0915504,0.0801368,0.319689,0.3005722,0.2184262,0.147419,0.0986548,0.0913879,0.3230276,0.3227536,0.2057798,0.1532046,0.10531,0.1070589,0.3242508,0.3286466,0.1905666,0.1444792,0.0576918,0.0792486,0.3255606,0.3386286,0.2563792,0.137119,0.104769,0.0619468,0.327904,0.29305,0.1700576,0.1466598,0.1074716,0.0382625,0.3259594,0.3618126,0.211332,0.1513598,0.1061924,0.0421084,0.3232176,0.2867198,0.2019592,0.1496966,0.0507467,0.0837095,0.327687,0.2989776,0.1862918,0.151185,0.1046262,0.0572892,0.3302972,0.338425,0.2010422,0.1478978,0.0728258,0.1128888,0.325156,0.3154884,0.1608304,0.149858,0.0904858,0.0791352,0.3033082,0.3310344,0.202365,0.2266202,0.1457588,0.1058438,0.0655854,0.3253894,0.3540912,0.2089904,0.1489314,0.103903,0.0456206,0.3296378,0.288803,0.2182762,0.147172,0.106642,0.0756184,0.3255912,0.3192688,0.2149826,0.1486822,0.0103821,0.0326543,0.3282186,0.1935389,0.1871856,0.1494716,0.106281,0.1022251,0.330408,0.2916498,0.2025912,0.1503188,0.0835216,0.0837157,0.3240058,0.2429288,0.2037908,0.1503874,0.0940786,0.0939086,0.309525,0.341583,0.0837892,0.134666,0.0535456,0.1037146,0.326554,0.3549994,0.2075208,0.145801,0.1051018,0.0607367,0.3230596,0.3107708,0.204739,0.103907,0.1060996,0.037,0.3237932,0.298336,0.170299,0.1459182,0.0671422,0.0462906,0.3268092,0.3247294,0.2119256,0.143465,0.0886759,0.0627408,0.3291952,0.2920478,0.1954092,0.1308922,0.0894526,0.0804614,0.3236302,0.3687758,0.2149504,0.1534988,0.0809186,0.0922286,0.3288924,0.3052164,0.132805,0.1486292,0.0718026,0.0791867,0.313432,0.3383862,0.2054984,0.1010334,0.1028374,0.0945967,0.323924,0.3127656,0.2041984,0.1484032,0.0656874,0.0563743,0.3306386,0.3248618,0.1950844,0.1499368,0.0552018,0.078604,0.326748,0.3155538,0.3037664,0.237343,0.141087,0.099628,0.1013401,0.3259572
0.31078,0.1708495,0.1473192,0.0921678,0.1230433,0.3223654,0.300708,0.2172164,0.1469006,0.098736,0.1180462,0.3218758,0.322206,0.2056616,0.1510082,0.106437,0.1101248,0.3251672,0.32548,0.1931994,0.1436982,0.0574202,0.0922442,0.3239072,0.3398806,0.2566182,0.1448318,0.1044138,0.0945992,0.3296066,0.2900934,0.1703664,0.146563,0.1069432,0.0930327,0.3241902,0.3577368,0.2120666,0.1512132,0.1060984,0.0769668,0.323694,0.2881332,0.2002598,0.148792,0.0846234,0.1086022,0.3275226,0.299393,0.186545,0.1499982,0.1029068,0.1401982,0.3253282,0.3411818,0.2033878,0.1461822,0.069352,0.1303894,0.3269946,0.3197036,0.1634566,0.1498056,0.0893214,0.0978054,0.3066722,0.3356888,0.204772,0.2248612,0.1458908,0.0457258,0.1051046,0.3217944,0.3516368,0.2099032,0.1488764,0.1034082,0.0709868,0.2049272,0.2894082,0.2172394,0.1465936,0.1064806,0.104146,0.325491,0.3215172,0.2132566,0.1467744,0.0332921,0.0771741,0.327931,0.2153923,0.1869352,0.1517384,0.1060392,0.1122812,0.3313038,0.194623,0.20439,0.1507358,0.0827076,0.1090663,0.3263672,0.2674393,0.2033636,0.1515904,0.0944818,0.1146692,0.3100292,0.3393418,0.0854729,0.1348492,0.0568622,0.1246588,0.329297,0.349854,0.101343,0.1464178,0.1059772,0.1171445,0.3217482,0.3130806,0.202882,0.1048086,0.106608,0.081374,0.3224926,0.2983248,0.1681602,0.147816,0.0641178,0.0928884,0.3283192,0.3244044,0.2118718,0.144961,0.0898411,0.1154204,0.329381,0.2874272,0.19454,0.132542,0.0895534,0.0979142,0.3244278,0.3701936,0.213403,0.1543322,0.0794352,0.0980288,0.3253516,0.3080502,0.1380345,0.1461578,0.0783932,0.0910712,0.2337569,0.3400382,0.2048434,0.1060858,0.1060898,0.1089462,0.3250132,0.3118576,0.204268,0.1508874,0.0667376,0.094386,0.3262374,0.327416,0.1951046,0.1494088,0.0586474,0.1122412,0.3261976,0.3137348,0.3034422,0.2362654,0.1398014,0.099115,0.1228702,0.327108
0.3098598,0.1710557,0.1471604,0.0921598,0.1264371,0.3240328,0.3006046,0.2151786,0.1453334,0.0985882,0.1264558,0.3224436,0.3177174,0.2040112,0.149186,0.1064886,0.1170032,0.3276324,0.3264454,0.1929544,0.1443036,0.0641614,0.0928594,0.324123,0.3374492,0.2568506,0.14457,0.1046064,0.138677,0.325214,0.291789,0.1923332,0.1451884,0.1064214,0.097586,0.3274512,0.3592908,0.2101858,0.1516968,0.106188,0.1140007,0.3227872,0.2927296,0.2007716,0.1501594,0.0854276,0.1089362,0.3286984,0.299656,0.1849498,0.147227,0.1036362,0.1422466,0.3245478,0.3440334,0.2029222,0.150245,0.0689516,0.1435174,0.3270434,0.316216,0.1635004,0.1515682,0.0897316,0.104717,0.309508,0.3341754,0.2058516,0.226108,0.1472312,0.1026718,0.1276038,0.3218854,0.3540298,0.209457,0.1480914,0.1055552,0.1023892,0.2813748,0.2909354,0.214774,0.1495154,0.1069484,0.1001132,0.3240546,0.3191608,0.2141546,0.1464432,0.0588638,0.1224231,0.3268266,0.2227337,0.186394,0.1498654,0.1052846,0.1218976,0.328073,0.2343484,0.2045988,0.1512752,0.0841572,0.132542,0.3253638,0.2884626,0.2028238,0.1503128,0.094703,0.1207946,0.3077202,0.337562,0.105352,0.1328304,0.051468,0.1342572,0.327105,0.3480402,0.1045494,0.1479472,0.106606,0.1176903,0.3259892,0.3091226,0.203305,0.101322,0.1065922,0.1042514,0.3233434,0.2988878,0.169254,0.1459864,0.0703862,0.117257,0.3297488,0.3236968,0.2145976,0.144697,0.0886859,0.131815,0.3283786,0.2924684,0.1956742,0.1479974,0.0935064,0.1323442,0.329079,0.3684478,0.2131056,0.1553172,0.0763512,0.1050598,0.326745,0.307294,0.1515252,0.1463704,0.07901,0.0988368,0.280175,0.3389844,0.2054796,0.1096596,0.1054612,0.126584,0.3251336,0.3101028,0.2044002,0.1504106,0.0681934,0.1098569,0.3305872,0.327716,0.195303,0.1495332,0.0581132,0.1152482,0.3264904,0.314311,0.3051772,0.235415,0.1400696,0.0986046,0.1258076,0.2622171
0.3083292,0.1680021,0.1491842,0.091459,0.1249178,0.3276818,0.2975726,0.2153374,0.1447748,0.099102,0.1265792,0.3215422,0.3209186,0.0730275,0.148899,0.1057138,0.1295692,0.326499,0.3311288,0.1933802,0.1462394,0.0544462,0.0959606,0.3270446,0.3343582,0.2576628,0.1488152,0.10377,0.1457648,0.323599,0.289818,0.1930948,0.143567,0.1057982,0.1209118,0.3229472,0.354794,0.2088154,0.1529852,0.1054218,0.1171762,0.3278228,0.1519231,0.1997246,0.14892,0.0872338,0.1307758,0.330181,0.2998242,0.187398,0.1467944,0.1043818,0.1442314,0.3235306,0.3397158,0.1999484,0.1502912,0.0688074,0.1446196,0.3294282,0.3199038,0.1606112,0.150548,0.0902706,0.115253,0.3263196,0.331403,0.2038014,0.2251642,0.1463446,0.1055026,0.140777,0.3216194,0.3540898,0.2076604,0.1491788,0.10556,0.1013952,0.311982,0.2943812,0.2137454,0.1477018,0.1074758,0.1136866,0.3248408,0.3160904,0.2144278,0.1464168,0.0631106,0.1392002,0.3240662,0.2534604,0.1878788,0.1485998,0.1068252,0.1245922,0.3284548,0.2548039,0.2058044,0.1509174,0.0832304,0.1376376,0.322694,0.2966404,0.2039448,0.1516696,0.0937188,0.134484,0.3080228,0.3408106,0.1073848,0.1322962,0.052359,0.1363644,0.3275606,0.3446954,0.1172468,0.1474442,0.106827,0.1219368,0.32322,0.3078588,0.2013648,0.097312,0.105829,0.105479,0.3260436,0.3001912,0.1703832,0.14679,0.0719876,0.1391206,0.3267324,0.3229004,0.2144358,0.142404,0.0890579,0.1340994,0.3249064,0.2934098,0.1953806,0.1484142,0.0912932,0.1325862,0.3242788,0.3695836,0.2145992,0.1518782,0.076389,0.1058244,0.3291034,0.301766,0.1637012,0.1465432,0.082272,0.1175036,0.3062774,0.341416,0.2065052,0.1200948,0.1073204,0.1399596,0.3210686,0.3096564,0.2044212,0.1489174,0.0689306,0.1141356,0.3297128,0.3324108,0.19528,0.1511662,0.0618926,0.1183976,0.3236896,0.315674,0.3058608,0.2338172,0.1413714,0.0986682,0.1263658,0.2813555
0.3068836,0.1688398,0.1472608,0.0923834,0.1289506,0.3261306,0.2939782,0.2130032,0.1444674,0.0983998,0.1276554,0.326963,0.3204932,0.0802464,0.148953,0.1071328,0.1258392,0.3293074,0.330467,0.1883742,0.1484612,0.0530586,0.1186894,0.3251886,0.3351386,0.2571174,0.1494394,0.1043478,0.1437356,0.3213344,0.2920426,0.205703,0.145041,0.1068318,0.1070854,0.323782,0.3570208,0.2068942,0.1526966,0.1040664,0.1168844,0.3261532,0.20252,0.1990418,0.1479826,0.0882398,0.1316266,0.330618,0.3007188,0.186801,0.1472144,0.1045992,0.1461286,0.3259936,0.3377946,0.199516,0.1510656,0.0684076,0.1444182,0.3280848,0.315326,0.1630392,0.1496032,0.0900994,0.1191812,0.3283202,0.3290046,0.2029552,0.2230618,0.1471326,0.1067802,0.1393626,0.3233204,0.352443,0.2083628,0.1476234,0.1039868,0.1204462,0.316592,0.2928388,0.1295061,0.1459576,0.1062496,0.1113288,0.327235,0.3131662,0.2142212,0.1464708,0.063929,0.1431366,0.3251722,0.2606404,0.1855594,0.1516324,0.1057682,0.1399298,0.327641,0.2523941,0.202424,0.1527664,0.083025,0.1429988,0.3219454,0.2997802,0.206806,0.1508742,0.0923976,0.1349166,0.3103148,0.3400886,0.1411637,0.1342662,0.0516772,0.144994,0.3262292,0.3466298,0.1207248,0.1488512,0.1056318,0.1456864,0.3237878,0.3078024,0.2031162,0.0983356,0.1057186,0.1039304,0.325077,0.2999806,0.1655864,0.1482254,0.072295,0.1391116,0.3220844,0.3219112,0.2134304,0.1409088,0.0963878,0.1337022,0.329043,0.2947326,0.1961838,0.1492098,0.090228,0.1305228,0.3287432,0.371541,0.211173,0.1533018,0.07632,0.1219608,0.3290016,0.3042874,0.1692745,0.1472446,0.0819198,0.1228334,0.3188596,0.3398718,0.2045568,0.1220084,0.1068876,0.1428042,0.1671384,0.3080282,0.2034296,0.1502652,0.0697244,0.1161516,0.3257836,0.3323212,0.1941314,0.1498308,0.0645672,0.1219656,0.3238718,0.315946,0.304269,0.2314954,0.1418226,0.0985652,0.124626,0.3066359
0.3055978,0.1927866,0.1481376,0.091093,0.1298614,0.3259918,0.2941218,0.21162,0.1448122,0.0989116,0.1292156,0.325103,0.3248094,0.0997422,0.1476958,0.1061786,0.1266688,0.3310826,0.3347254,0.1908416,0.1461398,0.053542,0.1201046,0.3283068,0.3338336,0.2562036,0.1482948,0.1044246,0.1454728,0.3243036,0.293306,0.2088162,0.1430658,0.1054584,0.1279822,0.3265834,0.354284,0.0754928,0.1501648,0.1042394,0.1239192,0.3270648,0.2745536,0.1977112,0.145889,0.0890844,0.1319538,0.333654,0.3010836,0.1947344,0.1473654,0.1042592,0.1471114,0.3273252,0.332834,0.198518,0.1479708,0.076837,0.144635,0.329928,0.3154748,0.1635158,0.1481122,0.0890796,0.119726,0.3242772,0.333574,0.2024284,0.22395,0.1469102,0.1066368,0.1405076,0.3268362,0.3480348,0.2074534,0.1464892,0.1049094,0.123455,0.3239006,0.2946398,0.1510187,0.1469972,0.1057046,0.1107794,0.3262678,0.3152788,0.2130264,0.1478122,0.0605402,0.1429528,0.3212882,0.2728382,0.182682,0.1509954,0.1050894,0.1388934,0.325187,0.2589809,0.2021646,0.1512112,0.0844894,0.139384,0.3267994,0.3027612,0.2160332,0.1514624,0.093119,0.13429,0.3266414,0.3386976,0.1497823,0.1334678,0.0537304,0.1452862,0.3266548,0.3478064,0.1647406,0.146726,0.1063904,0.1468652,0.3243286,0.3075006,0.2049654,0.0999968,0.1042486,0.1058766,0.323137,0.2971148,0.163781,0.1487806,0.0729874,0.1411082,0.3209646,0.3188628,0.213948,0.1419466,0.0964016,0.133783,0.3258682,0.295785,0.197571,0.1497984,0.0882736,0.1322812,0.3275846,0.365698,0.210815,0.1517706,0.092766,0.1243208,0.3266116,0.300957,0.1664746,0.1451738,0.0845862,0.1219736,0.3234166,0.339325,0.2045164,0.1233456,0.1064568,0.1426646,0.2650892,0.3090096,0.2019892,0.149283,0.065389,0.1188568,0.3275792,0.330208,0.1945222,0.148,0.0609154,0.121824,0.3220846,0.3134652,0.3019822,0.2257746,0.1428232,0.0982556,0.1286116,0.3116463
0.305726,0.1935388,0.1479644,0.0880714,0.1318018,0.2264134,0.2936926,0.2103838,0.1464614,0.0979558,0.1333036,0.322435,0.3256688,0.1160351,0.1501752,0.1058812,0.128451,0.330757,0.3361986,0.1889154,0.144874,0.0497816,0.1190618,0.3248946,0.3314638,0.254446,0.146171,0.1045058,0.1469418,0.3245834,0.290671,0.2114844,0.143781,0.10565,0.1268386,0.325348,0.3542046,0.1069173,0.1509186,0.1037786,0.1261262,0.3242628,0.2803674,0.1967718,0.1456376,0.0871896,0.1329382,0.3289392,0.3027428,0.1926338,0.1485992,0.1044082,0.1478734,0.3281616,0.3293858,0.1995434,0.148877,0.0766704,0.1457854,0.3294986,0.310218,0.0005656,0.149833,0.0875276,0.1166612,0.3257342,0.3327166,0.201563,0.2251072,0.1481844,0.1067214,0.139215,0.3296758,0.3487988,0.2057974,0.1456472,0.1053196,0.123659,0.3243988,0.2950522,0.1559239,0.1469372,0.1053618,0.111808,0.3287488,0.314081,0.2126582,0.1477848,0.0614368,0.143203,0.3233702,0.280231,0.1969238,0.1492576,0.1046174,0.1375212,0.3239064,0.2810734,0.2015248,0.1498864,0.0836618,0.143965,0.3282158,0.3028128,0.2169666,0.150887,0.096499,0.1372852,0.3291282,0.340952,0.1511917,0.133196,0.0524334,0.144585,0.3267298,0.345075,0.1782076,0.1474394,0.1069532,0.149861,0.3263464,0.308205,0.20645,0.1483838,0.1037592,0.1106644,0.3211572,0.2957114,0.1608774,0.147955,0.0862072,0.1399906,0.3222876,0.31823,0.21156,0.140072,0.0953926,0.1338126,0.3258806,0.2959808,0.1982942,0.148388,0.0879322,0.1329094,0.3287206,0.3667838,0.2111656,0.1542244,0.0929248,0.1228248,0.324071,0.3026126,0.1670424,0.1473568,0.0846084,0.1234196,0.3212748,0.3349544,0.2051576,0.127374,0.1067216,0.143209,0.3031372,0.3083998,0.1996054,0.1500678,0.0658958,0.1169138,0.3293982,0.3326688,0.1916442,0.1488474,0.0612344,0.1294994,0.3222906,0.3140494,0.29841,0.2247246,0.142921,0.0632104,0.1278428,0.3106935
0.3064722,0.1940954,0.1486426,0.089729,0.131193,0.264189,0.294932,0.2114276,0.146461,0.0990782,0.1410016,0.3237894,0.3251432,0.1158847,0.1498266,0.1059246,0.1267974,0.3306158,0.3351914,0.1862946,0.1434034,0.05056,0.1143252,0.3264128,0.3291788,0.2527018,0.147303,0.1053566,0.1438626,0.324561,0.286941,0.2129274,0.1432476,0.1061884,0.1283688,0.3247474,0.3570372,0.1316805,0.1520992,0.1046486,0.1285174,0.325755,0.2810848,0.195998,0.147415,0.0882044,0.129553,0.3317816,0.3024496,0.1923192,0.1474972,0.103703,0.1478432,0.3240334,0.327569,0.2011602,0.14993,0.077491,0.1434564,0.3279766,0.3133176,0.0325228,0.1478818,0.088977,0.1213264,0.326478,0.3282998,0.1984512,0.2240064,0.1489586,0.1068664,0.1374268,0.3278634,0.3460448,0.2053302,0.1471836,0.1037982,0.1214158,0.326214,0.2960222,0.1638262,0.1454002,0.106491,0.1119042,0.2649259,0.313554,0.2114962,0.148507,0.0885578,0.1422356,0.3251082,0.298846,0.1971032,0.148674,0.1056582,0.1376898,0.3256358,0.294376,0.2005534,0.1479374,0.0859022,0.1439284,0.3271876,0.3017842,0.2171732,0.149724,0.0968478,0.136941,0.3290948,0.342757,0.1576057,0.1322304,0.0706932,0.1453532,0.3293766,0.3448332,0.1964358,0.145205,0.1065272,0.1492538,0.326536,0.3055386,0.2047098,0.147773,0.1056198,0.1123472,0.3248802,0.2930868,0.1970496,0.1496852,0.0850148,0.1438728,0.325996,0.3175448,0.2125518,0.1400438,0.0953482,0.1358418,0.3297192,0.2957688,0.197959,0.1486082,0.0892712,0.1335584,0.3263964,0.2461745,0.2118594,0.1546932,0.0933428,0.1252902,0.3277072,0.3027342,0.1723777,0.1486698,0.0871218,0.122771,0.324709,0.3376414,0.2045636,0.124656,0.1074938,0.1458888,0.3257018,0.3088652,0.199276,0.150427,0.0648646,0.1145496,0.3300602,0.329598,0.1899956,0.1490724,0.0588968,0.129348,0.3278514,0.3166704,0.2955582,0.2250154,0.1435922,0.0970548,0.1305298,0.3227666
0.305484,0.1943364,0.148449,0.0909206,0.1332329,0.2868023,0.293437,0.2113748,0.1468416,0.098731,0.1410724,0.3240098,0.3240318,0.1217299,0.1486002,0.1048434,0.1261896,0.3319952,0.3347146,0.1880344,0.1448764,0.0502106,0.1135454,0.3241562,0.334124,0.2532352,0.1454408,0.1043842,0.1435548,0.321233,0.2844216,0.210294,0.1458894,0.1059686,0.1284174,0.3240824,0.35996,0.1451794,0.1512352,0.1039786,0.1285738,0.3266932,0.2874226,0.192909,0.1220712,0.0848454,0.1302016,0.328873,0.1509408,0.1955494,0.1498354,0.1049142,0.1470764,0.327566,0.3289496,0.1982,0.1497082,0.0779434,0.1429852,0.3281536,0.311065,0.0704908,0.1458298,0.0898206,0.1248666,0.3302652,0.3312076,0.199946,0.2217268,0.147196,0.1077418,0.1390424,0.3265596,0.344921,0.2048712,0.1471952,0.1041508,0.1170534,0.3265308,0.2942162,0.1655366,0.1450558,0.106447,0.1124946,0.2942305,0.3107724,0.2126232,0.1506714,0.0874936,0.1441744,0.3277144,0.2968934,0.1948568,0.1493214,0.1063618,0.1370022,0.3262596,0.2982132,0.2015366,0.1476316,0.087189,0.1436264,0.325261,0.3067924,0.2193426,0.1508994,0.0966366,0.1366628,0.3297298,0.3384112,0.1556041,0.1326994,0.1047266,0.1458026,0.328268,0.3463096,0.196236,0.1458232,0.107257,0.1461212,0.3244808,0.306229,0.2008576,0.1488382,0.1057306,0.1141762,0.321761,0.2922014,0.197027,0.148404,0.086356,0.1427542,0.3247464,0.3179588,0.2126622,0.1409654,0.0945074,0.135492,0.3294432,0.2942778,0.1969786,0.1461788,0.091063,0.134254,0.3311786,0.3232034,0.2102758,0.1539332,0.0928884,0.1262024,0.3272628,0.3028096,0.1777666,0.1473754,0.0850738,0.1224386,0.3258808,0.3386064,0.202506,0.1241844,0.107403,0.1457678,0.3258086,0.3086122,0.198948,0.1484208,0.059969,0.1158038,0.3301836,0.3292398,0.1862962,0.1484704,0.0598998,0.1269558,0.3246496,0.3156052,0.296905,0.2258254,0.1441894,0.102235,0.132414,0.3246348
0.3026716,0.1928396,0.1498996,0.0910674,0.1334161,0.3116307,0.2930708,0.2094368,0.1451648,0.0992826,0.1396986,0.3261244,0.325274,0.1267287,0.1477288,0.1055616,0.13228,0.3287334,0.333254,0.18741,0.1435468,0.0558954,0.1142878,0.3247486,0.330206,0.2517862,0.1447838,0.104983,0.143043,0.3249714,0.2808064,0.2110004,0.1475528,0.1061024,0.1267544,0.3250964,0.3583306,0.1493202,0.15161,0.1041422,0.1289544,0.3269524,0.2894908,0.1931828,0.1339442,0.0852648,0.1280694,0.3311976,0.2208891,0.193786,0.1495166,0.1043616,0.1491018,0.3269554,0.332485,0.1955184,0.1494324,0.0796824,0.144931,0.3321502,0.3096644,0.0795344,0.1472362,0.0895762,0.126651,0.3298162,0.2382482,0.2001172,0.221712,0.1474334,0.106494,0.1386284,0.3286446,0.3475158,0.2031084,0.1475224,0.104557,0.1177728,0.3257172,0.2981356,0.1683482,0.144291,0.1056282,0.1132332,0.3086468,0.3104016,0.2118152,0.148752,0.0875706,0.1455554,0.3271942,0.3147148,0.1928606,0.147808,0.1066418,0.137305,0.3295208,0.2999324,0.2024792,0.1475958,0.0878018,0.1435792,0.3211572,0.3036062,0.2179566,0.1492488,0.096655,0.1382288,0.3316972,0.3355802,0.1610189,0.1477556,0.1044038,0.1460844,0.3290466,0.3416296,0.204453,0.1453574,3.59e-05,0.1465642,0.3233668,0.3089236,0.2057136,0.148962,0.1057182,0.113608,0.322824,0.2924996,0.1954764,0.1498536,0.087972,0.1430238,0.3240398,0.3167916,0.2140482,0.1417716,0.0949658,0.1366642,0.3270866,0.2961278,0.1970364,0.147064,0.0909152,0.1373596,0.332304,0.377352,0.1459752,0.153703,0.093444,0.1223438,0.3214358,0.3013912,0.1969842,0.1484064,0.0847144,0.1191034,0.3238848,0.3332516,0.2036606,0.124056,0.1076414,0.1474196,0.3238356,0.308337,0.1975368,0.1489478,0.0740296,0.1162574,0.3276886,0.33023,0.1888734,0.1502182,0.060041,0.1300934,0.327173,0.3117804,0.2973886,0.2282818,0.1418058,0.1030472,0.1303958,0.3275006
0.304505,0.1925156,0.1499628,0.087727,0.132009,0.3159501,0.2932522,0.2086404,0.1454536,0.0995404,0.138446,0.3275266,0.3233368,0.1505144,0.1475252,0.104733,0.1331212,0.329242,0.3313476,0.1850312,0.144153,0.0568972,0.11818,0.3219968,0.3290248,0.2497092,0.1459296,0.104206,0.1450294,0.2312763,0.2831638,0.2117638,0.1482662,0.1061722,0.1242004,0.3237504,0.3535232,0.1749074,0.1501324,0.104419,0.1282504,0.3237906,0.2915988,0.1920962,0.1366178,0.084866,0.132382,0.3293026,0.2893305,0.1932598,0.1505902,0.1035036,0.149243,0.3273394,0.3299918,0.195185,0.1482448,0.0805528,0.1442928,0.3301978,0.3057708,0.0963606,0.1473164,0.0896844,0.125077,0.32582,0.2565354,0.0854107,0.2214112,0.1482812,0.1058736,0.1404154,0.3261172,0.3463954,0.2009408,0.1469034,0.1069468,0.1210144,0.3271482,0.2985606,0.167003,0.14502,0.1059022,0.113228,0.3217388,0.3089572,0.2101764,0.1485808,0.0870844,0.1427794,0.3259776,0.3165856,0.188838,0.1471828,0.1061582,0.1397432,0.3262392,0.3023538,0.2034516,0.1489516,0.0857236,0.1434898,0.3229266,0.3049178,0.2187998,0.1520092,0.0971216,0.13825,0.3283002,0.3423754,0.1894116,0.1465838,0.104826,0.1434638,0.329679,0.3410792,0.2060942,0.1482342,0.0241252,0.1458946,0.3201292,0.307334,0.2038388,0.1482744,0.1055682,0.1128374,0.324382,0.2955504,0.1948524,0.1495206,0.0916262,0.144202,0.3224212,0.3152098,0.2138956,0.1432064,0.0944808,0.134465,0.3302614,0.2999966,0.1987842,0.1462586,0.0908118,0.1352382,0.3339064,0.3784152,0.1692796,0.1538794,0.093855,0.1228128,0.3275134,0.3007546,0.199665,0.1475778,0.0847342,0.1190522,0.3278396,0.332406,0.2044366,0.137988,0.1068516,0.145914,0.3225132,0.3078698,0.1969398,0.1501392,0.0741038,0.1180886,0.3274842,0.329221,0.1865642,0.1473606,0.0588608,0.1313506,0.3237526,0.3110224,0.2951582,0.2246254,0.1437266,0.1029152,0.130196,0.3218684
0.3029808,0.1932496,0.1493344,0.0873168,0.1359164,0.3190675,0.0978391,0.208868,0.1448366,0.1004184,0.1359178,0.3296322,0.3237794,0.1590664,0.1490642,0.1060948,0.1351554,0.3242356,0.3287638,0.1856936,0.1437172,0.0576096,0.118691,0.3224426,0.3241528,0.247351,0.1474262,0.1037842,0.1437044,0.2730856,0.281168,0.2109974,0.1479722,0.1068494,0.1284404,0.321914,0.3563786,0.1768764,0.1507658,0.1040346,0.1290294,0.2785453,0.3108416,0.1893116,0.1394618,0.0852146,0.1328716,0.3304154,0.3168001,0.1926078,0.149483,0.1031848,0.1484568,0.32899,0.328709,0.1950568,0.148132,0.0803858,0.145176,0.3297526,0.30412,0.0899928,0.1487124,0.0908768,0.125043,0.3238662,0.286589,0.0839466,0.219711,0.1474774,0.1072334,0.1386862,0.3250788,0.3456382,0.2010774,0.1478034,0.1062138,0.1244616,0.3265612,0.3006436,0.1639814,0.1466524,0.1050358,0.1135002,0.3243626,0.307423,0.2112532,0.1485212,0.0871844,0.1453062,0.3274258,0.3164688,0.1874344,0.1486424,0.1067354,0.1390104,0.325311,0.308277,0.204085,0.1494116,0.0862552,0.1419246,0.3247882,0.3068036,0.2146862,0.1524424,0.0972528,0.1349394,0.3235966,0.3401212,0.2017228,0.1474702,0.1037072,0.1453416,0.3285176,0.339814,0.2038022,0.1490338,0.0677032,0.146423,0.322395,0.305367,0.215109,0.1481588,0.104727,0.1130054,0.3229514,0.2909844,0.195092,0.1503562,0.0906894,0.143788,0.3245122,0.3142326,0.2103784,0.144941,0.096926,0.1344936,0.3299834,0.2984846,0.1965968,0.1459656,0.09093,0.1341424,0.3301398,0.3863884,0.1831222,0.153281,0.0956624,0.12248,0.331377,0.300849,0.1982456,0.1485682,0.0863508,0.1210664,0.3251088,0.3303014,0.202918,0.1422558,0.1061646,0.1461386,0.3232844,0.3092698,0.1955466,0.1472434,0.075328,0.1365148,0.3282326,0.3286668,0.1864554,0.1465942,0.0586892,0.1319986,0.3225142,0.3110502,0.2946716,0.2264894,0.1428472,0.1036736,0.1296498,0.3243762
0.3025264,0.1919456,0.1481772,0.0895102,0.1363752,0.3245988,0.1290181,0.20784,0.1435912,0.097651,0.1401268,0.3285194,0.3239158,0.1642954,0.1475522,0.1050258,0.1357946,0.325679,0.32601,0.184942,0.111051,0.0582134,0.1177536,0.32424,0.3176492,0.247528,0.1484612,0.1034264,0.1462268,0.31005,0.2815588,0.212009,0.1490954,0.1061134,0.1273716,0.3220192,0.3525388,0.183648,0.149408,0.1044936,0.1290116,0.2994468,0.3119308,0.1882702,0.140298,0.0840374,0.1336954,0.3266342,0.3150107,0.1937894,0.1507052,0.1032986,0.1480572,0.3293388,0.3301972,0.193383,0.1493244,0.0804034,0.1436444,0.3269004,0.3046196,0.1109272,0.1486088,0.0898344,0.1238964,0.3264322,0.3050051,0.0987228,0.0943987,0.1487906,0.1066764,0.1424334,0.330147,0.3398342,0.1999834,0.1493568,0.1062352,0.1230808,0.3283732,0.300334,0.1795004,0.145877,0.1064692,0.1132782,0.3219882,0.3070632,0.2098522,0.147763,0.1033868,0.1426054,0.3256526,0.3292906,0.1876884,0.1491168,0.1061012,0.1410262,0.325507,0.308045,0.2028906,0.1504356,0.0862958,0.140867,0.3243192,0.3064902,0.212853,0.1523846,0.0949658,0.1384652,0.3241516,0.3410788,0.200503,0.1466636,0.10398,0.1457824,0.2762226,0.3414624,0.2012328,0.1492974,0.0711668,0.1472834,0.3241276,0.3035782,0.2129004,0.1494644,0.104847,0.1144138,0.3211938,0.2882016,0.1946532,0.152226,0.0915986,0.1413014,0.322949,0.3133992,0.2059958,0.1418098,0.0956164,0.1339762,0.3314088,0.299992,0.195726,0.1453164,0.0926552,0.1345434,0.3294686,0.3882486,0.1982434,0.1533414,0.096634,0.1222274,0.3289652,0.3041396,0.198496,0.1475034,0.0878484,0.122358,0.3309456,0.331029,0.2026666,0.1395942,0.1059732,0.1464934,0.3238508,0.307118,0.1945156,0.1481022,0.0778486,0.1370734,0.326197,0.3302996,0.1864226,0.1510828,0.0578254,0.129455,0.3248006,0.3113492,0.2234226,0.2258514,0.1463244,0.1031916,0.1301938,0.323513
0.3026808,0.1921602,0.1467576,0.0912034,0.1320024,0.3259798,0.1585203,0.2057226,0.1460608,0.0985872,0.1405208,0.3259802,0.3217116,0.1667048,0.1474784,0.1052114,0.1307696,0.2189277,0.324044,0.1886754,0.127887,0.0570786,0.1190518,0.325492,0.3243008,0.246748,0.1484384,0.1050616,0.1467108,0.3193522,0.2812274,0.2092934,0.1495484,0.0696444,0.125446,0.3253046,0.351506,0.1838744,0.1496372,0.1046726,0.130932,0.3114664,0.3244168,0.1855252,0.1411782,0.0841064,0.1326974,0.324441,0.3205199,0.192089,0.1504392,0.1037776,0.1482528,0.3286052,0.3319044,0.1921682,0.1479664,0.0824832,0.144854,0.323861,0.3056052,0.1121742,0.1020694,0.0926982,0.1234986,0.3240756,0.3194549,0.116317,0.0983679,0.1494938,0.1080306,0.141089,0.3287044,0.3380768,0.2002646,0.1488578,0.1055948,0.1215588,0.320942,0.30041,0.1804172,0.1435092,0.1069352,0.1126756,0.3235738,0.305446,0.2095084,0.149891,0.102465,0.1438254,0.3269594,0.3289854,0.187059,0.1502674,0.1063628,0.1412556,0.3288922,0.3104776,0.2008138,0.148674,0.0867782,0.140807,0.2215437,0.3076238,0.21327,0.1498586,0.0964224,0.136808,0.3247672,0.3433878,0.2111792,0.1489586,0.1033858,0.1452224,0.3140822,0.3428858,0.2049738,0.1487624,0.0715242,0.1482058,0.3241846,0.3039084,0.2129636,0.149121,0.1053226,0.115169,0.3221468,0.286413,0.194551,0.1496854,0.0932142,0.142016,0.3240326,0.3145118,0.205322,0.1410566,0.09625,0.1366056,0.3274596,0.2993902,0.1963334,0.1454264,0.093037,0.130905,0.326417,0.3851338,0.1974076,0.1542564,0.0968848,0.1212804,0.3233346,0.3059448,0.1981408,0.1490458,0.0885432,0.1196832,0.3260836,0.3281812,0.202237,0.1416104,0.106756,0.1466996,0.3231602,0.301162,0.1136282,0.1491738,0.076951,0.1356214,0.3269182,0.3276194,0.1839398,0.1521538,0.0579024,0.1330444,0.3260974,0.307171,0.252286,0.223269,0.1454248,0.103757,0.1266276,0.3254806
0.3013884,0.1890798,0.1465718,0.0906196,0.1327886,0.3260974,0.1830454,0.2031282,0.144818,0.0985854,0.1400224,0.327556,0.3220224,0.1850398,0.147716,0.104742,0.1311688,0.2660903,0.3204338,0.1881972,0.1315448,0.0567508,0.1186912,0.3252858,0.2200445,0.2444038,0.1495408,0.1035816,0.1507212,0.3195856,0.2799352,0.2119946,0.1493192,0.0856358,0.1220182,0.3259142,0.3482798,0.1937294,0.1498588,0.1040456,0.1312994,0.3103946,0.3230106,0.1874946,0.1418136,0.083041,0.134437,0.3275948,0.3229609,0.2089376,0.151325,0.1040952,0.145551,0.322724,0.3316086,0.066048,0.1471496,0.0828602,0.1431168,0.3287678,0.3037996,0.1191762,0.1348134,0.0906636,0.1244344,0.3275644,0.3432648,0.1308214,0.1325729,0.1480084,0.107944,0.1404924,0.3248748,0.33924,0.2001082,0.1496116,0.1057458,0.121822,0.3268944,0.3018336,0.2044082,0.1432542,0.1064742,0.114296,0.321463,0.3020298,0.209591,0.148074,0.1012648,0.1467832,0.3250314,0.328736,0.1859956,0.1492664,0.1070256,0.1419366,0.3244378,0.3141542,0.2036212,0.149543,0.0862826,0.1434818,0.268973,0.3086912,0.2132802,0.1488344,0.097498,0.1419376,0.3239526,0.3380358,0.212016,0.1482488,0.1033994,0.145651,0.3160016,0.3422362,0.2043102,0.1490834,0.0708424,0.1495796,0.3245584,0.3037814,0.2094624,0.1488004,0.1050226,0.1136548,0.3244012,0.2889344,0.193711,0.1500086,0.0924308,0.1429762,0.3205162,0.312025,0.2052242,0.1425948,0.0949182,0.1349502,0.2510569,0.3000314,0.1948678,0.147132,0.0923012,0.1332144,0.3281842,0.383448,0.1974704,0.1564984,0.098177,0.1226022,0.2465851,0.3013086,0.1979296,0.147886,0.0850558,0.1202918,0.3230106,0.326638,0.2008476,0.1392304,0.1072996,0.1479416,0.3223042,0.3043984,0.1155303,0.1487456,0.0768824,0.1360272,0.3274806,0.3257998,0.1832292,0.1517252,0.0590498,0.1335396,0.3269996,0.3081378,0.2555346,0.223061,0.146388,0.1041648,0.1273296,0.3263814
0.3028176,0.1889788,0.0779495,0.0877352,0.1337088,0.3281054,0.2851348,0.2032774,0.1450796,0.0291137,0.1381626,0.3283558,0.3204028,0.186149,0.1482268,0.1059278,0.1313718,0.3033984,0.3216582,0.1865852,0.1307434,0.0602178,0.114698,0.3260526,0.2720114,0.2442044,0.1486754,0.1039828,0.147061,0.3224042,0.2841442,0.2159072,0.147671,0.0897618,0.1221972,0.3256478,0.3488622,0.1915028,0.1490752,0.1035908,0.1337698,0.3106188,0.3241074,0.1859438,0.1426488,0.0824008,0.137034,0.331016,0.3220324,0.208225,0.1516298,0.1044328,0.1485682,0.3261706,0.3300954,0.1201666,0.147604,0.0808028,0.1437616,0.326993,0.307685,0.1617106,0.1426378,0.0906802,0.1237106,0.3300916,0.356895,0.1304248,0.1653585,0.1473988,0.1080728,0.139727,0.3266208,0.3393568,0.1988086,0.1490956,0.1055904,0.1176994,0.3263508,0.303245,0.2121824,0.1457104,0.1072688,0.1113694,0.3253122,0.3027504,0.2071368,0.15056,0.1022386,0.1477944,0.3278284,0.3281138,0.1846386,0.1494348,0.1064286,0.1401218,0.3240388,0.3130618,0.20209,0.1516108,0.0861492,0.1407522,0.3071616,0.3107092,0.2129982,0.1490906,0.0959056,0.1434646,0.3270764,0.3374922,0.2131034,0.1476102,0.1021324,0.1464702,0.324049,0.3440412,0.2064214,0.146838,0.0676458,0.1472404,0.317836,0.3038248,0.208939,0.1488338,0.103549,0.1136012,0.3166418,0.286639,0.1913022,0.148562,0.0904918,0.1420808,0.3231334,0.308953,0.2022372,0.1424874,0.0944318,0.1336222,0.2647076,0.3023146,0.1931782,0.149563,0.090115,0.1347404,0.3282538,0.3867384,0.2055912,0.1567536,0.0995636,0.1239224,0.2788655,0.2994764,0.1997738,0.1487078,0.082601,0.1202936,0.3281208,0.1564778,0.1989074,0.1387322,0.1086418,0.1464826,0.3269726,0.3060088,0.1179063,0.1512314,0.0742018,0.1334754,0.3225176,0.3241722,0.1834714,0.1513024,0.0613216,0.1315918,0.3247864,0.3088212,0.2699846,0.2216712,0.1479654,0.1044406,0.1263032,0.329946
0.302026,0.1891788,0.1186834,0.0900876,0.128904,0.3281946,0.2906402,0.2033466,0.1448086,0.0566824,0.1374872,0.3281952,0.3208252,0.1937122,0.0137108,0.1056828,0.1327106,0.3276046,0.3193026,0.1861068,0.132452,0.059211,0.1174328,0.3253802,0.2967608,0.2441702,0.1484966,0.1038376,0.1483676,0.3181076,0.284373,0.2147266,0.1457536,0.0990842,0.1213846,0.3202824,0.3490644,0.2026242,0.1494822,0.1023896,0.137551,0.3150186,0.3198702,0.0022134,0.1427338,0.082133,0.1362564,0.331659,0.3215134,0.2062582,0.1518002,0.104346,0.1477482,0.3270846,0.3254112,0.1350948,0.1479896,0.079795,0.1445354,0.325966,0.3053324,0.1611994,0.1406304,0.0896814,0.1261602,0.330194,0.3569004,0.134813,0.1897326,0.1465318,0.1077942,0.1411694,0.3251826,0.3374564,0.1961594,0.1485864,0.1045924,0.1205744,0.3275368,0.305491,0.2241552,0.1461116,0.0487728,0.1115736,0.3216398,0.2993158,0.2069566,0.1503232,0.1020024,0.1467996,0.3215624,0.3275584,0.18269,0.1480778,0.0284791,0.143402,0.327317,0.3124942,0.2013782,0.1504322,0.085192,0.1386698,0.3150604,0.31198,0.0803079,0.1484296,0.0930922,0.143338,0.3255816,0.3381346,0.213198,0.1470234,0.1039176,0.1460164,0.3252416,0.3445112,0.2032424,0.148651,0.0682338,0.1482336,0.3203004,0.3037646,0.2063256,0.150639,0.0404017,0.112138,0.3211012,0.2891252,0.1911468,0.14834,0.0902836,0.142386,0.3248392,0.3076398,0.201913,0.1430794,0.0983838,0.1354662,0.2881646,0.3025304,0.191779,0.146696,0.0905192,0.136289,0.3304888,0.3886202,0.214721,0.1565512,0.0988572,0.1230056,0.2898664,0.2970244,0.20004,0.150294,0.0830046,0.1185734,0.3274114,0.1815908,0.1977864,0.1384832,0.1074146,0.1451294,0.324803,0.302973,0.1184251,0.149779,0.1006298,0.135115,0.3269162,0.3212286,0.1826278,0.1514738,0.060279,0.1333834,0.3250232,0.3084726,0.290069,0.2218546,0.1480066,0.1041734,0.125669,0.327094
0.3040372,0.1876262,0.1260334,0.089429,0.1297938,0.3314554,0.291194,0.2020776,0.147827,0.086123,0.1401838,0.3272492,0.3226078,0.2000256,0.098241,0.106851,0.1319468,0.3257344,0.3216418,0.1862484,0.1316382,0.0590622,0.1167098,0.3252244,0.3096816,0.2511372,0.1472488,0.1036296,0.1471286,0.3217466,0.2831178,0.214552,0.1450552,0.0972418,0.1224882,0.3249796,0.3470852,0.219343,0.1495866,0.1044086,0.1379362,0.3146918,0.3188018,0.0376984,0.1441682,0.0809848,0.1367386,0.3327484,0.3235136,0.2036544,0.1516556,0.1038346,0.1468084,0.327607,0.3244006,0.1460522,0.146814,0.0790486,0.1445104,0.3275774,0.3042832,0.167964,0.1407358,0.0913436,0.1253566,0.3310212,0.3617264,0.1341832,0.1992198,0.1477332,0.1064452,0.1393594,0.3275316,0.3344028,0.1948098,0.1466184,0.1049704,0.1205392,0.3253014,0.3025896,0.2256192,0.1456184,0.0545449,0.1144566,0.3238428,0.297309,0.2097024,0.1503494,0.1042674,0.1475802,0.3265474,0.3243154,0.1817104,0.148802,0.0333657,0.1418584,0.326856,0.3110038,0.2049538,0.1500556,0.0825632,0.139358,0.3280738,0.3137824,0.096756,0.1481812,0.0931888,0.1428806,0.3277896,0.3370414,0.2136254,0.0726286,0.104134,0.1461496,0.3274384,0.3433792,0.203448,0.148239,0.0705138,0.1487094,0.3236062,0.3033008,0.2069496,0.1504894,0.0806876,0.1140854,0.3209666,0.285809,0.1897738,0.1495466,0.0910942,0.143241,0.3229978,0.3065746,0.2044678,0.1478072,0.0980592,0.1370598,0.3107534,0.3060332,0.1921828,0.147443,0.0902318,0.136091,0.3286846,0.385628,0.2129358,0.1529378,0.1058704,0.1235352,0.3074294,0.1694198,0.2006198,0.1502268,0.0857842,0.1203556,0.327743,0.2339189,0.1966152,0.1391476,0.107812,0.1466928,0.319715,0.301863,0.1243232,0.148686,0.098484,0.1349822,0.326353,0.3193506,0.1795052,0.1505764,0.062749,0.129139,0.3273932,0.3070446,0.291484,0.220908,0.1472974,0.104142,0.128011,0.3278606
0.306206,0.1856996,0.1270102,0.0883968,0.1292738,0.3265276,0.2959558,0.2026828,0.148369,0.1042688,0.1358744,0.3275334,0.3246346,0.201337,0.1238142,0.1062924,0.1352562,0.323335,0.321096,0.1879078,0.1330472,0.0590352,0.116413,0.3248638,0.3249165,0.249113,0.1491206,0.1029078,0.1475832,0.322422,0.2815028,0.2160942,0.1467346,0.0972492,0.1244906,0.322501,0.3469542,0.2187862,0.148846,0.1051738,0.1354084,0.316905,0.3192478,0.0925338,0.1431394,0.0816776,0.1383434,0.331105,0.3265492,0.2048334,0.1504534,0.1041712,0.147495,0.3291372,0.3239144,0.1489144,0.14683,0.079646,0.1437468,0.326523,0.3015248,0.186554,0.1430476,0.0913522,0.1260046,0.3304464,0.356479,0.1338276,0.2016156,0.14882,0.1068892,0.1404996,0.3266726,0.3371466,0.1961154,0.1470524,0.1055828,0.1206654,0.3273202,0.2994846,0.2231848,0.1449512,0.0625712,0.114057,0.3227592,0.2974172,0.2080244,0.151897,0.1059962,0.1460686,0.3253748,0.3238062,0.1804164,0.149913,0.0669257,0.1398878,0.3275164,0.308355,0.2049926,0.1488282,0.0824762,0.1415968,0.3285792,0.3165818,0.1534636,0.1468876,0.094275,0.1426338,0.3260344,0.3357918,0.2142216,0.0810948,0.1040008,0.1459984,0.3238458,0.3459,0.2001962,0.0747462,0.069721,0.1480296,0.3208556,0.3038238,0.2086388,0.1510068,0.0881638,0.1148712,0.3189508,0.2900714,0.0716266,0.1504506,0.087938,0.1403044,0.3192608,0.3037742,0.2041596,0.1465466,0.0983066,0.1352116,0.3166074,0.1198175,0.1932126,0.1452774,0.0888818,0.1383218,0.3267664,0.3867744,0.2173979,0.15413,0.105836,0.1247888,0.3217778,0.2080462,0.2014914,0.14974,0.085845,0.1165452,0.3231314,0.2499072,0.1975416,0.1372846,0.1089148,0.145508,0.3185328,0.3052808,0.1259758,0.1469116,0.0987688,0.1351548,0.3259256,0.3154868,0.1793534,0.151674,0.0664488,0.128385,0.324585,0.3053594,0.2989354,0.2198764,0.1446708,0.1040396,0.131141,0.3237532
0.3016594,0.1855466,0.1368142,0.0872154,0.1286688,0.3284654,0.3198056,0.2040902,0.1472866,0.1045454,0.1338694,0.3270676,0.328068,0.2031506,0.1436876,0.1054802,0.1253296,0.3245786,0.3261722,0.1949183,0.132708,0.058528,0.1179324,0.3256488,0.3280709,0.2486836,0.1492108,0.1025468,0.1502514,0.3219896,0.280437,0.216158,0.1454562,0.0951116,0.1218228,0.3249294,0.3498462,0.2185184,0.1517684,0.1052428,0.1333194,0.3176112,0.316626,0.0874296,0.146459,0.0833578,0.1363224,0.327272,0.3310158,0.2063404,0.1499396,0.104511,0.147481,0.2802812,0.3248958,0.14966,0.1472596,0.0776294,0.146037,0.3278808,0.3028396,0.2000212,0.1442168,0.0899186,0.1264102,0.327847,0.3544036,0.1304612,0.2027454,0.14744,0.106984,0.1384662,0.3273336,0.3330158,0.1950356,0.1476082,0.105469,0.1224382,0.323921,0.2983206,0.2230606,0.1449046,0.075247,0.1139962,0.3265924,0.3015726,0.2076358,0.150811,0.1058098,0.1436848,0.3234822,0.3230428,0.1801308,0.1498896,0.075469,0.1388496,0.3295928,0.3104208,0.2034498,0.1475294,0.0814898,0.1419972,0.3266104,0.3197978,0.1682162,0.1482,0.0927716,0.1418374,0.323563,0.3362168,0.2119138,0.0916646,0.1053142,0.1460474,0.3257768,0.34588,0.1994346,0.1037332,0.0715998,0.1485214,0.3237278,0.3032396,0.2063326,0.1508126,0.0935432,0.116244,0.3223302,0.2926646,0.0959861,0.1505566,0.0881008,0.1425502,0.326412,0.303773,0.2057588,0.1465474,0.0981054,0.135217,0.3230224,0.1741924,0.1918602,0.144969,0.090656,0.1357506,0.3291916,0.3801984,0.2174177,0.1540558,0.1065302,0.1308244,0.3190818,0.2293578,0.2033824,0.150503,0.0849722,0.11583,0.3248418,0.2876061,0.1961184,0.1371534,0.1081434,0.147811,0.3209988,0.3062998,0.1277858,0.147859,0.0998152,0.135248,0.327199,0.313894,0.1756716,0.1515266,0.0618194,0.1277464,0.3247778,0.3053658,0.2995142,0.2202268,0.1460266,0.1037334,0.1300938,0.3247908
0.3017046,0.1824824,0.1375992,0.0867214,0.1285254,0.324684,0.3227228,-0.0228169,0.1461022,0.1047338,0.1354286,0.3281366,0.3295822,0.2057654,0.1437736,0.1068468,0.129359,0.3272848,0.3230302,0.1938045,0.1344322,0.058212,0.1169328,0.3237218,0.3320289,0.2449244,0.149963,0.1030182,0.1504938,0.323018,0.2800316,0.2145092,0.0701882,0.096947,0.12395,0.3261682,0.3468542,0.2195552,0.1500478,0.1038172,0.1370894,0.3225204,0.3204974,0.0961385,0.1480104,0.0795956,0.1366074,0.3303314,0.3347858,0.206641,0.1489764,0.1032744,0.1446964,0.306711,0.322622,0.166226,0.1487136,0.077052,0.1461346,0.3278874,0.3028602,0.1986612,0.1434516,0.0908298,0.125777,0.3265454,0.348493,0.1312672,0.2029356,0.1467948,0.1077618,0.1378562,0.3224686,0.3334746,0.1937324,0.1480126,0.1052242,0.1245626,0.3237092,0.2977596,0.2211078,0.0613815,0.0772054,0.1158666,0.3245656,0.3041844,0.2054086,0.1410188,0.103858,0.1461002,0.3263088,0.3201866,-0.0198996,0.1491602,0.0789598,0.1411346,0.3244324,0.3095546,0.201774,0.150637,0.0817428,0.1395218,0.3293956,0.3192878,0.1671268,0.1497788,0.0939566,0.1400642,0.324372,0.3352526,0.2124046,0.0963444,0.1050984,0.1457976,0.3264316,0.3424932,0.2000172,0.1397266,0.0739118,0.1448434,0.3222354,0.3066286,0.20555,0.1464698,0.095735,0.118502,0.3231762,0.2932752,0.1122281,0.150844,0.0862258,0.1443932,0.323763,0.3045136,0.2052626,0.1477746,0.0975916,0.1338372,0.3240662,0.2090797,0.192416,0.1458744,0.090833,0.134643,0.328589,0.3858598,0.2179335,0.1539056,0.1054388,0.12855,0.3224982,0.2702909,0.2020236,0.1490056,0.0854412,0.1150136,0.3251124,0.2916272,0.0595478,0.1397572,0.1070848,0.1472514,0.3213862,0.3076978,0.1442731,0.149443,0.100732,0.1339264,0.3320896,0.3128846,0.1773708,0.1518182,0.0589738,0.1230494,0.3210772,0.3041794,0.3042264,0.2186676,0.1474642,0.1050566,0.1323204,0.3238354
0.3018196,0.1809818,0.1373388,0.0888018,0.1233176,0.327955,0.3247424,-0.0145621,0.1459014,0.1047616,0.1321318,0.3278128,0.3308106,0.2038208,0.147583,0.1070862,0.124616,0.3286262,0.3215482,0.1879385,0.1345346,0.0570102,0.1154376,0.3254184,0.3312682,0.2454304,0.1494326,0.1035022,0.147459,0.319628,0.2806864,0.2125338,0.0982294,0.0968062,0.1245568,0.3300038,0.3435904,0.2236416,0.1501492,0.1040486,0.1369944,0.323124,0.3192986,0.1181805,0.1479036,0.0864584,0.1359948,0.3310496,0.3319012,0.2072876,0.1497346,0.1038994,0.1461914,0.3122746,0.3215294,0.1730806,0.148125,0.0773828,0.1466322,0.3232294,0.3064698,0.1983896,0.1450516,0.0913362,0.1278572,0.3258436,0.3482472,0.1612938,0.2042876,0.1461716,0.107772,0.1399676,0.3229746,0.3326684,0.1932864,0.1500112,0.1048732,0.1224998,0.323408,0.2975348,0.218377,0.1376314,0.0759036,0.113066,0.3219618,0.302361,0.05508,0.1447134,0.1040696,0.1494856,0.3271432,0.3191278,0.0491572,0.1498948,0.0805668,0.1416222,0.33004,0.31047,0.200654,0.1517606,0.0763426,0.1383814,0.3250912,0.3206328,0.182977,0.1482618,0.094714,0.1416926,0.3282066,0.2500384,0.2120224,0.1169228,0.1057664,0.1467404,0.3305884,0.3427864,0.2031876,0.1410178,0.0750384,0.1473692,0.3231178,0.3067632,0.2063054,0.1473574,0.0963922,0.1182346,0.3239286,0.29268,0.1192352,0.1522902,0.0861374,0.1416526,0.3221204,0.3041124,0.2051618,0.147536,0.0968746,0.1355548,0.3245028,0.2126958,0.193613,0.1461136,0.0877438,0.135843,0.3304996,0.3852612,0.2216217,0.153766,0.106765,0.1295518,0.3190566,0.282222,0.2003542,0.1488702,0.0847186,0.1166074,0.3235392,0.3097376,0.0688976,0.139814,0.1075038,0.147946,0.3217054,0.3032496,0.1571614,0.1495016,0.0998192,0.132917,0.329966,0.3132008,-0.0299405,0.1514378,0.0618126,0.127154,0.3279842,0.3073976,0.3066724,0.2163718,0.1469264,0.1056014,0.1248192,0.3230222
0.3015372,0.181936,0.1382408,0.0443968,0.1244646,0.331415,0.3242628,0.0276574,0.1435816,0.1049058,0.1317884,0.3297852,0.3287914,0.2043022,0.14526,0.1075974,0.1261104,0.3256352,0.3219824,0.1871843,0.1367706,0.060785,0.1160288,0.3226788,0.3397786,0.245384,0.150077,0.1028828,0.147764,0.3192842,0.2851768,0.2117246,0.1435946,0.0959956,0.123183,0.329071,0.3426386,0.2241772,0.149771,0.1058998,0.1360842,0.3235768,0.3210366,0.1311866,0.1481974,0.0855468,0.1357512,0.3300868,0.333015,0.2059086,0.0938117,0.1048768,0.1460826,0.3237188,0.3246846,0.1773086,0.149614,0.0769158,0.1456466,0.3271992,0.3066338,0.1998322,0.143838,0.0914208,0.1281684,0.3272676,0.3485398,0.16562,0.204679,0.1469884,0.1068952,0.1406562,0.32387,0.3325216,0.192408,0.1477806,0.10357,0.1218664,0.3234316,0.2987576,0.2174674,0.1441934,0.074971,0.1151546,0.3233836,0.301828,0.0686006,0.145237,0.102901,0.1512672,0.325682,0.3215556,0.0858702,0.149934,0.0782534,0.1420678,0.3273742,0.3110082,0.1989262,0.1500586,0.0812492,0.1420176,0.326611,0.3170678,0.1825878,0.0694166,0.0953472,0.1425646,0.3292462,0.2870197,0.2124396,0.1138764,0.1055314,0.1480842,0.3240986,0.3465384,0.2056248,0.1438658,0.074094,0.1485052,0.3218736,0.3102224,0.2051328,0.145795,0.093296,0.1185704,0.3211944,0.2933782,0.1628134,0.1513468,0.0865738,0.1418602,0.3245718,0.3036506,0.203356,0.1468418,0.0965066,0.137634,0.3211734,0.2230515,0.1933676,0.1478694,0.0898946,0.1352796,0.330566,0.3829638,0.2226052,0.1515872,0.1052454,0.1282364,0.3159388,0.2784914,0.1983896,0.147657,0.0839848,0.1168166,0.3253514,0.334831,0.1241982,0.1388558,0.108233,0.1467236,0.3230458,0.3021714,0.1561726,0.1477242,0.0995872,0.134215,0.234238,0.3092824,0.0073971,0.150615,0.0607506,0.128268,0.3285876,0.3058464,0.3100178,0.2181082,0.1451434,0.1049288,0.1265718,0.326348
0.301699,0.182455,0.1386486,0.0834014,0.1260038,0.3299126,0.3275568,0.0285621,0.1473606,0.1059848,0.1299042,0.326785,0.3285714,0.2049458,0.147965,0.1070476,0.1252684,0.3286238,0.320892,0.1869831,0.136386,0.0563506,0.1188284,0.327342,0.3385192,0.2459952,0.1491174,0.1033832,0.1459566,0.322674,0.2838784,0.211793,0.1481468,0.0959234,0.1242544,0.3258406,0.3407666,0.2231814,0.1527496,0.1046226,0.137251,0.3211356,0.316941,0.1321276,0.1457756,0.0860448,0.1504138,0.3284814,0.3325286,0.2046764,0.1111169,0.1043634,0.1463692,0.324692,0.3232142,0.1797914,0.1490876,0.0741004,0.1483942,0.3296164,0.3029342,0.201488,0.1453132,0.0917056,0.1265506,0.3277882,0.3479176,0.164001,0.1935352,0.147211,0.10707,0.140504,0.3263808,0.338072,0.1922866,0.1455676,0.1047582,0.1239282,0.3264396,0.2961588,0.2188866,0.1453006,0.0743822,0.1150942,0.3216522,0.3011888,0.0835026,0.1468136,0.1039908,0.1469686,0.3236892,0.322062,0.1235106,0.1487486,0.0793456,0.1410498,0.3280264,0.3083956,0.0163692,0.1506048,0.082599,0.1430152,0.3299858,0.3204316,0.1793934,0.0907326,0.0769103,0.143528,0.3284612,0.299595,0.2116102,0.1166778,0.105924,0.1467476,0.3244936,0.3477568,0.2060716,0.145458,0.0752812,0.1482784,0.3257982,0.3098332,0.0728398,0.1470608,0.0949052,0.1188184,0.3255666,0.2882498,0.1687216,0.1514396,0.0870976,0.1423316,0.328285,0.3032656,0.1993026,0.1456066,0.0965712,0.1373254,0.3221422,0.2689099,0.1936336,0.1477108,0.0928528,0.1361442,0.331621,0.3807804,0.2216872,0.1514958,0.1046274,0.1288028,0.3235162,0.2798832,0.1990934,0.0701084,0.085033,0.1132548,0.326312,0.3308386,0.1556801,0.1400352,0.107914,0.1478706,0.3241536,0.303942,0.1867288,0.150172,0.1018898,0.1360818,0.3026862,0.3121118,0.0193015,0.1503796,0.057613,0.1299292,0.325545,0.3055772,0.310501,0.0916811,0.1474384,0.1053334,0.1271438,0.3248592
0.3029482,0.1805248,0.138004,0.083685,0.1287134,0.327224,0.328018,0.0327654,0.1474638,0.1063834,0.1308616,0.3239796,0.3298636,0.2055164,0.1477104,0.1069156,0.1218526,0.3260168,0.3227296,0.1730268,0.1493364,0.0543744,0.1217478,0.3283036,0.3390914,0.241993,0.1488704,0.1029026,0.1470842,0.325407,0.283248,0.2105928,0.1450884,0.0946082,0.123087,0.3226568,0.3389014,0.2217,0.1534236,0.1041522,0.136744,0.3221102,0.3163016,0.132552,0.1458776,0.0872376,0.1484914,0.3250922,0.3327528,0.205208,0.1252731,0.1046798,0.146887,0.3257194,0.32049,0.1837152,0.1488138,0.0602567,0.1482024,0.3265366,0.300317,0.2038486,0.1456172,0.0901504,0.1245922,0.3228424,0.3515084,0.1630374,0.1921596,0.1493338,0.1058144,0.1403022,0.3233064,0.3425022,0.1910668,0.1466186,0.105141,0.1255054,0.3284054,0.2941944,0.218615,0.1449472,0.0767288,0.1145938,0.3177144,0.2984142,0.0858722,0.1462134,0.1045592,0.1467516,0.3274154,0.3212554,0.1576944,0.1470564,0.0786922,0.1408038,0.3257272,0.3084974,0.0351545,0.0604579,0.0817206,0.141374,0.3281656,0.3226766,0.2016294,0.0839152,0.0883236,0.1412054,0.3243402,0.3166046,0.2128746,0.1172194,0.1059714,0.1459546,0.3276962,0.3423558,0.2060202,0.1463094,0.0782454,0.1505296,0.3209884,0.3108358,0.113622,0.146695,0.0975508,0.1204244,0.3226164,0.288272,0.1745358,0.0092409,0.0879728,0.1455274,0.3277478,0.3074404,0.1970792,0.1461478,0.0969634,0.138535,0.3241494,0.2648161,0.1931022,0.1485938,0.092431,0.1348736,0.326456,0.3820692,0.2216634,0.1531598,0.1039758,0.125977,0.3230168,0.2800628,0.1994176,0.1213748,0.0849524,0.116852,0.324135,0.33522,0.1672965,0.1391482,0.1065724,0.1471018,0.3242102,0.1622221,0.1862952,0.152068,0.1011492,0.134104,0.306076,0.3125982,0.0365304,0.1506852,0.060067,0.1306216,0.3238574,0.3050332,0.3076554,0.1263823,0.147126,0.1048544,0.1262978,0.3266182
0.303505,0.181489,0.1399654,0.0860724,0.1287888,0.325439,0.3282114,0.0393542,0.1450262,0.1042032,0.1301578,0.3280872,0.326726,0.2072646,0.147607,0.1059412,0.1220112,0.3253916,0.3217528,0.1702192,0.150465,0.0523264,0.119758,0.3285326,0.3407672,0.2390158,0.1470378,0.1036494,0.146217,0.319725,0.285234,0.2106738,0.1460398,0.0947362,0.1247326,0.3197602,0.3401064,0.2251446,0.151557,0.103874,0.133136,0.321252,0.3165722,0.16264,0.1483226,0.0860778,0.1480954,0.3231384,0.3337974,0.2037036,0.1269142,0.1038754,0.1484632,0.324873,0.3218192,0.1853312,0.1492668,0.0789456,0.1461028,0.3273078,0.302008,0.205902,0.146881,0.0906876,0.12517,0.3294574,0.3512876,0.1646672,0.1971618,0.1483282,0.1074364,0.1373216,0.3263184,0.343106,0.0610365,0.1451066,0.106353,0.1247304,0.3283108,0.2947252,0.2156714,0.1441804,0.0759682,0.1128924,0.3202408,0.2992756,0.1225054,0.1460676,0.1042298,0.1496136,0.3280998,0.3197582,0.1583644,0.1475822,0.0782064,0.140367,0.3256958,0.3075104,0.0690767,0.1288924,0.0815208,0.144182,0.3251554,0.3225272,0.2020542,0.0949448,0.0961504,0.142912,0.3200262,0.3252224,0.2134906,0.1295298,0.105063,0.1457822,0.3302222,0.3431822,0.2078084,0.1463174,0.0741884,0.1478896,0.3244484,0.3139014,0.125112,0.1467042,0.0976834,0.11836,0.3239902,0.286974,0.173504,0.0596653,0.0903342,0.144379,0.3231906,0.308403,0.1988684,0.147257,0.0955834,0.1378386,0.3253244,0.290268,0.1921516,0.148179,0.0929118,0.137355,0.325829,0.3820676,0.221379,0.1524416,0.1058732,0.1263146,0.3278092,0.2819518,0.1987968,0.1282102,0.0857698,0.122558,0.32462,0.336867,0.1680617,0.1378668,0.1055778,0.14718,0.327616,0.2151522,0.193138,0.1506292,0.1006922,0.132728,0.3187816,0.3135202,0.0576788,0.1514318,0.0590664,0.1283962,0.328837,0.3035886,0.3091404,0.1585519,0.145861,0.1054642,0.1269796,0.3239486
0.3024854,0.1839894,0.1382824,0.1025524,0.1275688,0.3234806,0.3310722,0.0891328,0.1472426,0.105081,0.1327804,0.3274658,0.326898,0.2102772,0.1475208,0.106389,0.1236526,0.328836,0.2143416,0.1810558,0.1500044,0.053451,0.1169892,0.3272354,0.3380462,0.240169,0.1468592,0.1039052,0.1475404,0.3257662,0.2847682,0.2097328,0.1473016,0.0945606,0.12318,0.3243678,0.3428486,0.2258266,0.149125,0.1041798,0.135556,0.3248912,0.3183058,0.1645142,0.1472632,0.0862968,0.1465712,0.326183,0.3334376,0.2039786,0.142223,0.103708,0.1463916,0.3279464,0.3207686,0.1840796,0.146896,0.0781038,0.1457584,0.3298958,0.3008588,0.2047234,0.1463572,0.089248,0.1276462,0.3261446,0.3523718,0.1628354,0.197842,0.148588,0.1063904,0.1357088,0.3278438,0.3407312,0.0665269,0.1457328,0.1058922,0.1215608,0.3272046,0.293757,0.2158634,0.1448152,0.0781818,0.1192902,0.324493,0.20029,0.1469928,0.1445818,0.1042036,0.1462284,0.3248024,0.316821,0.1592964,0.1469828,0.0771524,0.1377844,0.3275302,0.3063046,0.0840981,0.137005,0.0819442,0.1444358,0.3299856,0.3228556,0.203988,0.0949638,0.0974332,0.1419672,0.3248612,0.3575524,0.2135414,0.1381844,0.1051432,0.1441266,0.3278384,0.3420658,0.212002,0.1456518,0.0771518,0.1470072,0.3215708,0.314554,0.1360458,0.1446996,0.097709,0.1150054,0.3246318,0.2870018,0.1728356,0.0951905,0.0902438,0.1447848,0.3237246,0.3105492,0.1979366,0.147723,0.0950784,0.1385106,0.325556,0.3047706,0.1909546,0.1486762,0.0892804,0.1363944,0.329282,0.3810266,0.219849,0.152031,0.1053374,0.1290322,0.3261588,0.2989414,0.1963382,0.1303284,0.0855448,0.1227142,0.3288626,0.338238,0.1687637,0.1376302,0.106408,0.1493022,0.3280414,0.2679143,0.1924898,0.1492702,0.1001508,0.1304492,0.3247458,0.3088332,0.0823226,0.1529042,0.0633864,0.1303978,0.3281354,0.3033196,0.3194268,0.1677139,0.145871,0.1044954,0.1278276,0.3230696
0.3047194,0.183547,0.1436422,0.103978,0.126873,0.3282502,0.3306918,0.123965,0.1457322,0.1046814,0.1322664,0.324503,0.32837,0.2130522,0.1486174,0.1071076,0.1232954,0.3257064,0.2237854,0.1817046,0.1491304,0.057039,0.1193956,0.3270268,0.3382932,0.2394772,0.1477318,0.1031268,0.1491714,0.3247736,0.280785,0.2071892,0.1442206,0.0934504,0.1227806,0.3245568,0.3366062,0.2242568,0.0703812,0.1045242,0.1320744,0.324117,0.3177002,0.1659798,0.1488046,0.0864818,0.1470328,0.3278104,0.3338704,0.2038812,0.1456406,0.1039662,0.1465162,0.328831,0.3226514,0.183071,0.0697126,0.090019,0.1451736,0.3313244,0.299533,0.2024812,0.146257,0.0886228,0.1297776,0.3240874,0.352246,0.161911,0.2196136,0.1483532,0.1065076,0.1360014,0.324397,0.3353066,0.0792956,0.1457134,0.1064898,0.1230142,0.3264662,0.29356,0.2143886,0.144371,0.0737078,0.1220518,0.3233504,0.2099924,0.1474816,0.148694,0.1062796,0.1492014,0.3249476,0.313068,0.161604,0.1477858,0.077211,0.13965,0.3259626,0.3066476,0.1115728,0.1406342,0.0819852,0.1419366,0.3272024,0.324434,0.2066846,0.095452,0.0977606,0.1440554,0.3272268,0.3557216,0.210477,0.1392958,0.1040924,0.1456404,0.3249338,0.340966,0.2145016,0.1461772,0.0747282,0.146822,0.3259958,0.3168252,0.1673907,0.1455792,0.0966228,0.116695,0.3262178,0.2884,0.1890086,0.1207962,0.0907332,0.145848,0.3268122,0.3124242,0.1956228,0.147833,0.0952908,0.1365858,0.3203686,0.3064846,0.1908522,0.1494934,0.088376,0.1351402,0.3251742,0.3757704,0.2209976,0.0790506,0.1066314,0.1267114,0.3243236,0.3030692,0.195476,0.1319678,0.0852874,0.12527,0.328273,0.3397784,0.1876654,0.1408088,0.1061276,0.146857,0.3265876,0.2895845,0.190699,0.1476878,0.1004956,0.1322398,0.3236144,0.3057442,0.1122109,0.153401,0.073371,0.1308314,0.3216888,0.3014262,0.3211042,0.1889704,0.144512,0.1041308,0.1288016,0.3237164
0.301533,0.1819224,0.1445704,0.103043,0.1223526,0.3267606,0.331881,0.161752,0.1470108,0.1046234,0.1349078,0.2660654,0.3247758,0.2121982,0.147511,0.107667,0.1240592,0.324331,0.2592792,0.1794381,0.1473646,0.0570584,0.118011,0.3242452,0.3372244,0.2377158,0.147243,0.102589,0.1454704,0.3240166,0.2823124,0.2064542,0.144567,0.0946388,0.1234908,0.3242734,0.3301514,0.2205358,0.0750732,0.1041514,0.1320958,0.3255766,0.3156312,0.165451,0.1489476,0.085561,0.1490302,0.3283384,0.335281,0.2031744,0.1458816,0.102897,0.1463876,0.3234882,0.3219746,0.2169312,0.1163452,0.100968,0.1445862,0.3280368,0.3012734,0.2019922,0.1477242,0.0901046,0.1286128,0.324336,0.355475,0.1610396,0.2206228,0.1489988,0.1068762,0.1396458,0.3234644,0.1771833,0.0893878,0.1444258,0.1060702,0.1240984,0.3262778,0.2919082,0.2147144,0.1439844,0.0750064,0.1221692,0.3273564,0.2621818,0.1545735,0.1484158,0.1054352,0.1473778,0.328149,0.3093374,0.1612066,0.1490508,0.0782112,0.1390078,0.325338,0.3090856,0.1137203,0.139411,0.080749,0.1422836,0.3296986,0.3232506,0.2064804,0.115838,0.098364,0.1447914,0.3283294,0.357716,0.2094046,0.1387638,0.1039662,0.1460616,0.3305716,0.3407176,0.21547,0.1479544,0.0757088,0.1477922,0.3250558,0.314996,0.1690011,0.1458148,0.0974752,0.1182802,0.326232,0.2887572,0.1931804,0.1228732,0.0910554,0.1475852,0.325962,0.313343,0.1939172,0.1492856,0.095831,0.1354592,0.32178,0.3071006,0.191132,0.146949,0.0805258,0.1336834,0.327326,0.3758844,0.219806,0.131307,0.1057062,0.1261666,0.3213436,0.3047106,0.1943534,0.1278486,0.0841076,0.1262814,0.3206406,0.3387794,0.188149,0.1433734,0.107581,0.1456318,0.3223808,0.304938,0.190667,0.1478606,0.0996276,0.1334944,0.3291136,0.304013,0.116139,0.1530174,0.0749814,0.132538,0.3203628,0.299912,0.3210928,0.1904504,0.1439166,0.103883,0.1248518,0.3261044
0.301719,0.1785058,0.1437964,0.1040394,0.1229302,0.3284296,0.3293054,0.1621158,0.1473248,0.1050334,0.1323598,0.2833544,0.3238898,0.2101688,0.1469502,0.107564,0.1155794,0.326493,0.269775,0.1775758,0.146142,0.0572732,0.1205758,0.3250498,0.3361294,0.2352842,0.1474256,0.101865,0.1476884,0.3244708,0.1828628,0.2057084,0.1457406,0.0930726,0.1224918,0.3263988,0.3329528,0.2219064,0.1146726,0.1046274,0.1329692,0.3242586,0.3139786,0.1683776,0.1487418,0.0904694,0.1476738,0.2879378,0.3332676,0.2045406,0.1462676,0.1028674,0.1465414,0.3228344,0.2472414,0.2174456,0.1200908,0.1011046,0.1451932,0.3265734,0.302115,0.2021132,0.1472396,0.0893038,0.1282232,0.3232654,0.3538708,0.1781184,0.2233826,0.1495336,0.107228,0.136713,0.3248036,0.2705017,0.1040114,0.0741635,0.1066486,0.1220206,0.3253686,0.2891192,0.2144886,0.1435108,0.0745456,0.1248026,0.3253006,0.2737678,0.1566191,0.1457148,0.1052298,0.147378,0.3306642,0.31149,0.167617,0.1473612,0.0852878,0.1411614,0.3277454,0.3110322,0.1210912,0.1406832,0.031972,0.1435002,0.3258908,0.32525,0.2031452,0.1241684,0.0983286,0.1438698,0.3256936,0.3571064,0.210684,0.1407772,0.1039236,0.1449434,0.3304496,0.3416598,0.2135438,0.1486208,0.0752942,0.1475932,0.325703,0.31517,0.1669693,0.1465414,0.097415,0.1207308,0.3281356,0.2888554,0.20622,0.1266318,0.0908562,0.143608,0.322821,0.3134062,0.0660336,0.1487356,0.0963524,0.1336452,0.3236058,0.3217216,0.192441,0.1488258,0.0839662,0.1334482,0.3257546,0.375493,0.2186782,0.134743,0.105441,0.125258,0.3250066,0.3081232,0.1927244,0.127351,0.0831548,0.1270094,0.3243934,0.3370038,0.1912372,0.1430644,0.107195,0.1499246,0.3201402,0.3267836,0.1891906,0.1489672,0.0993032,0.1337408,0.3275712,0.3031152,0.1185112,0.1530184,0.0741284,0.1333756,0.323692,0.2977456,0.3187906,0.1954724,0.1452112,0.104859,0.1227482,0.324745
0.3019894,0.180542,0.1441908,0.1041056,0.1243366,0.3231008,0.3296586,0.1608506,0.0391567,0.1046204,0.131593,0.2904882,0.3184872,0.2105786,0.147757,0.1075596,0.1106526,0.3262816,0.2690012,0.1903156,0.1482306,0.0566904,0.1203494,0.326608,0.3331488,0.2355512,0.147355,0.1017228,0.148213,0.3258272,0.2375116,0.2072034,0.1476128,0.0963928,0.1199856,0.2494015,0.3413416,0.222102,0.130348,0.1048676,0.1363988,0.3247414,0.3155062,0.1854502,0.146646,0.0926752,0.1489358,0.306258,0.336152,0.2034894,0.144634,0.1038802,0.1478648,0.3238316,0.2781316,0.2151826,0.1191846,0.1018618,0.1438224,0.3273198,0.3023592,0.200559,0.1467408,0.0889694,0.1301636,0.3236342,0.353453,0.1784494,0.2224276,0.1490934,0.1070466,0.1379726,0.3276892,0.3161269,0.1110162,0.1127784,0.1079658,0.1241892,0.3290504,0.286751,0.2137038,0.14488,0.0731702,0.1245972,0.328498,0.3073746,0.1588542,0.1474834,0.1061398,0.1459962,0.3253476,0.3117046,0.1694068,0.1470448,0.0855734,0.14089,0.3272966,0.3086774,0.1321736,0.1386864,0.0700213,0.1401346,0.3300528,0.3237964,0.2015504,0.1271552,0.0986684,0.1432234,0.3252466,0.3557768,0.211306,0.1399208,0.1049336,0.145572,0.3271582,0.3451296,0.211316,0.149548,0.0729106,0.1501,0.325249,0.3133788,0.1880489,0.1461976,0.0969502,0.1158854,0.324895,0.2874982,0.2073984,0.1293806,0.088157,0.1444298,0.3252436,0.3153028,0.1080018,0.1485332,0.0960426,0.134039,0.3249866,0.3240806,0.190843,0.1483144,0.0866334,0.133377,0.3262754,0.3752596,0.2200658,0.1442978,0.1066168,0.124341,0.3218762,0.3093676,0.1936674,0.1238828,0.0830252,0.1288376,0.3290632,0.3381524,0.1930946,0.1424176,0.1062062,0.149441,0.3200162,0.3274916,0.1889024,0.1477508,0.0984276,0.1345336,0.3319382,0.3039536,0.1144898,0.1494072,0.073977,0.1329978,0.3226386,0.2971368,0.3205372,0.2134104,0.144676,0.1041576,0.121567,0.3270376
0.3020942,0.1946328,0.1433916,0.1033954,0.1247422,0.3272146,0.3277024,0.1600522,0.0792847,0.1057594,0.1302224,0.3219172,0.3163908,0.2135918,0.1458878,0.1071568,0.1112122,0.3230964,0.28991,0.191086,0.1480058,0.0568076,0.1170628,0.3246446,0.3350882,0.2339072,0.1484554,0.1034184,0.1509762,0.3274064,0.2553748,0.2063886,0.1482114,0.09426,0.1212558,0.2850834,0.2230367,0.218738,0.1326376,0.1050784,0.1384714,0.3239864,0.3152298,0.184362,0.1479176,0.0935874,0.1499542,0.3209228,0.3364862,0.2033884,0.1454256,0.1030492,0.1479538,0.3249698,0.2924188,0.2159168,0.1212388,0.101962,0.143235,0.3289372,0.3011958,0.2000936,0.1479832,0.0904796,0.1252628,0.3232806,0.353658,0.17859,0.223361,0.1488784,0.107101,0.1384644,0.3259438,0.3280649,0.1353152,0.1137552,0.1064982,0.120161,0.3318758,0.2851284,0.2150292,0.143892,0.0735682,0.120411,0.3285208,0.3099176,0.1662788,0.1465788,0.1058438,0.148368,0.3294806,0.309871,0.1765852,0.0306687,0.087444,0.1413108,0.3263788,0.3102246,0.1510806,0.1380002,0.0765257,0.1411836,0.330371,0.3246328,0.2065324,0.1278638,0.0990026,0.1446728,0.328864,0.352607,0.2119104,0.1415348,0.1031054,0.1444522,0.3263534,0.3446206,0.2106396,0.1491312,0.0721938,0.151058,0.3221642,0.3137856,0.1894152,0.148044,0.0953262,0.1157706,0.3223334,0.2859954,0.2073266,0.127984,0.0910512,0.1435938,0.3287426,0.3153068,0.1263983,0.1487826,0.0969126,0.1342968,0.3230226,0.3247614,0.1919276,0.0832424,0.0889966,0.1359858,0.3268784,0.3768882,0.219393,0.1439554,0.106918,0.1242168,0.3204204,0.305816,0.1940472,0.1251854,0.0828424,0.1285034,0.3278404,0.3358668,0.1938098,0.144455,0.1072518,0.1488236,0.3171328,0.3288044,0.1896232,0.147977,0.09821,0.1315728,0.3350324,0.3046068,0.1151594,0.1497488,0.0741008,0.1314296,0.3267556,0.298175,0.321084,0.2141186,0.1483042,0.1045998,0.1209308,0.3255688
0.298442,0.194866,0.1411428,0.104235,0.125191,0.3252254,0.3304106,0.1619074,0.0861496,0.1056,0.132749,0.3286566,0.3201948,0.2108882,0.1448316,0.1067672,0.110345,0.3249408,0.3271282,0.1902114,0.1462164,0.0623116,0.1181316,0.3224106,0.334221,0.2327768,0.149874,0.104052,0.150178,0.330034,0.2918084,0.2053954,0.1464622,0.0944592,0.12449,0.2893752,0.2692814,0.216927,0.1452602,0.1039312,0.136685,0.317313,0.3127642,0.1876722,0.1510932,0.0956162,0.1472542,0.3176558,0.3359388,0.2041382,0.1468836,0.1025664,0.1473924,0.3258134,0.3338638,0.2157246,0.12129,0.1024438,0.1452932,0.3279922,0.2990878,0.1994924,0.1459342,0.0914048,0.1271792,0.325961,0.3531694,0.1787498,0.2207584,0.148871,0.1079146,0.138282,0.3276504,0.3294161,0.1386126,0.1342448,0.1072528,0.1209536,0.3307002,0.2847666,0.216552,0.1430834,0.0733382,0.1191884,0.3286896,0.3242692,0.1643936,0.1468116,0.105426,0.1494146,0.3280278,0.3123042,0.1740968,0.0810258,0.0806372,0.141506,0.3272264,0.3108762,0.1663674,0.1387566,0.0808239,0.1426836,0.326301,0.3228168,0.2071646,0.1297908,0.096435,0.143751,0.3302412,0.3561502,0.2109462,0.143596,0.1036708,0.1453872,0.3249572,0.341734,0.2094768,0.146755,0.0744026,0.1496122,0.3246794,0.3151616,0.1883114,0.1476168,0.094858,0.118362,0.3218182,0.2856274,0.2042406,0.1280188,0.0916936,0.145106,0.3305716,0.3133822,0.1424648,0.1491782,0.0358374,0.134922,0.3233798,0.3264412,0.1908256,0.1191748,0.103437,0.134278,0.3279846,0.3750364,0.2212964,0.143391,0.1068176,0.1254798,0.3198076,0.3177932,0.1932764,0.1273072,0.0846792,0.1291822,0.3273992,0.3362382,0.1942214,0.1438314,0.106394,0.1492546,0.3198014,0.33234,0.18838,0.0800662,0.0983108,0.13498,0.333549,0.3035172,0.1202218,0.0085491,0.0755728,0.131541,0.3273574,0.2360872,0.3208732,0.218309,0.147981,0.1052246,0.1235356,0.3281886
0.3005658,0.1947002,0.14447,0.1034062,0.1240188,0.3275196,0.3312046,0.170336,0.1050478,0.1050932,0.1352178,0.326161,0.3178917,0.2093314,0.1469074,0.105629,0.110666,0.3283586,0.3253294,0.1925688,0.1463428,0.0619004,0.1178344,0.324216,0.3313334,0.2316278,0.1506068,0.1033354,0.149023,0.3300912,0.2954172,0.2051252,0.1469672,0.0944208,0.1249204,0.309631,0.2918316,0.21551,0.144374,0.1044664,0.1315308,0.318933,0.3115542,0.1867316,0.1496712,0.0912602,0.1469216,0.3229854,0.337525,0.2029198,0.1456252,0.1028052,0.1476408,0.3271512,0.3368768,0.2169094,0.1220122,0.101455,0.1449656,0.3278406,0.2975408,0.1998228,0.146172,0.0883284,0.1260714,0.3260038,0.3520366,0.1824414,0.222557,0.1466236,0.108224,0.1378512,0.3227464,0.3277645,0.1399156,0.14321,0.1057298,0.1213228,0.3274118,0.2886162,0.2133572,0.1454072,0.0730272,0.1196296,0.3286782,0.3262964,0.1818392,0.147579,0.1047144,0.149551,0.2785636,0.3138342,0.1776778,0.0961314,0.079774,0.1404152,0.3279082,0.314633,0.1698158,0.138077,0.0848998,0.1422204,0.3268158,0.3245866,0.2056242,0.1288886,0.0952432,0.144894,0.332524,0.3546678,0.2109488,0.1444638,0.103486,0.14395,0.3263318,0.3392592,0.2088452,0.1484076,0.0733886,0.149377,0.3237196,0.1196436,0.1863522,0.1481184,0.0955524,0.1170874,0.3233684,0.135187,0.2051914,0.1333796,0.1042584,0.1433808,0.3260694,0.3109522,0.1445469,0.1472074,0.0451312,0.136011,0.3199278,0.3276752,0.0615715,0.1343996,0.102305,0.134358,0.3297914,0.3745814,0.220935,0.14388,0.106332,0.1245046,0.321216,0.3187676,0.1924522,0.12671,0.0847236,0.1271814,0.3254548,0.3356564,0.2067134,0.1409644,0.1063944,0.1494386,0.3235704,0.334105,0.1866172,0.1213848,0.0977694,0.1345438,0.3321492,0.3037598,0.1373458,0.122294,0.076746,0.1314558,0.3294188,0.2399238,0.320394,0.218922,0.1492618,0.1054202,0.1267932,0.3260068
0.3008224,0.19354,0.1440584,0.1036132,0.125814,0.324939,0.3306608,0.17399,0.1028032,0.1062082,0.1327768,0.3264002,0.3220327,0.2064092,0.1494828,0.1066856,0.113124,0.327832,0.3230358,0.1909032,0.1460774,0.060342,0.1170476,0.3260268,0.330908,0.232316,0.1498736,0.1030118,0.1487406,0.329139,0.290111,0.2043576,0.146193,0.0943842,0.1206596,0.3270538,0.3558852,0.2156548,0.146956,0.1049458,0.1305702,0.3218668,0.3143928,0.184418,0.150323,0.0912268,0.1476602,0.3211236,0.3330976,0.0288582,0.1454584,0.1021052,0.1450004,0.329045,0.3367224,0.2257414,0.123662,0.102153,0.1453608,0.3279118,0.2960972,0.198347,0.1465452,0.087804,0.1285094,0.3260436,0.3485906,0.1835856,0.2221416,0.1471252,0.1081778,0.1379046,0.3266224,0.3258187,0.1545276,0.1449306,0.1057412,0.1213776,0.325761,0.2925414,0.2105076,0.1444224,0.0707808,0.1204494,0.3292608,0.3327522,0.1969676,0.147823,0.105126,0.1485626,0.2999508,0.314178,0.1770172,0.1052288,0.0868742,0.1422134,0.3273052,0.3123518,0.176838,0.1371004,0.0860716,0.143539,0.3287608,0.3217148,0.206188,0.131464,0.0955684,0.1454504,0.328872,0.3558126,0.2105732,0.1436564,0.1037028,0.144489,0.326421,0.3383454,0.2067166,0.1472324,0.0705192,0.1463036,0.32514,0.1924105,0.1909776,0.1474428,0.0967424,0.115227,0.3245728,0.1388985,0.2049454,0.1313988,0.106176,0.1455478,0.3271012,0.3107216,0.1556783,0.1464528,0.0832962,0.1379182,0.3203676,0.3266446,0.0959468,0.138756,0.103644,0.133434,0.3308902,0.370766,0.2211066,0.1466436,0.1068364,0.1197742,0.3226264,0.3156152,0.1919924,0.1441428,0.0855274,0.1235336,0.3260082,0.3324288,0.2062458,0.1412902,0.1062108,0.1500578,0.3273928,0.3326602,0.185428,0.1322154,0.0985078,0.1358372,0.3313744,0.303437,0.140674,0.1469088,0.076392,0.1328532,0.3275662,0.2791646,0.3191002,0.216805,0.1482496,0.105413,0.127483,0.3268794
0.303863,0.1928902,0.143294,0.1035792,0.1181556,0.327117,0.329344,0.1698476,0.1187388,0.1053496,0.1335316,0.3281358,0.3235193,0.2106446,0.1471734,0.1065132,0.1160088,0.3278944,0.3275218,0.1895482,0.1457334,0.0595424,0.1174252,0.3210602,0.3351586,0.2338422,0.1484108,0.1019726,0.1493568,0.3299636,0.289498,0.20402,0.1461594,0.094589,0.1198154,0.3245928,0.3604558,0.2136484,0.1510482,0.105242,0.1305172,0.3262692,0.3155356,0.1863222,0.1502378,0.0893478,0.1473758,0.3235612,0.3356262,0.0670528,0.148407,0.1043176,0.1464024,0.3300898,0.3396438,0.2259104,0.144475,0.101671,0.1447228,0.3266264,0.2923862,0.2012726,0.1455536,0.088905,0.1272052,0.3279364,0.3495982,0.1795152,0.2232138,0.1469466,0.1079058,0.1402694,0.3273562,0.3263992,0.159324,0.145278,0.1060146,0.122778,0.3243348,0.2927242,0.2103794,0.1452094,0.0697932,0.1245284,0.3239152,0.334172,0.1942634,0.1490572,0.105515,0.1474682,0.3175672,0.3153842,0.1758266,0.1108818,0.0867888,0.1424566,0.3289548,0.3127384,0.1771576,0.1396426,0.0851434,0.1432624,0.3293124,0.318568,0.206542,0.1293094,0.0954858,0.146931,0.3313544,0.3564768,0.2103668,0.1441076,0.1044608,0.1450846,0.3271498,0.3376956,0.2079338,0.1468754,0.070689,0.1466036,0.3258812,0.2605544,0.1919584,0.1463272,0.097891,0.1192784,0.323399,0.1779806,0.2052346,0.1306246,0.1065232,0.1458756,0.3271404,0.309714,0.1566715,0.1467052,0.0817314,0.1389094,0.3188556,0.3252532,0.1182242,0.1404648,0.103949,0.1336408,0.3298632,0.36853,0.2172126,0.1484226,0.106474,0.1252846,0.3199986,0.3155646,0.1917446,0.1447986,0.083629,0.1233272,0.3231768,0.3278282,0.2065596,0.140696,0.1068146,0.1485416,0.3214366,0.3292442,0.1875638,0.1318592,0.0215173,0.1387332,0.3287318,0.3074878,0.1440808,0.149283,0.0771698,0.1317576,0.3268458,0.2899782,0.317321,0.2315824,0.14953,0.1051434,0.1281636,0.3248962
0.3036028,0.1927878,0.1453328,0.1041296,0.112303,0.3269846,0.3292438,0.167392,0.116103,0.1048506,0.135526,0.3271306,0.325211,0.2117882,0.1488978,0.1063946,0.1161878,0.3290242,0.3282122,0.1889648,0.1459014,0.0302132,0.1174046,0.3254206,0.3304,0.2312978,0.1488934,0.1043208,0.1471384,0.3281248,0.288846,0.2051152,0.1458054,0.0947198,0.1194134,0.3252304,0.362245,0.2134786,0.1509342,0.1054442,0.1305848,0.3220336,0.3174512,0.1844398,0.149925,0.0868356,0.1462728,0.3248054,0.3378364,0.0721008,0.1489656,0.1029958,0.146508,0.3253488,0.339995,0.2240608,0.1455146,0.1019126,0.1462176,0.3303818,0.2913132,0.19941,0.1472086,0.092366,0.1235188,0.3279962,0.3499798,0.1795474,0.2214062,0.1483168,0.1072856,0.1390718,0.3247212,0.3439252,0.162428,0.144759,0.1059398,0.1179846,0.330483,0.2912878,0.2109324,0.1467504,0.0694836,0.1238428,0.32398,0.3326554,0.1918938,0.1486718,0.1068376,0.1462528,0.319267,0.3132242,0.17552,0.1126116,0.084143,0.1425794,0.3249844,0.3142226,0.1949482,0.1371834,0.0844162,0.1434144,0.3298144,0.3212298,0.2092762,0.1290756,0.097457,0.1446354,0.3283088,0.3516926,0.2106628,0.1476722,0.1038512,0.1448858,0.3288118,0.3375122,0.2075836,0.1454706,0.0707528,0.1471348,0.329398,0.3106496,0.1947444,0.1465668,0.0972856,0.1155372,0.3243746,0.1941918,0.2040492,0.1316606,0.1060244,0.1445274,0.3235002,0.3084292,0.1622115,0.1486722,0.0858736,0.1354162,0.3191802,0.323027,0.1335748,0.1428334,0.1036644,0.133168,0.327374,0.3656752,0.2172918,0.1495048,0.1054242,0.1259462,0.3220992,0.3165164,0.1935132,0.1488776,0.085484,0.1216182,0.323403,0.3285206,0.2099224,0.1429556,0.1066014,0.1463338,0.31736,0.3294836,0.1868478,0.1316922,0.0913184,0.135394,0.3254142,0.3093328,0.1556882,0.1497468,0.0749,0.1325214,0.3235302,0.2888712,0.3184642,0.232085,0.1496006,0.1046428,0.1310612,0.3263238
0.3031352,0.1913458,0.1452776,0.105203,0.1144104,0.330333,0.3262654,0.168068,0.1122666,0.1051614,0.1284366,0.3275154,0.326106,0.2087454,0.1491622,0.1064698,0.113541,0.327705,0.3293686,0.197949,0.1470342,0.0564564,0.1186168,0.3237848,0.329211,0.2307724,0.1506002,0.1038838,0.1463226,0.3310548,0.2936782,0.2030912,0.1480592,0.0949364,0.1177804,0.324052,0.3698834,0.212229,0.1520336,0.1042702,0.1288304,0.3210548,0.315664,0.187585,0.1510994,0.087466,0.1474982,0.3250452,0.335454,0.1283354,0.1499738,0.103737,0.1462738,0.3239426,0.3383772,0.2232922,0.1459172,0.1010808,0.1457536,0.329566,0.1807403,0.200043,0.1469636,0.0902916,0.1276954,0.3278778,0.3490362,0.1780542,0.222137,0.1507354,0.1073126,0.1388928,0.3249428,0.345799,0.1632348,0.1450804,-0.0444602,0.1198202,0.327821,0.2885886,0.2098356,0.1483096,0.0699514,0.1217478,0.3244184,0.3349894,0.1951539,0.148278,0.1049274,0.1467704,0.321523,0.3130686,0.1771186,0.1128138,0.0835086,0.1418984,0.3277802,0.3117566,0.2025316,0.13591,0.0853276,0.1461372,0.3271416,0.317093,0.2064864,0.1272994,0.0961924,0.1453504,0.3291156,0.3506592,0.2090654,0.1503788,0.1051514,0.1452932,0.3264498,0.3380864,0.2058486,0.1459914,0.071468,0.1445888,0.2567364,0.3313858,0.2022952,0.066884,0.099849,0.11736,0.3240812,0.2262246,0.2054146,0.1299636,0.1046088,0.145172,0.3243166,0.3089024,0.1636397,0.1493874,0.0870288,0.1354468,0.3223194,0.3218952,0.1403465,0.1434636,0.1044958,0.1352108,0.3276286,0.3678856,0.216327,0.1515186,0.1059084,0.123721,0.325989,0.3170984,0.1921322,0.1487062,0.0855298,0.1221668,0.3279188,0.326933,0.2089676,0.1433132,0.105234,0.1463852,0.3230934,0.3314136,0.1809202,0.1331152,0.0903156,0.1356656,0.3275986,0.3037132,0.1523812,0.1500176,0.0694664,0.1303424,0.3213126,0.3044536,0.3201188,0.232774,0.1485528,0.1064182,0.1311294,0.3279918
0.3019152,0.191089,0.14769,0.1044782,0.1183794,0.3325202,0.326416,0.1893531,0.114426,0.1041298,0.1335076,0.3257714,0.320876,0.2109416,0.1504634,0.1058266,0.113594,0.32643,0.334064,0.1954906,0.148503,0.096443,0.1213344,0.3251886,0.3255932,0.2282294,0.1509434,0.1037592,0.144974,0.3294128,0.2979914,0.2004792,0.1463824,0.0925862,0.118791,0.3244212,0.370831,0.2129976,0.1502662,0.1040688,0.1313338,0.3226274,0.315509,0.1877748,0.1514466,0.086741,0.1499754,0.326611,0.3340286,0.1487978,0.1515706,0.103689,0.1460218,0.3289584,0.3408332,0.2223084,0.1454952,0.1016558,0.1456812,0.3270108,0.2073542,0.199677,0.148188,0.0908144,0.1298824,0.3271022,0.3481306,0.178347,0.2208488,0.0769363,0.1062682,0.1403652,0.326702,0.3485966,0.1560384,0.1452802,0.0057618,0.121621,0.3282814,0.2880846,0.2074908,0.1467554,0.0724558,0.1221738,0.3246226,0.3321252,0.1949537,0.1472874,0.1043178,0.1487202,0.3239648,0.3216746,0.1796436,0.112329,0.083795,0.1415988,0.3278708,0.310121,0.2018082,0.1465228,0.0855784,0.1464396,0.325832,0.3159336,0.2031048,0.1235424,0.0961184,0.1460118,0.3281118,0.3536808,0.2080978,0.1504032,0.1045772,0.1462798,0.3273256,0.334868,0.207635,0.1462088,0.0712632,0.1462676,0.288795,0.3297946,0.206543,0.1196562,0.1010106,0.1118396,0.322629,0.2185118,0.2059338,0.132822,-0.0035149,0.1442304,0.3239306,0.309104,0.1613843,0.1509628,0.0846952,0.1356322,0.3247136,0.3190656,0.140517,0.1463292,0.1051426,0.13565,0.3299416,0.3711844,0.2145028,0.1513552,-0.0168582,0.1269428,0.324942,0.316868,0.1916308,0.1496018,0.0851798,0.1239438,0.3280806,0.3256268,0.2066668,0.1442316,0.1068994,0.1481086,0.3211928,0.330076,0.1815598,0.1339332,0.091247,0.1367184,0.3266744,0.3053236,0.1625622,0.1518416,0.0689876,0.1314802,0.3210228,0.3102286,0.3182806,0.2327218,0.1479984,0.1052904,0.1323094,0.32453
0.3027248,0.1928176,0.1477566,0.1061066,0.1173284,0.3317692,0.3250478,0.2010223,0.1433724,0.105349,0.1338126,0.326619,0.3190304,0.213669,0.1509864,0.1048554,0.1208056,0.3260738,0.3341278,0.1943796,0.1483632,0.10482,0.1234424,0.325733,0.3236378,0.0687132,0.1494502,0.1036838,0.1447728,0.326713,0.2979574,0.1986036,0.1466666,0.0923938,0.1281932,0.3246184,0.367829,0.2117506,0.1502036,0.10406,0.135786,0.31592,0.317271,0.1889366,0.152372,0.0874432,0.1503142,0.3280184,0.3334526,0.1554651,0.1495964,0.104457,0.1465012,0.3271696,0.3425986,0.2209824,0.145222,0.1015962,0.1457908,0.3314406,0.2019988,0.199535,0.1479244,0.0941976,0.1327036,0.3256898,0.340369,0.1801676,0.2206794,0.1043408,0.1059342,0.1389252,0.3287936,0.3460514,0.1532912,0.145867,0.0566456,0.127818,0.3266144,0.289331,0.2087434,0.1456442,0.0725574,0.124489,0.3245032,0.3344086,0.1934159,0.1465574,0.1036192,0.149684,0.3255346,0.3210676,0.1774424,0.113627,0.0847054,0.141971,0.328245,0.30836,0.2023646,0.145707,0.0855812,0.144254,0.322449,0.3177076,0.2021162,0.1265466,0.0939914,0.1452946,0.326076,0.3518758,0.2086228,0.1495172,0.1043922,0.145821,0.3275538,0.3352854,0.207041,0.1472802,0.0706824,0.1486398,0.3188466,0.3348054,0.207908,0.1295342,0.1003694,0.1115824,0.3238552,0.2485322,0.2053986,0.1347854,0.0236162,0.1454394,0.329806,0.3067306,0.1620837,0.149405,0.0858982,0.1383266,0.32265,0.3157204,0.1623154,0.1454696,0.1059706,0.1325442,0.3290372,0.373467,0.2171814,0.153284,0.0422884,0.1255516,0.3246922,0.314642,0.1907984,0.148493,0.0854928,0.1253236,0.3272162,0.3238746,0.2088184,0.144443,0.1061932,0.1463366,0.3253642,0.331052,0.1842748,0.1360736,0.104024,0.135447,0.3300802,0.3088608,0.1617996,0.1526016,0.0661242,0.1312218,0.3248464,0.3135438,0.3147674,0.2308086,0.1499616,0.104976,0.1307322,0.326314
0.3036152,0.192759,0.14839,0.1060296,0.1175578,0.3298964,0.3244388,0.2089964,0.1418062,0.1054656,0.1304374,0.3253696,0.3191652,0.2134566,0.1516478,0.0376317,0.122434,0.3283328,0.3339922,0.1967732,0.14671,0.1047322,0.125528,0.3243768,0.3236596,0.0924627,0.1496772,0.1033454,0.1471902,0.324845,0.2987856,0.199094,0.1464166,0.0943268,0.1223166,0.3284018,0.3670156,0.2125368,0.1522528,0.1051734,0.1323752,0.3199192,0.315499,0.1862708,0.1516858,0.0879412,0.1499814,0.3242646,0.3323096,0.1552037,0.1484038,0.1027802,0.1473454,0.3300432,0.3407462,0.2214642,0.1458554,0.1015562,0.1474974,0.3287086,0.2603604,0.1989374,0.148173,0.0914438,0.1324954,0.3251502,0.3390724,0.180387,0.2218442,0.1420876,0.10603,0.1368632,0.326837,0.345202,0.1532048,0.1474752,0.0578716,0.1281346,0.3266172,0.2899106,0.2108948,0.1457668,0.0739486,0.1222036,0.320651,0.3343334,0.1966282,0.147556,0.1051908,0.1495124,0.3254348,0.3183964,0.1953574,0.1136494,0.0845166,0.1412716,0.3285952,0.3080318,0.2032474,0.146144,0.0855188,0.1448486,0.3225044,0.3195622,0.2037786,0.1284282,0.0936124,0.1461366,0.324851,0.3525156,0.2110448,0.1486348,0.10533,0.1466462,0.3269282,0.3349562,0.205794,0.1491674,0.0674638,0.1491022,0.3191746,0.3350344,0.220924,0.1326834,0.1067358,0.1101428,0.3238444,0.2525128,0.205939,0.135932,0.070216,0.1457472,0.32472,0.3076568,0.1805095,0.1485372,0.0850858,0.1365218,0.3246716,0.316554,0.1885422,0.1474738,0.105452,0.1329664,0.3295894,0.3703958,0.2155442,0.1538944,0.052729,0.1258988,0.3248816,0.3187758,0.190019,0.1476712,0.0857712,0.1282506,0.326155,0.3221424,0.2073126,0.143806,0.107002,0.1482448,0.3255684,0.3309698,0.185722,0.1353858,0.1061842,0.1378278,0.3248728,0.307711,0.1624618,0.1496094,0.0692504,0.1299456,0.3222182,0.312391,0.3160868,0.2300936,0.1502872,0.1047406,0.13018,0.3224198
0.3013582,0.1018135,0.147555,0.106606,0.115468,0.329067,0.3247954,0.206564,0.142245,0.105638,0.1320286,0.3279346,0.317379,0.2124486,0.1505446,0.065644,0.1238356,0.3277232,0.3378854,0.195003,0.1484338,0.1056854,0.1216726,0.327088,0.3234886,0.1356591,0.14882,0.1038286,0.1480202,0.3272334,0.2979226,0.1975308,0.1459962,0.0947252,0.116483,0.322483,0.3726998,0.2134566,0.1513766,0.1048536,0.1321586,0.3219276,0.3146576,0.187218,0.151378,0.0903096,0.1491478,0.3272,0.3342612,0.1659444,0.1488652,0.1030672,0.1481052,0.3309718,0.3449462,0.2208922,0.1450578,0.1009756,0.150415,0.3268292,0.2588586,0.1989074,0.1477302,0.0924306,0.1327268,0.3240906,0.3423884,0.1794992,0.2208,0.1402286,0.105857,0.1370938,0.3249872,0.3480642,0.154796,0.1455624,0.0547656,0.1291402,0.3238222,0.291539,0.2078056,0.1444394,0.0737774,0.1196402,0.323769,0.332032,0.1955496,0.1464364,0.1048324,0.149503,0.3264684,0.3197732,0.1938728,0.1142238,0.083911,0.1432174,0.3261932,0.3081164,0.205016,0.1485956,0.086599,0.1451756,0.3260896,0.319951,0.2023868,0.1256946,0.0929944,0.1446448,0.3233288,0.3554394,0.2100568,0.1490814,0.1049152,0.1462502,0.324941,0.3375678,0.2049024,0.1483898,0.0693954,0.1449026,0.3175212,0.335156,0.2213192,0.134717,0.106596,0.1032,0.3216054,0.2781148,0.2037054,0.1347246,0.0820904,0.1453828,0.323667,0.308878,0.1803111,0.1472158,0.087453,0.1372652,0.3212208,0.3190824,0.1925022,0.1468478,0.1037906,0.1368092,0.3262726,0.373622,0.2175126,0.151715,0.0749668,0.127831,0.320698,0.3199872,0.1902604,0.1472894,0.0853952,0.1281054,0.3263512,0.3214604,0.2075602,0.1456776,0.106055,0.1468752,0.3247854,0.3338662,0.1834766,0.1365508,0.1056026,0.1388444,0.3288044,0.3087302,0.1609772,0.1492162,0.0710132,0.131931,0.2370809,0.3187118,0.3160478,0.231064,0.149619,0.1043066,0.1297366,0.3282814
0.2990446,0.1057866,0.1470562,0.1063496,0.1097108,0.3299928,0.3227958,0.2071054,0.1416726,0.1029864,0.136684,0.3310828,0.3190548,0.2133806,0.150006,0.0782892,0.1217736,0.3257958,0.3360084,0.1941972,0.1466034,0.1053776,0.121016,0.3276402,0.3230446,0.1467441,0.1515852,0.1034054,0.1504654,0.3247746,0.2960346,0.199031,0.1451724,0.094913,0.115006,0.3249536,0.3749154,0.2113818,0.1503266,0.1027268,0.1333104,0.3232424,0.312302,0.1833998,0.1527216,0.0916236,0.1476984,0.3302936,0.3343162,0.1666936,0.1486202,0.102674,0.1490228,0.3267342,0.3440874,0.2174472,0.1464664,0.1012914,0.1488928,0.328854,0.2598704,0.1988058,0.1494504,0.0921572,0.133841,0.3230962,0.341067,0.1796696,0.2212916,0.1409032,0.1070508,0.1383774,0.3207084,0.3480662,0.1794692,0.1452466,0.0544148,0.1296628,0.3265232,0.290684,0.2049602,0.1472512,0.073735,0.1199172,0.3241904,0.3331206,0.192124,0.1467956,0.1061028,0.1508878,0.3257216,0.321468,0.193544,0.1307708,0.0840304,0.1419116,0.3257022,0.3091142,0.2019778,0.1478126,0.0863336,0.1447218,0.3277134,0.3222312,0.2222402,0.1260856,0.093319,0.1468354,0.3248206,0.3535838,0.2107584,0.1498566,0.063385,0.1449156,0.3243306,0.335824,0.2045602,0.1487968,0.0695116,0.1457168,0.3255188,0.3365996,0.223346,0.1396418,0.1051122,0.1032124,0.3243316,0.2817828,0.2024142,0.1327436,0.0952584,0.1457946,0.3279356,0.308822,0.1936141,0.145217,0.084118,0.1367996,0.3240238,0.317644,0.1945888,0.1474762,0.104441,0.1372172,0.3284434,0.3720662,0.2170376,0.1516064,0.074674,0.1281992,0.325514,0.3169528,0.1897586,0.1502606,0.084661,0.1243954,0.3244894,0.3221186,0.2061846,0.1449762,0.1067358,0.144692,0.3219224,0.3316826,0.1824792,0.1355396,0.1063392,0.1386908,0.3264158,0.3061544,0.157862,0.1481304,0.0729986,0.1319402,0.272315,0.3220914,0.3136728,0.2327124,0.0270769,0.1048344,0.1268952,0.3290692
0.297839,0.1472396,0.1463734,0.1064372,0.1086214,0.327252,0.3214836,0.2061004,0.1438386,0.104823,0.135419,0.3315858,0.3176906,0.2130392,0.149339,0.095661,0.1236844,0.325525,0.3386594,0.0147591,0.1481832,0.1052458,0.121605,0.3286822,0.3259912,0.1916925,0.1518264,0.1038826,0.1489908,0.3246514,0.294534,0.197236,0.1463042,0.0942724,0.1166748,0.3291698,0.3768956,0.2138022,0.1500962,0.1033024,0.1335784,0.323077,0.309793,0.182877,0.151563,0.0927546,0.1465072,0.326433,0.3278718,0.1645611,0.1481504,0.1026578,0.1498622,0.3246104,0.3420718,0.2153628,0.147666,0.102938,0.1457492,0.3294946,0.2734744,0.198532,0.1482092,0.0926636,0.1346446,0.3233316,0.3437852,0.1786122,0.2193268,0.1433198,0.1071742,0.136065,0.2480633,0.3454736,0.180058,0.1431384,0.0523126,0.1295926,0.3287616,0.2889918,0.2030956,0.1474402,0.0726298,0.11947,0.3258768,0.3301986,0.1903736,0.1476258,0.105181,0.1485126,0.3273492,0.3222842,0.194014,0.1474596,0.0849364,0.1406664,0.3306846,0.3108616,0.2012992,0.1469806,0.0862114,0.1445256,0.3270916,0.3230928,0.2210394,0.1285758,0.0930162,0.1473366,0.3231482,0.353204,0.2120752,0.1498354,0.1008662,0.1463018,0.3264292,0.1894933,0.2039948,0.1480212,0.0645826,0.1499346,0.3213906,0.3387494,0.2217458,0.139321,0.105076,0.100918,0.3243284,0.3006496,0.2032606,0.13151,0.0944504,0.148512,0.3247612,0.3076994,0.1921179,0.0731037,0.0831478,0.1366338,0.3293596,0.3243448,0.197515,0.148056,0.1046096,0.1354854,0.3251438,0.3708046,0.216391,0.1514166,0.071121,0.1278392,0.3216236,0.3140882,0.1888214,0.147583,0.085267,0.1221654,0.3256722,0.3231896,0.2051878,0.1429426,0.1060696,0.146684,0.3190738,0.3305356,0.1836248,0.1365042,0.1050278,0.139239,0.3277824,0.1807189,0.1579006,0.1466144,0.0240374,0.1330496,0.3090438,0.3236748,0.3116832,0.2329036,0.1004679,0.1052888,0.1275372,0.3290914
0.2977596,0.1470138,0.1485646,0.1053234,0.1078578,0.3259262,0.3193574,0.2066842,0.1425044,0.104801,0.1344032,0.3288904,0.3179814,0.2125512,0.148396,0.096829,0.122444,0.3225434,0.335073,0.0319177,0.1461092,0.1055926,0.12108,0.2131416,0.3248888,0.2201432,0.151197,0.1039488,0.1490424,0.3222316,0.2957102,0.1945548,0.1464028,0.0951138,0.1155484,0.3293548,0.3785934,0.21129,0.1496564,0.1016446,0.1319504,0.320217,0.3050622,0.183096,0.1520358,0.091071,0.1469886,0.3283286,0.325624,0.1733827,0.148401,0.1021078,0.1496126,0.3266596,0.3412296,0.21854,0.1475908,0.102818,0.147244,0.3276392,0.2855974,0.197531,0.147748,0.0921168,0.1310046,0.3256488,0.3377354,0.1777164,0.2203448,0.1444572,0.1068812,0.1364542,0.2782454,0.346017,0.1887604,0.143334,0.0475576,0.128147,0.3313506,0.2882728,0.204028,0.147004,0.0747066,0.1194672,0.3279128,0.3289848,0.1924142,0.146438,0.1052366,0.1487624,0.3260924,0.323383,0.1932094,0.1477282,0.0850152,0.1413818,0.3349274,0.3153798,0.2004672,0.1484548,0.0869634,0.143195,0.3280686,0.3223654,0.221124,0.1281142,0.0938528,0.1474636,0.3265026,0.3502326,0.2107732,0.1495898,0.1023734,0.1477976,0.327402,0.2682222,0.2032742,0.1477508,0.064576,0.1487372,0.3260014,0.3381558,0.2201646,0.1398376,0.1060068,0.122931,0.3244692,0.3009476,0.2034014,0.128277,0.0927252,0.1478424,0.327583,0.3065024,0.1972268,0.0975218,0.0842782,0.1366352,0.3277954,0.3242242,0.1956564,0.148517,0.1047032,0.1334878,0.328511,0.3666208,0.2142296,0.150493,0.0717546,0.1275148,0.3234984,0.3121482,0.1875692,0.146612,0.1026146,0.1213496,0.325342,0.3212918,0.2078166,0.1421238,0.1059494,0.1460724,0.3203964,0.3325368,0.182469,0.1369462,0.106309,0.138129,0.3274634,0.2070213,0.1639738,0.1459132,0.0430714,0.1315472,0.31694,0.3217752,0.3116236,0.2336946,0.1319332,0.1050056,0.128042,0.3271658
0.2948192,0.1470705,0.1470288,0.1055026,0.1079564,0.3251198,0.3215014,0.2074068,0.1418604,0.1039844,0.1324394,0.3274352,0.3193252,0.2100346,0.1500536,0.0967072,0.1230766,0.324058,0.3343498,0.0538646,0.1463784,0.1047888,0.117353,0.302566,0.3285002,0.2248976,0.1496872,0.1055672,0.1486844,0.3257182,0.297086,0.1944972,0.1480484,0.095821,0.1199036,0.3274282,0.3734632,0.2112868,0.150376,0.1025232,0.133448,0.3196494,0.3039766,0.1845304,0.1500798,0.0930568,0.1469928,0.3272318,0.3236534,0.20423,0.1471396,0.102827,0.1486556,0.3280128,0.3415606,0.2182572,0.1474732,0.1027712,0.1458124,0.3256278,0.2926838,0.1978798,0.1493244,0.0917058,0.1322776,0.3267418,0.3419636,0.1954318,0.2173516,0.143715,0.1076418,0.139168,0.297718,0.3464202,0.1841226,0.1490416,0.0453256,0.1273752,0.3314338,0.289069,0.2045242,0.1482306,0.0761474,0.1196914,0.3238338,0.3288616,0.1941154,0.1473834,0.1050996,0.1480614,0.3208814,0.321573,0.1957758,0.1472438,0.0835556,0.140932,0.3279608,0.3158464,0.1981364,0.149162,0.085954,0.142668,0.329104,0.3187528,0.2222088,0.1288406,0.0937336,0.1474384,0.3260958,0.3516148,0.208074,0.1483928,0.104003,0.1455578,0.3249184,0.3304952,0.202277,0.1457446,0.0662602,0.1514668,0.3290792,0.3352986,0.220133,0.1403006,0.1058002,0.1270624,0.3302186,0.302535,0.200818,0.1291462,0.0940348,0.1495476,0.323218,0.3015894,0.2067628,0.1020126,0.083506,0.135485,0.3277466,0.321493,0.196011,0.1469878,0.1041438,0.1358548,0.3293168,0.363649,0.2144666,0.1511684,0.0711302,0.1280534,0.325295,0.3094944,0.1874104,0.1476896,0.1033326,0.1215668,0.3297342,0.3190098,0.207142,0.143025,0.1069484,0.14492,0.3222168,0.3333814,0.1809162,0.1357722,0.10584,0.1369538,0.3274122,0.2568216,0.1626802,0.1475586,0.058004,0.131084,0.320724,0.3209756,0.3125828,0.233435,0.1429526,0.105832,0.1290304,0.3277282
0.2947918,0.1659795,0.1445712,0.105748,0.1092042,0.327723,0.3227708,0.2076452,0.144932,0.105483,0.1337254,0.3286078,0.3153406,0.2097334,0.1490558,0.0988716,0.1203662,0.3257434,0.3373918,0.0522526,0.147064,0.1049496,0.1196938,0.3138958,0.3275216,0.2283502,0.1497556,0.1052664,0.1492944,0.327154,0.2990596,0.1932958,0.1476934,0.095907,0.1168486,0.3294966,0.3709376,0.2106186,0.14892,0.1025954,0.1348262,0.3230312,0.3083598,0.185084,0.1501664,0.0921194,0.1483946,0.3287778,0.3206324,0.2027418,0.1459466,0.1013408,0.1492904,0.3266072,0.3425096,0.2169284,0.1466614,0.1024226,0.1479022,0.3273626,0.2909664,0.1980342,0.14968,0.0921088,0.131085,0.3290446,0.3416958,0.1928354,0.2181486,0.1445332,0.1072782,0.1375426,0.3006934,0.347198,0.1795038,0.1486456,0.042587,0.1296768,0.327303,0.2872816,0.2011088,0.1450576,0.076248,0.116795,0.323699,0.3272668,0.1944428,0.149144,0.1037718,0.148228,0.3217142,0.318551,0.196449,0.148323,0.0830898,0.140723,0.3279094,0.3144648,0.2008254,0.1489212,0.08601,0.1444572,0.3277018,0.3226238,0.2217616,0.1306026,0.0928356,0.1474384,0.3244322,0.35193,0.2074086,0.1500592,0.1042406,0.1476676,0.3229756,0.347402,0.2021062,0.1473702,0.067061,0.1477738,0.3259522,0.3349046,0.2210034,0.141873,0.1050894,0.1261558,0.3283668,0.2993814,0.2004956,0.1301576,0.0949378,0.1484758,0.3253088,0.2988342,0.2073144,0.1098186,0.0835468,0.136419,0.3241288,0.3221778,0.1947118,0.147777,0.1030346,0.1362072,0.2287064,0.3672216,0.2132578,0.151279,0.0704206,0.1303948,0.3235902,0.3146908,0.1873344,0.148761,0.1025662,0.124784,0.3271098,0.3178238,0.2069898,0.1427284,0.1072948,0.147521,0.3215888,0.3328506,0.181742,0.1371172,0.1062238,0.1379954,0.3245132,0.2727678,0.160699,0.1497372,0.0679228,0.1318342,0.321587,0.322955,0.3105258,0.231256,0.1427254,0.105344,0.1309774,0.3236966
0.2982232,0.1626786,0.1461056,0.105694,0.109968,0.3272042,0.3222572,0.207179,0.1500272,0.1051146,0.1347994,0.3243044,0.3160518,0.205765,0.1492358,0.0987722,0.1193478,0.3253654,0.3386878,0.0690261,0.1478468,0.1046628,0.1215626,0.3159642,0.328572,0.228997,0.152129,0.1032388,0.1482756,0.3254834,0.3004046,0.0864392,0.1490448,0.0973058,0.1120286,0.3255358,0.372009,0.210247,0.1495812,0.10144,0.1357934,0.3258474,0.3062852,0.1966852,0.1520032,0.0934832,0.1475526,0.3256266,0.3209918,0.202341,0.1463804,0.1010818,0.1493686,0.3246824,0.3439546,0.2165804,0.1444594,0.1002616,0.148003,0.2456673,0.3105128,0.1968324,0.1494562,0.0963834,0.1317982,0.3223146,0.338962,0.1915118,0.2176604,0.1464042,0.106937,0.135911,0.315234,0.3490576,0.1825952,0.149215,0.0415162,0.133001,0.3275578,0.2858702,0.199702,0.1447888,0.0773618,0.1153006,0.3246848,0.3291166,0.193531,0.1489548,0.1048768,0.1484542,0.3230018,0.31913,0.1929232,0.1486526,0.0848156,0.140999,0.2913912,0.3149398,0.1955158,0.1475282,0.0843174,0.1423448,0.3231496,0.3199602,0.2207948,0.1289558,0.0925972,0.148661,0.3250898,0.3536684,0.207273,0.1498092,0.104018,0.1461726,0.3289234,0.3532658,0.2013836,0.1475704,0.0690768,0.1468734,0.3263082,0.3314462,0.2216064,0.1404798,0.105458,0.1290698,0.3246022,0.3040138,0.1999308,0.1309292,0.096706,0.1480122,0.327866,0.2969882,0.2077386,0.1130808,0.0827352,0.1369064,0.3202412,0.3236782,0.1945324,0.148211,0.103954,0.1335878,0.2819085,0.3663496,0.2143186,0.1499316,0.0714748,0.1282,0.3245558,0.313267,0.186037,0.1471474,0.102972,0.1275746,0.324963,0.3187342,0.2042172,0.1417086,0.106345,0.1453172,0.3243822,0.3328882,0.1812064,0.1383582,0.105202,0.139091,0.3264006,0.308335,0.1636666,0.1493504,0.0682828,0.132776,0.3244096,0.327785,0.3080676,0.2312784,0.1408496,0.1045836,0.1305138,0.3281354
0.293677,0.1777041,0.1468584,0.1063286,0.112469,0.3285744,0.3208488,0.2045772,0.1476546,0.1054844,0.1349028,0.3282214,0.3147812,0.2023284,0.1484462,0.0984366,0.1209258,0.326123,0.3393396,0.0812511,0.146497,0.1033988,0.1232368,0.3230228,0.3227874,0.2301432,0.1489352,0.1029666,0.1476404,0.3226474,0.2988432,0.0964272,0.148536,0.0964374,0.1097302,0.3264298,0.367733,0.2083696,0.1501792,0.1010082,0.1329372,0.3266336,0.3072066,0.1975916,0.1500574,0.0965376,0.150006,0.3272568,0.3203354,0.2016405,0.1494582,0.1011858,0.147609,0.3274858,0.3416916,0.2177574,0.146128,0.0999362,0.147088,0.3034388,0.3113518,0.1952864,0.1502644,0.0700904,0.1324548,0.3252434,0.3402696,0.1930948,0.2151572,0.1452918,0.1064776,0.1354474,0.3146962,0.3495276,0.1811846,0.148999,0.0341242,0.131265,0.3277858,0.284531,0.2025328,0.1440616,0.07845,0.1161826,0.3241744,0.3255116,0.1947788,0.1504212,0.1045362,0.1465178,0.322523,0.3208538,0.1948536,0.1472456,0.0863,0.140658,0.2961372,0.3158124,0.1933366,0.1474206,0.0857664,0.144436,0.322887,0.3193138,0.2207746,0.1286122,0.0958418,0.1485324,0.2500962,0.3526184,0.2091916,0.150395,0.1046708,0.1468074,0.3280992,0.3556206,0.2037416,0.146445,0.068948,0.148222,0.323502,0.3378722,0.2196074,0.141324,0.1062662,0.1271888,0.3194096,0.3043134,0.2006106,0.1315038,0.0978192,0.1482228,0.324547,0.29975,0.209275,0.1153016,0.0831012,0.1373846,0.3231666,0.3209386,0.1975968,0.1492826,0.1049404,0.1319374,0.3107398,0.3631852,0.215603,0.1508046,0.0660442,0.1287118,0.3261998,0.3113086,0.1851478,0.1492404,0.1042432,0.1252174,0.321796,0.3190226,0.204756,0.1413124,0.1060656,0.1444752,0.3239804,0.3300332,0.1800658,0.1358258,0.104648,0.1401376,0.3300488,0.3159082,0.1637734,0.1492086,0.0666556,0.133943,0.3252804,0.3260076,0.3062444,0.2301072,0.1425382,0.105483,0.1324322,0.3271176
0.2923886,0.1883432,0.1473774,0.1067404,0.1118682,0.3285874,0.319315,0.2025686,0.147145,0.105358,0.1354228,0.3297616,0.3145674,0.2023698,0.1495986,0.098496,0.1219238,0.3236014,0.3340806,0.1105389,0.1468586,0.1040164,0.1294712,0.3222968,0.3234694,0.2316294,0.0665433,0.1046196,0.146191,0.3251784,0.2952472,0.109912,0.1472924,0.0982282,0.1112804,0.3256528,0.369325,0.2063814,0.1489778,0.1004136,0.128396,0.3222918,0.3053386,0.1972984,0.148114,0.0938952,0.1488534,0.3270534,0.3164986,0.208314,0.1520972,0.1029548,0.1478042,0.3275422,0.3433218,0.2167356,0.1477328,0.1029516,0.1466544,0.3139212,0.3149868,0.194097,0.1496044,0.081926,0.1304884,0.2663018,0.3389244,0.1942134,0.2150586,0.1456474,0.1075146,0.1335302,0.3272752,0.345575,0.1850232,0.1499286,0.0432144,0.1304842,0.327638,0.2827534,0.1993038,0.1452322,0.0776664,0.1132312,0.3216848,0.3211708,0.1959226,0.1490104,0.10414,0.146059,0.3239574,0.3201742,0.195548,0.1468044,0.0867356,0.1396592,0.3133698,0.3160898,0.190507,0.1473656,0.0868734,0.1454356,0.3283274,0.1804215,0.2217312,0.1283936,0.0924766,0.146725,0.3087854,0.3531962,0.2097396,0.1492328,0.1048938,0.1463752,0.3280734,0.3577518,0.2037,0.1465946,0.0704548,0.1475894,0.3232338,0.3357666,0.2183752,0.1416236,0.1067258,0.1272696,0.3202478,0.3033666,0.2005354,0.1478724,0.0988454,0.1489882,0.2418729,0.1850597,0.209675,0.1321944,0.0839986,0.137508,0.3221736,0.32033,0.198956,0.1485348,0.1053698,0.133855,0.3243646,0.3638526,0.2163992,0.1506524,0.0664832,0.1286378,0.3258672,0.309713,0.0618718,0.1505616,0.0496403,0.1275188,0.3229438,0.3209826,0.2031466,0.1403038,0.0090149,0.1455692,0.3245636,0.3328344,0.1785574,0.1341208,0.1043558,0.1396218,0.3304952,0.3220466,0.1630508,0.1506618,0.07365,0.1335652,0.32285,0.3253898,0.3032234,0.2301394,0.1419166,0.1062196,0.1288886,0.3205608
0.2929182,0.1877744,0.1473974,0.1041618,0.1024924,0.3247214,0.3175778,0.2035666,0.1468032,0.105035,0.1358644,0.328538,0.1346948,0.2014752,0.1483194,0.0982576,0.1218686,0.3245032,0.3320938,0.1507737,0.148255,0.1050078,0.1305084,0.3186624,0.3236326,0.2335254,0.1099499,0.1050364,0.1505488,0.3242796,0.2938516,0.1106516,0.1459742,0.099346,0.1116828,0.3227916,0.366377,0.2049126,0.1494766,0.1011258,0.1311116,0.3226388,0.3041744,0.1991452,0.149849,-0.0020094,0.1506356,0.3293188,0.3153216,0.211298,0.1507176,0.1022724,0.1494424,0.3262112,0.3427284,0.2162336,0.146301,0.1030098,0.145779,0.3243436,0.3131386,0.1933604,0.1470876,0.0829776,0.1267418,0.2723428,0.3379944,0.1954712,0.2159964,0.1462734,0.107061,0.1339938,0.3283494,0.3444654,0.185916,0.1477262,0.042832,0.1331812,0.3197334,0.2816374,0.200851,0.1473876,0.0762756,0.1143278,0.3207546,0.3190738,0.1986742,0.1501552,0.1040064,0.1491408,0.3259252,0.2463162,0.1953244,0.1483098,0.0845812,0.1382752,0.3198938,0.315929,0.195696,0.1477764,0.0870872,0.1448308,0.3269742,0.2527555,0.2199612,0.1280088,0.0921206,0.1477486,0.3168268,0.3553266,0.2070756,0.1509746,0.1044586,0.1468208,0.3282998,0.3587262,0.2022614,0.1481856,0.0710452,0.1472566,0.3254356,0.3351238,0.2185416,0.1419102,0.1058514,0.1275446,0.3268306,0.3047842,0.198973,0.1493644,0.0967598,0.1474102,0.3006546,0.249136,0.2060226,0.1275928,0.0836242,0.13791,0.3239714,0.3197122,0.2009316,0.1491282,0.1042684,0.133886,0.3261646,0.3670696,0.215205,0.1507626,0.0657532,0.1296604,0.3273638,0.30902,0.0691862,0.1491832,0.0744196,0.1271104,0.322926,0.3173134,0.2026904,0.1395056,0.0273555,0.1468952,0.3227108,0.332188,0.1785072,0.133547,0.1052562,0.1374072,0.3320566,0.3326326,0.164131,0.1517912,0.0677,0.145748,0.3219924,0.3245476,0.301785,0.228587,0.1411228,0.1069534,0.1270516,0.3256088
0.2899864,0.1893592,0.148241,0.1059214,0.0446512,0.3258962,0.316849,0.2044934,0.1478416,0.1058504,0.1050641,0.3291408,0.2173139,0.2004948,0.1482728,0.0969178,0.0641323,0.3266528,0.3310982,0.1626384,0.1483018,0.1053566,0.0608689,0.323718,0.3180356,0.2358094,0.1334558,0.1045126,0.1123894,0.3244724,0.296244,0.1085459,0.1479492,0.099531,0.0781128,0.3261304,0.3665502,0.203982,0.1499692,0.1016388,0.0911234,0.3236024,0.3062606,0.1988758,0.1503444,0.0657062,0.0799952,0.32929,0.3173558,0.209788,0.1503364,0.1015262,0.089613,0.3286626,0.3401346,0.2151348,0.1482478,0.103311,0.087912,0.3248678,0.3126526,0.1917096,0.14759,0.0808074,0.08721,0.2994222,0.335042,0.1967022,0.2148256,0.1473672,0.107073,0.0813446,0.3248118,0.345057,0.1859674,0.1475644,0.0318624,0.0299402,0.3231852,0.2803612,0.200324,0.146015,0.0723344,0.1108364,0.3213192,0.3180294,0.197821,0.1494792,0.0399083,0.0628169,0.326145,0.2648774,0.1926364,0.1478676,0.085474,0.0381248,0.3315332,0.3181162,0.1973356,0.1463238,0.0873874,0.0555506,0.3244996,0.266461,0.2185738,0.1450994,0.0928292,0.0429307,0.3218229,0.3529858,0.0832112,0.1501054,0.105544,0.1178016,0.3310482,0.3588774,0.2010816,0.1488054,0.0707904,-0.0035108,0.3274916,0.3389604,0.2191704,0.1434022,0.105278,0.0480903,0.3242992,0.3038378,0.1994616,0.149303,0.0966902,0.0637672,0.319914,0.2586354,0.2055266,0.1285082,0.0859868,0.062815,0.3247396,0.3205538,0.1990478,0.1489468,0.1042546,0.0172845,0.3278688,0.3669566,0.2124316,0.152964,0.0627756,0.0799573,0.3232694,0.3144036,0.0884314,0.1490758,0.0762878,0.0961445,0.3253404,0.3165166,0.203422,-0.0071572,0.0742982,0.098457,0.321854,0.3288906,0.1758426,0.1340582,0.1058018,0.0906516,0.3283566,0.3311662,0.1626268,0.1511416,0.0646854,0.0048649,0.3225688,0.3238182,0.2990868,0.227143,0.143732,0.1058918,0.0963974,0.3242092
0.2897112,0.1942978,0.1491812,0.1066702,0.0985572,0.3234576,0.319566,0.2027638,0.1481466,0.1042846,0.1209222,0.3277548,0.264506,0.1992478,0.1458924,0.0975146,0.088488,0.3274754,0.3304916,0.1766872,0.145585,0.1058996,0.1123666,0.3255824,0.3222098,0.2365834,0.1327826,-0.0015464,0.1208608,0.3222894,0.2942166,0.1254597,0.148391,0.100187,0.0951924,0.332044,0.3677666,0.203089,0.1498044,0.1008572,0.1289192,0.321618,0.3062796,0.1983126,0.149122,0.095398,0.0940714,0.3274416,0.3156356,0.2097188,0.1511686,0.1011868,0.1061026,0.3272884,0.340638,0.2148248,0.1476072,0.1025266,0.1265078,0.3251512,0.3118414,0.1901654,0.1476396,0.0801586,0.100686,0.3019643,0.3378072,0.1944278,0.2146346,0.1475082,0.0574304,0.127878,0.326418,0.3414902,0.1833378,0.1495538,0.0271762,0.0976423,0.2783038,0.2833346,0.2021168,0.1454388,0.0736924,0.1145954,0.3243116,0.3186498,0.19442,0.1494242,0.0541948,0.1197696,0.3271768,0.3059916,0.1915702,0.1469992,0.0866046,0.1064371,0.3254708,0.1509425,0.1959932,0.1442658,0.087133,0.1173872,0.325687,0.2844575,0.2183788,0.1454376,0.0916104,0.0996512,0.3279446,0.3546092,0.1024536,0.1501524,0.1044134,0.1228776,0.3293776,0.3596782,0.0165705,0.1474264,0.0704436,0.0776872,0.3271578,0.3382606,0.2195376,0.1431136,0.1037238,0.0630176,0.322105,0.3034452,0.1993998,0.150378,0.098017,0.0958042,0.321605,0.2832728,0.203503,0.1284412,0.0881978,0.1201872,0.3244782,0.3170792,0.1985872,0.1473982,0.1043052,0.073208,0.3228404,0.363978,0.2138028,0.1501622,0.0627446,0.0985794,0.3241816,0.314689,0.0907408,0.148928,0.0841472,0.1229213,0.2571595,0.3157008,0.2020696,0.1018338,0.0765125,0.1220489,0.321044,0.3314618,0.173015,0.135773,0.1060762,0.110981,0.3260398,0.3351888,0.160893,0.149626,0.0655868,0.049416,0.3237742,0.3218912,0.2991036,0.224955,0.1433104,0.105426,0.1264028,0.3274366
0.288787,0.1961966,0.1467094,0.107285,0.1092036,0.3241694,0.3190154,0.2030358,0.1471976,0.1029602,0.1399968,0.3277534,0.2725424,0.2003616,0.148083,0.0973962,0.1100568,0.3217218,0.3291738,0.1728096,0.1472762,0.1059354,0.1089428,0.3257752,0.3197198,0.233948,0.1319806,0.0695426,0.1171614,0.3266472,0.2925842,0.1320731,0.14711,0.1015552,0.1033778,0.3282812,0.3684538,0.2012798,0.1503362,0.1017218,0.1336246,0.3224928,0.3046804,0.1966418,0.1503824,0.0965154,0.1059948,0.327044,0.3180864,0.2088976,0.1508306,0.1023666,0.1104502,0.331657,0.3392542,0.2167972,0.1468492,0.1018244,0.1319404,0.3285058,0.3128432,0.1906354,0.1483586,0.1048938,0.1108552,0.3242674,0.3393496,0.1977154,0.2150102,0.1471456,0.0628432,0.1440272,0.3260512,0.3391958,0.1838822,0.1506166,0.0234972,0.112625,0.2896954,0.2799466,0.2011838,0.1461802,0.0699368,0.1286538,0.3244196,0.3174246,0.1980406,0.1492398,0.0804366,0.1217602,0.3231976,0.3252164,0.1911352,0.147516,0.084215,0.1186334,0.3276544,0.1950825,0.1977268,0.1450708,0.087291,0.1185506,0.3297832,0.3319103,0.218905,0.1466668,0.0906606,0.1111258,0.3291416,0.355407,0.1302157,0.1506652,0.1045952,0.1237004,0.3292918,0.3561724,0.0488914,0.1472994,0.0724398,0.1021674,0.3236948,0.3395564,0.2202278,0.142291,0.1040452,0.0986938,0.3210114,0.3077046,0.1994078,0.1482754,0.0972662,0.1274546,0.3215158,0.2889134,0.201583,0.1301968,0.0879514,0.1396152,0.3238472,0.3155282,0.1962792,0.147628,0.1026992,0.1053958,0.3231654,0.3650038,0.2100344,0.1499916,0.0619032,0.1158249,0.3238548,0.3095974,0.0894442,0.1476104,0.0877252,0.1356352,0.2915621,0.3164334,0.2037634,0.1101976,0.0766673,0.1310084,0.321422,0.3320684,0.1707192,0.1388646,0.1054526,0.128177,0.3254724,0.3373252,0.1619234,0.1496536,0.0661742,0.0762227,0.3222738,0.3237396,0.2997846,0.223201,0.1438602,0.1063578,0.1326238,0.2600633
0.2879868,0.2076718,0.1479076,0.1074782,0.1273214,0.3250678,0.3156858,0.2012276,0.1486306,0.1033588,0.1435256,0.3270756,0.2987868,-0.0177559,0.1482344,0.0987814,0.1217434,0.3242126,0.3307864,0.1737216,0.1491836,0.1056344,0.106615,0.326426,0.3148534,0.234044,0.1308598,0.0880326,0.128052,0.3253182,0.2943156,0.1324536,0.1479444,0.102316,0.1209988,0.329174,0.3690162,0.2012838,0.1500582,0.100842,0.1453622,0.3260562,0.20239,0.1943028,0.1498796,0.0951874,0.1124519,0.3265828,0.3168546,0.2099002,0.1482424,0.1029242,0.1103676,0.324873,0.3377918,0.2159826,0.1456482,0.1011866,0.1373158,0.325505,0.3107796,0.1891706,0.1490752,0.1044472,0.109382,0.330877,0.3369978,0.1998498,0.214851,0.1473434,0.066738,0.1453752,0.3237032,0.3403612,0.1845686,0.149727,0.0239176,0.1470382,0.2942528,0.2796676,0.2007094,0.146319,0.0666042,0.1323054,0.3267562,0.3162558,0.1995064,0.1482414,0.098614,0.1299584,0.3249466,0.3341594,0.190735,0.1455886,0.0846652,0.1195262,0.3319728,0.2506623,0.1976938,0.145718,0.0873724,0.1225738,0.3264128,0.345031,0.21895,0.1484678,0.0905128,0.1252168,0.3247306,0.3508194,0.1413426,0.1500688,0.1049452,0.1421366,0.3252774,0.3533186,0.0993844,0.1493542,0.0726696,0.1011152,0.323203,0.3423256,0.223133,0.1404644,0.1046568,0.0989144,0.3250676,0.304814,0.199756,0.14679,0.0952328,0.1367234,0.3230182,0.2871054,0.199918,0.1345236,0.0863622,0.1407924,0.3253776,0.315764,0.1951632,0.1460508,0.1032968,0.1183906,0.32425,0.3597094,0.2072934,0.151877,0.0637354,0.1169041,0.3235354,0.3052228,0.1083184,0.1491618,0.0877408,0.1367244,0.3207178,0.315325,0.2048738,0.1308178,0.0785959,0.1289472,0.3209772,0.3320928,0.1694552,0.1377554,0.107444,0.132821,0.328363,0.3368588,0.1730632,0.1492258,0.0664784,0.0891568,0.3268404,0.3238824,0.302177,0.2239002,0.1450392,0.1066096,0.132046,0.3081568
0.2884248,0.206937,0.1485142,0.1058658,0.1318034,0.3287992,0.3121498,0.2009142,0.148754,0.104559,0.1460386,0.3232606,0.3242892,0.0515538,0.1495586,0.0983506,0.1215336,0.323842,0.3303626,0.1753876,0.1479378,0.105029,0.1104276,0.3232112,0.3189626,0.2350496,0.1346896,0.0905836,0.1360872,0.3297696,0.2975964,0.1435016,0.1494268,0.101439,0.1240806,0.328789,0.3695826,0.197783,0.150235,0.1013102,0.1480474,0.3267978,0.2482986,0.1942376,0.1492208,0.0980402,0.139855,0.3280794,0.316563,0.2113866,0.1467332,0.1028798,0.108313,0.3257194,0.336117,0.2164076,0.1464376,0.1008012,0.1376474,0.326232,0.3131714,0.1870112,0.151329,0.1038834,0.1029972,0.3306702,0.3394938,0.1995064,0.2143806,0.149312,0.0651512,0.1460552,0.3284508,0.3361044,0.19082,0.1480302,0.0262764,0.1470786,0.2966716,0.2788114,0.0119902,0.1471928,0.065788,0.1296562,0.3270236,0.3170116,0.1991742,0.1491768,0.097958,0.1293232,0.3240274,0.3408262,0.18924,0.146544,0.084822,0.1216382,0.3288022,0.2813336,0.197392,0.1454856,0.0866302,0.1347334,0.3262282,0.347063,0.217902,0.1485686,0.0932096,0.1223022,0.3250396,0.3523822,0.161606,0.151911,0.105287,0.1426462,0.3265586,0.3544526,0.1221438,0.1487152,0.072997,0.0998978,0.3243896,0.342552,0.2249172,0.140022,0.1044696,0.1052744,0.3263976,0.3054602,0.197714,0.1485526,0.0949342,0.1356672,0.322828,0.2870392,0.2028936,0.1352216,0.0849782,0.1402692,0.3249904,0.3159684,0.1959126,0.1440672,0.102541,0.132366,0.3324224,0.3598512,0.2049652,0.1520936,0.061578,0.1222064,0.3238892,0.3055638,0.1080692,0.149942,0.0864376,0.1364614,0.3209874,0.3168118,0.2021464,0.1359274,0.0782293,0.1321632,0.2551308,0.3259788,0.167846,0.1364186,0.1057576,0.1371626,0.3307036,0.3395774,0.1775704,0.1510376,0.0632668,0.095666,0.3240324,0.3251366,0.3029284,0.2233392,0.1441772,0.1064814,0.1355126,0.3216344
0.2910574,0.2063766,0.1472614,0.1069344,0.1310098,0.3299236,0.3123378,0.200373,0.149107,0.1058052,0.1469032,0.3289082,0.3339572,0.1293868,0.1496716,0.0983614,0.1221756,0.3227738,0.32806,0.187556,0.1478756,0.1039654,0.1104802,0.321899,0.3176928,0.2371578,0.1336578,0.0887786,0.1357182,0.3299182,0.2976264,0.1532814,0.1487478,0.1013856,0.1222526,0.3320112,0.3666658,0.0939615,0.1483528,0.1026158,0.1483248,0.3251056,0.2791684,0.1948486,0.1497206,0.098382,0.1409682,0.3283012,0.316888,0.2097436,0.147495,0.1022596,0.1084484,0.3252002,0.3405394,0.215769,0.1471528,0.1020166,0.1362796,0.3250946,0.31268,0.1868288,0.1513348,0.1047356,0.1006968,0.3261254,0.340882,0.1980822,0.2148704,0.1491748,0.0660518,0.1461814,0.326283,0.3356638,0.1873634,0.1467888,0.0380846,0.147295,0.2982532,0.2806844,0.0325097,0.147413,0.0646478,0.13345,0.3264398,0.315212,0.1983464,0.150022,0.0975082,0.1297202,0.325201,0.3384228,0.19199,0.147356,0.0797508,0.1221044,0.3310584,0.3220554,0.1973992,0.1455,0.0867544,0.136173,0.3257386,0.351287,0.2160192,0.1478992,0.0939186,0.1220654,0.3245408,0.3505408,0.1819982,0.1512712,0.1057764,0.143591,0.3281734,0.351792,0.1288552,0.147693,0.0731718,0.0927658,0.3283554,0.3401008,0.2258226,0.1500248,0.1043008,0.1058062,0.3267504,0.3007906,0.1954486,0.1490814,0.0952172,0.1385022,0.3196134,0.2904236,0.2029762,0.1356216,0.0850568,0.1409994,0.3274288,0.3196636,0.1972316,0.1439486,0.1034428,0.1328654,0.3325544,0.3575152,0.2038678,0.1516976,0.063766,0.1217258,0.3231594,0.3067626,0.1228626,0.1519084,0.0881198,0.142504,0.3204344,0.3141074,0.20139,0.1338492,0.0776537,0.1345622,0.290735,0.3274714,0.164535,0.1350404,0.108119,0.1345098,0.3309326,0.3338774,0.1777156,0.152355,0.0632002,0.0966656,0.3256226,0.3247472,0.3029548,0.2237214,0.142873,0.1059148,0.1327522,0.3258308
0.294614,0.2064134,0.149209,0.106863,0.131935,0.2290861,0.312534,0.2018468,0.147432,0.1062062,0.147861,0.329092,0.3351668,0.1272034,0.148408,0.0993876,0.1253144,0.326678,0.3250558,0.1878904,0.148775,0.104004,0.1107238,0.3208908,0.3194588,0.2392418,0.1354816,0.087836,0.1469708,0.3285342,0.300319,0.1555146,0.1499128,0.1002044,0.1244456,0.3293036,0.3640446,0.1230889,0.1504146,0.1024912,0.1468116,0.321633,0.2925612,0.1931922,0.1488112,0.0980704,0.141767,0.3268072,0.3166614,0.2103738,0.1455998,0.103188,0.1095126,0.328587,0.3403734,0.2162498,0.1477526,0.100685,0.1378946,0.3248086,0.3111776,0.0423942,0.1487834,0.1043962,0.1015982,0.320143,0.3373364,0.1963082,0.214995,0.1481474,0.0877476,0.146233,0.3266168,0.3330906,0.185221,0.1471106,0.0337988,0.1464554,0.3238644,0.2790968,0.0849949,0.1489498,0.064781,0.1345446,0.32546,0.3156266,0.1984144,0.1499966,0.0968114,0.1323864,0.327839,0.339218,0.191234,0.149185,0.085807,0.122217,0.3305902,0.3237212,0.1981842,0.145343,0.086832,0.1402016,0.327406,0.3530236,0.2132646,0.1468058,0.093021,0.1265516,0.3243778,0.3504,0.1883814,0.1521038,0.1046726,0.1459628,0.3249686,0.3510794,0.1339108,0.1486454,0.06882,0.0968764,0.3273158,0.3394028,0.22397,0.1495112,0.1037672,0.1044658,0.3286554,0.2980794,0.193745,0.1478212,0.0955344,0.1401764,0.3233456,0.3084946,0.2013456,0.1354694,0.0849608,0.1401636,0.3265792,0.3185388,0.2027298,0.1445208,0.1030872,0.1324354,0.3278292,0.359102,0.2038446,0.1531258,0.063166,0.1216082,0.3248194,0.3051428,0.141267,0.1503594,0.08786,0.141647,0.3176344,0.314969,0.2006254,0.1330458,0.0770875,0.1424012,0.3211736,0.3252544,0.1660806,0.1336248,0.1079198,0.1370718,0.3293478,0.3354552,0.1755226,0.1506382,0.0634714,0.0971802,0.3228106,0.3239754,0.3050548,0.2234908,0.1439874,0.0551789,0.134141,0.3263964
0.1518268,0.2067612,0.1485946,0.1066132,0.134814,0.2953338,0.312038,0.1977678,0.1486486,0.10529,0.1469296,0.3272844,0.3388788,0.1440918,0.1478508,0.0997008,0.1254378,0.3247316,0.324843,0.1869056,0.150379,0.1040494,0.1133966,0.3228798,0.321004,0.23566,0.1358098,0.0884346,0.1465322,0.328371,0.299523,0.1519384,0.1476156,0.1021648,0.1243502,0.3265306,0.3613294,0.1381005,0.150673,0.1023734,0.1477062,0.3199488,0.3018279,0.1918888,0.14854,0.0978698,0.1415442,0.3254114,0.3165908,0.2080658,0.1483766,0.1028336,0.1041176,0.3251334,0.3410126,0.2152476,0.1482678,0.1009492,0.1474234,0.3276208,0.3106592,0.0592082,0.1497508,0.105781,0.1026272,0.3253956,0.3371576,0.1972178,0.2154456,0.148363,0.0988416,0.1446956,0.3268012,0.3366098,0.1821734,0.1473272,0.0270944,0.1465418,0.3220794,0.2761042,0.0765373,0.1488094,0.0638014,0.1298598,0.2293677,0.3152102,0.2017716,0.1515994,0.0959478,0.1343664,0.325743,0.3383176,0.191988,0.1500282,0.08667,0.1198362,0.3281894,0.3284038,0.1958188,0.1441578,0.0890922,0.1407554,0.326269,0.3557826,0.2127262,0.14571,0.0953552,0.1256938,0.3248546,0.3445232,0.19314,0.1510644,0.105045,0.1452746,0.3297274,0.350569,0.1419294,0.1479684,0.0709466,0.0952958,0.3261414,0.339892,0.2217026,0.1498016,0.104301,0.1066736,0.3255578,0.2993352,0.1935284,0.1486208,0.0958462,0.1392242,0.3203774,0.307155,0.2004488,0.1355224,0.0872488,0.138687,0.3274608,0.3202174,0.2051938,0.1461972,0.1013576,0.1324582,0.329402,0.2895276,0.2019754,0.15307,0.062197,0.1207634,0.3245784,0.3063392,0.1429908,0.1487116,0.0876396,0.1439132,0.3234016,0.3150988,0.1999936,0.1329514,0.0723761,0.1417524,0.3251432,0.3257708,0.1664914,0.1339132,0.1060196,0.1391558,0.3297436,0.3337526,0.1723916,0.1533462,0.0636142,0.117186,0.3224042,0.3220068,0.302224,0.2231754,0.1433622,0.0621568,0.134255,0.3241198
0.2064628,0.208607,0.1476608,0.1061442,0.1344312,0.3033328,0.3136592,0.1992888,0.1507888,0.1050358,0.1492068,0.3316354,0.3366846,0.1346046,0.149105,0.0988202,0.123058,0.3236568,0.3240432,0.2043066,0.1494728,0.1042854,0.1084088,0.3216842,0.3205634,0.2436152,0.1485452,0.0885424,0.1465022,0.3253922,0.3042852,0.1615668,0.1461486,0.1006682,0.1241694,0.3254962,0.3616372,0.1558063,0.1521682,0.1013562,0.146678,0.3210346,0.3109472,0.1900532,0.0758771,0.0972608,0.1416112,0.3268162,0.1883503,0.207395,0.1485864,0.1013446,0.1149619,0.3245596,0.33892,0.2135464,0.1463344,0.1006148,0.1491152,0.3303974,0.3141596,0.0711683,0.1511882,0.1050012,0.10728,0.3271798,0.3362806,0.2005368,0.2146924,0.1483484,0.0992604,0.146048,0.3272514,0.332861,0.1816686,0.1468782,0.0265944,0.1494966,0.3225044,0.276232,0.0794987,0.1492168,0.066822,0.1279304,0.265399,0.3150788,0.19936,0.1502668,0.0988182,0.1358438,0.3281492,0.334689,0.1911542,0.1488318,0.0840724,0.1174134,0.3308644,0.3325456,0.1957334,0.1445528,0.0901868,0.1369746,0.327578,0.359327,0.2128838,0.1468606,0.095562,0.125083,0.3222212,0.3480934,0.1971296,0.1511432,0.1049942,0.14231,0.3277212,0.3516044,0.1555998,0.1475784,0.0734816,0.0957904,0.325842,0.3357214,0.2203358,0.1461152,0.1041352,0.107094,0.3263638,0.3006226,0.1907166,0.1472842,0.0986742,0.1386784,0.3226938,0.3070086,0.2023766,0.1364574,0.0838214,0.1405376,0.3285822,0.3213064,0.2042634,0.1449416,0.1022418,0.1332256,0.326767,0.3333303,0.2037124,0.1526768,0.0594354,0.122323,0.3251802,0.3042618,0.1400326,0.1497122,0.0848588,0.1410056,0.3212464,0.3163446,0.198681,0.1311906,0.0732377,0.1451442,0.325121,0.3289416,0.1641094,0.1349482,0.1068596,0.139408,0.3286232,0.3300166,0.1733688,0.1505996,0.0628624,0.1152046,0.3238918,0.3189086,0.3004512,0.222268,0.1427286,0.0825686,0.1362042,0.3236736
0.2498032,0.2080514,0.1490796,0.1059858,0.1352964,0.328182,0.3103444,0.196914,0.149749,0.105128,0.1464602,0.328878,0.3380386,0.1549152,0.1515912,0.0997216,0.122237,0.3203694,0.3270964,0.203932,0.147975,0.1046672,0.1081574,0.3258544,0.322005,0.2439816,0.1496368,0.0885124,0.1458676,0.3296318,0.3025392,0.1711565,0.1462876,0.0995054,0.123844,0.3265868,0.3629968,0.1646255,0.1515636,0.1009984,0.1493598,0.3243758,0.3189259,0.1897676,0.1138414,0.0974664,0.1416872,0.3290302,0.2048668,0.2068164,0.149681,0.1013982,0.1269938,0.3252054,0.3351088,0.2121194,0.148087,0.0992892,0.1488076,0.3268796,0.3102762,0.0762024,0.1500492,0.105186,0.106234,0.3271806,0.2745873,0.1998566,0.2153656,0.1488398,0.098818,0.143697,0.3267144,0.3330668,0.1796724,0.1488148,0.0159028,0.1485712,0.320411,0.2750218,0.1075207,0.1473776,0.0663464,0.1274242,0.3062032,0.3139644,0.2000394,0.1530134,0.1067354,0.1345354,0.3273328,0.3376246,0.1905704,0.1479116,0.0847252,0.1172342,0.330146,0.3408296,0.193285,0.1464334,0.0908244,0.1388048,0.3281934,0.3592118,0.2142242,0.1482106,0.0956598,0.1231024,0.3244116,0.3484268,0.1951942,0.1497796,0.1061594,0.1452804,0.3294278,0.3544206,0.186318,0.147793,0.027861,0.0936606,0.3253594,0.335733,0.2203062,0.1471798,0.1061128,0.1125126,0.2493833,0.301451,0.1905438,0.1472386,0.0980264,0.1385866,0.3257086,0.308419,0.2034196,0.1362772,0.0814694,0.1384118,0.327117,0.3188236,0.203725,0.1459314,0.1041866,0.1304698,0.3287098,0.3542012,0.0419611,0.1531928,0.0547844,0.1212972,0.324868,0.3019948,0.1425298,0.150078,0.083619,0.14305,0.3216126,0.318081,0.1977354,0.1312086,0.0731105,0.1463294,0.32776,0.3224656,0.1644572,0.1351274,0.107004,0.1364432,0.3277206,0.332159,0.1772642,0.1513844,0.0612738,0.1175284,0.323569,0.318398,0.2997572,0.2206648,0.1496368,0.105779,0.1362012,0.3235436
0.2651796,0.2082976,0.1484614,0.1054494,0.13324,0.3256514,0.3107228,0.1978296,0.1480242,0.104657,0.1487298,0.3293672,0.3338084,0.156882,0.1491436,0.0996902,0.1232122,0.3257624,0.3273294,0.2040382,0.1476948,0.104636,0.1081134,0.3276932,0.32131,0.2444864,0.1473912,0.0924364,0.146115,0.2693343,0.3024832,0.1781794,0.1454856,0.0988828,0.1200254,0.3267032,0.3661532,0.1725735,0.151764,0.0334204,0.147909,0.3265052,0.3210538,0.1896834,0.1291402,0.097079,0.1423494,0.3276066,0.255583766667,0.2052144,0.1505168,0.1007702,0.1301008,0.3256108,0.334986,0.2105692,0.147147,0.1016854,0.147154,0.3281498,0.30978,0.0893554,0.1496782,0.106042,0.1037584,0.3245574,0.3131361,0.1020367,0.2113792,0.1492934,0.0980418,0.1442474,0.327323,0.3302048,0.1755646,0.14833,0.0152122,0.1482188,0.3230724,0.2739452,0.1092527,0.1475268,0.0650914,0.128378,0.3218852,0.3114888,0.2014398,0.1528614,0.105744,0.1350192,0.3242852,0.3349572,0.1896436,0.147345,0.0829376,0.1181546,0.329398,0.339649,0.188615,0.1452436,0.0897306,0.1391366,0.3273848,0.3586856,0.2153552,0.150247,0.1072404,0.1218188,0.3220712,0.3458964,0.1927002,0.1471254,0.105439,0.145326,0.3294152,0.3551336,0.2011416,0.1471472,0.0568374,0.0910334,0.3287996,0.3314884,0.2182532,0.1491384,0.104616,0.1139034,0.2812993,0.2987586,0.1895966,0.1478652,0.0979436,0.1403994,0.326129,0.3079638,0.200835,0.1378532,0.0820368,0.1360904,0.3254866,0.3182746,0.2014622,0.1468128,0.1047666,0.1330654,0.3288516,0.3571282,0.0642331,0.1520384,0.0547062,0.1244512,0.325381,0.3019954,0.1434192,0.1498056,0.085918,0.1438706,0.3231486,0.3147824,0.1997368,0.1293568,0.0740794,0.1454322,0.325535,0.3208882,0.1622104,0.1341436,0.1064402,0.1381306,0.3311086,0.3293792,0.1784992,0.149557,0.0629106,0.1140312,0.3274258,0.3172004,0.2987462,0.216498,0.1486326,0.1072164,0.133672,0.3235208
0.2765916,0.2083422,0.1483678,0.104974,0.1347672,0.3247398,0.2112841,0.197922,0.1478804,0.1044128,0.1483168,0.3369066,0.3333442,0.1694708,0.1483348,0.1008232,0.1206564,0.3269074,0.3250686,0.2031602,0.1480514,0.1044624,0.1120462,0.3277312,0.3197934,0.2427116,0.1471516,0.094348,0.1458438,0.3091482,0.302895,0.1789316,0.1449544,0.1007076,0.1183896,0.3269342,0.3680948,0.1736244,0.1538826,0.0517916,0.1473894,0.2240911,0.3216626,0.1905996,0.138859,0.096478,0.1416044,0.3266092,0.2862406,0.2053182,0.1504002,0.1010312,0.1268214,0.3272326,0.3379866,0.2112926,0.1475726,0.1025024,0.14659,0.329002,0.3099896,0.1180917,0.150114,0.1063456,0.1077452,0.3264004,0.3318978,0.1401605,0.207653,0.1493616,0.098742,0.1431632,0.3267798,0.3303208,0.1766454,0.1497488,0.0529268,0.148299,0.3258664,0.2726724,0.1212933,0.147573,0.065424,0.1259496,0.3247348,0.3122218,0.2002994,0.1498994,0.106377,0.138634,0.323074,0.3369624,0.1870446,0.1461032,0.0878456,0.128108,0.3283144,0.3381436,0.1863322,0.145685,0.0895304,0.1400746,0.3250548,0.356484,0.2154016,0.1479416,0.1075752,0.1250798,0.3216632,0.3431464,0.1962162,0.1469544,0.106539,0.1441612,0.3295486,0.355928,0.2101644,0.149581,0.0615608,0.090708,0.3231948,0.3313318,0.217218,0.1493804,0.104423,0.115875,0.3083626,0.2955528,0.1866644,0.1482504,0.0974254,0.142285,0.3230686,0.3130436,0.2010308,0.141143,0.0824502,0.1378744,0.3274486,0.315477,0.2001,0.1486608,0.1038158,0.1302506,0.3258914,0.3683124,0.0986114,0.1514646,0.0527574,0.1259384,0.3267452,0.3019736,0.1463828,0.146696,0.0868944,0.1404906,0.32005,0.3143204,0.1991594,0.1299072,0.0733878,0.145765,0.3235298,0.3228324,0.1604046,0.1296714,0.1066188,0.1395812,0.328331,0.326284,0.180119,0.1517196,0.0625828,0.1214234,0.3219862,0.319217,0.2990964,0.2166676,0.1481308,0.1076146,0.1339004,0.3292318
0.2732523,0.2080276,0.149444,0.1048136,0.1324978,0.3251352,0.2504543,0.1968392,0.148686,0.103244,0.1465238,0.336399,0.3338514,0.1702612,0.1518848,0.102326,0.1217582,0.3279844,0.3257164,0.2023428,0.0930825,0.1042102,0.1107018,0.3239678,0.3181948,0.2435626,0.147384,0.092881,0.1485088,0.3097798,0.3037278,0.1778534,0.1464954,0.1000378,0.1182278,0.325609,0.36729,0.1760348,0.1513968,0.0508509,0.1464356,0.2996608,0.322966,0.1879428,0.1419724,0.0958624,0.1428578,0.3248564,0.2906958,0.2058456,0.1471834,0.101925,0.1259032,0.3250116,0.3374614,0.2113392,0.1485184,0.1025214,0.1459728,0.3311874,0.3093132,0.1221755,0.1488254,0.1072704,0.1064674,0.3291072,0.3360178,0.1549579,0.2077374,0.1470884,0.0987688,0.1470908,0.3273758,0.3312416,0.1592668,0.1480718,0.0536594,0.1470008,0.3248052,0.2737808,0.1359337,0.1491536,0.063285,0.12544,0.323951,0.3153126,0.2002986,0.1495236,0.1063398,0.1375304,0.3264584,0.3370396,0.1877856,0.1460376,0.092458,0.1346168,0.3268422,0.335616,0.1861736,0.1478528,0.0896054,0.1405834,0.324836,0.3601182,0.2175634,0.1487922,0.1079272,0.1174656,0.3221658,0.341728,0.1955524,0.1487356,0.1064772,0.1444174,0.245101,0.3525592,0.209484,0.1499898,0.1069392,0.0917126,0.3244978,0.3305532,0.2160522,0.1487992,0.1043492,0.1143272,0.3216854,0.293976,0.1849798,0.149188,0.0969124,0.139434,0.3251098,0.307701,0.2003138,0.1410782,0.0823166,0.1413082,0.327235,0.3140896,0.2003978,0.1476846,0.1028962,0.132746,0.3306988,0.3753812,0.1284117,0.1520856,0.0497018,0.1235602,0.3272962,0.305623,0.145738,0.1476968,0.0857948,0.1418418,0.3158422,0.3123084,0.1965346,0.1351922,0.0737896,0.1458578,0.3246096,0.3212904,0.1596706,0.130321,0.1064612,0.1403392,0.3306314,0.3289168,0.177968,0.1505058,0.0634114,0.1211946,0.3272136,0.3162488,0.1944479,0.2158966,0.1477734,0.1078148,0.1360942,0.3285448
0.2848596,0.2079514,0.1495002,0.1055684,0.1340442,0.3248596,0.3062159,0.1948876,0.1484284,0.1039636,0.1482782,0.3299842,0.3358684,0.184299,0.1520002,0.1022172,0.1219336,0.2213921,0.3213086,0.2005184,0.1134995,0.105284,0.1131252,0.324653,0.3222046,0.2433564,0.146293,0.0927112,0.1465162,0.3137976,0.2990784,0.1796,0.147646,-0.0025307,0.1217898,0.3246294,0.3670128,0.1770016,0.1543338,0.0819915,0.1455922,0.3211264,0.3284626,0.1878202,0.1433598,0.0959758,0.1440706,0.325472,0.3056732,0.2067566,0.1468874,0.1014754,0.1295804,0.326054,0.3334426,0.2113286,0.1482044,0.1017256,0.1441052,0.332788,0.3094602,0.1243781,0.0808246,0.105052,0.101676,0.3267274,0.35479,0.1669441,0.207956,0.144835,0.0996008,0.1456746,0.3251312,0.3286488,0.159545,0.1488506,0.0532428,0.1472432,0.3266314,0.273855,0.1565795,0.149987,0.0641896,0.1268538,0.325326,0.3090006,0.2001572,0.149029,0.1076234,0.1397568,0.3278898,0.337815,0.1856346,0.1474234,0.0923406,0.1326626,0.3316854,0.3355598,0.1856206,0.1480548,0.0914922,0.1396738,0.2303678,0.3572144,0.2176844,0.1494874,0.1068114,0.1171542,0.3232324,0.341844,0.2009974,0.148456,0.107553,0.143883,0.279586,0.3508768,0.2096536,0.1505102,0.1060124,0.091065,0.3294374,0.3286852,0.2174368,0.1490602,0.1045216,0.1182618,0.3222684,0.295455,0.1837678,0.1476494,0.0958482,0.1385814,0.3255364,0.3044238,0.1980448,0.1415738,0.0814184,0.1405876,0.3249782,0.3157812,0.2002386,0.1481002,0.1020284,0.1340472,0.3301618,0.3750774,0.1311019,0.1508648,0.0534888,0.1283806,0.3296634,0.3041552,0.1437426,0.149144,0.0869524,0.1388328,0.3186032,0.312039,0.195696,0.1356244,0.0746308,0.1456788,0.327376,0.3223034,0.1602384,0.1299376,0.1065656,0.1387596,0.3277132,0.329498,0.179599,0.1496852,0.0677674,0.1221336,0.3296666,0.3158986,0.2348222,0.213774,0.1490152,0.107842,0.1350306,0.3275002
0.2877828,0.207603,0.1476034,0.1065154,0.1351678,0.3246318,0.3151957,0.1936638,0.1483876,0.1047684,0.1478146,0.3325556,0.335765,0.1862072,0.1488598,0.1018178,0.1220072,0.279575,0.3197996,0.201143,0.1174148,0.1047384,0.1110766,0.3253686,0.2086509,0.2393046,0.1480976,0.09637,0.1474484,0.3177222,0.3014102,0.1786714,0.1480094,0.0516911,0.1237494,0.3272992,0.3629476,0.1795924,0.153245,0.0848873,0.1488456,0.321781,0.3349096,0.1868936,0.1462364,0.0960038,0.1436186,0.326104,0.3146398,0.2038638,0.145598,0.1012384,0.1306386,0.32372,0.3340378,0.0939054,0.1469034,0.1020628,0.144762,0.3318154,0.3098418,0.1245877,0.1005671,0.1060828,0.1018502,0.3291702,0.3578198,0.1731377,0.2107596,0.145494,0.0995544,0.1456516,0.3292124,0.3248788,0.1597584,0.1500938,0.0539514,0.1468278,0.3249156,0.27278,0.1583979,0.1472578,0.0644316,0.1258916,0.3247714,0.3050342,0.201826,0.1499734,0.1074336,0.135465,0.324863,0.337167,0.1857598,0.145541,0.0901038,0.1301426,0.3303206,0.3336608,0.1865316,0.1483726,0.0895394,0.1395382,0.2872754,0.3571096,0.2176104,0.1465662,0.1056648,0.117011,0.3205304,0.3443848,0.2009532,0.1489824,0.103977,0.1421512,0.2838166,0.3522574,0.210272,0.1501888,0.1071676,0.0899208,0.3242114,0.3292708,0.21749,0.14547,0.1047448,0.116433,0.3222914,0.2991016,0.183204,0.1475736,0.095536,0.1406656,0.322602,0.3034452,0.198032,0.1398426,0.081758,0.1410476,0.2067662,0.3130682,0.1983802,0.148021,0.1029976,0.1359244,0.329764,0.3747536,0.136165,0.1497488,0.0586352,0.133022,0.2544116,0.299966,0.148493,0.14958,0.086178,0.1388222,0.320958,0.3136788,0.194654,0.1353368,0.0757518,0.145734,0.3246434,0.3219332,0.1594098,0.1294744,0.1071276,0.1392714,0.3326368,0.3316434,0.177259,0.1492066,0.068167,0.1228476,0.3249912,0.3117066,0.2430932,0.2130634,0.1490052,0.1076974,0.1357998,0.3279396
0.2860186,0.208992,0.0509668,0.105119,0.135823,0.326841,0.3196385,0.1941672,0.1488272,0.0521128,0.147058,0.3273786,0.3343976,0.214725,0.1494142,0.1011558,0.1230702,0.2964364,0.319775,0.2008436,0.121031,0.1051498,0.109924,0.3231114,0.2465204,0.2378148,0.149599,0.0933924,0.147186,0.3213876,0.3030922,0.178016,0.1469042,0.0647438,0.1205608,0.3301608,0.361434,0.1866489,0.1518238,0.0882463,0.1489312,0.3247978,0.3346128,0.1834662,0.1475544,0.0957954,0.144337,0.3258184,0.3120218,0.2021004,0.1464644,0.1011496,0.1289308,0.3269724,0.3352392,0.103298,0.148814,0.1023202,0.1440786,0.3305512,0.3068858,0.141394,0.1259962,0.1067124,0.0976734,0.3268706,0.3607922,0.1868848,0.2064726,0.1472142,0.101158,0.1435482,0.3275326,0.3265232,0.2050948,0.1498336,0.0553108,0.1476472,0.3268642,0.1620478,0.1654453,0.1461492,0.067031,0.1162572,0.3296138,0.3056204,0.2000668,0.1499154,0.108161,0.1352484,0.3239222,0.3353466,0.1856294,0.1476468,0.0892072,0.129012,0.3275424,0.3336562,0.1862976,0.1483414,0.088969,0.1419262,0.3014462,0.3541708,0.2184874,0.1481218,0.1071982,0.1187428,0.3218426,0.3453042,0.2017134,0.1509542,0.103696,0.1419952,0.306682,0.3504472,0.2126156,0.1492174,0.1070352,0.086324,0.325475,0.3237094,0.2171284,0.1483664,0.1044724,0.11842,0.3265606,0.2999906,0.1837244,0.1488034,0.0963752,0.1388296,0.324467,0.304416,0.1982106,0.1389776,0.0884678,0.1417822,0.265882,0.3144838,0.19715,0.1466026,0.1029232,0.1365612,0.3274904,0.3716032,0.154171,0.15136,0.058221,0.131921,0.2970662,0.2995678,0.1531102,0.14937,0.0868228,0.138607,0.321746,0.198793,0.1939692,0.134674,0.074969,0.1452752,0.3295338,0.3225382,0.1572524,0.151349,0.1075786,0.1417448,0.331094,0.3303998,0.176497,0.151351,0.0664628,0.1218706,0.3256112,0.307783,0.2615128,0.2114778,0.1485696,0.1082254,0.1367202,0.3284814
0.3189468,0.2074822,0.111647,0.1053814,0.1370788,0.326307,0.3196124,0.1932728,0.148384,0.0747738,0.1457838,0.326831,0.3322176,0.212336,0.0590328,0.1017374,0.1232278,0.3008786,0.315924,0.1997964,0.1224578,0.1043176,0.1058344,0.32525,0.2832074,0.2390836,0.147889,0.0946266,0.1480206,0.3241624,0.3034342,0.1770136,0.1468924,0.0853118,0.1218556,0.3290442,0.3590046,0.189153,0.1515232,0.0886791,0.1475924,0.3255094,0.3318236,0.0619263,0.1488734,0.095414,0.1423398,0.3271946,0.3308096,0.2038168,0.1467954,0.1025232,0.128523,0.3276006,0.334346,0.1430054,0.1500928,0.1021616,0.1445462,0.3268226,0.3089114,0.1516206,0.1424626,0.1056714,0.0976164,0.327488,0.3561748,0.189001,0.205644,0.1472018,0.100217,0.1464522,0.327701,0.3249706,0.206295,0.1496772,0.0631914,0.1464278,0.3278536,0.2132812,0.1768532,0.1459442,0.029169,0.1161006,0.3271614,0.306955,0.200302,0.1495606,0.1078566,0.1327536,0.3216988,0.3375166,0.1851798,0.1490376,0.0404002,0.1284604,0.3245488,0.3312892,0.1855624,0.1481376,0.090927,0.1399362,0.321835,0.352016,0.1161181,0.1457804,0.1072814,0.1496614,0.3216504,0.3459618,0.1941202,0.1518258,0.1042188,0.145303,0.3165154,0.3470546,0.2107874,0.1485006,0.1061548,0.0831856,0.3226608,0.3212282,0.2153222,0.1495888,0.0288217,0.1185892,0.3296748,0.2951894,0.1816258,0.1494906,0.0965652,0.1398858,0.32472,0.32088,0.1972842,0.1404788,0.0883404,0.143154,0.2711472,0.3133698,0.198455,0.1449578,0.1029206,0.1368664,0.3261686,0.3767214,0.1841236,0.150383,0.060634,0.1293968,0.3002534,0.2999116,0.1559634,0.15078,0.0879842,0.1387792,0.3253874,0.217745,0.1921482,0.1325168,0.0740928,0.145459,0.3273678,0.3217294,0.1579036,0.1500154,0.1075046,0.1417598,0.3280186,0.3326124,0.1815108,0.1528852,0.0650826,0.1198232,0.3240356,0.3088992,0.2712532,0.2101222,0.1474858,0.1076622,0.138036,0.3275818
0.3175982,0.2077858,0.1098836,0.1050224,0.1372062,0.3256394,0.3261566,0.1906268,0.148661,0.0766068,0.1472156,0.3315872,0.3314546,0.2116628,0.1078107,0.101216,0.1218036,0.3207394,0.313517,0.1977574,0.123834,0.1060332,0.1058538,0.3232704,0.2969814,0.2387254,0.1477944,0.0945162,0.1470424,0.322059,0.2992684,0.1767468,0.1483958,0.0858574,0.123371,0.3290272,0.3569988,0.1948684,0.1514864,0.0882168,0.1486872,0.328746,0.3334162,0.090225,0.1470948,0.0960978,0.141741,0.3285268,0.325774,0.2008732,0.1455394,0.1035666,0.1292482,0.3282224,0.336671,0.178838,0.148509,0.102709,0.1455302,0.3274376,0.3044004,0.150357,0.1459532,0.1062074,0.1000084,0.3252074,0.3546486,0.1877398,0.205152,0.1466688,0.1026436,0.1433312,0.3266256,0.3277144,0.2082314,0.149328,0.0601348,0.1484284,0.3270458,0.2421142,0.1935528,0.1455528,0.0399848,0.118255,0.3241932,0.3027986,0.2015344,0.1508912,0.1081562,0.1313296,0.3243112,0.3362828,0.185441,0.1472922,0.0526826,0.128852,0.3284908,0.3293222,0.1833316,0.1484712,0.0899024,0.1425038,0.3225546,0.3513124,0.1260865,0.1464902,0.106249,0.148324,0.3216502,0.34294,0.1983286,0.0800918,0.1052354,0.1437502,0.3183076,0.3486774,0.211013,0.1492018,0.1069136,0.0864954,0.3267104,0.3198692,0.2195644,0.1489802,0.0434846,0.1176558,0.3283722,0.2938992,0.181306,0.1510586,0.0962076,0.141092,0.3239432,0.3228704,0.1963098,0.1379778,0.087007,0.1412086,0.295034,0.3072876,0.1999142,0.1453138,0.1038216,0.1354336,0.3267454,0.3773976,0.1877762,0.1505458,0.0636622,0.1302536,0.3062916,0.3005114,0.1620906,0.1506086,0.0872556,0.1412496,0.3220114,0.2361506,0.1902374,0.1347434,0.0743832,0.1448006,0.3242608,0.3213226,0.1562132,0.147793,0.1077972,0.1428164,0.3304816,0.3333448,0.1826796,0.151184,0.0660058,0.119379,0.3212984,0.304093,0.2727756,0.2103928,0.1489064,0.1053702,0.1379176,0.3289586
0.3154684,0.2055724,0.1094722,0.1044272,0.1377228,0.3230944,0.327915,0.1920936,0.1500086,0.0763344,0.1447942,0.3289432,0.333461,0.2126884,0.1130792,0.1023644,0.123031,0.3268878,0.3117198,0.1979312,0.1389158,0.1052188,0.1073718,0.3209622,0.3018492,0.2360618,0.1479638,0.0928118,0.1467626,0.3238974,0.2948008,0.1757458,0.1500504,0.0852314,0.1210972,0.328915,0.3553928,0.1995958,0.1513638,0.088124,0.1484712,0.326609,0.3338312,0.1171172,0.1467854,0.0970394,0.145036,0.3276704,0.3342862,0.1988544,0.145408,0.1013606,0.131857,0.3253696,0.330824,0.1896714,0.1472888,0.102712,0.1462572,0.3250928,0.3043156,0.1603156,0.1452322,0.1066384,0.10015,0.3278796,0.358843,0.1882584,0.2041494,0.1487988,0.1023666,0.1439582,0.3318358,0.3281692,0.2089568,0.1502336,0.0607352,0.1474874,0.3303958,0.2801857,0.1927006,0.1453212,0.0540662,0.1221972,0.3237452,0.304113,0.2003364,0.1498526,0.1077056,0.128834,0.3264288,0.3329504,0.1831954,0.1471016,0.0667854,0.1311084,0.3271566,0.3345502,0.183641,0.1464508,0.0941096,0.1410536,0.323465,0.3493736,0.128081,0.1473028,0.1064378,0.1483638,0.3228636,0.3413362,0.1972978,0.133758,0.1051702,0.1446796,0.3321768,0.3498614,0.2078738,0.110926,0.106341,0.0867812,0.3268958,0.3158468,0.2178376,0.1493024,0.0627608,0.1159366,0.3286964,0.292971,-0.0123982,0.1501336,0.0951648,0.1417392,0.323694,0.3181064,0.1965894,0.1382666,0.0869678,0.1398296,0.3073866,0.1909476,0.2008144,0.1467106,0.1028738,0.1350938,0.3323218,0.377708,0.1900852,0.1503374,0.0621836,0.1310788,0.3057304,0.3014724,0.1785622,0.1479276,0.0866438,0.1404328,0.3229334,0.2406163,0.1876072,0.1333908,0.0750994,0.1435494,0.3263966,0.31755,0.1552688,0.149742,0.1068058,0.1415926,0.329077,0.3317296,0.1828108,0.1514814,0.0714172,0.1207488,0.3232046,0.2995492,0.3050502,0.2081448,0.1502602,0.1063254,0.136176,0.326548
0.3141526,0.2082168,0.1179474,0.1048212,0.139095,0.3284478,0.328082,0.1912354,0.1471726,0.0772054,0.1469298,0.3315162,0.3338822,0.2144824,0.11583,0.1031594,0.119375,0.3252796,0.3121816,0.1962608,0.1402064,0.104846,0.1027406,0.3242998,0.3219244,0.2336498,0.1492094,0.0928792,0.1485726,0.3235316,0.2918036,0.180767,0.1509104,0.0839684,0.1246872,0.3308708,0.3553014,0.1992418,0.152187,0.0887288,0.1497518,0.323629,0.3280748,0.1317606,0.1465768,0.0983566,0.1444898,0.3265162,0.3339328,0.2002924,0.147074,0.1018046,0.1329102,0.2734524,0.331328,0.1911136,0.1467008,0.102369,0.1456446,0.3286876,0.3019048,0.1648354,0.1454856,0.1058212,0.0948746,0.3261692,0.3586994,0.1954214,0.2026914,0.1465192,0.101738,0.1469302,0.3307042,0.3261802,0.2097576,0.1482796,0.0558174,0.1482606,0.3274984,0.2912348,0.1920526,0.1437388,0.0565758,0.1194216,0.3226764,0.3051622,0.200547,0.1501268,0.107265,0.1312482,0.3216762,0.330213,0.1844502,0.1475282,0.0697356,0.1326912,0.326334,0.3311732,0.1834992,0.148996,0.0948888,0.1419198,0.327306,0.3501652,0.1566372,0.1492566,0.1083026,0.1482794,0.3262906,0.3373416,0.1956526,0.1441092,0.1047396,0.1465066,0.3314928,0.3488242,0.2069004,0.122655,0.1075184,0.0898424,0.3251284,0.31651,0.2166394,0.1497422,0.0773832,0.1156742,0.3274776,0.293649,0.034813,0.1501396,0.0941006,0.1418136,0.3228484,0.31719,0.1979068,0.139527,0.0883802,0.1365712,0.3074956,0.2347316,0.2014196,0.1465548,0.1027352,0.134657,0.328089,0.3810682,0.1931753,0.1510592,0.0630556,0.1318116,0.3061314,0.3027122,0.1762202,0.1480222,0.086598,0.142162,0.3184026,0.254995,0.187055,0.1346338,0.0737438,0.1424532,0.3282416,0.3164266,0.1597356,0.1471288,0.1063918,0.1427622,0.327287,0.3257676,0.1814558,0.1483956,0.0709506,0.1214944,0.3221448,0.2989494,0.3114666,0.2077138,0.1491144,0.1074624,0.1324488,0.3219232
0.3135652,0.205761,0.139535,0.1047204,0.138099,0.3264766,0.3327752,0.1904934,0.1471664,0.077077,0.1472238,0.328754,0.3319312,0.2127392,0.1152408,0.1026576,0.1212514,0.3263438,0.315869,0.1948784,0.1422378,0.1048276,0.104523,0.3279566,0.3336096,0.2333944,0.1516502,0.0903058,0.1474004,0.3199192,0.2934788,0.182097,0.0705694,0.0831294,0.126241,0.3316518,0.3535182,0.2001392,0.1520966,0.0848372,0.149746,0.3232396,0.3245046,0.1555632,0.1480042,0.097539,0.1457314,0.3254182,0.333625,0.2019524,0.1451138,-0.00795,0.130025,0.293128,0.3315084,0.1890311,0.146355,0.1020046,0.1457984,0.326247,0.3057578,0.174496,0.1463612,0.1060604,0.0966522,0.3269366,0.3554774,0.196603,0.2023686,0.1475036,0.1025046,0.1479496,0.328194,0.3280628,0.2067614,0.1493842,0.050402,0.148391,0.3291856,0.2885832,0.1913232,0.0586118,0.0605902,0.1213952,0.3283214,0.3004178,0.196748,-0.0027142,0.1079842,0.130421,0.3215158,0.326791,0.0151877,0.1492104,0.070439,0.1319842,0.3296914,0.3316946,0.1816174,0.1482882,0.0951786,0.1414624,0.3266504,0.3511158,0.1660445,0.1490026,0.1070812,0.149018,0.3221068,0.3357786,0.1982644,0.1450718,0.104828,0.1451834,0.3332604,0.3471172,0.2047726,0.1323196,0.1082476,0.085835,0.3286858,0.3174102,0.2154294,0.1505048,0.0811084,0.1213756,0.3298232,0.2914328,0.0619142,0.149848,0.093436,0.1419144,0.323734,0.3155496,0.1970622,0.1392396,0.092937,0.1352138,0.3271718,0.2847649,0.2007012,0.1485526,0.1017526,0.135444,0.3314918,0.3806042,0.2056262,0.1514774,0.064577,0.1363864,0.3206644,0.2985568,0.1779134,0.1494632,0.0867254,0.1433846,0.3229462,0.2880308,0.0427904,0.1364596,0.0747218,0.1413226,0.3301682,0.3136966,0.15892,0.1458408,0.10745,0.1443258,0.330029,0.3250258,0.1786884,0.1499858,0.0684296,0.120019,0.3294156,0.2964604,0.310928,0.206703,0.149078,0.1086514,0.1337116,0.323913
0.311175,0.204708,0.143408,0.1049218,0.1388474,0.3238498,0.3338994,0.1900552,0.1461776,0.0742106,0.1480476,0.3281658,0.3254676,0.2095064,0.1163476,0.1021332,0.1282682,0.3248466,0.3161778,0.1932024,0.142386,0.1052582,0.1042458,0.3298778,0.3383246,0.2333128,0.149232,0.0899532,0.1482902,0.3253908,0.2943198,0.1847546,0.1176366,0.0850402,0.1228388,0.3270274,0.3588368,0.20245,0.1531646,0.085049,0.1497262,0.3267882,0.3260808,0.1556264,0.1498494,0.0979668,0.140977,0.3267112,0.3366562,0.2012026,0.1470406,0.0521756,0.130761,0.30351,0.327981,0.1950481,0.1477502,0.1015688,0.1451388,0.328263,0.3026782,0.1744058,0.1481686,0.1057146,0.095863,0.324353,0.3554634,0.194158,0.2000064,0.1456896,0.1029018,0.1460088,0.3270694,0.3257316,0.2070246,0.1478562,0.0496518,0.1504134,0.3258864,0.2916002,0.190417,0.0924218,0.0689454,0.1255668,0.3280348,0.2977694,0.0324399,0.0193284,0.1082286,0.128395,0.3209014,0.3275136,0.0560664,0.1485724,0.0884834,0.12977,0.3338848,0.3281426,0.182124,0.1478994,0.0961334,0.1431318,0.3223964,0.3523108,0.1715749,0.1503808,0.1068824,0.1497576,0.3202628,0.2268323,0.1990738,0.1445038,0.1052104,0.145922,0.332717,0.3500392,0.2095144,0.134441,0.1082598,0.0824234,0.3275432,0.3198396,0.2136478,0.1499348,0.0756804,0.1188746,0.327983,0.2934898,0.0758601,0.148138,0.0923758,0.1420686,0.3281806,0.3130138,0.1957232,0.1400778,0.092078,0.1351818,0.3203394,0.3026082,0.1989864,0.1483816,0.1020444,0.136327,0.3283078,0.3797798,0.2043982,0.1495444,0.0658202,0.1344872,0.3245636,0.294988,0.183205,0.1491254,0.0871796,0.1434854,0.322813,0.3160788,0.0554363,0.1367078,0.0734958,0.1423582,0.3236688,0.3133088,0.154677,0.1482934,0.107606,0.1427258,0.3264612,0.3249594,0.0672593,0.1528526,0.0664774,0.1206858,0.330643,0.2969158,0.3259428,0.2070678,0.148273,0.1075254,0.1340236,0.3241994
0.309834,0.2050974,0.1417254,0.0578102,0.1386406,0.3203254,0.3341258,0.1898168,0.1476132,0.07264,0.1484006,0.3279392,0.323922,0.207167,0.1309242,0.1019348,0.1265114,0.32561,0.3139784,0.1943176,0.1427654,0.1046506,0.1018788,0.3292532,0.3435512,0.231145,0.1495004,0.0904762,0.1462266,0.329038,0.2924796,0.1855074,0.1178104,0.085177,0.1215628,0.3249838,0.3579172,0.2006734,0.1508566,0.087795,0.1475958,0.3258634,0.3252998,0.1589672,0.1459382,0.0999988,0.142486,0.3274614,0.334243,0.199012,0.0684928,0.0726482,0.1294636,0.3232058,0.3287276,0.1995597,0.1466878,0.1025922,0.1428002,0.3262288,0.3012524,0.1698456,0.149986,0.1053306,0.0895472,0.3253382,0.3549528,0.2000816,0.1980894,0.146517,0.1025428,0.1471404,0.3236316,0.3219132,0.2040568,0.147843,0.049669,0.1489282,0.3242756,0.2945082,0.1900024,0.1108208,0.0686584,0.1262472,0.3320312,0.3005892,0.0326691,0.0564166,0.1072872,0.1310646,0.324919,0.3270658,0.0579658,0.1492756,0.0882944,0.129823,0.3307318,0.3286816,0.1784444,0.1481086,0.0971886,0.1425978,0.323203,0.353593,0.1788821,0.0451339,0.1069668,0.1498248,0.3246504,0.2844322,0.198907,0.1466824,0.1061634,0.1463296,0.328764,0.3471854,0.207756,0.1456394,0.1086108,0.084919,0.3278464,0.3232896,0.2136464,0.150587,0.0770082,0.1157098,0.3254964,0.296417,0.1266863,0.1482636,0.0915688,0.1414056,0.3229076,0.3174054,0.194649,0.1396522,0.0948078,0.137357,0.322641,0.3161382,0.1964688,0.147757,0.102642,0.135059,0.3289298,0.3780316,0.206607,0.1490166,0.0831468,0.1334976,0.3259646,0.2932902,0.193868,0.149405,0.0875746,0.1412722,0.3236496,0.332398,0.0725134,0.135079,0.074433,0.1432406,0.32343,0.3157978,0.1536444,0.1473118,0.107203,0.1416098,0.1751641,0.3241006,0.0945227,0.1490424,0.0677506,0.1217194,0.3283898,0.3027502,0.3263632,0.2079378,0.1478084,0.1082274,0.1329468,0.3261598
0.3059322,0.2057968,0.1428446,0.0617924,0.1370718,0.320745,0.3342936,0.192345,0.148629,0.073436,0.1486788,0.3302422,0.3260372,0.2070494,0.1324988,0.1028324,0.1234034,0.3232904,0.3098764,0.192186,0.1402732,0.1043812,0.102814,0.3268616,0.3408212,0.2301194,0.1502586,0.0885618,0.1472198,0.3286788,0.2949666,0.1807808,0.117021,0.0854818,0.121518,0.325038,0.3525782,0.2124318,0.1497332,0.08811,0.147219,0.3285438,0.3281546,0.1615392,0.1467266,0.0991618,0.1427026,0.328607,0.3353248,0.2020638,0.086427,0.0759242,0.131213,0.3241268,0.3291822,0.1984342,0.1471696,0.1037134,0.145858,0.323479,0.2970246,0.1821244,0.150948,0.1052238,0.0923906,0.3281754,0.354327,0.2017328,0.197244,0.147155,0.1025838,0.1502914,0.3239212,0.321011,0.2044478,0.1477074,0.049758,0.148941,0.3235766,0.295142,0.1940312,0.1101246,0.068462,0.1266672,0.3314456,0.3007214,0.0425957,0.0767818,0.106743,0.1321596,0.3227796,0.3251012,0.0809304,0.14806,0.0892434,0.1280214,0.3283324,0.3294996,0.0204062,0.1483476,0.0976044,0.141862,0.3268934,0.3493134,0.1919757,0.0775203,0.015893,0.1477044,0.3250972,0.2896202,0.1990882,0.1467076,0.1045768,0.144143,0.3278256,0.3439318,0.2089596,0.1453148,0.1076136,0.088623,0.3269852,0.3214424,0.0698947,0.1493838,0.0761264,0.1147828,0.3265352,0.2977484,0.1283525,0.14877,0.0944414,0.1406012,0.32446,0.315818,0.1939254,0.1386278,0.0941304,0.1379714,0.321069,0.314959,0.1962252,0.1472108,0.104825,0.1374266,0.3305646,0.3759582,0.2037862,0.150076,0.0839334,0.1331012,0.3286076,0.2919592,0.1934158,0.0514774,0.0877982,0.1414448,0.3267892,0.3287028,0.1069163,0.135456,0.0738876,0.142719,0.3271384,0.3145558,0.1577218,0.1472346,0.1073928,0.1443578,0.2794044,0.32433,0.0957341,0.1512412,0.0669108,0.1193886,0.327248,0.3019808,0.3251896,0.0695101,0.1491424,0.1069546,0.1275846,0.3254524
0.3055408,0.2032496,0.1412948,0.0774308,0.1373266,0.3217906,0.3364486,0.1930262,0.1484528,0.0746274,0.1479226,0.328773,0.330011,0.2077364,0.1325502,0.1023866,0.1302282,0.3238934,0.3077136,0.1916482,0.1421054,0.1048828,0.098653,0.3264138,0.3375584,0.2289272,0.1496522,0.0893902,0.1457678,0.3250854,0.2916278,0.1796958,0.1159032,0.085422,0.1211656,0.3291376,0.3569696,0.2116892,0.1497328,0.0867394,0.1479318,0.3228142,0.3312226,0.1612682,0.1478342,0.0987384,0.1424372,0.321782,0.3327034,0.2024874,0.0900596,0.0770774,0.1344434,0.3289348,0.3274842,0.1991548,0.1490448,0.0342806,0.1459434,0.325776,0.2956704,0.183266,0.1513878,0.1037452,0.0884304,0.327242,0.3537748,0.2070412,0.1923516,0.14857,0.1027916,0.1486062,0.325408,0.3264458,0.2073614,0.1472534,0.0602976,0.1485314,0.3279992,0.2982322,0.1930066,0.1374708,0.0689288,0.1261002,0.3265772,0.302102,0.0603009,0.0881636,0.1060834,0.1318112,0.3249734,0.3247054,0.080602,0.1467982,0.090547,0.132219,0.32789,0.3280746,0.0627304,0.0791765,0.099656,0.1399384,0.3271608,0.3444788,0.2020486,0.1000766,0.0792272,0.1488848,0.3227684,0.3236902,0.221107,0.1466586,0.1054254,0.1444574,0.326758,0.3480022,0.2103466,0.1449518,0.1069738,0.0898574,0.3278722,0.3259486,0.1001247,0.1482988,0.076699,0.1153894,0.3253504,0.2953674,0.1338388,0.0790454,0.0935526,0.1401976,0.3274618,0.3142128,0.1951374,0.1372296,0.0945868,0.1341808,0.3222912,0.3223488,0.1978378,0.1466174,0.1052858,0.136765,0.3291498,0.3783828,0.2050962,0.150557,0.0842198,0.1362654,0.3251952,0.292163,0.1930158,0.0897001,0.0874274,0.1409564,0.3226354,0.3298884,0.1279729,0.1381468,0.0741686,0.1426964,0.32609,0.1739837,0.0471001,0.146367,0.1070698,0.1442402,0.3175264,0.3209212,0.1075125,0.1501328,0.0659804,0.122363,0.324236,0.3015022,0.3259654,0.0762276,0.1510114,0.1060608,0.1284918,0.327519
0.30783,0.2033572,0.1409194,0.0760478,0.1380804,0.3209714,0.3364414,0.1903858,0.1473524,0.0726598,0.1452732,0.3289286,0.3298284,0.204717,0.1317902,0.1025304,0.128949,0.3242154,0.3080328,0.1920644,0.139485,0.1061062,0.098386,0.327933,0.3346674,0.2258178,0.1485634,0.0936424,0.1458558,0.321779,0.295175,0.1784612,0.1143462,0.0877502,0.1200968,0.3293874,0.3616768,0.210197,0.1509156,0.0854128,0.1476192,0.322264,0.327647,0.1618326,0.149171,0.101744,0.1452494,0.3232536,0.335753,0.1989206,0.1162894,0.077132,0.133207,0.3273994,0.3255054,0.199237,0.1495464,0.0928226,0.1484556,0.327901,0.2924482,0.1890306,0.1497888,0.1054746,0.0830878,0.3297802,0.3523444,0.2061524,0.1934856,0.145887,0.1019848,0.1486436,0.3248388,0.3256998,0.0224885,0.1467138,0.0562592,0.1483348,0.3286238,0.3005352,0.1935646,0.1360122,0.0820152,0.1251754,0.3283946,0.3020324,0.1030638,0.1349638,0.1067138,0.1310532,0.3247096,0.3252296,0.1059436,0.1499616,0.0913056,0.1310876,0.3306984,0.333058,0.0947328,0.116631,0.0994152,0.142851,0.3262016,0.3431068,0.1994232,0.100582,0.0804702,0.146735,0.3233736,0.33032,0.2221158,0.1447782,0.1047136,0.1463654,0.3304826,0.3489298,0.2078178,0.1460288,0.107807,0.0898296,0.3258234,0.3269144,0.1179051,0.148668,0.0768392,0.1162868,0.3243824,0.2930138,0.136129,0.1021804,0.094037,0.1420256,0.3249562,0.3150232,0.1928932,0.1381216,0.094096,0.1342456,0.3203012,0.3205312,0.1961002,0.1460492,0.105484,0.1331096,0.324405,0.3819042,0.2044402,0.150587,0.0832096,0.1321958,0.3257934,0.2939852,0.1927932,0.1173206,0.0861834,0.1383432,0.3225264,0.32497,0.1352577,0.1365798,0.0746578,0.1423662,0.3283458,0.23031,0.0817397,0.146489,0.1062516,0.1443758,0.3169566,0.3206942,0.1047965,0.1503282,0.06846,0.122872,0.3245706,0.3009952,0.3223022,0.0863876,0.1507418,0.1068544,0.1267946,0.3234056
0.3108304,0.2062918,0.1410164,0.0794778,0.1386672,0.3244298,0.3374178,-0.0301957,0.145911,0.0709658,0.1447706,0.3287692,0.3306258,0.205127,0.1303482,0.10309,0.1312466,0.3228058,0.1881294,0.1916668,0.1413924,0.106229,0.0995304,0.3270256,0.3367058,0.2253098,0.1480238,0.093267,0.1459222,0.325782,0.296891,0.1755676,0.1165668,0.0880252,0.1211656,0.3291014,0.359865,0.2081734,0.151154,0.085903,0.1478032,0.323085,0.3293842,0.1624344,0.1483454,0.1025668,0.1445128,0.3239506,0.333406,0.198836,0.1167588,0.0772914,0.1349084,0.3263456,0.3184348,0.2037486,0.1506298,0.0963898,0.1467418,0.3233986,0.288216,0.1895942,0.149889,0.1054828,0.0854782,0.3224424,0.355114,0.2047238,0.1891456,0.1445842,0.1016624,0.1454346,0.3262238,0.3264456,0.0475667,0.1442726,0.0661442,0.1459266,0.3299168,0.3027558,0.210749,0.1371284,0.0830844,0.1239484,0.3263626,0.186824,0.1201425,0.1334218,0.1066766,0.132733,0.3252992,0.3254472,0.1267637,0.1484622,0.0901216,0.129657,0.3354698,0.3351696,0.117651,0.121316,0.0984186,0.1429622,0.326502,0.341879,0.2042064,0.1026466,0.1020998,0.1484776,0.327155,0.3333118,0.2233586,0.1448694,0.1052936,0.1441312,0.3294314,0.3482888,0.206729,0.1469482,0.1071084,0.0916544,0.3272816,0.3266074,0.1473208,0.148729,0.077428,0.1151644,0.3317868,0.290954,0.1528582,0.11222,0.0953806,0.144029,0.3209716,0.3130866,0.1923124,0.1392168,0.0951246,0.1333714,0.3212492,0.3202056,0.196548,0.1475448,0.1063328,0.1343498,0.3301932,0.3818164,0.2068244,0.149439,0.0849574,0.1317882,0.323464,0.2924238,0.1928836,0.121373,0.0861894,0.13711,0.3199772,0.3238406,0.1527792,0.1366762,0.074703,0.142288,0.330578,0.2771507,0.0999995,0.1467078,0.1058376,0.143749,0.319449,0.3208878,0.1031185,0.1502784,0.0694166,0.120858,0.324257,0.30413,0.3187438,0.1004477,0.1497094,0.1066308,0.1273948,0.318964
0.3129902,0.2051546,0.1422836,0.0832328,0.1384714,0.3282874,0.3319604,-0.0006047,0.1467874,0.0706944,0.1456476,0.3295818,0.3289826,0.2029982,0.1447698,0.1029898,0.1313196,0.324812,0.2750002,0.1937092,0.1425912,0.105828,0.1007026,0.3283236,0.3354282,0.2233982,0.1480676,0.0934378,0.1455298,0.3251812,0.2971656,0.1911382,0.113759,0.0887452,0.1185288,0.3250912,0.3580928,0.2093492,0.0472353,0.0850154,0.149594,0.3193368,0.3294906,0.161094,0.1496188,0.1018868,0.1464368,0.3280332,0.3351286,0.1995544,0.1162908,0.0732524,0.1359024,0.3240842,0.3167548,0.2007926,0.0485654,0.097944,0.1467392,0.3244792,0.288423,0.1878852,0.1491648,0.105874,0.086882,0.3254284,0.354094,0.222481,0.1914644,0.1458574,0.101624,0.1481504,0.3246772,0.3254002,0.0461159,0.1432524,0.0661388,0.146148,0.3275326,0.3037494,0.2110632,0.1377202,0.080953,0.1234644,0.3221902,0.2227586,0.1425363,0.1350176,0.1074998,0.1324574,0.3264446,0.3232012,0.1326519,0.1492792,0.0909074,0.1309638,0.334689,0.333725,0.1421414,0.1279124,0.0976714,0.1467042,0.3276098,0.3401216,0.203249,0.1022664,0.1047434,0.1475458,0.32358,0.3339542,0.223123,0.1439786,0.105594,0.142774,0.325916,0.3480604,0.2072462,0.1466642,0.1077432,0.097801,0.3262304,0.3281924,0.151935,0.1488058,0.081699,0.1142682,0.3285802,0.2900626,0.1678558,0.116741,0.0955064,0.1429244,0.3216888,0.3148076,0.1901228,0.1395378,0.095449,0.1339452,0.3226292,0.3238394,0.1973786,0.1463134,0.106033,0.1344194,0.3296766,0.3852988,0.2045898,0.0890805,0.0857268,0.1311046,0.3231776,0.2939458,0.1929602,0.1268276,0.0839914,0.1369888,0.3211268,0.328608,0.1611804,0.1349464,0.080278,0.1436512,0.3290382,0.2798335,0.1324927,0.1487832,0.106244,0.1440696,0.3239784,0.3203152,0.1187632,0.1529156,0.0700704,0.1148418,0.3251628,0.3046622,0.319794,0.1331987,0.1477972,0.1062488,0.1295508,0.322935
0.3102528,0.2031156,0.1415054,0.0814402,0.1377168,0.326748,0.3308274,0.0388319,0.1460284,0.0706786,0.1450902,0.2253433,0.3239062,0.203492,0.1468408,0.1032962,0.130707,0.3255988,0.2852606,0.1917076,0.1414674,0.106049,0.0949012,0.3238092,0.3364632,0.2222292,0.1491402,0.0926696,0.1462684,0.3284656,0.2982382,0.1924888,0.1161894,0.0924462,0.1135624,0.3247512,0.3538996,0.207135,0.1156869,0.0854366,0.147239,0.3235852,0.3290686,0.1594374,0.1505374,0.0985662,0.1434612,0.3263544,0.3353298,0.1980202,0.1166448,0.0767384,0.1369166,0.3254476,0.3193974,0.2062898,0.0821254,0.0972636,0.1455956,0.3247122,0.2917682,0.1857516,0.149345,0.1053182,0.0840184,0.3278378,0.3516938,0.2235914,0.1901736,0.1473162,0.1016308,0.1489292,0.3233126,0.1958789,0.0750276,0.146466,0.0674468,0.1455422,0.32857,0.3045596,0.2125334,0.1375492,0.0828302,0.123006,0.3251816,0.2655602,0.1429061,0.134981,0.10664,0.132873,0.3267218,0.3237912,0.1238992,0.1488538,0.0901034,0.12972,0.3317862,0.3358268,0.1335746,0.129655,0.096479,0.1455212,0.3281936,0.338603,0.2027782,0.1023016,0.103905,0.147203,0.3265072,0.348777,0.2232556,0.1449294,0.1062206,0.1419272,0.3262216,0.3480434,0.2068066,0.1481454,0.1068912,0.1017472,0.3277142,0.3265272,0.1553884,0.1476782,0.0824466,0.1161552,0.3278088,0.293206,0.1690896,0.1175958,0.0965156,0.1427854,0.3192828,0.3124294,0.1905866,0.1360898,0.094474,0.1343008,0.3235142,0.3289818,0.1977472,0.1480008,0.0583966,0.1361972,0.3289538,0.3785514,0.203699,0.0986225,0.0857,0.1340354,0.3239928,0.2942788,0.192987,0.1334102,0.0850996,0.137888,0.3217648,0.3310254,0.1844259,0.1352826,0.0801642,0.144536,0.326404,0.2904372,0.1348643,0.1471224,0.1067064,0.1420274,0.3200742,0.3206446,0.120271,0.1537474,0.069328,0.1201528,0.3301032,0.3034116,0.321037,0.1463217,0.1491378,0.1075874,0.1290082,0.3250438
0.3059812,0.2002724,0.1416762,0.0819202,0.1367486,0.3226318,0.3281476,0.0570475,0.1454798,0.0686962,0.1458564,0.3044302,0.3167658,0.2048044,0.1457648,0.1030954,0.128461,0.3227918,0.3012872,0.1882154,0.1489162,0.1057404,0.0965044,0.3249464,0.33669,0.2214548,0.1483748,0.094783,0.1456836,0.3293104,0.2959386,0.1891424,0.1162904,0.0939648,0.1086134,0.3241964,0.3503408,0.2050662,0.1187687,0.0864362,0.146934,0.3226178,0.3257594,0.1664802,0.1519672,0.096179,0.1456472,0.2190398,0.3383808,0.1996048,0.1183482,0.075991,0.1365098,0.329542,0.3151292,0.2072076,0.087785,0.0977942,0.1434586,0.326948,0.2901058,0.187173,0.1506762,0.1058224,0.0818278,0.325001,0.3493408,0.2228578,0.1887388,0.1457452,0.1004576,0.1487334,0.3286076,0.2406357,0.082786,0.0849233,0.073573,0.1450784,0.3280764,0.3049254,0.2135544,0.1378804,0.082631,0.1239296,0.3260654,0.3173468,0.1410808,0.1335332,0.1077018,0.1353764,0.325988,0.3229906,0.1268734,0.1481938,0.090805,0.1308252,0.3337338,0.3303864,0.1340818,0.1408548,0.026388,0.142196,0.327802,0.3389266,0.2021972,0.0971766,0.1051458,0.149553,0.3233856,0.3502786,0.2223994,0.1447974,0.1061354,0.1412588,0.3233204,0.349142,0.2061102,0.1460526,0.1076664,0.1032252,0.3270892,0.326832,0.1606985,0.1464436,0.0803072,0.11892,0.3248644,0.2931748,0.1681228,0.1327412,0.0958552,0.1411064,0.3220698,0.3153354,0.0488727,0.1370372,0.0943712,0.1343464,0.3267204,0.3275178,0.1990654,0.1472452,0.0868026,0.1359072,0.3286084,0.3783388,0.2033062,0.1126342,0.0852976,0.133932,0.3217456,0.2953952,0.2000964,0.131099,0.084924,0.136745,0.3222222,0.3320302,0.1827365,0.1380556,0.0772394,0.1454286,0.32669,0.3060924,0.1346292,0.1471714,0.1073192,0.1416592,0.3285066,0.3185586,0.119371,0.1531568,0.0689024,0.117702,0.3285272,0.3009742,0.3204466,0.1499923,0.1492398,0.1079398,0.129608,0.3288806
0.302941,0.2019138,0.1451784,0.0828102,0.137206,0.3257156,0.328703,0.0772195,0.0622131,0.0675876,0.1470468,0.303772,0.3124814,0.2029828,0.145203,0.1042106,0.1320862,0.3260678,0.2982054,0.185892,0.1482816,0.1043728,0.0981818,0.3262902,0.3378316,0.2212182,0.1486446,0.0963854,0.1495278,0.3301294,0.2971796,0.1903956,0.135296,0.0932222,0.1111718,0.2196763,0.3517756,0.2052114,0.1238753,0.0865274,0.149227,0.3229814,0.3300588,0.167842,0.150321,0.0960146,0.1467094,0.2808924,0.3376332,0.2017804,0.1166016,0.0748426,0.137181,0.3262728,0.3201518,0.2124788,0.1077021,0.099756,0.1419482,0.3243506,0.295828,0.1878232,0.1486656,0.1055868,0.0823772,0.3245186,0.3512716,0.2212646,0.1892774,0.1493776,0.0995482,0.1479312,0.3265734,0.3016035,0.1079846,0.1051476,0.0745698,0.1467192,0.3267702,0.3052592,0.2110592,0.1357578,0.084112,0.1237548,0.3236286,0.3197786,0.1480321,0.133317,0.1072632,0.1333972,0.3246134,0.3199892,0.1258972,0.1490726,0.092002,0.1456422,0.332254,0.3291486,0.135077,0.140982,0.0825136,0.1418076,0.323331,0.336668,0.2168628,0.108438,0.1041228,0.1506128,0.3251296,0.3609152,0.2209176,0.1442436,0.1054742,0.1429374,0.3219976,0.3476958,0.2061786,0.14676,0.1072766,0.1041654,0.3233248,0.3276778,0.1597637,0.1486044,0.0795362,0.119509,0.3259378,0.2950542,0.17228,0.1320668,0.0950326,0.1402518,0.323,0.3139124,0.0426447,0.1373836,0.0944812,0.1312746,0.3286602,0.3255278,0.2003094,0.1471612,0.0868775,0.1369192,0.3278864,0.3787256,0.2039668,0.1320162,0.0852502,0.13262,0.3223086,0.2934416,0.1977754,0.1313372,0.0843916,0.1381692,0.3269136,0.3326678,0.1920594,0.1380438,0.0811518,0.1469382,0.3297578,0.3141872,0.1368232,0.1494062,0.1062934,0.1413104,0.328427,0.3135292,0.119822,0.1524544,0.0685054,0.118882,0.3258878,0.30525,0.319942,0.1563646,0.1503668,0.1084298,0.1296594,0.3265434
0.3025584,0.2016754,0.1430808,0.0829262,0.1390706,0.3268452,0.3262144,0.1315729,0.123507,0.0684898,0.1462708,0.3085064,0.307456,0.2027922,0.1459334,0.1023952,0.131525,0.3235412,0.3206708,0.184339,0.1459824,0.104197,0.0957684,0.3289776,0.3391822,0.2216568,0.146592,0.0968294,0.1458096,0.3260162,0.300019,0.190106,0.1341878,0.0902752,0.1112628,0.2796153,0.3551012,0.2023846,0.1235787,0.0891524,0.1507556,0.3258032,0.3273114,0.1677776,0.150607,0.0948832,0.1443636,0.295569,0.3358474,0.201935,0.1184438,0.072835,0.1375192,0.3254072,0.3205856,0.2170316,0.1091947,0.0982416,0.1449732,0.326964,0.2969094,0.1862138,0.1502512,0.1067682,0.0728034,0.327091,0.3519654,0.2242772,0.1901046,0.1486244,0.1007602,0.1482688,0.325647,0.3170457,0.1231328,0.1261916,0.0785174,0.1478964,0.3284772,0.3076368,0.2089406,0.144443,0.084293,0.125165,0.3241648,0.325564,0.1498311,0.131383,0.1069646,0.1326238,0.325993,0.3181406,0.1305054,0.066413,0.0914752,0.1468646,0.329482,0.331278,0.1526196,0.141439,0.1028958,0.1419846,0.3278654,0.3360632,0.224342,0.108921,0.1030842,0.1485964,0.3249266,0.3614248,0.2194282,0.1442414,0.1051856,0.144197,0.3276856,0.3441408,0.2052964,0.1468648,0.1080116,0.1035678,0.3236532,0.3296878,0.1657493,0.1496246,0.079799,0.1179724,0.3254732,0.2947048,0.173301,0.1324034,0.0940288,0.1396042,0.3248334,0.3146758,0.0934297,0.1394782,0.0932912,0.1326868,0.3273766,0.3282742,0.1991542,0.026704,0.0884907,0.1437756,0.3293892,0.3801492,0.2057436,0.139242,0.0813774,0.1294226,0.3262666,0.294567,0.1963618,0.1404032,0.08462,0.1369262,0.3242274,0.3279114,0.1912518,0.1375956,0.0772612,0.1456178,0.3279806,0.312311,0.1504358,0.1512492,0.106432,0.1444608,0.327085,0.3158236,0.1235167,0.152459,0.0667654,0.1239206,0.3245944,0.3006438,0.3210876,0.1879849,0.1504204,0.1078042,0.1322416,0.3260134
0.3033932,0.2005904,0.141704,0.0826782,0.1382954,0.3285542,0.3228618,0.1622194,0.1262888,0.068394,0.1453264,0.306465,0.3081652,0.2002296,0.14757,0.1034516,0.1311166,0.326725,0.3218092,0.1850808,0.1479296,0.103124,0.0987816,0.3299824,0.3355014,0.2224506,0.146357,0.0955894,0.1451978,0.3268118,0.300112,0.186765,0.1370768,0.095019,0.1111416,0.2916292,0.3570202,0.2026328,0.1482706,0.087147,0.1491326,0.3253708,0.326443,0.167109,0.149706,0.0949918,0.145573,0.3102274,0.3385778,0.2032962,0.1175516,0.0713108,0.134899,0.3249634,0.3226904,0.216367,0.1256992,0.0968052,0.145699,0.3247504,0.297946,0.1949878,0.1496606,0.1077792,0.0620246,0.3288492,0.347891,0.2205022,0.1886566,0.1474316,0.1004662,0.1469358,0.3245962,0.3237036,0.1416116,0.1292232,0.0779294,0.149116,0.3283728,0.3097682,0.2083958,0.1464772,0.0823924,0.1256168,0.3264276,0.3270536,0.1464767,0.1339006,0.1074182,0.130015,0.324743,0.3204568,0.1531714,0.1019502,0.0904302,0.1446248,0.3288206,0.3247642,0.1518098,0.140812,0.1031674,0.1437106,0.3279904,0.3368466,0.2295508,0.1055644,0.1055678,0.1467768,0.3265226,0.3546672,0.2182166,0.1445494,0.1050472,0.144175,0.3233138,0.3415064,0.2032772,0.1469734,0.1072098,0.1039838,0.3202562,0.3316256,0.1740189,0.149162,0.0759148,0.1213992,0.326816,0.2968476,0.1705442,0.1333886,0.0949554,0.140852,0.32669,0.3135296,0.0946846,0.138715,-0.0061676,0.1278302,0.320109,0.3303838,0.199809,0.0732559,0.1020839,0.140833,0.3283982,0.3798252,0.2060248,0.1505736,0.0839626,0.1313228,0.32537,0.2932434,0.1973704,0.1395608,0.081638,0.1349676,0.3220894,0.328238,0.1889456,0.1343796,0.0773698,0.144337,0.324669,0.3131694,0.1511562,0.0596205,0.106772,0.142337,0.3255216,0.318862,0.1318655,0.1055546,0.0785736,0.1252242,0.3243146,0.1812998,0.3224084,0.1871275,0.1483238,0.1073906,0.1301838,0.3275714
0.3010708,0.199252,0.1435076,0.0852712,0.1385708,0.3290586,0.3267034,0.1625678,0.1305354,0.064219,0.1448596,0.323758,0.3096982,0.1995616,0.1474106,0.1036946,0.132972,0.3281006,0.3220206,0.1848562,0.1480992,0.1043268,0.1019762,0.3287134,0.3378004,0.2199412,0.1468658,0.09597,0.1464204,0.3241152,0.2992244,0.1859452,0.1436008,0.0945654,0.1114214,0.3171952,0.3628356,0.2032704,0.148903,0.0893376,0.1463034,0.3284716,0.326701,0.1689784,0.148927,0.0952782,0.1471952,0.3223598,0.338042,0.202506,0.1154084,0.0706302,0.1371502,0.329775,0.3203724,0.2145134,0.1277916,0.096744,0.1476922,0.3211706,0.3002804,0.1934716,0.1490082,0.1077892,0.0633742,0.3311726,0.346952,0.2228358,0.1858962,0.1472608,0.1017706,0.1474702,0.3230328,0.3315372,0.142625,0.1367602,0.075831,0.147879,0.3281622,0.308782,0.2072544,0.1476938,0.083985,0.126342,0.3273022,0.3275602,0.1641458,0.1311082,0.108719,0.1299052,0.2528068,0.316018,0.1526052,0.111339,0.089589,0.1456828,0.326898,0.324617,0.1507214,0.14372,0.1034322,0.1432776,0.3290448,0.335814,0.2281738,0.107871,0.104108,0.1482672,0.3259038,0.3525804,0.2210852,0.1415802,0.1050188,0.1434112,0.3248196,0.338539,0.2028058,0.1455712,0.1079188,0.1055002,0.3295672,0.2497508,0.1782422,0.150174,0.0828766,0.1192928,0.32717,0.1324547,0.1707592,0.1329508,0.094525,0.1401466,0.327816,0.3123514,0.094442,0.1380854,0.0543606,0.1266806,0.3238498,0.329519,0.0734007,0.118554,0.1043271,0.1409748,0.325702,0.3796494,0.203748,0.1522862,0.0832444,0.1320236,0.325038,0.2886862,0.1957052,0.1400868,0.0860116,0.13595,0.3210392,0.3267508,0.189701,0.1359266,0.0775578,0.1458544,0.3295406,0.3134794,0.1519404,0.129516,0.106577,0.141334,0.328152,0.3189362,0.1303847,0.1228744,0.0809484,0.12454,0.3226954,0.2502555,0.3236272,0.1902746,0.1477684,0.1055244,0.1271976,0.331118
0.3028326,0.1973602,0.1446612,0.0841044,0.1411736,0.3289762,0.3273986,0.164059,0.13041,0.063481,0.1447704,0.3256628,0.308853,0.198405,0.1504056,0.103296,0.131707,0.330268,0.321443,0.1819774,0.1488638,0.103765,0.103264,0.3281852,0.340754,0.2178382,0.1455812,0.0996406,0.1467758,0.3248668,0.3005178,0.1863642,0.1422914,0.0937126,0.1131484,0.3265912,0.361735,0.204841,0.1515496,0.0892838,0.1482292,0.3293034,0.3230082,0.1748598,0.1495796,0.0979424,0.1445154,0.3188636,0.3374592,0.1028654,0.1120726,0.0709524,0.1367232,0.3281076,0.3195256,0.2145658,0.1312722,0.0970594,0.1464942,0.3193838,0.2987884,0.1919056,0.1495646,0.106104,0.0745338,0.3266768,0.3484652,0.2218812,0.1853502,0.14743,0.1025026,0.147228,0.3205684,0.3297418,0.1408318,0.138903,0.075486,0.1471104,0.329776,0.3101914,0.2063448,0.1495492,0.0846066,0.1286326,0.3280112,0.3279618,0.1829308,0.131761,0.1081568,0.1328694,0.253278,0.3136158,0.1585422,0.1123846,0.0889842,0.1451968,0.3317138,0.3202078,0.1497042,0.144792,0.1034428,0.1406074,0.3292766,0.3354674,0.229226,0.106327,0.1038994,0.1475618,0.3289878,0.3516728,0.2171962,0.142231,0.1050372,0.1450898,0.326079,0.3368792,0.2013168,0.1450468,0.1085246,0.1002356,0.3298,0.2716146,0.175249,0.148677,0.0835784,0.12214,0.328475,0.1746661,0.1714852,0.1324678,0.0936444,0.1381784,0.3240024,0.3123888,0.1079446,0.1365714,0.0835578,0.1236878,0.323863,0.3296978,0.1133556,0.1210738,0.1036753,0.1421322,0.3239476,0.376495,0.2024046,0.1510868,0.083839,0.1319844,0.3266758,0.2865546,0.197177,0.1393662,0.0855118,0.1327086,0.3204028,0.3272692,0.1880812,0.1353738,0.0800684,0.1455008,0.3297078,0.3244876,0.171271,0.142141,0.1062712,0.1442918,0.329261,0.3194642,0.1286765,0.1425544,0.0814114,0.126348,0.3242168,0.2485882,0.3223726,0.1922778,0.1463638,0.1064316,0.1297268,0.3275298
0.3039976,0.198282,0.1445126,0.081472,0.139962,0.3273332,0.328221,0.1651494,0.1300214,0.0647212,0.1411308,0.3258644,0.3085664,0.1976678,0.1472552,0.1039436,0.130613,0.3222628,0.3242462,0.1806686,0.1477418,0.1048598,0.102326,0.3277416,0.339743,0.2164506,0.1473672,0.0994202,0.14635,0.3274002,0.2958806,0.1875468,0.1426738,0.093765,0.1134942,0.3290502,0.3607844,0.2041344,0.1530712,0.0894408,0.1469088,0.3293826,0.319206,0.1751098,0.1469862,0.0976852,0.144312,0.3203202,0.3372932,0.1087837,0.1088036,0.0722712,0.135774,0.3285614,0.320443,0.2122924,0.13075,0.095495,0.1447712,0.3246454,0.2974272,0.1900704,0.1485988,0.1053554,0.0733188,0.328717,0.3498562,0.2217204,0.185462,0.1470336,0.1026248,0.1461768,0.3232368,0.3342912,0.1623248,0.1364155,0.0700482,0.1483952,0.3283738,0.3129186,0.2054308,0.1491108,0.099991,0.128696,0.3293344,0.3275404,0.1843018,0.1326494,0.106852,0.1309882,0.2925082,0.311275,0.1590704,0.108582,0.0889594,0.1465108,0.329698,0.3201002,0.1528912,0.145258,0.1029592,0.1421408,0.3283214,0.334278,0.2273398,0.104287,0.1059988,0.1466906,0.3304092,0.3509314,0.215937,0.1397952,0.1057554,0.1432798,0.3262934,0.338533,0.2018826,0.1437004,0.1080304,0.103621,0.3268084,0.3023076,0.1740066,0.1491044,0.081188,0.1234104,0.3225842,0.2301134,0.1742694,0.1296122,0.0919516,0.1370888,0.3227722,0.3078482,0.1334398,0.1475214,0.0838418,0.122755,0.323827,0.329166,0.1226013,0.1204354,0.1033059,0.1440582,0.3227934,0.3754136,0.2038046,0.1486482,0.083657,0.131881,0.3218182,0.2858864,0.20002,0.142617,0.0850016,0.1304954,0.3210734,0.324958,0.1878822,0.1470412,0.0808022,0.1460582,0.3261916,0.3263528,0.169392,0.1392356,0.0184143,0.1441348,0.324462,0.3170242,0.1528302,0.144986,0.080668,0.1262976,0.326685,0.2764216,0.3194698,0.1930516,0.1482494,0.1070824,0.1301096,0.3271958
0.29886,0.1982142,0.14586,0.0811664,0.1389884,0.325378,0.3296226,0.166922,0.13094,0.0643344,0.1420736,0.328472,0.3070746,0.198209,0.1472658,0.1026782,0.12911,0.3256374,0.3246032,0.1813586,0.146606,-0.0202037,0.1007428,0.3246862,0.3369286,0.2151204,0.1464068,0.0994056,0.147752,0.328418,0.292151,0.185025,0.1420342,0.094127,0.1112126,0.3274112,0.363032,0.2048968,0.1519804,0.0891332,0.1475972,0.3280506,0.3194242,0.1737764,0.147674,0.0967368,0.1463674,0.3180468,0.337283,0.1492415,0.1106614,0.0849548,0.136637,0.3281006,0.3195396,0.2125368,0.130631,0.0959154,0.1437052,0.3227928,0.2943404,0.1889746,0.1481738,0.1053302,0.117475,0.3272814,0.3476514,0.2193436,0.1861784,0.146685,0.1014358,0.1462166,0.3292732,0.3346992,0.1761144,0.1457944,0.0702308,0.1493552,0.3262656,0.3117636,0.2032542,0.1451526,0.1007012,0.129359,0.3286136,0.328299,0.1848348,0.1304278,0.1085192,0.1328572,0.3169646,0.3135152,0.1582092,0.1445522,0.0885544,0.1456066,0.3307698,0.3199776,0.1532532,0.1457748,0.1034788,0.1425556,0.3290086,0.3291722,0.2278232,0.1000968,0.1055362,0.146317,0.3303992,0.353074,0.2132052,0.1411108,0.1060122,0.1415834,0.3285814,0.3364496,0.2007494,0.146195,0.1081474,0.1110388,0.3225416,0.3068734,0.1727992,0.1493836,0.0806244,0.1248528,0.3212312,0.2340064,0.1802218,0.1301742,0.0921584,0.1391056,0.3195926,0.3077634,0.1484754,0.1466452,0.0812696,0.124751,0.3231972,0.3260954,0.1400199,0.1245504,0.1031504,0.1435788,0.3257828,0.3729662,0.2041562,0.1512506,0.0834778,0.1308078,0.3277318,0.2851466,0.1992292,0.1431468,0.0845064,0.1324036,0.3195558,0.3240746,0.1982176,0.1476868,0.081006,0.1446592,0.324755,0.3268942,0.1703018,0.1393142,0.0812594,0.1450548,0.326216,0.317275,0.1565682,0.1497214,0.0809158,0.1270586,0.3240328,0.2839268,0.3224828,0.1942002,0.1466674,0.1068906,0.1326002,0.3269388
0.302728,0.1955708,0.1440974,0.0857648,0.1391776,0.3258564,0.3265132,0.1667746,0.1322998,0.0652502,0.1432162,0.3265566,0.3119068,0.1966188,0.147393,0.1014478,0.1272318,0.3260034,0.328425,0.1836866,0.1486018,0.0248351,0.0987646,0.3253132,0.3394202,0.2151596,0.1466722,0.0990198,0.1467508,0.3295302,0.291149,0.1868924,0.1412472,0.0950966,0.113639,0.3235716,0.3633432,0.2059904,0.1518646,0.0891062,0.146411,0.3244436,0.3175528,0.1747272,0.1494416,0.09849,0.1447536,0.3195874,0.3363618,0.1705088,0.1254626,0.1027832,0.1375888,0.3234684,0.3194364,0.2096378,0.1323024,0.0953782,0.1438062,0.3234102,0.2927214,0.1874278,0.1478974,0.1073278,0.1179874,0.3250234,0.3441928,0.2202298,0.1840194,0.1462024,0.1015226,0.146086,0.3281704,0.3414568,0.1821182,0.1449898,0.0490952,0.1456696,0.3288404,0.310856,0.2042086,0.1443316,0.0994124,0.1284944,0.3268562,0.3273016,0.1845196,0.1298934,0.107824,0.13276,0.3227288,0.3091422,0.163984,0.1460886,0.0889664,0.1446164,0.3294502,0.3190504,0.1521148,0.142761,0.1035396,0.1433086,0.326121,0.3287984,0.2249338,0.1012144,0.1057894,0.1474782,0.3281562,0.3527352,0.2127956,0.1415026,0.105641,0.143172,0.330003,0.3375872,0.2028536,0.1470318,0.1072988,0.1113688,0.3229498,0.3298398,0.1757322,0.0843479,0.0797162,0.1206502,0.3239998,0.2629114,0.1805944,0.1316586,0.090609,0.139106,0.3196058,0.3061701,0.161392,0.145921,0.0936136,0.1254264,0.3196726,0.3266484,0.1575486,0.1230466,0.1052188,0.1451458,0.3217066,0.373505,0.2029662,0.1504682,0.083312,0.1327846,0.3267504,0.2848018,0.198777,0.14397,0.0839682,0.1355106,0.3217394,0.32463,0.1990388,0.1456924,0.0797992,0.1435626,0.3286376,0.3282022,0.171554,0.1423394,0.0874148,0.1395774,0.3275154,0.3151156,0.1550154,0.1514438,0.081105,0.1298216,0.3252208,0.3141344,0.3291464,0.1945074,0.1476986,0.1073728,0.1326024,0.3281602
0.3047042,0.1960586,0.145792,0.0861638,0.1406618,0.3272608,0.3232584,0.1753484,0.1346128,0.0659984,0.1466722,0.3238404,0.3120436,0.1957326,0.1472892,0.1008992,0.129072,0.3268596,0.3281028,0.182335,0.1477626,0.0419683,0.090231,0.3278042,0.3383768,0.2138688,0.1487358,0.098921,0.1459874,0.3322358,0.290967,0.185072,0.1428558,0.095785,0.1298804,0.3257878,0.3646832,0.2057428,0.1520798,0.0880396,0.1466682,0.3258766,0.3196652,0.171165,0.1474906,0.0981794,0.1433934,0.3225794,0.336752,0.1770734,0.1235036,0.1015604,0.1396268,0.3237924,0.3222726,0.208534,0.1336334,0.094522,0.143728,0.3251818,0.2922294,0.1855372,0.1476914,0.1065142,0.1175192,0.3242784,0.3440654,0.2180746,0.1808008,0.0307297,0.1016618,0.1471954,0.3261166,0.3453212,0.1999396,0.1465752,0.0636656,0.1472084,0.3275848,0.3087474,0.2033658,0.143324,0.0983144,0.1307606,0.330917,0.3261846,0.18463,0.1259616,0.107858,0.1283616,0.320758,0.3094204,0.1640282,0.1455814,0.087797,0.1454106,0.3300412,0.3175606,0.1560932,0.142613,0.1040744,0.1436116,0.3263796,0.3255282,0.225015,0.1026692,0.1064214,0.1468684,0.3270098,0.3516646,0.2147904,0.1411966,0.104302,0.1452154,0.330982,0.3394634,0.2010806,0.1469518,0.1075228,0.1158316,0.3198522,0.3323336,0.1777214,0.1194304,0.0801332,0.128952,0.3308782,0.2758222,0.1811258,0.1297018,0.0129698,0.140587,0.325304,0.3064906,0.159383,0.1446872,0.0944594,0.1293622,0.3201624,0.3260308,0.158077,0.1378828,0.1059058,0.1436654,0.3266188,0.3676286,0.2029232,0.150555,0.0377453,0.1311664,0.3247568,0.2864968,0.20058,0.143285,0.0818956,0.1355252,0.3234724,0.3253128,0.1981584,0.1466052,0.078301,0.1453952,0.3298776,0.3280032,0.170417,0.1433712,0.0885302,0.1417428,0.326923,0.311799,0.1512312,0.1540606,0.0849168,0.1320372,0.3247188,0.3129042,0.3278276,0.1962628,0.1472788,0.1071694,0.1324956,0.3309396
0.30443,0.1942084,0.144351,0.0858864,0.142024,0.3293988,0.3214012,0.1775718,0.1347584,0.0623814,0.1475622,0.3235886,0.3108406,0.1935264,0.1487202,0.101,0.1307616,0.325736,0.331403,0.1817228,0.1486886,0.0568207,0.0927064,0.3261812,0.3354682,0.0112276,0.1496286,0.0986966,0.1449914,0.3278334,0.2911734,0.1863018,0.1435238,0.0950714,0.1326696,0.3270486,0.3631992,0.205532,0.1520926,0.087394,0.1475288,0.3273612,0.3166092,0.1707358,0.148534,0.0999944,0.1427632,0.321073,0.3327544,0.175739,0.1237622,0.1013096,0.1397902,0.323995,0.3176264,0.2062392,0.132112,0.0950954,0.1452304,0.3225592,0.290712,0.1836874,0.1473614,0.106252,0.1206932,0.3240384,0.3443832,0.2166418,0.1787752,0.0957168,0.1023366,0.1464242,0.326816,0.3424056,0.2006896,0.145231,0.067368,0.1475634,0.3291888,0.3103746,0.203535,0.1465396,0.0974818,0.1279694,0.3307486,0.3264624,0.1820188,0.1244532,0.1068952,0.1267972,0.3224202,0.304408,0.1692558,0.143746,0.088143,0.143357,0.3291678,0.320656,0.1556702,0.1438164,0.1056496,0.1439262,0.3267204,0.3251904,0.2233774,0.1021586,0.1063722,0.1479576,0.3310762,0.353445,0.2153326,0.1457546,0.1058178,0.144709,0.3306686,0.3367982,0.2010672,0.1461196,0.1083234,0.1148636,0.323275,0.3305146,0.1748462,0.1294612,0.079429,0.1301092,0.329029,0.2849144,0.1916228,0.1287788,0.0805392,0.1395052,0.3266174,0.304815,0.1639742,0.1453758,0.0943066,0.1316526,0.3248676,0.321029,0.1679688,0.137919,0.1046852,0.1440184,0.3239226,0.3693754,0.2027104,0.1518282,0.0633246,0.1322112,0.3224828,0.2876888,0.1992954,0.1422158,0.0817224,0.1357016,0.3224596,0.3274364,0.2000958,0.1480984,0.0783684,0.1467336,0.3254618,0.3266496,0.168901,0.1416574,0.0900502,0.1430034,0.3289548,0.3104942,0.1484502,0.1522128,0.0885932,0.1327434,0.3253824,0.3273362,0.3295848,0.197618,0.1478064,0.1075722,0.1320282,0.333136
0.3054646,0.1921048,0.1469166,0.086119,0.141117,0.3293402,0.3204478,0.1779414,0.1350552,0.0614628,0.1487318,0.330426,0.3138356,0.1934252,0.1483518,0.0054366,0.1312584,0.324685,0.3327444,0.1790804,0.1474058,0.0570678,0.090616,0.3242736,0.3381832,0.0571658,0.1491506,0.099263,0.1467484,0.326622,0.2926288,0.1855064,0.1430814,0.0945608,0.1312542,0.3333922,0.3621244,0.2050146,0.1537582,0.0886286,0.1477304,0.3281816,0.3231348,0.1723036,0.14708,0.0995406,0.1413098,0.327675,0.3350712,0.1915006,0.1222562,0.1001614,0.1394794,0.3239632,0.318802,0.2063464,0.1343344,0.0972342,0.1452388,0.3233216,0.2896878,0.1849484,0.1499532,0.1059974,0.1195742,0.326956,0.3422088,0.2150168,0.1802062,0.1034482,0.102143,0.1473964,0.3281742,0.3453362,0.2006476,0.1435938,0.0683076,0.1472048,0.3237388,0.3099598,0.2032692,0.1484716,0.0979522,0.1271804,0.3337572,0.3246458,0.1802402,0.1294616,0.1072216,0.1248078,0.3213216,0.3026672,0.1689386,0.142539,0.0880938,0.1433056,0.331775,0.322459,0.160487,0.1424752,0.1047038,0.1432022,0.3229828,0.3213452,0.224037,0.1034168,0.1068818,0.1445556,0.3275726,0.3539242,0.2126186,0.146119,0.1047058,0.1440288,0.327167,0.3371894,0.2019622,0.1467624,0.1071114,0.1148132,0.3235678,0.3372656,0.1884678,0.1323334,0.0800808,0.1308768,0.3273324,0.2869554,0.18932,0.1300222,0.091761,0.1388636,0.328401,0.3016614,0.181893,0.1446214,0.0931242,0.1327082,0.3212982,0.3197112,0.1707576,0.1397742,0.1045052,0.1443804,0.3297652,0.3722664,0.2016198,0.150754,0.0881654,0.1306896,0.3209362,0.2875482,0.199757,0.142222,0.0799574,0.132417,0.323308,0.3284622,0.2019412,0.1492688,0.0768884,0.14539,0.3257008,0.3234948,0.1684214,0.1425954,0.0901254,0.1443294,0.3267332,0.3102746,0.1459106,0.1520422,0.090484,0.1347334,0.328816,0.337842,0.3272476,0.206225,0.147737,0.1075008,0.1315164,0.331313
0.3044614,0.0790923,0.1477552,0.0859304,0.1402586,0.329236,0.3183522,0.1771102,0.132638,0.0618518,0.1473678,0.3293192,0.3143078,0.1928256,0.14775,0.0136684,0.130475,0.3270868,0.335669,0.1776622,0.1488912,0.068981,0.0895122,0.325413,0.3393176,0.0810142,0.1482428,0.0993422,0.1467988,0.3307854,0.2951874,0.1848818,0.1441028,0.0927912,0.1295832,0.3317062,0.36263,0.2043698,0.1549712,0.0883734,0.1487262,0.3237812,0.327497,0.1723238,0.149157,0.0993806,0.1422478,0.32746,0.3326224,0.1894776,0.1233282,0.0999268,0.1394316,0.3277382,0.313867,0.2081196,0.1363826,0.0967778,0.1495824,0.3252426,0.2888152,0.1834246,0.1474288,0.1060574,0.1189332,0.3316074,0.3382856,0.2174474,0.1783676,0.104127,0.1022286,0.1459696,0.3317028,0.3441096,0.2000682,0.1441332,0.0643778,0.147953,0.3264964,0.3125996,0.203209,0.1487816,0.09883,0.126023,0.3277572,0.3255248,0.1795118,0.1310252,0.1073464,0.1238792,0.323952,0.3018282,0.171103,0.1444008,0.0881028,0.1441068,0.3314528,0.319109,0.1608432,0.1425548,0.1040544,0.1409976,0.329961,0.3208848,0.2219724,0.0962964,0.1056888,0.1484624,0.3266132,0.350794,0.2134898,0.146282,0.1047868,0.1419644,0.3283456,0.3360962,0.2006112,0.1456884,0.1070716,0.1185558,0.327149,0.3309996,0.2095844,0.1324114,0.0773312,0.1291962,0.324822,0.2906558,0.1898914,0.1282702,0.0963616,0.137113,0.3278142,0.3048312,0.1913788,0.1461526,0.0948418,0.1319808,0.3235058,0.3226428,0.172255,0.138568,0.1029784,0.1450912,0.3273168,0.3702098,0.1996042,0.1517928,0.09853,0.1309394,0.3285418,0.2917684,0.1994228,0.149651,0.0804052,0.134658,0.3270116,0.3270562,0.200136,0.1472588,0.081657,0.1426902,0.3284776,0.324693,0.1711024,0.1429056,0.0909576,0.1443798,0.3276182,0.3083558,0.1482112,0.1518042,0.09109,0.1342418,0.1867212,0.3374502,0.3279108,0.2104806,0.1488476,0.1082154,0.1319314,0.3303706
0.3014568,0.0844453,0.1506996,0.0863116,0.1410224,0.3259924,0.317917,0.1763714,0.1457516,0.0625346,0.147181,0.322296,0.311439,0.1935766,0.1464648,0.033746,0.13303,0.3287778,0.3354504,0.1772966,0.14828,0.0687234,0.0900188,0.3236574,0.3355954,0.0900298,0.1476938,0.1000866,0.1481474,0.3298462,0.2981634,0.1844608,0.1444078,0.092515,0.130067,0.3289752,0.3587898,0.2060364,0.1531204,0.0880334,0.1500544,0.3245444,0.327809,0.1620714,0.1477616,0.0980796,0.1420284,0.3249998,0.3324716,0.1875782,0.1276322,0.0999006,0.1399262,0.329308,0.3151432,0.2069868,0.1370484,0.0975058,0.1482868,0.3246614,0.2854978,0.1806024,0.1489174,0.1065398,0.1208334,0.330484,0.338048,0.219706,0.1750618,0.1032172,0.1023276,0.1496096,0.3293652,0.3426802,0.222327,0.144385,0.079262,0.1477316,0.3273336,0.3106862,0.2015246,0.1478462,0.098585,0.126328,0.3280722,0.3290618,0.1882108,0.1312358,0.106899,0.1291748,0.3241696,0.304446,0.1691342,0.1446566,0.0891734,0.146769,0.3295296,0.3188986,0.1608294,0.142165,0.1041808,0.1423128,0.330818,0.322824,0.2216096,0.0904422,0.1042816,0.1482106,0.3243114,0.349553,0.212064,0.146697,0.1045428,0.1422508,0.3311328,0.3364908,0.2004818,0.1466664,0.1086854,0.1178928,0.3251934,0.3511298,0.209242,0.1438014,0.0751948,0.1291922,0.325141,0.2925734,0.1893706,0.1494302,0.1005196,0.1383508,0.321337,0.3031722,0.192329,0.1469852,0.0944602,0.1321068,0.3249088,0.3201176,0.1755267,0.1397606,0.104741,0.1454002,0.3230728,0.3702134,0.19813,0.1500546,0.0994264,0.1297952,0.3279152,0.2898156,0.1989664,0.1507402,0.0807874,0.1331052,0.3233498,0.3280996,0.2028454,0.1499384,0.0822352,0.145032,0.331575,0.3295558,0.185251,0.1483372,0.087164,0.1430386,0.330214,0.3094856,0.146953,0.151098,0.0905736,0.1330318,0.2603376,0.3328372,0.3264862,0.214913,0.0828101,0.107712,0.133258,0.3266658
0.3018156,0.1304926,0.1492764,0.0867462,0.1398162,0.3268688,0.319666,0.1755854,0.1444718,0.0602722,0.1479024,0.3278344,0.3113428,0.1930122,0.145991,0.0325986,0.1344274,0.3263108,0.3358354,0.0229646,0.150107,0.0683802,0.0866378,0.3252378,0.3362608,0.1224932,0.1472866,0.0995912,0.1478928,0.3287348,0.2978194,0.1830174,0.1432728,0.0940508,0.1274128,0.3270702,0.3634856,0.2044832,0.1527234,0.0884034,0.149132,0.3230218,0.3249506,0.159732,0.1487398,0.0989522,0.1418904,0.327291,0.3362956,0.187876,0.1271794,0.1014548,0.1405886,0.3255206,0.312192,0.2060736,0.136622,0.0972032,0.1479566,0.3250256,0.2852314,0.1837654,0.1466238,0.1066254,0.1197678,0.3295798,0.3393152,0.2160184,0.1764068,0.1045924,0.1026662,0.1471092,0.2003599,0.3449776,0.2215646,0.1445768,0.0773266,0.1482216,0.3284894,0.3084006,0.1995894,0.1475136,0.0977742,0.1296724,0.3282498,0.3308836,0.1889754,0.1281956,0.1074156,0.1281476,0.3253292,0.305395,0.1683349,0.1429666,0.0886986,0.146834,0.3291282,0.3178822,0.158914,0.1427878,0.1044774,0.1402784,0.3258712,0.3211396,0.2232392,0.0956044,0.1047408,0.1476232,0.3235768,0.346461,0.2130248,0.1452198,0.105398,0.1442294,0.3306528,0.3345938,0.199282,0.1448698,0.1083858,0.1174158,0.3268014,0.350553,0.2089434,0.1434606,0.0756294,0.1288902,0.3312536,0.294052,0.1913514,0.1497048,0.0995956,0.1372772,0.324077,0.3091196,0.1910478,0.0905232,0.091396,0.1303706,0.3309082,0.3182702,0.1824251,0.1407896,0.1056522,0.14568,0.3304856,0.3638918,0.2000588,0.150631,0.099617,0.1288002,0.3280042,0.2876462,0.1986024,0.1501034,0.0811372,0.1356604,0.322813,0.3276292,0.2030828,0.1495156,0.0860572,0.1474016,0.3313988,0.3317418,0.1868334,0.1476288,0.0855864,0.1420202,0.3282172,0.2131543,0.1457858,0.1518974,0.0971796,0.1331798,0.2932592,0.3299856,0.3252744,0.2133682,0.1035266,0.105765,0.1323022,0.3289538
0.3003994,0.1575568,0.1485876,0.0830318,0.141548,0.3287418,0.3194946,0.1871278,0.1466986,0.062238,0.1476562,0.3286072,0.3084152,0.193854,0.1477846,0.030734,0.1341928,0.3240254,0.3357032,0.0522056,0.1485862,0.0706816,0.0868336,0.2496678,0.3390984,0.1475808,0.1471058,0.099112,0.1477668,0.3259318,0.2966152,0.1808578,0.1467674,0.0937778,0.1308656,0.328837,0.3674802,0.2060958,0.1558732,0.0889484,0.1487906,0.3279444,0.3246972,0.159292,0.1496738,0.0987266,0.1423894,0.3222492,0.334018,0.1967908,0.128166,0.1016512,0.139111,0.3270288,0.309267,0.2080036,0.135704,0.0964716,0.1449162,0.3255298,0.2871108,0.1839484,0.1485168,0.105849,0.1186212,0.3255892,0.3391366,0.2156836,0.1769822,0.0969482,0.1029302,0.1476688,0.2748322,0.3430054,0.2184036,0.1466296,0.070308,0.1455624,0.3287746,0.3107818,0.1977284,0.1495212,0.098165,0.1276078,0.3234342,0.3327744,0.1892316,0.1306854,0.1081306,0.1272578,0.326119,0.306726,0.1684509,0.143898,0.0915646,0.146435,0.330401,0.3160324,0.1583708,0.1425536,0.1026128,0.140117,0.3253816,0.3235294,0.2211696,0.0954972,0.1051396,0.1468944,0.3248816,0.3484906,0.213373,0.1478064,0.1044314,0.1452252,0.3279522,0.3347176,0.1988494,0.1458272,0.108311,0.1155328,0.3279442,0.3528038,0.205898,0.144493,0.0806302,0.129534,0.3267116,0.2967344,0.1891992,0.1483378,0.1011414,0.1384414,0.3272988,0.3111638,0.1926128,0.1151816,0.0927712,0.1289424,0.324978,0.3156176,0.1860805,0.1431264,0.1059578,0.1457522,0.3274988,0.3626938,0.1961868,0.1513646,0.098699,0.1278006,0.3259574,0.2859764,0.2020112,0.1525388,0.0803338,0.1341858,0.3234442,0.326408,0.2014798,0.151164,0.085855,0.1475806,0.3264586,0.3321546,0.187412,0.1463996,0.0873266,0.1418664,0.3331872,0.2462252,0.1471678,0.150341,0.0976064,0.1327478,0.2952144,0.3302144,0.3217526,0.2154812,0.13624,0.1059402,0.1310292,0.3310404
0.2994728,0.1743386,0.1496414,0.0841084,0.1412104,0.3280228,0.318266,0.187924,0.1447158,0.0643818,0.1471248,0.3280086,0.3056974,0.1917362,0.1470804,0.032051,0.1348552,0.3270776,0.3320414,0.063845,0.148422,0.0723128,0.0901946,0.2831378,0.3363264,0.1502258,0.1467898,0.099032,0.1465946,0.3293622,0.2948834,0.1791274,0.1459032,0.0925192,0.1304656,0.3317982,0.363305,0.2036394,0.1544566,0.089983,0.1490452,0.325638,0.3222556,0.1604604,0.1520818,0.1001578,0.143776,0.323297,0.334111,0.1956668,0.1502646,0.102344,0.1386728,0.3281182,0.3075036,0.2080276,0.1351018,0.096719,0.145507,0.3238534,0.2869056,0.1839232,0.1465894,0.1066824,0.1240248,0.3297058,0.3410778,0.21751,0.1761102,0.0990706,0.1031434,0.147664,0.3018592,0.34436,0.2180464,0.1471522,0.0730504,0.1475138,0.3311652,0.3075708,0.1991084,0.1480518,0.0977434,0.128035,0.3282578,0.3301738,0.1888138,0.1307866,0.1081624,0.129019,0.3257352,0.302611,0.1671695,0.1448254,0.0906644,0.1470088,0.3253266,0.3175148,0.1585148,0.145051,0.1036986,0.1422498,0.3263706,0.3212928,0.219588,0.0998058,0.1066046,0.145828,0.3239524,0.3454548,0.2112704,0.1463482,0.1040338,0.1431884,0.3313476,0.3305754,0.1964166,0.1468468,0.1082166,0.1166772,0.3207152,0.3518562,0.20639,0.145727,0.082041,0.1290072,0.3249522,0.3097696,0.1883336,0.1494896,0.100367,0.1357946,0.3252184,0.30898,0.1976268,0.1158876,0.0934676,0.1307388,0.3280062,0.314496,0.1847269,0.1440606,0.1071024,0.144533,0.3279844,0.3636766,0.1948562,0.1526226,0.0999048,0.130576,0.3223826,0.2882358,0.2005064,0.1530126,0.0809108,0.137394,0.3194696,0.3273024,0.198404,0.1511452,0.0865944,0.1439884,0.3258224,0.3339648,0.1862852,0.1491284,0.0892798,0.1429114,0.3285402,0.3003298,0.1451828,0.150965,0.1007072,0.132378,0.315557,0.3348254,0.319018,0.2165552,0.1377354,0.106609,0.1288466,0.3278316
0.3010984,0.1713218,0.1480256,0.0822726,0.1426818,0.3269482,0.321718,0.1918578,0.1437012,0.0703134,0.146109,0.3265384,0.3077424,0.19201,0.1452922,0.0320222,0.1359912,0.3267478,0.3346304,0.093526,0.1496518,0.0862254,0.0859628,0.3208708,0.3317598,0.1804392,0.1489422,0.0991226,0.1471568,0.3297008,0.2990816,0.1795742,0.1492324,0.093714,0.1283502,0.3306654,0.248663,0.2024058,0.1498836,0.0912796,0.1488662,0.3216482,0.3220002,0.1543486,0.1506294,0.10004,0.1433964,0.3185782,0.3323394,0.196707,0.1505446,0.1023908,0.1401148,0.3266444,0.3080484,0.2086012,0.1341554,0.096829,0.1448692,0.328188,0.2853456,0.182237,0.1481504,0.1071602,0.1223646,0.3268488,0.3393386,0.2177502,0.17406,0.1008784,0.104019,0.1482766,0.2993656,0.3435674,0.2171352,0.1476162,0.0726012,0.145454,0.3305446,0.3036262,0.1982918,0.1462316,0.0974676,0.1292278,0.325802,0.3282856,0.2046434,0.129513,0.108011,0.1299592,0.3244002,0.3010274,0.1676123,0.1412224,0.0897484,0.1458782,0.329397,0.3177436,0.1550988,0.1423454,0.1018856,0.1420014,0.320515,0.3210216,0.2172864,0.0989186,0.1058574,0.1464272,0.3235876,0.3442884,0.2114738,0.1469878,0.1043888,0.144799,0.3314934,0.3291714,0.1958506,0.1473884,0.1069748,0.1209562,0.3239508,0.3477588,0.2085614,0.1460126,0.079991,0.1345558,0.326027,0.3092142,0.1890638,0.147809,0.0992192,0.1400052,0.3263772,0.308075,0.1984062,0.1331164,0.0955718,0.1318146,0.3284836,0.3148014,0.1851658,0.1488658,0.106511,0.146167,0.2112761,0.3601214,0.194542,0.1530334,0.1012638,0.1296052,0.3236332,0.2910776,0.1997108,0.150411,0.084843,0.1387704,0.3215908,0.3296854,0.1973188,0.1513708,0.0926816,0.1428188,0.329377,0.3337044,0.1892354,0.1490426,0.0908874,0.1415702,0.3297864,0.3152892,0.1452838,0.151775,0.1052556,0.1319338,0.3247594,0.3316154,0.3149826,0.2172984,0.1373582,0.106481,0.1324006,0.3287436
0.3020654,0.1711884,0.1464272,0.0827314,0.1431004,0.3258496,0.3214036,0.1894214,0.1448926,0.072596,0.1455058,0.3260062,0.306382,0.1915238,0.1464568,0.0315486,0.1339494,0.3245316,0.3364926,0.094058,0.1480264,0.0864028,0.0834972,0.3280494,0.3322256,0.1817662,0.1463952,0.0982594,0.1481726,0.3294696,0.2968646,0.0603965,0.1484028,0.0937938,0.1322776,0.3300332,0.3268562,0.2019994,0.1513856,0.0923332,0.148357,0.32098,0.3236764,0.151133,0.1491652,0.0999212,0.1440408,0.3221184,0.3333804,0.1982244,0.149111,0.1009002,0.1424126,0.327365,0.3095816,0.206257,0.1354712,0.0978422,0.1446942,0.245816,0.2837428,0.1808768,0.1468266,0.1075138,0.1240084,0.3257712,0.339007,0.2156732,0.0388221,0.123842,0.105067,0.1484406,0.2970444,0.3418146,0.2157624,0.1486038,0.0595502,0.146026,0.3287864,0.3044918,0.1976132,0.146396,0.0971676,0.1314208,0.3286934,0.3287028,0.205772,0.1320392,0.1082096,0.128051,0.3284244,0.3029806,0.1724086,0.1431648,0.0893362,0.145335,0.2601566,0.3179848,0.1515594,0.144244,0.1019326,0.1419532,0.320516,0.3206096,0.2147828,0.0940748,0.1066054,0.147579,0.3202566,0.3457534,0.2101316,0.1483944,0.1039636,0.1475796,0.3264588,0.330714,0.1959586,0.1483036,0.107665,0.1223828,0.3284932,0.3455676,0.2075112,0.1454206,0.0785934,0.1358198,0.3247658,0.3088146,0.187946,0.1459046,0.098905,0.1403858,0.3248386,0.3064146,0.1991526,0.1300762,0.0966604,0.1318318,0.3274338,0.3139616,0.1861626,0.1492576,0.106209,0.1466414,0.2789328,0.3633106,0.2073284,0.1545404,0.1005408,0.1331312,0.3223678,0.2881968,0.1991402,0.1502982,0.0848404,0.1381326,0.3228932,0.328501,0.1974344,0.1507808,0.090796,0.1472226,0.3283186,0.3349,0.1901276,0.1486136,0.0902144,0.1418134,0.3299012,0.326766,0.1430532,0.1529016,0.1054802,0.1314866,0.3265144,0.3345084,0.311724,0.2149258,0.1366536,0.1077706,0.1329576,0.3259204
0.30267,0.1920998,0.1454548,0.0818264,0.1426116,0.3286822,0.3222416,0.1903618,0.1471938,0.072685,0.1470314,0.317587,0.304718,0.1894412,0.146542,0.0313574,0.1356976,0.3263256,0.3366386,0.0976754,0.1482988,0.0899582,0.0829856,0.3223344,0.3346004,0.1774654,0.1495574,0.0996922,0.1454692,0.329719,0.2963572,0.0925553,0.1476446,0.089729,0.132304,0.335254,0.3450972,0.2014432,0.1517658,0.0901568,0.1498342,0.3219282,0.3214356,0.1603934,0.1489736,0.0996086,0.1424882,0.325616,0.3313794,0.2075184,0.1498558,0.1018884,0.1400482,0.3274032,0.3049978,0.2031908,0.1365878,0.098351,0.1431414,0.2835364,0.2824366,0.1803788,0.1458916,0.046945,0.1268422,0.325889,0.3437738,0.2163524,0.0600623,0.1224122,0.1038466,0.1475482,0.2956004,0.3398148,0.2184582,0.1473394,0.0605988,0.1470698,0.3268364,0.3003008,0.1939738,0.1469502,0.0955722,0.1318544,0.3305022,0.328881,0.2059918,0.1484382,0.1078406,0.1271346,0.3318772,0.300738,0.1771888,0.1476612,0.0920184,0.1433238,0.3116031,0.3187962,0.1537486,0.1455944,0.1016746,0.1420258,0.3186842,0.3212904,0.2158084,0.0980616,0.1060046,0.1467178,0.2309474,0.3454184,0.208493,0.1486116,0.103897,0.1460746,0.3302706,0.3311864,0.195401,0.147114,0.107074,0.1232374,0.3242564,0.3454858,0.206318,0.145834,0.0798816,0.136879,0.332211,0.3064086,0.1867066,0.1470418,0.1001636,0.1406254,0.3240778,0.3059254,0.1969708,0.1332608,0.0968624,0.1318318,0.330309,0.3137686,0.1866078,0.1476208,0.1063572,0.1461364,0.2954534,0.3642798,0.2052796,0.1538444,0.1007664,0.132637,0.3265164,0.2879546,0.1986874,0.1505218,0.0854776,0.138183,0.3225946,0.3284894,0.1981844,0.1494816,0.0903694,0.1461218,0.3286168,0.331342,0.1898036,0.1492084,0.09099,0.1432842,0.327486,0.3249554,0.1416004,0.1521762,0.1058072,0.13281,0.3255126,0.3344026,0.3089376,0.2148822,0.1350204,0.1072456,0.1335414,0.3297876
0.2990984,0.1967188,0.1475516,0.0819342,0.142754,0.3258486,0.3210398,0.1898918,0.1439784,0.0736274,0.1448318,0.3217612,0.3073786,0.1895108,0.1479942,0.0451876,0.1340162,0.3244362,0.3358956,0.1179584,0.1476028,0.0948268,0.0811128,0.3282838,0.3292292,0.200157,0.0648223,0.0990692,0.1462104,0.331563,0.2943696,0.1123273,0.1462394,0.091135,0.1325334,0.3319282,0.3637652,0.2001348,0.1502642,0.0899598,0.1495112,0.3242916,0.3190074,0.1600476,0.1498122,0.0990526,0.1448888,0.3255896,0.3279628,0.2067814,0.1492232,0.1009944,0.141008,0.3239178,0.3049324,0.2017046,0.1353722,0.0970954,0.1438748,0.3136146,0.2826248,0.182359,0.1472576,0.0677406,0.123836,0.2259995,0.3364522,0.2131392,0.0821938,0.149154,0.1029862,0.1474914,0.322689,0.333934,0.2197618,0.1488716,0.0616784,0.1484688,0.3272344,0.3022918,0.1939672,0.1469088,0.0963808,0.1304436,0.3300702,0.3318798,0.206744,0.1474582,0.1073468,0.1294308,0.3297776,0.3002088,0.1765214,0.147455,0.0927916,0.144104,0.307718,0.3232586,0.1572776,0.1495684,0.1028738,0.1428698,0.3182666,0.3223632,0.2140252,0.0883668,0.1056442,0.1476354,0.2771662,0.3434988,0.207761,0.1491816,0.103604,0.1434304,0.3282232,0.3292726,0.1939056,0.1481534,0.1076758,0.1213892,0.3287068,0.3423416,0.2050006,0.1458938,0.087631,0.1384418,0.3307784,0.3017876,0.1878592,0.1467268,0.1011548,0.1408776,0.165953,0.3033094,0.195296,0.1340314,0.0954662,0.1350142,0.3250348,0.3145752,0.1860688,0.1464586,0.1067356,0.1429394,0.3097614,0.36563,0.2043468,0.1512696,0.101102,0.1283228,0.327109,0.2869802,0.0786742,0.1494044,0.0585944,0.133348,0.3228316,0.3262214,0.195853,0.1475364,0.0246344,0.1461722,0.3291066,0.3288706,0.1887258,0.1495226,0.0896124,0.144875,0.3270178,0.3322982,0.141728,0.149947,0.1049026,0.1321996,0.3264258,0.335424,0.3078762,0.2122732,0.1363258,0.1074914,0.1352094,0.3272158
0.2960642,0.1981432,0.148071,0.0844476,0.1437428,0.3233612,0.3203472,0.1840512,0.142392,0.074311,0.1442042,0.3184994,0.0845293,0.188159,0.1490038,0.0478626,0.1341952,0.3249062,0.3355514,0.1370341,0.1471914,0.0941764,0.0891694,0.3272096,0.3301246,0.1998388,0.1272248,0.098179,0.1476598,0.32848,0.2949732,0.1288189,0.1474336,0.0906526,0.1318324,0.3301066,0.3700676,0.1992458,0.1497612,0.0892026,0.148299,0.3271696,0.3197402,0.1625794,0.1514048,0.0166301,0.14515,0.32528,0.3245396,0.209559,0.1501524,0.1005336,0.1384406,0.329168,0.3062726,0.2028962,0.1365436,0.096847,0.143685,0.3217592,0.2839614,0.1822338,0.1480816,0.0767604,0.1262124,0.2803523,0.3399988,0.2140998,0.1153588,0.1477294,0.1048596,0.145951,0.3269156,0.337566,0.2163742,0.148666,0.0641736,0.1485974,0.3296052,0.3001606,0.1913522,0.1443418,0.0966274,0.1316024,0.3321358,0.3266492,0.2063492,0.1467284,0.1068836,0.1274034,0.3246278,0.1460425,0.1766304,0.1461702,0.0934754,0.1449934,0.3062234,0.323873,0.1540016,0.1503928,0.1020116,0.1438752,0.3240206,0.3233148,0.2132888,0.07941,0.1059196,0.1457358,0.2998238,0.3460268,0.2049328,0.1485626,0.1032658,0.14225,0.330593,0.3298572,0.1945126,0.1493514,0.1068896,0.124139,0.3267216,0.341015,0.2064454,0.14391,0.0874936,0.1385634,0.3280318,0.301815,0.1859774,0.147407,0.0993956,0.1418182,0.2240922,0.3030248,0.1961252,0.1355622,0.0947798,0.1363712,0.3249156,0.314105,0.1832378,0.1468286,0.1070188,0.1435934,0.3209854,0.3620078,0.2037714,0.1501904,0.101589,0.131025,0.3264872,0.2906172,0.1654385,0.1496308,0.0846068,0.1339076,0.323854,0.3247138,0.1961482,0.1473366,0.0595184,0.1480854,0.3302276,0.329498,0.1882374,0.1488902,0.087761,0.1453388,0.3282138,0.3343268,0.144473,0.1506148,0.1048286,0.1312456,0.3252492,0.3341208,0.3103154,0.211088,0.143019,0.106815,0.136174,0.3288208
0.29383,0.1975002,0.1467538,0.0842112,0.0914776,0.3251882,0.3169704,0.1821924,0.143176,0.0741392,0.0729234,0.3250258,0.1751172,0.1875334,0.1501434,0.0508096,0.1153196,0.3235908,0.3383374,0.1456493,0.1474996,0.0948298,0.0684126,0.3244842,0.3277216,0.1993876,0.1328458,0.097215,0.0739218,0.32845,0.2989806,0.1339825,0.1484474,0.091154,-0.0138556,0.3288944,0.3822424,0.1977042,0.1487794,0.0890606,0.0683285,0.3257078,0.3213962,0.167238,0.1494808,0.0572116,0.0488324,0.3271996,0.321978,0.2069386,0.1503518,0.100459,0.0855056,0.325972,0.3066952,0.2029434,0.1358406,0.0984672,-0.0138703,0.3227354,0.285212,0.1814032,0.1492644,0.0841728,0.0678588,0.2976575,0.3423472,0.2153456,0.114968,0.1477538,0.1032716,0.0969176,0.3243548,0.3344242,0.2163318,0.1509174,0.0637756,0.0983928,0.3298828,0.3076772,0.1908512,0.1466346,0.0964844,0.0927777,0.3260054,0.3245768,0.2069142,0.1463662,0.068346,0.0769674,0.3232688,0.1814421,0.1779168,0.146408,0.0924236,-0.0154108,0.3084298,0.321389,0.1550634,0.1487134,0.1012538,0.0510128,0.3303382,0.3252962,0.2128682,0.0777064,0.104576,0.0489286,0.3067332,0.343226,0.0527397,0.1493836,0.1037646,0.0922816,0.3328748,0.3270344,0.1951802,0.1511296,0.1070212,0.0097215,0.3275272,0.337856,0.2057392,0.1420714,0.0872614,0.064975,0.325981,0.3033082,0.1845182,0.147329,0.0998982,0.0512573,0.2511924,0.3010146,0.1942114,0.147399,0.0956632,0.0713068,0.3273952,0.3106034,0.1880294,0.1486734,0.107012,0.0510389,0.3197064,0.3614478,0.2023066,0.1505176,0.1015488,0.0276489,0.3273054,0.2906148,0.1799573,0.1480344,0.0941772,0.0551946,0.3218368,0.3229516,0.1955292,0.091036,0.074418,0.0834782,0.3291936,0.3284666,0.1905698,0.1502024,0.0912182,0.0570678,0.3263084,0.3345842,0.1503044,0.1520956,0.104121,0.096246,0.3292666,0.3293912,0.3109002,0.2114908,0.1461982,0.1071202,-0.0052638,0.3267528
0.2928438,0.1939724,0.1473298,0.0823988,0.1064972,0.3262136,0.3157844,0.1808274,0.1441498,0.0762746,0.0892516,0.323524,0.1732292,0.1868982,0.148594,0.0490934,0.140108,0.3256608,0.3360458,0.1438485,0.1456882,0.095731,0.1360628,0.322273,0.3261448,0.2043504,0.1347922,0.0709866,0.1139736,0.3281796,0.299722,0.1337289,0.1492252,0.0912896,0.0832302,0.3335664,0.3853474,0.1996012,0.1500362,0.0883322,0.110873,0.3274204,0.319095,0.1670138,0.1513524,0.0632854,0.0943962,0.3221644,0.3195866,0.206296,0.1515094,0.1010452,0.1064594,0.3254698,0.310821,0.2021188,0.1364676,0.0988878,0.0293881,0.3202712,0.2832396,0.1805564,0.1476212,0.0839289,0.1073562,0.3172466,0.3381362,0.2155888,0.1184466,0.148103,-0.0270988,0.109277,0.3238552,0.3333256,0.2181962,0.1507336,0.0651384,0.106322,0.2917852,0.3088316,0.1910012,0.147243,0.0956562,0.1070423,0.3278812,0.3278444,0.2065696,0.147133,0.0834512,0.0976622,0.3252248,0.2185317,0.1774912,0.1482342,0.0926672,0.0006724,0.325846,0.1718376,0.1530424,0.1490992,0.101116,0.0613704,0.3274806,0.3250908,0.2110428,0.0769666,0.1056576,0.0849847,0.3240542,0.3469792,0.0821496,0.1506618,0.1028648,0.1286172,0.3259354,0.3260946,0.0583681,0.1477708,0.107948,0.0642909,0.325851,0.3401664,0.206379,0.1427234,0.0875216,0.1041794,0.3283874,0.3129098,0.1822456,0.1470578,0.1009708,0.0889687,0.2947154,0.3024402,0.194356,0.1473266,0.0955052,0.0836018,0.327543,0.30871,0.1876898,0.1496264,0.1064588,0.0899106,0.3218096,0.3622834,0.2018244,0.1491678,0.1059994,0.0682484,0.3268,0.292053,0.1957726,0.147975,0.098799,0.0768116,0.2511729,0.3201782,0.1961062,0.1015576,0.073482,0.1304012,0.3274626,0.3267266,0.1902506,0.1490544,0.0901658,0.0877326,0.3283914,0.3351272,0.1595706,0.1521732,0.1049228,0.1102772,0.3267782,0.3325108,0.3142264,0.2097506,0.1466112,0.1077102,0.0344144,0.3287778
0.2925664,0.2115656,0.1460426,0.0820326,0.1244714,0.3286912,0.310736,0.183316,0.1451582,0.0768674,0.125363,0.3272868,0.2306972,0.185436,0.1486206,0.0520408,0.1416476,0.327884,0.3372038,0.1590226,0.1460034,0.0943658,0.1379716,0.3201098,0.3262362,0.2065118,0.1344888,0.0993624,0.1194662,0.3250766,0.2991032,0.132319,0.1475004,0.0917598,0.1199908,0.3280104,0.3883806,0.199801,0.1515098,0.0915352,0.1239758,0.3259898,0.3157682,0.168135,0.1525788,0.0625802,0.1399432,0.3238882,0.3190612,0.2066212,0.149583,0.1014444,0.1444496,0.327784,0.3101088,0.2034972,0.1380632,0.0979966,0.0909081,0.3263002,0.2798876,0.1809988,0.1467112,0.0910344,0.1368658,0.3259332,0.3346544,0.215258,0.1508898,0.1497054,0.038034,0.121965,0.3230774,0.3304156,0.2166458,0.1489508,0.0712844,0.142881,0.3122642,0.3079474,0.1901414,0.148949,0.0956964,0.1105727,0.3322316,0.3272448,0.2053672,0.1451808,0.085572,0.1105524,0.3236966,0.2464008,0.1786436,0.1476894,0.0914074,0.03845,0.3281096,0.2450619,0.1518562,0.1470276,0.1030882,0.090704,0.3264616,0.3217466,0.211361,0.0773444,0.1052098,0.0805942,0.3214208,0.342733,0.0882818,0.150626,0.1038268,0.134226,0.332229,0.3213054,0.0865113,0.1467586,0.1077122,0.0789516,0.3278066,0.3411856,0.2078932,0.1438932,0.0879426,0.1276732,0.325899,0.307131,0.1797088,0.1479346,0.1010498,0.0864125,0.3208118,0.3036196,0.1931412,0.1453578,0.0945504,0.1022164,0.3255686,0.3114102,0.1863354,0.1511146,0.1070016,0.0883084,0.3183082,0.3595208,0.2008204,0.148889,0.104769,0.0968684,0.3281056,0.2931772,0.19825,0.1491486,0.0995944,0.0856428,0.2712011,0.3213898,0.1960374,0.103514,0.0746366,0.1355854,0.327521,0.3325012,0.191206,0.1509634,0.0909266,0.1150396,0.328856,0.3349708,0.1588384,0.1509674,0.1053852,0.117353,0.3298102,0.3319146,0.3145836,0.209936,0.1455232,0.107689,0.0805776,0.220322
0.2935116,0.2102106,0.1452668,0.081558,0.1266734,0.3294362,0.311776,0.1793958,0.1455346,0.075713,0.1273014,0.3258432,0.2536634,0.0612164,0.1480886,0.0550186,0.1424546,0.3292634,0.3390778,0.177196,0.1493488,0.093188,0.13777,0.3197922,0.3259992,0.204989,0.1337836,0.103621,0.1258102,0.3272362,0.2983022,0.1572692,0.1478794,0.0976958,0.1253156,0.3306828,0.3889046,0.200253,0.1525458,0.0906542,0.130287,0.3317934,0.2096189,0.1604888,0.1501486,0.0612494,0.1461536,0.3272078,0.3199308,0.2074302,0.1482918,0.1020196,0.1464072,0.3252664,0.3108502,0.200628,0.1401998,0.0978974,0.101047,0.3280134,0.2814912,0.1835348,0.1470574,0.0890414,0.1400356,0.326806,0.3405644,0.21718,0.1553668,0.149418,0.0696476,0.121536,0.322925,0.3323716,0.214533,0.1484912,0.071273,0.1443272,0.3182996,0.3077826,0.1880036,0.1463934,0.0965462,0.112985,0.3305772,0.3273424,0.2012164,0.147615,0.0855406,0.1410944,0.3250114,0.2754332,0.1821028,0.1475698,0.0898528,0.059332,0.3225438,0.2987747,0.150234,0.1481814,0.102234,0.1205066,0.3267734,0.3209952,0.2108216,0.135306,0.1054408,0.1155078,0.321687,0.3441454,0.1045084,0.1497914,0.1039898,0.1342394,0.3334752,0.3248384,0.0971137,0.1470648,0.1089706,0.0920206,0.3258458,0.342226,0.2075298,0.1431544,0.09049,0.1266628,0.3249996,0.3099626,0.1780502,0.1493092,0.1004808,0.0861827,0.3158408,0.3002216,0.1912004,0.1471584,0.0974394,0.1161358,0.3323554,0.3123626,0.1877112,0.1485092,0.1059578,0.0902102,0.3224604,0.3564356,0.1979914,0.150889,0.1051214,0.1077656,0.325973,0.2908592,0.2032572,0.1486562,0.1006252,0.0922416,0.3058138,0.3179634,0.1943108,0.1089196,0.0740948,0.1409716,0.3286764,0.3335988,0.188667,0.1508428,0.0919504,0.1165742,0.3294982,0.3344914,0.158446,0.1498078,0.1062374,0.1316828,0.3243268,0.3277554,0.314075,0.2065544,0.1450188,0.1082408,0.0821566,0.289199
0.2916242,0.2123584,0.1445388,0.0814454,0.1317872,0.3280554,0.30985,0.1795712,0.1479302,0.0754748,0.1305018,0.3265588,0.2739092,0.0923591,0.145765,0.0545946,0.1421348,0.3270446,0.3354354,0.190232,0.1489758,0.0942568,0.1422694,0.3221718,0.3277756,0.2027548,0.1340752,0.1045678,0.127392,0.3264146,0.2953036,0.1566738,0.149058,0.0968534,0.1320174,0.330872,0.3887984,0.2015768,0.1510074,0.0905218,0.1313914,0.327473,0.2524292,0.1608432,0.1480482,0.0600204,0.1475252,0.3234268,0.319376,0.2068728,0.1474168,0.1018612,0.1466118,0.322063,0.3092168,0.199004,0.1409,0.0970866,0.107226,0.3289614,0.2765756,0.182599,0.1465838,0.090513,0.1425828,0.3254008,0.338315,0.2165922,0.1544104,0.146376,0.069172,0.1230392,0.322606,0.331148,0.214321,0.1483988,0.072235,0.1443476,0.3245626,0.3040846,0.0779356,0.147618,0.096303,0.1106896,0.3285366,0.327323,0.2015412,0.1492962,0.0864924,0.1388684,0.3263448,0.2914807,0.1803742,0.1477584,0.0902594,0.0600534,0.3253716,0.3047917,0.154404,0.1461836,0.1027574,0.1240534,0.3249806,0.3200058,0.2083966,0.1367524,0.1061736,0.1198822,0.3230266,0.3410978,0.1327602,0.1489372,0.1051716,0.1330378,0.3300518,0.3267254,0.1222968,0.1464822,0.1082578,0.1198368,0.3265,0.3381392,0.206677,0.1459836,0.0903154,0.1294582,0.3251022,0.310032,0.178287,0.1483996,0.1018648,0.0909718,0.3228358,0.3013252,0.1914184,0.1461998,0.0995112,0.117944,0.330036,0.3107876,0.1977288,0.1494312,0.1055048,0.0893878,0.3218462,0.3587662,0.19679,0.153517,0.1062934,0.1287516,0.3267114,0.29016,0.2055124,0.1499224,0.100635,0.0941764,0.3185116,0.3159052,0.1928064,0.1144442,0.0732896,0.1408316,0.2430798,0.3350262,0.1880744,0.1497952,0.0914154,0.1164532,0.3345246,0.3301254,0.1570972,0.1499982,0.103971,0.1323656,0.3274746,0.3262286,0.3139372,0.2045912,0.1456888,0.1084198,0.0859472,0.3158616
0.2929354,0.2116986,0.145922,0.0759478,0.1311526,0.3266518,0.3100366,0.1801342,0.149114,0.0751744,0.1290208,0.3253502,0.2713542,0.1157091,0.1467966,0.0553096,0.144909,0.3304624,0.3295708,0.1913784,0.1497384,0.0930248,0.1500784,0.3308244,0.3258118,0.202839,0.1333378,0.1040002,0.1281308,0.3258074,0.291506,0.1698832,0.1486694,0.0971312,0.132255,0.3300274,0.386616,0.0594397,0.1512422,0.0901824,0.1307348,0.326034,0.2693392,0.1613024,0.1492276,0.0554946,0.1433386,0.3283886,0.3206992,0.2048746,0.1477522,0.1016016,0.1480478,0.3234684,0.3131772,0.1985402,0.1400784,0.095626,0.1152098,0.3295536,0.2776832,0.1814476,0.1486776,0.0908754,0.1446026,0.3260164,0.3392762,0.2136738,0.1615336,0.1462484,0.0679568,0.1256448,0.32459,0.3301492,0.2129928,0.1473626,0.0728052,0.1458252,0.3274592,0.3031608,0.0987354,0.1462398,0.0978644,0.108415,0.3278814,0.3286078,0.1992954,0.149423,0.0910128,0.13969,0.3239176,0.3015457,0.1818178,0.147888,0.0865334,0.0659266,0.3249468,0.3300762,0.1531038,0.1453418,0.1013534,0.1234272,0.325133,0.3196794,0.2100986,0.13798,0.1067282,0.1194096,0.324561,0.3373892,0.1389146,0.1501362,0.1040064,0.1348318,0.330066,0.3225132,0.1384837,0.1480538,0.108739,0.1194444,0.3267204,0.3401532,0.2048788,0.1460546,0.0900398,0.1302268,0.3274704,0.3102652,0.1797806,0.1495878,0.1001026,0.0895806,0.3218184,0.3005728,0.2028404,0.1476518,0.1009764,0.1235682,0.3266448,0.3110672,0.2001694,0.1501454,0.1064078,0.1002262,0.3228536,0.3610306,0.1965656,0.1526728,0.1063094,0.1298702,0.326065,0.2922558,0.207285,0.149478,0.1001318,0.1013274,0.3227774,0.3179312,0.1922386,0.1309924,0.0749066,0.1402768,0.2822878,0.3378462,0.1887454,0.1499548,0.0911882,0.1148454,0.3294346,0.3315556,0.1589472,0.149262,0.104766,0.1321156,0.3237102,0.32294,0.3111608,0.2047702,0.1453526,0.1082132,0.0878908,0.3239988
0.2938398,0.2105114,0.1449902,0.0792146,0.1315042,0.2501643,0.3065086,0.178309,0.1476402,0.0786076,0.1289588,0.326218,0.3012739,0.1283101,0.148149,0.0599748,0.1422848,0.3245376,0.3316498,0.1925428,0.1508538,0.094775,0.147014,0.3276266,0.3234536,0.20465,0.1319128,0.1056112,0.1294918,0.3285078,0.2927792,0.1695832,0.1463504,0.0984078,0.1289054,0.3338152,0.3854794,0.0774725,0.1520018,0.0899454,0.1310072,0.3292796,0.2963004,0.1609344,0.1478528,0.053523,0.1460534,0.3263298,0.317642,0.2037988,0.1493372,0.1017476,0.1481286,0.3261236,0.313437,0.1987106,0.1388316,0.0961052,0.1160682,0.3265584,0.2794662,0.0374871,0.1486178,0.0912274,0.1447402,0.3229086,0.341201,0.2124904,0.1608932,0.1476764,0.0646588,0.12573,0.3208484,0.3279138,0.210633,0.147317,0.0714172,0.145747,0.3280214,0.3023896,0.1311883,0.1492692,0.0987566,0.1124916,0.3281846,0.3284662,0.1980848,0.1495334,0.0916688,0.1449806,0.3219828,0.3056355,0.1894902,0.146385,0.0885144,0.0725202,0.3273006,0.3285148,0.1676278,0.148927,0.1024408,0.1274696,0.32774,0.3182874,0.2099562,0.1391512,0.1058612,0.1181742,0.3240124,0.3390908,0.138733,0.1492826,0.1049852,0.1371482,0.3322672,0.3206522,0.1468978,0.1494318,0.1079634,0.1205795,0.325455,0.3406544,0.205985,0.1450874,0.091203,0.130752,0.324189,0.306801,0.176452,0.1498582,0.1009584,0.0916216,0.3256378,0.3027456,0.20209,0.1475988,0.0995664,0.1230258,0.324833,0.313141,0.1984384,0.1498586,0.1069938,0.1008538,0.3247472,0.3583406,0.1952738,0.1514528,0.105231,0.1288542,0.3251362,0.2906268,0.2096252,0.1496658,0.1002432,0.096463,0.3206472,0.3193332,0.190662,0.143566,0.069313,0.1390368,0.310056,0.334853,0.1890356,0.1491274,0.0932696,0.1157498,0.3273896,0.3354344,0.1554462,0.1488004,0.1055716,0.13585,0.3233458,0.322849,0.3116762,0.2050508,0.1453624,0.0730362,0.0816876,0.3171964
0.1220863,0.2102948,0.1473128,0.078669,0.1338834,0.2936658,0.306496,0.1779724,0.1470966,0.07989,0.1472134,0.3254016,0.3035284,0.1415194,0.1477104,0.0582096,0.141907,0.324669,0.3346152,0.190565,0.1499092,0.095956,0.1470712,0.324082,0.3212438,0.2074264,0.1323348,0.1062792,0.1319802,0.3317938,0.2921816,0.1871557,0.1478376,0.0991716,0.1295858,0.332673,0.3840618,0.0930111,0.152148,0.0915136,0.134854,0.3298738,0.31932,0.1540596,0.1488206,0.0532014,0.1458872,0.3234732,0.317174,0.2028104,0.1480194,0.1008068,0.1490656,0.3248098,0.3095186,0.1990166,0.1392374,0.0971424,0.1145336,0.3308348,0.2775252,0.0765618,0.1482238,0.091568,0.1449514,0.325654,0.3373472,0.2102362,0.1600996,0.1475922,0.0692356,0.127453,0.3238044,0.3259046,0.2089592,0.1494876,0.0693316,0.1468688,0.3284098,0.30118,0.1325214,0.1509388,0.0982328,0.1108538,0.1824116,0.3344788,0.1966904,0.1490916,0.0911782,0.1462856,0.322207,0.3190294,0.1907424,0.1471078,0.088915,0.0747596,0.3277688,0.3369525,0.1691416,0.147835,0.1028286,0.129106,0.3262698,0.3228988,0.2086988,0.1386396,0.10607,0.1206388,0.3238514,0.339525,0.1649105,0.1496826,0.1039226,0.1357456,0.3301822,0.3207736,0.146977,0.1484462,0.1079026,0.1208838,0.208103,0.3396346,0.2073742,0.1441654,0.0918148,0.131448,0.326482,0.308659,0.1762694,0.1495192,0.1021756,0.095628,0.3226524,0.302643,0.2032834,0.1481472,0.0995662,0.1232842,0.327407,0.312338,0.1978496,0.150074,0.1078638,0.1047698,0.3208202,0.300613,0.1937342,0.1520206,0.1047256,0.1297722,0.327716,0.2897192,0.2088242,0.1487332,0.1004924,0.0961698,0.3236844,0.324636,0.190837,0.144429,0.0691668,0.1412856,0.3245608,0.3335022,0.1905424,0.150559,0.0920192,0.1170384,0.3293484,0.3329572,0.1558986,0.1486272,0.1055386,0.1369294,0.3291946,0.3217398,0.3108454,0.2041576,0.1459636,0.090981,0.0839668,0.3228984
0.1801449,0.2099812,0.1466628,0.087653,0.1320148,0.2958775,0.3063436,0.1791086,0.148532,0.0820778,0.1464344,0.324229,0.304961,0.1570179,0.1468012,0.0564368,0.140856,0.3248978,0.331511,0.1911856,0.1509208,0.095741,0.1486686,0.3232024,0.3194446,0.2196686,0.1347346,0.1040488,0.1312784,0.3257454,0.2910198,0.1862988,0.1477284,0.0982098,0.1274436,0.3307596,0.384765,0.1254139,0.1530034,0.0913798,0.1324738,0.3297968,0.3353474,0.155513,0.1012721,0.0548266,0.1418378,0.3254412,0.3163222,0.201951,0.1482438,0.1015664,0.1480554,0.3237136,0.3096754,0.2001476,0.1484082,0.0975642,0.11338,0.3311632,0.2804442,0.1350482,0.1503498,0.0913442,0.1468652,0.327046,0.331544,0.212307,0.1666228,0.148001,0.0697426,0.1258574,0.3252982,0.3246826,0.2093194,0.149119,0.0698372,0.1476934,0.3285584,0.3014128,0.1327608,0.1497284,0.0974636,0.1104746,0.2507818,0.3341926,0.193648,0.1489722,0.0917562,0.1446016,0.3249008,0.3254606,0.189574,0.1484326,0.0879252,0.078735,0.3238182,0.3453464,0.1685954,0.148518,0.1000884,0.1242538,0.32779,0.3206704,0.2071012,0.1389976,0.1071144,0.119831,0.3242056,0.3380026,0.1713203,0.1485584,0.103888,0.136153,0.3314156,0.31833,0.1512792,0.1497104,0.1082916,0.1195458,0.2969987,0.337226,0.2067458,0.1431996,0.09017,0.1304632,0.327985,0.3082914,0.177026,0.1515298,0.1032188,0.0915976,0.3237038,0.3001934,0.2035388,0.1476034,0.0989892,0.1222144,0.3293412,0.3108872,0.1996028,0.149243,0.1069474,0.1051504,0.321003,0.3252974,0.1906994,0.1522342,0.1061392,0.13041,0.325038,0.2878272,0.2098298,0.1482758,0.1014212,0.0967042,0.324874,0.324909,0.1916254,0.1480586,0.0696846,0.1416672,0.3252308,0.3325308,0.1898308,0.149575,0.0932634,0.117472,0.3278612,0.333021,0.15596,0.1483852,0.1062872,0.1356268,0.3240644,0.3195408,0.3109528,0.2032318,0.1454906,0.0913536,0.083904,0.3226664
0.2074565,0.2090916,0.1490012,0.0895914,0.1321766,0.2993098,0.3056526,0.179188,0.1502844,0.0798846,0.1453956,0.3299262,0.3031192,0.1774945,0.1486982,0.0557886,0.140955,0.3247018,0.329691,0.190042,0.1496552,0.0961468,0.1479022,0.3241212,0.321576,0.2216562,0.1350904,0.1032206,0.1319714,0.3279466,0.2896762,0.1874324,0.1491366,0.0971708,0.1285498,0.3276746,0.3850298,0.1573471,0.153728,0.0909638,0.1328318,0.3291238,0.3373378,0.1549714,0.1151598,0.0595752,0.1453872,0.3204094,0.3121678,0.2023646,0.150292,0.1021194,0.145333,0.3252536,0.309668,0.1981696,0.1468442,0.0951078,0.1124322,0.328979,0.2822368,0.143164,0.1506104,0.0918032,0.1442174,0.328231,0.2136389,0.2118802,0.1708156,0.1480064,0.0703834,0.1270622,0.3212718,0.3288382,0.20724,0.1493138,0.0709372,0.1460072,0.3280818,0.3022748,0.1381426,0.1479426,0.096644,0.1128056,0.2836626,0.3331118,0.1922534,0.1479424,0.0929568,0.1455498,0.3292608,0.3220006,0.190113,0.1467764,0.0845528,0.083641,0.3234676,0.348493,0.173044,0.1490518,0.1016942,0.1266228,0.324974,0.3226744,0.206932,0.1369496,0.1067564,0.1184226,0.327951,0.3348708,0.197302,0.149474,0.1039854,0.139697,0.3249616,0.3187004,0.1471322,0.1477474,-0.0120294,0.1138342,0.316184,0.33675,0.2045792,0.1436004,0.0903152,0.1321428,0.2270319,0.3065522,0.1784272,0.1502532,0.1027248,0.091515,0.3228132,0.2979112,0.2019634,0.1486474,0.0996432,0.1232692,0.3285748,0.31245,0.1994786,0.14757,0.1077132,0.1003126,0.3245954,0.3559564,0.0764623,0.1546186,0.1050688,0.1286252,0.3248624,0.2852166,0.2108466,0.1483424,0.1005862,0.0970334,0.3271626,0.3214638,0.1881518,0.1482822,0.0693872,0.1393924,0.3252654,0.3295344,0.188201,0.150537,0.090885,0.1193084,0.3275116,0.3317704,0.1561232,0.150406,0.1051252,0.1382768,0.3285994,0.3194358,0.3103072,0.2048078,0.1447146,0.092085,0.0840036,0.3258538
0.2132751,0.2059476,0.1490862,0.0931038,0.1320594,0.2999836,0.304858,0.1743512,0.1467784,0.081213,0.1464596,0.3269484,0.30891,0.1777491,0.1494478,0.0545196,0.1396898,0.3239118,0.327929,0.1912486,0.1503636,0.0952274,0.1489812,0.3259176,0.3219774,0.2197024,0.1344944,0.1040504,0.1349996,0.2455968,0.2874672,0.1877324,0.1489136,0.09794,0.130028,0.3310012,0.3811662,0.1609442,0.154837,0.0265774,0.1328926,0.3275174,0.3478022,0.155874,0.1170765,0.0582352,0.1439034,0.32853,0.3119692,0.2035896,0.1521448,0.1022112,0.1475648,0.3230174,0.3084462,0.1985218,0.146803,0.0958828,0.1105954,0.3245484,0.2851644,0.1486525,0.1511138,0.0918972,0.1473232,0.3256562,0.2854204,0.2108312,0.1835342,0.147616,0.069554,0.1246376,0.3228802,0.3236054,0.2072824,0.1492596,0.0591974,0.1457114,0.3254474,0.301353,0.1382492,0.1467206,0.0962808,0.1137774,0.3177928,0.330809,0.193668,0.149803,0.0940534,0.1447176,0.3275352,0.3214252,0.1900722,0.1480168,0.0844954,0.080599,0.323431,0.348069,0.1745074,0.1481244,0.1011514,0.1275046,0.3231908,0.3228208,0.2080534,0.1397016,0.1066278,0.1150872,0.3246364,0.3307924,0.1972592,0.1500092,0.1036366,0.137403,0.3303626,0.3213574,0.1471704,0.147486,0.0491596,0.109327,0.32324,0.3325294,0.2059634,0.143705,0.0902878,0.1306136,0.2818623,0.3084672,0.1760362,0.1497708,0.102362,0.0935574,0.3214972,0.2969676,0.2017822,0.1460904,0.0995528,0.1212894,0.3256418,0.3090394,0.1979874,0.1465718,0.107102,0.0985194,0.3270298,0.363054,0.0907295,0.1536048,0.1052622,0.1300598,0.3255358,0.285265,0.207841,0.146519,0.1008976,0.1028856,0.3253252,0.3198854,0.1872062,0.1481758,0.0649092,0.1389994,0.320103,0.325483,0.1871666,0.1511584,0.091885,0.1235612,0.3272194,0.3323062,0.1563308,0.1520908,0.1054274,0.1380752,0.326851,0.3207264,0.3077106,0.203126,0.1456534,0.0922194,0.0842962,0.3259628
0.2606661,0.2038952,0.1492642,0.093418,0.1320612,0.3019906,0.304702,0.174904,0.1476258,0.0797382,0.147038,0.3258352,0.3269028,0.1822856,0.149198,0.0551946,0.1434836,0.3241942,0.3277584,0.1934954,0.1514478,0.0956736,0.15007,0.3223296,0.321843,0.2194854,0.1340652,0.1031846,0.1348804,0.2820228,0.2899348,0.1839724,0.1466246,0.0982952,0.131868,0.3271998,0.3823792,0.186326,0.1529772,0.0640716,0.1352376,0.223693,0.3486044,0.1556122,0.1227626,0.0588252,0.145406,0.325622,0.3167174,0.206118,0.1507566,0.1015948,0.1479706,0.3234906,0.2645878,0.1963926,0.147354,0.0963302,0.112129,0.322208,0.2814622,0.1519891,0.150928,0.0926188,0.1445388,0.3264862,0.3001334,0.210518,0.181908,0.1468946,0.0659536,0.1339762,0.3253026,0.322649,0.2064006,0.1505808,0.0598342,0.1453282,0.3261112,0.3007974,0.1787704,0.1465054,0.0968576,0.1125432,0.3175032,0.3284918,0.1932454,0.1482586,0.0949834,0.144259,0.3261044,0.3195024,0.1900666,0.1452008,0.0845214,0.077834,0.3228674,0.350177,0.1693488,0.1482764,0.1014458,0.126675,0.3246746,0.3267924,0.208074,0.143347,0.1060842,0.115275,0.3211284,0.3344216,0.197415,0.1496348,0.1041322,0.1349232,0.3303638,0.320061,0.1576976,0.1470832,0.0483012,0.1081224,0.3290608,0.3313654,0.204555,0.1449622,0.0864124,0.131241,0.3086784,0.3124556,0.175475,0.1494498,0.101884,0.0961208,0.3247866,0.298845,0.1984536,0.1463272,0.0985686,0.1208102,0.3294818,0.308226,0.1968176,0.1474836,0.107057,0.0981436,0.3216694,0.3724198,0.1165545,0.1530782,0.1058062,0.126645,0.3253036,0.2867372,0.2051032,0.1490294,0.1012976,0.1054316,0.3246614,0.3192512,0.1862244,0.1492718,0.0617922,0.1389346,0.3211284,0.3247254,0.1869508,0.1508654,0.0921344,0.125994,0.322783,0.333026,0.1520652,0.1522328,0.1072204,0.137483,0.3239312,0.3159916,0.3076922,0.2005194,0.1447718,0.0928466,0.0813314,0.3293758
0.2640049,0.2021018,0.1481842,0.0930116,0.1325458,0.3292672,0.3046808,0.1733804,0.1463294,0.075056,0.1455698,0.3249304,0.3262946,0.1862144,0.1510936,0.0570222,0.1428506,0.3274484,0.3298964,0.1929024,0.0670062,0.0950258,0.1495244,0.3226132,0.3207264,0.217948,0.1369268,0.104123,0.1277382,0.2861956,0.2890852,0.1831599,0.1451424,0.0978014,0.1307432,0.3307822,0.3844566,0.1844012,0.1541142,0.0713606,0.135278,0.2677922,0.3451796,0.1513652,0.1457498,0.0600882,0.1453976,0.324601,0.3187424,0.2033016,0.1495674,0.1026924,0.1487644,0.325102,0.2812352,0.1959708,0.1498254,0.0990726,0.1133942,0.324955,0.1630906,0.1514599,0.1498012,0.0930828,0.1441056,0.3226642,0.3250024,0.2109756,0.1825454,0.1457882,0.0656418,0.1330826,0.3225644,0.3198224,0.2041234,0.1496714,0.0604224,0.145298,0.324645,0.3021704,0.1808138,0.1478574,0.0941532,0.1094648,0.3231102,0.3310302,0.2033698,0.1480118,0.0951526,0.1452704,0.3268568,0.320855,0.1890416,0.147403,0.0839044,0.0795824,0.3238698,0.3486418,0.1685718,0.1475742,0.1031344,0.1279846,0.325527,0.3237762,0.2061356,0.1413584,0.1060624,0.1181598,0.3228544,0.3335824,0.1981614,0.1476782,0.1040894,0.134645,0.2308439,0.3184964,0.1731226,0.1462912,0.0475414,0.1158636,0.3286226,0.3295056,0.2037502,0.1445866,0.0851424,0.1310494,0.3184038,0.3128474,0.1759346,0.148176,0.1021012,0.0942676,0.3197312,0.2987986,0.1990228,0.145321,0.0979694,0.1228154,0.32738,0.3077574,0.1981968,0.14801,0.1067784,0.0978208,0.3206962,0.3693806,0.1333696,0.1516188,0.1062352,0.127553,0.328168,0.12815,0.209426,0.1496912,0.1009222,0.1036938,0.324381,0.3199498,0.1860788,0.151184,0.0634384,0.1403384,0.3237378,0.321318,0.1859508,0.1510874,0.0937838,0.1256502,0.3247846,0.3346948,0.1497694,0.1515264,0.105613,0.1381932,0.3288826,0.3139784,0.1638235,0.1974002,0.1461226,0.0937086,0.07924,0.3233604
0.2939405,0.201296,0.1479464,0.0941212,0.13099,0.3300222,0.3054158,0.1741418,0.145516,0.0740776,0.1470308,0.3265246,0.3245164,0.1887286,0.1509792,0.0545734,0.142833,0.326881,0.3284158,0.1932636,0.1133237,0.0954454,0.1482722,0.3255468,0.319857,0.2173976,0.1362702,0.1048618,0.1254166,0.2939248,0.2883242,0.1852549,0.1475474,0.0520484,0.1347982,0.3294782,0.37973,0.2039723,0.1528004,0.072629,0.1354792,0.3064998,0.3421004,0.1404436,0.1448172,0.0609816,0.1474976,0.321847,0.3187556,0.2022478,0.149985,0.1018984,0.147,0.3285896,0.298658933333,0.1979684,0.1505568,0.098843,0.116873,0.3285718,0.180116,0.1536715,0.0572642,0.0932796,0.1442138,0.323416,0.3253096,0.2096492,0.1821448,0.1479828,0.0698946,0.1354864,0.3197346,0.3205948,0.2025186,0.148877,0.0678994,0.1458526,0.3219024,0.3043906,0.1818698,0.1470936,0.0960476,0.110565,0.3237836,0.329963,0.2032356,0.148396,0.0939064,0.1461016,0.3243106,0.3213846,0.1889388,0.1476898,0.0813974,0.0959944,0.3249656,0.3500552,0.1658984,0.1480356,0.102829,0.130254,0.185021,0.3221188,0.2030394,0.141424,0.1056396,0.1198174,0.326069,0.331918,0.1957294,0.1469124,0.1031608,0.1360244,0.2875838,0.317128,0.1766528,0.1464046,0.055116,0.1126028,0.3296036,0.3342376,0.2036948,0.1468448,0.0868584,0.1335198,0.3202866,0.3130406,0.1770824,0.1458282,0.1023462,0.0938372,0.3230998,0.2973376,0.1981426,0.145235,0.0986796,0.1205778,0.3255214,0.3067764,0.1964022,0.1492594,0.107436,0.0999114,0.3271468,0.3670814,0.1376282,0.1503886,0.1067002,0.1313006,0.3259964,0.1942691,0.2102606,0.1508034,0.0994792,0.1073774,0.325826,0.3206692,0.1835538,0.1504066,0.0657474,0.138238,0.3247768,0.317415,0.186253,0.1496946,0.092706,0.1242764,0.3273826,0.3309,0.149592,0.152692,0.1064094,0.1374834,0.3265694,0.3124784,0.2380351,0.1952486,0.1435158,0.0947778,0.0667574,0.3257412
0.2940327,0.2013182,0.1480606,0.093328,0.1307876,0.329306,0.3034746,0.1725538,0.143866,0.068669,0.1469878,0.3307166,0.325445,0.1967742,0.1491748,0.0572806,0.1426692,0.3280922,0.3271712,0.1939566,0.1169103,0.0942896,0.147432,0.3222818,0.323679,0.218074,0.133217,0.1044356,0.1294274,0.302682,0.2916118,0.1864625,0.1460348,0.0928482,0.1303578,0.3298106,0.3777326,0.2050015,0.1507036,0.0909624,0.1331354,0.3181508,0.3442884,0.1420906,0.1449908,0.0560956,0.1458692,0.3184482,0.3185242,0.2023122,0.1479268,0.1008416,0.1492458,0.3260878,0.3081621,0.1965406,0.1500072,0.0988074,0.1178794,0.3283646,0.210515,0.1521861,0.1147166,0.0929962,0.146301,0.3219514,0.3329676,0.208542,0.18092,0.146067,0.069985,0.136172,0.3252742,0.3195646,0.1998766,0.1470026,0.0693262,0.1454344,0.324273,0.3038572,0.1797308,0.1486826,0.0959132,0.1073754,0.328813,0.332204,0.2020252,0.1477432,0.091766,0.1468374,0.3254206,0.3237026,0.189575,0.1469472,0.08258,0.0955934,0.3251042,0.348906,0.1661374,0.1489932,0.1021612,0.125716,0.2346726,0.322612,0.2026754,0.139726,0.104898,0.119396,0.3277822,0.3318522,0.1963034,0.1465004,0.1035148,0.1360026,0.3043138,0.3176438,0.1769126,0.1460916,0.0553116,0.1134926,0.3274452,0.330932,0.203856,0.1471096,0.089611,0.130937,0.3215342,0.310034,0.1752066,0.1474424,0.1025534,0.090374,0.3239362,0.2987808,0.195997,0.1435216,0.1010516,0.1226194,0.2513724,0.30948,0.1950018,0.1481522,0.10771,0.100354,0.3280146,0.3751502,0.1400872,0.151417,0.1072244,0.1298184,0.2681612,0.2051662,0.2125048,0.1500802,0.0997312,0.1077858,0.3290802,0.3184094,0.1828442,0.1513606,0.062986,0.1380922,0.3225954,0.3154472,0.1829702,0.1502396,0.0931014,0.123938,0.3282094,0.3312098,0.1478478,0.152256,0.1057356,0.1344552,0.3255126,0.3115972,0.2705247,0.1950498,0.1438024,0.094149,0.065741,0.3266346
0.3095465,0.201566,0.032289,0.092062,0.1294624,0.3264858,0.3010498,0.170329,0.1439814,0.0244909,0.1445078,0.3293674,0.3279978,0.1969714,0.148923,0.0574288,0.1422464,0.322459,0.326338,0.1948338,0.1280134,0.095617,0.1475858,0.3243522,0.3220458,0.2158164,0.1326684,0.1049246,0.1287258,0.3238908,0.2855482,0.1860019,0.14724,0.0947284,0.1328472,0.3279656,0.3834706,0.2070889,0.1495858,0.090936,0.1336406,0.3179728,0.3412336,0.1492198,0.1445644,0.0570082,0.1450802,0.321373,0.3211984,0.2009746,0.149298,0.0991164,0.1496842,0.3270112,0.3101551,0.1981522,0.1498414,0.0929154,0.116123,0.3286184,0.2340224,0.161891,0.1152048,0.091635,0.1445588,0.3230748,0.3519956,0.209467,0.1840046,0.1472608,0.0699058,0.137596,0.3243456,0.323465,0.20337,0.1455898,0.0694466,0.1482498,0.3207582,0.1989505,0.1811994,0.1499838,0.0972628,0.1037782,0.3247882,0.3287236,0.2002688,0.1476476,0.0911912,0.1458516,0.3268604,0.3244344,0.1863196,0.1476422,0.0814542,0.1008262,0.3268806,0.3444894,0.162987,0.1491172,0.1022676,0.1295608,0.3189916,0.3176578,0.2034656,0.148819,0.1051622,0.1170666,0.3262318,0.327914,0.1915724,0.1454742,0.1049844,0.136323,0.316403,0.3168856,0.176828,0.146807,0.0567972,0.111078,0.3281258,0.3331064,0.203518,0.1479128,0.0875264,0.1312046,0.321255,0.3122166,0.174825,0.1495946,0.1023522,0.0928916,0.3213392,0.297088,0.1959622,0.144553,0.0999328,0.1267752,0.2885025,0.3080322,0.1958614,0.1495896,0.1076228,0.0990258,0.3221074,0.3746782,0.135283,0.1520998,0.1061546,0.1289912,0.2921048,0.2057326,0.213022,0.148616,0.0987076,0.1087294,0.3265248,0.2291042,0.1829838,0.14996,0.0616024,0.1405824,0.325432,0.317638,0.1809128,0.1493694,0.0924826,0.1263716,0.3267804,0.3337704,0.1501836,0.1528144,0.1059166,0.1363212,0.3250002,0.310142,0.2791385,0.1952424,0.1454906,0.0936458,0.0654818,0.324381
0.3150658,0.1993108,0.0987396,0.0926254,0.1305628,0.3225146,0.2982752,0.1685464,0.1457066,0.0671362,0.1441128,0.3293064,0.3279276,0.1962064,0.150063,0.0577176,0.1436984,0.3268474,0.328409,0.1939216,0.1269536,0.0982532,0.1479412,0.327129,0.320337,0.215113,0.1312816,0.1057422,0.1286176,0.3265696,0.28327,0.1844274,0.1473612,0.094055,0.1324418,0.327678,0.3820416,0.2076317,0.1495436,0.0897818,0.135143,0.3282486,0.342265,0.1137904,0.1452344,0.056278,0.1457644,0.3226842,0.3236718,0.2020006,0.1498498,0.0995622,0.1486358,0.3272434,0.3136042,0.2008528,0.149259,0.0943374,0.1154882,0.3294204,0.256818,0.1599068,0.1179164,0.0925688,0.1434664,0.320925,0.3484488,0.2055876,0.1851476,0.1476992,0.0740196,0.135064,0.3232682,0.3226334,0.2026034,0.1463564,0.072054,0.1471414,0.324618,0.2110544,0.1810778,0.1471208,0.0423092,0.1051816,0.3248734,0.3297018,0.1963436,0.1501058,0.0881172,0.1456028,0.324482,0.324979,0.1833328,0.1481088,0.0015528,0.1007838,0.3269408,0.3434034,0.1643146,0.1505394,0.1022178,0.1293386,0.324216,0.3112924,0.0681108,0.1479832,0.1048394,0.1155778,0.327488,0.324157,0.188055,0.145632,0.0417867,0.1374034,0.3192976,0.315084,0.1766654,0.1483404,0.0592472,0.1130084,0.3251844,0.331679,0.2035076,0.1464622,0.01109,0.131394,0.3234874,0.3134252,0.1751056,0.1483918,0.1033172,0.0918596,0.3191538,0.2986282,0.1962702,0.145373,0.0993836,0.1229592,0.3103057,0.3097636,0.192644,0.1489938,0.1072118,0.102426,0.3249222,0.3686084,0.13525,0.1525728,0.105416,0.1311848,0.3184746,0.2467205,0.2141694,0.1499772,0.100553,0.1043942,0.3279668,0.2552624,0.1838712,0.1505424,0.0648904,0.142275,0.3257978,0.3186662,0.1820804,0.1490482,0.0926704,0.1250244,0.3276792,0.333026,0.1500978,0.15148,0.105786,0.1350218,0.3231522,0.3121178,0.2929999,0.194157,0.1452528,0.0940688,0.0653374,0.325108
0.312613,0.1999164,0.1424656,0.0886272,0.132133,0.3241924,0.2984106,0.1684944,0.1463828,0.0691482,0.147514,0.3296032,0.3266338,0.1952306,0.1493054,0.0578402,0.143217,0.3275134,0.3273416,0.1923918,0.1236218,0.098412,0.1473902,0.3246628,0.3227062,0.2150466,0.130821,0.1059234,0.1248442,0.3295626,0.283969,0.1826617,0.1466724,0.0947184,0.1330358,0.333165,0.3829182,0.2080509,0.150185,0.0882424,0.1351078,0.3270662,0.3433086,0.162481,0.1454936,0.0588476,0.1473746,0.3198938,0.31899,0.2019264,0.1499018,0.0998774,0.1481496,0.3283124,0.3157772,0.2015894,0.1482036,0.0916226,0.1175888,0.330176,0.266514,0.156616,0.1179978,0.093564,0.1454698,0.3254856,0.3502294,0.2060446,0.1823592,0.1476608,0.0733928,0.1355604,0.3265134,0.3271742,0.205361,0.1459304,0.0704748,0.1465664,0.3252958,0.2309066,0.1790252,0.1451184,0.0700591,0.1038116,0.3244948,0.3274132,0.195393,0.1506332,0.088914,0.1474838,0.323237,0.3250006,0.1843622,0.1477388,0.0407374,0.101614,0.3263196,0.3437052,0.1605368,0.1498296,0.1033494,0.1271834,0.3205384,0.3120974,0.090975,0.1470072,0.1072382,0.1391354,0.3258918,0.3219874,0.1926502,0.0005328,0.0817167,0.1353576,0.3193748,0.3148608,0.1819066,0.1464934,0.0816622,0.1196692,0.3267132,0.3258046,0.2015936,0.1476694,0.0679302,0.1307194,0.325595,0.3106286,0.1764248,0.1496106,0.104917,0.0932288,0.3222112,0.2988084,0.1968404,0.1460324,0.0997842,0.123398,0.3250052,0.309628,0.1897384,0.1481542,0.1069798,0.1218706,0.3224726,0.3751198,0.1353382,0.1512944,0.1066406,0.1327762,0.3195698,0.2658241,0.2144076,0.1512002,0.1007116,0.107686,0.3288476,0.2778138,0.1812082,0.1501192,0.0629462,0.1409638,0.3249886,0.3175716,0.1822358,0.148874,0.0942026,0.1249204,0.3290708,0.334683,0.1515586,0.1513012,0.1057628,0.136803,0.3250592,0.315109,0.2982135,0.193219,0.146697,0.092669,0.0653586,0.3259074
0.3140016,0.1989544,0.1430502,0.092202,0.1315272,0.3239086,0.300722,0.1678418,0.1466478,0.0696432,0.1452136,0.3265002,0.323851,0.1971114,0.1486084,0.0620384,0.144712,0.3290404,0.326008,0.1919884,0.1260026,0.0991976,0.1488396,0.3238176,0.3217206,0.2144356,0.1334058,0.1062348,0.1257658,0.3279882,0.282409,0.1809904,0.1456068,0.0968296,0.1311828,0.3302592,0.3818006,0.2079191,0.151209,0.0899936,0.1341146,0.3272436,0.3457356,0.1622366,0.1461002,0.0617924,0.1467104,0.3230434,0.3217298,0.2048228,0.1504734,0.100146,0.1479202,0.3282576,0.315344,0.2002142,0.1472118,0.0913976,0.1232,0.3306932,0.2698826,0.1559286,0.1262008,0.0898624,0.1450846,0.3281908,0.3503628,0.201746,0.1837872,0.1458018,0.0686426,0.1354694,0.3236962,0.3296428,0.2023184,0.146477,0.0698906,0.1468856,0.3182684,0.2746292,0.1754722,0.1445956,0.08291,0.1002664,0.3272754,0.3255418,0.196213,0.1500348,0.0902324,0.1473032,0.3258438,0.3265304,0.1844066,0.1487538,0.047531,0.1040776,0.3293194,0.3406784,0.161488,0.1502592,0.1036158,0.1280856,0.3225884,0.3135956,0.1054071,0.1456264,0.1072526,0.139313,0.3243408,0.3203802,0.1914484,0.0928436,0.0949245,0.1333302,0.3247994,0.3130428,0.1780096,0.0474052,0.0820982,0.1174534,0.329396,0.320731,0.2002556,0.1476986,0.090295,0.1308446,0.3251634,0.310245,-0.0072519,0.1495726,0.1042866,0.0932582,0.3191032,0.3005234,0.1977216,0.1477472,0.0999622,0.1231916,0.3254812,0.3074808,0.1910044,0.1507022,0.10551,0.1195288,0.3246618,0.3754576,0.1463748,0.152501,0.1062404,0.1332778,0.3197562,0.2706797,0.2150278,0.1505632,0.101064,0.1082804,0.3267534,0.3042261,0.1805976,0.1491784,0.063833,0.1391634,0.3231086,0.3161678,0.1837806,0.148922,0.0931774,0.12439,0.3278106,0.3358288,0.1503228,0.1496866,0.105243,0.1362434,0.3269968,0.312841,0.3094201,0.1908946,0.1449378,0.093673,0.0663568,0.3240496
0.312286,0.201986,0.1424382,0.0906796,0.1338874,0.3227398,0.302233,0.1685282,0.14656,0.0743616,0.145749,0.3263696,0.3215338,0.196712,0.1483764,0.062289,0.1425744,0.328345,0.3249564,0.1911656,0.1274586,0.0996346,0.1486354,0.3236734,0.3232082,0.2125082,0.1304236,0.1048808,0.1248308,0.3240404,0.2847422,0.1778396,0.1461028,0.0953776,0.1324606,0.3330096,0.3821558,0.2103179,0.1525892,0.0910772,0.13474,0.3278254,0.3463766,0.1741531,0.148081,0.0683402,0.1468064,0.32195,0.320927,0.204275,0.1505572,0.1000988,0.1492688,0.266624,0.3264004,0.197017,0.147398,0.091065,0.1235146,0.3277222,0.272697,0.1536722,0.1301322,0.0894826,0.1463954,0.3253964,0.3470002,0.2025192,0.1857362,0.1460874,0.0666876,0.1366164,0.3264382,0.3290386,0.198473,0.1465124,0.0700122,0.1468448,0.3240728,0.280124,0.1750018,0.1453952,0.0858216,0.1051158,0.3252878,0.3263062,0.1980582,0.1491578,0.08631,0.1494954,0.327792,0.3271432,0.1871764,0.1494382,0.048683,0.1001978,0.3276024,0.3427658,0.1614732,0.1507866,0.1032496,0.1236986,0.3272158,0.3138124,0.1067651,0.1460566,0.1074146,0.1399734,0.3251876,0.3161152,0.1932216,0.1113044,0.0991622,0.1387264,0.323413,0.3098274,0.1772816,0.0760474,0.0809782,0.123429,0.3292912,0.319278,0.2010526,0.1470428,0.0889256,0.1308462,0.3227162,0.3135132,0.0199366,0.1480664,0.1042046,0.0938576,0.3219536,0.2999206,0.1991282,0.147115,0.0997784,0.120061,0.3260778,0.3088896,0.1914198,0.1501672,0.1055916,0.1203398,0.3268376,0.3711882,0.1592466,0.1536094,0.1053068,0.132251,0.3208442,0.276368,0.2154706,0.1506188,0.0996646,0.1071498,0.3270464,0.3077349,0.1798394,0.149837,0.062067,0.1398398,0.3254762,0.312539,0.1835272,0.1498014,0.0943478,0.1229086,0.327565,0.3373026,0.149543,0.1501436,0.1055046,0.1388,0.3227422,0.3197276,0.3101553,0.1932156,0.1449468,0.0938432,0.062557,0.3252582
0.3112204,0.1990434,0.1424588,0.091002,0.136504,0.326232,0.1650199,0.1662548,0.1481546,0.0738234,0.1449602,0.3268862,0.323418,0.1967772,0.1479194,0.0621386,0.141969,0.3316418,0.3203726,0.1923746,0.1435942,0.1005256,0.1471394,0.3227342,0.3218012,0.2114396,0.1321942,0.1047182,0.127033,0.3221924,0.2833126,0.178694,0.0893127,0.0934838,0.1325632,0.3311846,0.382104,0.2104032,0.1528288,0.091892,0.13292,0.3282118,0.348787,0.1783345,0.1486196,0.066479,0.1470604,0.3229404,0.3203058,0.2056266,0.1490998,0.0143768,0.148936,0.3002537,0.3276554,0.1955528,0.148199,0.0932212,0.1222236,0.322797,0.2700804,0.1520488,0.1293512,0.0887992,0.1468038,0.3267636,0.3452814,0.2032278,0.1841738,0.1465956,0.0683294,0.1379398,0.3258626,0.3271384,0.1979634,0.1457948,0.0678478,0.1460952,0.3257596,0.3004798,0.1731856,0.0665922,0.0995478,0.1120486,0.3270132,0.327516,0.1974602,0.0487188,0.0856186,0.147091,0.3286772,0.323663,0.0400982,0.1487084,0.0488998,0.0975026,0.3247808,0.3448998,0.1604788,0.149974,0.1031818,0.1242938,0.329051,0.3135668,0.1418893,0.1458648,0.1068716,0.1418896,0.3278174,0.3154366,0.189447,0.1134696,0.1019158,0.138079,0.325535,0.3089504,0.1774208,0.097444,0.0791394,0.1235844,0.3245944,0.3204752,0.19979,0.1465688,0.0955254,0.130128,0.325785,0.3101694,0.0764784,0.148705,0.103783,0.0932036,0.320218,0.3034342,0.1965964,0.1482594,0.1004346,0.118794,0.3241552,0.3094114,0.1908596,0.1496186,0.105376,0.1231784,0.3227954,0.372479,0.1609348,0.1501512,0.106004,0.1318404,0.323258,0.2843204,0.216183,0.1500306,0.0946102,0.1062096,0.3268146,0.3039876,0.0100393,0.1491104,0.0679194,0.1390906,0.325769,0.3136394,0.183094,0.147985,0.0938158,0.1231676,0.3262404,0.3311744,0.1479562,0.1501822,0.105976,0.1387244,0.3237252,0.3180508,0.318574,0.193451,0.1454486,0.0939216,0.0586398,0.3227052
0.3151738,0.1972202,0.139899,0.0924012,0.135781,0.3291028,0.1792575,0.1636772,0.1477222,0.073373,0.1451134,0.324534,0.3219998,0.1939716,0.1486828,0.0677198,0.1431938,0.3251182,0.3221604,0.192229,0.1412772,0.098986,0.145283,0.3243926,0.3229866,0.2091726,0.1321178,0.1042624,0.1268094,0.3240412,0.2832448,0.178448,0.1358404,0.0944678,0.1325838,0.327067,0.381573,0.2115666,0.1521936,0.0913416,0.1340392,0.3246598,0.3486914,0.1920126,0.1500714,0.068603,0.1446956,0.3208054,0.3197608,0.2061848,0.1493078,0.0323322,0.1510232,0.3082127,0.3254592,0.1950382,0.14694,0.092133,0.1235556,0.326831,0.285029,0.154685,0.128372,0.0886662,0.146579,0.3285684,0.3475964,0.2023372,0.1848474,0.1464144,0.068593,0.140088,0.3241606,0.33156,0.1959762,0.1465502,0.0712908,0.147431,0.3258992,0.323828,0.1716832,0.110162,0.1009298,0.1108764,0.331059,0.3276784,0.0660594,0.1123222,0.0843994,0.148627,0.3299724,0.3209472,0.0530814,0.1478052,0.0423344,0.0975172,0.3298878,0.345119,0.1585668,0.1516772,0.1024528,0.1245812,0.3253208,0.312286,0.1559028,0.1454106,0.1060248,0.1401968,0.3243742,0.1756084,0.217207,0.1154286,0.1015318,0.1391054,0.3262582,0.309021,0.1754286,0.100021,0.0818672,0.1206116,0.322357,0.3217288,0.1998946,0.1461722,0.0953628,0.12846,0.323836,0.3080674,0.1220478,0.1490538,0.10484,0.0944146,0.3203438,0.3029548,0.1942848,0.1467876,0.1009082,0.1200588,0.328025,0.3058136,0.1883914,0.148996,0.1057652,0.1218298,0.3226692,0.370454,0.155461,0.151545,0.1066612,0.1318376,0.32392,0.3139046,0.217016,0.1512744,0.0949264,0.1086062,0.3278032,0.307058,0.0179154,0.1479048,0.0652768,0.1397694,0.3203508,0.31269,0.1813678,0.1472594,0.0937236,0.1241566,0.3222884,0.331604,-0.0068601,0.1500584,0.1063746,0.1380614,0.3273506,0.3177754,0.3216784,0.192631,0.1459138,0.093476,0.058432,0.3261068
0.3145492,0.1984654,0.145958,0.0323865,0.1334768,0.3251972,0.2059678,0.1632664,0.1469298,0.0721994,0.1449436,0.3229402,0.3231144,0.1956832,0.1483416,0.0817368,0.1434158,0.326686,0.3191286,0.1903664,0.1425288,0.0998434,0.1493506,0.3220182,0.3203452,0.2085616,0.133301,0.1055752,0.1264912,0.3247174,0.1729999,0.1793698,0.135579,0.0959282,0.1317786,0.3259644,0.3803158,0.2118918,0.1528142,0.0927154,0.1336608,0.3242122,0.345124,0.1922788,0.1472426,0.0734638,0.1457016,0.3245904,0.320595,0.206739,0.0645127,0.0325944,0.1494982,0.3253586,0.3232004,0.1948498,0.1469472,0.0932202,0.1247632,0.3308228,0.287238,0.1556504,0.1273932,0.0885874,0.1476732,0.3281148,0.3502888,0.2018438,0.183444,0.1470286,0.0681404,0.1398634,0.322969,0.331247,0.1968204,0.147836,0.0688546,0.147073,0.3262478,0.321297,0.1652818,0.1271422,0.1018734,0.1125408,0.3302086,0.3239704,0.0694452,0.1245318,0.0847214,0.1463592,0.3295816,0.3247964,0.0817399,0.1471244,0.0451884,0.1006112,0.3289614,0.3443736,0.1519028,0.1511118,0.1025136,0.1252904,0.328024,0.3151714,0.1694446,0.0542777,0.106618,0.140096,0.3287248,0.2749018,0.2177428,0.1175614,0.1024698,0.1367484,0.3266884,0.3105066,0.175429,0.1186006,0.0807702,0.1194586,0.3270178,0.3205074,0.1990142,0.1455846,0.0955624,0.130633,0.3232498,0.3108218,0.1209487,0.1490008,0.1057164,0.0948672,0.3213448,0.3025782,0.1936906,0.1475792,0.1009684,0.1211208,0.3266648,0.3059806,0.1888446,0.1487456,0.1058962,0.121802,0.3230872,0.3680736,0.15688,0.1509922,0.1067238,0.1292046,0.3221316,0.3098488,0.2200534,0.1506036,0.0955538,0.105116,0.3252516,0.3084146,0.0174456,0.1465912,0.0637632,0.1390936,0.325589,0.3141848,0.180815,0.1475012,0.093263,0.1250086,0.2090804,0.3285304,0.0442249,0.150141,0.1062922,0.137139,0.3248218,0.3159258,0.3224123,0.1928284,0.1460468,0.0944002,0.0585892,0.322527
0.3163828,0.1975432,0.1457512,0.070991,0.135478,0.3270848,0.2606507,0.1632122,0.146298,0.0751034,0.1466428,0.3282236,0.3201234,0.1943016,0.1495548,0.0810674,0.1441278,0.3246514,0.3152644,0.1914,0.1429364,0.099926,0.1478004,0.3204772,0.3154402,0.2081346,0.1331676,0.1048536,0.1265944,0.325768,0.2153284,0.1790486,0.1337764,0.0945508,0.1353354,0.3270794,0.3809428,0.212932,0.1534058,0.093239,0.1337138,0.3260838,0.3434882,0.2013996,0.1476472,0.0725818,0.1454226,0.3198922,0.3197834,0.2069512,0.0798486,0.0581538,0.150388,0.3261298,0.3243798,0.1949664,0.1491046,0.092734,0.1248876,0.332844,0.2908308,0.1769546,0.1283834,0.0897698,0.145674,0.3273792,0.3492716,0.2026202,0.1827522,0.1466916,0.0713448,0.1381224,0.3237592,0.332878,0.1952446,0.148274,0.069743,0.1455958,0.327674,0.3250024,0.1634358,0.1420806,0.1004366,0.1147172,0.3253006,0.3240568,0.0855773,0.1300422,0.0848884,0.1451182,0.3252084,0.3230946,0.0833369,0.1491144,0.0493312,0.0974898,0.3310194,0.3449416,0.0594742,0.1530594,0.104608,0.1252572,0.3301944,0.3216954,0.186553,0.0635344,-0.0020617,0.1412656,0.3268194,0.2982244,0.2161998,0.1187696,0.1008448,0.1357622,0.3284878,0.3097488,0.175102,0.1194384,0.081605,0.11933,0.324409,0.3194428,0.1109619,0.1450034,0.0955096,0.1321778,0.3249392,0.3092204,0.1296555,0.1508164,0.1044032,0.0906246,0.3236158,0.2983794,0.1929766,0.1466022,0.1001116,0.120904,0.3272484,0.3061206,0.1874886,0.1476456,0.1053568,0.1211652,0.3279536,0.3673452,0.1754946,0.1536426,0.1066018,0.128503,0.324704,0.3140494,0.2210578,0.0735784,0.0960136,0.1029374,0.325478,0.3167318,0.0198071,0.1468656,0.0675312,0.1381464,0.329158,0.31203,0.180304,0.1475178,0.0935872,0.1245248,0.2420308,0.326141,0.0862464,0.1509804,0.1062546,0.1364736,0.3276796,0.3147248,0.3158908,-0.0512683,0.14626,0.0944712,0.0580108,0.3260938
0.314322,0.1963518,0.1447682,0.0731368,0.136198,0.3300638,0.2667708,0.1638518,0.1485036,0.0759572,0.1453386,0.327571,0.3214038,0.1938734,0.1486302,0.0843234,0.1434852,0.3226328,0.3160226,0.1872786,0.141719,0.1022278,0.149675,0.3226266,0.318857,0.2068096,0.137071,0.1035304,0.1221576,0.3248234,0.2359876,0.1797864,0.13653,0.0933444,0.1340306,0.327646,0.3816998,0.2149238,0.1535092,0.0930022,0.1344262,0.3276932,0.343164,0.203848,0.1482296,0.0737776,0.1457324,0.3206114,0.3245686,0.2049224,0.1219062,0.057932,0.1487002,0.3245028,0.3234206,0.1942452,0.1494052,0.0397228,0.1216168,0.3315328,0.2887926,0.1793246,0.1253612,0.0945252,0.1443582,0.3280152,0.3511458,0.2010452,0.1832056,0.1466652,0.0678638,0.1405098,0.3227408,0.329454,0.1944244,0.148805,0.0697912,0.1460166,0.3263752,0.323101,0.161959,0.1472674,0.1016416,0.1117914,0.3238896,0.322219,0.098668,0.1293478,0.0847786,0.143971,0.3267548,0.3218444,0.1098029,0.1467984,0.0497202,0.1007926,0.3305498,0.3448812,0.0665254,0.0487377,0.1052092,0.1265316,0.3265412,0.3200166,0.1869208,0.088517,0.0659062,0.140252,0.3253462,0.3362304,0.2140922,0.1350042,0.1023008,0.1432078,0.3318656,0.308845,0.1899768,0.1205352,0.0804956,0.1152592,0.328571,0.3214218,0.1207269,0.1498524,0.0951328,0.1308952,0.3248556,0.305854,0.1327981,0.0200485,0.1027944,0.0906154,0.3209052,0.2962972,0.1936442,0.1476326,0.1022978,0.1247916,0.3269898,0.3048118,0.1867138,0.1482494,0.1043632,0.1223626,0.3240976,0.371582,0.17716,0.1545798,0.1074686,0.1278874,0.3251112,0.3137698,0.2169724,0.1128346,0.0983196,0.0995326,0.326107,0.3113844,0.0465922,0.1487602,0.067328,0.1371784,0.3239976,0.2149081,0.044208,0.1464538,0.0941222,0.124816,0.2993894,0.3233692,0.0988203,0.1500158,0.1062696,0.1375072,0.328757,0.3173132,0.3153376,0.0325916,0.1474812,0.0961206,0.0588782,0.3237196
0.3143172,0.1948808,0.1457766,0.0805572,0.14034,0.3283066,0.2948681,0.1619274,0.149473,0.0742686,0.1451198,0.3263162,0.3174854,0.1929404,0.1467172,0.0856896,0.1429272,0.3254936,0.3154156,0.186213,0.1446422,0.1028914,0.14808,0.3228172,0.3189624,0.2065038,0.1373554,0.1041856,0.1221014,0.3217542,0.244049,0.1800458,0.1371286,0.0939918,0.1332922,0.3290106,0.3824104,0.2161172,0.1524796,0.092406,0.135166,0.3240766,0.3445424,0.2042678,0.1474196,0.0738076,0.1453266,0.3214122,0.3228412,0.2047048,0.136681,0.0526082,0.1471978,0.3268344,0.320146,0.1963726,0.1506554,0.0866272,0.1238104,0.3286292,0.2889818,0.1792334,0.1248134,0.0965962,0.1449204,0.3250404,0.3519422,0.2005562,0.182088,0.1465262,0.0727582,0.1395574,0.3229938,0.3267524,0.1006822,0.1479978,0.0704602,0.1476428,0.3288974,0.3189854,0.160377,0.1447422,0.1015824,0.1155138,0.3284952,0.3203478,0.1078248,0.1347248,0.0848742,0.14841,0.3287956,0.318224,0.1304668,0.148512,0.0529752,0.1033744,0.3301814,0.3415992,0.0832986,0.0758516,0.105235,0.126822,0.3252014,0.3211158,0.203914,0.1054682,0.0972948,0.1400508,0.3204906,0.3415004,0.213425,0.1378544,0.1017036,0.1423888,0.3275578,0.3074488,0.189284,0.125871,0.0908728,0.1177136,0.325754,0.3210818,0.1758007,0.149445,0.0949528,0.1289372,0.3227394,0.306338,0.1447598,0.0478467,0.102702,0.088582,0.3220042,0.2963956,0.1894528,0.1474776,0.1026482,0.1226704,0.3258868,0.3045296,0.1855554,0.1469424,0.1045736,0.123418,0.3210312,0.3711698,0.1787498,0.1546896,0.106313,0.1288548,0.3234306,0.3149332,0.21542,0.1163832,0.0990082,0.106006,0.3299396,0.3116272,0.1038992,0.1503096,0.0686434,0.135981,0.3279674,0.2384694,0.0797425,0.14765,0.0943928,0.1243922,0.3068228,0.319657,0.122577,0.1508376,0.1062944,0.136147,0.3262464,0.3169592,0.3177912,0.0773258,0.1481678,0.0955614,0.0603818,0.3285094
0.312677,0.1947406,0.1471722,0.0812552,0.139777,0.3278924,0.3026652,0.0624427,0.1496316,0.0833354,0.1439596,0.327322,0.3152258,0.1945286,0.1491828,0.0931224,0.1424482,0.3238618,0.1092716,0.1858624,0.1473876,0.1031822,0.145465,0.326752,0.3160942,0.2063456,0.1488932,0.105535,0.1242188,0.3237124,0.2554262,0.1804104,0.1342032,0.0925606,0.1342198,0.3289264,0.3852118,0.2170094,0.1512046,0.0922842,0.1353676,0.3288694,0.345783,0.2046574,0.1468032,0.071371,0.1436452,0.322461,0.322012,0.2046146,0.136611,0.0526186,0.1471222,0.3207398,0.3215948,0.1957228,0.1497296,0.0903632,0.122169,0.326591,0.295625,0.1775574,0.1239968,0.0974822,0.146932,0.324296,0.348908,0.1991582,0.1773596,0.1469156,0.073506,0.1378354,0.3267754,0.324289,0.1057454,0.1461504,0.0687098,0.1476848,0.3270724,0.3179952,0.1684068,0.1459818,0.1016224,0.1155062,0.3215062,0.1691162,0.1315686,0.142913,0.0808052,0.1478334,0.3260728,0.3178336,0.1592586,0.1481506,0.0478408,0.102607,0.3305816,0.3408708,0.0850822,0.1076506,0.1056938,0.1274938,0.3241566,0.3214168,0.2050492,0.135185,0.0980886,0.1414704,0.324379,0.3408176,0.2114584,0.1361076,0.102312,0.1454766,0.3274236,0.3071558,0.1887006,0.1250942,0.1002112,0.116849,0.3297798,0.3203264,0.1847331,0.1490634,0.0959402,0.1319643,0.3265466,0.3071492,0.1419256,0.0870492,0.104181,0.091145,0.3205532,0.2955794,0.1899482,0.1487238,0.1024048,0.1217146,0.3257226,0.3050658,0.185291,0.1479702,0.1055098,0.1267458,0.3235178,0.3726196,0.1722684,0.1540174,0.1059054,0.1312962,0.3267086,0.3147624,0.212411,0.1171692,0.0991984,0.1075544,0.3262054,0.3248882,0.1029242,0.149485,0.0685196,0.1365936,0.3273698,0.2511336,0.1254369,0.1485308,0.0939092,0.1211122,0.310812,0.328631,0.1282715,0.150873,0.1056332,0.1355026,0.3274862,0.3143866,0.3189458,0.108538,0.1476312,0.0964316,0.0595254,0.3267386
0.3140168,0.1949122,0.1469822,0.081567,0.1383392,0.3254674,0.3137056,0.0864194,0.148903,0.0839314,0.1436428,0.3297528,0.3161424,0.1949338,0.1482298,0.0929068,0.1430356,0.3252948,0.1722162,0.185247,0.1482188,0.1029206,0.1464502,0.3257362,0.3173054,0.2055954,0.1463782,0.1066312,0.1205978,0.3255356,0.2922956,0.1760548,0.1330902,0.0924178,0.136296,0.3243342,0.3804838,0.2140598,0.0289113,0.093824,0.1376938,0.3291966,0.3456102,0.2062074,0.1466674,0.0777472,0.1446076,0.3244752,0.318642,0.205938,0.1391546,0.0518218,0.1470692,0.3254412,0.3212244,0.1958394,0.0536612,0.1077228,0.1226072,0.3298956,0.2954286,0.1760016,0.124845,0.0972788,0.1486746,0.325312,0.3485056,0.1969782,0.1750176,0.1485408,0.0852932,0.1381054,0.3257296,0.322096,0.1373798,0.1453238,0.070569,0.1477604,0.3281938,0.3189894,0.1702948,0.1454048,0.1009508,0.1198416,0.3228136,0.1976252,0.1575405,0.1445114,0.075755,0.1472,0.326671,0.3189686,0.1896004,0.149162,0.055351,0.103289,0.3274314,0.338092,0.1293094,0.1160267,0.104562,0.1323954,0.325679,0.3197938,0.202757,0.1354806,0.098099,0.1423676,0.3279418,0.3427286,0.209232,0.135535,0.1020874,0.145665,0.3232604,0.3040988,0.187213,0.1276814,0.1002738,0.1179818,0.3256746,0.3184814,0.1955145,0.149443,0.0963736,0.1354166,0.322815,0.3079188,0.142134,0.0858988,0.1048716,0.0917726,0.321719,0.294761,0.1882634,0.1488326,0.1017716,0.1218126,0.3250052,0.3024526,0.1852186,0.1493184,0.1058302,0.1253532,0.3273252,0.3722764,0.1704464,0.0689775,0.1066356,0.1322958,0.3280368,0.3114152,0.2137138,0.1172116,0.097316,0.1023862,0.3277642,0.3249948,0.1097876,0.1503668,0.070027,0.1385312,0.3261474,0.2541268,0.1457519,0.1485774,0.0938604,0.1269408,0.306791,0.329221,0.1283395,0.1533396,0.105089,0.1342044,0.3262302,0.31509,0.31789,0.1089726,0.1463328,0.09721,0.0605706,0.325336
0.3131422,0.1922222,0.1470642,0.0825972,0.1377194,0.324488,0.3122458,0.1153821,0.1489598,0.081228,0.1431744,0.2197401,0.3133132,0.1932436,0.1491228,0.0912116,0.1453344,0.3290328,0.259094,0.1845286,0.1469896,0.1033834,0.1447162,0.325525,0.3133674,0.2031882,0.1468432,0.1058922,0.1189164,0.3247536,0.3075868,0.173588,0.1331966,0.0922324,0.1356104,0.3275454,0.379373,0.2170642,0.0673865,0.09349,0.1393104,0.3262548,0.343892,0.2060004,0.1471122,0.075947,0.1485936,0.324727,0.3175892,0.204258,0.1397316,0.0519258,0.1493632,0.3287772,0.3214804,0.1970242,0.1017948,0.1066414,0.1198148,0.3310572,0.2945202,0.1762822,0.126133,0.0975058,0.1490326,0.321153,0.3486882,0.1957604,0.1735584,0.14904,0.08597,0.1387406,0.3220972,0.1501142,0.1415706,0.146882,0.0710794,0.1463362,0.3278678,0.3158238,0.1702172,0.1455926,0.1016472,0.122523,0.323275,0.2130634,0.1639871,0.1438766,0.0678656,0.1454602,0.328957,0.3230304,0.1948786,0.1497934,0.05608,0.1027106,0.3210976,0.3376488,0.1380654,0.1223325,0.104992,0.1327052,0.3230584,0.3174646,0.20291,0.136222,0.0983108,0.1421868,0.32382,0.3440636,0.2090648,0.1353836,0.1031134,0.145128,0.320992,0.3020854,0.1863194,0.1274944,0.1014274,0.1170386,0.3270774,0.3197172,0.1984687,0.1477258,0.0968516,0.1366422,0.3234074,0.3075912,0.1561552,0.0931436,0.1051024,0.0956402,0.3195756,0.2924384,0.1885476,0.1494376,0.1033512,0.1199042,0.3258052,0.3026276,0.183897,0.1504656,0.0209099,0.1235686,0.3221728,0.3716266,0.1709262,0.0995219,0.106708,0.1342714,0.3239166,0.3126752,0.2136082,0.114579,0.098283,0.1057712,0.3279914,0.3296206,0.1330264,0.1515344,0.0685554,0.1365244,0.3279684,0.2663948,0.1544875,0.1485634,0.0943428,0.1259834,0.3235872,0.328768,0.1389546,0.1517684,0.1060622,0.134101,0.3297236,0.3140546,0.318245,0.1100825,0.1467644,0.0976062,0.05528,0.3266852
0.316079,0.1935862,0.1485082,0.0814444,0.1381044,0.3259548,0.3127946,0.1372812,0.1477704,0.077765,0.1415608,0.2878329,0.3116796,0.1910238,0.1475478,0.0932602,0.145105,0.3303288,0.2800942,0.185541,0.1496666,0.102947,0.1472296,0.323732,0.3107728,0.1996292,0.1463736,0.106371,0.1170654,0.3253218,0.3072176,0.1760776,0.1351246,0.0924758,0.1359608,0.3272398,0.375977,0.2173508,0.1161168,0.0927404,0.1396406,0.3256796,0.3399004,0.2061314,0.147981,0.074757,0.148249,0.2702804,0.3167566,0.2042884,0.140286,0.050625,0.1484482,0.3282708,0.3177246,0.1948574,0.1012682,0.1067916,0.1225122,0.3295962,0.3059074,0.1776808,0.1441026,0.0964142,0.1486042,0.3251038,0.3480306,0.1943654,0.1748576,0.1474472,0.0869598,0.1389018,0.3261114,0.1765346,0.1562274,-0.005061,0.0654038,0.1488574,0.3288322,0.312685,0.1722428,0.1440204,0.1017402,0.1189304,0.3212624,0.2597342,0.1714276,0.1467792,0.0678494,0.1441974,0.3261522,0.3234908,0.1953731,0.1478356,0.0549276,0.1006096,0.322074,0.3367824,0.1385196,0.1270346,0.0217318,0.1308594,0.3221312,0.3175342,0.204423,0.1375136,0.0983662,0.144464,0.3258258,0.3471888,0.2096896,0.1332858,0.1020564,0.1418508,0.320654,0.301187,0.1864774,0.1427222,0.1006006,0.115882,0.3235622,0.3221638,0.2048406,0.1455216,0.0978128,0.1351846,0.3253752,0.3073796,0.1639354,0.1148464,0.1041816,0.0944962,0.3186676,0.2909026,0.0862472,0.1484,0.1023032,0.1195952,0.3262892,0.1652034,0.183859,0.1497842,0.0745524,0.1245042,0.3237608,0.3669774,0.174576,0.1387342,0.107157,0.1336184,0.3234748,0.3137954,0.2138876,0.117048,0.0975958,0.1010054,0.326995,0.3283432,0.1520738,0.1498072,0.06849,0.1368932,0.3234806,0.2718762,0.1577399,0.1518914,0.0924176,0.1265992,0.325161,0.327586,0.1435977,0.150536,0.1053758,0.1328324,0.3301756,0.312017,0.319252,0.111464,0.1468106,0.09519,0.0553956,0.3217174
0.3111064,0.1916102,0.145405,0.0815798,0.138979,0.3236032,0.3159348,0.1534686,0.051963,0.077839,0.1439582,0.3192296,0.3108788,0.1895738,0.1457466,0.0933474,0.1443566,0.3301344,0.2943262,0.1880452,0.1484138,0.1030026,0.147481,0.3217684,0.3108484,0.1976476,0.1468672,0.1059684,0.1197414,0.3245566,0.309975,0.1739968,0.1344794,0.0914416,0.1334536,0.229474,0.3749588,0.2181172,0.121457,0.094455,0.138969,0.3273012,0.345423,0.2073276,0.1476788,0.078689,0.1468944,0.28229,0.3156168,0.2026864,0.1401698,0.055681,0.1481684,0.329943,0.3193556,0.1928224,0.1378464,0.106448,0.124956,0.3297418,0.306763,0.178515,0.1421762,0.0963658,0.1475156,0.3254318,0.3443916,0.1961436,0.1765192,0.1496892,0.0897784,0.1409134,0.325141,0.2264898,0.165734,0.0647894,0.0649344,0.1466622,0.3284594,0.3134422,0.171525,0.14369,0.1004004,0.1195186,0.3203778,0.3232569,0.1883965,0.1462474,0.0663746,0.1432006,0.3249752,0.3283138,0.1917635,0.1491766,0.0511136,0.0939514,0.3296836,0.3360102,0.1360722,0.1252359,0.0604253,0.1308992,0.3272946,0.3151528,0.2048648,0.1409092,0.0992374,0.1435464,0.3231146,0.3474052,0.2093578,0.135544,0.1024038,0.1424408,0.3259282,0.2990084,0.182787,0.1404044,0.1009448,0.1147022,0.3293814,0.3195998,0.2066078,0.1471208,0.0972734,0.136212,0.3250932,0.3056466,0.1698058,0.1260258,0.1043152,0.08752,0.322272,0.2891296,0.125367,0.1499184,0.103778,0.1214654,0.3254602,0.208263,0.1843632,0.148356,0.0756542,0.1262108,0.3218456,0.3680622,0.176524,0.1403298,0.1062706,0.1320542,0.322075,0.3132202,0.2122762,0.1175928,0.0985304,0.1018388,0.325485,0.3350462,0.1509308,0.151489,0.0676656,0.1355032,0.3252378,0.3069306,0.16881,0.1516554,0.089319,0.1254462,0.3238988,0.3308186,0.1665228,0.1520648,0.1062424,0.1346194,0.3307126,0.3066736,0.3253774,0.1097056,0.1494054,0.0953656,0.0415952,0.3293234
0.3109878,0.191757,0.1439708,0.0802298,0.1386574,0.32723,0.3170154,0.1547437,0.085693,0.0780782,0.1449176,0.3230806,0.3162,0.1897098,0.1475384,0.090324,0.1398726,0.3273956,0.3160604,0.1874886,0.1482724,0.1037232,0.1481694,0.319572,0.3098916,0.197198,0.1469552,0.1055912,0.1197048,0.3236062,0.3106432,0.1725146,0.1319756,0.0930884,0.1273962,0.2620272,0.3742752,0.220286,0.1448752,0.0952308,0.1415478,0.324751,0.3406366,0.2033986,0.1481382,0.0763842,0.1464356,0.308343,0.3150174,0.203243,0.1415482,0.0537232,0.149003,0.326552,0.3203564,0.1916578,0.139265,0.1061152,0.1245632,0.3276814,0.308679,0.1764102,0.1430098,0.0971572,0.1452596,0.3284122,0.3488674,0.196701,0.176646,0.150256,0.090397,0.139418,0.324671,0.247865,0.1741062,0.0852324,0.0638726,0.1461604,0.328652,0.3114036,0.1722342,0.1433292,0.1001036,0.1157508,0.3227922,0.3318084,0.1929579,0.1463292,0.0705422,0.1439852,0.3225302,0.3282086,0.1947191,0.0717068,0.0451608,0.0965782,0.3257792,0.3322464,0.1342262,0.1251633,0.0839982,0.1290348,0.3260576,0.3139392,0.2049378,0.1405166,0.0982616,0.1424224,0.3248304,0.3486042,0.2093504,0.1377154,0.1015546,0.1416868,0.3235972,0.29999,0.1837362,0.1424452,0.102771,0.1065806,0.3261302,0.3233304,0.2076114,0.150063,0.095403,0.1363416,0.3248824,0.3035512,0.1684294,0.1256436,0.1055622,0.0821524,0.3177546,0.286312,0.1265448,0.1480826,0.1018822,0.1197614,0.3263776,0.2126386,0.1852744,0.1137894,0.0759216,0.1262864,0.319649,0.3633766,0.1968078,0.1490792,0.1069052,0.132946,0.3223328,0.3132222,0.2097666,0.1173588,0.0970136,0.1051458,0.3290378,0.335696,0.1539296,0.1490434,0.068024,0.1333906,0.3266264,0.3199624,0.1741322,0.1496772,0.0901686,0.1267324,0.3236454,0.3311968,0.1708184,0.1509336,0.1063772,0.1357638,0.3307086,0.3033832,0.3220036,0.124786,0.150129,0.0981982,0.0429274,0.324284
0.3102032,0.1934832,0.1466166,0.0816972,0.1400906,0.3248642,0.315031,0.1712956,0.1396796,0.0768676,0.1444014,0.3230142,0.3181084,0.1895784,0.1469408,0.0895164,0.139134,0.3321216,0.3245348,0.1848978,0.1471686,0.1039684,0.1466538,0.3166794,0.3101498,0.1946658,0.1464172,0.1056646,0.1201092,0.3214372,0.3107816,0.1713862,0.1324174,0.0924578,0.1259066,0.3054786,0.3703528,0.2203398,0.1529586,0.094683,0.1396494,0.3269444,0.339105,0.203752,0.1476772,0.0761096,0.1459264,0.3174656,0.3170536,0.2040228,0.1423002,0.0526244,0.148365,0.3261004,0.3171498,0.0158913,0.1374474,0.1065548,0.126373,0.3297742,0.3074078,0.1800488,0.142692,0.097624,0.1469156,0.3283792,0.3503266,0.1942344,0.1746568,0.148727,0.0901988,0.137269,0.3236456,0.2534318,0.1784764,0.0759424,0.0683208,0.1446254,0.3256248,0.3118676,0.1831958,0.1432654,0.1002502,0.1192404,0.3288694,0.3343614,0.1929147,0.14608,0.0695806,0.145798,0.3266536,0.327073,0.1941767,0.101219,0.0449134,0.1028668,0.3314026,0.3329608,0.1345872,0.1255963,0.0924138,0.1322032,0.3247068,0.3150614,0.2048356,0.1399934,0.0988752,0.138848,0.3227332,0.3503628,0.2075778,0.1370324,0.1004126,0.1433682,0.3247448,0.2996676,0.1830544,0.142723,0.1038962,0.1058624,0.3273558,0.3218376,0.210711,0.147755,0.0970134,0.1358498,0.3269512,0.3015774,0.1702984,0.125427,0.1046646,0.082336,0.3209546,0.2854456,0.1305114,0.148431,0.0757038,0.1215378,0.32793,0.225689,0.185115,0.1287476,0.0927496,0.1340546,0.3229064,0.3618446,0.1958052,0.1518978,0.106671,0.1370478,0.3181042,0.313236,0.2097818,0.1300462,0.0963802,0.1060654,0.3301756,0.336394,0.1522204,0.1498404,0.0662026,0.1331864,0.3256154,0.3232546,0.1764944,0.0944103,0.0932652,0.1249938,0.3244748,0.330837,0.171748,0.1080517,0.1057264,0.1476498,0.330038,0.3040156,0.3164476,0.1437736,0.1507454,0.0977978,0.0435868,0.3255774
0.3098108,0.1919122,0.1472818,0.081744,0.1381798,0.3227832,0.315544,0.1729708,0.142499,0.0775278,0.1456732,0.3244838,0.3169742,0.1905196,0.1491622,0.0909688,0.1421234,0.332067,0.3297436,0.1829108,0.1476398,0.1039738,0.1478592,0.325657,0.3106404,0.195982,0.1467474,0.1071392,0.1172444,0.3222872,0.3124314,0.1708308,0.1322684,0.0910998,0.1257152,0.3085958,0.3677884,0.2169046,0.150462,0.0950628,0.1403276,0.3246838,0.3358032,0.2024544,0.1459872,0.077589,0.1485506,0.3182078,0.3148032,0.2002304,0.1434998,0.0519902,0.1475482,0.330808,0.3207438,0.0272767,0.1402716,0.1071592,0.126885,0.3297176,0.3070824,0.1812642,0.1442918,0.0961188,0.1461136,0.32765,0.3532804,0.1969742,0.1749994,0.1483298,0.0895064,0.136268,0.326611,0.2900274,0.1778808,0.0903364,0.0700392,0.145279,0.3259776,0.3101244,0.1833166,0.1462622,0.0993294,0.1152322,0.3257372,0.3361128,0.1910311,0.147543,0.0723592,0.14468,0.2277733,0.325173,0.1939283,0.1041618,0.0405116,0.104069,0.3313712,0.33195,0.1328196,0.1240803,0.092728,0.1302788,0.3285664,0.1924003,0.2093274,0.1399346,0.1000268,0.1418682,0.3242986,0.3500194,0.2059284,0.1356136,0.1006872,0.1423344,0.3280702,0.2991394,0.184724,0.1423678,0.1047962,0.1073934,0.3289132,0.2508599,0.2138196,0.1492168,0.0965046,0.1367806,0.3261598,0.1864144,0.1701298,0.1283094,0.1043074,0.0827122,0.3248786,0.2877584,0.1337434,0.1488866,0.0899314,0.1213888,0.3279604,0.2659804,0.0820649,0.1294414,0.092902,0.1359412,0.3241756,0.3603624,0.1943924,0.1499432,0.1061624,0.1361376,0.3244534,0.3142498,0.2088586,0.1329336,0.0973464,0.10433,0.3279506,0.3353958,0.1538688,0.1492864,0.0626616,0.1339712,0.3265828,0.3315248,0.1955896,0.1207796,0.0962633,0.125503,0.3267938,0.3315194,0.1731592,0.1348367,0.1061338,0.1462438,0.3238642,0.304852,0.3196928,0.1680406,0.1514822,0.098444,0.042695,0.3208514
0.3089942,0.1936012,0.146858,0.0902296,0.1376816,0.3259728,0.314019,0.175711,0.1409976,0.0775452,0.145089,0.32613,0.3160844,0.188747,0.14826,0.0906098,0.142411,0.3276,0.3324778,0.1828116,0.1463792,0.1031074,0.1478402,0.3284858,0.3111722,0.1955254,0.1472466,0.1067964,0.119482,0.3279364,0.3103124,0.1723886,0.1329328,0.0882336,0.1264366,0.3210453,0.369433,0.2170208,0.1512512,0.0950578,0.139105,0.3276048,0.3366062,0.1998212,0.1442232,0.0799136,0.1478624,0.322437,0.3145792,0.0598077,0.1428912,0.053973,0.1487206,0.329123,0.3250664,0.0698905,0.1418624,0.1078436,0.1285526,0.3284898,0.3028288,0.1932136,0.1438494,0.0951936,0.1456032,0.3254944,0.351945,0.1930748,0.1737832,0.1477206,0.089878,0.1377168,0.3259656,0.3178014,0.1890152,0.0941436,0.0661048,0.1476004,0.3280688,0.3096668,0.1832704,0.143737,0.1000966,0.1160314,0.327042,0.3359514,0.1912207,0.149837,0.070632,0.1454744,0.2718724,0.3265332,0.185337,0.1099184,0.0409516,0.0973252,0.3257916,0.3303116,0.1463576,0.1257008,0.0937768,0.132011,0.3222358,0.2289478,0.2078478,0.1398686,0.101361,0.1427784,0.3257992,0.3530676,0.2059794,0.1381068,0.1005362,0.1435992,0.327204,0.296273,0.1857066,0.1429656,0.1033912,0.1154394,0.3282906,0.2617796,0.2132524,0.1475606,0.0958792,0.1360454,0.3261924,0.220978,0.169958,0.1296244,0.105171,0.0829464,0.3257848,0.2844308,0.1392974,0.148654,0.1035906,0.1203078,0.32652,0.2873415,0.1143807,0.1428696,0.0932998,0.1423278,0.3256996,0.3603012,0.1939136,0.1526816,0.1060074,0.137073,0.3234058,0.3121574,0.2082096,0.1349492,0.0989826,0.1019098,0.3273356,0.3343564,0.1504868,0.1499586,0.0667044,0.1323694,0.3217808,0.3312152,0.1980526,0.1260046,0.1027416,0.1235444,0.3241588,0.3317662,0.173323,0.143059,0.1057952,0.1482788,0.3291154,0.3035036,0.317424,0.1772546,0.1500922,0.0981032,0.0439494,0.3262962
0.3086646,0.1930784,0.1473158,0.091713,0.1368048,0.3261806,0.313242,0.193126,0.1435242,0.1032964,0.1450612,0.3280218,0.3180294,0.1908538,0.0959611,0.0913574,0.1419542,0.2412938,0.3291286,0.1829036,0.147131,0.1021322,0.1487252,0.3297504,0.3105286,0.1946302,0.1462466,0.1066174,0.1236114,0.329007,0.31301,0.1703744,0.1351656,0.0880122,0.1288992,0.3218982,0.3714234,0.2152888,0.1538314,0.0927456,0.1378654,0.3283492,0.3363602,0.2007452,0.1461508,0.0807984,0.1488026,0.3226742,0.3157988,0.0832179,0.1447822,0.0571386,0.1489248,0.332778,0.324438,0.081461,0.1411622,0.1082414,0.129754,0.3314484,0.3017484,0.1909606,0.1452052,0.0983428,0.146869,0.3242136,0.3517678,0.1944232,0.1720866,0.1478244,0.0898134,0.1399904,0.3230792,0.3391326,0.1936976,0.123649,0.0654412,0.1488986,0.3259478,0.3094036,0.1814758,0.144249,0.0988776,0.1160512,0.3265622,0.3390366,0.2019085,0.1482312,0.0720748,0.147091,0.3034904,0.3239254,0.1835738,0.108032,0.0494884,0.0947814,0.3253138,0.3293582,0.1464318,0.1280986,0.0929462,0.130769,0.3217022,0.258449,0.2114624,0.1400026,0.1005788,0.1438528,0.3239362,0.3540254,0.2055388,0.1385444,0.0994544,0.1431316,0.3261068,0.296444,0.185201,0.1406684,0.1022554,0.1054798,0.3275378,0.2905668,0.2159406,0.1470514,0.0983568,0.1323492,0.3233626,0.2276412,0.170409,0.1304344,0.1047898,0.083937,0.3221866,0.1393791,0.1462854,0.1479122,0.1056266,0.1234924,0.3286698,0.2918063,0.1180151,0.1458522,0.094388,0.143957,0.3247294,0.3594718,0.1929566,0.1507394,0.106456,0.1359008,0.326632,0.3132094,0.2096478,0.13529,0.0979494,0.1023708,0.3322008,0.3337622,0.1645132,0.1506362,0.0671334,0.1338138,0.3227686,0.326146,0.200742,0.1277856,0.0143881,0.121534,0.3269754,0.3308822,0.1742138,0.1480006,0.1053304,0.1483822,0.3299752,0.301724,0.3206022,0.1798626,0.150702,0.0951296,0.0478086,0.3277562
0.304223,0.1931318,0.1477288,0.0898204,0.1367266,0.3247488,0.310666,0.1958262,0.1435022,0.1029386,0.1442638,0.325535,0.3189592,0.189965,0.1196757,0.0891442,0.1433104,0.2706558,0.3374582,0.1800268,0.1479812,0.0241129,0.1480066,0.3297434,0.3068266,0.1926274,0.1476578,0.106269,0.1270886,0.325167,0.3154438,0.1719592,0.1349168,0.088165,0.128947,0.323559,0.3730102,0.2165976,0.1518218,0.0933244,0.1404918,0.3274428,0.3368822,0.1993444,0.146155,0.0778626,0.146584,0.322207,0.318848,0.1052871,0.1456572,0.0583544,0.1487094,0.3305428,0.325746,0.0958,0.1414624,0.1081028,0.126716,0.3314816,0.3061646,0.1901598,0.1441664,0.10138,0.1457724,0.3258486,0.3500388,0.1940278,0.1723136,0.1483578,0.0914932,0.1379102,0.3256114,0.3412914,0.2008586,0.1232618,0.0640326,0.1463852,0.329658,0.312939,0.1804554,0.1468208,0.0996354,0.116876,0.322621,0.3373754,0.2020891,0.148219,0.071901,0.1467688,0.3089122,0.3177972,0.183933,0.1080348,0.0486536,0.0923526,0.3230308,0.33058,0.146722,0.1313086,0.0921168,0.1323568,0.3205466,0.3089672,0.211242,0.1404762,0.0970864,0.1438324,0.3239972,0.353184,0.2041848,0.138232,0.0999832,0.142394,0.3283222,0.295195,0.183452,0.1417038,0.1037674,0.1067842,0.3347464,0.282293,0.2135916,0.1493632,0.1003028,0.1330948,0.3238102,0.2519485,0.1733304,0.1313378,0.1050082,0.0817976,0.318687,0.1733856,0.1470372,0.1493366,0.1066534,0.1250442,0.3269904,0.2945313,0.1386092,0.148788,0.093281,0.1430792,0.3216928,0.3560104,0.1910978,0.1509802,0.1061734,0.1368436,0.3255558,0.3150446,0.2088778,0.1338586,0.0988502,0.10353,0.3288878,0.333098,0.163807,0.1499044,0.0629762,0.132357,0.324882,0.3270086,0.2075818,0.130966,0.0659122,0.1202472,0.325997,0.3244114,0.1912326,0.1480878,0.1059202,0.1467718,0.328439,0.170508,0.3184472,0.184264,0.1497494,0.0942184,0.0458416,0.3262704
0.3023452,0.191712,0.1483896,0.0967236,0.1354708,0.3258058,0.3145408,0.192953,0.144773,0.1033934,0.143355,0.3282868,0.3151906,0.1901386,0.1204238,0.0876318,0.1427482,0.2996786,0.3371358,0.1786516,0.1472948,0.0878128,0.1488958,0.3265674,0.302865,0.1929176,0.1467614,0.1058358,0.1268088,0.3233848,0.3142584,0.1709252,0.134913,0.0887754,0.1334928,0.3274698,0.3733406,0.2153768,0.1507578,0.0929076,0.1411328,0.3291592,0.3338146,0.1990868,0.145143,0.0750044,0.147247,0.3250718,0.321792,0.1286232,0.1440798,0.058736,0.1495112,0.3285282,0.330686,0.1045287,0.142166,0.1069608,0.1274544,0.3277804,0.308914,0.1892294,0.145568,0.100992,0.1465866,0.3250564,0.3506324,0.1930048,0.1727402,0.1493502,0.0868284,0.1381748,0.329203,0.3434012,0.1997306,0.1244802,0.0341018,0.1473028,0.3241616,0.3142632,0.1770408,0.1479684,0.0986952,0.1133252,0.3210324,0.3338874,0.2013559,0.147163,0.0716848,0.1455446,0.311452,0.3162484,0.1841636,0.123129,0.0483204,0.094092,0.3235618,0.3291952,0.1510562,0.1303946,0.091379,0.1325706,0.322782,0.331013,0.2105556,0.1399396,0.098659,0.1445256,0.3244318,0.3548824,0.204436,0.1377694,0.1004832,0.1425276,0.3293072,0.2952338,0.1834622,0.1423614,0.1015532,0.107649,0.331094,0.3019036,0.2146696,0.0319501,0.1000988,0.133127,0.3231712,0.2801491,0.180025,0.1294584,0.1051376,0.0785182,0.3213604,0.2001618,0.1488052,0.1493014,0.1076844,0.1256494,0.3264956,0.3097418,0.147369,0.1477378,0.0930982,0.14234,0.3257344,0.3553922,0.190597,0.150648,0.1065282,0.1368202,0.3230542,0.3098698,0.2075394,0.1343484,0.0984438,0.1022342,0.3239668,0.3309946,0.1650054,0.1494118,0.0613858,0.1359232,0.327529,0.3394512,0.2088786,0.1333512,0.0721164,0.1225736,0.3283532,0.3274616,0.1919228,0.1488288,0.103619,0.1462486,0.3269562,0.2123924,0.3208998,0.1852068,0.1496236,0.0990926,0.0495898,0.3262602
0.30172,0.1882508,0.149917,0.0960832,0.1374416,0.327064,0.3146272,0.1910632,0.1464814,0.1037934,0.1429868,0.327385,0.3141,0.1908378,0.1255354,0.0889108,0.141631,0.3005274,0.335084,0.1812924,0.1465788,0.0999168,0.1482226,0.3235824,0.3054266,0.1936814,0.147824,0.1074554,0.1245968,0.3262058,0.312983,0.1710148,0.1338074,0.0958588,0.1375082,0.3218214,0.3730754,0.217234,0.1512578,0.0951666,0.1381664,0.3230962,0.3349536,0.2032394,0.1468588,0.0753606,0.147403,0.3263608,0.3228792,0.131477,0.1450098,0.0575742,0.1495868,0.3239948,0.331336,0.1416612,0.1423742,0.1069696,0.1286372,0.3262624,0.3082676,0.190271,0.146453,0.1003762,0.1480954,0.3238996,0.3474872,0.1937694,0.1740836,0.0309251,0.0859794,0.1392722,0.3272858,0.348272,0.2066646,0.1239014,0.0806492,0.1484194,0.3284396,0.313892,0.176515,0.1470316,0.0999872,0.110169,0.3248408,0.333881,0.2028669,0.1488036,0.071251,0.1455852,0.3281406,0.3184802,0.1859188,0.1185132,0.049442,0.0949654,0.3268556,0.3248574,0.1556692,0.126378,0.0898916,0.1322794,0.3218212,0.332482,0.2092714,0.1420278,0.0985158,0.1412436,0.3214316,0.3539556,0.2027228,0.136378,0.099523,0.1432742,0.3293772,0.2939918,0.1853136,0.1430154,0.1018024,0.1032572,0.3273008,0.3317834,0.2149846,0.0611044,0.099689,0.1334092,0.3240762,0.2891854,0.1901918,0.1317946,-0.0197696,0.074962,0.321299,0.2285882,0.165003,0.1491618,0.1054356,0.1262466,0.3228836,0.3140294,0.1667048,0.1469756,0.0933952,0.1428144,0.3260348,0.3559836,0.1921544,0.1495166,0.0322447,0.1365184,0.3259936,0.3089368,0.2083568,0.1372226,0.0988582,0.0997646,0.325937,0.3298906,0.165524,0.1492976,0.061113,0.1348292,0.3276374,0.335035,0.2101084,0.1464684,0.0699654,0.1183666,0.325109,0.3250446,0.191815,0.1499174,0.1027142,0.1490462,0.3285496,0.2445565,0.3220182,0.1834856,0.1503524,0.0986654,0.0411514,0.3221608
0.3041204,0.1889498,0.150609,0.0963846,0.1347746,0.327774,0.3138152,0.194582,0.1477178,0.1036986,0.1446876,0.326426,0.3110104,0.1919064,0.1312614,0.0889086,0.1401264,0.3041328,0.3385456,0.1815172,0.1465552,0.1017042,0.149034,0.3223622,0.3066294,0.0535836,0.1517154,0.1070132,0.1245662,0.3256046,0.3111832,0.1689,0.1313902,0.096469,0.1391522,0.323629,0.3736818,0.2185804,0.1514704,0.0933164,0.1380656,0.3203852,0.338012,0.2035616,0.1483002,0.0787362,0.1475064,0.3261222,0.3206424,0.1717251,0.1438106,0.0557278,0.151671,0.325877,0.3293426,0.1595987,0.1422554,0.107652,0.1298662,0.325005,0.3035124,0.1905932,0.1445118,0.1000424,0.1450832,0.327011,0.346333,0.192314,0.1758734,0.1199184,0.0854006,0.1376642,0.3273582,0.3500758,0.2067942,0.1203414,0.1037164,0.1479582,0.326251,0.310849,0.1743605,0.146326,0.1006108,0.109851,0.3240238,0.331412,0.2030597,0.1491958,0.0837146,0.1472848,0.3255362,0.317018,0.2032356,0.1174298,0.0516624,0.0888604,0.3309478,0.3275422,0.1674244,0.1287888,0.0899338,0.1324834,0.3241136,0.3362844,0.207425,0.1431768,0.0981202,0.143076,0.3211592,0.3506938,0.2014512,0.136336,0.0995996,0.142877,0.3255268,0.2973442,0.185396,0.145118,0.10088,0.1057742,0.3253466,0.3363604,0.2141648,0.0790564,0.0989798,0.1318518,0.3229786,0.3001968,0.1926034,0.1285938,0.0308928,0.0764942,0.3255596,0.2518315,0.167799,0.1480466,0.105113,0.1267682,0.3258024,0.3215479,0.177961,0.147022,0.091758,0.1406362,0.3267644,0.3518834,0.1916664,0.1477212,0.0742917,0.1356354,0.328456,0.3108418,0.2051442,0.1364684,0.0984864,0.0946472,0.3220994,0.3314646,0.1667838,0.1467974,0.0622846,0.1360612,0.3255474,0.337855,0.2125354,0.146696,0.068392,0.1165252,0.3250396,0.319837,0.1940006,0.1478242,0.1047508,0.1479034,0.3239172,0.3002101,0.3213584,0.1828082,0.1487482,0.0988484,0.0522724,0.3252714
0.3050146,0.1884206,0.1487492,0.0977186,0.1347396,0.3307826,0.3146722,0.196027,0.1475792,0.1031006,0.145787,0.3240652,0.3097548,0.191227,0.1315742,0.0551177,0.1430368,0.3222382,0.3381572,0.1815556,0.1462158,0.1015282,0.1459062,0.321471,0.3044856,0.0923806,0.1513186,0.107153,0.1237936,0.3265634,0.3081908,0.1692518,0.1446304,0.096182,0.1359264,0.3232912,0.3691332,0.2183888,0.1522326,0.0949166,0.1392568,0.3243982,0.3389152,0.204294,0.1449236,0.0743586,0.147582,0.3270084,0.316035,0.1776538,0.144429,0.0555546,0.1499792,0.3274642,0.3264642,0.1581849,0.140164,0.1060046,0.1324732,0.3302016,0.304635,0.1906334,0.144723,0.0995514,0.1445382,0.3212688,0.3437242,0.1935376,0.1751542,0.1334146,0.0803152,0.1385082,0.3282806,0.3517052,0.2031244,0.1194398,0.106388,0.145153,0.327119,0.3121234,0.1738839,0.145332,0.1010834,0.1080662,0.3241638,0.330427,0.2020938,0.1489472,0.0876886,0.1476604,0.328762,0.3173688,0.2003868,0.1194122,0.0601424,0.087204,0.3310536,0.324726,0.1685424,0.1313288,0.0893038,0.1333572,0.3237778,0.3376468,0.2105572,0.1418116,0.097161,0.1412814,0.3202058,0.3521306,0.2005238,0.139131,0.1002014,0.1410214,0.3271996,0.2988478,0.184544,0.1461136,0.1033166,0.1044508,0.3251946,0.3364294,0.2136316,0.0979348,0.09824,0.134427,0.3256452,0.3178124,0.1910372,0.1289838,0.052096,0.0752152,0.3273774,0.2739516,0.1748488,0.147775,0.1044938,0.1264176,0.3255396,0.322946,0.178568,0.1464698,0.0925878,0.1404066,0.3277056,0.3536516,0.1919068,0.1492416,0.1041962,0.136374,0.3264654,0.31054,0.20602,0.1357228,0.0999856,0.0976918,0.325101,0.329258,0.1656486,0.1482706,0.0634102,0.1366208,0.32244,0.3340652,0.2148082,0.1473436,0.068758,0.1164498,0.3245644,0.3210382,0.1926816,0.1496162,0.1047274,0.1466808,0.3247924,0.2998177,0.3192054,0.1838592,0.1511064,0.0999882,0.0530532,0.3271598
0.304309,0.039109,0.1494122,0.0972536,0.1352786,0.3307192,0.313222,0.1951906,0.1471426,0.1021772,0.14459,0.3280026,0.3053496,0.1925692,0.1304112,0.0866136,0.1424922,0.32554,0.3342766,0.1797858,0.1477252,0.1018154,0.1470514,0.3238684,0.3081654,0.1099622,0.1507064,0.1055194,0.1216056,0.3256896,0.308035,0.170236,0.1454732,0.0958416,0.1335876,0.324901,0.367348,0.2170788,0.1535762,0.0943318,0.1396968,0.3260712,0.3404694,0.2036226,0.1458552,0.0716002,0.1490796,0.3228672,0.316967,0.178781,0.1445296,0.0581354,0.1483432,0.3262582,0.329373,0.1592152,0.139648,0.106614,0.1303982,0.3296738,0.305036,0.1900808,0.1446372,0.0995862,0.1444096,0.325153,0.3450464,0.1912588,0.1765056,0.1506026,0.080038,0.1366574,0.3269094,0.3484806,0.2012534,0.1177118,0.108187,0.1465594,0.3261866,0.3140586,0.1860332,0.1462504,0.1002538,0.108985,0.324413,0.3316114,0.2020802,0.1490146,0.0904124,0.1467744,0.329568,0.3158404,0.2025468,0.1234338,0.0598294,0.0884694,0.3277688,0.3249392,0.172627,0.1298628,0.0889446,0.1333286,0.3277666,0.338515,0.2129784,0.1419274,0.0975342,0.141662,0.3211856,0.3467394,0.200885,0.142776,0.0996008,0.1420752,0.3272842,0.2989508,0.1871612,0.146121,0.104094,0.1042456,0.3309298,0.3369822,0.213265,0.117766,0.0995578,0.1334268,0.3264676,0.3220061,0.1921162,0.1287796,0.0751904,0.0748814,0.3227526,0.27414,0.1750442,0.1473862,0.1058726,0.125263,0.3265446,0.3266894,0.1831348,0.1457504,0.0874448,0.1430044,0.324765,0.353627,0.1939818,0.150838,0.10316,0.1361544,0.3237934,0.3130292,0.204931,0.1351338,0.0995626,0.0985612,0.3259904,0.3293998,0.1674832,0.1489744,0.0688256,0.135373,0.3252426,0.3311496,0.210674,0.1472106,0.0716656,0.1214478,0.3261528,0.319887,0.190425,0.1493644,0.1057872,0.1471534,0.2388029,0.3017165,0.3148594,0.1862952,0.1503128,0.0987176,0.051524,0.3285932
0.3003608,0.0648948,0.14889,0.0973062,0.1367486,0.3277382,0.3129098,0.1919166,0.1490934,0.1038482,0.1446274,0.3237634,0.3064842,0.1916266,0.1297162,0.0901948,0.1422098,0.3238984,0.3345872,0.1805366,0.1487896,0.101226,0.1486062,0.324462,0.3057808,0.1183896,0.151599,0.1065848,0.122667,0.3282036,0.3072164,0.1705168,0.1472604,0.0962604,0.1444448,0.3244522,0.3614028,0.2183494,0.1510524,0.0929664,0.1389122,0.328885,0.3367142,0.2068282,0.1462726,0.0703634,0.1457242,0.3226402,0.3166478,0.1772672,0.146846,0.0636772,0.1487742,0.32419,0.328719,0.1614182,0.1403334,0.1068114,0.1335822,0.331666,0.305704,0.1902688,0.1447864,0.0992488,0.1452994,0.3310146,0.3484564,0.1923178,0.1769352,0.1495772,0.0832288,0.136123,0.3274216,0.3453584,0.1995238,0.1204016,0.1084386,0.1473502,0.3271556,0.3159246,0.1866724,0.1465582,0.0989844,0.1084932,0.3253432,0.3291718,0.1989181,0.1493382,0.093065,0.1459178,0.3217858,0.3111892,0.2026878,0.1242086,0.0568978,0.0901752,0.3265118,0.3242156,0.1722378,0.1296496,0.0879476,0.1339936,0.3266164,0.3367586,0.2124626,0.1436154,0.0981264,0.1437518,0.325663,0.344013,0.1991432,0.1427356,0.0993102,0.1418018,0.3258594,0.2999572,0.1960882,0.145841,0.1020478,0.1036984,0.3268542,0.3356848,0.2122864,0.1172268,0.0983548,0.133881,0.3245694,0.3219218,0.1896516,0.1285374,0.0695632,0.0709914,0.3251454,0.2788452,0.1779958,0.1474288,0.106265,0.124595,0.3272826,0.3255852,0.1805768,0.1460908,0.086925,0.1425082,0.3251218,0.3583202,0.1925648,0.1504144,0.103123,0.1353428,0.3275628,0.3151528,0.204927,0.136209,0.100184,0.1015892,0.328608,0.3288748,0.1662698,0.1477598,0.0678644,0.1350202,0.3263032,0.3358548,0.2105584,0.1465318,0.0704472,0.1223734,0.3326824,0.3196592,0.1922024,0.15017,0.1065598,0.1463266,0.2742857,0.3045178,0.3166614,0.1843982,0.091589,0.0990812,0.0526422,0.3214232
