0,1,2,3,4,5,6,7,8,9,10,11,12,13,14,15,16,17,18,19,20,21,22,23,24,25,26,27,28,29,30,31,32,33,34,35,36,37,38,39,40,41,42,43,44,45,46,47,48,49,50,51,52,53,54,55,56,57,58,59,60
0.2832,0.3098,0.2514,0.3211,0.24,0.2932,0.2842,0.3495,0.3017,0.3253,0.2444,0.417,0.2867,0.3761,0.2691,0.3281,0.2223,0.362,0.2083,0.3813,0.3458,0.323,0.3842,0.2841,0.3184,0.2867,0.3122,0.2841,0.3081,0.2867,0.4119,0.2797,0.3848,0.2735,0.3002,0.2223,0.3655,0.3326,0.3278,0.3282,0.2677,0.2249,0.3604,0.3988,0.2845,0.3087,0.2302,0.3414,0.3296,0.2785,0.2993,0.2558,0.295,0.2391,0.4129,0.2849,0.2574,0.3573,0.3814,0.2726,0.2801
0.2832,0.3098,0.2514,0.3482,0.24,0.2932,0.2842,0.3495,0.3785,0.3253,0.2444,0.417,0.2867,0.3761,0.2691,0.3281,0.2266,0.362,0.247,0.3813,0.3458,0.323,0.3842,0.2841,0.3184,0.2867,0.3871,0.2841,0.4145,0.3167,0.4337,0.2797,0.3848,0.3326,0.3002,0.3105,0.3655,0.3326,0.3278,0.3282,0.2783,0.2356,0.3604,0.3988,0.2845,0.3087,0.2302,0.3414,0.3296,0.2785,0.2993,0.2558,0.295,0.2391,0.4129,0.2849,0.2818,0.3573,0.3814,0.2726,0.2862
0.2832,0.3098,0.2514,0.3482,0.3063,0.3657,0.4032,0.3495,0.3785,0.3253,0.2665,0.417,0.2867,0.4057,0.2992,0.3281,0.2674,0.4049,0.247,0.3813,0.3458,0.323,0.3962,0.2841,0.3281,0.322,0.4546,0.2841,0.4145,0.3167,0.4337,0.2797,0.4034,0.3326,0.3657,0.3176,0.4512,0.3326,0.3278,0.3282,0.3412,0.247,0.3604,0.3988,0.2845,0.3087,0.3517,0.3414,0.3533,0.2785,0.2993,0.2558,0.3315,0.2823,0.4129,0.2911,0.2818,0.3573,0.3814,0.2867,0.2862
0.2832,0.3098,0.2735,0.3482,0.3063,0.3657,0.4032,0.3495,0.3785,0.3253,0.2665,0.417,0.2867,0.4057,0.2992,0.3706,0.2674,0.4049,0.3097,0.3813,0.3458,0.323,0.3962,0.2841,0.3281,0.322,0.4546,0.2958,0.4162,0.3167,0.4337,0.2955,0.4034,0.3326,0.3657,0.3176,0.4512,0.3326,0.3278,0.3282,0.3412,0.2558,0.3604,0.3988,0.2845,0.3087,0.3517,0.3414,0.3533,0.2785,0.4057,0.2558,0.3358,0.2867,0.4129,0.2911,0.2914,0.3573,0.3814,0.3502,0.2862
0.2832,0.3098,0.2735,0.3482,0.3063,0.3657,0.4032,0.3495,0.3785,0.3253,0.2665,0.417,0.2881,0.4057,0.2992,0.3706,0.2674,0.4049,0.3231,0.3813,0.3458,0.323,0.4109,0.2841,0.3281,0.322,0.4546,0.3019,0.4329,0.3167,0.4337,0.2955,0.4034,0.3529,0.4858,0.3176,0.4704,0.3326,0.3278,0.3282,0.3412,0.2735,0.3706,0.3988,0.3262,0.3087,0.3517,0.3556,0.3533,0.2785,0.4057,0.2558,0.3947,0.2867,0.4129,0.2911,0.4545,0.3573,0.4337,0.3502,0.2896
0.2832,0.3098,0.3591,0.3482,0.3063,0.3657,0.4032,0.3495,0.4102,0.3253,0.3107,0.417,0.2881,0.4057,0.2992,0.4564,0.2877,0.4049,0.3231,0.4027,0.3458,0.3602,0.4109,0.2841,0.3281,0.322,0.4546,0.3019,0.4329,0.322,0.4337,0.3194,0.4034,0.3529,0.4858,0.3635,0.4852,0.3326,0.3278,0.3308,0.3412,0.2735,0.3892,0.3988,0.3262,0.3167,0.3517,0.3556,0.3533,0.2785,0.4127,0.3591,0.4038,0.2867,0.4129,0.2929,0.4728,0.3573,0.4337,0.3917,0.2988
0.2832,0.3098,0.3591,0.4626,0.3063,0.3657,0.4032,0.3495,0.4102,0.3941,0.3107,0.417,0.2881,0.4057,0.2992,0.4564,0.2877,0.4957,0.3708,0.4127,0.3723,0.4462,0.4109,0.2841,0.3281,0.322,0.4546,0.3019,0.4329,0.322,0.4337,0.3194,0.4214,0.3529,0.4858,0.3635,0.4852,0.3326,0.4126,0.3458,0.3776,0.2779,0.3892,0.3988,0.3262,0.3167,0.3936,0.3556,0.3533,0.2785,0.4527,0.3591,0.4038,0.2867,0.4129,0.2929,0.4728,0.3573,0.4337,0.3917,0.3273
0.3635,0.3098,0.3591,0.4626,0.3063,0.3657,0.4032,0.3543,0.4102,0.3941,0.3107,0.417,0.3264,0.4745,0.2992,0.4599,0.2877,0.4957,0.3708,0.4127,0.3855,0.4462,0.4617,0.2841,0.4415,0.322,0.4546,0.3733,0.4329,0.3617,0.4337,0.3194,0.4214,0.3529,0.4858,0.3635,0.4852,0.3326,0.4126,0.3458,0.3776,0.2779,0.3892,0.3988,0.3262,0.3167,0.3936,0.3556,0.405,0.2799,0.4877,0.3811,0.436,0.2867,0.46,0.3352,0.4753,0.3573,0.4337,0.3917,0.334
0.3635,0.3132,0.3591,0.4626,0.3132,0.3681,0.4032,0.394,0.4102,0.3941,0.3107,0.417,0.3264,0.4745,0.2992,0.4599,0.2877,0.4957,0.3708,0.416,0.4123,0.4462,0.4617,0.2841,0.4415,0.322,0.4546,0.3733,0.4329,0.3661,0.4738,0.3194,0.4445,0.3529,0.4858,0.3635,0.4852,0.405,0.4126,0.3458,0.4461,0.2779,0.4253,0.3988,0.3262,0.3326,0.3936,0.3556,0.405,0.4077,0.4877,0.3811,0.436,0.2867,0.47,0.3352,0.4753,0.3573,0.4607,0.3917,0.3577
0.3635,0.3132,0.3591,0.4626,0.3132,0.3681,0.4032,0.4049,0.4102,0.4167,0.3107,0.417,0.3264,0.4745,0.2992,0.4599,0.3185,0.4957,0.3708,0.4198,0.4296,0.4462,0.4617,0.2841,0.4415,0.322,0.4607,0.3733,0.4329,0.3661,0.4738,0.3194,0.4602,0.3529,0.4858,0.3635,0.5149,0.405,0.4231,0.3458,0.4461,0.3049,0.4253,0.3988,0.4005,0.3326,0.3936,0.3556,0.405,0.4077,0.4877,0.3811,0.436,0.2867,0.4931,0.3352,0.4753,0.412,0.4808,0.4322,0.3857
0.3635,0.3315,0.3591,0.4626,0.3132,0.4181,0.4032,0.4388,0.4102,0.4232,0.3176,0.4633,0.3264,0.4745,0.2992,0.4599,0.3185,0.4957,0.3708,0.4198,0.4296,0.4465,0.4728,0.2841,0.4415,0.322,0.4607,0.3733,0.4329,0.3661,0.4738,0.3194,0.4956,0.3529,0.5465,0.3635,0.5149,0.405,0.4231,0.3458,0.4461,0.3049,0.4253,0.3988,0.4005,0.3326,0.3936,0.3556,0.405,0.4077,0.4877,0.3811,0.436,0.2867,0.4931,0.3352,0.4753,0.412,0.4919,0.4322,0.3857
0.3635,0.3315,0.3591,0.4626,0.322,0.4181,0.4032,0.4686,0.4102,0.6009,0.3176,0.4633,0.3269,0.4745,0.3345,0.4599,0.3326,0.4957,0.3708,0.4198,0.4296,0.4465,0.4728,0.2841,0.4825,0.322,0.4607,0.3733,0.4555,0.3661,0.4738,0.3194,0.4956,0.3573,0.5511,0.3635,0.5149,0.405,0.4815,0.4252,0.4461,0.3049,0.4253,0.3988,0.4005,0.3326,0.4569,0.3556,0.405,0.4077,0.5812,0.4562,0.436,0.2867,0.4931,0.3705,0.4753,0.412,0.4919,0.4322,0.472
0.4526,0.3315,0.3591,0.4626,0.322,0.4494,0.4032,0.4955,0.4464,0.6009,0.3361,0.4633,0.3326,0.4955,0.3345,0.4757,0.3326,0.4957,0.3708,0.4476,0.4296,0.4465,0.4728,0.2841,0.4903,0.3546,0.5105,0.3733,0.4555,0.3855,0.4738,0.3194,0.5094,0.3591,0.5511,0.4429,0.5984,0.405,0.5465,0.4252,0.4461,0.3049,0.4253,0.3988,0.432,0.3326,0.4569,0.3556,0.405,0.4077,0.5812,0.4562,0.436,0.3406,0.4931,0.3705,0.5408,0.412,0.5175,0.4322,0.472
0.4526,0.3394,0.3812,0.4626,0.322,0.4511,0.4032,0.5331,0.4464,0.6009,0.3495,0.4633,0.3749,0.4955,0.3345,0.5044,0.3454,0.4957,0.3708,0.4548,0.4296,0.5012,0.4728,0.2841,0.4903,0.4058,0.5105,0.3733,0.4555,0.3855,0.4738,0.3194,0.527,0.3591,0.5511,0.4429,0.6184,0.4376,0.5465,0.4252,0.4461,0.3049,0.4253,0.3988,0.432,0.337,0.4717,0.4244,0.4355,0.412,0.5812,0.4562,0.4779,0.3406,0.4931,0.427,0.5408,0.412,0.5175,0.4322,0.472
0.4526,0.3839,0.3812,0.5438,0.3566,0.4909,0.4032,0.5452,0.4464,0.6009,0.3495,0.4956,0.3749,0.4955,0.3345,0.5044,0.3454,0.5444,0.3708,0.4738,0.4296,0.5012,0.5649,0.2955,0.4903,0.4058,0.5149,0.3749,0.4599,0.4076,0.4789,0.3194,0.527,0.3591,0.5511,0.4429,0.6184,0.4615,0.5465,0.4252,0.4591,0.3348,0.4625,0.3988,0.432,0.337,0.4717,0.4254,0.4355,0.412,0.5812,0.4562,0.4851,0.3406,0.4931,0.427,0.5411,0.412,0.5175,0.4322,0.472
0.4526,0.3839,0.3812,0.5438,0.3661,0.4909,0.4209,0.5452,0.5002,0.6009,0.3495,0.5043,0.3749,0.4955,0.3345,0.5367,0.3679,0.5444,0.3927,0.5017,0.4296,0.5012,0.5649,0.3194,0.568,0.4058,0.5277,0.3749,0.4599,0.4535,0.5157,0.3194,0.5827,0.3899,0.58,0.4429,0.6184,0.4615,0.5811,0.4252,0.4591,0.3529,0.4625,0.4229,0.432,0.405,0.4717,0.4296,0.4443,0.412,0.5812,0.4562,0.5074,0.3406,0.532,0.427,0.5411,0.412,0.5473,0.4322,0.5113
0.4526,0.4127,0.3812,0.5438,0.3661,0.4909,0.4209,0.5452,0.5002,0.6424,0.3495,0.5043,0.3749,0.4967,0.3345,0.5437,0.3679,0.5444,0.3927,0.5192,0.4296,0.5012,0.6008,0.3194,0.568,0.4058,0.5277,0.3749,0.5313,0.4535,0.5157,0.3194,0.5827,0.3899,0.58,0.4429,0.6184,0.4615,0.5811,0.4252,0.4591,0.3529,0.4625,0.4229,0.4456,0.405,0.4717,0.4332,0.4443,0.412,0.5812,0.4562,0.5074,0.3406,0.6055,0.427,0.5743,0.412,0.5473,0.4322,0.5113
0.4526,0.4127,0.3812,0.5582,0.3661,0.5568,0.434,0.5584,0.5002,0.6424,0.3495,0.5043,0.3749,0.5538,0.3345,0.5437,0.377,0.5444,0.3927,0.5192,0.4296,0.5012,0.6008,0.3194,0.568,0.4058,0.555,0.4032,0.5313,0.4535,0.5943,0.3282,0.5827,0.3899,0.58,0.4827,0.6272,0.5003,0.5811,0.4252,0.4591,0.3564,0.4625,0.4229,0.4456,0.405,0.4717,0.4332,0.4443,0.412,0.5812,0.5305,0.5074,0.3406,0.6055,0.427,0.5743,0.412,0.5473,0.4322,0.5281
0.4526,0.4206,0.4561,0.5582,0.3661,0.5568,0.434,0.5584,0.5002,0.6424,0.3495,0.5331,0.3749,0.5538,0.3345,0.5733,0.377,0.5444,0.3928,0.5277,0.4296,0.5012,0.6008,0.3194,0.568,0.4058,0.555,0.4032,0.5462,0.4535,0.5943,0.3432,0.5827,0.3988,0.58,0.4827,0.6272,0.5003,0.5811,0.4252,0.5088,0.3832,0.4757,0.4229,0.4456,0.405,0.4717,0.4332,0.4443,0.4262,0.5812,0.5305,0.5074,0.3406,0.6055,0.4314,0.5743,0.412,0.5473,0.4587,0.5281
0.4526,0.4311,0.4561,0.5582,0.3661,0.5568,0.4562,0.5855,0.5002,0.6424,0.352,0.5331,0.3749,0.5538,0.3988,0.5733,0.377,0.5444,0.3928,0.5488,0.4296,0.5026,0.6008,0.3759,0.5732,0.4058,0.555,0.4605,0.5466,0.4535,0.5943,0.3432,0.5827,0.3988,0.58,0.4827,0.6272,0.5003,0.5811,0.4252,0.5193,0.3832,0.4757,0.5071,0.4914,0.405,0.4717,0.4332,0.4443,0.5436,0.5812,0.5305,0.5074,0.3688,0.6675,0.4826,0.5743,0.412,0.5473,0.4587,0.5281
0.4526,0.4311,0.5789,0.5582,0.3661,0.5568,0.4562,0.5855,0.5002,0.6424,0.3635,0.5331,0.3749,0.5595,0.3988,0.5733,0.377,0.5444,0.3928,0.5488,0.4482,0.5148,0.6008,0.3759,0.5959,0.4058,0.555,0.4605,0.554,0.4535,0.5943,0.3705,0.5827,0.3988,0.58,0.4827,0.6394,0.5003,0.5994,0.4252,0.5193,0.4094,0.5262,0.5071,0.4934,0.405,0.4824,0.4711,0.4443,0.5436,0.5812,0.5305,0.5074,0.3688,0.6675,0.4826,0.5743,0.412,0.5473,0.4587,0.5281
0.4526,0.4625,0.5789,0.5582,0.3661,0.5568,0.4562,0.5855,0.5002,0.6592,0.3635,0.5331,0.3749,0.5595,0.3988,0.5776,0.3855,0.5444,0.4146,0.5644,0.4482,0.5148,0.6021,0.3759,0.6401,0.4058,0.5611,0.4605,0.5626,0.4535,0.5943,0.4025,0.5965,0.3988,0.6562,0.4827,0.6394,0.5003,0.5994,0.4252,0.5403,0.4094,0.5262,0.5071,0.4934,0.405,0.5216,0.4711,0.4443,0.5436,0.5812,0.5305,0.5347,0.3688,0.6675,0.4826,0.6539,0.4314,0.6188,0.4587,0.5281
0.4526,0.4625,0.5789,0.5582,0.3661,0.5568,0.4562,0.5855,0.5002,0.6592,0.3635,0.5331,0.4325,0.5768,0.3988,0.5776,0.3874,0.5444,0.4146,0.596,0.4482,0.5148,0.6021,0.3855,0.6401,0.4058,0.5976,0.4605,0.5626,0.4535,0.5943,0.4317,0.6199,0.3988,0.6562,0.4827,0.6394,0.5003,0.5994,0.4252,0.5765,0.4094,0.5265,0.5071,0.5197,0.4605,0.5228,0.4711,0.4443,0.5436,0.6169,0.5305,0.5622,0.3688,0.6675,0.4826,0.6539,0.4314,0.6188,0.4587,0.5281
0.4526,0.4625,0.5789,0.5582,0.3661,0.6441,0.4562,0.5855,0.5002,0.6592,0.3635,0.6012,0.4325,0.5768,0.3988,0.6606,0.3874,0.5568,0.4146,0.7086,0.4482,0.5148,0.6254,0.3988,0.6401,0.4058,0.7146,0.4605,0.5634,0.4535,0.5943,0.4317,0.6199,0.3988,0.669,0.4827,0.6743,0.5003,0.5994,0.4252,0.6092,0.4094,0.5265,0.5071,0.5197,0.4605,0.5228,0.4711,0.4443,0.5436,0.6169,0.5305,0.5622,0.3943,0.6675,0.4826,0.6539,0.434,0.6188,0.4649,0.5357
0.4526,0.4657,0.5789,0.5582,0.3661,0.6441,0.4562,0.5855,0.5002,0.6787,0.3917,0.6012,0.4325,0.5768,0.3988,0.6606,0.4138,0.5568,0.4146,0.7086,0.4482,0.5148,0.6254,0.3988,0.7337,0.4058,0.7146,0.4605,0.5634,0.4976,0.6136,0.4317,0.6199,0.4076,0.6929,0.4827,0.6743,0.5003,0.5994,0.4252,0.6092,0.4094,0.5265,0.5071,0.5197,0.4605,0.5228,0.4711,0.4443,0.5436,0.6169,0.5305,0.5793,0.3943,0.6675,0.4826,0.6539,0.434,0.6297,0.4808,0.5848
0.4526,0.4657,0.5789,0.5582,0.3661,0.6441,0.4562,0.5855,0.5002,0.6787,0.3917,0.6012,0.4325,0.5768,0.3988,0.6606,0.4138,0.5906,0.4715,0.7086,0.4482,0.5148,0.6254,0.3988,0.7337,0.4058,0.7146,0.4605,0.5634,0.6344,0.6952,0.4317,0.6581,0.4076,0.6952,0.4994,0.6743,0.5191,0.5994,0.4252,0.6498,0.4094,0.5393,0.5071,0.5197,0.4605,0.5766,0.4711,0.4549,0.5436,0.6169,0.5305,0.5793,0.3943,0.6675,0.5858,0.6539,0.434,0.6297,0.4808,0.5848
0.4526,0.4657,0.5789,0.5931,0.3741,0.6441,0.4562,0.5855,0.5002,0.6884,0.3917,0.6012,0.4325,0.5863,0.3988,0.6606,0.4332,0.6039,0.4715,0.7086,0.4781,0.5339,0.6254,0.3988,0.7337,0.4076,0.7146,0.4605,0.5634,0.6344,0.6952,0.4317,0.6581,0.4076,0.6952,0.4994,0.6743,0.5191,0.6176,0.4252,0.6774,0.4094,0.5393,0.5071,0.5197,0.4605,0.5766,0.4739,0.4914,0.5436,0.6169,0.5305,0.5793,0.3943,0.6675,0.5858,0.6539,0.4958,0.6297,0.4808,0.5848
0.4526,0.4657,0.5789,0.5931,0.4032,0.6441,0.4562,0.6012,0.5002,0.6884,0.3917,0.6012,0.4325,0.5863,0.3988,0.712,0.4976,0.6039,0.4715,0.7086,0.4781,0.6184,0.6254,0.3999,0.7337,0.4076,0.7408,0.4605,0.6246,0.6344,0.6952,0.4317,0.6581,0.4076,0.6952,0.4994,0.6743,0.5191,0.6176,0.4252,0.6774,0.4094,0.5886,0.5071,0.6257,0.4605,0.677,0.4739,0.4914,0.5436,0.6326,0.5305,0.5793,0.3943,0.6675,0.5858,0.6539,0.4958,0.6297,0.4808,0.5848
0.4526,0.4657,0.5789,0.5949,0.4032,0.6441,0.548,0.6012,0.5002,0.6884,0.3917,0.6012,0.4325,0.5863,0.3988,0.712,0.4976,0.6039,0.4715,0.7086,0.4781,0.6184,0.6377,0.3999,0.7337,0.4076,0.7408,0.4605,0.6246,0.6344,0.6952,0.4317,0.6581,0.4076,0.7179,0.4994,0.6743,0.541,0.6176,0.4252,0.6774,0.4094,0.5886,0.5615,0.6257,0.5216,0.677,0.4739,0.4939,0.5436,0.6929,0.5305,0.5793,0.4252,0.6675,0.5858,0.6608,0.4958,0.6297,0.4808,0.5914
0.4579,0.4879,0.5789,0.5949,0.4509,0.6441,0.548,0.6012,0.5002,0.6884,0.3917,0.6405,0.4464,0.5863,0.3988,0.712,0.4976,0.6596,0.4715,0.7086,0.4781,0.6184,0.6377,0.3999,0.7337,0.4076,0.7408,0.4605,0.6246,0.6344,0.6952,0.4317,0.6581,0.4076,0.7179,0.5454,0.6743,0.541,0.6511,0.4554,0.6774,0.4094,0.5886,0.5615,0.6257,0.5216,0.677,0.4739,0.5018,0.5436,0.6929,0.5305,0.6525,0.4704,0.6675,0.5858,0.6944,0.4958,0.6743,0.4808,0.5961
0.4579,0.5546,0.5789,0.6708,0.4509,0.6441,0.548,0.6384,0.5002,0.6884,0.3988,0.6405,0.4464,0.5863,0.3988,0.712,0.4976,0.6795,0.4871,0.7086,0.4781,0.6184,0.6377,0.4561,0.7337,0.4076,0.7408,0.4605,0.6246,0.6344,0.6952,0.4317,0.7127,0.4076,0.7179,0.5454,0.6743,0.541,0.6511,0.4554,0.712,0.4167,0.5886,0.5615,0.6257,0.5216,0.677,0.4932,0.5306,0.5568,0.6929,0.6008,0.6525,0.4704,0.6675,0.5858,0.6944,0.5436,0.6769,0.4808,0.5961
0.4579,0.5546,0.5956,0.6708,0.4509,0.6509,0.548,0.6384,0.5002,0.6884,0.4271,0.6405,0.4899,0.5863,0.4052,0.712,0.4976,0.6944,0.4871,0.7086,0.4781,0.6361,0.6806,0.4561,0.7337,0.4076,0.7408,0.4605,0.6678,0.6344,0.6952,0.4317,0.7127,0.4076,0.7179,0.5454,0.6743,0.541,0.6511,0.4554,0.712,0.4167,0.6066,0.5615,0.627,0.5216,0.677,0.564,0.5561,0.6012,0.6929,0.6008,0.6525,0.4704,0.6675,0.5858,0.6944,0.5436,0.6769,0.4808,0.5961
0.4579,0.5546,0.5956,0.6708,0.4509,0.6509,0.548,0.6384,0.5002,0.7309,0.5222,0.6405,0.4899,0.5863,0.4052,0.7251,0.4976,0.6944,0.5637,0.7086,0.4781,0.6361,0.6806,0.4561,0.7337,0.4076,0.7408,0.4835,0.6678,0.6344,0.7353,0.4712,0.7127,0.4076,0.7179,0.5454,0.6743,0.541,0.6511,0.4554,0.712,0.4167,0.6066,0.5615,0.627,0.5216,0.677,0.564,0.5987,0.6012,0.7415,0.6008,0.6525,0.4704,0.6675,0.5858,0.6944,0.5974,0.6769,0.4808,0.6379
0.5913,0.5546,0.5956,0.6708,0.4509,0.6509,0.548,0.6861,0.5002,0.7309,0.5222,0.6405,0.4899,0.6041,0.4052,0.7251,0.4976,0.6944,0.5637,0.7086,0.4781,0.6361,0.6806,0.4561,0.7337,0.4076,0.7408,0.4835,0.6678,0.6344,0.7353,0.4712,0.7127,0.4076,0.7179,0.5454,0.6743,0.5772,0.6511,0.4554,0.712,0.4775,0.6066,0.5615,0.627,0.567,0.677,0.564,0.5987,0.6012,0.7415,0.6008,0.6525,0.4704,0.6675,0.6003,0.6944,0.5974,0.6769,0.4808,0.6665
0.5913,0.5851,0.5956,0.6729,0.4509,0.6773,0.548,0.6876,0.5002,0.7309,0.5222,0.6405,0.5614,0.6074,0.4052,0.7434,0.4976,0.6944,0.5637,0.7086,0.4781,0.6361,0.7207,0.4561,0.7337,0.4429,0.7408,0.4835,0.7112,0.6344,0.7353,0.4712,0.7127,0.46,0.7179,0.5454,0.6847,0.5772,0.6511,0.4554,0.7153,0.4775,0.6066,0.5615,0.627,0.567,0.677,0.564,0.5987,0.6012,0.7415,0.6008,0.6525,0.4704,0.6675,0.6003,0.7385,0.5974,0.689,0.4808,0.6665
0.5913,0.6929,0.5956,0.6729,0.4509,0.6773,0.5531,0.6876,0.5002,0.7356,0.5222,0.6405,0.5614,0.6074,0.4052,0.7434,0.4976,0.6944,0.5637,0.7086,0.4781,0.6955,0.7361,0.4561,0.7337,0.4587,0.7408,0.5082,0.7112,0.6344,0.7353,0.489,0.7127,0.46,0.7179,0.5454,0.6847,0.5772,0.6511,0.4554,0.7153,0.4775,0.6066,0.5615,0.627,0.567,0.677,0.5719,0.5987,0.6012,0.7415,0.6008,0.6525,0.4704,0.6675,0.6003,0.7385,0.5974,0.689,0.4808,0.6665
0.5913,0.6929,0.5956,0.6776,0.4509,0.6773,0.5531,0.6876,0.5002,0.7404,0.5222,0.682,0.5614,0.6074,0.4146,0.7694,0.4976,0.6944,0.5637,0.7086,0.5471,0.6955,0.7361,0.4704,0.7337,0.4587,0.7408,0.5082,0.7112,0.6344,0.7353,0.489,0.7127,0.46,0.7179,0.5454,0.6847,0.5772,0.6511,0.4554,0.7425,0.4775,0.6066,0.5615,0.627,0.567,0.677,0.5719,0.5987,0.6012,0.7415,0.6008,0.6525,0.4704,0.6675,0.6003,0.7385,0.5974,0.689,0.4808,0.6665
0.5913,0.6929,0.5956,0.6776,0.4517,0.6773,0.5531,0.6876,0.5002,0.7404,0.5222,0.682,0.5614,0.6074,0.4146,0.7694,0.4976,0.6944,0.5637,0.7086,0.5471,0.6955,0.7361,0.4781,0.7337,0.4984,0.7408,0.5082,0.7112,0.6344,0.7353,0.489,0.7127,0.46,0.7179,0.5454,0.6847,0.6114,0.6745,0.4693,0.7425,0.4775,0.6066,0.5615,0.627,0.567,0.7042,0.5719,0.6402,0.6012,0.7415,0.6008,0.6525,0.4704,0.6675,0.6293,0.7385,0.5974,0.689,0.4808,0.6665
0.5913,0.6929,0.5956,0.6929,0.4517,0.6773,0.5531,0.7061,0.5002,0.7404,0.5222,0.682,0.5614,0.6591,0.5109,0.7694,0.4976,0.6944,0.5637,0.7086,0.5471,0.7032,0.7361,0.4781,0.7337,0.4984,0.7408,0.5487,0.7112,0.6344,0.7468,0.489,0.7127,0.4872,0.7179,0.5454,0.6847,0.6114,0.6745,0.4693,0.7425,0.4775,0.6066,0.5615,0.627,0.567,0.7042,0.5719,0.6402,0.6012,0.7415,0.6008,0.6525,0.4704,0.6675,0.6293,0.7385,0.5974,0.689,0.5152,0.6665
0.5913,0.6929,0.5956,0.7064,0.4517,0.6773,0.5531,0.7272,0.5002,0.7404,0.5222,0.7104,0.5883,0.6591,0.5719,0.7694,0.4976,0.6944,0.5637,0.7086,0.5471,0.7032,0.7493,0.4781,0.7337,0.5178,0.7408,0.5487,0.7112,0.6344,0.7468,0.489,0.7535,0.5089,0.731,0.5454,0.6847,0.6114,0.6745,0.5165,0.7425,0.4775,0.6066,0.5615,0.627,0.567,0.7042,0.5719,0.6402,0.6012,0.7444,0.6008,0.6525,0.4704,0.6675,0.6293,0.7385,0.5974,0.689,0.5152,0.6665
0.5913,0.6929,0.5956,0.7064,0.4517,0.6773,0.5531,0.7272,0.5443,0.7404,0.5222,0.7104,0.5883,0.6591,0.5719,0.7694,0.4976,0.6944,0.5637,0.7086,0.5471,0.7032,0.7571,0.4781,0.749,0.5178,0.7408,0.5487,0.7206,0.6344,0.7468,0.489,0.7535,0.5089,0.731,0.5454,0.6847,0.6114,0.728,0.5165,0.7425,0.4775,0.6066,0.5615,0.627,0.567,0.7042,0.5719,0.6402,0.6012,0.7444,0.6008,0.6525,0.4704,0.6675,0.6293,0.7385,0.5974,0.6948,0.5152,0.6665
0.5913,0.6929,0.5956,0.7179,0.4915,0.6813,0.5531,0.7272,0.5443,0.7589,0.5222,0.7104,0.5883,0.6929,0.5719,0.7694,0.4976,0.6944,0.5637,0.7086,0.5471,0.7032,0.7571,0.4781,0.749,0.5178,0.7408,0.5487,0.7206,0.6344,0.7468,0.489,0.7535,0.5089,0.7419,0.5454,0.6847,0.6114,0.728,0.5165,0.7425,0.4775,0.6066,0.5615,0.627,0.567,0.7042,0.5719,0.6402,0.6012,0.7444,0.6008,0.6525,0.4704,0.6675,0.6293,0.7487,0.5974,0.6948,0.5152,0.6723
0.5917,0.6929,0.5956,0.7179,0.4915,0.6813,0.5531,0.7272,0.5443,0.7589,0.5222,0.7337,0.6173,0.7123,0.5719,0.7694,0.4976,0.6944,0.5637,0.7086,0.5471,0.7032,0.7571,0.4871,0.749,0.5178,0.7408,0.5697,0.7206,0.6344,0.7498,0.5399,0.7535,0.5089,0.7419,0.5454,0.6847,0.6114,0.728,0.5165,0.7425,0.4775,0.6066,0.5615,0.627,0.567,0.7042,0.6019,0.6402,0.6012,0.7444,0.6008,0.6525,0.4704,0.6675,0.6293,0.7487,0.5974,0.6948,0.5152,0.6821
0.5917,0.6929,0.5956,0.7179,0.4915,0.6813,0.5531,0.7272,0.5443,0.7589,0.5222,0.7337,0.6173,0.7179,0.5719,0.7694,0.4976,0.7091,0.5921,0.7086,0.5471,0.7032,0.7571,0.4958,0.749,0.5178,0.7408,0.5697,0.7206,0.6344,0.7498,0.5399,0.7535,0.5785,0.7513,0.5462,0.6847,0.6114,0.728,0.5165,0.7425,0.4775,0.6254,0.5615,0.627,0.6012,0.7042,0.6019,0.6402,0.6012,0.7444,0.6008,0.6525,0.4719,0.6675,0.6293,0.7487,0.5974,0.6948,0.6149,0.6821
0.5917,0.6929,0.5964,0.7179,0.4915,0.6813,0.5531,0.7272,0.5443,0.7589,0.5222,0.7337,0.6173,0.7404,0.5719,0.7694,0.4976,0.7091,0.5921,0.7086,0.5471,0.7032,0.7571,0.4958,0.749,0.5178,0.7408,0.5697,0.7206,0.6344,0.7498,0.5701,0.7535,0.5785,0.7513,0.5462,0.7353,0.6114,0.752,0.5258,0.7425,0.4775,0.6254,0.5615,0.6624,0.6012,0.7042,0.6019,0.6402,0.6012,0.7508,0.6008,0.6525,0.4719,0.6675,0.6293,0.7487,0.6318,0.6948,0.6149,0.6821
0.5917,0.6929,0.5964,0.7179,0.502,0.6813,0.5531,0.7272,0.5443,0.7589,0.5665,0.7337,0.6322,0.7404,0.5719,0.7694,0.4976,0.7091,0.622,0.7086,0.5471,0.7171,0.7571,0.4958,0.749,0.5178,0.7415,0.5697,0.7206,0.6344,0.7498,0.5701,0.7535,0.5785,0.7513,0.5462,0.7353,0.6114,0.752,0.565,0.7425,0.4775,0.6254,0.5615,0.6624,0.6012,0.7042,0.6019,0.6402,0.6012,0.7508,0.6008,0.6525,0.4719,0.6675,0.6293,0.7487,0.6318,0.7162,0.6149,0.7189
0.6027,0.6929,0.5964,0.7242,0.518,0.694,0.5531,0.7272,0.5443,0.7589,0.5665,0.7337,0.6348,0.7404,0.5719,0.7694,0.4976,0.7091,0.622,0.7086,0.5471,0.7171,0.7571,0.4958,0.749,0.5178,0.7566,0.5947,0.7206,0.6344,0.7498,0.6582,0.7561,0.5785,0.7699,0.5462,0.7353,0.6114,0.752,0.565,0.7425,0.4775,0.6254,0.5615,0.6624,0.6012,0.7042,0.6019,0.6402,0.6012,0.7508,0.6008,0.6682,0.4786,0.6675,0.6293,0.7487,0.6318,0.7381,0.6149,0.7189
0.6027,0.6929,0.5964,0.7242,0.518,0.7145,0.5531,0.731,0.5443,0.7589,0.5665,0.7337,0.6348,0.7406,0.5964,0.7694,0.4976,0.7179,0.622,0.7086,0.5471,0.7171,0.7571,0.4958,0.7696,0.5178,0.7566,0.6229,0.7206,0.6344,0.7498,0.6582,0.771,0.5785,0.7699,0.5462,0.7353,0.6114,0.7677,0.565,0.7425,0.4775,0.6254,0.5615,0.7127,0.6012,0.7042,0.6019,0.6402,0.6012,0.7637,0.6008,0.6682,0.4786,0.6675,0.6293,0.7487,0.6318,0.7381,0.6149,0.7189
0.6027,0.6929,0.5964,0.7451,0.518,0.7145,0.5531,0.731,0.5593,0.7589,0.6061,0.7337,0.6631,0.7406,0.5964,0.7694,0.5304,0.7179,0.6311,0.7111,0.5471,0.7171,0.7571,0.4958,0.7696,0.5178,0.7566,0.6229,0.7494,0.6344,0.7498,0.6582,0.771,0.6001,0.7699,0.5516,0.7353,0.6114,0.7677,0.565,0.7425,0.4775,0.6254,0.5615,0.7127,0.6012,0.7086,0.6019,0.6402,0.61,0.7637,0.6008,0.6682,0.4786,0.6675,0.6293,0.7487,0.6318,0.7381,0.6149,0.7476
0.6027,0.6929,0.622,0.7451,0.518,0.7145,0.5531,0.7537,0.5593,0.7589,0.6061,0.7337,0.6631,0.7406,0.5964,0.7694,0.5439,0.7179,0.6311,0.7111,0.5471,0.7171,0.7571,0.4958,0.7696,0.5178,0.7566,0.6229,0.7494,0.6344,0.7498,0.6582,0.771,0.6001,0.7699,0.5516,0.7353,0.6274,0.7705,0.565,0.7425,0.5144,0.6254,0.5615,0.7127,0.6012,0.7086,0.6019,0.6555,0.61,0.7637,0.6008,0.6958,0.4786,0.6675,0.6293,0.7487,0.6318,0.7381,0.6149,0.7476
0.6027,0.6929,0.622,0.7451,0.518,0.7145,0.5531,0.7537,0.5593,0.7589,0.6061,0.7337,0.6631,0.7406,0.5964,0.7694,0.5551,0.751,0.6311,0.7668,0.5471,0.7224,0.7571,0.4958,0.7738,0.5178,0.7566,0.6229,0.7494,0.6344,0.7498,0.6582,0.771,0.6001,0.7699,0.6045,0.7465,0.6274,0.7705,0.565,0.7425,0.5144,0.6598,0.5615,0.7127,0.6012,0.7086,0.6019,0.6555,0.61,0.7637,0.6008,0.6958,0.4786,0.6675,0.6293,0.7487,0.6318,0.7381,0.623,0.7476
0.6486,0.719,0.6503,0.7451,0.518,0.7145,0.5531,0.7537,0.5619,0.7589,0.6061,0.7337,0.6631,0.7498,0.5964,0.7694,0.5551,0.751,0.6525,0.7668,0.5471,0.7592,0.7571,0.4958,0.7738,0.5178,0.7566,0.6419,0.7494,0.6344,0.7498,0.6582,0.771,0.6001,0.7699,0.6045,0.7465,0.6785,0.7705,0.565,0.7425,0.5144,0.6598,0.5615,0.7127,0.6012,0.7476,0.6019,0.6555,0.61,0.7637,0.6008,0.697,0.4786,0.6675,0.6293,0.7487,0.6318,0.7528,0.623,0.7476
0.6486,0.719,0.6503,0.7451,0.5585,0.7145,0.5531,0.7537,0.5619,0.7589,0.6061,0.7337,0.6631,0.7498,0.5964,0.7694,0.5551,0.751,0.6525,0.7668,0.5471,0.7592,0.7571,0.4958,0.7738,0.5178,0.7566,0.6419,0.7494,0.6344,0.7498,0.6582,0.771,0.6001,0.7699,0.6045,0.7465,0.6785,0.7705,0.565,0.7425,0.5144,0.6598,0.5615,0.7127,0.6012,0.7476,0.6019,0.6555,0.61,0.7696,0.6008,0.7246,0.4786,0.6675,0.6293,0.7747,0.6318,0.7528,0.623,0.7476
0.6486,0.719,0.6503,0.7451,0.5621,0.7145,0.5531,0.7537,0.5619,0.7589,0.6061,0.7337,0.6631,0.7553,0.5964,0.7694,0.5551,0.7798,0.6635,0.7668,0.5471,0.7592,0.7571,0.4958,0.7738,0.5178,0.7566,0.6419,0.7494,0.6344,0.7498,0.6582,0.771,0.6001,0.7699,0.6045,0.7465,0.6785,0.7705,0.5876,0.7425,0.5144,0.6856,0.5615,0.7127,0.6012,0.7476,0.6019,0.6555,0.61,0.7696,0.6008,0.7258,0.4786,0.6675,0.6293,0.7747,0.6318,0.7528,0.659,0.7476
0.6486,0.7243,0.6503,0.7451,0.6336,0.7145,0.5531,0.7537,0.5619,0.7589,0.6061,0.7337,0.6631,0.7553,0.5964,0.7694,0.5551,0.7798,0.6635,0.7668,0.5471,0.7592,0.7571,0.4958,0.7738,0.5178,0.7566,0.6419,0.7494,0.6344,0.7498,0.6582,0.771,0.6001,0.7699,0.6045,0.7465,0.6785,0.7705,0.6063,0.7425,0.536,0.6856,0.5615,0.7127,0.6012,0.7476,0.6019,0.6555,0.61,0.7696,0.6008,0.7258,0.4786,0.7294,0.6293,0.7747,0.6451,0.7528,0.6894,0.7476
0.6486,0.7243,0.6825,0.7451,0.6336,0.7145,0.5531,0.7537,0.5619,0.7589,0.6061,0.7337,0.6631,0.7553,0.6116,0.773,0.5551,0.7798,0.6635,0.7668,0.5471,0.7592,0.7571,0.4958,0.7738,0.5178,0.7566,0.6419,0.7494,0.6344,0.7599,0.6582,0.771,0.6215,0.7699,0.6045,0.7465,0.6785,0.7753,0.6063,0.7425,0.5789,0.6856,0.5615,0.7127,0.6012,0.7476,0.6019,0.6606,0.6548,0.7696,0.6008,0.7258,0.4786,0.7294,0.6293,0.7747,0.6451,0.7528,0.6894,0.7476
0.6486,0.7243,0.6825,0.7451,0.6336,0.7145,0.5531,0.7537,0.5664,0.7589,0.6061,0.7337,0.6631,0.7553,0.6185,0.773,0.5551,0.7798,0.6635,0.7668,0.5883,0.7592,0.7571,0.4958,0.7738,0.5418,0.757,0.6419,0.7494,0.6344,0.7688,0.6582,0.771,0.6215,0.7699,0.6045,0.7465,0.6785,0.7753,0.6063,0.7425,0.5789,0.6856,0.5615,0.7127,0.6012,0.7476,0.6019,0.6606,0.6929,0.7696,0.6008,0.753,0.4786,0.7294,0.6293,0.7747,0.6451,0.7528,0.6894,0.7476
0.6486,0.7243,0.6825,0.7451,0.6336,0.7145,0.5531,0.7537,0.6511,0.7589,0.6061,0.7337,0.6631,0.7553,0.6185,0.7798,0.5551,0.7798,0.6635,0.7668,0.5883,0.7592,0.7571,0.4958,0.7738,0.5418,0.757,0.6419,0.7599,0.6344,0.7688,0.6582,0.771,0.631,0.7699,0.6045,0.7465,0.6785,0.7753,0.6063,0.7425,0.5789,0.6856,0.5615,0.7127,0.6012,0.7476,0.6019,0.6606,0.6929,0.7696,0.6019,0.753,0.4786,0.7294,0.6293,0.7747,0.6451,0.7528,0.6894,0.7476
0.6486,0.7243,0.6825,0.7451,0.6336,0.7348,0.5531,0.7618,0.6511,0.7589,0.6061,0.7393,0.6631,0.7746,0.6185,0.7798,0.5551,0.7798,0.712,0.7668,0.6098,0.7592,0.7571,0.4958,0.7738,0.5418,0.757,0.6419,0.7599,0.6344,0.7688,0.6582,0.771,0.631,0.7699,0.6045,0.7465,0.6785,0.7753,0.614,0.7425,0.5789,0.6856,0.5615,0.7127,0.6012,0.7476,0.6019,0.6606,0.6929,0.7696,0.6285,0.753,0.4786,0.7294,0.6293,0.7747,0.6451,0.7528,0.6894,0.7494
0.6486,0.7243,0.6825,0.7798,0.6336,0.7381,0.5964,0.7618,0.6511,0.7589,0.6061,0.7486,0.6631,0.7746,0.6185,0.7798,0.5551,0.7798,0.712,0.7668,0.6098,0.7592,0.7571,0.4958,0.7738,0.5418,0.757,0.6419,0.7625,0.6344,0.7688,0.6582,0.771,0.631,0.7699,0.6045,0.7465,0.6785,0.7753,0.614,0.7425,0.5789,0.6856,0.5615,0.7127,0.6479,0.7541,0.6019,0.6734,0.6929,0.7696,0.6285,0.753,0.4786,0.7294,0.6617,0.7747,0.6451,0.7528,0.6894,0.7494
0.6486,0.7243,0.6825,0.7798,0.6336,0.7381,0.5964,0.7618,0.6511,0.7589,0.6061,0.7637,0.6631,0.7746,0.6461,0.7798,0.5551,0.7798,0.712,0.7668,0.6098,0.7592,0.7571,0.5258,0.7738,0.5418,0.757,0.6419,0.7625,0.6344,0.7713,0.6582,0.771,0.631,0.7699,0.6045,0.7465,0.6785,0.7753,0.614,0.7425,0.5967,0.6856,0.5615,0.7127,0.6479,0.7541,0.6019,0.7004,0.6929,0.7772,0.6285,0.753,0.4786,0.7294,0.6898,0.7747,0.6451,0.7528,0.6894,0.7494
0.6486,0.7494,0.6825,0.7798,0.6336,0.7381,0.6237,0.7618,0.6511,0.7589,0.6061,0.7637,0.6631,0.7746,0.6461,0.7798,0.5551,0.7798,0.712,0.7668,0.6098,0.7592,0.7661,0.5708,0.7738,0.5418,0.7619,0.6419,0.7625,0.6344,0.7713,0.6582,0.771,0.631,0.771,0.6045,0.7465,0.6785,0.7753,0.614,0.7425,0.5967,0.6856,0.5615,0.7127,0.6479,0.7541,0.6019,0.7004,0.6929,0.7772,0.6285,0.753,0.4845,0.7294,0.6898,0.7747,0.6451,0.7528,0.6894,0.7494
0.6486,0.7494,0.6825,0.7798,0.6336,0.7381,0.6237,0.7618,0.6511,0.7589,0.6171,0.7637,0.6631,0.7746,0.6461,0.7798,0.5662,0.7798,0.712,0.7668,0.6098,0.7592,0.7694,0.5708,0.7738,0.5418,0.7619,0.6419,0.7625,0.6344,0.7713,0.6582,0.7772,0.631,0.771,0.6045,0.7465,0.6893,0.7753,0.614,0.7425,0.5967,0.6918,0.5714,0.7127,0.6479,0.7541,0.6019,0.7004,0.6929,0.7772,0.6285,0.7563,0.5224,0.7294,0.6898,0.7747,0.6451,0.7528,0.6894,0.7494
0.6486,0.7512,0.6825,0.7798,0.6336,0.7381,0.6237,0.7618,0.6511,0.7589,0.6171,0.7637,0.6631,0.7746,0.7033,0.7798,0.5709,0.7798,0.712,0.7668,0.6098,0.7592,0.7694,0.5708,0.7738,0.5418,0.7619,0.6419,0.7625,0.6344,0.7713,0.6582,0.7772,0.631,0.771,0.6045,0.7465,0.6893,0.7753,0.614,0.7425,0.5967,0.6918,0.653,0.7337,0.6479,0.7541,0.6019,0.7004,0.6929,0.7772,0.6285,0.7563,0.5224,0.7294,0.6898,0.7747,0.6549,0.7528,0.6894,0.7502
0.6486,0.7512,0.6825,0.7798,0.6336,0.7696,0.6237,0.7618,0.6521,0.7589,0.6171,0.7772,0.6631,0.7746,0.7033,0.7798,0.6576,0.7798,0.712,0.7668,0.6098,0.7592,0.7694,0.5708,0.7738,0.5533,0.7619,0.6419,0.7625,0.6344,0.7714,0.6582,0.7772,0.631,0.771,0.6063,0.7465,0.69,0.7753,0.614,0.7563,0.5967,0.6918,0.653,0.7337,0.6479,0.7541,0.6153,0.7004,0.6929,0.7772,0.661,0.7563,0.5224,0.7294,0.6898,0.7756,0.6549,0.7528,0.7079,0.7502
0.6486,0.7512,0.6825,0.7798,0.6336,0.7696,0.6237,0.7618,0.7211,0.7589,0.6171,0.7772,0.6631,0.7746,0.7033,0.7798,0.6576,0.7798,0.712,0.7668,0.6098,0.7592,0.7694,0.5708,0.7738,0.5533,0.7619,0.6419,0.7625,0.6344,0.7714,0.6582,0.7772,0.631,0.771,0.6222,0.7465,0.69,0.7753,0.614,0.7563,0.5967,0.7505,0.653,0.7546,0.6479,0.7541,0.616,0.7004,0.6929,0.7772,0.6962,0.7563,0.5224,0.7334,0.6898,0.7756,0.6549,0.7528,0.7079,0.7502
0.6547,0.7512,0.6825,0.7798,0.6336,0.7696,0.6237,0.7618,0.7211,0.7589,0.6171,0.7772,0.6631,0.7746,0.7033,0.7798,0.6576,0.7798,0.712,0.7668,0.6098,0.7592,0.7694,0.5708,0.7738,0.6106,0.7619,0.6419,0.7625,0.6344,0.7714,0.6582,0.7772,0.631,0.7723,0.6222,0.7465,0.69,0.7753,0.614,0.7563,0.5967,0.7505,0.653,0.7546,0.6479,0.7541,0.616,0.7004,0.6929,0.7772,0.6962,0.7563,0.5224,0.7421,0.6898,0.7756,0.6617,0.7528,0.7079,0.7502
0.6547,0.7749,0.6825,0.7798,0.6336,0.773,0.6285,0.7618,0.7211,0.7589,0.6171,0.7772,0.6631,0.7746,0.7033,0.7798,0.6576,0.7798,0.712,0.7668,0.6389,0.7592,0.7694,0.5708,0.7738,0.6706,0.7619,0.6419,0.7625,0.6344,0.7714,0.6582,0.7772,0.631,0.7723,0.6222,0.7465,0.69,0.7753,0.614,0.7563,0.5967,0.7505,0.653,0.7546,0.6479,0.7541,0.616,0.7004,0.6929,0.7772,0.6962,0.7563,0.5224,0.7421,0.6898,0.7756,0.6617,0.7528,0.7079,0.7502
0.6547,0.7749,0.6825,0.7798,0.6336,0.773,0.6285,0.7618,0.7211,0.7589,0.6171,0.7772,0.6631,0.7746,0.7033,0.7798,0.6576,0.7798,0.712,0.7668,0.6389,0.7592,0.7694,0.5708,0.7738,0.6706,0.7619,0.6419,0.7625,0.6344,0.7714,0.6582,0.7772,0.631,0.7723,0.6222,0.7465,0.69,0.7753,0.614,0.7563,0.5967,0.7505,0.653,0.7546,0.6479,0.7541,0.616,0.7004,0.6929,0.7772,0.6962,0.7563,0.5224,0.7421,0.6898,0.7756,0.6617,0.7528,0.7079,0.7502
0.6547,0.7749,0.6825,0.7798,0.6453,0.773,0.6821,0.7618,0.7211,0.7589,0.6411,0.7772,0.6631,0.7746,0.7033,0.7798,0.6576,0.7798,0.712,0.7668,0.6605,0.7592,0.7694,0.6175,0.7738,0.6706,0.7619,0.6419,0.7625,0.6344,0.7714,0.6582,0.7772,0.6337,0.7723,0.6222,0.7465,0.69,0.7753,0.614,0.7563,0.5967,0.7505,0.653,0.7546,0.6479,0.7541,0.616,0.7217,0.6929,0.7772,0.6962,0.7563,0.5224,0.7421,0.6898,0.7756,0.6617,0.7528,0.7079,0.7502
0.6547,0.7749,0.6825,0.7798,0.6453,0.773,0.6821,0.7618,0.7218,0.7589,0.6411,0.7772,0.6631,0.7746,0.7033,0.7798,0.6576,0.7798,0.712,0.7668,0.6605,0.7592,0.7694,0.6175,0.7738,0.6706,0.7619,0.6419,0.7625,0.6344,0.7714,0.6582,0.7772,0.6337,0.7723,0.6222,0.7465,0.69,0.7798,0.614,0.7563,0.5967,0.753,0.653,0.7546,0.6479,0.7541,0.6813,0.7217,0.6929,0.7772,0.6962,0.7563,0.5224,0.7421,0.6898,0.7756,0.6617,0.7528,0.7079,0.7502
0.6547,0.7749,0.6825,0.7798,0.6453,0.773,0.6821,0.7618,0.7218,0.7589,0.6411,0.7772,0.6631,0.7798,0.7033,0.7798,0.6576,0.7798,0.712,0.7668,0.6605,0.7592,0.7694,0.6175,0.7798,0.6706,0.7619,0.6637,0.7699,0.6344,0.7714,0.6582,0.7772,0.6337,0.7723,0.6222,0.7465,0.69,0.7798,0.614,0.7563,0.5967,0.753,0.653,0.7546,0.6479,0.7541,0.6813,0.7217,0.6929,0.7772,0.6962,0.7563,0.5333,0.7421,0.6898,0.7756,0.6617,0.7528,0.7079,0.7502
0.6547,0.7749,0.6825,0.7798,0.6453,0.773,0.6937,0.7618,0.7218,0.7589,0.6411,0.7772,0.6631,0.7798,0.7033,0.7798,0.6576,0.7798,0.712,0.7668,0.6605,0.7592,0.7694,0.6175,0.7798,0.6706,0.7736,0.6637,0.7699,0.6344,0.7774,0.6582,0.7772,0.6337,0.7723,0.6222,0.7486,0.7181,0.7798,0.614,0.7563,0.5967,0.753,0.653,0.759,0.6479,0.7541,0.6813,0.7217,0.7067,0.7772,0.6962,0.7563,0.5921,0.7421,0.6898,0.7756,0.6617,0.7528,0.7079,0.7563
0.6547,0.7749,0.6825,0.7798,0.6453,0.773,0.6937,0.7618,0.7218,0.7589,0.6411,0.7772,0.6631,0.7798,0.7033,0.7798,0.6576,0.7798,0.712,0.7668,0.6605,0.7592,0.7717,0.6175,0.7798,0.6706,0.7736,0.6637,0.772,0.6344,0.7774,0.6582,0.7772,0.6337,0.773,0.6222,0.7486,0.7291,0.7798,0.614,0.7563,0.5967,0.753,0.653,0.759,0.6479,0.7541,0.6813,0.7217,0.7067,0.7772,0.6962,0.7563,0.5921,0.7448,0.6898,0.7756,0.6617,0.7528,0.7079,0.7563
0.6547,0.7749,0.6825,0.7798,0.6453,0.773,0.6937,0.7618,0.7218,0.7589,0.6411,0.7772,0.6631,0.7798,0.7033,0.7798,0.6576,0.7798,0.712,0.7668,0.6605,0.7592,0.7717,0.6175,0.7798,0.6706,0.7736,0.6637,0.772,0.6344,0.7774,0.6582,0.7772,0.6337,0.773,0.6222,0.7486,0.7291,0.7798,0.614,0.7563,0.5967,0.753,0.653,0.759,0.6719,0.7541,0.6813,0.7217,0.7067,0.7772,0.6962,0.7563,0.5921,0.7448,0.6898,0.7756,0.6617,0.7528,0.7079,0.7563
0.6547,0.7749,0.6825,0.7798,0.6453,0.773,0.7427,0.7618,0.7218,0.7589,0.6411,0.7772,0.6631,0.7798,0.7033,0.7798,0.6576,0.7798,0.712,0.7668,0.6605,0.7592,0.7798,0.6175,0.7798,0.6706,0.7736,0.6637,0.772,0.6344,0.7774,0.6582,0.7772,0.6337,0.773,0.6222,0.7486,0.7291,0.7798,0.614,0.7563,0.6185,0.767,0.653,0.759,0.6903,0.7541,0.6813,0.7217,0.7067,0.7774,0.7078,0.7563,0.5921,0.7448,0.6898,0.7756,0.6617,0.7528,0.7079,0.7563
0.6547,0.7749,0.6825,0.7798,0.6453,0.773,0.7427,0.7618,0.7265,0.7589,0.6411,0.7772,0.6631,0.7798,0.7033,0.7798,0.6576,0.7798,0.712,0.7668,0.6605,0.7592,0.7798,0.6175,0.7798,0.6706,0.7736,0.6637,0.772,0.7122,0.7774,0.6582,0.7772,0.6337,0.773,0.6222,0.7486,0.7291,0.7798,0.614,0.7563,0.6275,0.767,0.653,0.759,0.6903,0.7541,0.6813,0.7217,0.737,0.7774,0.7078,0.7563,0.5921,0.7644,0.6898,0.7756,0.6617,0.7528,0.7079,0.7563
0.6547,0.7749,0.6825,0.7798,0.6453,0.773,0.7427,0.7618,0.7265,0.7589,0.6411,0.7772,0.6631,0.7798,0.7033,0.7798,0.6576,0.7798,0.712,0.7668,0.6605,0.7592,0.7798,0.6175,0.7798,0.6706,0.7736,0.6637,0.772,0.7122,0.7774,0.6582,0.7772,0.6337,0.773,0.6299,0.7486,0.7291,0.7798,0.614,0.7563,0.6275,0.7717,0.653,0.759,0.6903,0.7541,0.6813,0.7258,0.737,0.7774,0.7078,0.7563,0.5921,0.7644,0.6898,0.7756,0.6617,0.7528,0.7079,0.7661
0.6547,0.7749,0.6825,0.7798,0.6453,0.7736,0.7427,0.7618,0.7265,0.7589,0.6411,0.7772,0.6631,0.7798,0.7033,0.7798,0.6576,0.7798,0.712,0.7668,0.6605,0.7592,0.7798,0.6175,0.7798,0.6706,0.7736,0.6637,0.772,0.7122,0.7774,0.6582,0.7841,0.6337,0.773,0.6299,0.7486,0.7291,0.7798,0.614,0.7563,0.6275,0.7717,0.653,0.759,0.6903,0.7541,0.6813,0.7258,0.737,0.7774,0.7078,0.7563,0.5921,0.7644,0.6898,0.7756,0.6617,0.7528,0.7079,0.7681
0.6547,0.7749,0.6825,0.7798,0.6453,0.7756,0.7427,0.7618,0.7265,0.7589,0.6411,0.7772,0.6631,0.7798,0.7033,0.7798,0.7316,0.7798,0.712,0.7668,0.6605,0.7592,0.7798,0.6175,0.7798,0.6706,0.7736,0.6637,0.772,0.7122,0.7774,0.6582,0.7841,0.6337,0.773,0.6299,0.7486,0.7291,0.7798,0.614,0.7563,0.6275,0.7717,0.653,0.759,0.7149,0.7541,0.6813,0.7258,0.737,0.7774,0.7078,0.767,0.6058,0.7644,0.6898,0.7756,0.6617,0.7528,0.7079,0.7681
0.6714,0.7749,0.6825,0.7798,0.6453,0.7756,0.7427,0.7618,0.7265,0.7589,0.6411,0.7772,0.6631,0.7798,0.7033,0.7798,0.7316,0.7798,0.712,0.7668,0.6605,0.7592,0.7798,0.6546,0.7798,0.6706,0.7736,0.6637,0.772,0.7122,0.7774,0.6582,0.7841,0.6337,0.773,0.6299,0.7486,0.7291,0.7798,0.614,0.7563,0.6275,0.7717,0.6591,0.759,0.7149,0.7541,0.6813,0.7258,0.737,0.7774,0.7078,0.767,0.6058,0.7644,0.6898,0.7756,0.6617,0.7528,0.7079,0.7681
0.6714,0.7749,0.6825,0.7798,0.6453,0.7756,0.7427,0.7618,0.7265,0.7589,0.6411,0.7772,0.6631,0.7798,0.7033,0.7798,0.7316,0.7798,0.712,0.7668,0.6605,0.7601,0.7798,0.6546,0.7798,0.6706,0.7736,0.6637,0.772,0.7122,0.7774,0.6582,0.7841,0.6365,0.773,0.6299,0.7486,0.7291,0.7798,0.614,0.7563,0.6821,0.7717,0.6591,0.759,0.7149,0.7541,0.6813,0.7258,0.737,0.7774,0.7078,0.767,0.6058,0.7644,0.6898,0.7756,0.6617,0.7528,0.7079,0.7681
0.6714,0.7749,0.6825,0.7798,0.6453,0.7756,0.7427,0.7618,0.7265,0.7589,0.6411,0.7772,0.6631,0.7798,0.7033,0.7798,0.7316,0.7798,0.712,0.7668,0.7218,0.7601,0.7798,0.6546,0.7798,0.6706,0.7736,0.6637,0.772,0.7122,0.7774,0.6582,0.7841,0.6365,0.773,0.6299,0.7486,0.7291,0.7798,0.614,0.7563,0.6821,0.7717,0.6591,0.759,0.7149,0.7541,0.6813,0.7258,0.737,0.7774,0.7078,0.767,0.6058,0.7644,0.6898,0.7756,0.6617,0.7528,0.7079,0.7681
0.6714,0.7749,0.6825,0.7798,0.6453,0.7781,0.7427,0.7618,0.7265,0.7589,0.6411,0.7772,0.6631,0.7798,0.7033,0.7798,0.7316,0.7798,0.712,0.7668,0.7218,0.7601,0.7798,0.6546,0.7798,0.6706,0.7736,0.6637,0.772,0.7122,0.7774,0.6582,0.7841,0.6365,0.773,0.6299,0.7486,0.7402,0.7798,0.614,0.7563,0.6821,0.7717,0.6591,0.759,0.7149,0.7541,0.6813,0.7258,0.737,0.7774,0.7078,0.767,0.6058,0.7644,0.6898,0.7756,0.6617,0.7528,0.724,0.7681
0.6714,0.7749,0.6825,0.7798,0.6453,0.7781,0.7427,0.7618,0.7265,0.7589,0.6411,0.7772,0.6631,0.7798,0.7033,0.7798,0.7316,0.7798,0.712,0.7668,0.7218,0.7601,0.7798,0.6546,0.7798,0.6706,0.7736,0.6831,0.7757,0.7122,0.7774,0.6582,0.7841,0.6365,0.773,0.6299,0.7486,0.7402,0.7798,0.614,0.7563,0.6821,0.7717,0.6591,0.759,0.7149,0.7541,0.6813,0.7258,0.737,0.7774,0.7078,0.767,0.6058,0.7644,0.6898,0.7756,0.6617,0.7528,0.724,0.7681
0.6714,0.7749,0.6825,0.7798,0.6453,0.7781,0.7427,0.7618,0.7265,0.7589,0.6411,0.7772,0.6631,0.7798,0.7033,0.7798,0.7316,0.7798,0.712,0.7668,0.7218,0.7601,0.7798,0.6546,0.7798,0.6706,0.7736,0.6831,0.7757,0.7122,0.7798,0.6582,0.7841,0.6365,0.773,0.6299,0.7486,0.7402,0.7798,0.614,0.7563,0.6821,0.7717,0.6591,0.759,0.7149,0.7541,0.6813,0.7258,0.737,0.7774,0.7078,0.767,0.6362,0.7644,0.6898,0.7756,0.6617,0.7528,0.724,0.7681
0.6714,0.7749,0.6849,0.7798,0.6453,0.7781,0.7427,0.7618,0.7265,0.7589,0.6411,0.7772,0.6631,0.7798,0.7033,0.7798,0.7316,0.7798,0.712,0.7668,0.7218,0.7601,0.7798,0.6546,0.7798,0.6706,0.7736,0.6831,0.7757,0.7122,0.7798,0.6582,0.7841,0.6424,0.773,0.6299,0.7486,0.7402,0.7798,0.614,0.7563,0.6821,0.7717,0.6591,0.759,0.7149,0.7541,0.6813,0.7258,0.737,0.7774,0.7078,0.767,0.6362,0.7644,0.6898,0.7756,0.6617,0.7528,0.724,0.7681
0.6714,0.7749,0.6849,0.7798,0.6453,0.7781,0.7427,0.7618,0.7265,0.7589,0.6411,0.7772,0.6631,0.7798,0.7033,0.7798,0.7316,0.7798,0.712,0.7668,0.7218,0.7601,0.7798,0.6546,0.7798,0.6706,0.7736,0.6831,0.7757,0.7122,0.7798,0.6582,0.7841,0.6424,0.773,0.6299,0.7486,0.7402,0.7798,0.614,0.7563,0.6821,0.7717,0.6591,0.759,0.7149,0.7541,0.6813,0.7258,0.737,0.7774,0.7078,0.767,0.6362,0.7644,0.6898,0.7756,0.6617,0.7607,0.724,0.7681
0.6714,0.7749,0.685,0.7798,0.6453,0.7781,0.7427,0.7618,0.7265,0.7589,0.6411,0.7772,0.6631,0.7798,0.7033,0.7798,0.7316,0.7798,0.712,0.7668,0.7218,0.7601,0.7825,0.6546,0.7798,0.6706,0.7772,0.6831,0.7757,0.7122,0.7798,0.6582,0.7841,0.6424,0.773,0.6434,0.7486,0.7402,0.7798,0.614,0.7563,0.6821,0.7774,0.6591,0.759,0.7149,0.7541,0.6813,0.7258,0.737,0.7774,0.7078,0.767,0.6362,0.7644,0.6898,0.7756,0.6617,0.7607,0.724,0.7681
0.69,0.7749,0.685,0.7798,0.6453,0.7781,0.7427,0.7618,0.7265,0.7589,0.6411,0.7772,0.6631,0.7798,0.7033,0.7798,0.7316,0.7798,0.712,0.7668,0.7218,0.7601,0.7825,0.6546,0.7798,0.6706,0.7772,0.6831,0.7757,0.7122,0.7798,0.6582,0.7841,0.6424,0.773,0.6434,0.7486,0.7402,0.7798,0.614,0.7563,0.6821,0.7774,0.6591,0.759,0.7149,0.7541,0.6813,0.7258,0.737,0.7774,0.7078,0.767,0.6362,0.7644,0.6943,0.7756,0.6617,0.7607,0.737,0.7681
0.69,0.7749,0.685,0.7798,0.6453,0.7781,0.7427,0.7618,0.7265,0.7589,0.6411,0.7772,0.6631,0.7798,0.7192,0.7798,0.7316,0.7798,0.712,0.7668,0.7218,0.7747,0.7825,0.6546,0.7798,0.6706,0.7772,0.6831,0.7757,0.7122,0.7798,0.6582,0.7841,0.6424,0.773,0.6546,0.7486,0.7402,0.7798,0.6238,0.7563,0.6821,0.7774,0.6591,0.7599,0.7149,0.7541,0.6813,0.7304,0.737,0.7774,0.7078,0.767,0.6362,0.7644,0.6943,0.7756,0.6617,0.7607,0.737,0.7771
0.69,0.7749,0.685,0.7798,0.6453,0.7781,0.7427,0.7618,0.7265,0.7589,0.6485,0.7772,0.6631,0.7798,0.7192,0.7798,0.7316,0.7798,0.712,0.7668,0.7218,0.7747,0.7825,0.6726,0.7798,0.6706,0.7772,0.6831,0.7757,0.7122,0.7798,0.6582,0.7841,0.6424,0.773,0.6546,0.752,0.7402,0.7798,0.6238,0.7563,0.6821,0.7774,0.6591,0.7599,0.7149,0.7541,0.6813,0.7304,0.737,0.7774,0.7078,0.767,0.6362,0.7644,0.717,0.7756,0.6617,0.7607,0.737,0.7771
0.69,0.7749,0.685,0.7798,0.6453,0.7781,0.7427,0.7782,0.7265,0.7589,0.6485,0.7772,0.6631,0.7798,0.7192,0.7798,0.7316,0.7798,0.712,0.7668,0.7218,0.7747,0.7825,0.6726,0.7798,0.6706,0.7772,0.6831,0.7757,0.7122,0.7798,0.6582,0.7841,0.6424,0.773,0.6546,0.752,0.7424,0.7798,0.6238,0.7563,0.6821,0.7774,0.6591,0.7599,0.7149,0.7541,0.6813,0.7304,0.737,0.7774,0.7078,0.767,0.6362,0.7644,0.717,0.7756,0.6617,0.7607,0.737,0.7771
0.69,0.7749,0.685,0.7798,0.6453,0.7781,0.7427,0.7798,0.7265,0.7589,0.6485,0.7772,0.6631,0.7798,0.7192,0.7798,0.7316,0.7798,0.712,0.7668,0.7218,0.7747,0.7825,0.6726,0.7798,0.6706,0.7772,0.6831,0.7841,0.7122,0.7798,0.6582,0.7841,0.6424,0.773,0.6546,0.7705,0.7424,0.7798,0.6238,0.7563,0.6821,0.7774,0.6591,0.7599,0.7149,0.7541,0.6813,0.7304,0.737,0.7779,0.7078,0.767,0.6362,0.7644,0.717,0.7756,0.6756,0.7607,0.737,0.7771
0.69,0.7749,0.685,0.7798,0.6453,0.7781,0.7427,0.7798,0.7265,0.7589,0.6485,0.7825,0.6631,0.7798,0.7192,0.7798,0.7316,0.7798,0.712,0.7668,0.7218,0.7747,0.7825,0.6726,0.7798,0.6706,0.7772,0.6831,0.7841,0.7122,0.7798,0.6582,0.7841,0.6424,0.773,0.6546,0.7705,0.7424,0.7798,0.6255,0.7563,0.6821,0.7774,0.6591,0.7599,0.7149,0.7541,0.6813,0.7304,0.737,0.7779,0.7078,0.767,0.6362,0.7644,0.717,0.7756,0.6756,0.7607,0.737,0.7771
0.69,0.7749,0.685,0.7798,0.6453,0.7781,0.7427,0.7798,0.7265,0.7589,0.6485,0.7825,0.6631,0.7798,0.7192,0.7798,0.7316,0.7798,0.712,0.7668,0.7218,0.7747,0.7825,0.6726,0.7798,0.6734,0.7772,0.6831,0.7841,0.7122,0.7798,0.6582,0.7841,0.6424,0.773,0.6546,0.7705,0.7424,0.7798,0.6255,0.7563,0.6821,0.7774,0.6591,0.7599,0.7149,0.7541,0.6813,0.7304,0.737,0.7779,0.7078,0.767,0.6362,0.7644,0.717,0.7756,0.6756,0.7607,0.737,0.7771
0.69,0.7749,0.685,0.7798,0.6453,0.7781,0.7427,0.7798,0.7265,0.7589,0.6485,0.7825,0.6631,0.7798,0.7192,0.7798,0.7316,0.7798,0.712,0.7668,0.7218,0.7747,0.7825,0.6726,0.7798,0.6734,0.7772,0.6831,0.7841,0.7122,0.7798,0.6582,0.7841,0.6424,0.773,0.6546,0.7705,0.7424,0.7798,0.6255,0.7563,0.6821,0.7774,0.6591,0.7599,0.7149,0.7541,0.6813,0.7304,0.737,0.7779,0.7078,0.767,0.6362,0.7644,0.717,0.7756,0.6756,0.7684,0.737,0.7771
0.69,0.7749,0.685,0.7798,0.6453,0.7781,0.7427,0.7798,0.7265,0.7589,0.6652,0.7825,0.6631,0.7798,0.7192,0.7798,0.7316,0.7798,0.712,0.7668,0.7218,0.7747,0.7825,0.6726,0.7798,0.6734,0.7772,0.6831,0.7841,0.7122,0.7798,0.6582,0.7841,0.6424,0.773,0.6546,0.7705,0.7424,0.7798,0.6255,0.7563,0.6821,0.7774,0.6591,0.7599,0.7149,0.7541,0.6813,0.7304,0.737,0.7841,0.7078,0.767,0.6362,0.7644,0.717,0.7798,0.6756,0.7684,0.737,0.7771
0.69,0.7749,0.685,0.7798,0.6453,0.7781,0.7427,0.7798,0.7265,0.761,0.6652,0.7825,0.6631,0.7798,0.7192,0.7798,0.7316,0.7798,0.712,0.7668,0.7218,0.7747,0.7825,0.6726,0.7798,0.6734,0.7772,0.6831,0.7841,0.7122,0.7825,0.6582,0.7841,0.6424,0.773,0.6609,0.7705,0.7424,0.7798,0.6565,0.7563,0.6821,0.7774,0.6679,0.7626,0.7149,0.7541,0.6813,0.7304,0.737,0.7841,0.7078,0.767,0.6362,0.7644,0.717,0.7798,0.6756,0.7684,0.737,0.7771
0.69,0.7749,0.685,0.7798,0.6453,0.7781,0.7427,0.7798,0.7265,0.761,0.6652,0.7825,0.6631,0.7798,0.7192,0.7825,0.7316,0.7798,0.712,0.7668,0.7218,0.7747,0.7825,0.6726,0.7798,0.6734,0.7772,0.6831,0.7841,0.7122,0.7825,0.6582,0.7841,0.6424,0.773,0.6609,0.7705,0.7424,0.7798,0.6565,0.7563,0.6821,0.7774,0.6679,0.7626,0.7149,0.7541,0.6813,0.7304,0.737,0.7841,0.7078,0.767,0.6362,0.771,0.717,0.7798,0.6756,0.7684,0.737,0.7771
0.69,0.7749,0.685,0.7798,0.6453,0.7781,0.7427,0.7798,0.7265,0.7677,0.6652,0.7825,0.6631,0.7798,0.7192,0.7825,0.7316,0.7798,0.712,0.7668,0.7218,0.7747,0.7825,0.6726,0.7798,0.6734,0.7772,0.6831,0.7841,0.7153,0.7825,0.6582,0.7841,0.6424,0.773,0.6609,0.7705,0.7424,0.7798,0.7068,0.7563,0.6821,0.7774,0.6679,0.7626,0.7149,0.7541,0.6813,0.7304,0.737,0.7841,0.7078,0.767,0.6362,0.771,0.717,0.7798,0.6756,0.7684,0.737,0.7771
0.69,0.7749,0.685,0.7798,0.6889,0.7781,0.7427,0.7798,0.7265,0.7677,0.6812,0.7825,0.6631,0.7798,0.7192,0.7825,0.7316,0.7798,0.712,0.7668,0.7218,0.7757,0.7825,0.6726,0.7798,0.6734,0.7772,0.6831,0.7841,0.7153,0.7825,0.6582,0.7841,0.649,0.773,0.6609,0.7705,0.7424,0.7798,0.7068,0.7563,0.6821,0.7774,0.6679,0.7626,0.7149,0.7564,0.6813,0.7304,0.737,0.7841,0.7078,0.767,0.6362,0.771,0.717,0.7798,0.6756,0.7684,0.737,0.7771
0.69,0.7749,0.685,0.7798,0.6889,0.7781,0.7427,0.7798,0.7265,0.772,0.6812,0.7841,0.6631,0.7798,0.7192,0.7825,0.7316,0.7798,0.712,0.7668,0.7218,0.7757,0.7825,0.6726,0.7798,0.6734,0.7772,0.6831,0.7841,0.7153,0.7825,0.6582,0.7841,0.6523,0.773,0.6609,0.7705,0.7424,0.7798,0.7068,0.7563,0.6821,0.7774,0.6679,0.7626,0.7149,0.7564,0.6813,0.7304,0.737,0.7841,0.7078,0.767,0.6362,0.771,0.717,0.7798,0.6756,0.7684,0.737,0.7771
0.69,0.7749,0.685,0.7798,0.6889,0.7781,0.7427,0.7798,0.7265,0.772,0.6812,0.7841,0.6631,0.7798,0.7192,0.7825,0.7316,0.7798,0.712,0.7668,0.7218,0.7757,0.7825,0.6726,0.7798,0.6734,0.7772,0.6831,0.7841,0.7153,0.7825,0.6582,0.7841,0.6579,0.7779,0.6609,0.7705,0.7424,0.7798,0.7068,0.7563,0.6821,0.7774,0.6679,0.7626,0.7149,0.7564,0.6813,0.7304,0.737,0.7841,0.7078,0.767,0.6362,0.771,0.717,0.7798,0.6756,0.7684,0.737,0.7771
0.69,0.7749,0.6886,0.7798,0.6889,0.7781,0.7427,0.7798,0.7265,0.772,0.6812,0.7841,0.6631,0.7798,0.7192,0.7825,0.7316,0.7798,0.712,0.7668,0.7218,0.7757,0.7825,0.6726,0.7798,0.6734,0.7772,0.6831,0.7841,0.7153,0.7825,0.6582,0.7841,0.6579,0.7779,0.6609,0.7705,0.7424,0.7798,0.7068,0.7563,0.6821,0.7774,0.6732,0.7626,0.7149,0.7626,0.6813,0.7476,0.737,0.7841,0.7078,0.767,0.6362,0.771,0.717,0.7798,0.6756,0.7823,0.737,0.7771
0.69,0.7798,0.6886,0.7798,0.6889,0.7781,0.7427,0.7798,0.7265,0.772,0.6812,0.7841,0.6631,0.7798,0.7192,0.7825,0.7316,0.7798,0.712,0.7668,0.7218,0.7774,0.7825,0.6726,0.7798,0.6734,0.7772,0.6831,0.7841,0.7153,0.7825,0.6582,0.7841,0.6579,0.7779,0.6609,0.7705,0.7424,0.7798,0.7068,0.7563,0.6821,0.7774,0.6732,0.7626,0.7149,0.7626,0.6813,0.7476,0.737,0.7841,0.7078,0.767,0.6362,0.771,0.717,0.7798,0.6756,0.7823,0.737,0.7771
0.6922,0.7798,0.6886,0.7798,0.6889,0.7781,0.7427,0.7798,0.7265,0.772,0.6812,0.7841,0.6631,0.7798,0.7192,0.7825,0.7316,0.7798,0.712,0.7668,0.7218,0.7774,0.7825,0.6726,0.7798,0.7084,0.7772,0.6831,0.7841,0.7153,0.7825,0.6582,0.7841,0.6579,0.7779,0.6609,0.7705,0.7424,0.7798,0.7068,0.7563,0.6821,0.7779,0.6732,0.7626,0.7149,0.7626,0.6813,0.7476,0.737,0.7841,0.7078,0.767,0.6362,0.773,0.717,0.7798,0.6756,0.7823,0.737,0.7771
0.6922,0.7798,0.6886,0.7798,0.6889,0.7781,0.7427,0.7798,0.7265,0.772,0.682,0.7841,0.6631,0.7798,0.7192,0.7825,0.7316,0.7798,0.712,0.7668,0.7218,0.7774,0.7825,0.6726,0.7798,0.7127,0.7772,0.6831,0.7841,0.7153,0.7825,0.6582,0.7841,0.6579,0.7779,0.6609,0.7705,0.7424,0.7825,0.7068,0.7563,0.6821,0.7779,0.6732,0.7626,0.7149,0.7663,0.6813,0.7476,0.737,0.7841,0.7078,0.767,0.6362,0.773,0.717,0.7798,0.6756,0.7823,0.737,0.7771
0.7164,0.7798,0.6886,0.7798,0.6889,0.7798,0.7427,0.7798,0.7265,0.772,0.682,0.7841,0.6631,0.7798,0.7192,0.7825,0.7316,0.7798,0.712,0.7668,0.7218,0.7774,0.7825,0.6726,0.7798,0.7127,0.7772,0.6831,0.7841,0.7153,0.7825,0.6582,0.7841,0.6579,0.7779,0.6609,0.7798,0.7424,0.7825,0.7068,0.7563,0.6821,0.7779,0.6732,0.7626,0.7149,0.7663,0.6813,0.7476,0.737,0.7841,0.7078,0.767,0.6362,0.773,0.717,0.7823,0.6756,0.7823,0.737,0.7771
0.7196,0.7798,0.6886,0.7798,0.6889,0.7798,0.7427,0.7798,0.7265,0.772,0.682,0.7841,0.6631,0.7798,0.7192,0.7825,0.7316,0.7798,0.712,0.7668,0.7218,0.7774,0.7825,0.6726,0.7798,0.7127,0.7772,0.6831,0.7841,0.7153,0.7825,0.6582,0.7841,0.6579,0.7798,0.6609,0.7798,0.7424,0.7825,0.7068,0.7563,0.6821,0.7779,0.69,0.7626,0.7149,0.7663,0.6813,0.7476,0.737,0.7841,0.7078,0.767,0.6362,0.773,0.717,0.7823,0.6756,0.7823,0.737,0.7771
0.7196,0.7798,0.6886,0.7798,0.6889,0.7798,0.7427,0.7798,0.7265,0.772,0.682,0.7841,0.6631,0.7798,0.7192,0.7825,0.7316,0.7798,0.712,0.7668,0.7218,0.7774,0.7825,0.6726,0.7798,0.7127,0.7772,0.6831,0.7841,0.7153,0.7825,0.6582,0.7841,0.6579,0.7798,0.6609,0.7798,0.7424,0.7825,0.7068,0.7563,0.6821,0.7779,0.69,0.7626,0.7149,0.7782,0.6813,0.7476,0.737,0.7841,0.7078,0.767,0.6362,0.773,0.717,0.7823,0.6756,0.7823,0.737,0.7771
0.7196,0.7798,0.6886,0.7798,0.6889,0.7798,0.7427,0.7798,0.7265,0.772,0.682,0.7841,0.6631,0.7798,0.7192,0.7825,0.7316,0.7798,0.712,0.7668,0.7218,0.7774,0.7825,0.6726,0.7798,0.7407,0.7772,0.6831,0.7841,0.7153,0.7825,0.6582,0.7841,0.6579,0.7798,0.6609,0.7798,0.7424,0.7825,0.7068,0.7563,0.6821,0.7779,0.69,0.7626,0.7149,0.7782,0.6813,0.7476,0.737,0.7841,0.7078,0.7756,0.6362,0.773,0.717,0.7823,0.6756,0.7823,0.737,0.7771
0.7196,0.7798,0.6886,0.7798,0.6889,0.7798,0.7427,0.7798,0.7265,0.772,0.682,0.7841,0.6631,0.7798,0.7192,0.7825,0.7316,0.7798,0.7187,0.7668,0.7218,0.7774,0.7825,0.6726,0.7798,0.7407,0.7772,0.6831,0.7841,0.7153,0.7825,0.6582,0.7841,0.6579,0.7841,0.6609,0.7798,0.7424,0.7825,0.7068,0.7563,0.6821,0.7779,0.69,0.7626,0.7149,0.7782,0.6813,0.7476,0.737,0.7841,0.7078,0.7756,0.6362,0.773,0.717,0.7823,0.6756,0.7823,0.737,0.7771
0.7196,0.7798,0.6886,0.7798,0.6889,0.7798,0.7427,0.7798,0.7265,0.772,0.682,0.7841,0.6631,0.7798,0.7192,0.7825,0.7316,0.7798,0.7187,0.7668,0.7218,0.7774,0.7825,0.6726,0.7798,0.7407,0.7772,0.6831,0.7841,0.7153,0.7825,0.6582,0.7841,0.6579,0.7841,0.6609,0.7798,0.7424,0.7825,0.7068,0.7563,0.6821,0.7779,0.69,0.7626,0.7149,0.7782,0.6813,0.7476,0.737,0.7841,0.7078,0.7779,0.6362,0.773,0.717,0.7823,0.6756,0.7823,0.737,0.7771
0.7196,0.7798,0.6886,0.7798,0.7083,0.7798,0.7427,0.7798,0.7265,0.772,0.694,0.7841,0.6631,0.7798,0.7192,0.7825,0.7316,0.7798,0.7187,0.7668,0.7218,0.7798,0.7825,0.6726,0.7798,0.7407,0.7772,0.6875,0.7841,0.7153,0.7825,0.6582,0.7841,0.6579,0.7841,0.6609,0.7798,0.7424,0.7825,0.7068,0.7563,0.6821,0.7779,0.69,0.7771,0.7149,0.7782,0.6813,0.7476,0.737,0.7841,0.7078,0.7779,0.6362,0.773,0.717,0.7823,0.6756,0.7823,0.737,0.7771
0.7196,0.7798,0.6886,0.7798,0.7083,0.7798,0.7427,0.7798,0.7265,0.772,0.694,0.7841,0.6631,0.7798,0.7192,0.7825,0.7316,0.7798,0.7187,0.7668,0.7218,0.7798,0.7825,0.6726,0.7798,0.7407,0.7772,0.6875,0.7841,0.7153,0.7825,0.6582,0.7841,0.6784,0.7841,0.6609,0.7798,0.7424,0.7825,0.7068,0.7563,0.6821,0.7779,0.69,0.7771,0.7149,0.7782,0.6813,0.7476,0.737,0.7841,0.7078,0.7779,0.6362,0.773,0.717,0.7823,0.6991,0.7823,0.737,0.7771
0.7196,0.7798,0.6886,0.7798,0.7083,0.7798,0.7427,0.7798,0.7265,0.772,0.694,0.7841,0.6631,0.7798,0.7192,0.7825,0.7316,0.7798,0.7187,0.7668,0.7218,0.7798,0.7825,0.6726,0.7798,0.7407,0.7772,0.6875,0.7841,0.7153,0.7825,0.6582,0.7841,0.6843,0.7841,0.6609,0.7798,0.7424,0.7825,0.7068,0.7563,0.6821,0.8002,0.69,0.7771,0.7149,0.7782,0.6813,0.7476,0.737,0.7841,0.7078,0.7779,0.6362,0.773,0.717,0.7823,0.6991,0.7823,0.737,0.7771
0.7196,0.7798,0.6886,0.7798,0.7083,0.7798,0.7427,0.7798,0.7265,0.772,0.694,0.7841,0.6631,0.7798,0.7192,0.7825,0.7316,0.7798,0.7187,0.7668,0.7218,0.7798,0.7825,0.6726,0.7798,0.7407,0.7772,0.6875,0.7841,0.7153,0.7825,0.6582,0.7841,0.6843,0.7841,0.6609,0.7798,0.7424,0.7825,0.7068,0.7563,0.6821,0.8002,0.69,0.7771,0.7149,0.7782,0.6813,0.7476,0.737,0.7841,0.7078,0.7779,0.6619,0.7772,0.717,0.7823,0.6991,0.7823,0.737,0.7771
0.7196,0.7798,0.6886,0.7798,0.7083,0.7798,0.7427,0.7798,0.7265,0.772,0.694,0.7841,0.6631,0.7798,0.7192,0.7825,0.7316,0.7798,0.7187,0.7668,0.7218,0.7798,0.7825,0.6726,0.7798,0.7407,0.7772,0.6875,0.7841,0.7153,0.7825,0.6582,0.7841,0.7206,0.7841,0.6609,0.7798,0.7424,0.7825,0.7068,0.7563,0.6821,0.8002,0.7338,0.7771,0.7149,0.7782,0.6813,0.7476,0.737,0.7841,0.7078,0.7779,0.6619,0.7772,0.717,0.7823,0.6991,0.7823,0.737,0.7771
0.725,0.7798,0.6886,0.7798,0.7083,0.7798,0.7427,0.7798,0.7265,0.7736,0.694,0.7841,0.6631,0.7798,0.7192,0.7825,0.7316,0.7798,0.7187,0.7668,0.7218,0.7798,0.7825,0.6726,0.7798,0.7407,0.7772,0.6875,0.7841,0.7153,0.7825,0.6582,0.7841,0.7206,0.7841,0.6609,0.7798,0.7424,0.7825,0.7068,0.7563,0.6821,0.8002,0.7338,0.7771,0.7149,0.7782,0.6813,0.7476,0.737,0.7841,0.7078,0.7779,0.6619,0.7772,0.717,0.7823,0.6991,0.7823,0.737,0.7771
0.725,0.7798,0.6886,0.7798,0.7083,0.7825,0.7427,0.7798,0.7265,0.7736,0.694,0.7841,0.6631,0.7798,0.7192,0.7825,0.7316,0.7798,0.7187,0.7668,0.7218,0.7798,0.7825,0.6761,0.7798,0.7407,0.7772,0.6875,0.7841,0.7153,0.7825,0.6582,0.7841,0.7206,0.7841,0.6609,0.7798,0.7424,0.7825,0.7068,0.7563,0.6821,0.8002,0.7338,0.7771,0.7149,0.7782,0.6813,0.7476,0.737,0.7841,0.7078,0.7779,0.6619,0.7772,0.717,0.7823,0.6991,0.7823,0.737,0.7771
0.725,0.7798,0.6886,0.7798,0.7083,0.7825,0.7427,0.7798,0.7265,0.7736,0.694,0.7841,0.6631,0.7798,0.7192,0.7825,0.7316,0.7798,0.7187,0.7668,0.7218,0.7798,0.7825,0.6882,0.7798,0.7407,0.7772,0.6875,0.7841,0.7153,0.7825,0.6582,0.7841,0.7206,0.7841,0.6609,0.7798,0.7424,0.7825,0.7068,0.7563,0.6821,0.8002,0.7338,0.7771,0.7149,0.7782,0.6813,0.7476,0.737,0.7841,0.7078,0.7779,0.6619,0.7772,0.717,0.7823,0.6991,0.7823,0.737,0.7771
0.725,0.7798,0.6886,0.7798,0.7083,0.7825,0.7427,0.7798,0.7265,0.7736,0.694,0.7841,0.6631,0.7798,0.7192,0.7825,0.7316,0.7798,0.7187,0.7668,0.7218,0.7798,0.7825,0.6882,0.7798,0.7407,0.7772,0.6875,0.7841,0.7153,0.7825,0.6582,0.7841,0.7206,0.7841,0.6609,0.7798,0.7424,0.7825,0.7068,0.7563,0.6821,0.8002,0.7338,0.7782,0.7149,0.7782,0.6813,0.7476,0.737,0.7841,0.7078,0.7779,0.6619,0.7772,0.717,0.7823,0.6991,0.7823,0.737,0.7771
0.725,0.7798,0.6886,0.7798,0.7083,0.7825,0.7427,0.7798,0.7265,0.7756,0.694,0.7841,0.6631,0.7798,0.7192,0.7825,0.7316,0.7798,0.7187,0.7668,0.7218,0.7798,0.7825,0.6882,0.7798,0.7407,0.7772,0.6875,0.7841,0.7153,0.7825,0.6582,0.7841,0.7206,0.7841,0.6609,0.7798,0.7424,0.7825,0.7068,0.7563,0.6821,0.8002,0.7338,0.7782,0.7149,0.7782,0.6813,0.7476,0.737,0.7841,0.7078,0.7779,0.6699,0.7772,0.717,0.7823,0.6991,0.7823,0.737,0.7771
0.725,0.7798,0.6886,0.7798,0.7083,0.7825,0.7427,0.7798,0.7265,0.7756,0.694,0.7841,0.6631,0.7798,0.7192,0.7825,0.7316,0.7798,0.7187,0.7668,0.7218,0.7798,0.7825,0.6882,0.7798,0.7407,0.7782,0.6875,0.7841,0.7153,0.7825,0.6582,0.7841,0.7206,0.7841,0.6609,0.7798,0.7424,0.7825,0.7068,0.7563,0.6821,0.8002,0.7338,0.7782,0.7149,0.7782,0.6813,0.7476,0.737,0.7841,0.7078,0.7779,0.6699,0.7772,0.717,0.7823,0.6991,0.7823,0.737,0.7771
0.725,0.7798,0.6886,0.7798,0.7083,0.7825,0.7427,0.7798,0.7265,0.7756,0.694,0.7841,0.6631,0.7798,0.7192,0.7825,0.7316,0.7798,0.7187,0.7668,0.7218,0.7798,0.7825,0.6882,0.7798,0.7407,0.7782,0.6875,0.7841,0.7153,0.7825,0.6582,0.7841,0.7206,0.7841,0.6609,0.7798,0.7424,0.7825,0.7149,0.7563,0.6821,0.8002,0.7338,0.7782,0.7149,0.7782,0.6813,0.7476,0.737,0.7841,0.7078,0.7779,0.6699,0.7772,0.717,0.7823,0.6991,0.7823,0.737,0.7771
0.725,0.7798,0.6886,0.7798,0.7083,0.7825,0.7427,0.7798,0.7265,0.7756,0.694,0.7841,0.6631,0.7798,0.7192,0.7825,0.7316,0.7798,0.7187,0.7668,0.7218,0.7798,0.7825,0.6882,0.7798,0.7407,0.7798,0.6875,0.7841,0.7153,0.7825,0.6582,0.7841,0.7206,0.7841,0.6609,0.7798,0.7424,0.7825,0.7149,0.7563,0.6821,0.8002,0.7338,0.7782,0.7149,0.7782,0.6813,0.7476,0.737,0.7841,0.7078,0.7779,0.6699,0.7772,0.717,0.7823,0.6991,0.7825,0.737,0.7771
0.725,0.7798,0.6886,0.7798,0.7083,0.7825,0.7427,0.7798,0.7314,0.7756,0.694,0.7841,0.6631,0.7798,0.7192,0.7825,0.7316,0.7798,0.7187,0.7668,0.7218,0.7798,0.7841,0.6882,0.7798,0.7407,0.7798,0.6875,0.7841,0.7153,0.7825,0.6582,0.7841,0.7206,0.7841,0.6609,0.7798,0.7424,0.7825,0.7278,0.7563,0.6821,0.8002,0.7338,0.7782,0.7149,0.7782,0.6813,0.7476,0.737,0.7841,0.7078,0.7779,0.6699,0.7772,0.717,0.7823,0.6991,0.7825,0.737,0.7771
0.725,0.7798,0.6886,0.7798,0.7083,0.7825,0.7427,0.7798,0.7314,0.7756,0.694,0.7841,0.6631,0.7825,0.7192,0.7825,0.7316,0.7798,0.7187,0.7739,0.7218,0.7798,0.7841,0.6882,0.7798,0.7407,0.7798,0.6905,0.7841,0.7153,0.7825,0.6582,0.7841,0.7206,0.7841,0.6609,0.7798,0.7424,0.7825,0.7278,0.7563,0.6821,0.8002,0.7338,0.7782,0.7149,0.7782,0.6813,0.7476,0.737,0.7841,0.7078,0.7779,0.6699,0.7772,0.717,0.7823,0.6991,0.7825,0.737,0.7771
0.725,0.7798,0.7243,0.7798,0.7083,0.7825,0.7427,0.7798,0.7314,0.7756,0.694,0.7841,0.6631,0.7825,0.7192,0.7825,0.7316,0.7798,0.7187,0.7739,0.7218,0.7798,0.7841,0.6882,0.7798,0.7407,0.7798,0.7163,0.7841,0.7153,0.7825,0.6582,0.7841,0.7206,0.7841,0.6609,0.7798,0.7424,0.7825,0.7278,0.7563,0.6821,0.8002,0.7338,0.7782,0.7149,0.7782,0.6813,0.7476,0.737,0.7841,0.7078,0.7779,0.6699,0.7772,0.717,0.7823,0.6991,0.7825,0.737,0.7771
0.725,0.7798,0.7243,0.7798,0.7083,0.7825,0.7427,0.7798,0.7314,0.7756,0.694,0.7841,0.6631,0.7825,0.7192,0.7825,0.7316,0.7798,0.7187,0.7739,0.7218,0.7798,0.7841,0.6882,0.7798,0.7407,0.7798,0.7163,0.7841,0.7153,0.7825,0.6582,0.7841,0.7206,0.7841,0.6708,0.7798,0.7424,0.7825,0.7278,0.7563,0.6821,0.8002,0.7338,0.7782,0.7149,0.7782,0.6813,0.7476,0.737,0.7841,0.7078,0.7779,0.6699,0.7772,0.717,0.7823,0.6991,0.7825,0.737,0.7771
0.725,0.7798,0.7243,0.7798,0.7083,0.7825,0.7427,0.7798,0.7314,0.7756,0.694,0.7841,0.6631,0.7825,0.7192,0.7825,0.7316,0.7798,0.7187,0.7739,0.7218,0.7798,0.7841,0.6882,0.7798,0.7407,0.7798,0.7163,0.7841,0.7153,0.7825,0.6582,0.7841,0.7206,0.7841,0.6708,0.7798,0.7424,0.7825,0.7278,0.7563,0.6861,0.8002,0.7338,0.7782,0.7149,0.7782,0.6813,0.7476,0.737,0.7841,0.7078,0.7779,0.6699,0.7772,0.717,0.7823,0.6991,0.7825,0.737,0.7771
0.725,0.7798,0.7243,0.7798,0.7083,0.7825,0.7427,0.7798,0.7314,0.7756,0.694,0.7841,0.6631,0.7825,0.7192,0.7825,0.7316,0.7798,0.7187,0.7739,0.7218,0.7798,0.7841,0.6882,0.7798,0.7407,0.7798,0.7163,0.7841,0.7153,0.7825,0.6582,0.7841,0.7206,0.7841,0.6708,0.7798,0.7424,0.7825,0.7278,0.7563,0.6861,0.8002,0.7338,0.7782,0.7149,0.7782,0.6813,0.7476,0.737,0.7841,0.7078,0.7779,0.6699,0.7772,0.717,0.7823,0.6991,0.7825,0.737,0.7771
0.725,0.7798,0.7243,0.7798,0.7083,0.7825,0.7427,0.7798,0.7314,0.7756,0.694,0.7841,0.6631,0.7825,0.7192,0.7825,0.7316,0.7798,0.7187,0.7739,0.7218,0.7798,0.7841,0.6882,0.7798,0.7407,0.7798,0.7163,0.7841,0.7153,0.7825,0.6582,0.7841,0.7206,0.7841,0.6708,0.7798,0.7424,0.7825,0.7278,0.7779,0.6861,0.8002,0.7338,0.7782,0.7149,0.7782,0.6813,0.7476,0.737,0.7841,0.7078,0.7779,0.6699,0.7772,0.717,0.7823,0.6991,0.7825,0.737,0.7771
0.725,0.7798,0.7243,0.7798,0.7083,0.7825,0.7427,0.7798,0.7314,0.7756,0.694,0.7841,0.6631,0.7825,0.7192,0.7825,0.7316,0.7798,0.7286,0.7739,0.7218,0.7798,0.7841,0.6882,0.7798,0.7407,0.7798,0.7163,0.7841,0.7153,0.7825,0.6582,0.7841,0.7206,0.7841,0.6708,0.7798,0.7424,0.7825,0.7278,0.7779,0.6861,0.8002,0.7338,0.7782,0.7149,0.7782,0.6813,0.7476,0.737,0.7841,0.7199,0.7779,0.6907,0.7772,0.717,0.7823,0.6991,0.7825,0.737,0.7771
0.725,0.7798,0.7243,0.7798,0.7083,0.7825,0.7427,0.7798,0.7314,0.7756,0.694,0.7841,0.6631,0.7825,0.7192,0.7825,0.7316,0.7798,0.7286,0.7739,0.7218,0.7798,0.7841,0.6882,0.7798,0.7407,0.7798,0.7163,0.7841,0.7153,0.7825,0.6938,0.7841,0.7206,0.7841,0.6839,0.7798,0.7424,0.7825,0.7278,0.7779,0.6865,0.8002,0.7338,0.7782,0.7149,0.7782,0.6813,0.7476,0.737,0.7841,0.7199,0.7779,0.6919,0.7772,0.717,0.7823,0.6991,0.7825,0.737,0.7771
0.725,0.7798,0.7243,0.7798,0.7083,0.7825,0.7427,0.7798,0.7314,0.7756,0.694,0.7841,0.6631,0.7825,0.7192,0.7825,0.7316,0.7798,0.7286,0.7739,0.7218,0.7798,0.7841,0.6882,0.7798,0.7407,0.7798,0.7163,0.7841,0.7153,0.7825,0.6938,0.7841,0.7206,0.7841,0.6839,0.7798,0.7424,0.7825,0.7278,0.7779,0.6879,0.8002,0.7338,0.7782,0.7149,0.7782,0.6813,0.7476,0.737,0.7841,0.7199,0.7825,0.6919,0.7772,0.717,0.7823,0.6991,0.7825,0.737,0.7771
0.725,0.7798,0.7243,0.7798,0.7083,0.7825,0.7427,0.7798,0.7314,0.7756,0.694,0.7841,0.6631,0.7825,0.7192,0.7825,0.7316,0.7798,0.7286,0.7739,0.7218,0.7798,0.7841,0.6882,0.7798,0.7407,0.7798,0.7163,0.7841,0.7371,0.7825,0.6938,0.7841,0.7206,0.7841,0.6839,0.7798,0.7424,0.7825,0.7278,0.7779,0.6879,0.8002,0.7338,0.7782,0.7149,0.7782,0.6813,0.7476,0.737,0.7841,0.7199,0.7825,0.6919,0.7772,0.717,0.7823,0.6991,0.7825,0.737,0.7771
0.725,0.7798,0.7243,0.7798,0.7083,0.7825,0.7427,0.7798,0.7314,0.7756,0.694,0.7841,0.6631,0.7825,0.7192,0.7825,0.7316,0.7798,0.7286,0.7739,0.7218,0.7798,0.7841,0.6882,0.7798,0.7407,0.7798,0.7163,0.7841,0.7371,0.7825,0.6938,0.7841,0.7206,0.7841,0.6839,0.7798,0.7424,0.7825,0.7278,0.7779,0.6936,0.8002,0.7338,0.7782,0.7149,0.7782,0.6813,0.7476,0.737,0.7841,0.7199,0.7825,0.6919,0.7772,0.717,0.7823,0.6991,0.7825,0.737,0.7771
0.725,0.7798,0.7243,0.7798,0.7249,0.7825,0.7427,0.7798,0.7314,0.7756,0.694,0.7841,0.6631,0.7825,0.7192,0.7825,0.7316,0.7798,0.7286,0.7739,0.7284,0.7798,0.7841,0.6882,0.7798,0.7407,0.7798,0.7163,0.7841,0.7371,0.7825,0.6938,0.7841,0.7206,0.7841,0.6839,0.7798,0.7424,0.7825,0.7278,0.7779,0.6936,0.8002,0.7338,0.7782,0.7149,0.7782,0.6813,0.7476,0.737,0.7841,0.7199,0.7825,0.6919,0.7772,0.717,0.7823,0.6991,0.7825,0.737,0.7771
0.725,0.7798,0.7243,0.7798,0.7249,0.7825,0.7427,0.7798,0.7314,0.7756,0.694,0.7841,0.6631,0.7825,0.7192,0.7825,0.7316,0.7798,0.7286,0.7772,0.7284,0.7798,0.7841,0.6882,0.7798,0.7407,0.7798,0.7163,0.7841,0.7371,0.7825,0.6938,0.7841,0.7206,0.7841,0.6839,0.7798,0.7424,0.7825,0.7278,0.7779,0.6936,0.8002,0.7338,0.7782,0.7149,0.7782,0.6813,0.7476,0.737,0.7841,0.7199,0.7825,0.6919,0.7772,0.717,0.7823,0.6991,0.7825,0.737,0.7771
0.725,0.7798,0.7243,0.7798,0.7249,0.7825,0.7427,0.7798,0.7314,0.7756,0.694,0.7841,0.6631,0.7825,0.7192,0.7825,0.7316,0.7798,0.7286,0.7772,0.7307,0.7798,0.7841,0.6882,0.7798,0.7407,0.7798,0.7163,0.7841,0.7371,0.7825,0.6938,0.7841,0.7206,0.7841,0.6839,0.7798,0.7424,0.7825,0.7278,0.7779,0.6936,0.8002,0.7338,0.7782,0.7149,0.7782,0.6813,0.7476,0.737,0.7841,0.7199,0.7825,0.6919,0.7772,0.717,0.7823,0.6991,0.7825,0.737,0.7771
0.725,0.7798,0.7243,0.7798,0.7317,0.7825,0.7427,0.7798,0.7314,0.7756,0.694,0.7841,0.6631,0.7825,0.7192,0.7825,0.7316,0.7798,0.7286,0.7772,0.7307,0.7798,0.7841,0.6882,0.7798,0.7407,0.7798,0.7163,0.7841,0.7371,0.7825,0.6938,0.7841,0.7206,0.7841,0.6839,0.7798,0.7424,0.7825,0.7278,0.7779,0.6936,0.8002,0.7338,0.7782,0.7149,0.7782,0.6813,0.7476,0.737,0.7841,0.7199,0.7825,0.6919,0.7782,0.717,0.7823,0.6991,0.7825,0.737,0.7771
0.725,0.7798,0.7243,0.7798,0.7317,0.7825,0.7435,0.7798,0.7314,0.7756,0.694,0.7841,0.6631,0.7825,0.7192,0.7825,0.7316,0.7798,0.7286,0.7772,0.7307,0.7798,0.7841,0.7112,0.7798,0.7407,0.7798,0.7163,0.7841,0.7371,0.7825,0.6938,0.7841,0.7206,0.7841,0.6839,0.7798,0.7424,0.7825,0.7278,0.7779,0.6936,0.8002,0.7338,0.7782,0.7149,0.7782,0.6813,0.7503,0.737,0.7841,0.7199,0.7825,0.6919,0.7782,0.717,0.7823,0.6991,0.7825,0.737,0.7771
0.725,0.7798,0.7243,0.7798,0.7317,0.7825,0.7435,0.7798,0.7314,0.7756,0.694,0.7841,0.6631,0.7825,0.7193,0.7825,0.7316,0.7798,0.7286,0.7772,0.7307,0.7798,0.7841,0.7112,0.7798,0.7407,0.7798,0.7163,0.7841,0.7371,0.7825,0.6938,0.7841,0.7206,0.7841,0.6839,0.7798,0.7424,0.7825,0.7278,0.7779,0.6936,0.8002,0.7338,0.7782,0.7149,0.7782,0.6813,0.7503,0.737,0.7841,0.7199,0.7825,0.6919,0.7782,0.717,0.7823,0.6991,0.7825,0.737,0.7771
0.725,0.7798,0.7243,0.7798,0.7317,0.7825,0.7435,0.7798,0.7314,0.7756,0.694,0.7841,0.6637,0.7825,0.7193,0.7825,0.7316,0.7798,0.7286,0.7772,0.7307,0.7798,0.7841,0.7112,0.7798,0.7407,0.7798,0.7163,0.7841,0.7371,0.7825,0.6938,0.7841,0.7206,0.7841,0.6839,0.7798,0.7424,0.7825,0.7278,0.7779,0.6936,0.8002,0.7338,0.7782,0.7149,0.7782,0.7225,0.7503,0.737,0.7841,0.7199,0.7825,0.6919,0.7782,0.717,0.7823,0.6991,0.7825,0.737,0.7771
0.725,0.7798,0.7243,0.7798,0.7317,0.7825,0.7435,0.7798,0.7314,0.7756,0.694,0.7841,0.6637,0.7825,0.7193,0.7825,0.7316,0.7798,0.7286,0.7772,0.7307,0.7798,0.7841,0.7112,0.7798,0.7407,0.7798,0.7163,0.7841,0.7371,0.7825,0.6938,0.7841,0.7206,0.7841,0.6839,0.7798,0.7424,0.7825,0.7278,0.7779,0.6936,0.8002,0.7338,0.7782,0.7149,0.7782,0.7225,0.7503,0.737,0.7841,0.7199,0.7825,0.6919,0.7782,0.717,0.7823,0.6991,0.7825,0.737,0.7771
0.725,0.7798,0.7243,0.7798,0.7317,0.7825,0.7435,0.7798,0.7314,0.7756,0.694,0.7841,0.6637,0.7825,0.7193,0.7825,0.7316,0.7798,0.7286,0.7772,0.7307,0.7798,0.7841,0.7112,0.7798,0.7407,0.7798,0.7163,0.7841,0.7371,0.7825,0.6938,0.7841,0.7206,0.7841,0.6839,0.7798,0.7424,0.7825,0.7278,0.7779,0.6936,0.8002,0.7338,0.7782,0.7306,0.7782,0.7225,0.7503,0.737,0.7841,0.7199,0.7825,0.6919,0.7782,0.717,0.7823,0.6991,0.7825,0.737,0.7771
0.725,0.7798,0.7243,0.7798,0.7317,0.7825,0.7435,0.7798,0.7314,0.7756,0.694,0.7841,0.6637,0.7825,0.7193,0.7825,0.7316,0.7798,0.7286,0.7772,0.7307,0.7798,0.7841,0.7112,0.7798,0.7407,0.7798,0.7163,0.7841,0.7371,0.7825,0.6938,0.7841,0.7206,0.7841,0.6839,0.7798,0.7424,0.7825,0.7278,0.7779,0.6936,0.8002,0.7338,0.7782,0.7306,0.7782,0.7225,0.7508,0.737,0.7841,0.7199,0.7825,0.6919,0.7782,0.717,0.7823,0.6991,0.7825,0.737,0.7771
0.725,0.7798,0.7243,0.7798,0.7317,0.7825,0.7435,0.7798,0.7314,0.7756,0.694,0.7841,0.6637,0.7825,0.7193,0.7825,0.7316,0.7798,0.7286,0.7772,0.7307,0.7798,0.7841,0.7112,0.7798,0.7407,0.7798,0.7163,0.7841,0.7371,0.7825,0.6938,0.7841,0.7206,0.7841,0.6839,0.7798,0.7424,0.7825,0.7278,0.7779,0.6936,0.8002,0.7338,0.7782,0.7306,0.7782,0.7225,0.7508,0.737,0.7841,0.7199,0.7825,0.6919,0.7782,0.717,0.7823,0.6991,0.7825,0.737,0.7771
0.725,0.7798,0.7243,0.7798,0.7317,0.7825,0.7435,0.7798,0.7314,0.7756,0.7035,0.7841,0.6637,0.7825,0.7193,0.7825,0.7316,0.7798,0.7286,0.7772,0.7307,0.7798,0.7841,0.7112,0.7798,0.7407,0.7798,0.7163,0.7841,0.7371,0.7825,0.6938,0.7841,0.7206,0.7841,0.6839,0.7798,0.7424,0.7825,0.7278,0.7779,0.6936,0.8002,0.7338,0.7782,0.7306,0.7782,0.7225,0.7508,0.737,0.7841,0.7199,0.7825,0.6919,0.7782,0.717,0.7823,0.6991,0.7825,0.737,0.7771
0.725,0.7798,0.7243,0.7798,0.7317,0.7825,0.7435,0.7798,0.7314,0.7756,0.7035,0.7841,0.6637,0.7825,0.7193,0.7825,0.7316,0.7798,0.7286,0.7772,0.7307,0.7798,0.7841,0.7112,0.7798,0.7407,0.7798,0.7163,0.7841,0.7371,0.7825,0.6938,0.7841,0.7206,0.7841,0.6839,0.7798,0.7424,0.7825,0.7278,0.7779,0.6936,0.8002,0.7338,0.7782,0.7306,0.7782,0.7225,0.7508,0.737,0.7841,0.7199,0.7825,0.7334,0.7782,0.717,0.7823,0.6991,0.7825,0.737,0.7771
0.725,0.7798,0.7243,0.7798,0.7317,0.7825,0.7435,0.7798,0.7314,0.7756,0.7035,0.7841,0.6637,0.7825,0.7193,0.7825,0.7316,0.7798,0.7286,0.7772,0.7307,0.7798,0.7841,0.7112,0.7798,0.7407,0.7798,0.7163,0.7841,0.7371,0.7825,0.6938,0.7841,0.7206,0.7841,0.6839,0.7798,0.7424,0.7825,0.7278,0.7779,0.6936,0.8002,0.7338,0.7782,0.7306,0.7782,0.7225,0.7523,0.737,0.7841,0.7199,0.7825,0.7334,0.7782,0.717,0.7823,0.6991,0.7825,0.737,0.7771
0.725,0.7798,0.7243,0.7798,0.7317,0.7825,0.7435,0.7798,0.7314,0.7756,0.7035,0.7841,0.6637,0.7825,0.7193,0.7825,0.7316,0.7798,0.7286,0.7772,0.7307,0.7798,0.7841,0.7112,0.7798,0.7407,0.7798,0.7163,0.7841,0.7371,0.7825,0.6938,0.7841,0.7206,0.7841,0.6839,0.7798,0.7424,0.7825,0.7278,0.7779,0.7033,0.8002,0.7338,0.7782,0.7306,0.7782,0.7225,0.7523,0.737,0.7841,0.7382,0.7825,0.7334,0.7782,0.717,0.7823,0.6991,0.7825,0.737,0.7771
0.725,0.7798,0.7243,0.7798,0.7317,0.7825,0.7435,0.7798,0.7314,0.7756,0.7035,0.7841,0.6637,0.7825,0.7193,0.7825,0.7316,0.7798,0.7286,0.7772,0.7307,0.7798,0.7841,0.7112,0.7798,0.7407,0.7798,0.7163,0.7841,0.7371,0.7825,0.6938,0.7841,0.7206,0.7841,0.7112,0.7798,0.7424,0.7825,0.7278,0.7779,0.7033,0.8002,0.7338,0.7782,0.7306,0.7782,0.7225,0.7523,0.737,0.7841,0.7382,0.7825,0.7334,0.7782,0.717,0.7823,0.6991,0.7825,0.737,0.7771
0.725,0.7798,0.7243,0.7798,0.7317,0.7825,0.7435,0.7798,0.7314,0.7756,0.7035,0.7841,0.6637,0.7825,0.7193,0.7825,0.7316,0.7798,0.7286,0.7772,0.7307,0.7798,0.7841,0.7112,0.7798,0.7407,0.7798,0.7163,0.7841,0.7371,0.7825,0.6938,0.7841,0.7206,0.7841,0.7112,0.7798,0.7424,0.7825,0.7278,0.7779,0.7033,0.8002,0.7338,0.7782,0.7306,0.7782,0.7225,0.7523,0.737,0.7841,0.7382,0.7825,0.7334,0.7782,0.717,0.7823,0.6991,0.7825,0.737,0.7771
0.725,0.7798,0.7243,0.7798,0.7317,0.7825,0.7435,0.7798,0.7314,0.7756,0.7035,0.7841,0.6637,0.7825,0.7193,0.7825,0.7316,0.7798,0.7286,0.7823,0.7307,0.7798,0.7841,0.7112,0.7798,0.7407,0.7798,0.7163,0.7841,0.7371,0.7825,0.6938,0.7841,0.7206,0.7841,0.716,0.7798,0.7424,0.7825,0.7278,0.7779,0.7033,0.8002,0.7338,0.7782,0.7306,0.7797,0.7225,0.7523,0.737,0.7841,0.7382,0.7825,0.7334,0.7782,0.717,0.7823,0.6991,0.7825,0.737,0.7771
0.725,0.7798,0.7243,0.7798,0.7317,0.7825,0.7435,0.7798,0.7314,0.7756,0.7035,0.7841,0.6637,0.7825,0.7193,0.7825,0.7316,0.7798,0.7286,0.7823,0.7307,0.7798,0.7841,0.7112,0.7798,0.7407,0.7798,0.7163,0.7841,0.7371,0.7825,0.6938,0.7841,0.7206,0.7841,0.716,0.7798,0.7424,0.7825,0.7278,0.7779,0.7033,0.8002,0.7338,0.7782,0.7306,0.7797,0.7225,0.7523,0.737,0.7841,0.7382,0.7825,0.7334,0.7782,0.717,0.7823,0.6991,0.7825,0.737,0.7771
0.725,0.7798,0.7243,0.7798,0.7317,0.7825,0.7435,0.7798,0.7314,0.7756,0.7035,0.7841,0.6637,0.7825,0.7193,0.7825,0.7316,0.7798,0.7286,0.7823,0.7307,0.7798,0.7841,0.7112,0.7798,0.7407,0.7798,0.7163,0.7841,0.7371,0.7825,0.6938,0.7841,0.7206,0.7841,0.716,0.7798,0.7424,0.7825,0.7278,0.7779,0.7033,0.8002,0.7338,0.7782,0.7306,0.7797,0.7225,0.7523,0.737,0.7841,0.7382,0.7825,0.7334,0.7782,0.717,0.7823,0.6991,0.7825,0.737,0.7771
0.725,0.7798,0.7243,0.7798,0.7317,0.7825,0.7435,0.7798,0.7314,0.7756,0.7035,0.7841,0.6637,0.7825,0.7193,0.7825,0.7316,0.7798,0.7286,0.7823,0.7307,0.7798,0.7841,0.7112,0.7798,0.7407,0.7798,0.7163,0.7841,0.7371,0.7825,0.6938,0.7841,0.7206,0.7841,0.716,0.7798,0.7424,0.7825,0.7278,0.7779,0.7033,0.8002,0.7338,0.7782,0.7306,0.7797,0.7225,0.7523,0.737,0.7841,0.7382,0.7825,0.7334,0.7798,0.717,0.7823,0.6991,0.7825,0.737,0.7771
0.725,0.7798,0.7243,0.7798,0.7317,0.7825,0.7435,0.7798,0.7314,0.7756,0.7035,0.7841,0.6637,0.7825,0.7193,0.7825,0.7316,0.7798,0.7286,0.7823,0.7307,0.7798,0.7841,0.7112,0.7798,0.7407,0.7798,0.7163,0.7841,0.7371,0.7825,0.6938,0.7841,0.7206,0.7841,0.716,0.7798,0.7424,0.7825,0.7278,0.7779,0.7033,0.8002,0.7338,0.7782,0.7306,0.7797,0.7225,0.7523,0.737,0.7841,0.7382,0.7825,0.7334,0.7798,0.717,0.7823,0.701,0.7825,0.737,0.7771
0.725,0.7798,0.7243,0.7798,0.7317,0.7825,0.7435,0.7798,0.7314,0.7756,0.7035,0.7841,0.6637,0.7825,0.7193,0.7825,0.7316,0.7798,0.7286,0.7823,0.7307,0.7798,0.7841,0.7112,0.7798,0.7407,0.7798,0.7163,0.7841,0.7371,0.7825,0.6938,0.7841,0.7206,0.7841,0.716,0.7798,0.7424,0.7825,0.7278,0.7779,0.7033,0.8002,0.7338,0.7782,0.7306,0.7797,0.7225,0.7523,0.737,0.7841,0.7382,0.7825,0.7334,0.7798,0.717,0.7823,0.701,0.7825,0.737,0.7771
0.725,0.7798,0.7243,0.7798,0.7317,0.7825,0.7435,0.7798,0.7314,0.7756,0.7035,0.7841,0.6637,0.7825,0.7193,0.7825,0.7316,0.7798,0.7286,0.7823,0.7307,0.7798,0.7841,0.7112,0.7798,0.7407,0.7798,0.7163,0.7841,0.7371,0.7825,0.6938,0.7841,0.7206,0.7841,0.716,0.7798,0.7424,0.7825,0.7278,0.7779,0.7033,0.8002,0.7338,0.7782,0.7306,0.7797,0.7225,0.7523,0.737,0.7841,0.7382,0.7825,0.7334,0.7798,0.717,0.7823,0.701,0.7825,0.737,0.7771
0.725,0.7798,0.7243,0.7798,0.7317,0.7825,0.7435,0.7798,0.7314,0.7756,0.7035,0.7841,0.6637,0.7825,0.7193,0.7825,0.7316,0.7798,0.7286,0.7823,0.7307,0.7798,0.7841,0.7112,0.7798,0.7407,0.7823,0.7163,0.7841,0.7371,0.7825,0.6938,0.7841,0.721,0.7841,0.716,0.7798,0.7424,0.7825,0.7278,0.7779,0.7033,0.8002,0.7338,0.7782,0.7306,0.7797,0.7225,0.7523,0.737,0.7841,0.7382,0.7825,0.7334,0.7798,0.717,0.7823,0.701,0.7825,0.737,0.7771
0.725,0.7798,0.7243,0.7798,0.7317,0.7825,0.7435,0.7798,0.7314,0.7756,0.7035,0.7841,0.6637,0.7825,0.7193,0.7825,0.7316,0.7798,0.7286,0.7823,0.7307,0.7798,0.7841,0.7112,0.7798,0.7407,0.7823,0.7163,0.7841,0.7371,0.7825,0.6938,0.7841,0.721,0.7841,0.716,0.7798,0.7424,0.7825,0.7278,0.7779,0.7033,0.8002,0.7338,0.7782,0.7306,0.7797,0.7225,0.7578,0.737,0.7841,0.7382,0.7825,0.7334,0.7798,0.717,0.7823,0.701,0.7825,0.737,0.7771
0.725,0.7798,0.7243,0.7798,0.7317,0.7825,0.7435,0.7798,0.7314,0.7756,0.7035,0.7841,0.6637,0.7825,0.7193,0.7825,0.7316,0.7798,0.7286,0.7823,0.7307,0.7798,0.7841,0.7112,0.7798,0.7407,0.7823,0.7163,0.7841,0.7371,0.7825,0.6938,0.7841,0.721,0.7841,0.716,0.7798,0.7424,0.7825,0.7278,0.7779,0.7033,0.8002,0.7338,0.7782,0.7306,0.7797,0.7225,0.7578,0.737,0.7841,0.7382,0.7825,0.7334,0.7798,0.717,0.7823,0.701,0.7825,0.737,0.7771
0.725,0.7798,0.7243,0.7798,0.7317,0.7825,0.7435,0.7798,0.7314,0.7756,0.7035,0.7841,0.6637,0.7825,0.7193,0.7825,0.7316,0.7798,0.7286,0.7823,0.7307,0.7798,0.7841,0.7112,0.7798,0.7407,0.7823,0.7163,0.7841,0.7371,0.7825,0.6938,0.7841,0.721,0.7841,0.716,0.7798,0.7424,0.7825,0.7278,0.7779,0.7033,0.8002,0.7338,0.7782,0.7306,0.7798,0.7225,0.7578,0.737,0.7841,0.7382,0.7825,0.7334,0.7798,0.717,0.7825,0.7254,0.7825,0.737,0.7771
0.725,0.7798,0.7243,0.7798,0.7317,0.7825,0.7435,0.7798,0.7314,0.7756,0.7035,0.7841,0.6637,0.7825,0.7193,0.7825,0.7316,0.7798,0.7286,0.7823,0.7307,0.7798,0.7841,0.7166,0.7798,0.7407,0.7823,0.7163,0.7841,0.7371,0.7825,0.6938,0.7841,0.721,0.7841,0.716,0.7798,0.7424,0.7825,0.7278,0.7779,0.7033,0.8002,0.7338,0.7782,0.7306,0.7798,0.7225,0.7578,0.737,0.7841,0.7382,0.7825,0.7334,0.7798,0.717,0.7825,0.7254,0.7825,0.737,0.7771
0.725,0.7798,0.7243,0.7798,0.7317,0.7825,0.7435,0.7798,0.7314,0.7756,0.7035,0.7841,0.6637,0.7825,0.7193,0.7825,0.7316,0.7798,0.7286,0.7823,0.7307,0.7798,0.7841,0.721,0.7798,0.7407,0.7823,0.7163,0.7841,0.7371,0.7825,0.6938,0.7841,0.721,0.7841,0.716,0.7798,0.7424,0.7825,0.7278,0.7779,0.7033,0.8002,0.7338,0.7782,0.7306,0.7798,0.7225,0.7578,0.737,0.7841,0.7382,0.7825,0.7334,0.7841,0.717,0.7825,0.7254,0.7825,0.737,0.7771
0.725,0.7798,0.7243,0.7798,0.7317,0.7825,0.7435,0.7798,0.7314,0.7756,0.7035,0.7841,0.6637,0.7825,0.7193,0.7825,0.7316,0.7798,0.7286,0.7823,0.7307,0.7798,0.7841,0.721,0.7798,0.7407,0.7823,0.7163,0.7841,0.7371,0.7825,0.6938,0.7841,0.721,0.7841,0.716,0.7798,0.7424,0.7825,0.7278,0.7779,0.7033,0.8002,0.7338,0.7782,0.7306,0.7798,0.7225,0.7578,0.737,0.7841,0.7382,0.7825,0.7334,0.7841,0.717,0.7825,0.7254,0.7825,0.737,0.7771
0.725,0.7798,0.7243,0.7798,0.7317,0.7825,0.7435,0.7798,0.7314,0.7756,0.7035,0.7841,0.6637,0.7825,0.7193,0.7825,0.7316,0.7798,0.7286,0.7841,0.7307,0.7798,0.7841,0.721,0.7798,0.7407,0.7823,0.7163,0.7841,0.7371,0.7825,0.6938,0.7841,0.721,0.7841,0.716,0.7798,0.7424,0.7825,0.7278,0.7779,0.7033,0.8002,0.7338,0.7798,0.7306,0.7798,0.7225,0.7578,0.737,0.7841,0.7382,0.7825,0.7334,0.7841,0.717,0.7825,0.7254,0.7825,0.737,0.7771
0.725,0.7798,0.7243,0.7798,0.7317,0.7825,0.7435,0.7798,0.7314,0.7756,0.7035,0.7841,0.6637,0.7825,0.7193,0.7825,0.7316,0.7798,0.7286,0.7841,0.7307,0.7798,0.7841,0.721,0.7798,0.7407,0.7823,0.7163,0.7841,0.7371,0.7825,0.6938,0.7841,0.721,0.7841,0.716,0.7798,0.7424,0.7825,0.7278,0.7779,0.7045,0.8002,0.7338,0.7798,0.7306,0.7798,0.7225,0.7578,0.737,0.7841,0.7382,0.7825,0.7334,0.7841,0.717,0.7825,0.7254,0.7825,0.737,0.7771
0.725,0.7798,0.7243,0.7798,0.7317,0.7825,0.7435,0.7798,0.7314,0.7756,0.7035,0.7841,0.6637,0.7825,0.7193,0.7825,0.7316,0.7825,0.7286,0.7841,0.7307,0.7798,0.7841,0.721,0.7798,0.7407,0.7823,0.7163,0.7841,0.7371,0.7825,0.6938,0.7841,0.721,0.7841,0.716,0.7798,0.7424,0.7825,0.7278,0.7779,0.7045,0.8002,0.7338,0.7798,0.7306,0.7798,0.7225,0.7578,0.737,0.7841,0.7382,0.7825,0.7334,0.7841,0.717,0.7825,0.7254,0.7825,0.737,0.7771
0.725,0.7798,0.7243,0.7798,0.7317,0.7825,0.7435,0.7798,0.7314,0.7756,0.7035,0.7841,0.6637,0.7825,0.7193,0.7825,0.7316,0.7825,0.7286,0.7841,0.7307,0.7798,0.7841,0.721,0.7798,0.7407,0.7823,0.7163,0.7841,0.7371,0.7825,0.6938,0.7841,0.721,0.7841,0.716,0.7798,0.7424,0.7825,0.7278,0.7779,0.7045,0.8002,0.7338,0.7798,0.7306,0.7798,0.7225,0.7578,0.737,0.7841,0.7382,0.7825,0.7334,0.7841,0.717,0.7825,0.7254,0.7825,0.737,0.7771
0.725,0.7798,0.7243,0.7798,0.7317,0.7825,0.7435,0.7798,0.7314,0.7756,0.7035,0.7841,0.6637,0.7825,0.7193,0.7825,0.7316,0.7825,0.7286,0.7841,0.7307,0.7798,0.7841,0.721,0.7798,0.7407,0.7823,0.7163,0.7841,0.7371,0.7825,0.6938,0.7841,0.721,0.7841,0.716,0.7798,0.7424,0.7825,0.7278,0.7779,0.7045,0.8002,0.7338,0.7798,0.7306,0.7798,0.7225,0.7578,0.737,0.7841,0.7382,0.7825,0.7334,0.7841,0.717,0.7825,0.7254,0.7825,0.737,0.7771
0.725,0.7798,0.7243,0.7798,0.7317,0.7825,0.7435,0.7798,0.7314,0.7756,0.7035,0.7841,0.6637,0.7825,0.7193,0.7825,0.7316,0.7825,0.7286,0.7841,0.7307,0.7798,0.7841,0.721,0.7798,0.7407,0.7823,0.7163,0.7841,0.7371,0.7825,0.6938,0.7841,0.721,0.7841,0.716,0.7798,0.7424,0.7825,0.7278,0.7779,0.7045,0.8002,0.7338,0.7798,0.7306,0.7798,0.7225,0.7578,0.737,0.7841,0.7382,0.7825,0.7334,0.7841,0.717,0.7825,0.7254,0.7825,0.737,0.7771
0.725,0.7798,0.7243,0.7798,0.7317,0.7825,0.7435,0.7798,0.7314,0.7756,0.7035,0.7841,0.6637,0.7825,0.7193,0.7825,0.7316,0.7825,0.7286,0.7841,0.7307,0.7798,0.7841,0.721,0.7798,0.7407,0.7823,0.7163,0.7841,0.7371,0.7825,0.6938,0.7841,0.721,0.7841,0.716,0.7798,0.7424,0.7825,0.7278,0.7779,0.7045,0.8002,0.7338,0.7798,0.7306,0.7798,0.7225,0.7578,0.737,0.7841,0.7382,0.7825,0.7334,0.7841,0.717,0.7825,0.7254,0.7825,0.737,0.7771
0.725,0.7798,0.7243,0.7798,0.7317,0.7825,0.7435,0.7798,0.7314,0.7756,0.7035,0.7841,0.6637,0.7825,0.7193,0.7825,0.7316,0.7825,0.7286,0.7841,0.7307,0.7798,0.7841,0.721,0.7798,0.7407,0.7823,0.717,0.7841,0.7371,0.7825,0.6938,0.7841,0.721,0.7841,0.716,0.7798,0.7424,0.7825,0.7278,0.7779,0.7158,0.8002,0.7338,0.7798,0.7306,0.7798,0.7225,0.7578,0.737,0.7841,0.7382,0.7825,0.7334,0.7841,0.717,0.7825,0.7254,0.7825,0.737,0.7771
0.725,0.7798,0.7243,0.7798,0.7317,0.7825,0.7435,0.7798,0.7314,0.7756,0.7035,0.7841,0.6637,0.7825,0.7193,0.7825,0.7316,0.7825,0.7286,0.7841,0.7307,0.7798,0.7841,0.721,0.7798,0.7407,0.7823,0.717,0.7841,0.7371,0.7825,0.6938,0.7841,0.721,0.7841,0.716,0.7815,0.7424,0.7825,0.7278,0.7779,0.7158,0.8002,0.7338,0.7798,0.7306,0.7798,0.7225,0.7578,0.737,0.7841,0.7382,0.7825,0.7334,0.7841,0.717,0.7825,0.7254,0.7825,0.737,0.7771
0.725,0.7798,0.7243,0.7798,0.7317,0.7825,0.7435,0.7798,0.7314,0.7756,0.7035,0.7841,0.6637,0.7841,0.7193,0.7825,0.7316,0.7825,0.7286,0.7841,0.7307,0.7798,0.7841,0.721,0.7798,0.7407,0.7823,0.717,0.7841,0.7371,0.7825,0.6938,0.7841,0.721,0.7841,0.716,0.7815,0.7424,0.7825,0.7278,0.7779,0.7158,0.8002,0.7338,0.7798,0.7306,0.7798,0.7225,0.7578,0.737,0.7841,0.7382,0.7825,0.7334,0.7841,0.717,0.7825,0.7254,0.7825,0.737,0.7771
0.725,0.7798,0.7243,0.7798,0.7317,0.7825,0.7435,0.7798,0.7314,0.7756,0.7238,0.7841,0.6637,0.7841,0.7193,0.7825,0.7316,0.7825,0.7286,0.7841,0.7307,0.7798,0.7841,0.721,0.7798,0.7407,0.7825,0.717,0.7841,0.7371,0.7825,0.6938,0.7841,0.721,0.7841,0.716,0.7815,0.7424,0.7825,0.7278,0.7779,0.7158,0.8002,0.7338,0.7798,0.7306,0.7798,0.7225,0.7578,0.737,0.7841,0.7382,0.7825,0.7334,0.7841,0.7371,0.7825,0.7254,0.7825,0.737,0.7771
0.725,0.7798,0.7243,0.7798,0.7317,0.7825,0.7435,0.7798,0.7314,0.7756,0.7238,0.7841,0.6637,0.7841,0.7193,0.7825,0.7316,0.7825,0.7286,0.7841,0.7307,0.7798,0.7841,0.721,0.7798,0.7407,0.7825,0.717,0.7841,0.7371,0.7825,0.6938,0.7841,0.721,0.7841,0.716,0.7815,0.7424,0.7825,0.7278,0.7779,0.7158,0.8002,0.7338,0.7798,0.7306,0.7798,0.7225,0.7578,0.737,0.7841,0.7382,0.7825,0.7334,0.7841,0.7371,0.7825,0.7254,0.7825,0.737,0.7771
0.725,0.7798,0.7243,0.7825,0.7317,0.7825,0.7435,0.7798,0.7314,0.7756,0.7238,0.7841,0.6637,0.7841,0.7193,0.7825,0.7316,0.7825,0.7286,0.7841,0.7307,0.7825,0.7841,0.721,0.7798,0.7407,0.7825,0.717,0.7841,0.7371,0.7841,0.6938,0.7841,0.721,0.7841,0.716,0.7815,0.7424,0.7825,0.7278,0.7779,0.7158,0.8002,0.7338,0.7798,0.7306,0.7798,0.7225,0.7578,0.737,0.7841,0.7382,0.7825,0.7334,0.7841,0.7371,0.7825,0.7254,0.7825,0.737,0.7771
0.725,0.7798,0.7243,0.7825,0.7317,0.7825,0.7435,0.7798,0.7314,0.7756,0.7238,0.7841,0.6637,0.7841,0.7193,0.7825,0.7316,0.7825,0.7286,0.7841,0.7307,0.7825,0.7841,0.721,0.7798,0.7407,0.7825,0.717,0.7841,0.7371,0.7841,0.6938,0.7841,0.721,0.7841,0.716,0.7815,0.7424,0.7825,0.7278,0.7779,0.7158,0.8002,0.7338,0.7798,0.7306,0.7798,0.7225,0.7578,0.737,0.7841,0.7382,0.7825,0.7334,0.7841,0.7371,0.7825,0.7254,0.7825,0.737,0.7771
0.725,0.7798,0.7243,0.7825,0.7317,0.7825,0.7435,0.7798,0.7314,0.7756,0.7238,0.7841,0.6637,0.7841,0.7193,0.7825,0.7316,0.7825,0.7286,0.7841,0.7307,0.7825,0.7841,0.721,0.7798,0.7407,0.7825,0.717,0.7841,0.7371,0.7841,0.6938,0.7841,0.721,0.7841,0.716,0.7815,0.7424,0.7825,0.7278,0.7779,0.7158,0.8002,0.7338,0.7798,0.7306,0.7798,0.7225,0.7578,0.737,0.7841,0.7382,0.7825,0.7334,0.7841,0.7371,0.7825,0.7254,0.7825,0.737,0.7771
0.725,0.7798,0.7243,0.7825,0.7317,0.7825,0.7435,0.7815,0.7314,0.7756,0.7238,0.7841,0.6637,0.7841,0.7193,0.7825,0.7316,0.7825,0.7286,0.7841,0.7307,0.7825,0.7841,0.721,0.7798,0.7407,0.7825,0.717,0.7841,0.7371,0.7841,0.6938,0.7841,0.721,0.7841,0.716,0.7815,0.7424,0.7825,0.7278,0.7779,0.7158,0.8002,0.7338,0.7798,0.7306,0.7798,0.7225,0.7578,0.737,0.7841,0.7382,0.7825,0.7334,0.7841,0.7371,0.7825,0.7254,0.7825,0.737,0.7771
0.725,0.7798,0.7243,0.7825,0.7317,0.7825,0.7435,0.7815,0.7314,0.7756,0.7238,0.7841,0.6637,0.7841,0.7193,0.7825,0.7316,0.7825,0.7286,0.7841,0.7307,0.7825,0.7841,0.721,0.7798,0.7407,0.7825,0.717,0.7841,0.7371,0.7841,0.6938,0.7841,0.721,0.7841,0.716,0.7815,0.7424,0.7825,0.7278,0.7779,0.7158,0.8002,0.7338,0.7798,0.7306,0.7798,0.7225,0.7578,0.737,0.7841,0.7382,0.7825,0.7334,0.7841,0.7371,0.7825,0.7254,0.7825,0.737,0.7771
0.725,0.7798,0.7243,0.7825,0.7317,0.7825,0.7435,0.7815,0.7314,0.7756,0.7238,0.7841,0.6637,0.7841,0.7193,0.7825,0.7316,0.7825,0.7286,0.7841,0.7307,0.7825,0.7841,0.721,0.7798,0.7407,0.7825,0.717,0.7841,0.7371,0.7841,0.6938,0.7841,0.721,0.7841,0.716,0.7815,0.7424,0.7825,0.7278,0.7779,0.7158,0.8002,0.7338,0.7798,0.7306,0.7798,0.7225,0.7578,0.737,0.7841,0.7382,0.7825,0.7334,0.7841,0.7371,0.7825,0.7254,0.7825,0.737,0.7771
0.725,0.7798,0.7243,0.7825,0.7317,0.7825,0.7435,0.7815,0.7314,0.7756,0.7238,0.7841,0.6637,0.7841,0.7193,0.7825,0.7316,0.7825,0.7286,0.7841,0.7307,0.7825,0.7841,0.721,0.7798,0.7407,0.7825,0.717,0.7841,0.7371,0.7841,0.6938,0.7841,0.721,0.7841,0.716,0.7815,0.7424,0.7825,0.7278,0.7779,0.7158,0.8002,0.7338,0.7798,0.7306,0.7798,0.7225,0.7578,0.737,0.7841,0.7382,0.7825,0.7334,0.7841,0.7371,0.7825,0.7254,0.7825,0.737,0.7771
0.7362,0.7798,0.7243,0.7825,0.7317,0.7825,0.7435,0.7815,0.7314,0.7756,0.7238,0.7841,0.6637,0.7841,0.7193,0.7825,0.7316,0.7825,0.7286,0.7841,0.7307,0.7825,0.7841,0.721,0.7798,0.7407,0.7825,0.717,0.7841,0.7371,0.7841,0.6938,0.7841,0.721,0.7841,0.716,0.7815,0.7424,0.7825,0.7278,0.7779,0.7158,0.8002,0.7338,0.7798,0.7306,0.7798,0.7225,0.7578,0.737,0.7841,0.7382,0.7825,0.7334,0.7841,0.7371,0.7825,0.7254,0.7825,0.737,0.7771
0.7362,0.7798,0.7243,0.7825,0.7317,0.7825,0.7435,0.7815,0.7314,0.7756,0.7238,0.7841,0.6637,0.7841,0.7193,0.7825,0.7316,0.7825,0.7286,0.7841,0.7307,0.7825,0.7841,0.721,0.7798,0.7407,0.7825,0.717,0.7841,0.7371,0.7841,0.6938,0.7841,0.721,0.7841,0.716,0.7815,0.7424,0.7825,0.7278,0.7779,0.7158,0.8002,0.7338,0.7798,0.7306,0.7798,0.7225,0.7578,0.737,0.7841,0.7382,0.7825,0.7334,0.7841,0.7371,0.7825,0.7254,0.7825,0.737,0.7771
0.7362,0.7798,0.7243,0.7825,0.7317,0.7825,0.7435,0.7815,0.7314,0.7756,0.7238,0.7841,0.6637,0.7841,0.7193,0.7825,0.7316,0.7825,0.7286,0.7841,0.7307,0.7825,0.7841,0.721,0.7798,0.7407,0.7825,0.717,0.7841,0.7371,0.7841,0.6938,0.7841,0.721,0.7841,0.716,0.7815,0.7424,0.7825,0.7278,0.7779,0.7158,0.8002,0.7338,0.7798,0.7306,0.7798,0.7225,0.7578,0.737,0.7841,0.7382,0.7825,0.7334,0.7841,0.7371,0.7825,0.7254,0.7825,0.737,0.7771
0.7362,0.7798,0.7243,0.7825,0.7317,0.7825,0.7435,0.7815,0.7314,0.7756,0.7238,0.7841,0.6637,0.7841,0.7193,0.7825,0.7316,0.7825,0.7286,0.7841,0.7307,0.7825,0.7841,0.721,0.7798,0.7407,0.7825,0.717,0.7841,0.7371,0.7841,0.6938,0.7841,0.721,0.7841,0.716,0.7815,0.7424,0.7825,0.7278,0.7779,0.7158,0.8002,0.7338,0.7798,0.7336,0.7798,0.7225,0.7581,0.737,0.7841,0.7382,0.7825,0.7334,0.7841,0.7371,0.7825,0.7254,0.7825,0.737,0.7771
0.7362,0.7798,0.7243,0.7825,0.7317,0.7825,0.7435,0.7815,0.7314,0.7779,0.7238,0.7841,0.6637,0.7841,0.7193,0.7825,0.7316,0.7825,0.7286,0.7841,0.7307,0.7825,0.7841,0.721,0.7798,0.7407,0.7825,0.717,0.7841,0.7371,0.7841,0.6938,0.7841,0.721,0.7841,0.716,0.7815,0.7424,0.7841,0.7278,0.7779,0.7158,0.8002,0.7338,0.7798,0.7336,0.7798,0.7225,0.7581,0.737,0.7841,0.7382,0.7825,0.7334,0.7841,0.7371,0.7825,0.7254,0.7825,0.737,0.7771
0.7362,0.7798,0.7243,0.7825,0.7317,0.7825,0.7435,0.7815,0.7314,0.7779,0.7238,0.7841,0.6637,0.7841,0.7193,0.7825,0.7316,0.7825,0.7286,0.7841,0.7307,0.7825,0.7841,0.721,0.7798,0.7407,0.7825,0.717,0.7841,0.7371,0.7841,0.6938,0.7841,0.721,0.7841,0.716,0.7815,0.7424,0.7841,0.7278,0.7779,0.7158,0.8002,0.7338,0.7798,0.7336,0.7798,0.725,0.7581,0.737,0.7841,0.7382,0.7825,0.7334,0.7841,0.7371,0.7825,0.7254,0.7825,0.737,0.7771
0.7362,0.7798,0.7243,0.7825,0.7317,0.7825,0.7435,0.7815,0.7459,0.7779,0.7238,0.7841,0.6637,0.7841,0.7193,0.7825,0.7316,0.7825,0.7286,0.7841,0.7307,0.7825,0.7841,0.721,0.7798,0.7407,0.7825,0.717,0.7841,0.7371,0.7841,0.6938,0.7841,0.721,0.7841,0.716,0.7815,0.7424,0.7841,0.7278,0.7779,0.7158,0.8002,0.7338,0.7798,0.7336,0.7798,0.725,0.7581,0.737,0.7841,0.7382,0.7825,0.7334,0.7841,0.7371,0.7825,0.7254,0.7825,0.737,0.7771
0.7362,0.7798,0.7243,0.7825,0.7317,0.7825,0.7435,0.7815,0.7459,0.7779,0.7238,0.7841,0.6637,0.7841,0.7193,0.7825,0.7316,0.7825,0.7286,0.7841,0.7307,0.7825,0.7841,0.721,0.7798,0.7407,0.7825,0.717,0.7841,0.7371,0.7841,0.6938,0.7841,0.721,0.7841,0.716,0.7815,0.7424,0.7841,0.7278,0.7779,0.7158,0.8002,0.7338,0.7798,0.7336,0.7798,0.725,0.7581,0.737,0.7841,0.7382,0.7825,0.7334,0.7841,0.7371,0.7825,0.7254,0.7825,0.737,0.7771
0.7362,0.7798,0.7243,0.7825,0.7317,0.7825,0.7435,0.7815,0.7459,0.7779,0.7238,0.7841,0.6637,0.7841,0.7193,0.7825,0.7316,0.7825,0.7286,0.7841,0.7326,0.7825,0.7841,0.721,0.7798,0.7407,0.7825,0.717,0.7841,0.7371,0.7841,0.6938,0.7841,0.721,0.7841,0.716,0.7825,0.7424,0.7841,0.7278,0.7779,0.7158,0.8002,0.7338,0.7798,0.7336,0.7798,0.725,0.7581,0.737,0.7841,0.7382,0.7825,0.7334,0.7841,0.7371,0.7825,0.7254,0.7825,0.737,0.7825
0.7362,0.7798,0.7243,0.7825,0.7317,0.7825,0.7435,0.7815,0.7459,0.7779,0.7238,0.7841,0.6637,0.7841,0.7193,0.7825,0.7316,0.7825,0.7286,0.7841,0.7326,0.7825,0.7841,0.721,0.7825,0.7407,0.7825,0.717,0.7841,0.7371,0.7841,0.6938,0.7841,0.721,0.7841,0.716,0.7825,0.7424,0.7841,0.7278,0.7779,0.7158,0.8002,0.7338,0.7798,0.7336,0.7798,0.725,0.7581,0.737,0.7841,0.7382,0.7825,0.7334,0.7841,0.7371,0.7825,0.7254,0.7825,0.737,0.7825
0.7362,0.7798,0.7243,0.7825,0.7317,0.7825,0.7435,0.7815,0.7459,0.7779,0.7238,0.7841,0.6637,0.7841,0.7193,0.7825,0.7316,0.7825,0.7286,0.7841,0.7326,0.7825,0.7841,0.721,0.7825,0.7407,0.7825,0.717,0.7841,0.7371,0.7841,0.6938,0.7841,0.721,0.7841,0.716,0.7825,0.7424,0.7841,0.7278,0.7779,0.7158,0.8002,0.7338,0.7798,0.7336,0.7798,0.725,0.7581,0.737,0.7841,0.7382,0.7825,0.7334,0.7841,0.7371,0.7825,0.7254,0.7825,0.737,0.7825
0.7362,0.7798,0.7243,0.7825,0.7317,0.7825,0.7435,0.7815,0.7459,0.7779,0.7238,0.7841,0.6637,0.7841,0.7193,0.7825,0.7316,0.7825,0.7286,0.7841,0.7326,0.7825,0.7841,0.721,0.7825,0.7407,0.7825,0.7236,0.7841,0.7371,0.7841,0.6938,0.7841,0.721,0.7841,0.716,0.7825,0.7424,0.7841,0.7278,0.7779,0.7158,0.8002,0.7338,0.7798,0.7336,0.7798,0.725,0.7581,0.737,0.7841,0.7382,0.7825,0.7334,0.7841,0.7371,0.7825,0.7254,0.7825,0.737,0.7825
0.7362,0.7798,0.7243,0.7825,0.7317,0.7825,0.7435,0.7815,0.7459,0.7779,0.7238,0.7841,0.6637,0.7841,0.7193,0.7825,0.7316,0.7825,0.7286,0.7841,0.7326,0.7825,0.7841,0.7363,0.7825,0.7407,0.7825,0.7236,0.7841,0.7371,0.7841,0.6938,0.7841,0.721,0.7841,0.716,0.7825,0.7424,0.7841,0.7278,0.7779,0.7158,0.8002,0.7338,0.7798,0.7336,0.7798,0.725,0.7581,0.737,0.7841,0.7382,0.7825,0.7334,0.7841,0.7371,0.7825,0.7254,0.7825,0.737,0.7825
0.7362,0.7798,0.7243,0.7825,0.7317,0.7825,0.7435,0.7815,0.7459,0.7779,0.7238,0.7841,0.6637,0.7841,0.7193,0.7825,0.7316,0.7825,0.7286,0.7841,0.7326,0.7825,0.7841,0.7363,0.7825,0.7407,0.7825,0.7236,0.7841,0.7371,0.7841,0.6938,0.7841,0.721,0.7841,0.716,0.7825,0.7424,0.7841,0.7278,0.7779,0.7158,0.8002,0.7338,0.7798,0.7336,0.7798,0.725,0.7581,0.737,0.7841,0.7382,0.7825,0.7334,0.7841,0.7371,0.7825,0.7254,0.7825,0.737,0.7825
0.7362,0.7798,0.7243,0.7825,0.7317,0.7825,0.7435,0.7815,0.7459,0.7779,0.7238,0.7841,0.6637,0.7841,0.7193,0.7825,0.7316,0.7825,0.7286,0.7841,0.7326,0.7825,0.7841,0.7363,0.7825,0.7407,0.7825,0.7236,0.7841,0.7371,0.7841,0.6938,0.7841,0.721,0.7841,0.716,0.7825,0.7424,0.7841,0.7278,0.7779,0.7158,0.8002,0.7338,0.7798,0.7336,0.7798,0.725,0.7581,0.737,0.7841,0.7382,0.7825,0.7334,0.7841,0.7371,0.7825,0.7254,0.7825,0.737,0.7825
0.7362,0.7798,0.7243,0.7825,0.7317,0.7825,0.7435,0.7815,0.7459,0.7779,0.7238,0.7841,0.6637,0.7841,0.7193,0.7825,0.7316,0.7825,0.7286,0.7841,0.7326,0.7825,0.7841,0.7363,0.7825,0.7407,0.7825,0.7236,0.7841,0.7371,0.7841,0.6938,0.7841,0.721,0.7841,0.716,0.7825,0.7424,0.7841,0.7278,0.7779,0.7158,0.8002,0.7338,0.7798,0.7336,0.7798,0.725,0.7581,0.737,0.7841,0.7382,0.7825,0.7334,0.7841,0.7371,0.7825,0.7254,0.7825,0.737,0.7825
0.7362,0.7798,0.7243,0.7825,0.7317,0.7825,0.7435,0.7815,0.7459,0.7779,0.7238,0.7841,0.6637,0.7841,0.7193,0.7825,0.7316,0.7825,0.7286,0.7841,0.7326,0.7825,0.7841,0.7363,0.7825,0.7407,0.7825,0.7236,0.7841,0.7371,0.7841,0.6938,0.7841,0.721,0.7841,0.716,0.7825,0.7424,0.7841,0.7278,0.7779,0.7158,0.8002,0.7338,0.7798,0.7336,0.7798,0.725,0.7581,0.737,0.7841,0.7382,0.7825,0.7334,0.7841,0.7371,0.7825,0.7254,0.7825,0.737,0.7825
0.7362,0.7798,0.7283,0.7825,0.7317,0.7825,0.7435,0.7815,0.7459,0.7797,0.7238,0.7841,0.6637,0.7841,0.7193,0.7825,0.7316,0.7825,0.7286,0.7841,0.7326,0.7825,0.7841,0.7363,0.7825,0.7407,0.7825,0.7236,0.7841,0.7371,0.7841,0.6938,0.7841,0.721,0.7841,0.716,0.7825,0.7424,0.7841,0.7278,0.7779,0.7158,0.8002,0.7338,0.7798,0.7336,0.7798,0.725,0.7581,0.737,0.7841,0.7382,0.7825,0.7334,0.7841,0.7371,0.7825,0.7254,0.7825,0.737,0.7825
0.7362,0.7798,0.7283,0.7825,0.7317,0.7825,0.7435,0.7815,0.7459,0.7797,0.7238,0.7841,0.6637,0.7841,0.7193,0.7841,0.7316,0.7825,0.7286,0.7841,0.7326,0.7825,0.7841,0.7363,0.7825,0.7407,0.7825,0.7236,0.7841,0.7371,0.7841,0.6938,0.7841,0.721,0.7841,0.716,0.7825,0.7424,0.7841,0.7278,0.7779,0.7158,0.8002,0.7338,0.7798,0.7336,0.7798,0.725,0.7581,0.737,0.7841,0.7382,0.7825,0.7334,0.7841,0.7371,0.7825,0.7254,0.7825,0.737,0.7825
0.7362,0.7798,0.7283,0.7825,0.7317,0.7825,0.7435,0.7815,0.7459,0.7797,0.7238,0.7841,0.6637,0.7841,0.7193,0.7841,0.7316,0.7825,0.7286,0.7841,0.7326,0.7825,0.7841,0.7363,0.7825,0.7407,0.7825,0.7236,0.7841,0.7371,0.7841,0.6938,0.7841,0.721,0.7841,0.7167,0.7825,0.7424,0.7841,0.7278,0.7779,0.7158,0.8002,0.7338,0.7798,0.7336,0.7798,0.725,0.7581,0.737,0.7841,0.7382,0.7825,0.7334,0.7841,0.7371,0.7825,0.7254,0.7825,0.737,0.7825
0.7362,0.7798,0.7283,0.7825,0.7317,0.7825,0.7435,0.7815,0.7459,0.7797,0.7238,0.7841,0.6637,0.7841,0.7193,0.7841,0.7317,0.7825,0.7286,0.7841,0.7326,0.7825,0.7841,0.7363,0.7825,0.7407,0.7825,0.7236,0.7841,0.7371,0.7841,0.6938,0.7841,0.721,0.7841,0.7167,0.7825,0.7424,0.7841,0.7278,0.7779,0.7158,0.8002,0.7338,0.7798,0.7336,0.7798,0.725,0.7581,0.737,0.7841,0.7382,0.7825,0.7334,0.7841,0.7371,0.7825,0.7254,0.7825,0.737,0.7825
0.7362,0.7798,0.7283,0.7825,0.7317,0.7825,0.7435,0.7815,0.7459,0.7797,0.7238,0.7841,0.6637,0.7841,0.7193,0.7841,0.7317,0.7825,0.7286,0.7841,0.7326,0.7825,0.7841,0.7363,0.7825,0.7407,0.7825,0.7236,0.7841,0.7371,0.7841,0.6938,0.7841,0.721,0.7841,0.7167,0.7825,0.7424,0.7841,0.7278,0.7779,0.7158,0.8002,0.7338,0.7798,0.7336,0.7798,0.725,0.7581,0.737,0.7841,0.7382,0.7825,0.7334,0.7841,0.7371,0.7825,0.7254,0.7825,0.737,0.7825
0.7362,0.7798,0.7283,0.7825,0.7317,0.7825,0.7435,0.7815,0.7459,0.7797,0.7238,0.7841,0.6637,0.7841,0.7193,0.7841,0.7317,0.7825,0.7286,0.7841,0.7326,0.7825,0.7841,0.7363,0.7825,0.7407,0.7825,0.7236,0.7841,0.7371,0.7841,0.6938,0.7841,0.721,0.7841,0.7167,0.7825,0.7424,0.7841,0.7278,0.7779,0.7158,0.8002,0.7338,0.7798,0.7336,0.7798,0.725,0.7581,0.737,0.7841,0.7382,0.7825,0.7334,0.7841,0.7371,0.7825,0.7254,0.7825,0.737,0.7825
0.7362,0.7798,0.7283,0.7825,0.7317,0.7825,0.7435,0.7815,0.7459,0.7797,0.7238,0.7841,0.6637,0.7841,0.7193,0.7841,0.7317,0.7825,0.7286,0.7841,0.7326,0.7825,0.7841,0.7363,0.7825,0.7407,0.7825,0.7236,0.7841,0.7371,0.7841,0.6938,0.7841,0.721,0.7841,0.7167,0.7825,0.7424,0.7841,0.7278,0.7779,0.7158,0.8002,0.7338,0.7798,0.7336,0.7798,0.725,0.7581,0.737,0.7841,0.7382,0.7825,0.7334,0.7841,0.7371,0.7825,0.7254,0.7825,0.737,0.7825
0.7362,0.7798,0.7283,0.7825,0.7317,0.7825,0.7435,0.7815,0.7459,0.7797,0.7238,0.7841,0.6637,0.7841,0.7193,0.7841,0.7317,0.7825,0.7286,0.7841,0.7326,0.7825,0.7841,0.7363,0.7825,0.7407,0.7825,0.7236,0.7841,0.7371,0.7841,0.6938,0.7841,0.721,0.7841,0.7167,0.7825,0.7424,0.7841,0.7278,0.7779,0.7158,0.8002,0.7338,0.7798,0.7336,0.7798,0.725,0.7581,0.737,0.7841,0.7382,0.7825,0.7334,0.7841,0.7371,0.7825,0.7254,0.7825,0.737,0.7825
0.7362,0.7798,0.7283,0.7825,0.7317,0.7825,0.7435,0.7815,0.7459,0.7797,0.7238,0.7841,0.6637,0.7841,0.7193,0.7841,0.7317,0.7825,0.7286,0.7841,0.7326,0.7825,0.7841,0.7363,0.7825,0.7407,0.7825,0.7236,0.7841,0.7371,0.7841,0.6938,0.7841,0.721,0.7841,0.7167,0.7825,0.7424,0.7841,0.7278,0.7779,0.7158,0.8002,0.7338,0.7798,0.7336,0.7798,0.725,0.7581,0.737,0.7841,0.7382,0.7825,0.7334,0.7841,0.7371,0.7825,0.7254,0.7825,0.737,0.7825
0.7362,0.7798,0.7283,0.7825,0.7317,0.7825,0.7435,0.7815,0.7459,0.7797,0.7238,0.7841,0.6637,0.7841,0.7193,0.7841,0.7317,0.7825,0.7286,0.7841,0.7326,0.7825,0.7841,0.7363,0.7825,0.7407,0.7825,0.7236,0.7841,0.7371,0.7841,0.6938,0.7841,0.721,0.7841,0.7167,0.7825,0.7424,0.7841,0.7278,0.7779,0.7158,0.8002,0.7338,0.7798,0.7336,0.7798,0.725,0.7581,0.737,0.7841,0.7382,0.7825,0.7334,0.7841,0.7371,0.7825,0.7254,0.7825,0.737,0.7825
0.7362,0.7798,0.7283,0.7825,0.7317,0.7825,0.7435,0.7815,0.7459,0.7797,0.7238,0.7841,0.6637,0.7841,0.7193,0.7841,0.7317,0.7825,0.7286,0.7841,0.7326,0.7825,0.7841,0.7363,0.7825,0.7407,0.7825,0.7236,0.7841,0.7371,0.7841,0.6938,0.7841,0.721,0.7841,0.7167,0.7825,0.7424,0.7841,0.7278,0.7779,0.7158,0.8002,0.7338,0.7798,0.7336,0.7798,0.725,0.7581,0.737,0.7841,0.7382,0.7825,0.7334,0.7841,0.7371,0.7825,0.7254,0.7825,0.737,0.7825
0.7362,0.7798,0.7283,0.7825,0.7317,0.7825,0.7435,0.7815,0.7459,0.7797,0.7238,0.7841,0.6637,0.7841,0.7193,0.7841,0.7317,0.7825,0.7286,0.7841,0.7326,0.7825,0.7841,0.7363,0.7825,0.7407,0.7825,0.7236,0.7841,0.7371,0.7841,0.6938,0.7841,0.721,0.7841,0.7167,0.7825,0.7424,0.7841,0.7278,0.7779,0.7158,0.8002,0.7338,0.7798,0.7336,0.7798,0.725,0.7581,0.737,0.7841,0.7382,0.7825,0.7334,0.7841,0.7371,0.7825,0.7254,0.7825,0.737,0.7825
0.7362,0.7798,0.7283,0.7825,0.7317,0.7825,0.7435,0.7815,0.7459,0.7797,0.7238,0.7841,0.6637,0.7841,0.7353,0.7841,0.7317,0.7825,0.7286,0.7841,0.7326,0.7825,0.7841,0.7363,0.7825,0.7407,0.7825,0.7236,0.7841,0.7371,0.7841,0.6938,0.7841,0.721,0.7841,0.7167,0.7825,0.7424,0.7841,0.7278,0.7779,0.7158,0.8002,0.7338,0.7798,0.7336,0.7798,0.725,0.7581,0.737,0.7841,0.7382,0.7825,0.7334,0.7841,0.7371,0.7825,0.7254,0.7825,0.737,0.7825
0.7362,0.7798,0.7283,0.7825,0.7317,0.7825,0.7435,0.7815,0.7459,0.7797,0.7238,0.7841,0.6637,0.7841,0.7353,0.7841,0.7317,0.7825,0.7286,0.7841,0.7326,0.7825,0.7841,0.7363,0.7825,0.7407,0.7825,0.7236,0.7841,0.7371,0.7841,0.6938,0.7841,0.721,0.7841,0.7167,0.7825,0.7424,0.7841,0.7278,0.7779,0.7158,0.8002,0.7338,0.7798,0.7336,0.7798,0.725,0.7581,0.737,0.7841,0.7382,0.7825,0.7334,0.7841,0.7371,0.7825,0.7254,0.7825,0.737,0.7825
0.7362,0.7798,0.7283,0.7825,0.7317,0.7825,0.7435,0.7815,0.7459,0.7797,0.7238,0.7841,0.6637,0.7841,0.7353,0.7841,0.7317,0.7825,0.7286,0.7841,0.7326,0.7825,0.7841,0.7363,0.7825,0.7407,0.7825,0.7236,0.7841,0.7371,0.7841,0.6938,0.7841,0.721,0.7841,0.7167,0.7825,0.7424,0.7841,0.7278,0.7779,0.7158,0.8002,0.7338,0.7798,0.7336,0.7798,0.725,0.7581,0.737,0.7841,0.7382,0.7825,0.7334,0.7841,0.7371,0.7825,0.7254,0.7825,0.737,0.7825
0.7362,0.7798,0.7283,0.7825,0.7317,0.7825,0.7435,0.7815,0.7459,0.7797,0.7238,0.7841,0.6637,0.7841,0.7353,0.7841,0.7317,0.7825,0.7286,0.7841,0.7326,0.7825,0.7841,0.7363,0.7825,0.7407,0.7825,0.7279,0.7841,0.7371,0.7841,0.6938,0.7841,0.721,0.7841,0.7167,0.7825,0.7424,0.7841,0.7278,0.7779,0.7158,0.8002,0.7338,0.7798,0.7336,0.7798,0.725,0.7581,0.737,0.7841,0.7382,0.7825,0.7334,0.7841,0.7371,0.7825,0.7254,0.7825,0.737,0.7825
0.7362,0.7798,0.7283,0.7825,0.7317,0.7825,0.7435,0.7815,0.7459,0.7797,0.7238,0.7841,0.6637,0.7841,0.7353,0.7841,0.7317,0.7825,0.7286,0.7841,0.7326,0.7825,0.7841,0.7363,0.7825,0.7407,0.7825,0.7279,0.7841,0.7371,0.7841,0.6938,0.7841,0.721,0.7841,0.7167,0.7825,0.7424,0.7841,0.7278,0.7779,0.7158,0.8002,0.7338,0.7798,0.7336,0.7798,0.725,0.7581,0.737,0.7841,0.7382,0.7825,0.7334,0.7841,0.7371,0.7825,0.7254,0.7825,0.737,0.7825
0.7362,0.7798,0.7283,0.7825,0.7317,0.7825,0.7435,0.7815,0.7459,0.7797,0.7238,0.7841,0.6637,0.7841,0.7353,0.7841,0.7317,0.7825,0.7286,0.7841,0.7326,0.7825,0.7841,0.7363,0.7825,0.7407,0.7825,0.7279,0.7841,0.7371,0.7841,0.6938,0.7841,0.721,0.7841,0.7167,0.7825,0.7424,0.7841,0.7361,0.7779,0.7158,0.8002,0.7338,0.7798,0.7336,0.7798,0.725,0.7581,0.737,0.7841,0.7382,0.7825,0.7334,0.7841,0.7371,0.7825,0.7254,0.7825,0.737,0.7825
0.7362,0.7798,0.7283,0.7825,0.7317,0.7825,0.7435,0.7815,0.7459,0.7797,0.7267,0.7841,0.6637,0.7841,0.7353,0.7841,0.7317,0.7825,0.7286,0.7841,0.7326,0.7825,0.7841,0.7363,0.7825,0.7407,0.7825,0.7279,0.7841,0.7371,0.7841,0.6938,0.7841,0.721,0.7841,0.7167,0.7825,0.7424,0.7841,0.7361,0.7779,0.7158,0.8002,0.7338,0.7798,0.7336,0.7798,0.725,0.7581,0.737,0.7841,0.7382,0.7825,0.7334,0.7841,0.7371,0.7825,0.7254,0.7825,0.737,0.7825
0.7362,0.7798,0.7283,0.7825,0.7317,0.7825,0.7435,0.7815,0.7459,0.7797,0.7267,0.7841,0.6637,0.7841,0.7353,0.7841,0.7317,0.7825,0.7286,0.7841,0.7326,0.7825,0.7841,0.7363,0.7825,0.7407,0.7825,0.7279,0.7841,0.7371,0.7841,0.6938,0.7841,0.721,0.7841,0.7298,0.7825,0.7424,0.7841,0.7361,0.7779,0.7158,0.8002,0.7338,0.7798,0.7336,0.7798,0.725,0.7581,0.737,0.7841,0.7382,0.7825,0.7334,0.7841,0.7371,0.7825,0.7254,0.7825,0.737,0.7825
0.7362,0.7798,0.7283,0.7825,0.7317,0.7825,0.7435,0.7815,0.7459,0.7797,0.7267,0.7841,0.6637,0.7841,0.7353,0.7841,0.7342,0.7825,0.7286,0.7841,0.7326,0.7825,0.7841,0.7363,0.7825,0.7407,0.7825,0.7279,0.7841,0.7371,0.7841,0.6938,0.7841,0.721,0.7841,0.7298,0.7841,0.7424,0.7841,0.7361,0.7779,0.7158,0.8002,0.7338,0.7798,0.7336,0.7798,0.725,0.7581,0.737,0.7841,0.7382,0.7825,0.7334,0.7841,0.7371,0.7825,0.7254,0.7825,0.737,0.7825
0.7362,0.7798,0.7283,0.7825,0.7317,0.7825,0.7435,0.7815,0.7459,0.7797,0.7267,0.7841,0.6637,0.7841,0.7353,0.7841,0.7342,0.7825,0.7286,0.7841,0.7326,0.7825,0.7841,0.7363,0.7825,0.7407,0.7825,0.7279,0.7841,0.7371,0.7841,0.6938,0.7841,0.721,0.7841,0.7298,0.7841,0.7424,0.7841,0.7361,0.7779,0.7158,0.8002,0.7338,0.7798,0.7336,0.7798,0.725,0.7581,0.737,0.7841,0.7382,0.7825,0.7334,0.7841,0.7371,0.7825,0.7254,0.7825,0.737,0.7825
0.7362,0.7798,0.7283,0.7825,0.7317,0.7825,0.7435,0.7815,0.7459,0.7797,0.7267,0.7841,0.6637,0.7841,0.7353,0.7841,0.7342,0.7825,0.7286,0.7841,0.7326,0.7825,0.7841,0.7363,0.7825,0.7407,0.7825,0.7279,0.7841,0.7371,0.7841,0.6938,0.7841,0.721,0.7841,0.7298,0.7841,0.7424,0.7841,0.7361,0.7779,0.7158,0.8002,0.7338,0.7798,0.7336,0.7798,0.725,0.7581,0.737,0.7841,0.7382,0.7825,0.7334,0.7841,0.7371,0.7825,0.7254,0.7825,0.737,0.7825
0.7362,0.7798,0.7283,0.7825,0.7317,0.7825,0.7435,0.7815,0.7459,0.7797,0.7267,0.7841,0.6916,0.7841,0.7353,0.7841,0.7342,0.7825,0.7286,0.7841,0.7326,0.7825,0.7841,0.7363,0.7825,0.7407,0.7825,0.7279,0.7841,0.7371,0.7841,0.6938,0.7841,0.721,0.7841,0.7298,0.7841,0.7424,0.7841,0.7361,0.7779,0.7158,0.8002,0.7338,0.7798,0.7336,0.7798,0.725,0.7581,0.737,0.7841,0.7382,0.7825,0.7334,0.7841,0.7371,0.7825,0.7254,0.7825,0.737,0.7825
0.7362,0.7798,0.7283,0.7825,0.7317,0.7825,0.7435,0.7815,0.7459,0.7797,0.7267,0.7841,0.6916,0.7841,0.7353,0.7841,0.7342,0.7825,0.7286,0.7841,0.7326,0.7825,0.7841,0.7363,0.7825,0.7407,0.7825,0.7279,0.7841,0.7371,0.7841,0.6938,0.7841,0.721,0.7841,0.7298,0.7841,0.7424,0.7841,0.7361,0.7779,0.7158,0.8002,0.7338,0.7798,0.7336,0.7798,0.725,0.7581,0.737,0.7841,0.7382,0.7825,0.7334,0.7841,0.7371,0.7825,0.7254,0.7825,0.737,0.7825
0.7362,0.7798,0.7283,0.7825,0.7317,0.7825,0.7435,0.7815,0.7459,0.7797,0.7267,0.7841,0.6916,0.7841,0.7353,0.7841,0.7342,0.7825,0.7286,0.7841,0.7326,0.7825,0.7841,0.7363,0.7825,0.7407,0.7825,0.7279,0.7841,0.7371,0.7841,0.6938,0.7841,0.721,0.7841,0.7298,0.7841,0.7424,0.7841,0.7361,0.7779,0.7158,0.8002,0.7338,0.7798,0.7336,0.7798,0.725,0.7581,0.737,0.7841,0.7382,0.7825,0.7334,0.7841,0.7371,0.7825,0.7254,0.7825,0.737,0.7825
0.7362,0.7798,0.7283,0.7825,0.7317,0.7825,0.7435,0.7815,0.7459,0.7797,0.7267,0.7841,0.6916,0.7841,0.7353,0.7841,0.7342,0.7825,0.7286,0.7841,0.7326,0.7825,0.7841,0.7363,0.7825,0.7407,0.7825,0.7279,0.7841,0.7371,0.7841,0.6938,0.7841,0.721,0.7841,0.7298,0.7841,0.7424,0.7841,0.7361,0.7779,0.7158,0.8002,0.7338,0.7798,0.7336,0.7798,0.725,0.7581,0.737,0.7841,0.7382,0.7825,0.7334,0.7841,0.7371,0.7825,0.7254,0.7825,0.737,0.7825
0.7362,0.7798,0.7283,0.7825,0.7317,0.7825,0.7435,0.7815,0.7459,0.7797,0.7267,0.7841,0.6916,0.7841,0.7353,0.7841,0.7342,0.7825,0.7286,0.7841,0.7326,0.7825,0.7841,0.7363,0.7825,0.7407,0.7825,0.7339,0.7841,0.7371,0.7841,0.6938,0.7841,0.721,0.7841,0.7298,0.7841,0.7424,0.7841,0.7361,0.7779,0.7158,0.8002,0.7338,0.7798,0.7341,0.7798,0.725,0.7581,0.737,0.7841,0.7382,0.7825,0.7334,0.7841,0.7371,0.7825,0.7254,0.7825,0.737,0.7825
0.7362,0.7798,0.7283,0.7825,0.7317,0.7825,0.7435,0.7815,0.7459,0.7797,0.7267,0.7841,0.6973,0.7841,0.7353,0.7841,0.7342,0.7825,0.7286,0.7841,0.7326,0.7825,0.7841,0.7363,0.7825,0.7407,0.7825,0.7339,0.7841,0.7371,0.7841,0.6938,0.7841,0.721,0.7841,0.7298,0.7841,0.7424,0.7841,0.7361,0.7779,0.7158,0.8002,0.7338,0.7798,0.7341,0.7798,0.725,0.7581,0.737,0.7841,0.7382,0.7825,0.7334,0.7841,0.7371,0.7825,0.7254,0.7825,0.737,0.7825
0.7362,0.7798,0.7283,0.7825,0.7317,0.7825,0.7435,0.7815,0.7459,0.7797,0.7267,0.7841,0.6973,0.7841,0.7353,0.7841,0.7342,0.7825,0.7286,0.7841,0.7326,0.7825,0.7841,0.7363,0.7825,0.7407,0.7825,0.7339,0.7841,0.7371,0.7841,0.6938,0.7841,0.721,0.7841,0.7298,0.7841,0.7424,0.7841,0.7361,0.7779,0.7158,0.8002,0.7338,0.7798,0.7341,0.7798,0.725,0.7581,0.737,0.7841,0.7382,0.7825,0.7334,0.7841,0.7371,0.7825,0.7254,0.7825,0.737,0.7825
0.7362,0.7798,0.7283,0.7825,0.7317,0.7825,0.7435,0.7815,0.7459,0.7797,0.7267,0.7841,0.6973,0.7841,0.7353,0.7841,0.7342,0.7825,0.7286,0.7841,0.7326,0.7825,0.7841,0.7363,0.7825,0.7407,0.7825,0.7339,0.7841,0.7371,0.7841,0.6938,0.7841,0.721,0.7841,0.7298,0.7841,0.7424,0.7841,0.7361,0.7779,0.7158,0.8002,0.7338,0.7825,0.7341,0.7798,0.725,0.7581,0.737,0.7841,0.7382,0.7825,0.7334,0.7841,0.7371,0.7825,0.7254,0.7825,0.737,0.7825
0.7362,0.7798,0.7283,0.7825,0.7317,0.7825,0.7435,0.7815,0.7459,0.7797,0.7267,0.7841,0.6973,0.7841,0.7353,0.7841,0.7342,0.7825,0.7286,0.7841,0.7326,0.7825,0.7841,0.7363,0.7825,0.7407,0.7825,0.7339,0.7841,0.7371,0.7841,0.6938,0.7841,0.721,0.7841,0.7298,0.7841,0.7424,0.7841,0.7361,0.7779,0.7158,0.8002,0.7338,0.7825,0.7341,0.7798,0.725,0.7581,0.737,0.7841,0.7382,0.7825,0.7334,0.7841,0.7371,0.7825,0.7254,0.7825,0.737,0.7825
0.7362,0.7798,0.7283,0.7825,0.7317,0.7825,0.7435,0.7815,0.7459,0.7797,0.7267,0.7841,0.6973,0.7841,0.7353,0.7841,0.7342,0.7825,0.7286,0.7841,0.7326,0.7825,0.7841,0.7363,0.7825,0.7407,0.7825,0.7339,0.7841,0.7371,0.7841,0.6938,0.7841,0.721,0.7841,0.7298,0.7841,0.7424,0.7841,0.7372,0.7779,0.7158,0.8002,0.7338,0.7825,0.7341,0.7798,0.725,0.7581,0.737,0.7841,0.7382,0.7825,0.7334,0.7841,0.7371,0.7825,0.7254,0.7825,0.737,0.7825
0.7362,0.7798,0.7283,0.7825,0.7317,0.7825,0.7435,0.7815,0.7459,0.7797,0.7267,0.7841,0.6973,0.7841,0.7353,0.7841,0.7342,0.7825,0.7286,0.7841,0.7326,0.7825,0.7841,0.7363,0.7825,0.7407,0.7825,0.7339,0.7841,0.7371,0.7841,0.6938,0.7841,0.721,0.7841,0.7298,0.7841,0.7424,0.7841,0.7372,0.7779,0.7158,0.8002,0.7338,0.7825,0.7341,0.7798,0.725,0.7581,0.737,0.7841,0.7382,0.7825,0.7334,0.7841,0.7371,0.7825,0.7254,0.7825,0.737,0.7825
0.7362,0.7798,0.7283,0.7825,0.7317,0.7825,0.7435,0.7815,0.7459,0.7797,0.7267,0.7841,0.6973,0.7841,0.7353,0.7841,0.7342,0.7825,0.7286,0.7841,0.7326,0.7825,0.7841,0.7363,0.7825,0.7407,0.7825,0.7339,0.7841,0.7371,0.7841,0.6938,0.7841,0.721,0.7841,0.7298,0.7841,0.7424,0.7841,0.7372,0.7779,0.7158,0.8002,0.7338,0.7825,0.7341,0.7798,0.725,0.7581,0.737,0.7841,0.7382,0.7825,0.7334,0.7841,0.7371,0.7825,0.7254,0.7825,0.737,0.7825
0.7362,0.7798,0.7283,0.7825,0.7317,0.7825,0.7435,0.7815,0.7459,0.7797,0.7267,0.7841,0.6973,0.7841,0.7353,0.7841,0.7342,0.7825,0.7286,0.7841,0.7326,0.7825,0.7841,0.7363,0.7825,0.7407,0.7825,0.7339,0.7841,0.7371,0.7841,0.6938,0.7841,0.721,0.7841,0.7298,0.7841,0.7424,0.7841,0.7372,0.7779,0.7158,0.8002,0.7338,0.7825,0.7341,0.7798,0.725,0.7581,0.737,0.7841,0.7382,0.7825,0.7334,0.7841,0.7371,0.7825,0.7254,0.7825,0.737,0.7825
0.7362,0.7798,0.7283,0.7825,0.7317,0.7825,0.7435,0.7815,0.7459,0.7797,0.7267,0.7841,0.6973,0.7841,0.7353,0.7841,0.7342,0.7825,0.7286,0.7841,0.7326,0.7825,0.7841,0.7363,0.7825,0.7407,0.7825,0.7339,0.7841,0.7371,0.7841,0.6938,0.7841,0.721,0.7841,0.7298,0.7841,0.7424,0.7841,0.7372,0.7779,0.7158,0.8002,0.7338,0.7825,0.7341,0.7798,0.725,0.7581,0.737,0.7841,0.7382,0.7825,0.7334,0.7841,0.7371,0.7825,0.7254,0.7825,0.737,0.7825
0.7362,0.7798,0.7283,0.7825,0.7317,0.7825,0.7435,0.7815,0.7459,0.7797,0.7267,0.7841,0.6973,0.7841,0.7353,0.7841,0.7342,0.7825,0.7286,0.7841,0.7326,0.7825,0.7841,0.7363,0.7825,0.7407,0.7825,0.7339,0.7841,0.7371,0.7841,0.6938,0.7841,0.721,0.7841,0.7298,0.7841,0.7424,0.7841,0.7372,0.7779,0.7158,0.8002,0.7338,0.7825,0.7341,0.7798,0.725,0.7581,0.737,0.7841,0.7382,0.7825,0.7334,0.7841,0.7371,0.7825,0.7254,0.7825,0.737,0.7825
0.7362,0.7798,0.7283,0.7825,0.7317,0.7825,0.7435,0.7815,0.7459,0.7797,0.7267,0.7841,0.6973,0.7841,0.7353,0.7841,0.7342,0.7825,0.7286,0.7841,0.7326,0.7825,0.7841,0.7363,0.7825,0.7407,0.7825,0.7339,0.7841,0.7371,0.7841,0.6938,0.7841,0.721,0.7841,0.7298,0.7841,0.7424,0.7841,0.7372,0.7779,0.7158,0.8002,0.7338,0.7825,0.7341,0.7798,0.725,0.7581,0.737,0.7841,0.7382,0.7825,0.7334,0.7841,0.7371,0.7825,0.7254,0.7825,0.737,0.7825
0.7362,0.7798,0.7283,0.7825,0.7317,0.7825,0.7435,0.7815,0.7459,0.7797,0.7267,0.7841,0.6973,0.7841,0.7353,0.7841,0.7342,0.7825,0.7286,0.7841,0.7326,0.7825,0.7841,0.7363,0.7825,0.7407,0.7825,0.7339,0.7841,0.7371,0.7841,0.6938,0.7841,0.7302,0.7841,0.7298,0.7841,0.7424,0.7841,0.7372,0.7779,0.7158,0.8002,0.7338,0.7825,0.7341,0.7798,0.725,0.7581,0.737,0.7841,0.7382,0.7825,0.7334,0.7841,0.7371,0.7825,0.7254,0.7825,0.737,0.7825
0.7362,0.7798,0.7283,0.7825,0.7317,0.7825,0.7435,0.7815,0.7459,0.7798,0.7267,0.7841,0.6973,0.7841,0.7353,0.7841,0.7342,0.7825,0.7286,0.7841,0.7326,0.7825,0.7841,0.7363,0.7825,0.7407,0.7825,0.7339,0.7841,0.7371,0.7841,0.6938,0.7841,0.7302,0.7841,0.7298,0.7841,0.7424,0.7841,0.7372,0.7779,0.7158,0.8002,0.7338,0.7825,0.7341,0.7798,0.725,0.7581,0.737,0.7841,0.7382,0.7825,0.7334,0.7841,0.7371,0.7825,0.7254,0.7825,0.737,0.7825
0.7362,0.7798,0.7283,0.7825,0.7317,0.7825,0.7435,0.7815,0.7459,0.7798,0.7267,0.7841,0.6973,0.7841,0.7353,0.7841,0.7342,0.7825,0.7286,0.7841,0.7326,0.7825,0.7841,0.7363,0.7825,0.7407,0.7825,0.7339,0.7841,0.7371,0.7841,0.6938,0.7841,0.7302,0.7841,0.7298,0.7841,0.7424,0.7841,0.7372,0.7779,0.7158,0.8002,0.7338,0.7825,0.7341,0.7798,0.725,0.7581,0.737,0.7841,0.7382,0.7825,0.7334,0.7841,0.7371,0.7825,0.7254,0.7825,0.737,0.7825
0.7362,0.7798,0.7283,0.7825,0.7317,0.7825,0.7435,0.7815,0.7459,0.7798,0.7267,0.7841,0.6973,0.7841,0.7353,0.7841,0.7342,0.7825,0.7286,0.7841,0.7326,0.7825,0.7841,0.7363,0.7825,0.7407,0.7825,0.7339,0.7841,0.7371,0.7841,0.6938,0.7841,0.7302,0.7841,0.7298,0.7841,0.7424,0.7841,0.7372,0.7779,0.7158,0.8002,0.7338,0.7825,0.7341,0.7798,0.725,0.7581,0.737,0.7841,0.7382,0.7825,0.7334,0.7841,0.7371,0.7825,0.7254,0.7825,0.737,0.7825
0.7362,0.7798,0.7283,0.7825,0.7317,0.7825,0.7435,0.7815,0.7459,0.7798,0.7267,0.7841,0.6973,0.7841,0.7353,0.7841,0.7342,0.7825,0.7286,0.7841,0.7326,0.7825,0.7841,0.7363,0.7843,0.7407,0.7825,0.7339,0.7841,0.7371,0.7841,0.6938,0.7841,0.7302,0.7841,0.7298,0.7841,0.7424,0.7841,0.7372,0.7779,0.7158,0.8002,0.7338,0.7825,0.7341,0.7798,0.725,0.7581,0.737,0.7841,0.7382,0.7825,0.7334,0.7841,0.7371,0.7825,0.7254,0.7825,0.737,0.7825
0.7362,0.7798,0.7283,0.7825,0.7317,0.7841,0.7435,0.7815,0.7459,0.7798,0.7267,0.7841,0.6973,0.7841,0.7353,0.7841,0.7342,0.7825,0.7286,0.7841,0.7326,0.7825,0.7841,0.7363,0.7843,0.7407,0.7825,0.7339,0.7841,0.7371,0.7841,0.6938,0.7841,0.7302,0.7841,0.7298,0.7841,0.7424,0.7841,0.7372,0.7779,0.7158,0.8002,0.7338,0.7825,0.7341,0.7798,0.725,0.7581,0.737,0.7841,0.7382,0.7825,0.7334,0.7841,0.7371,0.7825,0.7254,0.7825,0.737,0.7825
0.7362,0.7798,0.7283,0.7825,0.7317,0.7841,0.7435,0.7815,0.7459,0.7798,0.7267,0.7841,0.6973,0.7841,0.7353,0.7841,0.7342,0.7825,0.7286,0.7841,0.7326,0.7825,0.7841,0.7363,0.7843,0.7407,0.7825,0.7339,0.7841,0.7371,0.7841,0.6938,0.7841,0.7302,0.7841,0.7298,0.7841,0.7424,0.7841,0.7372,0.7779,0.7158,0.8002,0.7338,0.7825,0.7341,0.7798,0.725,0.7581,0.737,0.7841,0.7382,0.7825,0.7334,0.7841,0.7371,0.7825,0.7254,0.7825,0.737,0.7825
0.7362,0.7798,0.7283,0.7825,0.7317,0.7841,0.7435,0.7815,0.7459,0.7798,0.7267,0.7841,0.6973,0.7841,0.7353,0.7841,0.7342,0.7825,0.7286,0.7841,0.7326,0.7825,0.7841,0.7363,0.7843,0.7407,0.7825,0.7339,0.7841,0.7371,0.7841,0.6938,0.7841,0.7302,0.7841,0.7298,0.7841,0.7424,0.7841,0.7372,0.7779,0.7158,0.8002,0.7338,0.7825,0.7341,0.7798,0.725,0.7581,0.737,0.7841,0.7382,0.7825,0.7334,0.7841,0.7371,0.7825,0.7254,0.7825,0.737,0.7825
0.7362,0.7798,0.7283,0.7825,0.7317,0.7841,0.7435,0.7815,0.7459,0.7798,0.7267,0.7841,0.6973,0.7841,0.7353,0.7841,0.7342,0.7825,0.7286,0.7841,0.7326,0.7825,0.7841,0.7363,0.7843,0.7407,0.7825,0.7339,0.7841,0.7371,0.7841,0.6938,0.7841,0.7302,0.7841,0.7298,0.7841,0.7424,0.7841,0.7372,0.7779,0.7158,0.8002,0.7338,0.7825,0.7341,0.7798,0.725,0.7581,0.737,0.7841,0.7382,0.7825,0.7334,0.7841,0.7371,0.7825,0.7254,0.7825,0.737,0.7825
0.7362,0.7798,0.7283,0.7825,0.7317,0.7841,0.7435,0.7815,0.7459,0.7798,0.7267,0.7841,0.7236,0.7841,0.7353,0.7841,0.7342,0.7825,0.7286,0.7841,0.7326,0.7825,0.7841,0.7363,0.7843,0.7407,0.7825,0.7339,0.7841,0.7371,0.7841,0.703,0.7841,0.7302,0.7841,0.7298,0.7841,0.7424,0.7841,0.7372,0.7779,0.7158,0.8002,0.7338,0.7825,0.7341,0.7798,0.725,0.7581,0.737,0.7841,0.7382,0.7825,0.7334,0.7841,0.7371,0.7825,0.7254,0.7825,0.737,0.7825
0.7362,0.7798,0.7283,0.7825,0.7317,0.7841,0.7435,0.7815,0.7459,0.7798,0.7267,0.7841,0.7236,0.7841,0.7353,0.7841,0.7342,0.7825,0.7286,0.7841,0.7326,0.7825,0.7841,0.7363,0.7843,0.7407,0.7825,0.7339,0.7841,0.7371,0.7841,0.703,0.7841,0.7302,0.7841,0.7298,0.7841,0.7424,0.7841,0.7372,0.7779,0.7158,0.8002,0.7338,0.7825,0.7341,0.7798,0.725,0.7581,0.737,0.7841,0.7382,0.7825,0.7334,0.7841,0.7371,0.7825,0.7254,0.7825,0.737,0.7825
0.7362,0.7798,0.7283,0.7825,0.7317,0.7841,0.7435,0.7815,0.7459,0.7798,0.7267,0.7841,0.7236,0.7841,0.7353,0.7841,0.7404,0.7825,0.7286,0.7841,0.7326,0.7825,0.7841,0.7363,0.7843,0.7407,0.7825,0.7339,0.7841,0.7371,0.7841,0.703,0.7841,0.7302,0.7841,0.7298,0.7841,0.7424,0.7841,0.7372,0.7779,0.7158,0.8002,0.7338,0.7825,0.7341,0.7798,0.725,0.7581,0.737,0.7841,0.7382,0.7825,0.7334,0.7841,0.7371,0.7825,0.7254,0.7825,0.737,0.7825
0.7362,0.7798,0.7283,0.7825,0.7317,0.7841,0.7435,0.7815,0.7459,0.7798,0.7267,0.7841,0.7236,0.7841,0.7353,0.7841,0.7404,0.7825,0.7286,0.7841,0.7326,0.7825,0.7841,0.7363,0.7843,0.7407,0.7825,0.7339,0.7841,0.7371,0.7841,0.703,0.7841,0.7302,0.7841,0.7298,0.7841,0.7424,0.7841,0.7372,0.7779,0.7158,0.8002,0.7338,0.7825,0.7341,0.7798,0.725,0.7581,0.737,0.7841,0.7382,0.7825,0.7334,0.7841,0.7371,0.7825,0.7254,0.7825,0.737,0.7825
0.7362,0.7798,0.7351,0.7825,0.7317,0.7841,0.7435,0.7815,0.7459,0.7798,0.7267,0.7841,0.7236,0.7841,0.7353,0.7841,0.7404,0.7825,0.7286,0.7841,0.7326,0.7825,0.7841,0.7363,0.7843,0.7407,0.7825,0.7339,0.7841,0.7371,0.7841,0.703,0.7841,0.7302,0.7841,0.7298,0.7841,0.7424,0.7841,0.7372,0.7779,0.7158,0.8002,0.7338,0.7825,0.7341,0.7798,0.725,0.7581,0.737,0.7841,0.7382,0.7825,0.7334,0.7841,0.7371,0.7825,0.7254,0.7825,0.737,0.7825
0.7362,0.7798,0.7351,0.7825,0.7317,0.7841,0.7435,0.7815,0.7459,0.7798,0.7267,0.7841,0.7236,0.7841,0.7353,0.7841,0.7404,0.7825,0.7286,0.7841,0.7326,0.7825,0.7841,0.7363,0.7843,0.7407,0.7825,0.7339,0.7841,0.7371,0.7841,0.703,0.7841,0.7302,0.7841,0.7298,0.7841,0.7424,0.7841,0.7372,0.7779,0.7158,0.8002,0.7338,0.7825,0.7341,0.7798,0.725,0.7581,0.737,0.7841,0.7382,0.7825,0.7334,0.7841,0.7371,0.7825,0.7254,0.7825,0.7371,0.7825
0.7362,0.7798,0.7351,0.7825,0.7317,0.7841,0.7435,0.7815,0.7459,0.7798,0.7267,0.7841,0.7236,0.7841,0.7353,0.7841,0.7404,0.7825,0.7286,0.7841,0.7326,0.7825,0.7841,0.7363,0.7843,0.7407,0.7825,0.7339,0.7841,0.7371,0.7841,0.703,0.7841,0.7302,0.7841,0.7298,0.7841,0.7424,0.7841,0.7372,0.7779,0.7158,0.8002,0.7338,0.7825,0.7341,0.7798,0.725,0.7581,0.737,0.7841,0.7382,0.7825,0.7334,0.7841,0.7371,0.7825,0.7254,0.7825,0.7371,0.7825
0.7362,0.7798,0.7351,0.7825,0.7317,0.7841,0.7435,0.7815,0.7459,0.7798,0.7267,0.7841,0.7236,0.7841,0.7353,0.7841,0.7404,0.7825,0.7286,0.7841,0.7326,0.7825,0.7841,0.7363,0.7843,0.7407,0.7825,0.7339,0.7841,0.7371,0.7841,0.703,0.7841,0.7302,0.7841,0.7298,0.7841,0.7424,0.7841,0.7372,0.7781,0.7158,0.8002,0.7338,0.7825,0.7341,0.7825,0.725,0.7581,0.737,0.7841,0.7382,0.7825,0.7334,0.7841,0.7371,0.7825,0.7254,0.7825,0.7371,0.7825
0.7362,0.7798,0.7351,0.7825,0.7317,0.7841,0.7435,0.7815,0.7459,0.7798,0.7267,0.7841,0.7236,0.7841,0.7353,0.7841,0.7404,0.7825,0.7286,0.7841,0.7326,0.7825,0.7841,0.7363,0.7843,0.7407,0.7825,0.7339,0.7841,0.7371,0.7841,0.703,0.7841,0.7417,0.7841,0.7298,0.7841,0.7424,0.7841,0.7372,0.7781,0.7158,0.8002,0.7338,0.7825,0.7341,0.7825,0.725,0.7581,0.737,0.7841,0.7382,0.7825,0.7334,0.7841,0.7371,0.7825,0.7254,0.7825,0.7371,0.7825
0.7362,0.7798,0.7351,0.7825,0.7317,0.7841,0.7435,0.7815,0.7459,0.7798,0.7267,0.7841,0.7236,0.7841,0.7353,0.7841,0.7404,0.7825,0.7286,0.7841,0.7326,0.7825,0.7841,0.7363,0.7843,0.7407,0.7825,0.7339,0.7841,0.7371,0.7841,0.703,0.7841,0.7417,0.7841,0.7298,0.7841,0.7424,0.7841,0.7372,0.7781,0.7158,0.8002,0.7338,0.7825,0.7341,0.7825,0.725,0.7581,0.737,0.7841,0.7382,0.7825,0.7334,0.7841,0.7371,0.7825,0.7254,0.7825,0.7371,0.7825
0.7362,0.7798,0.7351,0.7825,0.7378,0.7841,0.7435,0.7815,0.7459,0.7798,0.7267,0.7841,0.7236,0.7841,0.7353,0.7841,0.7404,0.7825,0.7286,0.7841,0.7326,0.7825,0.7841,0.7363,0.7843,0.7407,0.7825,0.7339,0.7841,0.7371,0.7841,0.703,0.7841,0.7417,0.7841,0.7298,0.7841,0.7424,0.7841,0.7372,0.7781,0.7158,0.8002,0.7338,0.7825,0.7341,0.7825,0.725,0.7581,0.737,0.7841,0.7382,0.7825,0.7334,0.7841,0.7371,0.7825,0.7254,0.7825,0.7371,0.7825
0.7362,0.7798,0.7351,0.7825,0.7378,0.7841,0.7435,0.7815,0.7459,0.7798,0.7267,0.7841,0.7236,0.7841,0.7353,0.7841,0.7404,0.7825,0.7286,0.7841,0.7326,0.7825,0.7841,0.7363,0.7843,0.7407,0.7825,0.7339,0.7841,0.7371,0.7841,0.703,0.7841,0.7417,0.7841,0.7298,0.7841,0.7424,0.7841,0.7372,0.7781,0.7158,0.8002,0.7338,0.7825,0.7341,0.7825,0.725,0.7581,0.737,0.7841,0.7382,0.7825,0.7334,0.7841,0.7371,0.7825,0.7254,0.7825,0.7371,0.7825
0.7362,0.7798,0.7351,0.7825,0.7378,0.7841,0.7435,0.7815,0.7459,0.7798,0.7267,0.7841,0.7236,0.7841,0.7353,0.7841,0.7404,0.7825,0.7286,0.7841,0.7326,0.7825,0.7841,0.7363,0.7843,0.7407,0.7825,0.7339,0.7841,0.7371,0.7841,0.703,0.7841,0.7417,0.7841,0.7298,0.7841,0.7424,0.7841,0.7372,0.7781,0.7158,0.8002,0.7338,0.7825,0.7341,0.7825,0.725,0.7581,0.737,0.7841,0.7382,0.7825,0.7334,0.7841,0.7371,0.7825,0.7254,0.7825,0.7371,0.7825
0.7362,0.7798,0.7351,0.7825,0.7378,0.7841,0.7435,0.7815,0.7459,0.7798,0.7267,0.7841,0.737,0.7841,0.7353,0.7841,0.7404,0.7825,0.7286,0.7841,0.7326,0.7825,0.7841,0.7363,0.7843,0.7407,0.7825,0.7339,0.7841,0.7371,0.7841,0.703,0.7841,0.7417,0.7841,0.7298,0.7841,0.7424,0.7841,0.7372,0.7781,0.7158,0.8002,0.7338,0.7825,0.7341,0.7825,0.725,0.7581,0.737,0.7841,0.7382,0.7825,0.7334,0.7841,0.7371,0.7825,0.7254,0.7825,0.7371,0.7825
0.7362,0.7798,0.7351,0.7825,0.7378,0.7841,0.7435,0.7815,0.7459,0.7798,0.7267,0.7841,0.737,0.7841,0.7353,0.7841,0.7404,0.7825,0.7286,0.7841,0.7326,0.7825,0.7841,0.7363,0.7843,0.7407,0.7825,0.7339,0.7841,0.7371,0.7841,0.703,0.7841,0.7417,0.7841,0.7298,0.7841,0.7424,0.7841,0.7372,0.7781,0.7158,0.8002,0.7338,0.7825,0.7341,0.7825,0.725,0.7581,0.737,0.7841,0.7382,0.7825,0.7334,0.7841,0.7371,0.7825,0.7254,0.7825,0.7371,0.7825
0.7362,0.7798,0.7351,0.7825,0.7378,0.7841,0.7435,0.7815,0.7459,0.7798,0.7267,0.7841,0.737,0.7841,0.7353,0.7841,0.7404,0.7825,0.7286,0.7841,0.7326,0.7825,0.7841,0.7363,0.7843,0.7407,0.7825,0.7339,0.7841,0.7371,0.7841,0.703,0.7841,0.7417,0.7841,0.7298,0.7841,0.7424,0.798,0.7372,0.7781,0.7158,0.8002,0.7338,0.7825,0.7341,0.7825,0.725,0.7581,0.737,0.7841,0.7382,0.7825,0.7334,0.7841,0.7371,0.7825,0.7254,0.7825,0.7371,0.7825
0.7362,0.7798,0.7351,0.7825,0.7378,0.7841,0.7435,0.7815,0.7459,0.7798,0.7267,0.7841,0.737,0.7841,0.7353,0.7841,0.7404,0.7825,0.7286,0.7841,0.7326,0.7825,0.7841,0.7363,0.7843,0.7407,0.7825,0.7339,0.7841,0.7371,0.7841,0.703,0.7841,0.7417,0.7841,0.7298,0.7841,0.7424,0.798,0.7372,0.7781,0.7158,0.8002,0.7338,0.7825,0.7341,0.7825,0.725,0.7581,0.737,0.7841,0.7382,0.7825,0.7334,0.7841,0.7371,0.7825,0.7254,0.7825,0.7371,0.7825
0.7362,0.7798,0.7351,0.7825,0.7378,0.7841,0.7435,0.7815,0.7459,0.7798,0.7267,0.7841,0.737,0.7841,0.7353,0.7841,0.7404,0.7825,0.7286,0.7841,0.7326,0.7825,0.7841,0.7363,0.7843,0.7407,0.7825,0.7339,0.7841,0.7371,0.7841,0.703,0.7841,0.7417,0.7841,0.7298,0.7841,0.7424,0.798,0.7372,0.7781,0.7158,0.8002,0.7338,0.7825,0.7386,0.7825,0.725,0.7581,0.737,0.7841,0.7382,0.7825,0.7334,0.7841,0.7371,0.7825,0.7254,0.7825,0.7371,0.7825
0.7362,0.7798,0.7351,0.7825,0.7378,0.7841,0.7435,0.7815,0.7459,0.7798,0.7267,0.7841,0.737,0.7841,0.7353,0.7841,0.7404,0.7825,0.7286,0.7841,0.7326,0.7825,0.7841,0.7363,0.7843,0.7407,0.7825,0.7339,0.7841,0.7371,0.7841,0.703,0.7841,0.7417,0.7841,0.7298,0.7841,0.7424,0.798,0.7372,0.7781,0.7158,0.8002,0.7338,0.7825,0.7386,0.7825,0.725,0.7581,0.737,0.7841,0.7382,0.7825,0.7334,0.7841,0.7371,0.7825,0.7254,0.7825,0.7371,0.7825
0.7362,0.7798,0.7351,0.7825,0.7378,0.7841,0.7435,0.7815,0.7459,0.7798,0.7267,0.7841,0.737,0.7841,0.7353,0.7841,0.7404,0.7825,0.7286,0.7841,0.7326,0.7825,0.7841,0.7363,0.7843,0.7407,0.7825,0.7339,0.7841,0.7371,0.7841,0.703,0.7841,0.7417,0.7841,0.7298,0.7841,0.7424,0.798,0.7372,0.7781,0.7158,0.8002,0.7338,0.7825,0.7386,0.7825,0.725,0.7581,0.737,0.7841,0.7382,0.7825,0.7334,0.7841,0.7371,0.7825,0.7254,0.7825,0.7371,0.7825
0.7362,0.7798,0.7351,0.7825,0.7378,0.7841,0.7435,0.7815,0.7459,0.7798,0.7267,0.7841,0.737,0.7841,0.7353,0.7841,0.7404,0.7825,0.7286,0.7841,0.7326,0.7825,0.7841,0.7363,0.7843,0.7407,0.7825,0.7339,0.7841,0.7371,0.7841,0.703,0.7841,0.7417,0.7841,0.7298,0.7841,0.7424,0.798,0.7372,0.7781,0.7158,0.8002,0.7338,0.7825,0.7386,0.7825,0.725,0.7581,0.737,0.7841,0.7382,0.7825,0.7334,0.7841,0.7371,0.7825,0.7254,0.7825,0.7371,0.7825
0.7362,0.7798,0.7351,0.7825,0.7378,0.7841,0.7435,0.7815,0.7459,0.7798,0.7267,0.7841,0.737,0.7841,0.7353,0.7841,0.7404,0.7825,0.7286,0.7841,0.7326,0.7825,0.7841,0.7363,0.7843,0.7407,0.7825,0.7339,0.7841,0.7371,0.7841,0.703,0.7841,0.7417,0.7841,0.7298,0.7841,0.7424,0.798,0.7372,0.7781,0.7158,0.8002,0.7338,0.7825,0.7386,0.7825,0.725,0.7581,0.737,0.7841,0.7402,0.7825,0.7334,0.7841,0.7371,0.7825,0.7254,0.7825,0.7371,0.7825
0.7362,0.7798,0.7351,0.7825,0.7378,0.7841,0.7435,0.7815,0.7459,0.7798,0.7267,0.7841,0.737,0.7841,0.7353,0.7841,0.7404,0.7825,0.7286,0.7841,0.7326,0.7825,0.7841,0.7363,0.7843,0.7407,0.7825,0.7339,0.7841,0.7371,0.7841,0.703,0.7841,0.7417,0.7841,0.7298,0.7841,0.7424,0.798,0.7372,0.7781,0.7158,0.8002,0.7338,0.7825,0.7386,0.7825,0.725,0.7581,0.737,0.7841,0.7402,0.7825,0.7334,0.7841,0.7371,0.7825,0.7254,0.7825,0.7371,0.7825
0.7362,0.7798,0.7351,0.7825,0.7378,0.7841,0.7435,0.7815,0.7459,0.7798,0.7267,0.7841,0.737,0.7841,0.7353,0.7841,0.7404,0.7825,0.7286,0.7841,0.7326,0.7825,0.7841,0.7407,0.7843,0.7407,0.7825,0.7339,0.7841,0.7371,0.7841,0.703,0.7841,0.7417,0.7841,0.7298,0.7841,0.7424,0.798,0.7372,0.7781,0.7158,0.8002,0.7338,0.7825,0.7386,0.7825,0.725,0.7581,0.737,0.7841,0.7402,0.7825,0.7334,0.7841,0.7371,0.7825,0.7254,0.7825,0.7371,0.7825
0.7362,0.7798,0.7351,0.7825,0.7378,0.7841,0.7435,0.7815,0.7459,0.7798,0.7267,0.7841,0.737,0.7841,0.7353,0.7841,0.7404,0.7825,0.7286,0.7841,0.7326,0.7825,0.7841,0.7407,0.7843,0.7407,0.7825,0.7339,0.7841,0.7371,0.7841,0.703,0.7841,0.7417,0.7841,0.7298,0.7841,0.7424,0.798,0.7372,0.7781,0.7158,0.8002,0.7338,0.7825,0.7386,0.7825,0.725,0.7581,0.737,0.7841,0.7402,0.7825,0.7334,0.7841,0.7371,0.7825,0.7254,0.7825,0.7371,0.7825
0.7362,0.7798,0.7351,0.7825,0.7378,0.7841,0.7435,0.7815,0.7459,0.7798,0.7338,0.7841,0.737,0.7841,0.7353,0.7841,0.7404,0.7825,0.7286,0.7841,0.7326,0.7825,0.7841,0.7407,0.7843,0.7407,0.7825,0.7339,0.7841,0.7371,0.7841,0.703,0.7841,0.7417,0.7841,0.7298,0.7841,0.7424,0.798,0.7372,0.7781,0.7158,0.8002,0.7338,0.7825,0.7386,0.7825,0.725,0.7581,0.737,0.7841,0.7402,0.7825,0.7334,0.7841,0.7371,0.7825,0.7254,0.7825,0.7371,0.7825
0.7362,0.7798,0.7351,0.7825,0.7378,0.7841,0.7435,0.7815,0.7459,0.7798,0.7338,0.7841,0.737,0.7841,0.7353,0.7841,0.7404,0.7825,0.7286,0.7841,0.7326,0.7825,0.7841,0.7407,0.7843,0.7407,0.7825,0.7339,0.7841,0.7371,0.7841,0.703,0.7841,0.7417,0.7841,0.7298,0.7841,0.7424,0.798,0.7372,0.7781,0.7158,0.8002,0.7338,0.7825,0.7386,0.7825,0.725,0.7581,0.737,0.7841,0.7402,0.7825,0.7334,0.7841,0.7371,0.7825,0.7254,0.7825,0.7371,0.7825
0.7362,0.7798,0.7351,0.7825,0.7378,0.7841,0.7435,0.7815,0.7459,0.7798,0.7338,0.7841,0.737,0.7841,0.7353,0.7841,0.7404,0.7825,0.7286,0.7841,0.7326,0.7825,0.7841,0.7407,0.7843,0.7407,0.7825,0.7339,0.7841,0.7371,0.7841,0.703,0.7841,0.7417,0.7841,0.7298,0.7841,0.7424,0.798,0.7372,0.7781,0.7158,0.8002,0.7338,0.7825,0.7386,0.7825,0.725,0.7581,0.737,0.7841,0.7402,0.7825,0.7334,0.7841,0.7371,0.7825,0.7254,0.7825,0.7371,0.7825
0.7362,0.7798,0.7351,0.7825,0.7378,0.7841,0.7435,0.7815,0.7459,0.7798,0.7338,0.7841,0.737,0.7841,0.7353,0.7841,0.7404,0.7825,0.7286,0.7841,0.7326,0.7825,0.7841,0.7407,0.7843,0.7407,0.7825,0.7339,0.7841,0.7371,0.7841,0.703,0.7841,0.7417,0.7841,0.7342,0.7841,0.7424,0.798,0.7372,0.7781,0.7158,0.8002,0.7338,0.7825,0.7386,0.7825,0.725,0.7581,0.737,0.7841,0.7402,0.7825,0.7334,0.7841,0.7371,0.7825,0.7254,0.7825,0.7371,0.7825
0.7362,0.7798,0.7351,0.7825,0.7378,0.7841,0.7435,0.7815,0.7459,0.7798,0.7338,0.7841,0.737,0.7841,0.7353,0.7841,0.7404,0.7825,0.7286,0.7841,0.7326,0.7825,0.7841,0.7407,0.7843,0.7407,0.7825,0.7339,0.7841,0.7371,0.7841,0.703,0.7841,0.7417,0.7841,0.7342,0.7841,0.7424,0.798,0.7372,0.7781,0.7158,0.8002,0.7338,0.7825,0.7386,0.7825,0.725,0.7581,0.737,0.7841,0.7402,0.7825,0.7334,0.7841,0.7371,0.7825,0.7254,0.7825,0.7371,0.7825
0.7362,0.7798,0.7351,0.7825,0.7378,0.7841,0.7435,0.7815,0.7459,0.7798,0.7338,0.7841,0.737,0.7841,0.7353,0.7841,0.7404,0.7825,0.7286,0.7841,0.7326,0.7825,0.7841,0.7407,0.7843,0.7407,0.7825,0.7339,0.7841,0.7371,0.7841,0.703,0.7841,0.7417,0.7841,0.7342,0.7841,0.7424,0.798,0.7372,0.7781,0.7158,0.8002,0.7338,0.7825,0.7386,0.7825,0.725,0.7581,0.737,0.7841,0.7402,0.7825,0.7334,0.7841,0.7371,0.7825,0.7254,0.7825,0.7371,0.7825
0.7362,0.7798,0.7351,0.7825,0.7378,0.7841,0.7435,0.7815,0.7459,0.7798,0.7338,0.7841,0.737,0.7841,0.7353,0.7841,0.7404,0.7825,0.7286,0.7841,0.7326,0.7825,0.7841,0.7407,0.7843,0.7407,0.7825,0.7339,0.7841,0.7371,0.7841,0.703,0.7841,0.7417,0.7841,0.7342,0.7841,0.7424,0.798,0.7372,0.7781,0.7158,0.8002,0.7338,0.7825,0.7386,0.7825,0.725,0.7581,0.737,0.7841,0.7402,0.7825,0.7334,0.7841,0.7371,0.7825,0.7254,0.7825,0.7371,0.7825
0.7362,0.7798,0.7351,0.7825,0.7378,0.7841,0.7435,0.7815,0.7459,0.7798,0.7338,0.7841,0.737,0.7841,0.7353,0.7841,0.7404,0.7825,0.7286,0.7841,0.7326,0.7825,0.7841,0.7407,0.7843,0.7407,0.7825,0.7339,0.7841,0.7371,0.7841,0.703,0.7841,0.7417,0.7841,0.7342,0.7841,0.7424,0.798,0.7372,0.7781,0.7158,0.8002,0.7338,0.7825,0.7386,0.7825,0.725,0.7582,0.737,0.7841,0.7402,0.7825,0.7334,0.7841,0.7371,0.7825,0.7254,0.7825,0.7371,0.7825
0.7362,0.7798,0.7351,0.7825,0.7378,0.7841,0.7435,0.7815,0.7459,0.7798,0.7338,0.7841,0.737,0.7841,0.7353,0.7841,0.7404,0.7825,0.7286,0.7841,0.7326,0.7825,0.7841,0.7407,0.7843,0.7407,0.7825,0.7339,0.7841,0.7371,0.7841,0.703,0.7841,0.7417,0.7841,0.7342,0.7841,0.7424,0.798,0.7372,0.7781,0.7158,0.8002,0.7338,0.7825,0.7386,0.7825,0.725,0.7582,0.737,0.7841,0.7402,0.7825,0.7334,0.7841,0.7371,0.7825,0.7254,0.7825,0.7371,0.7825
0.7362,0.7798,0.7351,0.7825,0.7378,0.7841,0.7435,0.7815,0.7459,0.7798,0.7338,0.7841,0.737,0.7841,0.7353,0.7841,0.7404,0.7825,0.7286,0.7841,0.7326,0.7825,0.7841,0.7407,0.7843,0.7407,0.7825,0.7339,0.7841,0.7371,0.7841,0.703,0.7841,0.7417,0.7841,0.7342,0.7841,0.7424,0.798,0.7372,0.7782,0.7158,0.8002,0.7338,0.7825,0.7386,0.7825,0.725,0.7582,0.737,0.7841,0.7402,0.7825,0.7334,0.7841,0.7371,0.7825,0.7254,0.7825,0.7371,0.7825
0.7362,0.7798,0.7351,0.7825,0.7378,0.7841,0.7435,0.7815,0.7459,0.7798,0.7338,0.7841,0.737,0.7841,0.7353,0.7841,0.7404,0.7825,0.7286,0.7841,0.7326,0.7825,0.7841,0.7407,0.7843,0.7407,0.7825,0.7339,0.7841,0.7371,0.7841,0.703,0.7841,0.7417,0.7841,0.7342,0.7841,0.7424,0.798,0.7372,0.7782,0.7158,0.8002,0.7338,0.7825,0.7386,0.7825,0.725,0.7582,0.737,0.7841,0.7402,0.7825,0.7334,0.7841,0.7371,0.7825,0.7254,0.7825,0.7371,0.7825
0.7362,0.7798,0.7351,0.7825,0.7378,0.7841,0.7435,0.7815,0.7459,0.7798,0.7338,0.7841,0.737,0.7841,0.7353,0.7841,0.7404,0.7825,0.7286,0.7841,0.7326,0.7825,0.7841,0.7407,0.7843,0.7407,0.7825,0.7339,0.7841,0.7371,0.7841,0.703,0.7841,0.7417,0.7841,0.7342,0.7841,0.7424,0.798,0.7372,0.7782,0.7158,0.8002,0.7338,0.7825,0.7386,0.7825,0.725,0.7582,0.737,0.7841,0.7402,0.7825,0.7334,0.7841,0.7371,0.7825,0.7254,0.7825,0.7371,0.7825
0.7362,0.7798,0.7351,0.7825,0.7378,0.7841,0.7435,0.7815,0.7459,0.7798,0.7338,0.7841,0.737,0.7841,0.7353,0.7841,0.7404,0.7825,0.7286,0.7841,0.7326,0.7825,0.7841,0.7407,0.7843,0.7407,0.7825,0.7339,0.7841,0.7371,0.7841,0.703,0.7841,0.7417,0.7841,0.7342,0.7841,0.7424,0.798,0.7372,0.7782,0.7158,0.8002,0.7338,0.7825,0.7386,0.7825,0.725,0.7582,0.737,0.7841,0.7402,0.7825,0.7334,0.7841,0.7371,0.7825,0.7254,0.7825,0.7371,0.7825
0.7362,0.7798,0.7351,0.7825,0.7378,0.7841,0.7435,0.7815,0.7459,0.7798,0.7338,0.7841,0.737,0.7841,0.7353,0.7841,0.7404,0.7825,0.7286,0.7841,0.7326,0.7825,0.7841,0.7407,0.7843,0.7407,0.7825,0.7339,0.7841,0.7371,0.7841,0.703,0.7841,0.7417,0.7841,0.7342,0.7841,0.7424,0.798,0.7372,0.7782,0.7158,0.8002,0.7338,0.7825,0.7386,0.7841,0.725,0.7582,0.737,0.7841,0.7402,0.7825,0.7334,0.7841,0.7371,0.7825,0.7254,0.7825,0.7371,0.7825
0.7362,0.7798,0.7351,0.7825,0.7378,0.7841,0.7435,0.7815,0.7459,0.7798,0.7338,0.7841,0.737,0.7841,0.7353,0.7841,0.7404,0.7825,0.7286,0.7841,0.7326,0.7825,0.7841,0.7407,0.7843,0.7407,0.7825,0.7339,0.7841,0.7371,0.7841,0.703,0.7841,0.7417,0.7841,0.7342,0.7841,0.7424,0.798,0.7372,0.7782,0.7158,0.8002,0.7338,0.7825,0.7386,0.7841,0.725,0.7582,0.737,0.7841,0.7402,0.7825,0.7334,0.7841,0.7371,0.7825,0.7254,0.7825,0.7371,0.7825
0.7362,0.7798,0.7351,0.7825,0.7378,0.7841,0.7435,0.7815,0.7459,0.7798,0.7338,0.7841,0.737,0.7841,0.7353,0.7841,0.7404,0.7825,0.7286,0.7841,0.7326,0.7825,0.7841,0.7407,0.7843,0.7407,0.7825,0.7339,0.7841,0.7371,0.7841,0.703,0.7841,0.7417,0.7841,0.7342,0.7841,0.7424,0.798,0.7372,0.7782,0.7158,0.8002,0.7338,0.7825,0.7386,0.7841,0.725,0.7582,0.737,0.7841,0.7402,0.7825,0.7334,0.7841,0.7371,0.7825,0.7254,0.7825,0.7371,0.7825
0.7362,0.7798,0.7351,0.7825,0.7378,0.7841,0.7435,0.7815,0.7459,0.7798,0.7338,0.7841,0.737,0.7841,0.7353,0.7841,0.7404,0.7825,0.7286,0.7841,0.7326,0.7825,0.7841,0.7407,0.7843,0.7407,0.7825,0.7339,0.7841,0.7371,0.7841,0.703,0.7841,0.7417,0.7841,0.7342,0.7841,0.7424,0.798,0.7372,0.7782,0.7158,0.8002,0.7338,0.7825,0.7386,0.7841,0.725,0.7763,0.737,0.7841,0.7402,0.7825,0.7334,0.7841,0.7371,0.7825,0.7254,0.7825,0.7371,0.7825
0.7362,0.7798,0.7351,0.7825,0.7378,0.7841,0.7435,0.7815,0.7459,0.7798,0.7338,0.7841,0.737,0.7841,0.7353,0.7841,0.7404,0.7825,0.7286,0.7841,0.7326,0.7825,0.7841,0.7407,0.7843,0.7407,0.7825,0.7339,0.7841,0.7371,0.7841,0.703,0.7841,0.7417,0.7841,0.7342,0.7841,0.7424,0.798,0.7372,0.7782,0.7158,0.8002,0.7338,0.7825,0.7386,0.7841,0.725,0.7763,0.737,0.7841,0.7402,0.7825,0.7334,0.7841,0.7371,0.7825,0.7254,0.7825,0.7371,0.7825
0.7362,0.7798,0.7351,0.7825,0.7378,0.7841,0.7435,0.7815,0.7459,0.7798,0.7338,0.7841,0.737,0.7841,0.7353,0.7841,0.7404,0.7825,0.7286,0.7841,0.7326,0.7825,0.7841,0.7407,0.7843,0.7407,0.7825,0.7339,0.7841,0.7371,0.7841,0.703,0.7841,0.7417,0.7841,0.7342,0.7841,0.7424,0.798,0.7372,0.7782,0.7158,0.8002,0.7338,0.7825,0.7386,0.7841,0.725,0.7763,0.737,0.7841,0.7402,0.7825,0.7334,0.7841,0.7371,0.7825,0.7254,0.7825,0.7371,0.7825
0.7362,0.7798,0.7351,0.7825,0.7378,0.7841,0.7435,0.7815,0.7459,0.7798,0.7338,0.7841,0.737,0.7841,0.7353,0.7841,0.7404,0.7825,0.7286,0.7841,0.7326,0.7825,0.7841,0.7407,0.7843,0.7407,0.7825,0.7339,0.7841,0.7371,0.7841,0.703,0.7841,0.7417,0.7841,0.7342,0.7841,0.7424,0.798,0.7372,0.7782,0.7158,0.8002,0.7338,0.7825,0.7386,0.7841,0.725,0.7763,0.737,0.7841,0.7402,0.7825,0.7334,0.7841,0.7371,0.7825,0.7254,0.7825,0.7371,0.7825
0.7362,0.7798,0.7351,0.7825,0.7378,0.7841,0.7435,0.7815,0.7459,0.7798,0.7338,0.7841,0.737,0.7841,0.7353,0.7841,0.7404,0.7825,0.7322,0.7841,0.7326,0.7825,0.7841,0.7407,0.7843,0.7407,0.7825,0.7339,0.7841,0.7371,0.7841,0.703,0.7841,0.7417,0.7841,0.7342,0.7841,0.7424,0.798,0.7372,0.7782,0.7158,0.8002,0.7338,0.7825,0.7386,0.7841,0.725,0.7763,0.737,0.7841,0.7402,0.7825,0.7334,0.7841,0.7371,0.7825,0.7254,0.7825,0.7371,0.7825
0.7362,0.7823,0.7351,0.7825,0.7378,0.7841,0.7435,0.7815,0.7459,0.7798,0.7338,0.7841,0.737,0.7841,0.7353,0.7841,0.7404,0.7825,0.7322,0.7841,0.7326,0.7825,0.7841,0.7407,0.7843,0.7407,0.7825,0.7339,0.7841,0.7371,0.7841,0.703,0.7841,0.7417,0.7841,0.7342,0.7841,0.7424,0.798,0.7372,0.7782,0.7158,0.8002,0.7338,0.7825,0.7386,0.7841,0.725,0.7763,0.737,0.7841,0.7402,0.7825,0.7334,0.7841,0.7371,0.7825,0.7254,0.7825,0.7371,0.7825
0.7362,0.7823,0.7351,0.7825,0.7378,0.7841,0.7435,0.7815,0.7459,0.7798,0.7338,0.7841,0.737,0.7841,0.7353,0.7841,0.7404,0.7825,0.7322,0.7841,0.7326,0.7825,0.7841,0.7407,0.7843,0.7407,0.7825,0.7339,0.7841,0.7371,0.7841,0.703,0.7841,0.7417,0.7841,0.7342,0.7841,0.7424,0.798,0.7372,0.7782,0.7158,0.8002,0.7338,0.7825,0.7386,0.7841,0.725,0.7763,0.737,0.7841,0.7402,0.7825,0.7334,0.7841,0.7371,0.7825,0.7254,0.7825,0.7371,0.7825
0.7362,0.7823,0.7351,0.7825,0.7378,0.7841,0.7435,0.7815,0.7459,0.7798,0.7338,0.7841,0.737,0.7841,0.7353,0.7841,0.7404,0.7825,0.7344,0.7841,0.7326,0.7825,0.7841,0.7407,0.7843,0.7407,0.7825,0.7339,0.7841,0.7371,0.7841,0.703,0.7841,0.7417,0.7841,0.7342,0.7841,0.7428,0.798,0.7372,0.7825,0.7158,0.8002,0.7338,0.7825,0.7386,0.7841,0.725,0.7763,0.737,0.7841,0.7402,0.7825,0.7334,0.7841,0.7371,0.7825,0.7254,0.7825,0.7371,0.7825
0.7362,0.7823,0.7351,0.7825,0.7378,0.7841,0.7435,0.7823,0.7459,0.7798,0.7338,0.7841,0.737,0.7841,0.7353,0.7841,0.7404,0.7825,0.7344,0.7841,0.7326,0.7825,0.7841,0.7407,0.7843,0.7407,0.7825,0.7339,0.7841,0.7371,0.7841,0.708,0.7841,0.7417,0.7841,0.7342,0.7841,0.7428,0.798,0.7372,0.7825,0.7158,0.8002,0.7338,0.7825,0.7386,0.7841,0.725,0.7763,0.737,0.7841,0.7402,0.7825,0.7334,0.7841,0.7371,0.7825,0.7254,0.7825,0.7371,0.7825
0.7362,0.7823,0.7351,0.7825,0.7378,0.7841,0.7435,0.7823,0.7459,0.7798,0.7338,0.7841,0.737,0.7841,0.7353,0.7841,0.7404,0.7825,0.7344,0.7841,0.7326,0.7825,0.7841,0.7407,0.7843,0.7407,0.7825,0.7339,0.7841,0.7371,0.7841,0.708,0.7841,0.7417,0.7841,0.7342,0.7841,0.7428,0.798,0.7372,0.7825,0.7158,0.8002,0.7338,0.7825,0.7386,0.7841,0.725,0.7763,0.737,0.7841,0.7402,0.7825,0.7334,0.7841,0.7371,0.7825,0.7254,0.7825,0.7371,0.7825
0.7362,0.7823,0.7351,0.7825,0.7378,0.7841,0.7435,0.7823,0.7459,0.7798,0.7338,0.7841,0.737,0.7841,0.7353,0.7841,0.7404,0.7825,0.7344,0.7841,0.7326,0.7825,0.7841,0.7407,0.7843,0.7407,0.7825,0.7339,0.7841,0.7371,0.7841,0.708,0.7859,0.7417,0.7841,0.7342,0.7841,0.7428,0.798,0.7372,0.7825,0.7158,0.8002,0.7338,0.7825,0.7386,0.7841,0.725,0.7763,0.737,0.7841,0.7402,0.7825,0.7334,0.7841,0.7371,0.7825,0.7254,0.7825,0.7371,0.7825
0.7362,0.7823,0.7351,0.7825,0.7378,0.7841,0.7435,0.7823,0.7459,0.7798,0.7338,0.7841,0.737,0.7841,0.7353,0.7841,0.7404,0.7825,0.7344,0.7841,0.7326,0.7825,0.7841,0.7407,0.7843,0.7407,0.7825,0.7339,0.7841,0.7371,0.7841,0.708,0.7859,0.7417,0.7841,0.7342,0.7841,0.7428,0.798,0.7372,0.7825,0.7158,0.8002,0.7338,0.7825,0.7386,0.7841,0.725,0.7763,0.737,0.7841,0.7402,0.7825,0.7334,0.7841,0.7371,0.7825,0.7254,0.7825,0.7371,0.7825
0.7362,0.7823,0.7351,0.7825,0.7378,0.7841,0.7435,0.7823,0.7459,0.7798,0.7338,0.7841,0.737,0.7841,0.7353,0.7841,0.7404,0.7825,0.7344,0.7841,0.7326,0.7825,0.7841,0.7407,0.7843,0.7407,0.7825,0.7339,0.7841,0.7371,0.7841,0.708,0.7859,0.7417,0.7841,0.7342,0.7841,0.7428,0.798,0.7372,0.7825,0.7158,0.8002,0.7338,0.7825,0.7386,0.7841,0.725,0.7763,0.737,0.7841,0.7402,0.7825,0.7346,0.7841,0.7371,0.7825,0.7254,0.7825,0.7371,0.7825
0.7362,0.7823,0.7351,0.7825,0.7378,0.7841,0.7435,0.7823,0.7459,0.7798,0.7338,0.7841,0.737,0.7841,0.7353,0.7841,0.7404,0.7825,0.7376,0.7841,0.7326,0.7825,0.7841,0.7407,0.7843,0.7407,0.7825,0.7339,0.7841,0.7371,0.7841,0.708,0.7859,0.7417,0.7841,0.7342,0.7841,0.7428,0.798,0.7372,0.7825,0.7158,0.8002,0.7338,0.7825,0.7386,0.7841,0.725,0.7763,0.737,0.7841,0.7402,0.7825,0.7346,0.7841,0.7371,0.7825,0.7254,0.7825,0.7371,0.7825
0.7362,0.7823,0.7351,0.7825,0.7378,0.7841,0.7435,0.7823,0.7459,0.7798,0.7338,0.7841,0.737,0.7841,0.7353,0.7841,0.7404,0.7825,0.7376,0.7841,0.7326,0.7825,0.7841,0.7407,0.7843,0.7407,0.7825,0.7339,0.7841,0.7371,0.7841,0.708,0.7859,0.7417,0.7841,0.7342,0.7841,0.7428,0.798,0.7372,0.7825,0.7158,0.8002,0.7338,0.7825,0.7386,0.7841,0.725,0.7763,0.737,0.7841,0.7402,0.7825,0.7346,0.7841,0.7371,0.7825,0.7254,0.7825,0.7371,0.7825
0.7362,0.7823,0.7351,0.7825,0.7378,0.7841,0.7435,0.7823,0.7459,0.7798,0.7338,0.7841,0.737,0.7889,0.7353,0.7841,0.7404,0.7825,0.7376,0.7841,0.7326,0.7825,0.7841,0.7407,0.7843,0.7407,0.7825,0.7339,0.7841,0.7371,0.7841,0.708,0.7859,0.7417,0.7841,0.7342,0.7841,0.7428,0.798,0.7372,0.7825,0.7158,0.8002,0.7338,0.7825,0.7386,0.7841,0.725,0.7763,0.737,0.7841,0.7402,0.7825,0.7346,0.7841,0.7371,0.7825,0.7254,0.7825,0.7371,0.7825
0.7362,0.7823,0.7351,0.7825,0.7378,0.7841,0.7435,0.7823,0.7459,0.7798,0.7338,0.7841,0.737,0.7889,0.7353,0.7841,0.7404,0.7825,0.7376,0.7841,0.7326,0.7825,0.7841,0.7407,0.7843,0.7407,0.7825,0.7339,0.7841,0.7371,0.7841,0.708,0.7859,0.7417,0.7841,0.7342,0.7841,0.7428,0.798,0.7372,0.7825,0.7158,0.8002,0.7338,0.7825,0.7386,0.7841,0.725,0.7763,0.737,0.7841,0.7402,0.7825,0.7346,0.7841,0.7371,0.7825,0.7254,0.7825,0.7371,0.7825
0.7362,0.7841,0.7351,0.7825,0.7378,0.7841,0.7435,0.7823,0.7459,0.7798,0.7338,0.7841,0.737,0.7889,0.7353,0.7841,0.7404,0.7825,0.7376,0.7841,0.7326,0.7825,0.7841,0.7407,0.7843,0.7407,0.7825,0.7339,0.7841,0.7371,0.7841,0.7291,0.7859,0.7417,0.7841,0.7342,0.7841,0.7428,0.798,0.7372,0.7825,0.7158,0.8002,0.7338,0.7825,0.7386,0.7841,0.725,0.7763,0.737,0.7841,0.7402,0.7825,0.7346,0.7841,0.7371,0.7825,0.7254,0.7825,0.7371,0.7825
0.7362,0.7841,0.7351,0.7825,0.7378,0.7841,0.7435,0.7823,0.7459,0.7798,0.7338,0.7841,0.737,0.7889,0.7353,0.7841,0.7404,0.7825,0.7376,0.7841,0.7326,0.7825,0.7841,0.7407,0.7843,0.7407,0.7825,0.7339,0.7841,0.7371,0.7841,0.7291,0.7859,0.7417,0.7841,0.7342,0.7841,0.7428,0.798,0.7372,0.7825,0.7158,0.8002,0.7338,0.7825,0.7386,0.7841,0.725,0.7763,0.737,0.7841,0.7402,0.7825,0.7346,0.7841,0.7371,0.7825,0.7254,0.7825,0.7371,0.7825
0.7362,0.7841,0.7351,0.7841,0.7378,0.7841,0.7435,0.7823,0.7459,0.7798,0.7338,0.7841,0.737,0.7889,0.7353,0.7841,0.7404,0.7825,0.7376,0.7841,0.7326,0.7825,0.7841,0.7407,0.7843,0.7407,0.7825,0.7339,0.7841,0.7371,0.7841,0.7291,0.7859,0.7417,0.7841,0.7342,0.7841,0.7428,0.798,0.7372,0.7825,0.7158,0.8002,0.7338,0.7825,0.7386,0.7841,0.725,0.7763,0.737,0.7841,0.7402,0.7825,0.7346,0.7841,0.7371,0.7825,0.7254,0.7825,0.7371,0.7825
0.7362,0.7841,0.7351,0.7841,0.7378,0.7841,0.7435,0.7823,0.7459,0.7798,0.7338,0.7841,0.737,0.7889,0.7353,0.7841,0.7404,0.7825,0.7376,0.7841,0.7326,0.7825,0.7841,0.7407,0.7843,0.7407,0.7825,0.7339,0.7841,0.7371,0.7841,0.7291,0.7859,0.7417,0.7841,0.7342,0.7841,0.7428,0.798,0.7372,0.7825,0.7158,0.8002,0.7338,0.7825,0.7386,0.7841,0.725,0.7763,0.737,0.7841,0.7402,0.7825,0.7346,0.7841,0.7371,0.7825,0.7254,0.7825,0.7371,0.7825
0.7362,0.7841,0.7351,0.7841,0.7378,0.7841,0.7435,0.7823,0.7459,0.7798,0.7338,0.7841,0.737,0.7889,0.7353,0.7841,0.7404,0.7825,0.7376,0.7841,0.7326,0.7825,0.7841,0.7407,0.7843,0.7407,0.7825,0.7339,0.7841,0.7371,0.7841,0.7291,0.7859,0.7417,0.7841,0.7342,0.7841,0.7428,0.798,0.7372,0.7825,0.7158,0.8002,0.7338,0.7825,0.7386,0.7841,0.725,0.7763,0.737,0.7841,0.7402,0.7825,0.7346,0.7841,0.7371,0.7825,0.7254,0.7825,0.7371,0.7825
0.7362,0.7841,0.7351,0.7841,0.7378,0.7841,0.7435,0.7823,0.7459,0.7798,0.7338,0.7841,0.737,0.7889,0.7353,0.7841,0.7404,0.7825,0.7376,0.7841,0.7326,0.7825,0.7841,0.7407,0.7843,0.7407,0.7825,0.7339,0.7841,0.7371,0.7841,0.7291,0.7859,0.7417,0.7841,0.7401,0.7841,0.7428,0.798,0.7372,0.7825,0.7158,0.8002,0.7338,0.7825,0.7386,0.7841,0.725,0.7763,0.737,0.7841,0.7402,0.7825,0.7346,0.7841,0.7371,0.7825,0.7254,0.7825,0.7371,0.7825
0.7362,0.7841,0.7351,0.7841,0.7378,0.7841,0.7435,0.7823,0.7459,0.7798,0.7338,0.7841,0.737,0.7889,0.7353,0.7841,0.7404,0.7825,0.7376,0.7841,0.7326,0.7825,0.7841,0.7407,0.7843,0.7407,0.7825,0.7339,0.7841,0.7371,0.7841,0.7291,0.7859,0.7417,0.7841,0.7401,0.7841,0.7428,0.798,0.7372,0.7825,0.7158,0.8002,0.7338,0.7825,0.7386,0.7841,0.725,0.7763,0.737,0.7841,0.7402,0.7825,0.7346,0.7841,0.7371,0.7825,0.7254,0.7825,0.7371,0.7825
0.7362,0.7841,0.7351,0.7841,0.7378,0.7841,0.7435,0.7823,0.7459,0.7798,0.7338,0.7841,0.737,0.7889,0.7353,0.7841,0.7404,0.7825,0.7376,0.7841,0.7326,0.7825,0.7841,0.7407,0.7843,0.7407,0.7825,0.7339,0.7841,0.7371,0.7841,0.7291,0.7859,0.7417,0.7841,0.7401,0.7841,0.7428,0.798,0.7372,0.7825,0.7158,0.8002,0.7338,0.7825,0.7386,0.7841,0.725,0.7763,0.737,0.7841,0.7402,0.7825,0.7346,0.7841,0.7407,0.7825,0.7254,0.7825,0.7371,0.7825
0.7362,0.7841,0.7351,0.7841,0.7378,0.7841,0.7435,0.7823,0.7459,0.7798,0.7338,0.7841,0.737,0.7889,0.7353,0.7841,0.7404,0.7825,0.7376,0.7841,0.7326,0.7825,0.7841,0.7407,0.7843,0.7407,0.7825,0.7339,0.7841,0.7371,0.7841,0.7291,0.7859,0.7417,0.7841,0.7401,0.7841,0.7428,0.798,0.7372,0.7825,0.7158,0.8002,0.7338,0.7825,0.7386,0.7841,0.725,0.7763,0.737,0.7841,0.7402,0.7825,0.7346,0.7841,0.7407,0.7825,0.7254,0.7825,0.7371,0.7825
0.7362,0.7841,0.7351,0.7841,0.7378,0.7841,0.7435,0.7823,0.7459,0.7798,0.7338,0.7841,0.737,0.7889,0.7353,0.7841,0.7404,0.7825,0.7376,0.7841,0.7326,0.7825,0.7841,0.7407,0.7843,0.7407,0.7825,0.7339,0.7841,0.7371,0.7841,0.7291,0.7859,0.7417,0.7841,0.7401,0.7841,0.7428,0.798,0.7372,0.7825,0.7158,0.8002,0.7338,0.7825,0.7386,0.7841,0.725,0.7763,0.737,0.7841,0.7402,0.7825,0.7346,0.7841,0.7407,0.7825,0.7254,0.7825,0.7371,0.7825
0.7362,0.7841,0.7351,0.7841,0.7378,0.7841,0.7435,0.7823,0.7459,0.7798,0.7338,0.7841,0.737,0.7889,0.7353,0.7841,0.7404,0.7825,0.7376,0.7841,0.7326,0.7825,0.7841,0.7407,0.7843,0.7407,0.7825,0.7339,0.7841,0.7371,0.7841,0.7291,0.7859,0.7417,0.7841,0.7401,0.7841,0.7428,0.798,0.7372,0.7825,0.7158,0.8002,0.7338,0.7825,0.7386,0.7841,0.725,0.7763,0.737,0.7841,0.7402,0.7825,0.7346,0.7841,0.7407,0.7825,0.7254,0.7825,0.7371,0.7825
0.7362,0.7841,0.7351,0.7841,0.7378,0.7841,0.7435,0.7823,0.7459,0.7798,0.7338,0.7841,0.737,0.7889,0.7353,0.7841,0.7404,0.7825,0.7376,0.7841,0.7326,0.7825,0.7841,0.7407,0.7843,0.7407,0.7825,0.7339,0.7841,0.7371,0.7841,0.7291,0.7859,0.7417,0.7841,0.7401,0.7841,0.7428,0.798,0.7372,0.7825,0.7158,0.8002,0.7338,0.7825,0.7386,0.7841,0.725,0.7763,0.737,0.7841,0.7402,0.7825,0.7346,0.7841,0.7407,0.7825,0.7254,0.7825,0.7371,0.7825
0.7362,0.7841,0.7351,0.7841,0.7378,0.7841,0.7435,0.7823,0.7459,0.7798,0.7338,0.7841,0.737,0.7889,0.7353,0.7841,0.7404,0.7825,0.7376,0.7841,0.7326,0.7825,0.7841,0.7407,0.7843,0.7407,0.7825,0.7339,0.7841,0.7371,0.7841,0.7291,0.7859,0.7417,0.7841,0.7401,0.7841,0.7428,0.798,0.7372,0.7825,0.7158,0.8002,0.7338,0.7825,0.7386,0.7841,0.725,0.7763,0.737,0.7841,0.7402,0.7825,0.7346,0.7841,0.7407,0.7825,0.7254,0.7825,0.7371,0.7825
0.7362,0.7841,0.7351,0.7841,0.7378,0.7841,0.7435,0.7823,0.7459,0.7798,0.7338,0.7841,0.737,0.7889,0.7353,0.7841,0.7404,0.7825,0.7376,0.7841,0.7326,0.7825,0.7841,0.7407,0.7843,0.7407,0.7825,0.7339,0.7841,0.7371,0.7841,0.7291,0.7859,0.7417,0.7841,0.7401,0.7841,0.7428,0.798,0.7372,0.7825,0.7158,0.8002,0.7338,0.7825,0.7386,0.7841,0.725,0.7763,0.737,0.7841,0.7402,0.7825,0.7346,0.7841,0.7407,0.7825,0.7254,0.7825,0.7371,0.7825
0.7362,0.7841,0.7351,0.7841,0.7378,0.7841,0.7435,0.7823,0.7459,0.7798,0.7338,0.7841,0.737,0.7889,0.7353,0.7841,0.7404,0.7825,0.7376,0.7841,0.7326,0.7825,0.7841,0.7407,0.7843,0.7407,0.7825,0.7339,0.7841,0.7371,0.7841,0.7291,0.7859,0.7417,0.7841,0.7401,0.7841,0.7428,0.798,0.7372,0.7825,0.7158,0.8002,0.7338,0.7825,0.7386,0.7841,0.725,0.7763,0.737,0.7841,0.7402,0.7825,0.7346,0.7841,0.7407,0.7825,0.7254,0.7825,0.7371,0.7825
0.7362,0.7841,0.7351,0.7841,0.7378,0.7841,0.7435,0.7823,0.7459,0.7798,0.7338,0.7841,0.737,0.7889,0.7353,0.7841,0.7404,0.7825,0.7376,0.7841,0.7326,0.7825,0.7841,0.7435,0.7843,0.7407,0.7825,0.7339,0.7841,0.7371,0.7841,0.7291,0.7859,0.7417,0.7841,0.7401,0.7841,0.7428,0.798,0.7372,0.7825,0.7158,0.8002,0.7338,0.7825,0.7386,0.7841,0.725,0.7763,0.737,0.7841,0.7402,0.7825,0.7346,0.7841,0.7407,0.7825,0.7254,0.7825,0.7371,0.7825
0.7362,0.7841,0.7351,0.7841,0.7378,0.7841,0.7435,0.7823,0.7459,0.7798,0.7338,0.7841,0.737,0.7889,0.7353,0.7841,0.7404,0.7825,0.7376,0.7841,0.7326,0.7825,0.7841,0.7435,0.7843,0.7407,0.7825,0.7339,0.7841,0.7371,0.7841,0.7291,0.7859,0.7417,0.7841,0.7401,0.7841,0.7428,0.798,0.7372,0.7825,0.7158,0.8002,0.7338,0.7825,0.7386,0.7841,0.725,0.7763,0.737,0.7841,0.7402,0.7825,0.7346,0.7841,0.7407,0.7825,0.7254,0.7825,0.7371,0.7825
0.7362,0.7841,0.7351,0.7841,0.7378,0.7841,0.7435,0.7823,0.7459,0.7798,0.7338,0.7841,0.737,0.7889,0.7353,0.7841,0.7404,0.7825,0.7376,0.7841,0.7326,0.7825,0.7841,0.7435,0.7843,0.7407,0.7825,0.7339,0.7841,0.7371,0.7841,0.7291,0.7859,0.7417,0.7841,0.7401,0.7841,0.7428,0.798,0.7372,0.7825,0.7158,0.8002,0.7338,0.7825,0.7386,0.7841,0.725,0.7763,0.737,0.7841,0.7402,0.7825,0.7346,0.7841,0.7407,0.7825,0.7254,0.7825,0.7371,0.7825
0.7362,0.7841,0.7351,0.7841,0.7378,0.7841,0.7435,0.7823,0.7459,0.7798,0.7338,0.7841,0.737,0.7889,0.7353,0.7841,0.7404,0.7825,0.7376,0.7841,0.7326,0.7825,0.7841,0.7435,0.7843,0.7407,0.7825,0.7339,0.7841,0.7371,0.7841,0.7291,0.7859,0.7417,0.7841,0.7401,0.7841,0.7428,0.798,0.7372,0.7825,0.7158,0.8002,0.7338,0.7825,0.7386,0.7841,0.725,0.7763,0.737,0.7841,0.7402,0.7825,0.7346,0.7841,0.7407,0.7825,0.7254,0.7825,0.7371,0.7825
0.7362,0.7841,0.7351,0.7841,0.7378,0.7841,0.7435,0.7825,0.7459,0.7798,0.7338,0.7841,0.737,0.7889,0.7353,0.7841,0.7404,0.7825,0.7376,0.7841,0.7326,0.7825,0.7841,0.7435,0.7843,0.7407,0.7825,0.7339,0.7841,0.7371,0.7841,0.7291,0.7859,0.7417,0.7841,0.7401,0.7841,0.7428,0.798,0.7372,0.7825,0.7158,0.8002,0.7338,0.7825,0.7386,0.7841,0.725,0.7763,0.737,0.7841,0.7402,0.7825,0.7346,0.7841,0.7407,0.7825,0.7254,0.7825,0.7371,0.7825
0.7362,0.7841,0.7351,0.7841,0.7378,0.7841,0.7435,0.7825,0.7459,0.7798,0.7338,0.7841,0.737,0.7889,0.7353,0.7841,0.7404,0.7825,0.7376,0.7841,0.7326,0.7825,0.7841,0.7435,0.7843,0.7407,0.7825,0.7339,0.7841,0.7371,0.7841,0.7291,0.7859,0.7417,0.7841,0.7401,0.7841,0.7428,0.798,0.7372,0.7825,0.7158,0.8002,0.7338,0.7825,0.7386,0.7841,0.725,0.7763,0.737,0.7841,0.7402,0.7825,0.7346,0.7841,0.7407,0.7825,0.7254,0.7825,0.7371,0.7825
0.7362,0.7841,0.7351,0.7841,0.7378,0.7841,0.7435,0.7825,0.7459,0.7798,0.7338,0.7841,0.737,0.7889,0.7353,0.7841,0.7404,0.7825,0.7376,0.7841,0.7326,0.7825,0.7841,0.7435,0.7843,0.7407,0.7825,0.7339,0.7841,0.7371,0.7841,0.7291,0.7859,0.7417,0.7841,0.7401,0.7841,0.7428,0.798,0.7372,0.7825,0.7158,0.8002,0.7338,0.7825,0.7386,0.7841,0.725,0.7763,0.737,0.7841,0.7402,0.7825,0.7346,0.7841,0.7407,0.7825,0.7254,0.7825,0.7371,0.7825
0.7362,0.7841,0.7351,0.7841,0.7378,0.7841,0.7435,0.7825,0.7459,0.7798,0.7338,0.7841,0.737,0.7889,0.7353,0.7841,0.7404,0.7825,0.7376,0.7841,0.7326,0.7825,0.7841,0.7435,0.7843,0.7407,0.7825,0.7339,0.7841,0.7371,0.7841,0.7291,0.7859,0.7417,0.7841,0.7401,0.7841,0.7428,0.798,0.7372,0.7825,0.7158,0.8002,0.7338,0.7825,0.7386,0.7841,0.725,0.7763,0.737,0.7841,0.7402,0.7825,0.7346,0.7841,0.7407,0.7825,0.7254,0.7825,0.7371,0.7825
0.7362,0.7841,0.7351,0.7841,0.7378,0.7841,0.7435,0.7825,0.7459,0.7798,0.7338,0.7841,0.737,0.7889,0.7353,0.7841,0.7404,0.7825,0.7376,0.7841,0.7326,0.7825,0.7841,0.7435,0.7843,0.7407,0.7825,0.7339,0.7841,0.7371,0.7841,0.7291,0.7859,0.7417,0.7841,0.7401,0.7841,0.7428,0.798,0.7372,0.7825,0.7158,0.8002,0.7338,0.7825,0.7386,0.7841,0.725,0.7763,0.737,0.7841,0.7402,0.7825,0.7346,0.7841,0.7407,0.7825,0.7254,0.7825,0.7371,0.7825
0.7362,0.7841,0.7351,0.7841,0.7378,0.7841,0.7435,0.7825,0.7459,0.7798,0.7338,0.7841,0.737,0.7889,0.7353,0.7841,0.7404,0.7825,0.7376,0.7841,0.7326,0.7825,0.7841,0.7435,0.7843,0.7407,0.7825,0.7339,0.7841,0.7371,0.7841,0.7291,0.7859,0.7417,0.7841,0.7401,0.7841,0.7428,0.798,0.7372,0.7825,0.7158,0.8002,0.7338,0.7825,0.7386,0.7841,0.725,0.7763,0.737,0.7841,0.7402,0.7825,0.7346,0.7841,0.7407,0.7825,0.7254,0.7825,0.7371,0.7825
0.7362,0.7841,0.7351,0.7841,0.7378,0.7841,0.7435,0.7825,0.7459,0.7798,0.7338,0.7841,0.737,0.7889,0.7355,0.7841,0.7404,0.7825,0.7376,0.7841,0.7326,0.7825,0.7841,0.7435,0.7843,0.7407,0.7825,0.7339,0.7841,0.7371,0.7841,0.7291,0.7859,0.7417,0.7841,0.7401,0.7841,0.7428,0.798,0.7372,0.7825,0.7209,0.8002,0.7338,0.7825,0.7386,0.7841,0.725,0.7763,0.737,0.7841,0.7402,0.7825,0.7346,0.7841,0.7407,0.7825,0.7254,0.7825,0.7371,0.7825
0.7362,0.7841,0.7351,0.7841,0.7378,0.7841,0.7435,0.7825,0.7459,0.7798,0.7338,0.7841,0.737,0.7889,0.7355,0.7841,0.7404,0.7825,0.7376,0.7841,0.7326,0.7825,0.7841,0.7435,0.7843,0.7407,0.7825,0.7339,0.7841,0.7371,0.7841,0.7291,0.7859,0.7417,0.7841,0.7401,0.7841,0.7428,0.798,0.7372,0.7825,0.7209,0.8002,0.7338,0.7825,0.7386,0.7841,0.725,0.7763,0.737,0.7841,0.7402,0.7825,0.7346,0.7841,0.7407,0.7825,0.7254,0.7825,0.7371,0.7825
0.7362,0.7841,0.7351,0.7841,0.7378,0.7841,0.7435,0.7825,0.7459,0.7798,0.7338,0.7841,0.737,0.7889,0.7355,0.7841,0.7404,0.7825,0.7376,0.7841,0.7326,0.7825,0.7841,0.7435,0.7843,0.7407,0.7825,0.7339,0.7841,0.7371,0.7841,0.7291,0.7859,0.7417,0.7841,0.7401,0.7841,0.7428,0.798,0.7372,0.7825,0.7209,0.8002,0.7338,0.7825,0.7386,0.7841,0.725,0.7763,0.737,0.7841,0.7402,0.7825,0.7346,0.7841,0.7407,0.7825,0.7254,0.7825,0.7371,0.7825
0.7362,0.7841,0.7351,0.7841,0.7378,0.7841,0.7435,0.7825,0.7459,0.7798,0.7338,0.7841,0.737,0.7889,0.7355,0.7841,0.7404,0.7825,0.7376,0.7841,0.7326,0.7825,0.7841,0.7435,0.7843,0.7407,0.7825,0.7339,0.7841,0.7371,0.7851,0.7291,0.7859,0.7417,0.7841,0.7401,0.7841,0.7428,0.798,0.7372,0.7825,0.7209,0.8002,0.7338,0.7825,0.7386,0.7841,0.725,0.7763,0.737,0.7841,0.7402,0.7825,0.7346,0.7841,0.7407,0.7825,0.7254,0.7825,0.7371,0.7825
0.7362,0.7841,0.7351,0.7841,0.7378,0.7841,0.7435,0.7825,0.7459,0.7798,0.7338,0.7841,0.737,0.7889,0.7355,0.7841,0.7404,0.7825,0.7376,0.7841,0.7326,0.7825,0.7841,0.7435,0.7843,0.7407,0.7825,0.7339,0.7841,0.7371,0.7851,0.7291,0.7859,0.7417,0.7841,0.7401,0.7841,0.7428,0.798,0.7372,0.7825,0.7209,0.8002,0.7338,0.7825,0.7386,0.7841,0.725,0.7763,0.737,0.7841,0.7402,0.7825,0.7346,0.7841,0.7407,0.7825,0.7254,0.7825,0.7371,0.7825
0.7362,0.7841,0.7351,0.7841,0.7378,0.7841,0.7435,0.7825,0.7459,0.7798,0.7338,0.7841,0.737,0.7889,0.7355,0.7841,0.7404,0.7825,0.7376,0.7841,0.7326,0.7825,0.7841,0.7435,0.7843,0.7407,0.7825,0.7339,0.7841,0.7428,0.7851,0.7291,0.7859,0.7417,0.7841,0.7401,0.7859,0.7428,0.798,0.7372,0.7825,0.7209,0.8002,0.7338,0.7825,0.7386,0.7841,0.725,0.7763,0.737,0.7841,0.7402,0.7825,0.7346,0.7841,0.7407,0.7825,0.7254,0.7825,0.7371,0.7825
0.7362,0.7841,0.7351,0.7841,0.7378,0.7841,0.7435,0.7825,0.7459,0.7798,0.7338,0.7841,0.737,0.7889,0.7355,0.7841,0.7404,0.7825,0.7376,0.7841,0.7326,0.7825,0.7841,0.7435,0.7843,0.7407,0.7825,0.7339,0.7841,0.7428,0.7851,0.7291,0.7859,0.7417,0.7841,0.7401,0.7859,0.7428,0.798,0.7372,0.7825,0.7209,0.8002,0.7338,0.7825,0.7386,0.7841,0.725,0.7763,0.737,0.7841,0.7402,0.7825,0.7346,0.7841,0.7407,0.7825,0.7254,0.7825,0.7371,0.7825
0.7362,0.7841,0.7351,0.7841,0.7378,0.7841,0.7435,0.7825,0.7459,0.7798,0.7338,0.7841,0.737,0.7889,0.7355,0.7841,0.7404,0.7825,0.7376,0.7841,0.7326,0.7825,0.7841,0.7435,0.7843,0.7407,0.7825,0.7339,0.7841,0.7428,0.7851,0.7291,0.7859,0.7417,0.7841,0.7401,0.7859,0.7428,0.798,0.7372,0.7825,0.7209,0.8002,0.7338,0.7825,0.7386,0.7841,0.725,0.7763,0.737,0.7841,0.7402,0.7825,0.7346,0.7841,0.7407,0.7825,0.7254,0.7825,0.7371,0.7825
0.7362,0.7841,0.7351,0.7841,0.7378,0.7841,0.7435,0.7825,0.7459,0.7798,0.7338,0.7841,0.737,0.7889,0.7355,0.7841,0.7404,0.7825,0.7376,0.7841,0.7326,0.7825,0.7841,0.7435,0.7843,0.7407,0.7825,0.7339,0.7841,0.7428,0.7851,0.7291,0.7859,0.7417,0.7841,0.7401,0.7859,0.7428,0.798,0.7372,0.7825,0.7209,0.8002,0.7338,0.7825,0.7386,0.7841,0.725,0.7763,0.737,0.7841,0.7402,0.7825,0.7346,0.7841,0.7407,0.7825,0.7254,0.7825,0.7371,0.7825
0.7362,0.7841,0.7351,0.7841,0.7378,0.7841,0.7435,0.7825,0.7459,0.7798,0.7338,0.7841,0.737,0.7889,0.7355,0.7841,0.7404,0.7825,0.7376,0.7841,0.7326,0.7825,0.7841,0.7435,0.7843,0.7407,0.7825,0.7339,0.7841,0.7428,0.7851,0.7291,0.7859,0.7417,0.7841,0.7401,0.7859,0.7428,0.798,0.7372,0.7825,0.7209,0.8002,0.7338,0.7825,0.7386,0.7841,0.725,0.7763,0.737,0.7841,0.7402,0.7825,0.7346,0.7841,0.7407,0.7825,0.7254,0.7825,0.7371,0.7825
0.7362,0.7841,0.7351,0.7841,0.7378,0.7841,0.7435,0.7825,0.7459,0.7798,0.7338,0.7841,0.737,0.7889,0.7355,0.7841,0.7404,0.7825,0.7376,0.7841,0.7326,0.7825,0.7841,0.7435,0.7843,0.7407,0.7825,0.7339,0.7841,0.7428,0.7851,0.7291,0.7859,0.7417,0.7841,0.7401,0.7859,0.7428,0.798,0.7372,0.7825,0.7209,0.8002,0.7338,0.7825,0.7386,0.7841,0.725,0.7763,0.737,0.7841,0.7402,0.7825,0.7346,0.7841,0.7407,0.7825,0.7254,0.7825,0.7371,0.7825
0.7362,0.7841,0.7351,0.7841,0.7378,0.7841,0.7435,0.7825,0.7459,0.7798,0.7338,0.7841,0.737,0.7889,0.7355,0.7841,0.7404,0.7825,0.7376,0.7841,0.7326,0.7825,0.7841,0.7435,0.7843,0.7407,0.7825,0.7339,0.7841,0.7428,0.7851,0.7291,0.7859,0.7417,0.7841,0.7401,0.7859,0.7428,0.798,0.7372,0.7825,0.7209,0.8002,0.7338,0.7825,0.7386,0.7841,0.725,0.7763,0.737,0.7841,0.7402,0.7825,0.7346,0.7841,0.7407,0.7825,0.7254,0.7825,0.7371,0.7825
0.7362,0.7841,0.7351,0.7841,0.7378,0.7841,0.7435,0.7825,0.7459,0.7798,0.7338,0.7841,0.737,0.7889,0.7355,0.7841,0.7404,0.7825,0.7376,0.7841,0.7326,0.7825,0.7841,0.7435,0.7843,0.7407,0.7825,0.7339,0.7841,0.7428,0.7851,0.7291,0.7859,0.7417,0.7841,0.7401,0.7859,0.7428,0.798,0.7372,0.7825,0.7209,0.8002,0.7338,0.7825,0.7386,0.7841,0.725,0.7763,0.737,0.7841,0.7402,0.7825,0.7346,0.7841,0.7407,0.7825,0.7254,0.7825,0.7371,0.7825
0.7362,0.7841,0.7351,0.7841,0.7378,0.7841,0.7435,0.7825,0.7459,0.7798,0.7338,0.7841,0.737,0.7889,0.7355,0.7841,0.7404,0.7825,0.7376,0.7841,0.7326,0.7825,0.7841,0.7435,0.7843,0.7407,0.7841,0.7339,0.7841,0.7428,0.7851,0.7291,0.7859,0.7417,0.7841,0.7401,0.7859,0.7428,0.798,0.7372,0.7825,0.7209,0.8002,0.7338,0.7825,0.7386,0.7841,0.725,0.7763,0.737,0.7841,0.7402,0.7825,0.7346,0.7841,0.7407,0.7825,0.7254,0.7825,0.7371,0.7825
0.7362,0.7841,0.7351,0.7841,0.7378,0.7841,0.7435,0.7825,0.7459,0.7798,0.7338,0.7841,0.737,0.7889,0.7355,0.7841,0.7404,0.7825,0.7376,0.7841,0.7326,0.7825,0.7841,0.7435,0.7843,0.7407,0.7841,0.7339,0.7841,0.7428,0.7851,0.7291,0.7859,0.7417,0.7841,0.7401,0.7859,0.7428,0.798,0.7372,0.7825,0.7209,0.8002,0.7338,0.7825,0.7386,0.7841,0.725,0.7763,0.737,0.7841,0.7402,0.7825,0.7346,0.7841,0.7407,0.7825,0.7254,0.7825,0.7371,0.7825
0.7362,0.7841,0.7351,0.7841,0.7378,0.7841,0.7435,0.7825,0.7459,0.7798,0.7338,0.7841,0.737,0.7889,0.7355,0.7841,0.7404,0.7825,0.7376,0.7841,0.7326,0.7825,0.7841,0.7435,0.7843,0.7407,0.7841,0.7339,0.7841,0.7428,0.7851,0.7291,0.7859,0.7417,0.7841,0.7401,0.7859,0.7428,0.798,0.7372,0.7825,0.7209,0.8002,0.7338,0.7825,0.7386,0.7841,0.725,0.7763,0.737,0.7841,0.7402,0.7825,0.7346,0.7841,0.7407,0.7825,0.7254,0.7825,0.7371,0.7825
0.7362,0.7841,0.7351,0.7841,0.7378,0.7841,0.7435,0.7825,0.7459,0.7798,0.7338,0.7841,0.737,0.7889,0.7355,0.7841,0.7404,0.7825,0.7376,0.7841,0.7326,0.7825,0.7841,0.7435,0.7843,0.7407,0.7841,0.7339,0.7841,0.7428,0.7851,0.7291,0.7859,0.7417,0.7841,0.7401,0.7859,0.7428,0.798,0.7372,0.7825,0.7209,0.8002,0.7338,0.7825,0.7386,0.7841,0.725,0.7763,0.737,0.7841,0.7402,0.7825,0.7346,0.7841,0.7407,0.7825,0.7254,0.7825,0.7371,0.7825
0.7362,0.7841,0.7351,0.7841,0.7397,0.7841,0.7435,0.7825,0.7459,0.7798,0.7338,0.7841,0.737,0.7889,0.7355,0.7841,0.7404,0.7825,0.7376,0.7841,0.7326,0.7825,0.7841,0.7435,0.7843,0.7407,0.7841,0.7339,0.7841,0.7428,0.7851,0.7291,0.7859,0.7417,0.7841,0.7401,0.7859,0.7428,0.798,0.7372,0.7825,0.7209,0.8002,0.7338,0.7825,0.7386,0.7841,0.725,0.7763,0.737,0.7841,0.7402,0.7825,0.7346,0.7841,0.7407,0.7825,0.7254,0.7825,0.7371,0.7825
0.7362,0.7841,0.7351,0.7841,0.7397,0.7841,0.7435,0.7825,0.7459,0.7798,0.7338,0.7841,0.737,0.7889,0.7355,0.7841,0.7404,0.7825,0.7376,0.7841,0.7326,0.7825,0.7841,0.7435,0.7843,0.7407,0.7841,0.7339,0.7841,0.7428,0.7851,0.7291,0.7859,0.7417,0.7841,0.7401,0.7859,0.7428,0.798,0.7372,0.7825,0.7209,0.8002,0.7338,0.7825,0.7386,0.7841,0.725,0.7763,0.737,0.7841,0.7402,0.7825,0.7346,0.7841,0.7407,0.7825,0.7254,0.7825,0.7371,0.7825
0.7362,0.7841,0.7351,0.7841,0.7397,0.7841,0.7435,0.7825,0.7459,0.7798,0.7338,0.7841,0.737,0.7889,0.7355,0.7841,0.7404,0.7825,0.7376,0.7841,0.7326,0.7825,0.7841,0.7435,0.7843,0.7407,0.7841,0.7339,0.7841,0.7428,0.7851,0.7291,0.7859,0.7417,0.7841,0.7401,0.7859,0.7428,0.798,0.7372,0.7825,0.7209,0.8002,0.7338,0.7825,0.7386,0.7841,0.725,0.7763,0.737,0.7841,0.7402,0.7825,0.7346,0.7841,0.7407,0.7825,0.7254,0.7825,0.7371,0.7825
0.7362,0.7841,0.7351,0.7841,0.7397,0.7841,0.7435,0.7825,0.7459,0.7798,0.7338,0.7841,0.737,0.7889,0.7355,0.7841,0.7404,0.7825,0.7376,0.7841,0.7326,0.7825,0.7841,0.7435,0.7843,0.7407,0.7841,0.7339,0.7841,0.7428,0.7851,0.7291,0.7859,0.7417,0.7841,0.7401,0.7859,0.7428,0.798,0.7372,0.7825,0.7254,0.8002,0.7338,0.7825,0.7386,0.7841,0.725,0.7763,0.737,0.7841,0.7402,0.7825,0.7346,0.7841,0.7407,0.7825,0.7254,0.7825,0.7371,0.7825
0.7362,0.7841,0.7351,0.7841,0.7397,0.7841,0.7435,0.7825,0.7459,0.7798,0.7338,0.7841,0.737,0.7889,0.7355,0.7841,0.7404,0.7825,0.7376,0.7841,0.7326,0.7825,0.7841,0.7435,0.7843,0.7407,0.7841,0.7339,0.7841,0.7428,0.7851,0.7291,0.7859,0.7417,0.7841,0.7401,0.7859,0.7428,0.798,0.7372,0.7825,0.7254,0.8002,0.7338,0.7825,0.7386,0.7841,0.7289,0.7763,0.737,0.7841,0.7402,0.7825,0.7346,0.7841,0.7407,0.7825,0.7254,0.7825,0.7371,0.7825
0.7362,0.7841,0.7351,0.7841,0.7397,0.7841,0.7435,0.7825,0.7459,0.7798,0.7338,0.7841,0.737,0.7889,0.7355,0.7841,0.7404,0.7825,0.7376,0.7841,0.7326,0.7825,0.7841,0.7435,0.7843,0.7407,0.7841,0.7339,0.7841,0.7428,0.7851,0.7291,0.7859,0.7417,0.7841,0.7401,0.7859,0.7428,0.798,0.7372,0.7825,0.7254,0.8002,0.7338,0.7825,0.7386,0.7841,0.7289,0.7763,0.737,0.7841,0.7402,0.7825,0.7346,0.7841,0.7407,0.7825,0.7254,0.7825,0.7371,0.7825
0.7362,0.7841,0.7351,0.7841,0.7397,0.7841,0.7435,0.7825,0.7459,0.7798,0.7338,0.7841,0.737,0.7889,0.7355,0.7841,0.7404,0.7825,0.7376,0.7841,0.7326,0.7825,0.7841,0.7435,0.7843,0.7407,0.7841,0.7339,0.7841,0.7428,0.7851,0.7291,0.7859,0.7417,0.7841,0.7401,0.7859,0.7428,0.798,0.7372,0.7825,0.7254,0.8002,0.7338,0.7825,0.7386,0.7841,0.7289,0.7763,0.737,0.7841,0.7402,0.7825,0.7346,0.7841,0.7407,0.7825,0.7254,0.7825,0.7417,0.7825
0.7362,0.7841,0.7351,0.7841,0.7397,0.7841,0.7435,0.7825,0.7459,0.7798,0.7338,0.7841,0.737,0.7889,0.7355,0.7841,0.7404,0.7825,0.7376,0.7841,0.7326,0.7825,0.7841,0.7435,0.7843,0.7407,0.7841,0.7339,0.7841,0.7428,0.7851,0.7291,0.7859,0.7417,0.7841,0.7401,0.7859,0.7428,0.798,0.7372,0.7825,0.7254,0.8002,0.7338,0.7825,0.7386,0.7841,0.7289,0.7763,0.737,0.7841,0.7402,0.7825,0.7346,0.7841,0.7407,0.7825,0.7254,0.7825,0.7417,0.7825
0.7362,0.7841,0.7351,0.7841,0.7397,0.7841,0.7435,0.7825,0.7459,0.7798,0.7338,0.7841,0.737,0.7889,0.7355,0.7841,0.7404,0.7825,0.7376,0.7841,0.7326,0.7825,0.7841,0.7435,0.7843,0.7407,0.7841,0.7339,0.7841,0.7428,0.7851,0.7291,0.7859,0.7417,0.7841,0.7401,0.7859,0.7428,0.798,0.7372,0.7825,0.7254,0.8002,0.7338,0.7825,0.7386,0.7841,0.7289,0.7763,0.737,0.7841,0.7402,0.7825,0.7346,0.7841,0.7407,0.7825,0.7254,0.7825,0.7417,0.7825
0.7362,0.7841,0.7351,0.7841,0.7397,0.7841,0.7435,0.7825,0.7459,0.7798,0.7338,0.7841,0.737,0.7889,0.7355,0.7841,0.7404,0.7825,0.7376,0.7841,0.7326,0.7825,0.7841,0.7435,0.7843,0.7407,0.7841,0.7339,0.7841,0.7428,0.7851,0.7291,0.7859,0.7417,0.7841,0.7401,0.7859,0.7428,0.798,0.7372,0.7825,0.7254,0.8002,0.7338,0.7825,0.7386,0.7841,0.7289,0.7763,0.737,0.7841,0.7402,0.7825,0.7346,0.7841,0.7407,0.7825,0.7254,0.7825,0.7417,0.7825
0.7362,0.7841,0.7351,0.7841,0.7397,0.7841,0.7435,0.7825,0.7459,0.7815,0.7338,0.7841,0.737,0.7889,0.7355,0.7841,0.7404,0.7825,0.7376,0.7841,0.7326,0.7825,0.7841,0.7435,0.7843,0.7407,0.7841,0.7339,0.7841,0.7428,0.7851,0.7291,0.7859,0.7417,0.7841,0.7401,0.7859,0.7428,0.798,0.7372,0.7825,0.7254,0.8002,0.7338,0.7825,0.7386,0.7841,0.7289,0.7763,0.737,0.7841,0.7402,0.7825,0.7346,0.7841,0.7407,0.7825,0.7254,0.7825,0.7417,0.7825
0.7362,0.7841,0.7351,0.7841,0.7397,0.7841,0.7435,0.7825,0.7459,0.7815,0.7338,0.7841,0.737,0.7889,0.7355,0.7841,0.7404,0.7825,0.7376,0.7841,0.7326,0.7825,0.7841,0.7435,0.7843,0.7407,0.7841,0.7339,0.7841,0.7428,0.7851,0.7291,0.7859,0.7417,0.7841,0.7401,0.7859,0.7428,0.798,0.7372,0.7825,0.7254,0.8002,0.7338,0.7825,0.7386,0.7841,0.7289,0.7763,0.737,0.7841,0.7402,0.7825,0.7346,0.7841,0.7407,0.7825,0.7254,0.7825,0.7417,0.7825
0.7362,0.7841,0.7351,0.7841,0.7397,0.7841,0.7435,0.7825,0.7459,0.7815,0.7338,0.7841,0.737,0.7889,0.7355,0.7841,0.7404,0.7825,0.7376,0.7841,0.7326,0.7825,0.7841,0.7435,0.7843,0.7407,0.7841,0.7339,0.7841,0.7428,0.7851,0.7291,0.7859,0.7417,0.7841,0.7401,0.7859,0.7428,0.798,0.7372,0.7825,0.7254,0.8002,0.7338,0.7825,0.7386,0.7841,0.7289,0.7763,0.737,0.7841,0.7402,0.7825,0.7346,0.7841,0.7407,0.7825,0.7254,0.7825,0.7417,0.7825
0.7362,0.7841,0.7351,0.7841,0.7397,0.7841,0.7435,0.7825,0.7459,0.7815,0.7338,0.7841,0.737,0.7889,0.7355,0.7841,0.7404,0.7825,0.7376,0.7841,0.7326,0.7825,0.7841,0.7435,0.7843,0.7407,0.7841,0.7339,0.7841,0.7428,0.7851,0.7291,0.7859,0.7417,0.7841,0.7401,0.7859,0.7428,0.798,0.7372,0.7825,0.7254,0.8002,0.7338,0.7825,0.7386,0.7841,0.7289,0.7763,0.737,0.7841,0.7402,0.7825,0.7346,0.7841,0.7407,0.7825,0.7254,0.7825,0.7417,0.7825
0.7362,0.7841,0.7351,0.7841,0.7397,0.7841,0.7435,0.7825,0.7459,0.7815,0.7338,0.7841,0.737,0.7889,0.7355,0.7841,0.7404,0.7825,0.7376,0.7841,0.7326,0.7825,0.7841,0.7435,0.7843,0.7407,0.7841,0.7339,0.7841,0.7428,0.7851,0.7291,0.7859,0.7417,0.7841,0.7401,0.7859,0.7428,0.798,0.7372,0.7825,0.7254,0.8002,0.7338,0.7825,0.7386,0.7841,0.7289,0.7763,0.737,0.7841,0.7402,0.7825,0.7346,0.7841,0.7407,0.7825,0.7254,0.7825,0.7417,0.7825
0.7362,0.7841,0.7351,0.7841,0.7397,0.7841,0.7435,0.7825,0.7459,0.7815,0.7338,0.7841,0.737,0.7889,0.7355,0.7841,0.7404,0.7825,0.7376,0.7841,0.7326,0.7825,0.7841,0.7435,0.7859,0.7407,0.7841,0.7339,0.7841,0.7428,0.7851,0.7291,0.7859,0.7417,0.7841,0.7401,0.7859,0.7428,0.798,0.7372,0.7825,0.7254,0.8002,0.7338,0.7825,0.7386,0.7841,0.7289,0.7763,0.737,0.7841,0.7402,0.7825,0.7346,0.7841,0.7515,0.7825,0.7254,0.7825,0.7417,0.7825
0.7362,0.7841,0.7351,0.7841,0.7397,0.7841,0.7435,0.7825,0.7459,0.7815,0.7338,0.7841,0.737,0.7889,0.7355,0.7841,0.7404,0.7825,0.7376,0.7841,0.7326,0.7825,0.7841,0.7435,0.7859,0.7407,0.7841,0.7339,0.7841,0.7428,0.7851,0.7291,0.7859,0.7417,0.7841,0.7401,0.7859,0.7428,0.798,0.7372,0.7825,0.7254,0.8002,0.7338,0.7825,0.7386,0.7841,0.7289,0.7763,0.7459,0.7841,0.7402,0.7825,0.7346,0.7841,0.7515,0.7825,0.7254,0.7825,0.7417,0.7825
0.7362,0.7841,0.7351,0.7841,0.7397,0.7841,0.7435,0.7825,0.7459,0.7815,0.7338,0.7841,0.737,0.7889,0.7355,0.7841,0.7404,0.7825,0.7376,0.7841,0.7326,0.7825,0.7841,0.7435,0.7859,0.7407,0.7841,0.7339,0.7841,0.7428,0.7851,0.7291,0.7859,0.7417,0.7841,0.7401,0.7859,0.7428,0.798,0.7372,0.7825,0.7254,0.8002,0.7338,0.7825,0.7386,0.7841,0.7289,0.7763,0.7459,0.7841,0.7402,0.7825,0.7346,0.7841,0.7515,0.7825,0.7254,0.7825,0.7417,0.7825
0.7362,0.7841,0.7351,0.7841,0.7397,0.7841,0.7435,0.7825,0.7459,0.7815,0.7338,0.7841,0.737,0.7889,0.7355,0.7841,0.7404,0.7825,0.7376,0.7841,0.7326,0.7825,0.7841,0.7435,0.7859,0.7407,0.7841,0.7339,0.7841,0.7428,0.7851,0.7291,0.7859,0.7417,0.7841,0.7401,0.7859,0.7428,0.798,0.7372,0.7825,0.7254,0.8002,0.7338,0.7825,0.7386,0.7841,0.7289,0.7763,0.7459,0.7841,0.7402,0.7825,0.7346,0.7841,0.7515,0.7825,0.7254,0.7825,0.7417,0.7825
0.7362,0.7841,0.7351,0.7841,0.7397,0.7841,0.7435,0.7825,0.7459,0.7815,0.7338,0.7841,0.737,0.7889,0.7355,0.7841,0.7404,0.7825,0.7376,0.7841,0.7326,0.7825,0.7841,0.7435,0.7859,0.7407,0.7841,0.7339,0.7841,0.7428,0.7851,0.7291,0.7859,0.7417,0.7841,0.7401,0.7859,0.7428,0.798,0.7372,0.7825,0.7254,0.8002,0.7338,0.7825,0.7386,0.7841,0.7289,0.7763,0.7459,0.7841,0.7402,0.7825,0.7346,0.7841,0.7515,0.7825,0.7254,0.7825,0.7417,0.7825
0.7362,0.7841,0.7351,0.7841,0.7397,0.7841,0.7435,0.7825,0.7459,0.7815,0.7338,0.7841,0.737,0.7889,0.7355,0.7841,0.7404,0.7825,0.7376,0.7841,0.7326,0.7825,0.7841,0.7435,0.7859,0.7407,0.7841,0.7339,0.7841,0.7428,0.7851,0.7291,0.7859,0.7417,0.7841,0.7401,0.7859,0.7428,0.798,0.7372,0.7825,0.7254,0.8002,0.7338,0.7825,0.7386,0.7841,0.7289,0.7763,0.7459,0.7841,0.7402,0.7825,0.7346,0.7841,0.7515,0.7825,0.7254,0.7825,0.7417,0.7825
0.7362,0.7841,0.7351,0.7841,0.7397,0.7841,0.7435,0.7825,0.7459,0.7815,0.7338,0.7841,0.737,0.7889,0.7355,0.7841,0.7404,0.7825,0.7376,0.7841,0.7326,0.7825,0.7841,0.7435,0.7859,0.7407,0.7841,0.7339,0.7841,0.7428,0.7851,0.7291,0.7859,0.7417,0.7841,0.7401,0.7859,0.7428,0.798,0.7372,0.7825,0.7254,0.8002,0.7338,0.7825,0.7386,0.7841,0.7289,0.7763,0.7459,0.7841,0.7402,0.7825,0.7346,0.7841,0.7515,0.7825,0.7254,0.7825,0.7417,0.7825
0.7362,0.7841,0.7351,0.7841,0.7397,0.7841,0.7435,0.7825,0.7459,0.7815,0.7338,0.7841,0.737,0.7889,0.7355,0.7841,0.7404,0.7825,0.7376,0.7841,0.7326,0.7825,0.7841,0.7435,0.7859,0.7407,0.7841,0.7339,0.7841,0.7428,0.7851,0.7291,0.7859,0.7417,0.7841,0.7401,0.7859,0.7428,0.798,0.7372,0.7825,0.7254,0.8002,0.7338,0.7825,0.7386,0.7841,0.7289,0.7763,0.7459,0.7841,0.7402,0.7825,0.7346,0.7841,0.7515,0.7825,0.7254,0.7825,0.7417,0.7825
0.7362,0.7841,0.7351,0.7841,0.7397,0.7841,0.7435,0.7825,0.7459,0.7815,0.7338,0.7841,0.737,0.7889,0.7355,0.7841,0.7404,0.7825,0.7376,0.7841,0.7326,0.7825,0.7841,0.7435,0.7859,0.7407,0.7841,0.7339,0.7841,0.7428,0.7851,0.7291,0.7859,0.7417,0.7841,0.7401,0.7859,0.7428,0.798,0.7372,0.7825,0.7254,0.8002,0.7338,0.7841,0.7386,0.7841,0.7289,0.7763,0.7459,0.7841,0.7402,0.7825,0.7346,0.7841,0.7515,0.7825,0.7254,0.7825,0.7417,0.7825
0.7362,0.7841,0.7351,0.7841,0.7397,0.7841,0.7435,0.7825,0.7459,0.7815,0.7338,0.7841,0.737,0.7889,0.7355,0.7841,0.7404,0.7825,0.7376,0.7841,0.7326,0.7825,0.7841,0.7435,0.7859,0.7407,0.7841,0.7339,0.7841,0.7428,0.7851,0.7291,0.7859,0.7417,0.7841,0.7401,0.7859,0.7428,0.798,0.7372,0.7825,0.7254,0.8002,0.7338,0.7841,0.7386,0.7841,0.7289,0.7763,0.7459,0.7841,0.7402,0.7825,0.7346,0.7841,0.7515,0.7825,0.7254,0.7825,0.7417,0.7825
0.7362,0.7841,0.7351,0.7841,0.7397,0.7841,0.7435,0.7825,0.7459,0.7815,0.7338,0.7841,0.737,0.7889,0.7355,0.7841,0.7404,0.7825,0.7376,0.7841,0.7326,0.7825,0.7841,0.7435,0.7859,0.7407,0.7841,0.7339,0.7841,0.7428,0.7851,0.7291,0.7859,0.7417,0.7841,0.7401,0.7859,0.7428,0.798,0.7372,0.7825,0.7254,0.8002,0.7338,0.7841,0.7386,0.7841,0.7289,0.7763,0.7459,0.7841,0.7402,0.7825,0.7346,0.7841,0.7515,0.7825,0.7254,0.7825,0.7417,0.7825
0.7362,0.7841,0.7351,0.7841,0.7397,0.7841,0.7435,0.7825,0.7459,0.7815,0.7338,0.7841,0.737,0.7889,0.7355,0.7841,0.7404,0.7825,0.7376,0.7841,0.7326,0.7825,0.7841,0.7435,0.7859,0.7407,0.7841,0.7339,0.7841,0.7428,0.7851,0.7291,0.7859,0.7417,0.7841,0.7401,0.7859,0.7428,0.798,0.7372,0.7825,0.7254,0.8002,0.7338,0.7841,0.7386,0.7841,0.7289,0.7763,0.7459,0.7841,0.7402,0.7825,0.7346,0.7841,0.7515,0.7825,0.7254,0.7825,0.7417,0.7825
0.7362,0.7841,0.7351,0.7841,0.7397,0.7841,0.7435,0.7825,0.7459,0.7815,0.7338,0.7841,0.737,0.7889,0.7355,0.7841,0.7404,0.7825,0.7376,0.7841,0.7326,0.7825,0.7841,0.7435,0.7859,0.7407,0.7841,0.7339,0.7841,0.7428,0.7851,0.7291,0.7859,0.7417,0.7841,0.7401,0.7859,0.7428,0.798,0.7372,0.7825,0.7254,0.8002,0.7338,0.7841,0.7386,0.7841,0.7289,0.7763,0.7459,0.7841,0.7402,0.7825,0.7346,0.7841,0.7515,0.7825,0.7254,0.7825,0.7417,0.7825
0.7362,0.7841,0.7351,0.7841,0.7397,0.7841,0.7435,0.7825,0.7459,0.7815,0.7338,0.7841,0.737,0.7889,0.7355,0.7841,0.7404,0.7825,0.7376,0.7841,0.7326,0.7825,0.7841,0.7435,0.7859,0.7407,0.7841,0.7339,0.7841,0.7428,0.7851,0.7291,0.7859,0.7417,0.7841,0.7401,0.7859,0.7428,0.798,0.7372,0.7825,0.7254,0.8002,0.7338,0.7841,0.7386,0.7841,0.7289,0.7763,0.7459,0.7841,0.7402,0.7825,0.7346,0.7841,0.7515,0.7825,0.7254,0.7825,0.7417,0.7825
0.7362,0.7841,0.7351,0.7841,0.7397,0.7841,0.7435,0.7825,0.7459,0.7815,0.7338,0.7841,0.737,0.7889,0.7355,0.7841,0.7404,0.7825,0.7376,0.7841,0.7326,0.7825,0.7841,0.7435,0.7859,0.7407,0.7841,0.7339,0.7841,0.7428,0.7851,0.7291,0.7859,0.7417,0.7841,0.7401,0.7859,0.7428,0.798,0.7372,0.7825,0.7254,0.8002,0.7338,0.7841,0.7386,0.7841,0.7289,0.7763,0.7459,0.7841,0.7402,0.7825,0.7346,0.7841,0.7515,0.7825,0.7254,0.7825,0.7417,0.7825
0.7362,0.7841,0.7351,0.7841,0.7397,0.7841,0.7435,0.7825,0.7459,0.7815,0.7338,0.7841,0.737,0.7889,0.7355,0.7841,0.7404,0.7825,0.7376,0.7841,0.7326,0.7825,0.7841,0.7435,0.7859,0.7407,0.7841,0.7339,0.7841,0.7428,0.7851,0.7291,0.7859,0.7417,0.7841,0.7401,0.7859,0.7428,0.798,0.7372,0.7825,0.7254,0.8002,0.7338,0.7841,0.7386,0.7841,0.7289,0.7763,0.7459,0.7841,0.7402,0.7825,0.7346,0.7841,0.7515,0.7825,0.7254,0.7825,0.7417,0.7825
0.7362,0.7841,0.7351,0.7841,0.7397,0.7841,0.7435,0.7825,0.7459,0.7815,0.7338,0.7841,0.737,0.7889,0.7355,0.7841,0.7404,0.7825,0.7376,0.7841,0.7326,0.7825,0.7841,0.7435,0.7859,0.7407,0.7841,0.7339,0.7841,0.7428,0.7851,0.7291,0.7859,0.7417,0.7841,0.7401,0.7859,0.7428,0.798,0.7372,0.7825,0.7254,0.8002,0.7338,0.7841,0.7386,0.7841,0.7289,0.7763,0.7459,0.7841,0.7402,0.7825,0.7346,0.7841,0.7515,0.7825,0.7254,0.7825,0.7417,0.7825
0.7362,0.7841,0.7351,0.7841,0.7397,0.7841,0.7435,0.7825,0.7459,0.7815,0.7338,0.7841,0.737,0.7889,0.7355,0.7841,0.7404,0.7825,0.7376,0.7841,0.7326,0.7825,0.7841,0.7435,0.7859,0.7407,0.7841,0.7339,0.7859,0.7428,0.7851,0.7291,0.7859,0.7417,0.7841,0.7401,0.7859,0.7428,0.798,0.7372,0.7825,0.7254,0.8002,0.7338,0.7841,0.7386,0.7841,0.7289,0.7763,0.7459,0.7841,0.7402,0.7825,0.7346,0.7841,0.7515,0.7825,0.7254,0.7825,0.7417,0.7825
0.7362,0.7841,0.7351,0.7841,0.7397,0.7841,0.7435,0.7825,0.7459,0.7815,0.7338,0.7841,0.737,0.7889,0.7355,0.7841,0.7404,0.7825,0.7376,0.7841,0.7326,0.7825,0.7841,0.7435,0.7859,0.7407,0.7841,0.7339,0.7859,0.7428,0.7851,0.7291,0.7859,0.7417,0.7841,0.7401,0.7859,0.7428,0.798,0.7372,0.7825,0.7254,0.8002,0.7338,0.7841,0.7386,0.7841,0.7289,0.7763,0.7459,0.7841,0.7402,0.7825,0.7346,0.7841,0.7515,0.7825,0.7254,0.7825,0.7417,0.7825
0.7362,0.7841,0.7351,0.7841,0.7397,0.7841,0.7435,0.7825,0.7459,0.7815,0.7338,0.7841,0.737,0.7889,0.7355,0.7841,0.7404,0.7825,0.7376,0.7841,0.7326,0.7825,0.7841,0.7435,0.7859,0.7407,0.7841,0.7339,0.7859,0.7428,0.7851,0.7291,0.7859,0.7417,0.7841,0.7401,0.7859,0.7428,0.798,0.7372,0.7825,0.7254,0.8002,0.7338,0.7841,0.7386,0.7841,0.7289,0.7763,0.7459,0.7841,0.7402,0.7825,0.7346,0.7841,0.7515,0.7825,0.7254,0.7825,0.7417,0.7825
0.7362,0.7841,0.7351,0.7841,0.7397,0.7841,0.7435,0.7825,0.7459,0.7815,0.7338,0.7841,0.737,0.7889,0.7355,0.7841,0.7404,0.7825,0.7376,0.7841,0.7326,0.7825,0.7841,0.7435,0.7859,0.7407,0.7841,0.7339,0.7859,0.7428,0.7851,0.7291,0.7859,0.7417,0.7841,0.7401,0.7859,0.7428,0.798,0.7372,0.7825,0.7254,0.8002,0.7338,0.7841,0.7386,0.7841,0.7289,0.7763,0.7459,0.7841,0.7402,0.7825,0.7346,0.7841,0.7515,0.7825,0.7254,0.7825,0.7417,0.7825
0.7362,0.7841,0.7351,0.7841,0.7397,0.7841,0.7435,0.7825,0.7459,0.7815,0.7338,0.7841,0.737,0.7889,0.7355,0.7841,0.7404,0.7825,0.7376,0.7841,0.7326,0.7825,0.7841,0.7435,0.7859,0.7407,0.7841,0.7339,0.7859,0.7428,0.7851,0.7291,0.7859,0.7417,0.7841,0.7401,0.7859,0.7428,0.798,0.7372,0.7825,0.7254,0.8002,0.7338,0.7841,0.7386,0.7841,0.7289,0.7763,0.7459,0.7841,0.7402,0.7825,0.7346,0.7841,0.7515,0.7825,0.7254,0.8008,0.7417,0.7825
0.7362,0.7841,0.7351,0.7841,0.7397,0.7841,0.7435,0.7825,0.7459,0.7815,0.7338,0.7841,0.737,0.7889,0.7355,0.7841,0.7404,0.7825,0.7376,0.7841,0.7326,0.7825,0.7841,0.7435,0.7859,0.7407,0.7841,0.7381,0.7859,0.7428,0.7851,0.7291,0.7859,0.7417,0.7841,0.7401,0.7859,0.7428,0.798,0.7372,0.7825,0.7254,0.8002,0.7338,0.7841,0.7386,0.7841,0.7289,0.7763,0.7459,0.7841,0.7402,0.7825,0.7346,0.7841,0.7515,0.7825,0.7254,0.8008,0.7417,0.7825
0.7362,0.7841,0.7351,0.7841,0.7397,0.7841,0.7435,0.7825,0.7459,0.7815,0.7338,0.7841,0.737,0.7889,0.7355,0.7841,0.7404,0.7825,0.7376,0.7841,0.7326,0.7825,0.7841,0.7435,0.7859,0.7407,0.7841,0.7381,0.7859,0.7428,0.7851,0.7291,0.7859,0.7417,0.7841,0.7401,0.7859,0.7428,0.798,0.7372,0.7825,0.7254,0.8002,0.7338,0.7841,0.7386,0.7841,0.7289,0.7763,0.7459,0.7841,0.7402,0.7825,0.7346,0.7841,0.7515,0.7825,0.7254,0.8008,0.7417,0.7825
0.7362,0.7841,0.7351,0.7841,0.7397,0.7841,0.7435,0.7825,0.7459,0.7815,0.7338,0.7841,0.737,0.7889,0.7355,0.7841,0.7404,0.7825,0.7376,0.7841,0.7326,0.7825,0.7841,0.7435,0.7859,0.7407,0.7841,0.7381,0.7859,0.7428,0.7851,0.7291,0.7859,0.7417,0.7841,0.7401,0.7859,0.7428,0.798,0.7372,0.7825,0.7254,0.8002,0.7338,0.7841,0.7386,0.7841,0.7289,0.7763,0.7459,0.7841,0.7402,0.7825,0.7346,0.7841,0.7515,0.7825,0.7254,0.8008,0.7417,0.7825
0.7362,0.7841,0.7351,0.7841,0.7397,0.7841,0.7435,0.7825,0.7459,0.7815,0.7338,0.7841,0.737,0.7889,0.7355,0.7841,0.7404,0.7825,0.7376,0.7841,0.7326,0.7825,0.7841,0.7435,0.7859,0.7407,0.7841,0.7381,0.7859,0.7428,0.7851,0.7291,0.7859,0.7417,0.7841,0.7401,0.7859,0.7428,0.798,0.7372,0.7825,0.7254,0.8002,0.7338,0.7841,0.7386,0.7841,0.7289,0.7763,0.7459,0.7841,0.7402,0.7825,0.7346,0.7841,0.7515,0.7825,0.7254,0.8008,0.7417,0.7825
0.7362,0.7841,0.7351,0.7841,0.7397,0.7841,0.7435,0.7825,0.7459,0.7815,0.7338,0.7841,0.737,0.7889,0.7355,0.7841,0.7404,0.7825,0.7376,0.7841,0.7326,0.7825,0.7841,0.7435,0.7859,0.7407,0.7841,0.7381,0.7859,0.7428,0.7869,0.7291,0.7859,0.7417,0.7841,0.7401,0.7859,0.7428,0.798,0.7372,0.7825,0.7257,0.8002,0.7338,0.7841,0.7386,0.7841,0.7289,0.7763,0.7459,0.7841,0.7402,0.7825,0.7346,0.7841,0.7515,0.7825,0.7254,0.8008,0.7417,0.7825
0.7362,0.7841,0.7351,0.7841,0.7397,0.7841,0.7435,0.7825,0.7459,0.7815,0.7338,0.7841,0.737,0.7889,0.7355,0.7841,0.7404,0.7825,0.7376,0.7841,0.7326,0.7825,0.7841,0.7435,0.7859,0.7407,0.7841,0.7381,0.7859,0.7428,0.7869,0.7291,0.7859,0.7417,0.7841,0.7401,0.7859,0.7428,0.798,0.7372,0.7825,0.7257,0.8002,0.7338,0.7841,0.7386,0.7841,0.7289,0.7763,0.7459,0.7841,0.7402,0.7825,0.7346,0.7841,0.7515,0.7825,0.7254,0.8008,0.7417,0.7825
0.7362,0.7841,0.7351,0.7841,0.7397,0.7841,0.7435,0.7825,0.7459,0.7815,0.7338,0.7841,0.737,0.7889,0.7355,0.7841,0.7404,0.7825,0.7376,0.7841,0.7326,0.7825,0.7841,0.7435,0.7859,0.7407,0.7841,0.7381,0.7859,0.7428,0.7869,0.7291,0.7859,0.7417,0.7841,0.7401,0.7869,0.7428,0.798,0.7372,0.7825,0.7257,0.8002,0.7338,0.7841,0.7386,0.7841,0.7289,0.7763,0.7459,0.7841,0.7402,0.7825,0.7346,0.7841,0.7515,0.7825,0.7254,0.8008,0.7417,0.7825
0.7362,0.7841,0.7351,0.7841,0.7397,0.7841,0.7435,0.7825,0.7459,0.7815,0.7338,0.7841,0.737,0.7889,0.7355,0.7841,0.7404,0.7825,0.7376,0.7841,0.7326,0.7825,0.7841,0.7435,0.7859,0.7407,0.7841,0.7381,0.7859,0.7428,0.7869,0.7291,0.7859,0.7417,0.7841,0.7401,0.7869,0.7428,0.798,0.7372,0.7825,0.7257,0.8002,0.7338,0.7841,0.7386,0.7841,0.7289,0.7763,0.7459,0.7841,0.7402,0.7825,0.7346,0.7841,0.7515,0.7825,0.7254,0.8008,0.7417,0.7825
0.7362,0.7841,0.7351,0.7841,0.7397,0.7841,0.7435,0.7825,0.7459,0.7815,0.7338,0.7841,0.737,0.7889,0.7355,0.7841,0.7404,0.7825,0.7376,0.7841,0.7326,0.7825,0.7841,0.7435,0.7859,0.7407,0.7841,0.7381,0.7859,0.7428,0.7869,0.7291,0.7859,0.7417,0.7841,0.7401,0.7869,0.7428,0.798,0.7372,0.7825,0.7257,0.8002,0.7338,0.7841,0.7386,0.7841,0.7289,0.7763,0.7459,0.7841,0.7402,0.7825,0.7346,0.7841,0.7515,0.7825,0.7254,0.8008,0.7417,0.7825
